published_date,timestamp,open,high,low,close,per_change,traded_quantity,traded_amount,status
2026-04-08,2026-04-08 11:00:00,1020.0,1044.0,1020.0,1023.33,0.33,93.04,102122.8,1
2026-04-08,2026-04-08 11:10:00,1023.33,1026.67,1023.33,1026.67,0.33,93.04,102122.8,1
2026-04-08,2026-04-08 11:20:00,1026.67,1030.0,1026.67,1030.0,0.32,93.04,102122.8,1
2026-04-08,2026-04-08 11:30:00,1030.0,1033.33,1030.0,1033.33,0.32,93.04,102122.8,1
2026-04-08,2026-04-08 11:40:00,1033.33,1036.67,1033.33,1036.67,0.32,93.04,102122.8,1
2026-04-08,2026-04-08 11:50:00,1036.67,1040.0,1036.67,1040.0,0.32,93.04,102122.8,1
2026-04-08,2026-04-08 12:00:00,1040.0,1043.33,1040.0,1043.33,0.32,93.04,102122.8,1
2026-04-08,2026-04-08 12:10:00,1043.33,1046.67,1043.33,1046.67,0.32,93.04,102122.8,1
2026-04-08,2026-04-08 12:20:00,1046.67,1050.0,1046.67,1050.0,0.32,93.04,102122.8,1
2026-04-08,2026-04-08 12:30:00,1050.0,1053.33,1050.0,1053.33,0.32,93.04,102122.8,1
2026-04-08,2026-04-08 12:40:00,1053.33,1056.67,1053.33,1056.67,0.32,93.04,102122.8,1
2026-04-08,2026-04-08 12:50:00,1056.67,1060.0,1056.67,1060.0,0.32,93.04,102122.8,1
2026-04-08,2026-04-08 13:00:00,1060.0,1100.0,1020.0,1063.33,0.31,93.04,102122.8,1
2026-04-08,2026-04-08 13:10:00,1063.33,1066.67,1063.33,1066.67,0.31,93.04,102122.8,1
2026-04-08,2026-04-08 13:20:00,1066.67,1070.0,1066.67,1070.0,0.31,93.04,102122.8,1
2026-04-08,2026-04-08 13:30:00,1070.0,1073.33,1070.0,1073.33,0.31,93.04,102122.8,1
2026-04-08,2026-04-08 13:40:00,1073.33,1076.67,1073.33,1076.67,0.31,93.04,102122.8,1
2026-04-08,2026-04-08 13:50:00,1076.67,1080.0,1076.67,1080.0,0.31,93.04,102122.8,1
2026-04-08,2026-04-08 14:00:00,1080.0,1083.33,1080.0,1083.33,0.31,93.04,102122.8,1
2026-04-08,2026-04-08 14:10:00,1083.33,1086.67,1083.33,1086.67,0.31,93.04,102122.8,1
2026-04-08,2026-04-08 14:20:00,1086.67,1090.0,1086.67,1090.0,0.31,93.04,102122.8,1
2026-04-08,2026-04-08 14:30:00,1090.0,1093.33,1090.0,1093.33,0.31,93.04,102122.8,1
2026-04-08,2026-04-08 14:40:00,1093.33,1096.67,1093.33,1096.67,0.31,93.04,102122.8,1
2026-04-08,2026-04-08 14:50:00,1096.67,1100.0,1096.67,1100.0,0.3,93.04,102122.8,1
2026-04-08,2026-04-08 15:00:00,1100.0,1100.0,1020.0,1100.0,0.0,93.04,102122.8,0
2026-04-09,2026-04-09 11:00:00,1078.0,1084.9,1078.0,1078.5,0.05,88.0,96302.46,1
2026-04-09,2026-04-09 11:10:00,1078.5,1079.0,1078.5,1079.0,0.05,88.0,96302.46,1
2026-04-09,2026-04-09 11:20:00,1079.0,1079.5,1079.0,1079.5,0.05,88.0,96302.46,1
2026-04-09,2026-04-09 11:30:00,1079.5,1080.0,1079.5,1080.0,0.05,88.0,96302.46,1
2026-04-09,2026-04-09 11:40:00,1080.0,1080.5,1080.0,1080.5,0.05,88.0,96302.46,1
2026-04-09,2026-04-09 11:50:00,1080.5,1081.0,1080.5,1081.0,0.05,88.0,96302.46,1
2026-04-09,2026-04-09 12:00:00,1081.0,1081.5,1081.0,1081.5,0.05,88.0,96302.46,1
2026-04-09,2026-04-09 12:10:00,1081.5,1082.0,1081.5,1082.0,0.05,88.0,96302.46,1
2026-04-09,2026-04-09 12:20:00,1082.0,1082.5,1082.0,1082.5,0.05,88.0,96302.46,1
2026-04-09,2026-04-09 12:30:00,1082.5,1083.0,1082.5,1083.0,0.05,88.0,96302.46,1
2026-04-09,2026-04-09 12:40:00,1083.0,1083.5,1083.0,1083.5,0.05,88.0,96302.46,1
2026-04-09,2026-04-09 12:50:00,1083.5,1084.0,1083.5,1084.0,0.05,88.0,96302.46,1
2026-04-09,2026-04-09 13:00:00,1084.0,1101.0,1078.0,1084.5,0.05,88.0,96302.46,1
2026-04-09,2026-04-09 13:10:00,1084.5,1085.0,1084.5,1085.0,0.05,88.0,96302.46,1
2026-04-09,2026-04-09 13:20:00,1085.0,1085.5,1085.0,1085.5,0.05,88.0,96302.46,1
2026-04-09,2026-04-09 13:30:00,1085.5,1086.0,1085.5,1086.0,0.05,88.0,96302.46,1
2026-04-09,2026-04-09 13:40:00,1086.0,1086.5,1086.0,1086.5,0.05,88.0,96302.46,1
2026-04-09,2026-04-09 13:50:00,1086.5,1087.0,1086.5,1087.0,0.05,88.0,96302.46,1
2026-04-09,2026-04-09 14:00:00,1087.0,1087.5,1087.0,1087.5,0.05,88.0,96302.46,1
2026-04-09,2026-04-09 14:10:00,1087.5,1088.0,1087.5,1088.0,0.05,88.0,96302.46,1
2026-04-09,2026-04-09 14:20:00,1088.0,1088.5,1088.0,1088.5,0.05,88.0,96302.46,1
2026-04-09,2026-04-09 14:30:00,1088.5,1089.0,1088.5,1089.0,0.05,88.0,96302.46,1
2026-04-09,2026-04-09 14:40:00,1089.0,1089.5,1089.0,1089.5,0.05,88.0,96302.46,1
2026-04-09,2026-04-09 14:50:00,1089.5,1090.0,1089.5,1090.0,0.05,88.0,96302.46,1
2026-04-09,2026-04-09 15:00:00,1090.0,1101.0,1078.0,1090.0,0.0,88.0,96302.46,0
2026-04-10,2026-04-10 11:00:00,1080.0,1084.5,1080.0,1080.46,0.04,33.4,36386.5,1
2026-04-10,2026-04-10 11:10:00,1080.46,1080.92,1080.46,1080.92,0.04,33.4,36386.5,1
2026-04-10,2026-04-10 11:20:00,1080.92,1081.38,1080.92,1081.38,0.04,33.4,36386.5,1
2026-04-10,2026-04-10 11:30:00,1081.38,1081.83,1081.38,1081.83,0.04,33.4,36386.5,1
2026-04-10,2026-04-10 11:40:00,1081.83,1082.29,1081.83,1082.29,0.04,33.4,36386.5,1
2026-04-10,2026-04-10 11:50:00,1082.29,1082.75,1082.29,1082.75,0.04,33.4,36386.5,1
2026-04-10,2026-04-10 12:00:00,1082.75,1083.21,1082.75,1083.21,0.04,33.4,36386.5,1
2026-04-10,2026-04-10 12:10:00,1083.21,1083.67,1083.21,1083.67,0.04,33.4,36386.5,1
2026-04-10,2026-04-10 12:20:00,1083.67,1084.12,1083.67,1084.12,0.04,33.4,36386.5,1
2026-04-10,2026-04-10 12:30:00,1084.12,1084.58,1084.12,1084.58,0.04,33.4,36386.5,1
2026-04-10,2026-04-10 12:40:00,1084.58,1085.04,1084.58,1085.04,0.04,33.4,36386.5,1
2026-04-10,2026-04-10 12:50:00,1085.04,1085.5,1085.04,1085.5,0.04,33.4,36386.5,1
2026-04-10,2026-04-10 13:00:00,1085.5,1095.0,1080.0,1085.96,0.04,33.4,36386.5,1
2026-04-10,2026-04-10 13:10:00,1085.96,1086.42,1085.96,1086.42,0.04,33.4,36386.5,1
2026-04-10,2026-04-10 13:20:00,1086.42,1086.88,1086.42,1086.88,0.04,33.4,36386.5,1
2026-04-10,2026-04-10 13:30:00,1086.88,1087.33,1086.88,1087.33,0.04,33.4,36386.5,1
2026-04-10,2026-04-10 13:40:00,1087.33,1087.79,1087.33,1087.79,0.04,33.4,36386.5,1
2026-04-10,2026-04-10 13:50:00,1087.79,1088.25,1087.79,1088.25,0.04,33.4,36386.5,1
2026-04-10,2026-04-10 14:00:00,1088.25,1088.71,1088.25,1088.71,0.04,33.4,36386.5,1
2026-04-10,2026-04-10 14:10:00,1088.71,1089.17,1088.71,1089.17,0.04,33.4,36386.5,1
2026-04-10,2026-04-10 14:20:00,1089.17,1089.62,1089.17,1089.62,0.04,33.4,36386.5,1
2026-04-10,2026-04-10 14:30:00,1089.62,1090.08,1089.62,1090.08,0.04,33.4,36386.5,1
2026-04-10,2026-04-10 14:40:00,1090.08,1090.54,1090.08,1090.54,0.04,33.4,36386.5,1
2026-04-10,2026-04-10 14:50:00,1090.54,1091.0,1090.54,1091.0,0.04,33.4,36386.5,1
2026-04-10,2026-04-10 15:00:00,1091.0,1095.0,1080.0,1091.0,0.0,33.4,36386.5,0
2026-04-13,2026-04-13 11:00:00,1084.0,1086.25,1084.0,1084.16,0.01,47.04,51223.75,1
2026-04-13,2026-04-13 11:10:00,1084.16,1084.32,1084.16,1084.32,0.01,47.04,51223.75,1
2026-04-13,2026-04-13 11:20:00,1084.32,1084.47,1084.32,1084.47,0.01,47.04,51223.75,1
2026-04-13,2026-04-13 11:30:00,1084.47,1084.63,1084.47,1084.63,0.01,47.04,51223.75,1
2026-04-13,2026-04-13 11:40:00,1084.63,1084.79,1084.63,1084.79,0.01,47.04,51223.75,1
2026-04-13,2026-04-13 11:50:00,1084.79,1084.95,1084.79,1084.95,0.01,47.04,51223.75,1
2026-04-13,2026-04-13 12:00:00,1084.95,1085.11,1084.95,1085.11,0.01,47.04,51223.75,1
2026-04-13,2026-04-13 12:10:00,1085.11,1085.27,1085.11,1085.27,0.01,47.04,51223.75,1
2026-04-13,2026-04-13 12:20:00,1085.27,1085.42,1085.27,1085.42,0.01,47.04,51223.75,1
2026-04-13,2026-04-13 12:30:00,1085.42,1085.58,1085.42,1085.58,0.01,47.04,51223.75,1
2026-04-13,2026-04-13 12:40:00,1085.58,1085.74,1085.58,1085.74,0.01,47.04,51223.75,1
2026-04-13,2026-04-13 12:50:00,1085.74,1085.9,1085.74,1085.9,0.01,47.04,51223.75,1
2026-04-13,2026-04-13 13:00:00,1085.9,1091.5,1084.0,1086.06,0.01,47.04,51223.75,1
2026-04-13,2026-04-13 13:10:00,1086.06,1086.22,1086.06,1086.22,0.01,47.04,51223.75,1
2026-04-13,2026-04-13 13:20:00,1086.22,1086.38,1086.22,1086.38,0.01,47.04,51223.75,1
2026-04-13,2026-04-13 13:30:00,1086.38,1086.53,1086.38,1086.53,0.01,47.04,51223.75,1
2026-04-13,2026-04-13 13:40:00,1086.53,1086.69,1086.53,1086.69,0.01,47.04,51223.75,1
2026-04-13,2026-04-13 13:50:00,1086.69,1086.85,1086.69,1086.85,0.01,47.04,51223.75,1
2026-04-13,2026-04-13 14:00:00,1086.85,1087.01,1086.85,1087.01,0.01,47.04,51223.75,1
2026-04-13,2026-04-13 14:10:00,1087.01,1087.17,1087.01,1087.17,0.01,47.04,51223.75,1
2026-04-13,2026-04-13 14:20:00,1087.17,1087.33,1087.17,1087.33,0.01,47.04,51223.75,1
2026-04-13,2026-04-13 14:30:00,1087.33,1087.48,1087.33,1087.48,0.01,47.04,51223.75,1
2026-04-13,2026-04-13 14:40:00,1087.48,1087.64,1087.48,1087.64,0.01,47.04,51223.75,1
2026-04-13,2026-04-13 14:50:00,1087.64,1087.8,1087.64,1087.8,0.01,47.04,51223.75,1
2026-04-13,2026-04-13 15:00:00,1087.8,1091.5,1084.0,1087.8,0.0,47.04,51223.75,0
2026-04-15,2026-04-15 11:00:00,1087.0,1089.4,1087.0,1087.12,0.01,37.2,40581.36,1
2026-04-15,2026-04-15 11:10:00,1087.12,1087.25,1087.12,1087.25,0.01,37.2,40581.36,1
2026-04-15,2026-04-15 11:20:00,1087.25,1087.38,1087.25,1087.38,0.01,37.2,40581.36,1
2026-04-15,2026-04-15 11:30:00,1087.38,1087.5,1087.38,1087.5,0.01,37.2,40581.36,1
2026-04-15,2026-04-15 11:40:00,1087.5,1087.62,1087.5,1087.62,0.01,37.2,40581.36,1
2026-04-15,2026-04-15 11:50:00,1087.62,1087.75,1087.62,1087.75,0.01,37.2,40581.36,1
2026-04-15,2026-04-15 12:00:00,1087.75,1087.88,1087.75,1087.88,0.01,37.2,40581.36,1
2026-04-15,2026-04-15 12:10:00,1087.88,1088.0,1087.88,1088.0,0.01,37.2,40581.36,1
2026-04-15,2026-04-15 12:20:00,1088.0,1088.12,1088.0,1088.12,0.01,37.2,40581.36,1
2026-04-15,2026-04-15 12:30:00,1088.12,1088.25,1088.12,1088.25,0.01,37.2,40581.36,1
2026-04-15,2026-04-15 12:40:00,1088.25,1088.38,1088.25,1088.38,0.01,37.2,40581.36,1
2026-04-15,2026-04-15 12:50:00,1088.38,1088.5,1088.38,1088.5,0.01,37.2,40581.36,1
2026-04-15,2026-04-15 13:00:00,1088.5,1095.0,1087.0,1088.62,0.01,37.2,40581.36,1
2026-04-15,2026-04-15 13:10:00,1088.62,1088.75,1088.62,1088.75,0.01,37.2,40581.36,1
2026-04-15,2026-04-15 13:20:00,1088.75,1088.88,1088.75,1088.88,0.01,37.2,40581.36,1
2026-04-15,2026-04-15 13:30:00,1088.88,1089.0,1088.88,1089.0,0.01,37.2,40581.36,1
2026-04-15,2026-04-15 13:40:00,1089.0,1089.12,1089.0,1089.12,0.01,37.2,40581.36,1
2026-04-15,2026-04-15 13:50:00,1089.12,1089.25,1089.12,1089.25,0.01,37.2,40581.36,1
2026-04-15,2026-04-15 14:00:00,1089.25,1089.38,1089.25,1089.38,0.01,37.2,40581.36,1
2026-04-15,2026-04-15 14:10:00,1089.38,1089.5,1089.38,1089.5,0.01,37.2,40581.36,1
2026-04-15,2026-04-15 14:20:00,1089.5,1089.62,1089.5,1089.62,0.01,37.2,40581.36,1
2026-04-15,2026-04-15 14:30:00,1089.62,1089.75,1089.62,1089.75,0.01,37.2,40581.36,1
2026-04-15,2026-04-15 14:40:00,1089.75,1089.88,1089.75,1089.88,0.01,37.2,40581.36,1
2026-04-15,2026-04-15 14:50:00,1089.88,1090.0,1089.88,1090.0,0.01,37.2,40581.36,1
2026-04-15,2026-04-15 15:00:00,1090.0,1095.0,1087.0,1090.0,0.0,37.2,40581.36,0
2026-04-16,2026-04-16 11:00:00,1089.0,1095.3,1086.45,1089.04,0.0,92.04,101017.89,1
2026-04-16,2026-04-16 11:10:00,1089.04,1089.08,1089.04,1089.08,0.0,92.04,101017.89,1
2026-04-16,2026-04-16 11:20:00,1089.08,1089.12,1089.08,1089.12,0.0,92.04,101017.89,1
2026-04-16,2026-04-16 11:30:00,1089.12,1089.17,1089.12,1089.17,0.0,92.04,101017.89,1
2026-04-16,2026-04-16 11:40:00,1089.17,1089.21,1089.17,1089.21,0.0,92.04,101017.89,1
2026-04-16,2026-04-16 11:50:00,1089.21,1089.25,1089.21,1089.25,0.0,92.04,101017.89,1
2026-04-16,2026-04-16 12:00:00,1089.25,1089.29,1089.25,1089.29,0.0,92.04,101017.89,1
2026-04-16,2026-04-16 12:10:00,1089.29,1089.33,1089.29,1089.33,0.0,92.04,101017.89,1
2026-04-16,2026-04-16 12:20:00,1089.33,1089.38,1089.33,1089.38,0.0,92.04,101017.89,1
2026-04-16,2026-04-16 12:30:00,1089.38,1089.42,1089.38,1089.42,0.0,92.04,101017.89,1
2026-04-16,2026-04-16 12:40:00,1089.42,1089.46,1089.42,1089.46,0.0,92.04,101017.89,1
2026-04-16,2026-04-16 12:50:00,1089.46,1089.5,1089.46,1089.5,0.0,92.04,101017.89,1
2026-04-16,2026-04-16 13:00:00,1089.5,1110.0,1080.5,1089.54,0.0,92.04,101017.89,1
2026-04-16,2026-04-16 13:10:00,1089.54,1089.58,1089.54,1089.58,0.0,92.04,101017.89,1
2026-04-16,2026-04-16 13:20:00,1089.58,1089.62,1089.58,1089.62,0.0,92.04,101017.89,1
2026-04-16,2026-04-16 13:30:00,1089.62,1089.67,1089.62,1089.67,0.0,92.04,101017.89,1
2026-04-16,2026-04-16 13:40:00,1089.67,1089.71,1089.67,1089.71,0.0,92.04,101017.89,1
2026-04-16,2026-04-16 13:50:00,1089.71,1089.75,1089.71,1089.75,0.0,92.04,101017.89,1
2026-04-16,2026-04-16 14:00:00,1089.75,1089.79,1089.75,1089.79,0.0,92.04,101017.89,1
2026-04-16,2026-04-16 14:10:00,1089.79,1089.83,1089.79,1089.83,0.0,92.04,101017.89,1
2026-04-16,2026-04-16 14:20:00,1089.83,1089.88,1089.83,1089.88,0.0,92.04,101017.89,1
2026-04-16,2026-04-16 14:30:00,1089.88,1089.92,1089.88,1089.92,0.0,92.04,101017.89,1
2026-04-16,2026-04-16 14:40:00,1089.92,1089.96,1089.92,1089.96,0.0,92.04,101017.89,1
2026-04-16,2026-04-16 14:50:00,1089.96,1090.0,1089.96,1090.0,0.0,92.04,101017.89,1
2026-04-16,2026-04-16 15:00:00,1090.0,1110.0,1080.5,1090.0,0.0,92.04,101017.89,0
2026-04-17,2026-04-17 11:00:00,1082.1,1087.44,1082.1,1082.43,0.03,31.0,33809.7,1
2026-04-17,2026-04-17 11:10:00,1082.43,1082.76,1082.43,1082.76,0.03,31.0,33809.7,1
2026-04-17,2026-04-17 11:20:00,1082.76,1083.09,1082.76,1083.09,0.03,31.0,33809.7,1
2026-04-17,2026-04-17 11:30:00,1083.09,1083.42,1083.09,1083.42,0.03,31.0,33809.7,1
2026-04-17,2026-04-17 11:40:00,1083.42,1083.75,1083.42,1083.75,0.03,31.0,33809.7,1
2026-04-17,2026-04-17 11:50:00,1083.75,1084.07,1083.75,1084.07,0.03,31.0,33809.7,1
2026-04-17,2026-04-17 12:00:00,1084.07,1084.4,1084.07,1084.4,0.03,31.0,33809.7,1
2026-04-17,2026-04-17 12:10:00,1084.4,1084.73,1084.4,1084.73,0.03,31.0,33809.7,1
2026-04-17,2026-04-17 12:20:00,1084.73,1085.06,1084.73,1085.06,0.03,31.0,33809.7,1
2026-04-17,2026-04-17 12:30:00,1085.06,1085.39,1085.06,1085.39,0.03,31.0,33809.7,1
2026-04-17,2026-04-17 12:40:00,1085.39,1085.72,1085.39,1085.72,0.03,31.0,33809.7,1
2026-04-17,2026-04-17 12:50:00,1085.72,1086.05,1085.72,1086.05,0.03,31.0,33809.7,1
2026-04-17,2026-04-17 13:00:00,1086.05,1099.9,1082.1,1086.38,0.03,31.0,33809.7,1
2026-04-17,2026-04-17 13:10:00,1086.38,1086.71,1086.38,1086.71,0.03,31.0,33809.7,1
2026-04-17,2026-04-17 13:20:00,1086.71,1087.04,1086.71,1087.04,0.03,31.0,33809.7,1
2026-04-17,2026-04-17 13:30:00,1087.04,1087.37,1087.04,1087.37,0.03,31.0,33809.7,1
2026-04-17,2026-04-17 13:40:00,1087.37,1087.7,1087.37,1087.7,0.03,31.0,33809.7,1
2026-04-17,2026-04-17 13:50:00,1087.7,1088.03,1087.7,1088.03,0.03,31.0,33809.7,1
2026-04-17,2026-04-17 14:00:00,1088.03,1088.35,1088.03,1088.35,0.03,31.0,33809.7,1
2026-04-17,2026-04-17 14:10:00,1088.35,1088.68,1088.35,1088.68,0.03,31.0,33809.7,1
2026-04-17,2026-04-17 14:20:00,1088.68,1089.01,1088.68,1089.01,0.03,31.0,33809.7,1
2026-04-17,2026-04-17 14:30:00,1089.01,1089.34,1089.01,1089.34,0.03,31.0,33809.7,1
2026-04-17,2026-04-17 14:40:00,1089.34,1089.67,1089.34,1089.67,0.03,31.0,33809.7,1
2026-04-17,2026-04-17 14:50:00,1089.67,1090.0,1089.67,1090.0,0.03,31.0,33809.7,1
2026-04-17,2026-04-17 15:00:00,1090.0,1099.9,1082.1,1090.0,0.0,31.0,33809.7,0
2026-04-20,2026-04-20 11:00:00,1083.0,1084.8,1083.0,1083.1,0.01,11.0,11943.0,1
2026-04-20,2026-04-20 11:10:00,1083.1,1083.21,1083.1,1083.21,0.01,11.0,11943.0,1
2026-04-20,2026-04-20 11:20:00,1083.21,1083.31,1083.21,1083.31,0.01,11.0,11943.0,1
2026-04-20,2026-04-20 11:30:00,1083.31,1083.42,1083.31,1083.42,0.01,11.0,11943.0,1
2026-04-20,2026-04-20 11:40:00,1083.42,1083.52,1083.42,1083.52,0.01,11.0,11943.0,1
2026-04-20,2026-04-20 11:50:00,1083.52,1083.62,1083.52,1083.62,0.01,11.0,11943.0,1
2026-04-20,2026-04-20 12:00:00,1083.62,1083.73,1083.62,1083.73,0.01,11.0,11943.0,1
2026-04-20,2026-04-20 12:10:00,1083.73,1083.83,1083.73,1083.83,0.01,11.0,11943.0,1
2026-04-20,2026-04-20 12:20:00,1083.83,1083.94,1083.83,1083.94,0.01,11.0,11943.0,1
2026-04-20,2026-04-20 12:30:00,1083.94,1084.04,1083.94,1084.04,0.01,11.0,11943.0,1
2026-04-20,2026-04-20 12:40:00,1084.04,1084.15,1084.04,1084.15,0.01,11.0,11943.0,1
2026-04-20,2026-04-20 12:50:00,1084.15,1084.25,1084.15,1084.25,0.01,11.0,11943.0,1
2026-04-20,2026-04-20 13:00:00,1084.25,1089.0,1083.0,1084.35,0.01,11.0,11943.0,1
2026-04-20,2026-04-20 13:10:00,1084.35,1084.46,1084.35,1084.46,0.01,11.0,11943.0,1
2026-04-20,2026-04-20 13:20:00,1084.46,1084.56,1084.46,1084.56,0.01,11.0,11943.0,1
2026-04-20,2026-04-20 13:30:00,1084.56,1084.67,1084.56,1084.67,0.01,11.0,11943.0,1
2026-04-20,2026-04-20 13:40:00,1084.67,1084.77,1084.67,1084.77,0.01,11.0,11943.0,1
2026-04-20,2026-04-20 13:50:00,1084.77,1084.88,1084.77,1084.88,0.01,11.0,11943.0,1
2026-04-20,2026-04-20 14:00:00,1084.88,1084.98,1084.88,1084.98,0.01,11.0,11943.0,1
2026-04-20,2026-04-20 14:10:00,1084.98,1085.08,1084.98,1085.08,0.01,11.0,11943.0,1
2026-04-20,2026-04-20 14:20:00,1085.08,1085.19,1085.08,1085.19,0.01,11.0,11943.0,1
2026-04-20,2026-04-20 14:30:00,1085.19,1085.29,1085.19,1085.29,0.01,11.0,11943.0,1
2026-04-20,2026-04-20 14:40:00,1085.29,1085.4,1085.29,1085.4,0.01,11.0,11943.0,1
2026-04-20,2026-04-20 14:50:00,1085.4,1085.5,1085.4,1085.5,0.01,11.0,11943.0,1
2026-04-20,2026-04-20 15:00:00,1085.5,1089.0,1083.0,1085.5,0.0,11.0,11943.0,0
2026-04-21,2026-04-21 11:00:00,1076.6,1080.89,1076.6,1076.91,0.03,17.0,18451.83,1
2026-04-21,2026-04-21 11:10:00,1076.91,1077.22,1076.91,1077.22,0.03,17.0,18451.83,1
2026-04-21,2026-04-21 11:20:00,1077.22,1077.54,1077.22,1077.54,0.03,17.0,18451.83,1
2026-04-21,2026-04-21 11:30:00,1077.54,1077.85,1077.54,1077.85,0.03,17.0,18451.83,1
2026-04-21,2026-04-21 11:40:00,1077.85,1078.16,1077.85,1078.16,0.03,17.0,18451.83,1
2026-04-21,2026-04-21 11:50:00,1078.16,1078.47,1078.16,1078.47,0.03,17.0,18451.83,1
2026-04-21,2026-04-21 12:00:00,1078.47,1078.79,1078.47,1078.79,0.03,17.0,18451.83,1
2026-04-21,2026-04-21 12:10:00,1078.79,1079.1,1078.79,1079.1,0.03,17.0,18451.83,1
2026-04-21,2026-04-21 12:20:00,1079.1,1079.41,1079.1,1079.41,0.03,17.0,18451.83,1
2026-04-21,2026-04-21 12:30:00,1079.41,1079.72,1079.41,1079.72,0.03,17.0,18451.83,1
2026-04-21,2026-04-21 12:40:00,1079.72,1080.04,1079.72,1080.04,0.03,17.0,18451.83,1
2026-04-21,2026-04-21 12:50:00,1080.04,1080.35,1080.04,1080.35,0.03,17.0,18451.83,1
2026-04-21,2026-04-21 13:00:00,1080.35,1090.9,1076.6,1080.66,0.03,17.0,18451.83,1
2026-04-21,2026-04-21 13:10:00,1080.66,1080.97,1080.66,1080.97,0.03,17.0,18451.83,1
2026-04-21,2026-04-21 13:20:00,1080.97,1081.29,1080.97,1081.29,0.03,17.0,18451.83,1
2026-04-21,2026-04-21 13:30:00,1081.29,1081.6,1081.29,1081.6,0.03,17.0,18451.83,1
2026-04-21,2026-04-21 13:40:00,1081.6,1081.91,1081.6,1081.91,0.03,17.0,18451.83,1
2026-04-21,2026-04-21 13:50:00,1081.91,1082.22,1081.91,1082.22,0.03,17.0,18451.83,1
2026-04-21,2026-04-21 14:00:00,1082.22,1082.54,1082.22,1082.54,0.03,17.0,18451.83,1
2026-04-21,2026-04-21 14:10:00,1082.54,1082.85,1082.54,1082.85,0.03,17.0,18451.83,1
2026-04-21,2026-04-21 14:20:00,1082.85,1083.16,1082.85,1083.16,0.03,17.0,18451.83,1
2026-04-21,2026-04-21 14:30:00,1083.16,1083.47,1083.16,1083.47,0.03,17.0,18451.83,1
2026-04-21,2026-04-21 14:40:00,1083.47,1083.79,1083.47,1083.79,0.03,17.0,18451.83,1
2026-04-21,2026-04-21 14:50:00,1083.79,1084.1,1083.79,1084.1,0.03,17.0,18451.83,1
2026-04-21,2026-04-21 15:00:00,1084.1,1090.9,1076.6,1084.1,0.0,17.0,18451.83,0
2026-04-22,2026-04-22 11:00:00,1085.0,1085.0,1081.43,1084.96,-0.0,14.0,15143.1,-1
2026-04-22,2026-04-22 11:10:00,1084.96,1084.96,1084.92,1084.92,-0.0,14.0,15143.1,-1
2026-04-22,2026-04-22 11:20:00,1084.92,1084.92,1084.88,1084.88,-0.0,14.0,15143.1,-1
2026-04-22,2026-04-22 11:30:00,1084.88,1084.88,1084.83,1084.83,-0.0,14.0,15143.1,-1
2026-04-22,2026-04-22 11:40:00,1084.83,1084.83,1084.79,1084.79,-0.0,14.0,15143.1,-1
2026-04-22,2026-04-22 11:50:00,1084.79,1084.79,1084.75,1084.75,-0.0,14.0,15143.1,-1
2026-04-22,2026-04-22 12:00:00,1084.75,1084.75,1084.71,1084.71,-0.0,14.0,15143.1,-1
2026-04-22,2026-04-22 12:10:00,1084.71,1084.71,1084.67,1084.67,-0.0,14.0,15143.1,-1
2026-04-22,2026-04-22 12:20:00,1084.67,1084.67,1084.62,1084.62,-0.0,14.0,15143.1,-1
2026-04-22,2026-04-22 12:30:00,1084.62,1084.62,1084.58,1084.58,-0.0,14.0,15143.1,-1
2026-04-22,2026-04-22 12:40:00,1084.58,1084.58,1084.54,1084.54,-0.0,14.0,15143.1,-1
2026-04-22,2026-04-22 12:50:00,1084.54,1084.54,1084.5,1084.5,-0.0,14.0,15143.1,-1
2026-04-22,2026-04-22 13:00:00,1084.5,1085.0,1073.1,1084.46,-0.0,14.0,15143.1,-1
2026-04-22,2026-04-22 13:10:00,1084.46,1084.46,1084.42,1084.42,-0.0,14.0,15143.1,-1
2026-04-22,2026-04-22 13:20:00,1084.42,1084.42,1084.38,1084.38,-0.0,14.0,15143.1,-1
2026-04-22,2026-04-22 13:30:00,1084.38,1084.38,1084.33,1084.33,-0.0,14.0,15143.1,-1
2026-04-22,2026-04-22 13:40:00,1084.33,1084.33,1084.29,1084.29,-0.0,14.0,15143.1,-1
2026-04-22,2026-04-22 13:50:00,1084.29,1084.29,1084.25,1084.25,-0.0,14.0,15143.1,-1
2026-04-22,2026-04-22 14:00:00,1084.25,1084.25,1084.21,1084.21,-0.0,14.0,15143.1,-1
2026-04-22,2026-04-22 14:10:00,1084.21,1084.21,1084.17,1084.17,-0.0,14.0,15143.1,-1
2026-04-22,2026-04-22 14:20:00,1084.17,1084.17,1084.12,1084.12,-0.0,14.0,15143.1,-1
2026-04-22,2026-04-22 14:30:00,1084.12,1084.12,1084.08,1084.08,-0.0,14.0,15143.1,-1
2026-04-22,2026-04-22 14:40:00,1084.08,1084.08,1084.04,1084.04,-0.0,14.0,15143.1,-1
2026-04-22,2026-04-22 14:50:00,1084.04,1084.04,1084.0,1084.0,-0.0,14.0,15143.1,-1
2026-04-22,2026-04-22 15:00:00,1084.0,1085.0,1073.1,1084.0,0.0,14.0,15143.1,0
2026-04-23,2026-04-23 11:00:00,1081.2,1081.92,1081.2,1081.3,0.01,11.0,11906.7,1
2026-04-23,2026-04-23 11:10:00,1081.3,1081.4,1081.3,1081.4,0.01,11.0,11906.7,1
2026-04-23,2026-04-23 11:20:00,1081.4,1081.5,1081.4,1081.5,0.01,11.0,11906.7,1
2026-04-23,2026-04-23 11:30:00,1081.5,1081.6,1081.5,1081.6,0.01,11.0,11906.7,1
2026-04-23,2026-04-23 11:40:00,1081.6,1081.7,1081.6,1081.7,0.01,11.0,11906.7,1
2026-04-23,2026-04-23 11:50:00,1081.7,1081.8,1081.7,1081.8,0.01,11.0,11906.7,1
2026-04-23,2026-04-23 12:00:00,1081.8,1081.9,1081.8,1081.9,0.01,11.0,11906.7,1
2026-04-23,2026-04-23 12:10:00,1081.9,1082.0,1081.9,1082.0,0.01,11.0,11906.7,1
2026-04-23,2026-04-23 12:20:00,1082.0,1082.1,1082.0,1082.1,0.01,11.0,11906.7,1
2026-04-23,2026-04-23 12:30:00,1082.1,1082.2,1082.1,1082.2,0.01,11.0,11906.7,1
2026-04-23,2026-04-23 12:40:00,1082.2,1082.3,1082.2,1082.3,0.01,11.0,11906.7,1
2026-04-23,2026-04-23 12:50:00,1082.3,1082.4,1082.3,1082.4,0.01,11.0,11906.7,1
2026-04-23,2026-04-23 13:00:00,1082.4,1083.6,1081.2,1082.5,0.01,11.0,11906.7,1
2026-04-23,2026-04-23 13:10:00,1082.5,1082.6,1082.5,1082.6,0.01,11.0,11906.7,1
2026-04-23,2026-04-23 13:20:00,1082.6,1082.7,1082.6,1082.7,0.01,11.0,11906.7,1
2026-04-23,2026-04-23 13:30:00,1082.7,1082.8,1082.7,1082.8,0.01,11.0,11906.7,1
2026-04-23,2026-04-23 13:40:00,1082.8,1082.9,1082.8,1082.9,0.01,11.0,11906.7,1
2026-04-23,2026-04-23 13:50:00,1082.9,1083.0,1082.9,1083.0,0.01,11.0,11906.7,1
2026-04-23,2026-04-23 14:00:00,1083.0,1083.1,1083.0,1083.1,0.01,11.0,11906.7,1
2026-04-23,2026-04-23 14:10:00,1083.1,1083.2,1083.1,1083.2,0.01,11.0,11906.7,1
2026-04-23,2026-04-23 14:20:00,1083.2,1083.3,1083.2,1083.3,0.01,11.0,11906.7,1
2026-04-23,2026-04-23 14:30:00,1083.3,1083.4,1083.3,1083.4,0.01,11.0,11906.7,1
2026-04-23,2026-04-23 14:40:00,1083.4,1083.5,1083.4,1083.5,0.01,11.0,11906.7,1
2026-04-23,2026-04-23 14:50:00,1083.5,1083.6,1083.5,1083.6,0.01,11.0,11906.7,1
2026-04-23,2026-04-23 15:00:00,1083.6,1083.6,1081.2,1083.6,0.0,11.0,11906.7,0
2026-04-24,2026-04-24 11:00:00,1100.0,1100.0,1094.6,1099.3,-0.06,97.0,106498.3,-1
2026-04-24,2026-04-24 11:10:00,1099.3,1099.3,1098.59,1098.59,-0.06,97.0,106498.3,-1
2026-04-24,2026-04-24 11:20:00,1098.59,1098.59,1097.89,1097.89,-0.06,97.0,106498.3,-1
2026-04-24,2026-04-24 11:30:00,1097.89,1097.89,1097.18,1097.18,-0.06,97.0,106498.3,-1
2026-04-24,2026-04-24 11:40:00,1097.18,1097.18,1096.48,1096.48,-0.06,97.0,106498.3,-1
2026-04-24,2026-04-24 11:50:00,1096.48,1096.48,1095.78,1095.78,-0.06,97.0,106498.3,-1
2026-04-24,2026-04-24 12:00:00,1095.78,1095.78,1095.07,1095.07,-0.06,97.0,106498.3,-1
2026-04-24,2026-04-24 12:10:00,1095.07,1095.07,1094.37,1094.37,-0.06,97.0,106498.3,-1
2026-04-24,2026-04-24 12:20:00,1094.37,1094.37,1093.66,1093.66,-0.06,97.0,106498.3,-1
2026-04-24,2026-04-24 12:30:00,1093.66,1093.66,1092.96,1092.96,-0.06,97.0,106498.3,-1
2026-04-24,2026-04-24 12:40:00,1092.96,1092.96,1092.25,1092.25,-0.06,97.0,106498.3,-1
2026-04-24,2026-04-24 12:50:00,1092.25,1092.25,1091.55,1091.55,-0.06,97.0,106498.3,-1
2026-04-24,2026-04-24 13:00:00,1091.55,1100.0,1082.0,1090.85,-0.06,97.0,106498.3,-1
2026-04-24,2026-04-24 13:10:00,1090.85,1090.85,1090.14,1090.14,-0.07,97.0,106498.3,-1
2026-04-24,2026-04-24 13:20:00,1090.14,1090.14,1089.44,1089.44,-0.06,97.0,106498.3,-1
2026-04-24,2026-04-24 13:30:00,1089.44,1089.44,1088.73,1088.73,-0.07,97.0,106498.3,-1
2026-04-24,2026-04-24 13:40:00,1088.73,1088.73,1088.03,1088.03,-0.06,97.0,106498.3,-1
2026-04-24,2026-04-24 13:50:00,1088.03,1088.03,1087.32,1087.32,-0.07,97.0,106498.3,-1
2026-04-24,2026-04-24 14:00:00,1087.32,1087.32,1086.62,1086.62,-0.06,97.0,106498.3,-1
2026-04-24,2026-04-24 14:10:00,1086.62,1086.62,1085.92,1085.92,-0.06,97.0,106498.3,-1
2026-04-24,2026-04-24 14:20:00,1085.92,1085.92,1085.21,1085.21,-0.07,97.0,106498.3,-1
2026-04-24,2026-04-24 14:30:00,1085.21,1085.21,1084.51,1084.51,-0.06,97.0,106498.3,-1
2026-04-24,2026-04-24 14:40:00,1084.51,1084.51,1083.8,1083.8,-0.07,97.0,106498.3,-1
2026-04-24,2026-04-24 14:50:00,1083.8,1083.8,1083.1,1083.1,-0.06,97.0,106498.3,-1
2026-04-24,2026-04-24 15:00:00,1083.1,1100.0,1082.0,1083.1,0.0,97.0,106498.3,0
2026-04-27,2026-04-27 11:00:00,1083.1,1091.17,1083.1,1083.76,0.06,48.0,52544.04,1
2026-04-27,2026-04-27 11:10:00,1083.76,1084.42,1083.76,1084.42,0.06,48.0,52544.04,1
2026-04-27,2026-04-27 11:20:00,1084.42,1085.07,1084.42,1085.07,0.06,48.0,52544.04,1
2026-04-27,2026-04-27 11:30:00,1085.07,1085.73,1085.07,1085.73,0.06,48.0,52544.04,1
2026-04-27,2026-04-27 11:40:00,1085.73,1086.39,1085.73,1086.39,0.06,48.0,52544.04,1
2026-04-27,2026-04-27 11:50:00,1086.39,1087.05,1086.39,1087.05,0.06,48.0,52544.04,1
2026-04-27,2026-04-27 12:00:00,1087.05,1087.71,1087.05,1087.71,0.06,48.0,52544.04,1
2026-04-27,2026-04-27 12:10:00,1087.71,1088.37,1087.71,1088.37,0.06,48.0,52544.04,1
2026-04-27,2026-04-27 12:20:00,1088.37,1089.03,1088.37,1089.03,0.06,48.0,52544.04,1
2026-04-27,2026-04-27 12:30:00,1089.03,1089.68,1089.03,1089.68,0.06,48.0,52544.04,1
2026-04-27,2026-04-27 12:40:00,1089.68,1090.34,1089.68,1090.34,0.06,48.0,52544.04,1
2026-04-27,2026-04-27 12:50:00,1090.34,1091.0,1090.34,1091.0,0.06,48.0,52544.04,1
2026-04-27,2026-04-27 13:00:00,1091.0,1110.0,1085.1,1091.66,0.06,48.0,52544.04,1
2026-04-27,2026-04-27 13:10:00,1091.66,1092.32,1091.66,1092.32,0.06,48.0,52544.04,1
2026-04-27,2026-04-27 13:20:00,1092.32,1092.97,1092.32,1092.97,0.06,48.0,52544.04,1
2026-04-27,2026-04-27 13:30:00,1092.97,1093.63,1092.97,1093.63,0.06,48.0,52544.04,1
2026-04-27,2026-04-27 13:40:00,1093.63,1094.29,1093.63,1094.29,0.06,48.0,52544.04,1
2026-04-27,2026-04-27 13:50:00,1094.29,1094.95,1094.29,1094.95,0.06,48.0,52544.04,1
2026-04-27,2026-04-27 14:00:00,1094.95,1095.61,1094.95,1095.61,0.06,48.0,52544.04,1
2026-04-27,2026-04-27 14:10:00,1095.61,1096.27,1095.61,1096.27,0.06,48.0,52544.04,1
2026-04-27,2026-04-27 14:20:00,1096.27,1096.93,1096.27,1096.93,0.06,48.0,52544.04,1
2026-04-27,2026-04-27 14:30:00,1096.93,1097.58,1096.93,1097.58,0.06,48.0,52544.04,1
2026-04-27,2026-04-27 14:40:00,1097.58,1098.24,1097.58,1098.24,0.06,48.0,52544.04,1
2026-04-27,2026-04-27 14:50:00,1098.24,1098.9,1098.24,1098.9,0.06,48.0,52544.04,1
2026-04-27,2026-04-27 15:00:00,1098.9,1110.0,1085.1,1098.9,0.0,48.0,52544.04,0
2026-04-28,2026-04-28 11:00:00,1115.0,1115.0,1107.5,1113.96,-0.09,46.0,50579.96,-1
2026-04-28,2026-04-28 11:10:00,1113.96,1113.96,1112.92,1112.92,-0.09,46.0,50579.96,-1
2026-04-28,2026-04-28 11:20:00,1112.92,1112.92,1111.88,1111.88,-0.09,46.0,50579.96,-1
2026-04-28,2026-04-28 11:30:00,1111.88,1111.88,1110.83,1110.83,-0.09,46.0,50579.96,-1
2026-04-28,2026-04-28 11:40:00,1110.83,1110.83,1109.79,1109.79,-0.09,46.0,50579.96,-1
2026-04-28,2026-04-28 11:50:00,1109.79,1109.79,1108.75,1108.75,-0.09,46.0,50579.96,-1
2026-04-28,2026-04-28 12:00:00,1108.75,1108.75,1107.71,1107.71,-0.09,46.0,50579.96,-1
2026-04-28,2026-04-28 12:10:00,1107.71,1107.71,1106.67,1106.67,-0.09,46.0,50579.96,-1
2026-04-28,2026-04-28 12:20:00,1106.67,1106.67,1105.62,1105.62,-0.09,46.0,50579.96,-1
2026-04-28,2026-04-28 12:30:00,1105.62,1105.62,1104.58,1104.58,-0.09,46.0,50579.96,-1
2026-04-28,2026-04-28 12:40:00,1104.58,1104.58,1103.54,1103.54,-0.09,46.0,50579.96,-1
2026-04-28,2026-04-28 12:50:00,1103.54,1103.54,1102.5,1102.5,-0.09,46.0,50579.96,-1
2026-04-28,2026-04-28 13:00:00,1102.5,1115.0,1090.0,1101.46,-0.09,46.0,50579.96,-1
2026-04-28,2026-04-28 13:10:00,1101.46,1101.46,1100.42,1100.42,-0.09,46.0,50579.96,-1
2026-04-28,2026-04-28 13:20:00,1100.42,1100.42,1099.38,1099.38,-0.09,46.0,50579.96,-1
2026-04-28,2026-04-28 13:30:00,1099.38,1099.38,1098.33,1098.33,-0.1,46.0,50579.96,-1
2026-04-28,2026-04-28 13:40:00,1098.33,1098.33,1097.29,1097.29,-0.09,46.0,50579.96,-1
2026-04-28,2026-04-28 13:50:00,1097.29,1097.29,1096.25,1096.25,-0.09,46.0,50579.96,-1
2026-04-28,2026-04-28 14:00:00,1096.25,1096.25,1095.21,1095.21,-0.09,46.0,50579.96,-1
2026-04-28,2026-04-28 14:10:00,1095.21,1095.21,1094.17,1094.17,-0.09,46.0,50579.96,-1
2026-04-28,2026-04-28 14:20:00,1094.17,1094.17,1093.12,1093.12,-0.1,46.0,50579.96,-1
2026-04-28,2026-04-28 14:30:00,1093.12,1093.12,1092.08,1092.08,-0.1,46.0,50579.96,-1
2026-04-28,2026-04-28 14:40:00,1092.08,1092.08,1091.04,1091.04,-0.1,46.0,50579.96,-1
2026-04-28,2026-04-28 14:50:00,1091.04,1091.04,1090.0,1090.0,-0.1,46.0,50579.96,-1
2026-04-28,2026-04-28 15:00:00,1090.0,1115.0,1090.0,1090.0,0.0,46.0,50579.96,0
2026-04-29,2026-04-29 11:00:00,1090.0,1093.0,1088.8,1090.25,0.02,14.6,15963.42,1
2026-04-29,2026-04-29 11:10:00,1090.25,1090.5,1090.25,1090.5,0.02,14.6,15963.42,1
2026-04-29,2026-04-29 11:20:00,1090.5,1090.75,1090.5,1090.75,0.02,14.6,15963.42,1
2026-04-29,2026-04-29 11:30:00,1090.75,1091.0,1090.75,1091.0,0.02,14.6,15963.42,1
2026-04-29,2026-04-29 11:40:00,1091.0,1091.25,1091.0,1091.25,0.02,14.6,15963.42,1
2026-04-29,2026-04-29 11:50:00,1091.25,1091.5,1091.25,1091.5,0.02,14.6,15963.42,1
2026-04-29,2026-04-29 12:00:00,1091.5,1091.75,1091.5,1091.75,0.02,14.6,15963.42,1
2026-04-29,2026-04-29 12:10:00,1091.75,1092.0,1091.75,1092.0,0.02,14.6,15963.42,1
2026-04-29,2026-04-29 12:20:00,1092.0,1092.25,1092.0,1092.25,0.02,14.6,15963.42,1
2026-04-29,2026-04-29 12:30:00,1092.25,1092.5,1092.25,1092.5,0.02,14.6,15963.42,1
2026-04-29,2026-04-29 12:40:00,1092.5,1092.75,1092.5,1092.75,0.02,14.6,15963.42,1
2026-04-29,2026-04-29 12:50:00,1092.75,1093.0,1092.75,1093.0,0.02,14.6,15963.42,1
2026-04-29,2026-04-29 13:00:00,1093.0,1100.0,1086.0,1093.25,0.02,14.6,15963.42,1
2026-04-29,2026-04-29 13:10:00,1093.25,1093.5,1093.25,1093.5,0.02,14.6,15963.42,1
2026-04-29,2026-04-29 13:20:00,1093.5,1093.75,1093.5,1093.75,0.02,14.6,15963.42,1
2026-04-29,2026-04-29 13:30:00,1093.75,1094.0,1093.75,1094.0,0.02,14.6,15963.42,1
2026-04-29,2026-04-29 13:40:00,1094.0,1094.25,1094.0,1094.25,0.02,14.6,15963.42,1
2026-04-29,2026-04-29 13:50:00,1094.25,1094.5,1094.25,1094.5,0.02,14.6,15963.42,1
2026-04-29,2026-04-29 14:00:00,1094.5,1094.75,1094.5,1094.75,0.02,14.6,15963.42,1
2026-04-29,2026-04-29 14:10:00,1094.75,1095.0,1094.75,1095.0,0.02,14.6,15963.42,1
2026-04-29,2026-04-29 14:20:00,1095.0,1095.25,1095.0,1095.25,0.02,14.6,15963.42,1
2026-04-29,2026-04-29 14:30:00,1095.25,1095.5,1095.25,1095.5,0.02,14.6,15963.42,1
2026-04-29,2026-04-29 14:40:00,1095.5,1095.75,1095.5,1095.75,0.02,14.6,15963.42,1
2026-04-29,2026-04-29 14:50:00,1095.75,1096.0,1095.75,1096.0,0.02,14.6,15963.42,1
2026-04-29,2026-04-29 15:00:00,1096.0,1100.0,1086.0,1096.0,0.0,14.6,15963.42,0
2026-04-30,2026-04-30 11:00:00,1098.0,1098.0,1094.1,1097.55,-0.04,15.0,16344.92,-1
2026-04-30,2026-04-30 11:10:00,1097.55,1097.55,1097.09,1097.09,-0.04,15.0,16344.92,-1
2026-04-30,2026-04-30 11:20:00,1097.09,1097.09,1096.64,1096.64,-0.04,15.0,16344.92,-1
2026-04-30,2026-04-30 11:30:00,1096.64,1096.64,1096.18,1096.18,-0.04,15.0,16344.92,-1
2026-04-30,2026-04-30 11:40:00,1096.18,1096.18,1095.73,1095.73,-0.04,15.0,16344.92,-1
2026-04-30,2026-04-30 11:50:00,1095.73,1095.73,1095.28,1095.28,-0.04,15.0,16344.92,-1
2026-04-30,2026-04-30 12:00:00,1095.28,1095.28,1094.82,1094.82,-0.04,15.0,16344.92,-1
2026-04-30,2026-04-30 12:10:00,1094.82,1094.82,1094.37,1094.37,-0.04,15.0,16344.92,-1
2026-04-30,2026-04-30 12:20:00,1094.37,1094.37,1093.91,1093.91,-0.04,15.0,16344.92,-1
2026-04-30,2026-04-30 12:30:00,1093.91,1093.91,1093.46,1093.46,-0.04,15.0,16344.92,-1
2026-04-30,2026-04-30 12:40:00,1093.46,1093.46,1093.0,1093.0,-0.04,15.0,16344.92,-1
2026-04-30,2026-04-30 12:50:00,1093.0,1093.0,1092.55,1092.55,-0.04,15.0,16344.92,-1
2026-04-30,2026-04-30 13:00:00,1092.55,1098.0,1085.0,1092.1,-0.04,15.0,16344.92,-1
2026-04-30,2026-04-30 13:10:00,1092.1,1092.1,1091.64,1091.64,-0.04,15.0,16344.92,-1
2026-04-30,2026-04-30 13:20:00,1091.64,1091.64,1091.19,1091.19,-0.04,15.0,16344.92,-1
2026-04-30,2026-04-30 13:30:00,1091.19,1091.19,1090.73,1090.73,-0.04,15.0,16344.92,-1
2026-04-30,2026-04-30 13:40:00,1090.73,1090.73,1090.28,1090.28,-0.04,15.0,16344.92,-1
2026-04-30,2026-04-30 13:50:00,1090.28,1090.28,1089.82,1089.82,-0.04,15.0,16344.92,-1
2026-04-30,2026-04-30 14:00:00,1089.82,1089.82,1089.37,1089.37,-0.04,15.0,16344.92,-1
2026-04-30,2026-04-30 14:10:00,1089.37,1089.37,1088.92,1088.92,-0.04,15.0,16344.92,-1
2026-04-30,2026-04-30 14:20:00,1088.92,1088.92,1088.46,1088.46,-0.04,15.0,16344.92,-1
2026-04-30,2026-04-30 14:30:00,1088.46,1088.46,1088.01,1088.01,-0.04,15.0,16344.92,-1
2026-04-30,2026-04-30 14:40:00,1088.01,1088.01,1087.55,1087.55,-0.04,15.0,16344.92,-1
2026-04-30,2026-04-30 14:50:00,1087.55,1087.55,1087.1,1087.1,-0.04,15.0,16344.92,-1
2026-04-30,2026-04-30 15:00:00,1087.1,1098.0,1085.0,1087.1,0.0,15.0,16344.92,0
2026-05-04,2026-05-04 11:00:00,1086.6,1086.72,1086.12,1086.53,-0.01,9.0,9780.8,-1
2026-05-04,2026-05-04 11:10:00,1086.53,1086.53,1086.47,1086.47,-0.01,9.0,9780.8,-1
2026-05-04,2026-05-04 11:20:00,1086.47,1086.47,1086.4,1086.4,-0.01,9.0,9780.8,-1
2026-05-04,2026-05-04 11:30:00,1086.4,1086.4,1086.33,1086.33,-0.01,9.0,9780.8,-1
2026-05-04,2026-05-04 11:40:00,1086.33,1086.33,1086.27,1086.27,-0.01,9.0,9780.8,-1
2026-05-04,2026-05-04 11:50:00,1086.27,1086.27,1086.2,1086.2,-0.01,9.0,9780.8,-1
2026-05-04,2026-05-04 12:00:00,1086.2,1086.2,1086.13,1086.13,-0.01,9.0,9780.8,-1
2026-05-04,2026-05-04 12:10:00,1086.13,1086.13,1086.07,1086.07,-0.01,9.0,9780.8,-1
2026-05-04,2026-05-04 12:20:00,1086.07,1086.07,1086.0,1086.0,-0.01,9.0,9780.8,-1
2026-05-04,2026-05-04 12:30:00,1086.0,1086.0,1085.93,1085.93,-0.01,9.0,9780.8,-1
2026-05-04,2026-05-04 12:40:00,1085.93,1085.93,1085.87,1085.87,-0.01,9.0,9780.8,-1
2026-05-04,2026-05-04 12:50:00,1085.87,1085.87,1085.8,1085.8,-0.01,9.0,9780.8,-1
2026-05-04,2026-05-04 13:00:00,1085.8,1087.0,1085.0,1085.73,-0.01,9.0,9780.8,-1
2026-05-04,2026-05-04 13:10:00,1085.73,1085.73,1085.67,1085.67,-0.01,9.0,9780.8,-1
2026-05-04,2026-05-04 13:20:00,1085.67,1085.67,1085.6,1085.6,-0.01,9.0,9780.8,-1
2026-05-04,2026-05-04 13:30:00,1085.6,1085.6,1085.53,1085.53,-0.01,9.0,9780.8,-1
2026-05-04,2026-05-04 13:40:00,1085.53,1085.53,1085.47,1085.47,-0.01,9.0,9780.8,-1
2026-05-04,2026-05-04 13:50:00,1085.47,1085.47,1085.4,1085.4,-0.01,9.0,9780.8,-1
2026-05-04,2026-05-04 14:00:00,1085.4,1085.4,1085.33,1085.33,-0.01,9.0,9780.8,-1
2026-05-04,2026-05-04 14:10:00,1085.33,1085.33,1085.27,1085.27,-0.01,9.0,9780.8,-1
2026-05-04,2026-05-04 14:20:00,1085.27,1085.27,1085.2,1085.2,-0.01,9.0,9780.8,-1
2026-05-04,2026-05-04 14:30:00,1085.2,1085.2,1085.13,1085.13,-0.01,9.0,9780.8,-1
2026-05-04,2026-05-04 14:40:00,1085.13,1085.13,1085.07,1085.07,-0.01,9.0,9780.8,-1
2026-05-04,2026-05-04 14:50:00,1085.07,1085.07,1085.0,1085.0,-0.01,9.0,9780.8,-1
2026-05-04,2026-05-04 15:00:00,1085.0,1087.0,1085.0,1085.0,0.0,9.0,9780.8,0
2026-05-05,2026-05-05 11:00:00,1090.0,1090.0,1088.5,1089.81,-0.02,10.8,11725.2,-1
2026-05-05,2026-05-05 11:10:00,1089.81,1089.81,1089.62,1089.62,-0.02,10.8,11725.2,-1
2026-05-05,2026-05-05 11:20:00,1089.62,1089.62,1089.44,1089.44,-0.02,10.8,11725.2,-1
2026-05-05,2026-05-05 11:30:00,1089.44,1089.44,1089.25,1089.25,-0.02,10.8,11725.2,-1
2026-05-05,2026-05-05 11:40:00,1089.25,1089.25,1089.06,1089.06,-0.02,10.8,11725.2,-1
2026-05-05,2026-05-05 11:50:00,1089.06,1089.06,1088.88,1088.88,-0.02,10.8,11725.2,-1
2026-05-05,2026-05-05 12:00:00,1088.88,1088.88,1088.69,1088.69,-0.02,10.8,11725.2,-1
2026-05-05,2026-05-05 12:10:00,1088.69,1088.69,1088.5,1088.5,-0.02,10.8,11725.2,-1
2026-05-05,2026-05-05 12:20:00,1088.5,1088.5,1088.31,1088.31,-0.02,10.8,11725.2,-1
2026-05-05,2026-05-05 12:30:00,1088.31,1088.31,1088.12,1088.12,-0.02,10.8,11725.2,-1
2026-05-05,2026-05-05 12:40:00,1088.12,1088.12,1087.94,1087.94,-0.02,10.8,11725.2,-1
2026-05-05,2026-05-05 12:50:00,1087.94,1087.94,1087.75,1087.75,-0.02,10.8,11725.2,-1
2026-05-05,2026-05-05 13:00:00,1087.75,1090.0,1085.0,1087.56,-0.02,10.8,11725.2,-1
2026-05-05,2026-05-05 13:10:00,1087.56,1087.56,1087.38,1087.38,-0.02,10.8,11725.2,-1
2026-05-05,2026-05-05 13:20:00,1087.38,1087.38,1087.19,1087.19,-0.02,10.8,11725.2,-1
2026-05-05,2026-05-05 13:30:00,1087.19,1087.19,1087.0,1087.0,-0.02,10.8,11725.2,-1
2026-05-05,2026-05-05 13:40:00,1087.0,1087.0,1086.81,1086.81,-0.02,10.8,11725.2,-1
2026-05-05,2026-05-05 13:50:00,1086.81,1086.81,1086.62,1086.62,-0.02,10.8,11725.2,-1
2026-05-05,2026-05-05 14:00:00,1086.62,1086.62,1086.44,1086.44,-0.02,10.8,11725.2,-1
2026-05-05,2026-05-05 14:10:00,1086.44,1086.44,1086.25,1086.25,-0.02,10.8,11725.2,-1
2026-05-05,2026-05-05 14:20:00,1086.25,1086.25,1086.06,1086.06,-0.02,10.8,11725.2,-1
2026-05-05,2026-05-05 14:30:00,1086.06,1086.06,1085.88,1085.88,-0.02,10.8,11725.2,-1
2026-05-05,2026-05-05 14:40:00,1085.88,1085.88,1085.69,1085.69,-0.02,10.8,11725.2,-1
2026-05-05,2026-05-05 14:50:00,1085.69,1085.69,1085.5,1085.5,-0.02,10.8,11725.2,-1
2026-05-05,2026-05-05 15:00:00,1085.5,1090.0,1085.0,1085.5,0.0,10.8,11725.2,0
2026-05-06,2026-05-06 11:00:00,1076.2,1079.44,1076.2,1076.57,0.03,13.68,14835.96,1
2026-05-06,2026-05-06 11:10:00,1076.57,1076.94,1076.57,1076.94,0.03,13.68,14835.96,1
2026-05-06,2026-05-06 11:20:00,1076.94,1077.31,1076.94,1077.31,0.03,13.68,14835.96,1
2026-05-06,2026-05-06 11:30:00,1077.31,1077.68,1077.31,1077.68,0.03,13.68,14835.96,1
2026-05-06,2026-05-06 11:40:00,1077.68,1078.05,1077.68,1078.05,0.03,13.68,14835.96,1
2026-05-06,2026-05-06 11:50:00,1078.05,1078.42,1078.05,1078.42,0.03,13.68,14835.96,1
2026-05-06,2026-05-06 12:00:00,1078.42,1078.8,1078.42,1078.8,0.04,13.68,14835.96,1
2026-05-06,2026-05-06 12:10:00,1078.8,1079.17,1078.8,1079.17,0.03,13.68,14835.96,1
2026-05-06,2026-05-06 12:20:00,1079.17,1079.54,1079.17,1079.54,0.03,13.68,14835.96,1
2026-05-06,2026-05-06 12:30:00,1079.54,1079.91,1079.54,1079.91,0.03,13.68,14835.96,1
2026-05-06,2026-05-06 12:40:00,1079.91,1080.28,1079.91,1080.28,0.03,13.68,14835.96,1
2026-05-06,2026-05-06 12:50:00,1080.28,1080.65,1080.28,1080.65,0.03,13.68,14835.96,1
2026-05-06,2026-05-06 13:00:00,1080.65,1087.0,1076.2,1081.02,0.03,13.68,14835.96,1
2026-05-06,2026-05-06 13:10:00,1081.02,1081.39,1081.02,1081.39,0.03,13.68,14835.96,1
2026-05-06,2026-05-06 13:20:00,1081.39,1081.76,1081.39,1081.76,0.03,13.68,14835.96,1
2026-05-06,2026-05-06 13:30:00,1081.76,1082.13,1081.76,1082.13,0.03,13.68,14835.96,1
2026-05-06,2026-05-06 13:40:00,1082.13,1082.5,1082.13,1082.5,0.03,13.68,14835.96,1
2026-05-06,2026-05-06 13:50:00,1082.5,1082.88,1082.5,1082.88,0.04,13.68,14835.96,1
2026-05-06,2026-05-06 14:00:00,1082.88,1083.25,1082.88,1083.25,0.03,13.68,14835.96,1
2026-05-06,2026-05-06 14:10:00,1083.25,1083.62,1083.25,1083.62,0.03,13.68,14835.96,1
2026-05-06,2026-05-06 14:20:00,1083.62,1083.99,1083.62,1083.99,0.03,13.68,14835.96,1
2026-05-06,2026-05-06 14:30:00,1083.99,1084.36,1083.99,1084.36,0.03,13.68,14835.96,1
2026-05-06,2026-05-06 14:40:00,1084.36,1084.73,1084.36,1084.73,0.03,13.68,14835.96,1
2026-05-06,2026-05-06 14:50:00,1084.73,1085.1,1084.73,1085.1,0.03,13.68,14835.96,1
2026-05-06,2026-05-06 15:00:00,1085.1,1087.0,1076.2,1085.1,0.0,13.68,14835.96,0
2026-05-07,2026-05-07 11:00:00,1084.1,1085.87,1083.8,1084.06,-0.0,8.8,9548.28,-1
2026-05-07,2026-05-07 11:10:00,1084.06,1084.06,1084.02,1084.02,-0.0,8.8,9548.28,-1
2026-05-07,2026-05-07 11:20:00,1084.02,1084.02,1083.97,1083.97,-0.0,8.8,9548.28,-1
2026-05-07,2026-05-07 11:30:00,1083.97,1083.97,1083.93,1083.93,-0.0,8.8,9548.28,-1
2026-05-07,2026-05-07 11:40:00,1083.93,1083.93,1083.89,1083.89,-0.0,8.8,9548.28,-1
2026-05-07,2026-05-07 11:50:00,1083.89,1083.89,1083.85,1083.85,-0.0,8.8,9548.28,-1
2026-05-07,2026-05-07 12:00:00,1083.85,1083.85,1083.81,1083.81,-0.0,8.8,9548.28,-1
2026-05-07,2026-05-07 12:10:00,1083.81,1083.81,1083.77,1083.77,-0.0,8.8,9548.28,-1
2026-05-07,2026-05-07 12:20:00,1083.77,1083.77,1083.72,1083.72,-0.0,8.8,9548.28,-1
2026-05-07,2026-05-07 12:30:00,1083.72,1083.72,1083.68,1083.68,-0.0,8.8,9548.28,-1
2026-05-07,2026-05-07 12:40:00,1083.68,1083.68,1083.64,1083.64,-0.0,8.8,9548.28,-1
2026-05-07,2026-05-07 12:50:00,1083.64,1083.64,1083.6,1083.6,-0.0,8.8,9548.28,-1
2026-05-07,2026-05-07 13:00:00,1083.6,1090.0,1083.1,1083.56,-0.0,8.8,9548.28,-1
2026-05-07,2026-05-07 13:10:00,1083.56,1083.56,1083.52,1083.52,-0.0,8.8,9548.28,-1
2026-05-07,2026-05-07 13:20:00,1083.52,1083.52,1083.47,1083.47,-0.0,8.8,9548.28,-1
2026-05-07,2026-05-07 13:30:00,1083.47,1083.47,1083.43,1083.43,-0.0,8.8,9548.28,-1
2026-05-07,2026-05-07 13:40:00,1083.43,1083.43,1083.39,1083.39,-0.0,8.8,9548.28,-1
2026-05-07,2026-05-07 13:50:00,1083.39,1083.39,1083.35,1083.35,-0.0,8.8,9548.28,-1
2026-05-07,2026-05-07 14:00:00,1083.35,1083.35,1083.31,1083.31,-0.0,8.8,9548.28,-1
2026-05-07,2026-05-07 14:10:00,1083.31,1083.31,1083.27,1083.27,-0.0,8.8,9548.28,-1
2026-05-07,2026-05-07 14:20:00,1083.27,1083.27,1083.22,1083.22,-0.0,8.8,9548.28,-1
2026-05-07,2026-05-07 14:30:00,1083.22,1083.22,1083.18,1083.18,-0.0,8.8,9548.28,-1
2026-05-07,2026-05-07 14:40:00,1083.18,1083.18,1083.14,1083.14,-0.0,8.8,9548.28,-1
2026-05-07,2026-05-07 14:50:00,1083.14,1083.14,1083.1,1083.1,-0.0,8.8,9548.28,-1
2026-05-07,2026-05-07 15:00:00,1083.1,1090.0,1083.1,1083.1,0.0,8.8,9548.28,0
2026-05-08,2026-05-08 11:00:00,1086.4,1086.4,1084.81,1086.34,-0.01,10.36,11234.34,-1
2026-05-08,2026-05-08 11:10:00,1086.34,1086.34,1086.28,1086.28,-0.01,10.36,11234.34,-1
2026-05-08,2026-05-08 11:20:00,1086.28,1086.28,1086.23,1086.23,-0.0,10.36,11234.34,-1
2026-05-08,2026-05-08 11:30:00,1086.23,1086.23,1086.17,1086.17,-0.01,10.36,11234.34,-1
2026-05-08,2026-05-08 11:40:00,1086.17,1086.17,1086.11,1086.11,-0.01,10.36,11234.34,-1
2026-05-08,2026-05-08 11:50:00,1086.11,1086.11,1086.05,1086.05,-0.01,10.36,11234.34,-1
2026-05-08,2026-05-08 12:00:00,1086.05,1086.05,1085.99,1085.99,-0.01,10.36,11234.34,-1
2026-05-08,2026-05-08 12:10:00,1085.99,1085.99,1085.93,1085.93,-0.01,10.36,11234.34,-1
2026-05-08,2026-05-08 12:20:00,1085.93,1085.93,1085.88,1085.88,-0.0,10.36,11234.34,-1
2026-05-08,2026-05-08 12:30:00,1085.88,1085.88,1085.82,1085.82,-0.01,10.36,11234.34,-1
2026-05-08,2026-05-08 12:40:00,1085.82,1085.82,1085.76,1085.76,-0.01,10.36,11234.34,-1
2026-05-08,2026-05-08 12:50:00,1085.76,1085.76,1085.7,1085.7,-0.01,10.36,11234.34,-1
2026-05-08,2026-05-08 13:00:00,1085.7,1086.4,1081.1,1085.64,-0.01,10.36,11234.34,-1
2026-05-08,2026-05-08 13:10:00,1085.64,1085.64,1085.58,1085.58,-0.01,10.36,11234.34,-1
2026-05-08,2026-05-08 13:20:00,1085.58,1085.58,1085.53,1085.53,-0.0,10.36,11234.34,-1
2026-05-08,2026-05-08 13:30:00,1085.53,1085.53,1085.47,1085.47,-0.01,10.36,11234.34,-1
2026-05-08,2026-05-08 13:40:00,1085.47,1085.47,1085.41,1085.41,-0.01,10.36,11234.34,-1
2026-05-08,2026-05-08 13:50:00,1085.41,1085.41,1085.35,1085.35,-0.01,10.36,11234.34,-1
2026-05-08,2026-05-08 14:00:00,1085.35,1085.35,1085.29,1085.29,-0.01,10.36,11234.34,-1
2026-05-08,2026-05-08 14:10:00,1085.29,1085.29,1085.23,1085.23,-0.01,10.36,11234.34,-1
2026-05-08,2026-05-08 14:20:00,1085.23,1085.23,1085.17,1085.17,-0.01,10.36,11234.34,-1
2026-05-08,2026-05-08 14:30:00,1085.17,1085.17,1085.12,1085.12,-0.0,10.36,11234.34,-1
2026-05-08,2026-05-08 14:40:00,1085.12,1085.12,1085.06,1085.06,-0.01,10.36,11234.34,-1
2026-05-08,2026-05-08 14:50:00,1085.06,1085.06,1085.0,1085.0,-0.01,10.36,11234.34,-1
2026-05-08,2026-05-08 15:00:00,1085.0,1086.4,1081.1,1085.0,0.0,10.36,11234.34,0
2026-05-11,2026-05-11 11:00:00,1085.0,1086.5,1084.7,1085.0,0.0,7.6,8254.0,0
2026-05-11,2026-05-11 11:10:00,1085.0,1085.0,1085.0,1085.0,0.0,7.6,8254.0,0
2026-05-11,2026-05-11 11:20:00,1085.0,1085.0,1085.0,1085.0,0.0,7.6,8254.0,0
2026-05-11,2026-05-11 11:30:00,1085.0,1085.0,1085.0,1085.0,0.0,7.6,8254.0,0
2026-05-11,2026-05-11 11:40:00,1085.0,1085.0,1085.0,1085.0,0.0,7.6,8254.0,0
2026-05-11,2026-05-11 11:50:00,1085.0,1085.0,1085.0,1085.0,0.0,7.6,8254.0,0
2026-05-11,2026-05-11 12:00:00,1085.0,1085.0,1085.0,1085.0,0.0,7.6,8254.0,0
2026-05-11,2026-05-11 12:10:00,1085.0,1085.0,1085.0,1085.0,0.0,7.6,8254.0,0
2026-05-11,2026-05-11 12:20:00,1085.0,1085.0,1085.0,1085.0,0.0,7.6,8254.0,0
2026-05-11,2026-05-11 12:30:00,1085.0,1085.0,1085.0,1085.0,0.0,7.6,8254.0,0
2026-05-11,2026-05-11 12:40:00,1085.0,1085.0,1085.0,1085.0,0.0,7.6,8254.0,0
2026-05-11,2026-05-11 12:50:00,1085.0,1085.0,1085.0,1085.0,0.0,7.6,8254.0,0
2026-05-11,2026-05-11 13:00:00,1085.0,1090.0,1084.0,1085.0,0.0,7.6,8254.0,0
2026-05-11,2026-05-11 13:10:00,1085.0,1085.0,1085.0,1085.0,0.0,7.6,8254.0,0
2026-05-11,2026-05-11 13:20:00,1085.0,1085.0,1085.0,1085.0,0.0,7.6,8254.0,0
2026-05-11,2026-05-11 13:30:00,1085.0,1085.0,1085.0,1085.0,0.0,7.6,8254.0,0
2026-05-11,2026-05-11 13:40:00,1085.0,1085.0,1085.0,1085.0,0.0,7.6,8254.0,0
2026-05-11,2026-05-11 13:50:00,1085.0,1085.0,1085.0,1085.0,0.0,7.6,8254.0,0
2026-05-11,2026-05-11 14:00:00,1085.0,1085.0,1085.0,1085.0,0.0,7.6,8254.0,0
2026-05-11,2026-05-11 14:10:00,1085.0,1085.0,1085.0,1085.0,0.0,7.6,8254.0,0
2026-05-11,2026-05-11 14:20:00,1085.0,1085.0,1085.0,1085.0,0.0,7.6,8254.0,0
2026-05-11,2026-05-11 14:30:00,1085.0,1085.0,1085.0,1085.0,0.0,7.6,8254.0,0
2026-05-11,2026-05-11 14:40:00,1085.0,1085.0,1085.0,1085.0,0.0,7.6,8254.0,0
2026-05-11,2026-05-11 14:50:00,1085.0,1085.0,1085.0,1085.0,0.0,7.6,8254.0,0
2026-05-11,2026-05-11 15:00:00,1085.0,1090.0,1084.0,1085.0,0.0,7.6,8254.0,0
2026-05-12,2026-05-12 11:00:00,1094.0,1094.3,1091.3,1093.62,-0.03,5.2,5676.7,-1
2026-05-12,2026-05-12 11:10:00,1093.62,1093.62,1093.25,1093.25,-0.03,5.2,5676.7,-1
2026-05-12,2026-05-12 11:20:00,1093.25,1093.25,1092.88,1092.88,-0.03,5.2,5676.7,-1
2026-05-12,2026-05-12 11:30:00,1092.88,1092.88,1092.5,1092.5,-0.03,5.2,5676.7,-1
2026-05-12,2026-05-12 11:40:00,1092.5,1092.5,1092.12,1092.12,-0.03,5.2,5676.7,-1
2026-05-12,2026-05-12 11:50:00,1092.12,1092.12,1091.75,1091.75,-0.03,5.2,5676.7,-1
2026-05-12,2026-05-12 12:00:00,1091.75,1091.75,1091.38,1091.38,-0.03,5.2,5676.7,-1
2026-05-12,2026-05-12 12:10:00,1091.38,1091.38,1091.0,1091.0,-0.03,5.2,5676.7,-1
2026-05-12,2026-05-12 12:20:00,1091.0,1091.0,1090.62,1090.62,-0.03,5.2,5676.7,-1
2026-05-12,2026-05-12 12:30:00,1090.62,1090.62,1090.25,1090.25,-0.03,5.2,5676.7,-1
2026-05-12,2026-05-12 12:40:00,1090.25,1090.25,1089.88,1089.88,-0.03,5.2,5676.7,-1
2026-05-12,2026-05-12 12:50:00,1089.88,1089.88,1089.5,1089.5,-0.03,5.2,5676.7,-1
2026-05-12,2026-05-12 13:00:00,1089.5,1095.0,1085.0,1089.12,-0.03,5.2,5676.7,-1
2026-05-12,2026-05-12 13:10:00,1089.12,1089.12,1088.75,1088.75,-0.03,5.2,5676.7,-1
2026-05-12,2026-05-12 13:20:00,1088.75,1088.75,1088.38,1088.38,-0.03,5.2,5676.7,-1
2026-05-12,2026-05-12 13:30:00,1088.38,1088.38,1088.0,1088.0,-0.03,5.2,5676.7,-1
2026-05-12,2026-05-12 13:40:00,1088.0,1088.0,1087.62,1087.62,-0.03,5.2,5676.7,-1
2026-05-12,2026-05-12 13:50:00,1087.62,1087.62,1087.25,1087.25,-0.03,5.2,5676.7,-1
2026-05-12,2026-05-12 14:00:00,1087.25,1087.25,1086.88,1086.88,-0.03,5.2,5676.7,-1
2026-05-12,2026-05-12 14:10:00,1086.88,1086.88,1086.5,1086.5,-0.03,5.2,5676.7,-1
2026-05-12,2026-05-12 14:20:00,1086.5,1086.5,1086.12,1086.12,-0.03,5.2,5676.7,-1
2026-05-12,2026-05-12 14:30:00,1086.12,1086.12,1085.75,1085.75,-0.03,5.2,5676.7,-1
2026-05-12,2026-05-12 14:40:00,1085.75,1085.75,1085.38,1085.38,-0.03,5.2,5676.7,-1
2026-05-12,2026-05-12 14:50:00,1085.38,1085.38,1085.0,1085.0,-0.04,5.2,5676.7,-1
2026-05-12,2026-05-12 15:00:00,1085.0,1095.0,1085.0,1085.0,0.0,5.2,5676.7,0
2026-05-13,2026-05-13 11:00:00,1085.0,1085.3,1083.5,1084.96,-0.0,9.0,9754.04,-1
2026-05-13,2026-05-13 11:10:00,1084.96,1084.96,1084.92,1084.92,-0.0,9.0,9754.04,-1
2026-05-13,2026-05-13 11:20:00,1084.92,1084.92,1084.88,1084.88,-0.0,9.0,9754.04,-1
2026-05-13,2026-05-13 11:30:00,1084.88,1084.88,1084.83,1084.83,-0.0,9.0,9754.04,-1
2026-05-13,2026-05-13 11:40:00,1084.83,1084.83,1084.79,1084.79,-0.0,9.0,9754.04,-1
2026-05-13,2026-05-13 11:50:00,1084.79,1084.79,1084.75,1084.75,-0.0,9.0,9754.04,-1
2026-05-13,2026-05-13 12:00:00,1084.75,1084.75,1084.71,1084.71,-0.0,9.0,9754.04,-1
2026-05-13,2026-05-13 12:10:00,1084.71,1084.71,1084.67,1084.67,-0.0,9.0,9754.04,-1
2026-05-13,2026-05-13 12:20:00,1084.67,1084.67,1084.62,1084.62,-0.0,9.0,9754.04,-1
2026-05-13,2026-05-13 12:30:00,1084.62,1084.62,1084.58,1084.58,-0.0,9.0,9754.04,-1
2026-05-13,2026-05-13 12:40:00,1084.58,1084.58,1084.54,1084.54,-0.0,9.0,9754.04,-1
2026-05-13,2026-05-13 12:50:00,1084.54,1084.54,1084.5,1084.5,-0.0,9.0,9754.04,-1
2026-05-13,2026-05-13 13:00:00,1084.5,1086.0,1080.0,1084.46,-0.0,9.0,9754.04,-1
2026-05-13,2026-05-13 13:10:00,1084.46,1084.46,1084.42,1084.42,-0.0,9.0,9754.04,-1
2026-05-13,2026-05-13 13:20:00,1084.42,1084.42,1084.38,1084.38,-0.0,9.0,9754.04,-1
2026-05-13,2026-05-13 13:30:00,1084.38,1084.38,1084.33,1084.33,-0.0,9.0,9754.04,-1
2026-05-13,2026-05-13 13:40:00,1084.33,1084.33,1084.29,1084.29,-0.0,9.0,9754.04,-1
2026-05-13,2026-05-13 13:50:00,1084.29,1084.29,1084.25,1084.25,-0.0,9.0,9754.04,-1
2026-05-13,2026-05-13 14:00:00,1084.25,1084.25,1084.21,1084.21,-0.0,9.0,9754.04,-1
2026-05-13,2026-05-13 14:10:00,1084.21,1084.21,1084.17,1084.17,-0.0,9.0,9754.04,-1
2026-05-13,2026-05-13 14:20:00,1084.17,1084.17,1084.12,1084.12,-0.0,9.0,9754.04,-1
2026-05-13,2026-05-13 14:30:00,1084.12,1084.12,1084.08,1084.08,-0.0,9.0,9754.04,-1
2026-05-13,2026-05-13 14:40:00,1084.08,1084.08,1084.04,1084.04,-0.0,9.0,9754.04,-1
2026-05-13,2026-05-13 14:50:00,1084.04,1084.04,1084.0,1084.0,-0.0,9.0,9754.04,-1
2026-05-13,2026-05-13 15:00:00,1084.0,1086.0,1080.0,1084.0,0.0,9.0,9754.04,0
2026-05-14,2026-05-14 11:00:00,1081.0,1086.7,1081.0,1081.09,0.01,26.08,28526.72,1
2026-05-14,2026-05-14 11:10:00,1081.09,1081.17,1081.09,1081.17,0.01,26.08,28526.72,1
2026-05-14,2026-05-14 11:20:00,1081.17,1081.26,1081.17,1081.26,0.01,26.08,28526.72,1
2026-05-14,2026-05-14 11:30:00,1081.26,1081.35,1081.26,1081.35,0.01,26.08,28526.72,1
2026-05-14,2026-05-14 11:40:00,1081.35,1081.44,1081.35,1081.44,0.01,26.08,28526.72,1
2026-05-14,2026-05-14 11:50:00,1081.44,1081.53,1081.44,1081.53,0.01,26.08,28526.72,1
2026-05-14,2026-05-14 12:00:00,1081.53,1081.61,1081.53,1081.61,0.01,26.08,28526.72,1
2026-05-14,2026-05-14 12:10:00,1081.61,1081.7,1081.61,1081.7,0.01,26.08,28526.72,1
2026-05-14,2026-05-14 12:20:00,1081.7,1081.79,1081.7,1081.79,0.01,26.08,28526.72,1
2026-05-14,2026-05-14 12:30:00,1081.79,1081.88,1081.79,1081.88,0.01,26.08,28526.72,1
2026-05-14,2026-05-14 12:40:00,1081.88,1081.96,1081.88,1081.96,0.01,26.08,28526.72,1
2026-05-14,2026-05-14 12:50:00,1081.96,1082.05,1081.96,1082.05,0.01,26.08,28526.72,1
2026-05-14,2026-05-14 13:00:00,1082.05,1100.0,1081.0,1082.14,0.01,26.08,28526.72,1
2026-05-14,2026-05-14 13:10:00,1082.14,1082.22,1082.14,1082.22,0.01,26.08,28526.72,1
2026-05-14,2026-05-14 13:20:00,1082.22,1082.31,1082.22,1082.31,0.01,26.08,28526.72,1
2026-05-14,2026-05-14 13:30:00,1082.31,1082.4,1082.31,1082.4,0.01,26.08,28526.72,1
2026-05-14,2026-05-14 13:40:00,1082.4,1082.49,1082.4,1082.49,0.01,26.08,28526.72,1
2026-05-14,2026-05-14 13:50:00,1082.49,1082.57,1082.49,1082.57,0.01,26.08,28526.72,1
2026-05-14,2026-05-14 14:00:00,1082.57,1082.66,1082.57,1082.66,0.01,26.08,28526.72,1
2026-05-14,2026-05-14 14:10:00,1082.66,1082.75,1082.66,1082.75,0.01,26.08,28526.72,1
2026-05-14,2026-05-14 14:20:00,1082.75,1082.84,1082.75,1082.84,0.01,26.08,28526.72,1
2026-05-14,2026-05-14 14:30:00,1082.84,1082.92,1082.84,1082.92,0.01,26.08,28526.72,1
2026-05-14,2026-05-14 14:40:00,1082.92,1083.01,1082.92,1083.01,0.01,26.08,28526.72,1
2026-05-14,2026-05-14 14:50:00,1083.01,1083.1,1083.01,1083.1,0.01,26.08,28526.72,1
2026-05-14,2026-05-14 15:00:00,1083.1,1100.0,1081.0,1083.1,0.0,26.08,28526.72,0
2026-05-15,2026-05-15 11:00:00,1099.0,1099.0,1094.23,1098.5,-0.05,10.8,11756.74,-1
2026-05-15,2026-05-15 11:10:00,1098.5,1098.5,1098.0,1098.0,-0.05,10.8,11756.74,-1
2026-05-15,2026-05-15 11:20:00,1098.0,1098.0,1097.5,1097.5,-0.05,10.8,11756.74,-1
2026-05-15,2026-05-15 11:30:00,1097.5,1097.5,1097.0,1097.0,-0.05,10.8,11756.74,-1
2026-05-15,2026-05-15 11:40:00,1097.0,1097.0,1096.5,1096.5,-0.05,10.8,11756.74,-1
2026-05-15,2026-05-15 11:50:00,1096.5,1096.5,1096.0,1096.0,-0.05,10.8,11756.74,-1
2026-05-15,2026-05-15 12:00:00,1096.0,1096.0,1095.5,1095.5,-0.05,10.8,11756.74,-1
2026-05-15,2026-05-15 12:10:00,1095.5,1095.5,1095.0,1095.0,-0.05,10.8,11756.74,-1
2026-05-15,2026-05-15 12:20:00,1095.0,1095.0,1094.5,1094.5,-0.05,10.8,11756.74,-1
2026-05-15,2026-05-15 12:30:00,1094.5,1094.5,1094.0,1094.0,-0.05,10.8,11756.74,-1
2026-05-15,2026-05-15 12:40:00,1094.0,1094.0,1093.5,1093.5,-0.05,10.8,11756.74,-1
2026-05-15,2026-05-15 12:50:00,1093.5,1093.5,1093.0,1093.0,-0.05,10.8,11756.74,-1
2026-05-15,2026-05-15 13:00:00,1093.0,1099.0,1083.1,1092.5,-0.05,10.8,11756.74,-1
2026-05-15,2026-05-15 13:10:00,1092.5,1092.5,1092.0,1092.0,-0.05,10.8,11756.74,-1
2026-05-15,2026-05-15 13:20:00,1092.0,1092.0,1091.5,1091.5,-0.05,10.8,11756.74,-1
2026-05-15,2026-05-15 13:30:00,1091.5,1091.5,1091.0,1091.0,-0.05,10.8,11756.74,-1
2026-05-15,2026-05-15 13:40:00,1091.0,1091.0,1090.5,1090.5,-0.05,10.8,11756.74,-1
2026-05-15,2026-05-15 13:50:00,1090.5,1090.5,1090.0,1090.0,-0.05,10.8,11756.74,-1
2026-05-15,2026-05-15 14:00:00,1090.0,1090.0,1089.5,1089.5,-0.05,10.8,11756.74,-1
2026-05-15,2026-05-15 14:10:00,1089.5,1089.5,1089.0,1089.0,-0.05,10.8,11756.74,-1
2026-05-15,2026-05-15 14:20:00,1089.0,1089.0,1088.5,1088.5,-0.05,10.8,11756.74,-1
2026-05-15,2026-05-15 14:30:00,1088.5,1088.5,1088.0,1088.0,-0.05,10.8,11756.74,-1
2026-05-15,2026-05-15 14:40:00,1088.0,1088.0,1087.5,1087.5,-0.05,10.8,11756.74,-1
2026-05-15,2026-05-15 14:50:00,1087.5,1087.5,1087.0,1087.0,-0.05,10.8,11756.74,-1
2026-05-15,2026-05-15 15:00:00,1087.0,1099.0,1083.1,1087.0,0.0,10.8,11756.74,0
2026-05-18,2026-05-18 11:00:00,1087.0,1090.9,1086.13,1086.92,-0.01,16.8,18374.7,-1
2026-05-18,2026-05-18 11:10:00,1086.92,1086.92,1086.83,1086.83,-0.01,16.8,18374.7,-1
2026-05-18,2026-05-18 11:20:00,1086.83,1086.83,1086.75,1086.75,-0.01,16.8,18374.7,-1
2026-05-18,2026-05-18 11:30:00,1086.75,1086.75,1086.67,1086.67,-0.01,16.8,18374.7,-1
2026-05-18,2026-05-18 11:40:00,1086.67,1086.67,1086.58,1086.58,-0.01,16.8,18374.7,-1
2026-05-18,2026-05-18 11:50:00,1086.58,1086.58,1086.5,1086.5,-0.01,16.8,18374.7,-1
2026-05-18,2026-05-18 12:00:00,1086.5,1086.5,1086.42,1086.42,-0.01,16.8,18374.7,-1
2026-05-18,2026-05-18 12:10:00,1086.42,1086.42,1086.33,1086.33,-0.01,16.8,18374.7,-1
2026-05-18,2026-05-18 12:20:00,1086.33,1086.33,1086.25,1086.25,-0.01,16.8,18374.7,-1
2026-05-18,2026-05-18 12:30:00,1086.25,1086.25,1086.17,1086.17,-0.01,16.8,18374.7,-1
2026-05-18,2026-05-18 12:40:00,1086.17,1086.17,1086.08,1086.08,-0.01,16.8,18374.7,-1
2026-05-18,2026-05-18 12:50:00,1086.08,1086.08,1086.0,1086.0,-0.01,16.8,18374.7,-1
2026-05-18,2026-05-18 13:00:00,1086.0,1100.0,1084.1,1085.92,-0.01,16.8,18374.7,-1
2026-05-18,2026-05-18 13:10:00,1085.92,1085.92,1085.83,1085.83,-0.01,16.8,18374.7,-1
2026-05-18,2026-05-18 13:20:00,1085.83,1085.83,1085.75,1085.75,-0.01,16.8,18374.7,-1
2026-05-18,2026-05-18 13:30:00,1085.75,1085.75,1085.67,1085.67,-0.01,16.8,18374.7,-1
2026-05-18,2026-05-18 13:40:00,1085.67,1085.67,1085.58,1085.58,-0.01,16.8,18374.7,-1
2026-05-18,2026-05-18 13:50:00,1085.58,1085.58,1085.5,1085.5,-0.01,16.8,18374.7,-1
2026-05-18,2026-05-18 14:00:00,1085.5,1085.5,1085.42,1085.42,-0.01,16.8,18374.7,-1
2026-05-18,2026-05-18 14:10:00,1085.42,1085.42,1085.33,1085.33,-0.01,16.8,18374.7,-1
2026-05-18,2026-05-18 14:20:00,1085.33,1085.33,1085.25,1085.25,-0.01,16.8,18374.7,-1
2026-05-18,2026-05-18 14:30:00,1085.25,1085.25,1085.17,1085.17,-0.01,16.8,18374.7,-1
2026-05-18,2026-05-18 14:40:00,1085.17,1085.17,1085.08,1085.08,-0.01,16.8,18374.7,-1
2026-05-18,2026-05-18 14:50:00,1085.08,1085.08,1085.0,1085.0,-0.01,16.8,18374.7,-1
2026-05-18,2026-05-18 15:00:00,1085.0,1100.0,1084.1,1085.0,0.0,16.8,18374.7,0
2026-05-19,2026-05-19 11:00:00,1085.0,1088.87,1082.24,1085.21,0.02,15.36,16800.22,1
2026-05-19,2026-05-19 11:10:00,1085.21,1085.42,1085.21,1085.42,0.02,15.36,16800.22,1
2026-05-19,2026-05-19 11:20:00,1085.42,1085.62,1085.42,1085.62,0.02,15.36,16800.22,1
2026-05-19,2026-05-19 11:30:00,1085.62,1085.83,1085.62,1085.83,0.02,15.36,16800.22,1
2026-05-19,2026-05-19 11:40:00,1085.83,1086.04,1085.83,1086.04,0.02,15.36,16800.22,1
2026-05-19,2026-05-19 11:50:00,1086.04,1086.25,1086.04,1086.25,0.02,15.36,16800.22,1
2026-05-19,2026-05-19 12:00:00,1086.25,1086.46,1086.25,1086.46,0.02,15.36,16800.22,1
2026-05-19,2026-05-19 12:10:00,1086.46,1086.67,1086.46,1086.67,0.02,15.36,16800.22,1
2026-05-19,2026-05-19 12:20:00,1086.67,1086.88,1086.67,1086.88,0.02,15.36,16800.22,1
2026-05-19,2026-05-19 12:30:00,1086.88,1087.08,1086.88,1087.08,0.02,15.36,16800.22,1
2026-05-19,2026-05-19 12:40:00,1087.08,1087.29,1087.08,1087.29,0.02,15.36,16800.22,1
2026-05-19,2026-05-19 12:50:00,1087.29,1087.5,1087.29,1087.5,0.02,15.36,16800.22,1
2026-05-19,2026-05-19 13:00:00,1087.5,1097.9,1075.8,1087.71,0.02,15.36,16800.22,1
2026-05-19,2026-05-19 13:10:00,1087.71,1087.92,1087.71,1087.92,0.02,15.36,16800.22,1
2026-05-19,2026-05-19 13:20:00,1087.92,1088.12,1087.92,1088.12,0.02,15.36,16800.22,1
2026-05-19,2026-05-19 13:30:00,1088.12,1088.33,1088.12,1088.33,0.02,15.36,16800.22,1
2026-05-19,2026-05-19 13:40:00,1088.33,1088.54,1088.33,1088.54,0.02,15.36,16800.22,1
2026-05-19,2026-05-19 13:50:00,1088.54,1088.75,1088.54,1088.75,0.02,15.36,16800.22,1
2026-05-19,2026-05-19 14:00:00,1088.75,1088.96,1088.75,1088.96,0.02,15.36,16800.22,1
2026-05-19,2026-05-19 14:10:00,1088.96,1089.17,1088.96,1089.17,0.02,15.36,16800.22,1
2026-05-19,2026-05-19 14:20:00,1089.17,1089.38,1089.17,1089.38,0.02,15.36,16800.22,1
2026-05-19,2026-05-19 14:30:00,1089.38,1089.58,1089.38,1089.58,0.02,15.36,16800.22,1
2026-05-19,2026-05-19 14:40:00,1089.58,1089.79,1089.58,1089.79,0.02,15.36,16800.22,1
2026-05-19,2026-05-19 14:50:00,1089.79,1090.0,1089.79,1090.0,0.02,15.36,16800.22,1
2026-05-19,2026-05-19 15:00:00,1090.0,1097.9,1075.8,1090.0,0.0,15.36,16800.22,0
2026-05-20,2026-05-20 11:00:00,1090.0,1092.7,1090.0,1090.0,0.0,15.4,16887.7,0
2026-05-20,2026-05-20 11:10:00,1090.0,1090.0,1090.0,1090.0,0.0,15.4,16887.7,0
2026-05-20,2026-05-20 11:20:00,1090.0,1090.0,1090.0,1090.0,0.0,15.4,16887.7,0
2026-05-20,2026-05-20 11:30:00,1090.0,1090.0,1090.0,1090.0,0.0,15.4,16887.7,0
2026-05-20,2026-05-20 11:40:00,1090.0,1090.0,1090.0,1090.0,0.0,15.4,16887.7,0
2026-05-20,2026-05-20 11:50:00,1090.0,1090.0,1090.0,1090.0,0.0,15.4,16887.7,0
2026-05-20,2026-05-20 12:00:00,1090.0,1090.0,1090.0,1090.0,0.0,15.4,16887.7,0
2026-05-20,2026-05-20 12:10:00,1090.0,1090.0,1090.0,1090.0,0.0,15.4,16887.7,0
2026-05-20,2026-05-20 12:20:00,1090.0,1090.0,1090.0,1090.0,0.0,15.4,16887.7,0
2026-05-20,2026-05-20 12:30:00,1090.0,1090.0,1090.0,1090.0,0.0,15.4,16887.7,0
2026-05-20,2026-05-20 12:40:00,1090.0,1090.0,1090.0,1090.0,0.0,15.4,16887.7,0
2026-05-20,2026-05-20 12:50:00,1090.0,1090.0,1090.0,1090.0,0.0,15.4,16887.7,0
2026-05-20,2026-05-20 13:00:00,1090.0,1099.0,1090.0,1090.0,0.0,15.4,16887.7,0
2026-05-20,2026-05-20 13:10:00,1090.0,1090.0,1090.0,1090.0,0.0,15.4,16887.7,0
2026-05-20,2026-05-20 13:20:00,1090.0,1090.0,1090.0,1090.0,0.0,15.4,16887.7,0
2026-05-20,2026-05-20 13:30:00,1090.0,1090.0,1090.0,1090.0,0.0,15.4,16887.7,0
2026-05-20,2026-05-20 13:40:00,1090.0,1090.0,1090.0,1090.0,0.0,15.4,16887.7,0
2026-05-20,2026-05-20 13:50:00,1090.0,1090.0,1090.0,1090.0,0.0,15.4,16887.7,0
2026-05-20,2026-05-20 14:00:00,1090.0,1090.0,1090.0,1090.0,0.0,15.4,16887.7,0
2026-05-20,2026-05-20 14:10:00,1090.0,1090.0,1090.0,1090.0,0.0,15.4,16887.7,0
2026-05-20,2026-05-20 14:20:00,1090.0,1090.0,1090.0,1090.0,0.0,15.4,16887.7,0
2026-05-20,2026-05-20 14:30:00,1090.0,1090.0,1090.0,1090.0,0.0,15.4,16887.7,0
2026-05-20,2026-05-20 14:40:00,1090.0,1090.0,1090.0,1090.0,0.0,15.4,16887.7,0
2026-05-20,2026-05-20 14:50:00,1090.0,1090.0,1090.0,1090.0,0.0,15.4,16887.7,0
2026-05-20,2026-05-20 15:00:00,1090.0,1099.0,1090.0,1090.0,0.0,15.4,16887.7,0
2026-05-21,2026-05-21 11:00:00,1083.0,1088.1,1083.0,1083.7,0.06,21.44,23520.56,1
2026-05-21,2026-05-21 11:10:00,1083.7,1084.41,1083.7,1084.41,0.07,21.44,23520.56,1
2026-05-21,2026-05-21 11:20:00,1084.41,1085.11,1084.41,1085.11,0.06,21.44,23520.56,1
2026-05-21,2026-05-21 11:30:00,1085.11,1085.82,1085.11,1085.82,0.07,21.44,23520.56,1
2026-05-21,2026-05-21 11:40:00,1085.82,1086.52,1085.82,1086.52,0.06,21.44,23520.56,1
2026-05-21,2026-05-21 11:50:00,1086.52,1087.22,1086.52,1087.22,0.06,21.44,23520.56,1
2026-05-21,2026-05-21 12:00:00,1087.22,1087.93,1087.22,1087.93,0.07,21.44,23520.56,1
2026-05-21,2026-05-21 12:10:00,1087.93,1088.63,1087.93,1088.63,0.06,21.44,23520.56,1
2026-05-21,2026-05-21 12:20:00,1088.63,1089.34,1088.63,1089.34,0.07,21.44,23520.56,1
2026-05-21,2026-05-21 12:30:00,1089.34,1090.04,1089.34,1090.04,0.06,21.44,23520.56,1
2026-05-21,2026-05-21 12:40:00,1090.04,1090.75,1090.04,1090.75,0.07,21.44,23520.56,1
2026-05-21,2026-05-21 12:50:00,1090.75,1091.45,1090.75,1091.45,0.06,21.44,23520.56,1
2026-05-21,2026-05-21 13:00:00,1091.45,1100.0,1083.0,1092.15,0.06,21.44,23520.56,1
2026-05-21,2026-05-21 13:10:00,1092.15,1092.86,1092.15,1092.86,0.07,21.44,23520.56,1
2026-05-21,2026-05-21 13:20:00,1092.86,1093.56,1092.86,1093.56,0.06,21.44,23520.56,1
2026-05-21,2026-05-21 13:30:00,1093.56,1094.27,1093.56,1094.27,0.06,21.44,23520.56,1
2026-05-21,2026-05-21 13:40:00,1094.27,1094.97,1094.27,1094.97,0.06,21.44,23520.56,1
2026-05-21,2026-05-21 13:50:00,1094.97,1095.68,1094.97,1095.68,0.06,21.44,23520.56,1
2026-05-21,2026-05-21 14:00:00,1095.68,1096.38,1095.68,1096.38,0.06,21.44,23520.56,1
2026-05-21,2026-05-21 14:10:00,1096.38,1097.08,1096.38,1097.08,0.06,21.44,23520.56,1
2026-05-21,2026-05-21 14:20:00,1097.08,1097.79,1097.08,1097.79,0.06,21.44,23520.56,1
2026-05-21,2026-05-21 14:30:00,1097.79,1098.49,1097.79,1098.49,0.06,21.44,23520.56,1
2026-05-21,2026-05-21 14:40:00,1098.49,1099.2,1098.49,1099.2,0.06,21.44,23520.56,1
2026-05-21,2026-05-21 14:50:00,1099.2,1099.9,1099.2,1099.9,0.06,21.44,23520.56,1
2026-05-21,2026-05-21 15:00:00,1099.9,1100.0,1083.0,1099.9,0.0,21.44,23520.56,0
2026-05-22,2026-05-22 11:00:00,1080.3,1085.91,1080.27,1081.08,0.07,5.0,5425.6,1
2026-05-22,2026-05-22 11:10:00,1081.08,1081.86,1081.08,1081.86,0.07,5.0,5425.6,1
2026-05-22,2026-05-22 11:20:00,1081.86,1082.64,1081.86,1082.64,0.07,5.0,5425.6,1
2026-05-22,2026-05-22 11:30:00,1082.64,1083.42,1082.64,1083.42,0.07,5.0,5425.6,1
2026-05-22,2026-05-22 11:40:00,1083.42,1084.2,1083.42,1084.2,0.07,5.0,5425.6,1
2026-05-22,2026-05-22 11:50:00,1084.2,1084.97,1084.2,1084.97,0.07,5.0,5425.6,1
2026-05-22,2026-05-22 12:00:00,1084.97,1085.75,1084.97,1085.75,0.07,5.0,5425.6,1
2026-05-22,2026-05-22 12:10:00,1085.75,1086.53,1085.75,1086.53,0.07,5.0,5425.6,1
2026-05-22,2026-05-22 12:20:00,1086.53,1087.31,1086.53,1087.31,0.07,5.0,5425.6,1
2026-05-22,2026-05-22 12:30:00,1087.31,1088.09,1087.31,1088.09,0.07,5.0,5425.6,1
2026-05-22,2026-05-22 12:40:00,1088.09,1088.87,1088.09,1088.87,0.07,5.0,5425.6,1
2026-05-22,2026-05-22 12:50:00,1088.87,1089.65,1088.87,1089.65,0.07,5.0,5425.6,1
2026-05-22,2026-05-22 13:00:00,1089.65,1099.0,1080.2,1090.43,0.07,5.0,5425.6,1
2026-05-22,2026-05-22 13:10:00,1090.43,1091.21,1090.43,1091.21,0.07,5.0,5425.6,1
2026-05-22,2026-05-22 13:20:00,1091.21,1091.99,1091.21,1091.99,0.07,5.0,5425.6,1
2026-05-22,2026-05-22 13:30:00,1091.99,1092.77,1091.99,1092.77,0.07,5.0,5425.6,1
2026-05-22,2026-05-22 13:40:00,1092.77,1093.55,1092.77,1093.55,0.07,5.0,5425.6,1
2026-05-22,2026-05-22 13:50:00,1093.55,1094.33,1093.55,1094.33,0.07,5.0,5425.6,1
2026-05-22,2026-05-22 14:00:00,1094.33,1095.1,1094.33,1095.1,0.07,5.0,5425.6,1
2026-05-22,2026-05-22 14:10:00,1095.1,1095.88,1095.1,1095.88,0.07,5.0,5425.6,1
2026-05-22,2026-05-22 14:20:00,1095.88,1096.66,1095.88,1096.66,0.07,5.0,5425.6,1
2026-05-22,2026-05-22 14:30:00,1096.66,1097.44,1096.66,1097.44,0.07,5.0,5425.6,1
2026-05-22,2026-05-22 14:40:00,1097.44,1098.22,1097.44,1098.22,0.07,5.0,5425.6,1
2026-05-22,2026-05-22 14:50:00,1098.22,1099.0,1098.22,1099.0,0.07,5.0,5425.6,1
2026-05-22,2026-05-22 15:00:00,1099.0,1099.0,1080.2,1099.0,0.0,5.0,5425.6,0
2026-05-25,2026-05-25 11:00:00,1081.0,1086.4,1081.0,1081.75,0.07,8.0,8714.2,1
2026-05-25,2026-05-25 11:10:00,1081.75,1082.5,1081.75,1082.5,0.07,8.0,8714.2,1
2026-05-25,2026-05-25 11:20:00,1082.5,1083.25,1082.5,1083.25,0.07,8.0,8714.2,1
2026-05-25,2026-05-25 11:30:00,1083.25,1084.0,1083.25,1084.0,0.07,8.0,8714.2,1
2026-05-25,2026-05-25 11:40:00,1084.0,1084.75,1084.0,1084.75,0.07,8.0,8714.2,1
2026-05-25,2026-05-25 11:50:00,1084.75,1085.5,1084.75,1085.5,0.07,8.0,8714.2,1
2026-05-25,2026-05-25 12:00:00,1085.5,1086.25,1085.5,1086.25,0.07,8.0,8714.2,1
2026-05-25,2026-05-25 12:10:00,1086.25,1087.0,1086.25,1087.0,0.07,8.0,8714.2,1
2026-05-25,2026-05-25 12:20:00,1087.0,1087.75,1087.0,1087.75,0.07,8.0,8714.2,1
2026-05-25,2026-05-25 12:30:00,1087.75,1088.5,1087.75,1088.5,0.07,8.0,8714.2,1
2026-05-25,2026-05-25 12:40:00,1088.5,1089.25,1088.5,1089.25,0.07,8.0,8714.2,1
2026-05-25,2026-05-25 12:50:00,1089.25,1090.0,1089.25,1090.0,0.07,8.0,8714.2,1
2026-05-25,2026-05-25 13:00:00,1090.0,1099.0,1081.0,1090.75,0.07,8.0,8714.2,1
2026-05-25,2026-05-25 13:10:00,1090.75,1091.5,1090.75,1091.5,0.07,8.0,8714.2,1
2026-05-25,2026-05-25 13:20:00,1091.5,1092.25,1091.5,1092.25,0.07,8.0,8714.2,1
2026-05-25,2026-05-25 13:30:00,1092.25,1093.0,1092.25,1093.0,0.07,8.0,8714.2,1
2026-05-25,2026-05-25 13:40:00,1093.0,1093.75,1093.0,1093.75,0.07,8.0,8714.2,1
2026-05-25,2026-05-25 13:50:00,1093.75,1094.5,1093.75,1094.5,0.07,8.0,8714.2,1
2026-05-25,2026-05-25 14:00:00,1094.5,1095.25,1094.5,1095.25,0.07,8.0,8714.2,1
2026-05-25,2026-05-25 14:10:00,1095.25,1096.0,1095.25,1096.0,0.07,8.0,8714.2,1
2026-05-25,2026-05-25 14:20:00,1096.0,1096.75,1096.0,1096.75,0.07,8.0,8714.2,1
2026-05-25,2026-05-25 14:30:00,1096.75,1097.5,1096.75,1097.5,0.07,8.0,8714.2,1
2026-05-25,2026-05-25 14:40:00,1097.5,1098.25,1097.5,1098.25,0.07,8.0,8714.2,1
2026-05-25,2026-05-25 14:50:00,1098.25,1099.0,1098.25,1099.0,0.07,8.0,8714.2,1
2026-05-25,2026-05-25 15:00:00,1099.0,1099.0,1081.0,1099.0,0.0,8.0,8714.2,0
2026-05-26,2026-05-26 11:00:00,1090.0,1093.0,1087.9,1090.42,0.04,14.0,15313.2,1
2026-05-26,2026-05-26 11:10:00,1090.42,1090.83,1090.42,1090.83,0.04,14.0,15313.2,1
2026-05-26,2026-05-26 11:20:00,1090.83,1091.25,1090.83,1091.25,0.04,14.0,15313.2,1
2026-05-26,2026-05-26 11:30:00,1091.25,1091.67,1091.25,1091.67,0.04,14.0,15313.2,1
2026-05-26,2026-05-26 11:40:00,1091.67,1092.08,1091.67,1092.08,0.04,14.0,15313.2,1
2026-05-26,2026-05-26 11:50:00,1092.08,1092.5,1092.08,1092.5,0.04,14.0,15313.2,1
2026-05-26,2026-05-26 12:00:00,1092.5,1092.92,1092.5,1092.92,0.04,14.0,15313.2,1
2026-05-26,2026-05-26 12:10:00,1092.92,1093.33,1092.92,1093.33,0.04,14.0,15313.2,1
2026-05-26,2026-05-26 12:20:00,1093.33,1093.75,1093.33,1093.75,0.04,14.0,15313.2,1
2026-05-26,2026-05-26 12:30:00,1093.75,1094.17,1093.75,1094.17,0.04,14.0,15313.2,1
2026-05-26,2026-05-26 12:40:00,1094.17,1094.58,1094.17,1094.58,0.04,14.0,15313.2,1
2026-05-26,2026-05-26 12:50:00,1094.58,1095.0,1094.58,1095.0,0.04,14.0,15313.2,1
2026-05-26,2026-05-26 13:00:00,1095.0,1100.0,1083.0,1095.42,0.04,14.0,15313.2,1
2026-05-26,2026-05-26 13:10:00,1095.42,1095.83,1095.42,1095.83,0.04,14.0,15313.2,1
2026-05-26,2026-05-26 13:20:00,1095.83,1096.25,1095.83,1096.25,0.04,14.0,15313.2,1
2026-05-26,2026-05-26 13:30:00,1096.25,1096.67,1096.25,1096.67,0.04,14.0,15313.2,1
2026-05-26,2026-05-26 13:40:00,1096.67,1097.08,1096.67,1097.08,0.04,14.0,15313.2,1
2026-05-26,2026-05-26 13:50:00,1097.08,1097.5,1097.08,1097.5,0.04,14.0,15313.2,1
2026-05-26,2026-05-26 14:00:00,1097.5,1097.92,1097.5,1097.92,0.04,14.0,15313.2,1
2026-05-26,2026-05-26 14:10:00,1097.92,1098.33,1097.92,1098.33,0.04,14.0,15313.2,1
2026-05-26,2026-05-26 14:20:00,1098.33,1098.75,1098.33,1098.75,0.04,14.0,15313.2,1
2026-05-26,2026-05-26 14:30:00,1098.75,1099.17,1098.75,1099.17,0.04,14.0,15313.2,1
2026-05-26,2026-05-26 14:40:00,1099.17,1099.58,1099.17,1099.58,0.04,14.0,15313.2,1
2026-05-26,2026-05-26 14:50:00,1099.58,1100.0,1099.58,1100.0,0.04,14.0,15313.2,1
2026-05-26,2026-05-26 15:00:00,1100.0,1100.0,1083.0,1100.0,0.0,14.0,15313.2,0
2026-05-27,2026-05-27 11:00:00,1095.0,1095.0,1093.5,1094.79,-0.02,3.2,3499.0,-1
2026-05-27,2026-05-27 11:10:00,1094.79,1094.79,1094.58,1094.58,-0.02,3.2,3499.0,-1
2026-05-27,2026-05-27 11:20:00,1094.58,1094.58,1094.38,1094.38,-0.02,3.2,3499.0,-1
2026-05-27,2026-05-27 11:30:00,1094.38,1094.38,1094.17,1094.17,-0.02,3.2,3499.0,-1
2026-05-27,2026-05-27 11:40:00,1094.17,1094.17,1093.96,1093.96,-0.02,3.2,3499.0,-1
2026-05-27,2026-05-27 11:50:00,1093.96,1093.96,1093.75,1093.75,-0.02,3.2,3499.0,-1
2026-05-27,2026-05-27 12:00:00,1093.75,1093.75,1093.54,1093.54,-0.02,3.2,3499.0,-1
2026-05-27,2026-05-27 12:10:00,1093.54,1093.54,1093.33,1093.33,-0.02,3.2,3499.0,-1
2026-05-27,2026-05-27 12:20:00,1093.33,1093.33,1093.12,1093.12,-0.02,3.2,3499.0,-1
2026-05-27,2026-05-27 12:30:00,1093.12,1093.12,1092.92,1092.92,-0.02,3.2,3499.0,-1
2026-05-27,2026-05-27 12:40:00,1092.92,1092.92,1092.71,1092.71,-0.02,3.2,3499.0,-1
2026-05-27,2026-05-27 12:50:00,1092.71,1092.71,1092.5,1092.5,-0.02,3.2,3499.0,-1
2026-05-27,2026-05-27 13:00:00,1092.5,1095.0,1090.0,1092.29,-0.02,3.2,3499.0,-1
2026-05-27,2026-05-27 13:10:00,1092.29,1092.29,1092.08,1092.08,-0.02,3.2,3499.0,-1
2026-05-27,2026-05-27 13:20:00,1092.08,1092.08,1091.88,1091.88,-0.02,3.2,3499.0,-1
2026-05-27,2026-05-27 13:30:00,1091.88,1091.88,1091.67,1091.67,-0.02,3.2,3499.0,-1
2026-05-27,2026-05-27 13:40:00,1091.67,1091.67,1091.46,1091.46,-0.02,3.2,3499.0,-1
2026-05-27,2026-05-27 13:50:00,1091.46,1091.46,1091.25,1091.25,-0.02,3.2,3499.0,-1
2026-05-27,2026-05-27 14:00:00,1091.25,1091.25,1091.04,1091.04,-0.02,3.2,3499.0,-1
2026-05-27,2026-05-27 14:10:00,1091.04,1091.04,1090.83,1090.83,-0.02,3.2,3499.0,-1
2026-05-27,2026-05-27 14:20:00,1090.83,1090.83,1090.62,1090.62,-0.02,3.2,3499.0,-1
2026-05-27,2026-05-27 14:30:00,1090.62,1090.62,1090.42,1090.42,-0.02,3.2,3499.0,-1
2026-05-27,2026-05-27 14:40:00,1090.42,1090.42,1090.21,1090.21,-0.02,3.2,3499.0,-1
2026-05-27,2026-05-27 14:50:00,1090.21,1090.21,1090.0,1090.0,-0.02,3.2,3499.0,-1
2026-05-27,2026-05-27 15:00:00,1090.0,1095.0,1090.0,1090.0,0.0,3.2,3499.0,0
2026-06-01,2026-06-01 11:00:00,1085.0,1088.9,1085.0,1085.54,0.05,15.0,16368.4,1
2026-06-01,2026-06-01 11:10:00,1085.54,1086.08,1085.54,1086.08,0.05,15.0,16368.4,1
2026-06-01,2026-06-01 11:20:00,1086.08,1086.62,1086.08,1086.62,0.05,15.0,16368.4,1
2026-06-01,2026-06-01 11:30:00,1086.62,1087.17,1086.62,1087.17,0.05,15.0,16368.4,1
2026-06-01,2026-06-01 11:40:00,1087.17,1087.71,1087.17,1087.71,0.05,15.0,16368.4,1
2026-06-01,2026-06-01 11:50:00,1087.71,1088.25,1087.71,1088.25,0.05,15.0,16368.4,1
2026-06-01,2026-06-01 12:00:00,1088.25,1088.79,1088.25,1088.79,0.05,15.0,16368.4,1
2026-06-01,2026-06-01 12:10:00,1088.79,1089.33,1088.79,1089.33,0.05,15.0,16368.4,1
2026-06-01,2026-06-01 12:20:00,1089.33,1089.88,1089.33,1089.88,0.05,15.0,16368.4,1
2026-06-01,2026-06-01 12:30:00,1089.88,1090.42,1089.88,1090.42,0.05,15.0,16368.4,1
2026-06-01,2026-06-01 12:40:00,1090.42,1090.96,1090.42,1090.96,0.05,15.0,16368.4,1
2026-06-01,2026-06-01 12:50:00,1090.96,1091.5,1090.96,1091.5,0.05,15.0,16368.4,1
2026-06-01,2026-06-01 13:00:00,1091.5,1098.0,1085.0,1092.04,0.05,15.0,16368.4,1
2026-06-01,2026-06-01 13:10:00,1092.04,1092.58,1092.04,1092.58,0.05,15.0,16368.4,1
2026-06-01,2026-06-01 13:20:00,1092.58,1093.12,1092.58,1093.12,0.05,15.0,16368.4,1
2026-06-01,2026-06-01 13:30:00,1093.12,1093.67,1093.12,1093.67,0.05,15.0,16368.4,1
2026-06-01,2026-06-01 13:40:00,1093.67,1094.21,1093.67,1094.21,0.05,15.0,16368.4,1
2026-06-01,2026-06-01 13:50:00,1094.21,1094.75,1094.21,1094.75,0.05,15.0,16368.4,1
2026-06-01,2026-06-01 14:00:00,1094.75,1095.29,1094.75,1095.29,0.05,15.0,16368.4,1
2026-06-01,2026-06-01 14:10:00,1095.29,1095.83,1095.29,1095.83,0.05,15.0,16368.4,1
2026-06-01,2026-06-01 14:20:00,1095.83,1096.38,1095.83,1096.38,0.05,15.0,16368.4,1
2026-06-01,2026-06-01 14:30:00,1096.38,1096.92,1096.38,1096.92,0.05,15.0,16368.4,1
2026-06-01,2026-06-01 14:40:00,1096.92,1097.46,1096.92,1097.46,0.05,15.0,16368.4,1
2026-06-01,2026-06-01 14:50:00,1097.46,1098.0,1097.46,1098.0,0.05,15.0,16368.4,1
2026-06-01,2026-06-01 15:00:00,1098.0,1098.0,1085.0,1098.0,0.0,15.0,16368.4,0
2026-06-02,2026-06-02 11:00:00,1088.0,1091.0,1088.0,1088.42,0.04,11.2,12234.3,1
2026-06-02,2026-06-02 11:10:00,1088.42,1088.83,1088.42,1088.83,0.04,11.2,12234.3,1
2026-06-02,2026-06-02 11:20:00,1088.83,1089.25,1088.83,1089.25,0.04,11.2,12234.3,1
2026-06-02,2026-06-02 11:30:00,1089.25,1089.67,1089.25,1089.67,0.04,11.2,12234.3,1
2026-06-02,2026-06-02 11:40:00,1089.67,1090.08,1089.67,1090.08,0.04,11.2,12234.3,1
2026-06-02,2026-06-02 11:50:00,1090.08,1090.5,1090.08,1090.5,0.04,11.2,12234.3,1
2026-06-02,2026-06-02 12:00:00,1090.5,1090.92,1090.5,1090.92,0.04,11.2,12234.3,1
2026-06-02,2026-06-02 12:10:00,1090.92,1091.33,1090.92,1091.33,0.04,11.2,12234.3,1
2026-06-02,2026-06-02 12:20:00,1091.33,1091.75,1091.33,1091.75,0.04,11.2,12234.3,1
2026-06-02,2026-06-02 12:30:00,1091.75,1092.17,1091.75,1092.17,0.04,11.2,12234.3,1
2026-06-02,2026-06-02 12:40:00,1092.17,1092.58,1092.17,1092.58,0.04,11.2,12234.3,1
2026-06-02,2026-06-02 12:50:00,1092.58,1093.0,1092.58,1093.0,0.04,11.2,12234.3,1
2026-06-02,2026-06-02 13:00:00,1093.0,1098.0,1088.0,1093.42,0.04,11.2,12234.3,1
2026-06-02,2026-06-02 13:10:00,1093.42,1093.83,1093.42,1093.83,0.04,11.2,12234.3,1
2026-06-02,2026-06-02 13:20:00,1093.83,1094.25,1093.83,1094.25,0.04,11.2,12234.3,1
2026-06-02,2026-06-02 13:30:00,1094.25,1094.67,1094.25,1094.67,0.04,11.2,12234.3,1
2026-06-02,2026-06-02 13:40:00,1094.67,1095.08,1094.67,1095.08,0.04,11.2,12234.3,1
2026-06-02,2026-06-02 13:50:00,1095.08,1095.5,1095.08,1095.5,0.04,11.2,12234.3,1
2026-06-02,2026-06-02 14:00:00,1095.5,1095.92,1095.5,1095.92,0.04,11.2,12234.3,1
2026-06-02,2026-06-02 14:10:00,1095.92,1096.33,1095.92,1096.33,0.04,11.2,12234.3,1
2026-06-02,2026-06-02 14:20:00,1096.33,1096.75,1096.33,1096.75,0.04,11.2,12234.3,1
2026-06-02,2026-06-02 14:30:00,1096.75,1097.17,1096.75,1097.17,0.04,11.2,12234.3,1
2026-06-02,2026-06-02 14:40:00,1097.17,1097.58,1097.17,1097.58,0.04,11.2,12234.3,1
2026-06-02,2026-06-02 14:50:00,1097.58,1098.0,1097.58,1098.0,0.04,11.2,12234.3,1
2026-06-02,2026-06-02 15:00:00,1098.0,1098.0,1088.0,1098.0,0.0,11.2,12234.3,0
2026-06-03,2026-06-03 11:00:00,1080.0,1085.91,1080.0,1080.75,0.07,15.8,17324.6,1
2026-06-03,2026-06-03 11:10:00,1080.75,1081.5,1080.75,1081.5,0.07,15.8,17324.6,1
2026-06-03,2026-06-03 11:20:00,1081.5,1082.25,1081.5,1082.25,0.07,15.8,17324.6,1
2026-06-03,2026-06-03 11:30:00,1082.25,1083.0,1082.25,1083.0,0.07,15.8,17324.6,1
2026-06-03,2026-06-03 11:40:00,1083.0,1083.75,1083.0,1083.75,0.07,15.8,17324.6,1
2026-06-03,2026-06-03 11:50:00,1083.75,1084.5,1083.75,1084.5,0.07,15.8,17324.6,1
2026-06-03,2026-06-03 12:00:00,1084.5,1085.25,1084.5,1085.25,0.07,15.8,17324.6,1
2026-06-03,2026-06-03 12:10:00,1085.25,1086.0,1085.25,1086.0,0.07,15.8,17324.6,1
2026-06-03,2026-06-03 12:20:00,1086.0,1086.75,1086.0,1086.75,0.07,15.8,17324.6,1
2026-06-03,2026-06-03 12:30:00,1086.75,1087.5,1086.75,1087.5,0.07,15.8,17324.6,1
2026-06-03,2026-06-03 12:40:00,1087.5,1088.25,1087.5,1088.25,0.07,15.8,17324.6,1
2026-06-03,2026-06-03 12:50:00,1088.25,1089.0,1088.25,1089.0,0.07,15.8,17324.6,1
2026-06-03,2026-06-03 13:00:00,1089.0,1099.7,1080.0,1089.75,0.07,15.8,17324.6,1
2026-06-03,2026-06-03 13:10:00,1089.75,1090.5,1089.75,1090.5,0.07,15.8,17324.6,1
2026-06-03,2026-06-03 13:20:00,1090.5,1091.25,1090.5,1091.25,0.07,15.8,17324.6,1
2026-06-03,2026-06-03 13:30:00,1091.25,1092.0,1091.25,1092.0,0.07,15.8,17324.6,1
2026-06-03,2026-06-03 13:40:00,1092.0,1092.75,1092.0,1092.75,0.07,15.8,17324.6,1
2026-06-03,2026-06-03 13:50:00,1092.75,1093.5,1092.75,1093.5,0.07,15.8,17324.6,1
2026-06-03,2026-06-03 14:00:00,1093.5,1094.25,1093.5,1094.25,0.07,15.8,17324.6,1
2026-06-03,2026-06-03 14:10:00,1094.25,1095.0,1094.25,1095.0,0.07,15.8,17324.6,1
2026-06-03,2026-06-03 14:20:00,1095.0,1095.75,1095.0,1095.75,0.07,15.8,17324.6,1
2026-06-03,2026-06-03 14:30:00,1095.75,1096.5,1095.75,1096.5,0.07,15.8,17324.6,1
2026-06-03,2026-06-03 14:40:00,1096.5,1097.25,1096.5,1097.25,0.07,15.8,17324.6,1
2026-06-03,2026-06-03 14:50:00,1097.25,1098.0,1097.25,1098.0,0.07,15.8,17324.6,1
2026-06-03,2026-06-03 15:00:00,1098.0,1099.7,1080.0,1098.0,0.0,15.8,17324.6,0
2026-06-04,2026-06-04 11:00:00,1095.0,1096.5,1093.5,1095.08,0.01,11.6,12717.9,1
2026-06-04,2026-06-04 11:10:00,1095.08,1095.17,1095.08,1095.17,0.01,11.6,12717.9,1
2026-06-04,2026-06-04 11:20:00,1095.17,1095.25,1095.17,1095.25,0.01,11.6,12717.9,1
2026-06-04,2026-06-04 11:30:00,1095.25,1095.33,1095.25,1095.33,0.01,11.6,12717.9,1
2026-06-04,2026-06-04 11:40:00,1095.33,1095.42,1095.33,1095.42,0.01,11.6,12717.9,1
2026-06-04,2026-06-04 11:50:00,1095.42,1095.5,1095.42,1095.5,0.01,11.6,12717.9,1
2026-06-04,2026-06-04 12:00:00,1095.5,1095.58,1095.5,1095.58,0.01,11.6,12717.9,1
2026-06-04,2026-06-04 12:10:00,1095.58,1095.67,1095.58,1095.67,0.01,11.6,12717.9,1
2026-06-04,2026-06-04 12:20:00,1095.67,1095.75,1095.67,1095.75,0.01,11.6,12717.9,1
2026-06-04,2026-06-04 12:30:00,1095.75,1095.83,1095.75,1095.83,0.01,11.6,12717.9,1
2026-06-04,2026-06-04 12:40:00,1095.83,1095.92,1095.83,1095.92,0.01,11.6,12717.9,1
2026-06-04,2026-06-04 12:50:00,1095.92,1096.0,1095.92,1096.0,0.01,11.6,12717.9,1
2026-06-04,2026-06-04 13:00:00,1096.0,1100.0,1090.0,1096.08,0.01,11.6,12717.9,1
2026-06-04,2026-06-04 13:10:00,1096.08,1096.17,1096.08,1096.17,0.01,11.6,12717.9,1
2026-06-04,2026-06-04 13:20:00,1096.17,1096.25,1096.17,1096.25,0.01,11.6,12717.9,1
2026-06-04,2026-06-04 13:30:00,1096.25,1096.33,1096.25,1096.33,0.01,11.6,12717.9,1
2026-06-04,2026-06-04 13:40:00,1096.33,1096.42,1096.33,1096.42,0.01,11.6,12717.9,1
2026-06-04,2026-06-04 13:50:00,1096.42,1096.5,1096.42,1096.5,0.01,11.6,12717.9,1
2026-06-04,2026-06-04 14:00:00,1096.5,1096.58,1096.5,1096.58,0.01,11.6,12717.9,1
2026-06-04,2026-06-04 14:10:00,1096.58,1096.67,1096.58,1096.67,0.01,11.6,12717.9,1
2026-06-04,2026-06-04 14:20:00,1096.67,1096.75,1096.67,1096.75,0.01,11.6,12717.9,1
2026-06-04,2026-06-04 14:30:00,1096.75,1096.83,1096.75,1096.83,0.01,11.6,12717.9,1
2026-06-04,2026-06-04 14:40:00,1096.83,1096.92,1096.83,1096.92,0.01,11.6,12717.9,1
2026-06-04,2026-06-04 14:50:00,1096.92,1097.0,1096.92,1097.0,0.01,11.6,12717.9,1
2026-06-04,2026-06-04 15:00:00,1097.0,1100.0,1090.0,1097.0,0.0,11.6,12717.9,0
2026-06-05,2026-06-05 11:00:00,1095.0,1095.6,1093.5,1095.42,0.04,2.0,2192.0,1
2026-06-05,2026-06-05 11:10:00,1095.42,1095.83,1095.42,1095.83,0.04,2.0,2192.0,1
2026-06-05,2026-06-05 11:20:00,1095.83,1096.25,1095.83,1096.25,0.04,2.0,2192.0,1
2026-06-05,2026-06-05 11:30:00,1096.25,1096.67,1096.25,1096.67,0.04,2.0,2192.0,1
2026-06-05,2026-06-05 11:40:00,1096.67,1097.08,1096.67,1097.08,0.04,2.0,2192.0,1
2026-06-05,2026-06-05 11:50:00,1097.08,1097.5,1097.08,1097.5,0.04,2.0,2192.0,1
2026-06-05,2026-06-05 12:00:00,1097.5,1097.92,1097.5,1097.92,0.04,2.0,2192.0,1
2026-06-05,2026-06-05 12:10:00,1097.92,1098.33,1097.92,1098.33,0.04,2.0,2192.0,1
2026-06-05,2026-06-05 12:20:00,1098.33,1098.75,1098.33,1098.75,0.04,2.0,2192.0,1
2026-06-05,2026-06-05 12:30:00,1098.75,1099.17,1098.75,1099.17,0.04,2.0,2192.0,1
2026-06-05,2026-06-05 12:40:00,1099.17,1099.58,1099.17,1099.58,0.04,2.0,2192.0,1
2026-06-05,2026-06-05 12:50:00,1099.58,1100.0,1099.58,1100.0,0.04,2.0,2192.0,1
2026-06-05,2026-06-05 13:00:00,1100.0,1100.42,1090.0,1100.42,0.04,2.0,2192.0,1
2026-06-05,2026-06-05 13:10:00,1100.42,1100.83,1100.42,1100.83,0.04,2.0,2192.0,1
2026-06-05,2026-06-05 13:20:00,1100.83,1101.25,1100.83,1101.25,0.04,2.0,2192.0,1
2026-06-05,2026-06-05 13:30:00,1101.25,1101.67,1101.25,1101.67,0.04,2.0,2192.0,1
2026-06-05,2026-06-05 13:40:00,1101.67,1102.08,1101.67,1102.08,0.04,2.0,2192.0,1
2026-06-05,2026-06-05 13:50:00,1102.08,1102.5,1102.08,1102.5,0.04,2.0,2192.0,1
2026-06-05,2026-06-05 14:00:00,1102.5,1102.92,1102.5,1102.92,0.04,2.0,2192.0,1
2026-06-05,2026-06-05 14:10:00,1102.92,1103.33,1102.92,1103.33,0.04,2.0,2192.0,1
2026-06-05,2026-06-05 14:20:00,1103.33,1103.75,1103.33,1103.75,0.04,2.0,2192.0,1
2026-06-05,2026-06-05 14:30:00,1103.75,1104.17,1103.75,1104.17,0.04,2.0,2192.0,1
2026-06-05,2026-06-05 14:40:00,1104.17,1104.58,1104.17,1104.58,0.04,2.0,2192.0,1
2026-06-05,2026-06-05 14:50:00,1104.58,1105.0,1104.58,1105.0,0.04,2.0,2192.0,1
2026-06-05,2026-06-05 15:00:00,1105.0,1105.0,1090.0,1105.0,0.0,2.0,2192.0,0
2026-06-08,2026-06-08 11:00:00,1084.0,1087.3,1084.0,1084.19,0.02,7.4,8057.3,1
2026-06-08,2026-06-08 11:10:00,1084.19,1084.38,1084.19,1084.38,0.02,7.4,8057.3,1
2026-06-08,2026-06-08 11:20:00,1084.38,1084.56,1084.38,1084.56,0.02,7.4,8057.3,1
2026-06-08,2026-06-08 11:30:00,1084.56,1084.75,1084.56,1084.75,0.02,7.4,8057.3,1
2026-06-08,2026-06-08 11:40:00,1084.75,1084.94,1084.75,1084.94,0.02,7.4,8057.3,1
2026-06-08,2026-06-08 11:50:00,1084.94,1085.12,1084.94,1085.12,0.02,7.4,8057.3,1
2026-06-08,2026-06-08 12:00:00,1085.12,1085.31,1085.12,1085.31,0.02,7.4,8057.3,1
2026-06-08,2026-06-08 12:10:00,1085.31,1085.5,1085.31,1085.5,0.02,7.4,8057.3,1
2026-06-08,2026-06-08 12:20:00,1085.5,1085.69,1085.5,1085.69,0.02,7.4,8057.3,1
2026-06-08,2026-06-08 12:30:00,1085.69,1085.88,1085.69,1085.88,0.02,7.4,8057.3,1
2026-06-08,2026-06-08 12:40:00,1085.88,1086.06,1085.88,1086.06,0.02,7.4,8057.3,1
2026-06-08,2026-06-08 12:50:00,1086.06,1086.25,1086.06,1086.25,0.02,7.4,8057.3,1
2026-06-08,2026-06-08 13:00:00,1086.25,1095.0,1084.0,1086.44,0.02,7.4,8057.3,1
2026-06-08,2026-06-08 13:10:00,1086.44,1086.62,1086.44,1086.62,0.02,7.4,8057.3,1
2026-06-08,2026-06-08 13:20:00,1086.62,1086.81,1086.62,1086.81,0.02,7.4,8057.3,1
2026-06-08,2026-06-08 13:30:00,1086.81,1087.0,1086.81,1087.0,0.02,7.4,8057.3,1
2026-06-08,2026-06-08 13:40:00,1087.0,1087.19,1087.0,1087.19,0.02,7.4,8057.3,1
2026-06-08,2026-06-08 13:50:00,1087.19,1087.38,1087.19,1087.38,0.02,7.4,8057.3,1
2026-06-08,2026-06-08 14:00:00,1087.38,1087.56,1087.38,1087.56,0.02,7.4,8057.3,1
2026-06-08,2026-06-08 14:10:00,1087.56,1087.75,1087.56,1087.75,0.02,7.4,8057.3,1
2026-06-08,2026-06-08 14:20:00,1087.75,1087.94,1087.75,1087.94,0.02,7.4,8057.3,1
2026-06-08,2026-06-08 14:30:00,1087.94,1088.12,1087.94,1088.12,0.02,7.4,8057.3,1
2026-06-08,2026-06-08 14:40:00,1088.12,1088.31,1088.12,1088.31,0.02,7.4,8057.3,1
2026-06-08,2026-06-08 14:50:00,1088.31,1088.5,1088.31,1088.5,0.02,7.4,8057.3,1
2026-06-08,2026-06-08 15:00:00,1088.5,1095.0,1084.0,1088.5,0.0,7.4,8057.3,0
2026-06-09,2026-06-09 11:00:00,1080.1,1086.67,1080.1,1080.32,0.02,10.8,11786.6,1
2026-06-09,2026-06-09 11:10:00,1080.32,1080.55,1080.32,1080.55,0.02,10.8,11786.6,1
2026-06-09,2026-06-09 11:20:00,1080.55,1080.77,1080.55,1080.77,0.02,10.8,11786.6,1
2026-06-09,2026-06-09 11:30:00,1080.77,1081.0,1080.77,1081.0,0.02,10.8,11786.6,1
2026-06-09,2026-06-09 11:40:00,1081.0,1081.22,1081.0,1081.22,0.02,10.8,11786.6,1
2026-06-09,2026-06-09 11:50:00,1081.22,1081.45,1081.22,1081.45,0.02,10.8,11786.6,1
2026-06-09,2026-06-09 12:00:00,1081.45,1081.67,1081.45,1081.67,0.02,10.8,11786.6,1
2026-06-09,2026-06-09 12:10:00,1081.67,1081.9,1081.67,1081.9,0.02,10.8,11786.6,1
2026-06-09,2026-06-09 12:20:00,1081.9,1082.12,1081.9,1082.12,0.02,10.8,11786.6,1
2026-06-09,2026-06-09 12:30:00,1082.12,1082.35,1082.12,1082.35,0.02,10.8,11786.6,1
2026-06-09,2026-06-09 12:40:00,1082.35,1082.58,1082.35,1082.58,0.02,10.8,11786.6,1
2026-06-09,2026-06-09 12:50:00,1082.58,1082.8,1082.58,1082.8,0.02,10.8,11786.6,1
2026-06-09,2026-06-09 13:00:00,1082.8,1102.0,1080.1,1083.02,0.02,10.8,11786.6,1
2026-06-09,2026-06-09 13:10:00,1083.02,1083.25,1083.02,1083.25,0.02,10.8,11786.6,1
2026-06-09,2026-06-09 13:20:00,1083.25,1083.47,1083.25,1083.47,0.02,10.8,11786.6,1
2026-06-09,2026-06-09 13:30:00,1083.47,1083.7,1083.47,1083.7,0.02,10.8,11786.6,1
2026-06-09,2026-06-09 13:40:00,1083.7,1083.92,1083.7,1083.92,0.02,10.8,11786.6,1
2026-06-09,2026-06-09 13:50:00,1083.92,1084.15,1083.92,1084.15,0.02,10.8,11786.6,1
2026-06-09,2026-06-09 14:00:00,1084.15,1084.38,1084.15,1084.38,0.02,10.8,11786.6,1
2026-06-09,2026-06-09 14:10:00,1084.38,1084.6,1084.38,1084.6,0.02,10.8,11786.6,1
2026-06-09,2026-06-09 14:20:00,1084.6,1084.83,1084.6,1084.83,0.02,10.8,11786.6,1
2026-06-09,2026-06-09 14:30:00,1084.83,1085.05,1084.83,1085.05,0.02,10.8,11786.6,1
2026-06-09,2026-06-09 14:40:00,1085.05,1085.28,1085.05,1085.28,0.02,10.8,11786.6,1
2026-06-09,2026-06-09 14:50:00,1085.28,1085.5,1085.28,1085.5,0.02,10.8,11786.6,1
2026-06-09,2026-06-09 15:00:00,1085.5,1102.0,1080.1,1085.5,0.0,10.8,11786.6,0
2026-06-10,2026-06-10 11:00:00,1090.0,1090.0,1090.0,1090.0,0.0,2.0,2180.0,0
2026-06-10,2026-06-10 11:10:00,1090.0,1090.0,1090.0,1090.0,0.0,2.0,2180.0,0
2026-06-10,2026-06-10 11:20:00,1090.0,1090.0,1090.0,1090.0,0.0,2.0,2180.0,0
2026-06-10,2026-06-10 11:30:00,1090.0,1090.0,1090.0,1090.0,0.0,2.0,2180.0,0
2026-06-10,2026-06-10 11:40:00,1090.0,1090.0,1090.0,1090.0,0.0,2.0,2180.0,0
2026-06-10,2026-06-10 11:50:00,1090.0,1090.0,1090.0,1090.0,0.0,2.0,2180.0,0
2026-06-10,2026-06-10 12:00:00,1090.0,1090.0,1090.0,1090.0,0.0,2.0,2180.0,0
2026-06-10,2026-06-10 12:10:00,1090.0,1090.0,1090.0,1090.0,0.0,2.0,2180.0,0
2026-06-10,2026-06-10 12:20:00,1090.0,1090.0,1090.0,1090.0,0.0,2.0,2180.0,0
2026-06-10,2026-06-10 12:30:00,1090.0,1090.0,1090.0,1090.0,0.0,2.0,2180.0,0
2026-06-10,2026-06-10 12:40:00,1090.0,1090.0,1090.0,1090.0,0.0,2.0,2180.0,0
2026-06-10,2026-06-10 12:50:00,1090.0,1090.0,1090.0,1090.0,0.0,2.0,2180.0,0
2026-06-10,2026-06-10 13:00:00,1090.0,1090.0,1090.0,1090.0,0.0,2.0,2180.0,0
2026-06-10,2026-06-10 13:10:00,1090.0,1090.0,1090.0,1090.0,0.0,2.0,2180.0,0
2026-06-10,2026-06-10 13:20:00,1090.0,1090.0,1090.0,1090.0,0.0,2.0,2180.0,0
2026-06-10,2026-06-10 13:30:00,1090.0,1090.0,1090.0,1090.0,0.0,2.0,2180.0,0
2026-06-10,2026-06-10 13:40:00,1090.0,1090.0,1090.0,1090.0,0.0,2.0,2180.0,0
2026-06-10,2026-06-10 13:50:00,1090.0,1090.0,1090.0,1090.0,0.0,2.0,2180.0,0
2026-06-10,2026-06-10 14:00:00,1090.0,1090.0,1090.0,1090.0,0.0,2.0,2180.0,0
2026-06-10,2026-06-10 14:10:00,1090.0,1090.0,1090.0,1090.0,0.0,2.0,2180.0,0
2026-06-10,2026-06-10 14:20:00,1090.0,1090.0,1090.0,1090.0,0.0,2.0,2180.0,0
2026-06-10,2026-06-10 14:30:00,1090.0,1090.0,1090.0,1090.0,0.0,2.0,2180.0,0
2026-06-10,2026-06-10 14:40:00,1090.0,1090.0,1090.0,1090.0,0.0,2.0,2180.0,0
2026-06-10,2026-06-10 14:50:00,1090.0,1090.0,1090.0,1090.0,0.0,2.0,2180.0,0
2026-06-10,2026-06-10 15:00:00,1090.0,1090.0,1090.0,1090.0,0.0,2.0,2180.0,0
2026-06-11,2026-06-11 11:00:00,1098.0,1098.3,1094.13,1097.46,-0.05,5.0,5462.1,-1
2026-06-11,2026-06-11 11:10:00,1097.46,1097.46,1096.92,1096.92,-0.05,5.0,5462.1,-1
2026-06-11,2026-06-11 11:20:00,1096.92,1096.92,1096.39,1096.39,-0.05,5.0,5462.1,-1
2026-06-11,2026-06-11 11:30:00,1096.39,1096.39,1095.85,1095.85,-0.05,5.0,5462.1,-1
2026-06-11,2026-06-11 11:40:00,1095.85,1095.85,1095.31,1095.31,-0.05,5.0,5462.1,-1
2026-06-11,2026-06-11 11:50:00,1095.31,1095.31,1094.78,1094.78,-0.05,5.0,5462.1,-1
2026-06-11,2026-06-11 12:00:00,1094.78,1094.78,1094.24,1094.24,-0.05,5.0,5462.1,-1
2026-06-11,2026-06-11 12:10:00,1094.24,1094.24,1093.7,1093.7,-0.05,5.0,5462.1,-1
2026-06-11,2026-06-11 12:20:00,1093.7,1093.7,1093.16,1093.16,-0.05,5.0,5462.1,-1
2026-06-11,2026-06-11 12:30:00,1093.16,1093.16,1092.62,1092.62,-0.05,5.0,5462.1,-1
2026-06-11,2026-06-11 12:40:00,1092.62,1092.62,1092.09,1092.09,-0.05,5.0,5462.1,-1
2026-06-11,2026-06-11 12:50:00,1092.09,1092.09,1091.55,1091.55,-0.05,5.0,5462.1,-1
2026-06-11,2026-06-11 13:00:00,1091.55,1099.0,1085.1,1091.01,-0.05,5.0,5462.1,-1
2026-06-11,2026-06-11 13:10:00,1091.01,1091.01,1090.47,1090.47,-0.05,5.0,5462.1,-1
2026-06-11,2026-06-11 13:20:00,1090.47,1090.47,1089.94,1089.94,-0.05,5.0,5462.1,-1
2026-06-11,2026-06-11 13:30:00,1089.94,1089.94,1089.4,1089.4,-0.05,5.0,5462.1,-1
2026-06-11,2026-06-11 13:40:00,1089.4,1089.4,1088.86,1088.86,-0.05,5.0,5462.1,-1
2026-06-11,2026-06-11 13:50:00,1088.86,1088.86,1088.32,1088.32,-0.05,5.0,5462.1,-1
2026-06-11,2026-06-11 14:00:00,1088.32,1088.32,1087.79,1087.79,-0.05,5.0,5462.1,-1
2026-06-11,2026-06-11 14:10:00,1087.79,1087.79,1087.25,1087.25,-0.05,5.0,5462.1,-1
2026-06-11,2026-06-11 14:20:00,1087.25,1087.25,1086.71,1086.71,-0.05,5.0,5462.1,-1
2026-06-11,2026-06-11 14:30:00,1086.71,1086.71,1086.17,1086.17,-0.05,5.0,5462.1,-1
2026-06-11,2026-06-11 14:40:00,1086.17,1086.17,1085.64,1085.64,-0.05,5.0,5462.1,-1
2026-06-11,2026-06-11 14:50:00,1085.64,1085.64,1085.1,1085.1,-0.05,5.0,5462.1,-1
2026-06-11,2026-06-11 15:00:00,1085.1,1099.0,1085.1,1085.1,0.0,5.0,5462.1,0
2026-06-12,2026-06-12 11:00:00,1100.0,1100.0,1095.83,1099.42,-0.05,5.0,5462.3,-1
2026-06-12,2026-06-12 11:10:00,1099.42,1099.42,1098.85,1098.85,-0.05,5.0,5462.3,-1
2026-06-12,2026-06-12 11:20:00,1098.85,1098.85,1098.28,1098.28,-0.05,5.0,5462.3,-1
2026-06-12,2026-06-12 11:30:00,1098.28,1098.28,1097.7,1097.7,-0.05,5.0,5462.3,-1
2026-06-12,2026-06-12 11:40:00,1097.7,1097.7,1097.12,1097.12,-0.05,5.0,5462.3,-1
2026-06-12,2026-06-12 11:50:00,1097.12,1097.12,1096.55,1096.55,-0.05,5.0,5462.3,-1
2026-06-12,2026-06-12 12:00:00,1096.55,1096.55,1095.97,1095.97,-0.05,5.0,5462.3,-1
2026-06-12,2026-06-12 12:10:00,1095.97,1095.97,1095.4,1095.4,-0.05,5.0,5462.3,-1
2026-06-12,2026-06-12 12:20:00,1095.4,1095.4,1094.83,1094.83,-0.05,5.0,5462.3,-1
2026-06-12,2026-06-12 12:30:00,1094.83,1094.83,1094.25,1094.25,-0.05,5.0,5462.3,-1
2026-06-12,2026-06-12 12:40:00,1094.25,1094.25,1093.67,1093.67,-0.05,5.0,5462.3,-1
2026-06-12,2026-06-12 12:50:00,1093.67,1093.67,1093.1,1093.1,-0.05,5.0,5462.3,-1
2026-06-12,2026-06-12 13:00:00,1093.1,1100.0,1086.1,1092.53,-0.05,5.0,5462.3,-1
2026-06-12,2026-06-12 13:10:00,1092.53,1092.53,1091.95,1091.95,-0.05,5.0,5462.3,-1
2026-06-12,2026-06-12 13:20:00,1091.95,1091.95,1091.38,1091.38,-0.05,5.0,5462.3,-1
2026-06-12,2026-06-12 13:30:00,1091.38,1091.38,1090.8,1090.8,-0.05,5.0,5462.3,-1
2026-06-12,2026-06-12 13:40:00,1090.8,1090.8,1090.23,1090.23,-0.05,5.0,5462.3,-1
2026-06-12,2026-06-12 13:50:00,1090.23,1090.23,1089.65,1089.65,-0.05,5.0,5462.3,-1
2026-06-12,2026-06-12 14:00:00,1089.65,1089.65,1089.08,1089.08,-0.05,5.0,5462.3,-1
2026-06-12,2026-06-12 14:10:00,1089.08,1089.08,1088.5,1088.5,-0.05,5.0,5462.3,-1
2026-06-12,2026-06-12 14:20:00,1088.5,1088.5,1087.92,1087.92,-0.05,5.0,5462.3,-1
2026-06-12,2026-06-12 14:30:00,1087.92,1087.92,1087.35,1087.35,-0.05,5.0,5462.3,-1
2026-06-12,2026-06-12 14:40:00,1087.35,1087.35,1086.78,1086.78,-0.05,5.0,5462.3,-1
2026-06-12,2026-06-12 14:50:00,1086.78,1086.78,1086.2,1086.2,-0.05,5.0,5462.3,-1
2026-06-12,2026-06-12 15:00:00,1086.2,1100.0,1086.1,1086.2,0.0,5.0,5462.3,0
2026-06-15,2026-06-15 11:00:00,1087.3,1087.3,1087.21,1087.29,-0.0,4.0,4348.7,-1
2026-06-15,2026-06-15 11:10:00,1087.29,1087.29,1087.27,1087.27,-0.0,4.0,4348.7,-1
2026-06-15,2026-06-15 11:20:00,1087.27,1087.27,1087.26,1087.26,-0.0,4.0,4348.7,-1
2026-06-15,2026-06-15 11:30:00,1087.26,1087.26,1087.25,1087.25,-0.0,4.0,4348.7,-1
2026-06-15,2026-06-15 11:40:00,1087.25,1087.25,1087.24,1087.24,-0.0,4.0,4348.7,-1
2026-06-15,2026-06-15 11:50:00,1087.24,1087.24,1087.22,1087.22,-0.0,4.0,4348.7,-1
2026-06-15,2026-06-15 12:00:00,1087.22,1087.22,1087.21,1087.21,-0.0,4.0,4348.7,-1
2026-06-15,2026-06-15 12:10:00,1087.21,1087.21,1087.2,1087.2,-0.0,4.0,4348.7,-1
2026-06-15,2026-06-15 12:20:00,1087.2,1087.2,1087.19,1087.19,-0.0,4.0,4348.7,-1
2026-06-15,2026-06-15 12:30:00,1087.19,1087.19,1087.17,1087.17,-0.0,4.0,4348.7,-1
2026-06-15,2026-06-15 12:40:00,1087.17,1087.17,1087.16,1087.16,-0.0,4.0,4348.7,-1
2026-06-15,2026-06-15 12:50:00,1087.16,1087.16,1087.15,1087.15,-0.0,4.0,4348.7,-1
2026-06-15,2026-06-15 13:00:00,1087.15,1087.3,1087.0,1087.14,-0.0,4.0,4348.7,-1
2026-06-15,2026-06-15 13:10:00,1087.14,1087.14,1087.12,1087.12,-0.0,4.0,4348.7,-1
2026-06-15,2026-06-15 13:20:00,1087.12,1087.12,1087.11,1087.11,-0.0,4.0,4348.7,-1
2026-06-15,2026-06-15 13:30:00,1087.11,1087.11,1087.1,1087.1,-0.0,4.0,4348.7,-1
2026-06-15,2026-06-15 13:40:00,1087.1,1087.1,1087.09,1087.09,-0.0,4.0,4348.7,-1
2026-06-15,2026-06-15 13:50:00,1087.09,1087.09,1087.08,1087.08,-0.0,4.0,4348.7,-1
2026-06-15,2026-06-15 14:00:00,1087.08,1087.08,1087.06,1087.06,-0.0,4.0,4348.7,-1
2026-06-15,2026-06-15 14:10:00,1087.06,1087.06,1087.05,1087.05,-0.0,4.0,4348.7,-1
2026-06-15,2026-06-15 14:20:00,1087.05,1087.05,1087.04,1087.04,-0.0,4.0,4348.7,-1
2026-06-15,2026-06-15 14:30:00,1087.04,1087.04,1087.03,1087.03,-0.0,4.0,4348.7,-1
2026-06-15,2026-06-15 14:40:00,1087.03,1087.03,1087.01,1087.01,-0.0,4.0,4348.7,-1
2026-06-15,2026-06-15 14:50:00,1087.01,1087.01,1087.0,1087.0,-0.0,4.0,4348.7,-1
2026-06-15,2026-06-15 15:00:00,1087.0,1087.3,1087.0,1087.0,0.0,4.0,4348.7,0
2026-06-16,2026-06-16 11:00:00,1087.0,1089.4,1087.0,1087.33,0.03,5.0,5448.82,1
2026-06-16,2026-06-16 11:10:00,1087.33,1087.67,1087.33,1087.67,0.03,5.0,5448.82,1
2026-06-16,2026-06-16 11:20:00,1087.67,1088.0,1087.67,1088.0,0.03,5.0,5448.82,1
2026-06-16,2026-06-16 11:30:00,1088.0,1088.33,1088.0,1088.33,0.03,5.0,5448.82,1
2026-06-16,2026-06-16 11:40:00,1088.33,1088.67,1088.33,1088.67,0.03,5.0,5448.82,1
2026-06-16,2026-06-16 11:50:00,1088.67,1089.0,1088.67,1089.0,0.03,5.0,5448.82,1
2026-06-16,2026-06-16 12:00:00,1089.0,1089.33,1089.0,1089.33,0.03,5.0,5448.82,1
2026-06-16,2026-06-16 12:10:00,1089.33,1089.67,1089.33,1089.67,0.03,5.0,5448.82,1
2026-06-16,2026-06-16 12:20:00,1089.67,1090.0,1089.67,1090.0,0.03,5.0,5448.82,1
2026-06-16,2026-06-16 12:30:00,1090.0,1090.33,1090.0,1090.33,0.03,5.0,5448.82,1
2026-06-16,2026-06-16 12:40:00,1090.33,1090.67,1090.33,1090.67,0.03,5.0,5448.82,1
2026-06-16,2026-06-16 12:50:00,1090.67,1091.0,1090.67,1091.0,0.03,5.0,5448.82,1
2026-06-16,2026-06-16 13:00:00,1091.0,1095.0,1087.0,1091.33,0.03,5.0,5448.82,1
2026-06-16,2026-06-16 13:10:00,1091.33,1091.67,1091.33,1091.67,0.03,5.0,5448.82,1
2026-06-16,2026-06-16 13:20:00,1091.67,1092.0,1091.67,1092.0,0.03,5.0,5448.82,1
2026-06-16,2026-06-16 13:30:00,1092.0,1092.33,1092.0,1092.33,0.03,5.0,5448.82,1
2026-06-16,2026-06-16 13:40:00,1092.33,1092.67,1092.33,1092.67,0.03,5.0,5448.82,1
2026-06-16,2026-06-16 13:50:00,1092.67,1093.0,1092.67,1093.0,0.03,5.0,5448.82,1
2026-06-16,2026-06-16 14:00:00,1093.0,1093.33,1093.0,1093.33,0.03,5.0,5448.82,1
2026-06-16,2026-06-16 14:10:00,1093.33,1093.67,1093.33,1093.67,0.03,5.0,5448.82,1
2026-06-16,2026-06-16 14:20:00,1093.67,1094.0,1093.67,1094.0,0.03,5.0,5448.82,1
2026-06-16,2026-06-16 14:30:00,1094.0,1094.33,1094.0,1094.33,0.03,5.0,5448.82,1
2026-06-16,2026-06-16 14:40:00,1094.33,1094.67,1094.33,1094.67,0.03,5.0,5448.82,1
2026-06-16,2026-06-16 14:50:00,1094.67,1095.0,1094.67,1095.0,0.03,5.0,5448.82,1
2026-06-16,2026-06-16 15:00:00,1095.0,1095.0,1087.0,1095.0,0.0,5.0,5448.82,0
2026-06-17,2026-06-17 11:00:00,1090.1,1092.77,1089.17,1090.47,0.03,4.0,4371.1,1
2026-06-17,2026-06-17 11:10:00,1090.47,1090.84,1090.47,1090.84,0.03,4.0,4371.1,1
2026-06-17,2026-06-17 11:20:00,1090.84,1091.21,1090.84,1091.21,0.03,4.0,4371.1,1
2026-06-17,2026-06-17 11:30:00,1091.21,1091.58,1091.21,1091.58,0.03,4.0,4371.1,1
2026-06-17,2026-06-17 11:40:00,1091.58,1091.95,1091.58,1091.95,0.03,4.0,4371.1,1
2026-06-17,2026-06-17 11:50:00,1091.95,1092.32,1091.95,1092.32,0.03,4.0,4371.1,1
2026-06-17,2026-06-17 12:00:00,1092.32,1092.7,1092.32,1092.7,0.03,4.0,4371.1,1
2026-06-17,2026-06-17 12:10:00,1092.7,1093.07,1092.7,1093.07,0.03,4.0,4371.1,1
2026-06-17,2026-06-17 12:20:00,1093.07,1093.44,1093.07,1093.44,0.03,4.0,4371.1,1
2026-06-17,2026-06-17 12:30:00,1093.44,1093.81,1093.44,1093.81,0.03,4.0,4371.1,1
2026-06-17,2026-06-17 12:40:00,1093.81,1094.18,1093.81,1094.18,0.03,4.0,4371.1,1
2026-06-17,2026-06-17 12:50:00,1094.18,1094.55,1094.18,1094.55,0.03,4.0,4371.1,1
2026-06-17,2026-06-17 13:00:00,1094.55,1099.0,1087.0,1094.92,0.03,4.0,4371.1,1
2026-06-17,2026-06-17 13:10:00,1094.92,1095.29,1094.92,1095.29,0.03,4.0,4371.1,1
2026-06-17,2026-06-17 13:20:00,1095.29,1095.66,1095.29,1095.66,0.03,4.0,4371.1,1
2026-06-17,2026-06-17 13:30:00,1095.66,1096.03,1095.66,1096.03,0.03,4.0,4371.1,1
2026-06-17,2026-06-17 13:40:00,1096.03,1096.4,1096.03,1096.4,0.03,4.0,4371.1,1
2026-06-17,2026-06-17 13:50:00,1096.4,1096.78,1096.4,1096.78,0.03,4.0,4371.1,1
2026-06-17,2026-06-17 14:00:00,1096.78,1097.15,1096.78,1097.15,0.03,4.0,4371.1,1
2026-06-17,2026-06-17 14:10:00,1097.15,1097.52,1097.15,1097.52,0.03,4.0,4371.1,1
2026-06-17,2026-06-17 14:20:00,1097.52,1097.89,1097.52,1097.89,0.03,4.0,4371.1,1
2026-06-17,2026-06-17 14:30:00,1097.89,1098.26,1097.89,1098.26,0.03,4.0,4371.1,1
2026-06-17,2026-06-17 14:40:00,1098.26,1098.63,1098.26,1098.63,0.03,4.0,4371.1,1
2026-06-17,2026-06-17 14:50:00,1098.63,1099.0,1098.63,1099.0,0.03,4.0,4371.1,1
2026-06-17,2026-06-17 15:00:00,1099.0,1099.0,1087.0,1099.0,0.0,4.0,4371.1,0
2026-06-18,2026-06-18 11:00:00,1087.2,1087.2,1087.2,1087.2,0.0,1.0,1087.2,0
2026-06-18,2026-06-18 11:10:00,1087.2,1087.2,1087.2,1087.2,0.0,1.0,1087.2,0
2026-06-18,2026-06-18 11:20:00,1087.2,1087.2,1087.2,1087.2,0.0,1.0,1087.2,0
2026-06-18,2026-06-18 11:30:00,1087.2,1087.2,1087.2,1087.2,0.0,1.0,1087.2,0
2026-06-18,2026-06-18 11:40:00,1087.2,1087.2,1087.2,1087.2,0.0,1.0,1087.2,0
2026-06-18,2026-06-18 11:50:00,1087.2,1087.2,1087.2,1087.2,0.0,1.0,1087.2,0
2026-06-18,2026-06-18 12:00:00,1087.2,1087.2,1087.2,1087.2,0.0,1.0,1087.2,0
2026-06-18,2026-06-18 12:10:00,1087.2,1087.2,1087.2,1087.2,0.0,1.0,1087.2,0
2026-06-18,2026-06-18 12:20:00,1087.2,1087.2,1087.2,1087.2,0.0,1.0,1087.2,0
2026-06-18,2026-06-18 12:30:00,1087.2,1087.2,1087.2,1087.2,0.0,1.0,1087.2,0
2026-06-18,2026-06-18 12:40:00,1087.2,1087.2,1087.2,1087.2,0.0,1.0,1087.2,0
2026-06-18,2026-06-18 12:50:00,1087.2,1087.2,1087.2,1087.2,0.0,1.0,1087.2,0
2026-06-18,2026-06-18 13:00:00,1087.2,1087.2,1087.2,1087.2,0.0,1.0,1087.2,0
2026-06-18,2026-06-18 13:10:00,1087.2,1087.2,1087.2,1087.2,0.0,1.0,1087.2,0
2026-06-18,2026-06-18 13:20:00,1087.2,1087.2,1087.2,1087.2,0.0,1.0,1087.2,0
2026-06-18,2026-06-18 13:30:00,1087.2,1087.2,1087.2,1087.2,0.0,1.0,1087.2,0
2026-06-18,2026-06-18 13:40:00,1087.2,1087.2,1087.2,1087.2,0.0,1.0,1087.2,0
2026-06-18,2026-06-18 13:50:00,1087.2,1087.2,1087.2,1087.2,0.0,1.0,1087.2,0
2026-06-18,2026-06-18 14:00:00,1087.2,1087.2,1087.2,1087.2,0.0,1.0,1087.2,0
2026-06-18,2026-06-18 14:10:00,1087.2,1087.2,1087.2,1087.2,0.0,1.0,1087.2,0
2026-06-18,2026-06-18 14:20:00,1087.2,1087.2,1087.2,1087.2,0.0,1.0,1087.2,0
2026-06-18,2026-06-18 14:30:00,1087.2,1087.2,1087.2,1087.2,0.0,1.0,1087.2,0
2026-06-18,2026-06-18 14:40:00,1087.2,1087.2,1087.2,1087.2,0.0,1.0,1087.2,0
2026-06-18,2026-06-18 14:50:00,1087.2,1087.2,1087.2,1087.2,0.0,1.0,1087.2,0
2026-06-18,2026-06-18 15:00:00,1087.2,1087.2,1087.2,1087.2,0.0,1.0,1087.2,0
2026-06-19,2026-06-19 11:00:00,1087.5,1087.5,1087.11,1087.46,-0.0,3.0,3260.2,-1
2026-06-19,2026-06-19 11:10:00,1087.46,1087.46,1087.42,1087.42,-0.0,3.0,3260.2,-1
2026-06-19,2026-06-19 11:20:00,1087.42,1087.42,1087.38,1087.38,-0.0,3.0,3260.2,-1
2026-06-19,2026-06-19 11:30:00,1087.38,1087.38,1087.33,1087.33,-0.0,3.0,3260.2,-1
2026-06-19,2026-06-19 11:40:00,1087.33,1087.33,1087.29,1087.29,-0.0,3.0,3260.2,-1
2026-06-19,2026-06-19 11:50:00,1087.29,1087.29,1087.25,1087.25,-0.0,3.0,3260.2,-1
2026-06-19,2026-06-19 12:00:00,1087.25,1087.25,1087.21,1087.21,-0.0,3.0,3260.2,-1
2026-06-19,2026-06-19 12:10:00,1087.21,1087.21,1087.17,1087.17,-0.0,3.0,3260.2,-1
2026-06-19,2026-06-19 12:20:00,1087.17,1087.17,1087.12,1087.12,-0.0,3.0,3260.2,-1
2026-06-19,2026-06-19 12:30:00,1087.12,1087.12,1087.08,1087.08,-0.0,3.0,3260.2,-1
2026-06-19,2026-06-19 12:40:00,1087.08,1087.08,1087.04,1087.04,-0.0,3.0,3260.2,-1
2026-06-19,2026-06-19 12:50:00,1087.04,1087.04,1087.0,1087.0,-0.0,3.0,3260.2,-1
2026-06-19,2026-06-19 13:00:00,1087.0,1087.5,1086.2,1086.96,-0.0,3.0,3260.2,-1
2026-06-19,2026-06-19 13:10:00,1086.96,1086.96,1086.92,1086.92,-0.0,3.0,3260.2,-1
2026-06-19,2026-06-19 13:20:00,1086.92,1086.92,1086.88,1086.88,-0.0,3.0,3260.2,-1
2026-06-19,2026-06-19 13:30:00,1086.88,1086.88,1086.83,1086.83,-0.0,3.0,3260.2,-1
2026-06-19,2026-06-19 13:40:00,1086.83,1086.83,1086.79,1086.79,-0.0,3.0,3260.2,-1
2026-06-19,2026-06-19 13:50:00,1086.79,1086.79,1086.75,1086.75,-0.0,3.0,3260.2,-1
2026-06-19,2026-06-19 14:00:00,1086.75,1086.75,1086.71,1086.71,-0.0,3.0,3260.2,-1
2026-06-19,2026-06-19 14:10:00,1086.71,1086.71,1086.67,1086.67,-0.0,3.0,3260.2,-1
2026-06-19,2026-06-19 14:20:00,1086.67,1086.67,1086.62,1086.62,-0.0,3.0,3260.2,-1
2026-06-19,2026-06-19 14:30:00,1086.62,1086.62,1086.58,1086.58,-0.0,3.0,3260.2,-1
2026-06-19,2026-06-19 14:40:00,1086.58,1086.58,1086.54,1086.54,-0.0,3.0,3260.2,-1
2026-06-19,2026-06-19 14:50:00,1086.54,1086.54,1086.5,1086.5,-0.0,3.0,3260.2,-1
2026-06-19,2026-06-19 15:00:00,1086.5,1087.5,1086.2,1086.5,0.0,3.0,3260.2,0
2026-06-22,2026-06-22 11:00:00,1100.0,1101.5,1099.1,1099.92,-0.01,27.2,29941.7,-1
2026-06-22,2026-06-22 11:10:00,1099.92,1099.92,1099.84,1099.84,-0.01,27.2,29941.7,-1
2026-06-22,2026-06-22 11:20:00,1099.84,1099.84,1099.76,1099.76,-0.01,27.2,29941.7,-1
2026-06-22,2026-06-22 11:30:00,1099.76,1099.76,1099.68,1099.68,-0.01,27.2,29941.7,-1
2026-06-22,2026-06-22 11:40:00,1099.68,1099.68,1099.6,1099.6,-0.01,27.2,29941.7,-1
2026-06-22,2026-06-22 11:50:00,1099.6,1099.6,1099.53,1099.53,-0.01,27.2,29941.7,-1
2026-06-22,2026-06-22 12:00:00,1099.53,1099.53,1099.45,1099.45,-0.01,27.2,29941.7,-1
2026-06-22,2026-06-22 12:10:00,1099.45,1099.45,1099.37,1099.37,-0.01,27.2,29941.7,-1
2026-06-22,2026-06-22 12:20:00,1099.37,1099.37,1099.29,1099.29,-0.01,27.2,29941.7,-1
2026-06-22,2026-06-22 12:30:00,1099.29,1099.29,1099.21,1099.21,-0.01,27.2,29941.7,-1
2026-06-22,2026-06-22 12:40:00,1099.21,1099.21,1099.13,1099.13,-0.01,27.2,29941.7,-1
2026-06-22,2026-06-22 12:50:00,1099.13,1099.13,1099.05,1099.05,-0.01,27.2,29941.7,-1
2026-06-22,2026-06-22 13:00:00,1099.05,1105.0,1097.0,1098.97,-0.01,27.2,29941.7,-1
2026-06-22,2026-06-22 13:10:00,1098.97,1098.97,1098.89,1098.89,-0.01,27.2,29941.7,-1
2026-06-22,2026-06-22 13:20:00,1098.89,1098.89,1098.81,1098.81,-0.01,27.2,29941.7,-1
2026-06-22,2026-06-22 13:30:00,1098.81,1098.81,1098.73,1098.73,-0.01,27.2,29941.7,-1
2026-06-22,2026-06-22 13:40:00,1098.73,1098.73,1098.65,1098.65,-0.01,27.2,29941.7,-1
2026-06-22,2026-06-22 13:50:00,1098.65,1098.65,1098.57,1098.57,-0.01,27.2,29941.7,-1
2026-06-22,2026-06-22 14:00:00,1098.57,1098.57,1098.5,1098.5,-0.01,27.2,29941.7,-1
2026-06-22,2026-06-22 14:10:00,1098.5,1098.5,1098.42,1098.42,-0.01,27.2,29941.7,-1
2026-06-22,2026-06-22 14:20:00,1098.42,1098.42,1098.34,1098.34,-0.01,27.2,29941.7,-1
2026-06-22,2026-06-22 14:30:00,1098.34,1098.34,1098.26,1098.26,-0.01,27.2,29941.7,-1
2026-06-22,2026-06-22 14:40:00,1098.26,1098.26,1098.18,1098.18,-0.01,27.2,29941.7,-1
2026-06-22,2026-06-22 14:50:00,1098.18,1098.18,1098.1,1098.1,-0.01,27.2,29941.7,-1
2026-06-22,2026-06-22 15:00:00,1098.1,1105.0,1097.0,1098.1,0.0,27.2,29941.7,0
2026-06-23,2026-06-23 11:00:00,1095.0,1099.5,1092.6,1094.67,-0.03,12.0,13202.1,-1
2026-06-23,2026-06-23 11:10:00,1094.67,1094.67,1094.33,1094.33,-0.03,12.0,13202.1,-1
2026-06-23,2026-06-23 11:20:00,1094.33,1094.33,1094.0,1094.0,-0.03,12.0,13202.1,-1
2026-06-23,2026-06-23 11:30:00,1094.0,1094.0,1093.67,1093.67,-0.03,12.0,13202.1,-1
2026-06-23,2026-06-23 11:40:00,1093.67,1093.67,1093.33,1093.33,-0.03,12.0,13202.1,-1
2026-06-23,2026-06-23 11:50:00,1093.33,1093.33,1093.0,1093.0,-0.03,12.0,13202.1,-1
2026-06-23,2026-06-23 12:00:00,1093.0,1093.0,1092.67,1092.67,-0.03,12.0,13202.1,-1
2026-06-23,2026-06-23 12:10:00,1092.67,1092.67,1092.33,1092.33,-0.03,12.0,13202.1,-1
2026-06-23,2026-06-23 12:20:00,1092.33,1092.33,1092.0,1092.0,-0.03,12.0,13202.1,-1
2026-06-23,2026-06-23 12:30:00,1092.0,1092.0,1091.67,1091.67,-0.03,12.0,13202.1,-1
2026-06-23,2026-06-23 12:40:00,1091.67,1091.67,1091.33,1091.33,-0.03,12.0,13202.1,-1
2026-06-23,2026-06-23 12:50:00,1091.33,1091.33,1091.0,1091.0,-0.03,12.0,13202.1,-1
2026-06-23,2026-06-23 13:00:00,1091.0,1110.0,1087.0,1090.67,-0.03,12.0,13202.1,-1
2026-06-23,2026-06-23 13:10:00,1090.67,1090.67,1090.33,1090.33,-0.03,12.0,13202.1,-1
2026-06-23,2026-06-23 13:20:00,1090.33,1090.33,1090.0,1090.0,-0.03,12.0,13202.1,-1
2026-06-23,2026-06-23 13:30:00,1090.0,1090.0,1089.67,1089.67,-0.03,12.0,13202.1,-1
2026-06-23,2026-06-23 13:40:00,1089.67,1089.67,1089.33,1089.33,-0.03,12.0,13202.1,-1
2026-06-23,2026-06-23 13:50:00,1089.33,1089.33,1089.0,1089.0,-0.03,12.0,13202.1,-1
2026-06-23,2026-06-23 14:00:00,1089.0,1089.0,1088.67,1088.67,-0.03,12.0,13202.1,-1
2026-06-23,2026-06-23 14:10:00,1088.67,1088.67,1088.33,1088.33,-0.03,12.0,13202.1,-1
2026-06-23,2026-06-23 14:20:00,1088.33,1088.33,1088.0,1088.0,-0.03,12.0,13202.1,-1
2026-06-23,2026-06-23 14:30:00,1088.0,1088.0,1087.67,1087.67,-0.03,12.0,13202.1,-1
2026-06-23,2026-06-23 14:40:00,1087.67,1087.67,1087.33,1087.33,-0.03,12.0,13202.1,-1
2026-06-23,2026-06-23 14:50:00,1087.33,1087.33,1087.0,1087.0,-0.03,12.0,13202.1,-1
2026-06-23,2026-06-23 15:00:00,1087.0,1110.0,1087.0,1087.0,0.0,12.0,13202.1,0
2026-06-24,2026-06-24 11:00:00,1095.1,1101.97,1095.1,1095.92,0.07,37.2,41344.74,1
2026-06-24,2026-06-24 11:10:00,1095.92,1096.75,1095.92,1096.75,0.08,37.2,41344.74,1
2026-06-24,2026-06-24 11:20:00,1096.75,1097.57,1096.75,1097.57,0.07,37.2,41344.74,1
2026-06-24,2026-06-24 11:30:00,1097.57,1098.4,1097.57,1098.4,0.08,37.2,41344.74,1
2026-06-24,2026-06-24 11:40:00,1098.4,1099.22,1098.4,1099.22,0.07,37.2,41344.74,1
2026-06-24,2026-06-24 11:50:00,1099.22,1100.05,1099.22,1100.05,0.08,37.2,41344.74,1
2026-06-24,2026-06-24 12:00:00,1100.05,1100.88,1100.05,1100.88,0.08,37.2,41344.74,1
2026-06-24,2026-06-24 12:10:00,1100.88,1101.7,1100.88,1101.7,0.07,37.2,41344.74,1
2026-06-24,2026-06-24 12:20:00,1101.7,1102.53,1101.7,1102.53,0.08,37.2,41344.74,1
2026-06-24,2026-06-24 12:30:00,1102.53,1103.35,1102.53,1103.35,0.07,37.2,41344.74,1
2026-06-24,2026-06-24 12:40:00,1103.35,1104.17,1103.35,1104.17,0.07,37.2,41344.74,1
2026-06-24,2026-06-24 12:50:00,1104.17,1105.0,1104.17,1105.0,0.08,37.2,41344.74,1
2026-06-24,2026-06-24 13:00:00,1105.0,1118.0,1095.1,1105.83,0.08,37.2,41344.74,1
2026-06-24,2026-06-24 13:10:00,1105.83,1106.65,1105.83,1106.65,0.07,37.2,41344.74,1
2026-06-24,2026-06-24 13:20:00,1106.65,1107.47,1106.65,1107.47,0.07,37.2,41344.74,1
2026-06-24,2026-06-24 13:30:00,1107.47,1108.3,1107.47,1108.3,0.07,37.2,41344.74,1
2026-06-24,2026-06-24 13:40:00,1108.3,1109.12,1108.3,1109.12,0.07,37.2,41344.74,1
2026-06-24,2026-06-24 13:50:00,1109.12,1109.95,1109.12,1109.95,0.07,37.2,41344.74,1
2026-06-24,2026-06-24 14:00:00,1109.95,1110.78,1109.95,1110.78,0.07,37.2,41344.74,1
2026-06-24,2026-06-24 14:10:00,1110.78,1111.6,1110.78,1111.6,0.07,37.2,41344.74,1
2026-06-24,2026-06-24 14:20:00,1111.6,1112.43,1111.6,1112.43,0.07,37.2,41344.74,1
2026-06-24,2026-06-24 14:30:00,1112.43,1113.25,1112.43,1113.25,0.07,37.2,41344.74,1
2026-06-24,2026-06-24 14:40:00,1113.25,1114.08,1113.25,1114.08,0.07,37.2,41344.74,1
2026-06-24,2026-06-24 14:50:00,1114.08,1114.9,1114.08,1114.9,0.07,37.2,41344.74,1
2026-06-24,2026-06-24 15:00:00,1114.9,1118.0,1095.1,1114.9,0.0,37.2,41344.74,0
2026-06-25,2026-06-25 11:00:00,1100.0,1100.0,1098.68,1099.82,-0.02,9.4,10313.24,-1
2026-06-25,2026-06-25 11:10:00,1099.82,1099.82,1099.63,1099.63,-0.02,9.4,10313.24,-1
2026-06-25,2026-06-25 11:20:00,1099.63,1099.63,1099.45,1099.45,-0.02,9.4,10313.24,-1
2026-06-25,2026-06-25 11:30:00,1099.45,1099.45,1099.27,1099.27,-0.02,9.4,10313.24,-1
2026-06-25,2026-06-25 11:40:00,1099.27,1099.27,1099.08,1099.08,-0.02,9.4,10313.24,-1
2026-06-25,2026-06-25 11:50:00,1099.08,1099.08,1098.9,1098.9,-0.02,9.4,10313.24,-1
2026-06-25,2026-06-25 12:00:00,1098.9,1098.9,1098.72,1098.72,-0.02,9.4,10313.24,-1
2026-06-25,2026-06-25 12:10:00,1098.72,1098.72,1098.53,1098.53,-0.02,9.4,10313.24,-1
2026-06-25,2026-06-25 12:20:00,1098.53,1098.53,1098.35,1098.35,-0.02,9.4,10313.24,-1
2026-06-25,2026-06-25 12:30:00,1098.35,1098.35,1098.17,1098.17,-0.02,9.4,10313.24,-1
2026-06-25,2026-06-25 12:40:00,1098.17,1098.17,1097.98,1097.98,-0.02,9.4,10313.24,-1
2026-06-25,2026-06-25 12:50:00,1097.98,1097.98,1097.8,1097.8,-0.02,9.4,10313.24,-1
2026-06-25,2026-06-25 13:00:00,1097.8,1100.0,1095.6,1097.62,-0.02,9.4,10313.24,-1
2026-06-25,2026-06-25 13:10:00,1097.62,1097.62,1097.43,1097.43,-0.02,9.4,10313.24,-1
2026-06-25,2026-06-25 13:20:00,1097.43,1097.43,1097.25,1097.25,-0.02,9.4,10313.24,-1
2026-06-25,2026-06-25 13:30:00,1097.25,1097.25,1097.07,1097.07,-0.02,9.4,10313.24,-1
2026-06-25,2026-06-25 13:40:00,1097.07,1097.07,1096.88,1096.88,-0.02,9.4,10313.24,-1
2026-06-25,2026-06-25 13:50:00,1096.88,1096.88,1096.7,1096.7,-0.02,9.4,10313.24,-1
2026-06-25,2026-06-25 14:00:00,1096.7,1096.7,1096.52,1096.52,-0.02,9.4,10313.24,-1
2026-06-25,2026-06-25 14:10:00,1096.52,1096.52,1096.33,1096.33,-0.02,9.4,10313.24,-1
2026-06-25,2026-06-25 14:20:00,1096.33,1096.33,1096.15,1096.15,-0.02,9.4,10313.24,-1
2026-06-25,2026-06-25 14:30:00,1096.15,1096.15,1095.97,1095.97,-0.02,9.4,10313.24,-1
2026-06-25,2026-06-25 14:40:00,1095.97,1095.97,1095.78,1095.78,-0.02,9.4,10313.24,-1
2026-06-25,2026-06-25 14:50:00,1095.78,1095.78,1095.6,1095.6,-0.02,9.4,10313.24,-1
2026-06-25,2026-06-25 15:00:00,1095.6,1100.0,1095.6,1095.6,0.0,9.4,10313.24,0
2026-06-26,2026-06-26 11:00:00,1100.0,1103.0,1099.28,1100.58,0.05,8.72,9621.56,1
2026-06-26,2026-06-26 11:10:00,1100.58,1101.15,1100.58,1101.15,0.05,8.72,9621.56,1
2026-06-26,2026-06-26 11:20:00,1101.15,1101.72,1101.15,1101.72,0.05,8.72,9621.56,1
2026-06-26,2026-06-26 11:30:00,1101.72,1102.3,1101.72,1102.3,0.05,8.72,9621.56,1
2026-06-26,2026-06-26 11:40:00,1102.3,1102.88,1102.3,1102.88,0.05,8.72,9621.56,1
2026-06-26,2026-06-26 11:50:00,1102.88,1103.45,1102.88,1103.45,0.05,8.72,9621.56,1
2026-06-26,2026-06-26 12:00:00,1103.45,1104.03,1103.45,1104.03,0.05,8.72,9621.56,1
2026-06-26,2026-06-26 12:10:00,1104.03,1104.6,1104.03,1104.6,0.05,8.72,9621.56,1
2026-06-26,2026-06-26 12:20:00,1104.6,1105.17,1104.6,1105.17,0.05,8.72,9621.56,1
2026-06-26,2026-06-26 12:30:00,1105.17,1105.75,1105.17,1105.75,0.05,8.72,9621.56,1
2026-06-26,2026-06-26 12:40:00,1105.75,1106.33,1105.75,1106.33,0.05,8.72,9621.56,1
2026-06-26,2026-06-26 12:50:00,1106.33,1106.9,1106.33,1106.9,0.05,8.72,9621.56,1
2026-06-26,2026-06-26 13:00:00,1106.9,1110.0,1097.6,1107.47,0.05,8.72,9621.56,1
2026-06-26,2026-06-26 13:10:00,1107.47,1108.05,1107.47,1108.05,0.05,8.72,9621.56,1
2026-06-26,2026-06-26 13:20:00,1108.05,1108.62,1108.05,1108.62,0.05,8.72,9621.56,1
2026-06-26,2026-06-26 13:30:00,1108.62,1109.2,1108.62,1109.2,0.05,8.72,9621.56,1
2026-06-26,2026-06-26 13:40:00,1109.2,1109.77,1109.2,1109.77,0.05,8.72,9621.56,1
2026-06-26,2026-06-26 13:50:00,1109.77,1110.35,1109.77,1110.35,0.05,8.72,9621.56,1
2026-06-26,2026-06-26 14:00:00,1110.35,1110.92,1110.35,1110.92,0.05,8.72,9621.56,1
2026-06-26,2026-06-26 14:10:00,1110.92,1111.5,1110.92,1111.5,0.05,8.72,9621.56,1
2026-06-26,2026-06-26 14:20:00,1111.5,1112.08,1111.5,1112.08,0.05,8.72,9621.56,1
2026-06-26,2026-06-26 14:30:00,1112.08,1112.65,1112.08,1112.65,0.05,8.72,9621.56,1
2026-06-26,2026-06-26 14:40:00,1112.65,1113.22,1112.65,1113.22,0.05,8.72,9621.56,1
2026-06-26,2026-06-26 14:50:00,1113.22,1113.8,1113.22,1113.8,0.05,8.72,9621.56,1
2026-06-26,2026-06-26 15:00:00,1113.8,1113.8,1097.6,1113.8,0.0,8.72,9621.56,0
2026-06-29,2026-06-29 11:00:00,1094.2,1098.94,1094.2,1094.3,0.01,4.4,4848.8,1
2026-06-29,2026-06-29 11:10:00,1094.3,1094.39,1094.3,1094.39,0.01,4.4,4848.8,1
2026-06-29,2026-06-29 11:20:00,1094.39,1094.49,1094.39,1094.49,0.01,4.4,4848.8,1
2026-06-29,2026-06-29 11:30:00,1094.49,1094.58,1094.49,1094.58,0.01,4.4,4848.8,1
2026-06-29,2026-06-29 11:40:00,1094.58,1094.68,1094.58,1094.68,0.01,4.4,4848.8,1
2026-06-29,2026-06-29 11:50:00,1094.68,1094.78,1094.68,1094.78,0.01,4.4,4848.8,1
2026-06-29,2026-06-29 12:00:00,1094.78,1094.87,1094.78,1094.87,0.01,4.4,4848.8,1
2026-06-29,2026-06-29 12:10:00,1094.87,1094.97,1094.87,1094.97,0.01,4.4,4848.8,1
2026-06-29,2026-06-29 12:20:00,1094.97,1095.06,1094.97,1095.06,0.01,4.4,4848.8,1
2026-06-29,2026-06-29 12:30:00,1095.06,1095.16,1095.06,1095.16,0.01,4.4,4848.8,1
2026-06-29,2026-06-29 12:40:00,1095.16,1095.25,1095.16,1095.25,0.01,4.4,4848.8,1
2026-06-29,2026-06-29 12:50:00,1095.25,1095.35,1095.25,1095.35,0.01,4.4,4848.8,1
2026-06-29,2026-06-29 13:00:00,1095.35,1110.0,1094.2,1095.45,0.01,4.4,4848.8,1
2026-06-29,2026-06-29 13:10:00,1095.45,1095.54,1095.45,1095.54,0.01,4.4,4848.8,1
2026-06-29,2026-06-29 13:20:00,1095.54,1095.64,1095.54,1095.64,0.01,4.4,4848.8,1
2026-06-29,2026-06-29 13:30:00,1095.64,1095.73,1095.64,1095.73,0.01,4.4,4848.8,1
2026-06-29,2026-06-29 13:40:00,1095.73,1095.83,1095.73,1095.83,0.01,4.4,4848.8,1
2026-06-29,2026-06-29 13:50:00,1095.83,1095.92,1095.83,1095.92,0.01,4.4,4848.8,1
2026-06-29,2026-06-29 14:00:00,1095.92,1096.02,1095.92,1096.02,0.01,4.4,4848.8,1
2026-06-29,2026-06-29 14:10:00,1096.02,1096.12,1096.02,1096.12,0.01,4.4,4848.8,1
2026-06-29,2026-06-29 14:20:00,1096.12,1096.21,1096.12,1096.21,0.01,4.4,4848.8,1
2026-06-29,2026-06-29 14:30:00,1096.21,1096.31,1096.21,1096.31,0.01,4.4,4848.8,1
2026-06-29,2026-06-29 14:40:00,1096.31,1096.4,1096.31,1096.4,0.01,4.4,4848.8,1
2026-06-29,2026-06-29 14:50:00,1096.4,1096.5,1096.4,1096.5,0.01,4.4,4848.8,1
2026-06-29,2026-06-29 15:00:00,1096.5,1110.0,1094.2,1096.5,0.0,4.4,4848.8,0
2026-06-30,2026-06-30 11:00:00,1095.0,1107.0,1095.0,1095.14,0.01,22.6,24999.98,1
2026-06-30,2026-06-30 11:10:00,1095.14,1095.28,1095.14,1095.28,0.01,22.6,24999.98,1
2026-06-30,2026-06-30 11:20:00,1095.28,1095.41,1095.28,1095.41,0.01,22.6,24999.98,1
2026-06-30,2026-06-30 11:30:00,1095.41,1095.55,1095.41,1095.55,0.01,22.6,24999.98,1
2026-06-30,2026-06-30 11:40:00,1095.55,1095.69,1095.55,1095.69,0.01,22.6,24999.98,1
2026-06-30,2026-06-30 11:50:00,1095.69,1095.83,1095.69,1095.83,0.01,22.6,24999.98,1
2026-06-30,2026-06-30 12:00:00,1095.83,1095.96,1095.83,1095.96,0.01,22.6,24999.98,1
2026-06-30,2026-06-30 12:10:00,1095.96,1096.1,1095.96,1096.1,0.01,22.6,24999.98,1
2026-06-30,2026-06-30 12:20:00,1096.1,1096.24,1096.1,1096.24,0.01,22.6,24999.98,1
2026-06-30,2026-06-30 12:30:00,1096.24,1096.38,1096.24,1096.38,0.01,22.6,24999.98,1
2026-06-30,2026-06-30 12:40:00,1096.38,1096.51,1096.38,1096.51,0.01,22.6,24999.98,1
2026-06-30,2026-06-30 12:50:00,1096.51,1096.65,1096.51,1096.65,0.01,22.6,24999.98,1
2026-06-30,2026-06-30 13:00:00,1096.65,1135.0,1095.0,1096.79,0.01,22.6,24999.98,1
2026-06-30,2026-06-30 13:10:00,1096.79,1096.92,1096.79,1096.92,0.01,22.6,24999.98,1
2026-06-30,2026-06-30 13:20:00,1096.92,1097.06,1096.92,1097.06,0.01,22.6,24999.98,1
2026-06-30,2026-06-30 13:30:00,1097.06,1097.2,1097.06,1097.2,0.01,22.6,24999.98,1
2026-06-30,2026-06-30 13:40:00,1097.2,1097.34,1097.2,1097.34,0.01,22.6,24999.98,1
2026-06-30,2026-06-30 13:50:00,1097.34,1097.47,1097.34,1097.47,0.01,22.6,24999.98,1
2026-06-30,2026-06-30 14:00:00,1097.47,1097.61,1097.47,1097.61,0.01,22.6,24999.98,1
2026-06-30,2026-06-30 14:10:00,1097.61,1097.75,1097.61,1097.75,0.01,22.6,24999.98,1
2026-06-30,2026-06-30 14:20:00,1097.75,1097.89,1097.75,1097.89,0.01,22.6,24999.98,1
2026-06-30,2026-06-30 14:30:00,1097.89,1098.02,1097.89,1098.02,0.01,22.6,24999.98,1
2026-06-30,2026-06-30 14:40:00,1098.02,1098.16,1098.02,1098.16,0.01,22.6,24999.98,1
2026-06-30,2026-06-30 14:50:00,1098.16,1098.3,1098.16,1098.3,0.01,22.6,24999.98,1
2026-06-30,2026-06-30 15:00:00,1098.3,1135.0,1095.0,1098.3,0.0,22.6,24999.98,0
2026-07-01,2026-07-01 11:00:00,1094.1,1098.87,1094.1,1094.35,0.02,8.0,8800.3,1
2026-07-01,2026-07-01 11:10:00,1094.35,1094.59,1094.35,1094.59,0.02,8.0,8800.3,1
2026-07-01,2026-07-01 11:20:00,1094.59,1094.84,1094.59,1094.84,0.02,8.0,8800.3,1
2026-07-01,2026-07-01 11:30:00,1094.84,1095.08,1094.84,1095.08,0.02,8.0,8800.3,1
2026-07-01,2026-07-01 11:40:00,1095.08,1095.33,1095.08,1095.33,0.02,8.0,8800.3,1
2026-07-01,2026-07-01 11:50:00,1095.33,1095.57,1095.33,1095.57,0.02,8.0,8800.3,1
2026-07-01,2026-07-01 12:00:00,1095.57,1095.82,1095.57,1095.82,0.02,8.0,8800.3,1
2026-07-01,2026-07-01 12:10:00,1095.82,1096.07,1095.82,1096.07,0.02,8.0,8800.3,1
2026-07-01,2026-07-01 12:20:00,1096.07,1096.31,1096.07,1096.31,0.02,8.0,8800.3,1
2026-07-01,2026-07-01 12:30:00,1096.31,1096.56,1096.31,1096.56,0.02,8.0,8800.3,1
2026-07-01,2026-07-01 12:40:00,1096.56,1096.8,1096.56,1096.8,0.02,8.0,8800.3,1
2026-07-01,2026-07-01 12:50:00,1096.8,1097.05,1096.8,1097.05,0.02,8.0,8800.3,1
2026-07-01,2026-07-01 13:00:00,1097.05,1110.0,1094.1,1097.3,0.02,8.0,8800.3,1
2026-07-01,2026-07-01 13:10:00,1097.3,1097.54,1097.3,1097.54,0.02,8.0,8800.3,1
2026-07-01,2026-07-01 13:20:00,1097.54,1097.79,1097.54,1097.79,0.02,8.0,8800.3,1
2026-07-01,2026-07-01 13:30:00,1097.79,1098.03,1097.79,1098.03,0.02,8.0,8800.3,1
2026-07-01,2026-07-01 13:40:00,1098.03,1098.28,1098.03,1098.28,0.02,8.0,8800.3,1
2026-07-01,2026-07-01 13:50:00,1098.28,1098.53,1098.28,1098.53,0.02,8.0,8800.3,1
2026-07-01,2026-07-01 14:00:00,1098.53,1098.77,1098.53,1098.77,0.02,8.0,8800.3,1
2026-07-01,2026-07-01 14:10:00,1098.77,1099.02,1098.77,1099.02,0.02,8.0,8800.3,1
2026-07-01,2026-07-01 14:20:00,1099.02,1099.26,1099.02,1099.26,0.02,8.0,8800.3,1
2026-07-01,2026-07-01 14:30:00,1099.26,1099.51,1099.26,1099.51,0.02,8.0,8800.3,1
2026-07-01,2026-07-01 14:40:00,1099.51,1099.75,1099.51,1099.75,0.02,8.0,8800.3,1
2026-07-01,2026-07-01 14:50:00,1099.75,1100.0,1099.75,1100.0,0.02,8.0,8800.3,1
2026-07-01,2026-07-01 15:00:00,1100.0,1110.0,1094.1,1100.0,0.0,8.0,8800.3,0
2026-07-02,2026-07-02 11:00:00,1086.1,1092.97,1086.1,1087.05,0.09,15.0,16559.5,1
2026-07-02,2026-07-02 11:10:00,1087.05,1088.01,1087.05,1088.01,0.09,15.0,16559.5,1
2026-07-02,2026-07-02 11:20:00,1088.01,1088.96,1088.01,1088.96,0.09,15.0,16559.5,1
2026-07-02,2026-07-02 11:30:00,1088.96,1089.92,1088.96,1089.92,0.09,15.0,16559.5,1
2026-07-02,2026-07-02 11:40:00,1089.92,1090.87,1089.92,1090.87,0.09,15.0,16559.5,1
2026-07-02,2026-07-02 11:50:00,1090.87,1091.82,1090.87,1091.82,0.09,15.0,16559.5,1
2026-07-02,2026-07-02 12:00:00,1091.82,1092.78,1091.82,1092.78,0.09,15.0,16559.5,1
2026-07-02,2026-07-02 12:10:00,1092.78,1093.73,1092.78,1093.73,0.09,15.0,16559.5,1
2026-07-02,2026-07-02 12:20:00,1093.73,1094.69,1093.73,1094.69,0.09,15.0,16559.5,1
2026-07-02,2026-07-02 12:30:00,1094.69,1095.64,1094.69,1095.64,0.09,15.0,16559.5,1
2026-07-02,2026-07-02 12:40:00,1095.64,1096.6,1095.64,1096.6,0.09,15.0,16559.5,1
2026-07-02,2026-07-02 12:50:00,1096.6,1097.55,1096.6,1097.55,0.09,15.0,16559.5,1
2026-07-02,2026-07-02 13:00:00,1097.55,1109.0,1086.1,1098.5,0.09,15.0,16559.5,1
2026-07-02,2026-07-02 13:10:00,1098.5,1099.46,1098.5,1099.46,0.09,15.0,16559.5,1
2026-07-02,2026-07-02 13:20:00,1099.46,1100.41,1099.46,1100.41,0.09,15.0,16559.5,1
2026-07-02,2026-07-02 13:30:00,1100.41,1101.37,1100.41,1101.37,0.09,15.0,16559.5,1
2026-07-02,2026-07-02 13:40:00,1101.37,1102.32,1101.37,1102.32,0.09,15.0,16559.5,1
2026-07-02,2026-07-02 13:50:00,1102.32,1103.28,1102.32,1103.28,0.09,15.0,16559.5,1
2026-07-02,2026-07-02 14:00:00,1103.28,1104.23,1103.28,1104.23,0.09,15.0,16559.5,1
2026-07-02,2026-07-02 14:10:00,1104.23,1105.18,1104.23,1105.18,0.09,15.0,16559.5,1
2026-07-02,2026-07-02 14:20:00,1105.18,1106.14,1105.18,1106.14,0.09,15.0,16559.5,1
2026-07-02,2026-07-02 14:30:00,1106.14,1107.09,1106.14,1107.09,0.09,15.0,16559.5,1
2026-07-02,2026-07-02 14:40:00,1107.09,1108.05,1107.09,1108.05,0.09,15.0,16559.5,1
2026-07-02,2026-07-02 14:50:00,1108.05,1109.0,1108.05,1109.0,0.09,15.0,16559.5,1
2026-07-02,2026-07-02 15:00:00,1109.0,1109.0,1086.1,1109.0,0.0,15.0,16559.5,0
2026-07-03,2026-07-03 11:00:00,1116.0,1123.2,1112.94,1115.75,-0.02,826.32,940899.56,-1
2026-07-03,2026-07-03 11:10:00,1115.75,1115.75,1115.5,1115.5,-0.02,826.32,940899.56,-1
2026-07-03,2026-07-03 11:20:00,1115.5,1115.5,1115.25,1115.25,-0.02,826.32,940899.56,-1
2026-07-03,2026-07-03 11:30:00,1115.25,1115.25,1115.0,1115.0,-0.02,826.32,940899.56,-1
2026-07-03,2026-07-03 11:40:00,1115.0,1115.0,1114.75,1114.75,-0.02,826.32,940899.56,-1
2026-07-03,2026-07-03 11:50:00,1114.75,1114.75,1114.5,1114.5,-0.02,826.32,940899.56,-1
2026-07-03,2026-07-03 12:00:00,1114.5,1114.5,1114.25,1114.25,-0.02,826.32,940899.56,-1
2026-07-03,2026-07-03 12:10:00,1114.25,1114.25,1114.0,1114.0,-0.02,826.32,940899.56,-1
2026-07-03,2026-07-03 12:20:00,1114.0,1114.0,1113.75,1113.75,-0.02,826.32,940899.56,-1
2026-07-03,2026-07-03 12:30:00,1113.75,1113.75,1113.5,1113.5,-0.02,826.32,940899.56,-1
2026-07-03,2026-07-03 12:40:00,1113.5,1113.5,1113.25,1113.25,-0.02,826.32,940899.56,-1
2026-07-03,2026-07-03 12:50:00,1113.25,1113.25,1113.0,1113.0,-0.02,826.32,940899.56,-1
2026-07-03,2026-07-03 13:00:00,1113.0,1140.0,1105.8,1112.75,-0.02,826.32,940899.56,-1
2026-07-03,2026-07-03 13:10:00,1112.75,1112.75,1112.5,1112.5,-0.02,826.32,940899.56,-1
2026-07-03,2026-07-03 13:20:00,1112.5,1112.5,1112.25,1112.25,-0.02,826.32,940899.56,-1
2026-07-03,2026-07-03 13:30:00,1112.25,1112.25,1112.0,1112.0,-0.02,826.32,940899.56,-1
2026-07-03,2026-07-03 13:40:00,1112.0,1112.0,1111.75,1111.75,-0.02,826.32,940899.56,-1
2026-07-03,2026-07-03 13:50:00,1111.75,1111.75,1111.5,1111.5,-0.02,826.32,940899.56,-1
2026-07-03,2026-07-03 14:00:00,1111.5,1111.5,1111.25,1111.25,-0.02,826.32,940899.56,-1
2026-07-03,2026-07-03 14:10:00,1111.25,1111.25,1111.0,1111.0,-0.02,826.32,940899.56,-1
2026-07-03,2026-07-03 14:20:00,1111.0,1111.0,1110.75,1110.75,-0.02,826.32,940899.56,-1
2026-07-03,2026-07-03 14:30:00,1110.75,1110.75,1110.5,1110.5,-0.02,826.32,940899.56,-1
2026-07-03,2026-07-03 14:40:00,1110.5,1110.5,1110.25,1110.25,-0.02,826.32,940899.56,-1
2026-07-03,2026-07-03 14:50:00,1110.25,1110.25,1110.0,1110.0,-0.02,826.32,940899.56,-1
2026-07-03,2026-07-03 15:00:00,1110.0,1140.0,1105.8,1110.0,0.0,826.32,940899.56,0
2026-07-06,2026-07-06 11:00:00,1091.2,1097.14,1091.2,1091.57,0.03,26.0,28709.0,1
2026-07-06,2026-07-06 11:10:00,1091.57,1091.93,1091.57,1091.93,0.03,26.0,28709.0,1
2026-07-06,2026-07-06 11:20:00,1091.93,1092.3,1091.93,1092.3,0.03,26.0,28709.0,1
2026-07-06,2026-07-06 11:30:00,1092.3,1092.67,1092.3,1092.67,0.03,26.0,28709.0,1
2026-07-06,2026-07-06 11:40:00,1092.67,1093.03,1092.67,1093.03,0.03,26.0,28709.0,1
2026-07-06,2026-07-06 11:50:00,1093.03,1093.4,1093.03,1093.4,0.03,26.0,28709.0,1
2026-07-06,2026-07-06 12:00:00,1093.4,1093.77,1093.4,1093.77,0.03,26.0,28709.0,1
2026-07-06,2026-07-06 12:10:00,1093.77,1094.13,1093.77,1094.13,0.03,26.0,28709.0,1
2026-07-06,2026-07-06 12:20:00,1094.13,1094.5,1094.13,1094.5,0.03,26.0,28709.0,1
2026-07-06,2026-07-06 12:30:00,1094.5,1094.87,1094.5,1094.87,0.03,26.0,28709.0,1
2026-07-06,2026-07-06 12:40:00,1094.87,1095.23,1094.87,1095.23,0.03,26.0,28709.0,1
2026-07-06,2026-07-06 12:50:00,1095.23,1095.6,1095.23,1095.6,0.03,26.0,28709.0,1
2026-07-06,2026-07-06 13:00:00,1095.6,1111.0,1091.2,1095.97,0.03,26.0,28709.0,1
2026-07-06,2026-07-06 13:10:00,1095.97,1096.33,1095.97,1096.33,0.03,26.0,28709.0,1
2026-07-06,2026-07-06 13:20:00,1096.33,1096.7,1096.33,1096.7,0.03,26.0,28709.0,1
2026-07-06,2026-07-06 13:30:00,1096.7,1097.07,1096.7,1097.07,0.03,26.0,28709.0,1
2026-07-06,2026-07-06 13:40:00,1097.07,1097.43,1097.07,1097.43,0.03,26.0,28709.0,1
2026-07-06,2026-07-06 13:50:00,1097.43,1097.8,1097.43,1097.8,0.03,26.0,28709.0,1
2026-07-06,2026-07-06 14:00:00,1097.8,1098.17,1097.8,1098.17,0.03,26.0,28709.0,1
2026-07-06,2026-07-06 14:10:00,1098.17,1098.53,1098.17,1098.53,0.03,26.0,28709.0,1
2026-07-06,2026-07-06 14:20:00,1098.53,1098.9,1098.53,1098.9,0.03,26.0,28709.0,1
2026-07-06,2026-07-06 14:30:00,1098.9,1099.27,1098.9,1099.27,0.03,26.0,28709.0,1
2026-07-06,2026-07-06 14:40:00,1099.27,1099.63,1099.27,1099.63,0.03,26.0,28709.0,1
2026-07-06,2026-07-06 14:50:00,1099.63,1100.0,1099.63,1100.0,0.03,26.0,28709.0,1
2026-07-06,2026-07-06 15:00:00,1100.0,1111.0,1091.2,1100.0,0.0,26.0,28709.0,0
2026-07-07,2026-07-07 11:00:00,1100.3,1100.3,1100.3,1100.3,0.0,1.0,1100.3,0
2026-07-07,2026-07-07 11:10:00,1100.3,1100.3,1100.3,1100.3,0.0,1.0,1100.3,0
2026-07-07,2026-07-07 11:20:00,1100.3,1100.3,1100.3,1100.3,0.0,1.0,1100.3,0
2026-07-07,2026-07-07 11:30:00,1100.3,1100.3,1100.3,1100.3,0.0,1.0,1100.3,0
2026-07-07,2026-07-07 11:40:00,1100.3,1100.3,1100.3,1100.3,0.0,1.0,1100.3,0
2026-07-07,2026-07-07 11:50:00,1100.3,1100.3,1100.3,1100.3,0.0,1.0,1100.3,0
2026-07-07,2026-07-07 12:00:00,1100.3,1100.3,1100.3,1100.3,0.0,1.0,1100.3,0
2026-07-07,2026-07-07 12:10:00,1100.3,1100.3,1100.3,1100.3,0.0,1.0,1100.3,0
2026-07-07,2026-07-07 12:20:00,1100.3,1100.3,1100.3,1100.3,0.0,1.0,1100.3,0
2026-07-07,2026-07-07 12:30:00,1100.3,1100.3,1100.3,1100.3,0.0,1.0,1100.3,0
2026-07-07,2026-07-07 12:40:00,1100.3,1100.3,1100.3,1100.3,0.0,1.0,1100.3,0
2026-07-07,2026-07-07 12:50:00,1100.3,1100.3,1100.3,1100.3,0.0,1.0,1100.3,0
2026-07-07,2026-07-07 13:00:00,1100.3,1100.3,1100.3,1100.3,0.0,1.0,1100.3,0
2026-07-07,2026-07-07 13:10:00,1100.3,1100.3,1100.3,1100.3,0.0,1.0,1100.3,0
2026-07-07,2026-07-07 13:20:00,1100.3,1100.3,1100.3,1100.3,0.0,1.0,1100.3,0
2026-07-07,2026-07-07 13:30:00,1100.3,1100.3,1100.3,1100.3,0.0,1.0,1100.3,0
2026-07-07,2026-07-07 13:40:00,1100.3,1100.3,1100.3,1100.3,0.0,1.0,1100.3,0
2026-07-07,2026-07-07 13:50:00,1100.3,1100.3,1100.3,1100.3,0.0,1.0,1100.3,0
2026-07-07,2026-07-07 14:00:00,1100.3,1100.3,1100.3,1100.3,0.0,1.0,1100.3,0
2026-07-07,2026-07-07 14:10:00,1100.3,1100.3,1100.3,1100.3,0.0,1.0,1100.3,0
2026-07-07,2026-07-07 14:20:00,1100.3,1100.3,1100.3,1100.3,0.0,1.0,1100.3,0
2026-07-07,2026-07-07 14:30:00,1100.3,1100.3,1100.3,1100.3,0.0,1.0,1100.3,0
2026-07-07,2026-07-07 14:40:00,1100.3,1100.3,1100.3,1100.3,0.0,1.0,1100.3,0
2026-07-07,2026-07-07 14:50:00,1100.3,1100.3,1100.3,1100.3,0.0,1.0,1100.3,0
2026-07-07,2026-07-07 15:00:00,1100.3,1100.3,1100.3,1100.3,0.0,1.0,1100.3,0
2026-07-08,2026-07-08 11:00:00,1101.0,1105.2,1100.7,1101.58,0.05,18.8,20703.68,1
2026-07-08,2026-07-08 11:10:00,1101.58,1102.17,1101.58,1102.17,0.05,18.8,20703.68,1
2026-07-08,2026-07-08 11:20:00,1102.17,1102.75,1102.17,1102.75,0.05,18.8,20703.68,1
2026-07-08,2026-07-08 11:30:00,1102.75,1103.33,1102.75,1103.33,0.05,18.8,20703.68,1
2026-07-08,2026-07-08 11:40:00,1103.33,1103.92,1103.33,1103.92,0.05,18.8,20703.68,1
2026-07-08,2026-07-08 11:50:00,1103.92,1104.5,1103.92,1104.5,0.05,18.8,20703.68,1
2026-07-08,2026-07-08 12:00:00,1104.5,1105.08,1104.5,1105.08,0.05,18.8,20703.68,1
2026-07-08,2026-07-08 12:10:00,1105.08,1105.67,1105.08,1105.67,0.05,18.8,20703.68,1
2026-07-08,2026-07-08 12:20:00,1105.67,1106.25,1105.67,1106.25,0.05,18.8,20703.68,1
2026-07-08,2026-07-08 12:30:00,1106.25,1106.83,1106.25,1106.83,0.05,18.8,20703.68,1
2026-07-08,2026-07-08 12:40:00,1106.83,1107.42,1106.83,1107.42,0.05,18.8,20703.68,1
2026-07-08,2026-07-08 12:50:00,1107.42,1108.0,1107.42,1108.0,0.05,18.8,20703.68,1
2026-07-08,2026-07-08 13:00:00,1108.0,1115.0,1100.0,1108.58,0.05,18.8,20703.68,1
2026-07-08,2026-07-08 13:10:00,1108.58,1109.17,1108.58,1109.17,0.05,18.8,20703.68,1
2026-07-08,2026-07-08 13:20:00,1109.17,1109.75,1109.17,1109.75,0.05,18.8,20703.68,1
2026-07-08,2026-07-08 13:30:00,1109.75,1110.33,1109.75,1110.33,0.05,18.8,20703.68,1
2026-07-08,2026-07-08 13:40:00,1110.33,1110.92,1110.33,1110.92,0.05,18.8,20703.68,1
2026-07-08,2026-07-08 13:50:00,1110.92,1111.5,1110.92,1111.5,0.05,18.8,20703.68,1
2026-07-08,2026-07-08 14:00:00,1111.5,1112.08,1111.5,1112.08,0.05,18.8,20703.68,1
2026-07-08,2026-07-08 14:10:00,1112.08,1112.67,1112.08,1112.67,0.05,18.8,20703.68,1
2026-07-08,2026-07-08 14:20:00,1112.67,1113.25,1112.67,1113.25,0.05,18.8,20703.68,1
2026-07-08,2026-07-08 14:30:00,1113.25,1113.83,1113.25,1113.83,0.05,18.8,20703.68,1
2026-07-08,2026-07-08 14:40:00,1113.83,1114.42,1113.83,1114.42,0.05,18.8,20703.68,1
2026-07-08,2026-07-08 14:50:00,1114.42,1115.0,1114.42,1115.0,0.05,18.8,20703.68,1
2026-07-08,2026-07-08 15:00:00,1115.0,1115.0,1100.0,1115.0,0.0,18.8,20703.68,0
2026-07-09,2026-07-09 11:00:00,1100.5,1101.02,1100.5,1101.02,0.05,3.2,3524.1,1
2026-07-09,2026-07-09 11:10:00,1101.02,1101.54,1101.02,1101.54,0.05,3.2,3524.1,1
2026-07-09,2026-07-09 11:20:00,1101.54,1102.06,1101.54,1102.06,0.05,3.2,3524.1,1
2026-07-09,2026-07-09 11:30:00,1102.06,1102.58,1102.06,1102.58,0.05,3.2,3524.1,1
2026-07-09,2026-07-09 11:40:00,1102.58,1103.1,1102.58,1103.1,0.05,3.2,3524.1,1
2026-07-09,2026-07-09 11:50:00,1103.1,1103.62,1103.1,1103.62,0.05,3.2,3524.1,1
2026-07-09,2026-07-09 12:00:00,1103.62,1104.15,1103.62,1104.15,0.05,3.2,3524.1,1
2026-07-09,2026-07-09 12:10:00,1104.15,1104.67,1104.15,1104.67,0.05,3.2,3524.1,1
2026-07-09,2026-07-09 12:20:00,1104.67,1105.19,1104.67,1105.19,0.05,3.2,3524.1,1
2026-07-09,2026-07-09 12:30:00,1105.19,1105.71,1105.19,1105.71,0.05,3.2,3524.1,1
2026-07-09,2026-07-09 12:40:00,1105.71,1106.23,1105.71,1106.23,0.05,3.2,3524.1,1
2026-07-09,2026-07-09 12:50:00,1106.23,1106.75,1106.23,1106.75,0.05,3.2,3524.1,1
2026-07-09,2026-07-09 13:00:00,1106.75,1107.27,1100.5,1107.27,0.05,3.2,3524.1,1
2026-07-09,2026-07-09 13:10:00,1107.27,1107.79,1107.27,1107.79,0.05,3.2,3524.1,1
2026-07-09,2026-07-09 13:20:00,1107.79,1108.31,1107.79,1108.31,0.05,3.2,3524.1,1
2026-07-09,2026-07-09 13:30:00,1108.31,1108.83,1108.31,1108.83,0.05,3.2,3524.1,1
2026-07-09,2026-07-09 13:40:00,1108.83,1109.35,1108.83,1109.35,0.05,3.2,3524.1,1
2026-07-09,2026-07-09 13:50:00,1109.35,1109.88,1109.35,1109.88,0.05,3.2,3524.1,1
2026-07-09,2026-07-09 14:00:00,1109.88,1110.4,1109.88,1110.4,0.05,3.2,3524.1,1
2026-07-09,2026-07-09 14:10:00,1110.4,1110.92,1110.4,1110.92,0.05,3.2,3524.1,1
2026-07-09,2026-07-09 14:20:00,1110.92,1111.44,1110.92,1111.44,0.05,3.2,3524.1,1
2026-07-09,2026-07-09 14:30:00,1111.44,1111.96,1111.44,1111.96,0.05,3.2,3524.1,1
2026-07-09,2026-07-09 14:40:00,1111.96,1112.48,1111.96,1112.48,0.05,3.2,3524.1,1
2026-07-09,2026-07-09 14:50:00,1112.48,1113.0,1112.48,1113.0,0.05,3.2,3524.1,1
2026-07-09,2026-07-09 15:00:00,1113.0,1113.0,1100.5,1113.0,0.0,3.2,3524.1,0
2026-07-10,2026-07-10 11:00:00,1113.0,1113.0,1113.0,1113.0,0.0,1.0,1113.0,0
2026-07-10,2026-07-10 11:10:00,1113.0,1113.0,1113.0,1113.0,0.0,1.0,1113.0,0
2026-07-10,2026-07-10 11:20:00,1113.0,1113.0,1113.0,1113.0,0.0,1.0,1113.0,0
2026-07-10,2026-07-10 11:30:00,1113.0,1113.0,1113.0,1113.0,0.0,1.0,1113.0,0
2026-07-10,2026-07-10 11:40:00,1113.0,1113.0,1113.0,1113.0,0.0,1.0,1113.0,0
2026-07-10,2026-07-10 11:50:00,1113.0,1113.0,1113.0,1113.0,0.0,1.0,1113.0,0
2026-07-10,2026-07-10 12:00:00,1113.0,1113.0,1113.0,1113.0,0.0,1.0,1113.0,0
2026-07-10,2026-07-10 12:10:00,1113.0,1113.0,1113.0,1113.0,0.0,1.0,1113.0,0
2026-07-10,2026-07-10 12:20:00,1113.0,1113.0,1113.0,1113.0,0.0,1.0,1113.0,0
2026-07-10,2026-07-10 12:30:00,1113.0,1113.0,1113.0,1113.0,0.0,1.0,1113.0,0
2026-07-10,2026-07-10 12:40:00,1113.0,1113.0,1113.0,1113.0,0.0,1.0,1113.0,0
2026-07-10,2026-07-10 12:50:00,1113.0,1113.0,1113.0,1113.0,0.0,1.0,1113.0,0
2026-07-10,2026-07-10 13:00:00,1113.0,1113.0,1113.0,1113.0,0.0,1.0,1113.0,0
2026-07-10,2026-07-10 13:10:00,1113.0,1113.0,1113.0,1113.0,0.0,1.0,1113.0,0
2026-07-10,2026-07-10 13:20:00,1113.0,1113.0,1113.0,1113.0,0.0,1.0,1113.0,0
2026-07-10,2026-07-10 13:30:00,1113.0,1113.0,1113.0,1113.0,0.0,1.0,1113.0,0
2026-07-10,2026-07-10 13:40:00,1113.0,1113.0,1113.0,1113.0,0.0,1.0,1113.0,0
2026-07-10,2026-07-10 13:50:00,1113.0,1113.0,1113.0,1113.0,0.0,1.0,1113.0,0
2026-07-10,2026-07-10 14:00:00,1113.0,1113.0,1113.0,1113.0,0.0,1.0,1113.0,0
2026-07-10,2026-07-10 14:10:00,1113.0,1113.0,1113.0,1113.0,0.0,1.0,1113.0,0
2026-07-10,2026-07-10 14:20:00,1113.0,1113.0,1113.0,1113.0,0.0,1.0,1113.0,0
2026-07-10,2026-07-10 14:30:00,1113.0,1113.0,1113.0,1113.0,0.0,1.0,1113.0,0
2026-07-10,2026-07-10 14:40:00,1113.0,1113.0,1113.0,1113.0,0.0,1.0,1113.0,0
2026-07-10,2026-07-10 14:50:00,1113.0,1113.0,1113.0,1113.0,0.0,1.0,1113.0,0
2026-07-10,2026-07-10 15:00:00,1113.0,1113.0,1113.0,1113.0,0.0,1.0,1113.0,0
2026-07-13,2026-07-13 11:00:00,1113.0,1113.0,1109.55,1112.96,-0.0,6.32,6980.32,-1
2026-07-13,2026-07-13 11:10:00,1112.96,1112.96,1112.92,1112.92,-0.0,6.32,6980.32,-1
2026-07-13,2026-07-13 11:20:00,1112.92,1112.92,1112.88,1112.88,-0.0,6.32,6980.32,-1
2026-07-13,2026-07-13 11:30:00,1112.88,1112.88,1112.83,1112.83,-0.0,6.32,6980.32,-1
2026-07-13,2026-07-13 11:40:00,1112.83,1112.83,1112.79,1112.79,-0.0,6.32,6980.32,-1
2026-07-13,2026-07-13 11:50:00,1112.79,1112.79,1112.75,1112.75,-0.0,6.32,6980.32,-1
2026-07-13,2026-07-13 12:00:00,1112.75,1112.75,1112.71,1112.71,-0.0,6.32,6980.32,-1
2026-07-13,2026-07-13 12:10:00,1112.71,1112.71,1112.67,1112.67,-0.0,6.32,6980.32,-1
2026-07-13,2026-07-13 12:20:00,1112.67,1112.67,1112.62,1112.62,-0.0,6.32,6980.32,-1
2026-07-13,2026-07-13 12:30:00,1112.62,1112.62,1112.58,1112.58,-0.0,6.32,6980.32,-1
2026-07-13,2026-07-13 12:40:00,1112.58,1112.58,1112.54,1112.54,-0.0,6.32,6980.32,-1
2026-07-13,2026-07-13 12:50:00,1112.54,1112.54,1112.5,1112.5,-0.0,6.32,6980.32,-1
2026-07-13,2026-07-13 13:00:00,1112.5,1113.0,1101.5,1112.46,-0.0,6.32,6980.32,-1
2026-07-13,2026-07-13 13:10:00,1112.46,1112.46,1112.42,1112.42,-0.0,6.32,6980.32,-1
2026-07-13,2026-07-13 13:20:00,1112.42,1112.42,1112.38,1112.38,-0.0,6.32,6980.32,-1
2026-07-13,2026-07-13 13:30:00,1112.38,1112.38,1112.33,1112.33,-0.0,6.32,6980.32,-1
2026-07-13,2026-07-13 13:40:00,1112.33,1112.33,1112.29,1112.29,-0.0,6.32,6980.32,-1
2026-07-13,2026-07-13 13:50:00,1112.29,1112.29,1112.25,1112.25,-0.0,6.32,6980.32,-1
2026-07-13,2026-07-13 14:00:00,1112.25,1112.25,1112.21,1112.21,-0.0,6.32,6980.32,-1
2026-07-13,2026-07-13 14:10:00,1112.21,1112.21,1112.17,1112.17,-0.0,6.32,6980.32,-1
2026-07-13,2026-07-13 14:20:00,1112.17,1112.17,1112.12,1112.12,-0.0,6.32,6980.32,-1
2026-07-13,2026-07-13 14:30:00,1112.12,1112.12,1112.08,1112.08,-0.0,6.32,6980.32,-1
2026-07-13,2026-07-13 14:40:00,1112.08,1112.08,1112.04,1112.04,-0.0,6.32,6980.32,-1
2026-07-13,2026-07-13 14:50:00,1112.04,1112.04,1112.0,1112.0,-0.0,6.32,6980.32,-1
2026-07-13,2026-07-13 15:00:00,1112.0,1113.0,1101.5,1112.0,0.0,6.32,6980.32,0
2026-07-14,2026-07-14 11:00:00,1110.0,1113.0,1108.53,1110.42,0.04,25.44,28287.14,1
2026-07-14,2026-07-14 11:10:00,1110.42,1110.83,1110.42,1110.83,0.04,25.44,28287.14,1
2026-07-14,2026-07-14 11:20:00,1110.83,1111.25,1110.83,1111.25,0.04,25.44,28287.14,1
2026-07-14,2026-07-14 11:30:00,1111.25,1111.67,1111.25,1111.67,0.04,25.44,28287.14,1
2026-07-14,2026-07-14 11:40:00,1111.67,1112.08,1111.67,1112.08,0.04,25.44,28287.14,1
2026-07-14,2026-07-14 11:50:00,1112.08,1112.5,1112.08,1112.5,0.04,25.44,28287.14,1
2026-07-14,2026-07-14 12:00:00,1112.5,1112.92,1112.5,1112.92,0.04,25.44,28287.14,1
2026-07-14,2026-07-14 12:10:00,1112.92,1113.33,1112.92,1113.33,0.04,25.44,28287.14,1
2026-07-14,2026-07-14 12:20:00,1113.33,1113.75,1113.33,1113.75,0.04,25.44,28287.14,1
2026-07-14,2026-07-14 12:30:00,1113.75,1114.17,1113.75,1114.17,0.04,25.44,28287.14,1
2026-07-14,2026-07-14 12:40:00,1114.17,1114.58,1114.17,1114.58,0.04,25.44,28287.14,1
2026-07-14,2026-07-14 12:50:00,1114.58,1115.0,1114.58,1115.0,0.04,25.44,28287.14,1
2026-07-14,2026-07-14 13:00:00,1115.0,1120.0,1105.1,1115.42,0.04,25.44,28287.14,1
2026-07-14,2026-07-14 13:10:00,1115.42,1115.83,1115.42,1115.83,0.04,25.44,28287.14,1
2026-07-14,2026-07-14 13:20:00,1115.83,1116.25,1115.83,1116.25,0.04,25.44,28287.14,1
2026-07-14,2026-07-14 13:30:00,1116.25,1116.67,1116.25,1116.67,0.04,25.44,28287.14,1
2026-07-14,2026-07-14 13:40:00,1116.67,1117.08,1116.67,1117.08,0.04,25.44,28287.14,1
2026-07-14,2026-07-14 13:50:00,1117.08,1117.5,1117.08,1117.5,0.04,25.44,28287.14,1
2026-07-14,2026-07-14 14:00:00,1117.5,1117.92,1117.5,1117.92,0.04,25.44,28287.14,1
2026-07-14,2026-07-14 14:10:00,1117.92,1118.33,1117.92,1118.33,0.04,25.44,28287.14,1
2026-07-14,2026-07-14 14:20:00,1118.33,1118.75,1118.33,1118.75,0.04,25.44,28287.14,1
2026-07-14,2026-07-14 14:30:00,1118.75,1119.17,1118.75,1119.17,0.04,25.44,28287.14,1
2026-07-14,2026-07-14 14:40:00,1119.17,1119.58,1119.17,1119.58,0.04,25.44,28287.14,1
2026-07-14,2026-07-14 14:50:00,1119.58,1120.0,1119.58,1120.0,0.04,25.44,28287.14,1
2026-07-14,2026-07-14 15:00:00,1120.0,1120.0,1105.1,1120.0,0.0,25.44,28287.14,0
2026-07-15,2026-07-15 11:00:00,1120.0,1120.0,1116.43,1119.51,-0.04,5.32,5923.48,-1
2026-07-15,2026-07-15 11:10:00,1119.51,1119.51,1119.03,1119.03,-0.04,5.32,5923.48,-1
2026-07-15,2026-07-15 11:20:00,1119.03,1119.03,1118.54,1118.54,-0.04,5.32,5923.48,-1
2026-07-15,2026-07-15 11:30:00,1118.54,1118.54,1118.05,1118.05,-0.04,5.32,5923.48,-1
2026-07-15,2026-07-15 11:40:00,1118.05,1118.05,1117.56,1117.56,-0.04,5.32,5923.48,-1
2026-07-15,2026-07-15 11:50:00,1117.56,1117.56,1117.08,1117.08,-0.04,5.32,5923.48,-1
2026-07-15,2026-07-15 12:00:00,1117.08,1117.08,1116.59,1116.59,-0.04,5.32,5923.48,-1
2026-07-15,2026-07-15 12:10:00,1116.59,1116.59,1116.1,1116.1,-0.04,5.32,5923.48,-1
2026-07-15,2026-07-15 12:20:00,1116.1,1116.1,1115.61,1115.61,-0.04,5.32,5923.48,-1
2026-07-15,2026-07-15 12:30:00,1115.61,1115.61,1115.12,1115.12,-0.04,5.32,5923.48,-1
2026-07-15,2026-07-15 12:40:00,1115.12,1115.12,1114.64,1114.64,-0.04,5.32,5923.48,-1
2026-07-15,2026-07-15 12:50:00,1114.64,1114.64,1114.15,1114.15,-0.04,5.32,5923.48,-1
2026-07-15,2026-07-15 13:00:00,1114.15,1120.0,1108.1,1113.66,-0.04,5.32,5923.48,-1
2026-07-15,2026-07-15 13:10:00,1113.66,1113.66,1113.17,1113.17,-0.04,5.32,5923.48,-1
2026-07-15,2026-07-15 13:20:00,1113.17,1113.17,1112.69,1112.69,-0.04,5.32,5923.48,-1
2026-07-15,2026-07-15 13:30:00,1112.69,1112.69,1112.2,1112.2,-0.04,5.32,5923.48,-1
2026-07-15,2026-07-15 13:40:00,1112.2,1112.2,1111.71,1111.71,-0.04,5.32,5923.48,-1
2026-07-15,2026-07-15 13:50:00,1111.71,1111.71,1111.22,1111.22,-0.04,5.32,5923.48,-1
2026-07-15,2026-07-15 14:00:00,1111.22,1111.22,1110.74,1110.74,-0.04,5.32,5923.48,-1
2026-07-15,2026-07-15 14:10:00,1110.74,1110.74,1110.25,1110.25,-0.04,5.32,5923.48,-1
2026-07-15,2026-07-15 14:20:00,1110.25,1110.25,1109.76,1109.76,-0.04,5.32,5923.48,-1
2026-07-15,2026-07-15 14:30:00,1109.76,1109.76,1109.27,1109.27,-0.04,5.32,5923.48,-1
2026-07-15,2026-07-15 14:40:00,1109.27,1109.27,1108.79,1108.79,-0.04,5.32,5923.48,-1
2026-07-15,2026-07-15 14:50:00,1108.79,1108.79,1108.3,1108.3,-0.04,5.32,5923.48,-1
2026-07-15,2026-07-15 15:00:00,1108.3,1120.0,1108.1,1108.3,0.0,5.32,5923.48,0
2026-07-16,2026-07-16 11:00:00,1108.3,1108.75,1108.0,1108.75,0.04,5.12,5674.78,1
2026-07-16,2026-07-16 11:10:00,1108.75,1109.19,1108.75,1109.19,0.04,5.12,5674.78,1
2026-07-16,2026-07-16 11:20:00,1109.19,1109.64,1109.19,1109.64,0.04,5.12,5674.78,1
2026-07-16,2026-07-16 11:30:00,1109.64,1110.08,1109.64,1110.08,0.04,5.12,5674.78,1
2026-07-16,2026-07-16 11:40:00,1110.08,1110.53,1110.08,1110.53,0.04,5.12,5674.78,1
2026-07-16,2026-07-16 11:50:00,1110.53,1110.97,1110.53,1110.97,0.04,5.12,5674.78,1
2026-07-16,2026-07-16 12:00:00,1110.97,1111.42,1110.97,1111.42,0.04,5.12,5674.78,1
2026-07-16,2026-07-16 12:10:00,1111.42,1111.87,1111.42,1111.87,0.04,5.12,5674.78,1
2026-07-16,2026-07-16 12:20:00,1111.87,1112.31,1111.87,1112.31,0.04,5.12,5674.78,1
2026-07-16,2026-07-16 12:30:00,1112.31,1112.76,1112.31,1112.76,0.04,5.12,5674.78,1
2026-07-16,2026-07-16 12:40:00,1112.76,1113.2,1112.76,1113.2,0.04,5.12,5674.78,1
2026-07-16,2026-07-16 12:50:00,1113.2,1113.65,1113.2,1113.65,0.04,5.12,5674.78,1
2026-07-16,2026-07-16 13:00:00,1113.65,1114.1,1107.3,1114.1,0.04,5.12,5674.78,1
2026-07-16,2026-07-16 13:10:00,1114.1,1114.54,1114.1,1114.54,0.04,5.12,5674.78,1
2026-07-16,2026-07-16 13:20:00,1114.54,1114.99,1114.54,1114.99,0.04,5.12,5674.78,1
2026-07-16,2026-07-16 13:30:00,1114.99,1115.43,1114.99,1115.43,0.04,5.12,5674.78,1
2026-07-16,2026-07-16 13:40:00,1115.43,1115.88,1115.43,1115.88,0.04,5.12,5674.78,1
2026-07-16,2026-07-16 13:50:00,1115.88,1116.33,1115.88,1116.33,0.04,5.12,5674.78,1
2026-07-16,2026-07-16 14:00:00,1116.33,1116.77,1116.33,1116.77,0.04,5.12,5674.78,1
2026-07-16,2026-07-16 14:10:00,1116.77,1117.22,1116.77,1117.22,0.04,5.12,5674.78,1
2026-07-16,2026-07-16 14:20:00,1117.22,1117.66,1117.22,1117.66,0.04,5.12,5674.78,1
2026-07-16,2026-07-16 14:30:00,1117.66,1118.11,1117.66,1118.11,0.04,5.12,5674.78,1
2026-07-16,2026-07-16 14:40:00,1118.11,1118.55,1118.11,1118.55,0.04,5.12,5674.78,1
2026-07-16,2026-07-16 14:50:00,1118.55,1119.0,1118.55,1119.0,0.04,5.12,5674.78,1
2026-07-16,2026-07-16 15:00:00,1119.0,1119.0,1107.3,1119.0,0.0,5.12,5674.78,0
2026-07-17,2026-07-17 11:00:00,1105.0,1105.9,1099.0,1105.04,0.0,24.76,27210.43,1
2026-07-17,2026-07-17 11:10:00,1105.04,1105.08,1105.04,1105.08,0.0,24.76,27210.43,1
2026-07-17,2026-07-17 11:20:00,1105.08,1105.12,1105.08,1105.12,0.0,24.76,27210.43,1
2026-07-17,2026-07-17 11:30:00,1105.12,1105.17,1105.12,1105.17,0.0,24.76,27210.43,1
2026-07-17,2026-07-17 11:40:00,1105.17,1105.21,1105.17,1105.21,0.0,24.76,27210.43,1
2026-07-17,2026-07-17 11:50:00,1105.21,1105.25,1105.21,1105.25,0.0,24.76,27210.43,1
2026-07-17,2026-07-17 12:00:00,1105.25,1105.29,1105.25,1105.29,0.0,24.76,27210.43,1
2026-07-17,2026-07-17 12:10:00,1105.29,1105.33,1105.29,1105.33,0.0,24.76,27210.43,1
2026-07-17,2026-07-17 12:20:00,1105.33,1105.38,1105.33,1105.38,0.0,24.76,27210.43,1
2026-07-17,2026-07-17 12:30:00,1105.38,1105.42,1105.38,1105.42,0.0,24.76,27210.43,1
2026-07-17,2026-07-17 12:40:00,1105.42,1105.46,1105.42,1105.46,0.0,24.76,27210.43,1
2026-07-17,2026-07-17 12:50:00,1105.46,1105.5,1105.46,1105.5,0.0,24.76,27210.43,1
2026-07-17,2026-07-17 13:00:00,1105.5,1108.0,1085.0,1105.54,0.0,24.76,27210.43,1
2026-07-17,2026-07-17 13:10:00,1105.54,1105.58,1105.54,1105.58,0.0,24.76,27210.43,1
2026-07-17,2026-07-17 13:20:00,1105.58,1105.62,1105.58,1105.62,0.0,24.76,27210.43,1
2026-07-17,2026-07-17 13:30:00,1105.62,1105.67,1105.62,1105.67,0.0,24.76,27210.43,1
2026-07-17,2026-07-17 13:40:00,1105.67,1105.71,1105.67,1105.71,0.0,24.76,27210.43,1
2026-07-17,2026-07-17 13:50:00,1105.71,1105.75,1105.71,1105.75,0.0,24.76,27210.43,1
2026-07-17,2026-07-17 14:00:00,1105.75,1105.79,1105.75,1105.79,0.0,24.76,27210.43,1
2026-07-17,2026-07-17 14:10:00,1105.79,1105.83,1105.79,1105.83,0.0,24.76,27210.43,1
2026-07-17,2026-07-17 14:20:00,1105.83,1105.88,1105.83,1105.88,0.0,24.76,27210.43,1
2026-07-17,2026-07-17 14:30:00,1105.88,1105.92,1105.88,1105.92,0.0,24.76,27210.43,1
2026-07-17,2026-07-17 14:40:00,1105.92,1105.96,1105.92,1105.96,0.0,24.76,27210.43,1
2026-07-17,2026-07-17 14:50:00,1105.96,1106.0,1105.96,1106.0,0.0,24.76,27210.43,1
2026-07-17,2026-07-17 15:00:00,1106.0,1108.0,1085.0,1106.0,0.0,24.76,27210.43,0
2026-07-20,2026-07-20 11:00:00,1090.1,1093.07,1089.8,1090.51,0.04,8.0,8779.2,1
2026-07-20,2026-07-20 11:10:00,1090.51,1090.92,1090.51,1090.92,0.04,8.0,8779.2,1
2026-07-20,2026-07-20 11:20:00,1090.92,1091.34,1090.92,1091.34,0.04,8.0,8779.2,1
2026-07-20,2026-07-20 11:30:00,1091.34,1091.75,1091.34,1091.75,0.04,8.0,8779.2,1
2026-07-20,2026-07-20 11:40:00,1091.75,1092.16,1091.75,1092.16,0.04,8.0,8779.2,1
2026-07-20,2026-07-20 11:50:00,1092.16,1092.57,1092.16,1092.57,0.04,8.0,8779.2,1
2026-07-20,2026-07-20 12:00:00,1092.57,1092.99,1092.57,1092.99,0.04,8.0,8779.2,1
2026-07-20,2026-07-20 12:10:00,1092.99,1093.4,1092.99,1093.4,0.04,8.0,8779.2,1
2026-07-20,2026-07-20 12:20:00,1093.4,1093.81,1093.4,1093.81,0.04,8.0,8779.2,1
2026-07-20,2026-07-20 12:30:00,1093.81,1094.22,1093.81,1094.22,0.04,8.0,8779.2,1
2026-07-20,2026-07-20 12:40:00,1094.22,1094.64,1094.22,1094.64,0.04,8.0,8779.2,1
2026-07-20,2026-07-20 12:50:00,1094.64,1095.05,1094.64,1095.05,0.04,8.0,8779.2,1
2026-07-20,2026-07-20 13:00:00,1095.05,1100.0,1089.1,1095.46,0.04,8.0,8779.2,1
2026-07-20,2026-07-20 13:10:00,1095.46,1095.88,1095.46,1095.88,0.04,8.0,8779.2,1
2026-07-20,2026-07-20 13:20:00,1095.88,1096.29,1095.88,1096.29,0.04,8.0,8779.2,1
2026-07-20,2026-07-20 13:30:00,1096.29,1096.7,1096.29,1096.7,0.04,8.0,8779.2,1
2026-07-20,2026-07-20 13:40:00,1096.7,1097.11,1096.7,1097.11,0.04,8.0,8779.2,1
2026-07-20,2026-07-20 13:50:00,1097.11,1097.53,1097.11,1097.53,0.04,8.0,8779.2,1
2026-07-20,2026-07-20 14:00:00,1097.53,1097.94,1097.53,1097.94,0.04,8.0,8779.2,1
2026-07-20,2026-07-20 14:10:00,1097.94,1098.35,1097.94,1098.35,0.04,8.0,8779.2,1
2026-07-20,2026-07-20 14:20:00,1098.35,1098.76,1098.35,1098.76,0.04,8.0,8779.2,1
2026-07-20,2026-07-20 14:30:00,1098.76,1099.17,1098.76,1099.17,0.04,8.0,8779.2,1
2026-07-20,2026-07-20 14:40:00,1099.17,1099.59,1099.17,1099.59,0.04,8.0,8779.2,1
2026-07-20,2026-07-20 14:50:00,1099.59,1100.0,1099.59,1100.0,0.04,8.0,8779.2,1
2026-07-20,2026-07-20 15:00:00,1100.0,1100.0,1089.1,1100.0,0.0,8.0,8779.2,0
2026-07-21,2026-07-21 11:00:00,1100.0,1102.1,1095.83,1099.58,-0.04,25.36,27844.08,-1
2026-07-21,2026-07-21 11:10:00,1099.58,1099.58,1099.17,1099.17,-0.04,25.36,27844.08,-1
2026-07-21,2026-07-21 11:20:00,1099.17,1099.17,1098.75,1098.75,-0.04,25.36,27844.08,-1
2026-07-21,2026-07-21 11:30:00,1098.75,1098.75,1098.33,1098.33,-0.04,25.36,27844.08,-1
2026-07-21,2026-07-21 11:40:00,1098.33,1098.33,1097.92,1097.92,-0.04,25.36,27844.08,-1
2026-07-21,2026-07-21 11:50:00,1097.92,1097.92,1097.5,1097.5,-0.04,25.36,27844.08,-1
2026-07-21,2026-07-21 12:00:00,1097.5,1097.5,1097.08,1097.08,-0.04,25.36,27844.08,-1
2026-07-21,2026-07-21 12:10:00,1097.08,1097.08,1096.67,1096.67,-0.04,25.36,27844.08,-1
2026-07-21,2026-07-21 12:20:00,1096.67,1096.67,1096.25,1096.25,-0.04,25.36,27844.08,-1
2026-07-21,2026-07-21 12:30:00,1096.25,1096.25,1095.83,1095.83,-0.04,25.36,27844.08,-1
2026-07-21,2026-07-21 12:40:00,1095.83,1095.83,1095.42,1095.42,-0.04,25.36,27844.08,-1
2026-07-21,2026-07-21 12:50:00,1095.42,1095.42,1095.0,1095.0,-0.04,25.36,27844.08,-1
2026-07-21,2026-07-21 13:00:00,1095.0,1107.0,1086.1,1094.58,-0.04,25.36,27844.08,-1
2026-07-21,2026-07-21 13:10:00,1094.58,1094.58,1094.17,1094.17,-0.04,25.36,27844.08,-1
2026-07-21,2026-07-21 13:20:00,1094.17,1094.17,1093.75,1093.75,-0.04,25.36,27844.08,-1
2026-07-21,2026-07-21 13:30:00,1093.75,1093.75,1093.33,1093.33,-0.04,25.36,27844.08,-1
2026-07-21,2026-07-21 13:40:00,1093.33,1093.33,1092.92,1092.92,-0.04,25.36,27844.08,-1
2026-07-21,2026-07-21 13:50:00,1092.92,1092.92,1092.5,1092.5,-0.04,25.36,27844.08,-1
2026-07-21,2026-07-21 14:00:00,1092.5,1092.5,1092.08,1092.08,-0.04,25.36,27844.08,-1
2026-07-21,2026-07-21 14:10:00,1092.08,1092.08,1091.67,1091.67,-0.04,25.36,27844.08,-1
2026-07-21,2026-07-21 14:20:00,1091.67,1091.67,1091.25,1091.25,-0.04,25.36,27844.08,-1
2026-07-21,2026-07-21 14:30:00,1091.25,1091.25,1090.83,1090.83,-0.04,25.36,27844.08,-1
2026-07-21,2026-07-21 14:40:00,1090.83,1090.83,1090.42,1090.42,-0.04,25.36,27844.08,-1
2026-07-21,2026-07-21 14:50:00,1090.42,1090.42,1090.0,1090.0,-0.04,25.36,27844.08,-1
2026-07-21,2026-07-21 15:00:00,1090.0,1107.0,1086.1,1090.0,0.0,25.36,27844.08,0
2026-07-22,2026-07-22 11:00:00,1090.0,1093.9,1089.4,1090.04,0.0,19.64,21568.38,1
2026-07-22,2026-07-22 11:10:00,1090.04,1090.08,1090.04,1090.08,0.0,19.64,21568.38,1
2026-07-22,2026-07-22 11:20:00,1090.08,1090.12,1090.08,1090.12,0.0,19.64,21568.38,1
2026-07-22,2026-07-22 11:30:00,1090.12,1090.17,1090.12,1090.17,0.0,19.64,21568.38,1
2026-07-22,2026-07-22 11:40:00,1090.17,1090.21,1090.17,1090.21,0.0,19.64,21568.38,1
2026-07-22,2026-07-22 11:50:00,1090.21,1090.25,1090.21,1090.25,0.0,19.64,21568.38,1
2026-07-22,2026-07-22 12:00:00,1090.25,1090.29,1090.25,1090.29,0.0,19.64,21568.38,1
2026-07-22,2026-07-22 12:10:00,1090.29,1090.33,1090.29,1090.33,0.0,19.64,21568.38,1
2026-07-22,2026-07-22 12:20:00,1090.33,1090.38,1090.33,1090.38,0.0,19.64,21568.38,1
2026-07-22,2026-07-22 12:30:00,1090.38,1090.42,1090.38,1090.42,0.0,19.64,21568.38,1
2026-07-22,2026-07-22 12:40:00,1090.42,1090.46,1090.42,1090.46,0.0,19.64,21568.38,1
2026-07-22,2026-07-22 12:50:00,1090.46,1090.5,1090.46,1090.5,0.0,19.64,21568.38,1
2026-07-22,2026-07-22 13:00:00,1090.5,1103.0,1088.0,1090.54,0.0,19.64,21568.38,1
2026-07-22,2026-07-22 13:10:00,1090.54,1090.58,1090.54,1090.58,0.0,19.64,21568.38,1
2026-07-22,2026-07-22 13:20:00,1090.58,1090.62,1090.58,1090.62,0.0,19.64,21568.38,1
2026-07-22,2026-07-22 13:30:00,1090.62,1090.67,1090.62,1090.67,0.0,19.64,21568.38,1
2026-07-22,2026-07-22 13:40:00,1090.67,1090.71,1090.67,1090.71,0.0,19.64,21568.38,1
2026-07-22,2026-07-22 13:50:00,1090.71,1090.75,1090.71,1090.75,0.0,19.64,21568.38,1
2026-07-22,2026-07-22 14:00:00,1090.75,1090.79,1090.75,1090.79,0.0,19.64,21568.38,1
2026-07-22,2026-07-22 14:10:00,1090.79,1090.83,1090.79,1090.83,0.0,19.64,21568.38,1
2026-07-22,2026-07-22 14:20:00,1090.83,1090.88,1090.83,1090.88,0.0,19.64,21568.38,1
2026-07-22,2026-07-22 14:30:00,1090.88,1090.92,1090.88,1090.92,0.0,19.64,21568.38,1
2026-07-22,2026-07-22 14:40:00,1090.92,1090.96,1090.92,1090.96,0.0,19.64,21568.38,1
2026-07-22,2026-07-22 14:50:00,1090.96,1091.0,1090.96,1091.0,0.0,19.64,21568.38,1
2026-07-22,2026-07-22 15:00:00,1091.0,1103.0,1088.0,1091.0,0.0,19.64,21568.38,0
2026-07-23,2026-07-23 11:00:00,1106.0,1111.31,1106.0,1106.58,0.05,15.4,17246.4,1
2026-07-23,2026-07-23 11:10:00,1106.58,1107.17,1106.58,1107.17,0.05,15.4,17246.4,1
2026-07-23,2026-07-23 11:20:00,1107.17,1107.75,1107.17,1107.75,0.05,15.4,17246.4,1
2026-07-23,2026-07-23 11:30:00,1107.75,1108.33,1107.75,1108.33,0.05,15.4,17246.4,1
2026-07-23,2026-07-23 11:40:00,1108.33,1108.92,1108.33,1108.92,0.05,15.4,17246.4,1
2026-07-23,2026-07-23 11:50:00,1108.92,1109.5,1108.92,1109.5,0.05,15.4,17246.4,1
2026-07-23,2026-07-23 12:00:00,1109.5,1110.08,1109.5,1110.08,0.05,15.4,17246.4,1
2026-07-23,2026-07-23 12:10:00,1110.08,1110.67,1110.08,1110.67,0.05,15.4,17246.4,1
2026-07-23,2026-07-23 12:20:00,1110.67,1111.25,1110.67,1111.25,0.05,15.4,17246.4,1
2026-07-23,2026-07-23 12:30:00,1111.25,1111.83,1111.25,1111.83,0.05,15.4,17246.4,1
2026-07-23,2026-07-23 12:40:00,1111.83,1112.42,1111.83,1112.42,0.05,15.4,17246.4,1
2026-07-23,2026-07-23 12:50:00,1112.42,1113.0,1112.42,1113.0,0.05,15.4,17246.4,1
2026-07-23,2026-07-23 13:00:00,1113.0,1123.7,1106.0,1113.58,0.05,15.4,17246.4,1
2026-07-23,2026-07-23 13:10:00,1113.58,1114.17,1113.58,1114.17,0.05,15.4,17246.4,1
2026-07-23,2026-07-23 13:20:00,1114.17,1114.75,1114.17,1114.75,0.05,15.4,17246.4,1
2026-07-23,2026-07-23 13:30:00,1114.75,1115.33,1114.75,1115.33,0.05,15.4,17246.4,1
2026-07-23,2026-07-23 13:40:00,1115.33,1115.92,1115.33,1115.92,0.05,15.4,17246.4,1
2026-07-23,2026-07-23 13:50:00,1115.92,1116.5,1115.92,1116.5,0.05,15.4,17246.4,1
2026-07-23,2026-07-23 14:00:00,1116.5,1117.08,1116.5,1117.08,0.05,15.4,17246.4,1
2026-07-23,2026-07-23 14:10:00,1117.08,1117.67,1117.08,1117.67,0.05,15.4,17246.4,1
2026-07-23,2026-07-23 14:20:00,1117.67,1118.25,1117.67,1118.25,0.05,15.4,17246.4,1
2026-07-23,2026-07-23 14:30:00,1118.25,1118.83,1118.25,1118.83,0.05,15.4,17246.4,1
2026-07-23,2026-07-23 14:40:00,1118.83,1119.42,1118.83,1119.42,0.05,15.4,17246.4,1
2026-07-23,2026-07-23 14:50:00,1119.42,1120.0,1119.42,1120.0,0.05,15.4,17246.4,1
2026-07-23,2026-07-23 15:00:00,1120.0,1123.7,1106.0,1120.0,0.0,15.4,17246.4,0
2026-07-24,2026-07-24 11:00:00,1100.0,1100.3,1100.0,1100.04,0.0,3.96,4357.0,1
2026-07-24,2026-07-24 11:10:00,1100.04,1100.08,1100.04,1100.08,0.0,3.96,4357.0,1
2026-07-24,2026-07-24 11:20:00,1100.08,1100.12,1100.08,1100.12,0.0,3.96,4357.0,1
2026-07-24,2026-07-24 11:30:00,1100.12,1100.17,1100.12,1100.17,0.0,3.96,4357.0,1
2026-07-24,2026-07-24 11:40:00,1100.17,1100.21,1100.17,1100.21,0.0,3.96,4357.0,1
2026-07-24,2026-07-24 11:50:00,1100.21,1100.25,1100.21,1100.25,0.0,3.96,4357.0,1
2026-07-24,2026-07-24 12:00:00,1100.25,1100.29,1100.25,1100.29,0.0,3.96,4357.0,1
2026-07-24,2026-07-24 12:10:00,1100.29,1100.33,1100.29,1100.33,0.0,3.96,4357.0,1
2026-07-24,2026-07-24 12:20:00,1100.33,1100.38,1100.33,1100.38,0.0,3.96,4357.0,1
2026-07-24,2026-07-24 12:30:00,1100.38,1100.42,1100.38,1100.42,0.0,3.96,4357.0,1
2026-07-24,2026-07-24 12:40:00,1100.42,1100.46,1100.42,1100.46,0.0,3.96,4357.0,1
2026-07-24,2026-07-24 12:50:00,1100.46,1100.5,1100.46,1100.5,0.0,3.96,4357.0,1
2026-07-24,2026-07-24 13:00:00,1100.5,1101.0,1100.0,1100.54,0.0,3.96,4357.0,1
2026-07-24,2026-07-24 13:10:00,1100.54,1100.58,1100.54,1100.58,0.0,3.96,4357.0,1
2026-07-24,2026-07-24 13:20:00,1100.58,1100.62,1100.58,1100.62,0.0,3.96,4357.0,1
2026-07-24,2026-07-24 13:30:00,1100.62,1100.67,1100.62,1100.67,0.0,3.96,4357.0,1
2026-07-24,2026-07-24 13:40:00,1100.67,1100.71,1100.67,1100.71,0.0,3.96,4357.0,1
2026-07-24,2026-07-24 13:50:00,1100.71,1100.75,1100.71,1100.75,0.0,3.96,4357.0,1
2026-07-24,2026-07-24 14:00:00,1100.75,1100.79,1100.75,1100.79,0.0,3.96,4357.0,1
2026-07-24,2026-07-24 14:10:00,1100.79,1100.83,1100.79,1100.83,0.0,3.96,4357.0,1
2026-07-24,2026-07-24 14:20:00,1100.83,1100.88,1100.83,1100.88,0.0,3.96,4357.0,1
2026-07-24,2026-07-24 14:30:00,1100.88,1100.92,1100.88,1100.92,0.0,3.96,4357.0,1
2026-07-24,2026-07-24 14:40:00,1100.92,1100.96,1100.92,1100.96,0.0,3.96,4357.0,1
2026-07-24,2026-07-24 14:50:00,1100.96,1101.0,1100.96,1101.0,0.0,3.96,4357.0,1
2026-07-24,2026-07-24 15:00:00,1101.0,1101.0,1100.0,1101.0,0.0,3.96,4357.0,0
2026-07-27,2026-07-27 11:00:00,1100.0,1100.3,1099.1,1099.9,-0.01,3.8,4176.24,-1
2026-07-27,2026-07-27 11:10:00,1099.9,1099.9,1099.8,1099.8,-0.01,3.8,4176.24,-1
2026-07-27,2026-07-27 11:20:00,1099.8,1099.8,1099.7,1099.7,-0.01,3.8,4176.24,-1
2026-07-27,2026-07-27 11:30:00,1099.7,1099.7,1099.6,1099.6,-0.01,3.8,4176.24,-1
2026-07-27,2026-07-27 11:40:00,1099.6,1099.6,1099.5,1099.5,-0.01,3.8,4176.24,-1
2026-07-27,2026-07-27 11:50:00,1099.5,1099.5,1099.4,1099.4,-0.01,3.8,4176.24,-1
2026-07-27,2026-07-27 12:00:00,1099.4,1099.4,1099.3,1099.3,-0.01,3.8,4176.24,-1
2026-07-27,2026-07-27 12:10:00,1099.3,1099.3,1099.2,1099.2,-0.01,3.8,4176.24,-1
2026-07-27,2026-07-27 12:20:00,1099.2,1099.2,1099.1,1099.1,-0.01,3.8,4176.24,-1
2026-07-27,2026-07-27 12:30:00,1099.1,1099.1,1099.0,1099.0,-0.01,3.8,4176.24,-1
2026-07-27,2026-07-27 12:40:00,1099.0,1099.0,1098.9,1098.9,-0.01,3.8,4176.24,-1
2026-07-27,2026-07-27 12:50:00,1098.9,1098.9,1098.8,1098.8,-0.01,3.8,4176.24,-1
2026-07-27,2026-07-27 13:00:00,1098.8,1101.0,1097.0,1098.7,-0.01,3.8,4176.24,-1
2026-07-27,2026-07-27 13:10:00,1098.7,1098.7,1098.6,1098.6,-0.01,3.8,4176.24,-1
2026-07-27,2026-07-27 13:20:00,1098.6,1098.6,1098.5,1098.5,-0.01,3.8,4176.24,-1
2026-07-27,2026-07-27 13:30:00,1098.5,1098.5,1098.4,1098.4,-0.01,3.8,4176.24,-1
2026-07-27,2026-07-27 13:40:00,1098.4,1098.4,1098.3,1098.3,-0.01,3.8,4176.24,-1
2026-07-27,2026-07-27 13:50:00,1098.3,1098.3,1098.2,1098.2,-0.01,3.8,4176.24,-1
2026-07-27,2026-07-27 14:00:00,1098.2,1098.2,1098.1,1098.1,-0.01,3.8,4176.24,-1
2026-07-27,2026-07-27 14:10:00,1098.1,1098.1,1098.0,1098.0,-0.01,3.8,4176.24,-1
2026-07-27,2026-07-27 14:20:00,1098.0,1098.0,1097.9,1097.9,-0.01,3.8,4176.24,-1
2026-07-27,2026-07-27 14:30:00,1097.9,1097.9,1097.8,1097.8,-0.01,3.8,4176.24,-1
2026-07-27,2026-07-27 14:40:00,1097.8,1097.8,1097.7,1097.7,-0.01,3.8,4176.24,-1
2026-07-27,2026-07-27 14:50:00,1097.7,1097.7,1097.6,1097.6,-0.01,3.8,4176.24,-1
2026-07-27,2026-07-27 15:00:00,1097.6,1101.0,1097.0,1097.6,0.0,3.8,4176.24,0
2026-07-28,2026-07-28 11:00:00,1086.0,1089.3,1086.0,1086.5,0.05,6.8,7445.52,1
2026-07-28,2026-07-28 11:10:00,1086.5,1087.0,1086.5,1087.0,0.05,6.8,7445.52,1
2026-07-28,2026-07-28 11:20:00,1087.0,1087.5,1087.0,1087.5,0.05,6.8,7445.52,1
2026-07-28,2026-07-28 11:30:00,1087.5,1088.0,1087.5,1088.0,0.05,6.8,7445.52,1
2026-07-28,2026-07-28 11:40:00,1088.0,1088.5,1088.0,1088.5,0.05,6.8,7445.52,1
2026-07-28,2026-07-28 11:50:00,1088.5,1089.0,1088.5,1089.0,0.05,6.8,7445.52,1
2026-07-28,2026-07-28 12:00:00,1089.0,1089.5,1089.0,1089.5,0.05,6.8,7445.52,1
2026-07-28,2026-07-28 12:10:00,1089.5,1090.0,1089.5,1090.0,0.05,6.8,7445.52,1
2026-07-28,2026-07-28 12:20:00,1090.0,1090.5,1090.0,1090.5,0.05,6.8,7445.52,1
2026-07-28,2026-07-28 12:30:00,1090.5,1091.0,1090.5,1091.0,0.05,6.8,7445.52,1
2026-07-28,2026-07-28 12:40:00,1091.0,1091.5,1091.0,1091.5,0.05,6.8,7445.52,1
2026-07-28,2026-07-28 12:50:00,1091.5,1092.0,1091.5,1092.0,0.05,6.8,7445.52,1
2026-07-28,2026-07-28 13:00:00,1092.0,1097.0,1086.0,1092.5,0.05,6.8,7445.52,1
2026-07-28,2026-07-28 13:10:00,1092.5,1093.0,1092.5,1093.0,0.05,6.8,7445.52,1
2026-07-28,2026-07-28 13:20:00,1093.0,1093.5,1093.0,1093.5,0.05,6.8,7445.52,1
2026-07-28,2026-07-28 13:30:00,1093.5,1094.0,1093.5,1094.0,0.05,6.8,7445.52,1
2026-07-28,2026-07-28 13:40:00,1094.0,1094.5,1094.0,1094.5,0.05,6.8,7445.52,1
2026-07-28,2026-07-28 13:50:00,1094.5,1095.0,1094.5,1095.0,0.05,6.8,7445.52,1
2026-07-28,2026-07-28 14:00:00,1095.0,1095.5,1095.0,1095.5,0.05,6.8,7445.52,1
2026-07-28,2026-07-28 14:10:00,1095.5,1096.0,1095.5,1096.0,0.05,6.8,7445.52,1
2026-07-28,2026-07-28 14:20:00,1096.0,1096.5,1096.0,1096.5,0.05,6.8,7445.52,1
2026-07-28,2026-07-28 14:30:00,1096.5,1097.0,1096.5,1097.0,0.05,6.8,7445.52,1
2026-07-28,2026-07-28 14:40:00,1097.0,1097.5,1097.0,1097.5,0.05,6.8,7445.52,1
2026-07-28,2026-07-28 14:50:00,1097.5,1098.0,1097.5,1098.0,0.05,6.8,7445.52,1
2026-07-28,2026-07-28 15:00:00,1098.0,1098.0,1086.0,1098.0,0.0,6.8,7445.52,0
2026-07-29,2026-07-29 11:00:00,1092.7,1094.89,1092.7,1093.0,0.03,6.8,7459.9,1
2026-07-29,2026-07-29 11:10:00,1093.0,1093.31,1093.0,1093.31,0.03,6.8,7459.9,1
2026-07-29,2026-07-29 11:20:00,1093.31,1093.61,1093.31,1093.61,0.03,6.8,7459.9,1
2026-07-29,2026-07-29 11:30:00,1093.61,1093.92,1093.61,1093.92,0.03,6.8,7459.9,1
2026-07-29,2026-07-29 11:40:00,1093.92,1094.22,1093.92,1094.22,0.03,6.8,7459.9,1
2026-07-29,2026-07-29 11:50:00,1094.22,1094.53,1094.22,1094.53,0.03,6.8,7459.9,1
2026-07-29,2026-07-29 12:00:00,1094.53,1094.83,1094.53,1094.83,0.03,6.8,7459.9,1
2026-07-29,2026-07-29 12:10:00,1094.83,1095.13,1094.83,1095.13,0.03,6.8,7459.9,1
2026-07-29,2026-07-29 12:20:00,1095.13,1095.44,1095.13,1095.44,0.03,6.8,7459.9,1
2026-07-29,2026-07-29 12:30:00,1095.44,1095.74,1095.44,1095.74,0.03,6.8,7459.9,1
2026-07-29,2026-07-29 12:40:00,1095.74,1096.05,1095.74,1096.05,0.03,6.8,7459.9,1
2026-07-29,2026-07-29 12:50:00,1096.05,1096.35,1096.05,1096.35,0.03,6.8,7459.9,1
2026-07-29,2026-07-29 13:00:00,1096.35,1100.0,1092.7,1096.65,0.03,6.8,7459.9,1
2026-07-29,2026-07-29 13:10:00,1096.65,1096.96,1096.65,1096.96,0.03,6.8,7459.9,1
2026-07-29,2026-07-29 13:20:00,1096.96,1097.26,1096.96,1097.26,0.03,6.8,7459.9,1
2026-07-29,2026-07-29 13:30:00,1097.26,1097.57,1097.26,1097.57,0.03,6.8,7459.9,1
2026-07-29,2026-07-29 13:40:00,1097.57,1097.87,1097.57,1097.87,0.03,6.8,7459.9,1
2026-07-29,2026-07-29 13:50:00,1097.87,1098.17,1097.87,1098.17,0.03,6.8,7459.9,1
2026-07-29,2026-07-29 14:00:00,1098.17,1098.48,1098.17,1098.48,0.03,6.8,7459.9,1
2026-07-29,2026-07-29 14:10:00,1098.48,1098.78,1098.48,1098.78,0.03,6.8,7459.9,1
2026-07-29,2026-07-29 14:20:00,1098.78,1099.09,1098.78,1099.09,0.03,6.8,7459.9,1
2026-07-29,2026-07-29 14:30:00,1099.09,1099.39,1099.09,1099.39,0.03,6.8,7459.9,1
2026-07-29,2026-07-29 14:40:00,1099.39,1099.7,1099.39,1099.7,0.03,6.8,7459.9,1
2026-07-29,2026-07-29 14:50:00,1099.7,1100.0,1099.7,1100.0,0.03,6.8,7459.9,1
2026-07-29,2026-07-29 15:00:00,1100.0,1100.0,1092.7,1100.0,0.0,6.8,7459.9,0
2026-07-30,2026-07-30 11:00:00,1099.0,1099.3,1096.48,1098.72,-0.03,9.0,9866.86,-1
2026-07-30,2026-07-30 11:10:00,1098.72,1098.72,1098.44,1098.44,-0.03,9.0,9866.86,-1
2026-07-30,2026-07-30 11:20:00,1098.44,1098.44,1098.16,1098.16,-0.03,9.0,9866.86,-1
2026-07-30,2026-07-30 11:30:00,1098.16,1098.16,1097.88,1097.88,-0.03,9.0,9866.86,-1
2026-07-30,2026-07-30 11:40:00,1097.88,1097.88,1097.6,1097.6,-0.03,9.0,9866.86,-1
2026-07-30,2026-07-30 11:50:00,1097.6,1097.6,1097.33,1097.33,-0.02,9.0,9866.86,-1
2026-07-30,2026-07-30 12:00:00,1097.33,1097.33,1097.05,1097.05,-0.03,9.0,9866.86,-1
2026-07-30,2026-07-30 12:10:00,1097.05,1097.05,1096.77,1096.77,-0.03,9.0,9866.86,-1
2026-07-30,2026-07-30 12:20:00,1096.77,1096.77,1096.49,1096.49,-0.03,9.0,9866.86,-1
2026-07-30,2026-07-30 12:30:00,1096.49,1096.49,1096.21,1096.21,-0.03,9.0,9866.86,-1
2026-07-30,2026-07-30 12:40:00,1096.21,1096.21,1095.93,1095.93,-0.03,9.0,9866.86,-1
2026-07-30,2026-07-30 12:50:00,1095.93,1095.93,1095.65,1095.65,-0.03,9.0,9866.86,-1
2026-07-30,2026-07-30 13:00:00,1095.65,1100.0,1090.6,1095.37,-0.03,9.0,9866.86,-1
2026-07-30,2026-07-30 13:10:00,1095.37,1095.37,1095.09,1095.09,-0.03,9.0,9866.86,-1
2026-07-30,2026-07-30 13:20:00,1095.09,1095.09,1094.81,1094.81,-0.03,9.0,9866.86,-1
2026-07-30,2026-07-30 13:30:00,1094.81,1094.81,1094.53,1094.53,-0.03,9.0,9866.86,-1
2026-07-30,2026-07-30 13:40:00,1094.53,1094.53,1094.25,1094.25,-0.03,9.0,9866.86,-1
2026-07-30,2026-07-30 13:50:00,1094.25,1094.25,1093.97,1093.97,-0.03,9.0,9866.86,-1
2026-07-30,2026-07-30 14:00:00,1093.97,1093.97,1093.7,1093.7,-0.02,9.0,9866.86,-1
2026-07-30,2026-07-30 14:10:00,1093.7,1093.7,1093.42,1093.42,-0.03,9.0,9866.86,-1
2026-07-30,2026-07-30 14:20:00,1093.42,1093.42,1093.14,1093.14,-0.03,9.0,9866.86,-1
2026-07-30,2026-07-30 14:30:00,1093.14,1093.14,1092.86,1092.86,-0.03,9.0,9866.86,-1
2026-07-30,2026-07-30 14:40:00,1092.86,1092.86,1092.58,1092.58,-0.03,9.0,9866.86,-1
2026-07-30,2026-07-30 14:50:00,1092.58,1092.58,1092.3,1092.3,-0.03,9.0,9866.86,-1
2026-07-30,2026-07-30 15:00:00,1092.3,1100.0,1090.6,1092.3,0.0,9.0,9866.86,0
2026-07-31,2026-07-31 11:00:00,1092.3,1092.57,1091.94,1092.34,0.0,2.4,2621.22,1
2026-07-31,2026-07-31 11:10:00,1092.34,1092.38,1092.34,1092.38,0.0,2.4,2621.22,1
2026-07-31,2026-07-31 11:20:00,1092.38,1092.41,1092.38,1092.41,0.0,2.4,2621.22,1
2026-07-31,2026-07-31 11:30:00,1092.41,1092.45,1092.41,1092.45,0.0,2.4,2621.22,1
2026-07-31,2026-07-31 11:40:00,1092.45,1092.49,1092.45,1092.49,0.0,2.4,2621.22,1
2026-07-31,2026-07-31 11:50:00,1092.49,1092.53,1092.49,1092.53,0.0,2.4,2621.22,1
2026-07-31,2026-07-31 12:00:00,1092.53,1092.56,1092.53,1092.56,0.0,2.4,2621.22,1
2026-07-31,2026-07-31 12:10:00,1092.56,1092.6,1092.56,1092.6,0.0,2.4,2621.22,1
2026-07-31,2026-07-31 12:20:00,1092.6,1092.64,1092.6,1092.64,0.0,2.4,2621.22,1
2026-07-31,2026-07-31 12:30:00,1092.64,1092.67,1092.64,1092.67,0.0,2.4,2621.22,1
2026-07-31,2026-07-31 12:40:00,1092.67,1092.71,1092.67,1092.71,0.0,2.4,2621.22,1
2026-07-31,2026-07-31 12:50:00,1092.71,1092.75,1092.71,1092.75,0.0,2.4,2621.22,1
2026-07-31,2026-07-31 13:00:00,1092.75,1093.2,1091.1,1092.79,0.0,2.4,2621.22,1
2026-07-31,2026-07-31 13:10:00,1092.79,1092.83,1092.79,1092.83,0.0,2.4,2621.22,1
2026-07-31,2026-07-31 13:20:00,1092.83,1092.86,1092.83,1092.86,0.0,2.4,2621.22,1
2026-07-31,2026-07-31 13:30:00,1092.86,1092.9,1092.86,1092.9,0.0,2.4,2621.22,1
2026-07-31,2026-07-31 13:40:00,1092.9,1092.94,1092.9,1092.94,0.0,2.4,2621.22,1
2026-07-31,2026-07-31 13:50:00,1092.94,1092.97,1092.94,1092.97,0.0,2.4,2621.22,1
2026-07-31,2026-07-31 14:00:00,1092.97,1093.01,1092.97,1093.01,0.0,2.4,2621.22,1
2026-07-31,2026-07-31 14:10:00,1093.01,1093.05,1093.01,1093.05,0.0,2.4,2621.22,1
2026-07-31,2026-07-31 14:20:00,1093.05,1093.09,1093.05,1093.09,0.0,2.4,2621.22,1
2026-07-31,2026-07-31 14:30:00,1093.09,1093.12,1093.09,1093.12,0.0,2.4,2621.22,1
2026-07-31,2026-07-31 14:40:00,1093.12,1093.16,1093.12,1093.16,0.0,2.4,2621.22,1
2026-07-31,2026-07-31 14:50:00,1093.16,1093.2,1093.16,1093.2,0.0,2.4,2621.22,1
2026-07-31,2026-07-31 15:00:00,1093.2,1093.2,1091.1,1093.2,0.0,2.4,2621.22,0
2026-08-03,2026-08-03 11:00:00,1095.0,1096.8,1092.0,1095.25,0.02,8.0,8765.0,1
2026-08-03,2026-08-03 11:10:00,1095.25,1095.5,1095.25,1095.5,0.02,8.0,8765.0,1
2026-08-03,2026-08-03 11:20:00,1095.5,1095.75,1095.5,1095.75,0.02,8.0,8765.0,1
2026-08-03,2026-08-03 11:30:00,1095.75,1096.0,1095.75,1096.0,0.02,8.0,8765.0,1
2026-08-03,2026-08-03 11:40:00,1096.0,1096.25,1096.0,1096.25,0.02,8.0,8765.0,1
2026-08-03,2026-08-03 11:50:00,1096.25,1096.5,1096.25,1096.5,0.02,8.0,8765.0,1
2026-08-03,2026-08-03 12:00:00,1096.5,1096.75,1096.5,1096.75,0.02,8.0,8765.0,1
2026-08-03,2026-08-03 12:10:00,1096.75,1097.0,1096.75,1097.0,0.02,8.0,8765.0,1
2026-08-03,2026-08-03 12:20:00,1097.0,1097.25,1097.0,1097.25,0.02,8.0,8765.0,1
2026-08-03,2026-08-03 12:30:00,1097.25,1097.5,1097.25,1097.5,0.02,8.0,8765.0,1
2026-08-03,2026-08-03 12:40:00,1097.5,1097.75,1097.5,1097.75,0.02,8.0,8765.0,1
2026-08-03,2026-08-03 12:50:00,1097.75,1098.0,1097.75,1098.0,0.02,8.0,8765.0,1
2026-08-03,2026-08-03 13:00:00,1098.0,1101.0,1085.0,1098.25,0.02,8.0,8765.0,1
2026-08-03,2026-08-03 13:10:00,1098.25,1098.5,1098.25,1098.5,0.02,8.0,8765.0,1
2026-08-03,2026-08-03 13:20:00,1098.5,1098.75,1098.5,1098.75,0.02,8.0,8765.0,1
2026-08-03,2026-08-03 13:30:00,1098.75,1099.0,1098.75,1099.0,0.02,8.0,8765.0,1
2026-08-03,2026-08-03 13:40:00,1099.0,1099.25,1099.0,1099.25,0.02,8.0,8765.0,1
2026-08-03,2026-08-03 13:50:00,1099.25,1099.5,1099.25,1099.5,0.02,8.0,8765.0,1
2026-08-03,2026-08-03 14:00:00,1099.5,1099.75,1099.5,1099.75,0.02,8.0,8765.0,1
2026-08-03,2026-08-03 14:10:00,1099.75,1100.0,1099.75,1100.0,0.02,8.0,8765.0,1
2026-08-03,2026-08-03 14:20:00,1100.0,1100.25,1100.0,1100.25,0.02,8.0,8765.0,1
2026-08-03,2026-08-03 14:30:00,1100.25,1100.5,1100.25,1100.5,0.02,8.0,8765.0,1
2026-08-03,2026-08-03 14:40:00,1100.5,1100.75,1100.5,1100.75,0.02,8.0,8765.0,1
2026-08-03,2026-08-03 14:50:00,1100.75,1101.0,1100.75,1101.0,0.02,8.0,8765.0,1
2026-08-03,2026-08-03 15:00:00,1101.0,1101.0,1085.0,1101.0,0.0,8.0,8765.0,0
2026-08-04,2026-08-04 11:00:00,1100.0,1100.0,1097.6,1099.67,-0.03,2.0,2192.0,-1
2026-08-04,2026-08-04 11:10:00,1099.67,1099.67,1099.33,1099.33,-0.03,2.0,2192.0,-1
2026-08-04,2026-08-04 11:20:00,1099.33,1099.33,1099.0,1099.0,-0.03,2.0,2192.0,-1
2026-08-04,2026-08-04 11:30:00,1099.0,1099.0,1098.67,1098.67,-0.03,2.0,2192.0,-1
2026-08-04,2026-08-04 11:40:00,1098.67,1098.67,1098.33,1098.33,-0.03,2.0,2192.0,-1
2026-08-04,2026-08-04 11:50:00,1098.33,1098.33,1098.0,1098.0,-0.03,2.0,2192.0,-1
2026-08-04,2026-08-04 12:00:00,1098.0,1098.0,1097.67,1097.67,-0.03,2.0,2192.0,-1
2026-08-04,2026-08-04 12:10:00,1097.67,1097.67,1097.33,1097.33,-0.03,2.0,2192.0,-1
2026-08-04,2026-08-04 12:20:00,1097.33,1097.33,1097.0,1097.0,-0.03,2.0,2192.0,-1
2026-08-04,2026-08-04 12:30:00,1097.0,1097.0,1096.67,1096.67,-0.03,2.0,2192.0,-1
2026-08-04,2026-08-04 12:40:00,1096.67,1096.67,1096.33,1096.33,-0.03,2.0,2192.0,-1
2026-08-04,2026-08-04 12:50:00,1096.33,1096.33,1096.0,1096.0,-0.03,2.0,2192.0,-1
2026-08-04,2026-08-04 13:00:00,1096.0,1100.0,1092.0,1095.67,-0.03,2.0,2192.0,-1
2026-08-04,2026-08-04 13:10:00,1095.67,1095.67,1095.33,1095.33,-0.03,2.0,2192.0,-1
2026-08-04,2026-08-04 13:20:00,1095.33,1095.33,1095.0,1095.0,-0.03,2.0,2192.0,-1
2026-08-04,2026-08-04 13:30:00,1095.0,1095.0,1094.67,1094.67,-0.03,2.0,2192.0,-1
2026-08-04,2026-08-04 13:40:00,1094.67,1094.67,1094.33,1094.33,-0.03,2.0,2192.0,-1
2026-08-04,2026-08-04 13:50:00,1094.33,1094.33,1094.0,1094.0,-0.03,2.0,2192.0,-1
2026-08-04,2026-08-04 14:00:00,1094.0,1094.0,1093.67,1093.67,-0.03,2.0,2192.0,-1
2026-08-04,2026-08-04 14:10:00,1093.67,1093.67,1093.33,1093.33,-0.03,2.0,2192.0,-1
2026-08-04,2026-08-04 14:20:00,1093.33,1093.33,1093.0,1093.0,-0.03,2.0,2192.0,-1
2026-08-04,2026-08-04 14:30:00,1093.0,1093.0,1092.67,1092.67,-0.03,2.0,2192.0,-1
2026-08-04,2026-08-04 14:40:00,1092.67,1092.67,1092.33,1092.33,-0.03,2.0,2192.0,-1
2026-08-04,2026-08-04 14:50:00,1092.33,1092.33,1092.0,1092.0,-0.03,2.0,2192.0,-1
2026-08-04,2026-08-04 15:00:00,1092.0,1100.0,1092.0,1092.0,0.0,2.0,2192.0,0
2026-08-05,2026-08-05 11:00:00,1082.0,1082.0,1082.0,1082.0,0.0,1.0,1082.0,0
2026-08-05,2026-08-05 11:10:00,1082.0,1082.0,1082.0,1082.0,0.0,1.0,1082.0,0
2026-08-05,2026-08-05 11:20:00,1082.0,1082.0,1082.0,1082.0,0.0,1.0,1082.0,0
2026-08-05,2026-08-05 11:30:00,1082.0,1082.0,1082.0,1082.0,0.0,1.0,1082.0,0
2026-08-05,2026-08-05 11:40:00,1082.0,1082.0,1082.0,1082.0,0.0,1.0,1082.0,0
2026-08-05,2026-08-05 11:50:00,1082.0,1082.0,1082.0,1082.0,0.0,1.0,1082.0,0
2026-08-05,2026-08-05 12:00:00,1082.0,1082.0,1082.0,1082.0,0.0,1.0,1082.0,0
2026-08-05,2026-08-05 12:10:00,1082.0,1082.0,1082.0,1082.0,0.0,1.0,1082.0,0
2026-08-05,2026-08-05 12:20:00,1082.0,1082.0,1082.0,1082.0,0.0,1.0,1082.0,0
2026-08-05,2026-08-05 12:30:00,1082.0,1082.0,1082.0,1082.0,0.0,1.0,1082.0,0
2026-08-05,2026-08-05 12:40:00,1082.0,1082.0,1082.0,1082.0,0.0,1.0,1082.0,0
2026-08-05,2026-08-05 12:50:00,1082.0,1082.0,1082.0,1082.0,0.0,1.0,1082.0,0
2026-08-05,2026-08-05 13:00:00,1082.0,1082.0,1082.0,1082.0,0.0,1.0,1082.0,0
2026-08-05,2026-08-05 13:10:00,1082.0,1082.0,1082.0,1082.0,0.0,1.0,1082.0,0
2026-08-05,2026-08-05 13:20:00,1082.0,1082.0,1082.0,1082.0,0.0,1.0,1082.0,0
2026-08-05,2026-08-05 13:30:00,1082.0,1082.0,1082.0,1082.0,0.0,1.0,1082.0,0
2026-08-05,2026-08-05 13:40:00,1082.0,1082.0,1082.0,1082.0,0.0,1.0,1082.0,0
2026-08-05,2026-08-05 13:50:00,1082.0,1082.0,1082.0,1082.0,0.0,1.0,1082.0,0
2026-08-05,2026-08-05 14:00:00,1082.0,1082.0,1082.0,1082.0,0.0,1.0,1082.0,0
2026-08-05,2026-08-05 14:10:00,1082.0,1082.0,1082.0,1082.0,0.0,1.0,1082.0,0
2026-08-05,2026-08-05 14:20:00,1082.0,1082.0,1082.0,1082.0,0.0,1.0,1082.0,0
2026-08-05,2026-08-05 14:30:00,1082.0,1082.0,1082.0,1082.0,0.0,1.0,1082.0,0
2026-08-05,2026-08-05 14:40:00,1082.0,1082.0,1082.0,1082.0,0.0,1.0,1082.0,0
2026-08-05,2026-08-05 14:50:00,1082.0,1082.0,1082.0,1082.0,0.0,1.0,1082.0,0
2026-08-05,2026-08-05 15:00:00,1082.0,1082.0,1082.0,1082.0,0.0,1.0,1082.0,0
2026-08-06,2026-08-06 11:00:00,1081.1,1083.77,1081.1,1081.47,0.03,6.0,6517.3,1
2026-08-06,2026-08-06 11:10:00,1081.47,1081.84,1081.47,1081.84,0.03,6.0,6517.3,1
2026-08-06,2026-08-06 11:20:00,1081.84,1082.21,1081.84,1082.21,0.03,6.0,6517.3,1
2026-08-06,2026-08-06 11:30:00,1082.21,1082.58,1082.21,1082.58,0.03,6.0,6517.3,1
2026-08-06,2026-08-06 11:40:00,1082.58,1082.95,1082.58,1082.95,0.03,6.0,6517.3,1
2026-08-06,2026-08-06 11:50:00,1082.95,1083.32,1082.95,1083.32,0.03,6.0,6517.3,1
2026-08-06,2026-08-06 12:00:00,1083.32,1083.7,1083.32,1083.7,0.04,6.0,6517.3,1
2026-08-06,2026-08-06 12:10:00,1083.7,1084.07,1083.7,1084.07,0.03,6.0,6517.3,1
2026-08-06,2026-08-06 12:20:00,1084.07,1084.44,1084.07,1084.44,0.03,6.0,6517.3,1
2026-08-06,2026-08-06 12:30:00,1084.44,1084.81,1084.44,1084.81,0.03,6.0,6517.3,1
2026-08-06,2026-08-06 12:40:00,1084.81,1085.18,1084.81,1085.18,0.03,6.0,6517.3,1
2026-08-06,2026-08-06 12:50:00,1085.18,1085.55,1085.18,1085.55,0.03,6.0,6517.3,1
2026-08-06,2026-08-06 13:00:00,1085.55,1090.0,1081.1,1085.92,0.03,6.0,6517.3,1
2026-08-06,2026-08-06 13:10:00,1085.92,1086.29,1085.92,1086.29,0.03,6.0,6517.3,1
2026-08-06,2026-08-06 13:20:00,1086.29,1086.66,1086.29,1086.66,0.03,6.0,6517.3,1
2026-08-06,2026-08-06 13:30:00,1086.66,1087.03,1086.66,1087.03,0.03,6.0,6517.3,1
2026-08-06,2026-08-06 13:40:00,1087.03,1087.4,1087.03,1087.4,0.03,6.0,6517.3,1
2026-08-06,2026-08-06 13:50:00,1087.4,1087.78,1087.4,1087.78,0.03,6.0,6517.3,1
2026-08-06,2026-08-06 14:00:00,1087.78,1088.15,1087.78,1088.15,0.03,6.0,6517.3,1
2026-08-06,2026-08-06 14:10:00,1088.15,1088.52,1088.15,1088.52,0.03,6.0,6517.3,1
2026-08-06,2026-08-06 14:20:00,1088.52,1088.89,1088.52,1088.89,0.03,6.0,6517.3,1
2026-08-06,2026-08-06 14:30:00,1088.89,1089.26,1088.89,1089.26,0.03,6.0,6517.3,1
2026-08-06,2026-08-06 14:40:00,1089.26,1089.63,1089.26,1089.63,0.03,6.0,6517.3,1
2026-08-06,2026-08-06 14:50:00,1089.63,1090.0,1089.63,1090.0,0.03,6.0,6517.3,1
2026-08-06,2026-08-06 15:00:00,1090.0,1090.0,1081.1,1090.0,0.0,6.0,6517.3,0
2026-08-07,2026-08-07 11:00:00,1085.0,1087.1,1085.0,1085.29,0.03,8.88,9663.4,1
2026-08-07,2026-08-07 11:10:00,1085.29,1085.58,1085.29,1085.58,0.03,8.88,9663.4,1
2026-08-07,2026-08-07 11:20:00,1085.58,1085.88,1085.58,1085.88,0.03,8.88,9663.4,1
2026-08-07,2026-08-07 11:30:00,1085.88,1086.17,1085.88,1086.17,0.03,8.88,9663.4,1
2026-08-07,2026-08-07 11:40:00,1086.17,1086.46,1086.17,1086.46,0.03,8.88,9663.4,1
2026-08-07,2026-08-07 11:50:00,1086.46,1086.75,1086.46,1086.75,0.03,8.88,9663.4,1
2026-08-07,2026-08-07 12:00:00,1086.75,1087.04,1086.75,1087.04,0.03,8.88,9663.4,1
2026-08-07,2026-08-07 12:10:00,1087.04,1087.33,1087.04,1087.33,0.03,8.88,9663.4,1
2026-08-07,2026-08-07 12:20:00,1087.33,1087.62,1087.33,1087.62,0.03,8.88,9663.4,1
2026-08-07,2026-08-07 12:30:00,1087.62,1087.92,1087.62,1087.92,0.03,8.88,9663.4,1
2026-08-07,2026-08-07 12:40:00,1087.92,1088.21,1087.92,1088.21,0.03,8.88,9663.4,1
2026-08-07,2026-08-07 12:50:00,1088.21,1088.5,1088.21,1088.5,0.03,8.88,9663.4,1
2026-08-07,2026-08-07 13:00:00,1088.5,1092.0,1085.0,1088.79,0.03,8.88,9663.4,1
2026-08-07,2026-08-07 13:10:00,1088.79,1089.08,1088.79,1089.08,0.03,8.88,9663.4,1
2026-08-07,2026-08-07 13:20:00,1089.08,1089.38,1089.08,1089.38,0.03,8.88,9663.4,1
2026-08-07,2026-08-07 13:30:00,1089.38,1089.67,1089.38,1089.67,0.03,8.88,9663.4,1
2026-08-07,2026-08-07 13:40:00,1089.67,1089.96,1089.67,1089.96,0.03,8.88,9663.4,1
2026-08-07,2026-08-07 13:50:00,1089.96,1090.25,1089.96,1090.25,0.03,8.88,9663.4,1
2026-08-07,2026-08-07 14:00:00,1090.25,1090.54,1090.25,1090.54,0.03,8.88,9663.4,1
2026-08-07,2026-08-07 14:10:00,1090.54,1090.83,1090.54,1090.83,0.03,8.88,9663.4,1
2026-08-07,2026-08-07 14:20:00,1090.83,1091.12,1090.83,1091.12,0.03,8.88,9663.4,1
2026-08-07,2026-08-07 14:30:00,1091.12,1091.42,1091.12,1091.42,0.03,8.88,9663.4,1
2026-08-07,2026-08-07 14:40:00,1091.42,1091.71,1091.42,1091.71,0.03,8.88,9663.4,1
2026-08-07,2026-08-07 14:50:00,1091.71,1092.0,1091.71,1092.0,0.03,8.88,9663.4,1
2026-08-07,2026-08-07 15:00:00,1092.0,1092.0,1085.0,1092.0,0.0,8.88,9663.4,0
2026-08-10,2026-08-10 11:00:00,1064.2,1064.2,1064.2,1064.2,0.0,1.0,1064.2,0
2026-08-10,2026-08-10 11:10:00,1064.2,1064.2,1064.2,1064.2,0.0,1.0,1064.2,0
2026-08-10,2026-08-10 11:20:00,1064.2,1064.2,1064.2,1064.2,0.0,1.0,1064.2,0
2026-08-10,2026-08-10 11:30:00,1064.2,1064.2,1064.2,1064.2,0.0,1.0,1064.2,0
2026-08-10,2026-08-10 11:40:00,1064.2,1064.2,1064.2,1064.2,0.0,1.0,1064.2,0
2026-08-10,2026-08-10 11:50:00,1064.2,1064.2,1064.2,1064.2,0.0,1.0,1064.2,0
2026-08-10,2026-08-10 12:00:00,1064.2,1064.2,1064.2,1064.2,0.0,1.0,1064.2,0
2026-08-10,2026-08-10 12:10:00,1064.2,1064.2,1064.2,1064.2,0.0,1.0,1064.2,0
2026-08-10,2026-08-10 12:20:00,1064.2,1064.2,1064.2,1064.2,0.0,1.0,1064.2,0
2026-08-10,2026-08-10 12:30:00,1064.2,1064.2,1064.2,1064.2,0.0,1.0,1064.2,0
2026-08-10,2026-08-10 12:40:00,1064.2,1064.2,1064.2,1064.2,0.0,1.0,1064.2,0
2026-08-10,2026-08-10 12:50:00,1064.2,1064.2,1064.2,1064.2,0.0,1.0,1064.2,0
2026-08-10,2026-08-10 13:00:00,1064.2,1064.2,1064.2,1064.2,0.0,1.0,1064.2,0
2026-08-10,2026-08-10 13:10:00,1064.2,1064.2,1064.2,1064.2,0.0,1.0,1064.2,0
2026-08-10,2026-08-10 13:20:00,1064.2,1064.2,1064.2,1064.2,0.0,1.0,1064.2,0
2026-08-10,2026-08-10 13:30:00,1064.2,1064.2,1064.2,1064.2,0.0,1.0,1064.2,0
2026-08-10,2026-08-10 13:40:00,1064.2,1064.2,1064.2,1064.2,0.0,1.0,1064.2,0
2026-08-10,2026-08-10 13:50:00,1064.2,1064.2,1064.2,1064.2,0.0,1.0,1064.2,0
2026-08-10,2026-08-10 14:00:00,1064.2,1064.2,1064.2,1064.2,0.0,1.0,1064.2,0
2026-08-10,2026-08-10 14:10:00,1064.2,1064.2,1064.2,1064.2,0.0,1.0,1064.2,0
2026-08-10,2026-08-10 14:20:00,1064.2,1064.2,1064.2,1064.2,0.0,1.0,1064.2,0
2026-08-10,2026-08-10 14:30:00,1064.2,1064.2,1064.2,1064.2,0.0,1.0,1064.2,0
2026-08-10,2026-08-10 14:40:00,1064.2,1064.2,1064.2,1064.2,0.0,1.0,1064.2,0
2026-08-10,2026-08-10 14:50:00,1064.2,1064.2,1064.2,1064.2,0.0,1.0,1064.2,0
2026-08-10,2026-08-10 15:00:00,1064.2,1064.2,1064.2,1064.2,0.0,1.0,1064.2,0
2026-08-12,2026-08-12 11:00:00,1077.1,1077.19,1077.1,1077.11,0.0,2.0,2154.5,1
2026-08-12,2026-08-12 11:10:00,1077.11,1077.12,1077.11,1077.12,0.0,2.0,2154.5,1
2026-08-12,2026-08-12 11:20:00,1077.12,1077.14,1077.12,1077.14,0.0,2.0,2154.5,1
2026-08-12,2026-08-12 11:30:00,1077.14,1077.15,1077.14,1077.15,0.0,2.0,2154.5,1
2026-08-12,2026-08-12 11:40:00,1077.15,1077.16,1077.15,1077.16,0.0,2.0,2154.5,1
2026-08-12,2026-08-12 11:50:00,1077.16,1077.17,1077.16,1077.17,0.0,2.0,2154.5,1
2026-08-12,2026-08-12 12:00:00,1077.17,1077.19,1077.17,1077.19,0.0,2.0,2154.5,1
2026-08-12,2026-08-12 12:10:00,1077.19,1077.2,1077.19,1077.2,0.0,2.0,2154.5,1
2026-08-12,2026-08-12 12:20:00,1077.2,1077.21,1077.2,1077.21,0.0,2.0,2154.5,1
2026-08-12,2026-08-12 12:30:00,1077.21,1077.22,1077.21,1077.22,0.0,2.0,2154.5,1
2026-08-12,2026-08-12 12:40:00,1077.22,1077.24,1077.22,1077.24,0.0,2.0,2154.5,1
2026-08-12,2026-08-12 12:50:00,1077.24,1077.25,1077.24,1077.25,0.0,2.0,2154.5,1
2026-08-12,2026-08-12 13:00:00,1077.25,1077.4,1077.1,1077.26,0.0,2.0,2154.5,1
2026-08-12,2026-08-12 13:10:00,1077.26,1077.28,1077.26,1077.28,0.0,2.0,2154.5,1
2026-08-12,2026-08-12 13:20:00,1077.28,1077.29,1077.28,1077.29,0.0,2.0,2154.5,1
2026-08-12,2026-08-12 13:30:00,1077.29,1077.3,1077.29,1077.3,0.0,2.0,2154.5,1
2026-08-12,2026-08-12 13:40:00,1077.3,1077.31,1077.3,1077.31,0.0,2.0,2154.5,1
2026-08-12,2026-08-12 13:50:00,1077.31,1077.33,1077.31,1077.33,0.0,2.0,2154.5,1
2026-08-12,2026-08-12 14:00:00,1077.33,1077.34,1077.33,1077.34,0.0,2.0,2154.5,1
2026-08-12,2026-08-12 14:10:00,1077.34,1077.35,1077.34,1077.35,0.0,2.0,2154.5,1
2026-08-12,2026-08-12 14:20:00,1077.35,1077.36,1077.35,1077.36,0.0,2.0,2154.5,1
2026-08-12,2026-08-12 14:30:00,1077.36,1077.38,1077.36,1077.38,0.0,2.0,2154.5,1
2026-08-12,2026-08-12 14:40:00,1077.38,1077.39,1077.38,1077.39,0.0,2.0,2154.5,1
2026-08-12,2026-08-12 14:50:00,1077.39,1077.4,1077.39,1077.4,0.0,2.0,2154.5,1
2026-08-12,2026-08-12 15:00:00,1077.4,1077.4,1077.1,1077.4,0.0,2.0,2154.5,0
2026-08-13,2026-08-13 11:00:00,1077.4,1084.18,1077.4,1078.01,0.06,11.0,12020.4,1
2026-08-13,2026-08-13 11:10:00,1078.01,1078.62,1078.01,1078.62,0.06,11.0,12020.4,1
2026-08-13,2026-08-13 11:20:00,1078.62,1079.23,1078.62,1079.23,0.06,11.0,12020.4,1
2026-08-13,2026-08-13 11:30:00,1079.23,1079.83,1079.23,1079.83,0.06,11.0,12020.4,1
2026-08-13,2026-08-13 11:40:00,1079.83,1080.44,1079.83,1080.44,0.06,11.0,12020.4,1
2026-08-13,2026-08-13 11:50:00,1080.44,1081.05,1080.44,1081.05,0.06,11.0,12020.4,1
2026-08-13,2026-08-13 12:00:00,1081.05,1081.66,1081.05,1081.66,0.06,11.0,12020.4,1
2026-08-13,2026-08-13 12:10:00,1081.66,1082.27,1081.66,1082.27,0.06,11.0,12020.4,1
2026-08-13,2026-08-13 12:20:00,1082.27,1082.88,1082.27,1082.88,0.06,11.0,12020.4,1
2026-08-13,2026-08-13 12:30:00,1082.88,1083.48,1082.88,1083.48,0.06,11.0,12020.4,1
2026-08-13,2026-08-13 12:40:00,1083.48,1084.09,1083.48,1084.09,0.06,11.0,12020.4,1
2026-08-13,2026-08-13 12:50:00,1084.09,1084.7,1084.09,1084.7,0.06,11.0,12020.4,1
2026-08-13,2026-08-13 13:00:00,1084.7,1100.0,1077.4,1085.31,0.06,11.0,12020.4,1
2026-08-13,2026-08-13 13:10:00,1085.31,1085.92,1085.31,1085.92,0.06,11.0,12020.4,1
2026-08-13,2026-08-13 13:20:00,1085.92,1086.53,1085.92,1086.53,0.06,11.0,12020.4,1
2026-08-13,2026-08-13 13:30:00,1086.53,1087.13,1086.53,1087.13,0.06,11.0,12020.4,1
2026-08-13,2026-08-13 13:40:00,1087.13,1087.74,1087.13,1087.74,0.06,11.0,12020.4,1
2026-08-13,2026-08-13 13:50:00,1087.74,1088.35,1087.74,1088.35,0.06,11.0,12020.4,1
2026-08-13,2026-08-13 14:00:00,1088.35,1088.96,1088.35,1088.96,0.06,11.0,12020.4,1
2026-08-13,2026-08-13 14:10:00,1088.96,1089.57,1088.96,1089.57,0.06,11.0,12020.4,1
2026-08-13,2026-08-13 14:20:00,1089.57,1090.17,1089.57,1090.17,0.06,11.0,12020.4,1
2026-08-13,2026-08-13 14:30:00,1090.17,1090.78,1090.17,1090.78,0.06,11.0,12020.4,1
2026-08-13,2026-08-13 14:40:00,1090.78,1091.39,1090.78,1091.39,0.06,11.0,12020.4,1
2026-08-13,2026-08-13 14:50:00,1091.39,1092.0,1091.39,1092.0,0.06,11.0,12020.4,1
2026-08-13,2026-08-13 15:00:00,1092.0,1100.0,1077.4,1092.0,0.0,11.0,12020.4,0
2026-08-13,2026-08-13 14:45:00,1077.4,1100.0,1077.4,1092.0,1.36,275.0,300510.0,1
2026-08-20,2026-08-20 15:48:00,1090.0,1090.0,1085.0,1090.0,0.46,60.0,65275.0,0
