published_date,timestamp,open,high,low,close,per_change,traded_quantity,traded_amount,status
2021-03-07,2021-03-07 11:00:00,1020.0,1029.3,1020.0,1021.29,0.13,7.0,7213.0,1
2021-03-07,2021-03-07 11:10:00,1021.29,1022.58,1021.29,1022.58,0.13,7.0,7213.0,1
2021-03-07,2021-03-07 11:20:00,1022.58,1023.88,1022.58,1023.88,0.13,7.0,7213.0,1
2021-03-07,2021-03-07 11:30:00,1023.88,1025.17,1023.88,1025.17,0.13,7.0,7213.0,1
2021-03-07,2021-03-07 11:40:00,1025.17,1026.46,1025.17,1026.46,0.13,7.0,7213.0,1
2021-03-07,2021-03-07 11:50:00,1026.46,1027.75,1026.46,1027.75,0.13,7.0,7213.0,1
2021-03-07,2021-03-07 12:00:00,1027.75,1029.04,1027.75,1029.04,0.13,7.0,7213.0,1
2021-03-07,2021-03-07 12:10:00,1029.04,1030.33,1029.04,1030.33,0.13,7.0,7213.0,1
2021-03-07,2021-03-07 12:20:00,1030.33,1031.62,1030.33,1031.62,0.13,7.0,7213.0,1
2021-03-07,2021-03-07 12:30:00,1031.62,1032.92,1031.62,1032.92,0.13,7.0,7213.0,1
2021-03-07,2021-03-07 12:40:00,1032.92,1034.21,1032.92,1034.21,0.12,7.0,7213.0,1
2021-03-07,2021-03-07 12:50:00,1034.21,1035.5,1034.21,1035.5,0.12,7.0,7213.0,1
2021-03-07,2021-03-07 13:00:00,1035.5,1051.0,1020.0,1036.79,0.12,7.0,7213.0,1
2021-03-07,2021-03-07 13:10:00,1036.79,1038.08,1036.79,1038.08,0.12,7.0,7213.0,1
2021-03-07,2021-03-07 13:20:00,1038.08,1039.38,1038.08,1039.38,0.13,7.0,7213.0,1
2021-03-07,2021-03-07 13:30:00,1039.38,1040.67,1039.38,1040.67,0.12,7.0,7213.0,1
2021-03-07,2021-03-07 13:40:00,1040.67,1041.96,1040.67,1041.96,0.12,7.0,7213.0,1
2021-03-07,2021-03-07 13:50:00,1041.96,1043.25,1041.96,1043.25,0.12,7.0,7213.0,1
2021-03-07,2021-03-07 14:00:00,1043.25,1044.54,1043.25,1044.54,0.12,7.0,7213.0,1
2021-03-07,2021-03-07 14:10:00,1044.54,1045.83,1044.54,1045.83,0.12,7.0,7213.0,1
2021-03-07,2021-03-07 14:20:00,1045.83,1047.12,1045.83,1047.12,0.12,7.0,7213.0,1
2021-03-07,2021-03-07 14:30:00,1047.12,1048.42,1047.12,1048.42,0.12,7.0,7213.0,1
2021-03-07,2021-03-07 14:40:00,1048.42,1049.71,1048.42,1049.71,0.12,7.0,7213.0,1
2021-03-07,2021-03-07 14:50:00,1049.71,1051.0,1049.71,1051.0,0.12,7.0,7213.0,1
2021-03-07,2021-03-07 15:00:00,1051.0,1051.0,1020.0,1051.0,0.0,7.0,7213.0,0
2021-03-09,2021-03-09 11:00:00,1045.0,1045.0,1045.0,1045.0,0.0,5.0,5225.0,0
2021-03-09,2021-03-09 11:10:00,1045.0,1045.0,1045.0,1045.0,0.0,5.0,5225.0,0
2021-03-09,2021-03-09 11:20:00,1045.0,1045.0,1045.0,1045.0,0.0,5.0,5225.0,0
2021-03-09,2021-03-09 11:30:00,1045.0,1045.0,1045.0,1045.0,0.0,5.0,5225.0,0
2021-03-09,2021-03-09 11:40:00,1045.0,1045.0,1045.0,1045.0,0.0,5.0,5225.0,0
2021-03-09,2021-03-09 11:50:00,1045.0,1045.0,1045.0,1045.0,0.0,5.0,5225.0,0
2021-03-09,2021-03-09 12:00:00,1045.0,1045.0,1045.0,1045.0,0.0,5.0,5225.0,0
2021-03-09,2021-03-09 12:10:00,1045.0,1045.0,1045.0,1045.0,0.0,5.0,5225.0,0
2021-03-09,2021-03-09 12:20:00,1045.0,1045.0,1045.0,1045.0,0.0,5.0,5225.0,0
2021-03-09,2021-03-09 12:30:00,1045.0,1045.0,1045.0,1045.0,0.0,5.0,5225.0,0
2021-03-09,2021-03-09 12:40:00,1045.0,1045.0,1045.0,1045.0,0.0,5.0,5225.0,0
2021-03-09,2021-03-09 12:50:00,1045.0,1045.0,1045.0,1045.0,0.0,5.0,5225.0,0
2021-03-09,2021-03-09 13:00:00,1045.0,1045.0,1045.0,1045.0,0.0,5.0,5225.0,0
2021-03-09,2021-03-09 13:10:00,1045.0,1045.0,1045.0,1045.0,0.0,5.0,5225.0,0
2021-03-09,2021-03-09 13:20:00,1045.0,1045.0,1045.0,1045.0,0.0,5.0,5225.0,0
2021-03-09,2021-03-09 13:30:00,1045.0,1045.0,1045.0,1045.0,0.0,5.0,5225.0,0
2021-03-09,2021-03-09 13:40:00,1045.0,1045.0,1045.0,1045.0,0.0,5.0,5225.0,0
2021-03-09,2021-03-09 13:50:00,1045.0,1045.0,1045.0,1045.0,0.0,5.0,5225.0,0
2021-03-09,2021-03-09 14:00:00,1045.0,1045.0,1045.0,1045.0,0.0,5.0,5225.0,0
2021-03-09,2021-03-09 14:10:00,1045.0,1045.0,1045.0,1045.0,0.0,5.0,5225.0,0
2021-03-09,2021-03-09 14:20:00,1045.0,1045.0,1045.0,1045.0,0.0,5.0,5225.0,0
2021-03-09,2021-03-09 14:30:00,1045.0,1045.0,1045.0,1045.0,0.0,5.0,5225.0,0
2021-03-09,2021-03-09 14:40:00,1045.0,1045.0,1045.0,1045.0,0.0,5.0,5225.0,0
2021-03-09,2021-03-09 14:50:00,1045.0,1045.0,1045.0,1045.0,0.0,5.0,5225.0,0
2021-03-09,2021-03-09 15:00:00,1045.0,1045.0,1045.0,1045.0,0.0,5.0,5225.0,0
2021-03-10,2021-03-10 11:00:00,1065.0,1065.0,1065.0,1065.0,0.0,6.0,6390.0,0
2021-03-10,2021-03-10 11:10:00,1065.0,1065.0,1065.0,1065.0,0.0,6.0,6390.0,0
2021-03-10,2021-03-10 11:20:00,1065.0,1065.0,1065.0,1065.0,0.0,6.0,6390.0,0
2021-03-10,2021-03-10 11:30:00,1065.0,1065.0,1065.0,1065.0,0.0,6.0,6390.0,0
2021-03-10,2021-03-10 11:40:00,1065.0,1065.0,1065.0,1065.0,0.0,6.0,6390.0,0
2021-03-10,2021-03-10 11:50:00,1065.0,1065.0,1065.0,1065.0,0.0,6.0,6390.0,0
2021-03-10,2021-03-10 12:00:00,1065.0,1065.0,1065.0,1065.0,0.0,6.0,6390.0,0
2021-03-10,2021-03-10 12:10:00,1065.0,1065.0,1065.0,1065.0,0.0,6.0,6390.0,0
2021-03-10,2021-03-10 12:20:00,1065.0,1065.0,1065.0,1065.0,0.0,6.0,6390.0,0
2021-03-10,2021-03-10 12:30:00,1065.0,1065.0,1065.0,1065.0,0.0,6.0,6390.0,0
2021-03-10,2021-03-10 12:40:00,1065.0,1065.0,1065.0,1065.0,0.0,6.0,6390.0,0
2021-03-10,2021-03-10 12:50:00,1065.0,1065.0,1065.0,1065.0,0.0,6.0,6390.0,0
2021-03-10,2021-03-10 13:00:00,1065.0,1065.0,1065.0,1065.0,0.0,6.0,6390.0,0
2021-03-10,2021-03-10 13:10:00,1065.0,1065.0,1065.0,1065.0,0.0,6.0,6390.0,0
2021-03-10,2021-03-10 13:20:00,1065.0,1065.0,1065.0,1065.0,0.0,6.0,6390.0,0
2021-03-10,2021-03-10 13:30:00,1065.0,1065.0,1065.0,1065.0,0.0,6.0,6390.0,0
2021-03-10,2021-03-10 13:40:00,1065.0,1065.0,1065.0,1065.0,0.0,6.0,6390.0,0
2021-03-10,2021-03-10 13:50:00,1065.0,1065.0,1065.0,1065.0,0.0,6.0,6390.0,0
2021-03-10,2021-03-10 14:00:00,1065.0,1065.0,1065.0,1065.0,0.0,6.0,6390.0,0
2021-03-10,2021-03-10 14:10:00,1065.0,1065.0,1065.0,1065.0,0.0,6.0,6390.0,0
2021-03-10,2021-03-10 14:20:00,1065.0,1065.0,1065.0,1065.0,0.0,6.0,6390.0,0
2021-03-10,2021-03-10 14:30:00,1065.0,1065.0,1065.0,1065.0,0.0,6.0,6390.0,0
2021-03-10,2021-03-10 14:40:00,1065.0,1065.0,1065.0,1065.0,0.0,6.0,6390.0,0
2021-03-10,2021-03-10 14:50:00,1065.0,1065.0,1065.0,1065.0,0.0,6.0,6390.0,0
2021-03-10,2021-03-10 15:00:00,1065.0,1065.0,1065.0,1065.0,0.0,6.0,6390.0,0
2021-03-14,2021-03-14 11:00:00,1065.0,1065.0,1065.0,1065.0,0.0,8.0,8520.0,0
2021-03-14,2021-03-14 11:10:00,1065.0,1065.0,1065.0,1065.0,0.0,8.0,8520.0,0
2021-03-14,2021-03-14 11:20:00,1065.0,1065.0,1065.0,1065.0,0.0,8.0,8520.0,0
2021-03-14,2021-03-14 11:30:00,1065.0,1065.0,1065.0,1065.0,0.0,8.0,8520.0,0
2021-03-14,2021-03-14 11:40:00,1065.0,1065.0,1065.0,1065.0,0.0,8.0,8520.0,0
2021-03-14,2021-03-14 11:50:00,1065.0,1065.0,1065.0,1065.0,0.0,8.0,8520.0,0
2021-03-14,2021-03-14 12:00:00,1065.0,1065.0,1065.0,1065.0,0.0,8.0,8520.0,0
2021-03-14,2021-03-14 12:10:00,1065.0,1065.0,1065.0,1065.0,0.0,8.0,8520.0,0
2021-03-14,2021-03-14 12:20:00,1065.0,1065.0,1065.0,1065.0,0.0,8.0,8520.0,0
2021-03-14,2021-03-14 12:30:00,1065.0,1065.0,1065.0,1065.0,0.0,8.0,8520.0,0
2021-03-14,2021-03-14 12:40:00,1065.0,1065.0,1065.0,1065.0,0.0,8.0,8520.0,0
2021-03-14,2021-03-14 12:50:00,1065.0,1065.0,1065.0,1065.0,0.0,8.0,8520.0,0
2021-03-14,2021-03-14 13:00:00,1065.0,1065.0,1065.0,1065.0,0.0,8.0,8520.0,0
2021-03-14,2021-03-14 13:10:00,1065.0,1065.0,1065.0,1065.0,0.0,8.0,8520.0,0
2021-03-14,2021-03-14 13:20:00,1065.0,1065.0,1065.0,1065.0,0.0,8.0,8520.0,0
2021-03-14,2021-03-14 13:30:00,1065.0,1065.0,1065.0,1065.0,0.0,8.0,8520.0,0
2021-03-14,2021-03-14 13:40:00,1065.0,1065.0,1065.0,1065.0,0.0,8.0,8520.0,0
2021-03-14,2021-03-14 13:50:00,1065.0,1065.0,1065.0,1065.0,0.0,8.0,8520.0,0
2021-03-14,2021-03-14 14:00:00,1065.0,1065.0,1065.0,1065.0,0.0,8.0,8520.0,0
2021-03-14,2021-03-14 14:10:00,1065.0,1065.0,1065.0,1065.0,0.0,8.0,8520.0,0
2021-03-14,2021-03-14 14:20:00,1065.0,1065.0,1065.0,1065.0,0.0,8.0,8520.0,0
2021-03-14,2021-03-14 14:30:00,1065.0,1065.0,1065.0,1065.0,0.0,8.0,8520.0,0
2021-03-14,2021-03-14 14:40:00,1065.0,1065.0,1065.0,1065.0,0.0,8.0,8520.0,0
2021-03-14,2021-03-14 14:50:00,1065.0,1065.0,1065.0,1065.0,0.0,8.0,8520.0,0
2021-03-14,2021-03-14 15:00:00,1065.0,1065.0,1065.0,1065.0,0.0,8.0,8520.0,0
2021-03-15,2021-03-15 11:00:00,1045.0,1047.1,1045.0,1045.29,0.03,8.0,8397.0,1
2021-03-15,2021-03-15 11:10:00,1045.29,1045.58,1045.29,1045.58,0.03,8.0,8397.0,1
2021-03-15,2021-03-15 11:20:00,1045.58,1045.88,1045.58,1045.88,0.03,8.0,8397.0,1
2021-03-15,2021-03-15 11:30:00,1045.88,1046.17,1045.88,1046.17,0.03,8.0,8397.0,1
2021-03-15,2021-03-15 11:40:00,1046.17,1046.46,1046.17,1046.46,0.03,8.0,8397.0,1
2021-03-15,2021-03-15 11:50:00,1046.46,1046.75,1046.46,1046.75,0.03,8.0,8397.0,1
2021-03-15,2021-03-15 12:00:00,1046.75,1047.04,1046.75,1047.04,0.03,8.0,8397.0,1
2021-03-15,2021-03-15 12:10:00,1047.04,1047.33,1047.04,1047.33,0.03,8.0,8397.0,1
2021-03-15,2021-03-15 12:20:00,1047.33,1047.62,1047.33,1047.62,0.03,8.0,8397.0,1
2021-03-15,2021-03-15 12:30:00,1047.62,1047.92,1047.62,1047.92,0.03,8.0,8397.0,1
2021-03-15,2021-03-15 12:40:00,1047.92,1048.21,1047.92,1048.21,0.03,8.0,8397.0,1
2021-03-15,2021-03-15 12:50:00,1048.21,1048.5,1048.21,1048.5,0.03,8.0,8397.0,1
2021-03-15,2021-03-15 13:00:00,1048.5,1052.0,1045.0,1048.79,0.03,8.0,8397.0,1
2021-03-15,2021-03-15 13:10:00,1048.79,1049.08,1048.79,1049.08,0.03,8.0,8397.0,1
2021-03-15,2021-03-15 13:20:00,1049.08,1049.38,1049.08,1049.38,0.03,8.0,8397.0,1
2021-03-15,2021-03-15 13:30:00,1049.38,1049.67,1049.38,1049.67,0.03,8.0,8397.0,1
2021-03-15,2021-03-15 13:40:00,1049.67,1049.96,1049.67,1049.96,0.03,8.0,8397.0,1
2021-03-15,2021-03-15 13:50:00,1049.96,1050.25,1049.96,1050.25,0.03,8.0,8397.0,1
2021-03-15,2021-03-15 14:00:00,1050.25,1050.54,1050.25,1050.54,0.03,8.0,8397.0,1
2021-03-15,2021-03-15 14:10:00,1050.54,1050.83,1050.54,1050.83,0.03,8.0,8397.0,1
2021-03-15,2021-03-15 14:20:00,1050.83,1051.12,1050.83,1051.12,0.03,8.0,8397.0,1
2021-03-15,2021-03-15 14:30:00,1051.12,1051.42,1051.12,1051.42,0.03,8.0,8397.0,1
2021-03-15,2021-03-15 14:40:00,1051.42,1051.71,1051.42,1051.71,0.03,8.0,8397.0,1
2021-03-15,2021-03-15 14:50:00,1051.71,1052.0,1051.71,1052.0,0.03,8.0,8397.0,1
2021-03-15,2021-03-15 15:00:00,1052.0,1052.0,1045.0,1052.0,0.0,8.0,8397.0,0
2021-03-16,2021-03-16 11:00:00,1051.0,1053.7,1051.0,1051.21,0.02,8.0,8437.0,1
2021-03-16,2021-03-16 11:10:00,1051.21,1051.42,1051.21,1051.42,0.02,8.0,8437.0,1
2021-03-16,2021-03-16 11:20:00,1051.42,1051.62,1051.42,1051.62,0.02,8.0,8437.0,1
2021-03-16,2021-03-16 11:30:00,1051.62,1051.83,1051.62,1051.83,0.02,8.0,8437.0,1
2021-03-16,2021-03-16 11:40:00,1051.83,1052.04,1051.83,1052.04,0.02,8.0,8437.0,1
2021-03-16,2021-03-16 11:50:00,1052.04,1052.25,1052.04,1052.25,0.02,8.0,8437.0,1
2021-03-16,2021-03-16 12:00:00,1052.25,1052.46,1052.25,1052.46,0.02,8.0,8437.0,1
2021-03-16,2021-03-16 12:10:00,1052.46,1052.67,1052.46,1052.67,0.02,8.0,8437.0,1
2021-03-16,2021-03-16 12:20:00,1052.67,1052.88,1052.67,1052.88,0.02,8.0,8437.0,1
2021-03-16,2021-03-16 12:30:00,1052.88,1053.08,1052.88,1053.08,0.02,8.0,8437.0,1
2021-03-16,2021-03-16 12:40:00,1053.08,1053.29,1053.08,1053.29,0.02,8.0,8437.0,1
2021-03-16,2021-03-16 12:50:00,1053.29,1053.5,1053.29,1053.5,0.02,8.0,8437.0,1
2021-03-16,2021-03-16 13:00:00,1053.5,1060.0,1051.0,1053.71,0.02,8.0,8437.0,1
2021-03-16,2021-03-16 13:10:00,1053.71,1053.92,1053.71,1053.92,0.02,8.0,8437.0,1
2021-03-16,2021-03-16 13:20:00,1053.92,1054.12,1053.92,1054.12,0.02,8.0,8437.0,1
2021-03-16,2021-03-16 13:30:00,1054.12,1054.33,1054.12,1054.33,0.02,8.0,8437.0,1
2021-03-16,2021-03-16 13:40:00,1054.33,1054.54,1054.33,1054.54,0.02,8.0,8437.0,1
2021-03-16,2021-03-16 13:50:00,1054.54,1054.75,1054.54,1054.75,0.02,8.0,8437.0,1
2021-03-16,2021-03-16 14:00:00,1054.75,1054.96,1054.75,1054.96,0.02,8.0,8437.0,1
2021-03-16,2021-03-16 14:10:00,1054.96,1055.17,1054.96,1055.17,0.02,8.0,8437.0,1
2021-03-16,2021-03-16 14:20:00,1055.17,1055.38,1055.17,1055.38,0.02,8.0,8437.0,1
2021-03-16,2021-03-16 14:30:00,1055.38,1055.58,1055.38,1055.58,0.02,8.0,8437.0,1
2021-03-16,2021-03-16 14:40:00,1055.58,1055.79,1055.58,1055.79,0.02,8.0,8437.0,1
2021-03-16,2021-03-16 14:50:00,1055.79,1056.0,1055.79,1056.0,0.02,8.0,8437.0,1
2021-03-16,2021-03-16 15:00:00,1056.0,1060.0,1051.0,1056.0,0.0,8.0,8437.0,0
2021-03-18,2021-03-18 11:00:00,1060.0,1060.0,1060.0,1060.0,0.0,1.0,1060.0,0
2021-03-18,2021-03-18 11:10:00,1060.0,1060.0,1060.0,1060.0,0.0,1.0,1060.0,0
2021-03-18,2021-03-18 11:20:00,1060.0,1060.0,1060.0,1060.0,0.0,1.0,1060.0,0
2021-03-18,2021-03-18 11:30:00,1060.0,1060.0,1060.0,1060.0,0.0,1.0,1060.0,0
2021-03-18,2021-03-18 11:40:00,1060.0,1060.0,1060.0,1060.0,0.0,1.0,1060.0,0
2021-03-18,2021-03-18 11:50:00,1060.0,1060.0,1060.0,1060.0,0.0,1.0,1060.0,0
2021-03-18,2021-03-18 12:00:00,1060.0,1060.0,1060.0,1060.0,0.0,1.0,1060.0,0
2021-03-18,2021-03-18 12:10:00,1060.0,1060.0,1060.0,1060.0,0.0,1.0,1060.0,0
2021-03-18,2021-03-18 12:20:00,1060.0,1060.0,1060.0,1060.0,0.0,1.0,1060.0,0
2021-03-18,2021-03-18 12:30:00,1060.0,1060.0,1060.0,1060.0,0.0,1.0,1060.0,0
2021-03-18,2021-03-18 12:40:00,1060.0,1060.0,1060.0,1060.0,0.0,1.0,1060.0,0
2021-03-18,2021-03-18 12:50:00,1060.0,1060.0,1060.0,1060.0,0.0,1.0,1060.0,0
2021-03-18,2021-03-18 13:00:00,1060.0,1060.0,1060.0,1060.0,0.0,1.0,1060.0,0
2021-03-18,2021-03-18 13:10:00,1060.0,1060.0,1060.0,1060.0,0.0,1.0,1060.0,0
2021-03-18,2021-03-18 13:20:00,1060.0,1060.0,1060.0,1060.0,0.0,1.0,1060.0,0
2021-03-18,2021-03-18 13:30:00,1060.0,1060.0,1060.0,1060.0,0.0,1.0,1060.0,0
2021-03-18,2021-03-18 13:40:00,1060.0,1060.0,1060.0,1060.0,0.0,1.0,1060.0,0
2021-03-18,2021-03-18 13:50:00,1060.0,1060.0,1060.0,1060.0,0.0,1.0,1060.0,0
2021-03-18,2021-03-18 14:00:00,1060.0,1060.0,1060.0,1060.0,0.0,1.0,1060.0,0
2021-03-18,2021-03-18 14:10:00,1060.0,1060.0,1060.0,1060.0,0.0,1.0,1060.0,0
2021-03-18,2021-03-18 14:20:00,1060.0,1060.0,1060.0,1060.0,0.0,1.0,1060.0,0
2021-03-18,2021-03-18 14:30:00,1060.0,1060.0,1060.0,1060.0,0.0,1.0,1060.0,0
2021-03-18,2021-03-18 14:40:00,1060.0,1060.0,1060.0,1060.0,0.0,1.0,1060.0,0
2021-03-18,2021-03-18 14:50:00,1060.0,1060.0,1060.0,1060.0,0.0,1.0,1060.0,0
2021-03-18,2021-03-18 15:00:00,1060.0,1060.0,1060.0,1060.0,0.0,1.0,1060.0,0
2021-03-21,2021-03-21 11:00:00,1055.0,1056.5,1055.0,1055.21,0.02,2.0,2115.0,1
2021-03-21,2021-03-21 11:10:00,1055.21,1055.42,1055.21,1055.42,0.02,2.0,2115.0,1
2021-03-21,2021-03-21 11:20:00,1055.42,1055.62,1055.42,1055.62,0.02,2.0,2115.0,1
2021-03-21,2021-03-21 11:30:00,1055.62,1055.83,1055.62,1055.83,0.02,2.0,2115.0,1
2021-03-21,2021-03-21 11:40:00,1055.83,1056.04,1055.83,1056.04,0.02,2.0,2115.0,1
2021-03-21,2021-03-21 11:50:00,1056.04,1056.25,1056.04,1056.25,0.02,2.0,2115.0,1
2021-03-21,2021-03-21 12:00:00,1056.25,1056.46,1056.25,1056.46,0.02,2.0,2115.0,1
2021-03-21,2021-03-21 12:10:00,1056.46,1056.67,1056.46,1056.67,0.02,2.0,2115.0,1
2021-03-21,2021-03-21 12:20:00,1056.67,1056.88,1056.67,1056.88,0.02,2.0,2115.0,1
2021-03-21,2021-03-21 12:30:00,1056.88,1057.08,1056.88,1057.08,0.02,2.0,2115.0,1
2021-03-21,2021-03-21 12:40:00,1057.08,1057.29,1057.08,1057.29,0.02,2.0,2115.0,1
2021-03-21,2021-03-21 12:50:00,1057.29,1057.5,1057.29,1057.5,0.02,2.0,2115.0,1
2021-03-21,2021-03-21 13:00:00,1057.5,1060.0,1055.0,1057.71,0.02,2.0,2115.0,1
2021-03-21,2021-03-21 13:10:00,1057.71,1057.92,1057.71,1057.92,0.02,2.0,2115.0,1
2021-03-21,2021-03-21 13:20:00,1057.92,1058.12,1057.92,1058.12,0.02,2.0,2115.0,1
2021-03-21,2021-03-21 13:30:00,1058.12,1058.33,1058.12,1058.33,0.02,2.0,2115.0,1
2021-03-21,2021-03-21 13:40:00,1058.33,1058.54,1058.33,1058.54,0.02,2.0,2115.0,1
2021-03-21,2021-03-21 13:50:00,1058.54,1058.75,1058.54,1058.75,0.02,2.0,2115.0,1
2021-03-21,2021-03-21 14:00:00,1058.75,1058.96,1058.75,1058.96,0.02,2.0,2115.0,1
2021-03-21,2021-03-21 14:10:00,1058.96,1059.17,1058.96,1059.17,0.02,2.0,2115.0,1
2021-03-21,2021-03-21 14:20:00,1059.17,1059.38,1059.17,1059.38,0.02,2.0,2115.0,1
2021-03-21,2021-03-21 14:30:00,1059.38,1059.58,1059.38,1059.58,0.02,2.0,2115.0,1
2021-03-21,2021-03-21 14:40:00,1059.58,1059.79,1059.58,1059.79,0.02,2.0,2115.0,1
2021-03-21,2021-03-21 14:50:00,1059.79,1060.0,1059.79,1060.0,0.02,2.0,2115.0,1
2021-03-21,2021-03-21 15:00:00,1060.0,1060.0,1055.0,1060.0,0.0,2.0,2115.0,0
2021-03-22,2021-03-22 11:00:00,1060.0,1060.0,1060.0,1060.0,0.0,1.0,1060.0,0
2021-03-22,2021-03-22 11:10:00,1060.0,1060.0,1060.0,1060.0,0.0,1.0,1060.0,0
2021-03-22,2021-03-22 11:20:00,1060.0,1060.0,1060.0,1060.0,0.0,1.0,1060.0,0
2021-03-22,2021-03-22 11:30:00,1060.0,1060.0,1060.0,1060.0,0.0,1.0,1060.0,0
2021-03-22,2021-03-22 11:40:00,1060.0,1060.0,1060.0,1060.0,0.0,1.0,1060.0,0
2021-03-22,2021-03-22 11:50:00,1060.0,1060.0,1060.0,1060.0,0.0,1.0,1060.0,0
2021-03-22,2021-03-22 12:00:00,1060.0,1060.0,1060.0,1060.0,0.0,1.0,1060.0,0
2021-03-22,2021-03-22 12:10:00,1060.0,1060.0,1060.0,1060.0,0.0,1.0,1060.0,0
2021-03-22,2021-03-22 12:20:00,1060.0,1060.0,1060.0,1060.0,0.0,1.0,1060.0,0
2021-03-22,2021-03-22 12:30:00,1060.0,1060.0,1060.0,1060.0,0.0,1.0,1060.0,0
2021-03-22,2021-03-22 12:40:00,1060.0,1060.0,1060.0,1060.0,0.0,1.0,1060.0,0
2021-03-22,2021-03-22 12:50:00,1060.0,1060.0,1060.0,1060.0,0.0,1.0,1060.0,0
2021-03-22,2021-03-22 13:00:00,1060.0,1060.0,1060.0,1060.0,0.0,1.0,1060.0,0
2021-03-22,2021-03-22 13:10:00,1060.0,1060.0,1060.0,1060.0,0.0,1.0,1060.0,0
2021-03-22,2021-03-22 13:20:00,1060.0,1060.0,1060.0,1060.0,0.0,1.0,1060.0,0
2021-03-22,2021-03-22 13:30:00,1060.0,1060.0,1060.0,1060.0,0.0,1.0,1060.0,0
2021-03-22,2021-03-22 13:40:00,1060.0,1060.0,1060.0,1060.0,0.0,1.0,1060.0,0
2021-03-22,2021-03-22 13:50:00,1060.0,1060.0,1060.0,1060.0,0.0,1.0,1060.0,0
2021-03-22,2021-03-22 14:00:00,1060.0,1060.0,1060.0,1060.0,0.0,1.0,1060.0,0
2021-03-22,2021-03-22 14:10:00,1060.0,1060.0,1060.0,1060.0,0.0,1.0,1060.0,0
2021-03-22,2021-03-22 14:20:00,1060.0,1060.0,1060.0,1060.0,0.0,1.0,1060.0,0
2021-03-22,2021-03-22 14:30:00,1060.0,1060.0,1060.0,1060.0,0.0,1.0,1060.0,0
2021-03-22,2021-03-22 14:40:00,1060.0,1060.0,1060.0,1060.0,0.0,1.0,1060.0,0
2021-03-22,2021-03-22 14:50:00,1060.0,1060.0,1060.0,1060.0,0.0,1.0,1060.0,0
2021-03-22,2021-03-22 15:00:00,1060.0,1060.0,1060.0,1060.0,0.0,1.0,1060.0,0
2021-03-23,2021-03-23 11:00:00,1055.0,1056.5,1055.0,1055.21,0.02,6.0,6340.0,1
2021-03-23,2021-03-23 11:10:00,1055.21,1055.42,1055.21,1055.42,0.02,6.0,6340.0,1
2021-03-23,2021-03-23 11:20:00,1055.42,1055.62,1055.42,1055.62,0.02,6.0,6340.0,1
2021-03-23,2021-03-23 11:30:00,1055.62,1055.83,1055.62,1055.83,0.02,6.0,6340.0,1
2021-03-23,2021-03-23 11:40:00,1055.83,1056.04,1055.83,1056.04,0.02,6.0,6340.0,1
2021-03-23,2021-03-23 11:50:00,1056.04,1056.25,1056.04,1056.25,0.02,6.0,6340.0,1
2021-03-23,2021-03-23 12:00:00,1056.25,1056.46,1056.25,1056.46,0.02,6.0,6340.0,1
2021-03-23,2021-03-23 12:10:00,1056.46,1056.67,1056.46,1056.67,0.02,6.0,6340.0,1
2021-03-23,2021-03-23 12:20:00,1056.67,1056.88,1056.67,1056.88,0.02,6.0,6340.0,1
2021-03-23,2021-03-23 12:30:00,1056.88,1057.08,1056.88,1057.08,0.02,6.0,6340.0,1
2021-03-23,2021-03-23 12:40:00,1057.08,1057.29,1057.08,1057.29,0.02,6.0,6340.0,1
2021-03-23,2021-03-23 12:50:00,1057.29,1057.5,1057.29,1057.5,0.02,6.0,6340.0,1
2021-03-23,2021-03-23 13:00:00,1057.5,1060.0,1055.0,1057.71,0.02,6.0,6340.0,1
2021-03-23,2021-03-23 13:10:00,1057.71,1057.92,1057.71,1057.92,0.02,6.0,6340.0,1
2021-03-23,2021-03-23 13:20:00,1057.92,1058.12,1057.92,1058.12,0.02,6.0,6340.0,1
2021-03-23,2021-03-23 13:30:00,1058.12,1058.33,1058.12,1058.33,0.02,6.0,6340.0,1
2021-03-23,2021-03-23 13:40:00,1058.33,1058.54,1058.33,1058.54,0.02,6.0,6340.0,1
2021-03-23,2021-03-23 13:50:00,1058.54,1058.75,1058.54,1058.75,0.02,6.0,6340.0,1
2021-03-23,2021-03-23 14:00:00,1058.75,1058.96,1058.75,1058.96,0.02,6.0,6340.0,1
2021-03-23,2021-03-23 14:10:00,1058.96,1059.17,1058.96,1059.17,0.02,6.0,6340.0,1
2021-03-23,2021-03-23 14:20:00,1059.17,1059.38,1059.17,1059.38,0.02,6.0,6340.0,1
2021-03-23,2021-03-23 14:30:00,1059.38,1059.58,1059.38,1059.58,0.02,6.0,6340.0,1
2021-03-23,2021-03-23 14:40:00,1059.58,1059.79,1059.58,1059.79,0.02,6.0,6340.0,1
2021-03-23,2021-03-23 14:50:00,1059.79,1060.0,1059.79,1060.0,0.02,6.0,6340.0,1
2021-03-23,2021-03-23 15:00:00,1060.0,1060.0,1055.0,1060.0,0.0,6.0,6340.0,0
2021-03-24,2021-03-24 11:00:00,1055.0,1056.5,1055.0,1055.21,0.02,3.0,3175.0,1
2021-03-24,2021-03-24 11:10:00,1055.21,1055.42,1055.21,1055.42,0.02,3.0,3175.0,1
2021-03-24,2021-03-24 11:20:00,1055.42,1055.62,1055.42,1055.62,0.02,3.0,3175.0,1
2021-03-24,2021-03-24 11:30:00,1055.62,1055.83,1055.62,1055.83,0.02,3.0,3175.0,1
2021-03-24,2021-03-24 11:40:00,1055.83,1056.04,1055.83,1056.04,0.02,3.0,3175.0,1
2021-03-24,2021-03-24 11:50:00,1056.04,1056.25,1056.04,1056.25,0.02,3.0,3175.0,1
2021-03-24,2021-03-24 12:00:00,1056.25,1056.46,1056.25,1056.46,0.02,3.0,3175.0,1
2021-03-24,2021-03-24 12:10:00,1056.46,1056.67,1056.46,1056.67,0.02,3.0,3175.0,1
2021-03-24,2021-03-24 12:20:00,1056.67,1056.88,1056.67,1056.88,0.02,3.0,3175.0,1
2021-03-24,2021-03-24 12:30:00,1056.88,1057.08,1056.88,1057.08,0.02,3.0,3175.0,1
2021-03-24,2021-03-24 12:40:00,1057.08,1057.29,1057.08,1057.29,0.02,3.0,3175.0,1
2021-03-24,2021-03-24 12:50:00,1057.29,1057.5,1057.29,1057.5,0.02,3.0,3175.0,1
2021-03-24,2021-03-24 13:00:00,1057.5,1060.0,1055.0,1057.71,0.02,3.0,3175.0,1
2021-03-24,2021-03-24 13:10:00,1057.71,1057.92,1057.71,1057.92,0.02,3.0,3175.0,1
2021-03-24,2021-03-24 13:20:00,1057.92,1058.12,1057.92,1058.12,0.02,3.0,3175.0,1
2021-03-24,2021-03-24 13:30:00,1058.12,1058.33,1058.12,1058.33,0.02,3.0,3175.0,1
2021-03-24,2021-03-24 13:40:00,1058.33,1058.54,1058.33,1058.54,0.02,3.0,3175.0,1
2021-03-24,2021-03-24 13:50:00,1058.54,1058.75,1058.54,1058.75,0.02,3.0,3175.0,1
2021-03-24,2021-03-24 14:00:00,1058.75,1058.96,1058.75,1058.96,0.02,3.0,3175.0,1
2021-03-24,2021-03-24 14:10:00,1058.96,1059.17,1058.96,1059.17,0.02,3.0,3175.0,1
2021-03-24,2021-03-24 14:20:00,1059.17,1059.38,1059.17,1059.38,0.02,3.0,3175.0,1
2021-03-24,2021-03-24 14:30:00,1059.38,1059.58,1059.38,1059.58,0.02,3.0,3175.0,1
2021-03-24,2021-03-24 14:40:00,1059.58,1059.79,1059.58,1059.79,0.02,3.0,3175.0,1
2021-03-24,2021-03-24 14:50:00,1059.79,1060.0,1059.79,1060.0,0.02,3.0,3175.0,1
2021-03-24,2021-03-24 15:00:00,1060.0,1060.0,1055.0,1060.0,0.0,3.0,3175.0,0
2021-03-25,2021-03-25 11:00:00,1055.0,1055.0,1055.0,1055.0,0.0,1.0,1055.0,0
2021-03-25,2021-03-25 11:10:00,1055.0,1055.0,1055.0,1055.0,0.0,1.0,1055.0,0
2021-03-25,2021-03-25 11:20:00,1055.0,1055.0,1055.0,1055.0,0.0,1.0,1055.0,0
2021-03-25,2021-03-25 11:30:00,1055.0,1055.0,1055.0,1055.0,0.0,1.0,1055.0,0
2021-03-25,2021-03-25 11:40:00,1055.0,1055.0,1055.0,1055.0,0.0,1.0,1055.0,0
2021-03-25,2021-03-25 11:50:00,1055.0,1055.0,1055.0,1055.0,0.0,1.0,1055.0,0
2021-03-25,2021-03-25 12:00:00,1055.0,1055.0,1055.0,1055.0,0.0,1.0,1055.0,0
2021-03-25,2021-03-25 12:10:00,1055.0,1055.0,1055.0,1055.0,0.0,1.0,1055.0,0
2021-03-25,2021-03-25 12:20:00,1055.0,1055.0,1055.0,1055.0,0.0,1.0,1055.0,0
2021-03-25,2021-03-25 12:30:00,1055.0,1055.0,1055.0,1055.0,0.0,1.0,1055.0,0
2021-03-25,2021-03-25 12:40:00,1055.0,1055.0,1055.0,1055.0,0.0,1.0,1055.0,0
2021-03-25,2021-03-25 12:50:00,1055.0,1055.0,1055.0,1055.0,0.0,1.0,1055.0,0
2021-03-25,2021-03-25 13:00:00,1055.0,1055.0,1055.0,1055.0,0.0,1.0,1055.0,0
2021-03-25,2021-03-25 13:10:00,1055.0,1055.0,1055.0,1055.0,0.0,1.0,1055.0,0
2021-03-25,2021-03-25 13:20:00,1055.0,1055.0,1055.0,1055.0,0.0,1.0,1055.0,0
2021-03-25,2021-03-25 13:30:00,1055.0,1055.0,1055.0,1055.0,0.0,1.0,1055.0,0
2021-03-25,2021-03-25 13:40:00,1055.0,1055.0,1055.0,1055.0,0.0,1.0,1055.0,0
2021-03-25,2021-03-25 13:50:00,1055.0,1055.0,1055.0,1055.0,0.0,1.0,1055.0,0
2021-03-25,2021-03-25 14:00:00,1055.0,1055.0,1055.0,1055.0,0.0,1.0,1055.0,0
2021-03-25,2021-03-25 14:10:00,1055.0,1055.0,1055.0,1055.0,0.0,1.0,1055.0,0
2021-03-25,2021-03-25 14:20:00,1055.0,1055.0,1055.0,1055.0,0.0,1.0,1055.0,0
2021-03-25,2021-03-25 14:30:00,1055.0,1055.0,1055.0,1055.0,0.0,1.0,1055.0,0
2021-03-25,2021-03-25 14:40:00,1055.0,1055.0,1055.0,1055.0,0.0,1.0,1055.0,0
2021-03-25,2021-03-25 14:50:00,1055.0,1055.0,1055.0,1055.0,0.0,1.0,1055.0,0
2021-03-25,2021-03-25 15:00:00,1055.0,1055.0,1055.0,1055.0,0.0,1.0,1055.0,0
2021-03-29,2021-03-29 11:00:00,1060.0,1060.0,1058.8,1059.83,-0.02,2.0,2116.0,-1
2021-03-29,2021-03-29 11:10:00,1059.83,1059.83,1059.67,1059.67,-0.02,2.0,2116.0,-1
2021-03-29,2021-03-29 11:20:00,1059.67,1059.67,1059.5,1059.5,-0.02,2.0,2116.0,-1
2021-03-29,2021-03-29 11:30:00,1059.5,1059.5,1059.33,1059.33,-0.02,2.0,2116.0,-1
2021-03-29,2021-03-29 11:40:00,1059.33,1059.33,1059.17,1059.17,-0.02,2.0,2116.0,-1
2021-03-29,2021-03-29 11:50:00,1059.17,1059.17,1059.0,1059.0,-0.02,2.0,2116.0,-1
2021-03-29,2021-03-29 12:00:00,1059.0,1059.0,1058.83,1058.83,-0.02,2.0,2116.0,-1
2021-03-29,2021-03-29 12:10:00,1058.83,1058.83,1058.67,1058.67,-0.02,2.0,2116.0,-1
2021-03-29,2021-03-29 12:20:00,1058.67,1058.67,1058.5,1058.5,-0.02,2.0,2116.0,-1
2021-03-29,2021-03-29 12:30:00,1058.5,1058.5,1058.33,1058.33,-0.02,2.0,2116.0,-1
2021-03-29,2021-03-29 12:40:00,1058.33,1058.33,1058.17,1058.17,-0.02,2.0,2116.0,-1
2021-03-29,2021-03-29 12:50:00,1058.17,1058.17,1058.0,1058.0,-0.02,2.0,2116.0,-1
2021-03-29,2021-03-29 13:00:00,1058.0,1060.0,1056.0,1057.83,-0.02,2.0,2116.0,-1
2021-03-29,2021-03-29 13:10:00,1057.83,1057.83,1057.67,1057.67,-0.02,2.0,2116.0,-1
2021-03-29,2021-03-29 13:20:00,1057.67,1057.67,1057.5,1057.5,-0.02,2.0,2116.0,-1
2021-03-29,2021-03-29 13:30:00,1057.5,1057.5,1057.33,1057.33,-0.02,2.0,2116.0,-1
2021-03-29,2021-03-29 13:40:00,1057.33,1057.33,1057.17,1057.17,-0.02,2.0,2116.0,-1
2021-03-29,2021-03-29 13:50:00,1057.17,1057.17,1057.0,1057.0,-0.02,2.0,2116.0,-1
2021-03-29,2021-03-29 14:00:00,1057.0,1057.0,1056.83,1056.83,-0.02,2.0,2116.0,-1
2021-03-29,2021-03-29 14:10:00,1056.83,1056.83,1056.67,1056.67,-0.02,2.0,2116.0,-1
2021-03-29,2021-03-29 14:20:00,1056.67,1056.67,1056.5,1056.5,-0.02,2.0,2116.0,-1
2021-03-29,2021-03-29 14:30:00,1056.5,1056.5,1056.33,1056.33,-0.02,2.0,2116.0,-1
2021-03-29,2021-03-29 14:40:00,1056.33,1056.33,1056.17,1056.17,-0.02,2.0,2116.0,-1
2021-03-29,2021-03-29 14:50:00,1056.17,1056.17,1056.0,1056.0,-0.02,2.0,2116.0,-1
2021-03-29,2021-03-29 15:00:00,1056.0,1060.0,1056.0,1056.0,0.0,2.0,2116.0,0
2021-03-30,2021-03-30 11:00:00,1055.0,1055.3,1055.0,1055.04,0.0,2.0,2111.0,1
2021-03-30,2021-03-30 11:10:00,1055.04,1055.08,1055.04,1055.08,0.0,2.0,2111.0,1
2021-03-30,2021-03-30 11:20:00,1055.08,1055.12,1055.08,1055.12,0.0,2.0,2111.0,1
2021-03-30,2021-03-30 11:30:00,1055.12,1055.17,1055.12,1055.17,0.0,2.0,2111.0,1
2021-03-30,2021-03-30 11:40:00,1055.17,1055.21,1055.17,1055.21,0.0,2.0,2111.0,1
2021-03-30,2021-03-30 11:50:00,1055.21,1055.25,1055.21,1055.25,0.0,2.0,2111.0,1
2021-03-30,2021-03-30 12:00:00,1055.25,1055.29,1055.25,1055.29,0.0,2.0,2111.0,1
2021-03-30,2021-03-30 12:10:00,1055.29,1055.33,1055.29,1055.33,0.0,2.0,2111.0,1
2021-03-30,2021-03-30 12:20:00,1055.33,1055.38,1055.33,1055.38,0.0,2.0,2111.0,1
2021-03-30,2021-03-30 12:30:00,1055.38,1055.42,1055.38,1055.42,0.0,2.0,2111.0,1
2021-03-30,2021-03-30 12:40:00,1055.42,1055.46,1055.42,1055.46,0.0,2.0,2111.0,1
2021-03-30,2021-03-30 12:50:00,1055.46,1055.5,1055.46,1055.5,0.0,2.0,2111.0,1
2021-03-30,2021-03-30 13:00:00,1055.5,1056.0,1055.0,1055.54,0.0,2.0,2111.0,1
2021-03-30,2021-03-30 13:10:00,1055.54,1055.58,1055.54,1055.58,0.0,2.0,2111.0,1
2021-03-30,2021-03-30 13:20:00,1055.58,1055.62,1055.58,1055.62,0.0,2.0,2111.0,1
2021-03-30,2021-03-30 13:30:00,1055.62,1055.67,1055.62,1055.67,0.0,2.0,2111.0,1
2021-03-30,2021-03-30 13:40:00,1055.67,1055.71,1055.67,1055.71,0.0,2.0,2111.0,1
2021-03-30,2021-03-30 13:50:00,1055.71,1055.75,1055.71,1055.75,0.0,2.0,2111.0,1
2021-03-30,2021-03-30 14:00:00,1055.75,1055.79,1055.75,1055.79,0.0,2.0,2111.0,1
2021-03-30,2021-03-30 14:10:00,1055.79,1055.83,1055.79,1055.83,0.0,2.0,2111.0,1
2021-03-30,2021-03-30 14:20:00,1055.83,1055.88,1055.83,1055.88,0.0,2.0,2111.0,1
2021-03-30,2021-03-30 14:30:00,1055.88,1055.92,1055.88,1055.92,0.0,2.0,2111.0,1
2021-03-30,2021-03-30 14:40:00,1055.92,1055.96,1055.92,1055.96,0.0,2.0,2111.0,1
2021-03-30,2021-03-30 14:50:00,1055.96,1056.0,1055.96,1056.0,0.0,2.0,2111.0,1
2021-03-30,2021-03-30 15:00:00,1056.0,1056.0,1055.0,1056.0,0.0,2.0,2111.0,0
2021-03-31,2021-03-31 11:00:00,1055.0,1055.0,1055.0,1055.0,0.0,4.0,4220.0,0
2021-03-31,2021-03-31 11:10:00,1055.0,1055.0,1055.0,1055.0,0.0,4.0,4220.0,0
2021-03-31,2021-03-31 11:20:00,1055.0,1055.0,1055.0,1055.0,0.0,4.0,4220.0,0
2021-03-31,2021-03-31 11:30:00,1055.0,1055.0,1055.0,1055.0,0.0,4.0,4220.0,0
2021-03-31,2021-03-31 11:40:00,1055.0,1055.0,1055.0,1055.0,0.0,4.0,4220.0,0
2021-03-31,2021-03-31 11:50:00,1055.0,1055.0,1055.0,1055.0,0.0,4.0,4220.0,0
2021-03-31,2021-03-31 12:00:00,1055.0,1055.0,1055.0,1055.0,0.0,4.0,4220.0,0
2021-03-31,2021-03-31 12:10:00,1055.0,1055.0,1055.0,1055.0,0.0,4.0,4220.0,0
2021-03-31,2021-03-31 12:20:00,1055.0,1055.0,1055.0,1055.0,0.0,4.0,4220.0,0
2021-03-31,2021-03-31 12:30:00,1055.0,1055.0,1055.0,1055.0,0.0,4.0,4220.0,0
2021-03-31,2021-03-31 12:40:00,1055.0,1055.0,1055.0,1055.0,0.0,4.0,4220.0,0
2021-03-31,2021-03-31 12:50:00,1055.0,1055.0,1055.0,1055.0,0.0,4.0,4220.0,0
2021-03-31,2021-03-31 13:00:00,1055.0,1055.0,1055.0,1055.0,0.0,4.0,4220.0,0
2021-03-31,2021-03-31 13:10:00,1055.0,1055.0,1055.0,1055.0,0.0,4.0,4220.0,0
2021-03-31,2021-03-31 13:20:00,1055.0,1055.0,1055.0,1055.0,0.0,4.0,4220.0,0
2021-03-31,2021-03-31 13:30:00,1055.0,1055.0,1055.0,1055.0,0.0,4.0,4220.0,0
2021-03-31,2021-03-31 13:40:00,1055.0,1055.0,1055.0,1055.0,0.0,4.0,4220.0,0
2021-03-31,2021-03-31 13:50:00,1055.0,1055.0,1055.0,1055.0,0.0,4.0,4220.0,0
2021-03-31,2021-03-31 14:00:00,1055.0,1055.0,1055.0,1055.0,0.0,4.0,4220.0,0
2021-03-31,2021-03-31 14:10:00,1055.0,1055.0,1055.0,1055.0,0.0,4.0,4220.0,0
2021-03-31,2021-03-31 14:20:00,1055.0,1055.0,1055.0,1055.0,0.0,4.0,4220.0,0
2021-03-31,2021-03-31 14:30:00,1055.0,1055.0,1055.0,1055.0,0.0,4.0,4220.0,0
2021-03-31,2021-03-31 14:40:00,1055.0,1055.0,1055.0,1055.0,0.0,4.0,4220.0,0
2021-03-31,2021-03-31 14:50:00,1055.0,1055.0,1055.0,1055.0,0.0,4.0,4220.0,0
2021-03-31,2021-03-31 15:00:00,1055.0,1055.0,1055.0,1055.0,0.0,4.0,4220.0,0
2021-04-01,2021-04-01 11:00:00,1050.0,1050.0,1050.0,1050.0,0.0,1.0,1050.0,0
2021-04-01,2021-04-01 11:10:00,1050.0,1050.0,1050.0,1050.0,0.0,1.0,1050.0,0
2021-04-01,2021-04-01 11:20:00,1050.0,1050.0,1050.0,1050.0,0.0,1.0,1050.0,0
2021-04-01,2021-04-01 11:30:00,1050.0,1050.0,1050.0,1050.0,0.0,1.0,1050.0,0
2021-04-01,2021-04-01 11:40:00,1050.0,1050.0,1050.0,1050.0,0.0,1.0,1050.0,0
2021-04-01,2021-04-01 11:50:00,1050.0,1050.0,1050.0,1050.0,0.0,1.0,1050.0,0
2021-04-01,2021-04-01 12:00:00,1050.0,1050.0,1050.0,1050.0,0.0,1.0,1050.0,0
2021-04-01,2021-04-01 12:10:00,1050.0,1050.0,1050.0,1050.0,0.0,1.0,1050.0,0
2021-04-01,2021-04-01 12:20:00,1050.0,1050.0,1050.0,1050.0,0.0,1.0,1050.0,0
2021-04-01,2021-04-01 12:30:00,1050.0,1050.0,1050.0,1050.0,0.0,1.0,1050.0,0
2021-04-01,2021-04-01 12:40:00,1050.0,1050.0,1050.0,1050.0,0.0,1.0,1050.0,0
2021-04-01,2021-04-01 12:50:00,1050.0,1050.0,1050.0,1050.0,0.0,1.0,1050.0,0
2021-04-01,2021-04-01 13:00:00,1050.0,1050.0,1050.0,1050.0,0.0,1.0,1050.0,0
2021-04-01,2021-04-01 13:10:00,1050.0,1050.0,1050.0,1050.0,0.0,1.0,1050.0,0
2021-04-01,2021-04-01 13:20:00,1050.0,1050.0,1050.0,1050.0,0.0,1.0,1050.0,0
2021-04-01,2021-04-01 13:30:00,1050.0,1050.0,1050.0,1050.0,0.0,1.0,1050.0,0
2021-04-01,2021-04-01 13:40:00,1050.0,1050.0,1050.0,1050.0,0.0,1.0,1050.0,0
2021-04-01,2021-04-01 13:50:00,1050.0,1050.0,1050.0,1050.0,0.0,1.0,1050.0,0
2021-04-01,2021-04-01 14:00:00,1050.0,1050.0,1050.0,1050.0,0.0,1.0,1050.0,0
2021-04-01,2021-04-01 14:10:00,1050.0,1050.0,1050.0,1050.0,0.0,1.0,1050.0,0
2021-04-01,2021-04-01 14:20:00,1050.0,1050.0,1050.0,1050.0,0.0,1.0,1050.0,0
2021-04-01,2021-04-01 14:30:00,1050.0,1050.0,1050.0,1050.0,0.0,1.0,1050.0,0
2021-04-01,2021-04-01 14:40:00,1050.0,1050.0,1050.0,1050.0,0.0,1.0,1050.0,0
2021-04-01,2021-04-01 14:50:00,1050.0,1050.0,1050.0,1050.0,0.0,1.0,1050.0,0
2021-04-01,2021-04-01 15:00:00,1050.0,1050.0,1050.0,1050.0,0.0,1.0,1050.0,0
2021-04-04,2021-04-04 11:00:00,1050.0,1050.0,1050.0,1050.0,0.0,2.0,2100.0,0
2021-04-04,2021-04-04 11:10:00,1050.0,1050.0,1050.0,1050.0,0.0,2.0,2100.0,0
2021-04-04,2021-04-04 11:20:00,1050.0,1050.0,1050.0,1050.0,0.0,2.0,2100.0,0
2021-04-04,2021-04-04 11:30:00,1050.0,1050.0,1050.0,1050.0,0.0,2.0,2100.0,0
2021-04-04,2021-04-04 11:40:00,1050.0,1050.0,1050.0,1050.0,0.0,2.0,2100.0,0
2021-04-04,2021-04-04 11:50:00,1050.0,1050.0,1050.0,1050.0,0.0,2.0,2100.0,0
2021-04-04,2021-04-04 12:00:00,1050.0,1050.0,1050.0,1050.0,0.0,2.0,2100.0,0
2021-04-04,2021-04-04 12:10:00,1050.0,1050.0,1050.0,1050.0,0.0,2.0,2100.0,0
2021-04-04,2021-04-04 12:20:00,1050.0,1050.0,1050.0,1050.0,0.0,2.0,2100.0,0
2021-04-04,2021-04-04 12:30:00,1050.0,1050.0,1050.0,1050.0,0.0,2.0,2100.0,0
2021-04-04,2021-04-04 12:40:00,1050.0,1050.0,1050.0,1050.0,0.0,2.0,2100.0,0
2021-04-04,2021-04-04 12:50:00,1050.0,1050.0,1050.0,1050.0,0.0,2.0,2100.0,0
2021-04-04,2021-04-04 13:00:00,1050.0,1050.0,1050.0,1050.0,0.0,2.0,2100.0,0
2021-04-04,2021-04-04 13:10:00,1050.0,1050.0,1050.0,1050.0,0.0,2.0,2100.0,0
2021-04-04,2021-04-04 13:20:00,1050.0,1050.0,1050.0,1050.0,0.0,2.0,2100.0,0
2021-04-04,2021-04-04 13:30:00,1050.0,1050.0,1050.0,1050.0,0.0,2.0,2100.0,0
2021-04-04,2021-04-04 13:40:00,1050.0,1050.0,1050.0,1050.0,0.0,2.0,2100.0,0
2021-04-04,2021-04-04 13:50:00,1050.0,1050.0,1050.0,1050.0,0.0,2.0,2100.0,0
2021-04-04,2021-04-04 14:00:00,1050.0,1050.0,1050.0,1050.0,0.0,2.0,2100.0,0
2021-04-04,2021-04-04 14:10:00,1050.0,1050.0,1050.0,1050.0,0.0,2.0,2100.0,0
2021-04-04,2021-04-04 14:20:00,1050.0,1050.0,1050.0,1050.0,0.0,2.0,2100.0,0
2021-04-04,2021-04-04 14:30:00,1050.0,1050.0,1050.0,1050.0,0.0,2.0,2100.0,0
2021-04-04,2021-04-04 14:40:00,1050.0,1050.0,1050.0,1050.0,0.0,2.0,2100.0,0
2021-04-04,2021-04-04 14:50:00,1050.0,1050.0,1050.0,1050.0,0.0,2.0,2100.0,0
2021-04-04,2021-04-04 15:00:00,1050.0,1050.0,1050.0,1050.0,0.0,2.0,2100.0,0
2021-04-05,2021-04-05 11:00:00,1045.0,1045.3,1045.0,1045.04,0.0,3.0,3136.0,1
2021-04-05,2021-04-05 11:10:00,1045.04,1045.08,1045.04,1045.08,0.0,3.0,3136.0,1
2021-04-05,2021-04-05 11:20:00,1045.08,1045.12,1045.08,1045.12,0.0,3.0,3136.0,1
2021-04-05,2021-04-05 11:30:00,1045.12,1045.17,1045.12,1045.17,0.0,3.0,3136.0,1
2021-04-05,2021-04-05 11:40:00,1045.17,1045.21,1045.17,1045.21,0.0,3.0,3136.0,1
2021-04-05,2021-04-05 11:50:00,1045.21,1045.25,1045.21,1045.25,0.0,3.0,3136.0,1
2021-04-05,2021-04-05 12:00:00,1045.25,1045.29,1045.25,1045.29,0.0,3.0,3136.0,1
2021-04-05,2021-04-05 12:10:00,1045.29,1045.33,1045.29,1045.33,0.0,3.0,3136.0,1
2021-04-05,2021-04-05 12:20:00,1045.33,1045.38,1045.33,1045.38,0.0,3.0,3136.0,1
2021-04-05,2021-04-05 12:30:00,1045.38,1045.42,1045.38,1045.42,0.0,3.0,3136.0,1
2021-04-05,2021-04-05 12:40:00,1045.42,1045.46,1045.42,1045.46,0.0,3.0,3136.0,1
2021-04-05,2021-04-05 12:50:00,1045.46,1045.5,1045.46,1045.5,0.0,3.0,3136.0,1
2021-04-05,2021-04-05 13:00:00,1045.5,1046.0,1045.0,1045.54,0.0,3.0,3136.0,1
2021-04-05,2021-04-05 13:10:00,1045.54,1045.58,1045.54,1045.58,0.0,3.0,3136.0,1
2021-04-05,2021-04-05 13:20:00,1045.58,1045.62,1045.58,1045.62,0.0,3.0,3136.0,1
2021-04-05,2021-04-05 13:30:00,1045.62,1045.67,1045.62,1045.67,0.0,3.0,3136.0,1
2021-04-05,2021-04-05 13:40:00,1045.67,1045.71,1045.67,1045.71,0.0,3.0,3136.0,1
2021-04-05,2021-04-05 13:50:00,1045.71,1045.75,1045.71,1045.75,0.0,3.0,3136.0,1
2021-04-05,2021-04-05 14:00:00,1045.75,1045.79,1045.75,1045.79,0.0,3.0,3136.0,1
2021-04-05,2021-04-05 14:10:00,1045.79,1045.83,1045.79,1045.83,0.0,3.0,3136.0,1
2021-04-05,2021-04-05 14:20:00,1045.83,1045.88,1045.83,1045.88,0.0,3.0,3136.0,1
2021-04-05,2021-04-05 14:30:00,1045.88,1045.92,1045.88,1045.92,0.0,3.0,3136.0,1
2021-04-05,2021-04-05 14:40:00,1045.92,1045.96,1045.92,1045.96,0.0,3.0,3136.0,1
2021-04-05,2021-04-05 14:50:00,1045.96,1046.0,1045.96,1046.0,0.0,3.0,3136.0,1
2021-04-05,2021-04-05 15:00:00,1046.0,1046.0,1045.0,1046.0,0.0,3.0,3136.0,0
2021-04-06,2021-04-06 11:00:00,1045.0,1045.0,1045.0,1045.0,0.0,1.0,1045.0,0
2021-04-06,2021-04-06 11:10:00,1045.0,1045.0,1045.0,1045.0,0.0,1.0,1045.0,0
2021-04-06,2021-04-06 11:20:00,1045.0,1045.0,1045.0,1045.0,0.0,1.0,1045.0,0
2021-04-06,2021-04-06 11:30:00,1045.0,1045.0,1045.0,1045.0,0.0,1.0,1045.0,0
2021-04-06,2021-04-06 11:40:00,1045.0,1045.0,1045.0,1045.0,0.0,1.0,1045.0,0
2021-04-06,2021-04-06 11:50:00,1045.0,1045.0,1045.0,1045.0,0.0,1.0,1045.0,0
2021-04-06,2021-04-06 12:00:00,1045.0,1045.0,1045.0,1045.0,0.0,1.0,1045.0,0
2021-04-06,2021-04-06 12:10:00,1045.0,1045.0,1045.0,1045.0,0.0,1.0,1045.0,0
2021-04-06,2021-04-06 12:20:00,1045.0,1045.0,1045.0,1045.0,0.0,1.0,1045.0,0
2021-04-06,2021-04-06 12:30:00,1045.0,1045.0,1045.0,1045.0,0.0,1.0,1045.0,0
2021-04-06,2021-04-06 12:40:00,1045.0,1045.0,1045.0,1045.0,0.0,1.0,1045.0,0
2021-04-06,2021-04-06 12:50:00,1045.0,1045.0,1045.0,1045.0,0.0,1.0,1045.0,0
2021-04-06,2021-04-06 13:00:00,1045.0,1045.0,1045.0,1045.0,0.0,1.0,1045.0,0
2021-04-06,2021-04-06 13:10:00,1045.0,1045.0,1045.0,1045.0,0.0,1.0,1045.0,0
2021-04-06,2021-04-06 13:20:00,1045.0,1045.0,1045.0,1045.0,0.0,1.0,1045.0,0
2021-04-06,2021-04-06 13:30:00,1045.0,1045.0,1045.0,1045.0,0.0,1.0,1045.0,0
2021-04-06,2021-04-06 13:40:00,1045.0,1045.0,1045.0,1045.0,0.0,1.0,1045.0,0
2021-04-06,2021-04-06 13:50:00,1045.0,1045.0,1045.0,1045.0,0.0,1.0,1045.0,0
2021-04-06,2021-04-06 14:00:00,1045.0,1045.0,1045.0,1045.0,0.0,1.0,1045.0,0
2021-04-06,2021-04-06 14:10:00,1045.0,1045.0,1045.0,1045.0,0.0,1.0,1045.0,0
2021-04-06,2021-04-06 14:20:00,1045.0,1045.0,1045.0,1045.0,0.0,1.0,1045.0,0
2021-04-06,2021-04-06 14:30:00,1045.0,1045.0,1045.0,1045.0,0.0,1.0,1045.0,0
2021-04-06,2021-04-06 14:40:00,1045.0,1045.0,1045.0,1045.0,0.0,1.0,1045.0,0
2021-04-06,2021-04-06 14:50:00,1045.0,1045.0,1045.0,1045.0,0.0,1.0,1045.0,0
2021-04-06,2021-04-06 15:00:00,1045.0,1045.0,1045.0,1045.0,0.0,1.0,1045.0,0
2021-04-07,2021-04-07 11:00:00,1055.0,1055.0,1053.5,1054.79,-0.02,3.6,3786.0,-1
2021-04-07,2021-04-07 11:10:00,1054.79,1054.79,1054.58,1054.58,-0.02,3.6,3786.0,-1
2021-04-07,2021-04-07 11:20:00,1054.58,1054.58,1054.38,1054.38,-0.02,3.6,3786.0,-1
2021-04-07,2021-04-07 11:30:00,1054.38,1054.38,1054.17,1054.17,-0.02,3.6,3786.0,-1
2021-04-07,2021-04-07 11:40:00,1054.17,1054.17,1053.96,1053.96,-0.02,3.6,3786.0,-1
2021-04-07,2021-04-07 11:50:00,1053.96,1053.96,1053.75,1053.75,-0.02,3.6,3786.0,-1
2021-04-07,2021-04-07 12:00:00,1053.75,1053.75,1053.54,1053.54,-0.02,3.6,3786.0,-1
2021-04-07,2021-04-07 12:10:00,1053.54,1053.54,1053.33,1053.33,-0.02,3.6,3786.0,-1
2021-04-07,2021-04-07 12:20:00,1053.33,1053.33,1053.12,1053.12,-0.02,3.6,3786.0,-1
2021-04-07,2021-04-07 12:30:00,1053.12,1053.12,1052.92,1052.92,-0.02,3.6,3786.0,-1
2021-04-07,2021-04-07 12:40:00,1052.92,1052.92,1052.71,1052.71,-0.02,3.6,3786.0,-1
2021-04-07,2021-04-07 12:50:00,1052.71,1052.71,1052.5,1052.5,-0.02,3.6,3786.0,-1
2021-04-07,2021-04-07 13:00:00,1052.5,1055.0,1050.0,1052.29,-0.02,3.6,3786.0,-1
2021-04-07,2021-04-07 13:10:00,1052.29,1052.29,1052.08,1052.08,-0.02,3.6,3786.0,-1
2021-04-07,2021-04-07 13:20:00,1052.08,1052.08,1051.88,1051.88,-0.02,3.6,3786.0,-1
2021-04-07,2021-04-07 13:30:00,1051.88,1051.88,1051.67,1051.67,-0.02,3.6,3786.0,-1
2021-04-07,2021-04-07 13:40:00,1051.67,1051.67,1051.46,1051.46,-0.02,3.6,3786.0,-1
2021-04-07,2021-04-07 13:50:00,1051.46,1051.46,1051.25,1051.25,-0.02,3.6,3786.0,-1
2021-04-07,2021-04-07 14:00:00,1051.25,1051.25,1051.04,1051.04,-0.02,3.6,3786.0,-1
2021-04-07,2021-04-07 14:10:00,1051.04,1051.04,1050.83,1050.83,-0.02,3.6,3786.0,-1
2021-04-07,2021-04-07 14:20:00,1050.83,1050.83,1050.62,1050.62,-0.02,3.6,3786.0,-1
2021-04-07,2021-04-07 14:30:00,1050.62,1050.62,1050.42,1050.42,-0.02,3.6,3786.0,-1
2021-04-07,2021-04-07 14:40:00,1050.42,1050.42,1050.21,1050.21,-0.02,3.6,3786.0,-1
2021-04-07,2021-04-07 14:50:00,1050.21,1050.21,1050.0,1050.0,-0.02,3.6,3786.0,-1
2021-04-07,2021-04-07 15:00:00,1050.0,1055.0,1050.0,1050.0,0.0,3.6,3786.0,0
2021-04-12,2021-04-12 11:00:00,1045.0,1046.5,1045.0,1045.0,0.0,3.2,3349.0,0
2021-04-12,2021-04-12 11:10:00,1045.0,1045.0,1045.0,1045.0,0.0,3.2,3349.0,0
2021-04-12,2021-04-12 11:20:00,1045.0,1045.0,1045.0,1045.0,0.0,3.2,3349.0,0
2021-04-12,2021-04-12 11:30:00,1045.0,1045.0,1045.0,1045.0,0.0,3.2,3349.0,0
2021-04-12,2021-04-12 11:40:00,1045.0,1045.0,1045.0,1045.0,0.0,3.2,3349.0,0
2021-04-12,2021-04-12 11:50:00,1045.0,1045.0,1045.0,1045.0,0.0,3.2,3349.0,0
2021-04-12,2021-04-12 12:00:00,1045.0,1045.0,1045.0,1045.0,0.0,3.2,3349.0,0
2021-04-12,2021-04-12 12:10:00,1045.0,1045.0,1045.0,1045.0,0.0,3.2,3349.0,0
2021-04-12,2021-04-12 12:20:00,1045.0,1045.0,1045.0,1045.0,0.0,3.2,3349.0,0
2021-04-12,2021-04-12 12:30:00,1045.0,1045.0,1045.0,1045.0,0.0,3.2,3349.0,0
2021-04-12,2021-04-12 12:40:00,1045.0,1045.0,1045.0,1045.0,0.0,3.2,3349.0,0
2021-04-12,2021-04-12 12:50:00,1045.0,1045.0,1045.0,1045.0,0.0,3.2,3349.0,0
2021-04-12,2021-04-12 13:00:00,1045.0,1050.0,1045.0,1045.0,0.0,3.2,3349.0,0
2021-04-12,2021-04-12 13:10:00,1045.0,1045.0,1045.0,1045.0,0.0,3.2,3349.0,0
2021-04-12,2021-04-12 13:20:00,1045.0,1045.0,1045.0,1045.0,0.0,3.2,3349.0,0
2021-04-12,2021-04-12 13:30:00,1045.0,1045.0,1045.0,1045.0,0.0,3.2,3349.0,0
2021-04-12,2021-04-12 13:40:00,1045.0,1045.0,1045.0,1045.0,0.0,3.2,3349.0,0
2021-04-12,2021-04-12 13:50:00,1045.0,1045.0,1045.0,1045.0,0.0,3.2,3349.0,0
2021-04-12,2021-04-12 14:00:00,1045.0,1045.0,1045.0,1045.0,0.0,3.2,3349.0,0
2021-04-12,2021-04-12 14:10:00,1045.0,1045.0,1045.0,1045.0,0.0,3.2,3349.0,0
2021-04-12,2021-04-12 14:20:00,1045.0,1045.0,1045.0,1045.0,0.0,3.2,3349.0,0
2021-04-12,2021-04-12 14:30:00,1045.0,1045.0,1045.0,1045.0,0.0,3.2,3349.0,0
2021-04-12,2021-04-12 14:40:00,1045.0,1045.0,1045.0,1045.0,0.0,3.2,3349.0,0
2021-04-12,2021-04-12 14:50:00,1045.0,1045.0,1045.0,1045.0,0.0,3.2,3349.0,0
2021-04-12,2021-04-12 15:00:00,1045.0,1050.0,1045.0,1045.0,0.0,3.2,3349.0,0
2021-04-15,2021-04-15 11:00:00,1046.0,1046.0,1046.0,1046.0,0.0,1.0,1046.0,0
2021-04-15,2021-04-15 11:10:00,1046.0,1046.0,1046.0,1046.0,0.0,1.0,1046.0,0
2021-04-15,2021-04-15 11:20:00,1046.0,1046.0,1046.0,1046.0,0.0,1.0,1046.0,0
2021-04-15,2021-04-15 11:30:00,1046.0,1046.0,1046.0,1046.0,0.0,1.0,1046.0,0
2021-04-15,2021-04-15 11:40:00,1046.0,1046.0,1046.0,1046.0,0.0,1.0,1046.0,0
2021-04-15,2021-04-15 11:50:00,1046.0,1046.0,1046.0,1046.0,0.0,1.0,1046.0,0
2021-04-15,2021-04-15 12:00:00,1046.0,1046.0,1046.0,1046.0,0.0,1.0,1046.0,0
2021-04-15,2021-04-15 12:10:00,1046.0,1046.0,1046.0,1046.0,0.0,1.0,1046.0,0
2021-04-15,2021-04-15 12:20:00,1046.0,1046.0,1046.0,1046.0,0.0,1.0,1046.0,0
2021-04-15,2021-04-15 12:30:00,1046.0,1046.0,1046.0,1046.0,0.0,1.0,1046.0,0
2021-04-15,2021-04-15 12:40:00,1046.0,1046.0,1046.0,1046.0,0.0,1.0,1046.0,0
2021-04-15,2021-04-15 12:50:00,1046.0,1046.0,1046.0,1046.0,0.0,1.0,1046.0,0
2021-04-15,2021-04-15 13:00:00,1046.0,1046.0,1046.0,1046.0,0.0,1.0,1046.0,0
2021-04-15,2021-04-15 13:10:00,1046.0,1046.0,1046.0,1046.0,0.0,1.0,1046.0,0
2021-04-15,2021-04-15 13:20:00,1046.0,1046.0,1046.0,1046.0,0.0,1.0,1046.0,0
2021-04-15,2021-04-15 13:30:00,1046.0,1046.0,1046.0,1046.0,0.0,1.0,1046.0,0
2021-04-15,2021-04-15 13:40:00,1046.0,1046.0,1046.0,1046.0,0.0,1.0,1046.0,0
2021-04-15,2021-04-15 13:50:00,1046.0,1046.0,1046.0,1046.0,0.0,1.0,1046.0,0
2021-04-15,2021-04-15 14:00:00,1046.0,1046.0,1046.0,1046.0,0.0,1.0,1046.0,0
2021-04-15,2021-04-15 14:10:00,1046.0,1046.0,1046.0,1046.0,0.0,1.0,1046.0,0
2021-04-15,2021-04-15 14:20:00,1046.0,1046.0,1046.0,1046.0,0.0,1.0,1046.0,0
2021-04-15,2021-04-15 14:30:00,1046.0,1046.0,1046.0,1046.0,0.0,1.0,1046.0,0
2021-04-15,2021-04-15 14:40:00,1046.0,1046.0,1046.0,1046.0,0.0,1.0,1046.0,0
2021-04-15,2021-04-15 14:50:00,1046.0,1046.0,1046.0,1046.0,0.0,1.0,1046.0,0
2021-04-15,2021-04-15 15:00:00,1046.0,1046.0,1046.0,1046.0,0.0,1.0,1046.0,0
2021-04-21,2021-04-21 11:00:00,1048.0,1048.0,1048.0,1048.0,0.0,4.0,4192.0,0
2021-04-21,2021-04-21 11:10:00,1048.0,1048.0,1048.0,1048.0,0.0,4.0,4192.0,0
2021-04-21,2021-04-21 11:20:00,1048.0,1048.0,1048.0,1048.0,0.0,4.0,4192.0,0
2021-04-21,2021-04-21 11:30:00,1048.0,1048.0,1048.0,1048.0,0.0,4.0,4192.0,0
2021-04-21,2021-04-21 11:40:00,1048.0,1048.0,1048.0,1048.0,0.0,4.0,4192.0,0
2021-04-21,2021-04-21 11:50:00,1048.0,1048.0,1048.0,1048.0,0.0,4.0,4192.0,0
2021-04-21,2021-04-21 12:00:00,1048.0,1048.0,1048.0,1048.0,0.0,4.0,4192.0,0
2021-04-21,2021-04-21 12:10:00,1048.0,1048.0,1048.0,1048.0,0.0,4.0,4192.0,0
2021-04-21,2021-04-21 12:20:00,1048.0,1048.0,1048.0,1048.0,0.0,4.0,4192.0,0
2021-04-21,2021-04-21 12:30:00,1048.0,1048.0,1048.0,1048.0,0.0,4.0,4192.0,0
2021-04-21,2021-04-21 12:40:00,1048.0,1048.0,1048.0,1048.0,0.0,4.0,4192.0,0
2021-04-21,2021-04-21 12:50:00,1048.0,1048.0,1048.0,1048.0,0.0,4.0,4192.0,0
2021-04-21,2021-04-21 13:00:00,1048.0,1048.0,1048.0,1048.0,0.0,4.0,4192.0,0
2021-04-21,2021-04-21 13:10:00,1048.0,1048.0,1048.0,1048.0,0.0,4.0,4192.0,0
2021-04-21,2021-04-21 13:20:00,1048.0,1048.0,1048.0,1048.0,0.0,4.0,4192.0,0
2021-04-21,2021-04-21 13:30:00,1048.0,1048.0,1048.0,1048.0,0.0,4.0,4192.0,0
2021-04-21,2021-04-21 13:40:00,1048.0,1048.0,1048.0,1048.0,0.0,4.0,4192.0,0
2021-04-21,2021-04-21 13:50:00,1048.0,1048.0,1048.0,1048.0,0.0,4.0,4192.0,0
2021-04-21,2021-04-21 14:00:00,1048.0,1048.0,1048.0,1048.0,0.0,4.0,4192.0,0
2021-04-21,2021-04-21 14:10:00,1048.0,1048.0,1048.0,1048.0,0.0,4.0,4192.0,0
2021-04-21,2021-04-21 14:20:00,1048.0,1048.0,1048.0,1048.0,0.0,4.0,4192.0,0
2021-04-21,2021-04-21 14:30:00,1048.0,1048.0,1048.0,1048.0,0.0,4.0,4192.0,0
2021-04-21,2021-04-21 14:40:00,1048.0,1048.0,1048.0,1048.0,0.0,4.0,4192.0,0
2021-04-21,2021-04-21 14:50:00,1048.0,1048.0,1048.0,1048.0,0.0,4.0,4192.0,0
2021-04-21,2021-04-21 15:00:00,1048.0,1048.0,1048.0,1048.0,0.0,4.0,4192.0,0
2021-04-22,2021-04-22 11:00:00,1051.0,1052.2,1051.0,1051.17,0.02,2.0,2106.0,1
2021-04-22,2021-04-22 11:10:00,1051.17,1051.33,1051.17,1051.33,0.02,2.0,2106.0,1
2021-04-22,2021-04-22 11:20:00,1051.33,1051.5,1051.33,1051.5,0.02,2.0,2106.0,1
2021-04-22,2021-04-22 11:30:00,1051.5,1051.67,1051.5,1051.67,0.02,2.0,2106.0,1
2021-04-22,2021-04-22 11:40:00,1051.67,1051.83,1051.67,1051.83,0.02,2.0,2106.0,1
2021-04-22,2021-04-22 11:50:00,1051.83,1052.0,1051.83,1052.0,0.02,2.0,2106.0,1
2021-04-22,2021-04-22 12:00:00,1052.0,1052.17,1052.0,1052.17,0.02,2.0,2106.0,1
2021-04-22,2021-04-22 12:10:00,1052.17,1052.33,1052.17,1052.33,0.02,2.0,2106.0,1
2021-04-22,2021-04-22 12:20:00,1052.33,1052.5,1052.33,1052.5,0.02,2.0,2106.0,1
2021-04-22,2021-04-22 12:30:00,1052.5,1052.67,1052.5,1052.67,0.02,2.0,2106.0,1
2021-04-22,2021-04-22 12:40:00,1052.67,1052.83,1052.67,1052.83,0.02,2.0,2106.0,1
2021-04-22,2021-04-22 12:50:00,1052.83,1053.0,1052.83,1053.0,0.02,2.0,2106.0,1
2021-04-22,2021-04-22 13:00:00,1053.0,1055.0,1051.0,1053.17,0.02,2.0,2106.0,1
2021-04-22,2021-04-22 13:10:00,1053.17,1053.33,1053.17,1053.33,0.02,2.0,2106.0,1
2021-04-22,2021-04-22 13:20:00,1053.33,1053.5,1053.33,1053.5,0.02,2.0,2106.0,1
2021-04-22,2021-04-22 13:30:00,1053.5,1053.67,1053.5,1053.67,0.02,2.0,2106.0,1
2021-04-22,2021-04-22 13:40:00,1053.67,1053.83,1053.67,1053.83,0.02,2.0,2106.0,1
2021-04-22,2021-04-22 13:50:00,1053.83,1054.0,1053.83,1054.0,0.02,2.0,2106.0,1
2021-04-22,2021-04-22 14:00:00,1054.0,1054.17,1054.0,1054.17,0.02,2.0,2106.0,1
2021-04-22,2021-04-22 14:10:00,1054.17,1054.33,1054.17,1054.33,0.02,2.0,2106.0,1
2021-04-22,2021-04-22 14:20:00,1054.33,1054.5,1054.33,1054.5,0.02,2.0,2106.0,1
2021-04-22,2021-04-22 14:30:00,1054.5,1054.67,1054.5,1054.67,0.02,2.0,2106.0,1
2021-04-22,2021-04-22 14:40:00,1054.67,1054.83,1054.67,1054.83,0.02,2.0,2106.0,1
2021-04-22,2021-04-22 14:50:00,1054.83,1055.0,1054.83,1055.0,0.02,2.0,2106.0,1
2021-04-22,2021-04-22 15:00:00,1055.0,1055.0,1051.0,1055.0,0.0,2.0,2106.0,0
2021-04-25,2021-04-25 11:00:00,1060.0,1060.0,1055.8,1059.42,-0.05,5.0,5244.0,-1
2021-04-25,2021-04-25 11:10:00,1059.42,1059.42,1058.83,1058.83,-0.06,5.0,5244.0,-1
2021-04-25,2021-04-25 11:20:00,1058.83,1058.83,1058.25,1058.25,-0.05,5.0,5244.0,-1
2021-04-25,2021-04-25 11:30:00,1058.25,1058.25,1057.67,1057.67,-0.05,5.0,5244.0,-1
2021-04-25,2021-04-25 11:40:00,1057.67,1057.67,1057.08,1057.08,-0.06,5.0,5244.0,-1
2021-04-25,2021-04-25 11:50:00,1057.08,1057.08,1056.5,1056.5,-0.05,5.0,5244.0,-1
2021-04-25,2021-04-25 12:00:00,1056.5,1056.5,1055.92,1055.92,-0.05,5.0,5244.0,-1
2021-04-25,2021-04-25 12:10:00,1055.92,1055.92,1055.33,1055.33,-0.06,5.0,5244.0,-1
2021-04-25,2021-04-25 12:20:00,1055.33,1055.33,1054.75,1054.75,-0.05,5.0,5244.0,-1
2021-04-25,2021-04-25 12:30:00,1054.75,1054.75,1054.17,1054.17,-0.05,5.0,5244.0,-1
2021-04-25,2021-04-25 12:40:00,1054.17,1054.17,1053.58,1053.58,-0.06,5.0,5244.0,-1
2021-04-25,2021-04-25 12:50:00,1053.58,1053.58,1053.0,1053.0,-0.06,5.0,5244.0,-1
2021-04-25,2021-04-25 13:00:00,1053.0,1060.0,1046.0,1052.42,-0.06,5.0,5244.0,-1
2021-04-25,2021-04-25 13:10:00,1052.42,1052.42,1051.83,1051.83,-0.06,5.0,5244.0,-1
2021-04-25,2021-04-25 13:20:00,1051.83,1051.83,1051.25,1051.25,-0.06,5.0,5244.0,-1
2021-04-25,2021-04-25 13:30:00,1051.25,1051.25,1050.67,1050.67,-0.06,5.0,5244.0,-1
2021-04-25,2021-04-25 13:40:00,1050.67,1050.67,1050.08,1050.08,-0.06,5.0,5244.0,-1
2021-04-25,2021-04-25 13:50:00,1050.08,1050.08,1049.5,1049.5,-0.06,5.0,5244.0,-1
2021-04-25,2021-04-25 14:00:00,1049.5,1049.5,1048.92,1048.92,-0.06,5.0,5244.0,-1
2021-04-25,2021-04-25 14:10:00,1048.92,1048.92,1048.33,1048.33,-0.06,5.0,5244.0,-1
2021-04-25,2021-04-25 14:20:00,1048.33,1048.33,1047.75,1047.75,-0.06,5.0,5244.0,-1
2021-04-25,2021-04-25 14:30:00,1047.75,1047.75,1047.17,1047.17,-0.06,5.0,5244.0,-1
2021-04-25,2021-04-25 14:40:00,1047.17,1047.17,1046.58,1046.58,-0.06,5.0,5244.0,-1
2021-04-25,2021-04-25 14:50:00,1046.58,1046.58,1046.0,1046.0,-0.06,5.0,5244.0,-1
2021-04-25,2021-04-25 15:00:00,1046.0,1060.0,1046.0,1046.0,0.0,5.0,5244.0,0
2021-04-26,2021-04-26 11:00:00,1047.0,1047.0,1046.7,1046.96,-0.0,2.0,2093.0,-1
2021-04-26,2021-04-26 11:10:00,1046.96,1046.96,1046.92,1046.92,-0.0,2.0,2093.0,-1
2021-04-26,2021-04-26 11:20:00,1046.92,1046.92,1046.88,1046.88,-0.0,2.0,2093.0,-1
2021-04-26,2021-04-26 11:30:00,1046.88,1046.88,1046.83,1046.83,-0.0,2.0,2093.0,-1
2021-04-26,2021-04-26 11:40:00,1046.83,1046.83,1046.79,1046.79,-0.0,2.0,2093.0,-1
2021-04-26,2021-04-26 11:50:00,1046.79,1046.79,1046.75,1046.75,-0.0,2.0,2093.0,-1
2021-04-26,2021-04-26 12:00:00,1046.75,1046.75,1046.71,1046.71,-0.0,2.0,2093.0,-1
2021-04-26,2021-04-26 12:10:00,1046.71,1046.71,1046.67,1046.67,-0.0,2.0,2093.0,-1
2021-04-26,2021-04-26 12:20:00,1046.67,1046.67,1046.62,1046.62,-0.0,2.0,2093.0,-1
2021-04-26,2021-04-26 12:30:00,1046.62,1046.62,1046.58,1046.58,-0.0,2.0,2093.0,-1
2021-04-26,2021-04-26 12:40:00,1046.58,1046.58,1046.54,1046.54,-0.0,2.0,2093.0,-1
2021-04-26,2021-04-26 12:50:00,1046.54,1046.54,1046.5,1046.5,-0.0,2.0,2093.0,-1
2021-04-26,2021-04-26 13:00:00,1046.5,1047.0,1046.0,1046.46,-0.0,2.0,2093.0,-1
2021-04-26,2021-04-26 13:10:00,1046.46,1046.46,1046.42,1046.42,-0.0,2.0,2093.0,-1
2021-04-26,2021-04-26 13:20:00,1046.42,1046.42,1046.38,1046.38,-0.0,2.0,2093.0,-1
2021-04-26,2021-04-26 13:30:00,1046.38,1046.38,1046.33,1046.33,-0.0,2.0,2093.0,-1
2021-04-26,2021-04-26 13:40:00,1046.33,1046.33,1046.29,1046.29,-0.0,2.0,2093.0,-1
2021-04-26,2021-04-26 13:50:00,1046.29,1046.29,1046.25,1046.25,-0.0,2.0,2093.0,-1
2021-04-26,2021-04-26 14:00:00,1046.25,1046.25,1046.21,1046.21,-0.0,2.0,2093.0,-1
2021-04-26,2021-04-26 14:10:00,1046.21,1046.21,1046.17,1046.17,-0.0,2.0,2093.0,-1
2021-04-26,2021-04-26 14:20:00,1046.17,1046.17,1046.12,1046.12,-0.0,2.0,2093.0,-1
2021-04-26,2021-04-26 14:30:00,1046.12,1046.12,1046.08,1046.08,-0.0,2.0,2093.0,-1
2021-04-26,2021-04-26 14:40:00,1046.08,1046.08,1046.04,1046.04,-0.0,2.0,2093.0,-1
2021-04-26,2021-04-26 14:50:00,1046.04,1046.04,1046.0,1046.0,-0.0,2.0,2093.0,-1
2021-04-26,2021-04-26 15:00:00,1046.0,1047.0,1046.0,1046.0,0.0,2.0,2093.0,0
2021-04-27,2021-04-27 11:00:00,1060.0,1060.0,1060.0,1060.0,0.0,3.24,3434.4,0
2021-04-27,2021-04-27 11:10:00,1060.0,1060.0,1060.0,1060.0,0.0,3.24,3434.4,0
2021-04-27,2021-04-27 11:20:00,1060.0,1060.0,1060.0,1060.0,0.0,3.24,3434.4,0
2021-04-27,2021-04-27 11:30:00,1060.0,1060.0,1060.0,1060.0,0.0,3.24,3434.4,0
2021-04-27,2021-04-27 11:40:00,1060.0,1060.0,1060.0,1060.0,0.0,3.24,3434.4,0
2021-04-27,2021-04-27 11:50:00,1060.0,1060.0,1060.0,1060.0,0.0,3.24,3434.4,0
2021-04-27,2021-04-27 12:00:00,1060.0,1060.0,1060.0,1060.0,0.0,3.24,3434.4,0
2021-04-27,2021-04-27 12:10:00,1060.0,1060.0,1060.0,1060.0,0.0,3.24,3434.4,0
2021-04-27,2021-04-27 12:20:00,1060.0,1060.0,1060.0,1060.0,0.0,3.24,3434.4,0
2021-04-27,2021-04-27 12:30:00,1060.0,1060.0,1060.0,1060.0,0.0,3.24,3434.4,0
2021-04-27,2021-04-27 12:40:00,1060.0,1060.0,1060.0,1060.0,0.0,3.24,3434.4,0
2021-04-27,2021-04-27 12:50:00,1060.0,1060.0,1060.0,1060.0,0.0,3.24,3434.4,0
2021-04-27,2021-04-27 13:00:00,1060.0,1060.0,1060.0,1060.0,0.0,3.24,3434.4,0
2021-04-27,2021-04-27 13:10:00,1060.0,1060.0,1060.0,1060.0,0.0,3.24,3434.4,0
2021-04-27,2021-04-27 13:20:00,1060.0,1060.0,1060.0,1060.0,0.0,3.24,3434.4,0
2021-04-27,2021-04-27 13:30:00,1060.0,1060.0,1060.0,1060.0,0.0,3.24,3434.4,0
2021-04-27,2021-04-27 13:40:00,1060.0,1060.0,1060.0,1060.0,0.0,3.24,3434.4,0
2021-04-27,2021-04-27 13:50:00,1060.0,1060.0,1060.0,1060.0,0.0,3.24,3434.4,0
2021-04-27,2021-04-27 14:00:00,1060.0,1060.0,1060.0,1060.0,0.0,3.24,3434.4,0
2021-04-27,2021-04-27 14:10:00,1060.0,1060.0,1060.0,1060.0,0.0,3.24,3434.4,0
2021-04-27,2021-04-27 14:20:00,1060.0,1060.0,1060.0,1060.0,0.0,3.24,3434.4,0
2021-04-27,2021-04-27 14:30:00,1060.0,1060.0,1060.0,1060.0,0.0,3.24,3434.4,0
2021-04-27,2021-04-27 14:40:00,1060.0,1060.0,1060.0,1060.0,0.0,3.24,3434.4,0
2021-04-27,2021-04-27 14:50:00,1060.0,1060.0,1060.0,1060.0,0.0,3.24,3434.4,0
2021-04-27,2021-04-27 15:00:00,1060.0,1060.0,1060.0,1060.0,0.0,3.24,3434.4,0
2021-04-28,2021-04-28 11:00:00,1050.0,1053.0,1050.0,1050.42,0.04,3.0,3170.0,1
2021-04-28,2021-04-28 11:10:00,1050.42,1050.83,1050.42,1050.83,0.04,3.0,3170.0,1
2021-04-28,2021-04-28 11:20:00,1050.83,1051.25,1050.83,1051.25,0.04,3.0,3170.0,1
2021-04-28,2021-04-28 11:30:00,1051.25,1051.67,1051.25,1051.67,0.04,3.0,3170.0,1
2021-04-28,2021-04-28 11:40:00,1051.67,1052.08,1051.67,1052.08,0.04,3.0,3170.0,1
2021-04-28,2021-04-28 11:50:00,1052.08,1052.5,1052.08,1052.5,0.04,3.0,3170.0,1
2021-04-28,2021-04-28 12:00:00,1052.5,1052.92,1052.5,1052.92,0.04,3.0,3170.0,1
2021-04-28,2021-04-28 12:10:00,1052.92,1053.33,1052.92,1053.33,0.04,3.0,3170.0,1
2021-04-28,2021-04-28 12:20:00,1053.33,1053.75,1053.33,1053.75,0.04,3.0,3170.0,1
2021-04-28,2021-04-28 12:30:00,1053.75,1054.17,1053.75,1054.17,0.04,3.0,3170.0,1
2021-04-28,2021-04-28 12:40:00,1054.17,1054.58,1054.17,1054.58,0.04,3.0,3170.0,1
2021-04-28,2021-04-28 12:50:00,1054.58,1055.0,1054.58,1055.0,0.04,3.0,3170.0,1
2021-04-28,2021-04-28 13:00:00,1055.0,1060.0,1050.0,1055.42,0.04,3.0,3170.0,1
2021-04-28,2021-04-28 13:10:00,1055.42,1055.83,1055.42,1055.83,0.04,3.0,3170.0,1
2021-04-28,2021-04-28 13:20:00,1055.83,1056.25,1055.83,1056.25,0.04,3.0,3170.0,1
2021-04-28,2021-04-28 13:30:00,1056.25,1056.67,1056.25,1056.67,0.04,3.0,3170.0,1
2021-04-28,2021-04-28 13:40:00,1056.67,1057.08,1056.67,1057.08,0.04,3.0,3170.0,1
2021-04-28,2021-04-28 13:50:00,1057.08,1057.5,1057.08,1057.5,0.04,3.0,3170.0,1
2021-04-28,2021-04-28 14:00:00,1057.5,1057.92,1057.5,1057.92,0.04,3.0,3170.0,1
2021-04-28,2021-04-28 14:10:00,1057.92,1058.33,1057.92,1058.33,0.04,3.0,3170.0,1
2021-04-28,2021-04-28 14:20:00,1058.33,1058.75,1058.33,1058.75,0.04,3.0,3170.0,1
2021-04-28,2021-04-28 14:30:00,1058.75,1059.17,1058.75,1059.17,0.04,3.0,3170.0,1
2021-04-28,2021-04-28 14:40:00,1059.17,1059.58,1059.17,1059.58,0.04,3.0,3170.0,1
2021-04-28,2021-04-28 14:50:00,1059.58,1060.0,1059.58,1060.0,0.04,3.0,3170.0,1
2021-04-28,2021-04-28 15:00:00,1060.0,1060.0,1050.0,1060.0,0.0,3.0,3170.0,0
2021-05-02,2021-05-02 11:00:00,1060.0,1060.0,1060.0,1060.0,0.0,3.0,3180.0,0
2021-05-02,2021-05-02 11:10:00,1060.0,1060.0,1060.0,1060.0,0.0,3.0,3180.0,0
2021-05-02,2021-05-02 11:20:00,1060.0,1060.0,1060.0,1060.0,0.0,3.0,3180.0,0
2021-05-02,2021-05-02 11:30:00,1060.0,1060.0,1060.0,1060.0,0.0,3.0,3180.0,0
2021-05-02,2021-05-02 11:40:00,1060.0,1060.0,1060.0,1060.0,0.0,3.0,3180.0,0
2021-05-02,2021-05-02 11:50:00,1060.0,1060.0,1060.0,1060.0,0.0,3.0,3180.0,0
2021-05-02,2021-05-02 12:00:00,1060.0,1060.0,1060.0,1060.0,0.0,3.0,3180.0,0
2021-05-02,2021-05-02 12:10:00,1060.0,1060.0,1060.0,1060.0,0.0,3.0,3180.0,0
2021-05-02,2021-05-02 12:20:00,1060.0,1060.0,1060.0,1060.0,0.0,3.0,3180.0,0
2021-05-02,2021-05-02 12:30:00,1060.0,1060.0,1060.0,1060.0,0.0,3.0,3180.0,0
2021-05-02,2021-05-02 12:40:00,1060.0,1060.0,1060.0,1060.0,0.0,3.0,3180.0,0
2021-05-02,2021-05-02 12:50:00,1060.0,1060.0,1060.0,1060.0,0.0,3.0,3180.0,0
2021-05-02,2021-05-02 13:00:00,1060.0,1060.0,1060.0,1060.0,0.0,3.0,3180.0,0
2021-05-02,2021-05-02 13:10:00,1060.0,1060.0,1060.0,1060.0,0.0,3.0,3180.0,0
2021-05-02,2021-05-02 13:20:00,1060.0,1060.0,1060.0,1060.0,0.0,3.0,3180.0,0
2021-05-02,2021-05-02 13:30:00,1060.0,1060.0,1060.0,1060.0,0.0,3.0,3180.0,0
2021-05-02,2021-05-02 13:40:00,1060.0,1060.0,1060.0,1060.0,0.0,3.0,3180.0,0
2021-05-02,2021-05-02 13:50:00,1060.0,1060.0,1060.0,1060.0,0.0,3.0,3180.0,0
2021-05-02,2021-05-02 14:00:00,1060.0,1060.0,1060.0,1060.0,0.0,3.0,3180.0,0
2021-05-02,2021-05-02 14:10:00,1060.0,1060.0,1060.0,1060.0,0.0,3.0,3180.0,0
2021-05-02,2021-05-02 14:20:00,1060.0,1060.0,1060.0,1060.0,0.0,3.0,3180.0,0
2021-05-02,2021-05-02 14:30:00,1060.0,1060.0,1060.0,1060.0,0.0,3.0,3180.0,0
2021-05-02,2021-05-02 14:40:00,1060.0,1060.0,1060.0,1060.0,0.0,3.0,3180.0,0
2021-05-02,2021-05-02 14:50:00,1060.0,1060.0,1060.0,1060.0,0.0,3.0,3180.0,0
2021-05-02,2021-05-02 15:00:00,1060.0,1060.0,1060.0,1060.0,0.0,3.0,3180.0,0
2021-05-04,2021-05-04 11:00:00,1051.0,1051.0,1051.0,1051.0,0.0,1.0,1051.0,0
2021-05-04,2021-05-04 11:10:00,1051.0,1051.0,1051.0,1051.0,0.0,1.0,1051.0,0
2021-05-04,2021-05-04 11:20:00,1051.0,1051.0,1051.0,1051.0,0.0,1.0,1051.0,0
2021-05-04,2021-05-04 11:30:00,1051.0,1051.0,1051.0,1051.0,0.0,1.0,1051.0,0
2021-05-04,2021-05-04 11:40:00,1051.0,1051.0,1051.0,1051.0,0.0,1.0,1051.0,0
2021-05-04,2021-05-04 11:50:00,1051.0,1051.0,1051.0,1051.0,0.0,1.0,1051.0,0
2021-05-04,2021-05-04 12:00:00,1051.0,1051.0,1051.0,1051.0,0.0,1.0,1051.0,0
2021-05-04,2021-05-04 12:10:00,1051.0,1051.0,1051.0,1051.0,0.0,1.0,1051.0,0
2021-05-04,2021-05-04 12:20:00,1051.0,1051.0,1051.0,1051.0,0.0,1.0,1051.0,0
2021-05-04,2021-05-04 12:30:00,1051.0,1051.0,1051.0,1051.0,0.0,1.0,1051.0,0
2021-05-04,2021-05-04 12:40:00,1051.0,1051.0,1051.0,1051.0,0.0,1.0,1051.0,0
2021-05-04,2021-05-04 12:50:00,1051.0,1051.0,1051.0,1051.0,0.0,1.0,1051.0,0
2021-05-04,2021-05-04 13:00:00,1051.0,1051.0,1051.0,1051.0,0.0,1.0,1051.0,0
2021-05-04,2021-05-04 13:10:00,1051.0,1051.0,1051.0,1051.0,0.0,1.0,1051.0,0
2021-05-04,2021-05-04 13:20:00,1051.0,1051.0,1051.0,1051.0,0.0,1.0,1051.0,0
2021-05-04,2021-05-04 13:30:00,1051.0,1051.0,1051.0,1051.0,0.0,1.0,1051.0,0
2021-05-04,2021-05-04 13:40:00,1051.0,1051.0,1051.0,1051.0,0.0,1.0,1051.0,0
2021-05-04,2021-05-04 13:50:00,1051.0,1051.0,1051.0,1051.0,0.0,1.0,1051.0,0
2021-05-04,2021-05-04 14:00:00,1051.0,1051.0,1051.0,1051.0,0.0,1.0,1051.0,0
2021-05-04,2021-05-04 14:10:00,1051.0,1051.0,1051.0,1051.0,0.0,1.0,1051.0,0
2021-05-04,2021-05-04 14:20:00,1051.0,1051.0,1051.0,1051.0,0.0,1.0,1051.0,0
2021-05-04,2021-05-04 14:30:00,1051.0,1051.0,1051.0,1051.0,0.0,1.0,1051.0,0
2021-05-04,2021-05-04 14:40:00,1051.0,1051.0,1051.0,1051.0,0.0,1.0,1051.0,0
2021-05-04,2021-05-04 14:50:00,1051.0,1051.0,1051.0,1051.0,0.0,1.0,1051.0,0
2021-05-04,2021-05-04 15:00:00,1051.0,1051.0,1051.0,1051.0,0.0,1.0,1051.0,0
2021-05-05,2021-05-05 11:00:00,1046.0,1046.0,1046.0,1046.0,0.0,1.0,1046.0,0
2021-05-05,2021-05-05 11:10:00,1046.0,1046.0,1046.0,1046.0,0.0,1.0,1046.0,0
2021-05-05,2021-05-05 11:20:00,1046.0,1046.0,1046.0,1046.0,0.0,1.0,1046.0,0
2021-05-05,2021-05-05 11:30:00,1046.0,1046.0,1046.0,1046.0,0.0,1.0,1046.0,0
2021-05-05,2021-05-05 11:40:00,1046.0,1046.0,1046.0,1046.0,0.0,1.0,1046.0,0
2021-05-05,2021-05-05 11:50:00,1046.0,1046.0,1046.0,1046.0,0.0,1.0,1046.0,0
2021-05-05,2021-05-05 12:00:00,1046.0,1046.0,1046.0,1046.0,0.0,1.0,1046.0,0
2021-05-05,2021-05-05 12:10:00,1046.0,1046.0,1046.0,1046.0,0.0,1.0,1046.0,0
2021-05-05,2021-05-05 12:20:00,1046.0,1046.0,1046.0,1046.0,0.0,1.0,1046.0,0
2021-05-05,2021-05-05 12:30:00,1046.0,1046.0,1046.0,1046.0,0.0,1.0,1046.0,0
2021-05-05,2021-05-05 12:40:00,1046.0,1046.0,1046.0,1046.0,0.0,1.0,1046.0,0
2021-05-05,2021-05-05 12:50:00,1046.0,1046.0,1046.0,1046.0,0.0,1.0,1046.0,0
2021-05-05,2021-05-05 13:00:00,1046.0,1046.0,1046.0,1046.0,0.0,1.0,1046.0,0
2021-05-05,2021-05-05 13:10:00,1046.0,1046.0,1046.0,1046.0,0.0,1.0,1046.0,0
2021-05-05,2021-05-05 13:20:00,1046.0,1046.0,1046.0,1046.0,0.0,1.0,1046.0,0
2021-05-05,2021-05-05 13:30:00,1046.0,1046.0,1046.0,1046.0,0.0,1.0,1046.0,0
2021-05-05,2021-05-05 13:40:00,1046.0,1046.0,1046.0,1046.0,0.0,1.0,1046.0,0
2021-05-05,2021-05-05 13:50:00,1046.0,1046.0,1046.0,1046.0,0.0,1.0,1046.0,0
2021-05-05,2021-05-05 14:00:00,1046.0,1046.0,1046.0,1046.0,0.0,1.0,1046.0,0
2021-05-05,2021-05-05 14:10:00,1046.0,1046.0,1046.0,1046.0,0.0,1.0,1046.0,0
2021-05-05,2021-05-05 14:20:00,1046.0,1046.0,1046.0,1046.0,0.0,1.0,1046.0,0
2021-05-05,2021-05-05 14:30:00,1046.0,1046.0,1046.0,1046.0,0.0,1.0,1046.0,0
2021-05-05,2021-05-05 14:40:00,1046.0,1046.0,1046.0,1046.0,0.0,1.0,1046.0,0
2021-05-05,2021-05-05 14:50:00,1046.0,1046.0,1046.0,1046.0,0.0,1.0,1046.0,0
2021-05-05,2021-05-05 15:00:00,1046.0,1046.0,1046.0,1046.0,0.0,1.0,1046.0,0
2021-05-09,2021-05-09 11:00:00,1060.0,1060.0,1060.0,1060.0,0.0,1.0,1060.0,0
2021-05-09,2021-05-09 11:10:00,1060.0,1060.0,1060.0,1060.0,0.0,1.0,1060.0,0
2021-05-09,2021-05-09 11:20:00,1060.0,1060.0,1060.0,1060.0,0.0,1.0,1060.0,0
2021-05-09,2021-05-09 11:30:00,1060.0,1060.0,1060.0,1060.0,0.0,1.0,1060.0,0
2021-05-09,2021-05-09 11:40:00,1060.0,1060.0,1060.0,1060.0,0.0,1.0,1060.0,0
2021-05-09,2021-05-09 11:50:00,1060.0,1060.0,1060.0,1060.0,0.0,1.0,1060.0,0
2021-05-09,2021-05-09 12:00:00,1060.0,1060.0,1060.0,1060.0,0.0,1.0,1060.0,0
2021-05-09,2021-05-09 12:10:00,1060.0,1060.0,1060.0,1060.0,0.0,1.0,1060.0,0
2021-05-09,2021-05-09 12:20:00,1060.0,1060.0,1060.0,1060.0,0.0,1.0,1060.0,0
2021-05-09,2021-05-09 12:30:00,1060.0,1060.0,1060.0,1060.0,0.0,1.0,1060.0,0
2021-05-09,2021-05-09 12:40:00,1060.0,1060.0,1060.0,1060.0,0.0,1.0,1060.0,0
2021-05-09,2021-05-09 12:50:00,1060.0,1060.0,1060.0,1060.0,0.0,1.0,1060.0,0
2021-05-09,2021-05-09 13:00:00,1060.0,1060.0,1060.0,1060.0,0.0,1.0,1060.0,0
2021-05-09,2021-05-09 13:10:00,1060.0,1060.0,1060.0,1060.0,0.0,1.0,1060.0,0
2021-05-09,2021-05-09 13:20:00,1060.0,1060.0,1060.0,1060.0,0.0,1.0,1060.0,0
2021-05-09,2021-05-09 13:30:00,1060.0,1060.0,1060.0,1060.0,0.0,1.0,1060.0,0
2021-05-09,2021-05-09 13:40:00,1060.0,1060.0,1060.0,1060.0,0.0,1.0,1060.0,0
2021-05-09,2021-05-09 13:50:00,1060.0,1060.0,1060.0,1060.0,0.0,1.0,1060.0,0
2021-05-09,2021-05-09 14:00:00,1060.0,1060.0,1060.0,1060.0,0.0,1.0,1060.0,0
2021-05-09,2021-05-09 14:10:00,1060.0,1060.0,1060.0,1060.0,0.0,1.0,1060.0,0
2021-05-09,2021-05-09 14:20:00,1060.0,1060.0,1060.0,1060.0,0.0,1.0,1060.0,0
2021-05-09,2021-05-09 14:30:00,1060.0,1060.0,1060.0,1060.0,0.0,1.0,1060.0,0
2021-05-09,2021-05-09 14:40:00,1060.0,1060.0,1060.0,1060.0,0.0,1.0,1060.0,0
2021-05-09,2021-05-09 14:50:00,1060.0,1060.0,1060.0,1060.0,0.0,1.0,1060.0,0
2021-05-09,2021-05-09 15:00:00,1060.0,1060.0,1060.0,1060.0,0.0,1.0,1060.0,0
2021-05-10,2021-05-10 11:00:00,1060.0,1060.0,1060.0,1060.0,0.0,1.0,1060.0,0
2021-05-10,2021-05-10 11:10:00,1060.0,1060.0,1060.0,1060.0,0.0,1.0,1060.0,0
2021-05-10,2021-05-10 11:20:00,1060.0,1060.0,1060.0,1060.0,0.0,1.0,1060.0,0
2021-05-10,2021-05-10 11:30:00,1060.0,1060.0,1060.0,1060.0,0.0,1.0,1060.0,0
2021-05-10,2021-05-10 11:40:00,1060.0,1060.0,1060.0,1060.0,0.0,1.0,1060.0,0
2021-05-10,2021-05-10 11:50:00,1060.0,1060.0,1060.0,1060.0,0.0,1.0,1060.0,0
2021-05-10,2021-05-10 12:00:00,1060.0,1060.0,1060.0,1060.0,0.0,1.0,1060.0,0
2021-05-10,2021-05-10 12:10:00,1060.0,1060.0,1060.0,1060.0,0.0,1.0,1060.0,0
2021-05-10,2021-05-10 12:20:00,1060.0,1060.0,1060.0,1060.0,0.0,1.0,1060.0,0
2021-05-10,2021-05-10 12:30:00,1060.0,1060.0,1060.0,1060.0,0.0,1.0,1060.0,0
2021-05-10,2021-05-10 12:40:00,1060.0,1060.0,1060.0,1060.0,0.0,1.0,1060.0,0
2021-05-10,2021-05-10 12:50:00,1060.0,1060.0,1060.0,1060.0,0.0,1.0,1060.0,0
2021-05-10,2021-05-10 13:00:00,1060.0,1060.0,1060.0,1060.0,0.0,1.0,1060.0,0
2021-05-10,2021-05-10 13:10:00,1060.0,1060.0,1060.0,1060.0,0.0,1.0,1060.0,0
2021-05-10,2021-05-10 13:20:00,1060.0,1060.0,1060.0,1060.0,0.0,1.0,1060.0,0
2021-05-10,2021-05-10 13:30:00,1060.0,1060.0,1060.0,1060.0,0.0,1.0,1060.0,0
2021-05-10,2021-05-10 13:40:00,1060.0,1060.0,1060.0,1060.0,0.0,1.0,1060.0,0
2021-05-10,2021-05-10 13:50:00,1060.0,1060.0,1060.0,1060.0,0.0,1.0,1060.0,0
2021-05-10,2021-05-10 14:00:00,1060.0,1060.0,1060.0,1060.0,0.0,1.0,1060.0,0
2021-05-10,2021-05-10 14:10:00,1060.0,1060.0,1060.0,1060.0,0.0,1.0,1060.0,0
2021-05-10,2021-05-10 14:20:00,1060.0,1060.0,1060.0,1060.0,0.0,1.0,1060.0,0
2021-05-10,2021-05-10 14:30:00,1060.0,1060.0,1060.0,1060.0,0.0,1.0,1060.0,0
2021-05-10,2021-05-10 14:40:00,1060.0,1060.0,1060.0,1060.0,0.0,1.0,1060.0,0
2021-05-10,2021-05-10 14:50:00,1060.0,1060.0,1060.0,1060.0,0.0,1.0,1060.0,0
2021-05-10,2021-05-10 15:00:00,1060.0,1060.0,1060.0,1060.0,0.0,1.0,1060.0,0
2021-05-11,2021-05-11 11:00:00,1080.0,1080.3,1080.0,1080.04,0.0,4.0,4322.8,1
2021-05-11,2021-05-11 11:10:00,1080.04,1080.08,1080.04,1080.08,0.0,4.0,4322.8,1
2021-05-11,2021-05-11 11:20:00,1080.08,1080.12,1080.08,1080.12,0.0,4.0,4322.8,1
2021-05-11,2021-05-11 11:30:00,1080.12,1080.17,1080.12,1080.17,0.0,4.0,4322.8,1
2021-05-11,2021-05-11 11:40:00,1080.17,1080.21,1080.17,1080.21,0.0,4.0,4322.8,1
2021-05-11,2021-05-11 11:50:00,1080.21,1080.25,1080.21,1080.25,0.0,4.0,4322.8,1
2021-05-11,2021-05-11 12:00:00,1080.25,1080.29,1080.25,1080.29,0.0,4.0,4322.8,1
2021-05-11,2021-05-11 12:10:00,1080.29,1080.33,1080.29,1080.33,0.0,4.0,4322.8,1
2021-05-11,2021-05-11 12:20:00,1080.33,1080.38,1080.33,1080.38,0.0,4.0,4322.8,1
2021-05-11,2021-05-11 12:30:00,1080.38,1080.42,1080.38,1080.42,0.0,4.0,4322.8,1
2021-05-11,2021-05-11 12:40:00,1080.42,1080.46,1080.42,1080.46,0.0,4.0,4322.8,1
2021-05-11,2021-05-11 12:50:00,1080.46,1080.5,1080.46,1080.5,0.0,4.0,4322.8,1
2021-05-11,2021-05-11 13:00:00,1080.5,1081.0,1080.0,1080.54,0.0,4.0,4322.8,1
2021-05-11,2021-05-11 13:10:00,1080.54,1080.58,1080.54,1080.58,0.0,4.0,4322.8,1
2021-05-11,2021-05-11 13:20:00,1080.58,1080.62,1080.58,1080.62,0.0,4.0,4322.8,1
2021-05-11,2021-05-11 13:30:00,1080.62,1080.67,1080.62,1080.67,0.0,4.0,4322.8,1
2021-05-11,2021-05-11 13:40:00,1080.67,1080.71,1080.67,1080.71,0.0,4.0,4322.8,1
2021-05-11,2021-05-11 13:50:00,1080.71,1080.75,1080.71,1080.75,0.0,4.0,4322.8,1
2021-05-11,2021-05-11 14:00:00,1080.75,1080.79,1080.75,1080.79,0.0,4.0,4322.8,1
2021-05-11,2021-05-11 14:10:00,1080.79,1080.83,1080.79,1080.83,0.0,4.0,4322.8,1
2021-05-11,2021-05-11 14:20:00,1080.83,1080.88,1080.83,1080.88,0.0,4.0,4322.8,1
2021-05-11,2021-05-11 14:30:00,1080.88,1080.92,1080.88,1080.92,0.0,4.0,4322.8,1
2021-05-11,2021-05-11 14:40:00,1080.92,1080.96,1080.92,1080.96,0.0,4.0,4322.8,1
2021-05-11,2021-05-11 14:50:00,1080.96,1081.0,1080.96,1081.0,0.0,4.0,4322.8,1
2021-05-11,2021-05-11 15:00:00,1081.0,1081.0,1080.0,1081.0,0.0,4.0,4322.8,0
2021-05-17,2021-05-17 11:00:00,1060.0,1060.0,1060.0,1060.0,0.0,0.8,848.0,0
2021-05-17,2021-05-17 11:10:00,1060.0,1060.0,1060.0,1060.0,0.0,0.8,848.0,0
2021-05-17,2021-05-17 11:20:00,1060.0,1060.0,1060.0,1060.0,0.0,0.8,848.0,0
2021-05-17,2021-05-17 11:30:00,1060.0,1060.0,1060.0,1060.0,0.0,0.8,848.0,0
2021-05-17,2021-05-17 11:40:00,1060.0,1060.0,1060.0,1060.0,0.0,0.8,848.0,0
2021-05-17,2021-05-17 11:50:00,1060.0,1060.0,1060.0,1060.0,0.0,0.8,848.0,0
2021-05-17,2021-05-17 12:00:00,1060.0,1060.0,1060.0,1060.0,0.0,0.8,848.0,0
2021-05-17,2021-05-17 12:10:00,1060.0,1060.0,1060.0,1060.0,0.0,0.8,848.0,0
2021-05-17,2021-05-17 12:20:00,1060.0,1060.0,1060.0,1060.0,0.0,0.8,848.0,0
2021-05-17,2021-05-17 12:30:00,1060.0,1060.0,1060.0,1060.0,0.0,0.8,848.0,0
2021-05-17,2021-05-17 12:40:00,1060.0,1060.0,1060.0,1060.0,0.0,0.8,848.0,0
2021-05-17,2021-05-17 12:50:00,1060.0,1060.0,1060.0,1060.0,0.0,0.8,848.0,0
2021-05-17,2021-05-17 13:00:00,1060.0,1060.0,1060.0,1060.0,0.0,0.8,848.0,0
2021-05-17,2021-05-17 13:10:00,1060.0,1060.0,1060.0,1060.0,0.0,0.8,848.0,0
2021-05-17,2021-05-17 13:20:00,1060.0,1060.0,1060.0,1060.0,0.0,0.8,848.0,0
2021-05-17,2021-05-17 13:30:00,1060.0,1060.0,1060.0,1060.0,0.0,0.8,848.0,0
2021-05-17,2021-05-17 13:40:00,1060.0,1060.0,1060.0,1060.0,0.0,0.8,848.0,0
2021-05-17,2021-05-17 13:50:00,1060.0,1060.0,1060.0,1060.0,0.0,0.8,848.0,0
2021-05-17,2021-05-17 14:00:00,1060.0,1060.0,1060.0,1060.0,0.0,0.8,848.0,0
2021-05-17,2021-05-17 14:10:00,1060.0,1060.0,1060.0,1060.0,0.0,0.8,848.0,0
2021-05-17,2021-05-17 14:20:00,1060.0,1060.0,1060.0,1060.0,0.0,0.8,848.0,0
2021-05-17,2021-05-17 14:30:00,1060.0,1060.0,1060.0,1060.0,0.0,0.8,848.0,0
2021-05-17,2021-05-17 14:40:00,1060.0,1060.0,1060.0,1060.0,0.0,0.8,848.0,0
2021-05-17,2021-05-17 14:50:00,1060.0,1060.0,1060.0,1060.0,0.0,0.8,848.0,0
2021-05-17,2021-05-17 15:00:00,1060.0,1060.0,1060.0,1060.0,0.0,0.8,848.0,0
2021-05-18,2021-05-18 11:00:00,1060.0,1060.0,1060.0,1060.0,0.0,2.0,2120.0,0
2021-05-18,2021-05-18 11:10:00,1060.0,1060.0,1060.0,1060.0,0.0,2.0,2120.0,0
2021-05-18,2021-05-18 11:20:00,1060.0,1060.0,1060.0,1060.0,0.0,2.0,2120.0,0
2021-05-18,2021-05-18 11:30:00,1060.0,1060.0,1060.0,1060.0,0.0,2.0,2120.0,0
2021-05-18,2021-05-18 11:40:00,1060.0,1060.0,1060.0,1060.0,0.0,2.0,2120.0,0
2021-05-18,2021-05-18 11:50:00,1060.0,1060.0,1060.0,1060.0,0.0,2.0,2120.0,0
2021-05-18,2021-05-18 12:00:00,1060.0,1060.0,1060.0,1060.0,0.0,2.0,2120.0,0
2021-05-18,2021-05-18 12:10:00,1060.0,1060.0,1060.0,1060.0,0.0,2.0,2120.0,0
2021-05-18,2021-05-18 12:20:00,1060.0,1060.0,1060.0,1060.0,0.0,2.0,2120.0,0
2021-05-18,2021-05-18 12:30:00,1060.0,1060.0,1060.0,1060.0,0.0,2.0,2120.0,0
2021-05-18,2021-05-18 12:40:00,1060.0,1060.0,1060.0,1060.0,0.0,2.0,2120.0,0
2021-05-18,2021-05-18 12:50:00,1060.0,1060.0,1060.0,1060.0,0.0,2.0,2120.0,0
2021-05-18,2021-05-18 13:00:00,1060.0,1060.0,1060.0,1060.0,0.0,2.0,2120.0,0
2021-05-18,2021-05-18 13:10:00,1060.0,1060.0,1060.0,1060.0,0.0,2.0,2120.0,0
2021-05-18,2021-05-18 13:20:00,1060.0,1060.0,1060.0,1060.0,0.0,2.0,2120.0,0
2021-05-18,2021-05-18 13:30:00,1060.0,1060.0,1060.0,1060.0,0.0,2.0,2120.0,0
2021-05-18,2021-05-18 13:40:00,1060.0,1060.0,1060.0,1060.0,0.0,2.0,2120.0,0
2021-05-18,2021-05-18 13:50:00,1060.0,1060.0,1060.0,1060.0,0.0,2.0,2120.0,0
2021-05-18,2021-05-18 14:00:00,1060.0,1060.0,1060.0,1060.0,0.0,2.0,2120.0,0
2021-05-18,2021-05-18 14:10:00,1060.0,1060.0,1060.0,1060.0,0.0,2.0,2120.0,0
2021-05-18,2021-05-18 14:20:00,1060.0,1060.0,1060.0,1060.0,0.0,2.0,2120.0,0
2021-05-18,2021-05-18 14:30:00,1060.0,1060.0,1060.0,1060.0,0.0,2.0,2120.0,0
2021-05-18,2021-05-18 14:40:00,1060.0,1060.0,1060.0,1060.0,0.0,2.0,2120.0,0
2021-05-18,2021-05-18 14:50:00,1060.0,1060.0,1060.0,1060.0,0.0,2.0,2120.0,0
2021-05-18,2021-05-18 15:00:00,1060.0,1060.0,1060.0,1060.0,0.0,2.0,2120.0,0
2021-05-20,2021-05-20 11:00:00,1060.0,1060.0,1060.0,1060.0,0.0,4.0,4240.0,0
2021-05-20,2021-05-20 11:10:00,1060.0,1060.0,1060.0,1060.0,0.0,4.0,4240.0,0
2021-05-20,2021-05-20 11:20:00,1060.0,1060.0,1060.0,1060.0,0.0,4.0,4240.0,0
2021-05-20,2021-05-20 11:30:00,1060.0,1060.0,1060.0,1060.0,0.0,4.0,4240.0,0
2021-05-20,2021-05-20 11:40:00,1060.0,1060.0,1060.0,1060.0,0.0,4.0,4240.0,0
2021-05-20,2021-05-20 11:50:00,1060.0,1060.0,1060.0,1060.0,0.0,4.0,4240.0,0
2021-05-20,2021-05-20 12:00:00,1060.0,1060.0,1060.0,1060.0,0.0,4.0,4240.0,0
2021-05-20,2021-05-20 12:10:00,1060.0,1060.0,1060.0,1060.0,0.0,4.0,4240.0,0
2021-05-20,2021-05-20 12:20:00,1060.0,1060.0,1060.0,1060.0,0.0,4.0,4240.0,0
2021-05-20,2021-05-20 12:30:00,1060.0,1060.0,1060.0,1060.0,0.0,4.0,4240.0,0
2021-05-20,2021-05-20 12:40:00,1060.0,1060.0,1060.0,1060.0,0.0,4.0,4240.0,0
2021-05-20,2021-05-20 12:50:00,1060.0,1060.0,1060.0,1060.0,0.0,4.0,4240.0,0
2021-05-20,2021-05-20 13:00:00,1060.0,1060.0,1060.0,1060.0,0.0,4.0,4240.0,0
2021-05-20,2021-05-20 13:10:00,1060.0,1060.0,1060.0,1060.0,0.0,4.0,4240.0,0
2021-05-20,2021-05-20 13:20:00,1060.0,1060.0,1060.0,1060.0,0.0,4.0,4240.0,0
2021-05-20,2021-05-20 13:30:00,1060.0,1060.0,1060.0,1060.0,0.0,4.0,4240.0,0
2021-05-20,2021-05-20 13:40:00,1060.0,1060.0,1060.0,1060.0,0.0,4.0,4240.0,0
2021-05-20,2021-05-20 13:50:00,1060.0,1060.0,1060.0,1060.0,0.0,4.0,4240.0,0
2021-05-20,2021-05-20 14:00:00,1060.0,1060.0,1060.0,1060.0,0.0,4.0,4240.0,0
2021-05-20,2021-05-20 14:10:00,1060.0,1060.0,1060.0,1060.0,0.0,4.0,4240.0,0
2021-05-20,2021-05-20 14:20:00,1060.0,1060.0,1060.0,1060.0,0.0,4.0,4240.0,0
2021-05-20,2021-05-20 14:30:00,1060.0,1060.0,1060.0,1060.0,0.0,4.0,4240.0,0
2021-05-20,2021-05-20 14:40:00,1060.0,1060.0,1060.0,1060.0,0.0,4.0,4240.0,0
2021-05-20,2021-05-20 14:50:00,1060.0,1060.0,1060.0,1060.0,0.0,4.0,4240.0,0
2021-05-20,2021-05-20 15:00:00,1060.0,1060.0,1060.0,1060.0,0.0,4.0,4240.0,0
2021-05-23,2021-05-23 11:00:00,1060.0,1060.0,1060.0,1060.0,0.0,1.0,1060.0,0
2021-05-23,2021-05-23 11:10:00,1060.0,1060.0,1060.0,1060.0,0.0,1.0,1060.0,0
2021-05-23,2021-05-23 11:20:00,1060.0,1060.0,1060.0,1060.0,0.0,1.0,1060.0,0
2021-05-23,2021-05-23 11:30:00,1060.0,1060.0,1060.0,1060.0,0.0,1.0,1060.0,0
2021-05-23,2021-05-23 11:40:00,1060.0,1060.0,1060.0,1060.0,0.0,1.0,1060.0,0
2021-05-23,2021-05-23 11:50:00,1060.0,1060.0,1060.0,1060.0,0.0,1.0,1060.0,0
2021-05-23,2021-05-23 12:00:00,1060.0,1060.0,1060.0,1060.0,0.0,1.0,1060.0,0
2021-05-23,2021-05-23 12:10:00,1060.0,1060.0,1060.0,1060.0,0.0,1.0,1060.0,0
2021-05-23,2021-05-23 12:20:00,1060.0,1060.0,1060.0,1060.0,0.0,1.0,1060.0,0
2021-05-23,2021-05-23 12:30:00,1060.0,1060.0,1060.0,1060.0,0.0,1.0,1060.0,0
2021-05-23,2021-05-23 12:40:00,1060.0,1060.0,1060.0,1060.0,0.0,1.0,1060.0,0
2021-05-23,2021-05-23 12:50:00,1060.0,1060.0,1060.0,1060.0,0.0,1.0,1060.0,0
2021-05-23,2021-05-23 13:00:00,1060.0,1060.0,1060.0,1060.0,0.0,1.0,1060.0,0
2021-05-23,2021-05-23 13:10:00,1060.0,1060.0,1060.0,1060.0,0.0,1.0,1060.0,0
2021-05-23,2021-05-23 13:20:00,1060.0,1060.0,1060.0,1060.0,0.0,1.0,1060.0,0
2021-05-23,2021-05-23 13:30:00,1060.0,1060.0,1060.0,1060.0,0.0,1.0,1060.0,0
2021-05-23,2021-05-23 13:40:00,1060.0,1060.0,1060.0,1060.0,0.0,1.0,1060.0,0
2021-05-23,2021-05-23 13:50:00,1060.0,1060.0,1060.0,1060.0,0.0,1.0,1060.0,0
2021-05-23,2021-05-23 14:00:00,1060.0,1060.0,1060.0,1060.0,0.0,1.0,1060.0,0
2021-05-23,2021-05-23 14:10:00,1060.0,1060.0,1060.0,1060.0,0.0,1.0,1060.0,0
2021-05-23,2021-05-23 14:20:00,1060.0,1060.0,1060.0,1060.0,0.0,1.0,1060.0,0
2021-05-23,2021-05-23 14:30:00,1060.0,1060.0,1060.0,1060.0,0.0,1.0,1060.0,0
2021-05-23,2021-05-23 14:40:00,1060.0,1060.0,1060.0,1060.0,0.0,1.0,1060.0,0
2021-05-23,2021-05-23 14:50:00,1060.0,1060.0,1060.0,1060.0,0.0,1.0,1060.0,0
2021-05-23,2021-05-23 15:00:00,1060.0,1060.0,1060.0,1060.0,0.0,1.0,1060.0,0
2021-05-24,2021-05-24 11:00:00,1060.0,1060.0,1060.0,1060.0,0.0,1.0,1060.0,0
2021-05-24,2021-05-24 11:10:00,1060.0,1060.0,1060.0,1060.0,0.0,1.0,1060.0,0
2021-05-24,2021-05-24 11:20:00,1060.0,1060.0,1060.0,1060.0,0.0,1.0,1060.0,0
2021-05-24,2021-05-24 11:30:00,1060.0,1060.0,1060.0,1060.0,0.0,1.0,1060.0,0
2021-05-24,2021-05-24 11:40:00,1060.0,1060.0,1060.0,1060.0,0.0,1.0,1060.0,0
2021-05-24,2021-05-24 11:50:00,1060.0,1060.0,1060.0,1060.0,0.0,1.0,1060.0,0
2021-05-24,2021-05-24 12:00:00,1060.0,1060.0,1060.0,1060.0,0.0,1.0,1060.0,0
2021-05-24,2021-05-24 12:10:00,1060.0,1060.0,1060.0,1060.0,0.0,1.0,1060.0,0
2021-05-24,2021-05-24 12:20:00,1060.0,1060.0,1060.0,1060.0,0.0,1.0,1060.0,0
2021-05-24,2021-05-24 12:30:00,1060.0,1060.0,1060.0,1060.0,0.0,1.0,1060.0,0
2021-05-24,2021-05-24 12:40:00,1060.0,1060.0,1060.0,1060.0,0.0,1.0,1060.0,0
2021-05-24,2021-05-24 12:50:00,1060.0,1060.0,1060.0,1060.0,0.0,1.0,1060.0,0
2021-05-24,2021-05-24 13:00:00,1060.0,1060.0,1060.0,1060.0,0.0,1.0,1060.0,0
2021-05-24,2021-05-24 13:10:00,1060.0,1060.0,1060.0,1060.0,0.0,1.0,1060.0,0
2021-05-24,2021-05-24 13:20:00,1060.0,1060.0,1060.0,1060.0,0.0,1.0,1060.0,0
2021-05-24,2021-05-24 13:30:00,1060.0,1060.0,1060.0,1060.0,0.0,1.0,1060.0,0
2021-05-24,2021-05-24 13:40:00,1060.0,1060.0,1060.0,1060.0,0.0,1.0,1060.0,0
2021-05-24,2021-05-24 13:50:00,1060.0,1060.0,1060.0,1060.0,0.0,1.0,1060.0,0
2021-05-24,2021-05-24 14:00:00,1060.0,1060.0,1060.0,1060.0,0.0,1.0,1060.0,0
2021-05-24,2021-05-24 14:10:00,1060.0,1060.0,1060.0,1060.0,0.0,1.0,1060.0,0
2021-05-24,2021-05-24 14:20:00,1060.0,1060.0,1060.0,1060.0,0.0,1.0,1060.0,0
2021-05-24,2021-05-24 14:30:00,1060.0,1060.0,1060.0,1060.0,0.0,1.0,1060.0,0
2021-05-24,2021-05-24 14:40:00,1060.0,1060.0,1060.0,1060.0,0.0,1.0,1060.0,0
2021-05-24,2021-05-24 14:50:00,1060.0,1060.0,1060.0,1060.0,0.0,1.0,1060.0,0
2021-05-24,2021-05-24 15:00:00,1060.0,1060.0,1060.0,1060.0,0.0,1.0,1060.0,0
2021-05-25,2021-05-25 11:00:00,1060.0,1060.0,1060.0,1060.0,0.0,1.0,1060.0,0
2021-05-25,2021-05-25 11:10:00,1060.0,1060.0,1060.0,1060.0,0.0,1.0,1060.0,0
2021-05-25,2021-05-25 11:20:00,1060.0,1060.0,1060.0,1060.0,0.0,1.0,1060.0,0
2021-05-25,2021-05-25 11:30:00,1060.0,1060.0,1060.0,1060.0,0.0,1.0,1060.0,0
2021-05-25,2021-05-25 11:40:00,1060.0,1060.0,1060.0,1060.0,0.0,1.0,1060.0,0
2021-05-25,2021-05-25 11:50:00,1060.0,1060.0,1060.0,1060.0,0.0,1.0,1060.0,0
2021-05-25,2021-05-25 12:00:00,1060.0,1060.0,1060.0,1060.0,0.0,1.0,1060.0,0
2021-05-25,2021-05-25 12:10:00,1060.0,1060.0,1060.0,1060.0,0.0,1.0,1060.0,0
2021-05-25,2021-05-25 12:20:00,1060.0,1060.0,1060.0,1060.0,0.0,1.0,1060.0,0
2021-05-25,2021-05-25 12:30:00,1060.0,1060.0,1060.0,1060.0,0.0,1.0,1060.0,0
2021-05-25,2021-05-25 12:40:00,1060.0,1060.0,1060.0,1060.0,0.0,1.0,1060.0,0
2021-05-25,2021-05-25 12:50:00,1060.0,1060.0,1060.0,1060.0,0.0,1.0,1060.0,0
2021-05-25,2021-05-25 13:00:00,1060.0,1060.0,1060.0,1060.0,0.0,1.0,1060.0,0
2021-05-25,2021-05-25 13:10:00,1060.0,1060.0,1060.0,1060.0,0.0,1.0,1060.0,0
2021-05-25,2021-05-25 13:20:00,1060.0,1060.0,1060.0,1060.0,0.0,1.0,1060.0,0
2021-05-25,2021-05-25 13:30:00,1060.0,1060.0,1060.0,1060.0,0.0,1.0,1060.0,0
2021-05-25,2021-05-25 13:40:00,1060.0,1060.0,1060.0,1060.0,0.0,1.0,1060.0,0
2021-05-25,2021-05-25 13:50:00,1060.0,1060.0,1060.0,1060.0,0.0,1.0,1060.0,0
2021-05-25,2021-05-25 14:00:00,1060.0,1060.0,1060.0,1060.0,0.0,1.0,1060.0,0
2021-05-25,2021-05-25 14:10:00,1060.0,1060.0,1060.0,1060.0,0.0,1.0,1060.0,0
2021-05-25,2021-05-25 14:20:00,1060.0,1060.0,1060.0,1060.0,0.0,1.0,1060.0,0
2021-05-25,2021-05-25 14:30:00,1060.0,1060.0,1060.0,1060.0,0.0,1.0,1060.0,0
2021-05-25,2021-05-25 14:40:00,1060.0,1060.0,1060.0,1060.0,0.0,1.0,1060.0,0
2021-05-25,2021-05-25 14:50:00,1060.0,1060.0,1060.0,1060.0,0.0,1.0,1060.0,0
2021-05-25,2021-05-25 15:00:00,1060.0,1060.0,1060.0,1060.0,0.0,1.0,1060.0,0
2021-05-27,2021-05-27 11:00:00,1060.0,1060.0,1060.0,1060.0,0.0,1.0,1060.0,0
2021-05-27,2021-05-27 11:10:00,1060.0,1060.0,1060.0,1060.0,0.0,1.0,1060.0,0
2021-05-27,2021-05-27 11:20:00,1060.0,1060.0,1060.0,1060.0,0.0,1.0,1060.0,0
2021-05-27,2021-05-27 11:30:00,1060.0,1060.0,1060.0,1060.0,0.0,1.0,1060.0,0
2021-05-27,2021-05-27 11:40:00,1060.0,1060.0,1060.0,1060.0,0.0,1.0,1060.0,0
2021-05-27,2021-05-27 11:50:00,1060.0,1060.0,1060.0,1060.0,0.0,1.0,1060.0,0
2021-05-27,2021-05-27 12:00:00,1060.0,1060.0,1060.0,1060.0,0.0,1.0,1060.0,0
2021-05-27,2021-05-27 12:10:00,1060.0,1060.0,1060.0,1060.0,0.0,1.0,1060.0,0
2021-05-27,2021-05-27 12:20:00,1060.0,1060.0,1060.0,1060.0,0.0,1.0,1060.0,0
2021-05-27,2021-05-27 12:30:00,1060.0,1060.0,1060.0,1060.0,0.0,1.0,1060.0,0
2021-05-27,2021-05-27 12:40:00,1060.0,1060.0,1060.0,1060.0,0.0,1.0,1060.0,0
2021-05-27,2021-05-27 12:50:00,1060.0,1060.0,1060.0,1060.0,0.0,1.0,1060.0,0
2021-05-27,2021-05-27 13:00:00,1060.0,1060.0,1060.0,1060.0,0.0,1.0,1060.0,0
2021-05-27,2021-05-27 13:10:00,1060.0,1060.0,1060.0,1060.0,0.0,1.0,1060.0,0
2021-05-27,2021-05-27 13:20:00,1060.0,1060.0,1060.0,1060.0,0.0,1.0,1060.0,0
2021-05-27,2021-05-27 13:30:00,1060.0,1060.0,1060.0,1060.0,0.0,1.0,1060.0,0
2021-05-27,2021-05-27 13:40:00,1060.0,1060.0,1060.0,1060.0,0.0,1.0,1060.0,0
2021-05-27,2021-05-27 13:50:00,1060.0,1060.0,1060.0,1060.0,0.0,1.0,1060.0,0
2021-05-27,2021-05-27 14:00:00,1060.0,1060.0,1060.0,1060.0,0.0,1.0,1060.0,0
2021-05-27,2021-05-27 14:10:00,1060.0,1060.0,1060.0,1060.0,0.0,1.0,1060.0,0
2021-05-27,2021-05-27 14:20:00,1060.0,1060.0,1060.0,1060.0,0.0,1.0,1060.0,0
2021-05-27,2021-05-27 14:30:00,1060.0,1060.0,1060.0,1060.0,0.0,1.0,1060.0,0
2021-05-27,2021-05-27 14:40:00,1060.0,1060.0,1060.0,1060.0,0.0,1.0,1060.0,0
2021-05-27,2021-05-27 14:50:00,1060.0,1060.0,1060.0,1060.0,0.0,1.0,1060.0,0
2021-05-27,2021-05-27 15:00:00,1060.0,1060.0,1060.0,1060.0,0.0,1.0,1060.0,0
2021-05-31,2021-05-31 11:00:00,1060.0,1060.0,1060.0,1060.0,0.0,1.0,1060.0,0
2021-05-31,2021-05-31 11:10:00,1060.0,1060.0,1060.0,1060.0,0.0,1.0,1060.0,0
2021-05-31,2021-05-31 11:20:00,1060.0,1060.0,1060.0,1060.0,0.0,1.0,1060.0,0
2021-05-31,2021-05-31 11:30:00,1060.0,1060.0,1060.0,1060.0,0.0,1.0,1060.0,0
2021-05-31,2021-05-31 11:40:00,1060.0,1060.0,1060.0,1060.0,0.0,1.0,1060.0,0
2021-05-31,2021-05-31 11:50:00,1060.0,1060.0,1060.0,1060.0,0.0,1.0,1060.0,0
2021-05-31,2021-05-31 12:00:00,1060.0,1060.0,1060.0,1060.0,0.0,1.0,1060.0,0
2021-05-31,2021-05-31 12:10:00,1060.0,1060.0,1060.0,1060.0,0.0,1.0,1060.0,0
2021-05-31,2021-05-31 12:20:00,1060.0,1060.0,1060.0,1060.0,0.0,1.0,1060.0,0
2021-05-31,2021-05-31 12:30:00,1060.0,1060.0,1060.0,1060.0,0.0,1.0,1060.0,0
2021-05-31,2021-05-31 12:40:00,1060.0,1060.0,1060.0,1060.0,0.0,1.0,1060.0,0
2021-05-31,2021-05-31 12:50:00,1060.0,1060.0,1060.0,1060.0,0.0,1.0,1060.0,0
2021-05-31,2021-05-31 13:00:00,1060.0,1060.0,1060.0,1060.0,0.0,1.0,1060.0,0
2021-05-31,2021-05-31 13:10:00,1060.0,1060.0,1060.0,1060.0,0.0,1.0,1060.0,0
2021-05-31,2021-05-31 13:20:00,1060.0,1060.0,1060.0,1060.0,0.0,1.0,1060.0,0
2021-05-31,2021-05-31 13:30:00,1060.0,1060.0,1060.0,1060.0,0.0,1.0,1060.0,0
2021-05-31,2021-05-31 13:40:00,1060.0,1060.0,1060.0,1060.0,0.0,1.0,1060.0,0
2021-05-31,2021-05-31 13:50:00,1060.0,1060.0,1060.0,1060.0,0.0,1.0,1060.0,0
2021-05-31,2021-05-31 14:00:00,1060.0,1060.0,1060.0,1060.0,0.0,1.0,1060.0,0
2021-05-31,2021-05-31 14:10:00,1060.0,1060.0,1060.0,1060.0,0.0,1.0,1060.0,0
2021-05-31,2021-05-31 14:20:00,1060.0,1060.0,1060.0,1060.0,0.0,1.0,1060.0,0
2021-05-31,2021-05-31 14:30:00,1060.0,1060.0,1060.0,1060.0,0.0,1.0,1060.0,0
2021-05-31,2021-05-31 14:40:00,1060.0,1060.0,1060.0,1060.0,0.0,1.0,1060.0,0
2021-05-31,2021-05-31 14:50:00,1060.0,1060.0,1060.0,1060.0,0.0,1.0,1060.0,0
2021-05-31,2021-05-31 15:00:00,1060.0,1060.0,1060.0,1060.0,0.0,1.0,1060.0,0
2021-06-01,2021-06-01 11:00:00,1060.0,1063.0,1060.0,1060.42,0.04,3.0,3195.0,1
2021-06-01,2021-06-01 11:10:00,1060.42,1060.83,1060.42,1060.83,0.04,3.0,3195.0,1
2021-06-01,2021-06-01 11:20:00,1060.83,1061.25,1060.83,1061.25,0.04,3.0,3195.0,1
2021-06-01,2021-06-01 11:30:00,1061.25,1061.67,1061.25,1061.67,0.04,3.0,3195.0,1
2021-06-01,2021-06-01 11:40:00,1061.67,1062.08,1061.67,1062.08,0.04,3.0,3195.0,1
2021-06-01,2021-06-01 11:50:00,1062.08,1062.5,1062.08,1062.5,0.04,3.0,3195.0,1
2021-06-01,2021-06-01 12:00:00,1062.5,1062.92,1062.5,1062.92,0.04,3.0,3195.0,1
2021-06-01,2021-06-01 12:10:00,1062.92,1063.33,1062.92,1063.33,0.04,3.0,3195.0,1
2021-06-01,2021-06-01 12:20:00,1063.33,1063.75,1063.33,1063.75,0.04,3.0,3195.0,1
2021-06-01,2021-06-01 12:30:00,1063.75,1064.17,1063.75,1064.17,0.04,3.0,3195.0,1
2021-06-01,2021-06-01 12:40:00,1064.17,1064.58,1064.17,1064.58,0.04,3.0,3195.0,1
2021-06-01,2021-06-01 12:50:00,1064.58,1065.0,1064.58,1065.0,0.04,3.0,3195.0,1
2021-06-01,2021-06-01 13:00:00,1065.0,1070.0,1060.0,1065.42,0.04,3.0,3195.0,1
2021-06-01,2021-06-01 13:10:00,1065.42,1065.83,1065.42,1065.83,0.04,3.0,3195.0,1
2021-06-01,2021-06-01 13:20:00,1065.83,1066.25,1065.83,1066.25,0.04,3.0,3195.0,1
2021-06-01,2021-06-01 13:30:00,1066.25,1066.67,1066.25,1066.67,0.04,3.0,3195.0,1
2021-06-01,2021-06-01 13:40:00,1066.67,1067.08,1066.67,1067.08,0.04,3.0,3195.0,1
2021-06-01,2021-06-01 13:50:00,1067.08,1067.5,1067.08,1067.5,0.04,3.0,3195.0,1
2021-06-01,2021-06-01 14:00:00,1067.5,1067.92,1067.5,1067.92,0.04,3.0,3195.0,1
2021-06-01,2021-06-01 14:10:00,1067.92,1068.33,1067.92,1068.33,0.04,3.0,3195.0,1
2021-06-01,2021-06-01 14:20:00,1068.33,1068.75,1068.33,1068.75,0.04,3.0,3195.0,1
2021-06-01,2021-06-01 14:30:00,1068.75,1069.17,1068.75,1069.17,0.04,3.0,3195.0,1
2021-06-01,2021-06-01 14:40:00,1069.17,1069.58,1069.17,1069.58,0.04,3.0,3195.0,1
2021-06-01,2021-06-01 14:50:00,1069.58,1070.0,1069.58,1070.0,0.04,3.0,3195.0,1
2021-06-01,2021-06-01 15:00:00,1070.0,1070.0,1060.0,1070.0,0.0,3.0,3195.0,0
2021-06-02,2021-06-02 11:00:00,1051.0,1051.0,1051.0,1051.0,0.0,1.0,1051.0,0
2021-06-02,2021-06-02 11:10:00,1051.0,1051.0,1051.0,1051.0,0.0,1.0,1051.0,0
2021-06-02,2021-06-02 11:20:00,1051.0,1051.0,1051.0,1051.0,0.0,1.0,1051.0,0
2021-06-02,2021-06-02 11:30:00,1051.0,1051.0,1051.0,1051.0,0.0,1.0,1051.0,0
2021-06-02,2021-06-02 11:40:00,1051.0,1051.0,1051.0,1051.0,0.0,1.0,1051.0,0
2021-06-02,2021-06-02 11:50:00,1051.0,1051.0,1051.0,1051.0,0.0,1.0,1051.0,0
2021-06-02,2021-06-02 12:00:00,1051.0,1051.0,1051.0,1051.0,0.0,1.0,1051.0,0
2021-06-02,2021-06-02 12:10:00,1051.0,1051.0,1051.0,1051.0,0.0,1.0,1051.0,0
2021-06-02,2021-06-02 12:20:00,1051.0,1051.0,1051.0,1051.0,0.0,1.0,1051.0,0
2021-06-02,2021-06-02 12:30:00,1051.0,1051.0,1051.0,1051.0,0.0,1.0,1051.0,0
2021-06-02,2021-06-02 12:40:00,1051.0,1051.0,1051.0,1051.0,0.0,1.0,1051.0,0
2021-06-02,2021-06-02 12:50:00,1051.0,1051.0,1051.0,1051.0,0.0,1.0,1051.0,0
2021-06-02,2021-06-02 13:00:00,1051.0,1051.0,1051.0,1051.0,0.0,1.0,1051.0,0
2021-06-02,2021-06-02 13:10:00,1051.0,1051.0,1051.0,1051.0,0.0,1.0,1051.0,0
2021-06-02,2021-06-02 13:20:00,1051.0,1051.0,1051.0,1051.0,0.0,1.0,1051.0,0
2021-06-02,2021-06-02 13:30:00,1051.0,1051.0,1051.0,1051.0,0.0,1.0,1051.0,0
2021-06-02,2021-06-02 13:40:00,1051.0,1051.0,1051.0,1051.0,0.0,1.0,1051.0,0
2021-06-02,2021-06-02 13:50:00,1051.0,1051.0,1051.0,1051.0,0.0,1.0,1051.0,0
2021-06-02,2021-06-02 14:00:00,1051.0,1051.0,1051.0,1051.0,0.0,1.0,1051.0,0
2021-06-02,2021-06-02 14:10:00,1051.0,1051.0,1051.0,1051.0,0.0,1.0,1051.0,0
2021-06-02,2021-06-02 14:20:00,1051.0,1051.0,1051.0,1051.0,0.0,1.0,1051.0,0
2021-06-02,2021-06-02 14:30:00,1051.0,1051.0,1051.0,1051.0,0.0,1.0,1051.0,0
2021-06-02,2021-06-02 14:40:00,1051.0,1051.0,1051.0,1051.0,0.0,1.0,1051.0,0
2021-06-02,2021-06-02 14:50:00,1051.0,1051.0,1051.0,1051.0,0.0,1.0,1051.0,0
2021-06-02,2021-06-02 15:00:00,1051.0,1051.0,1051.0,1051.0,0.0,1.0,1051.0,0
2021-06-03,2021-06-03 11:00:00,1072.0,1072.0,1072.0,1072.0,0.0,1.0,1072.0,0
2021-06-03,2021-06-03 11:10:00,1072.0,1072.0,1072.0,1072.0,0.0,1.0,1072.0,0
2021-06-03,2021-06-03 11:20:00,1072.0,1072.0,1072.0,1072.0,0.0,1.0,1072.0,0
2021-06-03,2021-06-03 11:30:00,1072.0,1072.0,1072.0,1072.0,0.0,1.0,1072.0,0
2021-06-03,2021-06-03 11:40:00,1072.0,1072.0,1072.0,1072.0,0.0,1.0,1072.0,0
2021-06-03,2021-06-03 11:50:00,1072.0,1072.0,1072.0,1072.0,0.0,1.0,1072.0,0
2021-06-03,2021-06-03 12:00:00,1072.0,1072.0,1072.0,1072.0,0.0,1.0,1072.0,0
2021-06-03,2021-06-03 12:10:00,1072.0,1072.0,1072.0,1072.0,0.0,1.0,1072.0,0
2021-06-03,2021-06-03 12:20:00,1072.0,1072.0,1072.0,1072.0,0.0,1.0,1072.0,0
2021-06-03,2021-06-03 12:30:00,1072.0,1072.0,1072.0,1072.0,0.0,1.0,1072.0,0
2021-06-03,2021-06-03 12:40:00,1072.0,1072.0,1072.0,1072.0,0.0,1.0,1072.0,0
2021-06-03,2021-06-03 12:50:00,1072.0,1072.0,1072.0,1072.0,0.0,1.0,1072.0,0
2021-06-03,2021-06-03 13:00:00,1072.0,1072.0,1072.0,1072.0,0.0,1.0,1072.0,0
2021-06-03,2021-06-03 13:10:00,1072.0,1072.0,1072.0,1072.0,0.0,1.0,1072.0,0
2021-06-03,2021-06-03 13:20:00,1072.0,1072.0,1072.0,1072.0,0.0,1.0,1072.0,0
2021-06-03,2021-06-03 13:30:00,1072.0,1072.0,1072.0,1072.0,0.0,1.0,1072.0,0
2021-06-03,2021-06-03 13:40:00,1072.0,1072.0,1072.0,1072.0,0.0,1.0,1072.0,0
2021-06-03,2021-06-03 13:50:00,1072.0,1072.0,1072.0,1072.0,0.0,1.0,1072.0,0
2021-06-03,2021-06-03 14:00:00,1072.0,1072.0,1072.0,1072.0,0.0,1.0,1072.0,0
2021-06-03,2021-06-03 14:10:00,1072.0,1072.0,1072.0,1072.0,0.0,1.0,1072.0,0
2021-06-03,2021-06-03 14:20:00,1072.0,1072.0,1072.0,1072.0,0.0,1.0,1072.0,0
2021-06-03,2021-06-03 14:30:00,1072.0,1072.0,1072.0,1072.0,0.0,1.0,1072.0,0
2021-06-03,2021-06-03 14:40:00,1072.0,1072.0,1072.0,1072.0,0.0,1.0,1072.0,0
2021-06-03,2021-06-03 14:50:00,1072.0,1072.0,1072.0,1072.0,0.0,1.0,1072.0,0
2021-06-03,2021-06-03 15:00:00,1072.0,1072.0,1072.0,1072.0,0.0,1.0,1072.0,0
2021-06-07,2021-06-07 11:00:00,1060.0,1069.9,1060.0,1061.38,0.13,12.0,12947.0,1
2021-06-07,2021-06-07 11:10:00,1061.38,1062.75,1061.38,1062.75,0.13,12.0,12947.0,1
2021-06-07,2021-06-07 11:20:00,1062.75,1064.12,1062.75,1064.12,0.13,12.0,12947.0,1
2021-06-07,2021-06-07 11:30:00,1064.12,1065.5,1064.12,1065.5,0.13,12.0,12947.0,1
2021-06-07,2021-06-07 11:40:00,1065.5,1066.88,1065.5,1066.88,0.13,12.0,12947.0,1
2021-06-07,2021-06-07 11:50:00,1066.88,1068.25,1066.88,1068.25,0.13,12.0,12947.0,1
2021-06-07,2021-06-07 12:00:00,1068.25,1069.62,1068.25,1069.62,0.13,12.0,12947.0,1
2021-06-07,2021-06-07 12:10:00,1069.62,1071.0,1069.62,1071.0,0.13,12.0,12947.0,1
2021-06-07,2021-06-07 12:20:00,1071.0,1072.38,1071.0,1072.38,0.13,12.0,12947.0,1
2021-06-07,2021-06-07 12:30:00,1072.38,1073.75,1072.38,1073.75,0.13,12.0,12947.0,1
2021-06-07,2021-06-07 12:40:00,1073.75,1075.12,1073.75,1075.12,0.13,12.0,12947.0,1
2021-06-07,2021-06-07 12:50:00,1075.12,1076.5,1075.12,1076.5,0.13,12.0,12947.0,1
2021-06-07,2021-06-07 13:00:00,1076.5,1093.0,1060.0,1077.88,0.13,12.0,12947.0,1
2021-06-07,2021-06-07 13:10:00,1077.88,1079.25,1077.88,1079.25,0.13,12.0,12947.0,1
2021-06-07,2021-06-07 13:20:00,1079.25,1080.62,1079.25,1080.62,0.13,12.0,12947.0,1
2021-06-07,2021-06-07 13:30:00,1080.62,1082.0,1080.62,1082.0,0.13,12.0,12947.0,1
2021-06-07,2021-06-07 13:40:00,1082.0,1083.38,1082.0,1083.38,0.13,12.0,12947.0,1
2021-06-07,2021-06-07 13:50:00,1083.38,1084.75,1083.38,1084.75,0.13,12.0,12947.0,1
2021-06-07,2021-06-07 14:00:00,1084.75,1086.12,1084.75,1086.12,0.13,12.0,12947.0,1
2021-06-07,2021-06-07 14:10:00,1086.12,1087.5,1086.12,1087.5,0.13,12.0,12947.0,1
2021-06-07,2021-06-07 14:20:00,1087.5,1088.88,1087.5,1088.88,0.13,12.0,12947.0,1
2021-06-07,2021-06-07 14:30:00,1088.88,1090.25,1088.88,1090.25,0.13,12.0,12947.0,1
2021-06-07,2021-06-07 14:40:00,1090.25,1091.62,1090.25,1091.62,0.13,12.0,12947.0,1
2021-06-07,2021-06-07 14:50:00,1091.62,1093.0,1091.62,1093.0,0.13,12.0,12947.0,1
2021-06-07,2021-06-07 15:00:00,1093.0,1093.0,1060.0,1093.0,0.0,12.0,12947.0,0
2021-06-09,2021-06-09 11:00:00,1075.0,1075.0,1075.0,1075.0,0.0,1.0,1075.0,0
2021-06-09,2021-06-09 11:10:00,1075.0,1075.0,1075.0,1075.0,0.0,1.0,1075.0,0
2021-06-09,2021-06-09 11:20:00,1075.0,1075.0,1075.0,1075.0,0.0,1.0,1075.0,0
2021-06-09,2021-06-09 11:30:00,1075.0,1075.0,1075.0,1075.0,0.0,1.0,1075.0,0
2021-06-09,2021-06-09 11:40:00,1075.0,1075.0,1075.0,1075.0,0.0,1.0,1075.0,0
2021-06-09,2021-06-09 11:50:00,1075.0,1075.0,1075.0,1075.0,0.0,1.0,1075.0,0
2021-06-09,2021-06-09 12:00:00,1075.0,1075.0,1075.0,1075.0,0.0,1.0,1075.0,0
2021-06-09,2021-06-09 12:10:00,1075.0,1075.0,1075.0,1075.0,0.0,1.0,1075.0,0
2021-06-09,2021-06-09 12:20:00,1075.0,1075.0,1075.0,1075.0,0.0,1.0,1075.0,0
2021-06-09,2021-06-09 12:30:00,1075.0,1075.0,1075.0,1075.0,0.0,1.0,1075.0,0
2021-06-09,2021-06-09 12:40:00,1075.0,1075.0,1075.0,1075.0,0.0,1.0,1075.0,0
2021-06-09,2021-06-09 12:50:00,1075.0,1075.0,1075.0,1075.0,0.0,1.0,1075.0,0
2021-06-09,2021-06-09 13:00:00,1075.0,1075.0,1075.0,1075.0,0.0,1.0,1075.0,0
2021-06-09,2021-06-09 13:10:00,1075.0,1075.0,1075.0,1075.0,0.0,1.0,1075.0,0
2021-06-09,2021-06-09 13:20:00,1075.0,1075.0,1075.0,1075.0,0.0,1.0,1075.0,0
2021-06-09,2021-06-09 13:30:00,1075.0,1075.0,1075.0,1075.0,0.0,1.0,1075.0,0
2021-06-09,2021-06-09 13:40:00,1075.0,1075.0,1075.0,1075.0,0.0,1.0,1075.0,0
2021-06-09,2021-06-09 13:50:00,1075.0,1075.0,1075.0,1075.0,0.0,1.0,1075.0,0
2021-06-09,2021-06-09 14:00:00,1075.0,1075.0,1075.0,1075.0,0.0,1.0,1075.0,0
2021-06-09,2021-06-09 14:10:00,1075.0,1075.0,1075.0,1075.0,0.0,1.0,1075.0,0
2021-06-09,2021-06-09 14:20:00,1075.0,1075.0,1075.0,1075.0,0.0,1.0,1075.0,0
2021-06-09,2021-06-09 14:30:00,1075.0,1075.0,1075.0,1075.0,0.0,1.0,1075.0,0
2021-06-09,2021-06-09 14:40:00,1075.0,1075.0,1075.0,1075.0,0.0,1.0,1075.0,0
2021-06-09,2021-06-09 14:50:00,1075.0,1075.0,1075.0,1075.0,0.0,1.0,1075.0,0
2021-06-09,2021-06-09 15:00:00,1075.0,1075.0,1075.0,1075.0,0.0,1.0,1075.0,0
2021-06-10,2021-06-10 11:00:00,1062.0,1062.0,1062.0,1062.0,0.0,1.0,1062.0,0
2021-06-10,2021-06-10 11:10:00,1062.0,1062.0,1062.0,1062.0,0.0,1.0,1062.0,0
2021-06-10,2021-06-10 11:20:00,1062.0,1062.0,1062.0,1062.0,0.0,1.0,1062.0,0
2021-06-10,2021-06-10 11:30:00,1062.0,1062.0,1062.0,1062.0,0.0,1.0,1062.0,0
2021-06-10,2021-06-10 11:40:00,1062.0,1062.0,1062.0,1062.0,0.0,1.0,1062.0,0
2021-06-10,2021-06-10 11:50:00,1062.0,1062.0,1062.0,1062.0,0.0,1.0,1062.0,0
2021-06-10,2021-06-10 12:00:00,1062.0,1062.0,1062.0,1062.0,0.0,1.0,1062.0,0
2021-06-10,2021-06-10 12:10:00,1062.0,1062.0,1062.0,1062.0,0.0,1.0,1062.0,0
2021-06-10,2021-06-10 12:20:00,1062.0,1062.0,1062.0,1062.0,0.0,1.0,1062.0,0
2021-06-10,2021-06-10 12:30:00,1062.0,1062.0,1062.0,1062.0,0.0,1.0,1062.0,0
2021-06-10,2021-06-10 12:40:00,1062.0,1062.0,1062.0,1062.0,0.0,1.0,1062.0,0
2021-06-10,2021-06-10 12:50:00,1062.0,1062.0,1062.0,1062.0,0.0,1.0,1062.0,0
2021-06-10,2021-06-10 13:00:00,1062.0,1062.0,1062.0,1062.0,0.0,1.0,1062.0,0
2021-06-10,2021-06-10 13:10:00,1062.0,1062.0,1062.0,1062.0,0.0,1.0,1062.0,0
2021-06-10,2021-06-10 13:20:00,1062.0,1062.0,1062.0,1062.0,0.0,1.0,1062.0,0
2021-06-10,2021-06-10 13:30:00,1062.0,1062.0,1062.0,1062.0,0.0,1.0,1062.0,0
2021-06-10,2021-06-10 13:40:00,1062.0,1062.0,1062.0,1062.0,0.0,1.0,1062.0,0
2021-06-10,2021-06-10 13:50:00,1062.0,1062.0,1062.0,1062.0,0.0,1.0,1062.0,0
2021-06-10,2021-06-10 14:00:00,1062.0,1062.0,1062.0,1062.0,0.0,1.0,1062.0,0
2021-06-10,2021-06-10 14:10:00,1062.0,1062.0,1062.0,1062.0,0.0,1.0,1062.0,0
2021-06-10,2021-06-10 14:20:00,1062.0,1062.0,1062.0,1062.0,0.0,1.0,1062.0,0
2021-06-10,2021-06-10 14:30:00,1062.0,1062.0,1062.0,1062.0,0.0,1.0,1062.0,0
2021-06-10,2021-06-10 14:40:00,1062.0,1062.0,1062.0,1062.0,0.0,1.0,1062.0,0
2021-06-10,2021-06-10 14:50:00,1062.0,1062.0,1062.0,1062.0,0.0,1.0,1062.0,0
2021-06-10,2021-06-10 15:00:00,1062.0,1062.0,1062.0,1062.0,0.0,1.0,1062.0,0
2021-06-15,2021-06-15 11:00:00,1060.0,1060.0,1060.0,1060.0,0.0,1.0,1060.0,0
2021-06-15,2021-06-15 11:10:00,1060.0,1060.0,1060.0,1060.0,0.0,1.0,1060.0,0
2021-06-15,2021-06-15 11:20:00,1060.0,1060.0,1060.0,1060.0,0.0,1.0,1060.0,0
2021-06-15,2021-06-15 11:30:00,1060.0,1060.0,1060.0,1060.0,0.0,1.0,1060.0,0
2021-06-15,2021-06-15 11:40:00,1060.0,1060.0,1060.0,1060.0,0.0,1.0,1060.0,0
2021-06-15,2021-06-15 11:50:00,1060.0,1060.0,1060.0,1060.0,0.0,1.0,1060.0,0
2021-06-15,2021-06-15 12:00:00,1060.0,1060.0,1060.0,1060.0,0.0,1.0,1060.0,0
2021-06-15,2021-06-15 12:10:00,1060.0,1060.0,1060.0,1060.0,0.0,1.0,1060.0,0
2021-06-15,2021-06-15 12:20:00,1060.0,1060.0,1060.0,1060.0,0.0,1.0,1060.0,0
2021-06-15,2021-06-15 12:30:00,1060.0,1060.0,1060.0,1060.0,0.0,1.0,1060.0,0
2021-06-15,2021-06-15 12:40:00,1060.0,1060.0,1060.0,1060.0,0.0,1.0,1060.0,0
2021-06-15,2021-06-15 12:50:00,1060.0,1060.0,1060.0,1060.0,0.0,1.0,1060.0,0
2021-06-15,2021-06-15 13:00:00,1060.0,1060.0,1060.0,1060.0,0.0,1.0,1060.0,0
2021-06-15,2021-06-15 13:10:00,1060.0,1060.0,1060.0,1060.0,0.0,1.0,1060.0,0
2021-06-15,2021-06-15 13:20:00,1060.0,1060.0,1060.0,1060.0,0.0,1.0,1060.0,0
2021-06-15,2021-06-15 13:30:00,1060.0,1060.0,1060.0,1060.0,0.0,1.0,1060.0,0
2021-06-15,2021-06-15 13:40:00,1060.0,1060.0,1060.0,1060.0,0.0,1.0,1060.0,0
2021-06-15,2021-06-15 13:50:00,1060.0,1060.0,1060.0,1060.0,0.0,1.0,1060.0,0
2021-06-15,2021-06-15 14:00:00,1060.0,1060.0,1060.0,1060.0,0.0,1.0,1060.0,0
2021-06-15,2021-06-15 14:10:00,1060.0,1060.0,1060.0,1060.0,0.0,1.0,1060.0,0
2021-06-15,2021-06-15 14:20:00,1060.0,1060.0,1060.0,1060.0,0.0,1.0,1060.0,0
2021-06-15,2021-06-15 14:30:00,1060.0,1060.0,1060.0,1060.0,0.0,1.0,1060.0,0
2021-06-15,2021-06-15 14:40:00,1060.0,1060.0,1060.0,1060.0,0.0,1.0,1060.0,0
2021-06-15,2021-06-15 14:50:00,1060.0,1060.0,1060.0,1060.0,0.0,1.0,1060.0,0
2021-06-15,2021-06-15 15:00:00,1060.0,1060.0,1060.0,1060.0,0.0,1.0,1060.0,0
2021-06-20,2021-06-20 11:00:00,1043.0,1043.0,1042.7,1042.96,-0.0,2.0,2085.0,-1
2021-06-20,2021-06-20 11:10:00,1042.96,1042.96,1042.92,1042.92,-0.0,2.0,2085.0,-1
2021-06-20,2021-06-20 11:20:00,1042.92,1042.92,1042.88,1042.88,-0.0,2.0,2085.0,-1
2021-06-20,2021-06-20 11:30:00,1042.88,1042.88,1042.83,1042.83,-0.0,2.0,2085.0,-1
2021-06-20,2021-06-20 11:40:00,1042.83,1042.83,1042.79,1042.79,-0.0,2.0,2085.0,-1
2021-06-20,2021-06-20 11:50:00,1042.79,1042.79,1042.75,1042.75,-0.0,2.0,2085.0,-1
2021-06-20,2021-06-20 12:00:00,1042.75,1042.75,1042.71,1042.71,-0.0,2.0,2085.0,-1
2021-06-20,2021-06-20 12:10:00,1042.71,1042.71,1042.67,1042.67,-0.0,2.0,2085.0,-1
2021-06-20,2021-06-20 12:20:00,1042.67,1042.67,1042.62,1042.62,-0.0,2.0,2085.0,-1
2021-06-20,2021-06-20 12:30:00,1042.62,1042.62,1042.58,1042.58,-0.0,2.0,2085.0,-1
2021-06-20,2021-06-20 12:40:00,1042.58,1042.58,1042.54,1042.54,-0.0,2.0,2085.0,-1
2021-06-20,2021-06-20 12:50:00,1042.54,1042.54,1042.5,1042.5,-0.0,2.0,2085.0,-1
2021-06-20,2021-06-20 13:00:00,1042.5,1043.0,1042.0,1042.46,-0.0,2.0,2085.0,-1
2021-06-20,2021-06-20 13:10:00,1042.46,1042.46,1042.42,1042.42,-0.0,2.0,2085.0,-1
2021-06-20,2021-06-20 13:20:00,1042.42,1042.42,1042.38,1042.38,-0.0,2.0,2085.0,-1
2021-06-20,2021-06-20 13:30:00,1042.38,1042.38,1042.33,1042.33,-0.0,2.0,2085.0,-1
2021-06-20,2021-06-20 13:40:00,1042.33,1042.33,1042.29,1042.29,-0.0,2.0,2085.0,-1
2021-06-20,2021-06-20 13:50:00,1042.29,1042.29,1042.25,1042.25,-0.0,2.0,2085.0,-1
2021-06-20,2021-06-20 14:00:00,1042.25,1042.25,1042.21,1042.21,-0.0,2.0,2085.0,-1
2021-06-20,2021-06-20 14:10:00,1042.21,1042.21,1042.17,1042.17,-0.0,2.0,2085.0,-1
2021-06-20,2021-06-20 14:20:00,1042.17,1042.17,1042.12,1042.12,-0.0,2.0,2085.0,-1
2021-06-20,2021-06-20 14:30:00,1042.12,1042.12,1042.08,1042.08,-0.0,2.0,2085.0,-1
2021-06-20,2021-06-20 14:40:00,1042.08,1042.08,1042.04,1042.04,-0.0,2.0,2085.0,-1
2021-06-20,2021-06-20 14:50:00,1042.04,1042.04,1042.0,1042.0,-0.0,2.0,2085.0,-1
2021-06-20,2021-06-20 15:00:00,1042.0,1043.0,1042.0,1042.0,0.0,2.0,2085.0,0
2021-06-21,2021-06-21 11:00:00,1062.0,1067.4,1062.0,1062.75,0.07,2.2,2358.0,1
2021-06-21,2021-06-21 11:10:00,1062.75,1063.5,1062.75,1063.5,0.07,2.2,2358.0,1
2021-06-21,2021-06-21 11:20:00,1063.5,1064.25,1063.5,1064.25,0.07,2.2,2358.0,1
2021-06-21,2021-06-21 11:30:00,1064.25,1065.0,1064.25,1065.0,0.07,2.2,2358.0,1
2021-06-21,2021-06-21 11:40:00,1065.0,1065.75,1065.0,1065.75,0.07,2.2,2358.0,1
2021-06-21,2021-06-21 11:50:00,1065.75,1066.5,1065.75,1066.5,0.07,2.2,2358.0,1
2021-06-21,2021-06-21 12:00:00,1066.5,1067.25,1066.5,1067.25,0.07,2.2,2358.0,1
2021-06-21,2021-06-21 12:10:00,1067.25,1068.0,1067.25,1068.0,0.07,2.2,2358.0,1
2021-06-21,2021-06-21 12:20:00,1068.0,1068.75,1068.0,1068.75,0.07,2.2,2358.0,1
2021-06-21,2021-06-21 12:30:00,1068.75,1069.5,1068.75,1069.5,0.07,2.2,2358.0,1
2021-06-21,2021-06-21 12:40:00,1069.5,1070.25,1069.5,1070.25,0.07,2.2,2358.0,1
2021-06-21,2021-06-21 12:50:00,1070.25,1071.0,1070.25,1071.0,0.07,2.2,2358.0,1
2021-06-21,2021-06-21 13:00:00,1071.0,1080.0,1062.0,1071.75,0.07,2.2,2358.0,1
2021-06-21,2021-06-21 13:10:00,1071.75,1072.5,1071.75,1072.5,0.07,2.2,2358.0,1
2021-06-21,2021-06-21 13:20:00,1072.5,1073.25,1072.5,1073.25,0.07,2.2,2358.0,1
2021-06-21,2021-06-21 13:30:00,1073.25,1074.0,1073.25,1074.0,0.07,2.2,2358.0,1
2021-06-21,2021-06-21 13:40:00,1074.0,1074.75,1074.0,1074.75,0.07,2.2,2358.0,1
2021-06-21,2021-06-21 13:50:00,1074.75,1075.5,1074.75,1075.5,0.07,2.2,2358.0,1
2021-06-21,2021-06-21 14:00:00,1075.5,1076.25,1075.5,1076.25,0.07,2.2,2358.0,1
2021-06-21,2021-06-21 14:10:00,1076.25,1077.0,1076.25,1077.0,0.07,2.2,2358.0,1
2021-06-21,2021-06-21 14:20:00,1077.0,1077.75,1077.0,1077.75,0.07,2.2,2358.0,1
2021-06-21,2021-06-21 14:30:00,1077.75,1078.5,1077.75,1078.5,0.07,2.2,2358.0,1
2021-06-21,2021-06-21 14:40:00,1078.5,1079.25,1078.5,1079.25,0.07,2.2,2358.0,1
2021-06-21,2021-06-21 14:50:00,1079.25,1080.0,1079.25,1080.0,0.07,2.2,2358.0,1
2021-06-21,2021-06-21 15:00:00,1080.0,1080.0,1062.0,1080.0,0.0,2.2,2358.0,0
2021-06-22,2021-06-22 11:00:00,1080.0,1080.0,1078.5,1080.0,0.0,14.0,15100.0,0
2021-06-22,2021-06-22 11:10:00,1080.0,1080.0,1080.0,1080.0,0.0,14.0,15100.0,0
2021-06-22,2021-06-22 11:20:00,1080.0,1080.0,1080.0,1080.0,0.0,14.0,15100.0,0
2021-06-22,2021-06-22 11:30:00,1080.0,1080.0,1080.0,1080.0,0.0,14.0,15100.0,0
2021-06-22,2021-06-22 11:40:00,1080.0,1080.0,1080.0,1080.0,0.0,14.0,15100.0,0
2021-06-22,2021-06-22 11:50:00,1080.0,1080.0,1080.0,1080.0,0.0,14.0,15100.0,0
2021-06-22,2021-06-22 12:00:00,1080.0,1080.0,1080.0,1080.0,0.0,14.0,15100.0,0
2021-06-22,2021-06-22 12:10:00,1080.0,1080.0,1080.0,1080.0,0.0,14.0,15100.0,0
2021-06-22,2021-06-22 12:20:00,1080.0,1080.0,1080.0,1080.0,0.0,14.0,15100.0,0
2021-06-22,2021-06-22 12:30:00,1080.0,1080.0,1080.0,1080.0,0.0,14.0,15100.0,0
2021-06-22,2021-06-22 12:40:00,1080.0,1080.0,1080.0,1080.0,0.0,14.0,15100.0,0
2021-06-22,2021-06-22 12:50:00,1080.0,1080.0,1080.0,1080.0,0.0,14.0,15100.0,0
2021-06-22,2021-06-22 13:00:00,1080.0,1080.0,1075.0,1080.0,0.0,14.0,15100.0,0
2021-06-22,2021-06-22 13:10:00,1080.0,1080.0,1080.0,1080.0,0.0,14.0,15100.0,0
2021-06-22,2021-06-22 13:20:00,1080.0,1080.0,1080.0,1080.0,0.0,14.0,15100.0,0
2021-06-22,2021-06-22 13:30:00,1080.0,1080.0,1080.0,1080.0,0.0,14.0,15100.0,0
2021-06-22,2021-06-22 13:40:00,1080.0,1080.0,1080.0,1080.0,0.0,14.0,15100.0,0
2021-06-22,2021-06-22 13:50:00,1080.0,1080.0,1080.0,1080.0,0.0,14.0,15100.0,0
2021-06-22,2021-06-22 14:00:00,1080.0,1080.0,1080.0,1080.0,0.0,14.0,15100.0,0
2021-06-22,2021-06-22 14:10:00,1080.0,1080.0,1080.0,1080.0,0.0,14.0,15100.0,0
2021-06-22,2021-06-22 14:20:00,1080.0,1080.0,1080.0,1080.0,0.0,14.0,15100.0,0
2021-06-22,2021-06-22 14:30:00,1080.0,1080.0,1080.0,1080.0,0.0,14.0,15100.0,0
2021-06-22,2021-06-22 14:40:00,1080.0,1080.0,1080.0,1080.0,0.0,14.0,15100.0,0
2021-06-22,2021-06-22 14:50:00,1080.0,1080.0,1080.0,1080.0,0.0,14.0,15100.0,0
2021-06-22,2021-06-22 15:00:00,1080.0,1080.0,1075.0,1080.0,0.0,14.0,15100.0,0
2021-07-08,2021-07-08 11:00:00,1080.0,1080.0,1080.0,1080.0,0.0,1.4,1512.0,0
2021-07-08,2021-07-08 11:10:00,1080.0,1080.0,1080.0,1080.0,0.0,1.4,1512.0,0
2021-07-08,2021-07-08 11:20:00,1080.0,1080.0,1080.0,1080.0,0.0,1.4,1512.0,0
2021-07-08,2021-07-08 11:30:00,1080.0,1080.0,1080.0,1080.0,0.0,1.4,1512.0,0
2021-07-08,2021-07-08 11:40:00,1080.0,1080.0,1080.0,1080.0,0.0,1.4,1512.0,0
2021-07-08,2021-07-08 11:50:00,1080.0,1080.0,1080.0,1080.0,0.0,1.4,1512.0,0
2021-07-08,2021-07-08 12:00:00,1080.0,1080.0,1080.0,1080.0,0.0,1.4,1512.0,0
2021-07-08,2021-07-08 12:10:00,1080.0,1080.0,1080.0,1080.0,0.0,1.4,1512.0,0
2021-07-08,2021-07-08 12:20:00,1080.0,1080.0,1080.0,1080.0,0.0,1.4,1512.0,0
2021-07-08,2021-07-08 12:30:00,1080.0,1080.0,1080.0,1080.0,0.0,1.4,1512.0,0
2021-07-08,2021-07-08 12:40:00,1080.0,1080.0,1080.0,1080.0,0.0,1.4,1512.0,0
2021-07-08,2021-07-08 12:50:00,1080.0,1080.0,1080.0,1080.0,0.0,1.4,1512.0,0
2021-07-08,2021-07-08 13:00:00,1080.0,1080.0,1080.0,1080.0,0.0,1.4,1512.0,0
2021-07-08,2021-07-08 13:10:00,1080.0,1080.0,1080.0,1080.0,0.0,1.4,1512.0,0
2021-07-08,2021-07-08 13:20:00,1080.0,1080.0,1080.0,1080.0,0.0,1.4,1512.0,0
2021-07-08,2021-07-08 13:30:00,1080.0,1080.0,1080.0,1080.0,0.0,1.4,1512.0,0
2021-07-08,2021-07-08 13:40:00,1080.0,1080.0,1080.0,1080.0,0.0,1.4,1512.0,0
2021-07-08,2021-07-08 13:50:00,1080.0,1080.0,1080.0,1080.0,0.0,1.4,1512.0,0
2021-07-08,2021-07-08 14:00:00,1080.0,1080.0,1080.0,1080.0,0.0,1.4,1512.0,0
2021-07-08,2021-07-08 14:10:00,1080.0,1080.0,1080.0,1080.0,0.0,1.4,1512.0,0
2021-07-08,2021-07-08 14:20:00,1080.0,1080.0,1080.0,1080.0,0.0,1.4,1512.0,0
2021-07-08,2021-07-08 14:30:00,1080.0,1080.0,1080.0,1080.0,0.0,1.4,1512.0,0
2021-07-08,2021-07-08 14:40:00,1080.0,1080.0,1080.0,1080.0,0.0,1.4,1512.0,0
2021-07-08,2021-07-08 14:50:00,1080.0,1080.0,1080.0,1080.0,0.0,1.4,1512.0,0
2021-07-08,2021-07-08 15:00:00,1080.0,1080.0,1080.0,1080.0,0.0,1.4,1512.0,0
2021-07-11,2021-07-11 11:00:00,1060.0,1060.0,1060.0,1060.0,0.0,5.0,5300.0,0
2021-07-11,2021-07-11 11:10:00,1060.0,1060.0,1060.0,1060.0,0.0,5.0,5300.0,0
2021-07-11,2021-07-11 11:20:00,1060.0,1060.0,1060.0,1060.0,0.0,5.0,5300.0,0
2021-07-11,2021-07-11 11:30:00,1060.0,1060.0,1060.0,1060.0,0.0,5.0,5300.0,0
2021-07-11,2021-07-11 11:40:00,1060.0,1060.0,1060.0,1060.0,0.0,5.0,5300.0,0
2021-07-11,2021-07-11 11:50:00,1060.0,1060.0,1060.0,1060.0,0.0,5.0,5300.0,0
2021-07-11,2021-07-11 12:00:00,1060.0,1060.0,1060.0,1060.0,0.0,5.0,5300.0,0
2021-07-11,2021-07-11 12:10:00,1060.0,1060.0,1060.0,1060.0,0.0,5.0,5300.0,0
2021-07-11,2021-07-11 12:20:00,1060.0,1060.0,1060.0,1060.0,0.0,5.0,5300.0,0
2021-07-11,2021-07-11 12:30:00,1060.0,1060.0,1060.0,1060.0,0.0,5.0,5300.0,0
2021-07-11,2021-07-11 12:40:00,1060.0,1060.0,1060.0,1060.0,0.0,5.0,5300.0,0
2021-07-11,2021-07-11 12:50:00,1060.0,1060.0,1060.0,1060.0,0.0,5.0,5300.0,0
2021-07-11,2021-07-11 13:00:00,1060.0,1060.0,1060.0,1060.0,0.0,5.0,5300.0,0
2021-07-11,2021-07-11 13:10:00,1060.0,1060.0,1060.0,1060.0,0.0,5.0,5300.0,0
2021-07-11,2021-07-11 13:20:00,1060.0,1060.0,1060.0,1060.0,0.0,5.0,5300.0,0
2021-07-11,2021-07-11 13:30:00,1060.0,1060.0,1060.0,1060.0,0.0,5.0,5300.0,0
2021-07-11,2021-07-11 13:40:00,1060.0,1060.0,1060.0,1060.0,0.0,5.0,5300.0,0
2021-07-11,2021-07-11 13:50:00,1060.0,1060.0,1060.0,1060.0,0.0,5.0,5300.0,0
2021-07-11,2021-07-11 14:00:00,1060.0,1060.0,1060.0,1060.0,0.0,5.0,5300.0,0
2021-07-11,2021-07-11 14:10:00,1060.0,1060.0,1060.0,1060.0,0.0,5.0,5300.0,0
2021-07-11,2021-07-11 14:20:00,1060.0,1060.0,1060.0,1060.0,0.0,5.0,5300.0,0
2021-07-11,2021-07-11 14:30:00,1060.0,1060.0,1060.0,1060.0,0.0,5.0,5300.0,0
2021-07-11,2021-07-11 14:40:00,1060.0,1060.0,1060.0,1060.0,0.0,5.0,5300.0,0
2021-07-11,2021-07-11 14:50:00,1060.0,1060.0,1060.0,1060.0,0.0,5.0,5300.0,0
2021-07-11,2021-07-11 15:00:00,1060.0,1060.0,1060.0,1060.0,0.0,5.0,5300.0,0
2021-07-12,2021-07-12 11:00:00,1080.0,1086.3,1080.0,1080.88,0.08,2.8,3040.8,1
2021-07-12,2021-07-12 11:10:00,1080.88,1081.75,1080.88,1081.75,0.08,2.8,3040.8,1
2021-07-12,2021-07-12 11:20:00,1081.75,1082.62,1081.75,1082.62,0.08,2.8,3040.8,1
2021-07-12,2021-07-12 11:30:00,1082.62,1083.5,1082.62,1083.5,0.08,2.8,3040.8,1
2021-07-12,2021-07-12 11:40:00,1083.5,1084.38,1083.5,1084.38,0.08,2.8,3040.8,1
2021-07-12,2021-07-12 11:50:00,1084.38,1085.25,1084.38,1085.25,0.08,2.8,3040.8,1
2021-07-12,2021-07-12 12:00:00,1085.25,1086.12,1085.25,1086.12,0.08,2.8,3040.8,1
2021-07-12,2021-07-12 12:10:00,1086.12,1087.0,1086.12,1087.0,0.08,2.8,3040.8,1
2021-07-12,2021-07-12 12:20:00,1087.0,1087.88,1087.0,1087.88,0.08,2.8,3040.8,1
2021-07-12,2021-07-12 12:30:00,1087.88,1088.75,1087.88,1088.75,0.08,2.8,3040.8,1
2021-07-12,2021-07-12 12:40:00,1088.75,1089.62,1088.75,1089.62,0.08,2.8,3040.8,1
2021-07-12,2021-07-12 12:50:00,1089.62,1090.5,1089.62,1090.5,0.08,2.8,3040.8,1
2021-07-12,2021-07-12 13:00:00,1090.5,1101.0,1080.0,1091.38,0.08,2.8,3040.8,1
2021-07-12,2021-07-12 13:10:00,1091.38,1092.25,1091.38,1092.25,0.08,2.8,3040.8,1
2021-07-12,2021-07-12 13:20:00,1092.25,1093.12,1092.25,1093.12,0.08,2.8,3040.8,1
2021-07-12,2021-07-12 13:30:00,1093.12,1094.0,1093.12,1094.0,0.08,2.8,3040.8,1
2021-07-12,2021-07-12 13:40:00,1094.0,1094.88,1094.0,1094.88,0.08,2.8,3040.8,1
2021-07-12,2021-07-12 13:50:00,1094.88,1095.75,1094.88,1095.75,0.08,2.8,3040.8,1
2021-07-12,2021-07-12 14:00:00,1095.75,1096.62,1095.75,1096.62,0.08,2.8,3040.8,1
2021-07-12,2021-07-12 14:10:00,1096.62,1097.5,1096.62,1097.5,0.08,2.8,3040.8,1
2021-07-12,2021-07-12 14:20:00,1097.5,1098.38,1097.5,1098.38,0.08,2.8,3040.8,1
2021-07-12,2021-07-12 14:30:00,1098.38,1099.25,1098.38,1099.25,0.08,2.8,3040.8,1
2021-07-12,2021-07-12 14:40:00,1099.25,1100.12,1099.25,1100.12,0.08,2.8,3040.8,1
2021-07-12,2021-07-12 14:50:00,1100.12,1101.0,1100.12,1101.0,0.08,2.8,3040.8,1
2021-07-12,2021-07-12 15:00:00,1101.0,1101.0,1080.0,1101.0,0.0,2.8,3040.8,0
2021-07-13,2021-07-13 11:00:00,1120.0,1127.5,1120.0,1121.04,0.09,15.6,17601.0,1
2021-07-13,2021-07-13 11:10:00,1121.04,1122.08,1121.04,1122.08,0.09,15.6,17601.0,1
2021-07-13,2021-07-13 11:20:00,1122.08,1123.12,1122.08,1123.12,0.09,15.6,17601.0,1
2021-07-13,2021-07-13 11:30:00,1123.12,1124.17,1123.12,1124.17,0.09,15.6,17601.0,1
2021-07-13,2021-07-13 11:40:00,1124.17,1125.21,1124.17,1125.21,0.09,15.6,17601.0,1
2021-07-13,2021-07-13 11:50:00,1125.21,1126.25,1125.21,1126.25,0.09,15.6,17601.0,1
2021-07-13,2021-07-13 12:00:00,1126.25,1127.29,1126.25,1127.29,0.09,15.6,17601.0,1
2021-07-13,2021-07-13 12:10:00,1127.29,1128.33,1127.29,1128.33,0.09,15.6,17601.0,1
2021-07-13,2021-07-13 12:20:00,1128.33,1129.38,1128.33,1129.38,0.09,15.6,17601.0,1
2021-07-13,2021-07-13 12:30:00,1129.38,1130.42,1129.38,1130.42,0.09,15.6,17601.0,1
2021-07-13,2021-07-13 12:40:00,1130.42,1131.46,1130.42,1131.46,0.09,15.6,17601.0,1
2021-07-13,2021-07-13 12:50:00,1131.46,1132.5,1131.46,1132.5,0.09,15.6,17601.0,1
2021-07-13,2021-07-13 13:00:00,1132.5,1145.0,1120.0,1133.54,0.09,15.6,17601.0,1
2021-07-13,2021-07-13 13:10:00,1133.54,1134.58,1133.54,1134.58,0.09,15.6,17601.0,1
2021-07-13,2021-07-13 13:20:00,1134.58,1135.62,1134.58,1135.62,0.09,15.6,17601.0,1
2021-07-13,2021-07-13 13:30:00,1135.62,1136.67,1135.62,1136.67,0.09,15.6,17601.0,1
2021-07-13,2021-07-13 13:40:00,1136.67,1137.71,1136.67,1137.71,0.09,15.6,17601.0,1
2021-07-13,2021-07-13 13:50:00,1137.71,1138.75,1137.71,1138.75,0.09,15.6,17601.0,1
2021-07-13,2021-07-13 14:00:00,1138.75,1139.79,1138.75,1139.79,0.09,15.6,17601.0,1
2021-07-13,2021-07-13 14:10:00,1139.79,1140.83,1139.79,1140.83,0.09,15.6,17601.0,1
2021-07-13,2021-07-13 14:20:00,1140.83,1141.88,1140.83,1141.88,0.09,15.6,17601.0,1
2021-07-13,2021-07-13 14:30:00,1141.88,1142.92,1141.88,1142.92,0.09,15.6,17601.0,1
2021-07-13,2021-07-13 14:40:00,1142.92,1143.96,1142.92,1143.96,0.09,15.6,17601.0,1
2021-07-13,2021-07-13 14:50:00,1143.96,1145.0,1143.96,1145.0,0.09,15.6,17601.0,1
2021-07-13,2021-07-13 15:00:00,1145.0,1145.0,1120.0,1145.0,0.0,15.6,17601.0,0
2021-08-11,2021-08-11 11:00:00,1122.1,1122.1,1122.1,1122.1,0.0,0.4,448.84,0
2021-08-11,2021-08-11 11:10:00,1122.1,1122.1,1122.1,1122.1,0.0,0.4,448.84,0
2021-08-11,2021-08-11 11:20:00,1122.1,1122.1,1122.1,1122.1,0.0,0.4,448.84,0
2021-08-11,2021-08-11 11:30:00,1122.1,1122.1,1122.1,1122.1,0.0,0.4,448.84,0
2021-08-11,2021-08-11 11:40:00,1122.1,1122.1,1122.1,1122.1,0.0,0.4,448.84,0
2021-08-11,2021-08-11 11:50:00,1122.1,1122.1,1122.1,1122.1,0.0,0.4,448.84,0
2021-08-11,2021-08-11 12:00:00,1122.1,1122.1,1122.1,1122.1,0.0,0.4,448.84,0
2021-08-11,2021-08-11 12:10:00,1122.1,1122.1,1122.1,1122.1,0.0,0.4,448.84,0
2021-08-11,2021-08-11 12:20:00,1122.1,1122.1,1122.1,1122.1,0.0,0.4,448.84,0
2021-08-11,2021-08-11 12:30:00,1122.1,1122.1,1122.1,1122.1,0.0,0.4,448.84,0
2021-08-11,2021-08-11 12:40:00,1122.1,1122.1,1122.1,1122.1,0.0,0.4,448.84,0
2021-08-11,2021-08-11 12:50:00,1122.1,1122.1,1122.1,1122.1,0.0,0.4,448.84,0
2021-08-11,2021-08-11 13:00:00,1122.1,1122.1,1122.1,1122.1,0.0,0.4,448.84,0
2021-08-11,2021-08-11 13:10:00,1122.1,1122.1,1122.1,1122.1,0.0,0.4,448.84,0
2021-08-11,2021-08-11 13:20:00,1122.1,1122.1,1122.1,1122.1,0.0,0.4,448.84,0
2021-08-11,2021-08-11 13:30:00,1122.1,1122.1,1122.1,1122.1,0.0,0.4,448.84,0
2021-08-11,2021-08-11 13:40:00,1122.1,1122.1,1122.1,1122.1,0.0,0.4,448.84,0
2021-08-11,2021-08-11 13:50:00,1122.1,1122.1,1122.1,1122.1,0.0,0.4,448.84,0
2021-08-11,2021-08-11 14:00:00,1122.1,1122.1,1122.1,1122.1,0.0,0.4,448.84,0
2021-08-11,2021-08-11 14:10:00,1122.1,1122.1,1122.1,1122.1,0.0,0.4,448.84,0
2021-08-11,2021-08-11 14:20:00,1122.1,1122.1,1122.1,1122.1,0.0,0.4,448.84,0
2021-08-11,2021-08-11 14:30:00,1122.1,1122.1,1122.1,1122.1,0.0,0.4,448.84,0
2021-08-11,2021-08-11 14:40:00,1122.1,1122.1,1122.1,1122.1,0.0,0.4,448.84,0
2021-08-11,2021-08-11 14:50:00,1122.1,1122.1,1122.1,1122.1,0.0,0.4,448.84,0
2021-08-11,2021-08-11 15:00:00,1122.1,1122.1,1122.1,1122.1,0.0,0.4,448.84,0
2021-09-26,2021-09-26 11:00:00,1100.0,1100.0,1100.0,1100.0,0.0,1.0,1100.0,0
2021-09-26,2021-09-26 11:10:00,1100.0,1100.0,1100.0,1100.0,0.0,1.0,1100.0,0
2021-09-26,2021-09-26 11:20:00,1100.0,1100.0,1100.0,1100.0,0.0,1.0,1100.0,0
2021-09-26,2021-09-26 11:30:00,1100.0,1100.0,1100.0,1100.0,0.0,1.0,1100.0,0
2021-09-26,2021-09-26 11:40:00,1100.0,1100.0,1100.0,1100.0,0.0,1.0,1100.0,0
2021-09-26,2021-09-26 11:50:00,1100.0,1100.0,1100.0,1100.0,0.0,1.0,1100.0,0
2021-09-26,2021-09-26 12:00:00,1100.0,1100.0,1100.0,1100.0,0.0,1.0,1100.0,0
2021-09-26,2021-09-26 12:10:00,1100.0,1100.0,1100.0,1100.0,0.0,1.0,1100.0,0
2021-09-26,2021-09-26 12:20:00,1100.0,1100.0,1100.0,1100.0,0.0,1.0,1100.0,0
2021-09-26,2021-09-26 12:30:00,1100.0,1100.0,1100.0,1100.0,0.0,1.0,1100.0,0
2021-09-26,2021-09-26 12:40:00,1100.0,1100.0,1100.0,1100.0,0.0,1.0,1100.0,0
2021-09-26,2021-09-26 12:50:00,1100.0,1100.0,1100.0,1100.0,0.0,1.0,1100.0,0
2021-09-26,2021-09-26 13:00:00,1100.0,1100.0,1100.0,1100.0,0.0,1.0,1100.0,0
2021-09-26,2021-09-26 13:10:00,1100.0,1100.0,1100.0,1100.0,0.0,1.0,1100.0,0
2021-09-26,2021-09-26 13:20:00,1100.0,1100.0,1100.0,1100.0,0.0,1.0,1100.0,0
2021-09-26,2021-09-26 13:30:00,1100.0,1100.0,1100.0,1100.0,0.0,1.0,1100.0,0
2021-09-26,2021-09-26 13:40:00,1100.0,1100.0,1100.0,1100.0,0.0,1.0,1100.0,0
2021-09-26,2021-09-26 13:50:00,1100.0,1100.0,1100.0,1100.0,0.0,1.0,1100.0,0
2021-09-26,2021-09-26 14:00:00,1100.0,1100.0,1100.0,1100.0,0.0,1.0,1100.0,0
2021-09-26,2021-09-26 14:10:00,1100.0,1100.0,1100.0,1100.0,0.0,1.0,1100.0,0
2021-09-26,2021-09-26 14:20:00,1100.0,1100.0,1100.0,1100.0,0.0,1.0,1100.0,0
2021-09-26,2021-09-26 14:30:00,1100.0,1100.0,1100.0,1100.0,0.0,1.0,1100.0,0
2021-09-26,2021-09-26 14:40:00,1100.0,1100.0,1100.0,1100.0,0.0,1.0,1100.0,0
2021-09-26,2021-09-26 14:50:00,1100.0,1100.0,1100.0,1100.0,0.0,1.0,1100.0,0
2021-09-26,2021-09-26 15:00:00,1100.0,1100.0,1100.0,1100.0,0.0,1.0,1100.0,0
2022-01-05,2022-01-05 11:00:00,1078.0,1078.0,1078.0,1078.0,0.0,20.0,21560.0,0
2022-01-05,2022-01-05 11:10:00,1078.0,1078.0,1078.0,1078.0,0.0,20.0,21560.0,0
2022-01-05,2022-01-05 11:20:00,1078.0,1078.0,1078.0,1078.0,0.0,20.0,21560.0,0
2022-01-05,2022-01-05 11:30:00,1078.0,1078.0,1078.0,1078.0,0.0,20.0,21560.0,0
2022-01-05,2022-01-05 11:40:00,1078.0,1078.0,1078.0,1078.0,0.0,20.0,21560.0,0
2022-01-05,2022-01-05 11:50:00,1078.0,1078.0,1078.0,1078.0,0.0,20.0,21560.0,0
2022-01-05,2022-01-05 12:00:00,1078.0,1078.0,1078.0,1078.0,0.0,20.0,21560.0,0
2022-01-05,2022-01-05 12:10:00,1078.0,1078.0,1078.0,1078.0,0.0,20.0,21560.0,0
2022-01-05,2022-01-05 12:20:00,1078.0,1078.0,1078.0,1078.0,0.0,20.0,21560.0,0
2022-01-05,2022-01-05 12:30:00,1078.0,1078.0,1078.0,1078.0,0.0,20.0,21560.0,0
2022-01-05,2022-01-05 12:40:00,1078.0,1078.0,1078.0,1078.0,0.0,20.0,21560.0,0
2022-01-05,2022-01-05 12:50:00,1078.0,1078.0,1078.0,1078.0,0.0,20.0,21560.0,0
2022-01-05,2022-01-05 13:00:00,1078.0,1078.0,1078.0,1078.0,0.0,20.0,21560.0,0
2022-01-05,2022-01-05 13:10:00,1078.0,1078.0,1078.0,1078.0,0.0,20.0,21560.0,0
2022-01-05,2022-01-05 13:20:00,1078.0,1078.0,1078.0,1078.0,0.0,20.0,21560.0,0
2022-01-05,2022-01-05 13:30:00,1078.0,1078.0,1078.0,1078.0,0.0,20.0,21560.0,0
2022-01-05,2022-01-05 13:40:00,1078.0,1078.0,1078.0,1078.0,0.0,20.0,21560.0,0
2022-01-05,2022-01-05 13:50:00,1078.0,1078.0,1078.0,1078.0,0.0,20.0,21560.0,0
2022-01-05,2022-01-05 14:00:00,1078.0,1078.0,1078.0,1078.0,0.0,20.0,21560.0,0
2022-01-05,2022-01-05 14:10:00,1078.0,1078.0,1078.0,1078.0,0.0,20.0,21560.0,0
2022-01-05,2022-01-05 14:20:00,1078.0,1078.0,1078.0,1078.0,0.0,20.0,21560.0,0
2022-01-05,2022-01-05 14:30:00,1078.0,1078.0,1078.0,1078.0,0.0,20.0,21560.0,0
2022-01-05,2022-01-05 14:40:00,1078.0,1078.0,1078.0,1078.0,0.0,20.0,21560.0,0
2022-01-05,2022-01-05 14:50:00,1078.0,1078.0,1078.0,1078.0,0.0,20.0,21560.0,0
2022-01-05,2022-01-05 15:00:00,1078.0,1078.0,1078.0,1078.0,0.0,20.0,21560.0,0
2022-01-06,2022-01-06 11:00:00,1056.5,1056.5,1051.55,1055.81,-0.07,3.6,3777.0,-1
2022-01-06,2022-01-06 11:10:00,1055.81,1055.81,1055.12,1055.12,-0.07,3.6,3777.0,-1
2022-01-06,2022-01-06 11:20:00,1055.12,1055.12,1054.44,1054.44,-0.06,3.6,3777.0,-1
2022-01-06,2022-01-06 11:30:00,1054.44,1054.44,1053.75,1053.75,-0.07,3.6,3777.0,-1
2022-01-06,2022-01-06 11:40:00,1053.75,1053.75,1053.06,1053.06,-0.07,3.6,3777.0,-1
2022-01-06,2022-01-06 11:50:00,1053.06,1053.06,1052.38,1052.38,-0.06,3.6,3777.0,-1
2022-01-06,2022-01-06 12:00:00,1052.38,1052.38,1051.69,1051.69,-0.07,3.6,3777.0,-1
2022-01-06,2022-01-06 12:10:00,1051.69,1051.69,1051.0,1051.0,-0.07,3.6,3777.0,-1
2022-01-06,2022-01-06 12:20:00,1051.0,1051.0,1050.31,1050.31,-0.07,3.6,3777.0,-1
2022-01-06,2022-01-06 12:30:00,1050.31,1050.31,1049.62,1049.62,-0.07,3.6,3777.0,-1
2022-01-06,2022-01-06 12:40:00,1049.62,1049.62,1048.94,1048.94,-0.06,3.6,3777.0,-1
2022-01-06,2022-01-06 12:50:00,1048.94,1048.94,1048.25,1048.25,-0.07,3.6,3777.0,-1
2022-01-06,2022-01-06 13:00:00,1048.25,1056.5,1040.0,1047.56,-0.07,3.6,3777.0,-1
2022-01-06,2022-01-06 13:10:00,1047.56,1047.56,1046.88,1046.88,-0.06,3.6,3777.0,-1
2022-01-06,2022-01-06 13:20:00,1046.88,1046.88,1046.19,1046.19,-0.07,3.6,3777.0,-1
2022-01-06,2022-01-06 13:30:00,1046.19,1046.19,1045.5,1045.5,-0.07,3.6,3777.0,-1
2022-01-06,2022-01-06 13:40:00,1045.5,1045.5,1044.81,1044.81,-0.07,3.6,3777.0,-1
2022-01-06,2022-01-06 13:50:00,1044.81,1044.81,1044.12,1044.12,-0.07,3.6,3777.0,-1
2022-01-06,2022-01-06 14:00:00,1044.12,1044.12,1043.44,1043.44,-0.07,3.6,3777.0,-1
2022-01-06,2022-01-06 14:10:00,1043.44,1043.44,1042.75,1042.75,-0.07,3.6,3777.0,-1
2022-01-06,2022-01-06 14:20:00,1042.75,1042.75,1042.06,1042.06,-0.07,3.6,3777.0,-1
2022-01-06,2022-01-06 14:30:00,1042.06,1042.06,1041.38,1041.38,-0.07,3.6,3777.0,-1
2022-01-06,2022-01-06 14:40:00,1041.38,1041.38,1040.69,1040.69,-0.07,3.6,3777.0,-1
2022-01-06,2022-01-06 14:50:00,1040.69,1040.69,1040.0,1040.0,-0.07,3.6,3777.0,-1
2022-01-06,2022-01-06 15:00:00,1040.0,1056.5,1040.0,1040.0,0.0,3.6,3777.0,0
2022-01-09,2022-01-09 11:00:00,1050.0,1051.5,1050.0,1050.21,0.02,3.6,3786.0,1
2022-01-09,2022-01-09 11:10:00,1050.21,1050.42,1050.21,1050.42,0.02,3.6,3786.0,1
2022-01-09,2022-01-09 11:20:00,1050.42,1050.62,1050.42,1050.62,0.02,3.6,3786.0,1
2022-01-09,2022-01-09 11:30:00,1050.62,1050.83,1050.62,1050.83,0.02,3.6,3786.0,1
2022-01-09,2022-01-09 11:40:00,1050.83,1051.04,1050.83,1051.04,0.02,3.6,3786.0,1
2022-01-09,2022-01-09 11:50:00,1051.04,1051.25,1051.04,1051.25,0.02,3.6,3786.0,1
2022-01-09,2022-01-09 12:00:00,1051.25,1051.46,1051.25,1051.46,0.02,3.6,3786.0,1
2022-01-09,2022-01-09 12:10:00,1051.46,1051.67,1051.46,1051.67,0.02,3.6,3786.0,1
2022-01-09,2022-01-09 12:20:00,1051.67,1051.88,1051.67,1051.88,0.02,3.6,3786.0,1
2022-01-09,2022-01-09 12:30:00,1051.88,1052.08,1051.88,1052.08,0.02,3.6,3786.0,1
2022-01-09,2022-01-09 12:40:00,1052.08,1052.29,1052.08,1052.29,0.02,3.6,3786.0,1
2022-01-09,2022-01-09 12:50:00,1052.29,1052.5,1052.29,1052.5,0.02,3.6,3786.0,1
2022-01-09,2022-01-09 13:00:00,1052.5,1055.0,1050.0,1052.71,0.02,3.6,3786.0,1
2022-01-09,2022-01-09 13:10:00,1052.71,1052.92,1052.71,1052.92,0.02,3.6,3786.0,1
2022-01-09,2022-01-09 13:20:00,1052.92,1053.12,1052.92,1053.12,0.02,3.6,3786.0,1
2022-01-09,2022-01-09 13:30:00,1053.12,1053.33,1053.12,1053.33,0.02,3.6,3786.0,1
2022-01-09,2022-01-09 13:40:00,1053.33,1053.54,1053.33,1053.54,0.02,3.6,3786.0,1
2022-01-09,2022-01-09 13:50:00,1053.54,1053.75,1053.54,1053.75,0.02,3.6,3786.0,1
2022-01-09,2022-01-09 14:00:00,1053.75,1053.96,1053.75,1053.96,0.02,3.6,3786.0,1
2022-01-09,2022-01-09 14:10:00,1053.96,1054.17,1053.96,1054.17,0.02,3.6,3786.0,1
2022-01-09,2022-01-09 14:20:00,1054.17,1054.38,1054.17,1054.38,0.02,3.6,3786.0,1
2022-01-09,2022-01-09 14:30:00,1054.38,1054.58,1054.38,1054.58,0.02,3.6,3786.0,1
2022-01-09,2022-01-09 14:40:00,1054.58,1054.79,1054.58,1054.79,0.02,3.6,3786.0,1
2022-01-09,2022-01-09 14:50:00,1054.79,1055.0,1054.79,1055.0,0.02,3.6,3786.0,1
2022-01-09,2022-01-09 15:00:00,1055.0,1055.0,1050.0,1055.0,0.0,3.6,3786.0,0
2022-01-11,2022-01-11 11:00:00,1076.0,1076.0,1076.0,1076.0,0.0,22.04,23715.04,0
2022-01-11,2022-01-11 11:10:00,1076.0,1076.0,1076.0,1076.0,0.0,22.04,23715.04,0
2022-01-11,2022-01-11 11:20:00,1076.0,1076.0,1076.0,1076.0,0.0,22.04,23715.04,0
2022-01-11,2022-01-11 11:30:00,1076.0,1076.0,1076.0,1076.0,0.0,22.04,23715.04,0
2022-01-11,2022-01-11 11:40:00,1076.0,1076.0,1076.0,1076.0,0.0,22.04,23715.04,0
2022-01-11,2022-01-11 11:50:00,1076.0,1076.0,1076.0,1076.0,0.0,22.04,23715.04,0
2022-01-11,2022-01-11 12:00:00,1076.0,1076.0,1076.0,1076.0,0.0,22.04,23715.04,0
2022-01-11,2022-01-11 12:10:00,1076.0,1076.0,1076.0,1076.0,0.0,22.04,23715.04,0
2022-01-11,2022-01-11 12:20:00,1076.0,1076.0,1076.0,1076.0,0.0,22.04,23715.04,0
2022-01-11,2022-01-11 12:30:00,1076.0,1076.0,1076.0,1076.0,0.0,22.04,23715.04,0
2022-01-11,2022-01-11 12:40:00,1076.0,1076.0,1076.0,1076.0,0.0,22.04,23715.04,0
2022-01-11,2022-01-11 12:50:00,1076.0,1076.0,1076.0,1076.0,0.0,22.04,23715.04,0
2022-01-11,2022-01-11 13:00:00,1076.0,1076.0,1076.0,1076.0,0.0,22.04,23715.04,0
2022-01-11,2022-01-11 13:10:00,1076.0,1076.0,1076.0,1076.0,0.0,22.04,23715.04,0
2022-01-11,2022-01-11 13:20:00,1076.0,1076.0,1076.0,1076.0,0.0,22.04,23715.04,0
2022-01-11,2022-01-11 13:30:00,1076.0,1076.0,1076.0,1076.0,0.0,22.04,23715.04,0
2022-01-11,2022-01-11 13:40:00,1076.0,1076.0,1076.0,1076.0,0.0,22.04,23715.04,0
2022-01-11,2022-01-11 13:50:00,1076.0,1076.0,1076.0,1076.0,0.0,22.04,23715.04,0
2022-01-11,2022-01-11 14:00:00,1076.0,1076.0,1076.0,1076.0,0.0,22.04,23715.04,0
2022-01-11,2022-01-11 14:10:00,1076.0,1076.0,1076.0,1076.0,0.0,22.04,23715.04,0
2022-01-11,2022-01-11 14:20:00,1076.0,1076.0,1076.0,1076.0,0.0,22.04,23715.04,0
2022-01-11,2022-01-11 14:30:00,1076.0,1076.0,1076.0,1076.0,0.0,22.04,23715.04,0
2022-01-11,2022-01-11 14:40:00,1076.0,1076.0,1076.0,1076.0,0.0,22.04,23715.04,0
2022-01-11,2022-01-11 14:50:00,1076.0,1076.0,1076.0,1076.0,0.0,22.04,23715.04,0
2022-01-11,2022-01-11 15:00:00,1076.0,1076.0,1076.0,1076.0,0.0,22.04,23715.04,0
2022-01-12,2022-01-12 11:00:00,1076.0,1076.0,1076.0,1076.0,0.0,2.0,2152.0,0
2022-01-12,2022-01-12 11:10:00,1076.0,1076.0,1076.0,1076.0,0.0,2.0,2152.0,0
2022-01-12,2022-01-12 11:20:00,1076.0,1076.0,1076.0,1076.0,0.0,2.0,2152.0,0
2022-01-12,2022-01-12 11:30:00,1076.0,1076.0,1076.0,1076.0,0.0,2.0,2152.0,0
2022-01-12,2022-01-12 11:40:00,1076.0,1076.0,1076.0,1076.0,0.0,2.0,2152.0,0
2022-01-12,2022-01-12 11:50:00,1076.0,1076.0,1076.0,1076.0,0.0,2.0,2152.0,0
2022-01-12,2022-01-12 12:00:00,1076.0,1076.0,1076.0,1076.0,0.0,2.0,2152.0,0
2022-01-12,2022-01-12 12:10:00,1076.0,1076.0,1076.0,1076.0,0.0,2.0,2152.0,0
2022-01-12,2022-01-12 12:20:00,1076.0,1076.0,1076.0,1076.0,0.0,2.0,2152.0,0
2022-01-12,2022-01-12 12:30:00,1076.0,1076.0,1076.0,1076.0,0.0,2.0,2152.0,0
2022-01-12,2022-01-12 12:40:00,1076.0,1076.0,1076.0,1076.0,0.0,2.0,2152.0,0
2022-01-12,2022-01-12 12:50:00,1076.0,1076.0,1076.0,1076.0,0.0,2.0,2152.0,0
2022-01-12,2022-01-12 13:00:00,1076.0,1076.0,1076.0,1076.0,0.0,2.0,2152.0,0
2022-01-12,2022-01-12 13:10:00,1076.0,1076.0,1076.0,1076.0,0.0,2.0,2152.0,0
2022-01-12,2022-01-12 13:20:00,1076.0,1076.0,1076.0,1076.0,0.0,2.0,2152.0,0
2022-01-12,2022-01-12 13:30:00,1076.0,1076.0,1076.0,1076.0,0.0,2.0,2152.0,0
2022-01-12,2022-01-12 13:40:00,1076.0,1076.0,1076.0,1076.0,0.0,2.0,2152.0,0
2022-01-12,2022-01-12 13:50:00,1076.0,1076.0,1076.0,1076.0,0.0,2.0,2152.0,0
2022-01-12,2022-01-12 14:00:00,1076.0,1076.0,1076.0,1076.0,0.0,2.0,2152.0,0
2022-01-12,2022-01-12 14:10:00,1076.0,1076.0,1076.0,1076.0,0.0,2.0,2152.0,0
2022-01-12,2022-01-12 14:20:00,1076.0,1076.0,1076.0,1076.0,0.0,2.0,2152.0,0
2022-01-12,2022-01-12 14:30:00,1076.0,1076.0,1076.0,1076.0,0.0,2.0,2152.0,0
2022-01-12,2022-01-12 14:40:00,1076.0,1076.0,1076.0,1076.0,0.0,2.0,2152.0,0
2022-01-12,2022-01-12 14:50:00,1076.0,1076.0,1076.0,1076.0,0.0,2.0,2152.0,0
2022-01-12,2022-01-12 15:00:00,1076.0,1076.0,1076.0,1076.0,0.0,2.0,2152.0,0
2022-05-18,2022-05-18 11:00:00,1069.0,1069.0,1069.0,1069.0,0.0,1.0,1069.0,0
2022-05-18,2022-05-18 11:10:00,1069.0,1069.0,1069.0,1069.0,0.0,1.0,1069.0,0
2022-05-18,2022-05-18 11:20:00,1069.0,1069.0,1069.0,1069.0,0.0,1.0,1069.0,0
2022-05-18,2022-05-18 11:30:00,1069.0,1069.0,1069.0,1069.0,0.0,1.0,1069.0,0
2022-05-18,2022-05-18 11:40:00,1069.0,1069.0,1069.0,1069.0,0.0,1.0,1069.0,0
2022-05-18,2022-05-18 11:50:00,1069.0,1069.0,1069.0,1069.0,0.0,1.0,1069.0,0
2022-05-18,2022-05-18 12:00:00,1069.0,1069.0,1069.0,1069.0,0.0,1.0,1069.0,0
2022-05-18,2022-05-18 12:10:00,1069.0,1069.0,1069.0,1069.0,0.0,1.0,1069.0,0
2022-05-18,2022-05-18 12:20:00,1069.0,1069.0,1069.0,1069.0,0.0,1.0,1069.0,0
2022-05-18,2022-05-18 12:30:00,1069.0,1069.0,1069.0,1069.0,0.0,1.0,1069.0,0
2022-05-18,2022-05-18 12:40:00,1069.0,1069.0,1069.0,1069.0,0.0,1.0,1069.0,0
2022-05-18,2022-05-18 12:50:00,1069.0,1069.0,1069.0,1069.0,0.0,1.0,1069.0,0
2022-05-18,2022-05-18 13:00:00,1069.0,1069.0,1069.0,1069.0,0.0,1.0,1069.0,0
2022-05-18,2022-05-18 13:10:00,1069.0,1069.0,1069.0,1069.0,0.0,1.0,1069.0,0
2022-05-18,2022-05-18 13:20:00,1069.0,1069.0,1069.0,1069.0,0.0,1.0,1069.0,0
2022-05-18,2022-05-18 13:30:00,1069.0,1069.0,1069.0,1069.0,0.0,1.0,1069.0,0
2022-05-18,2022-05-18 13:40:00,1069.0,1069.0,1069.0,1069.0,0.0,1.0,1069.0,0
2022-05-18,2022-05-18 13:50:00,1069.0,1069.0,1069.0,1069.0,0.0,1.0,1069.0,0
2022-05-18,2022-05-18 14:00:00,1069.0,1069.0,1069.0,1069.0,0.0,1.0,1069.0,0
2022-05-18,2022-05-18 14:10:00,1069.0,1069.0,1069.0,1069.0,0.0,1.0,1069.0,0
2022-05-18,2022-05-18 14:20:00,1069.0,1069.0,1069.0,1069.0,0.0,1.0,1069.0,0
2022-05-18,2022-05-18 14:30:00,1069.0,1069.0,1069.0,1069.0,0.0,1.0,1069.0,0
2022-05-18,2022-05-18 14:40:00,1069.0,1069.0,1069.0,1069.0,0.0,1.0,1069.0,0
2022-05-18,2022-05-18 14:50:00,1069.0,1069.0,1069.0,1069.0,0.0,1.0,1069.0,0
2022-05-18,2022-05-18 15:00:00,1069.0,1069.0,1069.0,1069.0,0.0,1.0,1069.0,0
2023-03-01,2023-03-01 11:00:00,1047.7,1047.7,1047.7,1047.7,0.0,1.0,1047.7,0
2023-03-01,2023-03-01 11:10:00,1047.7,1047.7,1047.7,1047.7,0.0,1.0,1047.7,0
2023-03-01,2023-03-01 11:20:00,1047.7,1047.7,1047.7,1047.7,0.0,1.0,1047.7,0
2023-03-01,2023-03-01 11:30:00,1047.7,1047.7,1047.7,1047.7,0.0,1.0,1047.7,0
2023-03-01,2023-03-01 11:40:00,1047.7,1047.7,1047.7,1047.7,0.0,1.0,1047.7,0
2023-03-01,2023-03-01 11:50:00,1047.7,1047.7,1047.7,1047.7,0.0,1.0,1047.7,0
2023-03-01,2023-03-01 12:00:00,1047.7,1047.7,1047.7,1047.7,0.0,1.0,1047.7,0
2023-03-01,2023-03-01 12:10:00,1047.7,1047.7,1047.7,1047.7,0.0,1.0,1047.7,0
2023-03-01,2023-03-01 12:20:00,1047.7,1047.7,1047.7,1047.7,0.0,1.0,1047.7,0
2023-03-01,2023-03-01 12:30:00,1047.7,1047.7,1047.7,1047.7,0.0,1.0,1047.7,0
2023-03-01,2023-03-01 12:40:00,1047.7,1047.7,1047.7,1047.7,0.0,1.0,1047.7,0
2023-03-01,2023-03-01 12:50:00,1047.7,1047.7,1047.7,1047.7,0.0,1.0,1047.7,0
2023-03-01,2023-03-01 13:00:00,1047.7,1047.7,1047.7,1047.7,0.0,1.0,1047.7,0
2023-03-01,2023-03-01 13:10:00,1047.7,1047.7,1047.7,1047.7,0.0,1.0,1047.7,0
2023-03-01,2023-03-01 13:20:00,1047.7,1047.7,1047.7,1047.7,0.0,1.0,1047.7,0
2023-03-01,2023-03-01 13:30:00,1047.7,1047.7,1047.7,1047.7,0.0,1.0,1047.7,0
2023-03-01,2023-03-01 13:40:00,1047.7,1047.7,1047.7,1047.7,0.0,1.0,1047.7,0
2023-03-01,2023-03-01 13:50:00,1047.7,1047.7,1047.7,1047.7,0.0,1.0,1047.7,0
2023-03-01,2023-03-01 14:00:00,1047.7,1047.7,1047.7,1047.7,0.0,1.0,1047.7,0
2023-03-01,2023-03-01 14:10:00,1047.7,1047.7,1047.7,1047.7,0.0,1.0,1047.7,0
2023-03-01,2023-03-01 14:20:00,1047.7,1047.7,1047.7,1047.7,0.0,1.0,1047.7,0
2023-03-01,2023-03-01 14:30:00,1047.7,1047.7,1047.7,1047.7,0.0,1.0,1047.7,0
2023-03-01,2023-03-01 14:40:00,1047.7,1047.7,1047.7,1047.7,0.0,1.0,1047.7,0
2023-03-01,2023-03-01 14:50:00,1047.7,1047.7,1047.7,1047.7,0.0,1.0,1047.7,0
2023-03-01,2023-03-01 15:00:00,1047.7,1047.7,1047.7,1047.7,0.0,1.0,1047.7,0
2023-04-06,2023-04-06 11:00:00,1030.0,1030.0,1024.0,1029.17,-0.08,4.0,4048.0,-1
2023-04-06,2023-04-06 11:10:00,1029.17,1029.17,1028.33,1028.33,-0.08,4.0,4048.0,-1
2023-04-06,2023-04-06 11:20:00,1028.33,1028.33,1027.5,1027.5,-0.08,4.0,4048.0,-1
2023-04-06,2023-04-06 11:30:00,1027.5,1027.5,1026.67,1026.67,-0.08,4.0,4048.0,-1
2023-04-06,2023-04-06 11:40:00,1026.67,1026.67,1025.83,1025.83,-0.08,4.0,4048.0,-1
2023-04-06,2023-04-06 11:50:00,1025.83,1025.83,1025.0,1025.0,-0.08,4.0,4048.0,-1
2023-04-06,2023-04-06 12:00:00,1025.0,1025.0,1024.17,1024.17,-0.08,4.0,4048.0,-1
2023-04-06,2023-04-06 12:10:00,1024.17,1024.17,1023.33,1023.33,-0.08,4.0,4048.0,-1
2023-04-06,2023-04-06 12:20:00,1023.33,1023.33,1022.5,1022.5,-0.08,4.0,4048.0,-1
2023-04-06,2023-04-06 12:30:00,1022.5,1022.5,1021.67,1021.67,-0.08,4.0,4048.0,-1
2023-04-06,2023-04-06 12:40:00,1021.67,1021.67,1020.83,1020.83,-0.08,4.0,4048.0,-1
2023-04-06,2023-04-06 12:50:00,1020.83,1020.83,1020.0,1020.0,-0.08,4.0,4048.0,-1
2023-04-06,2023-04-06 13:00:00,1020.0,1030.0,1010.0,1019.17,-0.08,4.0,4048.0,-1
2023-04-06,2023-04-06 13:10:00,1019.17,1019.17,1018.33,1018.33,-0.08,4.0,4048.0,-1
2023-04-06,2023-04-06 13:20:00,1018.33,1018.33,1017.5,1017.5,-0.08,4.0,4048.0,-1
2023-04-06,2023-04-06 13:30:00,1017.5,1017.5,1016.67,1016.67,-0.08,4.0,4048.0,-1
2023-04-06,2023-04-06 13:40:00,1016.67,1016.67,1015.83,1015.83,-0.08,4.0,4048.0,-1
2023-04-06,2023-04-06 13:50:00,1015.83,1015.83,1015.0,1015.0,-0.08,4.0,4048.0,-1
2023-04-06,2023-04-06 14:00:00,1015.0,1015.0,1014.17,1014.17,-0.08,4.0,4048.0,-1
2023-04-06,2023-04-06 14:10:00,1014.17,1014.17,1013.33,1013.33,-0.08,4.0,4048.0,-1
2023-04-06,2023-04-06 14:20:00,1013.33,1013.33,1012.5,1012.5,-0.08,4.0,4048.0,-1
2023-04-06,2023-04-06 14:30:00,1012.5,1012.5,1011.67,1011.67,-0.08,4.0,4048.0,-1
2023-04-06,2023-04-06 14:40:00,1011.67,1011.67,1010.83,1010.83,-0.08,4.0,4048.0,-1
2023-04-06,2023-04-06 14:50:00,1010.83,1010.83,1010.0,1010.0,-0.08,4.0,4048.0,-1
2023-04-06,2023-04-06 15:00:00,1010.0,1030.0,1010.0,1010.0,0.0,4.0,4048.0,0
2023-04-13,2023-04-13 11:00:00,1010.0,1010.0,1010.0,1010.0,0.0,2.0,2020.0,0
2023-04-13,2023-04-13 11:10:00,1010.0,1010.0,1010.0,1010.0,0.0,2.0,2020.0,0
2023-04-13,2023-04-13 11:20:00,1010.0,1010.0,1010.0,1010.0,0.0,2.0,2020.0,0
2023-04-13,2023-04-13 11:30:00,1010.0,1010.0,1010.0,1010.0,0.0,2.0,2020.0,0
2023-04-13,2023-04-13 11:40:00,1010.0,1010.0,1010.0,1010.0,0.0,2.0,2020.0,0
2023-04-13,2023-04-13 11:50:00,1010.0,1010.0,1010.0,1010.0,0.0,2.0,2020.0,0
2023-04-13,2023-04-13 12:00:00,1010.0,1010.0,1010.0,1010.0,0.0,2.0,2020.0,0
2023-04-13,2023-04-13 12:10:00,1010.0,1010.0,1010.0,1010.0,0.0,2.0,2020.0,0
2023-04-13,2023-04-13 12:20:00,1010.0,1010.0,1010.0,1010.0,0.0,2.0,2020.0,0
2023-04-13,2023-04-13 12:30:00,1010.0,1010.0,1010.0,1010.0,0.0,2.0,2020.0,0
2023-04-13,2023-04-13 12:40:00,1010.0,1010.0,1010.0,1010.0,0.0,2.0,2020.0,0
2023-04-13,2023-04-13 12:50:00,1010.0,1010.0,1010.0,1010.0,0.0,2.0,2020.0,0
2023-04-13,2023-04-13 13:00:00,1010.0,1010.0,1010.0,1010.0,0.0,2.0,2020.0,0
2023-04-13,2023-04-13 13:10:00,1010.0,1010.0,1010.0,1010.0,0.0,2.0,2020.0,0
2023-04-13,2023-04-13 13:20:00,1010.0,1010.0,1010.0,1010.0,0.0,2.0,2020.0,0
2023-04-13,2023-04-13 13:30:00,1010.0,1010.0,1010.0,1010.0,0.0,2.0,2020.0,0
2023-04-13,2023-04-13 13:40:00,1010.0,1010.0,1010.0,1010.0,0.0,2.0,2020.0,0
2023-04-13,2023-04-13 13:50:00,1010.0,1010.0,1010.0,1010.0,0.0,2.0,2020.0,0
2023-04-13,2023-04-13 14:00:00,1010.0,1010.0,1010.0,1010.0,0.0,2.0,2020.0,0
2023-04-13,2023-04-13 14:10:00,1010.0,1010.0,1010.0,1010.0,0.0,2.0,2020.0,0
2023-04-13,2023-04-13 14:20:00,1010.0,1010.0,1010.0,1010.0,0.0,2.0,2020.0,0
2023-04-13,2023-04-13 14:30:00,1010.0,1010.0,1010.0,1010.0,0.0,2.0,2020.0,0
2023-04-13,2023-04-13 14:40:00,1010.0,1010.0,1010.0,1010.0,0.0,2.0,2020.0,0
2023-04-13,2023-04-13 14:50:00,1010.0,1010.0,1010.0,1010.0,0.0,2.0,2020.0,0
2023-04-13,2023-04-13 15:00:00,1010.0,1010.0,1010.0,1010.0,0.0,2.0,2020.0,0
2023-04-24,2023-04-24 11:00:00,1010.0,1010.0,1010.0,1010.0,0.0,4.0,4040.0,0
2023-04-24,2023-04-24 11:10:00,1010.0,1010.0,1010.0,1010.0,0.0,4.0,4040.0,0
2023-04-24,2023-04-24 11:20:00,1010.0,1010.0,1010.0,1010.0,0.0,4.0,4040.0,0
2023-04-24,2023-04-24 11:30:00,1010.0,1010.0,1010.0,1010.0,0.0,4.0,4040.0,0
2023-04-24,2023-04-24 11:40:00,1010.0,1010.0,1010.0,1010.0,0.0,4.0,4040.0,0
2023-04-24,2023-04-24 11:50:00,1010.0,1010.0,1010.0,1010.0,0.0,4.0,4040.0,0
2023-04-24,2023-04-24 12:00:00,1010.0,1010.0,1010.0,1010.0,0.0,4.0,4040.0,0
2023-04-24,2023-04-24 12:10:00,1010.0,1010.0,1010.0,1010.0,0.0,4.0,4040.0,0
2023-04-24,2023-04-24 12:20:00,1010.0,1010.0,1010.0,1010.0,0.0,4.0,4040.0,0
2023-04-24,2023-04-24 12:30:00,1010.0,1010.0,1010.0,1010.0,0.0,4.0,4040.0,0
2023-04-24,2023-04-24 12:40:00,1010.0,1010.0,1010.0,1010.0,0.0,4.0,4040.0,0
2023-04-24,2023-04-24 12:50:00,1010.0,1010.0,1010.0,1010.0,0.0,4.0,4040.0,0
2023-04-24,2023-04-24 13:00:00,1010.0,1010.0,1010.0,1010.0,0.0,4.0,4040.0,0
2023-04-24,2023-04-24 13:10:00,1010.0,1010.0,1010.0,1010.0,0.0,4.0,4040.0,0
2023-04-24,2023-04-24 13:20:00,1010.0,1010.0,1010.0,1010.0,0.0,4.0,4040.0,0
2023-04-24,2023-04-24 13:30:00,1010.0,1010.0,1010.0,1010.0,0.0,4.0,4040.0,0
2023-04-24,2023-04-24 13:40:00,1010.0,1010.0,1010.0,1010.0,0.0,4.0,4040.0,0
2023-04-24,2023-04-24 13:50:00,1010.0,1010.0,1010.0,1010.0,0.0,4.0,4040.0,0
2023-04-24,2023-04-24 14:00:00,1010.0,1010.0,1010.0,1010.0,0.0,4.0,4040.0,0
2023-04-24,2023-04-24 14:10:00,1010.0,1010.0,1010.0,1010.0,0.0,4.0,4040.0,0
2023-04-24,2023-04-24 14:20:00,1010.0,1010.0,1010.0,1010.0,0.0,4.0,4040.0,0
2023-04-24,2023-04-24 14:30:00,1010.0,1010.0,1010.0,1010.0,0.0,4.0,4040.0,0
2023-04-24,2023-04-24 14:40:00,1010.0,1010.0,1010.0,1010.0,0.0,4.0,4040.0,0
2023-04-24,2023-04-24 14:50:00,1010.0,1010.0,1010.0,1010.0,0.0,4.0,4040.0,0
2023-04-24,2023-04-24 15:00:00,1010.0,1010.0,1010.0,1010.0,0.0,4.0,4040.0,0
2023-04-26,2023-04-26 11:00:00,1010.0,1010.0,1010.0,1010.0,0.0,1.0,1010.0,0
2023-04-26,2023-04-26 11:10:00,1010.0,1010.0,1010.0,1010.0,0.0,1.0,1010.0,0
2023-04-26,2023-04-26 11:20:00,1010.0,1010.0,1010.0,1010.0,0.0,1.0,1010.0,0
2023-04-26,2023-04-26 11:30:00,1010.0,1010.0,1010.0,1010.0,0.0,1.0,1010.0,0
2023-04-26,2023-04-26 11:40:00,1010.0,1010.0,1010.0,1010.0,0.0,1.0,1010.0,0
2023-04-26,2023-04-26 11:50:00,1010.0,1010.0,1010.0,1010.0,0.0,1.0,1010.0,0
2023-04-26,2023-04-26 12:00:00,1010.0,1010.0,1010.0,1010.0,0.0,1.0,1010.0,0
2023-04-26,2023-04-26 12:10:00,1010.0,1010.0,1010.0,1010.0,0.0,1.0,1010.0,0
2023-04-26,2023-04-26 12:20:00,1010.0,1010.0,1010.0,1010.0,0.0,1.0,1010.0,0
2023-04-26,2023-04-26 12:30:00,1010.0,1010.0,1010.0,1010.0,0.0,1.0,1010.0,0
2023-04-26,2023-04-26 12:40:00,1010.0,1010.0,1010.0,1010.0,0.0,1.0,1010.0,0
2023-04-26,2023-04-26 12:50:00,1010.0,1010.0,1010.0,1010.0,0.0,1.0,1010.0,0
2023-04-26,2023-04-26 13:00:00,1010.0,1010.0,1010.0,1010.0,0.0,1.0,1010.0,0
2023-04-26,2023-04-26 13:10:00,1010.0,1010.0,1010.0,1010.0,0.0,1.0,1010.0,0
2023-04-26,2023-04-26 13:20:00,1010.0,1010.0,1010.0,1010.0,0.0,1.0,1010.0,0
2023-04-26,2023-04-26 13:30:00,1010.0,1010.0,1010.0,1010.0,0.0,1.0,1010.0,0
2023-04-26,2023-04-26 13:40:00,1010.0,1010.0,1010.0,1010.0,0.0,1.0,1010.0,0
2023-04-26,2023-04-26 13:50:00,1010.0,1010.0,1010.0,1010.0,0.0,1.0,1010.0,0
2023-04-26,2023-04-26 14:00:00,1010.0,1010.0,1010.0,1010.0,0.0,1.0,1010.0,0
2023-04-26,2023-04-26 14:10:00,1010.0,1010.0,1010.0,1010.0,0.0,1.0,1010.0,0
2023-04-26,2023-04-26 14:20:00,1010.0,1010.0,1010.0,1010.0,0.0,1.0,1010.0,0
2023-04-26,2023-04-26 14:30:00,1010.0,1010.0,1010.0,1010.0,0.0,1.0,1010.0,0
2023-04-26,2023-04-26 14:40:00,1010.0,1010.0,1010.0,1010.0,0.0,1.0,1010.0,0
2023-04-26,2023-04-26 14:50:00,1010.0,1010.0,1010.0,1010.0,0.0,1.0,1010.0,0
2023-04-26,2023-04-26 15:00:00,1010.0,1010.0,1010.0,1010.0,0.0,1.0,1010.0,0
2023-05-21,2023-05-21 11:00:00,990.0,990.0,984.06,989.17,-0.08,1.6,1572.12,-1
2023-05-21,2023-05-21 11:10:00,989.17,989.17,988.35,988.35,-0.08,1.6,1572.12,-1
2023-05-21,2023-05-21 11:20:00,988.35,988.35,987.52,987.52,-0.08,1.6,1572.12,-1
2023-05-21,2023-05-21 11:30:00,987.52,987.52,986.7,986.7,-0.08,1.6,1572.12,-1
2023-05-21,2023-05-21 11:40:00,986.7,986.7,985.88,985.88,-0.08,1.6,1572.12,-1
2023-05-21,2023-05-21 11:50:00,985.88,985.88,985.05,985.05,-0.08,1.6,1572.12,-1
2023-05-21,2023-05-21 12:00:00,985.05,985.05,984.23,984.23,-0.08,1.6,1572.12,-1
2023-05-21,2023-05-21 12:10:00,984.23,984.23,983.4,983.4,-0.08,1.6,1572.12,-1
2023-05-21,2023-05-21 12:20:00,983.4,983.4,982.58,982.58,-0.08,1.6,1572.12,-1
2023-05-21,2023-05-21 12:30:00,982.58,982.58,981.75,981.75,-0.08,1.6,1572.12,-1
2023-05-21,2023-05-21 12:40:00,981.75,981.75,980.93,980.93,-0.08,1.6,1572.12,-1
2023-05-21,2023-05-21 12:50:00,980.93,980.93,980.1,980.1,-0.08,1.6,1572.12,-1
2023-05-21,2023-05-21 13:00:00,980.1,990.0,970.2,979.27,-0.08,1.6,1572.12,-1
2023-05-21,2023-05-21 13:10:00,979.27,979.27,978.45,978.45,-0.08,1.6,1572.12,-1
2023-05-21,2023-05-21 13:20:00,978.45,978.45,977.62,977.62,-0.08,1.6,1572.12,-1
2023-05-21,2023-05-21 13:30:00,977.62,977.62,976.8,976.8,-0.08,1.6,1572.12,-1
2023-05-21,2023-05-21 13:40:00,976.8,976.8,975.98,975.98,-0.08,1.6,1572.12,-1
2023-05-21,2023-05-21 13:50:00,975.98,975.98,975.15,975.15,-0.09,1.6,1572.12,-1
2023-05-21,2023-05-21 14:00:00,975.15,975.15,974.33,974.33,-0.08,1.6,1572.12,-1
2023-05-21,2023-05-21 14:10:00,974.33,974.33,973.5,973.5,-0.09,1.6,1572.12,-1
2023-05-21,2023-05-21 14:20:00,973.5,973.5,972.68,972.68,-0.08,1.6,1572.12,-1
2023-05-21,2023-05-21 14:30:00,972.68,972.68,971.85,971.85,-0.09,1.6,1572.12,-1
2023-05-21,2023-05-21 14:40:00,971.85,971.85,971.03,971.03,-0.08,1.6,1572.12,-1
2023-05-21,2023-05-21 14:50:00,971.03,971.03,970.2,970.2,-0.09,1.6,1572.12,-1
2023-05-21,2023-05-21 15:00:00,970.2,990.0,970.2,970.2,0.0,1.6,1572.12,0
2023-06-12,2023-06-12 11:00:00,989.6,995.51,989.6,990.42,0.08,1.6,1591.24,1
2023-06-12,2023-06-12 11:10:00,990.42,991.24,990.42,991.24,0.08,1.6,1591.24,1
2023-06-12,2023-06-12 11:20:00,991.24,992.06,991.24,992.06,0.08,1.6,1591.24,1
2023-06-12,2023-06-12 11:30:00,992.06,992.88,992.06,992.88,0.08,1.6,1591.24,1
2023-06-12,2023-06-12 11:40:00,992.88,993.7,992.88,993.7,0.08,1.6,1591.24,1
2023-06-12,2023-06-12 11:50:00,993.7,994.52,993.7,994.52,0.08,1.6,1591.24,1
2023-06-12,2023-06-12 12:00:00,994.52,995.35,994.52,995.35,0.08,1.6,1591.24,1
2023-06-12,2023-06-12 12:10:00,995.35,996.17,995.35,996.17,0.08,1.6,1591.24,1
2023-06-12,2023-06-12 12:20:00,996.17,996.99,996.17,996.99,0.08,1.6,1591.24,1
2023-06-12,2023-06-12 12:30:00,996.99,997.81,996.99,997.81,0.08,1.6,1591.24,1
2023-06-12,2023-06-12 12:40:00,997.81,998.63,997.81,998.63,0.08,1.6,1591.24,1
2023-06-12,2023-06-12 12:50:00,998.63,999.45,998.63,999.45,0.08,1.6,1591.24,1
2023-06-12,2023-06-12 13:00:00,999.45,1009.3,989.6,1000.27,0.08,1.6,1591.24,1
2023-06-12,2023-06-12 13:10:00,1000.27,1001.09,1000.27,1001.09,0.08,1.6,1591.24,1
2023-06-12,2023-06-12 13:20:00,1001.09,1001.91,1001.09,1001.91,0.08,1.6,1591.24,1
2023-06-12,2023-06-12 13:30:00,1001.91,1002.73,1001.91,1002.73,0.08,1.6,1591.24,1
2023-06-12,2023-06-12 13:40:00,1002.73,1003.55,1002.73,1003.55,0.08,1.6,1591.24,1
2023-06-12,2023-06-12 13:50:00,1003.55,1004.38,1003.55,1004.38,0.08,1.6,1591.24,1
2023-06-12,2023-06-12 14:00:00,1004.38,1005.2,1004.38,1005.2,0.08,1.6,1591.24,1
2023-06-12,2023-06-12 14:10:00,1005.2,1006.02,1005.2,1006.02,0.08,1.6,1591.24,1
2023-06-12,2023-06-12 14:20:00,1006.02,1006.84,1006.02,1006.84,0.08,1.6,1591.24,1
2023-06-12,2023-06-12 14:30:00,1006.84,1007.66,1006.84,1007.66,0.08,1.6,1591.24,1
2023-06-12,2023-06-12 14:40:00,1007.66,1008.48,1007.66,1008.48,0.08,1.6,1591.24,1
2023-06-12,2023-06-12 14:50:00,1008.48,1009.3,1008.48,1009.3,0.08,1.6,1591.24,1
2023-06-12,2023-06-12 15:00:00,1009.3,1009.3,989.6,1009.3,0.0,1.6,1591.24,0
2023-06-18,2023-06-18 11:00:00,1004.0,1017.77,1004.0,1005.91,0.19,15.6,15903.24,1
2023-06-18,2023-06-18 11:10:00,1005.91,1007.83,1005.91,1007.83,0.19,15.6,15903.24,1
2023-06-18,2023-06-18 11:20:00,1007.83,1009.74,1007.83,1009.74,0.19,15.6,15903.24,1
2023-06-18,2023-06-18 11:30:00,1009.74,1011.65,1009.74,1011.65,0.19,15.6,15903.24,1
2023-06-18,2023-06-18 11:40:00,1011.65,1013.56,1011.65,1013.56,0.19,15.6,15903.24,1
2023-06-18,2023-06-18 11:50:00,1013.56,1015.48,1013.56,1015.48,0.19,15.6,15903.24,1
2023-06-18,2023-06-18 12:00:00,1015.48,1017.39,1015.48,1017.39,0.19,15.6,15903.24,1
2023-06-18,2023-06-18 12:10:00,1017.39,1019.3,1017.39,1019.3,0.19,15.6,15903.24,1
2023-06-18,2023-06-18 12:20:00,1019.3,1021.21,1019.3,1021.21,0.19,15.6,15903.24,1
2023-06-18,2023-06-18 12:30:00,1021.21,1023.12,1021.21,1023.12,0.19,15.6,15903.24,1
2023-06-18,2023-06-18 12:40:00,1023.12,1025.04,1023.12,1025.04,0.19,15.6,15903.24,1
2023-06-18,2023-06-18 12:50:00,1025.04,1026.95,1025.04,1026.95,0.19,15.6,15903.24,1
2023-06-18,2023-06-18 13:00:00,1026.95,1049.9,1004.0,1028.86,0.19,15.6,15903.24,1
2023-06-18,2023-06-18 13:10:00,1028.86,1030.78,1028.86,1030.78,0.19,15.6,15903.24,1
2023-06-18,2023-06-18 13:20:00,1030.78,1032.69,1030.78,1032.69,0.19,15.6,15903.24,1
2023-06-18,2023-06-18 13:30:00,1032.69,1034.6,1032.69,1034.6,0.18,15.6,15903.24,1
2023-06-18,2023-06-18 13:40:00,1034.6,1036.51,1034.6,1036.51,0.18,15.6,15903.24,1
2023-06-18,2023-06-18 13:50:00,1036.51,1038.43,1036.51,1038.43,0.19,15.6,15903.24,1
2023-06-18,2023-06-18 14:00:00,1038.43,1040.34,1038.43,1040.34,0.18,15.6,15903.24,1
2023-06-18,2023-06-18 14:10:00,1040.34,1042.25,1040.34,1042.25,0.18,15.6,15903.24,1
2023-06-18,2023-06-18 14:20:00,1042.25,1044.16,1042.25,1044.16,0.18,15.6,15903.24,1
2023-06-18,2023-06-18 14:30:00,1044.16,1046.08,1044.16,1046.08,0.18,15.6,15903.24,1
2023-06-18,2023-06-18 14:40:00,1046.08,1047.99,1046.08,1047.99,0.18,15.6,15903.24,1
2023-06-18,2023-06-18 14:50:00,1047.99,1049.9,1047.99,1049.9,0.18,15.6,15903.24,1
2023-06-18,2023-06-18 15:00:00,1049.9,1049.9,1004.0,1049.9,0.0,15.6,15903.24,0
2023-07-02,2023-07-02 11:00:00,1070.8,1077.22,1070.8,1071.69,0.08,2.0,2163.0,1
2023-07-02,2023-07-02 11:10:00,1071.69,1072.58,1071.69,1072.58,0.08,2.0,2163.0,1
2023-07-02,2023-07-02 11:20:00,1072.58,1073.47,1072.58,1073.47,0.08,2.0,2163.0,1
2023-07-02,2023-07-02 11:30:00,1073.47,1074.37,1073.47,1074.37,0.08,2.0,2163.0,1
2023-07-02,2023-07-02 11:40:00,1074.37,1075.26,1074.37,1075.26,0.08,2.0,2163.0,1
2023-07-02,2023-07-02 11:50:00,1075.26,1076.15,1075.26,1076.15,0.08,2.0,2163.0,1
2023-07-02,2023-07-02 12:00:00,1076.15,1077.04,1076.15,1077.04,0.08,2.0,2163.0,1
2023-07-02,2023-07-02 12:10:00,1077.04,1077.93,1077.04,1077.93,0.08,2.0,2163.0,1
2023-07-02,2023-07-02 12:20:00,1077.93,1078.83,1077.93,1078.83,0.08,2.0,2163.0,1
2023-07-02,2023-07-02 12:30:00,1078.83,1079.72,1078.83,1079.72,0.08,2.0,2163.0,1
2023-07-02,2023-07-02 12:40:00,1079.72,1080.61,1079.72,1080.61,0.08,2.0,2163.0,1
2023-07-02,2023-07-02 12:50:00,1080.61,1081.5,1080.61,1081.5,0.08,2.0,2163.0,1
2023-07-02,2023-07-02 13:00:00,1081.5,1092.2,1070.8,1082.39,0.08,2.0,2163.0,1
2023-07-02,2023-07-02 13:10:00,1082.39,1083.28,1082.39,1083.28,0.08,2.0,2163.0,1
2023-07-02,2023-07-02 13:20:00,1083.28,1084.17,1083.28,1084.17,0.08,2.0,2163.0,1
2023-07-02,2023-07-02 13:30:00,1084.17,1085.07,1084.17,1085.07,0.08,2.0,2163.0,1
2023-07-02,2023-07-02 13:40:00,1085.07,1085.96,1085.07,1085.96,0.08,2.0,2163.0,1
2023-07-02,2023-07-02 13:50:00,1085.96,1086.85,1085.96,1086.85,0.08,2.0,2163.0,1
2023-07-02,2023-07-02 14:00:00,1086.85,1087.74,1086.85,1087.74,0.08,2.0,2163.0,1
2023-07-02,2023-07-02 14:10:00,1087.74,1088.63,1087.74,1088.63,0.08,2.0,2163.0,1
2023-07-02,2023-07-02 14:20:00,1088.63,1089.53,1088.63,1089.53,0.08,2.0,2163.0,1
2023-07-02,2023-07-02 14:30:00,1089.53,1090.42,1089.53,1090.42,0.08,2.0,2163.0,1
2023-07-02,2023-07-02 14:40:00,1090.42,1091.31,1090.42,1091.31,0.08,2.0,2163.0,1
2023-07-02,2023-07-02 14:50:00,1091.31,1092.2,1091.31,1092.2,0.08,2.0,2163.0,1
2023-07-02,2023-07-02 15:00:00,1092.2,1092.2,1070.8,1092.2,0.0,2.0,2163.0,0
2023-07-09,2023-07-09 11:00:00,1114.0,1114.0,1114.0,1114.0,0.0,1.0,1114.0,0
2023-07-09,2023-07-09 11:10:00,1114.0,1114.0,1114.0,1114.0,0.0,1.0,1114.0,0
2023-07-09,2023-07-09 11:20:00,1114.0,1114.0,1114.0,1114.0,0.0,1.0,1114.0,0
2023-07-09,2023-07-09 11:30:00,1114.0,1114.0,1114.0,1114.0,0.0,1.0,1114.0,0
2023-07-09,2023-07-09 11:40:00,1114.0,1114.0,1114.0,1114.0,0.0,1.0,1114.0,0
2023-07-09,2023-07-09 11:50:00,1114.0,1114.0,1114.0,1114.0,0.0,1.0,1114.0,0
2023-07-09,2023-07-09 12:00:00,1114.0,1114.0,1114.0,1114.0,0.0,1.0,1114.0,0
2023-07-09,2023-07-09 12:10:00,1114.0,1114.0,1114.0,1114.0,0.0,1.0,1114.0,0
2023-07-09,2023-07-09 12:20:00,1114.0,1114.0,1114.0,1114.0,0.0,1.0,1114.0,0
2023-07-09,2023-07-09 12:30:00,1114.0,1114.0,1114.0,1114.0,0.0,1.0,1114.0,0
2023-07-09,2023-07-09 12:40:00,1114.0,1114.0,1114.0,1114.0,0.0,1.0,1114.0,0
2023-07-09,2023-07-09 12:50:00,1114.0,1114.0,1114.0,1114.0,0.0,1.0,1114.0,0
2023-07-09,2023-07-09 13:00:00,1114.0,1114.0,1114.0,1114.0,0.0,1.0,1114.0,0
2023-07-09,2023-07-09 13:10:00,1114.0,1114.0,1114.0,1114.0,0.0,1.0,1114.0,0
2023-07-09,2023-07-09 13:20:00,1114.0,1114.0,1114.0,1114.0,0.0,1.0,1114.0,0
2023-07-09,2023-07-09 13:30:00,1114.0,1114.0,1114.0,1114.0,0.0,1.0,1114.0,0
2023-07-09,2023-07-09 13:40:00,1114.0,1114.0,1114.0,1114.0,0.0,1.0,1114.0,0
2023-07-09,2023-07-09 13:50:00,1114.0,1114.0,1114.0,1114.0,0.0,1.0,1114.0,0
2023-07-09,2023-07-09 14:00:00,1114.0,1114.0,1114.0,1114.0,0.0,1.0,1114.0,0
2023-07-09,2023-07-09 14:10:00,1114.0,1114.0,1114.0,1114.0,0.0,1.0,1114.0,0
2023-07-09,2023-07-09 14:20:00,1114.0,1114.0,1114.0,1114.0,0.0,1.0,1114.0,0
2023-07-09,2023-07-09 14:30:00,1114.0,1114.0,1114.0,1114.0,0.0,1.0,1114.0,0
2023-07-09,2023-07-09 14:40:00,1114.0,1114.0,1114.0,1114.0,0.0,1.0,1114.0,0
2023-07-09,2023-07-09 14:50:00,1114.0,1114.0,1114.0,1114.0,0.0,1.0,1114.0,0
2023-07-09,2023-07-09 15:00:00,1114.0,1114.0,1114.0,1114.0,0.0,1.0,1114.0,0
2023-07-10,2023-07-10 11:00:00,1091.9,1105.13,1091.9,1093.74,0.17,23.0,25203.9,1
2023-07-10,2023-07-10 11:10:00,1093.74,1095.58,1093.74,1095.58,0.17,23.0,25203.9,1
2023-07-10,2023-07-10 11:20:00,1095.58,1097.41,1095.58,1097.41,0.17,23.0,25203.9,1
2023-07-10,2023-07-10 11:30:00,1097.41,1099.25,1097.41,1099.25,0.17,23.0,25203.9,1
2023-07-10,2023-07-10 11:40:00,1099.25,1101.09,1099.25,1101.09,0.17,23.0,25203.9,1
2023-07-10,2023-07-10 11:50:00,1101.09,1102.93,1101.09,1102.93,0.17,23.0,25203.9,1
2023-07-10,2023-07-10 12:00:00,1102.93,1104.76,1102.93,1104.76,0.17,23.0,25203.9,1
2023-07-10,2023-07-10 12:10:00,1104.76,1106.6,1104.76,1106.6,0.17,23.0,25203.9,1
2023-07-10,2023-07-10 12:20:00,1106.6,1108.44,1106.6,1108.44,0.17,23.0,25203.9,1
2023-07-10,2023-07-10 12:30:00,1108.44,1110.28,1108.44,1110.28,0.17,23.0,25203.9,1
2023-07-10,2023-07-10 12:40:00,1110.28,1112.11,1110.28,1112.11,0.16,23.0,25203.9,1
2023-07-10,2023-07-10 12:50:00,1112.11,1113.95,1112.11,1113.95,0.17,23.0,25203.9,1
2023-07-10,2023-07-10 13:00:00,1113.95,1136.0,1091.9,1115.79,0.17,23.0,25203.9,1
2023-07-10,2023-07-10 13:10:00,1115.79,1117.62,1115.79,1117.62,0.16,23.0,25203.9,1
2023-07-10,2023-07-10 13:20:00,1117.62,1119.46,1117.62,1119.46,0.16,23.0,25203.9,1
2023-07-10,2023-07-10 13:30:00,1119.46,1121.3,1119.46,1121.3,0.16,23.0,25203.9,1
2023-07-10,2023-07-10 13:40:00,1121.3,1123.14,1121.3,1123.14,0.16,23.0,25203.9,1
2023-07-10,2023-07-10 13:50:00,1123.14,1124.97,1123.14,1124.97,0.16,23.0,25203.9,1
2023-07-10,2023-07-10 14:00:00,1124.97,1126.81,1124.97,1126.81,0.16,23.0,25203.9,1
2023-07-10,2023-07-10 14:10:00,1126.81,1128.65,1126.81,1128.65,0.16,23.0,25203.9,1
2023-07-10,2023-07-10 14:20:00,1128.65,1130.49,1128.65,1130.49,0.16,23.0,25203.9,1
2023-07-10,2023-07-10 14:30:00,1130.49,1132.33,1130.49,1132.33,0.16,23.0,25203.9,1
2023-07-10,2023-07-10 14:40:00,1132.33,1134.16,1132.33,1134.16,0.16,23.0,25203.9,1
2023-07-10,2023-07-10 14:50:00,1134.16,1136.0,1134.16,1136.0,0.16,23.0,25203.9,1
2023-07-10,2023-07-10 15:00:00,1136.0,1136.0,1091.9,1136.0,0.0,23.0,25203.9,0
2023-07-13,2023-07-13 11:00:00,1158.7,1158.7,1158.7,1158.7,0.0,0.4,463.48,0
2023-07-13,2023-07-13 11:10:00,1158.7,1158.7,1158.7,1158.7,0.0,0.4,463.48,0
2023-07-13,2023-07-13 11:20:00,1158.7,1158.7,1158.7,1158.7,0.0,0.4,463.48,0
2023-07-13,2023-07-13 11:30:00,1158.7,1158.7,1158.7,1158.7,0.0,0.4,463.48,0
2023-07-13,2023-07-13 11:40:00,1158.7,1158.7,1158.7,1158.7,0.0,0.4,463.48,0
2023-07-13,2023-07-13 11:50:00,1158.7,1158.7,1158.7,1158.7,0.0,0.4,463.48,0
2023-07-13,2023-07-13 12:00:00,1158.7,1158.7,1158.7,1158.7,0.0,0.4,463.48,0
2023-07-13,2023-07-13 12:10:00,1158.7,1158.7,1158.7,1158.7,0.0,0.4,463.48,0
2023-07-13,2023-07-13 12:20:00,1158.7,1158.7,1158.7,1158.7,0.0,0.4,463.48,0
2023-07-13,2023-07-13 12:30:00,1158.7,1158.7,1158.7,1158.7,0.0,0.4,463.48,0
2023-07-13,2023-07-13 12:40:00,1158.7,1158.7,1158.7,1158.7,0.0,0.4,463.48,0
2023-07-13,2023-07-13 12:50:00,1158.7,1158.7,1158.7,1158.7,0.0,0.4,463.48,0
2023-07-13,2023-07-13 13:00:00,1158.7,1158.7,1158.7,1158.7,0.0,0.4,463.48,0
2023-07-13,2023-07-13 13:10:00,1158.7,1158.7,1158.7,1158.7,0.0,0.4,463.48,0
2023-07-13,2023-07-13 13:20:00,1158.7,1158.7,1158.7,1158.7,0.0,0.4,463.48,0
2023-07-13,2023-07-13 13:30:00,1158.7,1158.7,1158.7,1158.7,0.0,0.4,463.48,0
2023-07-13,2023-07-13 13:40:00,1158.7,1158.7,1158.7,1158.7,0.0,0.4,463.48,0
2023-07-13,2023-07-13 13:50:00,1158.7,1158.7,1158.7,1158.7,0.0,0.4,463.48,0
2023-07-13,2023-07-13 14:00:00,1158.7,1158.7,1158.7,1158.7,0.0,0.4,463.48,0
2023-07-13,2023-07-13 14:10:00,1158.7,1158.7,1158.7,1158.7,0.0,0.4,463.48,0
2023-07-13,2023-07-13 14:20:00,1158.7,1158.7,1158.7,1158.7,0.0,0.4,463.48,0
2023-07-13,2023-07-13 14:30:00,1158.7,1158.7,1158.7,1158.7,0.0,0.4,463.48,0
2023-07-13,2023-07-13 14:40:00,1158.7,1158.7,1158.7,1158.7,0.0,0.4,463.48,0
2023-07-13,2023-07-13 14:50:00,1158.7,1158.7,1158.7,1158.7,0.0,0.4,463.48,0
2023-07-13,2023-07-13 15:00:00,1158.7,1158.7,1158.7,1158.7,0.0,0.4,463.48,0
2023-07-16,2023-07-16 11:00:00,1180.0,1201.63,1180.0,1183.0,0.25,5.0,5997.32,1
2023-07-16,2023-07-16 11:10:00,1183.0,1186.01,1183.0,1186.01,0.25,5.0,5997.32,1
2023-07-16,2023-07-16 11:20:00,1186.01,1189.01,1186.01,1189.01,0.25,5.0,5997.32,1
2023-07-16,2023-07-16 11:30:00,1189.01,1192.02,1189.01,1192.02,0.25,5.0,5997.32,1
2023-07-16,2023-07-16 11:40:00,1192.02,1195.02,1192.02,1195.02,0.25,5.0,5997.32,1
2023-07-16,2023-07-16 11:50:00,1195.02,1198.03,1195.02,1198.03,0.25,5.0,5997.32,1
2023-07-16,2023-07-16 12:00:00,1198.03,1201.03,1198.03,1201.03,0.25,5.0,5997.32,1
2023-07-16,2023-07-16 12:10:00,1201.03,1204.03,1201.03,1204.03,0.25,5.0,5997.32,1
2023-07-16,2023-07-16 12:20:00,1204.03,1207.04,1204.03,1207.04,0.25,5.0,5997.32,1
2023-07-16,2023-07-16 12:30:00,1207.04,1210.04,1207.04,1210.04,0.25,5.0,5997.32,1
2023-07-16,2023-07-16 12:40:00,1210.04,1213.05,1210.04,1213.05,0.25,5.0,5997.32,1
2023-07-16,2023-07-16 12:50:00,1213.05,1216.05,1213.05,1216.05,0.25,5.0,5997.32,1
2023-07-16,2023-07-16 13:00:00,1216.05,1252.1,1180.0,1219.05,0.25,5.0,5997.32,1
2023-07-16,2023-07-16 13:10:00,1219.05,1222.06,1219.05,1222.06,0.25,5.0,5997.32,1
2023-07-16,2023-07-16 13:20:00,1222.06,1225.06,1222.06,1225.06,0.25,5.0,5997.32,1
2023-07-16,2023-07-16 13:30:00,1225.06,1228.07,1225.06,1228.07,0.25,5.0,5997.32,1
2023-07-16,2023-07-16 13:40:00,1228.07,1231.07,1228.07,1231.07,0.24,5.0,5997.32,1
2023-07-16,2023-07-16 13:50:00,1231.07,1234.07,1231.07,1234.07,0.24,5.0,5997.32,1
2023-07-16,2023-07-16 14:00:00,1234.07,1237.08,1234.07,1237.08,0.24,5.0,5997.32,1
2023-07-16,2023-07-16 14:10:00,1237.08,1240.08,1237.08,1240.08,0.24,5.0,5997.32,1
2023-07-16,2023-07-16 14:20:00,1240.08,1243.09,1240.08,1243.09,0.24,5.0,5997.32,1
2023-07-16,2023-07-16 14:30:00,1243.09,1246.09,1243.09,1246.09,0.24,5.0,5997.32,1
2023-07-16,2023-07-16 14:40:00,1246.09,1249.1,1246.09,1249.1,0.24,5.0,5997.32,1
2023-07-16,2023-07-16 14:50:00,1249.1,1252.1,1249.1,1252.1,0.24,5.0,5997.32,1
2023-07-16,2023-07-16 15:00:00,1252.1,1252.1,1180.0,1252.1,0.0,5.0,5997.32,0
2023-08-15,2023-08-15 11:00:00,1076.0,1076.0,1076.0,1076.0,0.0,218.6,235213.6,0
2023-08-15,2023-08-15 11:10:00,1076.0,1076.0,1076.0,1076.0,0.0,218.6,235213.6,0
2023-08-15,2023-08-15 11:20:00,1076.0,1076.0,1076.0,1076.0,0.0,218.6,235213.6,0
2023-08-15,2023-08-15 11:30:00,1076.0,1076.0,1076.0,1076.0,0.0,218.6,235213.6,0
2023-08-15,2023-08-15 11:40:00,1076.0,1076.0,1076.0,1076.0,0.0,218.6,235213.6,0
2023-08-15,2023-08-15 11:50:00,1076.0,1076.0,1076.0,1076.0,0.0,218.6,235213.6,0
2023-08-15,2023-08-15 12:00:00,1076.0,1076.0,1076.0,1076.0,0.0,218.6,235213.6,0
2023-08-15,2023-08-15 12:10:00,1076.0,1076.0,1076.0,1076.0,0.0,218.6,235213.6,0
2023-08-15,2023-08-15 12:20:00,1076.0,1076.0,1076.0,1076.0,0.0,218.6,235213.6,0
2023-08-15,2023-08-15 12:30:00,1076.0,1076.0,1076.0,1076.0,0.0,218.6,235213.6,0
2023-08-15,2023-08-15 12:40:00,1076.0,1076.0,1076.0,1076.0,0.0,218.6,235213.6,0
2023-08-15,2023-08-15 12:50:00,1076.0,1076.0,1076.0,1076.0,0.0,218.6,235213.6,0
2023-08-15,2023-08-15 13:00:00,1076.0,1076.0,1076.0,1076.0,0.0,218.6,235213.6,0
2023-08-15,2023-08-15 13:10:00,1076.0,1076.0,1076.0,1076.0,0.0,218.6,235213.6,0
2023-08-15,2023-08-15 13:20:00,1076.0,1076.0,1076.0,1076.0,0.0,218.6,235213.6,0
2023-08-15,2023-08-15 13:30:00,1076.0,1076.0,1076.0,1076.0,0.0,218.6,235213.6,0
2023-08-15,2023-08-15 13:40:00,1076.0,1076.0,1076.0,1076.0,0.0,218.6,235213.6,0
2023-08-15,2023-08-15 13:50:00,1076.0,1076.0,1076.0,1076.0,0.0,218.6,235213.6,0
2023-08-15,2023-08-15 14:00:00,1076.0,1076.0,1076.0,1076.0,0.0,218.6,235213.6,0
2023-08-15,2023-08-15 14:10:00,1076.0,1076.0,1076.0,1076.0,0.0,218.6,235213.6,0
2023-08-15,2023-08-15 14:20:00,1076.0,1076.0,1076.0,1076.0,0.0,218.6,235213.6,0
2023-08-15,2023-08-15 14:30:00,1076.0,1076.0,1076.0,1076.0,0.0,218.6,235213.6,0
2023-08-15,2023-08-15 14:40:00,1076.0,1076.0,1076.0,1076.0,0.0,218.6,235213.6,0
2023-08-15,2023-08-15 14:50:00,1076.0,1076.0,1076.0,1076.0,0.0,218.6,235213.6,0
2023-08-15,2023-08-15 15:00:00,1076.0,1076.0,1076.0,1076.0,0.0,218.6,235213.6,0
2023-12-19,2023-12-19 11:00:00,995.0,995.0,993.5,994.79,-0.02,1976.0,1964240.0,-1
2023-12-19,2023-12-19 11:10:00,994.79,994.79,994.58,994.58,-0.02,1976.0,1964240.0,-1
2023-12-19,2023-12-19 11:20:00,994.58,994.58,994.38,994.38,-0.02,1976.0,1964240.0,-1
2023-12-19,2023-12-19 11:30:00,994.38,994.38,994.17,994.17,-0.02,1976.0,1964240.0,-1
2023-12-19,2023-12-19 11:40:00,994.17,994.17,993.96,993.96,-0.02,1976.0,1964240.0,-1
2023-12-19,2023-12-19 11:50:00,993.96,993.96,993.75,993.75,-0.02,1976.0,1964240.0,-1
2023-12-19,2023-12-19 12:00:00,993.75,993.75,993.54,993.54,-0.02,1976.0,1964240.0,-1
2023-12-19,2023-12-19 12:10:00,993.54,993.54,993.33,993.33,-0.02,1976.0,1964240.0,-1
2023-12-19,2023-12-19 12:20:00,993.33,993.33,993.12,993.12,-0.02,1976.0,1964240.0,-1
2023-12-19,2023-12-19 12:30:00,993.12,993.12,992.92,992.92,-0.02,1976.0,1964240.0,-1
2023-12-19,2023-12-19 12:40:00,992.92,992.92,992.71,992.71,-0.02,1976.0,1964240.0,-1
2023-12-19,2023-12-19 12:50:00,992.71,992.71,992.5,992.5,-0.02,1976.0,1964240.0,-1
2023-12-19,2023-12-19 13:00:00,992.5,995.0,990.0,992.29,-0.02,1976.0,1964240.0,-1
2023-12-19,2023-12-19 13:10:00,992.29,992.29,992.08,992.08,-0.02,1976.0,1964240.0,-1
2023-12-19,2023-12-19 13:20:00,992.08,992.08,991.88,991.88,-0.02,1976.0,1964240.0,-1
2023-12-19,2023-12-19 13:30:00,991.88,991.88,991.67,991.67,-0.02,1976.0,1964240.0,-1
2023-12-19,2023-12-19 13:40:00,991.67,991.67,991.46,991.46,-0.02,1976.0,1964240.0,-1
2023-12-19,2023-12-19 13:50:00,991.46,991.46,991.25,991.25,-0.02,1976.0,1964240.0,-1
2023-12-19,2023-12-19 14:00:00,991.25,991.25,991.04,991.04,-0.02,1976.0,1964240.0,-1
2023-12-19,2023-12-19 14:10:00,991.04,991.04,990.83,990.83,-0.02,1976.0,1964240.0,-1
2023-12-19,2023-12-19 14:20:00,990.83,990.83,990.62,990.62,-0.02,1976.0,1964240.0,-1
2023-12-19,2023-12-19 14:30:00,990.62,990.62,990.42,990.42,-0.02,1976.0,1964240.0,-1
2023-12-19,2023-12-19 14:40:00,990.42,990.42,990.21,990.21,-0.02,1976.0,1964240.0,-1
2023-12-19,2023-12-19 14:50:00,990.21,990.21,990.0,990.0,-0.02,1976.0,1964240.0,-1
2023-12-19,2023-12-19 15:00:00,990.0,995.0,990.0,990.0,0.0,1976.0,1964240.0,0
2024-04-09,2024-04-09 11:00:00,1250.0,1250.0,1250.0,1250.0,0.0,0.4,500.0,0
2024-04-09,2024-04-09 11:10:00,1250.0,1250.0,1250.0,1250.0,0.0,0.4,500.0,0
2024-04-09,2024-04-09 11:20:00,1250.0,1250.0,1250.0,1250.0,0.0,0.4,500.0,0
2024-04-09,2024-04-09 11:30:00,1250.0,1250.0,1250.0,1250.0,0.0,0.4,500.0,0
2024-04-09,2024-04-09 11:40:00,1250.0,1250.0,1250.0,1250.0,0.0,0.4,500.0,0
2024-04-09,2024-04-09 11:50:00,1250.0,1250.0,1250.0,1250.0,0.0,0.4,500.0,0
2024-04-09,2024-04-09 12:00:00,1250.0,1250.0,1250.0,1250.0,0.0,0.4,500.0,0
2024-04-09,2024-04-09 12:10:00,1250.0,1250.0,1250.0,1250.0,0.0,0.4,500.0,0
2024-04-09,2024-04-09 12:20:00,1250.0,1250.0,1250.0,1250.0,0.0,0.4,500.0,0
2024-04-09,2024-04-09 12:30:00,1250.0,1250.0,1250.0,1250.0,0.0,0.4,500.0,0
2024-04-09,2024-04-09 12:40:00,1250.0,1250.0,1250.0,1250.0,0.0,0.4,500.0,0
2024-04-09,2024-04-09 12:50:00,1250.0,1250.0,1250.0,1250.0,0.0,0.4,500.0,0
2024-04-09,2024-04-09 13:00:00,1250.0,1250.0,1250.0,1250.0,0.0,0.4,500.0,0
2024-04-09,2024-04-09 13:10:00,1250.0,1250.0,1250.0,1250.0,0.0,0.4,500.0,0
2024-04-09,2024-04-09 13:20:00,1250.0,1250.0,1250.0,1250.0,0.0,0.4,500.0,0
2024-04-09,2024-04-09 13:30:00,1250.0,1250.0,1250.0,1250.0,0.0,0.4,500.0,0
2024-04-09,2024-04-09 13:40:00,1250.0,1250.0,1250.0,1250.0,0.0,0.4,500.0,0
2024-04-09,2024-04-09 13:50:00,1250.0,1250.0,1250.0,1250.0,0.0,0.4,500.0,0
2024-04-09,2024-04-09 14:00:00,1250.0,1250.0,1250.0,1250.0,0.0,0.4,500.0,0
2024-04-09,2024-04-09 14:10:00,1250.0,1250.0,1250.0,1250.0,0.0,0.4,500.0,0
2024-04-09,2024-04-09 14:20:00,1250.0,1250.0,1250.0,1250.0,0.0,0.4,500.0,0
2024-04-09,2024-04-09 14:30:00,1250.0,1250.0,1250.0,1250.0,0.0,0.4,500.0,0
2024-04-09,2024-04-09 14:40:00,1250.0,1250.0,1250.0,1250.0,0.0,0.4,500.0,0
2024-04-09,2024-04-09 14:50:00,1250.0,1250.0,1250.0,1250.0,0.0,0.4,500.0,0
2024-04-09,2024-04-09 15:00:00,1250.0,1250.0,1250.0,1250.0,0.0,0.4,500.0,0
2024-05-13,2024-05-13 11:00:00,1240.0,1240.0,1240.0,1240.0,0.0,0.4,496.0,0
2024-05-13,2024-05-13 11:10:00,1240.0,1240.0,1240.0,1240.0,0.0,0.4,496.0,0
2024-05-13,2024-05-13 11:20:00,1240.0,1240.0,1240.0,1240.0,0.0,0.4,496.0,0
2024-05-13,2024-05-13 11:30:00,1240.0,1240.0,1240.0,1240.0,0.0,0.4,496.0,0
2024-05-13,2024-05-13 11:40:00,1240.0,1240.0,1240.0,1240.0,0.0,0.4,496.0,0
2024-05-13,2024-05-13 11:50:00,1240.0,1240.0,1240.0,1240.0,0.0,0.4,496.0,0
2024-05-13,2024-05-13 12:00:00,1240.0,1240.0,1240.0,1240.0,0.0,0.4,496.0,0
2024-05-13,2024-05-13 12:10:00,1240.0,1240.0,1240.0,1240.0,0.0,0.4,496.0,0
2024-05-13,2024-05-13 12:20:00,1240.0,1240.0,1240.0,1240.0,0.0,0.4,496.0,0
2024-05-13,2024-05-13 12:30:00,1240.0,1240.0,1240.0,1240.0,0.0,0.4,496.0,0
2024-05-13,2024-05-13 12:40:00,1240.0,1240.0,1240.0,1240.0,0.0,0.4,496.0,0
2024-05-13,2024-05-13 12:50:00,1240.0,1240.0,1240.0,1240.0,0.0,0.4,496.0,0
2024-05-13,2024-05-13 13:00:00,1240.0,1240.0,1240.0,1240.0,0.0,0.4,496.0,0
2024-05-13,2024-05-13 13:10:00,1240.0,1240.0,1240.0,1240.0,0.0,0.4,496.0,0
2024-05-13,2024-05-13 13:20:00,1240.0,1240.0,1240.0,1240.0,0.0,0.4,496.0,0
2024-05-13,2024-05-13 13:30:00,1240.0,1240.0,1240.0,1240.0,0.0,0.4,496.0,0
2024-05-13,2024-05-13 13:40:00,1240.0,1240.0,1240.0,1240.0,0.0,0.4,496.0,0
2024-05-13,2024-05-13 13:50:00,1240.0,1240.0,1240.0,1240.0,0.0,0.4,496.0,0
2024-05-13,2024-05-13 14:00:00,1240.0,1240.0,1240.0,1240.0,0.0,0.4,496.0,0
2024-05-13,2024-05-13 14:10:00,1240.0,1240.0,1240.0,1240.0,0.0,0.4,496.0,0
2024-05-13,2024-05-13 14:20:00,1240.0,1240.0,1240.0,1240.0,0.0,0.4,496.0,0
2024-05-13,2024-05-13 14:30:00,1240.0,1240.0,1240.0,1240.0,0.0,0.4,496.0,0
2024-05-13,2024-05-13 14:40:00,1240.0,1240.0,1240.0,1240.0,0.0,0.4,496.0,0
2024-05-13,2024-05-13 14:50:00,1240.0,1240.0,1240.0,1240.0,0.0,0.4,496.0,0
2024-05-13,2024-05-13 15:00:00,1240.0,1240.0,1240.0,1240.0,0.0,0.4,496.0,0
2024-06-02,2024-06-02 11:00:00,1230.0,1230.0,1230.0,1230.0,0.0,1.0,1232.0,0
2024-06-02,2024-06-02 11:10:00,1230.0,1230.0,1230.0,1230.0,0.0,1.0,1232.0,0
2024-06-02,2024-06-02 11:20:00,1230.0,1230.0,1230.0,1230.0,0.0,1.0,1232.0,0
2024-06-02,2024-06-02 11:30:00,1230.0,1230.0,1230.0,1230.0,0.0,1.0,1232.0,0
2024-06-02,2024-06-02 11:40:00,1230.0,1230.0,1230.0,1230.0,0.0,1.0,1232.0,0
2024-06-02,2024-06-02 11:50:00,1230.0,1230.0,1230.0,1230.0,0.0,1.0,1232.0,0
2024-06-02,2024-06-02 12:00:00,1230.0,1230.0,1230.0,1230.0,0.0,1.0,1232.0,0
2024-06-02,2024-06-02 12:10:00,1230.0,1230.0,1230.0,1230.0,0.0,1.0,1232.0,0
2024-06-02,2024-06-02 12:20:00,1230.0,1230.0,1230.0,1230.0,0.0,1.0,1232.0,0
2024-06-02,2024-06-02 12:30:00,1230.0,1230.0,1230.0,1230.0,0.0,1.0,1232.0,0
2024-06-02,2024-06-02 12:40:00,1230.0,1230.0,1230.0,1230.0,0.0,1.0,1232.0,0
2024-06-02,2024-06-02 12:50:00,1230.0,1230.0,1230.0,1230.0,0.0,1.0,1232.0,0
2024-06-02,2024-06-02 13:00:00,1230.0,1230.0,1230.0,1230.0,0.0,1.0,1232.0,0
2024-06-02,2024-06-02 13:10:00,1230.0,1230.0,1230.0,1230.0,0.0,1.0,1232.0,0
2024-06-02,2024-06-02 13:20:00,1230.0,1230.0,1230.0,1230.0,0.0,1.0,1232.0,0
2024-06-02,2024-06-02 13:30:00,1230.0,1230.0,1230.0,1230.0,0.0,1.0,1232.0,0
2024-06-02,2024-06-02 13:40:00,1230.0,1230.0,1230.0,1230.0,0.0,1.0,1232.0,0
2024-06-02,2024-06-02 13:50:00,1230.0,1230.0,1230.0,1230.0,0.0,1.0,1232.0,0
2024-06-02,2024-06-02 14:00:00,1230.0,1230.0,1230.0,1230.0,0.0,1.0,1232.0,0
2024-06-02,2024-06-02 14:10:00,1230.0,1230.0,1230.0,1230.0,0.0,1.0,1232.0,0
2024-06-02,2024-06-02 14:20:00,1230.0,1230.0,1230.0,1230.0,0.0,1.0,1232.0,0
2024-06-02,2024-06-02 14:30:00,1230.0,1230.0,1230.0,1230.0,0.0,1.0,1232.0,0
2024-06-02,2024-06-02 14:40:00,1230.0,1230.0,1230.0,1230.0,0.0,1.0,1232.0,0
2024-06-02,2024-06-02 14:50:00,1230.0,1230.0,1230.0,1230.0,0.0,1.0,1232.0,0
2024-06-02,2024-06-02 15:00:00,1230.0,1230.0,1230.0,1230.0,0.0,1.0,1232.0,0
2024-06-03,2024-06-03 11:00:00,1215.2,1215.2,1215.2,1215.2,0.0,2.8,3402.56,0
2024-06-03,2024-06-03 11:10:00,1215.2,1215.2,1215.2,1215.2,0.0,2.8,3402.56,0
2024-06-03,2024-06-03 11:20:00,1215.2,1215.2,1215.2,1215.2,0.0,2.8,3402.56,0
2024-06-03,2024-06-03 11:30:00,1215.2,1215.2,1215.2,1215.2,0.0,2.8,3402.56,0
2024-06-03,2024-06-03 11:40:00,1215.2,1215.2,1215.2,1215.2,0.0,2.8,3402.56,0
2024-06-03,2024-06-03 11:50:00,1215.2,1215.2,1215.2,1215.2,0.0,2.8,3402.56,0
2024-06-03,2024-06-03 12:00:00,1215.2,1215.2,1215.2,1215.2,0.0,2.8,3402.56,0
2024-06-03,2024-06-03 12:10:00,1215.2,1215.2,1215.2,1215.2,0.0,2.8,3402.56,0
2024-06-03,2024-06-03 12:20:00,1215.2,1215.2,1215.2,1215.2,0.0,2.8,3402.56,0
2024-06-03,2024-06-03 12:30:00,1215.2,1215.2,1215.2,1215.2,0.0,2.8,3402.56,0
2024-06-03,2024-06-03 12:40:00,1215.2,1215.2,1215.2,1215.2,0.0,2.8,3402.56,0
2024-06-03,2024-06-03 12:50:00,1215.2,1215.2,1215.2,1215.2,0.0,2.8,3402.56,0
2024-06-03,2024-06-03 13:00:00,1215.2,1215.2,1215.2,1215.2,0.0,2.8,3402.56,0
2024-06-03,2024-06-03 13:10:00,1215.2,1215.2,1215.2,1215.2,0.0,2.8,3402.56,0
2024-06-03,2024-06-03 13:20:00,1215.2,1215.2,1215.2,1215.2,0.0,2.8,3402.56,0
2024-06-03,2024-06-03 13:30:00,1215.2,1215.2,1215.2,1215.2,0.0,2.8,3402.56,0
2024-06-03,2024-06-03 13:40:00,1215.2,1215.2,1215.2,1215.2,0.0,2.8,3402.56,0
2024-06-03,2024-06-03 13:50:00,1215.2,1215.2,1215.2,1215.2,0.0,2.8,3402.56,0
2024-06-03,2024-06-03 14:00:00,1215.2,1215.2,1215.2,1215.2,0.0,2.8,3402.56,0
2024-06-03,2024-06-03 14:10:00,1215.2,1215.2,1215.2,1215.2,0.0,2.8,3402.56,0
2024-06-03,2024-06-03 14:20:00,1215.2,1215.2,1215.2,1215.2,0.0,2.8,3402.56,0
2024-06-03,2024-06-03 14:30:00,1215.2,1215.2,1215.2,1215.2,0.0,2.8,3402.56,0
2024-06-03,2024-06-03 14:40:00,1215.2,1215.2,1215.2,1215.2,0.0,2.8,3402.56,0
2024-06-03,2024-06-03 14:50:00,1215.2,1215.2,1215.2,1215.2,0.0,2.8,3402.56,0
2024-06-03,2024-06-03 15:00:00,1215.2,1215.2,1215.2,1215.2,0.0,2.8,3402.56,0
2024-06-04,2024-06-04 11:00:00,1215.0,1215.0,1215.0,1215.0,0.0,0.6,729.0,0
2024-06-04,2024-06-04 11:10:00,1215.0,1215.0,1215.0,1215.0,0.0,0.6,729.0,0
2024-06-04,2024-06-04 11:20:00,1215.0,1215.0,1215.0,1215.0,0.0,0.6,729.0,0
2024-06-04,2024-06-04 11:30:00,1215.0,1215.0,1215.0,1215.0,0.0,0.6,729.0,0
2024-06-04,2024-06-04 11:40:00,1215.0,1215.0,1215.0,1215.0,0.0,0.6,729.0,0
2024-06-04,2024-06-04 11:50:00,1215.0,1215.0,1215.0,1215.0,0.0,0.6,729.0,0
2024-06-04,2024-06-04 12:00:00,1215.0,1215.0,1215.0,1215.0,0.0,0.6,729.0,0
2024-06-04,2024-06-04 12:10:00,1215.0,1215.0,1215.0,1215.0,0.0,0.6,729.0,0
2024-06-04,2024-06-04 12:20:00,1215.0,1215.0,1215.0,1215.0,0.0,0.6,729.0,0
2024-06-04,2024-06-04 12:30:00,1215.0,1215.0,1215.0,1215.0,0.0,0.6,729.0,0
2024-06-04,2024-06-04 12:40:00,1215.0,1215.0,1215.0,1215.0,0.0,0.6,729.0,0
2024-06-04,2024-06-04 12:50:00,1215.0,1215.0,1215.0,1215.0,0.0,0.6,729.0,0
2024-06-04,2024-06-04 13:00:00,1215.0,1215.0,1215.0,1215.0,0.0,0.6,729.0,0
2024-06-04,2024-06-04 13:10:00,1215.0,1215.0,1215.0,1215.0,0.0,0.6,729.0,0
2024-06-04,2024-06-04 13:20:00,1215.0,1215.0,1215.0,1215.0,0.0,0.6,729.0,0
2024-06-04,2024-06-04 13:30:00,1215.0,1215.0,1215.0,1215.0,0.0,0.6,729.0,0
2024-06-04,2024-06-04 13:40:00,1215.0,1215.0,1215.0,1215.0,0.0,0.6,729.0,0
2024-06-04,2024-06-04 13:50:00,1215.0,1215.0,1215.0,1215.0,0.0,0.6,729.0,0
2024-06-04,2024-06-04 14:00:00,1215.0,1215.0,1215.0,1215.0,0.0,0.6,729.0,0
2024-06-04,2024-06-04 14:10:00,1215.0,1215.0,1215.0,1215.0,0.0,0.6,729.0,0
2024-06-04,2024-06-04 14:20:00,1215.0,1215.0,1215.0,1215.0,0.0,0.6,729.0,0
2024-06-04,2024-06-04 14:30:00,1215.0,1215.0,1215.0,1215.0,0.0,0.6,729.0,0
2024-06-04,2024-06-04 14:40:00,1215.0,1215.0,1215.0,1215.0,0.0,0.6,729.0,0
2024-06-04,2024-06-04 14:50:00,1215.0,1215.0,1215.0,1215.0,0.0,0.6,729.0,0
2024-06-04,2024-06-04 15:00:00,1215.0,1215.0,1215.0,1215.0,0.0,0.6,729.0,0
2024-07-15,2024-07-15 11:00:00,1191.0,1191.0,1191.0,1191.0,0.0,1.4,1683.0,0
2024-07-15,2024-07-15 11:10:00,1191.0,1191.0,1191.0,1191.0,0.0,1.4,1683.0,0
2024-07-15,2024-07-15 11:20:00,1191.0,1191.0,1191.0,1191.0,0.0,1.4,1683.0,0
2024-07-15,2024-07-15 11:30:00,1191.0,1191.0,1191.0,1191.0,0.0,1.4,1683.0,0
2024-07-15,2024-07-15 11:40:00,1191.0,1191.0,1191.0,1191.0,0.0,1.4,1683.0,0
2024-07-15,2024-07-15 11:50:00,1191.0,1191.0,1191.0,1191.0,0.0,1.4,1683.0,0
2024-07-15,2024-07-15 12:00:00,1191.0,1191.0,1191.0,1191.0,0.0,1.4,1683.0,0
2024-07-15,2024-07-15 12:10:00,1191.0,1191.0,1191.0,1191.0,0.0,1.4,1683.0,0
2024-07-15,2024-07-15 12:20:00,1191.0,1191.0,1191.0,1191.0,0.0,1.4,1683.0,0
2024-07-15,2024-07-15 12:30:00,1191.0,1191.0,1191.0,1191.0,0.0,1.4,1683.0,0
2024-07-15,2024-07-15 12:40:00,1191.0,1191.0,1191.0,1191.0,0.0,1.4,1683.0,0
2024-07-15,2024-07-15 12:50:00,1191.0,1191.0,1191.0,1191.0,0.0,1.4,1683.0,0
2024-07-15,2024-07-15 13:00:00,1191.0,1191.0,1191.0,1191.0,0.0,1.4,1683.0,0
2024-07-15,2024-07-15 13:10:00,1191.0,1191.0,1191.0,1191.0,0.0,1.4,1683.0,0
2024-07-15,2024-07-15 13:20:00,1191.0,1191.0,1191.0,1191.0,0.0,1.4,1683.0,0
2024-07-15,2024-07-15 13:30:00,1191.0,1191.0,1191.0,1191.0,0.0,1.4,1683.0,0
2024-07-15,2024-07-15 13:40:00,1191.0,1191.0,1191.0,1191.0,0.0,1.4,1683.0,0
2024-07-15,2024-07-15 13:50:00,1191.0,1191.0,1191.0,1191.0,0.0,1.4,1683.0,0
2024-07-15,2024-07-15 14:00:00,1191.0,1191.0,1191.0,1191.0,0.0,1.4,1683.0,0
2024-07-15,2024-07-15 14:10:00,1191.0,1191.0,1191.0,1191.0,0.0,1.4,1683.0,0
2024-07-15,2024-07-15 14:20:00,1191.0,1191.0,1191.0,1191.0,0.0,1.4,1683.0,0
2024-07-15,2024-07-15 14:30:00,1191.0,1191.0,1191.0,1191.0,0.0,1.4,1683.0,0
2024-07-15,2024-07-15 14:40:00,1191.0,1191.0,1191.0,1191.0,0.0,1.4,1683.0,0
2024-07-15,2024-07-15 14:50:00,1191.0,1191.0,1191.0,1191.0,0.0,1.4,1683.0,0
2024-07-15,2024-07-15 15:00:00,1191.0,1191.0,1191.0,1191.0,0.0,1.4,1683.0,0
2024-07-28,2024-07-28 11:00:00,1205.4,1205.4,1205.4,1205.4,0.0,0.4,482.16,0
2024-07-28,2024-07-28 11:10:00,1205.4,1205.4,1205.4,1205.4,0.0,0.4,482.16,0
2024-07-28,2024-07-28 11:20:00,1205.4,1205.4,1205.4,1205.4,0.0,0.4,482.16,0
2024-07-28,2024-07-28 11:30:00,1205.4,1205.4,1205.4,1205.4,0.0,0.4,482.16,0
2024-07-28,2024-07-28 11:40:00,1205.4,1205.4,1205.4,1205.4,0.0,0.4,482.16,0
2024-07-28,2024-07-28 11:50:00,1205.4,1205.4,1205.4,1205.4,0.0,0.4,482.16,0
2024-07-28,2024-07-28 12:00:00,1205.4,1205.4,1205.4,1205.4,0.0,0.4,482.16,0
2024-07-28,2024-07-28 12:10:00,1205.4,1205.4,1205.4,1205.4,0.0,0.4,482.16,0
2024-07-28,2024-07-28 12:20:00,1205.4,1205.4,1205.4,1205.4,0.0,0.4,482.16,0
2024-07-28,2024-07-28 12:30:00,1205.4,1205.4,1205.4,1205.4,0.0,0.4,482.16,0
2024-07-28,2024-07-28 12:40:00,1205.4,1205.4,1205.4,1205.4,0.0,0.4,482.16,0
2024-07-28,2024-07-28 12:50:00,1205.4,1205.4,1205.4,1205.4,0.0,0.4,482.16,0
2024-07-28,2024-07-28 13:00:00,1205.4,1205.4,1205.4,1205.4,0.0,0.4,482.16,0
2024-07-28,2024-07-28 13:10:00,1205.4,1205.4,1205.4,1205.4,0.0,0.4,482.16,0
2024-07-28,2024-07-28 13:20:00,1205.4,1205.4,1205.4,1205.4,0.0,0.4,482.16,0
2024-07-28,2024-07-28 13:30:00,1205.4,1205.4,1205.4,1205.4,0.0,0.4,482.16,0
2024-07-28,2024-07-28 13:40:00,1205.4,1205.4,1205.4,1205.4,0.0,0.4,482.16,0
2024-07-28,2024-07-28 13:50:00,1205.4,1205.4,1205.4,1205.4,0.0,0.4,482.16,0
2024-07-28,2024-07-28 14:00:00,1205.4,1205.4,1205.4,1205.4,0.0,0.4,482.16,0
2024-07-28,2024-07-28 14:10:00,1205.4,1205.4,1205.4,1205.4,0.0,0.4,482.16,0
2024-07-28,2024-07-28 14:20:00,1205.4,1205.4,1205.4,1205.4,0.0,0.4,482.16,0
2024-07-28,2024-07-28 14:30:00,1205.4,1205.4,1205.4,1205.4,0.0,0.4,482.16,0
2024-07-28,2024-07-28 14:40:00,1205.4,1205.4,1205.4,1205.4,0.0,0.4,482.16,0
2024-07-28,2024-07-28 14:50:00,1205.4,1205.4,1205.4,1205.4,0.0,0.4,482.16,0
2024-07-28,2024-07-28 15:00:00,1205.4,1205.4,1205.4,1205.4,0.0,0.4,482.16,0
2024-08-18,2024-08-18 11:00:00,1181.3,1181.3,1181.3,1181.3,0.0,4.0,4725.2,0
2024-08-18,2024-08-18 11:10:00,1181.3,1181.3,1181.3,1181.3,0.0,4.0,4725.2,0
2024-08-18,2024-08-18 11:20:00,1181.3,1181.3,1181.3,1181.3,0.0,4.0,4725.2,0
2024-08-18,2024-08-18 11:30:00,1181.3,1181.3,1181.3,1181.3,0.0,4.0,4725.2,0
2024-08-18,2024-08-18 11:40:00,1181.3,1181.3,1181.3,1181.3,0.0,4.0,4725.2,0
2024-08-18,2024-08-18 11:50:00,1181.3,1181.3,1181.3,1181.3,0.0,4.0,4725.2,0
2024-08-18,2024-08-18 12:00:00,1181.3,1181.3,1181.3,1181.3,0.0,4.0,4725.2,0
2024-08-18,2024-08-18 12:10:00,1181.3,1181.3,1181.3,1181.3,0.0,4.0,4725.2,0
2024-08-18,2024-08-18 12:20:00,1181.3,1181.3,1181.3,1181.3,0.0,4.0,4725.2,0
2024-08-18,2024-08-18 12:30:00,1181.3,1181.3,1181.3,1181.3,0.0,4.0,4725.2,0
2024-08-18,2024-08-18 12:40:00,1181.3,1181.3,1181.3,1181.3,0.0,4.0,4725.2,0
2024-08-18,2024-08-18 12:50:00,1181.3,1181.3,1181.3,1181.3,0.0,4.0,4725.2,0
2024-08-18,2024-08-18 13:00:00,1181.3,1181.3,1181.3,1181.3,0.0,4.0,4725.2,0
2024-08-18,2024-08-18 13:10:00,1181.3,1181.3,1181.3,1181.3,0.0,4.0,4725.2,0
2024-08-18,2024-08-18 13:20:00,1181.3,1181.3,1181.3,1181.3,0.0,4.0,4725.2,0
2024-08-18,2024-08-18 13:30:00,1181.3,1181.3,1181.3,1181.3,0.0,4.0,4725.2,0
2024-08-18,2024-08-18 13:40:00,1181.3,1181.3,1181.3,1181.3,0.0,4.0,4725.2,0
2024-08-18,2024-08-18 13:50:00,1181.3,1181.3,1181.3,1181.3,0.0,4.0,4725.2,0
2024-08-18,2024-08-18 14:00:00,1181.3,1181.3,1181.3,1181.3,0.0,4.0,4725.2,0
2024-08-18,2024-08-18 14:10:00,1181.3,1181.3,1181.3,1181.3,0.0,4.0,4725.2,0
2024-08-18,2024-08-18 14:20:00,1181.3,1181.3,1181.3,1181.3,0.0,4.0,4725.2,0
2024-08-18,2024-08-18 14:30:00,1181.3,1181.3,1181.3,1181.3,0.0,4.0,4725.2,0
2024-08-18,2024-08-18 14:40:00,1181.3,1181.3,1181.3,1181.3,0.0,4.0,4725.2,0
2024-08-18,2024-08-18 14:50:00,1181.3,1181.3,1181.3,1181.3,0.0,4.0,4725.2,0
2024-08-18,2024-08-18 15:00:00,1181.3,1181.3,1181.3,1181.3,0.0,4.0,4725.2,0
2024-08-22,2024-08-22 11:00:00,1157.7,1157.7,1150.77,1156.74,-0.08,0.8,916.92,-1
2024-08-22,2024-08-22 11:10:00,1156.74,1156.74,1155.78,1155.78,-0.08,0.8,916.92,-1
2024-08-22,2024-08-22 11:20:00,1155.78,1155.78,1154.81,1154.81,-0.08,0.8,916.92,-1
2024-08-22,2024-08-22 11:30:00,1154.81,1154.81,1153.85,1153.85,-0.08,0.8,916.92,-1
2024-08-22,2024-08-22 11:40:00,1153.85,1153.85,1152.89,1152.89,-0.08,0.8,916.92,-1
2024-08-22,2024-08-22 11:50:00,1152.89,1152.89,1151.92,1151.92,-0.08,0.8,916.92,-1
2024-08-22,2024-08-22 12:00:00,1151.92,1151.92,1150.96,1150.96,-0.08,0.8,916.92,-1
2024-08-22,2024-08-22 12:10:00,1150.96,1150.96,1150.0,1150.0,-0.08,0.8,916.92,-1
2024-08-22,2024-08-22 12:20:00,1150.0,1150.0,1149.04,1149.04,-0.08,0.8,916.92,-1
2024-08-22,2024-08-22 12:30:00,1149.04,1149.04,1148.08,1148.08,-0.08,0.8,916.92,-1
2024-08-22,2024-08-22 12:40:00,1148.08,1148.08,1147.11,1147.11,-0.08,0.8,916.92,-1
2024-08-22,2024-08-22 12:50:00,1147.11,1147.11,1146.15,1146.15,-0.08,0.8,916.92,-1
2024-08-22,2024-08-22 13:00:00,1146.15,1157.7,1134.6,1145.19,-0.08,0.8,916.92,-1
2024-08-22,2024-08-22 13:10:00,1145.19,1145.19,1144.22,1144.22,-0.08,0.8,916.92,-1
2024-08-22,2024-08-22 13:20:00,1144.22,1144.22,1143.26,1143.26,-0.08,0.8,916.92,-1
2024-08-22,2024-08-22 13:30:00,1143.26,1143.26,1142.3,1142.3,-0.08,0.8,916.92,-1
2024-08-22,2024-08-22 13:40:00,1142.3,1142.3,1141.34,1141.34,-0.08,0.8,916.92,-1
2024-08-22,2024-08-22 13:50:00,1141.34,1141.34,1140.38,1140.38,-0.08,0.8,916.92,-1
2024-08-22,2024-08-22 14:00:00,1140.38,1140.38,1139.41,1139.41,-0.09,0.8,916.92,-1
2024-08-22,2024-08-22 14:10:00,1139.41,1139.41,1138.45,1138.45,-0.08,0.8,916.92,-1
2024-08-22,2024-08-22 14:20:00,1138.45,1138.45,1137.49,1137.49,-0.08,0.8,916.92,-1
2024-08-22,2024-08-22 14:30:00,1137.49,1137.49,1136.52,1136.52,-0.09,0.8,916.92,-1
2024-08-22,2024-08-22 14:40:00,1136.52,1136.52,1135.56,1135.56,-0.08,0.8,916.92,-1
2024-08-22,2024-08-22 14:50:00,1135.56,1135.56,1134.6,1134.6,-0.08,0.8,916.92,-1
2024-08-22,2024-08-22 15:00:00,1134.6,1157.7,1134.6,1134.6,0.0,0.8,916.92,0
2024-08-25,2024-08-25 11:00:00,1112.0,1112.0,1093.7,1109.54,-0.22,4.2,4465.4,-1
2024-08-25,2024-08-25 11:10:00,1109.54,1109.54,1107.08,1107.08,-0.22,4.2,4465.4,-1
2024-08-25,2024-08-25 11:20:00,1107.08,1107.08,1104.62,1104.62,-0.22,4.2,4465.4,-1
2024-08-25,2024-08-25 11:30:00,1104.62,1104.62,1102.17,1102.17,-0.22,4.2,4465.4,-1
2024-08-25,2024-08-25 11:40:00,1102.17,1102.17,1099.71,1099.71,-0.22,4.2,4465.4,-1
2024-08-25,2024-08-25 11:50:00,1099.71,1099.71,1097.25,1097.25,-0.22,4.2,4465.4,-1
2024-08-25,2024-08-25 12:00:00,1097.25,1097.25,1094.79,1094.79,-0.22,4.2,4465.4,-1
2024-08-25,2024-08-25 12:10:00,1094.79,1094.79,1092.33,1092.33,-0.22,4.2,4465.4,-1
2024-08-25,2024-08-25 12:20:00,1092.33,1092.33,1089.88,1089.88,-0.22,4.2,4465.4,-1
2024-08-25,2024-08-25 12:30:00,1089.88,1089.88,1087.42,1087.42,-0.23,4.2,4465.4,-1
2024-08-25,2024-08-25 12:40:00,1087.42,1087.42,1084.96,1084.96,-0.23,4.2,4465.4,-1
2024-08-25,2024-08-25 12:50:00,1084.96,1084.96,1082.5,1082.5,-0.23,4.2,4465.4,-1
2024-08-25,2024-08-25 13:00:00,1082.5,1112.0,1051.0,1080.04,-0.23,4.2,4465.4,-1
2024-08-25,2024-08-25 13:10:00,1080.04,1080.04,1077.58,1077.58,-0.23,4.2,4465.4,-1
2024-08-25,2024-08-25 13:20:00,1077.58,1077.58,1075.12,1075.12,-0.23,4.2,4465.4,-1
2024-08-25,2024-08-25 13:30:00,1075.12,1075.12,1072.67,1072.67,-0.23,4.2,4465.4,-1
2024-08-25,2024-08-25 13:40:00,1072.67,1072.67,1070.21,1070.21,-0.23,4.2,4465.4,-1
2024-08-25,2024-08-25 13:50:00,1070.21,1070.21,1067.75,1067.75,-0.23,4.2,4465.4,-1
2024-08-25,2024-08-25 14:00:00,1067.75,1067.75,1065.29,1065.29,-0.23,4.2,4465.4,-1
2024-08-25,2024-08-25 14:10:00,1065.29,1065.29,1062.83,1062.83,-0.23,4.2,4465.4,-1
2024-08-25,2024-08-25 14:20:00,1062.83,1062.83,1060.38,1060.38,-0.23,4.2,4465.4,-1
2024-08-25,2024-08-25 14:30:00,1060.38,1060.38,1057.92,1057.92,-0.23,4.2,4465.4,-1
2024-08-25,2024-08-25 14:40:00,1057.92,1057.92,1055.46,1055.46,-0.23,4.2,4465.4,-1
2024-08-25,2024-08-25 14:50:00,1055.46,1055.46,1053.0,1053.0,-0.23,4.2,4465.4,-1
2024-08-25,2024-08-25 15:00:00,1053.0,1112.0,1051.0,1053.0,0.0,4.2,4465.4,0
2024-08-27,2024-08-27 11:00:00,1055.0,1055.0,1055.0,1055.0,0.0,8.4,8862.0,0
2024-08-27,2024-08-27 11:10:00,1055.0,1055.0,1055.0,1055.0,0.0,8.4,8862.0,0
2024-08-27,2024-08-27 11:20:00,1055.0,1055.0,1055.0,1055.0,0.0,8.4,8862.0,0
2024-08-27,2024-08-27 11:30:00,1055.0,1055.0,1055.0,1055.0,0.0,8.4,8862.0,0
2024-08-27,2024-08-27 11:40:00,1055.0,1055.0,1055.0,1055.0,0.0,8.4,8862.0,0
2024-08-27,2024-08-27 11:50:00,1055.0,1055.0,1055.0,1055.0,0.0,8.4,8862.0,0
2024-08-27,2024-08-27 12:00:00,1055.0,1055.0,1055.0,1055.0,0.0,8.4,8862.0,0
2024-08-27,2024-08-27 12:10:00,1055.0,1055.0,1055.0,1055.0,0.0,8.4,8862.0,0
2024-08-27,2024-08-27 12:20:00,1055.0,1055.0,1055.0,1055.0,0.0,8.4,8862.0,0
2024-08-27,2024-08-27 12:30:00,1055.0,1055.0,1055.0,1055.0,0.0,8.4,8862.0,0
2024-08-27,2024-08-27 12:40:00,1055.0,1055.0,1055.0,1055.0,0.0,8.4,8862.0,0
2024-08-27,2024-08-27 12:50:00,1055.0,1055.0,1055.0,1055.0,0.0,8.4,8862.0,0
2024-08-27,2024-08-27 13:00:00,1055.0,1055.0,1055.0,1055.0,0.0,8.4,8862.0,0
2024-08-27,2024-08-27 13:10:00,1055.0,1055.0,1055.0,1055.0,0.0,8.4,8862.0,0
2024-08-27,2024-08-27 13:20:00,1055.0,1055.0,1055.0,1055.0,0.0,8.4,8862.0,0
2024-08-27,2024-08-27 13:30:00,1055.0,1055.0,1055.0,1055.0,0.0,8.4,8862.0,0
2024-08-27,2024-08-27 13:40:00,1055.0,1055.0,1055.0,1055.0,0.0,8.4,8862.0,0
2024-08-27,2024-08-27 13:50:00,1055.0,1055.0,1055.0,1055.0,0.0,8.4,8862.0,0
2024-08-27,2024-08-27 14:00:00,1055.0,1055.0,1055.0,1055.0,0.0,8.4,8862.0,0
2024-08-27,2024-08-27 14:10:00,1055.0,1055.0,1055.0,1055.0,0.0,8.4,8862.0,0
2024-08-27,2024-08-27 14:20:00,1055.0,1055.0,1055.0,1055.0,0.0,8.4,8862.0,0
2024-08-27,2024-08-27 14:30:00,1055.0,1055.0,1055.0,1055.0,0.0,8.4,8862.0,0
2024-08-27,2024-08-27 14:40:00,1055.0,1055.0,1055.0,1055.0,0.0,8.4,8862.0,0
2024-08-27,2024-08-27 14:50:00,1055.0,1055.0,1055.0,1055.0,0.0,8.4,8862.0,0
2024-08-27,2024-08-27 15:00:00,1055.0,1055.0,1055.0,1055.0,0.0,8.4,8862.0,0
2024-08-29,2024-08-29 11:00:00,1076.1,1076.1,1076.1,1076.1,0.0,1.0,1076.1,0
2024-08-29,2024-08-29 11:10:00,1076.1,1076.1,1076.1,1076.1,0.0,1.0,1076.1,0
2024-08-29,2024-08-29 11:20:00,1076.1,1076.1,1076.1,1076.1,0.0,1.0,1076.1,0
2024-08-29,2024-08-29 11:30:00,1076.1,1076.1,1076.1,1076.1,0.0,1.0,1076.1,0
2024-08-29,2024-08-29 11:40:00,1076.1,1076.1,1076.1,1076.1,0.0,1.0,1076.1,0
2024-08-29,2024-08-29 11:50:00,1076.1,1076.1,1076.1,1076.1,0.0,1.0,1076.1,0
2024-08-29,2024-08-29 12:00:00,1076.1,1076.1,1076.1,1076.1,0.0,1.0,1076.1,0
2024-08-29,2024-08-29 12:10:00,1076.1,1076.1,1076.1,1076.1,0.0,1.0,1076.1,0
2024-08-29,2024-08-29 12:20:00,1076.1,1076.1,1076.1,1076.1,0.0,1.0,1076.1,0
2024-08-29,2024-08-29 12:30:00,1076.1,1076.1,1076.1,1076.1,0.0,1.0,1076.1,0
2024-08-29,2024-08-29 12:40:00,1076.1,1076.1,1076.1,1076.1,0.0,1.0,1076.1,0
2024-08-29,2024-08-29 12:50:00,1076.1,1076.1,1076.1,1076.1,0.0,1.0,1076.1,0
2024-08-29,2024-08-29 13:00:00,1076.1,1076.1,1076.1,1076.1,0.0,1.0,1076.1,0
2024-08-29,2024-08-29 13:10:00,1076.1,1076.1,1076.1,1076.1,0.0,1.0,1076.1,0
2024-08-29,2024-08-29 13:20:00,1076.1,1076.1,1076.1,1076.1,0.0,1.0,1076.1,0
2024-08-29,2024-08-29 13:30:00,1076.1,1076.1,1076.1,1076.1,0.0,1.0,1076.1,0
2024-08-29,2024-08-29 13:40:00,1076.1,1076.1,1076.1,1076.1,0.0,1.0,1076.1,0
2024-08-29,2024-08-29 13:50:00,1076.1,1076.1,1076.1,1076.1,0.0,1.0,1076.1,0
2024-08-29,2024-08-29 14:00:00,1076.1,1076.1,1076.1,1076.1,0.0,1.0,1076.1,0
2024-08-29,2024-08-29 14:10:00,1076.1,1076.1,1076.1,1076.1,0.0,1.0,1076.1,0
2024-08-29,2024-08-29 14:20:00,1076.1,1076.1,1076.1,1076.1,0.0,1.0,1076.1,0
2024-08-29,2024-08-29 14:30:00,1076.1,1076.1,1076.1,1076.1,0.0,1.0,1076.1,0
2024-08-29,2024-08-29 14:40:00,1076.1,1076.1,1076.1,1076.1,0.0,1.0,1076.1,0
2024-08-29,2024-08-29 14:50:00,1076.1,1076.1,1076.1,1076.1,0.0,1.0,1076.1,0
2024-08-29,2024-08-29 15:00:00,1076.1,1076.1,1076.1,1076.1,0.0,1.0,1076.1,0
2024-09-01,2024-09-01 11:00:00,1062.0,1062.3,1062.0,1062.04,0.0,3.4,3613.2,1
2024-09-01,2024-09-01 11:10:00,1062.04,1062.08,1062.04,1062.08,0.0,3.4,3613.2,1
2024-09-01,2024-09-01 11:20:00,1062.08,1062.12,1062.08,1062.12,0.0,3.4,3613.2,1
2024-09-01,2024-09-01 11:30:00,1062.12,1062.17,1062.12,1062.17,0.0,3.4,3613.2,1
2024-09-01,2024-09-01 11:40:00,1062.17,1062.21,1062.17,1062.21,0.0,3.4,3613.2,1
2024-09-01,2024-09-01 11:50:00,1062.21,1062.25,1062.21,1062.25,0.0,3.4,3613.2,1
2024-09-01,2024-09-01 12:00:00,1062.25,1062.29,1062.25,1062.29,0.0,3.4,3613.2,1
2024-09-01,2024-09-01 12:10:00,1062.29,1062.33,1062.29,1062.33,0.0,3.4,3613.2,1
2024-09-01,2024-09-01 12:20:00,1062.33,1062.38,1062.33,1062.38,0.0,3.4,3613.2,1
2024-09-01,2024-09-01 12:30:00,1062.38,1062.42,1062.38,1062.42,0.0,3.4,3613.2,1
2024-09-01,2024-09-01 12:40:00,1062.42,1062.46,1062.42,1062.46,0.0,3.4,3613.2,1
2024-09-01,2024-09-01 12:50:00,1062.46,1062.5,1062.46,1062.5,0.0,3.4,3613.2,1
2024-09-01,2024-09-01 13:00:00,1062.5,1063.0,1062.0,1062.54,0.0,3.4,3613.2,1
2024-09-01,2024-09-01 13:10:00,1062.54,1062.58,1062.54,1062.58,0.0,3.4,3613.2,1
2024-09-01,2024-09-01 13:20:00,1062.58,1062.62,1062.58,1062.62,0.0,3.4,3613.2,1
2024-09-01,2024-09-01 13:30:00,1062.62,1062.67,1062.62,1062.67,0.0,3.4,3613.2,1
2024-09-01,2024-09-01 13:40:00,1062.67,1062.71,1062.67,1062.71,0.0,3.4,3613.2,1
2024-09-01,2024-09-01 13:50:00,1062.71,1062.75,1062.71,1062.75,0.0,3.4,3613.2,1
2024-09-01,2024-09-01 14:00:00,1062.75,1062.79,1062.75,1062.79,0.0,3.4,3613.2,1
2024-09-01,2024-09-01 14:10:00,1062.79,1062.83,1062.79,1062.83,0.0,3.4,3613.2,1
2024-09-01,2024-09-01 14:20:00,1062.83,1062.88,1062.83,1062.88,0.0,3.4,3613.2,1
2024-09-01,2024-09-01 14:30:00,1062.88,1062.92,1062.88,1062.92,0.0,3.4,3613.2,1
2024-09-01,2024-09-01 14:40:00,1062.92,1062.96,1062.92,1062.96,0.0,3.4,3613.2,1
2024-09-01,2024-09-01 14:50:00,1062.96,1063.0,1062.96,1063.0,0.0,3.4,3613.2,1
2024-09-01,2024-09-01 15:00:00,1063.0,1063.0,1062.0,1063.0,0.0,3.4,3613.2,0
2024-09-02,2024-09-02 11:00:00,1065.0,1065.3,1065.0,1065.04,0.0,6.0,6392.0,1
2024-09-02,2024-09-02 11:10:00,1065.04,1065.08,1065.04,1065.08,0.0,6.0,6392.0,1
2024-09-02,2024-09-02 11:20:00,1065.08,1065.12,1065.08,1065.12,0.0,6.0,6392.0,1
2024-09-02,2024-09-02 11:30:00,1065.12,1065.17,1065.12,1065.17,0.0,6.0,6392.0,1
2024-09-02,2024-09-02 11:40:00,1065.17,1065.21,1065.17,1065.21,0.0,6.0,6392.0,1
2024-09-02,2024-09-02 11:50:00,1065.21,1065.25,1065.21,1065.25,0.0,6.0,6392.0,1
2024-09-02,2024-09-02 12:00:00,1065.25,1065.29,1065.25,1065.29,0.0,6.0,6392.0,1
2024-09-02,2024-09-02 12:10:00,1065.29,1065.33,1065.29,1065.33,0.0,6.0,6392.0,1
2024-09-02,2024-09-02 12:20:00,1065.33,1065.38,1065.33,1065.38,0.0,6.0,6392.0,1
2024-09-02,2024-09-02 12:30:00,1065.38,1065.42,1065.38,1065.42,0.0,6.0,6392.0,1
2024-09-02,2024-09-02 12:40:00,1065.42,1065.46,1065.42,1065.46,0.0,6.0,6392.0,1
2024-09-02,2024-09-02 12:50:00,1065.46,1065.5,1065.46,1065.5,0.0,6.0,6392.0,1
2024-09-02,2024-09-02 13:00:00,1065.5,1066.0,1065.0,1065.54,0.0,6.0,6392.0,1
2024-09-02,2024-09-02 13:10:00,1065.54,1065.58,1065.54,1065.58,0.0,6.0,6392.0,1
2024-09-02,2024-09-02 13:20:00,1065.58,1065.62,1065.58,1065.62,0.0,6.0,6392.0,1
2024-09-02,2024-09-02 13:30:00,1065.62,1065.67,1065.62,1065.67,0.0,6.0,6392.0,1
2024-09-02,2024-09-02 13:40:00,1065.67,1065.71,1065.67,1065.71,0.0,6.0,6392.0,1
2024-09-02,2024-09-02 13:50:00,1065.71,1065.75,1065.71,1065.75,0.0,6.0,6392.0,1
2024-09-02,2024-09-02 14:00:00,1065.75,1065.79,1065.75,1065.79,0.0,6.0,6392.0,1
2024-09-02,2024-09-02 14:10:00,1065.79,1065.83,1065.79,1065.83,0.0,6.0,6392.0,1
2024-09-02,2024-09-02 14:20:00,1065.83,1065.88,1065.83,1065.88,0.0,6.0,6392.0,1
2024-09-02,2024-09-02 14:30:00,1065.88,1065.92,1065.88,1065.92,0.0,6.0,6392.0,1
2024-09-02,2024-09-02 14:40:00,1065.92,1065.96,1065.92,1065.96,0.0,6.0,6392.0,1
2024-09-02,2024-09-02 14:50:00,1065.96,1066.0,1065.96,1066.0,0.0,6.0,6392.0,1
2024-09-02,2024-09-02 15:00:00,1066.0,1066.0,1065.0,1066.0,0.0,6.0,6392.0,0
2024-09-03,2024-09-03 11:00:00,1066.0,1066.3,1066.0,1066.04,0.0,2.0,2133.0,1
2024-09-03,2024-09-03 11:10:00,1066.04,1066.08,1066.04,1066.08,0.0,2.0,2133.0,1
2024-09-03,2024-09-03 11:20:00,1066.08,1066.12,1066.08,1066.12,0.0,2.0,2133.0,1
2024-09-03,2024-09-03 11:30:00,1066.12,1066.17,1066.12,1066.17,0.0,2.0,2133.0,1
2024-09-03,2024-09-03 11:40:00,1066.17,1066.21,1066.17,1066.21,0.0,2.0,2133.0,1
2024-09-03,2024-09-03 11:50:00,1066.21,1066.25,1066.21,1066.25,0.0,2.0,2133.0,1
2024-09-03,2024-09-03 12:00:00,1066.25,1066.29,1066.25,1066.29,0.0,2.0,2133.0,1
2024-09-03,2024-09-03 12:10:00,1066.29,1066.33,1066.29,1066.33,0.0,2.0,2133.0,1
2024-09-03,2024-09-03 12:20:00,1066.33,1066.38,1066.33,1066.38,0.0,2.0,2133.0,1
2024-09-03,2024-09-03 12:30:00,1066.38,1066.42,1066.38,1066.42,0.0,2.0,2133.0,1
2024-09-03,2024-09-03 12:40:00,1066.42,1066.46,1066.42,1066.46,0.0,2.0,2133.0,1
2024-09-03,2024-09-03 12:50:00,1066.46,1066.5,1066.46,1066.5,0.0,2.0,2133.0,1
2024-09-03,2024-09-03 13:00:00,1066.5,1067.0,1066.0,1066.54,0.0,2.0,2133.0,1
2024-09-03,2024-09-03 13:10:00,1066.54,1066.58,1066.54,1066.58,0.0,2.0,2133.0,1
2024-09-03,2024-09-03 13:20:00,1066.58,1066.62,1066.58,1066.62,0.0,2.0,2133.0,1
2024-09-03,2024-09-03 13:30:00,1066.62,1066.67,1066.62,1066.67,0.0,2.0,2133.0,1
2024-09-03,2024-09-03 13:40:00,1066.67,1066.71,1066.67,1066.71,0.0,2.0,2133.0,1
2024-09-03,2024-09-03 13:50:00,1066.71,1066.75,1066.71,1066.75,0.0,2.0,2133.0,1
2024-09-03,2024-09-03 14:00:00,1066.75,1066.79,1066.75,1066.79,0.0,2.0,2133.0,1
2024-09-03,2024-09-03 14:10:00,1066.79,1066.83,1066.79,1066.83,0.0,2.0,2133.0,1
2024-09-03,2024-09-03 14:20:00,1066.83,1066.88,1066.83,1066.88,0.0,2.0,2133.0,1
2024-09-03,2024-09-03 14:30:00,1066.88,1066.92,1066.88,1066.92,0.0,2.0,2133.0,1
2024-09-03,2024-09-03 14:40:00,1066.92,1066.96,1066.92,1066.96,0.0,2.0,2133.0,1
2024-09-03,2024-09-03 14:50:00,1066.96,1067.0,1066.96,1067.0,0.0,2.0,2133.0,1
2024-09-03,2024-09-03 15:00:00,1067.0,1067.0,1066.0,1067.0,0.0,2.0,2133.0,0
2024-09-04,2024-09-04 11:00:00,1068.0,1068.0,1068.0,1068.0,0.0,1.0,1068.0,0
2024-09-04,2024-09-04 11:10:00,1068.0,1068.0,1068.0,1068.0,0.0,1.0,1068.0,0
2024-09-04,2024-09-04 11:20:00,1068.0,1068.0,1068.0,1068.0,0.0,1.0,1068.0,0
2024-09-04,2024-09-04 11:30:00,1068.0,1068.0,1068.0,1068.0,0.0,1.0,1068.0,0
2024-09-04,2024-09-04 11:40:00,1068.0,1068.0,1068.0,1068.0,0.0,1.0,1068.0,0
2024-09-04,2024-09-04 11:50:00,1068.0,1068.0,1068.0,1068.0,0.0,1.0,1068.0,0
2024-09-04,2024-09-04 12:00:00,1068.0,1068.0,1068.0,1068.0,0.0,1.0,1068.0,0
2024-09-04,2024-09-04 12:10:00,1068.0,1068.0,1068.0,1068.0,0.0,1.0,1068.0,0
2024-09-04,2024-09-04 12:20:00,1068.0,1068.0,1068.0,1068.0,0.0,1.0,1068.0,0
2024-09-04,2024-09-04 12:30:00,1068.0,1068.0,1068.0,1068.0,0.0,1.0,1068.0,0
2024-09-04,2024-09-04 12:40:00,1068.0,1068.0,1068.0,1068.0,0.0,1.0,1068.0,0
2024-09-04,2024-09-04 12:50:00,1068.0,1068.0,1068.0,1068.0,0.0,1.0,1068.0,0
2024-09-04,2024-09-04 13:00:00,1068.0,1068.0,1068.0,1068.0,0.0,1.0,1068.0,0
2024-09-04,2024-09-04 13:10:00,1068.0,1068.0,1068.0,1068.0,0.0,1.0,1068.0,0
2024-09-04,2024-09-04 13:20:00,1068.0,1068.0,1068.0,1068.0,0.0,1.0,1068.0,0
2024-09-04,2024-09-04 13:30:00,1068.0,1068.0,1068.0,1068.0,0.0,1.0,1068.0,0
2024-09-04,2024-09-04 13:40:00,1068.0,1068.0,1068.0,1068.0,0.0,1.0,1068.0,0
2024-09-04,2024-09-04 13:50:00,1068.0,1068.0,1068.0,1068.0,0.0,1.0,1068.0,0
2024-09-04,2024-09-04 14:00:00,1068.0,1068.0,1068.0,1068.0,0.0,1.0,1068.0,0
2024-09-04,2024-09-04 14:10:00,1068.0,1068.0,1068.0,1068.0,0.0,1.0,1068.0,0
2024-09-04,2024-09-04 14:20:00,1068.0,1068.0,1068.0,1068.0,0.0,1.0,1068.0,0
2024-09-04,2024-09-04 14:30:00,1068.0,1068.0,1068.0,1068.0,0.0,1.0,1068.0,0
2024-09-04,2024-09-04 14:40:00,1068.0,1068.0,1068.0,1068.0,0.0,1.0,1068.0,0
2024-09-04,2024-09-04 14:50:00,1068.0,1068.0,1068.0,1068.0,0.0,1.0,1068.0,0
2024-09-04,2024-09-04 15:00:00,1068.0,1068.0,1068.0,1068.0,0.0,1.0,1068.0,0
2024-09-05,2024-09-05 11:00:00,1069.0,1069.0,1069.0,1069.0,0.0,1.6,1710.4,0
2024-09-05,2024-09-05 11:10:00,1069.0,1069.0,1069.0,1069.0,0.0,1.6,1710.4,0
2024-09-05,2024-09-05 11:20:00,1069.0,1069.0,1069.0,1069.0,0.0,1.6,1710.4,0
2024-09-05,2024-09-05 11:30:00,1069.0,1069.0,1069.0,1069.0,0.0,1.6,1710.4,0
2024-09-05,2024-09-05 11:40:00,1069.0,1069.0,1069.0,1069.0,0.0,1.6,1710.4,0
2024-09-05,2024-09-05 11:50:00,1069.0,1069.0,1069.0,1069.0,0.0,1.6,1710.4,0
2024-09-05,2024-09-05 12:00:00,1069.0,1069.0,1069.0,1069.0,0.0,1.6,1710.4,0
2024-09-05,2024-09-05 12:10:00,1069.0,1069.0,1069.0,1069.0,0.0,1.6,1710.4,0
2024-09-05,2024-09-05 12:20:00,1069.0,1069.0,1069.0,1069.0,0.0,1.6,1710.4,0
2024-09-05,2024-09-05 12:30:00,1069.0,1069.0,1069.0,1069.0,0.0,1.6,1710.4,0
2024-09-05,2024-09-05 12:40:00,1069.0,1069.0,1069.0,1069.0,0.0,1.6,1710.4,0
2024-09-05,2024-09-05 12:50:00,1069.0,1069.0,1069.0,1069.0,0.0,1.6,1710.4,0
2024-09-05,2024-09-05 13:00:00,1069.0,1069.0,1069.0,1069.0,0.0,1.6,1710.4,0
2024-09-05,2024-09-05 13:10:00,1069.0,1069.0,1069.0,1069.0,0.0,1.6,1710.4,0
2024-09-05,2024-09-05 13:20:00,1069.0,1069.0,1069.0,1069.0,0.0,1.6,1710.4,0
2024-09-05,2024-09-05 13:30:00,1069.0,1069.0,1069.0,1069.0,0.0,1.6,1710.4,0
2024-09-05,2024-09-05 13:40:00,1069.0,1069.0,1069.0,1069.0,0.0,1.6,1710.4,0
2024-09-05,2024-09-05 13:50:00,1069.0,1069.0,1069.0,1069.0,0.0,1.6,1710.4,0
2024-09-05,2024-09-05 14:00:00,1069.0,1069.0,1069.0,1069.0,0.0,1.6,1710.4,0
2024-09-05,2024-09-05 14:10:00,1069.0,1069.0,1069.0,1069.0,0.0,1.6,1710.4,0
2024-09-05,2024-09-05 14:20:00,1069.0,1069.0,1069.0,1069.0,0.0,1.6,1710.4,0
2024-09-05,2024-09-05 14:30:00,1069.0,1069.0,1069.0,1069.0,0.0,1.6,1710.4,0
2024-09-05,2024-09-05 14:40:00,1069.0,1069.0,1069.0,1069.0,0.0,1.6,1710.4,0
2024-09-05,2024-09-05 14:50:00,1069.0,1069.0,1069.0,1069.0,0.0,1.6,1710.4,0
2024-09-05,2024-09-05 15:00:00,1069.0,1069.0,1069.0,1069.0,0.0,1.6,1710.4,0
2024-09-08,2024-09-08 11:00:00,1075.0,1075.9,1075.0,1075.12,0.01,1.6,1723.0,1
2024-09-08,2024-09-08 11:10:00,1075.12,1075.25,1075.12,1075.25,0.01,1.6,1723.0,1
2024-09-08,2024-09-08 11:20:00,1075.25,1075.38,1075.25,1075.38,0.01,1.6,1723.0,1
2024-09-08,2024-09-08 11:30:00,1075.38,1075.5,1075.38,1075.5,0.01,1.6,1723.0,1
2024-09-08,2024-09-08 11:40:00,1075.5,1075.62,1075.5,1075.62,0.01,1.6,1723.0,1
2024-09-08,2024-09-08 11:50:00,1075.62,1075.75,1075.62,1075.75,0.01,1.6,1723.0,1
2024-09-08,2024-09-08 12:00:00,1075.75,1075.88,1075.75,1075.88,0.01,1.6,1723.0,1
2024-09-08,2024-09-08 12:10:00,1075.88,1076.0,1075.88,1076.0,0.01,1.6,1723.0,1
2024-09-08,2024-09-08 12:20:00,1076.0,1076.12,1076.0,1076.12,0.01,1.6,1723.0,1
2024-09-08,2024-09-08 12:30:00,1076.12,1076.25,1076.12,1076.25,0.01,1.6,1723.0,1
2024-09-08,2024-09-08 12:40:00,1076.25,1076.38,1076.25,1076.38,0.01,1.6,1723.0,1
2024-09-08,2024-09-08 12:50:00,1076.38,1076.5,1076.38,1076.5,0.01,1.6,1723.0,1
2024-09-08,2024-09-08 13:00:00,1076.5,1078.0,1075.0,1076.62,0.01,1.6,1723.0,1
2024-09-08,2024-09-08 13:10:00,1076.62,1076.75,1076.62,1076.75,0.01,1.6,1723.0,1
2024-09-08,2024-09-08 13:20:00,1076.75,1076.88,1076.75,1076.88,0.01,1.6,1723.0,1
2024-09-08,2024-09-08 13:30:00,1076.88,1077.0,1076.88,1077.0,0.01,1.6,1723.0,1
2024-09-08,2024-09-08 13:40:00,1077.0,1077.12,1077.0,1077.12,0.01,1.6,1723.0,1
2024-09-08,2024-09-08 13:50:00,1077.12,1077.25,1077.12,1077.25,0.01,1.6,1723.0,1
2024-09-08,2024-09-08 14:00:00,1077.25,1077.38,1077.25,1077.38,0.01,1.6,1723.0,1
2024-09-08,2024-09-08 14:10:00,1077.38,1077.5,1077.38,1077.5,0.01,1.6,1723.0,1
2024-09-08,2024-09-08 14:20:00,1077.5,1077.62,1077.5,1077.62,0.01,1.6,1723.0,1
2024-09-08,2024-09-08 14:30:00,1077.62,1077.75,1077.62,1077.75,0.01,1.6,1723.0,1
2024-09-08,2024-09-08 14:40:00,1077.75,1077.88,1077.75,1077.88,0.01,1.6,1723.0,1
2024-09-08,2024-09-08 14:50:00,1077.88,1078.0,1077.88,1078.0,0.01,1.6,1723.0,1
2024-09-08,2024-09-08 15:00:00,1078.0,1078.0,1075.0,1078.0,0.0,1.6,1723.0,0
2024-09-09,2024-09-09 11:00:00,1094.0,1094.0,1094.0,1094.0,0.0,16.0,17504.0,0
2024-09-09,2024-09-09 11:10:00,1094.0,1094.0,1094.0,1094.0,0.0,16.0,17504.0,0
2024-09-09,2024-09-09 11:20:00,1094.0,1094.0,1094.0,1094.0,0.0,16.0,17504.0,0
2024-09-09,2024-09-09 11:30:00,1094.0,1094.0,1094.0,1094.0,0.0,16.0,17504.0,0
2024-09-09,2024-09-09 11:40:00,1094.0,1094.0,1094.0,1094.0,0.0,16.0,17504.0,0
2024-09-09,2024-09-09 11:50:00,1094.0,1094.0,1094.0,1094.0,0.0,16.0,17504.0,0
2024-09-09,2024-09-09 12:00:00,1094.0,1094.0,1094.0,1094.0,0.0,16.0,17504.0,0
2024-09-09,2024-09-09 12:10:00,1094.0,1094.0,1094.0,1094.0,0.0,16.0,17504.0,0
2024-09-09,2024-09-09 12:20:00,1094.0,1094.0,1094.0,1094.0,0.0,16.0,17504.0,0
2024-09-09,2024-09-09 12:30:00,1094.0,1094.0,1094.0,1094.0,0.0,16.0,17504.0,0
2024-09-09,2024-09-09 12:40:00,1094.0,1094.0,1094.0,1094.0,0.0,16.0,17504.0,0
2024-09-09,2024-09-09 12:50:00,1094.0,1094.0,1094.0,1094.0,0.0,16.0,17504.0,0
2024-09-09,2024-09-09 13:00:00,1094.0,1094.0,1094.0,1094.0,0.0,16.0,17504.0,0
2024-09-09,2024-09-09 13:10:00,1094.0,1094.0,1094.0,1094.0,0.0,16.0,17504.0,0
2024-09-09,2024-09-09 13:20:00,1094.0,1094.0,1094.0,1094.0,0.0,16.0,17504.0,0
2024-09-09,2024-09-09 13:30:00,1094.0,1094.0,1094.0,1094.0,0.0,16.0,17504.0,0
2024-09-09,2024-09-09 13:40:00,1094.0,1094.0,1094.0,1094.0,0.0,16.0,17504.0,0
2024-09-09,2024-09-09 13:50:00,1094.0,1094.0,1094.0,1094.0,0.0,16.0,17504.0,0
2024-09-09,2024-09-09 14:00:00,1094.0,1094.0,1094.0,1094.0,0.0,16.0,17504.0,0
2024-09-09,2024-09-09 14:10:00,1094.0,1094.0,1094.0,1094.0,0.0,16.0,17504.0,0
2024-09-09,2024-09-09 14:20:00,1094.0,1094.0,1094.0,1094.0,0.0,16.0,17504.0,0
2024-09-09,2024-09-09 14:30:00,1094.0,1094.0,1094.0,1094.0,0.0,16.0,17504.0,0
2024-09-09,2024-09-09 14:40:00,1094.0,1094.0,1094.0,1094.0,0.0,16.0,17504.0,0
2024-09-09,2024-09-09 14:50:00,1094.0,1094.0,1094.0,1094.0,0.0,16.0,17504.0,0
2024-09-09,2024-09-09 15:00:00,1094.0,1094.0,1094.0,1094.0,0.0,16.0,17504.0,0
2024-09-15,2024-09-15 11:00:00,1076.0,1076.0,1076.0,1076.0,0.0,1.0,1076.0,0
2024-09-15,2024-09-15 11:10:00,1076.0,1076.0,1076.0,1076.0,0.0,1.0,1076.0,0
2024-09-15,2024-09-15 11:20:00,1076.0,1076.0,1076.0,1076.0,0.0,1.0,1076.0,0
2024-09-15,2024-09-15 11:30:00,1076.0,1076.0,1076.0,1076.0,0.0,1.0,1076.0,0
2024-09-15,2024-09-15 11:40:00,1076.0,1076.0,1076.0,1076.0,0.0,1.0,1076.0,0
2024-09-15,2024-09-15 11:50:00,1076.0,1076.0,1076.0,1076.0,0.0,1.0,1076.0,0
2024-09-15,2024-09-15 12:00:00,1076.0,1076.0,1076.0,1076.0,0.0,1.0,1076.0,0
2024-09-15,2024-09-15 12:10:00,1076.0,1076.0,1076.0,1076.0,0.0,1.0,1076.0,0
2024-09-15,2024-09-15 12:20:00,1076.0,1076.0,1076.0,1076.0,0.0,1.0,1076.0,0
2024-09-15,2024-09-15 12:30:00,1076.0,1076.0,1076.0,1076.0,0.0,1.0,1076.0,0
2024-09-15,2024-09-15 12:40:00,1076.0,1076.0,1076.0,1076.0,0.0,1.0,1076.0,0
2024-09-15,2024-09-15 12:50:00,1076.0,1076.0,1076.0,1076.0,0.0,1.0,1076.0,0
2024-09-15,2024-09-15 13:00:00,1076.0,1076.0,1076.0,1076.0,0.0,1.0,1076.0,0
2024-09-15,2024-09-15 13:10:00,1076.0,1076.0,1076.0,1076.0,0.0,1.0,1076.0,0
2024-09-15,2024-09-15 13:20:00,1076.0,1076.0,1076.0,1076.0,0.0,1.0,1076.0,0
2024-09-15,2024-09-15 13:30:00,1076.0,1076.0,1076.0,1076.0,0.0,1.0,1076.0,0
2024-09-15,2024-09-15 13:40:00,1076.0,1076.0,1076.0,1076.0,0.0,1.0,1076.0,0
2024-09-15,2024-09-15 13:50:00,1076.0,1076.0,1076.0,1076.0,0.0,1.0,1076.0,0
2024-09-15,2024-09-15 14:00:00,1076.0,1076.0,1076.0,1076.0,0.0,1.0,1076.0,0
2024-09-15,2024-09-15 14:10:00,1076.0,1076.0,1076.0,1076.0,0.0,1.0,1076.0,0
2024-09-15,2024-09-15 14:20:00,1076.0,1076.0,1076.0,1076.0,0.0,1.0,1076.0,0
2024-09-15,2024-09-15 14:30:00,1076.0,1076.0,1076.0,1076.0,0.0,1.0,1076.0,0
2024-09-15,2024-09-15 14:40:00,1076.0,1076.0,1076.0,1076.0,0.0,1.0,1076.0,0
2024-09-15,2024-09-15 14:50:00,1076.0,1076.0,1076.0,1076.0,0.0,1.0,1076.0,0
2024-09-15,2024-09-15 15:00:00,1076.0,1076.0,1076.0,1076.0,0.0,1.0,1076.0,0
2024-09-23,2024-09-23 11:00:00,1097.5,1097.5,1097.5,1097.5,0.0,4.0,4390.0,0
2024-09-23,2024-09-23 11:10:00,1097.5,1097.5,1097.5,1097.5,0.0,4.0,4390.0,0
2024-09-23,2024-09-23 11:20:00,1097.5,1097.5,1097.5,1097.5,0.0,4.0,4390.0,0
2024-09-23,2024-09-23 11:30:00,1097.5,1097.5,1097.5,1097.5,0.0,4.0,4390.0,0
2024-09-23,2024-09-23 11:40:00,1097.5,1097.5,1097.5,1097.5,0.0,4.0,4390.0,0
2024-09-23,2024-09-23 11:50:00,1097.5,1097.5,1097.5,1097.5,0.0,4.0,4390.0,0
2024-09-23,2024-09-23 12:00:00,1097.5,1097.5,1097.5,1097.5,0.0,4.0,4390.0,0
2024-09-23,2024-09-23 12:10:00,1097.5,1097.5,1097.5,1097.5,0.0,4.0,4390.0,0
2024-09-23,2024-09-23 12:20:00,1097.5,1097.5,1097.5,1097.5,0.0,4.0,4390.0,0
2024-09-23,2024-09-23 12:30:00,1097.5,1097.5,1097.5,1097.5,0.0,4.0,4390.0,0
2024-09-23,2024-09-23 12:40:00,1097.5,1097.5,1097.5,1097.5,0.0,4.0,4390.0,0
2024-09-23,2024-09-23 12:50:00,1097.5,1097.5,1097.5,1097.5,0.0,4.0,4390.0,0
2024-09-23,2024-09-23 13:00:00,1097.5,1097.5,1097.5,1097.5,0.0,4.0,4390.0,0
2024-09-23,2024-09-23 13:10:00,1097.5,1097.5,1097.5,1097.5,0.0,4.0,4390.0,0
2024-09-23,2024-09-23 13:20:00,1097.5,1097.5,1097.5,1097.5,0.0,4.0,4390.0,0
2024-09-23,2024-09-23 13:30:00,1097.5,1097.5,1097.5,1097.5,0.0,4.0,4390.0,0
2024-09-23,2024-09-23 13:40:00,1097.5,1097.5,1097.5,1097.5,0.0,4.0,4390.0,0
2024-09-23,2024-09-23 13:50:00,1097.5,1097.5,1097.5,1097.5,0.0,4.0,4390.0,0
2024-09-23,2024-09-23 14:00:00,1097.5,1097.5,1097.5,1097.5,0.0,4.0,4390.0,0
2024-09-23,2024-09-23 14:10:00,1097.5,1097.5,1097.5,1097.5,0.0,4.0,4390.0,0
2024-09-23,2024-09-23 14:20:00,1097.5,1097.5,1097.5,1097.5,0.0,4.0,4390.0,0
2024-09-23,2024-09-23 14:30:00,1097.5,1097.5,1097.5,1097.5,0.0,4.0,4390.0,0
2024-09-23,2024-09-23 14:40:00,1097.5,1097.5,1097.5,1097.5,0.0,4.0,4390.0,0
2024-09-23,2024-09-23 14:50:00,1097.5,1097.5,1097.5,1097.5,0.0,4.0,4390.0,0
2024-09-23,2024-09-23 15:00:00,1097.5,1097.5,1097.5,1097.5,0.0,4.0,4390.0,0
2024-09-26,2024-09-26 11:00:00,1119.4,1119.4,1119.4,1119.4,0.0,4.0,4477.6,0
2024-09-26,2024-09-26 11:10:00,1119.4,1119.4,1119.4,1119.4,0.0,4.0,4477.6,0
2024-09-26,2024-09-26 11:20:00,1119.4,1119.4,1119.4,1119.4,0.0,4.0,4477.6,0
2024-09-26,2024-09-26 11:30:00,1119.4,1119.4,1119.4,1119.4,0.0,4.0,4477.6,0
2024-09-26,2024-09-26 11:40:00,1119.4,1119.4,1119.4,1119.4,0.0,4.0,4477.6,0
2024-09-26,2024-09-26 11:50:00,1119.4,1119.4,1119.4,1119.4,0.0,4.0,4477.6,0
2024-09-26,2024-09-26 12:00:00,1119.4,1119.4,1119.4,1119.4,0.0,4.0,4477.6,0
2024-09-26,2024-09-26 12:10:00,1119.4,1119.4,1119.4,1119.4,0.0,4.0,4477.6,0
2024-09-26,2024-09-26 12:20:00,1119.4,1119.4,1119.4,1119.4,0.0,4.0,4477.6,0
2024-09-26,2024-09-26 12:30:00,1119.4,1119.4,1119.4,1119.4,0.0,4.0,4477.6,0
2024-09-26,2024-09-26 12:40:00,1119.4,1119.4,1119.4,1119.4,0.0,4.0,4477.6,0
2024-09-26,2024-09-26 12:50:00,1119.4,1119.4,1119.4,1119.4,0.0,4.0,4477.6,0
2024-09-26,2024-09-26 13:00:00,1119.4,1119.4,1119.4,1119.4,0.0,4.0,4477.6,0
2024-09-26,2024-09-26 13:10:00,1119.4,1119.4,1119.4,1119.4,0.0,4.0,4477.6,0
2024-09-26,2024-09-26 13:20:00,1119.4,1119.4,1119.4,1119.4,0.0,4.0,4477.6,0
2024-09-26,2024-09-26 13:30:00,1119.4,1119.4,1119.4,1119.4,0.0,4.0,4477.6,0
2024-09-26,2024-09-26 13:40:00,1119.4,1119.4,1119.4,1119.4,0.0,4.0,4477.6,0
2024-09-26,2024-09-26 13:50:00,1119.4,1119.4,1119.4,1119.4,0.0,4.0,4477.6,0
2024-09-26,2024-09-26 14:00:00,1119.4,1119.4,1119.4,1119.4,0.0,4.0,4477.6,0
2024-09-26,2024-09-26 14:10:00,1119.4,1119.4,1119.4,1119.4,0.0,4.0,4477.6,0
2024-09-26,2024-09-26 14:20:00,1119.4,1119.4,1119.4,1119.4,0.0,4.0,4477.6,0
2024-09-26,2024-09-26 14:30:00,1119.4,1119.4,1119.4,1119.4,0.0,4.0,4477.6,0
2024-09-26,2024-09-26 14:40:00,1119.4,1119.4,1119.4,1119.4,0.0,4.0,4477.6,0
2024-09-26,2024-09-26 14:50:00,1119.4,1119.4,1119.4,1119.4,0.0,4.0,4477.6,0
2024-09-26,2024-09-26 15:00:00,1119.4,1119.4,1119.4,1119.4,0.0,4.0,4477.6,0
2024-09-29,2024-09-29 11:00:00,1119.0,1119.0,1119.0,1119.0,0.0,1.0,1119.0,0
2024-09-29,2024-09-29 11:10:00,1119.0,1119.0,1119.0,1119.0,0.0,1.0,1119.0,0
2024-09-29,2024-09-29 11:20:00,1119.0,1119.0,1119.0,1119.0,0.0,1.0,1119.0,0
2024-09-29,2024-09-29 11:30:00,1119.0,1119.0,1119.0,1119.0,0.0,1.0,1119.0,0
2024-09-29,2024-09-29 11:40:00,1119.0,1119.0,1119.0,1119.0,0.0,1.0,1119.0,0
2024-09-29,2024-09-29 11:50:00,1119.0,1119.0,1119.0,1119.0,0.0,1.0,1119.0,0
2024-09-29,2024-09-29 12:00:00,1119.0,1119.0,1119.0,1119.0,0.0,1.0,1119.0,0
2024-09-29,2024-09-29 12:10:00,1119.0,1119.0,1119.0,1119.0,0.0,1.0,1119.0,0
2024-09-29,2024-09-29 12:20:00,1119.0,1119.0,1119.0,1119.0,0.0,1.0,1119.0,0
2024-09-29,2024-09-29 12:30:00,1119.0,1119.0,1119.0,1119.0,0.0,1.0,1119.0,0
2024-09-29,2024-09-29 12:40:00,1119.0,1119.0,1119.0,1119.0,0.0,1.0,1119.0,0
2024-09-29,2024-09-29 12:50:00,1119.0,1119.0,1119.0,1119.0,0.0,1.0,1119.0,0
2024-09-29,2024-09-29 13:00:00,1119.0,1119.0,1119.0,1119.0,0.0,1.0,1119.0,0
2024-09-29,2024-09-29 13:10:00,1119.0,1119.0,1119.0,1119.0,0.0,1.0,1119.0,0
2024-09-29,2024-09-29 13:20:00,1119.0,1119.0,1119.0,1119.0,0.0,1.0,1119.0,0
2024-09-29,2024-09-29 13:30:00,1119.0,1119.0,1119.0,1119.0,0.0,1.0,1119.0,0
2024-09-29,2024-09-29 13:40:00,1119.0,1119.0,1119.0,1119.0,0.0,1.0,1119.0,0
2024-09-29,2024-09-29 13:50:00,1119.0,1119.0,1119.0,1119.0,0.0,1.0,1119.0,0
2024-09-29,2024-09-29 14:00:00,1119.0,1119.0,1119.0,1119.0,0.0,1.0,1119.0,0
2024-09-29,2024-09-29 14:10:00,1119.0,1119.0,1119.0,1119.0,0.0,1.0,1119.0,0
2024-09-29,2024-09-29 14:20:00,1119.0,1119.0,1119.0,1119.0,0.0,1.0,1119.0,0
2024-09-29,2024-09-29 14:30:00,1119.0,1119.0,1119.0,1119.0,0.0,1.0,1119.0,0
2024-09-29,2024-09-29 14:40:00,1119.0,1119.0,1119.0,1119.0,0.0,1.0,1119.0,0
2024-09-29,2024-09-29 14:50:00,1119.0,1119.0,1119.0,1119.0,0.0,1.0,1119.0,0
2024-09-29,2024-09-29 15:00:00,1119.0,1119.0,1119.0,1119.0,0.0,1.0,1119.0,0
2024-10-01,2024-10-01 11:00:00,1110.0,1110.0,1110.0,1110.0,0.0,3.0,3330.0,0
2024-10-01,2024-10-01 11:10:00,1110.0,1110.0,1110.0,1110.0,0.0,3.0,3330.0,0
2024-10-01,2024-10-01 11:20:00,1110.0,1110.0,1110.0,1110.0,0.0,3.0,3330.0,0
2024-10-01,2024-10-01 11:30:00,1110.0,1110.0,1110.0,1110.0,0.0,3.0,3330.0,0
2024-10-01,2024-10-01 11:40:00,1110.0,1110.0,1110.0,1110.0,0.0,3.0,3330.0,0
2024-10-01,2024-10-01 11:50:00,1110.0,1110.0,1110.0,1110.0,0.0,3.0,3330.0,0
2024-10-01,2024-10-01 12:00:00,1110.0,1110.0,1110.0,1110.0,0.0,3.0,3330.0,0
2024-10-01,2024-10-01 12:10:00,1110.0,1110.0,1110.0,1110.0,0.0,3.0,3330.0,0
2024-10-01,2024-10-01 12:20:00,1110.0,1110.0,1110.0,1110.0,0.0,3.0,3330.0,0
2024-10-01,2024-10-01 12:30:00,1110.0,1110.0,1110.0,1110.0,0.0,3.0,3330.0,0
2024-10-01,2024-10-01 12:40:00,1110.0,1110.0,1110.0,1110.0,0.0,3.0,3330.0,0
2024-10-01,2024-10-01 12:50:00,1110.0,1110.0,1110.0,1110.0,0.0,3.0,3330.0,0
2024-10-01,2024-10-01 13:00:00,1110.0,1110.0,1110.0,1110.0,0.0,3.0,3330.0,0
2024-10-01,2024-10-01 13:10:00,1110.0,1110.0,1110.0,1110.0,0.0,3.0,3330.0,0
2024-10-01,2024-10-01 13:20:00,1110.0,1110.0,1110.0,1110.0,0.0,3.0,3330.0,0
2024-10-01,2024-10-01 13:30:00,1110.0,1110.0,1110.0,1110.0,0.0,3.0,3330.0,0
2024-10-01,2024-10-01 13:40:00,1110.0,1110.0,1110.0,1110.0,0.0,3.0,3330.0,0
2024-10-01,2024-10-01 13:50:00,1110.0,1110.0,1110.0,1110.0,0.0,3.0,3330.0,0
2024-10-01,2024-10-01 14:00:00,1110.0,1110.0,1110.0,1110.0,0.0,3.0,3330.0,0
2024-10-01,2024-10-01 14:10:00,1110.0,1110.0,1110.0,1110.0,0.0,3.0,3330.0,0
2024-10-01,2024-10-01 14:20:00,1110.0,1110.0,1110.0,1110.0,0.0,3.0,3330.0,0
2024-10-01,2024-10-01 14:30:00,1110.0,1110.0,1110.0,1110.0,0.0,3.0,3330.0,0
2024-10-01,2024-10-01 14:40:00,1110.0,1110.0,1110.0,1110.0,0.0,3.0,3330.0,0
2024-10-01,2024-10-01 14:50:00,1110.0,1110.0,1110.0,1110.0,0.0,3.0,3330.0,0
2024-10-01,2024-10-01 15:00:00,1110.0,1110.0,1110.0,1110.0,0.0,3.0,3330.0,0
2024-10-07,2024-10-07 11:00:00,1100.0,1100.0,1100.0,1100.0,0.0,1.0,1100.0,0
2024-10-07,2024-10-07 11:10:00,1100.0,1100.0,1100.0,1100.0,0.0,1.0,1100.0,0
2024-10-07,2024-10-07 11:20:00,1100.0,1100.0,1100.0,1100.0,0.0,1.0,1100.0,0
2024-10-07,2024-10-07 11:30:00,1100.0,1100.0,1100.0,1100.0,0.0,1.0,1100.0,0
2024-10-07,2024-10-07 11:40:00,1100.0,1100.0,1100.0,1100.0,0.0,1.0,1100.0,0
2024-10-07,2024-10-07 11:50:00,1100.0,1100.0,1100.0,1100.0,0.0,1.0,1100.0,0
2024-10-07,2024-10-07 12:00:00,1100.0,1100.0,1100.0,1100.0,0.0,1.0,1100.0,0
2024-10-07,2024-10-07 12:10:00,1100.0,1100.0,1100.0,1100.0,0.0,1.0,1100.0,0
2024-10-07,2024-10-07 12:20:00,1100.0,1100.0,1100.0,1100.0,0.0,1.0,1100.0,0
2024-10-07,2024-10-07 12:30:00,1100.0,1100.0,1100.0,1100.0,0.0,1.0,1100.0,0
2024-10-07,2024-10-07 12:40:00,1100.0,1100.0,1100.0,1100.0,0.0,1.0,1100.0,0
2024-10-07,2024-10-07 12:50:00,1100.0,1100.0,1100.0,1100.0,0.0,1.0,1100.0,0
2024-10-07,2024-10-07 13:00:00,1100.0,1100.0,1100.0,1100.0,0.0,1.0,1100.0,0
2024-10-07,2024-10-07 13:10:00,1100.0,1100.0,1100.0,1100.0,0.0,1.0,1100.0,0
2024-10-07,2024-10-07 13:20:00,1100.0,1100.0,1100.0,1100.0,0.0,1.0,1100.0,0
2024-10-07,2024-10-07 13:30:00,1100.0,1100.0,1100.0,1100.0,0.0,1.0,1100.0,0
2024-10-07,2024-10-07 13:40:00,1100.0,1100.0,1100.0,1100.0,0.0,1.0,1100.0,0
2024-10-07,2024-10-07 13:50:00,1100.0,1100.0,1100.0,1100.0,0.0,1.0,1100.0,0
2024-10-07,2024-10-07 14:00:00,1100.0,1100.0,1100.0,1100.0,0.0,1.0,1100.0,0
2024-10-07,2024-10-07 14:10:00,1100.0,1100.0,1100.0,1100.0,0.0,1.0,1100.0,0
2024-10-07,2024-10-07 14:20:00,1100.0,1100.0,1100.0,1100.0,0.0,1.0,1100.0,0
2024-10-07,2024-10-07 14:30:00,1100.0,1100.0,1100.0,1100.0,0.0,1.0,1100.0,0
2024-10-07,2024-10-07 14:40:00,1100.0,1100.0,1100.0,1100.0,0.0,1.0,1100.0,0
2024-10-07,2024-10-07 14:50:00,1100.0,1100.0,1100.0,1100.0,0.0,1.0,1100.0,0
2024-10-07,2024-10-07 15:00:00,1100.0,1100.0,1100.0,1100.0,0.0,1.0,1100.0,0
2024-10-16,2024-10-16 11:00:00,1100.0,1100.0,1100.0,1100.0,0.0,2.0,2200.0,0
2024-10-16,2024-10-16 11:10:00,1100.0,1100.0,1100.0,1100.0,0.0,2.0,2200.0,0
2024-10-16,2024-10-16 11:20:00,1100.0,1100.0,1100.0,1100.0,0.0,2.0,2200.0,0
2024-10-16,2024-10-16 11:30:00,1100.0,1100.0,1100.0,1100.0,0.0,2.0,2200.0,0
2024-10-16,2024-10-16 11:40:00,1100.0,1100.0,1100.0,1100.0,0.0,2.0,2200.0,0
2024-10-16,2024-10-16 11:50:00,1100.0,1100.0,1100.0,1100.0,0.0,2.0,2200.0,0
2024-10-16,2024-10-16 12:00:00,1100.0,1100.0,1100.0,1100.0,0.0,2.0,2200.0,0
2024-10-16,2024-10-16 12:10:00,1100.0,1100.0,1100.0,1100.0,0.0,2.0,2200.0,0
2024-10-16,2024-10-16 12:20:00,1100.0,1100.0,1100.0,1100.0,0.0,2.0,2200.0,0
2024-10-16,2024-10-16 12:30:00,1100.0,1100.0,1100.0,1100.0,0.0,2.0,2200.0,0
2024-10-16,2024-10-16 12:40:00,1100.0,1100.0,1100.0,1100.0,0.0,2.0,2200.0,0
2024-10-16,2024-10-16 12:50:00,1100.0,1100.0,1100.0,1100.0,0.0,2.0,2200.0,0
2024-10-16,2024-10-16 13:00:00,1100.0,1100.0,1100.0,1100.0,0.0,2.0,2200.0,0
2024-10-16,2024-10-16 13:10:00,1100.0,1100.0,1100.0,1100.0,0.0,2.0,2200.0,0
2024-10-16,2024-10-16 13:20:00,1100.0,1100.0,1100.0,1100.0,0.0,2.0,2200.0,0
2024-10-16,2024-10-16 13:30:00,1100.0,1100.0,1100.0,1100.0,0.0,2.0,2200.0,0
2024-10-16,2024-10-16 13:40:00,1100.0,1100.0,1100.0,1100.0,0.0,2.0,2200.0,0
2024-10-16,2024-10-16 13:50:00,1100.0,1100.0,1100.0,1100.0,0.0,2.0,2200.0,0
2024-10-16,2024-10-16 14:00:00,1100.0,1100.0,1100.0,1100.0,0.0,2.0,2200.0,0
2024-10-16,2024-10-16 14:10:00,1100.0,1100.0,1100.0,1100.0,0.0,2.0,2200.0,0
2024-10-16,2024-10-16 14:20:00,1100.0,1100.0,1100.0,1100.0,0.0,2.0,2200.0,0
2024-10-16,2024-10-16 14:30:00,1100.0,1100.0,1100.0,1100.0,0.0,2.0,2200.0,0
2024-10-16,2024-10-16 14:40:00,1100.0,1100.0,1100.0,1100.0,0.0,2.0,2200.0,0
2024-10-16,2024-10-16 14:50:00,1100.0,1100.0,1100.0,1100.0,0.0,2.0,2200.0,0
2024-10-16,2024-10-16 15:00:00,1100.0,1100.0,1100.0,1100.0,0.0,2.0,2200.0,0
2024-10-20,2024-10-20 11:00:00,1100.0,1100.0,1100.0,1100.0,0.0,2.0,2200.0,0
2024-10-20,2024-10-20 11:10:00,1100.0,1100.0,1100.0,1100.0,0.0,2.0,2200.0,0
2024-10-20,2024-10-20 11:20:00,1100.0,1100.0,1100.0,1100.0,0.0,2.0,2200.0,0
2024-10-20,2024-10-20 11:30:00,1100.0,1100.0,1100.0,1100.0,0.0,2.0,2200.0,0
2024-10-20,2024-10-20 11:40:00,1100.0,1100.0,1100.0,1100.0,0.0,2.0,2200.0,0
2024-10-20,2024-10-20 11:50:00,1100.0,1100.0,1100.0,1100.0,0.0,2.0,2200.0,0
2024-10-20,2024-10-20 12:00:00,1100.0,1100.0,1100.0,1100.0,0.0,2.0,2200.0,0
2024-10-20,2024-10-20 12:10:00,1100.0,1100.0,1100.0,1100.0,0.0,2.0,2200.0,0
2024-10-20,2024-10-20 12:20:00,1100.0,1100.0,1100.0,1100.0,0.0,2.0,2200.0,0
2024-10-20,2024-10-20 12:30:00,1100.0,1100.0,1100.0,1100.0,0.0,2.0,2200.0,0
2024-10-20,2024-10-20 12:40:00,1100.0,1100.0,1100.0,1100.0,0.0,2.0,2200.0,0
2024-10-20,2024-10-20 12:50:00,1100.0,1100.0,1100.0,1100.0,0.0,2.0,2200.0,0
2024-10-20,2024-10-20 13:00:00,1100.0,1100.0,1100.0,1100.0,0.0,2.0,2200.0,0
2024-10-20,2024-10-20 13:10:00,1100.0,1100.0,1100.0,1100.0,0.0,2.0,2200.0,0
2024-10-20,2024-10-20 13:20:00,1100.0,1100.0,1100.0,1100.0,0.0,2.0,2200.0,0
2024-10-20,2024-10-20 13:30:00,1100.0,1100.0,1100.0,1100.0,0.0,2.0,2200.0,0
2024-10-20,2024-10-20 13:40:00,1100.0,1100.0,1100.0,1100.0,0.0,2.0,2200.0,0
2024-10-20,2024-10-20 13:50:00,1100.0,1100.0,1100.0,1100.0,0.0,2.0,2200.0,0
2024-10-20,2024-10-20 14:00:00,1100.0,1100.0,1100.0,1100.0,0.0,2.0,2200.0,0
2024-10-20,2024-10-20 14:10:00,1100.0,1100.0,1100.0,1100.0,0.0,2.0,2200.0,0
2024-10-20,2024-10-20 14:20:00,1100.0,1100.0,1100.0,1100.0,0.0,2.0,2200.0,0
2024-10-20,2024-10-20 14:30:00,1100.0,1100.0,1100.0,1100.0,0.0,2.0,2200.0,0
2024-10-20,2024-10-20 14:40:00,1100.0,1100.0,1100.0,1100.0,0.0,2.0,2200.0,0
2024-10-20,2024-10-20 14:50:00,1100.0,1100.0,1100.0,1100.0,0.0,2.0,2200.0,0
2024-10-20,2024-10-20 15:00:00,1100.0,1100.0,1100.0,1100.0,0.0,2.0,2200.0,0
2024-10-23,2024-10-23 11:00:00,1100.0,1100.0,1100.0,1100.0,0.0,1.0,1100.0,0
2024-10-23,2024-10-23 11:10:00,1100.0,1100.0,1100.0,1100.0,0.0,1.0,1100.0,0
2024-10-23,2024-10-23 11:20:00,1100.0,1100.0,1100.0,1100.0,0.0,1.0,1100.0,0
2024-10-23,2024-10-23 11:30:00,1100.0,1100.0,1100.0,1100.0,0.0,1.0,1100.0,0
2024-10-23,2024-10-23 11:40:00,1100.0,1100.0,1100.0,1100.0,0.0,1.0,1100.0,0
2024-10-23,2024-10-23 11:50:00,1100.0,1100.0,1100.0,1100.0,0.0,1.0,1100.0,0
2024-10-23,2024-10-23 12:00:00,1100.0,1100.0,1100.0,1100.0,0.0,1.0,1100.0,0
2024-10-23,2024-10-23 12:10:00,1100.0,1100.0,1100.0,1100.0,0.0,1.0,1100.0,0
2024-10-23,2024-10-23 12:20:00,1100.0,1100.0,1100.0,1100.0,0.0,1.0,1100.0,0
2024-10-23,2024-10-23 12:30:00,1100.0,1100.0,1100.0,1100.0,0.0,1.0,1100.0,0
2024-10-23,2024-10-23 12:40:00,1100.0,1100.0,1100.0,1100.0,0.0,1.0,1100.0,0
2024-10-23,2024-10-23 12:50:00,1100.0,1100.0,1100.0,1100.0,0.0,1.0,1100.0,0
2024-10-23,2024-10-23 13:00:00,1100.0,1100.0,1100.0,1100.0,0.0,1.0,1100.0,0
2024-10-23,2024-10-23 13:10:00,1100.0,1100.0,1100.0,1100.0,0.0,1.0,1100.0,0
2024-10-23,2024-10-23 13:20:00,1100.0,1100.0,1100.0,1100.0,0.0,1.0,1100.0,0
2024-10-23,2024-10-23 13:30:00,1100.0,1100.0,1100.0,1100.0,0.0,1.0,1100.0,0
2024-10-23,2024-10-23 13:40:00,1100.0,1100.0,1100.0,1100.0,0.0,1.0,1100.0,0
2024-10-23,2024-10-23 13:50:00,1100.0,1100.0,1100.0,1100.0,0.0,1.0,1100.0,0
2024-10-23,2024-10-23 14:00:00,1100.0,1100.0,1100.0,1100.0,0.0,1.0,1100.0,0
2024-10-23,2024-10-23 14:10:00,1100.0,1100.0,1100.0,1100.0,0.0,1.0,1100.0,0
2024-10-23,2024-10-23 14:20:00,1100.0,1100.0,1100.0,1100.0,0.0,1.0,1100.0,0
2024-10-23,2024-10-23 14:30:00,1100.0,1100.0,1100.0,1100.0,0.0,1.0,1100.0,0
2024-10-23,2024-10-23 14:40:00,1100.0,1100.0,1100.0,1100.0,0.0,1.0,1100.0,0
2024-10-23,2024-10-23 14:50:00,1100.0,1100.0,1100.0,1100.0,0.0,1.0,1100.0,0
2024-10-23,2024-10-23 15:00:00,1100.0,1100.0,1100.0,1100.0,0.0,1.0,1100.0,0
2024-10-24,2024-10-24 11:00:00,1100.0,1100.0,1100.0,1100.0,0.0,1.2,1320.0,0
2024-10-24,2024-10-24 11:10:00,1100.0,1100.0,1100.0,1100.0,0.0,1.2,1320.0,0
2024-10-24,2024-10-24 11:20:00,1100.0,1100.0,1100.0,1100.0,0.0,1.2,1320.0,0
2024-10-24,2024-10-24 11:30:00,1100.0,1100.0,1100.0,1100.0,0.0,1.2,1320.0,0
2024-10-24,2024-10-24 11:40:00,1100.0,1100.0,1100.0,1100.0,0.0,1.2,1320.0,0
2024-10-24,2024-10-24 11:50:00,1100.0,1100.0,1100.0,1100.0,0.0,1.2,1320.0,0
2024-10-24,2024-10-24 12:00:00,1100.0,1100.0,1100.0,1100.0,0.0,1.2,1320.0,0
2024-10-24,2024-10-24 12:10:00,1100.0,1100.0,1100.0,1100.0,0.0,1.2,1320.0,0
2024-10-24,2024-10-24 12:20:00,1100.0,1100.0,1100.0,1100.0,0.0,1.2,1320.0,0
2024-10-24,2024-10-24 12:30:00,1100.0,1100.0,1100.0,1100.0,0.0,1.2,1320.0,0
2024-10-24,2024-10-24 12:40:00,1100.0,1100.0,1100.0,1100.0,0.0,1.2,1320.0,0
2024-10-24,2024-10-24 12:50:00,1100.0,1100.0,1100.0,1100.0,0.0,1.2,1320.0,0
2024-10-24,2024-10-24 13:00:00,1100.0,1100.0,1100.0,1100.0,0.0,1.2,1320.0,0
2024-10-24,2024-10-24 13:10:00,1100.0,1100.0,1100.0,1100.0,0.0,1.2,1320.0,0
2024-10-24,2024-10-24 13:20:00,1100.0,1100.0,1100.0,1100.0,0.0,1.2,1320.0,0
2024-10-24,2024-10-24 13:30:00,1100.0,1100.0,1100.0,1100.0,0.0,1.2,1320.0,0
2024-10-24,2024-10-24 13:40:00,1100.0,1100.0,1100.0,1100.0,0.0,1.2,1320.0,0
2024-10-24,2024-10-24 13:50:00,1100.0,1100.0,1100.0,1100.0,0.0,1.2,1320.0,0
2024-10-24,2024-10-24 14:00:00,1100.0,1100.0,1100.0,1100.0,0.0,1.2,1320.0,0
2024-10-24,2024-10-24 14:10:00,1100.0,1100.0,1100.0,1100.0,0.0,1.2,1320.0,0
2024-10-24,2024-10-24 14:20:00,1100.0,1100.0,1100.0,1100.0,0.0,1.2,1320.0,0
2024-10-24,2024-10-24 14:30:00,1100.0,1100.0,1100.0,1100.0,0.0,1.2,1320.0,0
2024-10-24,2024-10-24 14:40:00,1100.0,1100.0,1100.0,1100.0,0.0,1.2,1320.0,0
2024-10-24,2024-10-24 14:50:00,1100.0,1100.0,1100.0,1100.0,0.0,1.2,1320.0,0
2024-10-24,2024-10-24 15:00:00,1100.0,1100.0,1100.0,1100.0,0.0,1.2,1320.0,0
2024-10-27,2024-10-27 11:00:00,1081.1,1081.1,1081.07,1081.1,0.0,1.0,1081.06,0
2024-10-27,2024-10-27 11:10:00,1081.1,1081.1,1081.09,1081.09,-0.0,1.0,1081.06,-1
2024-10-27,2024-10-27 11:20:00,1081.09,1081.09,1081.09,1081.09,0.0,1.0,1081.06,0
2024-10-27,2024-10-27 11:30:00,1081.09,1081.09,1081.08,1081.08,-0.0,1.0,1081.06,-1
2024-10-27,2024-10-27 11:40:00,1081.08,1081.08,1081.08,1081.08,0.0,1.0,1081.06,0
2024-10-27,2024-10-27 11:50:00,1081.08,1081.08,1081.07,1081.07,-0.0,1.0,1081.06,-1
2024-10-27,2024-10-27 12:00:00,1081.07,1081.07,1081.07,1081.07,0.0,1.0,1081.06,0
2024-10-27,2024-10-27 12:10:00,1081.07,1081.07,1081.07,1081.07,0.0,1.0,1081.06,0
2024-10-27,2024-10-27 12:20:00,1081.07,1081.07,1081.06,1081.06,-0.0,1.0,1081.06,-1
2024-10-27,2024-10-27 12:30:00,1081.06,1081.06,1081.06,1081.06,0.0,1.0,1081.06,0
2024-10-27,2024-10-27 12:40:00,1081.06,1081.06,1081.05,1081.05,-0.0,1.0,1081.06,-1
2024-10-27,2024-10-27 12:50:00,1081.05,1081.05,1081.05,1081.05,0.0,1.0,1081.06,0
2024-10-27,2024-10-27 13:00:00,1081.05,1081.1,1081.0,1081.05,0.0,1.0,1081.06,0
2024-10-27,2024-10-27 13:10:00,1081.05,1081.05,1081.04,1081.04,-0.0,1.0,1081.06,-1
2024-10-27,2024-10-27 13:20:00,1081.04,1081.04,1081.04,1081.04,0.0,1.0,1081.06,0
2024-10-27,2024-10-27 13:30:00,1081.04,1081.04,1081.03,1081.03,-0.0,1.0,1081.06,-1
2024-10-27,2024-10-27 13:40:00,1081.03,1081.03,1081.03,1081.03,0.0,1.0,1081.06,0
2024-10-27,2024-10-27 13:50:00,1081.03,1081.03,1081.03,1081.03,0.0,1.0,1081.06,0
2024-10-27,2024-10-27 14:00:00,1081.03,1081.03,1081.02,1081.02,-0.0,1.0,1081.06,-1
2024-10-27,2024-10-27 14:10:00,1081.02,1081.02,1081.02,1081.02,0.0,1.0,1081.06,0
2024-10-27,2024-10-27 14:20:00,1081.02,1081.02,1081.01,1081.01,-0.0,1.0,1081.06,-1
2024-10-27,2024-10-27 14:30:00,1081.01,1081.01,1081.01,1081.01,0.0,1.0,1081.06,0
2024-10-27,2024-10-27 14:40:00,1081.01,1081.01,1081.0,1081.0,-0.0,1.0,1081.06,-1
2024-10-27,2024-10-27 14:50:00,1081.0,1081.0,1081.0,1081.0,0.0,1.0,1081.06,0
2024-10-27,2024-10-27 15:00:00,1081.0,1081.1,1081.0,1081.0,0.0,1.0,1081.06,0
2024-10-29,2024-10-29 11:00:00,1095.0,1095.0,1095.0,1095.0,0.0,1.0,1095.0,0
2024-10-29,2024-10-29 11:10:00,1095.0,1095.0,1095.0,1095.0,0.0,1.0,1095.0,0
2024-10-29,2024-10-29 11:20:00,1095.0,1095.0,1095.0,1095.0,0.0,1.0,1095.0,0
2024-10-29,2024-10-29 11:30:00,1095.0,1095.0,1095.0,1095.0,0.0,1.0,1095.0,0
2024-10-29,2024-10-29 11:40:00,1095.0,1095.0,1095.0,1095.0,0.0,1.0,1095.0,0
2024-10-29,2024-10-29 11:50:00,1095.0,1095.0,1095.0,1095.0,0.0,1.0,1095.0,0
2024-10-29,2024-10-29 12:00:00,1095.0,1095.0,1095.0,1095.0,0.0,1.0,1095.0,0
2024-10-29,2024-10-29 12:10:00,1095.0,1095.0,1095.0,1095.0,0.0,1.0,1095.0,0
2024-10-29,2024-10-29 12:20:00,1095.0,1095.0,1095.0,1095.0,0.0,1.0,1095.0,0
2024-10-29,2024-10-29 12:30:00,1095.0,1095.0,1095.0,1095.0,0.0,1.0,1095.0,0
2024-10-29,2024-10-29 12:40:00,1095.0,1095.0,1095.0,1095.0,0.0,1.0,1095.0,0
2024-10-29,2024-10-29 12:50:00,1095.0,1095.0,1095.0,1095.0,0.0,1.0,1095.0,0
2024-10-29,2024-10-29 13:00:00,1095.0,1095.0,1095.0,1095.0,0.0,1.0,1095.0,0
2024-10-29,2024-10-29 13:10:00,1095.0,1095.0,1095.0,1095.0,0.0,1.0,1095.0,0
2024-10-29,2024-10-29 13:20:00,1095.0,1095.0,1095.0,1095.0,0.0,1.0,1095.0,0
2024-10-29,2024-10-29 13:30:00,1095.0,1095.0,1095.0,1095.0,0.0,1.0,1095.0,0
2024-10-29,2024-10-29 13:40:00,1095.0,1095.0,1095.0,1095.0,0.0,1.0,1095.0,0
2024-10-29,2024-10-29 13:50:00,1095.0,1095.0,1095.0,1095.0,0.0,1.0,1095.0,0
2024-10-29,2024-10-29 14:00:00,1095.0,1095.0,1095.0,1095.0,0.0,1.0,1095.0,0
2024-10-29,2024-10-29 14:10:00,1095.0,1095.0,1095.0,1095.0,0.0,1.0,1095.0,0
2024-10-29,2024-10-29 14:20:00,1095.0,1095.0,1095.0,1095.0,0.0,1.0,1095.0,0
2024-10-29,2024-10-29 14:30:00,1095.0,1095.0,1095.0,1095.0,0.0,1.0,1095.0,0
2024-10-29,2024-10-29 14:40:00,1095.0,1095.0,1095.0,1095.0,0.0,1.0,1095.0,0
2024-10-29,2024-10-29 14:50:00,1095.0,1095.0,1095.0,1095.0,0.0,1.0,1095.0,0
2024-10-29,2024-10-29 15:00:00,1095.0,1095.0,1095.0,1095.0,0.0,1.0,1095.0,0
2024-11-10,2024-11-10 11:00:00,1095.0,1095.0,1095.0,1095.0,0.0,2.0,2190.0,0
2024-11-10,2024-11-10 11:10:00,1095.0,1095.0,1095.0,1095.0,0.0,2.0,2190.0,0
2024-11-10,2024-11-10 11:20:00,1095.0,1095.0,1095.0,1095.0,0.0,2.0,2190.0,0
2024-11-10,2024-11-10 11:30:00,1095.0,1095.0,1095.0,1095.0,0.0,2.0,2190.0,0
2024-11-10,2024-11-10 11:40:00,1095.0,1095.0,1095.0,1095.0,0.0,2.0,2190.0,0
2024-11-10,2024-11-10 11:50:00,1095.0,1095.0,1095.0,1095.0,0.0,2.0,2190.0,0
2024-11-10,2024-11-10 12:00:00,1095.0,1095.0,1095.0,1095.0,0.0,2.0,2190.0,0
2024-11-10,2024-11-10 12:10:00,1095.0,1095.0,1095.0,1095.0,0.0,2.0,2190.0,0
2024-11-10,2024-11-10 12:20:00,1095.0,1095.0,1095.0,1095.0,0.0,2.0,2190.0,0
2024-11-10,2024-11-10 12:30:00,1095.0,1095.0,1095.0,1095.0,0.0,2.0,2190.0,0
2024-11-10,2024-11-10 12:40:00,1095.0,1095.0,1095.0,1095.0,0.0,2.0,2190.0,0
2024-11-10,2024-11-10 12:50:00,1095.0,1095.0,1095.0,1095.0,0.0,2.0,2190.0,0
2024-11-10,2024-11-10 13:00:00,1095.0,1095.0,1095.0,1095.0,0.0,2.0,2190.0,0
2024-11-10,2024-11-10 13:10:00,1095.0,1095.0,1095.0,1095.0,0.0,2.0,2190.0,0
2024-11-10,2024-11-10 13:20:00,1095.0,1095.0,1095.0,1095.0,0.0,2.0,2190.0,0
2024-11-10,2024-11-10 13:30:00,1095.0,1095.0,1095.0,1095.0,0.0,2.0,2190.0,0
2024-11-10,2024-11-10 13:40:00,1095.0,1095.0,1095.0,1095.0,0.0,2.0,2190.0,0
2024-11-10,2024-11-10 13:50:00,1095.0,1095.0,1095.0,1095.0,0.0,2.0,2190.0,0
2024-11-10,2024-11-10 14:00:00,1095.0,1095.0,1095.0,1095.0,0.0,2.0,2190.0,0
2024-11-10,2024-11-10 14:10:00,1095.0,1095.0,1095.0,1095.0,0.0,2.0,2190.0,0
2024-11-10,2024-11-10 14:20:00,1095.0,1095.0,1095.0,1095.0,0.0,2.0,2190.0,0
2024-11-10,2024-11-10 14:30:00,1095.0,1095.0,1095.0,1095.0,0.0,2.0,2190.0,0
2024-11-10,2024-11-10 14:40:00,1095.0,1095.0,1095.0,1095.0,0.0,2.0,2190.0,0
2024-11-10,2024-11-10 14:50:00,1095.0,1095.0,1095.0,1095.0,0.0,2.0,2190.0,0
2024-11-10,2024-11-10 15:00:00,1095.0,1095.0,1095.0,1095.0,0.0,2.0,2190.0,0
2024-11-14,2024-11-14 11:00:00,1100.0,1121.0,1100.0,1102.92,0.27,401.2,469289.44,1
2024-11-14,2024-11-14 11:10:00,1102.92,1105.83,1102.92,1105.83,0.26,401.2,469289.44,1
2024-11-14,2024-11-14 11:20:00,1105.83,1108.75,1105.83,1108.75,0.26,401.2,469289.44,1
2024-11-14,2024-11-14 11:30:00,1108.75,1111.67,1108.75,1111.67,0.26,401.2,469289.44,1
2024-11-14,2024-11-14 11:40:00,1111.67,1114.58,1111.67,1114.58,0.26,401.2,469289.44,1
2024-11-14,2024-11-14 11:50:00,1114.58,1117.5,1114.58,1117.5,0.26,401.2,469289.44,1
2024-11-14,2024-11-14 12:00:00,1117.5,1120.42,1117.5,1120.42,0.26,401.2,469289.44,1
2024-11-14,2024-11-14 12:10:00,1120.42,1123.33,1120.42,1123.33,0.26,401.2,469289.44,1
2024-11-14,2024-11-14 12:20:00,1123.33,1126.25,1123.33,1126.25,0.26,401.2,469289.44,1
2024-11-14,2024-11-14 12:30:00,1126.25,1129.17,1126.25,1129.17,0.26,401.2,469289.44,1
2024-11-14,2024-11-14 12:40:00,1129.17,1132.08,1129.17,1132.08,0.26,401.2,469289.44,1
2024-11-14,2024-11-14 12:50:00,1132.08,1135.0,1132.08,1135.0,0.26,401.2,469289.44,1
2024-11-14,2024-11-14 13:00:00,1135.0,1170.0,1100.0,1137.92,0.26,401.2,469289.44,1
2024-11-14,2024-11-14 13:10:00,1137.92,1140.83,1137.92,1140.83,0.26,401.2,469289.44,1
2024-11-14,2024-11-14 13:20:00,1140.83,1143.75,1140.83,1143.75,0.26,401.2,469289.44,1
2024-11-14,2024-11-14 13:30:00,1143.75,1146.67,1143.75,1146.67,0.26,401.2,469289.44,1
2024-11-14,2024-11-14 13:40:00,1146.67,1149.58,1146.67,1149.58,0.25,401.2,469289.44,1
2024-11-14,2024-11-14 13:50:00,1149.58,1152.5,1149.58,1152.5,0.25,401.2,469289.44,1
2024-11-14,2024-11-14 14:00:00,1152.5,1155.42,1152.5,1155.42,0.25,401.2,469289.44,1
2024-11-14,2024-11-14 14:10:00,1155.42,1158.33,1155.42,1158.33,0.25,401.2,469289.44,1
2024-11-14,2024-11-14 14:20:00,1158.33,1161.25,1158.33,1161.25,0.25,401.2,469289.44,1
2024-11-14,2024-11-14 14:30:00,1161.25,1164.17,1161.25,1164.17,0.25,401.2,469289.44,1
2024-11-14,2024-11-14 14:40:00,1164.17,1167.08,1164.17,1167.08,0.25,401.2,469289.44,1
2024-11-14,2024-11-14 14:50:00,1167.08,1170.0,1167.08,1170.0,0.25,401.2,469289.44,1
2024-11-14,2024-11-14 15:00:00,1170.0,1170.0,1100.0,1170.0,0.0,401.2,469289.44,0
2024-11-19,2024-11-19 11:00:00,1180.0,1180.0,1180.0,1180.0,0.0,1.8,2124.0,0
2024-11-19,2024-11-19 11:10:00,1180.0,1180.0,1180.0,1180.0,0.0,1.8,2124.0,0
2024-11-19,2024-11-19 11:20:00,1180.0,1180.0,1180.0,1180.0,0.0,1.8,2124.0,0
2024-11-19,2024-11-19 11:30:00,1180.0,1180.0,1180.0,1180.0,0.0,1.8,2124.0,0
2024-11-19,2024-11-19 11:40:00,1180.0,1180.0,1180.0,1180.0,0.0,1.8,2124.0,0
2024-11-19,2024-11-19 11:50:00,1180.0,1180.0,1180.0,1180.0,0.0,1.8,2124.0,0
2024-11-19,2024-11-19 12:00:00,1180.0,1180.0,1180.0,1180.0,0.0,1.8,2124.0,0
2024-11-19,2024-11-19 12:10:00,1180.0,1180.0,1180.0,1180.0,0.0,1.8,2124.0,0
2024-11-19,2024-11-19 12:20:00,1180.0,1180.0,1180.0,1180.0,0.0,1.8,2124.0,0
2024-11-19,2024-11-19 12:30:00,1180.0,1180.0,1180.0,1180.0,0.0,1.8,2124.0,0
2024-11-19,2024-11-19 12:40:00,1180.0,1180.0,1180.0,1180.0,0.0,1.8,2124.0,0
2024-11-19,2024-11-19 12:50:00,1180.0,1180.0,1180.0,1180.0,0.0,1.8,2124.0,0
2024-11-19,2024-11-19 13:00:00,1180.0,1180.0,1180.0,1180.0,0.0,1.8,2124.0,0
2024-11-19,2024-11-19 13:10:00,1180.0,1180.0,1180.0,1180.0,0.0,1.8,2124.0,0
2024-11-19,2024-11-19 13:20:00,1180.0,1180.0,1180.0,1180.0,0.0,1.8,2124.0,0
2024-11-19,2024-11-19 13:30:00,1180.0,1180.0,1180.0,1180.0,0.0,1.8,2124.0,0
2024-11-19,2024-11-19 13:40:00,1180.0,1180.0,1180.0,1180.0,0.0,1.8,2124.0,0
2024-11-19,2024-11-19 13:50:00,1180.0,1180.0,1180.0,1180.0,0.0,1.8,2124.0,0
2024-11-19,2024-11-19 14:00:00,1180.0,1180.0,1180.0,1180.0,0.0,1.8,2124.0,0
2024-11-19,2024-11-19 14:10:00,1180.0,1180.0,1180.0,1180.0,0.0,1.8,2124.0,0
2024-11-19,2024-11-19 14:20:00,1180.0,1180.0,1180.0,1180.0,0.0,1.8,2124.0,0
2024-11-19,2024-11-19 14:30:00,1180.0,1180.0,1180.0,1180.0,0.0,1.8,2124.0,0
2024-11-19,2024-11-19 14:40:00,1180.0,1180.0,1180.0,1180.0,0.0,1.8,2124.0,0
2024-11-19,2024-11-19 14:50:00,1180.0,1180.0,1180.0,1180.0,0.0,1.8,2124.0,0
2024-11-19,2024-11-19 15:00:00,1180.0,1180.0,1180.0,1180.0,0.0,1.8,2124.0,0
2024-11-20,2024-11-20 11:00:00,1195.0,1195.17,1195.0,1195.17,0.01,0.6,717.98,1
2024-11-20,2024-11-20 11:10:00,1195.17,1195.33,1195.17,1195.33,0.01,0.6,717.98,1
2024-11-20,2024-11-20 11:20:00,1195.33,1195.5,1195.33,1195.5,0.01,0.6,717.98,1
2024-11-20,2024-11-20 11:30:00,1195.5,1195.67,1195.5,1195.67,0.01,0.6,717.98,1
2024-11-20,2024-11-20 11:40:00,1195.67,1195.83,1195.67,1195.83,0.01,0.6,717.98,1
2024-11-20,2024-11-20 11:50:00,1195.83,1196.0,1195.83,1196.0,0.01,0.6,717.98,1
2024-11-20,2024-11-20 12:00:00,1196.0,1196.17,1196.0,1196.17,0.01,0.6,717.98,1
2024-11-20,2024-11-20 12:10:00,1196.17,1196.33,1196.17,1196.33,0.01,0.6,717.98,1
2024-11-20,2024-11-20 12:20:00,1196.33,1196.5,1196.33,1196.5,0.01,0.6,717.98,1
2024-11-20,2024-11-20 12:30:00,1196.5,1196.67,1196.5,1196.67,0.01,0.6,717.98,1
2024-11-20,2024-11-20 12:40:00,1196.67,1196.83,1196.67,1196.83,0.01,0.6,717.98,1
2024-11-20,2024-11-20 12:50:00,1196.83,1197.0,1196.83,1197.0,0.01,0.6,717.98,1
2024-11-20,2024-11-20 13:00:00,1197.0,1197.17,1195.0,1197.17,0.01,0.6,717.98,1
2024-11-20,2024-11-20 13:10:00,1197.17,1197.33,1197.17,1197.33,0.01,0.6,717.98,1
2024-11-20,2024-11-20 13:20:00,1197.33,1197.5,1197.33,1197.5,0.01,0.6,717.98,1
2024-11-20,2024-11-20 13:30:00,1197.5,1197.67,1197.5,1197.67,0.01,0.6,717.98,1
2024-11-20,2024-11-20 13:40:00,1197.67,1197.83,1197.67,1197.83,0.01,0.6,717.98,1
2024-11-20,2024-11-20 13:50:00,1197.83,1198.0,1197.83,1198.0,0.01,0.6,717.98,1
2024-11-20,2024-11-20 14:00:00,1198.0,1198.17,1198.0,1198.17,0.01,0.6,717.98,1
2024-11-20,2024-11-20 14:10:00,1198.17,1198.33,1198.17,1198.33,0.01,0.6,717.98,1
2024-11-20,2024-11-20 14:20:00,1198.33,1198.5,1198.33,1198.5,0.01,0.6,717.98,1
2024-11-20,2024-11-20 14:30:00,1198.5,1198.67,1198.5,1198.67,0.01,0.6,717.98,1
2024-11-20,2024-11-20 14:40:00,1198.67,1198.83,1198.67,1198.83,0.01,0.6,717.98,1
2024-11-20,2024-11-20 14:50:00,1198.83,1199.0,1198.83,1199.0,0.01,0.6,717.98,1
2024-11-20,2024-11-20 15:00:00,1199.0,1199.0,1195.0,1199.0,0.0,0.6,717.98,0
2025-01-13,2025-01-13 11:00:00,1176.0,1179.57,1176.0,1176.5,0.04,2008.4,2361978.36,1
2025-01-13,2025-01-13 11:10:00,1176.5,1176.99,1176.5,1176.99,0.04,2008.4,2361978.36,1
2025-01-13,2025-01-13 11:20:00,1176.99,1177.49,1176.99,1177.49,0.04,2008.4,2361978.36,1
2025-01-13,2025-01-13 11:30:00,1177.49,1177.98,1177.49,1177.98,0.04,2008.4,2361978.36,1
2025-01-13,2025-01-13 11:40:00,1177.98,1178.48,1177.98,1178.48,0.04,2008.4,2361978.36,1
2025-01-13,2025-01-13 11:50:00,1178.48,1178.97,1178.48,1178.97,0.04,2008.4,2361978.36,1
2025-01-13,2025-01-13 12:00:00,1178.97,1179.47,1178.97,1179.47,0.04,2008.4,2361978.36,1
2025-01-13,2025-01-13 12:10:00,1179.47,1179.97,1179.47,1179.97,0.04,2008.4,2361978.36,1
2025-01-13,2025-01-13 12:20:00,1179.97,1180.46,1179.97,1180.46,0.04,2008.4,2361978.36,1
2025-01-13,2025-01-13 12:30:00,1180.46,1180.96,1180.46,1180.96,0.04,2008.4,2361978.36,1
2025-01-13,2025-01-13 12:40:00,1180.96,1181.45,1180.96,1181.45,0.04,2008.4,2361978.36,1
2025-01-13,2025-01-13 12:50:00,1181.45,1181.95,1181.45,1181.95,0.04,2008.4,2361978.36,1
2025-01-13,2025-01-13 13:00:00,1181.95,1187.9,1176.0,1182.45,0.04,2008.4,2361978.36,1
2025-01-13,2025-01-13 13:10:00,1182.45,1182.94,1182.45,1182.94,0.04,2008.4,2361978.36,1
2025-01-13,2025-01-13 13:20:00,1182.94,1183.44,1182.94,1183.44,0.04,2008.4,2361978.36,1
2025-01-13,2025-01-13 13:30:00,1183.44,1183.93,1183.44,1183.93,0.04,2008.4,2361978.36,1
2025-01-13,2025-01-13 13:40:00,1183.93,1184.43,1183.93,1184.43,0.04,2008.4,2361978.36,1
2025-01-13,2025-01-13 13:50:00,1184.43,1184.93,1184.43,1184.93,0.04,2008.4,2361978.36,1
2025-01-13,2025-01-13 14:00:00,1184.93,1185.42,1184.93,1185.42,0.04,2008.4,2361978.36,1
2025-01-13,2025-01-13 14:10:00,1185.42,1185.92,1185.42,1185.92,0.04,2008.4,2361978.36,1
2025-01-13,2025-01-13 14:20:00,1185.92,1186.41,1185.92,1186.41,0.04,2008.4,2361978.36,1
2025-01-13,2025-01-13 14:30:00,1186.41,1186.91,1186.41,1186.91,0.04,2008.4,2361978.36,1
2025-01-13,2025-01-13 14:40:00,1186.91,1187.4,1186.91,1187.4,0.04,2008.4,2361978.36,1
2025-01-13,2025-01-13 14:50:00,1187.4,1187.9,1187.4,1187.9,0.04,2008.4,2361978.36,1
2025-01-13,2025-01-13 15:00:00,1187.9,1187.9,1176.0,1187.9,0.0,2008.4,2361978.36,0
2025-02-16,2025-02-16 11:00:00,1164.3,1164.3,1164.3,1164.3,0.0,4.24,4936.63,0
2025-02-16,2025-02-16 11:10:00,1164.3,1164.3,1164.3,1164.3,0.0,4.24,4936.63,0
2025-02-16,2025-02-16 11:20:00,1164.3,1164.3,1164.3,1164.3,0.0,4.24,4936.63,0
2025-02-16,2025-02-16 11:30:00,1164.3,1164.3,1164.3,1164.3,0.0,4.24,4936.63,0
2025-02-16,2025-02-16 11:40:00,1164.3,1164.3,1164.3,1164.3,0.0,4.24,4936.63,0
2025-02-16,2025-02-16 11:50:00,1164.3,1164.3,1164.3,1164.3,0.0,4.24,4936.63,0
2025-02-16,2025-02-16 12:00:00,1164.3,1164.3,1164.3,1164.3,0.0,4.24,4936.63,0
2025-02-16,2025-02-16 12:10:00,1164.3,1164.3,1164.3,1164.3,0.0,4.24,4936.63,0
2025-02-16,2025-02-16 12:20:00,1164.3,1164.3,1164.3,1164.3,0.0,4.24,4936.63,0
2025-02-16,2025-02-16 12:30:00,1164.3,1164.3,1164.3,1164.3,0.0,4.24,4936.63,0
2025-02-16,2025-02-16 12:40:00,1164.3,1164.3,1164.3,1164.3,0.0,4.24,4936.63,0
2025-02-16,2025-02-16 12:50:00,1164.3,1164.3,1164.3,1164.3,0.0,4.24,4936.63,0
2025-02-16,2025-02-16 13:00:00,1164.3,1164.3,1164.3,1164.3,0.0,4.24,4936.63,0
2025-02-16,2025-02-16 13:10:00,1164.3,1164.3,1164.3,1164.3,0.0,4.24,4936.63,0
2025-02-16,2025-02-16 13:20:00,1164.3,1164.3,1164.3,1164.3,0.0,4.24,4936.63,0
2025-02-16,2025-02-16 13:30:00,1164.3,1164.3,1164.3,1164.3,0.0,4.24,4936.63,0
2025-02-16,2025-02-16 13:40:00,1164.3,1164.3,1164.3,1164.3,0.0,4.24,4936.63,0
2025-02-16,2025-02-16 13:50:00,1164.3,1164.3,1164.3,1164.3,0.0,4.24,4936.63,0
2025-02-16,2025-02-16 14:00:00,1164.3,1164.3,1164.3,1164.3,0.0,4.24,4936.63,0
2025-02-16,2025-02-16 14:10:00,1164.3,1164.3,1164.3,1164.3,0.0,4.24,4936.63,0
2025-02-16,2025-02-16 14:20:00,1164.3,1164.3,1164.3,1164.3,0.0,4.24,4936.63,0
2025-02-16,2025-02-16 14:30:00,1164.3,1164.3,1164.3,1164.3,0.0,4.24,4936.63,0
2025-02-16,2025-02-16 14:40:00,1164.3,1164.3,1164.3,1164.3,0.0,4.24,4936.63,0
2025-02-16,2025-02-16 14:50:00,1164.3,1164.3,1164.3,1164.3,0.0,4.24,4936.63,0
2025-02-16,2025-02-16 15:00:00,1164.3,1164.3,1164.3,1164.3,0.0,4.24,4936.63,0
2025-02-18,2025-02-18 11:00:00,1164.3,1164.3,1164.3,1164.3,0.0,1.0,1164.3,0
2025-02-18,2025-02-18 11:10:00,1164.3,1164.3,1164.3,1164.3,0.0,1.0,1164.3,0
2025-02-18,2025-02-18 11:20:00,1164.3,1164.3,1164.3,1164.3,0.0,1.0,1164.3,0
2025-02-18,2025-02-18 11:30:00,1164.3,1164.3,1164.3,1164.3,0.0,1.0,1164.3,0
2025-02-18,2025-02-18 11:40:00,1164.3,1164.3,1164.3,1164.3,0.0,1.0,1164.3,0
2025-02-18,2025-02-18 11:50:00,1164.3,1164.3,1164.3,1164.3,0.0,1.0,1164.3,0
2025-02-18,2025-02-18 12:00:00,1164.3,1164.3,1164.3,1164.3,0.0,1.0,1164.3,0
2025-02-18,2025-02-18 12:10:00,1164.3,1164.3,1164.3,1164.3,0.0,1.0,1164.3,0
2025-02-18,2025-02-18 12:20:00,1164.3,1164.3,1164.3,1164.3,0.0,1.0,1164.3,0
2025-02-18,2025-02-18 12:30:00,1164.3,1164.3,1164.3,1164.3,0.0,1.0,1164.3,0
2025-02-18,2025-02-18 12:40:00,1164.3,1164.3,1164.3,1164.3,0.0,1.0,1164.3,0
2025-02-18,2025-02-18 12:50:00,1164.3,1164.3,1164.3,1164.3,0.0,1.0,1164.3,0
2025-02-18,2025-02-18 13:00:00,1164.3,1164.3,1164.3,1164.3,0.0,1.0,1164.3,0
2025-02-18,2025-02-18 13:10:00,1164.3,1164.3,1164.3,1164.3,0.0,1.0,1164.3,0
2025-02-18,2025-02-18 13:20:00,1164.3,1164.3,1164.3,1164.3,0.0,1.0,1164.3,0
2025-02-18,2025-02-18 13:30:00,1164.3,1164.3,1164.3,1164.3,0.0,1.0,1164.3,0
2025-02-18,2025-02-18 13:40:00,1164.3,1164.3,1164.3,1164.3,0.0,1.0,1164.3,0
2025-02-18,2025-02-18 13:50:00,1164.3,1164.3,1164.3,1164.3,0.0,1.0,1164.3,0
2025-02-18,2025-02-18 14:00:00,1164.3,1164.3,1164.3,1164.3,0.0,1.0,1164.3,0
2025-02-18,2025-02-18 14:10:00,1164.3,1164.3,1164.3,1164.3,0.0,1.0,1164.3,0
2025-02-18,2025-02-18 14:20:00,1164.3,1164.3,1164.3,1164.3,0.0,1.0,1164.3,0
2025-02-18,2025-02-18 14:30:00,1164.3,1164.3,1164.3,1164.3,0.0,1.0,1164.3,0
2025-02-18,2025-02-18 14:40:00,1164.3,1164.3,1164.3,1164.3,0.0,1.0,1164.3,0
2025-02-18,2025-02-18 14:50:00,1164.3,1164.3,1164.3,1164.3,0.0,1.0,1164.3,0
2025-02-18,2025-02-18 15:00:00,1164.3,1164.3,1164.3,1164.3,0.0,1.0,1164.3,0
2025-02-20,2025-02-20 11:00:00,1164.3,1164.3,1164.3,1164.3,0.0,0.76,884.87,0
2025-02-20,2025-02-20 11:10:00,1164.3,1164.3,1164.3,1164.3,0.0,0.76,884.87,0
2025-02-20,2025-02-20 11:20:00,1164.3,1164.3,1164.3,1164.3,0.0,0.76,884.87,0
2025-02-20,2025-02-20 11:30:00,1164.3,1164.3,1164.3,1164.3,0.0,0.76,884.87,0
2025-02-20,2025-02-20 11:40:00,1164.3,1164.3,1164.3,1164.3,0.0,0.76,884.87,0
2025-02-20,2025-02-20 11:50:00,1164.3,1164.3,1164.3,1164.3,0.0,0.76,884.87,0
2025-02-20,2025-02-20 12:00:00,1164.3,1164.3,1164.3,1164.3,0.0,0.76,884.87,0
2025-02-20,2025-02-20 12:10:00,1164.3,1164.3,1164.3,1164.3,0.0,0.76,884.87,0
2025-02-20,2025-02-20 12:20:00,1164.3,1164.3,1164.3,1164.3,0.0,0.76,884.87,0
2025-02-20,2025-02-20 12:30:00,1164.3,1164.3,1164.3,1164.3,0.0,0.76,884.87,0
2025-02-20,2025-02-20 12:40:00,1164.3,1164.3,1164.3,1164.3,0.0,0.76,884.87,0
2025-02-20,2025-02-20 12:50:00,1164.3,1164.3,1164.3,1164.3,0.0,0.76,884.87,0
2025-02-20,2025-02-20 13:00:00,1164.3,1164.3,1164.3,1164.3,0.0,0.76,884.87,0
2025-02-20,2025-02-20 13:10:00,1164.3,1164.3,1164.3,1164.3,0.0,0.76,884.87,0
2025-02-20,2025-02-20 13:20:00,1164.3,1164.3,1164.3,1164.3,0.0,0.76,884.87,0
2025-02-20,2025-02-20 13:30:00,1164.3,1164.3,1164.3,1164.3,0.0,0.76,884.87,0
2025-02-20,2025-02-20 13:40:00,1164.3,1164.3,1164.3,1164.3,0.0,0.76,884.87,0
2025-02-20,2025-02-20 13:50:00,1164.3,1164.3,1164.3,1164.3,0.0,0.76,884.87,0
2025-02-20,2025-02-20 14:00:00,1164.3,1164.3,1164.3,1164.3,0.0,0.76,884.87,0
2025-02-20,2025-02-20 14:10:00,1164.3,1164.3,1164.3,1164.3,0.0,0.76,884.87,0
2025-02-20,2025-02-20 14:20:00,1164.3,1164.3,1164.3,1164.3,0.0,0.76,884.87,0
2025-02-20,2025-02-20 14:30:00,1164.3,1164.3,1164.3,1164.3,0.0,0.76,884.87,0
2025-02-20,2025-02-20 14:40:00,1164.3,1164.3,1164.3,1164.3,0.0,0.76,884.87,0
2025-02-20,2025-02-20 14:50:00,1164.3,1164.3,1164.3,1164.3,0.0,0.76,884.87,0
2025-02-20,2025-02-20 15:00:00,1164.3,1164.3,1164.3,1164.3,0.0,0.76,884.87,0
2025-02-27,2025-02-27 11:00:00,1142.0,1142.0,1142.0,1142.0,0.0,0.6,685.2,0
2025-02-27,2025-02-27 11:10:00,1142.0,1142.0,1142.0,1142.0,0.0,0.6,685.2,0
2025-02-27,2025-02-27 11:20:00,1142.0,1142.0,1142.0,1142.0,0.0,0.6,685.2,0
2025-02-27,2025-02-27 11:30:00,1142.0,1142.0,1142.0,1142.0,0.0,0.6,685.2,0
2025-02-27,2025-02-27 11:40:00,1142.0,1142.0,1142.0,1142.0,0.0,0.6,685.2,0
2025-02-27,2025-02-27 11:50:00,1142.0,1142.0,1142.0,1142.0,0.0,0.6,685.2,0
2025-02-27,2025-02-27 12:00:00,1142.0,1142.0,1142.0,1142.0,0.0,0.6,685.2,0
2025-02-27,2025-02-27 12:10:00,1142.0,1142.0,1142.0,1142.0,0.0,0.6,685.2,0
2025-02-27,2025-02-27 12:20:00,1142.0,1142.0,1142.0,1142.0,0.0,0.6,685.2,0
2025-02-27,2025-02-27 12:30:00,1142.0,1142.0,1142.0,1142.0,0.0,0.6,685.2,0
2025-02-27,2025-02-27 12:40:00,1142.0,1142.0,1142.0,1142.0,0.0,0.6,685.2,0
2025-02-27,2025-02-27 12:50:00,1142.0,1142.0,1142.0,1142.0,0.0,0.6,685.2,0
2025-02-27,2025-02-27 13:00:00,1142.0,1142.0,1142.0,1142.0,0.0,0.6,685.2,0
2025-02-27,2025-02-27 13:10:00,1142.0,1142.0,1142.0,1142.0,0.0,0.6,685.2,0
2025-02-27,2025-02-27 13:20:00,1142.0,1142.0,1142.0,1142.0,0.0,0.6,685.2,0
2025-02-27,2025-02-27 13:30:00,1142.0,1142.0,1142.0,1142.0,0.0,0.6,685.2,0
2025-02-27,2025-02-27 13:40:00,1142.0,1142.0,1142.0,1142.0,0.0,0.6,685.2,0
2025-02-27,2025-02-27 13:50:00,1142.0,1142.0,1142.0,1142.0,0.0,0.6,685.2,0
2025-02-27,2025-02-27 14:00:00,1142.0,1142.0,1142.0,1142.0,0.0,0.6,685.2,0
2025-02-27,2025-02-27 14:10:00,1142.0,1142.0,1142.0,1142.0,0.0,0.6,685.2,0
2025-02-27,2025-02-27 14:20:00,1142.0,1142.0,1142.0,1142.0,0.0,0.6,685.2,0
2025-02-27,2025-02-27 14:30:00,1142.0,1142.0,1142.0,1142.0,0.0,0.6,685.2,0
2025-02-27,2025-02-27 14:40:00,1142.0,1142.0,1142.0,1142.0,0.0,0.6,685.2,0
2025-02-27,2025-02-27 14:50:00,1142.0,1142.0,1142.0,1142.0,0.0,0.6,685.2,0
2025-02-27,2025-02-27 15:00:00,1142.0,1142.0,1142.0,1142.0,0.0,0.6,685.2,0
2025-03-17,2025-03-17 11:00:00,1119.2,1119.2,1119.2,1119.2,0.0,0.12,134.3,0
2025-03-17,2025-03-17 11:10:00,1119.2,1119.2,1119.2,1119.2,0.0,0.12,134.3,0
2025-03-17,2025-03-17 11:20:00,1119.2,1119.2,1119.2,1119.2,0.0,0.12,134.3,0
2025-03-17,2025-03-17 11:30:00,1119.2,1119.2,1119.2,1119.2,0.0,0.12,134.3,0
2025-03-17,2025-03-17 11:40:00,1119.2,1119.2,1119.2,1119.2,0.0,0.12,134.3,0
2025-03-17,2025-03-17 11:50:00,1119.2,1119.2,1119.2,1119.2,0.0,0.12,134.3,0
2025-03-17,2025-03-17 12:00:00,1119.2,1119.2,1119.2,1119.2,0.0,0.12,134.3,0
2025-03-17,2025-03-17 12:10:00,1119.2,1119.2,1119.2,1119.2,0.0,0.12,134.3,0
2025-03-17,2025-03-17 12:20:00,1119.2,1119.2,1119.2,1119.2,0.0,0.12,134.3,0
2025-03-17,2025-03-17 12:30:00,1119.2,1119.2,1119.2,1119.2,0.0,0.12,134.3,0
2025-03-17,2025-03-17 12:40:00,1119.2,1119.2,1119.2,1119.2,0.0,0.12,134.3,0
2025-03-17,2025-03-17 12:50:00,1119.2,1119.2,1119.2,1119.2,0.0,0.12,134.3,0
2025-03-17,2025-03-17 13:00:00,1119.2,1119.2,1119.2,1119.2,0.0,0.12,134.3,0
2025-03-17,2025-03-17 13:10:00,1119.2,1119.2,1119.2,1119.2,0.0,0.12,134.3,0
2025-03-17,2025-03-17 13:20:00,1119.2,1119.2,1119.2,1119.2,0.0,0.12,134.3,0
2025-03-17,2025-03-17 13:30:00,1119.2,1119.2,1119.2,1119.2,0.0,0.12,134.3,0
2025-03-17,2025-03-17 13:40:00,1119.2,1119.2,1119.2,1119.2,0.0,0.12,134.3,0
2025-03-17,2025-03-17 13:50:00,1119.2,1119.2,1119.2,1119.2,0.0,0.12,134.3,0
2025-03-17,2025-03-17 14:00:00,1119.2,1119.2,1119.2,1119.2,0.0,0.12,134.3,0
2025-03-17,2025-03-17 14:10:00,1119.2,1119.2,1119.2,1119.2,0.0,0.12,134.3,0
2025-03-17,2025-03-17 14:20:00,1119.2,1119.2,1119.2,1119.2,0.0,0.12,134.3,0
2025-03-17,2025-03-17 14:30:00,1119.2,1119.2,1119.2,1119.2,0.0,0.12,134.3,0
2025-03-17,2025-03-17 14:40:00,1119.2,1119.2,1119.2,1119.2,0.0,0.12,134.3,0
2025-03-17,2025-03-17 14:50:00,1119.2,1119.2,1119.2,1119.2,0.0,0.12,134.3,0
2025-03-17,2025-03-17 15:00:00,1119.2,1119.2,1119.2,1119.2,0.0,0.12,134.3,0
2025-03-25,2025-03-25 11:00:00,1119.2,1119.2,1118.36,1118.36,-0.08,0.32,351.45,-1
2025-03-25,2025-03-25 11:10:00,1118.36,1118.36,1117.53,1117.53,-0.07,0.32,351.45,-1
2025-03-25,2025-03-25 11:20:00,1117.53,1117.53,1116.69,1116.69,-0.08,0.32,351.45,-1
2025-03-25,2025-03-25 11:30:00,1116.69,1116.69,1115.85,1115.85,-0.08,0.32,351.45,-1
2025-03-25,2025-03-25 11:40:00,1115.85,1115.85,1115.01,1115.01,-0.08,0.32,351.45,-1
2025-03-25,2025-03-25 11:50:00,1115.01,1115.01,1114.17,1114.17,-0.08,0.32,351.45,-1
2025-03-25,2025-03-25 12:00:00,1114.17,1114.17,1113.34,1113.34,-0.07,0.32,351.45,-1
2025-03-25,2025-03-25 12:10:00,1113.34,1113.34,1112.5,1112.5,-0.08,0.32,351.45,-1
2025-03-25,2025-03-25 12:20:00,1112.5,1112.5,1111.66,1111.66,-0.08,0.32,351.45,-1
2025-03-25,2025-03-25 12:30:00,1111.66,1111.66,1110.83,1110.83,-0.07,0.32,351.45,-1
2025-03-25,2025-03-25 12:40:00,1110.83,1110.83,1109.99,1109.99,-0.08,0.32,351.45,-1
2025-03-25,2025-03-25 12:50:00,1109.99,1109.99,1109.15,1109.15,-0.08,0.32,351.45,-1
2025-03-25,2025-03-25 13:00:00,1109.15,1119.2,1108.31,1108.31,-0.08,0.32,351.45,-1
2025-03-25,2025-03-25 13:10:00,1108.31,1108.31,1107.47,1107.47,-0.08,0.32,351.45,-1
2025-03-25,2025-03-25 13:20:00,1107.47,1107.47,1106.64,1106.64,-0.07,0.32,351.45,-1
2025-03-25,2025-03-25 13:30:00,1106.64,1106.64,1105.8,1105.8,-0.08,0.32,351.45,-1
2025-03-25,2025-03-25 13:40:00,1105.8,1105.8,1104.96,1104.96,-0.08,0.32,351.45,-1
2025-03-25,2025-03-25 13:50:00,1104.96,1104.96,1104.12,1104.12,-0.08,0.32,351.45,-1
2025-03-25,2025-03-25 14:00:00,1104.12,1104.12,1103.29,1103.29,-0.08,0.32,351.45,-1
2025-03-25,2025-03-25 14:10:00,1103.29,1103.29,1102.45,1102.45,-0.08,0.32,351.45,-1
2025-03-25,2025-03-25 14:20:00,1102.45,1102.45,1101.61,1101.61,-0.08,0.32,351.45,-1
2025-03-25,2025-03-25 14:30:00,1101.61,1101.61,1100.77,1100.77,-0.08,0.32,351.45,-1
2025-03-25,2025-03-25 14:40:00,1100.77,1100.77,1099.94,1099.94,-0.08,0.32,351.45,-1
2025-03-25,2025-03-25 14:50:00,1099.94,1099.94,1099.1,1099.1,-0.08,0.32,351.45,-1
2025-03-25,2025-03-25 15:00:00,1099.1,1119.2,1099.1,1099.1,0.0,0.32,351.45,0
2025-04-01,2025-04-01 11:00:00,1099.1,1099.1,1098.82,1098.82,-0.03,0.16,174.8,-1
2025-04-01,2025-04-01 11:10:00,1098.82,1098.82,1098.55,1098.55,-0.02,0.16,174.8,-1
2025-04-01,2025-04-01 11:20:00,1098.55,1098.55,1098.27,1098.27,-0.03,0.16,174.8,-1
2025-04-01,2025-04-01 11:30:00,1098.27,1098.27,1098.0,1098.0,-0.02,0.16,174.8,-1
2025-04-01,2025-04-01 11:40:00,1098.0,1098.0,1097.72,1097.72,-0.03,0.16,174.8,-1
2025-04-01,2025-04-01 11:50:00,1097.72,1097.72,1097.45,1097.45,-0.02,0.16,174.8,-1
2025-04-01,2025-04-01 12:00:00,1097.45,1097.45,1097.17,1097.17,-0.03,0.16,174.8,-1
2025-04-01,2025-04-01 12:10:00,1097.17,1097.17,1096.9,1096.9,-0.02,0.16,174.8,-1
2025-04-01,2025-04-01 12:20:00,1096.9,1096.9,1096.62,1096.62,-0.03,0.16,174.8,-1
2025-04-01,2025-04-01 12:30:00,1096.62,1096.62,1096.35,1096.35,-0.02,0.16,174.8,-1
2025-04-01,2025-04-01 12:40:00,1096.35,1096.35,1096.08,1096.08,-0.02,0.16,174.8,-1
2025-04-01,2025-04-01 12:50:00,1096.08,1096.08,1095.8,1095.8,-0.03,0.16,174.8,-1
2025-04-01,2025-04-01 13:00:00,1095.8,1099.1,1095.52,1095.52,-0.03,0.16,174.8,-1
2025-04-01,2025-04-01 13:10:00,1095.52,1095.52,1095.25,1095.25,-0.02,0.16,174.8,-1
2025-04-01,2025-04-01 13:20:00,1095.25,1095.25,1094.97,1094.97,-0.03,0.16,174.8,-1
2025-04-01,2025-04-01 13:30:00,1094.97,1094.97,1094.7,1094.7,-0.02,0.16,174.8,-1
2025-04-01,2025-04-01 13:40:00,1094.7,1094.7,1094.42,1094.42,-0.03,0.16,174.8,-1
2025-04-01,2025-04-01 13:50:00,1094.42,1094.42,1094.15,1094.15,-0.02,0.16,174.8,-1
2025-04-01,2025-04-01 14:00:00,1094.15,1094.15,1093.88,1093.88,-0.02,0.16,174.8,-1
2025-04-01,2025-04-01 14:10:00,1093.88,1093.88,1093.6,1093.6,-0.03,0.16,174.8,-1
2025-04-01,2025-04-01 14:20:00,1093.6,1093.6,1093.33,1093.33,-0.02,0.16,174.8,-1
2025-04-01,2025-04-01 14:30:00,1093.33,1093.33,1093.05,1093.05,-0.03,0.16,174.8,-1
2025-04-01,2025-04-01 14:40:00,1093.05,1093.05,1092.78,1092.78,-0.02,0.16,174.8,-1
2025-04-01,2025-04-01 14:50:00,1092.78,1092.78,1092.5,1092.5,-0.03,0.16,174.8,-1
2025-04-01,2025-04-01 15:00:00,1092.5,1099.1,1092.5,1092.5,0.0,0.16,174.8,0
2025-04-02,2025-04-02 11:00:00,1094.0,1094.0,1094.0,1094.0,0.0,1.0,1094.0,0
2025-04-02,2025-04-02 11:10:00,1094.0,1094.0,1094.0,1094.0,0.0,1.0,1094.0,0
2025-04-02,2025-04-02 11:20:00,1094.0,1094.0,1094.0,1094.0,0.0,1.0,1094.0,0
2025-04-02,2025-04-02 11:30:00,1094.0,1094.0,1094.0,1094.0,0.0,1.0,1094.0,0
2025-04-02,2025-04-02 11:40:00,1094.0,1094.0,1094.0,1094.0,0.0,1.0,1094.0,0
2025-04-02,2025-04-02 11:50:00,1094.0,1094.0,1094.0,1094.0,0.0,1.0,1094.0,0
2025-04-02,2025-04-02 12:00:00,1094.0,1094.0,1094.0,1094.0,0.0,1.0,1094.0,0
2025-04-02,2025-04-02 12:10:00,1094.0,1094.0,1094.0,1094.0,0.0,1.0,1094.0,0
2025-04-02,2025-04-02 12:20:00,1094.0,1094.0,1094.0,1094.0,0.0,1.0,1094.0,0
2025-04-02,2025-04-02 12:30:00,1094.0,1094.0,1094.0,1094.0,0.0,1.0,1094.0,0
2025-04-02,2025-04-02 12:40:00,1094.0,1094.0,1094.0,1094.0,0.0,1.0,1094.0,0
2025-04-02,2025-04-02 12:50:00,1094.0,1094.0,1094.0,1094.0,0.0,1.0,1094.0,0
2025-04-02,2025-04-02 13:00:00,1094.0,1094.0,1094.0,1094.0,0.0,1.0,1094.0,0
2025-04-02,2025-04-02 13:10:00,1094.0,1094.0,1094.0,1094.0,0.0,1.0,1094.0,0
2025-04-02,2025-04-02 13:20:00,1094.0,1094.0,1094.0,1094.0,0.0,1.0,1094.0,0
2025-04-02,2025-04-02 13:30:00,1094.0,1094.0,1094.0,1094.0,0.0,1.0,1094.0,0
2025-04-02,2025-04-02 13:40:00,1094.0,1094.0,1094.0,1094.0,0.0,1.0,1094.0,0
2025-04-02,2025-04-02 13:50:00,1094.0,1094.0,1094.0,1094.0,0.0,1.0,1094.0,0
2025-04-02,2025-04-02 14:00:00,1094.0,1094.0,1094.0,1094.0,0.0,1.0,1094.0,0
2025-04-02,2025-04-02 14:10:00,1094.0,1094.0,1094.0,1094.0,0.0,1.0,1094.0,0
2025-04-02,2025-04-02 14:20:00,1094.0,1094.0,1094.0,1094.0,0.0,1.0,1094.0,0
2025-04-02,2025-04-02 14:30:00,1094.0,1094.0,1094.0,1094.0,0.0,1.0,1094.0,0
2025-04-02,2025-04-02 14:40:00,1094.0,1094.0,1094.0,1094.0,0.0,1.0,1094.0,0
2025-04-02,2025-04-02 14:50:00,1094.0,1094.0,1094.0,1094.0,0.0,1.0,1094.0,0
2025-04-02,2025-04-02 15:00:00,1094.0,1094.0,1094.0,1094.0,0.0,1.0,1094.0,0
2025-04-03,2025-04-03 11:00:00,1094.0,1094.17,1094.0,1094.17,0.02,0.16,175.68,1
2025-04-03,2025-04-03 11:10:00,1094.17,1094.33,1094.17,1094.33,0.01,0.16,175.68,1
2025-04-03,2025-04-03 11:20:00,1094.33,1094.5,1094.33,1094.5,0.02,0.16,175.68,1
2025-04-03,2025-04-03 11:30:00,1094.5,1094.67,1094.5,1094.67,0.02,0.16,175.68,1
2025-04-03,2025-04-03 11:40:00,1094.67,1094.83,1094.67,1094.83,0.01,0.16,175.68,1
2025-04-03,2025-04-03 11:50:00,1094.83,1095.0,1094.83,1095.0,0.02,0.16,175.68,1
2025-04-03,2025-04-03 12:00:00,1095.0,1095.17,1095.0,1095.17,0.02,0.16,175.68,1
2025-04-03,2025-04-03 12:10:00,1095.17,1095.33,1095.17,1095.33,0.01,0.16,175.68,1
2025-04-03,2025-04-03 12:20:00,1095.33,1095.5,1095.33,1095.5,0.02,0.16,175.68,1
2025-04-03,2025-04-03 12:30:00,1095.5,1095.67,1095.5,1095.67,0.02,0.16,175.68,1
2025-04-03,2025-04-03 12:40:00,1095.67,1095.83,1095.67,1095.83,0.01,0.16,175.68,1
2025-04-03,2025-04-03 12:50:00,1095.83,1096.0,1095.83,1096.0,0.02,0.16,175.68,1
2025-04-03,2025-04-03 13:00:00,1096.0,1096.17,1094.0,1096.17,0.02,0.16,175.68,1
2025-04-03,2025-04-03 13:10:00,1096.17,1096.33,1096.17,1096.33,0.01,0.16,175.68,1
2025-04-03,2025-04-03 13:20:00,1096.33,1096.5,1096.33,1096.5,0.02,0.16,175.68,1
2025-04-03,2025-04-03 13:30:00,1096.5,1096.67,1096.5,1096.67,0.02,0.16,175.68,1
2025-04-03,2025-04-03 13:40:00,1096.67,1096.83,1096.67,1096.83,0.01,0.16,175.68,1
2025-04-03,2025-04-03 13:50:00,1096.83,1097.0,1096.83,1097.0,0.02,0.16,175.68,1
2025-04-03,2025-04-03 14:00:00,1097.0,1097.17,1097.0,1097.17,0.02,0.16,175.68,1
2025-04-03,2025-04-03 14:10:00,1097.17,1097.33,1097.17,1097.33,0.01,0.16,175.68,1
2025-04-03,2025-04-03 14:20:00,1097.33,1097.5,1097.33,1097.5,0.02,0.16,175.68,1
2025-04-03,2025-04-03 14:30:00,1097.5,1097.67,1097.5,1097.67,0.02,0.16,175.68,1
2025-04-03,2025-04-03 14:40:00,1097.67,1097.83,1097.67,1097.83,0.01,0.16,175.68,1
2025-04-03,2025-04-03 14:50:00,1097.83,1098.0,1097.83,1098.0,0.02,0.16,175.68,1
2025-04-03,2025-04-03 15:00:00,1098.0,1098.0,1094.0,1098.0,0.0,0.16,175.68,0
2025-04-08,2025-04-08 11:00:00,1096.6,1096.6,1096.6,1096.6,0.0,1.0,1096.6,0
2025-04-08,2025-04-08 11:10:00,1096.6,1096.6,1096.6,1096.6,0.0,1.0,1096.6,0
2025-04-08,2025-04-08 11:20:00,1096.6,1096.6,1096.6,1096.6,0.0,1.0,1096.6,0
2025-04-08,2025-04-08 11:30:00,1096.6,1096.6,1096.6,1096.6,0.0,1.0,1096.6,0
2025-04-08,2025-04-08 11:40:00,1096.6,1096.6,1096.6,1096.6,0.0,1.0,1096.6,0
2025-04-08,2025-04-08 11:50:00,1096.6,1096.6,1096.6,1096.6,0.0,1.0,1096.6,0
2025-04-08,2025-04-08 12:00:00,1096.6,1096.6,1096.6,1096.6,0.0,1.0,1096.6,0
2025-04-08,2025-04-08 12:10:00,1096.6,1096.6,1096.6,1096.6,0.0,1.0,1096.6,0
2025-04-08,2025-04-08 12:20:00,1096.6,1096.6,1096.6,1096.6,0.0,1.0,1096.6,0
2025-04-08,2025-04-08 12:30:00,1096.6,1096.6,1096.6,1096.6,0.0,1.0,1096.6,0
2025-04-08,2025-04-08 12:40:00,1096.6,1096.6,1096.6,1096.6,0.0,1.0,1096.6,0
2025-04-08,2025-04-08 12:50:00,1096.6,1096.6,1096.6,1096.6,0.0,1.0,1096.6,0
2025-04-08,2025-04-08 13:00:00,1096.6,1096.6,1096.6,1096.6,0.0,1.0,1096.6,0
2025-04-08,2025-04-08 13:10:00,1096.6,1096.6,1096.6,1096.6,0.0,1.0,1096.6,0
2025-04-08,2025-04-08 13:20:00,1096.6,1096.6,1096.6,1096.6,0.0,1.0,1096.6,0
2025-04-08,2025-04-08 13:30:00,1096.6,1096.6,1096.6,1096.6,0.0,1.0,1096.6,0
2025-04-08,2025-04-08 13:40:00,1096.6,1096.6,1096.6,1096.6,0.0,1.0,1096.6,0
2025-04-08,2025-04-08 13:50:00,1096.6,1096.6,1096.6,1096.6,0.0,1.0,1096.6,0
2025-04-08,2025-04-08 14:00:00,1096.6,1096.6,1096.6,1096.6,0.0,1.0,1096.6,0
2025-04-08,2025-04-08 14:10:00,1096.6,1096.6,1096.6,1096.6,0.0,1.0,1096.6,0
2025-04-08,2025-04-08 14:20:00,1096.6,1096.6,1096.6,1096.6,0.0,1.0,1096.6,0
2025-04-08,2025-04-08 14:30:00,1096.6,1096.6,1096.6,1096.6,0.0,1.0,1096.6,0
2025-04-08,2025-04-08 14:40:00,1096.6,1096.6,1096.6,1096.6,0.0,1.0,1096.6,0
2025-04-08,2025-04-08 14:50:00,1096.6,1096.6,1096.6,1096.6,0.0,1.0,1096.6,0
2025-04-08,2025-04-08 15:00:00,1096.6,1096.6,1096.6,1096.6,0.0,1.0,1096.6,0
2025-04-10,2025-04-10 11:00:00,1110.0,1110.0,1110.0,1110.0,0.0,2.0,2220.0,0
2025-04-10,2025-04-10 11:10:00,1110.0,1110.0,1110.0,1110.0,0.0,2.0,2220.0,0
2025-04-10,2025-04-10 11:20:00,1110.0,1110.0,1110.0,1110.0,0.0,2.0,2220.0,0
2025-04-10,2025-04-10 11:30:00,1110.0,1110.0,1110.0,1110.0,0.0,2.0,2220.0,0
2025-04-10,2025-04-10 11:40:00,1110.0,1110.0,1110.0,1110.0,0.0,2.0,2220.0,0
2025-04-10,2025-04-10 11:50:00,1110.0,1110.0,1110.0,1110.0,0.0,2.0,2220.0,0
2025-04-10,2025-04-10 12:00:00,1110.0,1110.0,1110.0,1110.0,0.0,2.0,2220.0,0
2025-04-10,2025-04-10 12:10:00,1110.0,1110.0,1110.0,1110.0,0.0,2.0,2220.0,0
2025-04-10,2025-04-10 12:20:00,1110.0,1110.0,1110.0,1110.0,0.0,2.0,2220.0,0
2025-04-10,2025-04-10 12:30:00,1110.0,1110.0,1110.0,1110.0,0.0,2.0,2220.0,0
2025-04-10,2025-04-10 12:40:00,1110.0,1110.0,1110.0,1110.0,0.0,2.0,2220.0,0
2025-04-10,2025-04-10 12:50:00,1110.0,1110.0,1110.0,1110.0,0.0,2.0,2220.0,0
2025-04-10,2025-04-10 13:00:00,1110.0,1110.0,1110.0,1110.0,0.0,2.0,2220.0,0
2025-04-10,2025-04-10 13:10:00,1110.0,1110.0,1110.0,1110.0,0.0,2.0,2220.0,0
2025-04-10,2025-04-10 13:20:00,1110.0,1110.0,1110.0,1110.0,0.0,2.0,2220.0,0
2025-04-10,2025-04-10 13:30:00,1110.0,1110.0,1110.0,1110.0,0.0,2.0,2220.0,0
2025-04-10,2025-04-10 13:40:00,1110.0,1110.0,1110.0,1110.0,0.0,2.0,2220.0,0
2025-04-10,2025-04-10 13:50:00,1110.0,1110.0,1110.0,1110.0,0.0,2.0,2220.0,0
2025-04-10,2025-04-10 14:00:00,1110.0,1110.0,1110.0,1110.0,0.0,2.0,2220.0,0
2025-04-10,2025-04-10 14:10:00,1110.0,1110.0,1110.0,1110.0,0.0,2.0,2220.0,0
2025-04-10,2025-04-10 14:20:00,1110.0,1110.0,1110.0,1110.0,0.0,2.0,2220.0,0
2025-04-10,2025-04-10 14:30:00,1110.0,1110.0,1110.0,1110.0,0.0,2.0,2220.0,0
2025-04-10,2025-04-10 14:40:00,1110.0,1110.0,1110.0,1110.0,0.0,2.0,2220.0,0
2025-04-10,2025-04-10 14:50:00,1110.0,1110.0,1110.0,1110.0,0.0,2.0,2220.0,0
2025-04-10,2025-04-10 15:00:00,1110.0,1110.0,1110.0,1110.0,0.0,2.0,2220.0,0
2025-04-15,2025-04-15 11:00:00,1101.1,1103.77,1101.07,1101.47,0.03,11.08,12235.22,1
2025-04-15,2025-04-15 11:10:00,1101.47,1101.84,1101.47,1101.84,0.03,11.08,12235.22,1
2025-04-15,2025-04-15 11:20:00,1101.84,1102.21,1101.84,1102.21,0.03,11.08,12235.22,1
2025-04-15,2025-04-15 11:30:00,1102.21,1102.58,1102.21,1102.58,0.03,11.08,12235.22,1
2025-04-15,2025-04-15 11:40:00,1102.58,1102.95,1102.58,1102.95,0.03,11.08,12235.22,1
2025-04-15,2025-04-15 11:50:00,1102.95,1103.32,1102.95,1103.32,0.03,11.08,12235.22,1
2025-04-15,2025-04-15 12:00:00,1103.32,1103.7,1103.32,1103.7,0.03,11.08,12235.22,1
2025-04-15,2025-04-15 12:10:00,1103.7,1104.07,1103.7,1104.07,0.03,11.08,12235.22,1
2025-04-15,2025-04-15 12:20:00,1104.07,1104.44,1104.07,1104.44,0.03,11.08,12235.22,1
2025-04-15,2025-04-15 12:30:00,1104.44,1104.81,1104.44,1104.81,0.03,11.08,12235.22,1
2025-04-15,2025-04-15 12:40:00,1104.81,1105.18,1104.81,1105.18,0.03,11.08,12235.22,1
2025-04-15,2025-04-15 12:50:00,1105.18,1105.55,1105.18,1105.55,0.03,11.08,12235.22,1
2025-04-15,2025-04-15 13:00:00,1105.55,1110.0,1101.0,1105.92,0.03,11.08,12235.22,1
2025-04-15,2025-04-15 13:10:00,1105.92,1106.29,1105.92,1106.29,0.03,11.08,12235.22,1
2025-04-15,2025-04-15 13:20:00,1106.29,1106.66,1106.29,1106.66,0.03,11.08,12235.22,1
2025-04-15,2025-04-15 13:30:00,1106.66,1107.03,1106.66,1107.03,0.03,11.08,12235.22,1
2025-04-15,2025-04-15 13:40:00,1107.03,1107.4,1107.03,1107.4,0.03,11.08,12235.22,1
2025-04-15,2025-04-15 13:50:00,1107.4,1107.78,1107.4,1107.78,0.03,11.08,12235.22,1
2025-04-15,2025-04-15 14:00:00,1107.78,1108.15,1107.78,1108.15,0.03,11.08,12235.22,1
2025-04-15,2025-04-15 14:10:00,1108.15,1108.52,1108.15,1108.52,0.03,11.08,12235.22,1
2025-04-15,2025-04-15 14:20:00,1108.52,1108.89,1108.52,1108.89,0.03,11.08,12235.22,1
2025-04-15,2025-04-15 14:30:00,1108.89,1109.26,1108.89,1109.26,0.03,11.08,12235.22,1
2025-04-15,2025-04-15 14:40:00,1109.26,1109.63,1109.26,1109.63,0.03,11.08,12235.22,1
2025-04-15,2025-04-15 14:50:00,1109.63,1110.0,1109.63,1110.0,0.03,11.08,12235.22,1
2025-04-15,2025-04-15 15:00:00,1110.0,1110.0,1101.0,1110.0,0.0,11.08,12235.22,0
2025-04-17,2025-04-17 11:00:00,1132.2,1132.2,1132.2,1132.2,0.0,4.0,4528.8,0
2025-04-17,2025-04-17 11:10:00,1132.2,1132.2,1132.2,1132.2,0.0,4.0,4528.8,0
2025-04-17,2025-04-17 11:20:00,1132.2,1132.2,1132.2,1132.2,0.0,4.0,4528.8,0
2025-04-17,2025-04-17 11:30:00,1132.2,1132.2,1132.2,1132.2,0.0,4.0,4528.8,0
2025-04-17,2025-04-17 11:40:00,1132.2,1132.2,1132.2,1132.2,0.0,4.0,4528.8,0
2025-04-17,2025-04-17 11:50:00,1132.2,1132.2,1132.2,1132.2,0.0,4.0,4528.8,0
2025-04-17,2025-04-17 12:00:00,1132.2,1132.2,1132.2,1132.2,0.0,4.0,4528.8,0
2025-04-17,2025-04-17 12:10:00,1132.2,1132.2,1132.2,1132.2,0.0,4.0,4528.8,0
2025-04-17,2025-04-17 12:20:00,1132.2,1132.2,1132.2,1132.2,0.0,4.0,4528.8,0
2025-04-17,2025-04-17 12:30:00,1132.2,1132.2,1132.2,1132.2,0.0,4.0,4528.8,0
2025-04-17,2025-04-17 12:40:00,1132.2,1132.2,1132.2,1132.2,0.0,4.0,4528.8,0
2025-04-17,2025-04-17 12:50:00,1132.2,1132.2,1132.2,1132.2,0.0,4.0,4528.8,0
2025-04-17,2025-04-17 13:00:00,1132.2,1132.2,1132.2,1132.2,0.0,4.0,4528.8,0
2025-04-17,2025-04-17 13:10:00,1132.2,1132.2,1132.2,1132.2,0.0,4.0,4528.8,0
2025-04-17,2025-04-17 13:20:00,1132.2,1132.2,1132.2,1132.2,0.0,4.0,4528.8,0
2025-04-17,2025-04-17 13:30:00,1132.2,1132.2,1132.2,1132.2,0.0,4.0,4528.8,0
2025-04-17,2025-04-17 13:40:00,1132.2,1132.2,1132.2,1132.2,0.0,4.0,4528.8,0
2025-04-17,2025-04-17 13:50:00,1132.2,1132.2,1132.2,1132.2,0.0,4.0,4528.8,0
2025-04-17,2025-04-17 14:00:00,1132.2,1132.2,1132.2,1132.2,0.0,4.0,4528.8,0
2025-04-17,2025-04-17 14:10:00,1132.2,1132.2,1132.2,1132.2,0.0,4.0,4528.8,0
2025-04-17,2025-04-17 14:20:00,1132.2,1132.2,1132.2,1132.2,0.0,4.0,4528.8,0
2025-04-17,2025-04-17 14:30:00,1132.2,1132.2,1132.2,1132.2,0.0,4.0,4528.8,0
2025-04-17,2025-04-17 14:40:00,1132.2,1132.2,1132.2,1132.2,0.0,4.0,4528.8,0
2025-04-17,2025-04-17 14:50:00,1132.2,1132.2,1132.2,1132.2,0.0,4.0,4528.8,0
2025-04-17,2025-04-17 15:00:00,1132.2,1132.2,1132.2,1132.2,0.0,4.0,4528.8,0
2025-04-20,2025-04-20 11:00:00,1110.3,1110.3,1110.3,1110.3,0.0,1.0,1110.3,0
2025-04-20,2025-04-20 11:10:00,1110.3,1110.3,1110.3,1110.3,0.0,1.0,1110.3,0
2025-04-20,2025-04-20 11:20:00,1110.3,1110.3,1110.3,1110.3,0.0,1.0,1110.3,0
2025-04-20,2025-04-20 11:30:00,1110.3,1110.3,1110.3,1110.3,0.0,1.0,1110.3,0
2025-04-20,2025-04-20 11:40:00,1110.3,1110.3,1110.3,1110.3,0.0,1.0,1110.3,0
2025-04-20,2025-04-20 11:50:00,1110.3,1110.3,1110.3,1110.3,0.0,1.0,1110.3,0
2025-04-20,2025-04-20 12:00:00,1110.3,1110.3,1110.3,1110.3,0.0,1.0,1110.3,0
2025-04-20,2025-04-20 12:10:00,1110.3,1110.3,1110.3,1110.3,0.0,1.0,1110.3,0
2025-04-20,2025-04-20 12:20:00,1110.3,1110.3,1110.3,1110.3,0.0,1.0,1110.3,0
2025-04-20,2025-04-20 12:30:00,1110.3,1110.3,1110.3,1110.3,0.0,1.0,1110.3,0
2025-04-20,2025-04-20 12:40:00,1110.3,1110.3,1110.3,1110.3,0.0,1.0,1110.3,0
2025-04-20,2025-04-20 12:50:00,1110.3,1110.3,1110.3,1110.3,0.0,1.0,1110.3,0
2025-04-20,2025-04-20 13:00:00,1110.3,1110.3,1110.3,1110.3,0.0,1.0,1110.3,0
2025-04-20,2025-04-20 13:10:00,1110.3,1110.3,1110.3,1110.3,0.0,1.0,1110.3,0
2025-04-20,2025-04-20 13:20:00,1110.3,1110.3,1110.3,1110.3,0.0,1.0,1110.3,0
2025-04-20,2025-04-20 13:30:00,1110.3,1110.3,1110.3,1110.3,0.0,1.0,1110.3,0
2025-04-20,2025-04-20 13:40:00,1110.3,1110.3,1110.3,1110.3,0.0,1.0,1110.3,0
2025-04-20,2025-04-20 13:50:00,1110.3,1110.3,1110.3,1110.3,0.0,1.0,1110.3,0
2025-04-20,2025-04-20 14:00:00,1110.3,1110.3,1110.3,1110.3,0.0,1.0,1110.3,0
2025-04-20,2025-04-20 14:10:00,1110.3,1110.3,1110.3,1110.3,0.0,1.0,1110.3,0
2025-04-20,2025-04-20 14:20:00,1110.3,1110.3,1110.3,1110.3,0.0,1.0,1110.3,0
2025-04-20,2025-04-20 14:30:00,1110.3,1110.3,1110.3,1110.3,0.0,1.0,1110.3,0
2025-04-20,2025-04-20 14:40:00,1110.3,1110.3,1110.3,1110.3,0.0,1.0,1110.3,0
2025-04-20,2025-04-20 14:50:00,1110.3,1110.3,1110.3,1110.3,0.0,1.0,1110.3,0
2025-04-20,2025-04-20 15:00:00,1110.3,1110.3,1110.3,1110.3,0.0,1.0,1110.3,0
2025-04-27,2025-04-27 11:00:00,1110.3,1110.57,1110.3,1110.57,0.02,0.2,223.36,1
2025-04-27,2025-04-27 11:10:00,1110.57,1110.84,1110.57,1110.84,0.02,0.2,223.36,1
2025-04-27,2025-04-27 11:20:00,1110.84,1111.12,1110.84,1111.12,0.03,0.2,223.36,1
2025-04-27,2025-04-27 11:30:00,1111.12,1111.39,1111.12,1111.39,0.02,0.2,223.36,1
2025-04-27,2025-04-27 11:40:00,1111.39,1111.66,1111.39,1111.66,0.02,0.2,223.36,1
2025-04-27,2025-04-27 11:50:00,1111.66,1111.93,1111.66,1111.93,0.02,0.2,223.36,1
2025-04-27,2025-04-27 12:00:00,1111.93,1112.2,1111.93,1112.2,0.02,0.2,223.36,1
2025-04-27,2025-04-27 12:10:00,1112.2,1112.47,1112.2,1112.47,0.02,0.2,223.36,1
2025-04-27,2025-04-27 12:20:00,1112.47,1112.74,1112.47,1112.74,0.02,0.2,223.36,1
2025-04-27,2025-04-27 12:30:00,1112.74,1113.02,1112.74,1113.02,0.03,0.2,223.36,1
2025-04-27,2025-04-27 12:40:00,1113.02,1113.29,1113.02,1113.29,0.02,0.2,223.36,1
2025-04-27,2025-04-27 12:50:00,1113.29,1113.56,1113.29,1113.56,0.02,0.2,223.36,1
2025-04-27,2025-04-27 13:00:00,1113.56,1113.83,1110.3,1113.83,0.02,0.2,223.36,1
2025-04-27,2025-04-27 13:10:00,1113.83,1114.1,1113.83,1114.1,0.02,0.2,223.36,1
2025-04-27,2025-04-27 13:20:00,1114.1,1114.38,1114.1,1114.38,0.03,0.2,223.36,1
2025-04-27,2025-04-27 13:30:00,1114.38,1114.65,1114.38,1114.65,0.02,0.2,223.36,1
2025-04-27,2025-04-27 13:40:00,1114.65,1114.92,1114.65,1114.92,0.02,0.2,223.36,1
2025-04-27,2025-04-27 13:50:00,1114.92,1115.19,1114.92,1115.19,0.02,0.2,223.36,1
2025-04-27,2025-04-27 14:00:00,1115.19,1115.46,1115.19,1115.46,0.02,0.2,223.36,1
2025-04-27,2025-04-27 14:10:00,1115.46,1115.73,1115.46,1115.73,0.02,0.2,223.36,1
2025-04-27,2025-04-27 14:20:00,1115.73,1116.0,1115.73,1116.0,0.02,0.2,223.36,1
2025-04-27,2025-04-27 14:30:00,1116.0,1116.28,1116.0,1116.28,0.03,0.2,223.36,1
2025-04-27,2025-04-27 14:40:00,1116.28,1116.55,1116.28,1116.55,0.02,0.2,223.36,1
2025-04-27,2025-04-27 14:50:00,1116.55,1116.82,1116.55,1116.82,0.02,0.2,223.36,1
2025-04-27,2025-04-27 15:00:00,1116.82,1116.82,1110.3,1116.82,0.0,0.2,223.36,0
2025-04-29,2025-04-29 11:00:00,1116.5,1116.5,1116.5,1116.5,0.0,1.0,1116.5,0
2025-04-29,2025-04-29 11:10:00,1116.5,1116.5,1116.5,1116.5,0.0,1.0,1116.5,0
2025-04-29,2025-04-29 11:20:00,1116.5,1116.5,1116.5,1116.5,0.0,1.0,1116.5,0
2025-04-29,2025-04-29 11:30:00,1116.5,1116.5,1116.5,1116.5,0.0,1.0,1116.5,0
2025-04-29,2025-04-29 11:40:00,1116.5,1116.5,1116.5,1116.5,0.0,1.0,1116.5,0
2025-04-29,2025-04-29 11:50:00,1116.5,1116.5,1116.5,1116.5,0.0,1.0,1116.5,0
2025-04-29,2025-04-29 12:00:00,1116.5,1116.5,1116.5,1116.5,0.0,1.0,1116.5,0
2025-04-29,2025-04-29 12:10:00,1116.5,1116.5,1116.5,1116.5,0.0,1.0,1116.5,0
2025-04-29,2025-04-29 12:20:00,1116.5,1116.5,1116.5,1116.5,0.0,1.0,1116.5,0
2025-04-29,2025-04-29 12:30:00,1116.5,1116.5,1116.5,1116.5,0.0,1.0,1116.5,0
2025-04-29,2025-04-29 12:40:00,1116.5,1116.5,1116.5,1116.5,0.0,1.0,1116.5,0
2025-04-29,2025-04-29 12:50:00,1116.5,1116.5,1116.5,1116.5,0.0,1.0,1116.5,0
2025-04-29,2025-04-29 13:00:00,1116.5,1116.5,1116.5,1116.5,0.0,1.0,1116.5,0
2025-04-29,2025-04-29 13:10:00,1116.5,1116.5,1116.5,1116.5,0.0,1.0,1116.5,0
2025-04-29,2025-04-29 13:20:00,1116.5,1116.5,1116.5,1116.5,0.0,1.0,1116.5,0
2025-04-29,2025-04-29 13:30:00,1116.5,1116.5,1116.5,1116.5,0.0,1.0,1116.5,0
2025-04-29,2025-04-29 13:40:00,1116.5,1116.5,1116.5,1116.5,0.0,1.0,1116.5,0
2025-04-29,2025-04-29 13:50:00,1116.5,1116.5,1116.5,1116.5,0.0,1.0,1116.5,0
2025-04-29,2025-04-29 14:00:00,1116.5,1116.5,1116.5,1116.5,0.0,1.0,1116.5,0
2025-04-29,2025-04-29 14:10:00,1116.5,1116.5,1116.5,1116.5,0.0,1.0,1116.5,0
2025-04-29,2025-04-29 14:20:00,1116.5,1116.5,1116.5,1116.5,0.0,1.0,1116.5,0
2025-04-29,2025-04-29 14:30:00,1116.5,1116.5,1116.5,1116.5,0.0,1.0,1116.5,0
2025-04-29,2025-04-29 14:40:00,1116.5,1116.5,1116.5,1116.5,0.0,1.0,1116.5,0
2025-04-29,2025-04-29 14:50:00,1116.5,1116.5,1116.5,1116.5,0.0,1.0,1116.5,0
2025-04-29,2025-04-29 15:00:00,1116.5,1116.5,1116.5,1116.5,0.0,1.0,1116.5,0
2025-04-30,2025-04-30 11:00:00,1116.5,1116.5,1116.49,1116.49,-0.0,0.12,133.94,-1
2025-04-30,2025-04-30 11:10:00,1116.49,1116.49,1116.47,1116.47,-0.0,0.12,133.94,-1
2025-04-30,2025-04-30 11:20:00,1116.47,1116.47,1116.46,1116.46,-0.0,0.12,133.94,-1
2025-04-30,2025-04-30 11:30:00,1116.46,1116.46,1116.45,1116.45,-0.0,0.12,133.94,-1
2025-04-30,2025-04-30 11:40:00,1116.45,1116.45,1116.44,1116.44,-0.0,0.12,133.94,-1
2025-04-30,2025-04-30 11:50:00,1116.44,1116.44,1116.42,1116.42,-0.0,0.12,133.94,-1
2025-04-30,2025-04-30 12:00:00,1116.42,1116.42,1116.41,1116.41,-0.0,0.12,133.94,-1
2025-04-30,2025-04-30 12:10:00,1116.41,1116.41,1116.4,1116.4,-0.0,0.12,133.94,-1
2025-04-30,2025-04-30 12:20:00,1116.4,1116.4,1116.39,1116.39,-0.0,0.12,133.94,-1
2025-04-30,2025-04-30 12:30:00,1116.39,1116.39,1116.38,1116.38,-0.0,0.12,133.94,-1
2025-04-30,2025-04-30 12:40:00,1116.38,1116.38,1116.36,1116.36,-0.0,0.12,133.94,-1
2025-04-30,2025-04-30 12:50:00,1116.36,1116.36,1116.35,1116.35,-0.0,0.12,133.94,-1
2025-04-30,2025-04-30 13:00:00,1116.35,1116.5,1116.34,1116.34,-0.0,0.12,133.94,-1
2025-04-30,2025-04-30 13:10:00,1116.34,1116.34,1116.33,1116.33,-0.0,0.12,133.94,-1
2025-04-30,2025-04-30 13:20:00,1116.33,1116.33,1116.31,1116.31,-0.0,0.12,133.94,-1
2025-04-30,2025-04-30 13:30:00,1116.31,1116.31,1116.3,1116.3,-0.0,0.12,133.94,-1
2025-04-30,2025-04-30 13:40:00,1116.3,1116.3,1116.29,1116.29,-0.0,0.12,133.94,-1
2025-04-30,2025-04-30 13:50:00,1116.29,1116.29,1116.28,1116.28,-0.0,0.12,133.94,-1
2025-04-30,2025-04-30 14:00:00,1116.28,1116.28,1116.26,1116.26,-0.0,0.12,133.94,-1
2025-04-30,2025-04-30 14:10:00,1116.26,1116.26,1116.25,1116.25,-0.0,0.12,133.94,-1
2025-04-30,2025-04-30 14:20:00,1116.25,1116.25,1116.24,1116.24,-0.0,0.12,133.94,-1
2025-04-30,2025-04-30 14:30:00,1116.24,1116.24,1116.23,1116.23,-0.0,0.12,133.94,-1
2025-04-30,2025-04-30 14:40:00,1116.23,1116.23,1116.21,1116.21,-0.0,0.12,133.94,-1
2025-04-30,2025-04-30 14:50:00,1116.21,1116.21,1116.2,1116.2,-0.0,0.12,133.94,-1
2025-04-30,2025-04-30 15:00:00,1116.2,1116.5,1116.2,1116.2,0.0,0.12,133.94,0
2025-05-04,2025-05-04 11:00:00,1116.2,1116.21,1116.2,1116.21,0.0,0.2,223.3,1
2025-05-04,2025-05-04 11:10:00,1116.21,1116.23,1116.21,1116.23,0.0,0.2,223.3,1
2025-05-04,2025-05-04 11:20:00,1116.23,1116.24,1116.23,1116.24,0.0,0.2,223.3,1
2025-05-04,2025-05-04 11:30:00,1116.24,1116.25,1116.24,1116.25,0.0,0.2,223.3,1
2025-05-04,2025-05-04 11:40:00,1116.25,1116.26,1116.25,1116.26,0.0,0.2,223.3,1
2025-05-04,2025-05-04 11:50:00,1116.26,1116.28,1116.26,1116.28,0.0,0.2,223.3,1
2025-05-04,2025-05-04 12:00:00,1116.28,1116.29,1116.28,1116.29,0.0,0.2,223.3,1
2025-05-04,2025-05-04 12:10:00,1116.29,1116.3,1116.29,1116.3,0.0,0.2,223.3,1
2025-05-04,2025-05-04 12:20:00,1116.3,1116.31,1116.3,1116.31,0.0,0.2,223.3,1
2025-05-04,2025-05-04 12:30:00,1116.31,1116.33,1116.31,1116.33,0.0,0.2,223.3,1
2025-05-04,2025-05-04 12:40:00,1116.33,1116.34,1116.33,1116.34,0.0,0.2,223.3,1
2025-05-04,2025-05-04 12:50:00,1116.34,1116.35,1116.34,1116.35,0.0,0.2,223.3,1
2025-05-04,2025-05-04 13:00:00,1116.35,1116.36,1116.2,1116.36,0.0,0.2,223.3,1
2025-05-04,2025-05-04 13:10:00,1116.36,1116.38,1116.36,1116.38,0.0,0.2,223.3,1
2025-05-04,2025-05-04 13:20:00,1116.38,1116.39,1116.38,1116.39,0.0,0.2,223.3,1
2025-05-04,2025-05-04 13:30:00,1116.39,1116.4,1116.39,1116.4,0.0,0.2,223.3,1
2025-05-04,2025-05-04 13:40:00,1116.4,1116.41,1116.4,1116.41,0.0,0.2,223.3,1
2025-05-04,2025-05-04 13:50:00,1116.41,1116.42,1116.41,1116.42,0.0,0.2,223.3,1
2025-05-04,2025-05-04 14:00:00,1116.42,1116.44,1116.42,1116.44,0.0,0.2,223.3,1
2025-05-04,2025-05-04 14:10:00,1116.44,1116.45,1116.44,1116.45,0.0,0.2,223.3,1
2025-05-04,2025-05-04 14:20:00,1116.45,1116.46,1116.45,1116.46,0.0,0.2,223.3,1
2025-05-04,2025-05-04 14:30:00,1116.46,1116.47,1116.46,1116.47,0.0,0.2,223.3,1
2025-05-04,2025-05-04 14:40:00,1116.47,1116.49,1116.47,1116.49,0.0,0.2,223.3,1
2025-05-04,2025-05-04 14:50:00,1116.49,1116.5,1116.49,1116.5,0.0,0.2,223.3,1
2025-05-04,2025-05-04 15:00:00,1116.5,1116.5,1116.2,1116.5,0.0,0.2,223.3,0
2025-05-06,2025-05-06 11:00:00,1117.3,1117.3,1117.3,1117.3,0.0,1.08,1206.68,0
2025-05-06,2025-05-06 11:10:00,1117.3,1117.3,1117.29,1117.29,-0.0,1.08,1206.68,-1
2025-05-06,2025-05-06 11:20:00,1117.29,1117.29,1117.29,1117.29,0.0,1.08,1206.68,0
2025-05-06,2025-05-06 11:30:00,1117.29,1117.29,1117.28,1117.28,-0.0,1.08,1206.68,-1
2025-05-06,2025-05-06 11:40:00,1117.28,1117.28,1117.28,1117.28,0.0,1.08,1206.68,0
2025-05-06,2025-05-06 11:50:00,1117.28,1117.28,1117.28,1117.28,0.0,1.08,1206.68,0
2025-05-06,2025-05-06 12:00:00,1117.28,1117.28,1117.27,1117.27,-0.0,1.08,1206.68,-1
2025-05-06,2025-05-06 12:10:00,1117.27,1117.27,1117.27,1117.27,0.0,1.08,1206.68,0
2025-05-06,2025-05-06 12:20:00,1117.27,1117.27,1117.26,1117.26,-0.0,1.08,1206.68,-1
2025-05-06,2025-05-06 12:30:00,1117.26,1117.26,1117.26,1117.26,0.0,1.08,1206.68,0
2025-05-06,2025-05-06 12:40:00,1117.26,1117.26,1117.25,1117.25,-0.0,1.08,1206.68,-1
2025-05-06,2025-05-06 12:50:00,1117.25,1117.25,1117.25,1117.25,0.0,1.08,1206.68,0
2025-05-06,2025-05-06 13:00:00,1117.25,1117.3,1117.25,1117.25,0.0,1.08,1206.68,0
2025-05-06,2025-05-06 13:10:00,1117.25,1117.25,1117.24,1117.24,-0.0,1.08,1206.68,-1
2025-05-06,2025-05-06 13:20:00,1117.24,1117.24,1117.24,1117.24,0.0,1.08,1206.68,0
2025-05-06,2025-05-06 13:30:00,1117.24,1117.24,1117.23,1117.23,-0.0,1.08,1206.68,-1
2025-05-06,2025-05-06 13:40:00,1117.23,1117.23,1117.23,1117.23,0.0,1.08,1206.68,0
2025-05-06,2025-05-06 13:50:00,1117.23,1117.23,1117.22,1117.22,-0.0,1.08,1206.68,-1
2025-05-06,2025-05-06 14:00:00,1117.22,1117.22,1117.22,1117.22,0.0,1.08,1206.68,0
2025-05-06,2025-05-06 14:10:00,1117.22,1117.22,1117.22,1117.22,0.0,1.08,1206.68,0
2025-05-06,2025-05-06 14:20:00,1117.22,1117.22,1117.21,1117.21,-0.0,1.08,1206.68,-1
2025-05-06,2025-05-06 14:30:00,1117.21,1117.21,1117.21,1117.21,0.0,1.08,1206.68,0
2025-05-06,2025-05-06 14:40:00,1117.21,1117.21,1117.2,1117.2,-0.0,1.08,1206.68,-1
2025-05-06,2025-05-06 14:50:00,1117.2,1117.2,1117.2,1117.2,0.0,1.08,1206.68,0
2025-05-06,2025-05-06 15:00:00,1117.2,1117.3,1117.2,1117.2,0.0,1.08,1206.68,0
2025-05-07,2025-05-07 11:00:00,1118.9,1118.9,1118.88,1118.88,-0.0,1.08,1208.36,-1
2025-05-07,2025-05-07 11:10:00,1118.88,1118.88,1118.85,1118.85,-0.0,1.08,1208.36,-1
2025-05-07,2025-05-07 11:20:00,1118.85,1118.85,1118.83,1118.83,-0.0,1.08,1208.36,-1
2025-05-07,2025-05-07 11:30:00,1118.83,1118.83,1118.8,1118.8,-0.0,1.08,1208.36,-1
2025-05-07,2025-05-07 11:40:00,1118.8,1118.8,1118.78,1118.78,-0.0,1.08,1208.36,-1
2025-05-07,2025-05-07 11:50:00,1118.78,1118.78,1118.75,1118.75,-0.0,1.08,1208.36,-1
2025-05-07,2025-05-07 12:00:00,1118.75,1118.75,1118.73,1118.73,-0.0,1.08,1208.36,-1
2025-05-07,2025-05-07 12:10:00,1118.73,1118.73,1118.7,1118.7,-0.0,1.08,1208.36,-1
2025-05-07,2025-05-07 12:20:00,1118.7,1118.7,1118.67,1118.67,-0.0,1.08,1208.36,-1
2025-05-07,2025-05-07 12:30:00,1118.67,1118.67,1118.65,1118.65,-0.0,1.08,1208.36,-1
2025-05-07,2025-05-07 12:40:00,1118.65,1118.65,1118.62,1118.62,-0.0,1.08,1208.36,-1
2025-05-07,2025-05-07 12:50:00,1118.62,1118.62,1118.6,1118.6,-0.0,1.08,1208.36,-1
2025-05-07,2025-05-07 13:00:00,1118.6,1118.9,1118.58,1118.58,-0.0,1.08,1208.36,-1
2025-05-07,2025-05-07 13:10:00,1118.58,1118.58,1118.55,1118.55,-0.0,1.08,1208.36,-1
2025-05-07,2025-05-07 13:20:00,1118.55,1118.55,1118.53,1118.53,-0.0,1.08,1208.36,-1
2025-05-07,2025-05-07 13:30:00,1118.53,1118.53,1118.5,1118.5,-0.0,1.08,1208.36,-1
2025-05-07,2025-05-07 13:40:00,1118.5,1118.5,1118.47,1118.47,-0.0,1.08,1208.36,-1
2025-05-07,2025-05-07 13:50:00,1118.47,1118.47,1118.45,1118.45,-0.0,1.08,1208.36,-1
2025-05-07,2025-05-07 14:00:00,1118.45,1118.45,1118.42,1118.42,-0.0,1.08,1208.36,-1
2025-05-07,2025-05-07 14:10:00,1118.42,1118.42,1118.4,1118.4,-0.0,1.08,1208.36,-1
2025-05-07,2025-05-07 14:20:00,1118.4,1118.4,1118.38,1118.38,-0.0,1.08,1208.36,-1
2025-05-07,2025-05-07 14:30:00,1118.38,1118.38,1118.35,1118.35,-0.0,1.08,1208.36,-1
2025-05-07,2025-05-07 14:40:00,1118.35,1118.35,1118.33,1118.33,-0.0,1.08,1208.36,-1
2025-05-07,2025-05-07 14:50:00,1118.33,1118.33,1118.3,1118.3,-0.0,1.08,1208.36,-1
2025-05-07,2025-05-07 15:00:00,1118.3,1118.9,1118.3,1118.3,0.0,1.08,1208.36,0
2025-05-14,2025-05-14 11:00:00,1118.3,1118.3,1118.25,1118.25,-0.0,0.24,268.08,-1
2025-05-14,2025-05-14 11:10:00,1118.25,1118.25,1118.19,1118.19,-0.01,0.24,268.08,-1
2025-05-14,2025-05-14 11:20:00,1118.19,1118.19,1118.14,1118.14,-0.0,0.24,268.08,-1
2025-05-14,2025-05-14 11:30:00,1118.14,1118.14,1118.08,1118.08,-0.01,0.24,268.08,-1
2025-05-14,2025-05-14 11:40:00,1118.08,1118.08,1118.03,1118.03,-0.0,0.24,268.08,-1
2025-05-14,2025-05-14 11:50:00,1118.03,1118.03,1117.97,1117.97,-0.01,0.24,268.08,-1
2025-05-14,2025-05-14 12:00:00,1117.97,1117.97,1117.92,1117.92,-0.0,0.24,268.08,-1
2025-05-14,2025-05-14 12:10:00,1117.92,1117.92,1117.87,1117.87,-0.0,0.24,268.08,-1
2025-05-14,2025-05-14 12:20:00,1117.87,1117.87,1117.81,1117.81,-0.01,0.24,268.08,-1
2025-05-14,2025-05-14 12:30:00,1117.81,1117.81,1117.76,1117.76,-0.0,0.24,268.08,-1
2025-05-14,2025-05-14 12:40:00,1117.76,1117.76,1117.7,1117.7,-0.01,0.24,268.08,-1
2025-05-14,2025-05-14 12:50:00,1117.7,1117.7,1117.65,1117.65,-0.0,0.24,268.08,-1
2025-05-14,2025-05-14 13:00:00,1117.65,1118.3,1117.6,1117.6,-0.0,0.24,268.08,-1
2025-05-14,2025-05-14 13:10:00,1117.6,1117.6,1117.54,1117.54,-0.01,0.24,268.08,-1
2025-05-14,2025-05-14 13:20:00,1117.54,1117.54,1117.49,1117.49,-0.0,0.24,268.08,-1
2025-05-14,2025-05-14 13:30:00,1117.49,1117.49,1117.43,1117.43,-0.01,0.24,268.08,-1
2025-05-14,2025-05-14 13:40:00,1117.43,1117.43,1117.38,1117.38,-0.0,0.24,268.08,-1
2025-05-14,2025-05-14 13:50:00,1117.38,1117.38,1117.33,1117.33,-0.0,0.24,268.08,-1
2025-05-14,2025-05-14 14:00:00,1117.33,1117.33,1117.27,1117.27,-0.01,0.24,268.08,-1
2025-05-14,2025-05-14 14:10:00,1117.27,1117.27,1117.22,1117.22,-0.0,0.24,268.08,-1
2025-05-14,2025-05-14 14:20:00,1117.22,1117.22,1117.16,1117.16,-0.01,0.24,268.08,-1
2025-05-14,2025-05-14 14:30:00,1117.16,1117.16,1117.11,1117.11,-0.0,0.24,268.08,-1
2025-05-14,2025-05-14 14:40:00,1117.11,1117.11,1117.05,1117.05,-0.01,0.24,268.08,-1
2025-05-14,2025-05-14 14:50:00,1117.05,1117.05,1117.0,1117.0,-0.0,0.24,268.08,-1
2025-05-14,2025-05-14 15:00:00,1117.0,1118.3,1117.0,1117.0,0.0,0.24,268.08,0
2025-05-15,2025-05-15 11:00:00,1117.0,1117.02,1117.0,1117.02,0.0,0.08,89.39,1
2025-05-15,2025-05-15 11:10:00,1117.02,1117.03,1117.02,1117.03,0.0,0.08,89.39,1
2025-05-15,2025-05-15 11:20:00,1117.03,1117.05,1117.03,1117.05,0.0,0.08,89.39,1
2025-05-15,2025-05-15 11:30:00,1117.05,1117.07,1117.05,1117.07,0.0,0.08,89.39,1
2025-05-15,2025-05-15 11:40:00,1117.07,1117.08,1117.07,1117.08,0.0,0.08,89.39,1
2025-05-15,2025-05-15 11:50:00,1117.08,1117.1,1117.08,1117.1,0.0,0.08,89.39,1
2025-05-15,2025-05-15 12:00:00,1117.1,1117.12,1117.1,1117.12,0.0,0.08,89.39,1
2025-05-15,2025-05-15 12:10:00,1117.12,1117.13,1117.12,1117.13,0.0,0.08,89.39,1
2025-05-15,2025-05-15 12:20:00,1117.13,1117.15,1117.13,1117.15,0.0,0.08,89.39,1
2025-05-15,2025-05-15 12:30:00,1117.15,1117.17,1117.15,1117.17,0.0,0.08,89.39,1
2025-05-15,2025-05-15 12:40:00,1117.17,1117.18,1117.17,1117.18,0.0,0.08,89.39,1
2025-05-15,2025-05-15 12:50:00,1117.18,1117.2,1117.18,1117.2,0.0,0.08,89.39,1
2025-05-15,2025-05-15 13:00:00,1117.2,1117.22,1117.0,1117.22,0.0,0.08,89.39,1
2025-05-15,2025-05-15 13:10:00,1117.22,1117.23,1117.22,1117.23,0.0,0.08,89.39,1
2025-05-15,2025-05-15 13:20:00,1117.23,1117.25,1117.23,1117.25,0.0,0.08,89.39,1
2025-05-15,2025-05-15 13:30:00,1117.25,1117.27,1117.25,1117.27,0.0,0.08,89.39,1
2025-05-15,2025-05-15 13:40:00,1117.27,1117.28,1117.27,1117.28,0.0,0.08,89.39,1
2025-05-15,2025-05-15 13:50:00,1117.28,1117.3,1117.28,1117.3,0.0,0.08,89.39,1
2025-05-15,2025-05-15 14:00:00,1117.3,1117.32,1117.3,1117.32,0.0,0.08,89.39,1
2025-05-15,2025-05-15 14:10:00,1117.32,1117.33,1117.32,1117.33,0.0,0.08,89.39,1
2025-05-15,2025-05-15 14:20:00,1117.33,1117.35,1117.33,1117.35,0.0,0.08,89.39,1
2025-05-15,2025-05-15 14:30:00,1117.35,1117.37,1117.35,1117.37,0.0,0.08,89.39,1
2025-05-15,2025-05-15 14:40:00,1117.37,1117.38,1117.37,1117.38,0.0,0.08,89.39,1
2025-05-15,2025-05-15 14:50:00,1117.38,1117.4,1117.38,1117.4,0.0,0.08,89.39,1
2025-05-15,2025-05-15 15:00:00,1117.4,1117.4,1117.0,1117.4,0.0,0.08,89.39,0
2025-05-21,2025-05-21 11:00:00,1117.4,1117.4,1117.38,1117.38,-0.0,0.04,44.68,-1
2025-05-21,2025-05-21 11:10:00,1117.38,1117.38,1117.37,1117.37,-0.0,0.04,44.68,-1
2025-05-21,2025-05-21 11:20:00,1117.37,1117.37,1117.35,1117.35,-0.0,0.04,44.68,-1
2025-05-21,2025-05-21 11:30:00,1117.35,1117.35,1117.33,1117.33,-0.0,0.04,44.68,-1
2025-05-21,2025-05-21 11:40:00,1117.33,1117.33,1117.32,1117.32,-0.0,0.04,44.68,-1
2025-05-21,2025-05-21 11:50:00,1117.32,1117.32,1117.3,1117.3,-0.0,0.04,44.68,-1
2025-05-21,2025-05-21 12:00:00,1117.3,1117.3,1117.28,1117.28,-0.0,0.04,44.68,-1
2025-05-21,2025-05-21 12:10:00,1117.28,1117.28,1117.27,1117.27,-0.0,0.04,44.68,-1
2025-05-21,2025-05-21 12:20:00,1117.27,1117.27,1117.25,1117.25,-0.0,0.04,44.68,-1
2025-05-21,2025-05-21 12:30:00,1117.25,1117.25,1117.23,1117.23,-0.0,0.04,44.68,-1
2025-05-21,2025-05-21 12:40:00,1117.23,1117.23,1117.22,1117.22,-0.0,0.04,44.68,-1
2025-05-21,2025-05-21 12:50:00,1117.22,1117.22,1117.2,1117.2,-0.0,0.04,44.68,-1
2025-05-21,2025-05-21 13:00:00,1117.2,1117.4,1117.18,1117.18,-0.0,0.04,44.68,-1
2025-05-21,2025-05-21 13:10:00,1117.18,1117.18,1117.17,1117.17,-0.0,0.04,44.68,-1
2025-05-21,2025-05-21 13:20:00,1117.17,1117.17,1117.15,1117.15,-0.0,0.04,44.68,-1
2025-05-21,2025-05-21 13:30:00,1117.15,1117.15,1117.13,1117.13,-0.0,0.04,44.68,-1
2025-05-21,2025-05-21 13:40:00,1117.13,1117.13,1117.12,1117.12,-0.0,0.04,44.68,-1
2025-05-21,2025-05-21 13:50:00,1117.12,1117.12,1117.1,1117.1,-0.0,0.04,44.68,-1
2025-05-21,2025-05-21 14:00:00,1117.1,1117.1,1117.08,1117.08,-0.0,0.04,44.68,-1
2025-05-21,2025-05-21 14:10:00,1117.08,1117.08,1117.07,1117.07,-0.0,0.04,44.68,-1
2025-05-21,2025-05-21 14:20:00,1117.07,1117.07,1117.05,1117.05,-0.0,0.04,44.68,-1
2025-05-21,2025-05-21 14:30:00,1117.05,1117.05,1117.03,1117.03,-0.0,0.04,44.68,-1
2025-05-21,2025-05-21 14:40:00,1117.03,1117.03,1117.02,1117.02,-0.0,0.04,44.68,-1
2025-05-21,2025-05-21 14:50:00,1117.02,1117.02,1117.0,1117.0,-0.0,0.04,44.68,-1
2025-05-21,2025-05-21 15:00:00,1117.0,1117.4,1117.0,1117.0,0.0,0.04,44.68,0
2025-05-26,2025-05-26 11:00:00,1113.5,1113.5,1113.49,1113.49,-0.0,1.2,1336.14,-1
2025-05-26,2025-05-26 11:10:00,1113.49,1113.49,1113.47,1113.47,-0.0,1.2,1336.14,-1
2025-05-26,2025-05-26 11:20:00,1113.47,1113.47,1113.46,1113.46,-0.0,1.2,1336.14,-1
2025-05-26,2025-05-26 11:30:00,1113.46,1113.46,1113.45,1113.45,-0.0,1.2,1336.14,-1
2025-05-26,2025-05-26 11:40:00,1113.45,1113.45,1113.44,1113.44,-0.0,1.2,1336.14,-1
2025-05-26,2025-05-26 11:50:00,1113.44,1113.44,1113.42,1113.42,-0.0,1.2,1336.14,-1
2025-05-26,2025-05-26 12:00:00,1113.42,1113.42,1113.41,1113.41,-0.0,1.2,1336.14,-1
2025-05-26,2025-05-26 12:10:00,1113.41,1113.41,1113.4,1113.4,-0.0,1.2,1336.14,-1
2025-05-26,2025-05-26 12:20:00,1113.4,1113.4,1113.39,1113.39,-0.0,1.2,1336.14,-1
2025-05-26,2025-05-26 12:30:00,1113.39,1113.39,1113.38,1113.38,-0.0,1.2,1336.14,-1
2025-05-26,2025-05-26 12:40:00,1113.38,1113.38,1113.36,1113.36,-0.0,1.2,1336.14,-1
2025-05-26,2025-05-26 12:50:00,1113.36,1113.36,1113.35,1113.35,-0.0,1.2,1336.14,-1
2025-05-26,2025-05-26 13:00:00,1113.35,1113.5,1113.34,1113.34,-0.0,1.2,1336.14,-1
2025-05-26,2025-05-26 13:10:00,1113.34,1113.34,1113.33,1113.33,-0.0,1.2,1336.14,-1
2025-05-26,2025-05-26 13:20:00,1113.33,1113.33,1113.31,1113.31,-0.0,1.2,1336.14,-1
2025-05-26,2025-05-26 13:30:00,1113.31,1113.31,1113.3,1113.3,-0.0,1.2,1336.14,-1
2025-05-26,2025-05-26 13:40:00,1113.3,1113.3,1113.29,1113.29,-0.0,1.2,1336.14,-1
2025-05-26,2025-05-26 13:50:00,1113.29,1113.29,1113.28,1113.28,-0.0,1.2,1336.14,-1
2025-05-26,2025-05-26 14:00:00,1113.28,1113.28,1113.26,1113.26,-0.0,1.2,1336.14,-1
2025-05-26,2025-05-26 14:10:00,1113.26,1113.26,1113.25,1113.25,-0.0,1.2,1336.14,-1
2025-05-26,2025-05-26 14:20:00,1113.25,1113.25,1113.24,1113.24,-0.0,1.2,1336.14,-1
2025-05-26,2025-05-26 14:30:00,1113.24,1113.24,1113.23,1113.23,-0.0,1.2,1336.14,-1
2025-05-26,2025-05-26 14:40:00,1113.23,1113.23,1113.21,1113.21,-0.0,1.2,1336.14,-1
2025-05-26,2025-05-26 14:50:00,1113.21,1113.21,1113.2,1113.2,-0.0,1.2,1336.14,-1
2025-05-26,2025-05-26 15:00:00,1113.2,1113.5,1113.2,1113.2,0.0,1.2,1336.14,0
2025-05-27,2025-05-27 11:00:00,1113.2,1113.21,1113.2,1113.21,0.0,0.04,44.54,1
2025-05-27,2025-05-27 11:10:00,1113.21,1113.22,1113.21,1113.22,0.0,0.04,44.54,1
2025-05-27,2025-05-27 11:20:00,1113.22,1113.23,1113.22,1113.23,0.0,0.04,44.54,1
2025-05-27,2025-05-27 11:30:00,1113.23,1113.23,1113.23,1113.23,0.0,0.04,44.54,0
2025-05-27,2025-05-27 11:40:00,1113.23,1113.24,1113.23,1113.24,0.0,0.04,44.54,1
2025-05-27,2025-05-27 11:50:00,1113.24,1113.25,1113.24,1113.25,0.0,0.04,44.54,1
2025-05-27,2025-05-27 12:00:00,1113.25,1113.26,1113.25,1113.26,0.0,0.04,44.54,1
2025-05-27,2025-05-27 12:10:00,1113.26,1113.27,1113.26,1113.27,0.0,0.04,44.54,1
2025-05-27,2025-05-27 12:20:00,1113.27,1113.28,1113.27,1113.28,0.0,0.04,44.54,1
2025-05-27,2025-05-27 12:30:00,1113.28,1113.28,1113.28,1113.28,0.0,0.04,44.54,0
2025-05-27,2025-05-27 12:40:00,1113.28,1113.29,1113.28,1113.29,0.0,0.04,44.54,1
2025-05-27,2025-05-27 12:50:00,1113.29,1113.3,1113.29,1113.3,0.0,0.04,44.54,1
2025-05-27,2025-05-27 13:00:00,1113.3,1113.31,1113.2,1113.31,0.0,0.04,44.54,1
2025-05-27,2025-05-27 13:10:00,1113.31,1113.32,1113.31,1113.32,0.0,0.04,44.54,1
2025-05-27,2025-05-27 13:20:00,1113.32,1113.33,1113.32,1113.33,0.0,0.04,44.54,1
2025-05-27,2025-05-27 13:30:00,1113.33,1113.33,1113.33,1113.33,0.0,0.04,44.54,0
2025-05-27,2025-05-27 13:40:00,1113.33,1113.34,1113.33,1113.34,0.0,0.04,44.54,1
2025-05-27,2025-05-27 13:50:00,1113.34,1113.35,1113.34,1113.35,0.0,0.04,44.54,1
2025-05-27,2025-05-27 14:00:00,1113.35,1113.36,1113.35,1113.36,0.0,0.04,44.54,1
2025-05-27,2025-05-27 14:10:00,1113.36,1113.37,1113.36,1113.37,0.0,0.04,44.54,1
2025-05-27,2025-05-27 14:20:00,1113.37,1113.38,1113.37,1113.38,0.0,0.04,44.54,1
2025-05-27,2025-05-27 14:30:00,1113.38,1113.38,1113.38,1113.38,0.0,0.04,44.54,0
2025-05-27,2025-05-27 14:40:00,1113.38,1113.39,1113.38,1113.39,0.0,0.04,44.54,1
2025-05-27,2025-05-27 14:50:00,1113.39,1113.4,1113.39,1113.4,0.0,0.04,44.54,1
2025-05-27,2025-05-27 15:00:00,1113.4,1113.4,1113.2,1113.4,0.0,0.04,44.54,0
2025-06-15,2025-06-15 11:00:00,1109.5,1109.5,1109.29,1109.47,-0.0,1.56,1730.43,-1
2025-06-15,2025-06-15 11:10:00,1109.47,1109.47,1109.44,1109.44,-0.0,1.56,1730.43,-1
2025-06-15,2025-06-15 11:20:00,1109.44,1109.44,1109.41,1109.41,-0.0,1.56,1730.43,-1
2025-06-15,2025-06-15 11:30:00,1109.41,1109.41,1109.38,1109.38,-0.0,1.56,1730.43,-1
2025-06-15,2025-06-15 11:40:00,1109.38,1109.38,1109.35,1109.35,-0.0,1.56,1730.43,-1
2025-06-15,2025-06-15 11:50:00,1109.35,1109.35,1109.33,1109.33,-0.0,1.56,1730.43,-1
2025-06-15,2025-06-15 12:00:00,1109.33,1109.33,1109.3,1109.3,-0.0,1.56,1730.43,-1
2025-06-15,2025-06-15 12:10:00,1109.3,1109.3,1109.27,1109.27,-0.0,1.56,1730.43,-1
2025-06-15,2025-06-15 12:20:00,1109.27,1109.27,1109.24,1109.24,-0.0,1.56,1730.43,-1
2025-06-15,2025-06-15 12:30:00,1109.24,1109.24,1109.21,1109.21,-0.0,1.56,1730.43,-1
2025-06-15,2025-06-15 12:40:00,1109.21,1109.21,1109.18,1109.18,-0.0,1.56,1730.43,-1
2025-06-15,2025-06-15 12:50:00,1109.18,1109.18,1109.15,1109.15,-0.0,1.56,1730.43,-1
2025-06-15,2025-06-15 13:00:00,1109.15,1109.5,1108.8,1109.12,-0.0,1.56,1730.43,-1
2025-06-15,2025-06-15 13:10:00,1109.12,1109.12,1109.09,1109.09,-0.0,1.56,1730.43,-1
2025-06-15,2025-06-15 13:20:00,1109.09,1109.09,1109.06,1109.06,-0.0,1.56,1730.43,-1
2025-06-15,2025-06-15 13:30:00,1109.06,1109.06,1109.03,1109.03,-0.0,1.56,1730.43,-1
2025-06-15,2025-06-15 13:40:00,1109.03,1109.03,1109.0,1109.0,-0.0,1.56,1730.43,-1
2025-06-15,2025-06-15 13:50:00,1109.0,1109.0,1108.97,1108.97,-0.0,1.56,1730.43,-1
2025-06-15,2025-06-15 14:00:00,1108.97,1108.97,1108.95,1108.95,-0.0,1.56,1730.43,-1
2025-06-15,2025-06-15 14:10:00,1108.95,1108.95,1108.92,1108.92,-0.0,1.56,1730.43,-1
2025-06-15,2025-06-15 14:20:00,1108.92,1108.92,1108.89,1108.89,-0.0,1.56,1730.43,-1
2025-06-15,2025-06-15 14:30:00,1108.89,1108.89,1108.86,1108.86,-0.0,1.56,1730.43,-1
2025-06-15,2025-06-15 14:40:00,1108.86,1108.86,1108.83,1108.83,-0.0,1.56,1730.43,-1
2025-06-15,2025-06-15 14:50:00,1108.83,1108.83,1108.8,1108.8,-0.0,1.56,1730.43,-1
2025-06-15,2025-06-15 15:00:00,1108.8,1109.5,1108.8,1108.8,0.0,1.56,1730.43,0
2025-06-18,2025-06-18 11:00:00,1108.8,1109.72,1108.8,1109.72,0.08,0.48,533.11,1
2025-06-18,2025-06-18 11:10:00,1109.72,1110.64,1109.72,1110.64,0.08,0.48,533.11,1
2025-06-18,2025-06-18 11:20:00,1110.64,1111.56,1110.64,1111.56,0.08,0.48,533.11,1
2025-06-18,2025-06-18 11:30:00,1111.56,1112.48,1111.56,1112.48,0.08,0.48,533.11,1
2025-06-18,2025-06-18 11:40:00,1112.48,1113.4,1112.48,1113.4,0.08,0.48,533.11,1
2025-06-18,2025-06-18 11:50:00,1113.4,1114.33,1113.4,1114.33,0.08,0.48,533.11,1
2025-06-18,2025-06-18 12:00:00,1114.33,1115.25,1114.33,1115.25,0.08,0.48,533.11,1
2025-06-18,2025-06-18 12:10:00,1115.25,1116.17,1115.25,1116.17,0.08,0.48,533.11,1
2025-06-18,2025-06-18 12:20:00,1116.17,1117.09,1116.17,1117.09,0.08,0.48,533.11,1
2025-06-18,2025-06-18 12:30:00,1117.09,1118.01,1117.09,1118.01,0.08,0.48,533.11,1
2025-06-18,2025-06-18 12:40:00,1118.01,1118.93,1118.01,1118.93,0.08,0.48,533.11,1
2025-06-18,2025-06-18 12:50:00,1118.93,1119.85,1118.93,1119.85,0.08,0.48,533.11,1
2025-06-18,2025-06-18 13:00:00,1119.85,1120.77,1108.8,1120.77,0.08,0.48,533.11,1
2025-06-18,2025-06-18 13:10:00,1120.77,1121.69,1120.77,1121.69,0.08,0.48,533.11,1
2025-06-18,2025-06-18 13:20:00,1121.69,1122.61,1121.69,1122.61,0.08,0.48,533.11,1
2025-06-18,2025-06-18 13:30:00,1122.61,1123.53,1122.61,1123.53,0.08,0.48,533.11,1
2025-06-18,2025-06-18 13:40:00,1123.53,1124.45,1123.53,1124.45,0.08,0.48,533.11,1
2025-06-18,2025-06-18 13:50:00,1124.45,1125.38,1124.45,1125.38,0.08,0.48,533.11,1
2025-06-18,2025-06-18 14:00:00,1125.38,1126.3,1125.38,1126.3,0.08,0.48,533.11,1
2025-06-18,2025-06-18 14:10:00,1126.3,1127.22,1126.3,1127.22,0.08,0.48,533.11,1
2025-06-18,2025-06-18 14:20:00,1127.22,1128.14,1127.22,1128.14,0.08,0.48,533.11,1
2025-06-18,2025-06-18 14:30:00,1128.14,1129.06,1128.14,1129.06,0.08,0.48,533.11,1
2025-06-18,2025-06-18 14:40:00,1129.06,1129.98,1129.06,1129.98,0.08,0.48,533.11,1
2025-06-18,2025-06-18 14:50:00,1129.98,1130.9,1129.98,1130.9,0.08,0.48,533.11,1
2025-06-18,2025-06-18 15:00:00,1130.9,1130.9,1108.8,1130.9,0.0,0.48,533.11,0
2025-07-13,2025-07-13 11:00:00,1110.0,1110.0,1110.0,1110.0,0.0,1.0,1110.0,0
2025-07-13,2025-07-13 11:10:00,1110.0,1110.0,1110.0,1110.0,0.0,1.0,1110.0,0
2025-07-13,2025-07-13 11:20:00,1110.0,1110.0,1110.0,1110.0,0.0,1.0,1110.0,0
2025-07-13,2025-07-13 11:30:00,1110.0,1110.0,1110.0,1110.0,0.0,1.0,1110.0,0
2025-07-13,2025-07-13 11:40:00,1110.0,1110.0,1110.0,1110.0,0.0,1.0,1110.0,0
2025-07-13,2025-07-13 11:50:00,1110.0,1110.0,1110.0,1110.0,0.0,1.0,1110.0,0
2025-07-13,2025-07-13 12:00:00,1110.0,1110.0,1110.0,1110.0,0.0,1.0,1110.0,0
2025-07-13,2025-07-13 12:10:00,1110.0,1110.0,1110.0,1110.0,0.0,1.0,1110.0,0
2025-07-13,2025-07-13 12:20:00,1110.0,1110.0,1110.0,1110.0,0.0,1.0,1110.0,0
2025-07-13,2025-07-13 12:30:00,1110.0,1110.0,1110.0,1110.0,0.0,1.0,1110.0,0
2025-07-13,2025-07-13 12:40:00,1110.0,1110.0,1110.0,1110.0,0.0,1.0,1110.0,0
2025-07-13,2025-07-13 12:50:00,1110.0,1110.0,1110.0,1110.0,0.0,1.0,1110.0,0
2025-07-13,2025-07-13 13:00:00,1110.0,1110.0,1110.0,1110.0,0.0,1.0,1110.0,0
2025-07-13,2025-07-13 13:10:00,1110.0,1110.0,1110.0,1110.0,0.0,1.0,1110.0,0
2025-07-13,2025-07-13 13:20:00,1110.0,1110.0,1110.0,1110.0,0.0,1.0,1110.0,0
2025-07-13,2025-07-13 13:30:00,1110.0,1110.0,1110.0,1110.0,0.0,1.0,1110.0,0
2025-07-13,2025-07-13 13:40:00,1110.0,1110.0,1110.0,1110.0,0.0,1.0,1110.0,0
2025-07-13,2025-07-13 13:50:00,1110.0,1110.0,1110.0,1110.0,0.0,1.0,1110.0,0
2025-07-13,2025-07-13 14:00:00,1110.0,1110.0,1110.0,1110.0,0.0,1.0,1110.0,0
2025-07-13,2025-07-13 14:10:00,1110.0,1110.0,1110.0,1110.0,0.0,1.0,1110.0,0
2025-07-13,2025-07-13 14:20:00,1110.0,1110.0,1110.0,1110.0,0.0,1.0,1110.0,0
2025-07-13,2025-07-13 14:30:00,1110.0,1110.0,1110.0,1110.0,0.0,1.0,1110.0,0
2025-07-13,2025-07-13 14:40:00,1110.0,1110.0,1110.0,1110.0,0.0,1.0,1110.0,0
2025-07-13,2025-07-13 14:50:00,1110.0,1110.0,1110.0,1110.0,0.0,1.0,1110.0,0
2025-07-13,2025-07-13 15:00:00,1110.0,1110.0,1110.0,1110.0,0.0,1.0,1110.0,0
2025-07-15,2025-07-15 11:00:00,1109.5,1109.5,1109.5,1109.5,0.0,1.0,1109.5,0
2025-07-15,2025-07-15 11:10:00,1109.5,1109.5,1109.5,1109.5,0.0,1.0,1109.5,0
2025-07-15,2025-07-15 11:20:00,1109.5,1109.5,1109.5,1109.5,0.0,1.0,1109.5,0
2025-07-15,2025-07-15 11:30:00,1109.5,1109.5,1109.5,1109.5,0.0,1.0,1109.5,0
2025-07-15,2025-07-15 11:40:00,1109.5,1109.5,1109.5,1109.5,0.0,1.0,1109.5,0
2025-07-15,2025-07-15 11:50:00,1109.5,1109.5,1109.5,1109.5,0.0,1.0,1109.5,0
2025-07-15,2025-07-15 12:00:00,1109.5,1109.5,1109.5,1109.5,0.0,1.0,1109.5,0
2025-07-15,2025-07-15 12:10:00,1109.5,1109.5,1109.5,1109.5,0.0,1.0,1109.5,0
2025-07-15,2025-07-15 12:20:00,1109.5,1109.5,1109.5,1109.5,0.0,1.0,1109.5,0
2025-07-15,2025-07-15 12:30:00,1109.5,1109.5,1109.5,1109.5,0.0,1.0,1109.5,0
2025-07-15,2025-07-15 12:40:00,1109.5,1109.5,1109.5,1109.5,0.0,1.0,1109.5,0
2025-07-15,2025-07-15 12:50:00,1109.5,1109.5,1109.5,1109.5,0.0,1.0,1109.5,0
2025-07-15,2025-07-15 13:00:00,1109.5,1109.5,1109.5,1109.5,0.0,1.0,1109.5,0
2025-07-15,2025-07-15 13:10:00,1109.5,1109.5,1109.5,1109.5,0.0,1.0,1109.5,0
2025-07-15,2025-07-15 13:20:00,1109.5,1109.5,1109.5,1109.5,0.0,1.0,1109.5,0
2025-07-15,2025-07-15 13:30:00,1109.5,1109.5,1109.5,1109.5,0.0,1.0,1109.5,0
2025-07-15,2025-07-15 13:40:00,1109.5,1109.5,1109.5,1109.5,0.0,1.0,1109.5,0
2025-07-15,2025-07-15 13:50:00,1109.5,1109.5,1109.5,1109.5,0.0,1.0,1109.5,0
2025-07-15,2025-07-15 14:00:00,1109.5,1109.5,1109.5,1109.5,0.0,1.0,1109.5,0
2025-07-15,2025-07-15 14:10:00,1109.5,1109.5,1109.5,1109.5,0.0,1.0,1109.5,0
2025-07-15,2025-07-15 14:20:00,1109.5,1109.5,1109.5,1109.5,0.0,1.0,1109.5,0
2025-07-15,2025-07-15 14:30:00,1109.5,1109.5,1109.5,1109.5,0.0,1.0,1109.5,0
2025-07-15,2025-07-15 14:40:00,1109.5,1109.5,1109.5,1109.5,0.0,1.0,1109.5,0
2025-07-15,2025-07-15 14:50:00,1109.5,1109.5,1109.5,1109.5,0.0,1.0,1109.5,0
2025-07-15,2025-07-15 15:00:00,1109.5,1109.5,1109.5,1109.5,0.0,1.0,1109.5,0
2025-07-27,2025-07-27 11:00:00,1100.0,1100.0,1100.0,1100.0,0.0,0.6,660.0,0
2025-07-27,2025-07-27 11:10:00,1100.0,1100.0,1100.0,1100.0,0.0,0.6,660.0,0
2025-07-27,2025-07-27 11:20:00,1100.0,1100.0,1100.0,1100.0,0.0,0.6,660.0,0
2025-07-27,2025-07-27 11:30:00,1100.0,1100.0,1100.0,1100.0,0.0,0.6,660.0,0
2025-07-27,2025-07-27 11:40:00,1100.0,1100.0,1100.0,1100.0,0.0,0.6,660.0,0
2025-07-27,2025-07-27 11:50:00,1100.0,1100.0,1100.0,1100.0,0.0,0.6,660.0,0
2025-07-27,2025-07-27 12:00:00,1100.0,1100.0,1100.0,1100.0,0.0,0.6,660.0,0
2025-07-27,2025-07-27 12:10:00,1100.0,1100.0,1100.0,1100.0,0.0,0.6,660.0,0
2025-07-27,2025-07-27 12:20:00,1100.0,1100.0,1100.0,1100.0,0.0,0.6,660.0,0
2025-07-27,2025-07-27 12:30:00,1100.0,1100.0,1100.0,1100.0,0.0,0.6,660.0,0
2025-07-27,2025-07-27 12:40:00,1100.0,1100.0,1100.0,1100.0,0.0,0.6,660.0,0
2025-07-27,2025-07-27 12:50:00,1100.0,1100.0,1100.0,1100.0,0.0,0.6,660.0,0
2025-07-27,2025-07-27 13:00:00,1100.0,1100.0,1100.0,1100.0,0.0,0.6,660.0,0
2025-07-27,2025-07-27 13:10:00,1100.0,1100.0,1100.0,1100.0,0.0,0.6,660.0,0
2025-07-27,2025-07-27 13:20:00,1100.0,1100.0,1100.0,1100.0,0.0,0.6,660.0,0
2025-07-27,2025-07-27 13:30:00,1100.0,1100.0,1100.0,1100.0,0.0,0.6,660.0,0
2025-07-27,2025-07-27 13:40:00,1100.0,1100.0,1100.0,1100.0,0.0,0.6,660.0,0
2025-07-27,2025-07-27 13:50:00,1100.0,1100.0,1100.0,1100.0,0.0,0.6,660.0,0
2025-07-27,2025-07-27 14:00:00,1100.0,1100.0,1100.0,1100.0,0.0,0.6,660.0,0
2025-07-27,2025-07-27 14:10:00,1100.0,1100.0,1100.0,1100.0,0.0,0.6,660.0,0
2025-07-27,2025-07-27 14:20:00,1100.0,1100.0,1100.0,1100.0,0.0,0.6,660.0,0
2025-07-27,2025-07-27 14:30:00,1100.0,1100.0,1100.0,1100.0,0.0,0.6,660.0,0
2025-07-27,2025-07-27 14:40:00,1100.0,1100.0,1100.0,1100.0,0.0,0.6,660.0,0
2025-07-27,2025-07-27 14:50:00,1100.0,1100.0,1100.0,1100.0,0.0,0.6,660.0,0
2025-07-27,2025-07-27 15:00:00,1100.0,1100.0,1100.0,1100.0,0.0,0.6,660.0,0
2025-07-29,2025-07-29 11:00:00,1081.0,1081.0,1081.0,1081.0,0.0,0.4,432.4,0
2025-07-29,2025-07-29 11:10:00,1081.0,1081.0,1081.0,1081.0,0.0,0.4,432.4,0
2025-07-29,2025-07-29 11:20:00,1081.0,1081.0,1081.0,1081.0,0.0,0.4,432.4,0
2025-07-29,2025-07-29 11:30:00,1081.0,1081.0,1081.0,1081.0,0.0,0.4,432.4,0
2025-07-29,2025-07-29 11:40:00,1081.0,1081.0,1081.0,1081.0,0.0,0.4,432.4,0
2025-07-29,2025-07-29 11:50:00,1081.0,1081.0,1081.0,1081.0,0.0,0.4,432.4,0
2025-07-29,2025-07-29 12:00:00,1081.0,1081.0,1081.0,1081.0,0.0,0.4,432.4,0
2025-07-29,2025-07-29 12:10:00,1081.0,1081.0,1081.0,1081.0,0.0,0.4,432.4,0
2025-07-29,2025-07-29 12:20:00,1081.0,1081.0,1081.0,1081.0,0.0,0.4,432.4,0
2025-07-29,2025-07-29 12:30:00,1081.0,1081.0,1081.0,1081.0,0.0,0.4,432.4,0
2025-07-29,2025-07-29 12:40:00,1081.0,1081.0,1081.0,1081.0,0.0,0.4,432.4,0
2025-07-29,2025-07-29 12:50:00,1081.0,1081.0,1081.0,1081.0,0.0,0.4,432.4,0
2025-07-29,2025-07-29 13:00:00,1081.0,1081.0,1081.0,1081.0,0.0,0.4,432.4,0
2025-07-29,2025-07-29 13:10:00,1081.0,1081.0,1081.0,1081.0,0.0,0.4,432.4,0
2025-07-29,2025-07-29 13:20:00,1081.0,1081.0,1081.0,1081.0,0.0,0.4,432.4,0
2025-07-29,2025-07-29 13:30:00,1081.0,1081.0,1081.0,1081.0,0.0,0.4,432.4,0
2025-07-29,2025-07-29 13:40:00,1081.0,1081.0,1081.0,1081.0,0.0,0.4,432.4,0
2025-07-29,2025-07-29 13:50:00,1081.0,1081.0,1081.0,1081.0,0.0,0.4,432.4,0
2025-07-29,2025-07-29 14:00:00,1081.0,1081.0,1081.0,1081.0,0.0,0.4,432.4,0
2025-07-29,2025-07-29 14:10:00,1081.0,1081.0,1081.0,1081.0,0.0,0.4,432.4,0
2025-07-29,2025-07-29 14:20:00,1081.0,1081.0,1081.0,1081.0,0.0,0.4,432.4,0
2025-07-29,2025-07-29 14:30:00,1081.0,1081.0,1081.0,1081.0,0.0,0.4,432.4,0
2025-07-29,2025-07-29 14:40:00,1081.0,1081.0,1081.0,1081.0,0.0,0.4,432.4,0
2025-07-29,2025-07-29 14:50:00,1081.0,1081.0,1081.0,1081.0,0.0,0.4,432.4,0
2025-07-29,2025-07-29 15:00:00,1081.0,1081.0,1081.0,1081.0,0.0,0.4,432.4,0
2025-07-30,2025-07-30 11:00:00,1081.0,1081.0,1081.0,1081.0,0.0,1.0,1081.0,0
2025-07-30,2025-07-30 11:10:00,1081.0,1081.0,1081.0,1081.0,0.0,1.0,1081.0,0
2025-07-30,2025-07-30 11:20:00,1081.0,1081.0,1081.0,1081.0,0.0,1.0,1081.0,0
2025-07-30,2025-07-30 11:30:00,1081.0,1081.0,1081.0,1081.0,0.0,1.0,1081.0,0
2025-07-30,2025-07-30 11:40:00,1081.0,1081.0,1081.0,1081.0,0.0,1.0,1081.0,0
2025-07-30,2025-07-30 11:50:00,1081.0,1081.0,1081.0,1081.0,0.0,1.0,1081.0,0
2025-07-30,2025-07-30 12:00:00,1081.0,1081.0,1081.0,1081.0,0.0,1.0,1081.0,0
2025-07-30,2025-07-30 12:10:00,1081.0,1081.0,1081.0,1081.0,0.0,1.0,1081.0,0
2025-07-30,2025-07-30 12:20:00,1081.0,1081.0,1081.0,1081.0,0.0,1.0,1081.0,0
2025-07-30,2025-07-30 12:30:00,1081.0,1081.0,1081.0,1081.0,0.0,1.0,1081.0,0
2025-07-30,2025-07-30 12:40:00,1081.0,1081.0,1081.0,1081.0,0.0,1.0,1081.0,0
2025-07-30,2025-07-30 12:50:00,1081.0,1081.0,1081.0,1081.0,0.0,1.0,1081.0,0
2025-07-30,2025-07-30 13:00:00,1081.0,1081.0,1081.0,1081.0,0.0,1.0,1081.0,0
2025-07-30,2025-07-30 13:10:00,1081.0,1081.0,1081.0,1081.0,0.0,1.0,1081.0,0
2025-07-30,2025-07-30 13:20:00,1081.0,1081.0,1081.0,1081.0,0.0,1.0,1081.0,0
2025-07-30,2025-07-30 13:30:00,1081.0,1081.0,1081.0,1081.0,0.0,1.0,1081.0,0
2025-07-30,2025-07-30 13:40:00,1081.0,1081.0,1081.0,1081.0,0.0,1.0,1081.0,0
2025-07-30,2025-07-30 13:50:00,1081.0,1081.0,1081.0,1081.0,0.0,1.0,1081.0,0
2025-07-30,2025-07-30 14:00:00,1081.0,1081.0,1081.0,1081.0,0.0,1.0,1081.0,0
2025-07-30,2025-07-30 14:10:00,1081.0,1081.0,1081.0,1081.0,0.0,1.0,1081.0,0
2025-07-30,2025-07-30 14:20:00,1081.0,1081.0,1081.0,1081.0,0.0,1.0,1081.0,0
2025-07-30,2025-07-30 14:30:00,1081.0,1081.0,1081.0,1081.0,0.0,1.0,1081.0,0
2025-07-30,2025-07-30 14:40:00,1081.0,1081.0,1081.0,1081.0,0.0,1.0,1081.0,0
2025-07-30,2025-07-30 14:50:00,1081.0,1081.0,1081.0,1081.0,0.0,1.0,1081.0,0
2025-07-30,2025-07-30 15:00:00,1081.0,1081.0,1081.0,1081.0,0.0,1.0,1081.0,0
2025-08-03,2025-08-03 11:00:00,1082.1,1082.1,1082.1,1082.1,0.0,1.0,1082.1,0
2025-08-03,2025-08-03 11:10:00,1082.1,1082.1,1082.1,1082.1,0.0,1.0,1082.1,0
2025-08-03,2025-08-03 11:20:00,1082.1,1082.1,1082.1,1082.1,0.0,1.0,1082.1,0
2025-08-03,2025-08-03 11:30:00,1082.1,1082.1,1082.1,1082.1,0.0,1.0,1082.1,0
2025-08-03,2025-08-03 11:40:00,1082.1,1082.1,1082.1,1082.1,0.0,1.0,1082.1,0
2025-08-03,2025-08-03 11:50:00,1082.1,1082.1,1082.1,1082.1,0.0,1.0,1082.1,0
2025-08-03,2025-08-03 12:00:00,1082.1,1082.1,1082.1,1082.1,0.0,1.0,1082.1,0
2025-08-03,2025-08-03 12:10:00,1082.1,1082.1,1082.1,1082.1,0.0,1.0,1082.1,0
2025-08-03,2025-08-03 12:20:00,1082.1,1082.1,1082.1,1082.1,0.0,1.0,1082.1,0
2025-08-03,2025-08-03 12:30:00,1082.1,1082.1,1082.1,1082.1,0.0,1.0,1082.1,0
2025-08-03,2025-08-03 12:40:00,1082.1,1082.1,1082.1,1082.1,0.0,1.0,1082.1,0
2025-08-03,2025-08-03 12:50:00,1082.1,1082.1,1082.1,1082.1,0.0,1.0,1082.1,0
2025-08-03,2025-08-03 13:00:00,1082.1,1082.1,1082.1,1082.1,0.0,1.0,1082.1,0
2025-08-03,2025-08-03 13:10:00,1082.1,1082.1,1082.1,1082.1,0.0,1.0,1082.1,0
2025-08-03,2025-08-03 13:20:00,1082.1,1082.1,1082.1,1082.1,0.0,1.0,1082.1,0
2025-08-03,2025-08-03 13:30:00,1082.1,1082.1,1082.1,1082.1,0.0,1.0,1082.1,0
2025-08-03,2025-08-03 13:40:00,1082.1,1082.1,1082.1,1082.1,0.0,1.0,1082.1,0
2025-08-03,2025-08-03 13:50:00,1082.1,1082.1,1082.1,1082.1,0.0,1.0,1082.1,0
2025-08-03,2025-08-03 14:00:00,1082.1,1082.1,1082.1,1082.1,0.0,1.0,1082.1,0
2025-08-03,2025-08-03 14:10:00,1082.1,1082.1,1082.1,1082.1,0.0,1.0,1082.1,0
2025-08-03,2025-08-03 14:20:00,1082.1,1082.1,1082.1,1082.1,0.0,1.0,1082.1,0
2025-08-03,2025-08-03 14:30:00,1082.1,1082.1,1082.1,1082.1,0.0,1.0,1082.1,0
2025-08-03,2025-08-03 14:40:00,1082.1,1082.1,1082.1,1082.1,0.0,1.0,1082.1,0
2025-08-03,2025-08-03 14:50:00,1082.1,1082.1,1082.1,1082.1,0.0,1.0,1082.1,0
2025-08-03,2025-08-03 15:00:00,1082.1,1082.1,1082.1,1082.1,0.0,1.0,1082.1,0
2025-08-06,2025-08-06 11:00:00,1078.6,1079.92,1078.6,1078.78,0.02,5.0,5410.6,1
2025-08-06,2025-08-06 11:10:00,1078.78,1078.97,1078.78,1078.97,0.02,5.0,5410.6,1
2025-08-06,2025-08-06 11:20:00,1078.97,1079.15,1078.97,1079.15,0.02,5.0,5410.6,1
2025-08-06,2025-08-06 11:30:00,1079.15,1079.33,1079.15,1079.33,0.02,5.0,5410.6,1
2025-08-06,2025-08-06 11:40:00,1079.33,1079.52,1079.33,1079.52,0.02,5.0,5410.6,1
2025-08-06,2025-08-06 11:50:00,1079.52,1079.7,1079.52,1079.7,0.02,5.0,5410.6,1
2025-08-06,2025-08-06 12:00:00,1079.7,1079.88,1079.7,1079.88,0.02,5.0,5410.6,1
2025-08-06,2025-08-06 12:10:00,1079.88,1080.07,1079.88,1080.07,0.02,5.0,5410.6,1
2025-08-06,2025-08-06 12:20:00,1080.07,1080.25,1080.07,1080.25,0.02,5.0,5410.6,1
2025-08-06,2025-08-06 12:30:00,1080.25,1080.43,1080.25,1080.43,0.02,5.0,5410.6,1
2025-08-06,2025-08-06 12:40:00,1080.43,1080.62,1080.43,1080.62,0.02,5.0,5410.6,1
2025-08-06,2025-08-06 12:50:00,1080.62,1080.8,1080.62,1080.8,0.02,5.0,5410.6,1
2025-08-06,2025-08-06 13:00:00,1080.8,1083.0,1078.6,1080.98,0.02,5.0,5410.6,1
2025-08-06,2025-08-06 13:10:00,1080.98,1081.17,1080.98,1081.17,0.02,5.0,5410.6,1
2025-08-06,2025-08-06 13:20:00,1081.17,1081.35,1081.17,1081.35,0.02,5.0,5410.6,1
2025-08-06,2025-08-06 13:30:00,1081.35,1081.53,1081.35,1081.53,0.02,5.0,5410.6,1
2025-08-06,2025-08-06 13:40:00,1081.53,1081.72,1081.53,1081.72,0.02,5.0,5410.6,1
2025-08-06,2025-08-06 13:50:00,1081.72,1081.9,1081.72,1081.9,0.02,5.0,5410.6,1
2025-08-06,2025-08-06 14:00:00,1081.9,1082.08,1081.9,1082.08,0.02,5.0,5410.6,1
2025-08-06,2025-08-06 14:10:00,1082.08,1082.27,1082.08,1082.27,0.02,5.0,5410.6,1
2025-08-06,2025-08-06 14:20:00,1082.27,1082.45,1082.27,1082.45,0.02,5.0,5410.6,1
2025-08-06,2025-08-06 14:30:00,1082.45,1082.63,1082.45,1082.63,0.02,5.0,5410.6,1
2025-08-06,2025-08-06 14:40:00,1082.63,1082.82,1082.63,1082.82,0.02,5.0,5410.6,1
2025-08-06,2025-08-06 14:50:00,1082.82,1083.0,1082.82,1083.0,0.02,5.0,5410.6,1
2025-08-06,2025-08-06 15:00:00,1083.0,1083.0,1078.6,1083.0,0.0,5.0,5410.6,0
2025-08-14,2025-08-14 11:00:00,1083.0,1083.0,1083.0,1083.0,0.0,1.0,1083.0,0
2025-08-14,2025-08-14 11:10:00,1083.0,1083.0,1083.0,1083.0,0.0,1.0,1083.0,0
2025-08-14,2025-08-14 11:20:00,1083.0,1083.0,1083.0,1083.0,0.0,1.0,1083.0,0
2025-08-14,2025-08-14 11:30:00,1083.0,1083.0,1083.0,1083.0,0.0,1.0,1083.0,0
2025-08-14,2025-08-14 11:40:00,1083.0,1083.0,1083.0,1083.0,0.0,1.0,1083.0,0
2025-08-14,2025-08-14 11:50:00,1083.0,1083.0,1083.0,1083.0,0.0,1.0,1083.0,0
2025-08-14,2025-08-14 12:00:00,1083.0,1083.0,1083.0,1083.0,0.0,1.0,1083.0,0
2025-08-14,2025-08-14 12:10:00,1083.0,1083.0,1083.0,1083.0,0.0,1.0,1083.0,0
2025-08-14,2025-08-14 12:20:00,1083.0,1083.0,1083.0,1083.0,0.0,1.0,1083.0,0
2025-08-14,2025-08-14 12:30:00,1083.0,1083.0,1083.0,1083.0,0.0,1.0,1083.0,0
2025-08-14,2025-08-14 12:40:00,1083.0,1083.0,1083.0,1083.0,0.0,1.0,1083.0,0
2025-08-14,2025-08-14 12:50:00,1083.0,1083.0,1083.0,1083.0,0.0,1.0,1083.0,0
2025-08-14,2025-08-14 13:00:00,1083.0,1083.0,1083.0,1083.0,0.0,1.0,1083.0,0
2025-08-14,2025-08-14 13:10:00,1083.0,1083.0,1083.0,1083.0,0.0,1.0,1083.0,0
2025-08-14,2025-08-14 13:20:00,1083.0,1083.0,1083.0,1083.0,0.0,1.0,1083.0,0
2025-08-14,2025-08-14 13:30:00,1083.0,1083.0,1083.0,1083.0,0.0,1.0,1083.0,0
2025-08-14,2025-08-14 13:40:00,1083.0,1083.0,1083.0,1083.0,0.0,1.0,1083.0,0
2025-08-14,2025-08-14 13:50:00,1083.0,1083.0,1083.0,1083.0,0.0,1.0,1083.0,0
2025-08-14,2025-08-14 14:00:00,1083.0,1083.0,1083.0,1083.0,0.0,1.0,1083.0,0
2025-08-14,2025-08-14 14:10:00,1083.0,1083.0,1083.0,1083.0,0.0,1.0,1083.0,0
2025-08-14,2025-08-14 14:20:00,1083.0,1083.0,1083.0,1083.0,0.0,1.0,1083.0,0
2025-08-14,2025-08-14 14:30:00,1083.0,1083.0,1083.0,1083.0,0.0,1.0,1083.0,0
2025-08-14,2025-08-14 14:40:00,1083.0,1083.0,1083.0,1083.0,0.0,1.0,1083.0,0
2025-08-14,2025-08-14 14:50:00,1083.0,1083.0,1083.0,1083.0,0.0,1.0,1083.0,0
2025-08-14,2025-08-14 15:00:00,1083.0,1083.0,1083.0,1083.0,0.0,1.0,1083.0,0
2025-08-20,2025-08-20 11:00:00,1083.3,1083.3,1083.3,1083.3,0.0,1.0,1083.3,0
2025-08-20,2025-08-20 11:10:00,1083.3,1083.3,1083.3,1083.3,0.0,1.0,1083.3,0
2025-08-20,2025-08-20 11:20:00,1083.3,1083.3,1083.3,1083.3,0.0,1.0,1083.3,0
2025-08-20,2025-08-20 11:30:00,1083.3,1083.3,1083.3,1083.3,0.0,1.0,1083.3,0
2025-08-20,2025-08-20 11:40:00,1083.3,1083.3,1083.3,1083.3,0.0,1.0,1083.3,0
2025-08-20,2025-08-20 11:50:00,1083.3,1083.3,1083.3,1083.3,0.0,1.0,1083.3,0
2025-08-20,2025-08-20 12:00:00,1083.3,1083.3,1083.3,1083.3,0.0,1.0,1083.3,0
2025-08-20,2025-08-20 12:10:00,1083.3,1083.3,1083.3,1083.3,0.0,1.0,1083.3,0
2025-08-20,2025-08-20 12:20:00,1083.3,1083.3,1083.3,1083.3,0.0,1.0,1083.3,0
2025-08-20,2025-08-20 12:30:00,1083.3,1083.3,1083.3,1083.3,0.0,1.0,1083.3,0
2025-08-20,2025-08-20 12:40:00,1083.3,1083.3,1083.3,1083.3,0.0,1.0,1083.3,0
2025-08-20,2025-08-20 12:50:00,1083.3,1083.3,1083.3,1083.3,0.0,1.0,1083.3,0
2025-08-20,2025-08-20 13:00:00,1083.3,1083.3,1083.3,1083.3,0.0,1.0,1083.3,0
2025-08-20,2025-08-20 13:10:00,1083.3,1083.3,1083.3,1083.3,0.0,1.0,1083.3,0
2025-08-20,2025-08-20 13:20:00,1083.3,1083.3,1083.3,1083.3,0.0,1.0,1083.3,0
2025-08-20,2025-08-20 13:30:00,1083.3,1083.3,1083.3,1083.3,0.0,1.0,1083.3,0
2025-08-20,2025-08-20 13:40:00,1083.3,1083.3,1083.3,1083.3,0.0,1.0,1083.3,0
2025-08-20,2025-08-20 13:50:00,1083.3,1083.3,1083.3,1083.3,0.0,1.0,1083.3,0
2025-08-20,2025-08-20 14:00:00,1083.3,1083.3,1083.3,1083.3,0.0,1.0,1083.3,0
2025-08-20,2025-08-20 14:10:00,1083.3,1083.3,1083.3,1083.3,0.0,1.0,1083.3,0
2025-08-20,2025-08-20 14:20:00,1083.3,1083.3,1083.3,1083.3,0.0,1.0,1083.3,0
2025-08-20,2025-08-20 14:30:00,1083.3,1083.3,1083.3,1083.3,0.0,1.0,1083.3,0
2025-08-20,2025-08-20 14:40:00,1083.3,1083.3,1083.3,1083.3,0.0,1.0,1083.3,0
2025-08-20,2025-08-20 14:50:00,1083.3,1083.3,1083.3,1083.3,0.0,1.0,1083.3,0
2025-08-20,2025-08-20 15:00:00,1083.3,1083.3,1083.3,1083.3,0.0,1.0,1083.3,0
2025-08-21,2025-08-21 11:00:00,1095.0,1095.0,1095.0,1095.0,0.0,1.0,1095.0,0
2025-08-21,2025-08-21 11:10:00,1095.0,1095.0,1095.0,1095.0,0.0,1.0,1095.0,0
2025-08-21,2025-08-21 11:20:00,1095.0,1095.0,1095.0,1095.0,0.0,1.0,1095.0,0
2025-08-21,2025-08-21 11:30:00,1095.0,1095.0,1095.0,1095.0,0.0,1.0,1095.0,0
2025-08-21,2025-08-21 11:40:00,1095.0,1095.0,1095.0,1095.0,0.0,1.0,1095.0,0
2025-08-21,2025-08-21 11:50:00,1095.0,1095.0,1095.0,1095.0,0.0,1.0,1095.0,0
2025-08-21,2025-08-21 12:00:00,1095.0,1095.0,1095.0,1095.0,0.0,1.0,1095.0,0
2025-08-21,2025-08-21 12:10:00,1095.0,1095.0,1095.0,1095.0,0.0,1.0,1095.0,0
2025-08-21,2025-08-21 12:20:00,1095.0,1095.0,1095.0,1095.0,0.0,1.0,1095.0,0
2025-08-21,2025-08-21 12:30:00,1095.0,1095.0,1095.0,1095.0,0.0,1.0,1095.0,0
2025-08-21,2025-08-21 12:40:00,1095.0,1095.0,1095.0,1095.0,0.0,1.0,1095.0,0
2025-08-21,2025-08-21 12:50:00,1095.0,1095.0,1095.0,1095.0,0.0,1.0,1095.0,0
2025-08-21,2025-08-21 13:00:00,1095.0,1095.0,1095.0,1095.0,0.0,1.0,1095.0,0
2025-08-21,2025-08-21 13:10:00,1095.0,1095.0,1095.0,1095.0,0.0,1.0,1095.0,0
2025-08-21,2025-08-21 13:20:00,1095.0,1095.0,1095.0,1095.0,0.0,1.0,1095.0,0
2025-08-21,2025-08-21 13:30:00,1095.0,1095.0,1095.0,1095.0,0.0,1.0,1095.0,0
2025-08-21,2025-08-21 13:40:00,1095.0,1095.0,1095.0,1095.0,0.0,1.0,1095.0,0
2025-08-21,2025-08-21 13:50:00,1095.0,1095.0,1095.0,1095.0,0.0,1.0,1095.0,0
2025-08-21,2025-08-21 14:00:00,1095.0,1095.0,1095.0,1095.0,0.0,1.0,1095.0,0
2025-08-21,2025-08-21 14:10:00,1095.0,1095.0,1095.0,1095.0,0.0,1.0,1095.0,0
2025-08-21,2025-08-21 14:20:00,1095.0,1095.0,1095.0,1095.0,0.0,1.0,1095.0,0
2025-08-21,2025-08-21 14:30:00,1095.0,1095.0,1095.0,1095.0,0.0,1.0,1095.0,0
2025-08-21,2025-08-21 14:40:00,1095.0,1095.0,1095.0,1095.0,0.0,1.0,1095.0,0
2025-08-21,2025-08-21 14:50:00,1095.0,1095.0,1095.0,1095.0,0.0,1.0,1095.0,0
2025-08-21,2025-08-21 15:00:00,1095.0,1095.0,1095.0,1095.0,0.0,1.0,1095.0,0
2025-09-21,2025-09-21 11:00:00,1116.0,1116.0,1116.0,1116.0,0.0,3.0,3348.0,0
2025-09-21,2025-09-21 11:10:00,1116.0,1116.0,1116.0,1116.0,0.0,3.0,3348.0,0
2025-09-21,2025-09-21 11:20:00,1116.0,1116.0,1116.0,1116.0,0.0,3.0,3348.0,0
2025-09-21,2025-09-21 11:30:00,1116.0,1116.0,1116.0,1116.0,0.0,3.0,3348.0,0
2025-09-21,2025-09-21 11:40:00,1116.0,1116.0,1116.0,1116.0,0.0,3.0,3348.0,0
2025-09-21,2025-09-21 11:50:00,1116.0,1116.0,1116.0,1116.0,0.0,3.0,3348.0,0
2025-09-21,2025-09-21 12:00:00,1116.0,1116.0,1116.0,1116.0,0.0,3.0,3348.0,0
2025-09-21,2025-09-21 12:10:00,1116.0,1116.0,1116.0,1116.0,0.0,3.0,3348.0,0
2025-09-21,2025-09-21 12:20:00,1116.0,1116.0,1116.0,1116.0,0.0,3.0,3348.0,0
2025-09-21,2025-09-21 12:30:00,1116.0,1116.0,1116.0,1116.0,0.0,3.0,3348.0,0
2025-09-21,2025-09-21 12:40:00,1116.0,1116.0,1116.0,1116.0,0.0,3.0,3348.0,0
2025-09-21,2025-09-21 12:50:00,1116.0,1116.0,1116.0,1116.0,0.0,3.0,3348.0,0
2025-09-21,2025-09-21 13:00:00,1116.0,1116.0,1116.0,1116.0,0.0,3.0,3348.0,0
2025-09-21,2025-09-21 13:10:00,1116.0,1116.0,1116.0,1116.0,0.0,3.0,3348.0,0
2025-09-21,2025-09-21 13:20:00,1116.0,1116.0,1116.0,1116.0,0.0,3.0,3348.0,0
2025-09-21,2025-09-21 13:30:00,1116.0,1116.0,1116.0,1116.0,0.0,3.0,3348.0,0
2025-09-21,2025-09-21 13:40:00,1116.0,1116.0,1116.0,1116.0,0.0,3.0,3348.0,0
2025-09-21,2025-09-21 13:50:00,1116.0,1116.0,1116.0,1116.0,0.0,3.0,3348.0,0
2025-09-21,2025-09-21 14:00:00,1116.0,1116.0,1116.0,1116.0,0.0,3.0,3348.0,0
2025-09-21,2025-09-21 14:10:00,1116.0,1116.0,1116.0,1116.0,0.0,3.0,3348.0,0
2025-09-21,2025-09-21 14:20:00,1116.0,1116.0,1116.0,1116.0,0.0,3.0,3348.0,0
2025-09-21,2025-09-21 14:30:00,1116.0,1116.0,1116.0,1116.0,0.0,3.0,3348.0,0
2025-09-21,2025-09-21 14:40:00,1116.0,1116.0,1116.0,1116.0,0.0,3.0,3348.0,0
2025-09-21,2025-09-21 14:50:00,1116.0,1116.0,1116.0,1116.0,0.0,3.0,3348.0,0
2025-09-21,2025-09-21 15:00:00,1116.0,1116.0,1116.0,1116.0,0.0,3.0,3348.0,0
2025-09-24,2025-09-24 11:00:00,1138.3,1149.31,1138.3,1139.83,0.13,1.6,1845.04,1
2025-09-24,2025-09-24 11:10:00,1139.83,1141.36,1139.83,1141.36,0.13,1.6,1845.04,1
2025-09-24,2025-09-24 11:20:00,1141.36,1142.89,1141.36,1142.89,0.13,1.6,1845.04,1
2025-09-24,2025-09-24 11:30:00,1142.89,1144.42,1142.89,1144.42,0.13,1.6,1845.04,1
2025-09-24,2025-09-24 11:40:00,1144.42,1145.95,1144.42,1145.95,0.13,1.6,1845.04,1
2025-09-24,2025-09-24 11:50:00,1145.95,1147.47,1145.95,1147.47,0.13,1.6,1845.04,1
2025-09-24,2025-09-24 12:00:00,1147.47,1149.0,1147.47,1149.0,0.13,1.6,1845.04,1
2025-09-24,2025-09-24 12:10:00,1149.0,1150.53,1149.0,1150.53,0.13,1.6,1845.04,1
2025-09-24,2025-09-24 12:20:00,1150.53,1152.06,1150.53,1152.06,0.13,1.6,1845.04,1
2025-09-24,2025-09-24 12:30:00,1152.06,1153.59,1152.06,1153.59,0.13,1.6,1845.04,1
2025-09-24,2025-09-24 12:40:00,1153.59,1155.12,1153.59,1155.12,0.13,1.6,1845.04,1
2025-09-24,2025-09-24 12:50:00,1155.12,1156.65,1155.12,1156.65,0.13,1.6,1845.04,1
2025-09-24,2025-09-24 13:00:00,1156.65,1175.0,1138.3,1158.18,0.13,1.6,1845.04,1
2025-09-24,2025-09-24 13:10:00,1158.18,1159.71,1158.18,1159.71,0.13,1.6,1845.04,1
2025-09-24,2025-09-24 13:20:00,1159.71,1161.24,1159.71,1161.24,0.13,1.6,1845.04,1
2025-09-24,2025-09-24 13:30:00,1161.24,1162.77,1161.24,1162.77,0.13,1.6,1845.04,1
2025-09-24,2025-09-24 13:40:00,1162.77,1164.3,1162.77,1164.3,0.13,1.6,1845.04,1
2025-09-24,2025-09-24 13:50:00,1164.3,1165.83,1164.3,1165.83,0.13,1.6,1845.04,1
2025-09-24,2025-09-24 14:00:00,1165.83,1167.35,1165.83,1167.35,0.13,1.6,1845.04,1
2025-09-24,2025-09-24 14:10:00,1167.35,1168.88,1167.35,1168.88,0.13,1.6,1845.04,1
2025-09-24,2025-09-24 14:20:00,1168.88,1170.41,1168.88,1170.41,0.13,1.6,1845.04,1
2025-09-24,2025-09-24 14:30:00,1170.41,1171.94,1170.41,1171.94,0.13,1.6,1845.04,1
2025-09-24,2025-09-24 14:40:00,1171.94,1173.47,1171.94,1173.47,0.13,1.6,1845.04,1
2025-09-24,2025-09-24 14:50:00,1173.47,1175.0,1173.47,1175.0,0.13,1.6,1845.04,1
2025-09-24,2025-09-24 15:00:00,1175.0,1175.0,1138.3,1175.0,0.0,1.6,1845.04,0
2025-10-08,2025-10-08 11:00:00,1175.0,1175.0,1167.92,1174.02,-0.08,0.6,695.52,-1
2025-10-08,2025-10-08 11:10:00,1174.02,1174.02,1173.03,1173.03,-0.08,0.6,695.52,-1
2025-10-08,2025-10-08 11:20:00,1173.03,1173.03,1172.05,1172.05,-0.08,0.6,695.52,-1
2025-10-08,2025-10-08 11:30:00,1172.05,1172.05,1171.07,1171.07,-0.08,0.6,695.52,-1
2025-10-08,2025-10-08 11:40:00,1171.07,1171.07,1170.08,1170.08,-0.08,0.6,695.52,-1
2025-10-08,2025-10-08 11:50:00,1170.08,1170.08,1169.1,1169.1,-0.08,0.6,695.52,-1
2025-10-08,2025-10-08 12:00:00,1169.1,1169.1,1168.12,1168.12,-0.08,0.6,695.52,-1
2025-10-08,2025-10-08 12:10:00,1168.12,1168.12,1167.13,1167.13,-0.08,0.6,695.52,-1
2025-10-08,2025-10-08 12:20:00,1167.13,1167.13,1166.15,1166.15,-0.08,0.6,695.52,-1
2025-10-08,2025-10-08 12:30:00,1166.15,1166.15,1165.17,1165.17,-0.08,0.6,695.52,-1
2025-10-08,2025-10-08 12:40:00,1165.17,1165.17,1164.18,1164.18,-0.08,0.6,695.52,-1
2025-10-08,2025-10-08 12:50:00,1164.18,1164.18,1163.2,1163.2,-0.08,0.6,695.52,-1
2025-10-08,2025-10-08 13:00:00,1163.2,1175.0,1151.4,1162.22,-0.08,0.6,695.52,-1
2025-10-08,2025-10-08 13:10:00,1162.22,1162.22,1161.23,1161.23,-0.09,0.6,695.52,-1
2025-10-08,2025-10-08 13:20:00,1161.23,1161.23,1160.25,1160.25,-0.08,0.6,695.52,-1
2025-10-08,2025-10-08 13:30:00,1160.25,1160.25,1159.27,1159.27,-0.08,0.6,695.52,-1
2025-10-08,2025-10-08 13:40:00,1159.27,1159.27,1158.28,1158.28,-0.09,0.6,695.52,-1
2025-10-08,2025-10-08 13:50:00,1158.28,1158.28,1157.3,1157.3,-0.08,0.6,695.52,-1
2025-10-08,2025-10-08 14:00:00,1157.3,1157.3,1156.32,1156.32,-0.08,0.6,695.52,-1
2025-10-08,2025-10-08 14:10:00,1156.32,1156.32,1155.33,1155.33,-0.09,0.6,695.52,-1
2025-10-08,2025-10-08 14:20:00,1155.33,1155.33,1154.35,1154.35,-0.08,0.6,695.52,-1
2025-10-08,2025-10-08 14:30:00,1154.35,1154.35,1153.37,1153.37,-0.08,0.6,695.52,-1
2025-10-08,2025-10-08 14:40:00,1153.37,1153.37,1152.38,1152.38,-0.09,0.6,695.52,-1
2025-10-08,2025-10-08 14:50:00,1152.38,1152.38,1151.4,1151.4,-0.09,0.6,695.52,-1
2025-10-08,2025-10-08 15:00:00,1151.4,1175.0,1151.4,1151.4,0.0,0.6,695.52,0
2025-10-16,2025-10-16 11:00:00,1130.0,1130.6,1130.0,1130.08,0.01,2.4,2716.0,1
2025-10-16,2025-10-16 11:10:00,1130.08,1130.17,1130.08,1130.17,0.01,2.4,2716.0,1
2025-10-16,2025-10-16 11:20:00,1130.17,1130.25,1130.17,1130.25,0.01,2.4,2716.0,1
2025-10-16,2025-10-16 11:30:00,1130.25,1130.33,1130.25,1130.33,0.01,2.4,2716.0,1
2025-10-16,2025-10-16 11:40:00,1130.33,1130.42,1130.33,1130.42,0.01,2.4,2716.0,1
2025-10-16,2025-10-16 11:50:00,1130.42,1130.5,1130.42,1130.5,0.01,2.4,2716.0,1
2025-10-16,2025-10-16 12:00:00,1130.5,1130.58,1130.5,1130.58,0.01,2.4,2716.0,1
2025-10-16,2025-10-16 12:10:00,1130.58,1130.67,1130.58,1130.67,0.01,2.4,2716.0,1
2025-10-16,2025-10-16 12:20:00,1130.67,1130.75,1130.67,1130.75,0.01,2.4,2716.0,1
2025-10-16,2025-10-16 12:30:00,1130.75,1130.83,1130.75,1130.83,0.01,2.4,2716.0,1
2025-10-16,2025-10-16 12:40:00,1130.83,1130.92,1130.83,1130.92,0.01,2.4,2716.0,1
2025-10-16,2025-10-16 12:50:00,1130.92,1131.0,1130.92,1131.0,0.01,2.4,2716.0,1
2025-10-16,2025-10-16 13:00:00,1131.0,1132.0,1130.0,1131.08,0.01,2.4,2716.0,1
2025-10-16,2025-10-16 13:10:00,1131.08,1131.17,1131.08,1131.17,0.01,2.4,2716.0,1
2025-10-16,2025-10-16 13:20:00,1131.17,1131.25,1131.17,1131.25,0.01,2.4,2716.0,1
2025-10-16,2025-10-16 13:30:00,1131.25,1131.33,1131.25,1131.33,0.01,2.4,2716.0,1
2025-10-16,2025-10-16 13:40:00,1131.33,1131.42,1131.33,1131.42,0.01,2.4,2716.0,1
2025-10-16,2025-10-16 13:50:00,1131.42,1131.5,1131.42,1131.5,0.01,2.4,2716.0,1
2025-10-16,2025-10-16 14:00:00,1131.5,1131.58,1131.5,1131.58,0.01,2.4,2716.0,1
2025-10-16,2025-10-16 14:10:00,1131.58,1131.67,1131.58,1131.67,0.01,2.4,2716.0,1
2025-10-16,2025-10-16 14:20:00,1131.67,1131.75,1131.67,1131.75,0.01,2.4,2716.0,1
2025-10-16,2025-10-16 14:30:00,1131.75,1131.83,1131.75,1131.83,0.01,2.4,2716.0,1
2025-10-16,2025-10-16 14:40:00,1131.83,1131.92,1131.83,1131.92,0.01,2.4,2716.0,1
2025-10-16,2025-10-16 14:50:00,1131.92,1132.0,1131.92,1132.0,0.01,2.4,2716.0,1
2025-10-16,2025-10-16 15:00:00,1132.0,1132.0,1130.0,1132.0,0.0,2.4,2716.0,0
2025-10-30,2025-10-30 11:00:00,1121.1,1121.1,1121.1,1121.1,0.0,0.4,448.44,0
2025-10-30,2025-10-30 11:10:00,1121.1,1121.1,1121.1,1121.1,0.0,0.4,448.44,0
2025-10-30,2025-10-30 11:20:00,1121.1,1121.1,1121.1,1121.1,0.0,0.4,448.44,0
2025-10-30,2025-10-30 11:30:00,1121.1,1121.1,1121.1,1121.1,0.0,0.4,448.44,0
2025-10-30,2025-10-30 11:40:00,1121.1,1121.1,1121.1,1121.1,0.0,0.4,448.44,0
2025-10-30,2025-10-30 11:50:00,1121.1,1121.1,1121.1,1121.1,0.0,0.4,448.44,0
2025-10-30,2025-10-30 12:00:00,1121.1,1121.1,1121.1,1121.1,0.0,0.4,448.44,0
2025-10-30,2025-10-30 12:10:00,1121.1,1121.1,1121.1,1121.1,0.0,0.4,448.44,0
2025-10-30,2025-10-30 12:20:00,1121.1,1121.1,1121.1,1121.1,0.0,0.4,448.44,0
2025-10-30,2025-10-30 12:30:00,1121.1,1121.1,1121.1,1121.1,0.0,0.4,448.44,0
2025-10-30,2025-10-30 12:40:00,1121.1,1121.1,1121.1,1121.1,0.0,0.4,448.44,0
2025-10-30,2025-10-30 12:50:00,1121.1,1121.1,1121.1,1121.1,0.0,0.4,448.44,0
2025-10-30,2025-10-30 13:00:00,1121.1,1121.1,1121.1,1121.1,0.0,0.4,448.44,0
2025-10-30,2025-10-30 13:10:00,1121.1,1121.1,1121.1,1121.1,0.0,0.4,448.44,0
2025-10-30,2025-10-30 13:20:00,1121.1,1121.1,1121.1,1121.1,0.0,0.4,448.44,0
2025-10-30,2025-10-30 13:30:00,1121.1,1121.1,1121.1,1121.1,0.0,0.4,448.44,0
2025-10-30,2025-10-30 13:40:00,1121.1,1121.1,1121.1,1121.1,0.0,0.4,448.44,0
2025-10-30,2025-10-30 13:50:00,1121.1,1121.1,1121.1,1121.1,0.0,0.4,448.44,0
2025-10-30,2025-10-30 14:00:00,1121.1,1121.1,1121.1,1121.1,0.0,0.4,448.44,0
2025-10-30,2025-10-30 14:10:00,1121.1,1121.1,1121.1,1121.1,0.0,0.4,448.44,0
2025-10-30,2025-10-30 14:20:00,1121.1,1121.1,1121.1,1121.1,0.0,0.4,448.44,0
2025-10-30,2025-10-30 14:30:00,1121.1,1121.1,1121.1,1121.1,0.0,0.4,448.44,0
2025-10-30,2025-10-30 14:40:00,1121.1,1121.1,1121.1,1121.1,0.0,0.4,448.44,0
2025-10-30,2025-10-30 14:50:00,1121.1,1121.1,1121.1,1121.1,0.0,0.4,448.44,0
2025-10-30,2025-10-30 15:00:00,1121.1,1121.1,1121.1,1121.1,0.0,0.4,448.44,0
2025-11-02,2025-11-02 11:00:00,1130.0,1130.0,1130.0,1130.0,0.0,0.6,678.0,0
2025-11-02,2025-11-02 11:10:00,1130.0,1130.0,1130.0,1130.0,0.0,0.6,678.0,0
2025-11-02,2025-11-02 11:20:00,1130.0,1130.0,1130.0,1130.0,0.0,0.6,678.0,0
2025-11-02,2025-11-02 11:30:00,1130.0,1130.0,1130.0,1130.0,0.0,0.6,678.0,0
2025-11-02,2025-11-02 11:40:00,1130.0,1130.0,1130.0,1130.0,0.0,0.6,678.0,0
2025-11-02,2025-11-02 11:50:00,1130.0,1130.0,1130.0,1130.0,0.0,0.6,678.0,0
2025-11-02,2025-11-02 12:00:00,1130.0,1130.0,1130.0,1130.0,0.0,0.6,678.0,0
2025-11-02,2025-11-02 12:10:00,1130.0,1130.0,1130.0,1130.0,0.0,0.6,678.0,0
2025-11-02,2025-11-02 12:20:00,1130.0,1130.0,1130.0,1130.0,0.0,0.6,678.0,0
2025-11-02,2025-11-02 12:30:00,1130.0,1130.0,1130.0,1130.0,0.0,0.6,678.0,0
2025-11-02,2025-11-02 12:40:00,1130.0,1130.0,1130.0,1130.0,0.0,0.6,678.0,0
2025-11-02,2025-11-02 12:50:00,1130.0,1130.0,1130.0,1130.0,0.0,0.6,678.0,0
2025-11-02,2025-11-02 13:00:00,1130.0,1130.0,1130.0,1130.0,0.0,0.6,678.0,0
2025-11-02,2025-11-02 13:10:00,1130.0,1130.0,1130.0,1130.0,0.0,0.6,678.0,0
2025-11-02,2025-11-02 13:20:00,1130.0,1130.0,1130.0,1130.0,0.0,0.6,678.0,0
2025-11-02,2025-11-02 13:30:00,1130.0,1130.0,1130.0,1130.0,0.0,0.6,678.0,0
2025-11-02,2025-11-02 13:40:00,1130.0,1130.0,1130.0,1130.0,0.0,0.6,678.0,0
2025-11-02,2025-11-02 13:50:00,1130.0,1130.0,1130.0,1130.0,0.0,0.6,678.0,0
2025-11-02,2025-11-02 14:00:00,1130.0,1130.0,1130.0,1130.0,0.0,0.6,678.0,0
2025-11-02,2025-11-02 14:10:00,1130.0,1130.0,1130.0,1130.0,0.0,0.6,678.0,0
2025-11-02,2025-11-02 14:20:00,1130.0,1130.0,1130.0,1130.0,0.0,0.6,678.0,0
2025-11-02,2025-11-02 14:30:00,1130.0,1130.0,1130.0,1130.0,0.0,0.6,678.0,0
2025-11-02,2025-11-02 14:40:00,1130.0,1130.0,1130.0,1130.0,0.0,0.6,678.0,0
2025-11-02,2025-11-02 14:50:00,1130.0,1130.0,1130.0,1130.0,0.0,0.6,678.0,0
2025-11-02,2025-11-02 15:00:00,1130.0,1130.0,1130.0,1130.0,0.0,0.6,678.0,0
2025-11-03,2025-11-03 11:00:00,1130.0,1141.1,1130.0,1131.54,0.14,4.8,5600.98,1
2025-11-03,2025-11-03 11:10:00,1131.54,1133.08,1131.54,1133.08,0.14,4.8,5600.98,1
2025-11-03,2025-11-03 11:20:00,1133.08,1134.62,1133.08,1134.62,0.14,4.8,5600.98,1
2025-11-03,2025-11-03 11:30:00,1134.62,1136.17,1134.62,1136.17,0.14,4.8,5600.98,1
2025-11-03,2025-11-03 11:40:00,1136.17,1137.71,1136.17,1137.71,0.14,4.8,5600.98,1
2025-11-03,2025-11-03 11:50:00,1137.71,1139.25,1137.71,1139.25,0.14,4.8,5600.98,1
2025-11-03,2025-11-03 12:00:00,1139.25,1140.79,1139.25,1140.79,0.14,4.8,5600.98,1
2025-11-03,2025-11-03 12:10:00,1140.79,1142.33,1140.79,1142.33,0.13,4.8,5600.98,1
2025-11-03,2025-11-03 12:20:00,1142.33,1143.88,1142.33,1143.88,0.14,4.8,5600.98,1
2025-11-03,2025-11-03 12:30:00,1143.88,1145.42,1143.88,1145.42,0.13,4.8,5600.98,1
2025-11-03,2025-11-03 12:40:00,1145.42,1146.96,1145.42,1146.96,0.13,4.8,5600.98,1
2025-11-03,2025-11-03 12:50:00,1146.96,1148.5,1146.96,1148.5,0.13,4.8,5600.98,1
2025-11-03,2025-11-03 13:00:00,1148.5,1167.0,1130.0,1150.04,0.13,4.8,5600.98,1
2025-11-03,2025-11-03 13:10:00,1150.04,1151.58,1150.04,1151.58,0.13,4.8,5600.98,1
2025-11-03,2025-11-03 13:20:00,1151.58,1153.12,1151.58,1153.12,0.13,4.8,5600.98,1
2025-11-03,2025-11-03 13:30:00,1153.12,1154.67,1153.12,1154.67,0.13,4.8,5600.98,1
2025-11-03,2025-11-03 13:40:00,1154.67,1156.21,1154.67,1156.21,0.13,4.8,5600.98,1
2025-11-03,2025-11-03 13:50:00,1156.21,1157.75,1156.21,1157.75,0.13,4.8,5600.98,1
2025-11-03,2025-11-03 14:00:00,1157.75,1159.29,1157.75,1159.29,0.13,4.8,5600.98,1
2025-11-03,2025-11-03 14:10:00,1159.29,1160.83,1159.29,1160.83,0.13,4.8,5600.98,1
2025-11-03,2025-11-03 14:20:00,1160.83,1162.38,1160.83,1162.38,0.13,4.8,5600.98,1
2025-11-03,2025-11-03 14:30:00,1162.38,1163.92,1162.38,1163.92,0.13,4.8,5600.98,1
2025-11-03,2025-11-03 14:40:00,1163.92,1165.46,1163.92,1165.46,0.13,4.8,5600.98,1
2025-11-03,2025-11-03 14:50:00,1165.46,1167.0,1165.46,1167.0,0.13,4.8,5600.98,1
2025-11-03,2025-11-03 15:00:00,1167.0,1167.0,1130.0,1167.0,0.0,4.8,5600.98,0
2025-11-04,2025-11-04 11:00:00,1170.0,1170.0,1170.0,1170.0,0.0,3.4,3978.0,0
2025-11-04,2025-11-04 11:10:00,1170.0,1170.0,1170.0,1170.0,0.0,3.4,3978.0,0
2025-11-04,2025-11-04 11:20:00,1170.0,1170.0,1170.0,1170.0,0.0,3.4,3978.0,0
2025-11-04,2025-11-04 11:30:00,1170.0,1170.0,1170.0,1170.0,0.0,3.4,3978.0,0
2025-11-04,2025-11-04 11:40:00,1170.0,1170.0,1170.0,1170.0,0.0,3.4,3978.0,0
2025-11-04,2025-11-04 11:50:00,1170.0,1170.0,1170.0,1170.0,0.0,3.4,3978.0,0
2025-11-04,2025-11-04 12:00:00,1170.0,1170.0,1170.0,1170.0,0.0,3.4,3978.0,0
2025-11-04,2025-11-04 12:10:00,1170.0,1170.0,1170.0,1170.0,0.0,3.4,3978.0,0
2025-11-04,2025-11-04 12:20:00,1170.0,1170.0,1170.0,1170.0,0.0,3.4,3978.0,0
2025-11-04,2025-11-04 12:30:00,1170.0,1170.0,1170.0,1170.0,0.0,3.4,3978.0,0
2025-11-04,2025-11-04 12:40:00,1170.0,1170.0,1170.0,1170.0,0.0,3.4,3978.0,0
2025-11-04,2025-11-04 12:50:00,1170.0,1170.0,1170.0,1170.0,0.0,3.4,3978.0,0
2025-11-04,2025-11-04 13:00:00,1170.0,1170.0,1170.0,1170.0,0.0,3.4,3978.0,0
2025-11-04,2025-11-04 13:10:00,1170.0,1170.0,1170.0,1170.0,0.0,3.4,3978.0,0
2025-11-04,2025-11-04 13:20:00,1170.0,1170.0,1170.0,1170.0,0.0,3.4,3978.0,0
2025-11-04,2025-11-04 13:30:00,1170.0,1170.0,1170.0,1170.0,0.0,3.4,3978.0,0
2025-11-04,2025-11-04 13:40:00,1170.0,1170.0,1170.0,1170.0,0.0,3.4,3978.0,0
2025-11-04,2025-11-04 13:50:00,1170.0,1170.0,1170.0,1170.0,0.0,3.4,3978.0,0
2025-11-04,2025-11-04 14:00:00,1170.0,1170.0,1170.0,1170.0,0.0,3.4,3978.0,0
2025-11-04,2025-11-04 14:10:00,1170.0,1170.0,1170.0,1170.0,0.0,3.4,3978.0,0
2025-11-04,2025-11-04 14:20:00,1170.0,1170.0,1170.0,1170.0,0.0,3.4,3978.0,0
2025-11-04,2025-11-04 14:30:00,1170.0,1170.0,1170.0,1170.0,0.0,3.4,3978.0,0
2025-11-04,2025-11-04 14:40:00,1170.0,1170.0,1170.0,1170.0,0.0,3.4,3978.0,0
2025-11-04,2025-11-04 14:50:00,1170.0,1170.0,1170.0,1170.0,0.0,3.4,3978.0,0
2025-11-04,2025-11-04 15:00:00,1170.0,1170.0,1170.0,1170.0,0.0,3.4,3978.0,0
2025-11-17,2025-11-17 11:00:00,1150.1,1150.1,1150.1,1150.1,0.0,1.0,1150.1,0
2025-11-17,2025-11-17 11:10:00,1150.1,1150.1,1150.1,1150.1,0.0,1.0,1150.1,0
2025-11-17,2025-11-17 11:20:00,1150.1,1150.1,1150.1,1150.1,0.0,1.0,1150.1,0
2025-11-17,2025-11-17 11:30:00,1150.1,1150.1,1150.1,1150.1,0.0,1.0,1150.1,0
2025-11-17,2025-11-17 11:40:00,1150.1,1150.1,1150.1,1150.1,0.0,1.0,1150.1,0
2025-11-17,2025-11-17 11:50:00,1150.1,1150.1,1150.1,1150.1,0.0,1.0,1150.1,0
2025-11-17,2025-11-17 12:00:00,1150.1,1150.1,1150.1,1150.1,0.0,1.0,1150.1,0
2025-11-17,2025-11-17 12:10:00,1150.1,1150.1,1150.1,1150.1,0.0,1.0,1150.1,0
2025-11-17,2025-11-17 12:20:00,1150.1,1150.1,1150.1,1150.1,0.0,1.0,1150.1,0
2025-11-17,2025-11-17 12:30:00,1150.1,1150.1,1150.1,1150.1,0.0,1.0,1150.1,0
2025-11-17,2025-11-17 12:40:00,1150.1,1150.1,1150.1,1150.1,0.0,1.0,1150.1,0
2025-11-17,2025-11-17 12:50:00,1150.1,1150.1,1150.1,1150.1,0.0,1.0,1150.1,0
2025-11-17,2025-11-17 13:00:00,1150.1,1150.1,1150.1,1150.1,0.0,1.0,1150.1,0
2025-11-17,2025-11-17 13:10:00,1150.1,1150.1,1150.1,1150.1,0.0,1.0,1150.1,0
2025-11-17,2025-11-17 13:20:00,1150.1,1150.1,1150.1,1150.1,0.0,1.0,1150.1,0
2025-11-17,2025-11-17 13:30:00,1150.1,1150.1,1150.1,1150.1,0.0,1.0,1150.1,0
2025-11-17,2025-11-17 13:40:00,1150.1,1150.1,1150.1,1150.1,0.0,1.0,1150.1,0
2025-11-17,2025-11-17 13:50:00,1150.1,1150.1,1150.1,1150.1,0.0,1.0,1150.1,0
2025-11-17,2025-11-17 14:00:00,1150.1,1150.1,1150.1,1150.1,0.0,1.0,1150.1,0
2025-11-17,2025-11-17 14:10:00,1150.1,1150.1,1150.1,1150.1,0.0,1.0,1150.1,0
2025-11-17,2025-11-17 14:20:00,1150.1,1150.1,1150.1,1150.1,0.0,1.0,1150.1,0
2025-11-17,2025-11-17 14:30:00,1150.1,1150.1,1150.1,1150.1,0.0,1.0,1150.1,0
2025-11-17,2025-11-17 14:40:00,1150.1,1150.1,1150.1,1150.1,0.0,1.0,1150.1,0
2025-11-17,2025-11-17 14:50:00,1150.1,1150.1,1150.1,1150.1,0.0,1.0,1150.1,0
2025-11-17,2025-11-17 15:00:00,1150.1,1150.1,1150.1,1150.1,0.0,1.0,1150.1,0
2025-11-19,2025-11-19 11:00:00,1150.1,1150.1,1149.31,1149.31,-0.07,0.04,45.24,-1
2025-11-19,2025-11-19 11:10:00,1149.31,1149.31,1148.52,1148.52,-0.07,0.04,45.24,-1
2025-11-19,2025-11-19 11:20:00,1148.52,1148.52,1147.72,1147.72,-0.07,0.04,45.24,-1
2025-11-19,2025-11-19 11:30:00,1147.72,1147.72,1146.93,1146.93,-0.07,0.04,45.24,-1
2025-11-19,2025-11-19 11:40:00,1146.93,1146.93,1146.14,1146.14,-0.07,0.04,45.24,-1
2025-11-19,2025-11-19 11:50:00,1146.14,1146.14,1145.35,1145.35,-0.07,0.04,45.24,-1
2025-11-19,2025-11-19 12:00:00,1145.35,1145.35,1144.56,1144.56,-0.07,0.04,45.24,-1
2025-11-19,2025-11-19 12:10:00,1144.56,1144.56,1143.77,1143.77,-0.07,0.04,45.24,-1
2025-11-19,2025-11-19 12:20:00,1143.77,1143.77,1142.97,1142.97,-0.07,0.04,45.24,-1
2025-11-19,2025-11-19 12:30:00,1142.97,1142.97,1142.18,1142.18,-0.07,0.04,45.24,-1
2025-11-19,2025-11-19 12:40:00,1142.18,1142.18,1141.39,1141.39,-0.07,0.04,45.24,-1
2025-11-19,2025-11-19 12:50:00,1141.39,1141.39,1140.6,1140.6,-0.07,0.04,45.24,-1
2025-11-19,2025-11-19 13:00:00,1140.6,1150.1,1139.81,1139.81,-0.07,0.04,45.24,-1
2025-11-19,2025-11-19 13:10:00,1139.81,1139.81,1139.02,1139.02,-0.07,0.04,45.24,-1
2025-11-19,2025-11-19 13:20:00,1139.02,1139.02,1138.22,1138.22,-0.07,0.04,45.24,-1
2025-11-19,2025-11-19 13:30:00,1138.22,1138.22,1137.43,1137.43,-0.07,0.04,45.24,-1
2025-11-19,2025-11-19 13:40:00,1137.43,1137.43,1136.64,1136.64,-0.07,0.04,45.24,-1
2025-11-19,2025-11-19 13:50:00,1136.64,1136.64,1135.85,1135.85,-0.07,0.04,45.24,-1
2025-11-19,2025-11-19 14:00:00,1135.85,1135.85,1135.06,1135.06,-0.07,0.04,45.24,-1
2025-11-19,2025-11-19 14:10:00,1135.06,1135.06,1134.27,1134.27,-0.07,0.04,45.24,-1
2025-11-19,2025-11-19 14:20:00,1134.27,1134.27,1133.47,1133.47,-0.07,0.04,45.24,-1
2025-11-19,2025-11-19 14:30:00,1133.47,1133.47,1132.68,1132.68,-0.07,0.04,45.24,-1
2025-11-19,2025-11-19 14:40:00,1132.68,1132.68,1131.89,1131.89,-0.07,0.04,45.24,-1
2025-11-19,2025-11-19 14:50:00,1131.89,1131.89,1131.1,1131.1,-0.07,0.04,45.24,-1
2025-11-19,2025-11-19 15:00:00,1131.1,1150.1,1131.1,1131.1,0.0,0.04,45.24,0
2025-11-23,2025-11-23 11:00:00,1123.1,1123.1,1123.1,1123.1,0.0,1.0,1123.1,0
2025-11-23,2025-11-23 11:10:00,1123.1,1123.1,1123.1,1123.1,0.0,1.0,1123.1,0
2025-11-23,2025-11-23 11:20:00,1123.1,1123.1,1123.1,1123.1,0.0,1.0,1123.1,0
2025-11-23,2025-11-23 11:30:00,1123.1,1123.1,1123.1,1123.1,0.0,1.0,1123.1,0
2025-11-23,2025-11-23 11:40:00,1123.1,1123.1,1123.1,1123.1,0.0,1.0,1123.1,0
2025-11-23,2025-11-23 11:50:00,1123.1,1123.1,1123.1,1123.1,0.0,1.0,1123.1,0
2025-11-23,2025-11-23 12:00:00,1123.1,1123.1,1123.1,1123.1,0.0,1.0,1123.1,0
2025-11-23,2025-11-23 12:10:00,1123.1,1123.1,1123.1,1123.1,0.0,1.0,1123.1,0
2025-11-23,2025-11-23 12:20:00,1123.1,1123.1,1123.1,1123.1,0.0,1.0,1123.1,0
2025-11-23,2025-11-23 12:30:00,1123.1,1123.1,1123.1,1123.1,0.0,1.0,1123.1,0
2025-11-23,2025-11-23 12:40:00,1123.1,1123.1,1123.1,1123.1,0.0,1.0,1123.1,0
2025-11-23,2025-11-23 12:50:00,1123.1,1123.1,1123.1,1123.1,0.0,1.0,1123.1,0
2025-11-23,2025-11-23 13:00:00,1123.1,1123.1,1123.1,1123.1,0.0,1.0,1123.1,0
2025-11-23,2025-11-23 13:10:00,1123.1,1123.1,1123.1,1123.1,0.0,1.0,1123.1,0
2025-11-23,2025-11-23 13:20:00,1123.1,1123.1,1123.1,1123.1,0.0,1.0,1123.1,0
2025-11-23,2025-11-23 13:30:00,1123.1,1123.1,1123.1,1123.1,0.0,1.0,1123.1,0
2025-11-23,2025-11-23 13:40:00,1123.1,1123.1,1123.1,1123.1,0.0,1.0,1123.1,0
2025-11-23,2025-11-23 13:50:00,1123.1,1123.1,1123.1,1123.1,0.0,1.0,1123.1,0
2025-11-23,2025-11-23 14:00:00,1123.1,1123.1,1123.1,1123.1,0.0,1.0,1123.1,0
2025-11-23,2025-11-23 14:10:00,1123.1,1123.1,1123.1,1123.1,0.0,1.0,1123.1,0
2025-11-23,2025-11-23 14:20:00,1123.1,1123.1,1123.1,1123.1,0.0,1.0,1123.1,0
2025-11-23,2025-11-23 14:30:00,1123.1,1123.1,1123.1,1123.1,0.0,1.0,1123.1,0
2025-11-23,2025-11-23 14:40:00,1123.1,1123.1,1123.1,1123.1,0.0,1.0,1123.1,0
2025-11-23,2025-11-23 14:50:00,1123.1,1123.1,1123.1,1123.1,0.0,1.0,1123.1,0
2025-11-23,2025-11-23 15:00:00,1123.1,1123.1,1123.1,1123.1,0.0,1.0,1123.1,0
2025-11-30,2025-11-30 11:00:00,1132.0,1132.0,1132.0,1132.0,0.0,1.56,1765.92,0
2025-11-30,2025-11-30 11:10:00,1132.0,1132.0,1132.0,1132.0,0.0,1.56,1765.92,0
2025-11-30,2025-11-30 11:20:00,1132.0,1132.0,1132.0,1132.0,0.0,1.56,1765.92,0
2025-11-30,2025-11-30 11:30:00,1132.0,1132.0,1132.0,1132.0,0.0,1.56,1765.92,0
2025-11-30,2025-11-30 11:40:00,1132.0,1132.0,1132.0,1132.0,0.0,1.56,1765.92,0
2025-11-30,2025-11-30 11:50:00,1132.0,1132.0,1132.0,1132.0,0.0,1.56,1765.92,0
2025-11-30,2025-11-30 12:00:00,1132.0,1132.0,1132.0,1132.0,0.0,1.56,1765.92,0
2025-11-30,2025-11-30 12:10:00,1132.0,1132.0,1132.0,1132.0,0.0,1.56,1765.92,0
2025-11-30,2025-11-30 12:20:00,1132.0,1132.0,1132.0,1132.0,0.0,1.56,1765.92,0
2025-11-30,2025-11-30 12:30:00,1132.0,1132.0,1132.0,1132.0,0.0,1.56,1765.92,0
2025-11-30,2025-11-30 12:40:00,1132.0,1132.0,1132.0,1132.0,0.0,1.56,1765.92,0
2025-11-30,2025-11-30 12:50:00,1132.0,1132.0,1132.0,1132.0,0.0,1.56,1765.92,0
2025-11-30,2025-11-30 13:00:00,1132.0,1132.0,1132.0,1132.0,0.0,1.56,1765.92,0
2025-11-30,2025-11-30 13:10:00,1132.0,1132.0,1132.0,1132.0,0.0,1.56,1765.92,0
2025-11-30,2025-11-30 13:20:00,1132.0,1132.0,1132.0,1132.0,0.0,1.56,1765.92,0
2025-11-30,2025-11-30 13:30:00,1132.0,1132.0,1132.0,1132.0,0.0,1.56,1765.92,0
2025-11-30,2025-11-30 13:40:00,1132.0,1132.0,1132.0,1132.0,0.0,1.56,1765.92,0
2025-11-30,2025-11-30 13:50:00,1132.0,1132.0,1132.0,1132.0,0.0,1.56,1765.92,0
2025-11-30,2025-11-30 14:00:00,1132.0,1132.0,1132.0,1132.0,0.0,1.56,1765.92,0
2025-11-30,2025-11-30 14:10:00,1132.0,1132.0,1132.0,1132.0,0.0,1.56,1765.92,0
2025-11-30,2025-11-30 14:20:00,1132.0,1132.0,1132.0,1132.0,0.0,1.56,1765.92,0
2025-11-30,2025-11-30 14:30:00,1132.0,1132.0,1132.0,1132.0,0.0,1.56,1765.92,0
2025-11-30,2025-11-30 14:40:00,1132.0,1132.0,1132.0,1132.0,0.0,1.56,1765.92,0
2025-11-30,2025-11-30 14:50:00,1132.0,1132.0,1132.0,1132.0,0.0,1.56,1765.92,0
2025-11-30,2025-11-30 15:00:00,1132.0,1132.0,1132.0,1132.0,0.0,1.56,1765.92,0
2025-12-08,2025-12-08 11:00:00,1146.2,1146.2,1146.2,1146.2,0.0,1.0,1146.2,0
2025-12-08,2025-12-08 11:10:00,1146.2,1146.2,1146.2,1146.2,0.0,1.0,1146.2,0
2025-12-08,2025-12-08 11:20:00,1146.2,1146.2,1146.2,1146.2,0.0,1.0,1146.2,0
2025-12-08,2025-12-08 11:30:00,1146.2,1146.2,1146.2,1146.2,0.0,1.0,1146.2,0
2025-12-08,2025-12-08 11:40:00,1146.2,1146.2,1146.2,1146.2,0.0,1.0,1146.2,0
2025-12-08,2025-12-08 11:50:00,1146.2,1146.2,1146.2,1146.2,0.0,1.0,1146.2,0
2025-12-08,2025-12-08 12:00:00,1146.2,1146.2,1146.2,1146.2,0.0,1.0,1146.2,0
2025-12-08,2025-12-08 12:10:00,1146.2,1146.2,1146.2,1146.2,0.0,1.0,1146.2,0
2025-12-08,2025-12-08 12:20:00,1146.2,1146.2,1146.2,1146.2,0.0,1.0,1146.2,0
2025-12-08,2025-12-08 12:30:00,1146.2,1146.2,1146.2,1146.2,0.0,1.0,1146.2,0
2025-12-08,2025-12-08 12:40:00,1146.2,1146.2,1146.2,1146.2,0.0,1.0,1146.2,0
2025-12-08,2025-12-08 12:50:00,1146.2,1146.2,1146.2,1146.2,0.0,1.0,1146.2,0
2025-12-08,2025-12-08 13:00:00,1146.2,1146.2,1146.2,1146.2,0.0,1.0,1146.2,0
2025-12-08,2025-12-08 13:10:00,1146.2,1146.2,1146.2,1146.2,0.0,1.0,1146.2,0
2025-12-08,2025-12-08 13:20:00,1146.2,1146.2,1146.2,1146.2,0.0,1.0,1146.2,0
2025-12-08,2025-12-08 13:30:00,1146.2,1146.2,1146.2,1146.2,0.0,1.0,1146.2,0
2025-12-08,2025-12-08 13:40:00,1146.2,1146.2,1146.2,1146.2,0.0,1.0,1146.2,0
2025-12-08,2025-12-08 13:50:00,1146.2,1146.2,1146.2,1146.2,0.0,1.0,1146.2,0
2025-12-08,2025-12-08 14:00:00,1146.2,1146.2,1146.2,1146.2,0.0,1.0,1146.2,0
2025-12-08,2025-12-08 14:10:00,1146.2,1146.2,1146.2,1146.2,0.0,1.0,1146.2,0
2025-12-08,2025-12-08 14:20:00,1146.2,1146.2,1146.2,1146.2,0.0,1.0,1146.2,0
2025-12-08,2025-12-08 14:30:00,1146.2,1146.2,1146.2,1146.2,0.0,1.0,1146.2,0
2025-12-08,2025-12-08 14:40:00,1146.2,1146.2,1146.2,1146.2,0.0,1.0,1146.2,0
2025-12-08,2025-12-08 14:50:00,1146.2,1146.2,1146.2,1146.2,0.0,1.0,1146.2,0
2025-12-08,2025-12-08 15:00:00,1146.2,1146.2,1146.2,1146.2,0.0,1.0,1146.2,0
2025-12-09,2025-12-09 11:00:00,1146.4,1146.4,1146.4,1146.4,0.0,2.0,2292.8,0
2025-12-09,2025-12-09 11:10:00,1146.4,1146.4,1146.4,1146.4,0.0,2.0,2292.8,0
2025-12-09,2025-12-09 11:20:00,1146.4,1146.4,1146.4,1146.4,0.0,2.0,2292.8,0
2025-12-09,2025-12-09 11:30:00,1146.4,1146.4,1146.4,1146.4,0.0,2.0,2292.8,0
2025-12-09,2025-12-09 11:40:00,1146.4,1146.4,1146.4,1146.4,0.0,2.0,2292.8,0
2025-12-09,2025-12-09 11:50:00,1146.4,1146.4,1146.4,1146.4,0.0,2.0,2292.8,0
2025-12-09,2025-12-09 12:00:00,1146.4,1146.4,1146.4,1146.4,0.0,2.0,2292.8,0
2025-12-09,2025-12-09 12:10:00,1146.4,1146.4,1146.4,1146.4,0.0,2.0,2292.8,0
2025-12-09,2025-12-09 12:20:00,1146.4,1146.4,1146.4,1146.4,0.0,2.0,2292.8,0
2025-12-09,2025-12-09 12:30:00,1146.4,1146.4,1146.4,1146.4,0.0,2.0,2292.8,0
2025-12-09,2025-12-09 12:40:00,1146.4,1146.4,1146.4,1146.4,0.0,2.0,2292.8,0
2025-12-09,2025-12-09 12:50:00,1146.4,1146.4,1146.4,1146.4,0.0,2.0,2292.8,0
2025-12-09,2025-12-09 13:00:00,1146.4,1146.4,1146.4,1146.4,0.0,2.0,2292.8,0
2025-12-09,2025-12-09 13:10:00,1146.4,1146.4,1146.4,1146.4,0.0,2.0,2292.8,0
2025-12-09,2025-12-09 13:20:00,1146.4,1146.4,1146.4,1146.4,0.0,2.0,2292.8,0
2025-12-09,2025-12-09 13:30:00,1146.4,1146.4,1146.4,1146.4,0.0,2.0,2292.8,0
2025-12-09,2025-12-09 13:40:00,1146.4,1146.4,1146.4,1146.4,0.0,2.0,2292.8,0
2025-12-09,2025-12-09 13:50:00,1146.4,1146.4,1146.4,1146.4,0.0,2.0,2292.8,0
2025-12-09,2025-12-09 14:00:00,1146.4,1146.4,1146.4,1146.4,0.0,2.0,2292.8,0
2025-12-09,2025-12-09 14:10:00,1146.4,1146.4,1146.4,1146.4,0.0,2.0,2292.8,0
2025-12-09,2025-12-09 14:20:00,1146.4,1146.4,1146.4,1146.4,0.0,2.0,2292.8,0
2025-12-09,2025-12-09 14:30:00,1146.4,1146.4,1146.4,1146.4,0.0,2.0,2292.8,0
2025-12-09,2025-12-09 14:40:00,1146.4,1146.4,1146.4,1146.4,0.0,2.0,2292.8,0
2025-12-09,2025-12-09 14:50:00,1146.4,1146.4,1146.4,1146.4,0.0,2.0,2292.8,0
2025-12-09,2025-12-09 15:00:00,1146.4,1146.4,1146.4,1146.4,0.0,2.0,2292.8,0
2025-12-15,2025-12-15 11:00:00,1137.0,1137.0,1137.0,1137.0,0.0,1.0,1137.0,0
2025-12-15,2025-12-15 11:10:00,1137.0,1137.0,1137.0,1137.0,0.0,1.0,1137.0,0
2025-12-15,2025-12-15 11:20:00,1137.0,1137.0,1137.0,1137.0,0.0,1.0,1137.0,0
2025-12-15,2025-12-15 11:30:00,1137.0,1137.0,1137.0,1137.0,0.0,1.0,1137.0,0
2025-12-15,2025-12-15 11:40:00,1137.0,1137.0,1137.0,1137.0,0.0,1.0,1137.0,0
2025-12-15,2025-12-15 11:50:00,1137.0,1137.0,1137.0,1137.0,0.0,1.0,1137.0,0
2025-12-15,2025-12-15 12:00:00,1137.0,1137.0,1137.0,1137.0,0.0,1.0,1137.0,0
2025-12-15,2025-12-15 12:10:00,1137.0,1137.0,1137.0,1137.0,0.0,1.0,1137.0,0
2025-12-15,2025-12-15 12:20:00,1137.0,1137.0,1137.0,1137.0,0.0,1.0,1137.0,0
2025-12-15,2025-12-15 12:30:00,1137.0,1137.0,1137.0,1137.0,0.0,1.0,1137.0,0
2025-12-15,2025-12-15 12:40:00,1137.0,1137.0,1137.0,1137.0,0.0,1.0,1137.0,0
2025-12-15,2025-12-15 12:50:00,1137.0,1137.0,1137.0,1137.0,0.0,1.0,1137.0,0
2025-12-15,2025-12-15 13:00:00,1137.0,1137.0,1137.0,1137.0,0.0,1.0,1137.0,0
2025-12-15,2025-12-15 13:10:00,1137.0,1137.0,1137.0,1137.0,0.0,1.0,1137.0,0
2025-12-15,2025-12-15 13:20:00,1137.0,1137.0,1137.0,1137.0,0.0,1.0,1137.0,0
2025-12-15,2025-12-15 13:30:00,1137.0,1137.0,1137.0,1137.0,0.0,1.0,1137.0,0
2025-12-15,2025-12-15 13:40:00,1137.0,1137.0,1137.0,1137.0,0.0,1.0,1137.0,0
2025-12-15,2025-12-15 13:50:00,1137.0,1137.0,1137.0,1137.0,0.0,1.0,1137.0,0
2025-12-15,2025-12-15 14:00:00,1137.0,1137.0,1137.0,1137.0,0.0,1.0,1137.0,0
2025-12-15,2025-12-15 14:10:00,1137.0,1137.0,1137.0,1137.0,0.0,1.0,1137.0,0
2025-12-15,2025-12-15 14:20:00,1137.0,1137.0,1137.0,1137.0,0.0,1.0,1137.0,0
2025-12-15,2025-12-15 14:30:00,1137.0,1137.0,1137.0,1137.0,0.0,1.0,1137.0,0
2025-12-15,2025-12-15 14:40:00,1137.0,1137.0,1137.0,1137.0,0.0,1.0,1137.0,0
2025-12-15,2025-12-15 14:50:00,1137.0,1137.0,1137.0,1137.0,0.0,1.0,1137.0,0
2025-12-15,2025-12-15 15:00:00,1137.0,1137.0,1137.0,1137.0,0.0,1.0,1137.0,0
2025-12-18,2025-12-18 11:00:00,1159.7,1173.68,1158.67,1158.67,-0.09,8.36,9931.29,-1
2025-12-18,2025-12-18 11:10:00,1158.67,1158.67,1157.64,1157.64,-0.09,8.36,9931.29,-1
2025-12-18,2025-12-18 11:20:00,1157.64,1157.64,1156.61,1156.61,-0.09,8.36,9931.29,-1
2025-12-18,2025-12-18 11:30:00,1156.61,1156.61,1155.58,1155.58,-0.09,8.36,9931.29,-1
2025-12-18,2025-12-18 11:40:00,1155.58,1155.58,1154.55,1154.55,-0.09,8.36,9931.29,-1
2025-12-18,2025-12-18 11:50:00,1154.55,1154.55,1153.53,1153.53,-0.09,8.36,9931.29,-1
2025-12-18,2025-12-18 12:00:00,1153.53,1153.53,1152.5,1152.5,-0.09,8.36,9931.29,-1
2025-12-18,2025-12-18 12:10:00,1152.5,1152.5,1151.47,1151.47,-0.09,8.36,9931.29,-1
2025-12-18,2025-12-18 12:20:00,1151.47,1151.47,1150.44,1150.44,-0.09,8.36,9931.29,-1
2025-12-18,2025-12-18 12:30:00,1150.44,1150.44,1149.41,1149.41,-0.09,8.36,9931.29,-1
2025-12-18,2025-12-18 12:40:00,1149.41,1149.41,1148.38,1148.38,-0.09,8.36,9931.29,-1
2025-12-18,2025-12-18 12:50:00,1148.38,1148.38,1147.35,1147.35,-0.09,8.36,9931.29,-1
2025-12-18,2025-12-18 13:00:00,1147.35,1206.3,1146.32,1146.32,-0.09,8.36,9931.29,-1
2025-12-18,2025-12-18 13:10:00,1146.32,1146.32,1145.29,1145.29,-0.09,8.36,9931.29,-1
2025-12-18,2025-12-18 13:20:00,1145.29,1145.29,1144.26,1144.26,-0.09,8.36,9931.29,-1
2025-12-18,2025-12-18 13:30:00,1144.26,1144.26,1143.23,1143.23,-0.09,8.36,9931.29,-1
2025-12-18,2025-12-18 13:40:00,1143.23,1143.23,1142.2,1142.2,-0.09,8.36,9931.29,-1
2025-12-18,2025-12-18 13:50:00,1142.2,1142.2,1141.17,1141.17,-0.09,8.36,9931.29,-1
2025-12-18,2025-12-18 14:00:00,1141.17,1141.17,1140.15,1140.15,-0.09,8.36,9931.29,-1
2025-12-18,2025-12-18 14:10:00,1140.15,1140.15,1139.12,1139.12,-0.09,8.36,9931.29,-1
2025-12-18,2025-12-18 14:20:00,1139.12,1139.12,1138.09,1138.09,-0.09,8.36,9931.29,-1
2025-12-18,2025-12-18 14:30:00,1138.09,1138.09,1137.06,1137.06,-0.09,8.36,9931.29,-1
2025-12-18,2025-12-18 14:40:00,1137.06,1137.06,1136.03,1136.03,-0.09,8.36,9931.29,-1
2025-12-18,2025-12-18 14:50:00,1136.03,1136.03,1135.0,1135.0,-0.09,8.36,9931.29,-1
2025-12-18,2025-12-18 15:00:00,1135.0,1206.3,1135.0,1135.0,0.0,8.36,9931.29,0
2025-12-28,2025-12-28 11:00:00,1135.0,1135.58,1135.0,1135.58,0.05,0.04,45.96,1
2025-12-28,2025-12-28 11:10:00,1135.58,1136.17,1135.58,1136.17,0.05,0.04,45.96,1
2025-12-28,2025-12-28 11:20:00,1136.17,1136.75,1136.17,1136.75,0.05,0.04,45.96,1
2025-12-28,2025-12-28 11:30:00,1136.75,1137.33,1136.75,1137.33,0.05,0.04,45.96,1
2025-12-28,2025-12-28 11:40:00,1137.33,1137.92,1137.33,1137.92,0.05,0.04,45.96,1
2025-12-28,2025-12-28 11:50:00,1137.92,1138.5,1137.92,1138.5,0.05,0.04,45.96,1
2025-12-28,2025-12-28 12:00:00,1138.5,1139.08,1138.5,1139.08,0.05,0.04,45.96,1
2025-12-28,2025-12-28 12:10:00,1139.08,1139.67,1139.08,1139.67,0.05,0.04,45.96,1
2025-12-28,2025-12-28 12:20:00,1139.67,1140.25,1139.67,1140.25,0.05,0.04,45.96,1
2025-12-28,2025-12-28 12:30:00,1140.25,1140.83,1140.25,1140.83,0.05,0.04,45.96,1
2025-12-28,2025-12-28 12:40:00,1140.83,1141.42,1140.83,1141.42,0.05,0.04,45.96,1
2025-12-28,2025-12-28 12:50:00,1141.42,1142.0,1141.42,1142.0,0.05,0.04,45.96,1
2025-12-28,2025-12-28 13:00:00,1142.0,1142.58,1135.0,1142.58,0.05,0.04,45.96,1
2025-12-28,2025-12-28 13:10:00,1142.58,1143.17,1142.58,1143.17,0.05,0.04,45.96,1
2025-12-28,2025-12-28 13:20:00,1143.17,1143.75,1143.17,1143.75,0.05,0.04,45.96,1
2025-12-28,2025-12-28 13:30:00,1143.75,1144.33,1143.75,1144.33,0.05,0.04,45.96,1
2025-12-28,2025-12-28 13:40:00,1144.33,1144.92,1144.33,1144.92,0.05,0.04,45.96,1
2025-12-28,2025-12-28 13:50:00,1144.92,1145.5,1144.92,1145.5,0.05,0.04,45.96,1
2025-12-28,2025-12-28 14:00:00,1145.5,1146.08,1145.5,1146.08,0.05,0.04,45.96,1
2025-12-28,2025-12-28 14:10:00,1146.08,1146.67,1146.08,1146.67,0.05,0.04,45.96,1
2025-12-28,2025-12-28 14:20:00,1146.67,1147.25,1146.67,1147.25,0.05,0.04,45.96,1
2025-12-28,2025-12-28 14:30:00,1147.25,1147.83,1147.25,1147.83,0.05,0.04,45.96,1
2025-12-28,2025-12-28 14:40:00,1147.83,1148.42,1147.83,1148.42,0.05,0.04,45.96,1
2025-12-28,2025-12-28 14:50:00,1148.42,1149.0,1148.42,1149.0,0.05,0.04,45.96,1
2025-12-28,2025-12-28 15:00:00,1149.0,1149.0,1135.0,1149.0,0.0,0.04,45.96,0
2025-12-29,2025-12-29 11:00:00,1149.0,1159.2,1149.0,1150.42,0.12,2.16,2525.4,1
2025-12-29,2025-12-29 11:10:00,1150.42,1151.83,1150.42,1151.83,0.12,2.16,2525.4,1
2025-12-29,2025-12-29 11:20:00,1151.83,1153.25,1151.83,1153.25,0.12,2.16,2525.4,1
2025-12-29,2025-12-29 11:30:00,1153.25,1154.67,1153.25,1154.67,0.12,2.16,2525.4,1
2025-12-29,2025-12-29 11:40:00,1154.67,1156.08,1154.67,1156.08,0.12,2.16,2525.4,1
2025-12-29,2025-12-29 11:50:00,1156.08,1157.5,1156.08,1157.5,0.12,2.16,2525.4,1
2025-12-29,2025-12-29 12:00:00,1157.5,1158.92,1157.5,1158.92,0.12,2.16,2525.4,1
2025-12-29,2025-12-29 12:10:00,1158.92,1160.33,1158.92,1160.33,0.12,2.16,2525.4,1
2025-12-29,2025-12-29 12:20:00,1160.33,1161.75,1160.33,1161.75,0.12,2.16,2525.4,1
2025-12-29,2025-12-29 12:30:00,1161.75,1163.17,1161.75,1163.17,0.12,2.16,2525.4,1
2025-12-29,2025-12-29 12:40:00,1163.17,1164.58,1163.17,1164.58,0.12,2.16,2525.4,1
2025-12-29,2025-12-29 12:50:00,1164.58,1166.0,1164.58,1166.0,0.12,2.16,2525.4,1
2025-12-29,2025-12-29 13:00:00,1166.0,1183.0,1149.0,1167.42,0.12,2.16,2525.4,1
2025-12-29,2025-12-29 13:10:00,1167.42,1168.83,1167.42,1168.83,0.12,2.16,2525.4,1
2025-12-29,2025-12-29 13:20:00,1168.83,1170.25,1168.83,1170.25,0.12,2.16,2525.4,1
2025-12-29,2025-12-29 13:30:00,1170.25,1171.67,1170.25,1171.67,0.12,2.16,2525.4,1
2025-12-29,2025-12-29 13:40:00,1171.67,1173.08,1171.67,1173.08,0.12,2.16,2525.4,1
2025-12-29,2025-12-29 13:50:00,1173.08,1174.5,1173.08,1174.5,0.12,2.16,2525.4,1
2025-12-29,2025-12-29 14:00:00,1174.5,1175.92,1174.5,1175.92,0.12,2.16,2525.4,1
2025-12-29,2025-12-29 14:10:00,1175.92,1177.33,1175.92,1177.33,0.12,2.16,2525.4,1
2025-12-29,2025-12-29 14:20:00,1177.33,1178.75,1177.33,1178.75,0.12,2.16,2525.4,1
2025-12-29,2025-12-29 14:30:00,1178.75,1180.17,1178.75,1180.17,0.12,2.16,2525.4,1
2025-12-29,2025-12-29 14:40:00,1180.17,1181.58,1180.17,1181.58,0.12,2.16,2525.4,1
2025-12-29,2025-12-29 14:50:00,1181.58,1183.0,1181.58,1183.0,0.12,2.16,2525.4,1
2025-12-29,2025-12-29 15:00:00,1183.0,1183.0,1149.0,1183.0,0.0,2.16,2525.4,0
2026-01-01,2026-01-01 11:00:00,1164.0,1164.0,1163.96,1163.96,-0.0,0.48,558.68,-1
2026-01-01,2026-01-01 11:10:00,1163.96,1163.96,1163.92,1163.92,-0.0,0.48,558.68,-1
2026-01-01,2026-01-01 11:20:00,1163.92,1163.92,1163.89,1163.89,-0.0,0.48,558.68,-1
2026-01-01,2026-01-01 11:30:00,1163.89,1163.89,1163.85,1163.85,-0.0,0.48,558.68,-1
2026-01-01,2026-01-01 11:40:00,1163.85,1163.85,1163.81,1163.81,-0.0,0.48,558.68,-1
2026-01-01,2026-01-01 11:50:00,1163.81,1163.81,1163.78,1163.78,-0.0,0.48,558.68,-1
2026-01-01,2026-01-01 12:00:00,1163.78,1163.78,1163.74,1163.74,-0.0,0.48,558.68,-1
2026-01-01,2026-01-01 12:10:00,1163.74,1163.74,1163.7,1163.7,-0.0,0.48,558.68,-1
2026-01-01,2026-01-01 12:20:00,1163.7,1163.7,1163.66,1163.66,-0.0,0.48,558.68,-1
2026-01-01,2026-01-01 12:30:00,1163.66,1163.66,1163.62,1163.62,-0.0,0.48,558.68,-1
2026-01-01,2026-01-01 12:40:00,1163.62,1163.62,1163.59,1163.59,-0.0,0.48,558.68,-1
2026-01-01,2026-01-01 12:50:00,1163.59,1163.59,1163.55,1163.55,-0.0,0.48,558.68,-1
2026-01-01,2026-01-01 13:00:00,1163.55,1164.0,1163.51,1163.51,-0.0,0.48,558.68,-1
2026-01-01,2026-01-01 13:10:00,1163.51,1163.51,1163.47,1163.47,-0.0,0.48,558.68,-1
2026-01-01,2026-01-01 13:20:00,1163.47,1163.47,1163.44,1163.44,-0.0,0.48,558.68,-1
2026-01-01,2026-01-01 13:30:00,1163.44,1163.44,1163.4,1163.4,-0.0,0.48,558.68,-1
2026-01-01,2026-01-01 13:40:00,1163.4,1163.4,1163.36,1163.36,-0.0,0.48,558.68,-1
2026-01-01,2026-01-01 13:50:00,1163.36,1163.36,1163.32,1163.32,-0.0,0.48,558.68,-1
2026-01-01,2026-01-01 14:00:00,1163.32,1163.32,1163.29,1163.29,-0.0,0.48,558.68,-1
2026-01-01,2026-01-01 14:10:00,1163.29,1163.29,1163.25,1163.25,-0.0,0.48,558.68,-1
2026-01-01,2026-01-01 14:20:00,1163.25,1163.25,1163.21,1163.21,-0.0,0.48,558.68,-1
2026-01-01,2026-01-01 14:30:00,1163.21,1163.21,1163.17,1163.17,-0.0,0.48,558.68,-1
2026-01-01,2026-01-01 14:40:00,1163.17,1163.17,1163.14,1163.14,-0.0,0.48,558.68,-1
2026-01-01,2026-01-01 14:50:00,1163.14,1163.14,1163.1,1163.1,-0.0,0.48,558.68,-1
2026-01-01,2026-01-01 15:00:00,1163.1,1164.0,1163.1,1163.1,0.0,0.48,558.68,0
2026-01-08,2026-01-08 11:00:00,1186.3,1191.61,1186.3,1187.04,0.06,1.2,1430.64,1
2026-01-08,2026-01-08 11:10:00,1187.04,1187.77,1187.04,1187.77,0.06,1.2,1430.64,1
2026-01-08,2026-01-08 11:20:00,1187.77,1188.51,1187.77,1188.51,0.06,1.2,1430.64,1
2026-01-08,2026-01-08 11:30:00,1188.51,1189.25,1188.51,1189.25,0.06,1.2,1430.64,1
2026-01-08,2026-01-08 11:40:00,1189.25,1189.99,1189.25,1189.99,0.06,1.2,1430.64,1
2026-01-08,2026-01-08 11:50:00,1189.99,1190.72,1189.99,1190.72,0.06,1.2,1430.64,1
2026-01-08,2026-01-08 12:00:00,1190.72,1191.46,1190.72,1191.46,0.06,1.2,1430.64,1
2026-01-08,2026-01-08 12:10:00,1191.46,1192.2,1191.46,1192.2,0.06,1.2,1430.64,1
2026-01-08,2026-01-08 12:20:00,1192.2,1192.94,1192.2,1192.94,0.06,1.2,1430.64,1
2026-01-08,2026-01-08 12:30:00,1192.94,1193.67,1192.94,1193.67,0.06,1.2,1430.64,1
2026-01-08,2026-01-08 12:40:00,1193.67,1194.41,1193.67,1194.41,0.06,1.2,1430.64,1
2026-01-08,2026-01-08 12:50:00,1194.41,1195.15,1194.41,1195.15,0.06,1.2,1430.64,1
2026-01-08,2026-01-08 13:00:00,1195.15,1204.0,1186.3,1195.89,0.06,1.2,1430.64,1
2026-01-08,2026-01-08 13:10:00,1195.89,1196.62,1195.89,1196.62,0.06,1.2,1430.64,1
2026-01-08,2026-01-08 13:20:00,1196.62,1197.36,1196.62,1197.36,0.06,1.2,1430.64,1
2026-01-08,2026-01-08 13:30:00,1197.36,1198.1,1197.36,1198.1,0.06,1.2,1430.64,1
2026-01-08,2026-01-08 13:40:00,1198.1,1198.84,1198.1,1198.84,0.06,1.2,1430.64,1
2026-01-08,2026-01-08 13:50:00,1198.84,1199.58,1198.84,1199.58,0.06,1.2,1430.64,1
2026-01-08,2026-01-08 14:00:00,1199.58,1200.31,1199.58,1200.31,0.06,1.2,1430.64,1
2026-01-08,2026-01-08 14:10:00,1200.31,1201.05,1200.31,1201.05,0.06,1.2,1430.64,1
2026-01-08,2026-01-08 14:20:00,1201.05,1201.79,1201.05,1201.79,0.06,1.2,1430.64,1
2026-01-08,2026-01-08 14:30:00,1201.79,1202.53,1201.79,1202.53,0.06,1.2,1430.64,1
2026-01-08,2026-01-08 14:40:00,1202.53,1203.26,1202.53,1203.26,0.06,1.2,1430.64,1
2026-01-08,2026-01-08 14:50:00,1203.26,1204.0,1203.26,1204.0,0.06,1.2,1430.64,1
2026-01-08,2026-01-08 15:00:00,1204.0,1204.0,1186.3,1204.0,0.0,1.2,1430.64,0
2026-01-12,2026-01-12 11:00:00,1180.0,1180.0,1180.0,1180.0,0.0,11.64,13735.2,0
2026-01-12,2026-01-12 11:10:00,1180.0,1180.0,1180.0,1180.0,0.0,11.64,13735.2,0
2026-01-12,2026-01-12 11:20:00,1180.0,1180.0,1180.0,1180.0,0.0,11.64,13735.2,0
2026-01-12,2026-01-12 11:30:00,1180.0,1180.0,1180.0,1180.0,0.0,11.64,13735.2,0
2026-01-12,2026-01-12 11:40:00,1180.0,1180.0,1180.0,1180.0,0.0,11.64,13735.2,0
2026-01-12,2026-01-12 11:50:00,1180.0,1180.0,1180.0,1180.0,0.0,11.64,13735.2,0
2026-01-12,2026-01-12 12:00:00,1180.0,1180.0,1180.0,1180.0,0.0,11.64,13735.2,0
2026-01-12,2026-01-12 12:10:00,1180.0,1180.0,1180.0,1180.0,0.0,11.64,13735.2,0
2026-01-12,2026-01-12 12:20:00,1180.0,1180.0,1180.0,1180.0,0.0,11.64,13735.2,0
2026-01-12,2026-01-12 12:30:00,1180.0,1180.0,1180.0,1180.0,0.0,11.64,13735.2,0
2026-01-12,2026-01-12 12:40:00,1180.0,1180.0,1180.0,1180.0,0.0,11.64,13735.2,0
2026-01-12,2026-01-12 12:50:00,1180.0,1180.0,1180.0,1180.0,0.0,11.64,13735.2,0
2026-01-12,2026-01-12 13:00:00,1180.0,1180.0,1180.0,1180.0,0.0,11.64,13735.2,0
2026-01-12,2026-01-12 13:10:00,1180.0,1180.0,1180.0,1180.0,0.0,11.64,13735.2,0
2026-01-12,2026-01-12 13:20:00,1180.0,1180.0,1180.0,1180.0,0.0,11.64,13735.2,0
2026-01-12,2026-01-12 13:30:00,1180.0,1180.0,1180.0,1180.0,0.0,11.64,13735.2,0
2026-01-12,2026-01-12 13:40:00,1180.0,1180.0,1180.0,1180.0,0.0,11.64,13735.2,0
2026-01-12,2026-01-12 13:50:00,1180.0,1180.0,1180.0,1180.0,0.0,11.64,13735.2,0
2026-01-12,2026-01-12 14:00:00,1180.0,1180.0,1180.0,1180.0,0.0,11.64,13735.2,0
2026-01-12,2026-01-12 14:10:00,1180.0,1180.0,1180.0,1180.0,0.0,11.64,13735.2,0
2026-01-12,2026-01-12 14:20:00,1180.0,1180.0,1180.0,1180.0,0.0,11.64,13735.2,0
2026-01-12,2026-01-12 14:30:00,1180.0,1180.0,1180.0,1180.0,0.0,11.64,13735.2,0
2026-01-12,2026-01-12 14:40:00,1180.0,1180.0,1180.0,1180.0,0.0,11.64,13735.2,0
2026-01-12,2026-01-12 14:50:00,1180.0,1180.0,1180.0,1180.0,0.0,11.64,13735.2,0
2026-01-12,2026-01-12 15:00:00,1180.0,1180.0,1180.0,1180.0,0.0,11.64,13735.2,0
2026-01-13,2026-01-13 11:00:00,1180.0,1180.0,1177.0,1179.58,-0.04,3.56,4165.2,-1
2026-01-13,2026-01-13 11:10:00,1179.58,1179.58,1179.17,1179.17,-0.03,3.56,4165.2,-1
2026-01-13,2026-01-13 11:20:00,1179.17,1179.17,1178.75,1178.75,-0.04,3.56,4165.2,-1
2026-01-13,2026-01-13 11:30:00,1178.75,1178.75,1178.33,1178.33,-0.04,3.56,4165.2,-1
2026-01-13,2026-01-13 11:40:00,1178.33,1178.33,1177.92,1177.92,-0.03,3.56,4165.2,-1
2026-01-13,2026-01-13 11:50:00,1177.92,1177.92,1177.5,1177.5,-0.04,3.56,4165.2,-1
2026-01-13,2026-01-13 12:00:00,1177.5,1177.5,1177.08,1177.08,-0.04,3.56,4165.2,-1
2026-01-13,2026-01-13 12:10:00,1177.08,1177.08,1176.67,1176.67,-0.03,3.56,4165.2,-1
2026-01-13,2026-01-13 12:20:00,1176.67,1176.67,1176.25,1176.25,-0.04,3.56,4165.2,-1
2026-01-13,2026-01-13 12:30:00,1176.25,1176.25,1175.83,1175.83,-0.04,3.56,4165.2,-1
2026-01-13,2026-01-13 12:40:00,1175.83,1175.83,1175.42,1175.42,-0.03,3.56,4165.2,-1
2026-01-13,2026-01-13 12:50:00,1175.42,1175.42,1175.0,1175.0,-0.04,3.56,4165.2,-1
2026-01-13,2026-01-13 13:00:00,1175.0,1180.0,1170.0,1174.58,-0.04,3.56,4165.2,-1
2026-01-13,2026-01-13 13:10:00,1174.58,1174.58,1174.17,1174.17,-0.03,3.56,4165.2,-1
2026-01-13,2026-01-13 13:20:00,1174.17,1174.17,1173.75,1173.75,-0.04,3.56,4165.2,-1
2026-01-13,2026-01-13 13:30:00,1173.75,1173.75,1173.33,1173.33,-0.04,3.56,4165.2,-1
2026-01-13,2026-01-13 13:40:00,1173.33,1173.33,1172.92,1172.92,-0.03,3.56,4165.2,-1
2026-01-13,2026-01-13 13:50:00,1172.92,1172.92,1172.5,1172.5,-0.04,3.56,4165.2,-1
2026-01-13,2026-01-13 14:00:00,1172.5,1172.5,1172.08,1172.08,-0.04,3.56,4165.2,-1
2026-01-13,2026-01-13 14:10:00,1172.08,1172.08,1171.67,1171.67,-0.03,3.56,4165.2,-1
2026-01-13,2026-01-13 14:20:00,1171.67,1171.67,1171.25,1171.25,-0.04,3.56,4165.2,-1
2026-01-13,2026-01-13 14:30:00,1171.25,1171.25,1170.83,1170.83,-0.04,3.56,4165.2,-1
2026-01-13,2026-01-13 14:40:00,1170.83,1170.83,1170.42,1170.42,-0.04,3.56,4165.2,-1
2026-01-13,2026-01-13 14:50:00,1170.42,1170.42,1170.0,1170.0,-0.04,3.56,4165.2,-1
2026-01-13,2026-01-13 15:00:00,1170.0,1180.0,1170.0,1170.0,0.0,3.56,4165.2,0
2026-01-29,2026-01-29 11:00:00,1150.0,1150.0,1150.0,1150.0,0.0,1.4,1610.0,0
2026-01-29,2026-01-29 11:10:00,1150.0,1150.0,1150.0,1150.0,0.0,1.4,1610.0,0
2026-01-29,2026-01-29 11:20:00,1150.0,1150.0,1150.0,1150.0,0.0,1.4,1610.0,0
2026-01-29,2026-01-29 11:30:00,1150.0,1150.0,1150.0,1150.0,0.0,1.4,1610.0,0
2026-01-29,2026-01-29 11:40:00,1150.0,1150.0,1150.0,1150.0,0.0,1.4,1610.0,0
2026-01-29,2026-01-29 11:50:00,1150.0,1150.0,1150.0,1150.0,0.0,1.4,1610.0,0
2026-01-29,2026-01-29 12:00:00,1150.0,1150.0,1150.0,1150.0,0.0,1.4,1610.0,0
2026-01-29,2026-01-29 12:10:00,1150.0,1150.0,1150.0,1150.0,0.0,1.4,1610.0,0
2026-01-29,2026-01-29 12:20:00,1150.0,1150.0,1150.0,1150.0,0.0,1.4,1610.0,0
2026-01-29,2026-01-29 12:30:00,1150.0,1150.0,1150.0,1150.0,0.0,1.4,1610.0,0
2026-01-29,2026-01-29 12:40:00,1150.0,1150.0,1150.0,1150.0,0.0,1.4,1610.0,0
2026-01-29,2026-01-29 12:50:00,1150.0,1150.0,1150.0,1150.0,0.0,1.4,1610.0,0
2026-01-29,2026-01-29 13:00:00,1150.0,1150.0,1150.0,1150.0,0.0,1.4,1610.0,0
2026-01-29,2026-01-29 13:10:00,1150.0,1150.0,1150.0,1150.0,0.0,1.4,1610.0,0
2026-01-29,2026-01-29 13:20:00,1150.0,1150.0,1150.0,1150.0,0.0,1.4,1610.0,0
2026-01-29,2026-01-29 13:30:00,1150.0,1150.0,1150.0,1150.0,0.0,1.4,1610.0,0
2026-01-29,2026-01-29 13:40:00,1150.0,1150.0,1150.0,1150.0,0.0,1.4,1610.0,0
2026-01-29,2026-01-29 13:50:00,1150.0,1150.0,1150.0,1150.0,0.0,1.4,1610.0,0
2026-01-29,2026-01-29 14:00:00,1150.0,1150.0,1150.0,1150.0,0.0,1.4,1610.0,0
2026-01-29,2026-01-29 14:10:00,1150.0,1150.0,1150.0,1150.0,0.0,1.4,1610.0,0
2026-01-29,2026-01-29 14:20:00,1150.0,1150.0,1150.0,1150.0,0.0,1.4,1610.0,0
2026-01-29,2026-01-29 14:30:00,1150.0,1150.0,1150.0,1150.0,0.0,1.4,1610.0,0
2026-01-29,2026-01-29 14:40:00,1150.0,1150.0,1150.0,1150.0,0.0,1.4,1610.0,0
2026-01-29,2026-01-29 14:50:00,1150.0,1150.0,1150.0,1150.0,0.0,1.4,1610.0,0
2026-01-29,2026-01-29 15:00:00,1150.0,1150.0,1150.0,1150.0,0.0,1.4,1610.0,0
2026-02-09,2026-02-09 11:00:00,1155.0,1155.0,1155.0,1155.0,0.0,3.36,3880.8,0
2026-02-09,2026-02-09 11:10:00,1155.0,1155.0,1155.0,1155.0,0.0,3.36,3880.8,0
2026-02-09,2026-02-09 11:20:00,1155.0,1155.0,1155.0,1155.0,0.0,3.36,3880.8,0
2026-02-09,2026-02-09 11:30:00,1155.0,1155.0,1155.0,1155.0,0.0,3.36,3880.8,0
2026-02-09,2026-02-09 11:40:00,1155.0,1155.0,1155.0,1155.0,0.0,3.36,3880.8,0
2026-02-09,2026-02-09 11:50:00,1155.0,1155.0,1155.0,1155.0,0.0,3.36,3880.8,0
2026-02-09,2026-02-09 12:00:00,1155.0,1155.0,1155.0,1155.0,0.0,3.36,3880.8,0
2026-02-09,2026-02-09 12:10:00,1155.0,1155.0,1155.0,1155.0,0.0,3.36,3880.8,0
2026-02-09,2026-02-09 12:20:00,1155.0,1155.0,1155.0,1155.0,0.0,3.36,3880.8,0
2026-02-09,2026-02-09 12:30:00,1155.0,1155.0,1155.0,1155.0,0.0,3.36,3880.8,0
2026-02-09,2026-02-09 12:40:00,1155.0,1155.0,1155.0,1155.0,0.0,3.36,3880.8,0
2026-02-09,2026-02-09 12:50:00,1155.0,1155.0,1155.0,1155.0,0.0,3.36,3880.8,0
2026-02-09,2026-02-09 13:00:00,1155.0,1155.0,1155.0,1155.0,0.0,3.36,3880.8,0
2026-02-09,2026-02-09 13:10:00,1155.0,1155.0,1155.0,1155.0,0.0,3.36,3880.8,0
2026-02-09,2026-02-09 13:20:00,1155.0,1155.0,1155.0,1155.0,0.0,3.36,3880.8,0
2026-02-09,2026-02-09 13:30:00,1155.0,1155.0,1155.0,1155.0,0.0,3.36,3880.8,0
2026-02-09,2026-02-09 13:40:00,1155.0,1155.0,1155.0,1155.0,0.0,3.36,3880.8,0
2026-02-09,2026-02-09 13:50:00,1155.0,1155.0,1155.0,1155.0,0.0,3.36,3880.8,0
2026-02-09,2026-02-09 14:00:00,1155.0,1155.0,1155.0,1155.0,0.0,3.36,3880.8,0
2026-02-09,2026-02-09 14:10:00,1155.0,1155.0,1155.0,1155.0,0.0,3.36,3880.8,0
2026-02-09,2026-02-09 14:20:00,1155.0,1155.0,1155.0,1155.0,0.0,3.36,3880.8,0
2026-02-09,2026-02-09 14:30:00,1155.0,1155.0,1155.0,1155.0,0.0,3.36,3880.8,0
2026-02-09,2026-02-09 14:40:00,1155.0,1155.0,1155.0,1155.0,0.0,3.36,3880.8,0
2026-02-09,2026-02-09 14:50:00,1155.0,1155.0,1155.0,1155.0,0.0,3.36,3880.8,0
2026-02-09,2026-02-09 15:00:00,1155.0,1155.0,1155.0,1155.0,0.0,3.36,3880.8,0
2026-02-22,2026-02-22 11:00:00,1135.0,1135.0,1135.0,1135.0,0.0,2.0,2270.0,0
2026-02-22,2026-02-22 11:10:00,1135.0,1135.0,1135.0,1135.0,0.0,2.0,2270.0,0
2026-02-22,2026-02-22 11:20:00,1135.0,1135.0,1135.0,1135.0,0.0,2.0,2270.0,0
2026-02-22,2026-02-22 11:30:00,1135.0,1135.0,1135.0,1135.0,0.0,2.0,2270.0,0
2026-02-22,2026-02-22 11:40:00,1135.0,1135.0,1135.0,1135.0,0.0,2.0,2270.0,0
2026-02-22,2026-02-22 11:50:00,1135.0,1135.0,1135.0,1135.0,0.0,2.0,2270.0,0
2026-02-22,2026-02-22 12:00:00,1135.0,1135.0,1135.0,1135.0,0.0,2.0,2270.0,0
2026-02-22,2026-02-22 12:10:00,1135.0,1135.0,1135.0,1135.0,0.0,2.0,2270.0,0
2026-02-22,2026-02-22 12:20:00,1135.0,1135.0,1135.0,1135.0,0.0,2.0,2270.0,0
2026-02-22,2026-02-22 12:30:00,1135.0,1135.0,1135.0,1135.0,0.0,2.0,2270.0,0
2026-02-22,2026-02-22 12:40:00,1135.0,1135.0,1135.0,1135.0,0.0,2.0,2270.0,0
2026-02-22,2026-02-22 12:50:00,1135.0,1135.0,1135.0,1135.0,0.0,2.0,2270.0,0
2026-02-22,2026-02-22 13:00:00,1135.0,1135.0,1135.0,1135.0,0.0,2.0,2270.0,0
2026-02-22,2026-02-22 13:10:00,1135.0,1135.0,1135.0,1135.0,0.0,2.0,2270.0,0
2026-02-22,2026-02-22 13:20:00,1135.0,1135.0,1135.0,1135.0,0.0,2.0,2270.0,0
2026-02-22,2026-02-22 13:30:00,1135.0,1135.0,1135.0,1135.0,0.0,2.0,2270.0,0
2026-02-22,2026-02-22 13:40:00,1135.0,1135.0,1135.0,1135.0,0.0,2.0,2270.0,0
2026-02-22,2026-02-22 13:50:00,1135.0,1135.0,1135.0,1135.0,0.0,2.0,2270.0,0
2026-02-22,2026-02-22 14:00:00,1135.0,1135.0,1135.0,1135.0,0.0,2.0,2270.0,0
2026-02-22,2026-02-22 14:10:00,1135.0,1135.0,1135.0,1135.0,0.0,2.0,2270.0,0
2026-02-22,2026-02-22 14:20:00,1135.0,1135.0,1135.0,1135.0,0.0,2.0,2270.0,0
2026-02-22,2026-02-22 14:30:00,1135.0,1135.0,1135.0,1135.0,0.0,2.0,2270.0,0
2026-02-22,2026-02-22 14:40:00,1135.0,1135.0,1135.0,1135.0,0.0,2.0,2270.0,0
2026-02-22,2026-02-22 14:50:00,1135.0,1135.0,1135.0,1135.0,0.0,2.0,2270.0,0
2026-02-22,2026-02-22 15:00:00,1135.0,1135.0,1135.0,1135.0,0.0,2.0,2270.0,0
2026-02-26,2026-02-26 11:00:00,1150.0,1150.0,1150.0,1150.0,0.0,4.0,4600.0,0
2026-02-26,2026-02-26 11:10:00,1150.0,1150.0,1150.0,1150.0,0.0,4.0,4600.0,0
2026-02-26,2026-02-26 11:20:00,1150.0,1150.0,1150.0,1150.0,0.0,4.0,4600.0,0
2026-02-26,2026-02-26 11:30:00,1150.0,1150.0,1150.0,1150.0,0.0,4.0,4600.0,0
2026-02-26,2026-02-26 11:40:00,1150.0,1150.0,1150.0,1150.0,0.0,4.0,4600.0,0
2026-02-26,2026-02-26 11:50:00,1150.0,1150.0,1150.0,1150.0,0.0,4.0,4600.0,0
2026-02-26,2026-02-26 12:00:00,1150.0,1150.0,1150.0,1150.0,0.0,4.0,4600.0,0
2026-02-26,2026-02-26 12:10:00,1150.0,1150.0,1150.0,1150.0,0.0,4.0,4600.0,0
2026-02-26,2026-02-26 12:20:00,1150.0,1150.0,1150.0,1150.0,0.0,4.0,4600.0,0
2026-02-26,2026-02-26 12:30:00,1150.0,1150.0,1150.0,1150.0,0.0,4.0,4600.0,0
2026-02-26,2026-02-26 12:40:00,1150.0,1150.0,1150.0,1150.0,0.0,4.0,4600.0,0
2026-02-26,2026-02-26 12:50:00,1150.0,1150.0,1150.0,1150.0,0.0,4.0,4600.0,0
2026-02-26,2026-02-26 13:00:00,1150.0,1150.0,1150.0,1150.0,0.0,4.0,4600.0,0
2026-02-26,2026-02-26 13:10:00,1150.0,1150.0,1150.0,1150.0,0.0,4.0,4600.0,0
2026-02-26,2026-02-26 13:20:00,1150.0,1150.0,1150.0,1150.0,0.0,4.0,4600.0,0
2026-02-26,2026-02-26 13:30:00,1150.0,1150.0,1150.0,1150.0,0.0,4.0,4600.0,0
2026-02-26,2026-02-26 13:40:00,1150.0,1150.0,1150.0,1150.0,0.0,4.0,4600.0,0
2026-02-26,2026-02-26 13:50:00,1150.0,1150.0,1150.0,1150.0,0.0,4.0,4600.0,0
2026-02-26,2026-02-26 14:00:00,1150.0,1150.0,1150.0,1150.0,0.0,4.0,4600.0,0
2026-02-26,2026-02-26 14:10:00,1150.0,1150.0,1150.0,1150.0,0.0,4.0,4600.0,0
2026-02-26,2026-02-26 14:20:00,1150.0,1150.0,1150.0,1150.0,0.0,4.0,4600.0,0
2026-02-26,2026-02-26 14:30:00,1150.0,1150.0,1150.0,1150.0,0.0,4.0,4600.0,0
2026-02-26,2026-02-26 14:40:00,1150.0,1150.0,1150.0,1150.0,0.0,4.0,4600.0,0
2026-02-26,2026-02-26 14:50:00,1150.0,1150.0,1150.0,1150.0,0.0,4.0,4600.0,0
2026-02-26,2026-02-26 15:00:00,1150.0,1150.0,1150.0,1150.0,0.0,4.0,4600.0,0
2026-03-15,2026-03-15 11:00:00,1167.0,1167.0,1167.0,1167.0,0.0,7.48,8729.16,0
2026-03-15,2026-03-15 11:10:00,1167.0,1167.0,1167.0,1167.0,0.0,7.48,8729.16,0
2026-03-15,2026-03-15 11:20:00,1167.0,1167.0,1167.0,1167.0,0.0,7.48,8729.16,0
2026-03-15,2026-03-15 11:30:00,1167.0,1167.0,1167.0,1167.0,0.0,7.48,8729.16,0
2026-03-15,2026-03-15 11:40:00,1167.0,1167.0,1167.0,1167.0,0.0,7.48,8729.16,0
2026-03-15,2026-03-15 11:50:00,1167.0,1167.0,1167.0,1167.0,0.0,7.48,8729.16,0
2026-03-15,2026-03-15 12:00:00,1167.0,1167.0,1167.0,1167.0,0.0,7.48,8729.16,0
2026-03-15,2026-03-15 12:10:00,1167.0,1167.0,1167.0,1167.0,0.0,7.48,8729.16,0
2026-03-15,2026-03-15 12:20:00,1167.0,1167.0,1167.0,1167.0,0.0,7.48,8729.16,0
2026-03-15,2026-03-15 12:30:00,1167.0,1167.0,1167.0,1167.0,0.0,7.48,8729.16,0
2026-03-15,2026-03-15 12:40:00,1167.0,1167.0,1167.0,1167.0,0.0,7.48,8729.16,0
2026-03-15,2026-03-15 12:50:00,1167.0,1167.0,1167.0,1167.0,0.0,7.48,8729.16,0
2026-03-15,2026-03-15 13:00:00,1167.0,1167.0,1167.0,1167.0,0.0,7.48,8729.16,0
2026-03-15,2026-03-15 13:10:00,1167.0,1167.0,1167.0,1167.0,0.0,7.48,8729.16,0
2026-03-15,2026-03-15 13:20:00,1167.0,1167.0,1167.0,1167.0,0.0,7.48,8729.16,0
2026-03-15,2026-03-15 13:30:00,1167.0,1167.0,1167.0,1167.0,0.0,7.48,8729.16,0
2026-03-15,2026-03-15 13:40:00,1167.0,1167.0,1167.0,1167.0,0.0,7.48,8729.16,0
2026-03-15,2026-03-15 13:50:00,1167.0,1167.0,1167.0,1167.0,0.0,7.48,8729.16,0
2026-03-15,2026-03-15 14:00:00,1167.0,1167.0,1167.0,1167.0,0.0,7.48,8729.16,0
2026-03-15,2026-03-15 14:10:00,1167.0,1167.0,1167.0,1167.0,0.0,7.48,8729.16,0
2026-03-15,2026-03-15 14:20:00,1167.0,1167.0,1167.0,1167.0,0.0,7.48,8729.16,0
2026-03-15,2026-03-15 14:30:00,1167.0,1167.0,1167.0,1167.0,0.0,7.48,8729.16,0
2026-03-15,2026-03-15 14:40:00,1167.0,1167.0,1167.0,1167.0,0.0,7.48,8729.16,0
2026-03-15,2026-03-15 14:50:00,1167.0,1167.0,1167.0,1167.0,0.0,7.48,8729.16,0
2026-03-15,2026-03-15 15:00:00,1167.0,1167.0,1167.0,1167.0,0.0,7.48,8729.16,0
2026-03-17,2026-03-17 11:00:00,1180.0,1183.09,1180.0,1180.43,0.04,3.6,4264.18,1
2026-03-17,2026-03-17 11:10:00,1180.43,1180.86,1180.43,1180.86,0.04,3.6,4264.18,1
2026-03-17,2026-03-17 11:20:00,1180.86,1181.29,1180.86,1181.29,0.04,3.6,4264.18,1
2026-03-17,2026-03-17 11:30:00,1181.29,1181.72,1181.29,1181.72,0.04,3.6,4264.18,1
2026-03-17,2026-03-17 11:40:00,1181.72,1182.15,1181.72,1182.15,0.04,3.6,4264.18,1
2026-03-17,2026-03-17 11:50:00,1182.15,1182.58,1182.15,1182.58,0.04,3.6,4264.18,1
2026-03-17,2026-03-17 12:00:00,1182.58,1183.0,1182.58,1183.0,0.04,3.6,4264.18,1
2026-03-17,2026-03-17 12:10:00,1183.0,1183.43,1183.0,1183.43,0.04,3.6,4264.18,1
2026-03-17,2026-03-17 12:20:00,1183.43,1183.86,1183.43,1183.86,0.04,3.6,4264.18,1
2026-03-17,2026-03-17 12:30:00,1183.86,1184.29,1183.86,1184.29,0.04,3.6,4264.18,1
2026-03-17,2026-03-17 12:40:00,1184.29,1184.72,1184.29,1184.72,0.04,3.6,4264.18,1
2026-03-17,2026-03-17 12:50:00,1184.72,1185.15,1184.72,1185.15,0.04,3.6,4264.18,1
2026-03-17,2026-03-17 13:00:00,1185.15,1190.3,1180.0,1185.58,0.04,3.6,4264.18,1
2026-03-17,2026-03-17 13:10:00,1185.58,1186.01,1185.58,1186.01,0.04,3.6,4264.18,1
2026-03-17,2026-03-17 13:20:00,1186.01,1186.44,1186.01,1186.44,0.04,3.6,4264.18,1
2026-03-17,2026-03-17 13:30:00,1186.44,1186.87,1186.44,1186.87,0.04,3.6,4264.18,1
2026-03-17,2026-03-17 13:40:00,1186.87,1187.3,1186.87,1187.3,0.04,3.6,4264.18,1
2026-03-17,2026-03-17 13:50:00,1187.3,1187.72,1187.3,1187.72,0.04,3.6,4264.18,1
2026-03-17,2026-03-17 14:00:00,1187.72,1188.15,1187.72,1188.15,0.04,3.6,4264.18,1
2026-03-17,2026-03-17 14:10:00,1188.15,1188.58,1188.15,1188.58,0.04,3.6,4264.18,1
2026-03-17,2026-03-17 14:20:00,1188.58,1189.01,1188.58,1189.01,0.04,3.6,4264.18,1
2026-03-17,2026-03-17 14:30:00,1189.01,1189.44,1189.01,1189.44,0.04,3.6,4264.18,1
2026-03-17,2026-03-17 14:40:00,1189.44,1189.87,1189.44,1189.87,0.04,3.6,4264.18,1
2026-03-17,2026-03-17 14:50:00,1189.87,1190.3,1189.87,1190.3,0.04,3.6,4264.18,1
2026-03-17,2026-03-17 15:00:00,1190.3,1190.3,1180.0,1190.3,0.0,3.6,4264.18,0
2026-04-09,2026-04-09 11:00:00,1166.5,1166.5,1166.5,1166.5,0.0,1.0,1166.5,0
2026-04-09,2026-04-09 11:10:00,1166.5,1166.5,1166.5,1166.5,0.0,1.0,1166.5,0
2026-04-09,2026-04-09 11:20:00,1166.5,1166.5,1166.5,1166.5,0.0,1.0,1166.5,0
2026-04-09,2026-04-09 11:30:00,1166.5,1166.5,1166.5,1166.5,0.0,1.0,1166.5,0
2026-04-09,2026-04-09 11:40:00,1166.5,1166.5,1166.5,1166.5,0.0,1.0,1166.5,0
2026-04-09,2026-04-09 11:50:00,1166.5,1166.5,1166.5,1166.5,0.0,1.0,1166.5,0
2026-04-09,2026-04-09 12:00:00,1166.5,1166.5,1166.5,1166.5,0.0,1.0,1166.5,0
2026-04-09,2026-04-09 12:10:00,1166.5,1166.5,1166.5,1166.5,0.0,1.0,1166.5,0
2026-04-09,2026-04-09 12:20:00,1166.5,1166.5,1166.5,1166.5,0.0,1.0,1166.5,0
2026-04-09,2026-04-09 12:30:00,1166.5,1166.5,1166.5,1166.5,0.0,1.0,1166.5,0
2026-04-09,2026-04-09 12:40:00,1166.5,1166.5,1166.5,1166.5,0.0,1.0,1166.5,0
2026-04-09,2026-04-09 12:50:00,1166.5,1166.5,1166.5,1166.5,0.0,1.0,1166.5,0
2026-04-09,2026-04-09 13:00:00,1166.5,1166.5,1166.5,1166.5,0.0,1.0,1166.5,0
2026-04-09,2026-04-09 13:10:00,1166.5,1166.5,1166.5,1166.5,0.0,1.0,1166.5,0
2026-04-09,2026-04-09 13:20:00,1166.5,1166.5,1166.5,1166.5,0.0,1.0,1166.5,0
2026-04-09,2026-04-09 13:30:00,1166.5,1166.5,1166.5,1166.5,0.0,1.0,1166.5,0
2026-04-09,2026-04-09 13:40:00,1166.5,1166.5,1166.5,1166.5,0.0,1.0,1166.5,0
2026-04-09,2026-04-09 13:50:00,1166.5,1166.5,1166.5,1166.5,0.0,1.0,1166.5,0
2026-04-09,2026-04-09 14:00:00,1166.5,1166.5,1166.5,1166.5,0.0,1.0,1166.5,0
2026-04-09,2026-04-09 14:10:00,1166.5,1166.5,1166.5,1166.5,0.0,1.0,1166.5,0
2026-04-09,2026-04-09 14:20:00,1166.5,1166.5,1166.5,1166.5,0.0,1.0,1166.5,0
2026-04-09,2026-04-09 14:30:00,1166.5,1166.5,1166.5,1166.5,0.0,1.0,1166.5,0
2026-04-09,2026-04-09 14:40:00,1166.5,1166.5,1166.5,1166.5,0.0,1.0,1166.5,0
2026-04-09,2026-04-09 14:50:00,1166.5,1166.5,1166.5,1166.5,0.0,1.0,1166.5,0
2026-04-09,2026-04-09 15:00:00,1166.5,1166.5,1166.5,1166.5,0.0,1.0,1166.5,0
2026-04-15,2026-04-15 11:00:00,1144.0,1144.0,1144.0,1144.0,0.0,1.0,1144.0,0
2026-04-15,2026-04-15 11:10:00,1144.0,1144.0,1144.0,1144.0,0.0,1.0,1144.0,0
2026-04-15,2026-04-15 11:20:00,1144.0,1144.0,1144.0,1144.0,0.0,1.0,1144.0,0
2026-04-15,2026-04-15 11:30:00,1144.0,1144.0,1144.0,1144.0,0.0,1.0,1144.0,0
2026-04-15,2026-04-15 11:40:00,1144.0,1144.0,1144.0,1144.0,0.0,1.0,1144.0,0
2026-04-15,2026-04-15 11:50:00,1144.0,1144.0,1144.0,1144.0,0.0,1.0,1144.0,0
2026-04-15,2026-04-15 12:00:00,1144.0,1144.0,1144.0,1144.0,0.0,1.0,1144.0,0
2026-04-15,2026-04-15 12:10:00,1144.0,1144.0,1144.0,1144.0,0.0,1.0,1144.0,0
2026-04-15,2026-04-15 12:20:00,1144.0,1144.0,1144.0,1144.0,0.0,1.0,1144.0,0
2026-04-15,2026-04-15 12:30:00,1144.0,1144.0,1144.0,1144.0,0.0,1.0,1144.0,0
2026-04-15,2026-04-15 12:40:00,1144.0,1144.0,1144.0,1144.0,0.0,1.0,1144.0,0
2026-04-15,2026-04-15 12:50:00,1144.0,1144.0,1144.0,1144.0,0.0,1.0,1144.0,0
2026-04-15,2026-04-15 13:00:00,1144.0,1144.0,1144.0,1144.0,0.0,1.0,1144.0,0
2026-04-15,2026-04-15 13:10:00,1144.0,1144.0,1144.0,1144.0,0.0,1.0,1144.0,0
2026-04-15,2026-04-15 13:20:00,1144.0,1144.0,1144.0,1144.0,0.0,1.0,1144.0,0
2026-04-15,2026-04-15 13:30:00,1144.0,1144.0,1144.0,1144.0,0.0,1.0,1144.0,0
2026-04-15,2026-04-15 13:40:00,1144.0,1144.0,1144.0,1144.0,0.0,1.0,1144.0,0
2026-04-15,2026-04-15 13:50:00,1144.0,1144.0,1144.0,1144.0,0.0,1.0,1144.0,0
2026-04-15,2026-04-15 14:00:00,1144.0,1144.0,1144.0,1144.0,0.0,1.0,1144.0,0
2026-04-15,2026-04-15 14:10:00,1144.0,1144.0,1144.0,1144.0,0.0,1.0,1144.0,0
2026-04-15,2026-04-15 14:20:00,1144.0,1144.0,1144.0,1144.0,0.0,1.0,1144.0,0
2026-04-15,2026-04-15 14:30:00,1144.0,1144.0,1144.0,1144.0,0.0,1.0,1144.0,0
2026-04-15,2026-04-15 14:40:00,1144.0,1144.0,1144.0,1144.0,0.0,1.0,1144.0,0
2026-04-15,2026-04-15 14:50:00,1144.0,1144.0,1144.0,1144.0,0.0,1.0,1144.0,0
2026-04-15,2026-04-15 15:00:00,1144.0,1144.0,1144.0,1144.0,0.0,1.0,1144.0,0
2026-05-04,2026-05-04 11:00:00,1123.0,1123.0,1123.0,1123.0,0.0,1.0,1123.0,0
2026-05-04,2026-05-04 11:10:00,1123.0,1123.0,1123.0,1123.0,0.0,1.0,1123.0,0
2026-05-04,2026-05-04 11:20:00,1123.0,1123.0,1123.0,1123.0,0.0,1.0,1123.0,0
2026-05-04,2026-05-04 11:30:00,1123.0,1123.0,1123.0,1123.0,0.0,1.0,1123.0,0
2026-05-04,2026-05-04 11:40:00,1123.0,1123.0,1123.0,1123.0,0.0,1.0,1123.0,0
2026-05-04,2026-05-04 11:50:00,1123.0,1123.0,1123.0,1123.0,0.0,1.0,1123.0,0
2026-05-04,2026-05-04 12:00:00,1123.0,1123.0,1123.0,1123.0,0.0,1.0,1123.0,0
2026-05-04,2026-05-04 12:10:00,1123.0,1123.0,1123.0,1123.0,0.0,1.0,1123.0,0
2026-05-04,2026-05-04 12:20:00,1123.0,1123.0,1123.0,1123.0,0.0,1.0,1123.0,0
2026-05-04,2026-05-04 12:30:00,1123.0,1123.0,1123.0,1123.0,0.0,1.0,1123.0,0
2026-05-04,2026-05-04 12:40:00,1123.0,1123.0,1123.0,1123.0,0.0,1.0,1123.0,0
2026-05-04,2026-05-04 12:50:00,1123.0,1123.0,1123.0,1123.0,0.0,1.0,1123.0,0
2026-05-04,2026-05-04 13:00:00,1123.0,1123.0,1123.0,1123.0,0.0,1.0,1123.0,0
2026-05-04,2026-05-04 13:10:00,1123.0,1123.0,1123.0,1123.0,0.0,1.0,1123.0,0
2026-05-04,2026-05-04 13:20:00,1123.0,1123.0,1123.0,1123.0,0.0,1.0,1123.0,0
2026-05-04,2026-05-04 13:30:00,1123.0,1123.0,1123.0,1123.0,0.0,1.0,1123.0,0
2026-05-04,2026-05-04 13:40:00,1123.0,1123.0,1123.0,1123.0,0.0,1.0,1123.0,0
2026-05-04,2026-05-04 13:50:00,1123.0,1123.0,1123.0,1123.0,0.0,1.0,1123.0,0
2026-05-04,2026-05-04 14:00:00,1123.0,1123.0,1123.0,1123.0,0.0,1.0,1123.0,0
2026-05-04,2026-05-04 14:10:00,1123.0,1123.0,1123.0,1123.0,0.0,1.0,1123.0,0
2026-05-04,2026-05-04 14:20:00,1123.0,1123.0,1123.0,1123.0,0.0,1.0,1123.0,0
2026-05-04,2026-05-04 14:30:00,1123.0,1123.0,1123.0,1123.0,0.0,1.0,1123.0,0
2026-05-04,2026-05-04 14:40:00,1123.0,1123.0,1123.0,1123.0,0.0,1.0,1123.0,0
2026-05-04,2026-05-04 14:50:00,1123.0,1123.0,1123.0,1123.0,0.0,1.0,1123.0,0
2026-05-04,2026-05-04 15:00:00,1123.0,1123.0,1123.0,1123.0,0.0,1.0,1123.0,0
2026-05-15,2026-05-15 11:00:00,1125.0,1125.0,1125.0,1125.0,0.0,0.4,450.0,0
2026-05-15,2026-05-15 11:10:00,1125.0,1125.0,1125.0,1125.0,0.0,0.4,450.0,0
2026-05-15,2026-05-15 11:20:00,1125.0,1125.0,1125.0,1125.0,0.0,0.4,450.0,0
2026-05-15,2026-05-15 11:30:00,1125.0,1125.0,1125.0,1125.0,0.0,0.4,450.0,0
2026-05-15,2026-05-15 11:40:00,1125.0,1125.0,1125.0,1125.0,0.0,0.4,450.0,0
2026-05-15,2026-05-15 11:50:00,1125.0,1125.0,1125.0,1125.0,0.0,0.4,450.0,0
2026-05-15,2026-05-15 12:00:00,1125.0,1125.0,1125.0,1125.0,0.0,0.4,450.0,0
2026-05-15,2026-05-15 12:10:00,1125.0,1125.0,1125.0,1125.0,0.0,0.4,450.0,0
2026-05-15,2026-05-15 12:20:00,1125.0,1125.0,1125.0,1125.0,0.0,0.4,450.0,0
2026-05-15,2026-05-15 12:30:00,1125.0,1125.0,1125.0,1125.0,0.0,0.4,450.0,0
2026-05-15,2026-05-15 12:40:00,1125.0,1125.0,1125.0,1125.0,0.0,0.4,450.0,0
2026-05-15,2026-05-15 12:50:00,1125.0,1125.0,1125.0,1125.0,0.0,0.4,450.0,0
2026-05-15,2026-05-15 13:00:00,1125.0,1125.0,1125.0,1125.0,0.0,0.4,450.0,0
2026-05-15,2026-05-15 13:10:00,1125.0,1125.0,1125.0,1125.0,0.0,0.4,450.0,0
2026-05-15,2026-05-15 13:20:00,1125.0,1125.0,1125.0,1125.0,0.0,0.4,450.0,0
2026-05-15,2026-05-15 13:30:00,1125.0,1125.0,1125.0,1125.0,0.0,0.4,450.0,0
2026-05-15,2026-05-15 13:40:00,1125.0,1125.0,1125.0,1125.0,0.0,0.4,450.0,0
2026-05-15,2026-05-15 13:50:00,1125.0,1125.0,1125.0,1125.0,0.0,0.4,450.0,0
2026-05-15,2026-05-15 14:00:00,1125.0,1125.0,1125.0,1125.0,0.0,0.4,450.0,0
2026-05-15,2026-05-15 14:10:00,1125.0,1125.0,1125.0,1125.0,0.0,0.4,450.0,0
2026-05-15,2026-05-15 14:20:00,1125.0,1125.0,1125.0,1125.0,0.0,0.4,450.0,0
2026-05-15,2026-05-15 14:30:00,1125.0,1125.0,1125.0,1125.0,0.0,0.4,450.0,0
2026-05-15,2026-05-15 14:40:00,1125.0,1125.0,1125.0,1125.0,0.0,0.4,450.0,0
2026-05-15,2026-05-15 14:50:00,1125.0,1125.0,1125.0,1125.0,0.0,0.4,450.0,0
2026-05-15,2026-05-15 15:00:00,1125.0,1125.0,1125.0,1125.0,0.0,0.4,450.0,0
2026-05-18,2026-05-18 11:00:00,1125.9,1125.9,1125.9,1125.9,0.0,0.6,675.54,0
2026-05-18,2026-05-18 11:10:00,1125.9,1125.9,1125.9,1125.9,0.0,0.6,675.54,0
2026-05-18,2026-05-18 11:20:00,1125.9,1125.9,1125.9,1125.9,0.0,0.6,675.54,0
2026-05-18,2026-05-18 11:30:00,1125.9,1125.9,1125.9,1125.9,0.0,0.6,675.54,0
2026-05-18,2026-05-18 11:40:00,1125.9,1125.9,1125.9,1125.9,0.0,0.6,675.54,0
2026-05-18,2026-05-18 11:50:00,1125.9,1125.9,1125.9,1125.9,0.0,0.6,675.54,0
2026-05-18,2026-05-18 12:00:00,1125.9,1125.9,1125.9,1125.9,0.0,0.6,675.54,0
2026-05-18,2026-05-18 12:10:00,1125.9,1125.9,1125.9,1125.9,0.0,0.6,675.54,0
2026-05-18,2026-05-18 12:20:00,1125.9,1125.9,1125.9,1125.9,0.0,0.6,675.54,0
2026-05-18,2026-05-18 12:30:00,1125.9,1125.9,1125.9,1125.9,0.0,0.6,675.54,0
2026-05-18,2026-05-18 12:40:00,1125.9,1125.9,1125.9,1125.9,0.0,0.6,675.54,0
2026-05-18,2026-05-18 12:50:00,1125.9,1125.9,1125.9,1125.9,0.0,0.6,675.54,0
2026-05-18,2026-05-18 13:00:00,1125.9,1125.9,1125.9,1125.9,0.0,0.6,675.54,0
2026-05-18,2026-05-18 13:10:00,1125.9,1125.9,1125.9,1125.9,0.0,0.6,675.54,0
2026-05-18,2026-05-18 13:20:00,1125.9,1125.9,1125.9,1125.9,0.0,0.6,675.54,0
2026-05-18,2026-05-18 13:30:00,1125.9,1125.9,1125.9,1125.9,0.0,0.6,675.54,0
2026-05-18,2026-05-18 13:40:00,1125.9,1125.9,1125.9,1125.9,0.0,0.6,675.54,0
2026-05-18,2026-05-18 13:50:00,1125.9,1125.9,1125.9,1125.9,0.0,0.6,675.54,0
2026-05-18,2026-05-18 14:00:00,1125.9,1125.9,1125.9,1125.9,0.0,0.6,675.54,0
2026-05-18,2026-05-18 14:10:00,1125.9,1125.9,1125.9,1125.9,0.0,0.6,675.54,0
2026-05-18,2026-05-18 14:20:00,1125.9,1125.9,1125.9,1125.9,0.0,0.6,675.54,0
2026-05-18,2026-05-18 14:30:00,1125.9,1125.9,1125.9,1125.9,0.0,0.6,675.54,0
2026-05-18,2026-05-18 14:40:00,1125.9,1125.9,1125.9,1125.9,0.0,0.6,675.54,0
2026-05-18,2026-05-18 14:50:00,1125.9,1125.9,1125.9,1125.9,0.0,0.6,675.54,0
2026-05-18,2026-05-18 15:00:00,1125.9,1125.9,1125.9,1125.9,0.0,0.6,675.54,0
2026-05-27,2026-05-27 11:00:00,1127.0,1127.0,1119.8,1126.0,-0.09,17.0,18812.9,-1
2026-05-27,2026-05-27 11:10:00,1126.0,1126.0,1125.0,1125.0,-0.09,17.0,18812.9,-1
2026-05-27,2026-05-27 11:20:00,1125.0,1125.0,1124.0,1124.0,-0.09,17.0,18812.9,-1
2026-05-27,2026-05-27 11:30:00,1124.0,1124.0,1123.0,1123.0,-0.09,17.0,18812.9,-1
2026-05-27,2026-05-27 11:40:00,1123.0,1123.0,1122.0,1122.0,-0.09,17.0,18812.9,-1
2026-05-27,2026-05-27 11:50:00,1122.0,1122.0,1121.0,1121.0,-0.09,17.0,18812.9,-1
2026-05-27,2026-05-27 12:00:00,1121.0,1121.0,1120.0,1120.0,-0.09,17.0,18812.9,-1
2026-05-27,2026-05-27 12:10:00,1120.0,1120.0,1119.0,1119.0,-0.09,17.0,18812.9,-1
2026-05-27,2026-05-27 12:20:00,1119.0,1119.0,1118.0,1118.0,-0.09,17.0,18812.9,-1
2026-05-27,2026-05-27 12:30:00,1118.0,1118.0,1117.0,1117.0,-0.09,17.0,18812.9,-1
2026-05-27,2026-05-27 12:40:00,1117.0,1117.0,1116.0,1116.0,-0.09,17.0,18812.9,-1
2026-05-27,2026-05-27 12:50:00,1116.0,1116.0,1115.0,1115.0,-0.09,17.0,18812.9,-1
2026-05-27,2026-05-27 13:00:00,1115.0,1127.0,1103.0,1114.0,-0.09,17.0,18812.9,-1
2026-05-27,2026-05-27 13:10:00,1114.0,1114.0,1113.0,1113.0,-0.09,17.0,18812.9,-1
2026-05-27,2026-05-27 13:20:00,1113.0,1113.0,1112.0,1112.0,-0.09,17.0,18812.9,-1
2026-05-27,2026-05-27 13:30:00,1112.0,1112.0,1111.0,1111.0,-0.09,17.0,18812.9,-1
2026-05-27,2026-05-27 13:40:00,1111.0,1111.0,1110.0,1110.0,-0.09,17.0,18812.9,-1
2026-05-27,2026-05-27 13:50:00,1110.0,1110.0,1109.0,1109.0,-0.09,17.0,18812.9,-1
2026-05-27,2026-05-27 14:00:00,1109.0,1109.0,1108.0,1108.0,-0.09,17.0,18812.9,-1
2026-05-27,2026-05-27 14:10:00,1108.0,1108.0,1107.0,1107.0,-0.09,17.0,18812.9,-1
2026-05-27,2026-05-27 14:20:00,1107.0,1107.0,1106.0,1106.0,-0.09,17.0,18812.9,-1
2026-05-27,2026-05-27 14:30:00,1106.0,1106.0,1105.0,1105.0,-0.09,17.0,18812.9,-1
2026-05-27,2026-05-27 14:40:00,1105.0,1105.0,1104.0,1104.0,-0.09,17.0,18812.9,-1
2026-05-27,2026-05-27 14:50:00,1104.0,1104.0,1103.0,1103.0,-0.09,17.0,18812.9,-1
2026-05-27,2026-05-27 15:00:00,1103.0,1127.0,1103.0,1103.0,0.0,17.0,18812.9,0
2026-06-01,2026-06-01 11:00:00,1123.0,1123.0,1123.0,1123.0,0.0,1.0,1123.0,0
2026-06-01,2026-06-01 11:10:00,1123.0,1123.0,1123.0,1123.0,0.0,1.0,1123.0,0
2026-06-01,2026-06-01 11:20:00,1123.0,1123.0,1123.0,1123.0,0.0,1.0,1123.0,0
2026-06-01,2026-06-01 11:30:00,1123.0,1123.0,1123.0,1123.0,0.0,1.0,1123.0,0
2026-06-01,2026-06-01 11:40:00,1123.0,1123.0,1123.0,1123.0,0.0,1.0,1123.0,0
2026-06-01,2026-06-01 11:50:00,1123.0,1123.0,1123.0,1123.0,0.0,1.0,1123.0,0
2026-06-01,2026-06-01 12:00:00,1123.0,1123.0,1123.0,1123.0,0.0,1.0,1123.0,0
2026-06-01,2026-06-01 12:10:00,1123.0,1123.0,1123.0,1123.0,0.0,1.0,1123.0,0
2026-06-01,2026-06-01 12:20:00,1123.0,1123.0,1123.0,1123.0,0.0,1.0,1123.0,0
2026-06-01,2026-06-01 12:30:00,1123.0,1123.0,1123.0,1123.0,0.0,1.0,1123.0,0
2026-06-01,2026-06-01 12:40:00,1123.0,1123.0,1123.0,1123.0,0.0,1.0,1123.0,0
2026-06-01,2026-06-01 12:50:00,1123.0,1123.0,1123.0,1123.0,0.0,1.0,1123.0,0
2026-06-01,2026-06-01 13:00:00,1123.0,1123.0,1123.0,1123.0,0.0,1.0,1123.0,0
2026-06-01,2026-06-01 13:10:00,1123.0,1123.0,1123.0,1123.0,0.0,1.0,1123.0,0
2026-06-01,2026-06-01 13:20:00,1123.0,1123.0,1123.0,1123.0,0.0,1.0,1123.0,0
2026-06-01,2026-06-01 13:30:00,1123.0,1123.0,1123.0,1123.0,0.0,1.0,1123.0,0
2026-06-01,2026-06-01 13:40:00,1123.0,1123.0,1123.0,1123.0,0.0,1.0,1123.0,0
2026-06-01,2026-06-01 13:50:00,1123.0,1123.0,1123.0,1123.0,0.0,1.0,1123.0,0
2026-06-01,2026-06-01 14:00:00,1123.0,1123.0,1123.0,1123.0,0.0,1.0,1123.0,0
2026-06-01,2026-06-01 14:10:00,1123.0,1123.0,1123.0,1123.0,0.0,1.0,1123.0,0
2026-06-01,2026-06-01 14:20:00,1123.0,1123.0,1123.0,1123.0,0.0,1.0,1123.0,0
2026-06-01,2026-06-01 14:30:00,1123.0,1123.0,1123.0,1123.0,0.0,1.0,1123.0,0
2026-06-01,2026-06-01 14:40:00,1123.0,1123.0,1123.0,1123.0,0.0,1.0,1123.0,0
2026-06-01,2026-06-01 14:50:00,1123.0,1123.0,1123.0,1123.0,0.0,1.0,1123.0,0
2026-06-01,2026-06-01 15:00:00,1123.0,1123.0,1123.0,1123.0,0.0,1.0,1123.0,0
2026-06-03,2026-06-03 11:00:00,1130.0,1130.0,1115.9,1128.04,-0.17,3693.04,3999776.2,-1
2026-06-03,2026-06-03 11:10:00,1128.04,1128.04,1126.08,1126.08,-0.17,3693.04,3999776.2,-1
2026-06-03,2026-06-03 11:20:00,1126.08,1126.08,1124.12,1124.12,-0.17,3693.04,3999776.2,-1
2026-06-03,2026-06-03 11:30:00,1124.12,1124.12,1122.17,1122.17,-0.17,3693.04,3999776.2,-1
2026-06-03,2026-06-03 11:40:00,1122.17,1122.17,1120.21,1120.21,-0.17,3693.04,3999776.2,-1
2026-06-03,2026-06-03 11:50:00,1120.21,1120.21,1118.25,1118.25,-0.17,3693.04,3999776.2,-1
2026-06-03,2026-06-03 12:00:00,1118.25,1118.25,1116.29,1116.29,-0.18,3693.04,3999776.2,-1
2026-06-03,2026-06-03 12:10:00,1116.29,1116.29,1114.33,1114.33,-0.18,3693.04,3999776.2,-1
2026-06-03,2026-06-03 12:20:00,1114.33,1114.33,1112.38,1112.38,-0.17,3693.04,3999776.2,-1
2026-06-03,2026-06-03 12:30:00,1112.38,1112.38,1110.42,1110.42,-0.18,3693.04,3999776.2,-1
2026-06-03,2026-06-03 12:40:00,1110.42,1110.42,1108.46,1108.46,-0.18,3693.04,3999776.2,-1
2026-06-03,2026-06-03 12:50:00,1108.46,1108.46,1106.5,1106.5,-0.18,3693.04,3999776.2,-1
2026-06-03,2026-06-03 13:00:00,1106.5,1130.0,1083.0,1104.54,-0.18,3693.04,3999776.2,-1
2026-06-03,2026-06-03 13:10:00,1104.54,1104.54,1102.58,1102.58,-0.18,3693.04,3999776.2,-1
2026-06-03,2026-06-03 13:20:00,1102.58,1102.58,1100.62,1100.62,-0.18,3693.04,3999776.2,-1
2026-06-03,2026-06-03 13:30:00,1100.62,1100.62,1098.67,1098.67,-0.18,3693.04,3999776.2,-1
2026-06-03,2026-06-03 13:40:00,1098.67,1098.67,1096.71,1096.71,-0.18,3693.04,3999776.2,-1
2026-06-03,2026-06-03 13:50:00,1096.71,1096.71,1094.75,1094.75,-0.18,3693.04,3999776.2,-1
2026-06-03,2026-06-03 14:00:00,1094.75,1094.75,1092.79,1092.79,-0.18,3693.04,3999776.2,-1
2026-06-03,2026-06-03 14:10:00,1092.79,1092.79,1090.83,1090.83,-0.18,3693.04,3999776.2,-1
2026-06-03,2026-06-03 14:20:00,1090.83,1090.83,1088.88,1088.88,-0.18,3693.04,3999776.2,-1
2026-06-03,2026-06-03 14:30:00,1088.88,1088.88,1086.92,1086.92,-0.18,3693.04,3999776.2,-1
2026-06-03,2026-06-03 14:40:00,1086.92,1086.92,1084.96,1084.96,-0.18,3693.04,3999776.2,-1
2026-06-03,2026-06-03 14:50:00,1084.96,1084.96,1083.0,1083.0,-0.18,3693.04,3999776.2,-1
2026-06-03,2026-06-03 15:00:00,1083.0,1130.0,1083.0,1083.0,0.0,3693.04,3999776.2,0
2026-06-05,2026-06-05 11:00:00,1115.4,1125.78,1106.28,1116.84,0.13,6924.8,7544822.12,1
2026-06-05,2026-06-05 11:10:00,1116.84,1118.28,1116.84,1118.28,0.13,6924.8,7544822.12,1
2026-06-05,2026-06-05 11:20:00,1118.28,1119.73,1118.28,1119.73,0.13,6924.8,7544822.12,1
2026-06-05,2026-06-05 11:30:00,1119.73,1121.17,1119.73,1121.17,0.13,6924.8,7544822.12,1
2026-06-05,2026-06-05 11:40:00,1121.17,1122.61,1121.17,1122.61,0.13,6924.8,7544822.12,1
2026-06-05,2026-06-05 11:50:00,1122.61,1124.05,1122.61,1124.05,0.13,6924.8,7544822.12,1
2026-06-05,2026-06-05 12:00:00,1124.05,1125.49,1124.05,1125.49,0.13,6924.8,7544822.12,1
2026-06-05,2026-06-05 12:10:00,1125.49,1126.93,1125.49,1126.93,0.13,6924.8,7544822.12,1
2026-06-05,2026-06-05 12:20:00,1126.93,1128.38,1126.93,1128.38,0.13,6924.8,7544822.12,1
2026-06-05,2026-06-05 12:30:00,1128.38,1129.82,1128.38,1129.82,0.13,6924.8,7544822.12,1
2026-06-05,2026-06-05 12:40:00,1129.82,1131.26,1129.82,1131.26,0.13,6924.8,7544822.12,1
2026-06-05,2026-06-05 12:50:00,1131.26,1132.7,1131.26,1132.7,0.13,6924.8,7544822.12,1
2026-06-05,2026-06-05 13:00:00,1132.7,1150.0,1085.0,1134.14,0.13,6924.8,7544822.12,1
2026-06-05,2026-06-05 13:10:00,1134.14,1135.58,1134.14,1135.58,0.13,6924.8,7544822.12,1
2026-06-05,2026-06-05 13:20:00,1135.58,1137.03,1135.58,1137.03,0.13,6924.8,7544822.12,1
2026-06-05,2026-06-05 13:30:00,1137.03,1138.47,1137.03,1138.47,0.13,6924.8,7544822.12,1
2026-06-05,2026-06-05 13:40:00,1138.47,1139.91,1138.47,1139.91,0.13,6924.8,7544822.12,1
2026-06-05,2026-06-05 13:50:00,1139.91,1141.35,1139.91,1141.35,0.13,6924.8,7544822.12,1
2026-06-05,2026-06-05 14:00:00,1141.35,1142.79,1141.35,1142.79,0.13,6924.8,7544822.12,1
2026-06-05,2026-06-05 14:10:00,1142.79,1144.23,1142.79,1144.23,0.13,6924.8,7544822.12,1
2026-06-05,2026-06-05 14:20:00,1144.23,1145.67,1144.23,1145.67,0.13,6924.8,7544822.12,1
2026-06-05,2026-06-05 14:30:00,1145.67,1147.12,1145.67,1147.12,0.13,6924.8,7544822.12,1
2026-06-05,2026-06-05 14:40:00,1147.12,1148.56,1147.12,1148.56,0.13,6924.8,7544822.12,1
2026-06-05,2026-06-05 14:50:00,1148.56,1150.0,1148.56,1150.0,0.13,6924.8,7544822.12,1
2026-06-05,2026-06-05 15:00:00,1150.0,1150.0,1085.0,1150.0,0.0,6924.8,7544822.12,0
2026-06-09,2026-06-09 11:00:00,1182.0,1182.0,1179.9,1182.0,0.0,10592.8,12516261.0,0
2026-06-09,2026-06-09 11:10:00,1182.0,1182.0,1182.0,1182.0,0.0,10592.8,12516261.0,0
2026-06-09,2026-06-09 11:20:00,1182.0,1182.0,1182.0,1182.0,0.0,10592.8,12516261.0,0
2026-06-09,2026-06-09 11:30:00,1182.0,1182.0,1182.0,1182.0,0.0,10592.8,12516261.0,0
2026-06-09,2026-06-09 11:40:00,1182.0,1182.0,1182.0,1182.0,0.0,10592.8,12516261.0,0
2026-06-09,2026-06-09 11:50:00,1182.0,1182.0,1182.0,1182.0,0.0,10592.8,12516261.0,0
2026-06-09,2026-06-09 12:00:00,1182.0,1182.0,1182.0,1182.0,0.0,10592.8,12516261.0,0
2026-06-09,2026-06-09 12:10:00,1182.0,1182.0,1182.0,1182.0,0.0,10592.8,12516261.0,0
2026-06-09,2026-06-09 12:20:00,1182.0,1182.0,1182.0,1182.0,0.0,10592.8,12516261.0,0
2026-06-09,2026-06-09 12:30:00,1182.0,1182.0,1182.0,1182.0,0.0,10592.8,12516261.0,0
2026-06-09,2026-06-09 12:40:00,1182.0,1182.0,1182.0,1182.0,0.0,10592.8,12516261.0,0
2026-06-09,2026-06-09 12:50:00,1182.0,1182.0,1182.0,1182.0,0.0,10592.8,12516261.0,0
2026-06-09,2026-06-09 13:00:00,1182.0,1182.0,1175.0,1182.0,0.0,10592.8,12516261.0,0
2026-06-09,2026-06-09 13:10:00,1182.0,1182.0,1182.0,1182.0,0.0,10592.8,12516261.0,0
2026-06-09,2026-06-09 13:20:00,1182.0,1182.0,1182.0,1182.0,0.0,10592.8,12516261.0,0
2026-06-09,2026-06-09 13:30:00,1182.0,1182.0,1182.0,1182.0,0.0,10592.8,12516261.0,0
2026-06-09,2026-06-09 13:40:00,1182.0,1182.0,1182.0,1182.0,0.0,10592.8,12516261.0,0
2026-06-09,2026-06-09 13:50:00,1182.0,1182.0,1182.0,1182.0,0.0,10592.8,12516261.0,0
2026-06-09,2026-06-09 14:00:00,1182.0,1182.0,1182.0,1182.0,0.0,10592.8,12516261.0,0
2026-06-09,2026-06-09 14:10:00,1182.0,1182.0,1182.0,1182.0,0.0,10592.8,12516261.0,0
2026-06-09,2026-06-09 14:20:00,1182.0,1182.0,1182.0,1182.0,0.0,10592.8,12516261.0,0
2026-06-09,2026-06-09 14:30:00,1182.0,1182.0,1182.0,1182.0,0.0,10592.8,12516261.0,0
2026-06-09,2026-06-09 14:40:00,1182.0,1182.0,1182.0,1182.0,0.0,10592.8,12516261.0,0
2026-06-09,2026-06-09 14:50:00,1182.0,1182.0,1182.0,1182.0,0.0,10592.8,12516261.0,0
2026-06-09,2026-06-09 15:00:00,1182.0,1182.0,1175.0,1182.0,0.0,10592.8,12516261.0,0
2026-06-10,2026-06-10 11:00:00,1185.0,1185.9,1185.0,1185.12,0.01,2.0,2374.2,1
2026-06-10,2026-06-10 11:10:00,1185.12,1185.25,1185.12,1185.25,0.01,2.0,2374.2,1
2026-06-10,2026-06-10 11:20:00,1185.25,1185.38,1185.25,1185.38,0.01,2.0,2374.2,1
2026-06-10,2026-06-10 11:30:00,1185.38,1185.5,1185.38,1185.5,0.01,2.0,2374.2,1
2026-06-10,2026-06-10 11:40:00,1185.5,1185.62,1185.5,1185.62,0.01,2.0,2374.2,1
2026-06-10,2026-06-10 11:50:00,1185.62,1185.75,1185.62,1185.75,0.01,2.0,2374.2,1
2026-06-10,2026-06-10 12:00:00,1185.75,1185.88,1185.75,1185.88,0.01,2.0,2374.2,1
2026-06-10,2026-06-10 12:10:00,1185.88,1186.0,1185.88,1186.0,0.01,2.0,2374.2,1
2026-06-10,2026-06-10 12:20:00,1186.0,1186.12,1186.0,1186.12,0.01,2.0,2374.2,1
2026-06-10,2026-06-10 12:30:00,1186.12,1186.25,1186.12,1186.25,0.01,2.0,2374.2,1
2026-06-10,2026-06-10 12:40:00,1186.25,1186.38,1186.25,1186.38,0.01,2.0,2374.2,1
2026-06-10,2026-06-10 12:50:00,1186.38,1186.5,1186.38,1186.5,0.01,2.0,2374.2,1
2026-06-10,2026-06-10 13:00:00,1186.5,1188.0,1185.0,1186.62,0.01,2.0,2374.2,1
2026-06-10,2026-06-10 13:10:00,1186.62,1186.75,1186.62,1186.75,0.01,2.0,2374.2,1
2026-06-10,2026-06-10 13:20:00,1186.75,1186.88,1186.75,1186.88,0.01,2.0,2374.2,1
2026-06-10,2026-06-10 13:30:00,1186.88,1187.0,1186.88,1187.0,0.01,2.0,2374.2,1
2026-06-10,2026-06-10 13:40:00,1187.0,1187.12,1187.0,1187.12,0.01,2.0,2374.2,1
2026-06-10,2026-06-10 13:50:00,1187.12,1187.25,1187.12,1187.25,0.01,2.0,2374.2,1
2026-06-10,2026-06-10 14:00:00,1187.25,1187.38,1187.25,1187.38,0.01,2.0,2374.2,1
2026-06-10,2026-06-10 14:10:00,1187.38,1187.5,1187.38,1187.5,0.01,2.0,2374.2,1
2026-06-10,2026-06-10 14:20:00,1187.5,1187.62,1187.5,1187.62,0.01,2.0,2374.2,1
2026-06-10,2026-06-10 14:30:00,1187.62,1187.75,1187.62,1187.75,0.01,2.0,2374.2,1
2026-06-10,2026-06-10 14:40:00,1187.75,1187.88,1187.75,1187.88,0.01,2.0,2374.2,1
2026-06-10,2026-06-10 14:50:00,1187.88,1188.0,1187.88,1188.0,0.01,2.0,2374.2,1
2026-06-10,2026-06-10 15:00:00,1188.0,1188.0,1185.0,1188.0,0.0,2.0,2374.2,0
2026-06-11,2026-06-11 11:00:00,1152.4,1152.4,1151.18,1151.18,-0.11,1.2,1377.08,-1
2026-06-11,2026-06-11 11:10:00,1151.18,1151.18,1149.95,1149.95,-0.11,1.2,1377.08,-1
2026-06-11,2026-06-11 11:20:00,1149.95,1149.95,1148.73,1148.73,-0.11,1.2,1377.08,-1
2026-06-11,2026-06-11 11:30:00,1148.73,1148.73,1147.5,1147.5,-0.11,1.2,1377.08,-1
2026-06-11,2026-06-11 11:40:00,1147.5,1147.5,1146.28,1146.28,-0.11,1.2,1377.08,-1
2026-06-11,2026-06-11 11:50:00,1146.28,1146.28,1145.05,1145.05,-0.11,1.2,1377.08,-1
2026-06-11,2026-06-11 12:00:00,1145.05,1145.05,1143.83,1143.83,-0.11,1.2,1377.08,-1
2026-06-11,2026-06-11 12:10:00,1143.83,1143.83,1142.6,1142.6,-0.11,1.2,1377.08,-1
2026-06-11,2026-06-11 12:20:00,1142.6,1142.6,1141.38,1141.38,-0.11,1.2,1377.08,-1
2026-06-11,2026-06-11 12:30:00,1141.38,1141.38,1140.15,1140.15,-0.11,1.2,1377.08,-1
2026-06-11,2026-06-11 12:40:00,1140.15,1140.15,1138.92,1138.92,-0.11,1.2,1377.08,-1
2026-06-11,2026-06-11 12:50:00,1138.92,1138.92,1137.7,1137.7,-0.11,1.2,1377.08,-1
2026-06-11,2026-06-11 13:00:00,1137.7,1152.4,1136.48,1136.48,-0.11,1.2,1377.08,-1
2026-06-11,2026-06-11 13:10:00,1136.48,1136.48,1135.25,1135.25,-0.11,1.2,1377.08,-1
2026-06-11,2026-06-11 13:20:00,1135.25,1135.25,1134.03,1134.03,-0.11,1.2,1377.08,-1
2026-06-11,2026-06-11 13:30:00,1134.03,1134.03,1132.8,1132.8,-0.11,1.2,1377.08,-1
2026-06-11,2026-06-11 13:40:00,1132.8,1132.8,1131.58,1131.58,-0.11,1.2,1377.08,-1
2026-06-11,2026-06-11 13:50:00,1131.58,1131.58,1130.35,1130.35,-0.11,1.2,1377.08,-1
2026-06-11,2026-06-11 14:00:00,1130.35,1130.35,1129.12,1129.12,-0.11,1.2,1377.08,-1
2026-06-11,2026-06-11 14:10:00,1129.12,1129.12,1127.9,1127.9,-0.11,1.2,1377.08,-1
2026-06-11,2026-06-11 14:20:00,1127.9,1127.9,1126.67,1126.67,-0.11,1.2,1377.08,-1
2026-06-11,2026-06-11 14:30:00,1126.67,1126.67,1125.45,1125.45,-0.11,1.2,1377.08,-1
2026-06-11,2026-06-11 14:40:00,1125.45,1125.45,1124.22,1124.22,-0.11,1.2,1377.08,-1
2026-06-11,2026-06-11 14:50:00,1124.22,1124.22,1123.0,1123.0,-0.11,1.2,1377.08,-1
2026-06-11,2026-06-11 15:00:00,1123.0,1152.4,1123.0,1123.0,0.0,1.2,1377.08,0
2026-06-15,2026-06-15 11:00:00,1106.1,1121.88,1101.27,1108.29,0.2,9919.44,10818335.32,1
2026-06-15,2026-06-15 11:10:00,1108.29,1110.48,1108.29,1110.48,0.2,9919.44,10818335.32,1
2026-06-15,2026-06-15 11:20:00,1110.48,1112.67,1110.48,1112.67,0.2,9919.44,10818335.32,1
2026-06-15,2026-06-15 11:30:00,1112.67,1114.87,1112.67,1114.87,0.2,9919.44,10818335.32,1
2026-06-15,2026-06-15 11:40:00,1114.87,1117.06,1114.87,1117.06,0.2,9919.44,10818335.32,1
2026-06-15,2026-06-15 11:50:00,1117.06,1119.25,1117.06,1119.25,0.2,9919.44,10818335.32,1
2026-06-15,2026-06-15 12:00:00,1119.25,1121.44,1119.25,1121.44,0.2,9919.44,10818335.32,1
2026-06-15,2026-06-15 12:10:00,1121.44,1123.63,1121.44,1123.63,0.2,9919.44,10818335.32,1
2026-06-15,2026-06-15 12:20:00,1123.63,1125.83,1123.63,1125.83,0.2,9919.44,10818335.32,1
2026-06-15,2026-06-15 12:30:00,1125.83,1128.02,1125.83,1128.02,0.19,9919.44,10818335.32,1
2026-06-15,2026-06-15 12:40:00,1128.02,1130.21,1128.02,1130.21,0.19,9919.44,10818335.32,1
2026-06-15,2026-06-15 12:50:00,1130.21,1132.4,1130.21,1132.4,0.19,9919.44,10818335.32,1
2026-06-15,2026-06-15 13:00:00,1132.4,1158.7,1090.0,1134.59,0.19,9919.44,10818335.32,1
2026-06-15,2026-06-15 13:10:00,1134.59,1136.78,1134.59,1136.78,0.19,9919.44,10818335.32,1
2026-06-15,2026-06-15 13:20:00,1136.78,1138.97,1136.78,1138.97,0.19,9919.44,10818335.32,1
2026-06-15,2026-06-15 13:30:00,1138.97,1141.17,1138.97,1141.17,0.19,9919.44,10818335.32,1
2026-06-15,2026-06-15 13:40:00,1141.17,1143.36,1141.17,1143.36,0.19,9919.44,10818335.32,1
2026-06-15,2026-06-15 13:50:00,1143.36,1145.55,1143.36,1145.55,0.19,9919.44,10818335.32,1
2026-06-15,2026-06-15 14:00:00,1145.55,1147.74,1145.55,1147.74,0.19,9919.44,10818335.32,1
2026-06-15,2026-06-15 14:10:00,1147.74,1149.93,1147.74,1149.93,0.19,9919.44,10818335.32,1
2026-06-15,2026-06-15 14:20:00,1149.93,1152.12,1149.93,1152.12,0.19,9919.44,10818335.32,1
2026-06-15,2026-06-15 14:30:00,1152.12,1154.32,1152.12,1154.32,0.19,9919.44,10818335.32,1
2026-06-15,2026-06-15 14:40:00,1154.32,1156.51,1154.32,1156.51,0.19,9919.44,10818335.32,1
2026-06-15,2026-06-15 14:50:00,1156.51,1158.7,1156.51,1158.7,0.19,9919.44,10818335.32,1
2026-06-15,2026-06-15 15:00:00,1158.7,1158.7,1090.0,1158.7,0.0,9919.44,10818335.32,0
2026-06-17,2026-06-17 11:00:00,1184.0,1184.87,1184.0,1184.12,0.01,6.0,7114.5,1
2026-06-17,2026-06-17 11:10:00,1184.12,1184.24,1184.12,1184.24,0.01,6.0,7114.5,1
2026-06-17,2026-06-17 11:20:00,1184.24,1184.36,1184.24,1184.36,0.01,6.0,7114.5,1
2026-06-17,2026-06-17 11:30:00,1184.36,1184.48,1184.36,1184.48,0.01,6.0,7114.5,1
2026-06-17,2026-06-17 11:40:00,1184.48,1184.6,1184.48,1184.6,0.01,6.0,7114.5,1
2026-06-17,2026-06-17 11:50:00,1184.6,1184.72,1184.6,1184.72,0.01,6.0,7114.5,1
2026-06-17,2026-06-17 12:00:00,1184.72,1184.85,1184.72,1184.85,0.01,6.0,7114.5,1
2026-06-17,2026-06-17 12:10:00,1184.85,1184.97,1184.85,1184.97,0.01,6.0,7114.5,1
2026-06-17,2026-06-17 12:20:00,1184.97,1185.09,1184.97,1185.09,0.01,6.0,7114.5,1
2026-06-17,2026-06-17 12:30:00,1185.09,1185.21,1185.09,1185.21,0.01,6.0,7114.5,1
2026-06-17,2026-06-17 12:40:00,1185.21,1185.33,1185.21,1185.33,0.01,6.0,7114.5,1
2026-06-17,2026-06-17 12:50:00,1185.33,1185.45,1185.33,1185.45,0.01,6.0,7114.5,1
2026-06-17,2026-06-17 13:00:00,1185.45,1186.9,1184.0,1185.57,0.01,6.0,7114.5,1
2026-06-17,2026-06-17 13:10:00,1185.57,1185.69,1185.57,1185.69,0.01,6.0,7114.5,1
2026-06-17,2026-06-17 13:20:00,1185.69,1185.81,1185.69,1185.81,0.01,6.0,7114.5,1
2026-06-17,2026-06-17 13:30:00,1185.81,1185.93,1185.81,1185.93,0.01,6.0,7114.5,1
2026-06-17,2026-06-17 13:40:00,1185.93,1186.05,1185.93,1186.05,0.01,6.0,7114.5,1
2026-06-17,2026-06-17 13:50:00,1186.05,1186.18,1186.05,1186.18,0.01,6.0,7114.5,1
2026-06-17,2026-06-17 14:00:00,1186.18,1186.3,1186.18,1186.3,0.01,6.0,7114.5,1
2026-06-17,2026-06-17 14:10:00,1186.3,1186.42,1186.3,1186.42,0.01,6.0,7114.5,1
2026-06-17,2026-06-17 14:20:00,1186.42,1186.54,1186.42,1186.54,0.01,6.0,7114.5,1
2026-06-17,2026-06-17 14:30:00,1186.54,1186.66,1186.54,1186.66,0.01,6.0,7114.5,1
2026-06-17,2026-06-17 14:40:00,1186.66,1186.78,1186.66,1186.78,0.01,6.0,7114.5,1
2026-06-17,2026-06-17 14:50:00,1186.78,1186.9,1186.78,1186.9,0.01,6.0,7114.5,1
2026-06-17,2026-06-17 15:00:00,1186.9,1186.9,1184.0,1186.9,0.0,6.0,7114.5,0
2026-06-22,2026-06-22 11:00:00,1170.0,1170.0,1170.0,1170.0,0.0,9886.56,11567275.2,0
2026-06-22,2026-06-22 11:10:00,1170.0,1170.0,1170.0,1170.0,0.0,9886.56,11567275.2,0
2026-06-22,2026-06-22 11:20:00,1170.0,1170.0,1170.0,1170.0,0.0,9886.56,11567275.2,0
2026-06-22,2026-06-22 11:30:00,1170.0,1170.0,1170.0,1170.0,0.0,9886.56,11567275.2,0
2026-06-22,2026-06-22 11:40:00,1170.0,1170.0,1170.0,1170.0,0.0,9886.56,11567275.2,0
2026-06-22,2026-06-22 11:50:00,1170.0,1170.0,1170.0,1170.0,0.0,9886.56,11567275.2,0
2026-06-22,2026-06-22 12:00:00,1170.0,1170.0,1170.0,1170.0,0.0,9886.56,11567275.2,0
2026-06-22,2026-06-22 12:10:00,1170.0,1170.0,1170.0,1170.0,0.0,9886.56,11567275.2,0
2026-06-22,2026-06-22 12:20:00,1170.0,1170.0,1170.0,1170.0,0.0,9886.56,11567275.2,0
2026-06-22,2026-06-22 12:30:00,1170.0,1170.0,1170.0,1170.0,0.0,9886.56,11567275.2,0
2026-06-22,2026-06-22 12:40:00,1170.0,1170.0,1170.0,1170.0,0.0,9886.56,11567275.2,0
2026-06-22,2026-06-22 12:50:00,1170.0,1170.0,1170.0,1170.0,0.0,9886.56,11567275.2,0
2026-06-22,2026-06-22 13:00:00,1170.0,1170.0,1170.0,1170.0,0.0,9886.56,11567275.2,0
2026-06-22,2026-06-22 13:10:00,1170.0,1170.0,1170.0,1170.0,0.0,9886.56,11567275.2,0
2026-06-22,2026-06-22 13:20:00,1170.0,1170.0,1170.0,1170.0,0.0,9886.56,11567275.2,0
2026-06-22,2026-06-22 13:30:00,1170.0,1170.0,1170.0,1170.0,0.0,9886.56,11567275.2,0
2026-06-22,2026-06-22 13:40:00,1170.0,1170.0,1170.0,1170.0,0.0,9886.56,11567275.2,0
2026-06-22,2026-06-22 13:50:00,1170.0,1170.0,1170.0,1170.0,0.0,9886.56,11567275.2,0
2026-06-22,2026-06-22 14:00:00,1170.0,1170.0,1170.0,1170.0,0.0,9886.56,11567275.2,0
2026-06-22,2026-06-22 14:10:00,1170.0,1170.0,1170.0,1170.0,0.0,9886.56,11567275.2,0
2026-06-22,2026-06-22 14:20:00,1170.0,1170.0,1170.0,1170.0,0.0,9886.56,11567275.2,0
2026-06-22,2026-06-22 14:30:00,1170.0,1170.0,1170.0,1170.0,0.0,9886.56,11567275.2,0
2026-06-22,2026-06-22 14:40:00,1170.0,1170.0,1170.0,1170.0,0.0,9886.56,11567275.2,0
2026-06-22,2026-06-22 14:50:00,1170.0,1170.0,1170.0,1170.0,0.0,9886.56,11567275.2,0
2026-06-22,2026-06-22 15:00:00,1170.0,1170.0,1170.0,1170.0,0.0,9886.56,11567275.2,0
2026-06-29,2026-06-29 11:00:00,1135.0,1135.0,1135.0,1135.0,0.0,1.28,1452.8,0
2026-06-29,2026-06-29 11:10:00,1135.0,1135.0,1135.0,1135.0,0.0,1.28,1452.8,0
2026-06-29,2026-06-29 11:20:00,1135.0,1135.0,1135.0,1135.0,0.0,1.28,1452.8,0
2026-06-29,2026-06-29 11:30:00,1135.0,1135.0,1135.0,1135.0,0.0,1.28,1452.8,0
2026-06-29,2026-06-29 11:40:00,1135.0,1135.0,1135.0,1135.0,0.0,1.28,1452.8,0
2026-06-29,2026-06-29 11:50:00,1135.0,1135.0,1135.0,1135.0,0.0,1.28,1452.8,0
2026-06-29,2026-06-29 12:00:00,1135.0,1135.0,1135.0,1135.0,0.0,1.28,1452.8,0
2026-06-29,2026-06-29 12:10:00,1135.0,1135.0,1135.0,1135.0,0.0,1.28,1452.8,0
2026-06-29,2026-06-29 12:20:00,1135.0,1135.0,1135.0,1135.0,0.0,1.28,1452.8,0
2026-06-29,2026-06-29 12:30:00,1135.0,1135.0,1135.0,1135.0,0.0,1.28,1452.8,0
2026-06-29,2026-06-29 12:40:00,1135.0,1135.0,1135.0,1135.0,0.0,1.28,1452.8,0
2026-06-29,2026-06-29 12:50:00,1135.0,1135.0,1135.0,1135.0,0.0,1.28,1452.8,0
2026-06-29,2026-06-29 13:00:00,1135.0,1135.0,1135.0,1135.0,0.0,1.28,1452.8,0
2026-06-29,2026-06-29 13:10:00,1135.0,1135.0,1135.0,1135.0,0.0,1.28,1452.8,0
2026-06-29,2026-06-29 13:20:00,1135.0,1135.0,1135.0,1135.0,0.0,1.28,1452.8,0
2026-06-29,2026-06-29 13:30:00,1135.0,1135.0,1135.0,1135.0,0.0,1.28,1452.8,0
2026-06-29,2026-06-29 13:40:00,1135.0,1135.0,1135.0,1135.0,0.0,1.28,1452.8,0
2026-06-29,2026-06-29 13:50:00,1135.0,1135.0,1135.0,1135.0,0.0,1.28,1452.8,0
2026-06-29,2026-06-29 14:00:00,1135.0,1135.0,1135.0,1135.0,0.0,1.28,1452.8,0
2026-06-29,2026-06-29 14:10:00,1135.0,1135.0,1135.0,1135.0,0.0,1.28,1452.8,0
2026-06-29,2026-06-29 14:20:00,1135.0,1135.0,1135.0,1135.0,0.0,1.28,1452.8,0
2026-06-29,2026-06-29 14:30:00,1135.0,1135.0,1135.0,1135.0,0.0,1.28,1452.8,0
2026-06-29,2026-06-29 14:40:00,1135.0,1135.0,1135.0,1135.0,0.0,1.28,1452.8,0
2026-06-29,2026-06-29 14:50:00,1135.0,1135.0,1135.0,1135.0,0.0,1.28,1452.8,0
2026-06-29,2026-06-29 15:00:00,1135.0,1135.0,1135.0,1135.0,0.0,1.28,1452.8,0
2026-07-09,2026-07-09 11:00:00,1120.1,1120.1,1117.67,1119.76,-0.03,828.0,927142.36,-1
2026-07-09,2026-07-09 11:10:00,1119.76,1119.76,1119.42,1119.42,-0.03,828.0,927142.36,-1
2026-07-09,2026-07-09 11:20:00,1119.42,1119.42,1119.09,1119.09,-0.03,828.0,927142.36,-1
2026-07-09,2026-07-09 11:30:00,1119.09,1119.09,1118.75,1118.75,-0.03,828.0,927142.36,-1
2026-07-09,2026-07-09 11:40:00,1118.75,1118.75,1118.41,1118.41,-0.03,828.0,927142.36,-1
2026-07-09,2026-07-09 11:50:00,1118.41,1118.41,1118.07,1118.07,-0.03,828.0,927142.36,-1
2026-07-09,2026-07-09 12:00:00,1118.07,1118.07,1117.74,1117.74,-0.03,828.0,927142.36,-1
2026-07-09,2026-07-09 12:10:00,1117.74,1117.74,1117.4,1117.4,-0.03,828.0,927142.36,-1
2026-07-09,2026-07-09 12:20:00,1117.4,1117.4,1117.06,1117.06,-0.03,828.0,927142.36,-1
2026-07-09,2026-07-09 12:30:00,1117.06,1117.06,1116.72,1116.72,-0.03,828.0,927142.36,-1
2026-07-09,2026-07-09 12:40:00,1116.72,1116.72,1116.39,1116.39,-0.03,828.0,927142.36,-1
2026-07-09,2026-07-09 12:50:00,1116.39,1116.39,1116.05,1116.05,-0.03,828.0,927142.36,-1
2026-07-09,2026-07-09 13:00:00,1116.05,1120.1,1112.0,1115.71,-0.03,828.0,927142.36,-1
2026-07-09,2026-07-09 13:10:00,1115.71,1115.71,1115.38,1115.38,-0.03,828.0,927142.36,-1
2026-07-09,2026-07-09 13:20:00,1115.38,1115.38,1115.04,1115.04,-0.03,828.0,927142.36,-1
2026-07-09,2026-07-09 13:30:00,1115.04,1115.04,1114.7,1114.7,-0.03,828.0,927142.36,-1
2026-07-09,2026-07-09 13:40:00,1114.7,1114.7,1114.36,1114.36,-0.03,828.0,927142.36,-1
2026-07-09,2026-07-09 13:50:00,1114.36,1114.36,1114.03,1114.03,-0.03,828.0,927142.36,-1
2026-07-09,2026-07-09 14:00:00,1114.03,1114.03,1113.69,1113.69,-0.03,828.0,927142.36,-1
2026-07-09,2026-07-09 14:10:00,1113.69,1113.69,1113.35,1113.35,-0.03,828.0,927142.36,-1
2026-07-09,2026-07-09 14:20:00,1113.35,1113.35,1113.01,1113.01,-0.03,828.0,927142.36,-1
2026-07-09,2026-07-09 14:30:00,1113.01,1113.01,1112.67,1112.67,-0.03,828.0,927142.36,-1
2026-07-09,2026-07-09 14:40:00,1112.67,1112.67,1112.34,1112.34,-0.03,828.0,927142.36,-1
2026-07-09,2026-07-09 14:50:00,1112.34,1112.34,1112.0,1112.0,-0.03,828.0,927142.36,-1
2026-07-09,2026-07-09 15:00:00,1112.0,1120.1,1112.0,1112.0,0.0,828.0,927142.36,0
2026-07-10,2026-07-10 11:00:00,1105.1,1105.1,1103.66,1105.1,0.0,672.0,741255.66,0
2026-07-10,2026-07-10 11:10:00,1105.1,1105.1,1105.09,1105.09,-0.0,672.0,741255.66,-1
2026-07-10,2026-07-10 11:20:00,1105.09,1105.09,1105.09,1105.09,0.0,672.0,741255.66,0
2026-07-10,2026-07-10 11:30:00,1105.09,1105.09,1105.08,1105.08,-0.0,672.0,741255.66,-1
2026-07-10,2026-07-10 11:40:00,1105.08,1105.08,1105.08,1105.08,0.0,672.0,741255.66,0
2026-07-10,2026-07-10 11:50:00,1105.08,1105.08,1105.07,1105.07,-0.0,672.0,741255.66,-1
2026-07-10,2026-07-10 12:00:00,1105.07,1105.07,1105.07,1105.07,0.0,672.0,741255.66,0
2026-07-10,2026-07-10 12:10:00,1105.07,1105.07,1105.07,1105.07,0.0,672.0,741255.66,0
2026-07-10,2026-07-10 12:20:00,1105.07,1105.07,1105.06,1105.06,-0.0,672.0,741255.66,-1
2026-07-10,2026-07-10 12:30:00,1105.06,1105.06,1105.06,1105.06,0.0,672.0,741255.66,0
2026-07-10,2026-07-10 12:40:00,1105.06,1105.06,1105.05,1105.05,-0.0,672.0,741255.66,-1
2026-07-10,2026-07-10 12:50:00,1105.05,1105.05,1105.05,1105.05,0.0,672.0,741255.66,0
2026-07-10,2026-07-10 13:00:00,1105.05,1105.1,1100.3,1105.05,0.0,672.0,741255.66,0
2026-07-10,2026-07-10 13:10:00,1105.05,1105.05,1105.04,1105.04,-0.0,672.0,741255.66,-1
2026-07-10,2026-07-10 13:20:00,1105.04,1105.04,1105.04,1105.04,0.0,672.0,741255.66,0
2026-07-10,2026-07-10 13:30:00,1105.04,1105.04,1105.03,1105.03,-0.0,672.0,741255.66,-1
2026-07-10,2026-07-10 13:40:00,1105.03,1105.03,1105.03,1105.03,0.0,672.0,741255.66,0
2026-07-10,2026-07-10 13:50:00,1105.03,1105.03,1105.03,1105.03,0.0,672.0,741255.66,0
2026-07-10,2026-07-10 14:00:00,1105.03,1105.03,1105.02,1105.02,-0.0,672.0,741255.66,-1
2026-07-10,2026-07-10 14:10:00,1105.02,1105.02,1105.02,1105.02,0.0,672.0,741255.66,0
2026-07-10,2026-07-10 14:20:00,1105.02,1105.02,1105.01,1105.01,-0.0,672.0,741255.66,-1
2026-07-10,2026-07-10 14:30:00,1105.01,1105.01,1105.01,1105.01,0.0,672.0,741255.66,0
2026-07-10,2026-07-10 14:40:00,1105.01,1105.01,1105.0,1105.0,-0.0,672.0,741255.66,-1
2026-07-10,2026-07-10 14:50:00,1105.0,1105.0,1105.0,1105.0,0.0,672.0,741255.66,0
2026-07-10,2026-07-10 15:00:00,1105.0,1105.1,1100.3,1105.0,0.0,672.0,741255.66,0
2026-07-14,2026-07-14 11:00:00,1138.0,1138.0,1138.0,1138.0,0.0,2.0,2276.0,0
2026-07-14,2026-07-14 11:10:00,1138.0,1138.0,1138.0,1138.0,0.0,2.0,2276.0,0
2026-07-14,2026-07-14 11:20:00,1138.0,1138.0,1138.0,1138.0,0.0,2.0,2276.0,0
2026-07-14,2026-07-14 11:30:00,1138.0,1138.0,1138.0,1138.0,0.0,2.0,2276.0,0
2026-07-14,2026-07-14 11:40:00,1138.0,1138.0,1138.0,1138.0,0.0,2.0,2276.0,0
2026-07-14,2026-07-14 11:50:00,1138.0,1138.0,1138.0,1138.0,0.0,2.0,2276.0,0
2026-07-14,2026-07-14 12:00:00,1138.0,1138.0,1138.0,1138.0,0.0,2.0,2276.0,0
2026-07-14,2026-07-14 12:10:00,1138.0,1138.0,1138.0,1138.0,0.0,2.0,2276.0,0
2026-07-14,2026-07-14 12:20:00,1138.0,1138.0,1138.0,1138.0,0.0,2.0,2276.0,0
2026-07-14,2026-07-14 12:30:00,1138.0,1138.0,1138.0,1138.0,0.0,2.0,2276.0,0
2026-07-14,2026-07-14 12:40:00,1138.0,1138.0,1138.0,1138.0,0.0,2.0,2276.0,0
2026-07-14,2026-07-14 12:50:00,1138.0,1138.0,1138.0,1138.0,0.0,2.0,2276.0,0
2026-07-14,2026-07-14 13:00:00,1138.0,1138.0,1138.0,1138.0,0.0,2.0,2276.0,0
2026-07-14,2026-07-14 13:10:00,1138.0,1138.0,1138.0,1138.0,0.0,2.0,2276.0,0
2026-07-14,2026-07-14 13:20:00,1138.0,1138.0,1138.0,1138.0,0.0,2.0,2276.0,0
2026-07-14,2026-07-14 13:30:00,1138.0,1138.0,1138.0,1138.0,0.0,2.0,2276.0,0
2026-07-14,2026-07-14 13:40:00,1138.0,1138.0,1138.0,1138.0,0.0,2.0,2276.0,0
2026-07-14,2026-07-14 13:50:00,1138.0,1138.0,1138.0,1138.0,0.0,2.0,2276.0,0
2026-07-14,2026-07-14 14:00:00,1138.0,1138.0,1138.0,1138.0,0.0,2.0,2276.0,0
2026-07-14,2026-07-14 14:10:00,1138.0,1138.0,1138.0,1138.0,0.0,2.0,2276.0,0
2026-07-14,2026-07-14 14:20:00,1138.0,1138.0,1138.0,1138.0,0.0,2.0,2276.0,0
2026-07-14,2026-07-14 14:30:00,1138.0,1138.0,1138.0,1138.0,0.0,2.0,2276.0,0
2026-07-14,2026-07-14 14:40:00,1138.0,1138.0,1138.0,1138.0,0.0,2.0,2276.0,0
2026-07-14,2026-07-14 14:50:00,1138.0,1138.0,1138.0,1138.0,0.0,2.0,2276.0,0
2026-07-14,2026-07-14 15:00:00,1138.0,1138.0,1138.0,1138.0,0.0,2.0,2276.0,0
2026-07-15,2026-07-15 11:00:00,1170.0,1170.0,1170.0,1170.0,0.0,0.8,936.0,0
2026-07-15,2026-07-15 11:10:00,1170.0,1170.0,1170.0,1170.0,0.0,0.8,936.0,0
2026-07-15,2026-07-15 11:20:00,1170.0,1170.0,1170.0,1170.0,0.0,0.8,936.0,0
2026-07-15,2026-07-15 11:30:00,1170.0,1170.0,1170.0,1170.0,0.0,0.8,936.0,0
2026-07-15,2026-07-15 11:40:00,1170.0,1170.0,1170.0,1170.0,0.0,0.8,936.0,0
2026-07-15,2026-07-15 11:50:00,1170.0,1170.0,1170.0,1170.0,0.0,0.8,936.0,0
2026-07-15,2026-07-15 12:00:00,1170.0,1170.0,1170.0,1170.0,0.0,0.8,936.0,0
2026-07-15,2026-07-15 12:10:00,1170.0,1170.0,1170.0,1170.0,0.0,0.8,936.0,0
2026-07-15,2026-07-15 12:20:00,1170.0,1170.0,1170.0,1170.0,0.0,0.8,936.0,0
2026-07-15,2026-07-15 12:30:00,1170.0,1170.0,1170.0,1170.0,0.0,0.8,936.0,0
2026-07-15,2026-07-15 12:40:00,1170.0,1170.0,1170.0,1170.0,0.0,0.8,936.0,0
2026-07-15,2026-07-15 12:50:00,1170.0,1170.0,1170.0,1170.0,0.0,0.8,936.0,0
2026-07-15,2026-07-15 13:00:00,1170.0,1170.0,1170.0,1170.0,0.0,0.8,936.0,0
2026-07-15,2026-07-15 13:10:00,1170.0,1170.0,1170.0,1170.0,0.0,0.8,936.0,0
2026-07-15,2026-07-15 13:20:00,1170.0,1170.0,1170.0,1170.0,0.0,0.8,936.0,0
2026-07-15,2026-07-15 13:30:00,1170.0,1170.0,1170.0,1170.0,0.0,0.8,936.0,0
2026-07-15,2026-07-15 13:40:00,1170.0,1170.0,1170.0,1170.0,0.0,0.8,936.0,0
2026-07-15,2026-07-15 13:50:00,1170.0,1170.0,1170.0,1170.0,0.0,0.8,936.0,0
2026-07-15,2026-07-15 14:00:00,1170.0,1170.0,1170.0,1170.0,0.0,0.8,936.0,0
2026-07-15,2026-07-15 14:10:00,1170.0,1170.0,1170.0,1170.0,0.0,0.8,936.0,0
2026-07-15,2026-07-15 14:20:00,1170.0,1170.0,1170.0,1170.0,0.0,0.8,936.0,0
2026-07-15,2026-07-15 14:30:00,1170.0,1170.0,1170.0,1170.0,0.0,0.8,936.0,0
2026-07-15,2026-07-15 14:40:00,1170.0,1170.0,1170.0,1170.0,0.0,0.8,936.0,0
2026-07-15,2026-07-15 14:50:00,1170.0,1170.0,1170.0,1170.0,0.0,0.8,936.0,0
2026-07-15,2026-07-15 15:00:00,1170.0,1170.0,1170.0,1170.0,0.0,0.8,936.0,0
2026-07-16,2026-07-16 11:00:00,1140.0,1140.0,1140.0,1140.0,0.0,5.68,6475.2,0
2026-07-16,2026-07-16 11:10:00,1140.0,1140.0,1140.0,1140.0,0.0,5.68,6475.2,0
2026-07-16,2026-07-16 11:20:00,1140.0,1140.0,1140.0,1140.0,0.0,5.68,6475.2,0
2026-07-16,2026-07-16 11:30:00,1140.0,1140.0,1140.0,1140.0,0.0,5.68,6475.2,0
2026-07-16,2026-07-16 11:40:00,1140.0,1140.0,1140.0,1140.0,0.0,5.68,6475.2,0
2026-07-16,2026-07-16 11:50:00,1140.0,1140.0,1140.0,1140.0,0.0,5.68,6475.2,0
2026-07-16,2026-07-16 12:00:00,1140.0,1140.0,1140.0,1140.0,0.0,5.68,6475.2,0
2026-07-16,2026-07-16 12:10:00,1140.0,1140.0,1140.0,1140.0,0.0,5.68,6475.2,0
2026-07-16,2026-07-16 12:20:00,1140.0,1140.0,1140.0,1140.0,0.0,5.68,6475.2,0
2026-07-16,2026-07-16 12:30:00,1140.0,1140.0,1140.0,1140.0,0.0,5.68,6475.2,0
2026-07-16,2026-07-16 12:40:00,1140.0,1140.0,1140.0,1140.0,0.0,5.68,6475.2,0
2026-07-16,2026-07-16 12:50:00,1140.0,1140.0,1140.0,1140.0,0.0,5.68,6475.2,0
2026-07-16,2026-07-16 13:00:00,1140.0,1140.0,1140.0,1140.0,0.0,5.68,6475.2,0
2026-07-16,2026-07-16 13:10:00,1140.0,1140.0,1140.0,1140.0,0.0,5.68,6475.2,0
2026-07-16,2026-07-16 13:20:00,1140.0,1140.0,1140.0,1140.0,0.0,5.68,6475.2,0
2026-07-16,2026-07-16 13:30:00,1140.0,1140.0,1140.0,1140.0,0.0,5.68,6475.2,0
2026-07-16,2026-07-16 13:40:00,1140.0,1140.0,1140.0,1140.0,0.0,5.68,6475.2,0
2026-07-16,2026-07-16 13:50:00,1140.0,1140.0,1140.0,1140.0,0.0,5.68,6475.2,0
2026-07-16,2026-07-16 14:00:00,1140.0,1140.0,1140.0,1140.0,0.0,5.68,6475.2,0
2026-07-16,2026-07-16 14:10:00,1140.0,1140.0,1140.0,1140.0,0.0,5.68,6475.2,0
2026-07-16,2026-07-16 14:20:00,1140.0,1140.0,1140.0,1140.0,0.0,5.68,6475.2,0
2026-07-16,2026-07-16 14:30:00,1140.0,1140.0,1140.0,1140.0,0.0,5.68,6475.2,0
2026-07-16,2026-07-16 14:40:00,1140.0,1140.0,1140.0,1140.0,0.0,5.68,6475.2,0
2026-07-16,2026-07-16 14:50:00,1140.0,1140.0,1140.0,1140.0,0.0,5.68,6475.2,0
2026-07-16,2026-07-16 15:00:00,1140.0,1140.0,1140.0,1140.0,0.0,5.68,6475.2,0
2026-07-17,2026-07-17 11:00:00,1165.0,1165.0,1165.0,1165.0,0.0,1.6,1864.0,0
2026-07-17,2026-07-17 11:10:00,1165.0,1165.0,1165.0,1165.0,0.0,1.6,1864.0,0
2026-07-17,2026-07-17 11:20:00,1165.0,1165.0,1165.0,1165.0,0.0,1.6,1864.0,0
2026-07-17,2026-07-17 11:30:00,1165.0,1165.0,1165.0,1165.0,0.0,1.6,1864.0,0
2026-07-17,2026-07-17 11:40:00,1165.0,1165.0,1165.0,1165.0,0.0,1.6,1864.0,0
2026-07-17,2026-07-17 11:50:00,1165.0,1165.0,1165.0,1165.0,0.0,1.6,1864.0,0
2026-07-17,2026-07-17 12:00:00,1165.0,1165.0,1165.0,1165.0,0.0,1.6,1864.0,0
2026-07-17,2026-07-17 12:10:00,1165.0,1165.0,1165.0,1165.0,0.0,1.6,1864.0,0
2026-07-17,2026-07-17 12:20:00,1165.0,1165.0,1165.0,1165.0,0.0,1.6,1864.0,0
2026-07-17,2026-07-17 12:30:00,1165.0,1165.0,1165.0,1165.0,0.0,1.6,1864.0,0
2026-07-17,2026-07-17 12:40:00,1165.0,1165.0,1165.0,1165.0,0.0,1.6,1864.0,0
2026-07-17,2026-07-17 12:50:00,1165.0,1165.0,1165.0,1165.0,0.0,1.6,1864.0,0
2026-07-17,2026-07-17 13:00:00,1165.0,1165.0,1165.0,1165.0,0.0,1.6,1864.0,0
2026-07-17,2026-07-17 13:10:00,1165.0,1165.0,1165.0,1165.0,0.0,1.6,1864.0,0
2026-07-17,2026-07-17 13:20:00,1165.0,1165.0,1165.0,1165.0,0.0,1.6,1864.0,0
2026-07-17,2026-07-17 13:30:00,1165.0,1165.0,1165.0,1165.0,0.0,1.6,1864.0,0
2026-07-17,2026-07-17 13:40:00,1165.0,1165.0,1165.0,1165.0,0.0,1.6,1864.0,0
2026-07-17,2026-07-17 13:50:00,1165.0,1165.0,1165.0,1165.0,0.0,1.6,1864.0,0
2026-07-17,2026-07-17 14:00:00,1165.0,1165.0,1165.0,1165.0,0.0,1.6,1864.0,0
2026-07-17,2026-07-17 14:10:00,1165.0,1165.0,1165.0,1165.0,0.0,1.6,1864.0,0
2026-07-17,2026-07-17 14:20:00,1165.0,1165.0,1165.0,1165.0,0.0,1.6,1864.0,0
2026-07-17,2026-07-17 14:30:00,1165.0,1165.0,1165.0,1165.0,0.0,1.6,1864.0,0
2026-07-17,2026-07-17 14:40:00,1165.0,1165.0,1165.0,1165.0,0.0,1.6,1864.0,0
2026-07-17,2026-07-17 14:50:00,1165.0,1165.0,1165.0,1165.0,0.0,1.6,1864.0,0
2026-07-17,2026-07-17 15:00:00,1165.0,1165.0,1165.0,1165.0,0.0,1.6,1864.0,0
2026-07-20,2026-07-20 11:00:00,1130.1,1130.1,1125.57,1129.47,-0.06,444.0,495066.04,-1
2026-07-20,2026-07-20 11:10:00,1129.47,1129.47,1128.84,1128.84,-0.06,444.0,495066.04,-1
2026-07-20,2026-07-20 11:20:00,1128.84,1128.84,1128.21,1128.21,-0.06,444.0,495066.04,-1
2026-07-20,2026-07-20 11:30:00,1128.21,1128.21,1127.58,1127.58,-0.06,444.0,495066.04,-1
2026-07-20,2026-07-20 11:40:00,1127.58,1127.58,1126.95,1126.95,-0.06,444.0,495066.04,-1
2026-07-20,2026-07-20 11:50:00,1126.95,1126.95,1126.32,1126.32,-0.06,444.0,495066.04,-1
2026-07-20,2026-07-20 12:00:00,1126.32,1126.32,1125.7,1125.7,-0.06,444.0,495066.04,-1
2026-07-20,2026-07-20 12:10:00,1125.7,1125.7,1125.07,1125.07,-0.06,444.0,495066.04,-1
2026-07-20,2026-07-20 12:20:00,1125.07,1125.07,1124.44,1124.44,-0.06,444.0,495066.04,-1
2026-07-20,2026-07-20 12:30:00,1124.44,1124.44,1123.81,1123.81,-0.06,444.0,495066.04,-1
2026-07-20,2026-07-20 12:40:00,1123.81,1123.81,1123.18,1123.18,-0.06,444.0,495066.04,-1
2026-07-20,2026-07-20 12:50:00,1123.18,1123.18,1122.55,1122.55,-0.06,444.0,495066.04,-1
2026-07-20,2026-07-20 13:00:00,1122.55,1130.1,1115.0,1121.92,-0.06,444.0,495066.04,-1
2026-07-20,2026-07-20 13:10:00,1121.92,1121.92,1121.29,1121.29,-0.06,444.0,495066.04,-1
2026-07-20,2026-07-20 13:20:00,1121.29,1121.29,1120.66,1120.66,-0.06,444.0,495066.04,-1
2026-07-20,2026-07-20 13:30:00,1120.66,1120.66,1120.03,1120.03,-0.06,444.0,495066.04,-1
2026-07-20,2026-07-20 13:40:00,1120.03,1120.03,1119.4,1119.4,-0.06,444.0,495066.04,-1
2026-07-20,2026-07-20 13:50:00,1119.4,1119.4,1118.78,1118.78,-0.06,444.0,495066.04,-1
2026-07-20,2026-07-20 14:00:00,1118.78,1118.78,1118.15,1118.15,-0.06,444.0,495066.04,-1
2026-07-20,2026-07-20 14:10:00,1118.15,1118.15,1117.52,1117.52,-0.06,444.0,495066.04,-1
2026-07-20,2026-07-20 14:20:00,1117.52,1117.52,1116.89,1116.89,-0.06,444.0,495066.04,-1
2026-07-20,2026-07-20 14:30:00,1116.89,1116.89,1116.26,1116.26,-0.06,444.0,495066.04,-1
2026-07-20,2026-07-20 14:40:00,1116.26,1116.26,1115.63,1115.63,-0.06,444.0,495066.04,-1
2026-07-20,2026-07-20 14:50:00,1115.63,1115.63,1115.0,1115.0,-0.06,444.0,495066.04,-1
2026-07-20,2026-07-20 15:00:00,1115.0,1130.1,1115.0,1115.0,0.0,444.0,495066.04,0
2026-07-22,2026-07-22 11:00:00,1115.0,1115.0,1112.92,1112.92,-0.19,0.2,213.0,-1
2026-07-22,2026-07-22 11:10:00,1112.92,1112.92,1110.83,1110.83,-0.19,0.2,213.0,-1
2026-07-22,2026-07-22 11:20:00,1110.83,1110.83,1108.75,1108.75,-0.19,0.2,213.0,-1
2026-07-22,2026-07-22 11:30:00,1108.75,1108.75,1106.67,1106.67,-0.19,0.2,213.0,-1
2026-07-22,2026-07-22 11:40:00,1106.67,1106.67,1104.58,1104.58,-0.19,0.2,213.0,-1
2026-07-22,2026-07-22 11:50:00,1104.58,1104.58,1102.5,1102.5,-0.19,0.2,213.0,-1
2026-07-22,2026-07-22 12:00:00,1102.5,1102.5,1100.42,1100.42,-0.19,0.2,213.0,-1
2026-07-22,2026-07-22 12:10:00,1100.42,1100.42,1098.33,1098.33,-0.19,0.2,213.0,-1
2026-07-22,2026-07-22 12:20:00,1098.33,1098.33,1096.25,1096.25,-0.19,0.2,213.0,-1
2026-07-22,2026-07-22 12:30:00,1096.25,1096.25,1094.17,1094.17,-0.19,0.2,213.0,-1
2026-07-22,2026-07-22 12:40:00,1094.17,1094.17,1092.08,1092.08,-0.19,0.2,213.0,-1
2026-07-22,2026-07-22 12:50:00,1092.08,1092.08,1090.0,1090.0,-0.19,0.2,213.0,-1
2026-07-22,2026-07-22 13:00:00,1090.0,1115.0,1087.92,1087.92,-0.19,0.2,213.0,-1
2026-07-22,2026-07-22 13:10:00,1087.92,1087.92,1085.83,1085.83,-0.19,0.2,213.0,-1
2026-07-22,2026-07-22 13:20:00,1085.83,1085.83,1083.75,1083.75,-0.19,0.2,213.0,-1
2026-07-22,2026-07-22 13:30:00,1083.75,1083.75,1081.67,1081.67,-0.19,0.2,213.0,-1
2026-07-22,2026-07-22 13:40:00,1081.67,1081.67,1079.58,1079.58,-0.19,0.2,213.0,-1
2026-07-22,2026-07-22 13:50:00,1079.58,1079.58,1077.5,1077.5,-0.19,0.2,213.0,-1
2026-07-22,2026-07-22 14:00:00,1077.5,1077.5,1075.42,1075.42,-0.19,0.2,213.0,-1
2026-07-22,2026-07-22 14:10:00,1075.42,1075.42,1073.33,1073.33,-0.19,0.2,213.0,-1
2026-07-22,2026-07-22 14:20:00,1073.33,1073.33,1071.25,1071.25,-0.19,0.2,213.0,-1
2026-07-22,2026-07-22 14:30:00,1071.25,1071.25,1069.17,1069.17,-0.19,0.2,213.0,-1
2026-07-22,2026-07-22 14:40:00,1069.17,1069.17,1067.08,1067.08,-0.2,0.2,213.0,-1
2026-07-22,2026-07-22 14:50:00,1067.08,1067.08,1065.0,1065.0,-0.19,0.2,213.0,-1
2026-07-22,2026-07-22 15:00:00,1065.0,1115.0,1065.0,1065.0,0.0,0.2,213.0,0
2026-07-23,2026-07-23 11:00:00,1096.9,1097.83,1096.9,1097.03,0.01,400.0,439998.76,1
2026-07-23,2026-07-23 11:10:00,1097.03,1097.16,1097.03,1097.16,0.01,400.0,439998.76,1
2026-07-23,2026-07-23 11:20:00,1097.16,1097.29,1097.16,1097.29,0.01,400.0,439998.76,1
2026-07-23,2026-07-23 11:30:00,1097.29,1097.42,1097.29,1097.42,0.01,400.0,439998.76,1
2026-07-23,2026-07-23 11:40:00,1097.42,1097.55,1097.42,1097.55,0.01,400.0,439998.76,1
2026-07-23,2026-07-23 11:50:00,1097.55,1097.68,1097.55,1097.68,0.01,400.0,439998.76,1
2026-07-23,2026-07-23 12:00:00,1097.68,1097.8,1097.68,1097.8,0.01,400.0,439998.76,1
2026-07-23,2026-07-23 12:10:00,1097.8,1097.93,1097.8,1097.93,0.01,400.0,439998.76,1
2026-07-23,2026-07-23 12:20:00,1097.93,1098.06,1097.93,1098.06,0.01,400.0,439998.76,1
2026-07-23,2026-07-23 12:30:00,1098.06,1098.19,1098.06,1098.19,0.01,400.0,439998.76,1
2026-07-23,2026-07-23 12:40:00,1098.19,1098.32,1098.19,1098.32,0.01,400.0,439998.76,1
2026-07-23,2026-07-23 12:50:00,1098.32,1098.45,1098.32,1098.45,0.01,400.0,439998.76,1
2026-07-23,2026-07-23 13:00:00,1098.45,1100.0,1096.9,1098.58,0.01,400.0,439998.76,1
2026-07-23,2026-07-23 13:10:00,1098.58,1098.71,1098.58,1098.71,0.01,400.0,439998.76,1
2026-07-23,2026-07-23 13:20:00,1098.71,1098.84,1098.71,1098.84,0.01,400.0,439998.76,1
2026-07-23,2026-07-23 13:30:00,1098.84,1098.97,1098.84,1098.97,0.01,400.0,439998.76,1
2026-07-23,2026-07-23 13:40:00,1098.97,1099.1,1098.97,1099.1,0.01,400.0,439998.76,1
2026-07-23,2026-07-23 13:50:00,1099.1,1099.22,1099.1,1099.22,0.01,400.0,439998.76,1
2026-07-23,2026-07-23 14:00:00,1099.22,1099.35,1099.22,1099.35,0.01,400.0,439998.76,1
2026-07-23,2026-07-23 14:10:00,1099.35,1099.48,1099.35,1099.48,0.01,400.0,439998.76,1
2026-07-23,2026-07-23 14:20:00,1099.48,1099.61,1099.48,1099.61,0.01,400.0,439998.76,1
2026-07-23,2026-07-23 14:30:00,1099.61,1099.74,1099.61,1099.74,0.01,400.0,439998.76,1
2026-07-23,2026-07-23 14:40:00,1099.74,1099.87,1099.74,1099.87,0.01,400.0,439998.76,1
2026-07-23,2026-07-23 14:50:00,1099.87,1100.0,1099.87,1100.0,0.01,400.0,439998.76,1
2026-07-23,2026-07-23 15:00:00,1100.0,1100.0,1096.9,1100.0,0.0,400.0,439998.76,0
2026-07-24,2026-07-24 11:00:00,1100.0,1101.38,1100.0,1101.38,0.13,0.04,45.32,1
2026-07-24,2026-07-24 11:10:00,1101.38,1102.75,1101.38,1102.75,0.12,0.04,45.32,1
2026-07-24,2026-07-24 11:20:00,1102.75,1104.12,1102.75,1104.12,0.12,0.04,45.32,1
2026-07-24,2026-07-24 11:30:00,1104.12,1105.5,1104.12,1105.5,0.12,0.04,45.32,1
2026-07-24,2026-07-24 11:40:00,1105.5,1106.88,1105.5,1106.88,0.12,0.04,45.32,1
2026-07-24,2026-07-24 11:50:00,1106.88,1108.25,1106.88,1108.25,0.12,0.04,45.32,1
2026-07-24,2026-07-24 12:00:00,1108.25,1109.62,1108.25,1109.62,0.12,0.04,45.32,1
2026-07-24,2026-07-24 12:10:00,1109.62,1111.0,1109.62,1111.0,0.12,0.04,45.32,1
2026-07-24,2026-07-24 12:20:00,1111.0,1112.38,1111.0,1112.38,0.12,0.04,45.32,1
2026-07-24,2026-07-24 12:30:00,1112.38,1113.75,1112.38,1113.75,0.12,0.04,45.32,1
2026-07-24,2026-07-24 12:40:00,1113.75,1115.12,1113.75,1115.12,0.12,0.04,45.32,1
2026-07-24,2026-07-24 12:50:00,1115.12,1116.5,1115.12,1116.5,0.12,0.04,45.32,1
2026-07-24,2026-07-24 13:00:00,1116.5,1117.88,1100.0,1117.88,0.12,0.04,45.32,1
2026-07-24,2026-07-24 13:10:00,1117.88,1119.25,1117.88,1119.25,0.12,0.04,45.32,1
2026-07-24,2026-07-24 13:20:00,1119.25,1120.62,1119.25,1120.62,0.12,0.04,45.32,1
2026-07-24,2026-07-24 13:30:00,1120.62,1122.0,1120.62,1122.0,0.12,0.04,45.32,1
2026-07-24,2026-07-24 13:40:00,1122.0,1123.38,1122.0,1123.38,0.12,0.04,45.32,1
2026-07-24,2026-07-24 13:50:00,1123.38,1124.75,1123.38,1124.75,0.12,0.04,45.32,1
2026-07-24,2026-07-24 14:00:00,1124.75,1126.12,1124.75,1126.12,0.12,0.04,45.32,1
2026-07-24,2026-07-24 14:10:00,1126.12,1127.5,1126.12,1127.5,0.12,0.04,45.32,1
2026-07-24,2026-07-24 14:20:00,1127.5,1128.88,1127.5,1128.88,0.12,0.04,45.32,1
2026-07-24,2026-07-24 14:30:00,1128.88,1130.25,1128.88,1130.25,0.12,0.04,45.32,1
2026-07-24,2026-07-24 14:40:00,1130.25,1131.62,1130.25,1131.62,0.12,0.04,45.32,1
2026-07-24,2026-07-24 14:50:00,1131.62,1133.0,1131.62,1133.0,0.12,0.04,45.32,1
2026-07-24,2026-07-24 15:00:00,1133.0,1133.0,1100.0,1133.0,0.0,0.04,45.32,0
2026-07-27,2026-07-27 11:00:00,1165.0,1165.0,1163.71,1164.75,-0.02,100.12,116214.0,-1
2026-07-27,2026-07-27 11:10:00,1164.75,1164.75,1164.5,1164.5,-0.02,100.12,116214.0,-1
2026-07-27,2026-07-27 11:20:00,1164.5,1164.5,1164.25,1164.25,-0.02,100.12,116214.0,-1
2026-07-27,2026-07-27 11:30:00,1164.25,1164.25,1164.0,1164.0,-0.02,100.12,116214.0,-1
2026-07-27,2026-07-27 11:40:00,1164.0,1164.0,1163.75,1163.75,-0.02,100.12,116214.0,-1
2026-07-27,2026-07-27 11:50:00,1163.75,1163.75,1163.5,1163.5,-0.02,100.12,116214.0,-1
2026-07-27,2026-07-27 12:00:00,1163.5,1163.5,1163.25,1163.25,-0.02,100.12,116214.0,-1
2026-07-27,2026-07-27 12:10:00,1163.25,1163.25,1163.0,1163.0,-0.02,100.12,116214.0,-1
2026-07-27,2026-07-27 12:20:00,1163.0,1163.0,1162.75,1162.75,-0.02,100.12,116214.0,-1
2026-07-27,2026-07-27 12:30:00,1162.75,1162.75,1162.5,1162.5,-0.02,100.12,116214.0,-1
2026-07-27,2026-07-27 12:40:00,1162.5,1162.5,1162.25,1162.25,-0.02,100.12,116214.0,-1
2026-07-27,2026-07-27 12:50:00,1162.25,1162.25,1162.0,1162.0,-0.02,100.12,116214.0,-1
2026-07-27,2026-07-27 13:00:00,1162.0,1165.0,1160.7,1161.75,-0.02,100.12,116214.0,-1
2026-07-27,2026-07-27 13:10:00,1161.75,1161.75,1161.5,1161.5,-0.02,100.12,116214.0,-1
2026-07-27,2026-07-27 13:20:00,1161.5,1161.5,1161.25,1161.25,-0.02,100.12,116214.0,-1
2026-07-27,2026-07-27 13:30:00,1161.25,1161.25,1161.0,1161.0,-0.02,100.12,116214.0,-1
2026-07-27,2026-07-27 13:40:00,1161.0,1161.0,1160.75,1160.75,-0.02,100.12,116214.0,-1
2026-07-27,2026-07-27 13:50:00,1160.75,1160.75,1160.5,1160.5,-0.02,100.12,116214.0,-1
2026-07-27,2026-07-27 14:00:00,1160.5,1160.5,1160.25,1160.25,-0.02,100.12,116214.0,-1
2026-07-27,2026-07-27 14:10:00,1160.25,1160.25,1160.0,1160.0,-0.02,100.12,116214.0,-1
2026-07-27,2026-07-27 14:20:00,1160.0,1160.0,1159.75,1159.75,-0.02,100.12,116214.0,-1
2026-07-27,2026-07-27 14:30:00,1159.75,1159.75,1159.5,1159.5,-0.02,100.12,116214.0,-1
2026-07-27,2026-07-27 14:40:00,1159.5,1159.5,1159.25,1159.25,-0.02,100.12,116214.0,-1
2026-07-27,2026-07-27 14:50:00,1159.25,1159.25,1159.0,1159.0,-0.02,100.12,116214.0,-1
2026-07-27,2026-07-27 15:00:00,1159.0,1165.0,1159.0,1159.0,0.0,100.12,116214.0,0
2026-07-28,2026-07-28 11:00:00,1160.0,1160.0,1160.0,1160.0,0.0,380.04,440846.4,0
2026-07-28,2026-07-28 11:10:00,1160.0,1160.0,1160.0,1160.0,0.0,380.04,440846.4,0
2026-07-28,2026-07-28 11:20:00,1160.0,1160.0,1160.0,1160.0,0.0,380.04,440846.4,0
2026-07-28,2026-07-28 11:30:00,1160.0,1160.0,1160.0,1160.0,0.0,380.04,440846.4,0
2026-07-28,2026-07-28 11:40:00,1160.0,1160.0,1160.0,1160.0,0.0,380.04,440846.4,0
2026-07-28,2026-07-28 11:50:00,1160.0,1160.0,1160.0,1160.0,0.0,380.04,440846.4,0
2026-07-28,2026-07-28 12:00:00,1160.0,1160.0,1160.0,1160.0,0.0,380.04,440846.4,0
2026-07-28,2026-07-28 12:10:00,1160.0,1160.0,1160.0,1160.0,0.0,380.04,440846.4,0
2026-07-28,2026-07-28 12:20:00,1160.0,1160.0,1160.0,1160.0,0.0,380.04,440846.4,0
2026-07-28,2026-07-28 12:30:00,1160.0,1160.0,1160.0,1160.0,0.0,380.04,440846.4,0
2026-07-28,2026-07-28 12:40:00,1160.0,1160.0,1160.0,1160.0,0.0,380.04,440846.4,0
2026-07-28,2026-07-28 12:50:00,1160.0,1160.0,1160.0,1160.0,0.0,380.04,440846.4,0
2026-07-28,2026-07-28 13:00:00,1160.0,1160.0,1160.0,1160.0,0.0,380.04,440846.4,0
2026-07-28,2026-07-28 13:10:00,1160.0,1160.0,1160.0,1160.0,0.0,380.04,440846.4,0
2026-07-28,2026-07-28 13:20:00,1160.0,1160.0,1160.0,1160.0,0.0,380.04,440846.4,0
2026-07-28,2026-07-28 13:30:00,1160.0,1160.0,1160.0,1160.0,0.0,380.04,440846.4,0
2026-07-28,2026-07-28 13:40:00,1160.0,1160.0,1160.0,1160.0,0.0,380.04,440846.4,0
2026-07-28,2026-07-28 13:50:00,1160.0,1160.0,1160.0,1160.0,0.0,380.04,440846.4,0
2026-07-28,2026-07-28 14:00:00,1160.0,1160.0,1160.0,1160.0,0.0,380.04,440846.4,0
2026-07-28,2026-07-28 14:10:00,1160.0,1160.0,1160.0,1160.0,0.0,380.04,440846.4,0
2026-07-28,2026-07-28 14:20:00,1160.0,1160.0,1160.0,1160.0,0.0,380.04,440846.4,0
2026-07-28,2026-07-28 14:30:00,1160.0,1160.0,1160.0,1160.0,0.0,380.04,440846.4,0
2026-07-28,2026-07-28 14:40:00,1160.0,1160.0,1160.0,1160.0,0.0,380.04,440846.4,0
2026-07-28,2026-07-28 14:50:00,1160.0,1160.0,1160.0,1160.0,0.0,380.04,440846.4,0
2026-07-28,2026-07-28 15:00:00,1160.0,1160.0,1160.0,1160.0,0.0,380.04,440846.4,0
2026-07-29,2026-07-29 11:00:00,1160.7,1160.7,1160.7,1160.7,0.0,40.0,46428.0,0
2026-07-29,2026-07-29 11:10:00,1160.7,1160.7,1160.7,1160.7,0.0,40.0,46428.0,0
2026-07-29,2026-07-29 11:20:00,1160.7,1160.7,1160.7,1160.7,0.0,40.0,46428.0,0
2026-07-29,2026-07-29 11:30:00,1160.7,1160.7,1160.7,1160.7,0.0,40.0,46428.0,0
2026-07-29,2026-07-29 11:40:00,1160.7,1160.7,1160.7,1160.7,0.0,40.0,46428.0,0
2026-07-29,2026-07-29 11:50:00,1160.7,1160.7,1160.7,1160.7,0.0,40.0,46428.0,0
2026-07-29,2026-07-29 12:00:00,1160.7,1160.7,1160.7,1160.7,0.0,40.0,46428.0,0
2026-07-29,2026-07-29 12:10:00,1160.7,1160.7,1160.7,1160.7,0.0,40.0,46428.0,0
2026-07-29,2026-07-29 12:20:00,1160.7,1160.7,1160.7,1160.7,0.0,40.0,46428.0,0
2026-07-29,2026-07-29 12:30:00,1160.7,1160.7,1160.7,1160.7,0.0,40.0,46428.0,0
2026-07-29,2026-07-29 12:40:00,1160.7,1160.7,1160.7,1160.7,0.0,40.0,46428.0,0
2026-07-29,2026-07-29 12:50:00,1160.7,1160.7,1160.7,1160.7,0.0,40.0,46428.0,0
2026-07-29,2026-07-29 13:00:00,1160.7,1160.7,1160.7,1160.7,0.0,40.0,46428.0,0
2026-07-29,2026-07-29 13:10:00,1160.7,1160.7,1160.7,1160.7,0.0,40.0,46428.0,0
2026-07-29,2026-07-29 13:20:00,1160.7,1160.7,1160.7,1160.7,0.0,40.0,46428.0,0
2026-07-29,2026-07-29 13:30:00,1160.7,1160.7,1160.7,1160.7,0.0,40.0,46428.0,0
2026-07-29,2026-07-29 13:40:00,1160.7,1160.7,1160.7,1160.7,0.0,40.0,46428.0,0
2026-07-29,2026-07-29 13:50:00,1160.7,1160.7,1160.7,1160.7,0.0,40.0,46428.0,0
2026-07-29,2026-07-29 14:00:00,1160.7,1160.7,1160.7,1160.7,0.0,40.0,46428.0,0
2026-07-29,2026-07-29 14:10:00,1160.7,1160.7,1160.7,1160.7,0.0,40.0,46428.0,0
2026-07-29,2026-07-29 14:20:00,1160.7,1160.7,1160.7,1160.7,0.0,40.0,46428.0,0
2026-07-29,2026-07-29 14:30:00,1160.7,1160.7,1160.7,1160.7,0.0,40.0,46428.0,0
2026-07-29,2026-07-29 14:40:00,1160.7,1160.7,1160.7,1160.7,0.0,40.0,46428.0,0
2026-07-29,2026-07-29 14:50:00,1160.7,1160.7,1160.7,1160.7,0.0,40.0,46428.0,0
2026-07-29,2026-07-29 15:00:00,1160.7,1160.7,1160.7,1160.7,0.0,40.0,46428.0,0
