published_date,timestamp,open,high,low,close,per_change,traded_quantity,traded_amount,status
2026-03-29,2026-03-29 11:00:00,300.0,309.0,300.0,301.25,0.42,7.6,2448.4,1
2026-03-29,2026-03-29 11:10:00,301.25,302.5,301.25,302.5,0.41,7.6,2448.4,1
2026-03-29,2026-03-29 11:20:00,302.5,303.75,302.5,303.75,0.41,7.6,2448.4,1
2026-03-29,2026-03-29 11:30:00,303.75,305.0,303.75,305.0,0.41,7.6,2448.4,1
2026-03-29,2026-03-29 11:40:00,305.0,306.25,305.0,306.25,0.41,7.6,2448.4,1
2026-03-29,2026-03-29 11:50:00,306.25,307.5,306.25,307.5,0.41,7.6,2448.4,1
2026-03-29,2026-03-29 12:00:00,307.5,308.75,307.5,308.75,0.41,7.6,2448.4,1
2026-03-29,2026-03-29 12:10:00,308.75,310.0,308.75,310.0,0.4,7.6,2448.4,1
2026-03-29,2026-03-29 12:20:00,310.0,311.25,310.0,311.25,0.4,7.6,2448.4,1
2026-03-29,2026-03-29 12:30:00,311.25,312.5,311.25,312.5,0.4,7.6,2448.4,1
2026-03-29,2026-03-29 12:40:00,312.5,313.75,312.5,313.75,0.4,7.6,2448.4,1
2026-03-29,2026-03-29 12:50:00,313.75,315.0,313.75,315.0,0.4,7.6,2448.4,1
2026-03-29,2026-03-29 13:00:00,315.0,330.0,300.0,316.25,0.4,7.6,2448.4,1
2026-03-29,2026-03-29 13:10:00,316.25,317.5,316.25,317.5,0.4,7.6,2448.4,1
2026-03-29,2026-03-29 13:20:00,317.5,318.75,317.5,318.75,0.39,7.6,2448.4,1
2026-03-29,2026-03-29 13:30:00,318.75,320.0,318.75,320.0,0.39,7.6,2448.4,1
2026-03-29,2026-03-29 13:40:00,320.0,321.25,320.0,321.25,0.39,7.6,2448.4,1
2026-03-29,2026-03-29 13:50:00,321.25,322.5,321.25,322.5,0.39,7.6,2448.4,1
2026-03-29,2026-03-29 14:00:00,322.5,323.75,322.5,323.75,0.39,7.6,2448.4,1
2026-03-29,2026-03-29 14:10:00,323.75,325.0,323.75,325.0,0.39,7.6,2448.4,1
2026-03-29,2026-03-29 14:20:00,325.0,326.25,325.0,326.25,0.38,7.6,2448.4,1
2026-03-29,2026-03-29 14:30:00,326.25,327.5,326.25,327.5,0.38,7.6,2448.4,1
2026-03-29,2026-03-29 14:40:00,327.5,328.75,327.5,328.75,0.38,7.6,2448.4,1
2026-03-29,2026-03-29 14:50:00,328.75,330.0,328.75,330.0,0.38,7.6,2448.4,1
2026-03-29,2026-03-29 15:00:00,330.0,330.0,300.0,330.0,0.0,7.6,2448.4,0
2026-03-30,2026-03-30 11:00:00,335.5,343.75,335.5,336.65,0.34,6.0,2139.24,1
2026-03-30,2026-03-30 11:10:00,336.65,337.79,336.65,337.79,0.34,6.0,2139.24,1
2026-03-30,2026-03-30 11:20:00,337.79,338.94,337.79,338.94,0.34,6.0,2139.24,1
2026-03-30,2026-03-30 11:30:00,338.94,340.08,338.94,340.08,0.34,6.0,2139.24,1
2026-03-30,2026-03-30 11:40:00,340.08,341.23,340.08,341.23,0.34,6.0,2139.24,1
2026-03-30,2026-03-30 11:50:00,341.23,342.38,341.23,342.38,0.34,6.0,2139.24,1
2026-03-30,2026-03-30 12:00:00,342.38,343.52,342.38,343.52,0.33,6.0,2139.24,1
2026-03-30,2026-03-30 12:10:00,343.52,344.67,343.52,344.67,0.33,6.0,2139.24,1
2026-03-30,2026-03-30 12:20:00,344.67,345.81,344.67,345.81,0.33,6.0,2139.24,1
2026-03-30,2026-03-30 12:30:00,345.81,346.96,345.81,346.96,0.33,6.0,2139.24,1
2026-03-30,2026-03-30 12:40:00,346.96,348.1,346.96,348.1,0.33,6.0,2139.24,1
2026-03-30,2026-03-30 12:50:00,348.1,349.25,348.1,349.25,0.33,6.0,2139.24,1
2026-03-30,2026-03-30 13:00:00,349.25,363.0,335.5,350.4,0.33,6.0,2139.24,1
2026-03-30,2026-03-30 13:10:00,350.4,351.54,350.4,351.54,0.33,6.0,2139.24,1
2026-03-30,2026-03-30 13:20:00,351.54,352.69,351.54,352.69,0.33,6.0,2139.24,1
2026-03-30,2026-03-30 13:30:00,352.69,353.83,352.69,353.83,0.32,6.0,2139.24,1
2026-03-30,2026-03-30 13:40:00,353.83,354.98,353.83,354.98,0.33,6.0,2139.24,1
2026-03-30,2026-03-30 13:50:00,354.98,356.12,354.98,356.12,0.32,6.0,2139.24,1
2026-03-30,2026-03-30 14:00:00,356.12,357.27,356.12,357.27,0.32,6.0,2139.24,1
2026-03-30,2026-03-30 14:10:00,357.27,358.42,357.27,358.42,0.32,6.0,2139.24,1
2026-03-30,2026-03-30 14:20:00,358.42,359.56,358.42,359.56,0.32,6.0,2139.24,1
2026-03-30,2026-03-30 14:30:00,359.56,360.71,359.56,360.71,0.32,6.0,2139.24,1
2026-03-30,2026-03-30 14:40:00,360.71,361.85,360.71,361.85,0.32,6.0,2139.24,1
2026-03-30,2026-03-30 14:50:00,361.85,363.0,361.85,363.0,0.32,6.0,2139.24,1
2026-03-30,2026-03-30 15:00:00,363.0,363.0,335.5,363.0,0.0,6.0,2139.24,0
2026-03-31,2026-03-31 11:00:00,370.0,378.79,370.0,371.22,0.33,6.8,2674.56,1
2026-03-31,2026-03-31 11:10:00,371.22,372.44,371.22,372.44,0.33,6.8,2674.56,1
2026-03-31,2026-03-31 11:20:00,372.44,373.66,372.44,373.66,0.33,6.8,2674.56,1
2026-03-31,2026-03-31 11:30:00,373.66,374.88,373.66,374.88,0.33,6.8,2674.56,1
2026-03-31,2026-03-31 11:40:00,374.88,376.1,374.88,376.1,0.33,6.8,2674.56,1
2026-03-31,2026-03-31 11:50:00,376.1,377.32,376.1,377.32,0.32,6.8,2674.56,1
2026-03-31,2026-03-31 12:00:00,377.32,378.55,377.32,378.55,0.33,6.8,2674.56,1
2026-03-31,2026-03-31 12:10:00,378.55,379.77,378.55,379.77,0.32,6.8,2674.56,1
2026-03-31,2026-03-31 12:20:00,379.77,380.99,379.77,380.99,0.32,6.8,2674.56,1
2026-03-31,2026-03-31 12:30:00,380.99,382.21,380.99,382.21,0.32,6.8,2674.56,1
2026-03-31,2026-03-31 12:40:00,382.21,383.43,382.21,383.43,0.32,6.8,2674.56,1
2026-03-31,2026-03-31 12:50:00,383.43,384.65,383.43,384.65,0.32,6.8,2674.56,1
2026-03-31,2026-03-31 13:00:00,384.65,399.3,370.0,385.87,0.32,6.8,2674.56,1
2026-03-31,2026-03-31 13:10:00,385.87,387.09,385.87,387.09,0.32,6.8,2674.56,1
2026-03-31,2026-03-31 13:20:00,387.09,388.31,387.09,388.31,0.32,6.8,2674.56,1
2026-03-31,2026-03-31 13:30:00,388.31,389.53,388.31,389.53,0.31,6.8,2674.56,1
2026-03-31,2026-03-31 13:40:00,389.53,390.75,389.53,390.75,0.31,6.8,2674.56,1
2026-03-31,2026-03-31 13:50:00,390.75,391.98,390.75,391.98,0.31,6.8,2674.56,1
2026-03-31,2026-03-31 14:00:00,391.98,393.2,391.98,393.2,0.31,6.8,2674.56,1
2026-03-31,2026-03-31 14:10:00,393.2,394.42,393.2,394.42,0.31,6.8,2674.56,1
2026-03-31,2026-03-31 14:20:00,394.42,395.64,394.42,395.64,0.31,6.8,2674.56,1
2026-03-31,2026-03-31 14:30:00,395.64,396.86,395.64,396.86,0.31,6.8,2674.56,1
2026-03-31,2026-03-31 14:40:00,396.86,398.08,396.86,398.08,0.31,6.8,2674.56,1
2026-03-31,2026-03-31 14:50:00,398.08,399.3,398.08,399.3,0.31,6.8,2674.56,1
2026-03-31,2026-03-31 15:00:00,399.3,399.3,370.0,399.3,0.0,6.8,2674.56,0
2026-04-01,2026-04-01 11:00:00,400.5,412.11,400.5,402.11,0.4,6.0,2574.84,1
2026-04-01,2026-04-01 11:10:00,402.11,403.73,402.11,403.73,0.4,6.0,2574.84,1
2026-04-01,2026-04-01 11:20:00,403.73,405.34,403.73,405.34,0.4,6.0,2574.84,1
2026-04-01,2026-04-01 11:30:00,405.34,406.95,405.34,406.95,0.4,6.0,2574.84,1
2026-04-01,2026-04-01 11:40:00,406.95,408.56,406.95,408.56,0.4,6.0,2574.84,1
2026-04-01,2026-04-01 11:50:00,408.56,410.18,408.56,410.18,0.4,6.0,2574.84,1
2026-04-01,2026-04-01 12:00:00,410.18,411.79,410.18,411.79,0.39,6.0,2574.84,1
2026-04-01,2026-04-01 12:10:00,411.79,413.4,411.79,413.4,0.39,6.0,2574.84,1
2026-04-01,2026-04-01 12:20:00,413.4,415.01,413.4,415.01,0.39,6.0,2574.84,1
2026-04-01,2026-04-01 12:30:00,415.01,416.62,415.01,416.62,0.39,6.0,2574.84,1
2026-04-01,2026-04-01 12:40:00,416.62,418.24,416.62,418.24,0.39,6.0,2574.84,1
2026-04-01,2026-04-01 12:50:00,418.24,419.85,418.24,419.85,0.38,6.0,2574.84,1
2026-04-01,2026-04-01 13:00:00,419.85,439.2,400.5,421.46,0.38,6.0,2574.84,1
2026-04-01,2026-04-01 13:10:00,421.46,423.07,421.46,423.07,0.38,6.0,2574.84,1
2026-04-01,2026-04-01 13:20:00,423.07,424.69,423.07,424.69,0.38,6.0,2574.84,1
2026-04-01,2026-04-01 13:30:00,424.69,426.3,424.69,426.3,0.38,6.0,2574.84,1
2026-04-01,2026-04-01 13:40:00,426.3,427.91,426.3,427.91,0.38,6.0,2574.84,1
2026-04-01,2026-04-01 13:50:00,427.91,429.52,427.91,429.52,0.38,6.0,2574.84,1
2026-04-01,2026-04-01 14:00:00,429.52,431.14,429.52,431.14,0.38,6.0,2574.84,1
2026-04-01,2026-04-01 14:10:00,431.14,432.75,431.14,432.75,0.37,6.0,2574.84,1
2026-04-01,2026-04-01 14:20:00,432.75,434.36,432.75,434.36,0.37,6.0,2574.84,1
2026-04-01,2026-04-01 14:30:00,434.36,435.97,434.36,435.97,0.37,6.0,2574.84,1
2026-04-01,2026-04-01 14:40:00,435.97,437.59,435.97,437.59,0.37,6.0,2574.84,1
2026-04-01,2026-04-01 14:50:00,437.59,439.2,437.59,439.2,0.37,6.0,2574.84,1
2026-04-01,2026-04-01 15:00:00,439.2,439.2,400.5,439.2,0.0,6.0,2574.84,0
2026-04-02,2026-04-02 11:00:00,445.0,456.43,445.0,446.59,0.36,10.8,5162.2,1
2026-04-02,2026-04-02 11:10:00,446.59,448.18,446.59,448.18,0.36,10.8,5162.2,1
2026-04-02,2026-04-02 11:20:00,448.18,449.76,448.18,449.76,0.35,10.8,5162.2,1
2026-04-02,2026-04-02 11:30:00,449.76,451.35,449.76,451.35,0.35,10.8,5162.2,1
2026-04-02,2026-04-02 11:40:00,451.35,452.94,451.35,452.94,0.35,10.8,5162.2,1
2026-04-02,2026-04-02 11:50:00,452.94,454.52,452.94,454.52,0.35,10.8,5162.2,1
2026-04-02,2026-04-02 12:00:00,454.52,456.11,454.52,456.11,0.35,10.8,5162.2,1
2026-04-02,2026-04-02 12:10:00,456.11,457.7,456.11,457.7,0.35,10.8,5162.2,1
2026-04-02,2026-04-02 12:20:00,457.7,459.29,457.7,459.29,0.35,10.8,5162.2,1
2026-04-02,2026-04-02 12:30:00,459.29,460.88,459.29,460.88,0.35,10.8,5162.2,1
2026-04-02,2026-04-02 12:40:00,460.88,462.46,460.88,462.46,0.34,10.8,5162.2,1
2026-04-02,2026-04-02 12:50:00,462.46,464.05,462.46,464.05,0.34,10.8,5162.2,1
2026-04-02,2026-04-02 13:00:00,464.05,483.1,445.0,465.64,0.34,10.8,5162.2,1
2026-04-02,2026-04-02 13:10:00,465.64,467.23,465.64,467.23,0.34,10.8,5162.2,1
2026-04-02,2026-04-02 13:20:00,467.23,468.81,467.23,468.81,0.34,10.8,5162.2,1
2026-04-02,2026-04-02 13:30:00,468.81,470.4,468.81,470.4,0.34,10.8,5162.2,1
2026-04-02,2026-04-02 13:40:00,470.4,471.99,470.4,471.99,0.34,10.8,5162.2,1
2026-04-02,2026-04-02 13:50:00,471.99,473.58,471.99,473.58,0.34,10.8,5162.2,1
2026-04-02,2026-04-02 14:00:00,473.58,475.16,473.58,475.16,0.33,10.8,5162.2,1
2026-04-02,2026-04-02 14:10:00,475.16,476.75,475.16,476.75,0.33,10.8,5162.2,1
2026-04-02,2026-04-02 14:20:00,476.75,478.34,476.75,478.34,0.33,10.8,5162.2,1
2026-04-02,2026-04-02 14:30:00,478.34,479.93,478.34,479.93,0.33,10.8,5162.2,1
2026-04-02,2026-04-02 14:40:00,479.93,481.51,479.93,481.51,0.33,10.8,5162.2,1
2026-04-02,2026-04-02 14:50:00,481.51,483.1,481.51,483.1,0.33,10.8,5162.2,1
2026-04-02,2026-04-02 15:00:00,483.1,483.1,445.0,483.1,0.0,10.8,5162.2,0
2026-04-05,2026-04-05 11:00:00,492.7,504.31,492.7,494.31,0.33,17.6,9314.56,1
2026-04-05,2026-04-05 11:10:00,494.31,495.93,494.31,495.93,0.33,17.6,9314.56,1
2026-04-05,2026-04-05 11:20:00,495.93,497.54,495.93,497.54,0.32,17.6,9314.56,1
2026-04-05,2026-04-05 11:30:00,497.54,499.15,497.54,499.15,0.32,17.6,9314.56,1
2026-04-05,2026-04-05 11:40:00,499.15,500.76,499.15,500.76,0.32,17.6,9314.56,1
2026-04-05,2026-04-05 11:50:00,500.76,502.38,500.76,502.38,0.32,17.6,9314.56,1
2026-04-05,2026-04-05 12:00:00,502.38,503.99,502.38,503.99,0.32,17.6,9314.56,1
2026-04-05,2026-04-05 12:10:00,503.99,505.6,503.99,505.6,0.32,17.6,9314.56,1
2026-04-05,2026-04-05 12:20:00,505.6,507.21,505.6,507.21,0.32,17.6,9314.56,1
2026-04-05,2026-04-05 12:30:00,507.21,508.82,507.21,508.82,0.32,17.6,9314.56,1
2026-04-05,2026-04-05 12:40:00,508.82,510.44,508.82,510.44,0.32,17.6,9314.56,1
2026-04-05,2026-04-05 12:50:00,510.44,512.05,510.44,512.05,0.32,17.6,9314.56,1
2026-04-05,2026-04-05 13:00:00,512.05,531.4,492.7,513.66,0.31,17.6,9314.56,1
2026-04-05,2026-04-05 13:10:00,513.66,515.27,513.66,515.27,0.31,17.6,9314.56,1
2026-04-05,2026-04-05 13:20:00,515.27,516.89,515.27,516.89,0.31,17.6,9314.56,1
2026-04-05,2026-04-05 13:30:00,516.89,518.5,516.89,518.5,0.31,17.6,9314.56,1
2026-04-05,2026-04-05 13:40:00,518.5,520.11,518.5,520.11,0.31,17.6,9314.56,1
2026-04-05,2026-04-05 13:50:00,520.11,521.73,520.11,521.73,0.31,17.6,9314.56,1
2026-04-05,2026-04-05 14:00:00,521.73,523.34,521.73,523.34,0.31,17.6,9314.56,1
2026-04-05,2026-04-05 14:10:00,523.34,524.95,523.34,524.95,0.31,17.6,9314.56,1
2026-04-05,2026-04-05 14:20:00,524.95,526.56,524.95,526.56,0.31,17.6,9314.56,1
2026-04-05,2026-04-05 14:30:00,526.56,528.17,526.56,528.17,0.31,17.6,9314.56,1
2026-04-05,2026-04-05 14:40:00,528.17,529.79,528.17,529.79,0.31,17.6,9314.56,1
2026-04-05,2026-04-05 14:50:00,529.79,531.4,529.79,531.4,0.3,17.6,9314.56,1
2026-04-05,2026-04-05 15:00:00,531.4,531.4,492.7,531.4,0.0,17.6,9314.56,0
2026-04-06,2026-04-06 11:00:00,542.0,554.75,542.0,543.77,0.33,17.2,10011.64,1
2026-04-06,2026-04-06 11:10:00,543.77,545.54,543.77,545.54,0.33,17.2,10011.64,1
2026-04-06,2026-04-06 11:20:00,545.54,547.31,545.54,547.31,0.32,17.2,10011.64,1
2026-04-06,2026-04-06 11:30:00,547.31,549.08,547.31,549.08,0.32,17.2,10011.64,1
2026-04-06,2026-04-06 11:40:00,549.08,550.85,549.08,550.85,0.32,17.2,10011.64,1
2026-04-06,2026-04-06 11:50:00,550.85,552.62,550.85,552.62,0.32,17.2,10011.64,1
2026-04-06,2026-04-06 12:00:00,552.62,554.4,552.62,554.4,0.32,17.2,10011.64,1
2026-04-06,2026-04-06 12:10:00,554.4,556.17,554.4,556.17,0.32,17.2,10011.64,1
2026-04-06,2026-04-06 12:20:00,556.17,557.94,556.17,557.94,0.32,17.2,10011.64,1
2026-04-06,2026-04-06 12:30:00,557.94,559.71,557.94,559.71,0.32,17.2,10011.64,1
2026-04-06,2026-04-06 12:40:00,559.71,561.48,559.71,561.48,0.32,17.2,10011.64,1
2026-04-06,2026-04-06 12:50:00,561.48,563.25,561.48,563.25,0.32,17.2,10011.64,1
2026-04-06,2026-04-06 13:00:00,563.25,584.5,542.0,565.02,0.31,17.2,10011.64,1
2026-04-06,2026-04-06 13:10:00,565.02,566.79,565.02,566.79,0.31,17.2,10011.64,1
2026-04-06,2026-04-06 13:20:00,566.79,568.56,566.79,568.56,0.31,17.2,10011.64,1
2026-04-06,2026-04-06 13:30:00,568.56,570.33,568.56,570.33,0.31,17.2,10011.64,1
2026-04-06,2026-04-06 13:40:00,570.33,572.1,570.33,572.1,0.31,17.2,10011.64,1
2026-04-06,2026-04-06 13:50:00,572.1,573.88,572.1,573.88,0.31,17.2,10011.64,1
2026-04-06,2026-04-06 14:00:00,573.88,575.65,573.88,575.65,0.31,17.2,10011.64,1
2026-04-06,2026-04-06 14:10:00,575.65,577.42,575.65,577.42,0.31,17.2,10011.64,1
2026-04-06,2026-04-06 14:20:00,577.42,579.19,577.42,579.19,0.31,17.2,10011.64,1
2026-04-06,2026-04-06 14:30:00,579.19,580.96,579.19,580.96,0.31,17.2,10011.64,1
2026-04-06,2026-04-06 14:40:00,580.96,582.73,580.96,582.73,0.3,17.2,10011.64,1
2026-04-06,2026-04-06 14:50:00,582.73,584.5,582.73,584.5,0.3,17.2,10011.64,1
2026-04-06,2026-04-06 15:00:00,584.5,584.5,542.0,584.5,0.0,17.2,10011.64,0
2026-04-07,2026-04-07 11:00:00,596.1,610.14,596.1,598.05,0.33,20.4,13069.2,1
2026-04-07,2026-04-07 11:10:00,598.05,600.0,598.05,600.0,0.33,20.4,13069.2,1
2026-04-07,2026-04-07 11:20:00,600.0,601.95,600.0,601.95,0.33,20.4,13069.2,1
2026-04-07,2026-04-07 11:30:00,601.95,603.9,601.95,603.9,0.32,20.4,13069.2,1
2026-04-07,2026-04-07 11:40:00,603.9,605.85,603.9,605.85,0.32,20.4,13069.2,1
2026-04-07,2026-04-07 11:50:00,605.85,607.8,605.85,607.8,0.32,20.4,13069.2,1
2026-04-07,2026-04-07 12:00:00,607.8,609.75,607.8,609.75,0.32,20.4,13069.2,1
2026-04-07,2026-04-07 12:10:00,609.75,611.7,609.75,611.7,0.32,20.4,13069.2,1
2026-04-07,2026-04-07 12:20:00,611.7,613.65,611.7,613.65,0.32,20.4,13069.2,1
2026-04-07,2026-04-07 12:30:00,613.65,615.6,613.65,615.6,0.32,20.4,13069.2,1
2026-04-07,2026-04-07 12:40:00,615.6,617.55,615.6,617.55,0.32,20.4,13069.2,1
2026-04-07,2026-04-07 12:50:00,617.55,619.5,617.55,619.5,0.32,20.4,13069.2,1
2026-04-07,2026-04-07 13:00:00,619.5,642.9,596.1,621.45,0.31,20.4,13069.2,1
2026-04-07,2026-04-07 13:10:00,621.45,623.4,621.45,623.4,0.31,20.4,13069.2,1
2026-04-07,2026-04-07 13:20:00,623.4,625.35,623.4,625.35,0.31,20.4,13069.2,1
2026-04-07,2026-04-07 13:30:00,625.35,627.3,625.35,627.3,0.31,20.4,13069.2,1
2026-04-07,2026-04-07 13:40:00,627.3,629.25,627.3,629.25,0.31,20.4,13069.2,1
2026-04-07,2026-04-07 13:50:00,629.25,631.2,629.25,631.2,0.31,20.4,13069.2,1
2026-04-07,2026-04-07 14:00:00,631.2,633.15,631.2,633.15,0.31,20.4,13069.2,1
2026-04-07,2026-04-07 14:10:00,633.15,635.1,633.15,635.1,0.31,20.4,13069.2,1
2026-04-07,2026-04-07 14:20:00,635.1,637.05,635.1,637.05,0.31,20.4,13069.2,1
2026-04-07,2026-04-07 14:30:00,637.05,639.0,637.05,639.0,0.31,20.4,13069.2,1
2026-04-07,2026-04-07 14:40:00,639.0,640.95,639.0,640.95,0.31,20.4,13069.2,1
2026-04-07,2026-04-07 14:50:00,640.95,642.9,640.95,642.9,0.3,20.4,13069.2,1
2026-04-07,2026-04-07 15:00:00,642.9,642.9,596.1,642.9,0.0,20.4,13069.2,0
2026-04-08,2026-04-08 11:00:00,655.7,671.12,655.7,657.84,0.33,33.2,23425.28,1
2026-04-08,2026-04-08 11:10:00,657.84,659.98,657.84,659.98,0.33,33.2,23425.28,1
2026-04-08,2026-04-08 11:20:00,659.98,662.12,659.98,662.12,0.32,33.2,23425.28,1
2026-04-08,2026-04-08 11:30:00,662.12,664.27,662.12,664.27,0.32,33.2,23425.28,1
2026-04-08,2026-04-08 11:40:00,664.27,666.41,664.27,666.41,0.32,33.2,23425.28,1
2026-04-08,2026-04-08 11:50:00,666.41,668.55,666.41,668.55,0.32,33.2,23425.28,1
2026-04-08,2026-04-08 12:00:00,668.55,670.69,668.55,670.69,0.32,33.2,23425.28,1
2026-04-08,2026-04-08 12:10:00,670.69,672.83,670.69,672.83,0.32,33.2,23425.28,1
2026-04-08,2026-04-08 12:20:00,672.83,674.98,672.83,674.98,0.32,33.2,23425.28,1
2026-04-08,2026-04-08 12:30:00,674.98,677.12,674.98,677.12,0.32,33.2,23425.28,1
2026-04-08,2026-04-08 12:40:00,677.12,679.26,677.12,679.26,0.32,33.2,23425.28,1
2026-04-08,2026-04-08 12:50:00,679.26,681.4,679.26,681.4,0.32,33.2,23425.28,1
2026-04-08,2026-04-08 13:00:00,681.4,707.1,655.7,683.54,0.31,33.2,23425.28,1
2026-04-08,2026-04-08 13:10:00,683.54,685.68,683.54,685.68,0.31,33.2,23425.28,1
2026-04-08,2026-04-08 13:20:00,685.68,687.83,685.68,687.83,0.31,33.2,23425.28,1
2026-04-08,2026-04-08 13:30:00,687.83,689.97,687.83,689.97,0.31,33.2,23425.28,1
2026-04-08,2026-04-08 13:40:00,689.97,692.11,689.97,692.11,0.31,33.2,23425.28,1
2026-04-08,2026-04-08 13:50:00,692.11,694.25,692.11,694.25,0.31,33.2,23425.28,1
2026-04-08,2026-04-08 14:00:00,694.25,696.39,694.25,696.39,0.31,33.2,23425.28,1
2026-04-08,2026-04-08 14:10:00,696.39,698.53,696.39,698.53,0.31,33.2,23425.28,1
2026-04-08,2026-04-08 14:20:00,698.53,700.68,698.53,700.68,0.31,33.2,23425.28,1
2026-04-08,2026-04-08 14:30:00,700.68,702.82,700.68,702.82,0.31,33.2,23425.28,1
2026-04-08,2026-04-08 14:40:00,702.82,704.96,702.82,704.96,0.3,33.2,23425.28,1
2026-04-08,2026-04-08 14:50:00,704.96,707.1,704.96,707.1,0.3,33.2,23425.28,1
2026-04-08,2026-04-08 15:00:00,707.1,707.1,655.7,707.1,0.0,33.2,23425.28,0
2026-04-09,2026-04-09 11:00:00,721.2,738.18,721.2,723.56,0.33,48.0,37256.24,1
2026-04-09,2026-04-09 11:10:00,723.56,725.92,723.56,725.92,0.33,48.0,37256.24,1
2026-04-09,2026-04-09 11:20:00,725.92,728.28,725.92,728.28,0.33,48.0,37256.24,1
2026-04-09,2026-04-09 11:30:00,728.28,730.63,728.28,730.63,0.32,48.0,37256.24,1
2026-04-09,2026-04-09 11:40:00,730.63,732.99,730.63,732.99,0.32,48.0,37256.24,1
2026-04-09,2026-04-09 11:50:00,732.99,735.35,732.99,735.35,0.32,48.0,37256.24,1
2026-04-09,2026-04-09 12:00:00,735.35,737.71,735.35,737.71,0.32,48.0,37256.24,1
2026-04-09,2026-04-09 12:10:00,737.71,740.07,737.71,740.07,0.32,48.0,37256.24,1
2026-04-09,2026-04-09 12:20:00,740.07,742.42,740.07,742.42,0.32,48.0,37256.24,1
2026-04-09,2026-04-09 12:30:00,742.42,744.78,742.42,744.78,0.32,48.0,37256.24,1
2026-04-09,2026-04-09 12:40:00,744.78,747.14,744.78,747.14,0.32,48.0,37256.24,1
2026-04-09,2026-04-09 12:50:00,747.14,749.5,747.14,749.5,0.32,48.0,37256.24,1
2026-04-09,2026-04-09 13:00:00,749.5,777.8,721.2,751.86,0.31,48.0,37256.24,1
2026-04-09,2026-04-09 13:10:00,751.86,754.22,751.86,754.22,0.31,48.0,37256.24,1
2026-04-09,2026-04-09 13:20:00,754.22,756.58,754.22,756.58,0.31,48.0,37256.24,1
2026-04-09,2026-04-09 13:30:00,756.58,758.93,756.58,758.93,0.31,48.0,37256.24,1
2026-04-09,2026-04-09 13:40:00,758.93,761.29,758.93,761.29,0.31,48.0,37256.24,1
2026-04-09,2026-04-09 13:50:00,761.29,763.65,761.29,763.65,0.31,48.0,37256.24,1
2026-04-09,2026-04-09 14:00:00,763.65,766.01,763.65,766.01,0.31,48.0,37256.24,1
2026-04-09,2026-04-09 14:10:00,766.01,768.37,766.01,768.37,0.31,48.0,37256.24,1
2026-04-09,2026-04-09 14:20:00,768.37,770.72,768.37,770.72,0.31,48.0,37256.24,1
2026-04-09,2026-04-09 14:30:00,770.72,773.08,770.72,773.08,0.31,48.0,37256.24,1
2026-04-09,2026-04-09 14:40:00,773.08,775.44,773.08,775.44,0.31,48.0,37256.24,1
2026-04-09,2026-04-09 14:50:00,775.44,777.8,775.44,777.8,0.3,48.0,37256.24,1
2026-04-09,2026-04-09 15:00:00,777.8,777.8,721.2,777.8,0.0,48.0,37256.24,0
2026-04-10,2026-04-10 11:00:00,793.3,811.96,793.3,795.89,0.33,51.6,44082.72,1
2026-04-10,2026-04-10 11:10:00,795.89,798.48,795.89,798.48,0.33,51.6,44082.72,1
2026-04-10,2026-04-10 11:20:00,798.48,801.07,798.48,801.07,0.32,51.6,44082.72,1
2026-04-10,2026-04-10 11:30:00,801.07,803.67,801.07,803.67,0.32,51.6,44082.72,1
2026-04-10,2026-04-10 11:40:00,803.67,806.26,803.67,806.26,0.32,51.6,44082.72,1
2026-04-10,2026-04-10 11:50:00,806.26,808.85,806.26,808.85,0.32,51.6,44082.72,1
2026-04-10,2026-04-10 12:00:00,808.85,811.44,808.85,811.44,0.32,51.6,44082.72,1
2026-04-10,2026-04-10 12:10:00,811.44,814.03,811.44,814.03,0.32,51.6,44082.72,1
2026-04-10,2026-04-10 12:20:00,814.03,816.62,814.03,816.62,0.32,51.6,44082.72,1
2026-04-10,2026-04-10 12:30:00,816.62,819.22,816.62,819.22,0.32,51.6,44082.72,1
2026-04-10,2026-04-10 12:40:00,819.22,821.81,819.22,821.81,0.32,51.6,44082.72,1
2026-04-10,2026-04-10 12:50:00,821.81,824.4,821.81,824.4,0.32,51.6,44082.72,1
2026-04-10,2026-04-10 13:00:00,824.4,855.5,793.3,826.99,0.31,51.6,44082.72,1
2026-04-10,2026-04-10 13:10:00,826.99,829.58,826.99,829.58,0.31,51.6,44082.72,1
2026-04-10,2026-04-10 13:20:00,829.58,832.17,829.58,832.17,0.31,51.6,44082.72,1
2026-04-10,2026-04-10 13:30:00,832.17,834.77,832.17,834.77,0.31,51.6,44082.72,1
2026-04-10,2026-04-10 13:40:00,834.77,837.36,834.77,837.36,0.31,51.6,44082.72,1
2026-04-10,2026-04-10 13:50:00,837.36,839.95,837.36,839.95,0.31,51.6,44082.72,1
2026-04-10,2026-04-10 14:00:00,839.95,842.54,839.95,842.54,0.31,51.6,44082.72,1
2026-04-10,2026-04-10 14:10:00,842.54,845.13,842.54,845.13,0.31,51.6,44082.72,1
2026-04-10,2026-04-10 14:20:00,845.13,847.73,845.13,847.73,0.31,51.6,44082.72,1
2026-04-10,2026-04-10 14:30:00,847.73,850.32,847.73,850.32,0.31,51.6,44082.72,1
2026-04-10,2026-04-10 14:40:00,850.32,852.91,850.32,852.91,0.3,51.6,44082.72,1
2026-04-10,2026-04-10 14:50:00,852.91,855.5,852.91,855.5,0.3,51.6,44082.72,1
2026-04-10,2026-04-10 15:00:00,855.5,855.5,793.3,855.5,0.0,51.6,44082.72,0
2026-04-13,2026-04-13 11:00:00,872.6,893.12,872.6,875.45,0.33,78.4,73679.96,1
2026-04-13,2026-04-13 11:10:00,875.45,878.3,875.45,878.3,0.33,78.4,73679.96,1
2026-04-13,2026-04-13 11:20:00,878.3,881.15,878.3,881.15,0.32,78.4,73679.96,1
2026-04-13,2026-04-13 11:30:00,881.15,884.0,881.15,884.0,0.32,78.4,73679.96,1
2026-04-13,2026-04-13 11:40:00,884.0,886.85,884.0,886.85,0.32,78.4,73679.96,1
2026-04-13,2026-04-13 11:50:00,886.85,889.7,886.85,889.7,0.32,78.4,73679.96,1
2026-04-13,2026-04-13 12:00:00,889.7,892.55,889.7,892.55,0.32,78.4,73679.96,1
2026-04-13,2026-04-13 12:10:00,892.55,895.4,892.55,895.4,0.32,78.4,73679.96,1
2026-04-13,2026-04-13 12:20:00,895.4,898.25,895.4,898.25,0.32,78.4,73679.96,1
2026-04-13,2026-04-13 12:30:00,898.25,901.1,898.25,901.1,0.32,78.4,73679.96,1
2026-04-13,2026-04-13 12:40:00,901.1,903.95,901.1,903.95,0.32,78.4,73679.96,1
2026-04-13,2026-04-13 12:50:00,903.95,906.8,903.95,906.8,0.32,78.4,73679.96,1
2026-04-13,2026-04-13 13:00:00,906.8,941.0,872.6,909.65,0.31,78.4,73679.96,1
2026-04-13,2026-04-13 13:10:00,909.65,912.5,909.65,912.5,0.31,78.4,73679.96,1
2026-04-13,2026-04-13 13:20:00,912.5,915.35,912.5,915.35,0.31,78.4,73679.96,1
2026-04-13,2026-04-13 13:30:00,915.35,918.2,915.35,918.2,0.31,78.4,73679.96,1
2026-04-13,2026-04-13 13:40:00,918.2,921.05,918.2,921.05,0.31,78.4,73679.96,1
2026-04-13,2026-04-13 13:50:00,921.05,923.9,921.05,923.9,0.31,78.4,73679.96,1
2026-04-13,2026-04-13 14:00:00,923.9,926.75,923.9,926.75,0.31,78.4,73679.96,1
2026-04-13,2026-04-13 14:10:00,926.75,929.6,926.75,929.6,0.31,78.4,73679.96,1
2026-04-13,2026-04-13 14:20:00,929.6,932.45,929.6,932.45,0.31,78.4,73679.96,1
2026-04-13,2026-04-13 14:30:00,932.45,935.3,932.45,935.3,0.31,78.4,73679.96,1
2026-04-13,2026-04-13 14:40:00,935.3,938.15,935.3,938.15,0.3,78.4,73679.96,1
2026-04-13,2026-04-13 14:50:00,938.15,941.0,938.15,941.0,0.3,78.4,73679.96,1
2026-04-13,2026-04-13 15:00:00,941.0,941.0,872.6,941.0,0.0,78.4,73679.96,0
2026-04-15,2026-04-15 11:00:00,959.8,982.39,959.8,962.94,0.33,100.0,103436.0,1
2026-04-15,2026-04-15 11:10:00,962.94,966.07,962.94,966.07,0.33,100.0,103436.0,1
2026-04-15,2026-04-15 11:20:00,966.07,969.21,966.07,969.21,0.33,100.0,103436.0,1
2026-04-15,2026-04-15 11:30:00,969.21,972.35,969.21,972.35,0.32,100.0,103436.0,1
2026-04-15,2026-04-15 11:40:00,972.35,975.49,972.35,975.49,0.32,100.0,103436.0,1
2026-04-15,2026-04-15 11:50:00,975.49,978.62,975.49,978.62,0.32,100.0,103436.0,1
2026-04-15,2026-04-15 12:00:00,978.62,981.76,978.62,981.76,0.32,100.0,103436.0,1
2026-04-15,2026-04-15 12:10:00,981.76,984.9,981.76,984.9,0.32,100.0,103436.0,1
2026-04-15,2026-04-15 12:20:00,984.9,988.04,984.9,988.04,0.32,100.0,103436.0,1
2026-04-15,2026-04-15 12:30:00,988.04,991.17,988.04,991.17,0.32,100.0,103436.0,1
2026-04-15,2026-04-15 12:40:00,991.17,994.31,991.17,994.31,0.32,100.0,103436.0,1
2026-04-15,2026-04-15 12:50:00,994.31,997.45,994.31,997.45,0.32,100.0,103436.0,1
2026-04-15,2026-04-15 13:00:00,997.45,1035.1,959.8,1000.59,0.31,100.0,103436.0,1
2026-04-15,2026-04-15 13:10:00,1000.59,1003.72,1000.59,1003.72,0.31,100.0,103436.0,1
2026-04-15,2026-04-15 13:20:00,1003.72,1006.86,1003.72,1006.86,0.31,100.0,103436.0,1
2026-04-15,2026-04-15 13:30:00,1006.86,1010.0,1006.86,1010.0,0.31,100.0,103436.0,1
2026-04-15,2026-04-15 13:40:00,1010.0,1013.14,1010.0,1013.14,0.31,100.0,103436.0,1
2026-04-15,2026-04-15 13:50:00,1013.14,1016.27,1013.14,1016.27,0.31,100.0,103436.0,1
2026-04-15,2026-04-15 14:00:00,1016.27,1019.41,1016.27,1019.41,0.31,100.0,103436.0,1
2026-04-15,2026-04-15 14:10:00,1019.41,1022.55,1019.41,1022.55,0.31,100.0,103436.0,1
2026-04-15,2026-04-15 14:20:00,1022.55,1025.69,1022.55,1025.69,0.31,100.0,103436.0,1
2026-04-15,2026-04-15 14:30:00,1025.69,1028.82,1025.69,1028.82,0.31,100.0,103436.0,1
2026-04-15,2026-04-15 14:40:00,1028.82,1031.96,1028.82,1031.96,0.31,100.0,103436.0,1
2026-04-15,2026-04-15 14:50:00,1031.96,1035.1,1031.96,1035.1,0.3,100.0,103436.0,1
2026-04-15,2026-04-15 15:00:00,1035.1,1035.1,959.8,1035.1,0.0,100.0,103436.0,0
2026-04-16,2026-04-16 11:00:00,1055.0,1080.08,1055.0,1058.48,0.33,146.4,166608.56,1
2026-04-16,2026-04-16 11:10:00,1058.48,1061.97,1058.48,1061.97,0.33,146.4,166608.56,1
2026-04-16,2026-04-16 11:20:00,1061.97,1065.45,1061.97,1065.45,0.33,146.4,166608.56,1
2026-04-16,2026-04-16 11:30:00,1065.45,1068.93,1065.45,1068.93,0.33,146.4,166608.56,1
2026-04-16,2026-04-16 11:40:00,1068.93,1072.42,1068.93,1072.42,0.33,146.4,166608.56,1
2026-04-16,2026-04-16 11:50:00,1072.42,1075.9,1072.42,1075.9,0.32,146.4,166608.56,1
2026-04-16,2026-04-16 12:00:00,1075.9,1079.38,1075.9,1079.38,0.32,146.4,166608.56,1
2026-04-16,2026-04-16 12:10:00,1079.38,1082.87,1079.38,1082.87,0.32,146.4,166608.56,1
2026-04-16,2026-04-16 12:20:00,1082.87,1086.35,1082.87,1086.35,0.32,146.4,166608.56,1
2026-04-16,2026-04-16 12:30:00,1086.35,1089.83,1086.35,1089.83,0.32,146.4,166608.56,1
2026-04-16,2026-04-16 12:40:00,1089.83,1093.32,1089.83,1093.32,0.32,146.4,166608.56,1
2026-04-16,2026-04-16 12:50:00,1093.32,1096.8,1093.32,1096.8,0.32,146.4,166608.56,1
2026-04-16,2026-04-16 13:00:00,1096.8,1138.6,1055.0,1100.28,0.32,146.4,166608.56,1
2026-04-16,2026-04-16 13:10:00,1100.28,1103.77,1100.28,1103.77,0.32,146.4,166608.56,1
2026-04-16,2026-04-16 13:20:00,1103.77,1107.25,1103.77,1107.25,0.32,146.4,166608.56,1
2026-04-16,2026-04-16 13:30:00,1107.25,1110.73,1107.25,1110.73,0.31,146.4,166608.56,1
2026-04-16,2026-04-16 13:40:00,1110.73,1114.22,1110.73,1114.22,0.31,146.4,166608.56,1
2026-04-16,2026-04-16 13:50:00,1114.22,1117.7,1114.22,1117.7,0.31,146.4,166608.56,1
2026-04-16,2026-04-16 14:00:00,1117.7,1121.18,1117.7,1121.18,0.31,146.4,166608.56,1
2026-04-16,2026-04-16 14:10:00,1121.18,1124.67,1121.18,1124.67,0.31,146.4,166608.56,1
2026-04-16,2026-04-16 14:20:00,1124.67,1128.15,1124.67,1128.15,0.31,146.4,166608.56,1
2026-04-16,2026-04-16 14:30:00,1128.15,1131.63,1128.15,1131.63,0.31,146.4,166608.56,1
2026-04-16,2026-04-16 14:40:00,1131.63,1135.12,1131.63,1135.12,0.31,146.4,166608.56,1
2026-04-16,2026-04-16 14:50:00,1135.12,1138.6,1135.12,1138.6,0.31,146.4,166608.56,1
2026-04-16,2026-04-16 15:00:00,1138.6,1138.6,1055.0,1138.6,0.0,146.4,166608.56,0
2026-04-17,2026-04-17 11:00:00,1116.1,1156.99,1116.1,1121.78,0.51,489.2,612484.64,1
2026-04-17,2026-04-17 11:10:00,1121.78,1127.46,1121.78,1127.46,0.51,489.2,612484.64,1
2026-04-17,2026-04-17 11:20:00,1127.46,1133.14,1127.46,1133.14,0.5,489.2,612484.64,1
2026-04-17,2026-04-17 11:30:00,1133.14,1138.82,1133.14,1138.82,0.5,489.2,612484.64,1
2026-04-17,2026-04-17 11:40:00,1138.82,1144.5,1138.82,1144.5,0.5,489.2,612484.64,1
2026-04-17,2026-04-17 11:50:00,1144.5,1150.17,1144.5,1150.17,0.5,489.2,612484.64,1
2026-04-17,2026-04-17 12:00:00,1150.17,1155.85,1150.17,1155.85,0.49,489.2,612484.64,1
2026-04-17,2026-04-17 12:10:00,1155.85,1161.53,1155.85,1161.53,0.49,489.2,612484.64,1
2026-04-17,2026-04-17 12:20:00,1161.53,1167.21,1161.53,1167.21,0.49,489.2,612484.64,1
2026-04-17,2026-04-17 12:30:00,1167.21,1172.89,1167.21,1172.89,0.49,489.2,612484.64,1
2026-04-17,2026-04-17 12:40:00,1172.89,1178.57,1172.89,1178.57,0.48,489.2,612484.64,1
2026-04-17,2026-04-17 12:50:00,1178.57,1184.25,1178.57,1184.25,0.48,489.2,612484.64,1
2026-04-17,2026-04-17 13:00:00,1184.25,1252.4,1116.1,1189.93,0.48,489.2,612484.64,1
2026-04-17,2026-04-17 13:10:00,1189.93,1195.61,1189.93,1195.61,0.48,489.2,612484.64,1
2026-04-17,2026-04-17 13:20:00,1195.61,1201.29,1195.61,1201.29,0.48,489.2,612484.64,1
2026-04-17,2026-04-17 13:30:00,1201.29,1206.97,1201.29,1206.97,0.47,489.2,612484.64,1
2026-04-17,2026-04-17 13:40:00,1206.97,1212.65,1206.97,1212.65,0.47,489.2,612484.64,1
2026-04-17,2026-04-17 13:50:00,1212.65,1218.33,1212.65,1218.33,0.47,489.2,612484.64,1
2026-04-17,2026-04-17 14:00:00,1218.33,1224.0,1218.33,1224.0,0.47,489.2,612484.64,1
2026-04-17,2026-04-17 14:10:00,1224.0,1229.68,1224.0,1229.68,0.46,489.2,612484.64,1
2026-04-17,2026-04-17 14:20:00,1229.68,1235.36,1229.68,1235.36,0.46,489.2,612484.64,1
2026-04-17,2026-04-17 14:30:00,1235.36,1241.04,1235.36,1241.04,0.46,489.2,612484.64,1
2026-04-17,2026-04-17 14:40:00,1241.04,1246.72,1241.04,1246.72,0.46,489.2,612484.64,1
2026-04-17,2026-04-17 14:50:00,1246.72,1252.4,1246.72,1252.4,0.46,489.2,612484.64,1
2026-04-17,2026-04-17 15:00:00,1252.4,1252.4,1116.1,1252.4,0.0,489.2,612484.64,0
2026-04-20,2026-04-20 11:00:00,1315.0,1352.56,1282.6,1318.12,0.24,5614.4,7435012.63,1
2026-04-20,2026-04-20 11:10:00,1318.12,1321.25,1318.12,1321.25,0.24,5614.4,7435012.63,1
2026-04-20,2026-04-20 11:20:00,1321.25,1324.38,1321.25,1324.38,0.24,5614.4,7435012.63,1
2026-04-20,2026-04-20 11:30:00,1324.38,1327.5,1324.38,1327.5,0.24,5614.4,7435012.63,1
2026-04-20,2026-04-20 11:40:00,1327.5,1330.62,1327.5,1330.62,0.24,5614.4,7435012.63,1
2026-04-20,2026-04-20 11:50:00,1330.62,1333.75,1330.62,1333.75,0.24,5614.4,7435012.63,1
2026-04-20,2026-04-20 12:00:00,1333.75,1336.88,1333.75,1336.88,0.23,5614.4,7435012.63,1
2026-04-20,2026-04-20 12:10:00,1336.88,1340.0,1336.88,1340.0,0.23,5614.4,7435012.63,1
2026-04-20,2026-04-20 12:20:00,1340.0,1343.12,1340.0,1343.12,0.23,5614.4,7435012.63,1
2026-04-20,2026-04-20 12:30:00,1343.12,1346.25,1343.12,1346.25,0.23,5614.4,7435012.63,1
2026-04-20,2026-04-20 12:40:00,1346.25,1349.38,1346.25,1349.38,0.23,5614.4,7435012.63,1
2026-04-20,2026-04-20 12:50:00,1349.38,1352.5,1349.38,1352.5,0.23,5614.4,7435012.63,1
2026-04-20,2026-04-20 13:00:00,1352.5,1440.2,1207.0,1355.62,0.23,5614.4,7435012.63,1
2026-04-20,2026-04-20 13:10:00,1355.62,1358.75,1355.62,1358.75,0.23,5614.4,7435012.63,1
2026-04-20,2026-04-20 13:20:00,1358.75,1361.88,1358.75,1361.88,0.23,5614.4,7435012.63,1
2026-04-20,2026-04-20 13:30:00,1361.88,1365.0,1361.88,1365.0,0.23,5614.4,7435012.63,1
2026-04-20,2026-04-20 13:40:00,1365.0,1368.12,1365.0,1368.12,0.23,5614.4,7435012.63,1
2026-04-20,2026-04-20 13:50:00,1368.12,1371.25,1368.12,1371.25,0.23,5614.4,7435012.63,1
2026-04-20,2026-04-20 14:00:00,1371.25,1374.38,1371.25,1374.38,0.23,5614.4,7435012.63,1
2026-04-20,2026-04-20 14:10:00,1374.38,1377.5,1374.38,1377.5,0.23,5614.4,7435012.63,1
2026-04-20,2026-04-20 14:20:00,1377.5,1380.62,1377.5,1380.62,0.23,5614.4,7435012.63,1
2026-04-20,2026-04-20 14:30:00,1380.62,1383.75,1380.62,1383.75,0.23,5614.4,7435012.63,1
2026-04-20,2026-04-20 14:40:00,1383.75,1386.88,1383.75,1386.88,0.23,5614.4,7435012.63,1
2026-04-20,2026-04-20 14:50:00,1386.88,1390.0,1386.88,1390.0,0.22,5614.4,7435012.63,1
2026-04-20,2026-04-20 15:00:00,1390.0,1440.2,1207.0,1390.0,0.0,5614.4,7435012.63,0
2026-04-21,2026-04-21 11:00:00,1455.0,1496.19,1411.5,1452.71,-0.16,2511.2,3652417.06,-1
2026-04-21,2026-04-21 11:10:00,1452.71,1452.71,1450.42,1450.42,-0.16,2511.2,3652417.06,-1
2026-04-21,2026-04-21 11:20:00,1450.42,1450.42,1448.12,1448.12,-0.16,2511.2,3652417.06,-1
2026-04-21,2026-04-21 11:30:00,1448.12,1448.12,1445.83,1445.83,-0.16,2511.2,3652417.06,-1
2026-04-21,2026-04-21 11:40:00,1445.83,1445.83,1443.54,1443.54,-0.16,2511.2,3652417.06,-1
2026-04-21,2026-04-21 11:50:00,1443.54,1443.54,1441.25,1441.25,-0.16,2511.2,3652417.06,-1
2026-04-21,2026-04-21 12:00:00,1441.25,1441.25,1438.96,1438.96,-0.16,2511.2,3652417.06,-1
2026-04-21,2026-04-21 12:10:00,1438.96,1438.96,1436.67,1436.67,-0.16,2511.2,3652417.06,-1
2026-04-21,2026-04-21 12:20:00,1436.67,1436.67,1434.38,1434.38,-0.16,2511.2,3652417.06,-1
2026-04-21,2026-04-21 12:30:00,1434.38,1434.38,1432.08,1432.08,-0.16,2511.2,3652417.06,-1
2026-04-21,2026-04-21 12:40:00,1432.08,1432.08,1429.79,1429.79,-0.16,2511.2,3652417.06,-1
2026-04-21,2026-04-21 12:50:00,1429.79,1429.79,1427.5,1427.5,-0.16,2511.2,3652417.06,-1
2026-04-21,2026-04-21 13:00:00,1427.5,1592.3,1310.0,1425.21,-0.16,2511.2,3652417.06,-1
2026-04-21,2026-04-21 13:10:00,1425.21,1425.21,1422.92,1422.92,-0.16,2511.2,3652417.06,-1
2026-04-21,2026-04-21 13:20:00,1422.92,1422.92,1420.62,1420.62,-0.16,2511.2,3652417.06,-1
2026-04-21,2026-04-21 13:30:00,1420.62,1420.62,1418.33,1418.33,-0.16,2511.2,3652417.06,-1
2026-04-21,2026-04-21 13:40:00,1418.33,1418.33,1416.04,1416.04,-0.16,2511.2,3652417.06,-1
2026-04-21,2026-04-21 13:50:00,1416.04,1416.04,1413.75,1413.75,-0.16,2511.2,3652417.06,-1
2026-04-21,2026-04-21 14:00:00,1413.75,1413.75,1411.46,1411.46,-0.16,2511.2,3652417.06,-1
2026-04-21,2026-04-21 14:10:00,1411.46,1411.46,1409.17,1409.17,-0.16,2511.2,3652417.06,-1
2026-04-21,2026-04-21 14:20:00,1409.17,1409.17,1406.88,1406.88,-0.16,2511.2,3652417.06,-1
2026-04-21,2026-04-21 14:30:00,1406.88,1406.88,1404.58,1404.58,-0.16,2511.2,3652417.06,-1
2026-04-21,2026-04-21 14:40:00,1404.58,1404.58,1402.29,1402.29,-0.16,2511.2,3652417.06,-1
2026-04-21,2026-04-21 14:50:00,1402.29,1402.29,1400.0,1400.0,-0.16,2511.2,3652417.06,-1
2026-04-21,2026-04-21 15:00:00,1400.0,1592.3,1310.0,1400.0,0.0,2511.2,3652417.06,0
2026-04-22,2026-04-22 11:00:00,1428.0,1428.6,1379.1,1424.83,-0.22,2850.0,3728120.28,-1
2026-04-22,2026-04-22 11:10:00,1424.83,1424.83,1421.67,1421.67,-0.22,2850.0,3728120.28,-1
2026-04-22,2026-04-22 11:20:00,1421.67,1421.67,1418.5,1418.5,-0.22,2850.0,3728120.28,-1
2026-04-22,2026-04-22 11:30:00,1418.5,1418.5,1415.33,1415.33,-0.22,2850.0,3728120.28,-1
2026-04-22,2026-04-22 11:40:00,1415.33,1415.33,1412.17,1412.17,-0.22,2850.0,3728120.28,-1
2026-04-22,2026-04-22 11:50:00,1412.17,1412.17,1409.0,1409.0,-0.22,2850.0,3728120.28,-1
2026-04-22,2026-04-22 12:00:00,1409.0,1409.0,1405.83,1405.83,-0.22,2850.0,3728120.28,-1
2026-04-22,2026-04-22 12:10:00,1405.83,1405.83,1402.67,1402.67,-0.22,2850.0,3728120.28,-1
2026-04-22,2026-04-22 12:20:00,1402.67,1402.67,1399.5,1399.5,-0.23,2850.0,3728120.28,-1
2026-04-22,2026-04-22 12:30:00,1399.5,1399.5,1396.33,1396.33,-0.23,2850.0,3728120.28,-1
2026-04-22,2026-04-22 12:40:00,1396.33,1396.33,1393.17,1393.17,-0.23,2850.0,3728120.28,-1
2026-04-22,2026-04-22 12:50:00,1393.17,1393.17,1390.0,1390.0,-0.23,2850.0,3728120.28,-1
2026-04-22,2026-04-22 13:00:00,1390.0,1430.0,1265.0,1386.83,-0.23,2850.0,3728120.28,-1
2026-04-22,2026-04-22 13:10:00,1386.83,1386.83,1383.67,1383.67,-0.23,2850.0,3728120.28,-1
2026-04-22,2026-04-22 13:20:00,1383.67,1383.67,1380.5,1380.5,-0.23,2850.0,3728120.28,-1
2026-04-22,2026-04-22 13:30:00,1380.5,1380.5,1377.33,1377.33,-0.23,2850.0,3728120.28,-1
2026-04-22,2026-04-22 13:40:00,1377.33,1377.33,1374.17,1374.17,-0.23,2850.0,3728120.28,-1
2026-04-22,2026-04-22 13:50:00,1374.17,1374.17,1371.0,1371.0,-0.23,2850.0,3728120.28,-1
2026-04-22,2026-04-22 14:00:00,1371.0,1371.0,1367.83,1367.83,-0.23,2850.0,3728120.28,-1
2026-04-22,2026-04-22 14:10:00,1367.83,1367.83,1364.67,1364.67,-0.23,2850.0,3728120.28,-1
2026-04-22,2026-04-22 14:20:00,1364.67,1364.67,1361.5,1361.5,-0.23,2850.0,3728120.28,-1
2026-04-22,2026-04-22 14:30:00,1361.5,1361.5,1358.33,1358.33,-0.23,2850.0,3728120.28,-1
2026-04-22,2026-04-22 14:40:00,1358.33,1358.33,1355.17,1355.17,-0.23,2850.0,3728120.28,-1
2026-04-22,2026-04-22 14:50:00,1355.17,1355.17,1352.0,1352.0,-0.23,2850.0,3728120.28,-1
2026-04-22,2026-04-22 15:00:00,1352.0,1430.0,1265.0,1352.0,0.0,2850.0,3728120.28,0
2026-04-23,2026-04-23 11:00:00,1352.0,1375.91,1324.46,1349.0,-0.22,3534.2,4614387.05,-1
2026-04-23,2026-04-23 11:10:00,1349.0,1349.0,1345.99,1345.99,-0.22,3534.2,4614387.05,-1
2026-04-23,2026-04-23 11:20:00,1345.99,1345.99,1342.99,1342.99,-0.22,3534.2,4614387.05,-1
2026-04-23,2026-04-23 11:30:00,1342.99,1342.99,1339.98,1339.98,-0.22,3534.2,4614387.05,-1
2026-04-23,2026-04-23 11:40:00,1339.98,1339.98,1336.98,1336.98,-0.22,3534.2,4614387.05,-1
2026-04-23,2026-04-23 11:50:00,1336.98,1336.98,1333.97,1333.97,-0.23,3534.2,4614387.05,-1
2026-04-23,2026-04-23 12:00:00,1333.97,1333.97,1330.97,1330.97,-0.22,3534.2,4614387.05,-1
2026-04-23,2026-04-23 12:10:00,1330.97,1330.97,1327.97,1327.97,-0.23,3534.2,4614387.05,-1
2026-04-23,2026-04-23 12:20:00,1327.97,1327.97,1324.96,1324.96,-0.23,3534.2,4614387.05,-1
2026-04-23,2026-04-23 12:30:00,1324.96,1324.96,1321.96,1321.96,-0.23,3534.2,4614387.05,-1
2026-04-23,2026-04-23 12:40:00,1321.96,1321.96,1318.95,1318.95,-0.23,3534.2,4614387.05,-1
2026-04-23,2026-04-23 12:50:00,1318.95,1318.95,1315.95,1315.95,-0.23,3534.2,4614387.05,-1
2026-04-23,2026-04-23 13:00:00,1315.95,1431.7,1260.2,1312.95,-0.23,3534.2,4614387.05,-1
2026-04-23,2026-04-23 13:10:00,1312.95,1312.95,1309.94,1309.94,-0.23,3534.2,4614387.05,-1
2026-04-23,2026-04-23 13:20:00,1309.94,1309.94,1306.94,1306.94,-0.23,3534.2,4614387.05,-1
2026-04-23,2026-04-23 13:30:00,1306.94,1306.94,1303.93,1303.93,-0.23,3534.2,4614387.05,-1
2026-04-23,2026-04-23 13:40:00,1303.93,1303.93,1300.93,1300.93,-0.23,3534.2,4614387.05,-1
2026-04-23,2026-04-23 13:50:00,1300.93,1300.93,1297.93,1297.93,-0.23,3534.2,4614387.05,-1
2026-04-23,2026-04-23 14:00:00,1297.93,1297.93,1294.92,1294.92,-0.23,3534.2,4614387.05,-1
2026-04-23,2026-04-23 14:10:00,1294.92,1294.92,1291.92,1291.92,-0.23,3534.2,4614387.05,-1
2026-04-23,2026-04-23 14:20:00,1291.92,1291.92,1288.91,1288.91,-0.23,3534.2,4614387.05,-1
2026-04-23,2026-04-23 14:30:00,1288.91,1288.91,1285.91,1285.91,-0.23,3534.2,4614387.05,-1
2026-04-23,2026-04-23 14:40:00,1285.91,1285.91,1282.9,1282.9,-0.23,3534.2,4614387.05,-1
2026-04-23,2026-04-23 14:50:00,1282.9,1282.9,1279.9,1279.9,-0.23,3534.2,4614387.05,-1
2026-04-23,2026-04-23 15:00:00,1279.9,1431.7,1260.2,1279.9,0.0,3534.2,4614387.05,0
2026-04-24,2026-04-24 11:00:00,1279.9,1297.93,1268.53,1281.62,0.13,1854.76,2419187.17,1
2026-04-24,2026-04-24 11:10:00,1281.62,1283.33,1281.62,1283.33,0.13,1854.76,2419187.17,1
2026-04-24,2026-04-24 11:20:00,1283.33,1285.05,1283.33,1285.05,0.13,1854.76,2419187.17,1
2026-04-24,2026-04-24 11:30:00,1285.05,1286.77,1285.05,1286.77,0.13,1854.76,2419187.17,1
2026-04-24,2026-04-24 11:40:00,1286.77,1288.48,1286.77,1288.48,0.13,1854.76,2419187.17,1
2026-04-24,2026-04-24 11:50:00,1288.48,1290.2,1288.48,1290.2,0.13,1854.76,2419187.17,1
2026-04-24,2026-04-24 12:00:00,1290.2,1291.92,1290.2,1291.92,0.13,1854.76,2419187.17,1
2026-04-24,2026-04-24 12:10:00,1291.92,1293.63,1291.92,1293.63,0.13,1854.76,2419187.17,1
2026-04-24,2026-04-24 12:20:00,1293.63,1295.35,1293.63,1295.35,0.13,1854.76,2419187.17,1
2026-04-24,2026-04-24 12:30:00,1295.35,1297.07,1295.35,1297.07,0.13,1854.76,2419187.17,1
2026-04-24,2026-04-24 12:40:00,1297.07,1298.78,1297.07,1298.78,0.13,1854.76,2419187.17,1
2026-04-24,2026-04-24 12:50:00,1298.78,1300.5,1298.78,1300.5,0.13,1854.76,2419187.17,1
2026-04-24,2026-04-24 13:00:00,1300.5,1340.0,1242.0,1302.22,0.13,1854.76,2419187.17,1
2026-04-24,2026-04-24 13:10:00,1302.22,1303.93,1302.22,1303.93,0.13,1854.76,2419187.17,1
2026-04-24,2026-04-24 13:20:00,1303.93,1305.65,1303.93,1305.65,0.13,1854.76,2419187.17,1
2026-04-24,2026-04-24 13:30:00,1305.65,1307.37,1305.65,1307.37,0.13,1854.76,2419187.17,1
2026-04-24,2026-04-24 13:40:00,1307.37,1309.08,1307.37,1309.08,0.13,1854.76,2419187.17,1
2026-04-24,2026-04-24 13:50:00,1309.08,1310.8,1309.08,1310.8,0.13,1854.76,2419187.17,1
2026-04-24,2026-04-24 14:00:00,1310.8,1312.52,1310.8,1312.52,0.13,1854.76,2419187.17,1
2026-04-24,2026-04-24 14:10:00,1312.52,1314.23,1312.52,1314.23,0.13,1854.76,2419187.17,1
2026-04-24,2026-04-24 14:20:00,1314.23,1315.95,1314.23,1315.95,0.13,1854.76,2419187.17,1
2026-04-24,2026-04-24 14:30:00,1315.95,1317.67,1315.95,1317.67,0.13,1854.76,2419187.17,1
2026-04-24,2026-04-24 14:40:00,1317.67,1319.38,1317.67,1319.38,0.13,1854.76,2419187.17,1
2026-04-24,2026-04-24 14:50:00,1319.38,1321.1,1319.38,1321.1,0.13,1854.76,2419187.17,1
2026-04-24,2026-04-24 15:00:00,1321.1,1340.0,1242.0,1321.1,0.0,1854.76,2419187.17,0
2026-04-27,2026-04-27 11:00:00,1321.1,1330.97,1307.27,1319.22,-0.14,1754.24,2295199.86,-1
2026-04-27,2026-04-27 11:10:00,1319.22,1319.22,1317.34,1317.34,-0.14,1754.24,2295199.86,-1
2026-04-27,2026-04-27 11:20:00,1317.34,1317.34,1315.46,1315.46,-0.14,1754.24,2295199.86,-1
2026-04-27,2026-04-27 11:30:00,1315.46,1315.46,1313.58,1313.58,-0.14,1754.24,2295199.86,-1
2026-04-27,2026-04-27 11:40:00,1313.58,1313.58,1311.7,1311.7,-0.14,1754.24,2295199.86,-1
2026-04-27,2026-04-27 11:50:00,1311.7,1311.7,1309.82,1309.82,-0.14,1754.24,2295199.86,-1
2026-04-27,2026-04-27 12:00:00,1309.82,1309.82,1307.95,1307.95,-0.14,1754.24,2295199.86,-1
2026-04-27,2026-04-27 12:10:00,1307.95,1307.95,1306.07,1306.07,-0.14,1754.24,2295199.86,-1
2026-04-27,2026-04-27 12:20:00,1306.07,1306.07,1304.19,1304.19,-0.14,1754.24,2295199.86,-1
2026-04-27,2026-04-27 12:30:00,1304.19,1304.19,1302.31,1302.31,-0.14,1754.24,2295199.86,-1
2026-04-27,2026-04-27 12:40:00,1302.31,1302.31,1300.43,1300.43,-0.14,1754.24,2295199.86,-1
2026-04-27,2026-04-27 12:50:00,1300.43,1300.43,1298.55,1298.55,-0.14,1754.24,2295199.86,-1
2026-04-27,2026-04-27 13:00:00,1298.55,1354.0,1275.0,1296.67,-0.14,1754.24,2295199.86,-1
2026-04-27,2026-04-27 13:10:00,1296.67,1296.67,1294.79,1294.79,-0.14,1754.24,2295199.86,-1
2026-04-27,2026-04-27 13:20:00,1294.79,1294.79,1292.91,1292.91,-0.15,1754.24,2295199.86,-1
2026-04-27,2026-04-27 13:30:00,1292.91,1292.91,1291.03,1291.03,-0.15,1754.24,2295199.86,-1
2026-04-27,2026-04-27 13:40:00,1291.03,1291.03,1289.15,1289.15,-0.15,1754.24,2295199.86,-1
2026-04-27,2026-04-27 13:50:00,1289.15,1289.15,1287.28,1287.28,-0.15,1754.24,2295199.86,-1
2026-04-27,2026-04-27 14:00:00,1287.28,1287.28,1285.4,1285.4,-0.15,1754.24,2295199.86,-1
2026-04-27,2026-04-27 14:10:00,1285.4,1285.4,1283.52,1283.52,-0.15,1754.24,2295199.86,-1
2026-04-27,2026-04-27 14:20:00,1283.52,1283.52,1281.64,1281.64,-0.15,1754.24,2295199.86,-1
2026-04-27,2026-04-27 14:30:00,1281.64,1281.64,1279.76,1279.76,-0.15,1754.24,2295199.86,-1
2026-04-27,2026-04-27 14:40:00,1279.76,1279.76,1277.88,1277.88,-0.15,1754.24,2295199.86,-1
2026-04-27,2026-04-27 14:50:00,1277.88,1277.88,1276.0,1276.0,-0.15,1754.24,2295199.86,-1
2026-04-27,2026-04-27 15:00:00,1276.0,1354.0,1275.0,1276.0,0.0,1754.24,2295199.86,0
2026-04-28,2026-04-28 11:00:00,1270.0,1276.0,1232.5,1264.79,-0.41,2166.68,2655718.76,-1
2026-04-28,2026-04-28 11:10:00,1264.79,1264.79,1259.58,1259.58,-0.41,2166.68,2655718.76,-1
2026-04-28,2026-04-28 11:20:00,1259.58,1259.58,1254.38,1254.38,-0.41,2166.68,2655718.76,-1
2026-04-28,2026-04-28 11:30:00,1254.38,1254.38,1249.17,1249.17,-0.42,2166.68,2655718.76,-1
2026-04-28,2026-04-28 11:40:00,1249.17,1249.17,1243.96,1243.96,-0.42,2166.68,2655718.76,-1
2026-04-28,2026-04-28 11:50:00,1243.96,1243.96,1238.75,1238.75,-0.42,2166.68,2655718.76,-1
2026-04-28,2026-04-28 12:00:00,1238.75,1238.75,1233.54,1233.54,-0.42,2166.68,2655718.76,-1
2026-04-28,2026-04-28 12:10:00,1233.54,1233.54,1228.33,1228.33,-0.42,2166.68,2655718.76,-1
2026-04-28,2026-04-28 12:20:00,1228.33,1228.33,1223.12,1223.12,-0.42,2166.68,2655718.76,-1
2026-04-28,2026-04-28 12:30:00,1223.12,1223.12,1217.92,1217.92,-0.43,2166.68,2655718.76,-1
2026-04-28,2026-04-28 12:40:00,1217.92,1217.92,1212.71,1212.71,-0.43,2166.68,2655718.76,-1
2026-04-28,2026-04-28 12:50:00,1212.71,1212.71,1207.5,1207.5,-0.43,2166.68,2655718.76,-1
2026-04-28,2026-04-28 13:00:00,1207.5,1290.0,1145.0,1202.29,-0.43,2166.68,2655718.76,-1
2026-04-28,2026-04-28 13:10:00,1202.29,1202.29,1197.08,1197.08,-0.43,2166.68,2655718.76,-1
2026-04-28,2026-04-28 13:20:00,1197.08,1197.08,1191.88,1191.88,-0.43,2166.68,2655718.76,-1
2026-04-28,2026-04-28 13:30:00,1191.88,1191.88,1186.67,1186.67,-0.44,2166.68,2655718.76,-1
2026-04-28,2026-04-28 13:40:00,1186.67,1186.67,1181.46,1181.46,-0.44,2166.68,2655718.76,-1
2026-04-28,2026-04-28 13:50:00,1181.46,1181.46,1176.25,1176.25,-0.44,2166.68,2655718.76,-1
2026-04-28,2026-04-28 14:00:00,1176.25,1176.25,1171.04,1171.04,-0.44,2166.68,2655718.76,-1
2026-04-28,2026-04-28 14:10:00,1171.04,1171.04,1165.83,1165.83,-0.44,2166.68,2655718.76,-1
2026-04-28,2026-04-28 14:20:00,1165.83,1165.83,1160.62,1160.62,-0.45,2166.68,2655718.76,-1
2026-04-28,2026-04-28 14:30:00,1160.62,1160.62,1155.42,1155.42,-0.45,2166.68,2655718.76,-1
2026-04-28,2026-04-28 14:40:00,1155.42,1155.42,1150.21,1150.21,-0.45,2166.68,2655718.76,-1
2026-04-28,2026-04-28 14:50:00,1150.21,1150.21,1145.0,1145.0,-0.45,2166.68,2655718.76,-1
2026-04-28,2026-04-28 15:00:00,1145.0,1290.0,1145.0,1145.0,0.0,2166.68,2655718.76,0
2026-04-29,2026-04-29 11:00:00,1145.0,1162.16,1131.5,1144.42,-0.05,2063.72,2385193.24,-1
2026-04-29,2026-04-29 11:10:00,1144.42,1144.42,1143.83,1143.83,-0.05,2063.72,2385193.24,-1
2026-04-29,2026-04-29 11:20:00,1143.83,1143.83,1143.25,1143.25,-0.05,2063.72,2385193.24,-1
2026-04-29,2026-04-29 11:30:00,1143.25,1143.25,1142.67,1142.67,-0.05,2063.72,2385193.24,-1
2026-04-29,2026-04-29 11:40:00,1142.67,1142.67,1142.08,1142.08,-0.05,2063.72,2385193.24,-1
2026-04-29,2026-04-29 11:50:00,1142.08,1142.08,1141.5,1141.5,-0.05,2063.72,2385193.24,-1
2026-04-29,2026-04-29 12:00:00,1141.5,1141.5,1140.92,1140.92,-0.05,2063.72,2385193.24,-1
2026-04-29,2026-04-29 12:10:00,1140.92,1140.92,1140.33,1140.33,-0.05,2063.72,2385193.24,-1
2026-04-29,2026-04-29 12:20:00,1140.33,1140.33,1139.75,1139.75,-0.05,2063.72,2385193.24,-1
2026-04-29,2026-04-29 12:30:00,1139.75,1139.75,1139.17,1139.17,-0.05,2063.72,2385193.24,-1
2026-04-29,2026-04-29 12:40:00,1139.17,1139.17,1138.58,1138.58,-0.05,2063.72,2385193.24,-1
2026-04-29,2026-04-29 12:50:00,1138.58,1138.58,1138.0,1138.0,-0.05,2063.72,2385193.24,-1
2026-04-29,2026-04-29 13:00:00,1138.0,1202.2,1100.0,1137.42,-0.05,2063.72,2385193.24,-1
2026-04-29,2026-04-29 13:10:00,1137.42,1137.42,1136.83,1136.83,-0.05,2063.72,2385193.24,-1
2026-04-29,2026-04-29 13:20:00,1136.83,1136.83,1136.25,1136.25,-0.05,2063.72,2385193.24,-1
2026-04-29,2026-04-29 13:30:00,1136.25,1136.25,1135.67,1135.67,-0.05,2063.72,2385193.24,-1
2026-04-29,2026-04-29 13:40:00,1135.67,1135.67,1135.08,1135.08,-0.05,2063.72,2385193.24,-1
2026-04-29,2026-04-29 13:50:00,1135.08,1135.08,1134.5,1134.5,-0.05,2063.72,2385193.24,-1
2026-04-29,2026-04-29 14:00:00,1134.5,1134.5,1133.92,1133.92,-0.05,2063.72,2385193.24,-1
2026-04-29,2026-04-29 14:10:00,1133.92,1133.92,1133.33,1133.33,-0.05,2063.72,2385193.24,-1
2026-04-29,2026-04-29 14:20:00,1133.33,1133.33,1132.75,1132.75,-0.05,2063.72,2385193.24,-1
2026-04-29,2026-04-29 14:30:00,1132.75,1132.75,1132.17,1132.17,-0.05,2063.72,2385193.24,-1
2026-04-29,2026-04-29 14:40:00,1132.17,1132.17,1131.58,1131.58,-0.05,2063.72,2385193.24,-1
2026-04-29,2026-04-29 14:50:00,1131.58,1131.58,1131.0,1131.0,-0.05,2063.72,2385193.24,-1
2026-04-29,2026-04-29 15:00:00,1131.0,1202.2,1100.0,1131.0,0.0,2063.72,2385193.24,0
2026-04-30,2026-04-30 11:00:00,1131.0,1144.2,1115.73,1131.79,0.07,1386.48,1554931.8,1
2026-04-30,2026-04-30 11:10:00,1131.79,1132.58,1131.79,1132.58,0.07,1386.48,1554931.8,1
2026-04-30,2026-04-30 11:20:00,1132.58,1133.38,1132.58,1133.38,0.07,1386.48,1554931.8,1
2026-04-30,2026-04-30 11:30:00,1133.38,1134.17,1133.38,1134.17,0.07,1386.48,1554931.8,1
2026-04-30,2026-04-30 11:40:00,1134.17,1134.96,1134.17,1134.96,0.07,1386.48,1554931.8,1
2026-04-30,2026-04-30 11:50:00,1134.96,1135.75,1134.96,1135.75,0.07,1386.48,1554931.8,1
2026-04-30,2026-04-30 12:00:00,1135.75,1136.54,1135.75,1136.54,0.07,1386.48,1554931.8,1
2026-04-30,2026-04-30 12:10:00,1136.54,1137.33,1136.54,1137.33,0.07,1386.48,1554931.8,1
2026-04-30,2026-04-30 12:20:00,1137.33,1138.12,1137.33,1138.12,0.07,1386.48,1554931.8,1
2026-04-30,2026-04-30 12:30:00,1138.12,1138.92,1138.12,1138.92,0.07,1386.48,1554931.8,1
2026-04-30,2026-04-30 12:40:00,1138.92,1139.71,1138.92,1139.71,0.07,1386.48,1554931.8,1
2026-04-30,2026-04-30 12:50:00,1139.71,1140.5,1139.71,1140.5,0.07,1386.48,1554931.8,1
2026-04-30,2026-04-30 13:00:00,1140.5,1175.0,1080.1,1141.29,0.07,1386.48,1554931.8,1
2026-04-30,2026-04-30 13:10:00,1141.29,1142.08,1141.29,1142.08,0.07,1386.48,1554931.8,1
2026-04-30,2026-04-30 13:20:00,1142.08,1142.88,1142.08,1142.88,0.07,1386.48,1554931.8,1
2026-04-30,2026-04-30 13:30:00,1142.88,1143.67,1142.88,1143.67,0.07,1386.48,1554931.8,1
2026-04-30,2026-04-30 13:40:00,1143.67,1144.46,1143.67,1144.46,0.07,1386.48,1554931.8,1
2026-04-30,2026-04-30 13:50:00,1144.46,1145.25,1144.46,1145.25,0.07,1386.48,1554931.8,1
2026-04-30,2026-04-30 14:00:00,1145.25,1146.04,1145.25,1146.04,0.07,1386.48,1554931.8,1
2026-04-30,2026-04-30 14:10:00,1146.04,1146.83,1146.04,1146.83,0.07,1386.48,1554931.8,1
2026-04-30,2026-04-30 14:20:00,1146.83,1147.62,1146.83,1147.62,0.07,1386.48,1554931.8,1
2026-04-30,2026-04-30 14:30:00,1147.62,1148.42,1147.62,1148.42,0.07,1386.48,1554931.8,1
2026-04-30,2026-04-30 14:40:00,1148.42,1149.21,1148.42,1149.21,0.07,1386.48,1554931.8,1
2026-04-30,2026-04-30 14:50:00,1149.21,1150.0,1149.21,1150.0,0.07,1386.48,1554931.8,1
2026-04-30,2026-04-30 15:00:00,1150.0,1175.0,1080.1,1150.0,0.0,1386.48,1554931.8,0
2026-05-04,2026-05-04 11:00:00,1150.0,1159.0,1140.4,1149.21,-0.07,1426.24,1628246.72,-1
2026-05-04,2026-05-04 11:10:00,1149.21,1149.21,1148.42,1148.42,-0.07,1426.24,1628246.72,-1
2026-05-04,2026-05-04 11:20:00,1148.42,1148.42,1147.62,1147.62,-0.07,1426.24,1628246.72,-1
2026-05-04,2026-05-04 11:30:00,1147.62,1147.62,1146.83,1146.83,-0.07,1426.24,1628246.72,-1
2026-05-04,2026-05-04 11:40:00,1146.83,1146.83,1146.04,1146.04,-0.07,1426.24,1628246.72,-1
2026-05-04,2026-05-04 11:50:00,1146.04,1146.04,1145.25,1145.25,-0.07,1426.24,1628246.72,-1
2026-05-04,2026-05-04 12:00:00,1145.25,1145.25,1144.46,1144.46,-0.07,1426.24,1628246.72,-1
2026-05-04,2026-05-04 12:10:00,1144.46,1144.46,1143.67,1143.67,-0.07,1426.24,1628246.72,-1
2026-05-04,2026-05-04 12:20:00,1143.67,1143.67,1142.88,1142.88,-0.07,1426.24,1628246.72,-1
2026-05-04,2026-05-04 12:30:00,1142.88,1142.88,1142.08,1142.08,-0.07,1426.24,1628246.72,-1
2026-05-04,2026-05-04 12:40:00,1142.08,1142.08,1141.29,1141.29,-0.07,1426.24,1628246.72,-1
2026-05-04,2026-05-04 12:50:00,1141.29,1141.29,1140.5,1140.5,-0.07,1426.24,1628246.72,-1
2026-05-04,2026-05-04 13:00:00,1140.5,1180.0,1118.0,1139.71,-0.07,1426.24,1628246.72,-1
2026-05-04,2026-05-04 13:10:00,1139.71,1139.71,1138.92,1138.92,-0.07,1426.24,1628246.72,-1
2026-05-04,2026-05-04 13:20:00,1138.92,1138.92,1138.12,1138.12,-0.07,1426.24,1628246.72,-1
2026-05-04,2026-05-04 13:30:00,1138.12,1138.12,1137.33,1137.33,-0.07,1426.24,1628246.72,-1
2026-05-04,2026-05-04 13:40:00,1137.33,1137.33,1136.54,1136.54,-0.07,1426.24,1628246.72,-1
2026-05-04,2026-05-04 13:50:00,1136.54,1136.54,1135.75,1135.75,-0.07,1426.24,1628246.72,-1
2026-05-04,2026-05-04 14:00:00,1135.75,1135.75,1134.96,1134.96,-0.07,1426.24,1628246.72,-1
2026-05-04,2026-05-04 14:10:00,1134.96,1134.96,1134.17,1134.17,-0.07,1426.24,1628246.72,-1
2026-05-04,2026-05-04 14:20:00,1134.17,1134.17,1133.38,1133.38,-0.07,1426.24,1628246.72,-1
2026-05-04,2026-05-04 14:30:00,1133.38,1133.38,1132.58,1132.58,-0.07,1426.24,1628246.72,-1
2026-05-04,2026-05-04 14:40:00,1132.58,1132.58,1131.79,1131.79,-0.07,1426.24,1628246.72,-1
2026-05-04,2026-05-04 14:50:00,1131.79,1131.79,1131.0,1131.0,-0.07,1426.24,1628246.72,-1
2026-05-04,2026-05-04 15:00:00,1131.0,1180.0,1118.0,1131.0,0.0,1426.24,1628246.72,0
2026-05-05,2026-05-05 11:00:00,1140.0,1146.0,1131.18,1140.21,0.02,1785.0,2034484.06,1
2026-05-05,2026-05-05 11:10:00,1140.21,1140.42,1140.21,1140.42,0.02,1785.0,2034484.06,1
2026-05-05,2026-05-05 11:20:00,1140.42,1140.62,1140.42,1140.62,0.02,1785.0,2034484.06,1
2026-05-05,2026-05-05 11:30:00,1140.62,1140.83,1140.62,1140.83,0.02,1785.0,2034484.06,1
2026-05-05,2026-05-05 11:40:00,1140.83,1141.04,1140.83,1141.04,0.02,1785.0,2034484.06,1
2026-05-05,2026-05-05 11:50:00,1141.04,1141.25,1141.04,1141.25,0.02,1785.0,2034484.06,1
2026-05-05,2026-05-05 12:00:00,1141.25,1141.46,1141.25,1141.46,0.02,1785.0,2034484.06,1
2026-05-05,2026-05-05 12:10:00,1141.46,1141.67,1141.46,1141.67,0.02,1785.0,2034484.06,1
2026-05-05,2026-05-05 12:20:00,1141.67,1141.88,1141.67,1141.88,0.02,1785.0,2034484.06,1
2026-05-05,2026-05-05 12:30:00,1141.88,1142.08,1141.88,1142.08,0.02,1785.0,2034484.06,1
2026-05-05,2026-05-05 12:40:00,1142.08,1142.29,1142.08,1142.29,0.02,1785.0,2034484.06,1
2026-05-05,2026-05-05 12:50:00,1142.29,1142.5,1142.29,1142.5,0.02,1785.0,2034484.06,1
2026-05-05,2026-05-05 13:00:00,1142.5,1160.0,1110.6,1142.71,0.02,1785.0,2034484.06,1
2026-05-05,2026-05-05 13:10:00,1142.71,1142.92,1142.71,1142.92,0.02,1785.0,2034484.06,1
2026-05-05,2026-05-05 13:20:00,1142.92,1143.12,1142.92,1143.12,0.02,1785.0,2034484.06,1
2026-05-05,2026-05-05 13:30:00,1143.12,1143.33,1143.12,1143.33,0.02,1785.0,2034484.06,1
2026-05-05,2026-05-05 13:40:00,1143.33,1143.54,1143.33,1143.54,0.02,1785.0,2034484.06,1
2026-05-05,2026-05-05 13:50:00,1143.54,1143.75,1143.54,1143.75,0.02,1785.0,2034484.06,1
2026-05-05,2026-05-05 14:00:00,1143.75,1143.96,1143.75,1143.96,0.02,1785.0,2034484.06,1
2026-05-05,2026-05-05 14:10:00,1143.96,1144.17,1143.96,1144.17,0.02,1785.0,2034484.06,1
2026-05-05,2026-05-05 14:20:00,1144.17,1144.38,1144.17,1144.38,0.02,1785.0,2034484.06,1
2026-05-05,2026-05-05 14:30:00,1144.38,1144.58,1144.38,1144.58,0.02,1785.0,2034484.06,1
2026-05-05,2026-05-05 14:40:00,1144.58,1144.79,1144.58,1144.79,0.02,1785.0,2034484.06,1
2026-05-05,2026-05-05 14:50:00,1144.79,1145.0,1144.79,1145.0,0.02,1785.0,2034484.06,1
2026-05-05,2026-05-05 15:00:00,1145.0,1160.0,1110.6,1145.0,0.0,1785.0,2034484.06,0
2026-05-06,2026-05-06 11:00:00,1150.0,1169.38,1142.5,1151.04,0.09,1265.08,1476725.53,1
2026-05-06,2026-05-06 11:10:00,1151.04,1152.08,1151.04,1152.08,0.09,1265.08,1476725.53,1
2026-05-06,2026-05-06 11:20:00,1152.08,1153.12,1152.08,1153.12,0.09,1265.08,1476725.53,1
2026-05-06,2026-05-06 11:30:00,1153.12,1154.17,1153.12,1154.17,0.09,1265.08,1476725.53,1
2026-05-06,2026-05-06 11:40:00,1154.17,1155.21,1154.17,1155.21,0.09,1265.08,1476725.53,1
2026-05-06,2026-05-06 11:50:00,1155.21,1156.25,1155.21,1156.25,0.09,1265.08,1476725.53,1
2026-05-06,2026-05-06 12:00:00,1156.25,1157.29,1156.25,1157.29,0.09,1265.08,1476725.53,1
2026-05-06,2026-05-06 12:10:00,1157.29,1158.33,1157.29,1158.33,0.09,1265.08,1476725.53,1
2026-05-06,2026-05-06 12:20:00,1158.33,1159.38,1158.33,1159.38,0.09,1265.08,1476725.53,1
2026-05-06,2026-05-06 12:30:00,1159.38,1160.42,1159.38,1160.42,0.09,1265.08,1476725.53,1
2026-05-06,2026-05-06 12:40:00,1160.42,1161.46,1160.42,1161.46,0.09,1265.08,1476725.53,1
2026-05-06,2026-05-06 12:50:00,1161.46,1162.5,1161.46,1162.5,0.09,1265.08,1476725.53,1
2026-05-06,2026-05-06 13:00:00,1162.5,1214.6,1125.0,1163.54,0.09,1265.08,1476725.53,1
2026-05-06,2026-05-06 13:10:00,1163.54,1164.58,1163.54,1164.58,0.09,1265.08,1476725.53,1
2026-05-06,2026-05-06 13:20:00,1164.58,1165.62,1164.58,1165.62,0.09,1265.08,1476725.53,1
2026-05-06,2026-05-06 13:30:00,1165.62,1166.67,1165.62,1166.67,0.09,1265.08,1476725.53,1
2026-05-06,2026-05-06 13:40:00,1166.67,1167.71,1166.67,1167.71,0.09,1265.08,1476725.53,1
2026-05-06,2026-05-06 13:50:00,1167.71,1168.75,1167.71,1168.75,0.09,1265.08,1476725.53,1
2026-05-06,2026-05-06 14:00:00,1168.75,1169.79,1168.75,1169.79,0.09,1265.08,1476725.53,1
2026-05-06,2026-05-06 14:10:00,1169.79,1170.83,1169.79,1170.83,0.09,1265.08,1476725.53,1
2026-05-06,2026-05-06 14:20:00,1170.83,1171.88,1170.83,1171.88,0.09,1265.08,1476725.53,1
2026-05-06,2026-05-06 14:30:00,1171.88,1172.92,1171.88,1172.92,0.09,1265.08,1476725.53,1
2026-05-06,2026-05-06 14:40:00,1172.92,1173.96,1172.92,1173.96,0.09,1265.08,1476725.53,1
2026-05-06,2026-05-06 14:50:00,1173.96,1175.0,1173.96,1175.0,0.09,1265.08,1476725.53,1
2026-05-06,2026-05-06 15:00:00,1175.0,1214.6,1125.0,1175.0,0.0,1265.08,1476725.53,0
2026-05-07,2026-05-07 11:00:00,1175.0,1175.0,1161.53,1174.38,-0.05,823.36,948565.39,-1
2026-05-07,2026-05-07 11:10:00,1174.38,1174.38,1173.75,1173.75,-0.05,823.36,948565.39,-1
2026-05-07,2026-05-07 11:20:00,1173.75,1173.75,1173.12,1173.12,-0.05,823.36,948565.39,-1
2026-05-07,2026-05-07 11:30:00,1173.12,1173.12,1172.5,1172.5,-0.05,823.36,948565.39,-1
2026-05-07,2026-05-07 11:40:00,1172.5,1172.5,1171.88,1171.88,-0.05,823.36,948565.39,-1
2026-05-07,2026-05-07 11:50:00,1171.88,1171.88,1171.25,1171.25,-0.05,823.36,948565.39,-1
2026-05-07,2026-05-07 12:00:00,1171.25,1171.25,1170.62,1170.62,-0.05,823.36,948565.39,-1
2026-05-07,2026-05-07 12:10:00,1170.62,1170.62,1170.0,1170.0,-0.05,823.36,948565.39,-1
2026-05-07,2026-05-07 12:20:00,1170.0,1170.0,1169.38,1169.38,-0.05,823.36,948565.39,-1
2026-05-07,2026-05-07 12:30:00,1169.38,1169.38,1168.75,1168.75,-0.05,823.36,948565.39,-1
2026-05-07,2026-05-07 12:40:00,1168.75,1168.75,1168.12,1168.12,-0.05,823.36,948565.39,-1
2026-05-07,2026-05-07 12:50:00,1168.12,1168.12,1167.5,1167.5,-0.05,823.36,948565.39,-1
2026-05-07,2026-05-07 13:00:00,1167.5,1175.0,1130.1,1166.88,-0.05,823.36,948565.39,-1
2026-05-07,2026-05-07 13:10:00,1166.88,1166.88,1166.25,1166.25,-0.05,823.36,948565.39,-1
2026-05-07,2026-05-07 13:20:00,1166.25,1166.25,1165.62,1165.62,-0.05,823.36,948565.39,-1
2026-05-07,2026-05-07 13:30:00,1165.62,1165.62,1165.0,1165.0,-0.05,823.36,948565.39,-1
2026-05-07,2026-05-07 13:40:00,1165.0,1165.0,1164.38,1164.38,-0.05,823.36,948565.39,-1
2026-05-07,2026-05-07 13:50:00,1164.38,1164.38,1163.75,1163.75,-0.05,823.36,948565.39,-1
2026-05-07,2026-05-07 14:00:00,1163.75,1163.75,1163.12,1163.12,-0.05,823.36,948565.39,-1
2026-05-07,2026-05-07 14:10:00,1163.12,1163.12,1162.5,1162.5,-0.05,823.36,948565.39,-1
2026-05-07,2026-05-07 14:20:00,1162.5,1162.5,1161.88,1161.88,-0.05,823.36,948565.39,-1
2026-05-07,2026-05-07 14:30:00,1161.88,1161.88,1161.25,1161.25,-0.05,823.36,948565.39,-1
2026-05-07,2026-05-07 14:40:00,1161.25,1161.25,1160.62,1160.62,-0.05,823.36,948565.39,-1
2026-05-07,2026-05-07 14:50:00,1160.62,1160.62,1160.0,1160.0,-0.05,823.36,948565.39,-1
2026-05-07,2026-05-07 15:00:00,1160.0,1175.0,1130.1,1160.0,0.0,823.36,948565.39,0
2026-05-08,2026-05-08 11:00:00,1118.0,1142.57,1118.0,1120.17,0.19,1360.76,1606789.26,1
2026-05-08,2026-05-08 11:10:00,1120.17,1122.33,1120.17,1122.33,0.19,1360.76,1606789.26,1
2026-05-08,2026-05-08 11:20:00,1122.33,1124.5,1122.33,1124.5,0.19,1360.76,1606789.26,1
2026-05-08,2026-05-08 11:30:00,1124.5,1126.67,1124.5,1126.67,0.19,1360.76,1606789.26,1
2026-05-08,2026-05-08 11:40:00,1126.67,1128.83,1126.67,1128.83,0.19,1360.76,1606789.26,1
2026-05-08,2026-05-08 11:50:00,1128.83,1131.0,1128.83,1131.0,0.19,1360.76,1606789.26,1
2026-05-08,2026-05-08 12:00:00,1131.0,1133.17,1131.0,1133.17,0.19,1360.76,1606789.26,1
2026-05-08,2026-05-08 12:10:00,1133.17,1135.33,1133.17,1135.33,0.19,1360.76,1606789.26,1
2026-05-08,2026-05-08 12:20:00,1135.33,1137.5,1135.33,1137.5,0.19,1360.76,1606789.26,1
2026-05-08,2026-05-08 12:30:00,1137.5,1139.67,1137.5,1139.67,0.19,1360.76,1606789.26,1
2026-05-08,2026-05-08 12:40:00,1139.67,1141.83,1139.67,1141.83,0.19,1360.76,1606789.26,1
2026-05-08,2026-05-08 12:50:00,1141.83,1144.0,1141.83,1144.0,0.19,1360.76,1606789.26,1
2026-05-08,2026-05-08 13:00:00,1144.0,1199.9,1118.0,1146.17,0.19,1360.76,1606789.26,1
2026-05-08,2026-05-08 13:10:00,1146.17,1148.33,1146.17,1148.33,0.19,1360.76,1606789.26,1
2026-05-08,2026-05-08 13:20:00,1148.33,1150.5,1148.33,1150.5,0.19,1360.76,1606789.26,1
2026-05-08,2026-05-08 13:30:00,1150.5,1152.67,1150.5,1152.67,0.19,1360.76,1606789.26,1
2026-05-08,2026-05-08 13:40:00,1152.67,1154.83,1152.67,1154.83,0.19,1360.76,1606789.26,1
2026-05-08,2026-05-08 13:50:00,1154.83,1157.0,1154.83,1157.0,0.19,1360.76,1606789.26,1
2026-05-08,2026-05-08 14:00:00,1157.0,1159.17,1157.0,1159.17,0.19,1360.76,1606789.26,1
2026-05-08,2026-05-08 14:10:00,1159.17,1161.33,1159.17,1161.33,0.19,1360.76,1606789.26,1
2026-05-08,2026-05-08 14:20:00,1161.33,1163.5,1161.33,1163.5,0.19,1360.76,1606789.26,1
2026-05-08,2026-05-08 14:30:00,1163.5,1165.67,1163.5,1165.67,0.19,1360.76,1606789.26,1
2026-05-08,2026-05-08 14:40:00,1165.67,1167.83,1165.67,1167.83,0.19,1360.76,1606789.26,1
2026-05-08,2026-05-08 14:50:00,1167.83,1170.0,1167.83,1170.0,0.19,1360.76,1606789.26,1
2026-05-08,2026-05-08 15:00:00,1170.0,1199.9,1118.0,1170.0,0.0,1360.76,1606789.26,0
2026-05-11,2026-05-11 11:00:00,1228.5,1228.5,1210.35,1225.98,-0.21,704.4,832006.42,-1
2026-05-11,2026-05-11 11:10:00,1225.98,1225.98,1223.46,1223.46,-0.21,704.4,832006.42,-1
2026-05-11,2026-05-11 11:20:00,1223.46,1223.46,1220.94,1220.94,-0.21,704.4,832006.42,-1
2026-05-11,2026-05-11 11:30:00,1220.94,1220.94,1218.42,1218.42,-0.21,704.4,832006.42,-1
2026-05-11,2026-05-11 11:40:00,1218.42,1218.42,1215.9,1215.9,-0.21,704.4,832006.42,-1
2026-05-11,2026-05-11 11:50:00,1215.9,1215.9,1213.38,1213.38,-0.21,704.4,832006.42,-1
2026-05-11,2026-05-11 12:00:00,1213.38,1213.38,1210.85,1210.85,-0.21,704.4,832006.42,-1
2026-05-11,2026-05-11 12:10:00,1210.85,1210.85,1208.33,1208.33,-0.21,704.4,832006.42,-1
2026-05-11,2026-05-11 12:20:00,1208.33,1208.33,1205.81,1205.81,-0.21,704.4,832006.42,-1
2026-05-11,2026-05-11 12:30:00,1205.81,1205.81,1203.29,1203.29,-0.21,704.4,832006.42,-1
2026-05-11,2026-05-11 12:40:00,1203.29,1203.29,1200.77,1200.77,-0.21,704.4,832006.42,-1
2026-05-11,2026-05-11 12:50:00,1200.77,1200.77,1198.25,1198.25,-0.21,704.4,832006.42,-1
2026-05-11,2026-05-11 13:00:00,1198.25,1228.5,1168.0,1195.73,-0.21,704.4,832006.42,-1
2026-05-11,2026-05-11 13:10:00,1195.73,1195.73,1193.21,1193.21,-0.21,704.4,832006.42,-1
2026-05-11,2026-05-11 13:20:00,1193.21,1193.21,1190.69,1190.69,-0.21,704.4,832006.42,-1
2026-05-11,2026-05-11 13:30:00,1190.69,1190.69,1188.17,1188.17,-0.21,704.4,832006.42,-1
2026-05-11,2026-05-11 13:40:00,1188.17,1188.17,1185.65,1185.65,-0.21,704.4,832006.42,-1
2026-05-11,2026-05-11 13:50:00,1185.65,1185.65,1183.12,1183.12,-0.21,704.4,832006.42,-1
2026-05-11,2026-05-11 14:00:00,1183.12,1183.12,1180.6,1180.6,-0.21,704.4,832006.42,-1
2026-05-11,2026-05-11 14:10:00,1180.6,1180.6,1178.08,1178.08,-0.21,704.4,832006.42,-1
2026-05-11,2026-05-11 14:20:00,1178.08,1178.08,1175.56,1175.56,-0.21,704.4,832006.42,-1
2026-05-11,2026-05-11 14:30:00,1175.56,1175.56,1173.04,1173.04,-0.21,704.4,832006.42,-1
2026-05-11,2026-05-11 14:40:00,1173.04,1173.04,1170.52,1170.52,-0.21,704.4,832006.42,-1
2026-05-11,2026-05-11 14:50:00,1170.52,1170.52,1168.0,1168.0,-0.22,704.4,832006.42,-1
2026-05-11,2026-05-11 15:00:00,1168.0,1228.5,1168.0,1168.0,0.0,704.4,832006.42,0
2026-05-12,2026-05-12 11:00:00,1198.0,1198.0,1170.1,1194.25,-0.31,884.8,997994.86,-1
2026-05-12,2026-05-12 11:10:00,1194.25,1194.25,1190.5,1190.5,-0.31,884.8,997994.86,-1
2026-05-12,2026-05-12 11:20:00,1190.5,1190.5,1186.75,1186.75,-0.31,884.8,997994.86,-1
2026-05-12,2026-05-12 11:30:00,1186.75,1186.75,1183.0,1183.0,-0.32,884.8,997994.86,-1
2026-05-12,2026-05-12 11:40:00,1183.0,1183.0,1179.25,1179.25,-0.32,884.8,997994.86,-1
2026-05-12,2026-05-12 11:50:00,1179.25,1179.25,1175.5,1175.5,-0.32,884.8,997994.86,-1
2026-05-12,2026-05-12 12:00:00,1175.5,1175.5,1171.75,1171.75,-0.32,884.8,997994.86,-1
2026-05-12,2026-05-12 12:10:00,1171.75,1171.75,1168.0,1168.0,-0.32,884.8,997994.86,-1
2026-05-12,2026-05-12 12:20:00,1168.0,1168.0,1164.25,1164.25,-0.32,884.8,997994.86,-1
2026-05-12,2026-05-12 12:30:00,1164.25,1164.25,1160.5,1160.5,-0.32,884.8,997994.86,-1
2026-05-12,2026-05-12 12:40:00,1160.5,1160.5,1156.75,1156.75,-0.32,884.8,997994.86,-1
2026-05-12,2026-05-12 12:50:00,1156.75,1156.75,1153.0,1153.0,-0.32,884.8,997994.86,-1
2026-05-12,2026-05-12 13:00:00,1153.0,1198.0,1105.0,1149.25,-0.33,884.8,997994.86,-1
2026-05-12,2026-05-12 13:10:00,1149.25,1149.25,1145.5,1145.5,-0.33,884.8,997994.86,-1
2026-05-12,2026-05-12 13:20:00,1145.5,1145.5,1141.75,1141.75,-0.33,884.8,997994.86,-1
2026-05-12,2026-05-12 13:30:00,1141.75,1141.75,1138.0,1138.0,-0.33,884.8,997994.86,-1
2026-05-12,2026-05-12 13:40:00,1138.0,1138.0,1134.25,1134.25,-0.33,884.8,997994.86,-1
2026-05-12,2026-05-12 13:50:00,1134.25,1134.25,1130.5,1130.5,-0.33,884.8,997994.86,-1
2026-05-12,2026-05-12 14:00:00,1130.5,1130.5,1126.75,1126.75,-0.33,884.8,997994.86,-1
2026-05-12,2026-05-12 14:10:00,1126.75,1126.75,1123.0,1123.0,-0.33,884.8,997994.86,-1
2026-05-12,2026-05-12 14:20:00,1123.0,1123.0,1119.25,1119.25,-0.33,884.8,997994.86,-1
2026-05-12,2026-05-12 14:30:00,1119.25,1119.25,1115.5,1115.5,-0.34,884.8,997994.86,-1
2026-05-12,2026-05-12 14:40:00,1115.5,1115.5,1111.75,1111.75,-0.34,884.8,997994.86,-1
2026-05-12,2026-05-12 14:50:00,1111.75,1111.75,1108.0,1108.0,-0.34,884.8,997994.86,-1
2026-05-12,2026-05-12 15:00:00,1108.0,1198.0,1105.0,1108.0,0.0,884.8,997994.86,0
2026-05-13,2026-05-13 11:00:00,1095.0,1095.0,1080.0,1093.29,-0.16,987.32,1061834.7,-1
2026-05-13,2026-05-13 11:10:00,1093.29,1093.29,1091.58,1091.58,-0.16,987.32,1061834.7,-1
2026-05-13,2026-05-13 11:20:00,1091.58,1091.58,1089.88,1089.88,-0.16,987.32,1061834.7,-1
2026-05-13,2026-05-13 11:30:00,1089.88,1089.88,1088.17,1088.17,-0.16,987.32,1061834.7,-1
2026-05-13,2026-05-13 11:40:00,1088.17,1088.17,1086.46,1086.46,-0.16,987.32,1061834.7,-1
2026-05-13,2026-05-13 11:50:00,1086.46,1086.46,1084.75,1084.75,-0.16,987.32,1061834.7,-1
2026-05-13,2026-05-13 12:00:00,1084.75,1084.75,1083.04,1083.04,-0.16,987.32,1061834.7,-1
2026-05-13,2026-05-13 12:10:00,1083.04,1083.04,1081.33,1081.33,-0.16,987.32,1061834.7,-1
2026-05-13,2026-05-13 12:20:00,1081.33,1081.33,1079.62,1079.62,-0.16,987.32,1061834.7,-1
2026-05-13,2026-05-13 12:30:00,1079.62,1079.62,1077.92,1077.92,-0.16,987.32,1061834.7,-1
2026-05-13,2026-05-13 12:40:00,1077.92,1077.92,1076.21,1076.21,-0.16,987.32,1061834.7,-1
2026-05-13,2026-05-13 12:50:00,1076.21,1076.21,1074.5,1074.5,-0.16,987.32,1061834.7,-1
2026-05-13,2026-05-13 13:00:00,1074.5,1095.0,1045.0,1072.79,-0.16,987.32,1061834.7,-1
2026-05-13,2026-05-13 13:10:00,1072.79,1072.79,1071.08,1071.08,-0.16,987.32,1061834.7,-1
2026-05-13,2026-05-13 13:20:00,1071.08,1071.08,1069.38,1069.38,-0.16,987.32,1061834.7,-1
2026-05-13,2026-05-13 13:30:00,1069.38,1069.38,1067.67,1067.67,-0.16,987.32,1061834.7,-1
2026-05-13,2026-05-13 13:40:00,1067.67,1067.67,1065.96,1065.96,-0.16,987.32,1061834.7,-1
2026-05-13,2026-05-13 13:50:00,1065.96,1065.96,1064.25,1064.25,-0.16,987.32,1061834.7,-1
2026-05-13,2026-05-13 14:00:00,1064.25,1064.25,1062.54,1062.54,-0.16,987.32,1061834.7,-1
2026-05-13,2026-05-13 14:10:00,1062.54,1062.54,1060.83,1060.83,-0.16,987.32,1061834.7,-1
2026-05-13,2026-05-13 14:20:00,1060.83,1060.83,1059.12,1059.12,-0.16,987.32,1061834.7,-1
2026-05-13,2026-05-13 14:30:00,1059.12,1059.12,1057.42,1057.42,-0.16,987.32,1061834.7,-1
2026-05-13,2026-05-13 14:40:00,1057.42,1057.42,1055.71,1055.71,-0.16,987.32,1061834.7,-1
2026-05-13,2026-05-13 14:50:00,1055.71,1055.71,1054.0,1054.0,-0.16,987.32,1061834.7,-1
2026-05-13,2026-05-13 15:00:00,1054.0,1095.0,1045.0,1054.0,0.0,987.32,1061834.7,0
2026-05-14,2026-05-14 11:00:00,1070.0,1070.0,1041.5,1067.25,-0.26,976.84,982070.97,-1
2026-05-14,2026-05-14 11:10:00,1067.25,1067.25,1064.5,1064.5,-0.26,976.84,982070.97,-1
2026-05-14,2026-05-14 11:20:00,1064.5,1064.5,1061.75,1061.75,-0.26,976.84,982070.97,-1
2026-05-14,2026-05-14 11:30:00,1061.75,1061.75,1059.0,1059.0,-0.26,976.84,982070.97,-1
2026-05-14,2026-05-14 11:40:00,1059.0,1059.0,1056.25,1056.25,-0.26,976.84,982070.97,-1
2026-05-14,2026-05-14 11:50:00,1056.25,1056.25,1053.5,1053.5,-0.26,976.84,982070.97,-1
2026-05-14,2026-05-14 12:00:00,1053.5,1053.5,1050.75,1050.75,-0.26,976.84,982070.97,-1
2026-05-14,2026-05-14 12:10:00,1050.75,1050.75,1048.0,1048.0,-0.26,976.84,982070.97,-1
2026-05-14,2026-05-14 12:20:00,1048.0,1048.0,1045.25,1045.25,-0.26,976.84,982070.97,-1
2026-05-14,2026-05-14 12:30:00,1045.25,1045.25,1042.5,1042.5,-0.26,976.84,982070.97,-1
2026-05-14,2026-05-14 12:40:00,1042.5,1042.5,1039.75,1039.75,-0.26,976.84,982070.97,-1
2026-05-14,2026-05-14 12:50:00,1039.75,1039.75,1037.0,1037.0,-0.26,976.84,982070.97,-1
2026-05-14,2026-05-14 13:00:00,1037.0,1070.0,975.0,1034.25,-0.27,976.84,982070.97,-1
2026-05-14,2026-05-14 13:10:00,1034.25,1034.25,1031.5,1031.5,-0.27,976.84,982070.97,-1
2026-05-14,2026-05-14 13:20:00,1031.5,1031.5,1028.75,1028.75,-0.27,976.84,982070.97,-1
2026-05-14,2026-05-14 13:30:00,1028.75,1028.75,1026.0,1026.0,-0.27,976.84,982070.97,-1
2026-05-14,2026-05-14 13:40:00,1026.0,1026.0,1023.25,1023.25,-0.27,976.84,982070.97,-1
2026-05-14,2026-05-14 13:50:00,1023.25,1023.25,1020.5,1020.5,-0.27,976.84,982070.97,-1
2026-05-14,2026-05-14 14:00:00,1020.5,1020.5,1017.75,1017.75,-0.27,976.84,982070.97,-1
2026-05-14,2026-05-14 14:10:00,1017.75,1017.75,1015.0,1015.0,-0.27,976.84,982070.97,-1
2026-05-14,2026-05-14 14:20:00,1015.0,1015.0,1012.25,1012.25,-0.27,976.84,982070.97,-1
2026-05-14,2026-05-14 14:30:00,1012.25,1012.25,1009.5,1009.5,-0.27,976.84,982070.97,-1
2026-05-14,2026-05-14 14:40:00,1009.5,1009.5,1006.75,1006.75,-0.27,976.84,982070.97,-1
2026-05-14,2026-05-14 14:50:00,1006.75,1006.75,1004.0,1004.0,-0.27,976.84,982070.97,-1
2026-05-14,2026-05-14 15:00:00,1004.0,1070.0,975.0,1004.0,0.0,976.84,982070.97,0
2026-05-15,2026-05-15 11:00:00,1004.0,1011.8,998.3,1003.71,-0.03,614.32,615287.68,-1
2026-05-15,2026-05-15 11:10:00,1003.71,1003.71,1003.42,1003.42,-0.03,614.32,615287.68,-1
2026-05-15,2026-05-15 11:20:00,1003.42,1003.42,1003.12,1003.12,-0.03,614.32,615287.68,-1
2026-05-15,2026-05-15 11:30:00,1003.12,1003.12,1002.83,1002.83,-0.03,614.32,615287.68,-1
2026-05-15,2026-05-15 11:40:00,1002.83,1002.83,1002.54,1002.54,-0.03,614.32,615287.68,-1
2026-05-15,2026-05-15 11:50:00,1002.54,1002.54,1002.25,1002.25,-0.03,614.32,615287.68,-1
2026-05-15,2026-05-15 12:00:00,1002.25,1002.25,1001.96,1001.96,-0.03,614.32,615287.68,-1
2026-05-15,2026-05-15 12:10:00,1001.96,1001.96,1001.67,1001.67,-0.03,614.32,615287.68,-1
2026-05-15,2026-05-15 12:20:00,1001.67,1001.67,1001.38,1001.38,-0.03,614.32,615287.68,-1
2026-05-15,2026-05-15 12:30:00,1001.38,1001.38,1001.08,1001.08,-0.03,614.32,615287.68,-1
2026-05-15,2026-05-15 12:40:00,1001.08,1001.08,1000.79,1000.79,-0.03,614.32,615287.68,-1
2026-05-15,2026-05-15 12:50:00,1000.79,1000.79,1000.5,1000.5,-0.03,614.32,615287.68,-1
2026-05-15,2026-05-15 13:00:00,1000.5,1030.0,985.0,1000.21,-0.03,614.32,615287.68,-1
2026-05-15,2026-05-15 13:10:00,1000.21,1000.21,999.92,999.92,-0.03,614.32,615287.68,-1
2026-05-15,2026-05-15 13:20:00,999.92,999.92,999.62,999.62,-0.03,614.32,615287.68,-1
2026-05-15,2026-05-15 13:30:00,999.62,999.62,999.33,999.33,-0.03,614.32,615287.68,-1
2026-05-15,2026-05-15 13:40:00,999.33,999.33,999.04,999.04,-0.03,614.32,615287.68,-1
2026-05-15,2026-05-15 13:50:00,999.04,999.04,998.75,998.75,-0.03,614.32,615287.68,-1
2026-05-15,2026-05-15 14:00:00,998.75,998.75,998.46,998.46,-0.03,614.32,615287.68,-1
2026-05-15,2026-05-15 14:10:00,998.46,998.46,998.17,998.17,-0.03,614.32,615287.68,-1
2026-05-15,2026-05-15 14:20:00,998.17,998.17,997.88,997.88,-0.03,614.32,615287.68,-1
2026-05-15,2026-05-15 14:30:00,997.88,997.88,997.58,997.58,-0.03,614.32,615287.68,-1
2026-05-15,2026-05-15 14:40:00,997.58,997.58,997.29,997.29,-0.03,614.32,615287.68,-1
2026-05-15,2026-05-15 14:50:00,997.29,997.29,997.0,997.0,-0.03,614.32,615287.68,-1
2026-05-15,2026-05-15 15:00:00,997.0,1030.0,985.0,997.0,0.0,614.32,615287.68,0
2026-05-18,2026-05-18 11:00:00,978.0,992.67,978.0,978.92,0.09,482.2,484506.11,1
2026-05-18,2026-05-18 11:10:00,978.92,979.83,978.92,979.83,0.09,482.2,484506.11,1
2026-05-18,2026-05-18 11:20:00,979.83,980.75,979.83,980.75,0.09,482.2,484506.11,1
2026-05-18,2026-05-18 11:30:00,980.75,981.67,980.75,981.67,0.09,482.2,484506.11,1
2026-05-18,2026-05-18 11:40:00,981.67,982.58,981.67,982.58,0.09,482.2,484506.11,1
2026-05-18,2026-05-18 11:50:00,982.58,983.5,982.58,983.5,0.09,482.2,484506.11,1
2026-05-18,2026-05-18 12:00:00,983.5,984.42,983.5,984.42,0.09,482.2,484506.11,1
2026-05-18,2026-05-18 12:10:00,984.42,985.33,984.42,985.33,0.09,482.2,484506.11,1
2026-05-18,2026-05-18 12:20:00,985.33,986.25,985.33,986.25,0.09,482.2,484506.11,1
2026-05-18,2026-05-18 12:30:00,986.25,987.17,986.25,987.17,0.09,482.2,484506.11,1
2026-05-18,2026-05-18 12:40:00,987.17,988.08,987.17,988.08,0.09,482.2,484506.11,1
2026-05-18,2026-05-18 12:50:00,988.08,989.0,988.08,989.0,0.09,482.2,484506.11,1
2026-05-18,2026-05-18 13:00:00,989.0,1026.9,978.0,989.92,0.09,482.2,484506.11,1
2026-05-18,2026-05-18 13:10:00,989.92,990.83,989.92,990.83,0.09,482.2,484506.11,1
2026-05-18,2026-05-18 13:20:00,990.83,991.75,990.83,991.75,0.09,482.2,484506.11,1
2026-05-18,2026-05-18 13:30:00,991.75,992.67,991.75,992.67,0.09,482.2,484506.11,1
2026-05-18,2026-05-18 13:40:00,992.67,993.58,992.67,993.58,0.09,482.2,484506.11,1
2026-05-18,2026-05-18 13:50:00,993.58,994.5,993.58,994.5,0.09,482.2,484506.11,1
2026-05-18,2026-05-18 14:00:00,994.5,995.42,994.5,995.42,0.09,482.2,484506.11,1
2026-05-18,2026-05-18 14:10:00,995.42,996.33,995.42,996.33,0.09,482.2,484506.11,1
2026-05-18,2026-05-18 14:20:00,996.33,997.25,996.33,997.25,0.09,482.2,484506.11,1
2026-05-18,2026-05-18 14:30:00,997.25,998.17,997.25,998.17,0.09,482.2,484506.11,1
2026-05-18,2026-05-18 14:40:00,998.17,999.08,998.17,999.08,0.09,482.2,484506.11,1
2026-05-18,2026-05-18 14:50:00,999.08,1000.0,999.08,1000.0,0.09,482.2,484506.11,1
2026-05-18,2026-05-18 15:00:00,1000.0,1026.9,978.0,1000.0,0.0,482.2,484506.11,0
2026-05-19,2026-05-19 11:00:00,1000.0,1009.0,995.53,999.44,-0.06,462.84,460159.98,-1
2026-05-19,2026-05-19 11:10:00,999.44,999.44,998.88,998.88,-0.06,462.84,460159.98,-1
2026-05-19,2026-05-19 11:20:00,998.88,998.88,998.31,998.31,-0.06,462.84,460159.98,-1
2026-05-19,2026-05-19 11:30:00,998.31,998.31,997.75,997.75,-0.06,462.84,460159.98,-1
2026-05-19,2026-05-19 11:40:00,997.75,997.75,997.19,997.19,-0.06,462.84,460159.98,-1
2026-05-19,2026-05-19 11:50:00,997.19,997.19,996.62,996.62,-0.06,462.84,460159.98,-1
2026-05-19,2026-05-19 12:00:00,996.62,996.62,996.06,996.06,-0.06,462.84,460159.98,-1
2026-05-19,2026-05-19 12:10:00,996.06,996.06,995.5,995.5,-0.06,462.84,460159.98,-1
2026-05-19,2026-05-19 12:20:00,995.5,995.5,994.94,994.94,-0.06,462.84,460159.98,-1
2026-05-19,2026-05-19 12:30:00,994.94,994.94,994.38,994.38,-0.06,462.84,460159.98,-1
2026-05-19,2026-05-19 12:40:00,994.38,994.38,993.81,993.81,-0.06,462.84,460159.98,-1
2026-05-19,2026-05-19 12:50:00,993.81,993.81,993.25,993.25,-0.06,462.84,460159.98,-1
2026-05-19,2026-05-19 13:00:00,993.25,1030.0,985.1,992.69,-0.06,462.84,460159.98,-1
2026-05-19,2026-05-19 13:10:00,992.69,992.69,992.12,992.12,-0.06,462.84,460159.98,-1
2026-05-19,2026-05-19 13:20:00,992.12,992.12,991.56,991.56,-0.06,462.84,460159.98,-1
2026-05-19,2026-05-19 13:30:00,991.56,991.56,991.0,991.0,-0.06,462.84,460159.98,-1
2026-05-19,2026-05-19 13:40:00,991.0,991.0,990.44,990.44,-0.06,462.84,460159.98,-1
2026-05-19,2026-05-19 13:50:00,990.44,990.44,989.88,989.88,-0.06,462.84,460159.98,-1
2026-05-19,2026-05-19 14:00:00,989.88,989.88,989.31,989.31,-0.06,462.84,460159.98,-1
2026-05-19,2026-05-19 14:10:00,989.31,989.31,988.75,988.75,-0.06,462.84,460159.98,-1
2026-05-19,2026-05-19 14:20:00,988.75,988.75,988.19,988.19,-0.06,462.84,460159.98,-1
2026-05-19,2026-05-19 14:30:00,988.19,988.19,987.62,987.62,-0.06,462.84,460159.98,-1
2026-05-19,2026-05-19 14:40:00,987.62,987.62,987.06,987.06,-0.06,462.84,460159.98,-1
2026-05-19,2026-05-19 14:50:00,987.06,987.06,986.5,986.5,-0.06,462.84,460159.98,-1
2026-05-19,2026-05-19 15:00:00,986.5,1030.0,985.1,986.5,0.0,462.84,460159.98,0
2026-05-20,2026-05-20 11:00:00,975.0,987.6,975.0,976.46,0.15,439.32,439399.6,1
2026-05-20,2026-05-20 11:10:00,976.46,977.92,976.46,977.92,0.15,439.32,439399.6,1
2026-05-20,2026-05-20 11:20:00,977.92,979.38,977.92,979.38,0.15,439.32,439399.6,1
2026-05-20,2026-05-20 11:30:00,979.38,980.83,979.38,980.83,0.15,439.32,439399.6,1
2026-05-20,2026-05-20 11:40:00,980.83,982.29,980.83,982.29,0.15,439.32,439399.6,1
2026-05-20,2026-05-20 11:50:00,982.29,983.75,982.29,983.75,0.15,439.32,439399.6,1
2026-05-20,2026-05-20 12:00:00,983.75,985.21,983.75,985.21,0.15,439.32,439399.6,1
2026-05-20,2026-05-20 12:10:00,985.21,986.67,985.21,986.67,0.15,439.32,439399.6,1
2026-05-20,2026-05-20 12:20:00,986.67,988.12,986.67,988.12,0.15,439.32,439399.6,1
2026-05-20,2026-05-20 12:30:00,988.12,989.58,988.12,989.58,0.15,439.32,439399.6,1
2026-05-20,2026-05-20 12:40:00,989.58,991.04,989.58,991.04,0.15,439.32,439399.6,1
2026-05-20,2026-05-20 12:50:00,991.04,992.5,991.04,992.5,0.15,439.32,439399.6,1
2026-05-20,2026-05-20 13:00:00,992.5,1017.0,975.0,993.96,0.15,439.32,439399.6,1
2026-05-20,2026-05-20 13:10:00,993.96,995.42,993.96,995.42,0.15,439.32,439399.6,1
2026-05-20,2026-05-20 13:20:00,995.42,996.88,995.42,996.88,0.15,439.32,439399.6,1
2026-05-20,2026-05-20 13:30:00,996.88,998.33,996.88,998.33,0.15,439.32,439399.6,1
2026-05-20,2026-05-20 13:40:00,998.33,999.79,998.33,999.79,0.15,439.32,439399.6,1
2026-05-20,2026-05-20 13:50:00,999.79,1001.25,999.79,1001.25,0.15,439.32,439399.6,1
2026-05-20,2026-05-20 14:00:00,1001.25,1002.71,1001.25,1002.71,0.15,439.32,439399.6,1
2026-05-20,2026-05-20 14:10:00,1002.71,1004.17,1002.71,1004.17,0.15,439.32,439399.6,1
2026-05-20,2026-05-20 14:20:00,1004.17,1005.62,1004.17,1005.62,0.14,439.32,439399.6,1
2026-05-20,2026-05-20 14:30:00,1005.62,1007.08,1005.62,1007.08,0.15,439.32,439399.6,1
2026-05-20,2026-05-20 14:40:00,1007.08,1008.54,1007.08,1008.54,0.14,439.32,439399.6,1
2026-05-20,2026-05-20 14:50:00,1008.54,1010.0,1008.54,1010.0,0.14,439.32,439399.6,1
2026-05-20,2026-05-20 15:00:00,1010.0,1017.0,975.0,1010.0,0.0,439.32,439399.6,0
2026-05-21,2026-05-21 11:00:00,1000.1,1007.57,993.89,1000.05,-0.0,810.2,809130.63,-1
2026-05-21,2026-05-21 11:10:00,1000.05,1000.05,1000.01,1000.01,-0.0,810.2,809130.63,-1
2026-05-21,2026-05-21 11:20:00,1000.01,1000.01,999.96,999.96,-0.0,810.2,809130.63,-1
2026-05-21,2026-05-21 11:30:00,999.96,999.96,999.92,999.92,-0.0,810.2,809130.63,-1
2026-05-21,2026-05-21 11:40:00,999.92,999.92,999.87,999.87,-0.01,810.2,809130.63,-1
2026-05-21,2026-05-21 11:50:00,999.87,999.87,999.83,999.83,-0.0,810.2,809130.63,-1
2026-05-21,2026-05-21 12:00:00,999.83,999.83,999.78,999.78,-0.01,810.2,809130.63,-1
2026-05-21,2026-05-21 12:10:00,999.78,999.78,999.73,999.73,-0.01,810.2,809130.63,-1
2026-05-21,2026-05-21 12:20:00,999.73,999.73,999.69,999.69,-0.0,810.2,809130.63,-1
2026-05-21,2026-05-21 12:30:00,999.69,999.69,999.64,999.64,-0.01,810.2,809130.63,-1
2026-05-21,2026-05-21 12:40:00,999.64,999.64,999.6,999.6,-0.0,810.2,809130.63,-1
2026-05-21,2026-05-21 12:50:00,999.6,999.6,999.55,999.55,-0.01,810.2,809130.63,-1
2026-05-21,2026-05-21 13:00:00,999.55,1025.0,979.4,999.5,-0.01,810.2,809130.63,-1
2026-05-21,2026-05-21 13:10:00,999.5,999.5,999.46,999.46,-0.0,810.2,809130.63,-1
2026-05-21,2026-05-21 13:20:00,999.46,999.46,999.41,999.41,-0.01,810.2,809130.63,-1
2026-05-21,2026-05-21 13:30:00,999.41,999.41,999.37,999.37,-0.0,810.2,809130.63,-1
2026-05-21,2026-05-21 13:40:00,999.37,999.37,999.32,999.32,-0.01,810.2,809130.63,-1
2026-05-21,2026-05-21 13:50:00,999.32,999.32,999.27,999.27,-0.01,810.2,809130.63,-1
2026-05-21,2026-05-21 14:00:00,999.27,999.27,999.23,999.23,-0.0,810.2,809130.63,-1
2026-05-21,2026-05-21 14:10:00,999.23,999.23,999.18,999.18,-0.01,810.2,809130.63,-1
2026-05-21,2026-05-21 14:20:00,999.18,999.18,999.14,999.14,-0.0,810.2,809130.63,-1
2026-05-21,2026-05-21 14:30:00,999.14,999.14,999.09,999.09,-0.01,810.2,809130.63,-1
2026-05-21,2026-05-21 14:40:00,999.09,999.09,999.05,999.05,-0.0,810.2,809130.63,-1
2026-05-21,2026-05-21 14:50:00,999.05,999.05,999.0,999.0,-0.01,810.2,809130.63,-1
2026-05-21,2026-05-21 15:00:00,999.0,1025.0,979.4,999.0,0.0,810.2,809130.63,0
2026-05-22,2026-05-22 11:00:00,985.0,997.6,982.0,986.75,0.18,505.44,511082.42,1
2026-05-22,2026-05-22 11:10:00,986.75,988.49,986.75,988.49,0.18,505.44,511082.42,1
2026-05-22,2026-05-22 11:20:00,988.49,990.24,988.49,990.24,0.18,505.44,511082.42,1
2026-05-22,2026-05-22 11:30:00,990.24,991.98,990.24,991.98,0.18,505.44,511082.42,1
2026-05-22,2026-05-22 11:40:00,991.98,993.73,991.98,993.73,0.18,505.44,511082.42,1
2026-05-22,2026-05-22 11:50:00,993.73,995.48,993.73,995.48,0.18,505.44,511082.42,1
2026-05-22,2026-05-22 12:00:00,995.48,997.22,995.48,997.22,0.17,505.44,511082.42,1
2026-05-22,2026-05-22 12:10:00,997.22,998.97,997.22,998.97,0.18,505.44,511082.42,1
2026-05-22,2026-05-22 12:20:00,998.97,1000.71,998.97,1000.71,0.17,505.44,511082.42,1
2026-05-22,2026-05-22 12:30:00,1000.71,1002.46,1000.71,1002.46,0.17,505.44,511082.42,1
2026-05-22,2026-05-22 12:40:00,1002.46,1004.2,1002.46,1004.2,0.17,505.44,511082.42,1
2026-05-22,2026-05-22 12:50:00,1004.2,1005.95,1004.2,1005.95,0.17,505.44,511082.42,1
2026-05-22,2026-05-22 13:00:00,1005.95,1027.0,975.0,1007.7,0.17,505.44,511082.42,1
2026-05-22,2026-05-22 13:10:00,1007.7,1009.44,1007.7,1009.44,0.17,505.44,511082.42,1
2026-05-22,2026-05-22 13:20:00,1009.44,1011.19,1009.44,1011.19,0.17,505.44,511082.42,1
2026-05-22,2026-05-22 13:30:00,1011.19,1012.93,1011.19,1012.93,0.17,505.44,511082.42,1
2026-05-22,2026-05-22 13:40:00,1012.93,1014.68,1012.93,1014.68,0.17,505.44,511082.42,1
2026-05-22,2026-05-22 13:50:00,1014.68,1016.43,1014.68,1016.43,0.17,505.44,511082.42,1
2026-05-22,2026-05-22 14:00:00,1016.43,1018.17,1016.43,1018.17,0.17,505.44,511082.42,1
2026-05-22,2026-05-22 14:10:00,1018.17,1019.92,1018.17,1019.92,0.17,505.44,511082.42,1
2026-05-22,2026-05-22 14:20:00,1019.92,1021.66,1019.92,1021.66,0.17,505.44,511082.42,1
2026-05-22,2026-05-22 14:30:00,1021.66,1023.41,1021.66,1023.41,0.17,505.44,511082.42,1
2026-05-22,2026-05-22 14:40:00,1023.41,1025.15,1023.41,1025.15,0.17,505.44,511082.42,1
2026-05-22,2026-05-22 14:50:00,1025.15,1026.9,1025.15,1026.9,0.17,505.44,511082.42,1
2026-05-22,2026-05-22 15:00:00,1026.9,1027.0,975.0,1026.9,0.0,505.44,511082.42,0
2026-05-25,2026-05-25 11:00:00,1026.0,1047.6,1026.0,1028.26,0.22,1150.56,1243693.71,1
2026-05-25,2026-05-25 11:10:00,1028.26,1030.52,1028.26,1030.52,0.22,1150.56,1243693.71,1
2026-05-25,2026-05-25 11:20:00,1030.52,1032.78,1030.52,1032.78,0.22,1150.56,1243693.71,1
2026-05-25,2026-05-25 11:30:00,1032.78,1035.03,1032.78,1035.03,0.22,1150.56,1243693.71,1
2026-05-25,2026-05-25 11:40:00,1035.03,1037.29,1035.03,1037.29,0.22,1150.56,1243693.71,1
2026-05-25,2026-05-25 11:50:00,1037.29,1039.55,1037.29,1039.55,0.22,1150.56,1243693.71,1
2026-05-25,2026-05-25 12:00:00,1039.55,1041.81,1039.55,1041.81,0.22,1150.56,1243693.71,1
2026-05-25,2026-05-25 12:10:00,1041.81,1044.07,1041.81,1044.07,0.22,1150.56,1243693.71,1
2026-05-25,2026-05-25 12:20:00,1044.07,1046.33,1044.07,1046.33,0.22,1150.56,1243693.71,1
2026-05-25,2026-05-25 12:30:00,1046.33,1048.58,1046.33,1048.58,0.22,1150.56,1243693.71,1
2026-05-25,2026-05-25 12:40:00,1048.58,1050.84,1048.58,1050.84,0.22,1150.56,1243693.71,1
2026-05-25,2026-05-25 12:50:00,1050.84,1053.1,1050.84,1053.1,0.22,1150.56,1243693.71,1
2026-05-25,2026-05-25 13:00:00,1053.1,1098.0,1026.0,1055.36,0.21,1150.56,1243693.71,1
2026-05-25,2026-05-25 13:10:00,1055.36,1057.62,1055.36,1057.62,0.21,1150.56,1243693.71,1
2026-05-25,2026-05-25 13:20:00,1057.62,1059.88,1057.62,1059.88,0.21,1150.56,1243693.71,1
2026-05-25,2026-05-25 13:30:00,1059.88,1062.13,1059.88,1062.13,0.21,1150.56,1243693.71,1
2026-05-25,2026-05-25 13:40:00,1062.13,1064.39,1062.13,1064.39,0.21,1150.56,1243693.71,1
2026-05-25,2026-05-25 13:50:00,1064.39,1066.65,1064.39,1066.65,0.21,1150.56,1243693.71,1
2026-05-25,2026-05-25 14:00:00,1066.65,1068.91,1066.65,1068.91,0.21,1150.56,1243693.71,1
2026-05-25,2026-05-25 14:10:00,1068.91,1071.17,1068.91,1071.17,0.21,1150.56,1243693.71,1
2026-05-25,2026-05-25 14:20:00,1071.17,1073.42,1071.17,1073.42,0.21,1150.56,1243693.71,1
2026-05-25,2026-05-25 14:30:00,1073.42,1075.68,1073.42,1075.68,0.21,1150.56,1243693.71,1
2026-05-25,2026-05-25 14:40:00,1075.68,1077.94,1075.68,1077.94,0.21,1150.56,1243693.71,1
2026-05-25,2026-05-25 14:50:00,1077.94,1080.2,1077.94,1080.2,0.21,1150.56,1243693.71,1
2026-05-25,2026-05-25 15:00:00,1080.2,1098.0,1026.0,1080.2,0.0,1150.56,1243693.71,0
2026-05-26,2026-05-26 11:00:00,1080.0,1087.5,1073.4,1080.0,0.0,1016.96,1093768.37,0
2026-05-26,2026-05-26 11:10:00,1080.0,1080.0,1080.0,1080.0,0.0,1016.96,1093768.37,0
2026-05-26,2026-05-26 11:20:00,1080.0,1080.0,1080.0,1080.0,0.0,1016.96,1093768.37,0
2026-05-26,2026-05-26 11:30:00,1080.0,1080.0,1080.0,1080.0,0.0,1016.96,1093768.37,0
2026-05-26,2026-05-26 11:40:00,1080.0,1080.0,1080.0,1080.0,0.0,1016.96,1093768.37,0
2026-05-26,2026-05-26 11:50:00,1080.0,1080.0,1080.0,1080.0,0.0,1016.96,1093768.37,0
2026-05-26,2026-05-26 12:00:00,1080.0,1080.0,1080.0,1080.0,0.0,1016.96,1093768.37,0
2026-05-26,2026-05-26 12:10:00,1080.0,1080.0,1080.0,1080.0,0.0,1016.96,1093768.37,0
2026-05-26,2026-05-26 12:20:00,1080.0,1080.0,1080.0,1080.0,0.0,1016.96,1093768.37,0
2026-05-26,2026-05-26 12:30:00,1080.0,1080.0,1080.0,1080.0,0.0,1016.96,1093768.37,0
2026-05-26,2026-05-26 12:40:00,1080.0,1080.0,1080.0,1080.0,0.0,1016.96,1093768.37,0
2026-05-26,2026-05-26 12:50:00,1080.0,1080.0,1080.0,1080.0,0.0,1016.96,1093768.37,0
2026-05-26,2026-05-26 13:00:00,1080.0,1105.0,1058.0,1080.0,0.0,1016.96,1093768.37,0
2026-05-26,2026-05-26 13:10:00,1080.0,1080.0,1080.0,1080.0,0.0,1016.96,1093768.37,0
2026-05-26,2026-05-26 13:20:00,1080.0,1080.0,1080.0,1080.0,0.0,1016.96,1093768.37,0
2026-05-26,2026-05-26 13:30:00,1080.0,1080.0,1080.0,1080.0,0.0,1016.96,1093768.37,0
2026-05-26,2026-05-26 13:40:00,1080.0,1080.0,1080.0,1080.0,0.0,1016.96,1093768.37,0
2026-05-26,2026-05-26 13:50:00,1080.0,1080.0,1080.0,1080.0,0.0,1016.96,1093768.37,0
2026-05-26,2026-05-26 14:00:00,1080.0,1080.0,1080.0,1080.0,0.0,1016.96,1093768.37,0
2026-05-26,2026-05-26 14:10:00,1080.0,1080.0,1080.0,1080.0,0.0,1016.96,1093768.37,0
2026-05-26,2026-05-26 14:20:00,1080.0,1080.0,1080.0,1080.0,0.0,1016.96,1093768.37,0
2026-05-26,2026-05-26 14:30:00,1080.0,1080.0,1080.0,1080.0,0.0,1016.96,1093768.37,0
2026-05-26,2026-05-26 14:40:00,1080.0,1080.0,1080.0,1080.0,0.0,1016.96,1093768.37,0
2026-05-26,2026-05-26 14:50:00,1080.0,1080.0,1080.0,1080.0,0.0,1016.96,1093768.37,0
2026-05-26,2026-05-26 15:00:00,1080.0,1105.0,1058.0,1080.0,0.0,1016.96,1093768.37,0
2026-05-27,2026-05-27 11:00:00,1027.1,1044.47,1027.1,1029.1,0.19,490.64,524557.68,1
2026-05-27,2026-05-27 11:10:00,1029.1,1031.09,1029.1,1031.09,0.19,490.64,524557.68,1
2026-05-27,2026-05-27 11:20:00,1031.09,1033.09,1031.09,1033.09,0.19,490.64,524557.68,1
2026-05-27,2026-05-27 11:30:00,1033.09,1035.08,1033.09,1035.08,0.19,490.64,524557.68,1
2026-05-27,2026-05-27 11:40:00,1035.08,1037.08,1035.08,1037.08,0.19,490.64,524557.68,1
2026-05-27,2026-05-27 11:50:00,1037.08,1039.07,1037.08,1039.07,0.19,490.64,524557.68,1
2026-05-27,2026-05-27 12:00:00,1039.07,1041.07,1039.07,1041.07,0.19,490.64,524557.68,1
2026-05-27,2026-05-27 12:10:00,1041.07,1043.07,1041.07,1043.07,0.19,490.64,524557.68,1
2026-05-27,2026-05-27 12:20:00,1043.07,1045.06,1043.07,1045.06,0.19,490.64,524557.68,1
2026-05-27,2026-05-27 12:30:00,1045.06,1047.06,1045.06,1047.06,0.19,490.64,524557.68,1
2026-05-27,2026-05-27 12:40:00,1047.06,1049.05,1047.06,1049.05,0.19,490.64,524557.68,1
2026-05-27,2026-05-27 12:50:00,1049.05,1051.05,1049.05,1051.05,0.19,490.64,524557.68,1
2026-05-27,2026-05-27 13:00:00,1051.05,1085.0,1027.1,1053.05,0.19,490.64,524557.68,1
2026-05-27,2026-05-27 13:10:00,1053.05,1055.04,1053.05,1055.04,0.19,490.64,524557.68,1
2026-05-27,2026-05-27 13:20:00,1055.04,1057.04,1055.04,1057.04,0.19,490.64,524557.68,1
2026-05-27,2026-05-27 13:30:00,1057.04,1059.03,1057.04,1059.03,0.19,490.64,524557.68,1
2026-05-27,2026-05-27 13:40:00,1059.03,1061.03,1059.03,1061.03,0.19,490.64,524557.68,1
2026-05-27,2026-05-27 13:50:00,1061.03,1063.03,1061.03,1063.03,0.19,490.64,524557.68,1
2026-05-27,2026-05-27 14:00:00,1063.03,1065.02,1063.03,1065.02,0.19,490.64,524557.68,1
2026-05-27,2026-05-27 14:10:00,1065.02,1067.02,1065.02,1067.02,0.19,490.64,524557.68,1
2026-05-27,2026-05-27 14:20:00,1067.02,1069.01,1067.02,1069.01,0.19,490.64,524557.68,1
2026-05-27,2026-05-27 14:30:00,1069.01,1071.01,1069.01,1071.01,0.19,490.64,524557.68,1
2026-05-27,2026-05-27 14:40:00,1071.01,1073.0,1071.01,1073.0,0.19,490.64,524557.68,1
2026-05-27,2026-05-27 14:50:00,1073.0,1075.0,1073.0,1075.0,0.19,490.64,524557.68,1
2026-05-27,2026-05-27 15:00:00,1075.0,1085.0,1027.1,1075.0,0.0,490.64,524557.68,0
2026-06-01,2026-06-01 11:00:00,1075.0,1082.2,1054.6,1072.92,-0.19,756.28,783772.52,-1
2026-06-01,2026-06-01 11:10:00,1072.92,1072.92,1070.83,1070.83,-0.19,756.28,783772.52,-1
2026-06-01,2026-06-01 11:20:00,1070.83,1070.83,1068.75,1068.75,-0.19,756.28,783772.52,-1
2026-06-01,2026-06-01 11:30:00,1068.75,1068.75,1066.67,1066.67,-0.19,756.28,783772.52,-1
2026-06-01,2026-06-01 11:40:00,1066.67,1066.67,1064.58,1064.58,-0.2,756.28,783772.52,-1
2026-06-01,2026-06-01 11:50:00,1064.58,1064.58,1062.5,1062.5,-0.2,756.28,783772.52,-1
2026-06-01,2026-06-01 12:00:00,1062.5,1062.5,1060.42,1060.42,-0.2,756.28,783772.52,-1
2026-06-01,2026-06-01 12:10:00,1060.42,1060.42,1058.33,1058.33,-0.2,756.28,783772.52,-1
2026-06-01,2026-06-01 12:20:00,1058.33,1058.33,1056.25,1056.25,-0.2,756.28,783772.52,-1
2026-06-01,2026-06-01 12:30:00,1056.25,1056.25,1054.17,1054.17,-0.2,756.28,783772.52,-1
2026-06-01,2026-06-01 12:40:00,1054.17,1054.17,1052.08,1052.08,-0.2,756.28,783772.52,-1
2026-06-01,2026-06-01 12:50:00,1052.08,1052.08,1050.0,1050.0,-0.2,756.28,783772.52,-1
2026-06-01,2026-06-01 13:00:00,1050.0,1099.0,1007.0,1047.92,-0.2,756.28,783772.52,-1
2026-06-01,2026-06-01 13:10:00,1047.92,1047.92,1045.83,1045.83,-0.2,756.28,783772.52,-1
2026-06-01,2026-06-01 13:20:00,1045.83,1045.83,1043.75,1043.75,-0.2,756.28,783772.52,-1
2026-06-01,2026-06-01 13:30:00,1043.75,1043.75,1041.67,1041.67,-0.2,756.28,783772.52,-1
2026-06-01,2026-06-01 13:40:00,1041.67,1041.67,1039.58,1039.58,-0.2,756.28,783772.52,-1
2026-06-01,2026-06-01 13:50:00,1039.58,1039.58,1037.5,1037.5,-0.2,756.28,783772.52,-1
2026-06-01,2026-06-01 14:00:00,1037.5,1037.5,1035.42,1035.42,-0.2,756.28,783772.52,-1
2026-06-01,2026-06-01 14:10:00,1035.42,1035.42,1033.33,1033.33,-0.2,756.28,783772.52,-1
2026-06-01,2026-06-01 14:20:00,1033.33,1033.33,1031.25,1031.25,-0.2,756.28,783772.52,-1
2026-06-01,2026-06-01 14:30:00,1031.25,1031.25,1029.17,1029.17,-0.2,756.28,783772.52,-1
2026-06-01,2026-06-01 14:40:00,1029.17,1029.17,1027.08,1027.08,-0.2,756.28,783772.52,-1
2026-06-01,2026-06-01 14:50:00,1027.08,1027.08,1025.0,1025.0,-0.2,756.28,783772.52,-1
2026-06-01,2026-06-01 15:00:00,1025.0,1099.0,1007.0,1025.0,0.0,756.28,783772.52,0
2026-06-02,2026-06-02 11:00:00,1020.0,1022.7,1006.23,1019.58,-0.04,857.92,863454.13,-1
2026-06-02,2026-06-02 11:10:00,1019.58,1019.58,1019.17,1019.17,-0.04,857.92,863454.13,-1
2026-06-02,2026-06-02 11:20:00,1019.17,1019.17,1018.75,1018.75,-0.04,857.92,863454.13,-1
2026-06-02,2026-06-02 11:30:00,1018.75,1018.75,1018.33,1018.33,-0.04,857.92,863454.13,-1
2026-06-02,2026-06-02 11:40:00,1018.33,1018.33,1017.92,1017.92,-0.04,857.92,863454.13,-1
2026-06-02,2026-06-02 11:50:00,1017.92,1017.92,1017.5,1017.5,-0.04,857.92,863454.13,-1
2026-06-02,2026-06-02 12:00:00,1017.5,1017.5,1017.08,1017.08,-0.04,857.92,863454.13,-1
2026-06-02,2026-06-02 12:10:00,1017.08,1017.08,1016.67,1016.67,-0.04,857.92,863454.13,-1
2026-06-02,2026-06-02 12:20:00,1016.67,1016.67,1016.25,1016.25,-0.04,857.92,863454.13,-1
2026-06-02,2026-06-02 12:30:00,1016.25,1016.25,1015.83,1015.83,-0.04,857.92,863454.13,-1
2026-06-02,2026-06-02 12:40:00,1015.83,1015.83,1015.42,1015.42,-0.04,857.92,863454.13,-1
2026-06-02,2026-06-02 12:50:00,1015.42,1015.42,1015.0,1015.0,-0.04,857.92,863454.13,-1
2026-06-02,2026-06-02 13:00:00,1015.0,1029.0,974.1,1014.58,-0.04,857.92,863454.13,-1
2026-06-02,2026-06-02 13:10:00,1014.58,1014.58,1014.17,1014.17,-0.04,857.92,863454.13,-1
2026-06-02,2026-06-02 13:20:00,1014.17,1014.17,1013.75,1013.75,-0.04,857.92,863454.13,-1
2026-06-02,2026-06-02 13:30:00,1013.75,1013.75,1013.33,1013.33,-0.04,857.92,863454.13,-1
2026-06-02,2026-06-02 13:40:00,1013.33,1013.33,1012.92,1012.92,-0.04,857.92,863454.13,-1
2026-06-02,2026-06-02 13:50:00,1012.92,1012.92,1012.5,1012.5,-0.04,857.92,863454.13,-1
2026-06-02,2026-06-02 14:00:00,1012.5,1012.5,1012.08,1012.08,-0.04,857.92,863454.13,-1
2026-06-02,2026-06-02 14:10:00,1012.08,1012.08,1011.67,1011.67,-0.04,857.92,863454.13,-1
2026-06-02,2026-06-02 14:20:00,1011.67,1011.67,1011.25,1011.25,-0.04,857.92,863454.13,-1
2026-06-02,2026-06-02 14:30:00,1011.25,1011.25,1010.83,1010.83,-0.04,857.92,863454.13,-1
2026-06-02,2026-06-02 14:40:00,1010.83,1010.83,1010.42,1010.42,-0.04,857.92,863454.13,-1
2026-06-02,2026-06-02 14:50:00,1010.42,1010.42,1010.0,1010.0,-0.04,857.92,863454.13,-1
2026-06-02,2026-06-02 15:00:00,1010.0,1029.0,974.1,1010.0,0.0,857.92,863454.13,0
2026-06-03,2026-06-03 11:00:00,1000.0,1004.5,994.0,999.58,-0.04,759.44,757032.48,-1
2026-06-03,2026-06-03 11:10:00,999.58,999.58,999.17,999.17,-0.04,759.44,757032.48,-1
2026-06-03,2026-06-03 11:20:00,999.17,999.17,998.75,998.75,-0.04,759.44,757032.48,-1
2026-06-03,2026-06-03 11:30:00,998.75,998.75,998.33,998.33,-0.04,759.44,757032.48,-1
2026-06-03,2026-06-03 11:40:00,998.33,998.33,997.92,997.92,-0.04,759.44,757032.48,-1
2026-06-03,2026-06-03 11:50:00,997.92,997.92,997.5,997.5,-0.04,759.44,757032.48,-1
2026-06-03,2026-06-03 12:00:00,997.5,997.5,997.08,997.08,-0.04,759.44,757032.48,-1
2026-06-03,2026-06-03 12:10:00,997.08,997.08,996.67,996.67,-0.04,759.44,757032.48,-1
2026-06-03,2026-06-03 12:20:00,996.67,996.67,996.25,996.25,-0.04,759.44,757032.48,-1
2026-06-03,2026-06-03 12:30:00,996.25,996.25,995.83,995.83,-0.04,759.44,757032.48,-1
2026-06-03,2026-06-03 12:40:00,995.83,995.83,995.42,995.42,-0.04,759.44,757032.48,-1
2026-06-03,2026-06-03 12:50:00,995.42,995.42,995.0,995.0,-0.04,759.44,757032.48,-1
2026-06-03,2026-06-03 13:00:00,995.0,1015.0,980.0,994.58,-0.04,759.44,757032.48,-1
2026-06-03,2026-06-03 13:10:00,994.58,994.58,994.17,994.17,-0.04,759.44,757032.48,-1
2026-06-03,2026-06-03 13:20:00,994.17,994.17,993.75,993.75,-0.04,759.44,757032.48,-1
2026-06-03,2026-06-03 13:30:00,993.75,993.75,993.33,993.33,-0.04,759.44,757032.48,-1
2026-06-03,2026-06-03 13:40:00,993.33,993.33,992.92,992.92,-0.04,759.44,757032.48,-1
2026-06-03,2026-06-03 13:50:00,992.92,992.92,992.5,992.5,-0.04,759.44,757032.48,-1
2026-06-03,2026-06-03 14:00:00,992.5,992.5,992.08,992.08,-0.04,759.44,757032.48,-1
2026-06-03,2026-06-03 14:10:00,992.08,992.08,991.67,991.67,-0.04,759.44,757032.48,-1
2026-06-03,2026-06-03 14:20:00,991.67,991.67,991.25,991.25,-0.04,759.44,757032.48,-1
2026-06-03,2026-06-03 14:30:00,991.25,991.25,990.83,990.83,-0.04,759.44,757032.48,-1
2026-06-03,2026-06-03 14:40:00,990.83,990.83,990.42,990.42,-0.04,759.44,757032.48,-1
2026-06-03,2026-06-03 14:50:00,990.42,990.42,990.0,990.0,-0.04,759.44,757032.48,-1
2026-06-03,2026-06-03 15:00:00,990.0,1015.0,980.0,990.0,0.0,759.44,757032.48,0
2026-06-04,2026-06-04 11:00:00,982.2,988.62,973.02,981.48,-0.07,631.76,619002.78,-1
2026-06-04,2026-06-04 11:10:00,981.48,981.48,980.77,980.77,-0.07,631.76,619002.78,-1
2026-06-04,2026-06-04 11:20:00,980.77,980.77,980.05,980.05,-0.07,631.76,619002.78,-1
2026-06-04,2026-06-04 11:30:00,980.05,980.05,979.33,979.33,-0.07,631.76,619002.78,-1
2026-06-04,2026-06-04 11:40:00,979.33,979.33,978.62,978.62,-0.07,631.76,619002.78,-1
2026-06-04,2026-06-04 11:50:00,978.62,978.62,977.9,977.9,-0.07,631.76,619002.78,-1
2026-06-04,2026-06-04 12:00:00,977.9,977.9,977.18,977.18,-0.07,631.76,619002.78,-1
2026-06-04,2026-06-04 12:10:00,977.18,977.18,976.47,976.47,-0.07,631.76,619002.78,-1
2026-06-04,2026-06-04 12:20:00,976.47,976.47,975.75,975.75,-0.07,631.76,619002.78,-1
2026-06-04,2026-06-04 12:30:00,975.75,975.75,975.03,975.03,-0.07,631.76,619002.78,-1
2026-06-04,2026-06-04 12:40:00,975.03,975.03,974.32,974.32,-0.07,631.76,619002.78,-1
2026-06-04,2026-06-04 12:50:00,974.32,974.32,973.6,973.6,-0.07,631.76,619002.78,-1
2026-06-04,2026-06-04 13:00:00,973.6,1003.6,951.6,972.88,-0.07,631.76,619002.78,-1
2026-06-04,2026-06-04 13:10:00,972.88,972.88,972.17,972.17,-0.07,631.76,619002.78,-1
2026-06-04,2026-06-04 13:20:00,972.17,972.17,971.45,971.45,-0.07,631.76,619002.78,-1
2026-06-04,2026-06-04 13:30:00,971.45,971.45,970.73,970.73,-0.07,631.76,619002.78,-1
2026-06-04,2026-06-04 13:40:00,970.73,970.73,970.02,970.02,-0.07,631.76,619002.78,-1
2026-06-04,2026-06-04 13:50:00,970.02,970.02,969.3,969.3,-0.07,631.76,619002.78,-1
2026-06-04,2026-06-04 14:00:00,969.3,969.3,968.58,968.58,-0.07,631.76,619002.78,-1
2026-06-04,2026-06-04 14:10:00,968.58,968.58,967.87,967.87,-0.07,631.76,619002.78,-1
2026-06-04,2026-06-04 14:20:00,967.87,967.87,967.15,967.15,-0.07,631.76,619002.78,-1
2026-06-04,2026-06-04 14:30:00,967.15,967.15,966.43,966.43,-0.07,631.76,619002.78,-1
2026-06-04,2026-06-04 14:40:00,966.43,966.43,965.72,965.72,-0.07,631.76,619002.78,-1
2026-06-04,2026-06-04 14:50:00,965.72,965.72,965.0,965.0,-0.07,631.76,619002.78,-1
2026-06-04,2026-06-04 15:00:00,965.0,1003.6,951.6,965.0,0.0,631.76,619002.78,0
2026-06-05,2026-06-05 11:00:00,965.0,966.5,951.38,963.46,-0.16,1018.64,953441.35,-1
2026-06-05,2026-06-05 11:10:00,963.46,963.46,961.92,961.92,-0.16,1018.64,953441.35,-1
2026-06-05,2026-06-05 11:20:00,961.92,961.92,960.38,960.38,-0.16,1018.64,953441.35,-1
2026-06-05,2026-06-05 11:30:00,960.38,960.38,958.83,958.83,-0.16,1018.64,953441.35,-1
2026-06-05,2026-06-05 11:40:00,958.83,958.83,957.29,957.29,-0.16,1018.64,953441.35,-1
2026-06-05,2026-06-05 11:50:00,957.29,957.29,955.75,955.75,-0.16,1018.64,953441.35,-1
2026-06-05,2026-06-05 12:00:00,955.75,955.75,954.21,954.21,-0.16,1018.64,953441.35,-1
2026-06-05,2026-06-05 12:10:00,954.21,954.21,952.67,952.67,-0.16,1018.64,953441.35,-1
2026-06-05,2026-06-05 12:20:00,952.67,952.67,951.12,951.12,-0.16,1018.64,953441.35,-1
2026-06-05,2026-06-05 12:30:00,951.12,951.12,949.58,949.58,-0.16,1018.64,953441.35,-1
2026-06-05,2026-06-05 12:40:00,949.58,949.58,948.04,948.04,-0.16,1018.64,953441.35,-1
2026-06-05,2026-06-05 12:50:00,948.04,948.04,946.5,946.5,-0.16,1018.64,953441.35,-1
2026-06-05,2026-06-05 13:00:00,946.5,970.0,919.6,944.96,-0.16,1018.64,953441.35,-1
2026-06-05,2026-06-05 13:10:00,944.96,944.96,943.42,943.42,-0.16,1018.64,953441.35,-1
2026-06-05,2026-06-05 13:20:00,943.42,943.42,941.88,941.88,-0.16,1018.64,953441.35,-1
2026-06-05,2026-06-05 13:30:00,941.88,941.88,940.33,940.33,-0.16,1018.64,953441.35,-1
2026-06-05,2026-06-05 13:40:00,940.33,940.33,938.79,938.79,-0.16,1018.64,953441.35,-1
2026-06-05,2026-06-05 13:50:00,938.79,938.79,937.25,937.25,-0.16,1018.64,953441.35,-1
2026-06-05,2026-06-05 14:00:00,937.25,937.25,935.71,935.71,-0.16,1018.64,953441.35,-1
2026-06-05,2026-06-05 14:10:00,935.71,935.71,934.17,934.17,-0.16,1018.64,953441.35,-1
2026-06-05,2026-06-05 14:20:00,934.17,934.17,932.62,932.62,-0.17,1018.64,953441.35,-1
2026-06-05,2026-06-05 14:30:00,932.62,932.62,931.08,931.08,-0.17,1018.64,953441.35,-1
2026-06-05,2026-06-05 14:40:00,931.08,931.08,929.54,929.54,-0.17,1018.64,953441.35,-1
2026-06-05,2026-06-05 14:50:00,929.54,929.54,928.0,928.0,-0.17,1018.64,953441.35,-1
2026-06-05,2026-06-05 15:00:00,928.0,970.0,919.6,928.0,0.0,1018.64,953441.35,0
2026-06-08,2026-06-08 11:00:00,970.0,970.0,946.09,967.04,-0.31,587.24,528709.14,-1
2026-06-08,2026-06-08 11:10:00,967.04,967.04,964.08,964.08,-0.31,587.24,528709.14,-1
2026-06-08,2026-06-08 11:20:00,964.08,964.08,961.12,961.12,-0.31,587.24,528709.14,-1
2026-06-08,2026-06-08 11:30:00,961.12,961.12,958.17,958.17,-0.31,587.24,528709.14,-1
2026-06-08,2026-06-08 11:40:00,958.17,958.17,955.21,955.21,-0.31,587.24,528709.14,-1
2026-06-08,2026-06-08 11:50:00,955.21,955.21,952.25,952.25,-0.31,587.24,528709.14,-1
2026-06-08,2026-06-08 12:00:00,952.25,952.25,949.29,949.29,-0.31,587.24,528709.14,-1
2026-06-08,2026-06-08 12:10:00,949.29,949.29,946.33,946.33,-0.31,587.24,528709.14,-1
2026-06-08,2026-06-08 12:20:00,946.33,946.33,943.38,943.38,-0.31,587.24,528709.14,-1
2026-06-08,2026-06-08 12:30:00,943.38,943.38,940.42,940.42,-0.31,587.24,528709.14,-1
2026-06-08,2026-06-08 12:40:00,940.42,940.42,937.46,937.46,-0.31,587.24,528709.14,-1
2026-06-08,2026-06-08 12:50:00,937.46,937.46,934.5,934.5,-0.32,587.24,528709.14,-1
2026-06-08,2026-06-08 13:00:00,934.5,970.0,890.3,931.54,-0.32,587.24,528709.14,-1
2026-06-08,2026-06-08 13:10:00,931.54,931.54,928.58,928.58,-0.32,587.24,528709.14,-1
2026-06-08,2026-06-08 13:20:00,928.58,928.58,925.62,925.62,-0.32,587.24,528709.14,-1
2026-06-08,2026-06-08 13:30:00,925.62,925.62,922.67,922.67,-0.32,587.24,528709.14,-1
2026-06-08,2026-06-08 13:40:00,922.67,922.67,919.71,919.71,-0.32,587.24,528709.14,-1
2026-06-08,2026-06-08 13:50:00,919.71,919.71,916.75,916.75,-0.32,587.24,528709.14,-1
2026-06-08,2026-06-08 14:00:00,916.75,916.75,913.79,913.79,-0.32,587.24,528709.14,-1
2026-06-08,2026-06-08 14:10:00,913.79,913.79,910.83,910.83,-0.32,587.24,528709.14,-1
2026-06-08,2026-06-08 14:20:00,910.83,910.83,907.88,907.88,-0.32,587.24,528709.14,-1
2026-06-08,2026-06-08 14:30:00,907.88,907.88,904.92,904.92,-0.33,587.24,528709.14,-1
2026-06-08,2026-06-08 14:40:00,904.92,904.92,901.96,901.96,-0.33,587.24,528709.14,-1
2026-06-08,2026-06-08 14:50:00,901.96,901.96,899.0,899.0,-0.33,587.24,528709.14,-1
2026-06-08,2026-06-08 15:00:00,899.0,970.0,890.3,899.0,0.0,587.24,528709.14,0
2026-06-09,2026-06-09 11:00:00,882.3,890.61,880.14,883.45,0.13,678.52,604402.34,1
2026-06-09,2026-06-09 11:10:00,883.45,884.61,883.45,884.61,0.13,678.52,604402.34,1
2026-06-09,2026-06-09 11:20:00,884.61,885.76,884.61,885.76,0.13,678.52,604402.34,1
2026-06-09,2026-06-09 11:30:00,885.76,886.92,885.76,886.92,0.13,678.52,604402.34,1
2026-06-09,2026-06-09 11:40:00,886.92,888.07,886.92,888.07,0.13,678.52,604402.34,1
2026-06-09,2026-06-09 11:50:00,888.07,889.22,888.07,889.22,0.13,678.52,604402.34,1
2026-06-09,2026-06-09 12:00:00,889.22,890.38,889.22,890.38,0.13,678.52,604402.34,1
2026-06-09,2026-06-09 12:10:00,890.38,891.53,890.38,891.53,0.13,678.52,604402.34,1
2026-06-09,2026-06-09 12:20:00,891.53,892.69,891.53,892.69,0.13,678.52,604402.34,1
2026-06-09,2026-06-09 12:30:00,892.69,893.84,892.69,893.84,0.13,678.52,604402.34,1
2026-06-09,2026-06-09 12:40:00,893.84,895.0,893.84,895.0,0.13,678.52,604402.34,1
2026-06-09,2026-06-09 12:50:00,895.0,896.15,895.0,896.15,0.13,678.52,604402.34,1
2026-06-09,2026-06-09 13:00:00,896.15,910.0,875.1,897.3,0.13,678.52,604402.34,1
2026-06-09,2026-06-09 13:10:00,897.3,898.46,897.3,898.46,0.13,678.52,604402.34,1
2026-06-09,2026-06-09 13:20:00,898.46,899.61,898.46,899.61,0.13,678.52,604402.34,1
2026-06-09,2026-06-09 13:30:00,899.61,900.77,899.61,900.77,0.13,678.52,604402.34,1
2026-06-09,2026-06-09 13:40:00,900.77,901.92,900.77,901.92,0.13,678.52,604402.34,1
2026-06-09,2026-06-09 13:50:00,901.92,903.08,901.92,903.08,0.13,678.52,604402.34,1
2026-06-09,2026-06-09 14:00:00,903.08,904.23,903.08,904.23,0.13,678.52,604402.34,1
2026-06-09,2026-06-09 14:10:00,904.23,905.38,904.23,905.38,0.13,678.52,604402.34,1
2026-06-09,2026-06-09 14:20:00,905.38,906.54,905.38,906.54,0.13,678.52,604402.34,1
2026-06-09,2026-06-09 14:30:00,906.54,907.69,906.54,907.69,0.13,678.52,604402.34,1
2026-06-09,2026-06-09 14:40:00,907.69,908.85,907.69,908.85,0.13,678.52,604402.34,1
2026-06-09,2026-06-09 14:50:00,908.85,910.0,908.85,910.0,0.13,678.52,604402.34,1
2026-06-09,2026-06-09 15:00:00,910.0,910.0,875.1,910.0,0.0,678.52,604402.34,0
2026-06-10,2026-06-10 11:00:00,910.0,923.5,910.0,911.58,0.17,428.76,402111.26,1
2026-06-10,2026-06-10 11:10:00,911.58,913.16,911.58,913.16,0.17,428.76,402111.26,1
2026-06-10,2026-06-10 11:20:00,913.16,914.74,913.16,914.74,0.17,428.76,402111.26,1
2026-06-10,2026-06-10 11:30:00,914.74,916.32,914.74,916.32,0.17,428.76,402111.26,1
2026-06-10,2026-06-10 11:40:00,916.32,917.9,916.32,917.9,0.17,428.76,402111.26,1
2026-06-10,2026-06-10 11:50:00,917.9,919.48,917.9,919.48,0.17,428.76,402111.26,1
2026-06-10,2026-06-10 12:00:00,919.48,921.05,919.48,921.05,0.17,428.76,402111.26,1
2026-06-10,2026-06-10 12:10:00,921.05,922.63,921.05,922.63,0.17,428.76,402111.26,1
2026-06-10,2026-06-10 12:20:00,922.63,924.21,922.63,924.21,0.17,428.76,402111.26,1
2026-06-10,2026-06-10 12:30:00,924.21,925.79,924.21,925.79,0.17,428.76,402111.26,1
2026-06-10,2026-06-10 12:40:00,925.79,927.37,925.79,927.37,0.17,428.76,402111.26,1
2026-06-10,2026-06-10 12:50:00,927.37,928.95,927.37,928.95,0.17,428.76,402111.26,1
2026-06-10,2026-06-10 13:00:00,928.95,955.0,910.0,930.53,0.17,428.76,402111.26,1
2026-06-10,2026-06-10 13:10:00,930.53,932.11,930.53,932.11,0.17,428.76,402111.26,1
2026-06-10,2026-06-10 13:20:00,932.11,933.69,932.11,933.69,0.17,428.76,402111.26,1
2026-06-10,2026-06-10 13:30:00,933.69,935.27,933.69,935.27,0.17,428.76,402111.26,1
2026-06-10,2026-06-10 13:40:00,935.27,936.85,935.27,936.85,0.17,428.76,402111.26,1
2026-06-10,2026-06-10 13:50:00,936.85,938.42,936.85,938.42,0.17,428.76,402111.26,1
2026-06-10,2026-06-10 14:00:00,938.42,940.0,938.42,940.0,0.17,428.76,402111.26,1
2026-06-10,2026-06-10 14:10:00,940.0,941.58,940.0,941.58,0.17,428.76,402111.26,1
2026-06-10,2026-06-10 14:20:00,941.58,943.16,941.58,943.16,0.17,428.76,402111.26,1
2026-06-10,2026-06-10 14:30:00,943.16,944.74,943.16,944.74,0.17,428.76,402111.26,1
2026-06-10,2026-06-10 14:40:00,944.74,946.32,944.74,946.32,0.17,428.76,402111.26,1
2026-06-10,2026-06-10 14:50:00,946.32,947.9,946.32,947.9,0.17,428.76,402111.26,1
2026-06-10,2026-06-10 15:00:00,947.9,955.0,910.0,947.9,0.0,428.76,402111.26,0
2026-06-11,2026-06-11 11:00:00,995.2,995.2,966.73,992.28,-0.29,389.16,360776.23,-1
2026-06-11,2026-06-11 11:10:00,992.28,992.28,989.35,989.35,-0.3,389.16,360776.23,-1
2026-06-11,2026-06-11 11:20:00,989.35,989.35,986.43,986.43,-0.3,389.16,360776.23,-1
2026-06-11,2026-06-11 11:30:00,986.43,986.43,983.5,983.5,-0.3,389.16,360776.23,-1
2026-06-11,2026-06-11 11:40:00,983.5,983.5,980.58,980.58,-0.3,389.16,360776.23,-1
2026-06-11,2026-06-11 11:50:00,980.58,980.58,977.65,977.65,-0.3,389.16,360776.23,-1
2026-06-11,2026-06-11 12:00:00,977.65,977.65,974.73,974.73,-0.3,389.16,360776.23,-1
2026-06-11,2026-06-11 12:10:00,974.73,974.73,971.8,971.8,-0.3,389.16,360776.23,-1
2026-06-11,2026-06-11 12:20:00,971.8,971.8,968.88,968.88,-0.3,389.16,360776.23,-1
2026-06-11,2026-06-11 12:30:00,968.88,968.88,965.95,965.95,-0.3,389.16,360776.23,-1
2026-06-11,2026-06-11 12:40:00,965.95,965.95,963.02,963.02,-0.3,389.16,360776.23,-1
2026-06-11,2026-06-11 12:50:00,963.02,963.02,960.1,960.1,-0.3,389.16,360776.23,-1
2026-06-11,2026-06-11 13:00:00,960.1,995.2,900.3,957.18,-0.3,389.16,360776.23,-1
2026-06-11,2026-06-11 13:10:00,957.18,957.18,954.25,954.25,-0.31,389.16,360776.23,-1
2026-06-11,2026-06-11 13:20:00,954.25,954.25,951.33,951.33,-0.31,389.16,360776.23,-1
2026-06-11,2026-06-11 13:30:00,951.33,951.33,948.4,948.4,-0.31,389.16,360776.23,-1
2026-06-11,2026-06-11 13:40:00,948.4,948.4,945.48,945.48,-0.31,389.16,360776.23,-1
2026-06-11,2026-06-11 13:50:00,945.48,945.48,942.55,942.55,-0.31,389.16,360776.23,-1
2026-06-11,2026-06-11 14:00:00,942.55,942.55,939.62,939.62,-0.31,389.16,360776.23,-1
2026-06-11,2026-06-11 14:10:00,939.62,939.62,936.7,936.7,-0.31,389.16,360776.23,-1
2026-06-11,2026-06-11 14:20:00,936.7,936.7,933.77,933.77,-0.31,389.16,360776.23,-1
2026-06-11,2026-06-11 14:30:00,933.77,933.77,930.85,930.85,-0.31,389.16,360776.23,-1
2026-06-11,2026-06-11 14:40:00,930.85,930.85,927.92,927.92,-0.31,389.16,360776.23,-1
2026-06-11,2026-06-11 14:50:00,927.92,927.92,925.0,925.0,-0.31,389.16,360776.23,-1
2026-06-11,2026-06-11 15:00:00,925.0,995.2,900.3,925.0,0.0,389.16,360776.23,0
2026-06-12,2026-06-12 11:00:00,901.0,907.3,900.73,901.88,0.1,262.24,238600.26,1
2026-06-12,2026-06-12 11:10:00,901.88,902.75,901.88,902.75,0.1,262.24,238600.26,1
2026-06-12,2026-06-12 11:20:00,902.75,903.62,902.75,903.62,0.1,262.24,238600.26,1
2026-06-12,2026-06-12 11:30:00,903.62,904.5,903.62,904.5,0.1,262.24,238600.26,1
2026-06-12,2026-06-12 11:40:00,904.5,905.38,904.5,905.38,0.1,262.24,238600.26,1
2026-06-12,2026-06-12 11:50:00,905.38,906.25,905.38,906.25,0.1,262.24,238600.26,1
2026-06-12,2026-06-12 12:00:00,906.25,907.12,906.25,907.12,0.1,262.24,238600.26,1
2026-06-12,2026-06-12 12:10:00,907.12,908.0,907.12,908.0,0.1,262.24,238600.26,1
2026-06-12,2026-06-12 12:20:00,908.0,908.88,908.0,908.88,0.1,262.24,238600.26,1
2026-06-12,2026-06-12 12:30:00,908.88,909.75,908.88,909.75,0.1,262.24,238600.26,1
2026-06-12,2026-06-12 12:40:00,909.75,910.62,909.75,910.62,0.1,262.24,238600.26,1
2026-06-12,2026-06-12 12:50:00,910.62,911.5,910.62,911.5,0.1,262.24,238600.26,1
2026-06-12,2026-06-12 13:00:00,911.5,922.0,900.1,912.38,0.1,262.24,238600.26,1
2026-06-12,2026-06-12 13:10:00,912.38,913.25,912.38,913.25,0.1,262.24,238600.26,1
2026-06-12,2026-06-12 13:20:00,913.25,914.12,913.25,914.12,0.1,262.24,238600.26,1
2026-06-12,2026-06-12 13:30:00,914.12,915.0,914.12,915.0,0.1,262.24,238600.26,1
2026-06-12,2026-06-12 13:40:00,915.0,915.88,915.0,915.88,0.1,262.24,238600.26,1
2026-06-12,2026-06-12 13:50:00,915.88,916.75,915.88,916.75,0.09,262.24,238600.26,1
2026-06-12,2026-06-12 14:00:00,916.75,917.62,916.75,917.62,0.09,262.24,238600.26,1
2026-06-12,2026-06-12 14:10:00,917.62,918.5,917.62,918.5,0.1,262.24,238600.26,1
2026-06-12,2026-06-12 14:20:00,918.5,919.38,918.5,919.38,0.1,262.24,238600.26,1
2026-06-12,2026-06-12 14:30:00,919.38,920.25,919.38,920.25,0.09,262.24,238600.26,1
2026-06-12,2026-06-12 14:40:00,920.25,921.12,920.25,921.12,0.09,262.24,238600.26,1
2026-06-12,2026-06-12 14:50:00,921.12,922.0,921.12,922.0,0.1,262.24,238600.26,1
2026-06-12,2026-06-12 15:00:00,922.0,922.0,900.1,922.0,0.0,262.24,238600.26,0
2026-06-15,2026-06-15 11:00:00,920.0,927.5,915.41,920.17,0.02,347.92,320871.66,1
2026-06-15,2026-06-15 11:10:00,920.17,920.33,920.17,920.33,0.02,347.92,320871.66,1
2026-06-15,2026-06-15 11:20:00,920.33,920.5,920.33,920.5,0.02,347.92,320871.66,1
2026-06-15,2026-06-15 11:30:00,920.5,920.67,920.5,920.67,0.02,347.92,320871.66,1
2026-06-15,2026-06-15 11:40:00,920.67,920.83,920.67,920.83,0.02,347.92,320871.66,1
2026-06-15,2026-06-15 11:50:00,920.83,921.0,920.83,921.0,0.02,347.92,320871.66,1
2026-06-15,2026-06-15 12:00:00,921.0,921.17,921.0,921.17,0.02,347.92,320871.66,1
2026-06-15,2026-06-15 12:10:00,921.17,921.33,921.17,921.33,0.02,347.92,320871.66,1
2026-06-15,2026-06-15 12:20:00,921.33,921.5,921.33,921.5,0.02,347.92,320871.66,1
2026-06-15,2026-06-15 12:30:00,921.5,921.67,921.5,921.67,0.02,347.92,320871.66,1
2026-06-15,2026-06-15 12:40:00,921.67,921.83,921.67,921.83,0.02,347.92,320871.66,1
2026-06-15,2026-06-15 12:50:00,921.83,922.0,921.83,922.0,0.02,347.92,320871.66,1
2026-06-15,2026-06-15 13:00:00,922.0,945.0,904.7,922.17,0.02,347.92,320871.66,1
2026-06-15,2026-06-15 13:10:00,922.17,922.33,922.17,922.33,0.02,347.92,320871.66,1
2026-06-15,2026-06-15 13:20:00,922.33,922.5,922.33,922.5,0.02,347.92,320871.66,1
2026-06-15,2026-06-15 13:30:00,922.5,922.67,922.5,922.67,0.02,347.92,320871.66,1
2026-06-15,2026-06-15 13:40:00,922.67,922.83,922.67,922.83,0.02,347.92,320871.66,1
2026-06-15,2026-06-15 13:50:00,922.83,923.0,922.83,923.0,0.02,347.92,320871.66,1
2026-06-15,2026-06-15 14:00:00,923.0,923.17,923.0,923.17,0.02,347.92,320871.66,1
2026-06-15,2026-06-15 14:10:00,923.17,923.33,923.17,923.33,0.02,347.92,320871.66,1
2026-06-15,2026-06-15 14:20:00,923.33,923.5,923.33,923.5,0.02,347.92,320871.66,1
2026-06-15,2026-06-15 14:30:00,923.5,923.67,923.5,923.67,0.02,347.92,320871.66,1
2026-06-15,2026-06-15 14:40:00,923.67,923.83,923.67,923.83,0.02,347.92,320871.66,1
2026-06-15,2026-06-15 14:50:00,923.83,924.0,923.83,924.0,0.02,347.92,320871.66,1
2026-06-15,2026-06-15 15:00:00,924.0,945.0,904.7,924.0,0.0,347.92,320871.66,0
2026-06-16,2026-06-16 11:00:00,937.9,937.9,927.49,936.58,-0.14,243.08,220896.76,-1
2026-06-16,2026-06-16 11:10:00,936.58,936.58,935.27,935.27,-0.14,243.08,220896.76,-1
2026-06-16,2026-06-16 11:20:00,935.27,935.27,933.95,933.95,-0.14,243.08,220896.76,-1
2026-06-16,2026-06-16 11:30:00,933.95,933.95,932.63,932.63,-0.14,243.08,220896.76,-1
2026-06-16,2026-06-16 11:40:00,932.63,932.63,931.32,931.32,-0.14,243.08,220896.76,-1
2026-06-16,2026-06-16 11:50:00,931.32,931.32,930.0,930.0,-0.14,243.08,220896.76,-1
2026-06-16,2026-06-16 12:00:00,930.0,930.0,928.68,928.68,-0.14,243.08,220896.76,-1
2026-06-16,2026-06-16 12:10:00,928.68,928.68,927.37,927.37,-0.14,243.08,220896.76,-1
2026-06-16,2026-06-16 12:20:00,927.37,927.37,926.05,926.05,-0.14,243.08,220896.76,-1
2026-06-16,2026-06-16 12:30:00,926.05,926.05,924.73,924.73,-0.14,243.08,220896.76,-1
2026-06-16,2026-06-16 12:40:00,924.73,924.73,923.42,923.42,-0.14,243.08,220896.76,-1
2026-06-16,2026-06-16 12:50:00,923.42,923.42,922.1,922.1,-0.14,243.08,220896.76,-1
2026-06-16,2026-06-16 13:00:00,922.1,937.9,903.2,920.78,-0.14,243.08,220896.76,-1
2026-06-16,2026-06-16 13:10:00,920.78,920.78,919.47,919.47,-0.14,243.08,220896.76,-1
2026-06-16,2026-06-16 13:20:00,919.47,919.47,918.15,918.15,-0.14,243.08,220896.76,-1
2026-06-16,2026-06-16 13:30:00,918.15,918.15,916.83,916.83,-0.14,243.08,220896.76,-1
2026-06-16,2026-06-16 13:40:00,916.83,916.83,915.52,915.52,-0.14,243.08,220896.76,-1
2026-06-16,2026-06-16 13:50:00,915.52,915.52,914.2,914.2,-0.14,243.08,220896.76,-1
2026-06-16,2026-06-16 14:00:00,914.2,914.2,912.88,912.88,-0.14,243.08,220896.76,-1
2026-06-16,2026-06-16 14:10:00,912.88,912.88,911.57,911.57,-0.14,243.08,220896.76,-1
2026-06-16,2026-06-16 14:20:00,911.57,911.57,910.25,910.25,-0.14,243.08,220896.76,-1
2026-06-16,2026-06-16 14:30:00,910.25,910.25,908.93,908.93,-0.15,243.08,220896.76,-1
2026-06-16,2026-06-16 14:40:00,908.93,908.93,907.62,907.62,-0.14,243.08,220896.76,-1
2026-06-16,2026-06-16 14:50:00,907.62,907.62,906.3,906.3,-0.15,243.08,220896.76,-1
2026-06-16,2026-06-16 15:00:00,906.3,937.9,903.2,906.3,0.0,243.08,220896.76,0
2026-06-17,2026-06-17 11:00:00,905.0,909.5,902.0,904.95,-0.01,286.52,259101.11,-1
2026-06-17,2026-06-17 11:10:00,904.95,904.95,904.9,904.9,-0.01,286.52,259101.11,-1
2026-06-17,2026-06-17 11:20:00,904.9,904.9,904.85,904.85,-0.01,286.52,259101.11,-1
2026-06-17,2026-06-17 11:30:00,904.85,904.85,904.8,904.8,-0.01,286.52,259101.11,-1
2026-06-17,2026-06-17 11:40:00,904.8,904.8,904.75,904.75,-0.01,286.52,259101.11,-1
2026-06-17,2026-06-17 11:50:00,904.75,904.75,904.7,904.7,-0.01,286.52,259101.11,-1
2026-06-17,2026-06-17 12:00:00,904.7,904.7,904.65,904.65,-0.01,286.52,259101.11,-1
2026-06-17,2026-06-17 12:10:00,904.65,904.65,904.6,904.6,-0.01,286.52,259101.11,-1
2026-06-17,2026-06-17 12:20:00,904.6,904.6,904.55,904.55,-0.01,286.52,259101.11,-1
2026-06-17,2026-06-17 12:30:00,904.55,904.55,904.5,904.5,-0.01,286.52,259101.11,-1
2026-06-17,2026-06-17 12:40:00,904.5,904.5,904.45,904.45,-0.01,286.52,259101.11,-1
2026-06-17,2026-06-17 12:50:00,904.45,904.45,904.4,904.4,-0.01,286.52,259101.11,-1
2026-06-17,2026-06-17 13:00:00,904.4,920.0,895.0,904.35,-0.01,286.52,259101.11,-1
2026-06-17,2026-06-17 13:10:00,904.35,904.35,904.3,904.3,-0.01,286.52,259101.11,-1
2026-06-17,2026-06-17 13:20:00,904.3,904.3,904.25,904.25,-0.01,286.52,259101.11,-1
2026-06-17,2026-06-17 13:30:00,904.25,904.25,904.2,904.2,-0.01,286.52,259101.11,-1
2026-06-17,2026-06-17 13:40:00,904.2,904.2,904.15,904.15,-0.01,286.52,259101.11,-1
2026-06-17,2026-06-17 13:50:00,904.15,904.15,904.1,904.1,-0.01,286.52,259101.11,-1
2026-06-17,2026-06-17 14:00:00,904.1,904.1,904.05,904.05,-0.01,286.52,259101.11,-1
2026-06-17,2026-06-17 14:10:00,904.05,904.05,904.0,904.0,-0.01,286.52,259101.11,-1
2026-06-17,2026-06-17 14:20:00,904.0,904.0,903.95,903.95,-0.01,286.52,259101.11,-1
2026-06-17,2026-06-17 14:30:00,903.95,903.95,903.9,903.9,-0.01,286.52,259101.11,-1
2026-06-17,2026-06-17 14:40:00,903.9,903.9,903.85,903.85,-0.01,286.52,259101.11,-1
2026-06-17,2026-06-17 14:50:00,903.85,903.85,903.8,903.8,-0.01,286.52,259101.11,-1
2026-06-17,2026-06-17 15:00:00,903.8,920.0,895.0,903.8,0.0,286.52,259101.11,0
2026-06-18,2026-06-18 11:00:00,901.1,903.44,898.37,901.26,0.02,185.36,166530.52,1
2026-06-18,2026-06-18 11:10:00,901.26,901.43,901.26,901.43,0.02,185.36,166530.52,1
2026-06-18,2026-06-18 11:20:00,901.43,901.59,901.43,901.59,0.02,185.36,166530.52,1
2026-06-18,2026-06-18 11:30:00,901.59,901.75,901.59,901.75,0.02,185.36,166530.52,1
2026-06-18,2026-06-18 11:40:00,901.75,901.91,901.75,901.91,0.02,185.36,166530.52,1
2026-06-18,2026-06-18 11:50:00,901.91,902.08,901.91,902.08,0.02,185.36,166530.52,1
2026-06-18,2026-06-18 12:00:00,902.08,902.24,902.08,902.24,0.02,185.36,166530.52,1
2026-06-18,2026-06-18 12:10:00,902.24,902.4,902.24,902.4,0.02,185.36,166530.52,1
2026-06-18,2026-06-18 12:20:00,902.4,902.56,902.4,902.56,0.02,185.36,166530.52,1
2026-06-18,2026-06-18 12:30:00,902.56,902.73,902.56,902.73,0.02,185.36,166530.52,1
2026-06-18,2026-06-18 12:40:00,902.73,902.89,902.73,902.89,0.02,185.36,166530.52,1
2026-06-18,2026-06-18 12:50:00,902.89,903.05,902.89,903.05,0.02,185.36,166530.52,1
2026-06-18,2026-06-18 13:00:00,903.05,908.9,892.0,903.21,0.02,185.36,166530.52,1
2026-06-18,2026-06-18 13:10:00,903.21,903.38,903.21,903.38,0.02,185.36,166530.52,1
2026-06-18,2026-06-18 13:20:00,903.38,903.54,903.38,903.54,0.02,185.36,166530.52,1
2026-06-18,2026-06-18 13:30:00,903.54,903.7,903.54,903.7,0.02,185.36,166530.52,1
2026-06-18,2026-06-18 13:40:00,903.7,903.86,903.7,903.86,0.02,185.36,166530.52,1
2026-06-18,2026-06-18 13:50:00,903.86,904.02,903.86,904.02,0.02,185.36,166530.52,1
2026-06-18,2026-06-18 14:00:00,904.02,904.19,904.02,904.19,0.02,185.36,166530.52,1
2026-06-18,2026-06-18 14:10:00,904.19,904.35,904.19,904.35,0.02,185.36,166530.52,1
2026-06-18,2026-06-18 14:20:00,904.35,904.51,904.35,904.51,0.02,185.36,166530.52,1
2026-06-18,2026-06-18 14:30:00,904.51,904.67,904.51,904.67,0.02,185.36,166530.52,1
2026-06-18,2026-06-18 14:40:00,904.67,904.84,904.67,904.84,0.02,185.36,166530.52,1
2026-06-18,2026-06-18 14:50:00,904.84,905.0,904.84,905.0,0.02,185.36,166530.52,1
2026-06-18,2026-06-18 15:00:00,905.0,908.9,892.0,905.0,0.0,185.36,166530.52,0
2026-06-19,2026-06-19 11:00:00,894.7,900.79,894.7,895.34,0.07,265.28,240381.81,1
2026-06-19,2026-06-19 11:10:00,895.34,895.98,895.34,895.98,0.07,265.28,240381.81,1
2026-06-19,2026-06-19 11:20:00,895.98,896.61,895.98,896.61,0.07,265.28,240381.81,1
2026-06-19,2026-06-19 11:30:00,896.61,897.25,896.61,897.25,0.07,265.28,240381.81,1
2026-06-19,2026-06-19 11:40:00,897.25,897.89,897.25,897.89,0.07,265.28,240381.81,1
2026-06-19,2026-06-19 11:50:00,897.89,898.53,897.89,898.53,0.07,265.28,240381.81,1
2026-06-19,2026-06-19 12:00:00,898.53,899.16,898.53,899.16,0.07,265.28,240381.81,1
2026-06-19,2026-06-19 12:10:00,899.16,899.8,899.16,899.8,0.07,265.28,240381.81,1
2026-06-19,2026-06-19 12:20:00,899.8,900.44,899.8,900.44,0.07,265.28,240381.81,1
2026-06-19,2026-06-19 12:30:00,900.44,901.08,900.44,901.08,0.07,265.28,240381.81,1
2026-06-19,2026-06-19 12:40:00,901.08,901.71,901.08,901.71,0.07,265.28,240381.81,1
2026-06-19,2026-06-19 12:50:00,901.71,902.35,901.71,902.35,0.07,265.28,240381.81,1
2026-06-19,2026-06-19 13:00:00,902.35,915.0,894.7,902.99,0.07,265.28,240381.81,1
2026-06-19,2026-06-19 13:10:00,902.99,903.62,902.99,903.62,0.07,265.28,240381.81,1
2026-06-19,2026-06-19 13:20:00,903.62,904.26,903.62,904.26,0.07,265.28,240381.81,1
2026-06-19,2026-06-19 13:30:00,904.26,904.9,904.26,904.9,0.07,265.28,240381.81,1
2026-06-19,2026-06-19 13:40:00,904.9,905.54,904.9,905.54,0.07,265.28,240381.81,1
2026-06-19,2026-06-19 13:50:00,905.54,906.17,905.54,906.17,0.07,265.28,240381.81,1
2026-06-19,2026-06-19 14:00:00,906.17,906.81,906.17,906.81,0.07,265.28,240381.81,1
2026-06-19,2026-06-19 14:10:00,906.81,907.45,906.81,907.45,0.07,265.28,240381.81,1
2026-06-19,2026-06-19 14:20:00,907.45,908.09,907.45,908.09,0.07,265.28,240381.81,1
2026-06-19,2026-06-19 14:30:00,908.09,908.73,908.09,908.73,0.07,265.28,240381.81,1
2026-06-19,2026-06-19 14:40:00,908.73,909.36,908.73,909.36,0.07,265.28,240381.81,1
2026-06-19,2026-06-19 14:50:00,909.36,910.0,909.36,910.0,0.07,265.28,240381.81,1
2026-06-19,2026-06-19 15:00:00,910.0,915.0,894.7,910.0,0.0,265.28,240381.81,0
2026-06-22,2026-06-22 11:00:00,910.0,916.0,910.0,910.57,0.06,330.52,303529.29,1
2026-06-22,2026-06-22 11:10:00,910.57,911.13,910.57,911.13,0.06,330.52,303529.29,1
2026-06-22,2026-06-22 11:20:00,911.13,911.7,911.13,911.7,0.06,330.52,303529.29,1
2026-06-22,2026-06-22 11:30:00,911.7,912.27,911.7,912.27,0.06,330.52,303529.29,1
2026-06-22,2026-06-22 11:40:00,912.27,912.83,912.27,912.83,0.06,330.52,303529.29,1
2026-06-22,2026-06-22 11:50:00,912.83,913.4,912.83,913.4,0.06,330.52,303529.29,1
2026-06-22,2026-06-22 12:00:00,913.4,913.97,913.4,913.97,0.06,330.52,303529.29,1
2026-06-22,2026-06-22 12:10:00,913.97,914.53,913.97,914.53,0.06,330.52,303529.29,1
2026-06-22,2026-06-22 12:20:00,914.53,915.1,914.53,915.1,0.06,330.52,303529.29,1
2026-06-22,2026-06-22 12:30:00,915.1,915.67,915.1,915.67,0.06,330.52,303529.29,1
2026-06-22,2026-06-22 12:40:00,915.67,916.23,915.67,916.23,0.06,330.52,303529.29,1
2026-06-22,2026-06-22 12:50:00,916.23,916.8,916.23,916.8,0.06,330.52,303529.29,1
2026-06-22,2026-06-22 13:00:00,916.8,930.0,910.0,917.37,0.06,330.52,303529.29,1
2026-06-22,2026-06-22 13:10:00,917.37,917.93,917.37,917.93,0.06,330.52,303529.29,1
2026-06-22,2026-06-22 13:20:00,917.93,918.5,917.93,918.5,0.06,330.52,303529.29,1
2026-06-22,2026-06-22 13:30:00,918.5,919.07,918.5,919.07,0.06,330.52,303529.29,1
2026-06-22,2026-06-22 13:40:00,919.07,919.63,919.07,919.63,0.06,330.52,303529.29,1
2026-06-22,2026-06-22 13:50:00,919.63,920.2,919.63,920.2,0.06,330.52,303529.29,1
2026-06-22,2026-06-22 14:00:00,920.2,920.77,920.2,920.77,0.06,330.52,303529.29,1
2026-06-22,2026-06-22 14:10:00,920.77,921.33,920.77,921.33,0.06,330.52,303529.29,1
2026-06-22,2026-06-22 14:20:00,921.33,921.9,921.33,921.9,0.06,330.52,303529.29,1
2026-06-22,2026-06-22 14:30:00,921.9,922.47,921.9,922.47,0.06,330.52,303529.29,1
2026-06-22,2026-06-22 14:40:00,922.47,923.03,922.47,923.03,0.06,330.52,303529.29,1
2026-06-22,2026-06-22 14:50:00,923.03,923.6,923.03,923.6,0.06,330.52,303529.29,1
2026-06-22,2026-06-22 15:00:00,923.6,930.0,910.0,923.6,0.0,330.52,303529.29,0
2026-06-23,2026-06-23 11:00:00,900.1,901.57,896.77,899.68,-0.05,343.76,307914.03,-1
2026-06-23,2026-06-23 11:10:00,899.68,899.68,899.26,899.26,-0.05,343.76,307914.03,-1
2026-06-23,2026-06-23 11:20:00,899.26,899.26,898.84,898.84,-0.05,343.76,307914.03,-1
2026-06-23,2026-06-23 11:30:00,898.84,898.84,898.42,898.42,-0.05,343.76,307914.03,-1
2026-06-23,2026-06-23 11:40:00,898.42,898.42,898.0,898.0,-0.05,343.76,307914.03,-1
2026-06-23,2026-06-23 11:50:00,898.0,898.0,897.58,897.58,-0.05,343.76,307914.03,-1
2026-06-23,2026-06-23 12:00:00,897.58,897.58,897.15,897.15,-0.05,343.76,307914.03,-1
2026-06-23,2026-06-23 12:10:00,897.15,897.15,896.73,896.73,-0.05,343.76,307914.03,-1
2026-06-23,2026-06-23 12:20:00,896.73,896.73,896.31,896.31,-0.05,343.76,307914.03,-1
2026-06-23,2026-06-23 12:30:00,896.31,896.31,895.89,895.89,-0.05,343.76,307914.03,-1
2026-06-23,2026-06-23 12:40:00,895.89,895.89,895.47,895.47,-0.05,343.76,307914.03,-1
2026-06-23,2026-06-23 12:50:00,895.47,895.47,895.05,895.05,-0.05,343.76,307914.03,-1
2026-06-23,2026-06-23 13:00:00,895.05,905.0,889.0,894.63,-0.05,343.76,307914.03,-1
2026-06-23,2026-06-23 13:10:00,894.63,894.63,894.21,894.21,-0.05,343.76,307914.03,-1
2026-06-23,2026-06-23 13:20:00,894.21,894.21,893.79,893.79,-0.05,343.76,307914.03,-1
2026-06-23,2026-06-23 13:30:00,893.79,893.79,893.37,893.37,-0.05,343.76,307914.03,-1
2026-06-23,2026-06-23 13:40:00,893.37,893.37,892.95,892.95,-0.05,343.76,307914.03,-1
2026-06-23,2026-06-23 13:50:00,892.95,892.95,892.52,892.52,-0.05,343.76,307914.03,-1
2026-06-23,2026-06-23 14:00:00,892.52,892.52,892.1,892.1,-0.05,343.76,307914.03,-1
2026-06-23,2026-06-23 14:10:00,892.1,892.1,891.68,891.68,-0.05,343.76,307914.03,-1
2026-06-23,2026-06-23 14:20:00,891.68,891.68,891.26,891.26,-0.05,343.76,307914.03,-1
2026-06-23,2026-06-23 14:30:00,891.26,891.26,890.84,890.84,-0.05,343.76,307914.03,-1
2026-06-23,2026-06-23 14:40:00,890.84,890.84,890.42,890.42,-0.05,343.76,307914.03,-1
2026-06-23,2026-06-23 14:50:00,890.42,890.42,890.0,890.0,-0.05,343.76,307914.03,-1
2026-06-23,2026-06-23 15:00:00,890.0,905.0,889.0,890.0,0.0,343.76,307914.03,0
2026-06-24,2026-06-24 11:00:00,880.0,885.4,873.1,880.29,0.03,413.84,360977.26,1
2026-06-24,2026-06-24 11:10:00,880.29,880.58,880.29,880.58,0.03,413.84,360977.26,1
2026-06-24,2026-06-24 11:20:00,880.58,880.88,880.58,880.88,0.03,413.84,360977.26,1
2026-06-24,2026-06-24 11:30:00,880.88,881.17,880.88,881.17,0.03,413.84,360977.26,1
2026-06-24,2026-06-24 11:40:00,881.17,881.46,881.17,881.46,0.03,413.84,360977.26,1
2026-06-24,2026-06-24 11:50:00,881.46,881.75,881.46,881.75,0.03,413.84,360977.26,1
2026-06-24,2026-06-24 12:00:00,881.75,882.04,881.75,882.04,0.03,413.84,360977.26,1
2026-06-24,2026-06-24 12:10:00,882.04,882.33,882.04,882.33,0.03,413.84,360977.26,1
2026-06-24,2026-06-24 12:20:00,882.33,882.62,882.33,882.62,0.03,413.84,360977.26,1
2026-06-24,2026-06-24 12:30:00,882.62,882.92,882.62,882.92,0.03,413.84,360977.26,1
2026-06-24,2026-06-24 12:40:00,882.92,883.21,882.92,883.21,0.03,413.84,360977.26,1
2026-06-24,2026-06-24 12:50:00,883.21,883.5,883.21,883.5,0.03,413.84,360977.26,1
2026-06-24,2026-06-24 13:00:00,883.5,898.0,857.0,883.79,0.03,413.84,360977.26,1
2026-06-24,2026-06-24 13:10:00,883.79,884.08,883.79,884.08,0.03,413.84,360977.26,1
2026-06-24,2026-06-24 13:20:00,884.08,884.38,884.08,884.38,0.03,413.84,360977.26,1
2026-06-24,2026-06-24 13:30:00,884.38,884.67,884.38,884.67,0.03,413.84,360977.26,1
2026-06-24,2026-06-24 13:40:00,884.67,884.96,884.67,884.96,0.03,413.84,360977.26,1
2026-06-24,2026-06-24 13:50:00,884.96,885.25,884.96,885.25,0.03,413.84,360977.26,1
2026-06-24,2026-06-24 14:00:00,885.25,885.54,885.25,885.54,0.03,413.84,360977.26,1
2026-06-24,2026-06-24 14:10:00,885.54,885.83,885.54,885.83,0.03,413.84,360977.26,1
2026-06-24,2026-06-24 14:20:00,885.83,886.12,885.83,886.12,0.03,413.84,360977.26,1
2026-06-24,2026-06-24 14:30:00,886.12,886.42,886.12,886.42,0.03,413.84,360977.26,1
2026-06-24,2026-06-24 14:40:00,886.42,886.71,886.42,886.71,0.03,413.84,360977.26,1
2026-06-24,2026-06-24 14:50:00,886.71,887.0,886.71,887.0,0.03,413.84,360977.26,1
2026-06-24,2026-06-24 15:00:00,887.0,898.0,857.0,887.0,0.0,413.84,360977.26,0
2026-06-25,2026-06-25 11:00:00,887.0,887.0,879.2,886.3,-0.08,215.48,187774.42,-1
2026-06-25,2026-06-25 11:10:00,886.3,886.3,885.59,885.59,-0.08,215.48,187774.42,-1
2026-06-25,2026-06-25 11:20:00,885.59,885.59,884.89,884.89,-0.08,215.48,187774.42,-1
2026-06-25,2026-06-25 11:30:00,884.89,884.89,884.18,884.18,-0.08,215.48,187774.42,-1
2026-06-25,2026-06-25 11:40:00,884.18,884.18,883.48,883.48,-0.08,215.48,187774.42,-1
2026-06-25,2026-06-25 11:50:00,883.48,883.48,882.77,882.77,-0.08,215.48,187774.42,-1
2026-06-25,2026-06-25 12:00:00,882.77,882.77,882.07,882.07,-0.08,215.48,187774.42,-1
2026-06-25,2026-06-25 12:10:00,882.07,882.07,881.37,881.37,-0.08,215.48,187774.42,-1
2026-06-25,2026-06-25 12:20:00,881.37,881.37,880.66,880.66,-0.08,215.48,187774.42,-1
2026-06-25,2026-06-25 12:30:00,880.66,880.66,879.96,879.96,-0.08,215.48,187774.42,-1
2026-06-25,2026-06-25 12:40:00,879.96,879.96,879.25,879.25,-0.08,215.48,187774.42,-1
2026-06-25,2026-06-25 12:50:00,879.25,879.25,878.55,878.55,-0.08,215.48,187774.42,-1
2026-06-25,2026-06-25 13:00:00,878.55,887.0,861.0,877.85,-0.08,215.48,187774.42,-1
2026-06-25,2026-06-25 13:10:00,877.85,877.85,877.14,877.14,-0.08,215.48,187774.42,-1
2026-06-25,2026-06-25 13:20:00,877.14,877.14,876.44,876.44,-0.08,215.48,187774.42,-1
2026-06-25,2026-06-25 13:30:00,876.44,876.44,875.73,875.73,-0.08,215.48,187774.42,-1
2026-06-25,2026-06-25 13:40:00,875.73,875.73,875.03,875.03,-0.08,215.48,187774.42,-1
2026-06-25,2026-06-25 13:50:00,875.03,875.03,874.33,874.33,-0.08,215.48,187774.42,-1
2026-06-25,2026-06-25 14:00:00,874.33,874.33,873.62,873.62,-0.08,215.48,187774.42,-1
2026-06-25,2026-06-25 14:10:00,873.62,873.62,872.92,872.92,-0.08,215.48,187774.42,-1
2026-06-25,2026-06-25 14:20:00,872.92,872.92,872.21,872.21,-0.08,215.48,187774.42,-1
2026-06-25,2026-06-25 14:30:00,872.21,872.21,871.51,871.51,-0.08,215.48,187774.42,-1
2026-06-25,2026-06-25 14:40:00,871.51,871.51,870.8,870.8,-0.08,215.48,187774.42,-1
2026-06-25,2026-06-25 14:50:00,870.8,870.8,870.1,870.1,-0.08,215.48,187774.42,-1
2026-06-25,2026-06-25 15:00:00,870.1,887.0,861.0,870.1,0.0,215.48,187774.42,0
2026-06-26,2026-06-26 11:00:00,862.0,865.75,859.45,862.33,0.04,146.52,126491.54,1
2026-06-26,2026-06-26 11:10:00,862.33,862.67,862.33,862.67,0.04,146.52,126491.54,1
2026-06-26,2026-06-26 11:20:00,862.67,863.0,862.67,863.0,0.04,146.52,126491.54,1
2026-06-26,2026-06-26 11:30:00,863.0,863.33,863.0,863.33,0.04,146.52,126491.54,1
2026-06-26,2026-06-26 11:40:00,863.33,863.67,863.33,863.67,0.04,146.52,126491.54,1
2026-06-26,2026-06-26 11:50:00,863.67,864.0,863.67,864.0,0.04,146.52,126491.54,1
2026-06-26,2026-06-26 12:00:00,864.0,864.33,864.0,864.33,0.04,146.52,126491.54,1
2026-06-26,2026-06-26 12:10:00,864.33,864.67,864.33,864.67,0.04,146.52,126491.54,1
2026-06-26,2026-06-26 12:20:00,864.67,865.0,864.67,865.0,0.04,146.52,126491.54,1
2026-06-26,2026-06-26 12:30:00,865.0,865.33,865.0,865.33,0.04,146.52,126491.54,1
2026-06-26,2026-06-26 12:40:00,865.33,865.67,865.33,865.67,0.04,146.52,126491.54,1
2026-06-26,2026-06-26 12:50:00,865.67,866.0,865.67,866.0,0.04,146.52,126491.54,1
2026-06-26,2026-06-26 13:00:00,866.0,874.5,853.5,866.33,0.04,146.52,126491.54,1
2026-06-26,2026-06-26 13:10:00,866.33,866.67,866.33,866.67,0.04,146.52,126491.54,1
2026-06-26,2026-06-26 13:20:00,866.67,867.0,866.67,867.0,0.04,146.52,126491.54,1
2026-06-26,2026-06-26 13:30:00,867.0,867.33,867.0,867.33,0.04,146.52,126491.54,1
2026-06-26,2026-06-26 13:40:00,867.33,867.67,867.33,867.67,0.04,146.52,126491.54,1
2026-06-26,2026-06-26 13:50:00,867.67,868.0,867.67,868.0,0.04,146.52,126491.54,1
2026-06-26,2026-06-26 14:00:00,868.0,868.33,868.0,868.33,0.04,146.52,126491.54,1
2026-06-26,2026-06-26 14:10:00,868.33,868.67,868.33,868.67,0.04,146.52,126491.54,1
2026-06-26,2026-06-26 14:20:00,868.67,869.0,868.67,869.0,0.04,146.52,126491.54,1
2026-06-26,2026-06-26 14:30:00,869.0,869.33,869.0,869.33,0.04,146.52,126491.54,1
2026-06-26,2026-06-26 14:40:00,869.33,869.67,869.33,869.67,0.04,146.52,126491.54,1
2026-06-26,2026-06-26 14:50:00,869.67,870.0,869.67,870.0,0.04,146.52,126491.54,1
2026-06-26,2026-06-26 15:00:00,870.0,874.5,853.5,870.0,0.0,146.52,126491.54,0
2026-06-29,2026-06-29 11:00:00,870.0,870.0,861.0,869.88,-0.01,223.48,190049.28,-1
2026-06-29,2026-06-29 11:10:00,869.88,869.88,869.75,869.75,-0.01,223.48,190049.28,-1
2026-06-29,2026-06-29 11:20:00,869.75,869.75,869.62,869.62,-0.01,223.48,190049.28,-1
2026-06-29,2026-06-29 11:30:00,869.62,869.62,869.5,869.5,-0.01,223.48,190049.28,-1
2026-06-29,2026-06-29 11:40:00,869.5,869.5,869.38,869.38,-0.01,223.48,190049.28,-1
2026-06-29,2026-06-29 11:50:00,869.38,869.38,869.25,869.25,-0.01,223.48,190049.28,-1
2026-06-29,2026-06-29 12:00:00,869.25,869.25,869.12,869.12,-0.01,223.48,190049.28,-1
2026-06-29,2026-06-29 12:10:00,869.12,869.12,869.0,869.0,-0.01,223.48,190049.28,-1
2026-06-29,2026-06-29 12:20:00,869.0,869.0,868.88,868.88,-0.01,223.48,190049.28,-1
2026-06-29,2026-06-29 12:30:00,868.88,868.88,868.75,868.75,-0.01,223.48,190049.28,-1
2026-06-29,2026-06-29 12:40:00,868.75,868.75,868.62,868.62,-0.01,223.48,190049.28,-1
2026-06-29,2026-06-29 12:50:00,868.62,868.62,868.5,868.5,-0.01,223.48,190049.28,-1
2026-06-29,2026-06-29 13:00:00,868.5,870.0,840.0,868.38,-0.01,223.48,190049.28,-1
2026-06-29,2026-06-29 13:10:00,868.38,868.38,868.25,868.25,-0.01,223.48,190049.28,-1
2026-06-29,2026-06-29 13:20:00,868.25,868.25,868.12,868.12,-0.01,223.48,190049.28,-1
2026-06-29,2026-06-29 13:30:00,868.12,868.12,868.0,868.0,-0.01,223.48,190049.28,-1
2026-06-29,2026-06-29 13:40:00,868.0,868.0,867.88,867.88,-0.01,223.48,190049.28,-1
2026-06-29,2026-06-29 13:50:00,867.88,867.88,867.75,867.75,-0.01,223.48,190049.28,-1
2026-06-29,2026-06-29 14:00:00,867.75,867.75,867.62,867.62,-0.01,223.48,190049.28,-1
2026-06-29,2026-06-29 14:10:00,867.62,867.62,867.5,867.5,-0.01,223.48,190049.28,-1
2026-06-29,2026-06-29 14:20:00,867.5,867.5,867.38,867.38,-0.01,223.48,190049.28,-1
2026-06-29,2026-06-29 14:30:00,867.38,867.38,867.25,867.25,-0.01,223.48,190049.28,-1
2026-06-29,2026-06-29 14:40:00,867.25,867.25,867.12,867.12,-0.01,223.48,190049.28,-1
2026-06-29,2026-06-29 14:50:00,867.12,867.12,867.0,867.0,-0.01,223.48,190049.28,-1
2026-06-29,2026-06-29 15:00:00,867.0,870.0,840.0,867.0,0.0,223.48,190049.28,0
2026-06-30,2026-06-30 11:00:00,842.1,846.87,841.77,842.47,0.04,444.28,377665.72,1
2026-06-30,2026-06-30 11:10:00,842.47,842.84,842.47,842.84,0.04,444.28,377665.72,1
2026-06-30,2026-06-30 11:20:00,842.84,843.21,842.84,843.21,0.04,444.28,377665.72,1
2026-06-30,2026-06-30 11:30:00,843.21,843.58,843.21,843.58,0.04,444.28,377665.72,1
2026-06-30,2026-06-30 11:40:00,843.58,843.95,843.58,843.95,0.04,444.28,377665.72,1
2026-06-30,2026-06-30 11:50:00,843.95,844.33,843.95,844.33,0.05,444.28,377665.72,1
2026-06-30,2026-06-30 12:00:00,844.33,844.7,844.33,844.7,0.04,444.28,377665.72,1
2026-06-30,2026-06-30 12:10:00,844.7,845.07,844.7,845.07,0.04,444.28,377665.72,1
2026-06-30,2026-06-30 12:20:00,845.07,845.44,845.07,845.44,0.04,444.28,377665.72,1
2026-06-30,2026-06-30 12:30:00,845.44,845.81,845.44,845.81,0.04,444.28,377665.72,1
2026-06-30,2026-06-30 12:40:00,845.81,846.18,845.81,846.18,0.04,444.28,377665.72,1
2026-06-30,2026-06-30 12:50:00,846.18,846.55,846.18,846.55,0.04,444.28,377665.72,1
2026-06-30,2026-06-30 13:00:00,846.55,858.0,841.0,846.92,0.04,444.28,377665.72,1
2026-06-30,2026-06-30 13:10:00,846.92,847.29,846.92,847.29,0.04,444.28,377665.72,1
2026-06-30,2026-06-30 13:20:00,847.29,847.66,847.29,847.66,0.04,444.28,377665.72,1
2026-06-30,2026-06-30 13:30:00,847.66,848.03,847.66,848.03,0.04,444.28,377665.72,1
2026-06-30,2026-06-30 13:40:00,848.03,848.4,848.03,848.4,0.04,444.28,377665.72,1
2026-06-30,2026-06-30 13:50:00,848.4,848.77,848.4,848.77,0.04,444.28,377665.72,1
2026-06-30,2026-06-30 14:00:00,848.77,849.15,848.77,849.15,0.04,444.28,377665.72,1
2026-06-30,2026-06-30 14:10:00,849.15,849.52,849.15,849.52,0.04,444.28,377665.72,1
2026-06-30,2026-06-30 14:20:00,849.52,849.89,849.52,849.89,0.04,444.28,377665.72,1
2026-06-30,2026-06-30 14:30:00,849.89,850.26,849.89,850.26,0.04,444.28,377665.72,1
2026-06-30,2026-06-30 14:40:00,850.26,850.63,850.26,850.63,0.04,444.28,377665.72,1
2026-06-30,2026-06-30 14:50:00,850.63,851.0,850.63,851.0,0.04,444.28,377665.72,1
2026-06-30,2026-06-30 15:00:00,851.0,858.0,841.0,851.0,0.0,444.28,377665.72,0
2026-07-01,2026-07-01 11:00:00,830.0,845.0,830.0,831.25,0.15,165.64,142408.08,1
2026-07-01,2026-07-01 11:10:00,831.25,832.51,831.25,832.51,0.15,165.64,142408.08,1
2026-07-01,2026-07-01 11:20:00,832.51,833.76,832.51,833.76,0.15,165.64,142408.08,1
2026-07-01,2026-07-01 11:30:00,833.76,835.02,833.76,835.02,0.15,165.64,142408.08,1
2026-07-01,2026-07-01 11:40:00,835.02,836.27,835.02,836.27,0.15,165.64,142408.08,1
2026-07-01,2026-07-01 11:50:00,836.27,837.52,836.27,837.52,0.15,165.64,142408.08,1
2026-07-01,2026-07-01 12:00:00,837.52,838.78,837.52,838.78,0.15,165.64,142408.08,1
2026-07-01,2026-07-01 12:10:00,838.78,840.03,838.78,840.03,0.15,165.64,142408.08,1
2026-07-01,2026-07-01 12:20:00,840.03,841.29,840.03,841.29,0.15,165.64,142408.08,1
2026-07-01,2026-07-01 12:30:00,841.29,842.54,841.29,842.54,0.15,165.64,142408.08,1
2026-07-01,2026-07-01 12:40:00,842.54,843.8,842.54,843.8,0.15,165.64,142408.08,1
2026-07-01,2026-07-01 12:50:00,843.8,845.05,843.8,845.05,0.15,165.64,142408.08,1
2026-07-01,2026-07-01 13:00:00,845.05,880.0,830.0,846.3,0.15,165.64,142408.08,1
2026-07-01,2026-07-01 13:10:00,846.3,847.56,846.3,847.56,0.15,165.64,142408.08,1
2026-07-01,2026-07-01 13:20:00,847.56,848.81,847.56,848.81,0.15,165.64,142408.08,1
2026-07-01,2026-07-01 13:30:00,848.81,850.07,848.81,850.07,0.15,165.64,142408.08,1
2026-07-01,2026-07-01 13:40:00,850.07,851.32,850.07,851.32,0.15,165.64,142408.08,1
2026-07-01,2026-07-01 13:50:00,851.32,852.58,851.32,852.58,0.15,165.64,142408.08,1
2026-07-01,2026-07-01 14:00:00,852.58,853.83,852.58,853.83,0.15,165.64,142408.08,1
2026-07-01,2026-07-01 14:10:00,853.83,855.08,853.83,855.08,0.15,165.64,142408.08,1
2026-07-01,2026-07-01 14:20:00,855.08,856.34,855.08,856.34,0.15,165.64,142408.08,1
2026-07-01,2026-07-01 14:30:00,856.34,857.59,856.34,857.59,0.15,165.64,142408.08,1
2026-07-01,2026-07-01 14:40:00,857.59,858.85,857.59,858.85,0.15,165.64,142408.08,1
2026-07-01,2026-07-01 14:50:00,858.85,860.1,858.85,860.1,0.15,165.64,142408.08,1
2026-07-01,2026-07-01 15:00:00,860.1,880.0,830.0,860.1,0.0,165.64,142408.08,0
2026-07-02,2026-07-02 11:00:00,848.0,852.95,847.1,848.42,0.05,169.12,143875.97,1
2026-07-02,2026-07-02 11:10:00,848.42,848.83,848.42,848.83,0.05,169.12,143875.97,1
2026-07-02,2026-07-02 11:20:00,848.83,849.25,848.83,849.25,0.05,169.12,143875.97,1
2026-07-02,2026-07-02 11:30:00,849.25,849.67,849.25,849.67,0.05,169.12,143875.97,1
2026-07-02,2026-07-02 11:40:00,849.67,850.08,849.67,850.08,0.05,169.12,143875.97,1
2026-07-02,2026-07-02 11:50:00,850.08,850.5,850.08,850.5,0.05,169.12,143875.97,1
2026-07-02,2026-07-02 12:00:00,850.5,850.92,850.5,850.92,0.05,169.12,143875.97,1
2026-07-02,2026-07-02 12:10:00,850.92,851.33,850.92,851.33,0.05,169.12,143875.97,1
2026-07-02,2026-07-02 12:20:00,851.33,851.75,851.33,851.75,0.05,169.12,143875.97,1
2026-07-02,2026-07-02 12:30:00,851.75,852.17,851.75,852.17,0.05,169.12,143875.97,1
2026-07-02,2026-07-02 12:40:00,852.17,852.58,852.17,852.58,0.05,169.12,143875.97,1
2026-07-02,2026-07-02 12:50:00,852.58,853.0,852.58,853.0,0.05,169.12,143875.97,1
2026-07-02,2026-07-02 13:00:00,853.0,864.5,845.0,853.42,0.05,169.12,143875.97,1
2026-07-02,2026-07-02 13:10:00,853.42,853.83,853.42,853.83,0.05,169.12,143875.97,1
2026-07-02,2026-07-02 13:20:00,853.83,854.25,853.83,854.25,0.05,169.12,143875.97,1
2026-07-02,2026-07-02 13:30:00,854.25,854.67,854.25,854.67,0.05,169.12,143875.97,1
2026-07-02,2026-07-02 13:40:00,854.67,855.08,854.67,855.08,0.05,169.12,143875.97,1
2026-07-02,2026-07-02 13:50:00,855.08,855.5,855.08,855.5,0.05,169.12,143875.97,1
2026-07-02,2026-07-02 14:00:00,855.5,855.92,855.5,855.92,0.05,169.12,143875.97,1
2026-07-02,2026-07-02 14:10:00,855.92,856.33,855.92,856.33,0.05,169.12,143875.97,1
2026-07-02,2026-07-02 14:20:00,856.33,856.75,856.33,856.75,0.05,169.12,143875.97,1
2026-07-02,2026-07-02 14:30:00,856.75,857.17,856.75,857.17,0.05,169.12,143875.97,1
2026-07-02,2026-07-02 14:40:00,857.17,857.58,857.17,857.58,0.05,169.12,143875.97,1
2026-07-02,2026-07-02 14:50:00,857.58,858.0,857.58,858.0,0.05,169.12,143875.97,1
2026-07-02,2026-07-02 15:00:00,858.0,864.5,845.0,858.0,0.0,169.12,143875.97,0
2026-07-03,2026-07-03 11:00:00,850.0,855.73,846.7,850.42,0.05,287.32,247901.24,1
2026-07-03,2026-07-03 11:10:00,850.42,850.83,850.42,850.83,0.05,287.32,247901.24,1
2026-07-03,2026-07-03 11:20:00,850.83,851.25,850.83,851.25,0.05,287.32,247901.24,1
2026-07-03,2026-07-03 11:30:00,851.25,851.67,851.25,851.67,0.05,287.32,247901.24,1
2026-07-03,2026-07-03 11:40:00,851.67,852.08,851.67,852.08,0.05,287.32,247901.24,1
2026-07-03,2026-07-03 11:50:00,852.08,852.5,852.08,852.5,0.05,287.32,247901.24,1
2026-07-03,2026-07-03 12:00:00,852.5,852.92,852.5,852.92,0.05,287.32,247901.24,1
2026-07-03,2026-07-03 12:10:00,852.92,853.33,852.92,853.33,0.05,287.32,247901.24,1
2026-07-03,2026-07-03 12:20:00,853.33,853.75,853.33,853.75,0.05,287.32,247901.24,1
2026-07-03,2026-07-03 12:30:00,853.75,854.17,853.75,854.17,0.05,287.32,247901.24,1
2026-07-03,2026-07-03 12:40:00,854.17,854.58,854.17,854.58,0.05,287.32,247901.24,1
2026-07-03,2026-07-03 12:50:00,854.58,855.0,854.58,855.0,0.05,287.32,247901.24,1
2026-07-03,2026-07-03 13:00:00,855.0,869.1,839.0,855.42,0.05,287.32,247901.24,1
2026-07-03,2026-07-03 13:10:00,855.42,855.83,855.42,855.83,0.05,287.32,247901.24,1
2026-07-03,2026-07-03 13:20:00,855.83,856.25,855.83,856.25,0.05,287.32,247901.24,1
2026-07-03,2026-07-03 13:30:00,856.25,856.67,856.25,856.67,0.05,287.32,247901.24,1
2026-07-03,2026-07-03 13:40:00,856.67,857.08,856.67,857.08,0.05,287.32,247901.24,1
2026-07-03,2026-07-03 13:50:00,857.08,857.5,857.08,857.5,0.05,287.32,247901.24,1
2026-07-03,2026-07-03 14:00:00,857.5,857.92,857.5,857.92,0.05,287.32,247901.24,1
2026-07-03,2026-07-03 14:10:00,857.92,858.33,857.92,858.33,0.05,287.32,247901.24,1
2026-07-03,2026-07-03 14:20:00,858.33,858.75,858.33,858.75,0.05,287.32,247901.24,1
2026-07-03,2026-07-03 14:30:00,858.75,859.17,858.75,859.17,0.05,287.32,247901.24,1
2026-07-03,2026-07-03 14:40:00,859.17,859.58,859.17,859.58,0.05,287.32,247901.24,1
2026-07-03,2026-07-03 14:50:00,859.58,860.0,859.58,860.0,0.05,287.32,247901.24,1
2026-07-03,2026-07-03 15:00:00,860.0,869.1,839.0,860.0,0.0,287.32,247901.24,0
2026-07-06,2026-07-06 11:00:00,850.0,860.74,845.53,849.79,-0.02,193.64,164874.02,-1
2026-07-06,2026-07-06 11:10:00,849.79,849.79,849.58,849.58,-0.02,193.64,164874.02,-1
2026-07-06,2026-07-06 11:20:00,849.58,849.58,849.38,849.38,-0.02,193.64,164874.02,-1
2026-07-06,2026-07-06 11:30:00,849.38,849.38,849.17,849.17,-0.02,193.64,164874.02,-1
2026-07-06,2026-07-06 11:40:00,849.17,849.17,848.96,848.96,-0.02,193.64,164874.02,-1
2026-07-06,2026-07-06 11:50:00,848.96,848.96,848.75,848.75,-0.02,193.64,164874.02,-1
2026-07-06,2026-07-06 12:00:00,848.75,848.75,848.54,848.54,-0.02,193.64,164874.02,-1
2026-07-06,2026-07-06 12:10:00,848.54,848.54,848.33,848.33,-0.02,193.64,164874.02,-1
2026-07-06,2026-07-06 12:20:00,848.33,848.33,848.12,848.12,-0.02,193.64,164874.02,-1
2026-07-06,2026-07-06 12:30:00,848.12,848.12,847.92,847.92,-0.02,193.64,164874.02,-1
2026-07-06,2026-07-06 12:40:00,847.92,847.92,847.71,847.71,-0.02,193.64,164874.02,-1
2026-07-06,2026-07-06 12:50:00,847.71,847.71,847.5,847.5,-0.02,193.64,164874.02,-1
2026-07-06,2026-07-06 13:00:00,847.5,885.8,835.1,847.29,-0.02,193.64,164874.02,-1
2026-07-06,2026-07-06 13:10:00,847.29,847.29,847.08,847.08,-0.02,193.64,164874.02,-1
2026-07-06,2026-07-06 13:20:00,847.08,847.08,846.88,846.88,-0.02,193.64,164874.02,-1
2026-07-06,2026-07-06 13:30:00,846.88,846.88,846.67,846.67,-0.02,193.64,164874.02,-1
2026-07-06,2026-07-06 13:40:00,846.67,846.67,846.46,846.46,-0.02,193.64,164874.02,-1
2026-07-06,2026-07-06 13:50:00,846.46,846.46,846.25,846.25,-0.02,193.64,164874.02,-1
2026-07-06,2026-07-06 14:00:00,846.25,846.25,846.04,846.04,-0.02,193.64,164874.02,-1
2026-07-06,2026-07-06 14:10:00,846.04,846.04,845.83,845.83,-0.02,193.64,164874.02,-1
2026-07-06,2026-07-06 14:20:00,845.83,845.83,845.62,845.62,-0.02,193.64,164874.02,-1
2026-07-06,2026-07-06 14:30:00,845.62,845.62,845.42,845.42,-0.02,193.64,164874.02,-1
2026-07-06,2026-07-06 14:40:00,845.42,845.42,845.21,845.21,-0.02,193.64,164874.02,-1
2026-07-06,2026-07-06 14:50:00,845.21,845.21,845.0,845.0,-0.02,193.64,164874.02,-1
2026-07-06,2026-07-06 15:00:00,845.0,885.8,835.1,845.0,0.0,193.64,164874.02,0
2026-07-07,2026-07-07 11:00:00,830.0,836.0,830.0,830.42,0.05,143.28,120151.96,1
2026-07-07,2026-07-07 11:10:00,830.42,830.83,830.42,830.83,0.05,143.28,120151.96,1
2026-07-07,2026-07-07 11:20:00,830.83,831.25,830.83,831.25,0.05,143.28,120151.96,1
2026-07-07,2026-07-07 11:30:00,831.25,831.67,831.25,831.67,0.05,143.28,120151.96,1
2026-07-07,2026-07-07 11:40:00,831.67,832.08,831.67,832.08,0.05,143.28,120151.96,1
2026-07-07,2026-07-07 11:50:00,832.08,832.5,832.08,832.5,0.05,143.28,120151.96,1
2026-07-07,2026-07-07 12:00:00,832.5,832.92,832.5,832.92,0.05,143.28,120151.96,1
2026-07-07,2026-07-07 12:10:00,832.92,833.33,832.92,833.33,0.05,143.28,120151.96,1
2026-07-07,2026-07-07 12:20:00,833.33,833.75,833.33,833.75,0.05,143.28,120151.96,1
2026-07-07,2026-07-07 12:30:00,833.75,834.17,833.75,834.17,0.05,143.28,120151.96,1
2026-07-07,2026-07-07 12:40:00,834.17,834.58,834.17,834.58,0.05,143.28,120151.96,1
2026-07-07,2026-07-07 12:50:00,834.58,835.0,834.58,835.0,0.05,143.28,120151.96,1
2026-07-07,2026-07-07 13:00:00,835.0,850.0,830.0,835.42,0.05,143.28,120151.96,1
2026-07-07,2026-07-07 13:10:00,835.42,835.83,835.42,835.83,0.05,143.28,120151.96,1
2026-07-07,2026-07-07 13:20:00,835.83,836.25,835.83,836.25,0.05,143.28,120151.96,1
2026-07-07,2026-07-07 13:30:00,836.25,836.67,836.25,836.67,0.05,143.28,120151.96,1
2026-07-07,2026-07-07 13:40:00,836.67,837.08,836.67,837.08,0.05,143.28,120151.96,1
2026-07-07,2026-07-07 13:50:00,837.08,837.5,837.08,837.5,0.05,143.28,120151.96,1
2026-07-07,2026-07-07 14:00:00,837.5,837.92,837.5,837.92,0.05,143.28,120151.96,1
2026-07-07,2026-07-07 14:10:00,837.92,838.33,837.92,838.33,0.05,143.28,120151.96,1
2026-07-07,2026-07-07 14:20:00,838.33,838.75,838.33,838.75,0.05,143.28,120151.96,1
2026-07-07,2026-07-07 14:30:00,838.75,839.17,838.75,839.17,0.05,143.28,120151.96,1
2026-07-07,2026-07-07 14:40:00,839.17,839.58,839.17,839.58,0.05,143.28,120151.96,1
2026-07-07,2026-07-07 14:50:00,839.58,840.0,839.58,840.0,0.05,143.28,120151.96,1
2026-07-07,2026-07-07 15:00:00,840.0,850.0,830.0,840.0,0.0,143.28,120151.96,0
2026-07-08,2026-07-08 11:00:00,860.0,860.0,842.3,857.88,-0.25,289.52,236622.61,-1
2026-07-08,2026-07-08 11:10:00,857.88,857.88,855.75,855.75,-0.25,289.52,236622.61,-1
2026-07-08,2026-07-08 11:20:00,855.75,855.75,853.62,853.62,-0.25,289.52,236622.61,-1
2026-07-08,2026-07-08 11:30:00,853.62,853.62,851.5,851.5,-0.25,289.52,236622.61,-1
2026-07-08,2026-07-08 11:40:00,851.5,851.5,849.38,849.38,-0.25,289.52,236622.61,-1
2026-07-08,2026-07-08 11:50:00,849.38,849.38,847.25,847.25,-0.25,289.52,236622.61,-1
2026-07-08,2026-07-08 12:00:00,847.25,847.25,845.12,845.12,-0.25,289.52,236622.61,-1
2026-07-08,2026-07-08 12:10:00,845.12,845.12,843.0,843.0,-0.25,289.52,236622.61,-1
2026-07-08,2026-07-08 12:20:00,843.0,843.0,840.88,840.88,-0.25,289.52,236622.61,-1
2026-07-08,2026-07-08 12:30:00,840.88,840.88,838.75,838.75,-0.25,289.52,236622.61,-1
2026-07-08,2026-07-08 12:40:00,838.75,838.75,836.62,836.62,-0.25,289.52,236622.61,-1
2026-07-08,2026-07-08 12:50:00,836.62,836.62,834.5,834.5,-0.25,289.52,236622.61,-1
2026-07-08,2026-07-08 13:00:00,834.5,860.0,801.0,832.38,-0.25,289.52,236622.61,-1
2026-07-08,2026-07-08 13:10:00,832.38,832.38,830.25,830.25,-0.26,289.52,236622.61,-1
2026-07-08,2026-07-08 13:20:00,830.25,830.25,828.12,828.12,-0.26,289.52,236622.61,-1
2026-07-08,2026-07-08 13:30:00,828.12,828.12,826.0,826.0,-0.26,289.52,236622.61,-1
2026-07-08,2026-07-08 13:40:00,826.0,826.0,823.88,823.88,-0.26,289.52,236622.61,-1
2026-07-08,2026-07-08 13:50:00,823.88,823.88,821.75,821.75,-0.26,289.52,236622.61,-1
2026-07-08,2026-07-08 14:00:00,821.75,821.75,819.62,819.62,-0.26,289.52,236622.61,-1
2026-07-08,2026-07-08 14:10:00,819.62,819.62,817.5,817.5,-0.26,289.52,236622.61,-1
2026-07-08,2026-07-08 14:20:00,817.5,817.5,815.38,815.38,-0.26,289.52,236622.61,-1
2026-07-08,2026-07-08 14:30:00,815.38,815.38,813.25,813.25,-0.26,289.52,236622.61,-1
2026-07-08,2026-07-08 14:40:00,813.25,813.25,811.12,811.12,-0.26,289.52,236622.61,-1
2026-07-08,2026-07-08 14:50:00,811.12,811.12,809.0,809.0,-0.26,289.52,236622.61,-1
2026-07-08,2026-07-08 15:00:00,809.0,860.0,801.0,809.0,0.0,289.52,236622.61,0
2026-07-09,2026-07-09 11:00:00,800.0,806.9,790.4,798.67,-0.17,218.12,171090.61,-1
2026-07-09,2026-07-09 11:10:00,798.67,798.67,797.33,797.33,-0.17,218.12,171090.61,-1
2026-07-09,2026-07-09 11:20:00,797.33,797.33,796.0,796.0,-0.17,218.12,171090.61,-1
2026-07-09,2026-07-09 11:30:00,796.0,796.0,794.67,794.67,-0.17,218.12,171090.61,-1
2026-07-09,2026-07-09 11:40:00,794.67,794.67,793.33,793.33,-0.17,218.12,171090.61,-1
2026-07-09,2026-07-09 11:50:00,793.33,793.33,792.0,792.0,-0.17,218.12,171090.61,-1
2026-07-09,2026-07-09 12:00:00,792.0,792.0,790.67,790.67,-0.17,218.12,171090.61,-1
2026-07-09,2026-07-09 12:10:00,790.67,790.67,789.33,789.33,-0.17,218.12,171090.61,-1
2026-07-09,2026-07-09 12:20:00,789.33,789.33,788.0,788.0,-0.17,218.12,171090.61,-1
2026-07-09,2026-07-09 12:30:00,788.0,788.0,786.67,786.67,-0.17,218.12,171090.61,-1
2026-07-09,2026-07-09 12:40:00,786.67,786.67,785.33,785.33,-0.17,218.12,171090.61,-1
2026-07-09,2026-07-09 12:50:00,785.33,785.33,784.0,784.0,-0.17,218.12,171090.61,-1
2026-07-09,2026-07-09 13:00:00,784.0,823.0,768.0,782.67,-0.17,218.12,171090.61,-1
2026-07-09,2026-07-09 13:10:00,782.67,782.67,781.33,781.33,-0.17,218.12,171090.61,-1
2026-07-09,2026-07-09 13:20:00,781.33,781.33,780.0,780.0,-0.17,218.12,171090.61,-1
2026-07-09,2026-07-09 13:30:00,780.0,780.0,778.67,778.67,-0.17,218.12,171090.61,-1
2026-07-09,2026-07-09 13:40:00,778.67,778.67,777.33,777.33,-0.17,218.12,171090.61,-1
2026-07-09,2026-07-09 13:50:00,777.33,777.33,776.0,776.0,-0.17,218.12,171090.61,-1
2026-07-09,2026-07-09 14:00:00,776.0,776.0,774.67,774.67,-0.17,218.12,171090.61,-1
2026-07-09,2026-07-09 14:10:00,774.67,774.67,773.33,773.33,-0.17,218.12,171090.61,-1
2026-07-09,2026-07-09 14:20:00,773.33,773.33,772.0,772.0,-0.17,218.12,171090.61,-1
2026-07-09,2026-07-09 14:30:00,772.0,772.0,770.67,770.67,-0.17,218.12,171090.61,-1
2026-07-09,2026-07-09 14:40:00,770.67,770.67,769.33,769.33,-0.17,218.12,171090.61,-1
2026-07-09,2026-07-09 14:50:00,769.33,769.33,768.0,768.0,-0.17,218.12,171090.61,-1
2026-07-09,2026-07-09 15:00:00,768.0,823.0,768.0,768.0,0.0,218.12,171090.61,0
2026-07-10,2026-07-10 11:00:00,768.0,774.6,762.93,767.46,-0.07,220.76,170099.52,-1
2026-07-10,2026-07-10 11:10:00,767.46,767.46,766.92,766.92,-0.07,220.76,170099.52,-1
2026-07-10,2026-07-10 11:20:00,766.92,766.92,766.38,766.38,-0.07,220.76,170099.52,-1
2026-07-10,2026-07-10 11:30:00,766.38,766.38,765.83,765.83,-0.07,220.76,170099.52,-1
2026-07-10,2026-07-10 11:40:00,765.83,765.83,765.29,765.29,-0.07,220.76,170099.52,-1
2026-07-10,2026-07-10 11:50:00,765.29,765.29,764.75,764.75,-0.07,220.76,170099.52,-1
2026-07-10,2026-07-10 12:00:00,764.75,764.75,764.21,764.21,-0.07,220.76,170099.52,-1
2026-07-10,2026-07-10 12:10:00,764.21,764.21,763.67,763.67,-0.07,220.76,170099.52,-1
2026-07-10,2026-07-10 12:20:00,763.67,763.67,763.12,763.12,-0.07,220.76,170099.52,-1
2026-07-10,2026-07-10 12:30:00,763.12,763.12,762.58,762.58,-0.07,220.76,170099.52,-1
2026-07-10,2026-07-10 12:40:00,762.58,762.58,762.04,762.04,-0.07,220.76,170099.52,-1
2026-07-10,2026-07-10 12:50:00,762.04,762.04,761.5,761.5,-0.07,220.76,170099.52,-1
2026-07-10,2026-07-10 13:00:00,761.5,790.0,751.1,760.96,-0.07,220.76,170099.52,-1
2026-07-10,2026-07-10 13:10:00,760.96,760.96,760.42,760.42,-0.07,220.76,170099.52,-1
2026-07-10,2026-07-10 13:20:00,760.42,760.42,759.88,759.88,-0.07,220.76,170099.52,-1
2026-07-10,2026-07-10 13:30:00,759.88,759.88,759.33,759.33,-0.07,220.76,170099.52,-1
2026-07-10,2026-07-10 13:40:00,759.33,759.33,758.79,758.79,-0.07,220.76,170099.52,-1
2026-07-10,2026-07-10 13:50:00,758.79,758.79,758.25,758.25,-0.07,220.76,170099.52,-1
2026-07-10,2026-07-10 14:00:00,758.25,758.25,757.71,757.71,-0.07,220.76,170099.52,-1
2026-07-10,2026-07-10 14:10:00,757.71,757.71,757.17,757.17,-0.07,220.76,170099.52,-1
2026-07-10,2026-07-10 14:20:00,757.17,757.17,756.62,756.62,-0.07,220.76,170099.52,-1
2026-07-10,2026-07-10 14:30:00,756.62,756.62,756.08,756.08,-0.07,220.76,170099.52,-1
2026-07-10,2026-07-10 14:40:00,756.08,756.08,755.54,755.54,-0.07,220.76,170099.52,-1
2026-07-10,2026-07-10 14:50:00,755.54,755.54,755.0,755.0,-0.07,220.76,170099.52,-1
2026-07-10,2026-07-10 15:00:00,755.0,790.0,751.1,755.0,0.0,220.76,170099.52,0
2026-07-13,2026-07-13 11:00:00,738.0,743.4,737.1,737.88,-0.02,604.04,446490.04,-1
2026-07-13,2026-07-13 11:10:00,737.88,737.88,737.75,737.75,-0.02,604.04,446490.04,-1
2026-07-13,2026-07-13 11:20:00,737.75,737.75,737.62,737.62,-0.02,604.04,446490.04,-1
2026-07-13,2026-07-13 11:30:00,737.62,737.62,737.5,737.5,-0.02,604.04,446490.04,-1
2026-07-13,2026-07-13 11:40:00,737.5,737.5,737.38,737.38,-0.02,604.04,446490.04,-1
2026-07-13,2026-07-13 11:50:00,737.38,737.38,737.25,737.25,-0.02,604.04,446490.04,-1
2026-07-13,2026-07-13 12:00:00,737.25,737.25,737.12,737.12,-0.02,604.04,446490.04,-1
2026-07-13,2026-07-13 12:10:00,737.12,737.12,737.0,737.0,-0.02,604.04,446490.04,-1
2026-07-13,2026-07-13 12:20:00,737.0,737.0,736.88,736.88,-0.02,604.04,446490.04,-1
2026-07-13,2026-07-13 12:30:00,736.88,736.88,736.75,736.75,-0.02,604.04,446490.04,-1
2026-07-13,2026-07-13 12:40:00,736.75,736.75,736.62,736.62,-0.02,604.04,446490.04,-1
2026-07-13,2026-07-13 12:50:00,736.62,736.62,736.5,736.5,-0.02,604.04,446490.04,-1
2026-07-13,2026-07-13 13:00:00,736.5,756.0,735.0,736.38,-0.02,604.04,446490.04,-1
2026-07-13,2026-07-13 13:10:00,736.38,736.38,736.25,736.25,-0.02,604.04,446490.04,-1
2026-07-13,2026-07-13 13:20:00,736.25,736.25,736.12,736.12,-0.02,604.04,446490.04,-1
2026-07-13,2026-07-13 13:30:00,736.12,736.12,736.0,736.0,-0.02,604.04,446490.04,-1
2026-07-13,2026-07-13 13:40:00,736.0,736.0,735.88,735.88,-0.02,604.04,446490.04,-1
2026-07-13,2026-07-13 13:50:00,735.88,735.88,735.75,735.75,-0.02,604.04,446490.04,-1
2026-07-13,2026-07-13 14:00:00,735.75,735.75,735.62,735.62,-0.02,604.04,446490.04,-1
2026-07-13,2026-07-13 14:10:00,735.62,735.62,735.5,735.5,-0.02,604.04,446490.04,-1
2026-07-13,2026-07-13 14:20:00,735.5,735.5,735.38,735.38,-0.02,604.04,446490.04,-1
2026-07-13,2026-07-13 14:30:00,735.38,735.38,735.25,735.25,-0.02,604.04,446490.04,-1
2026-07-13,2026-07-13 14:40:00,735.25,735.25,735.12,735.12,-0.02,604.04,446490.04,-1
2026-07-13,2026-07-13 14:50:00,735.12,735.12,735.0,735.0,-0.02,604.04,446490.04,-1
2026-07-13,2026-07-13 15:00:00,735.0,756.0,735.0,735.0,0.0,604.04,446490.04,0
2026-07-14,2026-07-14 11:00:00,720.1,723.97,714.19,720.64,0.07,378.32,272170.08,1
2026-07-14,2026-07-14 11:10:00,720.64,721.18,720.64,721.18,0.07,378.32,272170.08,1
2026-07-14,2026-07-14 11:20:00,721.18,721.71,721.18,721.71,0.07,378.32,272170.08,1
2026-07-14,2026-07-14 11:30:00,721.71,722.25,721.71,722.25,0.07,378.32,272170.08,1
2026-07-14,2026-07-14 11:40:00,722.25,722.79,722.25,722.79,0.07,378.32,272170.08,1
2026-07-14,2026-07-14 11:50:00,722.79,723.33,722.79,723.33,0.07,378.32,272170.08,1
2026-07-14,2026-07-14 12:00:00,723.33,723.86,723.33,723.86,0.07,378.32,272170.08,1
2026-07-14,2026-07-14 12:10:00,723.86,724.4,723.86,724.4,0.07,378.32,272170.08,1
2026-07-14,2026-07-14 12:20:00,724.4,724.94,724.4,724.94,0.07,378.32,272170.08,1
2026-07-14,2026-07-14 12:30:00,724.94,725.48,724.94,725.48,0.07,378.32,272170.08,1
2026-07-14,2026-07-14 12:40:00,725.48,726.01,725.48,726.01,0.07,378.32,272170.08,1
2026-07-14,2026-07-14 12:50:00,726.01,726.55,726.01,726.55,0.07,378.32,272170.08,1
2026-07-14,2026-07-14 13:00:00,726.55,733.0,700.4,727.09,0.07,378.32,272170.08,1
2026-07-14,2026-07-14 13:10:00,727.09,727.62,727.09,727.62,0.07,378.32,272170.08,1
2026-07-14,2026-07-14 13:20:00,727.62,728.16,727.62,728.16,0.07,378.32,272170.08,1
2026-07-14,2026-07-14 13:30:00,728.16,728.7,728.16,728.7,0.07,378.32,272170.08,1
2026-07-14,2026-07-14 13:40:00,728.7,729.24,728.7,729.24,0.07,378.32,272170.08,1
2026-07-14,2026-07-14 13:50:00,729.24,729.77,729.24,729.77,0.07,378.32,272170.08,1
2026-07-14,2026-07-14 14:00:00,729.77,730.31,729.77,730.31,0.07,378.32,272170.08,1
2026-07-14,2026-07-14 14:10:00,730.31,730.85,730.31,730.85,0.07,378.32,272170.08,1
2026-07-14,2026-07-14 14:20:00,730.85,731.39,730.85,731.39,0.07,378.32,272170.08,1
2026-07-14,2026-07-14 14:30:00,731.39,731.92,731.39,731.92,0.07,378.32,272170.08,1
2026-07-14,2026-07-14 14:40:00,731.92,732.46,731.92,732.46,0.07,378.32,272170.08,1
2026-07-14,2026-07-14 14:50:00,732.46,733.0,732.46,733.0,0.07,378.32,272170.08,1
2026-07-14,2026-07-14 15:00:00,733.0,733.0,700.4,733.0,0.0,378.32,272170.08,0
2026-07-15,2026-07-15 11:00:00,733.0,738.97,730.6,733.45,0.06,349.32,259067.8,1
2026-07-15,2026-07-15 11:10:00,733.45,733.9,733.45,733.9,0.06,349.32,259067.8,1
2026-07-15,2026-07-15 11:20:00,733.9,734.35,733.9,734.35,0.06,349.32,259067.8,1
2026-07-15,2026-07-15 11:30:00,734.35,734.8,734.35,734.8,0.06,349.32,259067.8,1
2026-07-15,2026-07-15 11:40:00,734.8,735.25,734.8,735.25,0.06,349.32,259067.8,1
2026-07-15,2026-07-15 11:50:00,735.25,735.7,735.25,735.7,0.06,349.32,259067.8,1
2026-07-15,2026-07-15 12:00:00,735.7,736.15,735.7,736.15,0.06,349.32,259067.8,1
2026-07-15,2026-07-15 12:10:00,736.15,736.6,736.15,736.6,0.06,349.32,259067.8,1
2026-07-15,2026-07-15 12:20:00,736.6,737.05,736.6,737.05,0.06,349.32,259067.8,1
2026-07-15,2026-07-15 12:30:00,737.05,737.5,737.05,737.5,0.06,349.32,259067.8,1
2026-07-15,2026-07-15 12:40:00,737.5,737.95,737.5,737.95,0.06,349.32,259067.8,1
2026-07-15,2026-07-15 12:50:00,737.95,738.4,737.95,738.4,0.06,349.32,259067.8,1
2026-07-15,2026-07-15 13:00:00,738.4,752.9,725.0,738.85,0.06,349.32,259067.8,1
2026-07-15,2026-07-15 13:10:00,738.85,739.3,738.85,739.3,0.06,349.32,259067.8,1
2026-07-15,2026-07-15 13:20:00,739.3,739.75,739.3,739.75,0.06,349.32,259067.8,1
2026-07-15,2026-07-15 13:30:00,739.75,740.2,739.75,740.2,0.06,349.32,259067.8,1
2026-07-15,2026-07-15 13:40:00,740.2,740.65,740.2,740.65,0.06,349.32,259067.8,1
2026-07-15,2026-07-15 13:50:00,740.65,741.1,740.65,741.1,0.06,349.32,259067.8,1
2026-07-15,2026-07-15 14:00:00,741.1,741.55,741.1,741.55,0.06,349.32,259067.8,1
2026-07-15,2026-07-15 14:10:00,741.55,742.0,741.55,742.0,0.06,349.32,259067.8,1
2026-07-15,2026-07-15 14:20:00,742.0,742.45,742.0,742.45,0.06,349.32,259067.8,1
2026-07-15,2026-07-15 14:30:00,742.45,742.9,742.45,742.9,0.06,349.32,259067.8,1
2026-07-15,2026-07-15 14:40:00,742.9,743.35,742.9,743.35,0.06,349.32,259067.8,1
2026-07-15,2026-07-15 14:50:00,743.35,743.8,743.35,743.8,0.06,349.32,259067.8,1
2026-07-15,2026-07-15 15:00:00,743.8,752.9,725.0,743.8,0.0,349.32,259067.8,0
2026-07-16,2026-07-16 11:00:00,743.8,745.66,729.46,742.52,-0.17,313.0,224520.17,-1
2026-07-16,2026-07-16 11:10:00,742.52,742.52,741.23,741.23,-0.17,313.0,224520.17,-1
2026-07-16,2026-07-16 11:20:00,741.23,741.23,739.95,739.95,-0.17,313.0,224520.17,-1
2026-07-16,2026-07-16 11:30:00,739.95,739.95,738.67,738.67,-0.17,313.0,224520.17,-1
2026-07-16,2026-07-16 11:40:00,738.67,738.67,737.38,737.38,-0.17,313.0,224520.17,-1
2026-07-16,2026-07-16 11:50:00,737.38,737.38,736.1,736.1,-0.17,313.0,224520.17,-1
2026-07-16,2026-07-16 12:00:00,736.1,736.1,734.82,734.82,-0.17,313.0,224520.17,-1
2026-07-16,2026-07-16 12:10:00,734.82,734.82,733.53,733.53,-0.18,313.0,224520.17,-1
2026-07-16,2026-07-16 12:20:00,733.53,733.53,732.25,732.25,-0.17,313.0,224520.17,-1
2026-07-16,2026-07-16 12:30:00,732.25,732.25,730.97,730.97,-0.17,313.0,224520.17,-1
2026-07-16,2026-07-16 12:40:00,730.97,730.97,729.68,729.68,-0.18,313.0,224520.17,-1
2026-07-16,2026-07-16 12:50:00,729.68,729.68,728.4,728.4,-0.18,313.0,224520.17,-1
2026-07-16,2026-07-16 13:00:00,728.4,750.0,696.0,727.12,-0.18,313.0,224520.17,-1
2026-07-16,2026-07-16 13:10:00,727.12,727.12,725.83,725.83,-0.18,313.0,224520.17,-1
2026-07-16,2026-07-16 13:20:00,725.83,725.83,724.55,724.55,-0.18,313.0,224520.17,-1
2026-07-16,2026-07-16 13:30:00,724.55,724.55,723.27,723.27,-0.18,313.0,224520.17,-1
2026-07-16,2026-07-16 13:40:00,723.27,723.27,721.98,721.98,-0.18,313.0,224520.17,-1
2026-07-16,2026-07-16 13:50:00,721.98,721.98,720.7,720.7,-0.18,313.0,224520.17,-1
2026-07-16,2026-07-16 14:00:00,720.7,720.7,719.42,719.42,-0.18,313.0,224520.17,-1
2026-07-16,2026-07-16 14:10:00,719.42,719.42,718.13,718.13,-0.18,313.0,224520.17,-1
2026-07-16,2026-07-16 14:20:00,718.13,718.13,716.85,716.85,-0.18,313.0,224520.17,-1
2026-07-16,2026-07-16 14:30:00,716.85,716.85,715.57,715.57,-0.18,313.0,224520.17,-1
2026-07-16,2026-07-16 14:40:00,715.57,715.57,714.28,714.28,-0.18,313.0,224520.17,-1
2026-07-16,2026-07-16 14:50:00,714.28,714.28,713.0,713.0,-0.18,313.0,224520.17,-1
2026-07-16,2026-07-16 15:00:00,713.0,750.0,696.0,713.0,0.0,313.0,224520.17,0
2026-07-17,2026-07-17 11:00:00,740.0,757.7,737.33,742.46,0.33,813.04,614393.93,1
2026-07-17,2026-07-17 11:10:00,742.46,744.92,742.46,744.92,0.33,813.04,614393.93,1
2026-07-17,2026-07-17 11:20:00,744.92,747.38,744.92,747.38,0.33,813.04,614393.93,1
2026-07-17,2026-07-17 11:30:00,747.38,749.83,747.38,749.83,0.33,813.04,614393.93,1
2026-07-17,2026-07-17 11:40:00,749.83,752.29,749.83,752.29,0.33,813.04,614393.93,1
2026-07-17,2026-07-17 11:50:00,752.29,754.75,752.29,754.75,0.33,813.04,614393.93,1
2026-07-17,2026-07-17 12:00:00,754.75,757.21,754.75,757.21,0.33,813.04,614393.93,1
2026-07-17,2026-07-17 12:10:00,757.21,759.67,757.21,759.67,0.32,813.04,614393.93,1
2026-07-17,2026-07-17 12:20:00,759.67,762.12,759.67,762.12,0.32,813.04,614393.93,1
2026-07-17,2026-07-17 12:30:00,762.12,764.58,762.12,764.58,0.32,813.04,614393.93,1
2026-07-17,2026-07-17 12:40:00,764.58,767.04,764.58,767.04,0.32,813.04,614393.93,1
2026-07-17,2026-07-17 12:50:00,767.04,769.5,767.04,769.5,0.32,813.04,614393.93,1
2026-07-17,2026-07-17 13:00:00,769.5,799.0,731.1,771.96,0.32,813.04,614393.93,1
2026-07-17,2026-07-17 13:10:00,771.96,774.42,771.96,774.42,0.32,813.04,614393.93,1
2026-07-17,2026-07-17 13:20:00,774.42,776.88,774.42,776.88,0.32,813.04,614393.93,1
2026-07-17,2026-07-17 13:30:00,776.88,779.33,776.88,779.33,0.32,813.04,614393.93,1
2026-07-17,2026-07-17 13:40:00,779.33,781.79,779.33,781.79,0.32,813.04,614393.93,1
2026-07-17,2026-07-17 13:50:00,781.79,784.25,781.79,784.25,0.31,813.04,614393.93,1
2026-07-17,2026-07-17 14:00:00,784.25,786.71,784.25,786.71,0.31,813.04,614393.93,1
2026-07-17,2026-07-17 14:10:00,786.71,789.17,786.71,789.17,0.31,813.04,614393.93,1
2026-07-17,2026-07-17 14:20:00,789.17,791.62,789.17,791.62,0.31,813.04,614393.93,1
2026-07-17,2026-07-17 14:30:00,791.62,794.08,791.62,794.08,0.31,813.04,614393.93,1
2026-07-17,2026-07-17 14:40:00,794.08,796.54,794.08,796.54,0.31,813.04,614393.93,1
2026-07-17,2026-07-17 14:50:00,796.54,799.0,796.54,799.0,0.31,813.04,614393.93,1
2026-07-17,2026-07-17 15:00:00,799.0,799.0,731.1,799.0,0.0,813.04,614393.93,0
2026-07-20,2026-07-20 11:00:00,820.0,848.8,809.5,824.0,0.49,1267.68,1096710.71,1
2026-07-20,2026-07-20 11:10:00,824.0,828.0,824.0,828.0,0.49,1267.68,1096710.71,1
2026-07-20,2026-07-20 11:20:00,828.0,832.0,828.0,832.0,0.48,1267.68,1096710.71,1
2026-07-20,2026-07-20 11:30:00,832.0,836.0,832.0,836.0,0.48,1267.68,1096710.71,1
2026-07-20,2026-07-20 11:40:00,836.0,840.0,836.0,840.0,0.48,1267.68,1096710.71,1
2026-07-20,2026-07-20 11:50:00,840.0,844.0,840.0,844.0,0.48,1267.68,1096710.71,1
2026-07-20,2026-07-20 12:00:00,844.0,848.0,844.0,848.0,0.47,1267.68,1096710.71,1
2026-07-20,2026-07-20 12:10:00,848.0,852.0,848.0,852.0,0.47,1267.68,1096710.71,1
2026-07-20,2026-07-20 12:20:00,852.0,856.0,852.0,856.0,0.47,1267.68,1096710.71,1
2026-07-20,2026-07-20 12:30:00,856.0,860.0,856.0,860.0,0.47,1267.68,1096710.71,1
2026-07-20,2026-07-20 12:40:00,860.0,864.0,860.0,864.0,0.47,1267.68,1096710.71,1
2026-07-20,2026-07-20 12:50:00,864.0,868.0,864.0,868.0,0.46,1267.68,1096710.71,1
2026-07-20,2026-07-20 13:00:00,868.0,916.0,785.0,872.0,0.46,1267.68,1096710.71,1
2026-07-20,2026-07-20 13:10:00,872.0,876.0,872.0,876.0,0.46,1267.68,1096710.71,1
2026-07-20,2026-07-20 13:20:00,876.0,880.0,876.0,880.0,0.46,1267.68,1096710.71,1
2026-07-20,2026-07-20 13:30:00,880.0,884.0,880.0,884.0,0.45,1267.68,1096710.71,1
2026-07-20,2026-07-20 13:40:00,884.0,888.0,884.0,888.0,0.45,1267.68,1096710.71,1
2026-07-20,2026-07-20 13:50:00,888.0,892.0,888.0,892.0,0.45,1267.68,1096710.71,1
2026-07-20,2026-07-20 14:00:00,892.0,896.0,892.0,896.0,0.45,1267.68,1096710.71,1
2026-07-20,2026-07-20 14:10:00,896.0,900.0,896.0,900.0,0.45,1267.68,1096710.71,1
2026-07-20,2026-07-20 14:20:00,900.0,904.0,900.0,904.0,0.44,1267.68,1096710.71,1
2026-07-20,2026-07-20 14:30:00,904.0,908.0,904.0,908.0,0.44,1267.68,1096710.71,1
2026-07-20,2026-07-20 14:40:00,908.0,912.0,908.0,912.0,0.44,1267.68,1096710.71,1
2026-07-20,2026-07-20 14:50:00,912.0,916.0,912.0,916.0,0.44,1267.68,1096710.71,1
2026-07-20,2026-07-20 15:00:00,916.0,916.0,785.0,916.0,0.0,1267.68,1096710.71,0
2026-07-21,2026-07-21 11:00:00,940.0,943.0,922.03,938.54,-0.16,769.28,702721.89,-1
2026-07-21,2026-07-21 11:10:00,938.54,938.54,937.08,937.08,-0.16,769.28,702721.89,-1
2026-07-21,2026-07-21 11:20:00,937.08,937.08,935.62,935.62,-0.16,769.28,702721.89,-1
2026-07-21,2026-07-21 11:30:00,935.62,935.62,934.17,934.17,-0.15,769.28,702721.89,-1
2026-07-21,2026-07-21 11:40:00,934.17,934.17,932.71,932.71,-0.16,769.28,702721.89,-1
2026-07-21,2026-07-21 11:50:00,932.71,932.71,931.25,931.25,-0.16,769.28,702721.89,-1
2026-07-21,2026-07-21 12:00:00,931.25,931.25,929.79,929.79,-0.16,769.28,702721.89,-1
2026-07-21,2026-07-21 12:10:00,929.79,929.79,928.33,928.33,-0.16,769.28,702721.89,-1
2026-07-21,2026-07-21 12:20:00,928.33,928.33,926.88,926.88,-0.16,769.28,702721.89,-1
2026-07-21,2026-07-21 12:30:00,926.88,926.88,925.42,925.42,-0.16,769.28,702721.89,-1
2026-07-21,2026-07-21 12:40:00,925.42,925.42,923.96,923.96,-0.16,769.28,702721.89,-1
2026-07-21,2026-07-21 12:50:00,923.96,923.96,922.5,922.5,-0.16,769.28,702721.89,-1
2026-07-21,2026-07-21 13:00:00,922.5,950.0,880.1,921.04,-0.16,769.28,702721.89,-1
2026-07-21,2026-07-21 13:10:00,921.04,921.04,919.58,919.58,-0.16,769.28,702721.89,-1
2026-07-21,2026-07-21 13:20:00,919.58,919.58,918.12,918.12,-0.16,769.28,702721.89,-1
2026-07-21,2026-07-21 13:30:00,918.12,918.12,916.67,916.67,-0.16,769.28,702721.89,-1
2026-07-21,2026-07-21 13:40:00,916.67,916.67,915.21,915.21,-0.16,769.28,702721.89,-1
2026-07-21,2026-07-21 13:50:00,915.21,915.21,913.75,913.75,-0.16,769.28,702721.89,-1
2026-07-21,2026-07-21 14:00:00,913.75,913.75,912.29,912.29,-0.16,769.28,702721.89,-1
2026-07-21,2026-07-21 14:10:00,912.29,912.29,910.83,910.83,-0.16,769.28,702721.89,-1
2026-07-21,2026-07-21 14:20:00,910.83,910.83,909.38,909.38,-0.16,769.28,702721.89,-1
2026-07-21,2026-07-21 14:30:00,909.38,909.38,907.92,907.92,-0.16,769.28,702721.89,-1
2026-07-21,2026-07-21 14:40:00,907.92,907.92,906.46,906.46,-0.16,769.28,702721.89,-1
2026-07-21,2026-07-21 14:50:00,906.46,906.46,905.0,905.0,-0.16,769.28,702721.89,-1
2026-07-21,2026-07-21 15:00:00,905.0,950.0,880.1,905.0,0.0,769.28,702721.89,0
2026-07-22,2026-07-22 11:00:00,888.1,895.57,881.77,888.34,0.03,572.68,503599.86,1
2026-07-22,2026-07-22 11:10:00,888.34,888.58,888.34,888.58,0.03,572.68,503599.86,1
2026-07-22,2026-07-22 11:20:00,888.58,888.83,888.58,888.83,0.03,572.68,503599.86,1
2026-07-22,2026-07-22 11:30:00,888.83,889.07,888.83,889.07,0.03,572.68,503599.86,1
2026-07-22,2026-07-22 11:40:00,889.07,889.31,889.07,889.31,0.03,572.68,503599.86,1
2026-07-22,2026-07-22 11:50:00,889.31,889.55,889.31,889.55,0.03,572.68,503599.86,1
2026-07-22,2026-07-22 12:00:00,889.55,889.79,889.55,889.79,0.03,572.68,503599.86,1
2026-07-22,2026-07-22 12:10:00,889.79,890.03,889.79,890.03,0.03,572.68,503599.86,1
2026-07-22,2026-07-22 12:20:00,890.03,890.27,890.03,890.27,0.03,572.68,503599.86,1
2026-07-22,2026-07-22 12:30:00,890.27,890.52,890.27,890.52,0.03,572.68,503599.86,1
2026-07-22,2026-07-22 12:40:00,890.52,890.76,890.52,890.76,0.03,572.68,503599.86,1
2026-07-22,2026-07-22 12:50:00,890.76,891.0,890.76,891.0,0.03,572.68,503599.86,1
2026-07-22,2026-07-22 13:00:00,891.0,913.0,867.0,891.24,0.03,572.68,503599.86,1
2026-07-22,2026-07-22 13:10:00,891.24,891.48,891.24,891.48,0.03,572.68,503599.86,1
2026-07-22,2026-07-22 13:20:00,891.48,891.73,891.48,891.73,0.03,572.68,503599.86,1
2026-07-22,2026-07-22 13:30:00,891.73,891.97,891.73,891.97,0.03,572.68,503599.86,1
2026-07-22,2026-07-22 13:40:00,891.97,892.21,891.97,892.21,0.03,572.68,503599.86,1
2026-07-22,2026-07-22 13:50:00,892.21,892.45,892.21,892.45,0.03,572.68,503599.86,1
2026-07-22,2026-07-22 14:00:00,892.45,892.69,892.45,892.69,0.03,572.68,503599.86,1
2026-07-22,2026-07-22 14:10:00,892.69,892.93,892.69,892.93,0.03,572.68,503599.86,1
2026-07-22,2026-07-22 14:20:00,892.93,893.17,892.93,893.17,0.03,572.68,503599.86,1
2026-07-22,2026-07-22 14:30:00,893.17,893.42,893.17,893.42,0.03,572.68,503599.86,1
2026-07-22,2026-07-22 14:40:00,893.42,893.66,893.42,893.66,0.03,572.68,503599.86,1
2026-07-22,2026-07-22 14:50:00,893.66,893.9,893.66,893.9,0.03,572.68,503599.86,1
2026-07-22,2026-07-22 15:00:00,893.9,913.0,867.0,893.9,0.0,572.68,503599.86,0
2026-07-23,2026-07-23 11:00:00,867.1,891.49,867.1,870.14,0.35,782.84,713896.74,1
2026-07-23,2026-07-23 11:10:00,870.14,873.18,870.14,873.18,0.35,782.84,713896.74,1
2026-07-23,2026-07-23 11:20:00,873.18,876.21,873.18,876.21,0.35,782.84,713896.74,1
2026-07-23,2026-07-23 11:30:00,876.21,879.25,876.21,879.25,0.35,782.84,713896.74,1
2026-07-23,2026-07-23 11:40:00,879.25,882.29,879.25,882.29,0.35,782.84,713896.74,1
2026-07-23,2026-07-23 11:50:00,882.29,885.33,882.29,885.33,0.34,782.84,713896.74,1
2026-07-23,2026-07-23 12:00:00,885.33,888.36,885.33,888.36,0.34,782.84,713896.74,1
2026-07-23,2026-07-23 12:10:00,888.36,891.4,888.36,891.4,0.34,782.84,713896.74,1
2026-07-23,2026-07-23 12:20:00,891.4,894.44,891.4,894.44,0.34,782.84,713896.74,1
2026-07-23,2026-07-23 12:30:00,894.44,897.48,894.44,897.48,0.34,782.84,713896.74,1
2026-07-23,2026-07-23 12:40:00,897.48,900.51,897.48,900.51,0.34,782.84,713896.74,1
2026-07-23,2026-07-23 12:50:00,900.51,903.55,900.51,903.55,0.34,782.84,713896.74,1
2026-07-23,2026-07-23 13:00:00,903.55,948.4,867.1,906.59,0.34,782.84,713896.74,1
2026-07-23,2026-07-23 13:10:00,906.59,909.62,906.59,909.62,0.33,782.84,713896.74,1
2026-07-23,2026-07-23 13:20:00,909.62,912.66,909.62,912.66,0.33,782.84,713896.74,1
2026-07-23,2026-07-23 13:30:00,912.66,915.7,912.66,915.7,0.33,782.84,713896.74,1
2026-07-23,2026-07-23 13:40:00,915.7,918.74,915.7,918.74,0.33,782.84,713896.74,1
2026-07-23,2026-07-23 13:50:00,918.74,921.77,918.74,921.77,0.33,782.84,713896.74,1
2026-07-23,2026-07-23 14:00:00,921.77,924.81,921.77,924.81,0.33,782.84,713896.74,1
2026-07-23,2026-07-23 14:10:00,924.81,927.85,924.81,927.85,0.33,782.84,713896.74,1
2026-07-23,2026-07-23 14:20:00,927.85,930.89,927.85,930.89,0.33,782.84,713896.74,1
2026-07-23,2026-07-23 14:30:00,930.89,933.92,930.89,933.92,0.33,782.84,713896.74,1
2026-07-23,2026-07-23 14:40:00,933.92,936.96,933.92,936.96,0.33,782.84,713896.74,1
2026-07-23,2026-07-23 14:50:00,936.96,940.0,936.96,940.0,0.32,782.84,713896.74,1
2026-07-23,2026-07-23 15:00:00,940.0,948.4,867.1,940.0,0.0,782.84,713896.74,0
2026-07-24,2026-07-24 11:00:00,930.0,943.62,922.5,931.67,0.18,1121.12,1067355.09,1
2026-07-24,2026-07-24 11:10:00,931.67,933.33,931.67,933.33,0.18,1121.12,1067355.09,1
2026-07-24,2026-07-24 11:20:00,933.33,935.0,933.33,935.0,0.18,1121.12,1067355.09,1
2026-07-24,2026-07-24 11:30:00,935.0,936.67,935.0,936.67,0.18,1121.12,1067355.09,1
2026-07-24,2026-07-24 11:40:00,936.67,938.33,936.67,938.33,0.18,1121.12,1067355.09,1
2026-07-24,2026-07-24 11:50:00,938.33,940.0,938.33,940.0,0.18,1121.12,1067355.09,1
2026-07-24,2026-07-24 12:00:00,940.0,941.67,940.0,941.67,0.18,1121.12,1067355.09,1
2026-07-24,2026-07-24 12:10:00,941.67,943.33,941.67,943.33,0.18,1121.12,1067355.09,1
2026-07-24,2026-07-24 12:20:00,943.33,945.0,943.33,945.0,0.18,1121.12,1067355.09,1
2026-07-24,2026-07-24 12:30:00,945.0,946.67,945.0,946.67,0.18,1121.12,1067355.09,1
2026-07-24,2026-07-24 12:40:00,946.67,948.33,946.67,948.33,0.18,1121.12,1067355.09,1
2026-07-24,2026-07-24 12:50:00,948.33,950.0,948.33,950.0,0.18,1121.12,1067355.09,1
2026-07-24,2026-07-24 13:00:00,950.0,975.4,905.0,951.67,0.18,1121.12,1067355.09,1
2026-07-24,2026-07-24 13:10:00,951.67,953.33,951.67,953.33,0.17,1121.12,1067355.09,1
2026-07-24,2026-07-24 13:20:00,953.33,955.0,953.33,955.0,0.18,1121.12,1067355.09,1
2026-07-24,2026-07-24 13:30:00,955.0,956.67,955.0,956.67,0.17,1121.12,1067355.09,1
2026-07-24,2026-07-24 13:40:00,956.67,958.33,956.67,958.33,0.17,1121.12,1067355.09,1
2026-07-24,2026-07-24 13:50:00,958.33,960.0,958.33,960.0,0.17,1121.12,1067355.09,1
2026-07-24,2026-07-24 14:00:00,960.0,961.67,960.0,961.67,0.17,1121.12,1067355.09,1
2026-07-24,2026-07-24 14:10:00,961.67,963.33,961.67,963.33,0.17,1121.12,1067355.09,1
2026-07-24,2026-07-24 14:20:00,963.33,965.0,963.33,965.0,0.17,1121.12,1067355.09,1
2026-07-24,2026-07-24 14:30:00,965.0,966.67,965.0,966.67,0.17,1121.12,1067355.09,1
2026-07-24,2026-07-24 14:40:00,966.67,968.33,966.67,968.33,0.17,1121.12,1067355.09,1
2026-07-24,2026-07-24 14:50:00,968.33,970.0,968.33,970.0,0.17,1121.12,1067355.09,1
2026-07-24,2026-07-24 15:00:00,970.0,975.4,905.0,970.0,0.0,1121.12,1067355.09,0
2026-07-27,2026-07-27 11:00:00,941.0,949.7,921.8,938.88,-0.23,585.08,539436.49,-1
2026-07-27,2026-07-27 11:10:00,938.88,938.88,936.76,936.76,-0.23,585.08,539436.49,-1
2026-07-27,2026-07-27 11:20:00,936.76,936.76,934.64,934.64,-0.23,585.08,539436.49,-1
2026-07-27,2026-07-27 11:30:00,934.64,934.64,932.52,932.52,-0.23,585.08,539436.49,-1
2026-07-27,2026-07-27 11:40:00,932.52,932.52,930.4,930.4,-0.23,585.08,539436.49,-1
2026-07-27,2026-07-27 11:50:00,930.4,930.4,928.27,928.27,-0.23,585.08,539436.49,-1
2026-07-27,2026-07-27 12:00:00,928.27,928.27,926.15,926.15,-0.23,585.08,539436.49,-1
2026-07-27,2026-07-27 12:10:00,926.15,926.15,924.03,924.03,-0.23,585.08,539436.49,-1
2026-07-27,2026-07-27 12:20:00,924.03,924.03,921.91,921.91,-0.23,585.08,539436.49,-1
2026-07-27,2026-07-27 12:30:00,921.91,921.91,919.79,919.79,-0.23,585.08,539436.49,-1
2026-07-27,2026-07-27 12:40:00,919.79,919.79,917.67,917.67,-0.23,585.08,539436.49,-1
2026-07-27,2026-07-27 12:50:00,917.67,917.67,915.55,915.55,-0.23,585.08,539436.49,-1
2026-07-27,2026-07-27 13:00:00,915.55,970.0,877.0,913.43,-0.23,585.08,539436.49,-1
2026-07-27,2026-07-27 13:10:00,913.43,913.43,911.31,911.31,-0.23,585.08,539436.49,-1
2026-07-27,2026-07-27 13:20:00,911.31,911.31,909.19,909.19,-0.23,585.08,539436.49,-1
2026-07-27,2026-07-27 13:30:00,909.19,909.19,907.07,907.07,-0.23,585.08,539436.49,-1
2026-07-27,2026-07-27 13:40:00,907.07,907.07,904.95,904.95,-0.23,585.08,539436.49,-1
2026-07-27,2026-07-27 13:50:00,904.95,904.95,902.83,902.83,-0.23,585.08,539436.49,-1
2026-07-27,2026-07-27 14:00:00,902.83,902.83,900.7,900.7,-0.24,585.08,539436.49,-1
2026-07-27,2026-07-27 14:10:00,900.7,900.7,898.58,898.58,-0.24,585.08,539436.49,-1
2026-07-27,2026-07-27 14:20:00,898.58,898.58,896.46,896.46,-0.24,585.08,539436.49,-1
2026-07-27,2026-07-27 14:30:00,896.46,896.46,894.34,894.34,-0.24,585.08,539436.49,-1
2026-07-27,2026-07-27 14:40:00,894.34,894.34,892.22,892.22,-0.24,585.08,539436.49,-1
2026-07-27,2026-07-27 14:50:00,892.22,892.22,890.1,890.1,-0.24,585.08,539436.49,-1
2026-07-27,2026-07-27 15:00:00,890.1,970.0,877.0,890.1,0.0,585.08,539436.49,0
2026-07-28,2026-07-28 11:00:00,863.4,883.08,858.18,865.13,0.2,550.92,487132.79,1
2026-07-28,2026-07-28 11:10:00,865.13,866.87,865.13,866.87,0.2,550.92,487132.79,1
2026-07-28,2026-07-28 11:20:00,866.87,868.6,866.87,868.6,0.2,550.92,487132.79,1
2026-07-28,2026-07-28 11:30:00,868.6,870.33,868.6,870.33,0.2,550.92,487132.79,1
2026-07-28,2026-07-28 11:40:00,870.33,872.07,870.33,872.07,0.2,550.92,487132.79,1
2026-07-28,2026-07-28 11:50:00,872.07,873.8,872.07,873.8,0.2,550.92,487132.79,1
2026-07-28,2026-07-28 12:00:00,873.8,875.53,873.8,875.53,0.2,550.92,487132.79,1
2026-07-28,2026-07-28 12:10:00,875.53,877.27,875.53,877.27,0.2,550.92,487132.79,1
2026-07-28,2026-07-28 12:20:00,877.27,879.0,877.27,879.0,0.2,550.92,487132.79,1
2026-07-28,2026-07-28 12:30:00,879.0,880.73,879.0,880.73,0.2,550.92,487132.79,1
2026-07-28,2026-07-28 12:40:00,880.73,882.47,880.73,882.47,0.2,550.92,487132.79,1
2026-07-28,2026-07-28 12:50:00,882.47,884.2,882.47,884.2,0.2,550.92,487132.79,1
2026-07-28,2026-07-28 13:00:00,884.2,929.0,846.0,885.93,0.2,550.92,487132.79,1
2026-07-28,2026-07-28 13:10:00,885.93,887.67,885.93,887.67,0.2,550.92,487132.79,1
2026-07-28,2026-07-28 13:20:00,887.67,889.4,887.67,889.4,0.19,550.92,487132.79,1
2026-07-28,2026-07-28 13:30:00,889.4,891.13,889.4,891.13,0.19,550.92,487132.79,1
2026-07-28,2026-07-28 13:40:00,891.13,892.87,891.13,892.87,0.2,550.92,487132.79,1
2026-07-28,2026-07-28 13:50:00,892.87,894.6,892.87,894.6,0.19,550.92,487132.79,1
2026-07-28,2026-07-28 14:00:00,894.6,896.33,894.6,896.33,0.19,550.92,487132.79,1
2026-07-28,2026-07-28 14:10:00,896.33,898.07,896.33,898.07,0.19,550.92,487132.79,1
2026-07-28,2026-07-28 14:20:00,898.07,899.8,898.07,899.8,0.19,550.92,487132.79,1
2026-07-28,2026-07-28 14:30:00,899.8,901.53,899.8,901.53,0.19,550.92,487132.79,1
2026-07-28,2026-07-28 14:40:00,901.53,903.27,901.53,903.27,0.19,550.92,487132.79,1
2026-07-28,2026-07-28 14:50:00,903.27,905.0,903.27,905.0,0.19,550.92,487132.79,1
2026-07-28,2026-07-28 15:00:00,905.0,929.0,846.0,905.0,0.0,550.92,487132.79,0
2026-07-29,2026-07-29 11:00:00,877.9,887.53,874.63,878.78,0.1,183.0,163469.08,1
2026-07-29,2026-07-29 11:10:00,878.78,879.66,878.78,879.66,0.1,183.0,163469.08,1
2026-07-29,2026-07-29 11:20:00,879.66,880.54,879.66,880.54,0.1,183.0,163469.08,1
2026-07-29,2026-07-29 11:30:00,880.54,881.42,880.54,881.42,0.1,183.0,163469.08,1
2026-07-29,2026-07-29 11:40:00,881.42,882.3,881.42,882.3,0.1,183.0,163469.08,1
2026-07-29,2026-07-29 11:50:00,882.3,883.17,882.3,883.17,0.1,183.0,163469.08,1
2026-07-29,2026-07-29 12:00:00,883.17,884.05,883.17,884.05,0.1,183.0,163469.08,1
2026-07-29,2026-07-29 12:10:00,884.05,884.93,884.05,884.93,0.1,183.0,163469.08,1
2026-07-29,2026-07-29 12:20:00,884.93,885.81,884.93,885.81,0.1,183.0,163469.08,1
2026-07-29,2026-07-29 12:30:00,885.81,886.69,885.81,886.69,0.1,183.0,163469.08,1
2026-07-29,2026-07-29 12:40:00,886.69,887.57,886.69,887.57,0.1,183.0,163469.08,1
2026-07-29,2026-07-29 12:50:00,887.57,888.45,887.57,888.45,0.1,183.0,163469.08,1
2026-07-29,2026-07-29 13:00:00,888.45,910.0,867.0,889.33,0.1,183.0,163469.08,1
2026-07-29,2026-07-29 13:10:00,889.33,890.21,889.33,890.21,0.1,183.0,163469.08,1
2026-07-29,2026-07-29 13:20:00,890.21,891.09,890.21,891.09,0.1,183.0,163469.08,1
2026-07-29,2026-07-29 13:30:00,891.09,891.97,891.09,891.97,0.1,183.0,163469.08,1
2026-07-29,2026-07-29 13:40:00,891.97,892.85,891.97,892.85,0.1,183.0,163469.08,1
2026-07-29,2026-07-29 13:50:00,892.85,893.73,892.85,893.73,0.1,183.0,163469.08,1
2026-07-29,2026-07-29 14:00:00,893.73,894.6,893.73,894.6,0.1,183.0,163469.08,1
2026-07-29,2026-07-29 14:10:00,894.6,895.48,894.6,895.48,0.1,183.0,163469.08,1
2026-07-29,2026-07-29 14:20:00,895.48,896.36,895.48,896.36,0.1,183.0,163469.08,1
2026-07-29,2026-07-29 14:30:00,896.36,897.24,896.36,897.24,0.1,183.0,163469.08,1
2026-07-29,2026-07-29 14:40:00,897.24,898.12,897.24,898.12,0.1,183.0,163469.08,1
2026-07-29,2026-07-29 14:50:00,898.12,899.0,898.12,899.0,0.1,183.0,163469.08,1
2026-07-29,2026-07-29 15:00:00,899.0,910.0,867.0,899.0,0.0,183.0,163469.08,0
2026-07-30,2026-07-30 11:00:00,875.4,883.68,867.78,875.08,-0.04,448.32,388058.19,-1
2026-07-30,2026-07-30 11:10:00,875.08,875.08,874.77,874.77,-0.04,448.32,388058.19,-1
2026-07-30,2026-07-30 11:20:00,874.77,874.77,874.45,874.45,-0.04,448.32,388058.19,-1
2026-07-30,2026-07-30 11:30:00,874.45,874.45,874.13,874.13,-0.04,448.32,388058.19,-1
2026-07-30,2026-07-30 11:40:00,874.13,874.13,873.82,873.82,-0.04,448.32,388058.19,-1
2026-07-30,2026-07-30 11:50:00,873.82,873.82,873.5,873.5,-0.04,448.32,388058.19,-1
2026-07-30,2026-07-30 12:00:00,873.5,873.5,873.18,873.18,-0.04,448.32,388058.19,-1
2026-07-30,2026-07-30 12:10:00,873.18,873.18,872.87,872.87,-0.04,448.32,388058.19,-1
2026-07-30,2026-07-30 12:20:00,872.87,872.87,872.55,872.55,-0.04,448.32,388058.19,-1
2026-07-30,2026-07-30 12:30:00,872.55,872.55,872.23,872.23,-0.04,448.32,388058.19,-1
2026-07-30,2026-07-30 12:40:00,872.23,872.23,871.92,871.92,-0.04,448.32,388058.19,-1
2026-07-30,2026-07-30 12:50:00,871.92,871.92,871.6,871.6,-0.04,448.32,388058.19,-1
2026-07-30,2026-07-30 13:00:00,871.6,903.0,850.0,871.28,-0.04,448.32,388058.19,-1
2026-07-30,2026-07-30 13:10:00,871.28,871.28,870.97,870.97,-0.04,448.32,388058.19,-1
2026-07-30,2026-07-30 13:20:00,870.97,870.97,870.65,870.65,-0.04,448.32,388058.19,-1
2026-07-30,2026-07-30 13:30:00,870.65,870.65,870.33,870.33,-0.04,448.32,388058.19,-1
2026-07-30,2026-07-30 13:40:00,870.33,870.33,870.02,870.02,-0.04,448.32,388058.19,-1
2026-07-30,2026-07-30 13:50:00,870.02,870.02,869.7,869.7,-0.04,448.32,388058.19,-1
2026-07-30,2026-07-30 14:00:00,869.7,869.7,869.38,869.38,-0.04,448.32,388058.19,-1
2026-07-30,2026-07-30 14:10:00,869.38,869.38,869.07,869.07,-0.04,448.32,388058.19,-1
2026-07-30,2026-07-30 14:20:00,869.07,869.07,868.75,868.75,-0.04,448.32,388058.19,-1
2026-07-30,2026-07-30 14:30:00,868.75,868.75,868.43,868.43,-0.04,448.32,388058.19,-1
2026-07-30,2026-07-30 14:40:00,868.43,868.43,868.12,868.12,-0.04,448.32,388058.19,-1
2026-07-30,2026-07-30 14:50:00,868.12,868.12,867.8,867.8,-0.04,448.32,388058.19,-1
2026-07-30,2026-07-30 15:00:00,867.8,903.0,850.0,867.8,0.0,448.32,388058.19,0
2026-07-31,2026-07-31 11:00:00,848.0,860.6,847.82,849.57,0.19,245.2,214929.75,1
2026-07-31,2026-07-31 11:10:00,849.57,851.14,849.57,851.14,0.18,245.2,214929.75,1
2026-07-31,2026-07-31 11:20:00,851.14,852.71,851.14,852.71,0.18,245.2,214929.75,1
2026-07-31,2026-07-31 11:30:00,852.71,854.28,852.71,854.28,0.18,245.2,214929.75,1
2026-07-31,2026-07-31 11:40:00,854.28,855.85,854.28,855.85,0.18,245.2,214929.75,1
2026-07-31,2026-07-31 11:50:00,855.85,857.42,855.85,857.42,0.18,245.2,214929.75,1
2026-07-31,2026-07-31 12:00:00,857.42,859.0,857.42,859.0,0.18,245.2,214929.75,1
2026-07-31,2026-07-31 12:10:00,859.0,860.57,859.0,860.57,0.18,245.2,214929.75,1
2026-07-31,2026-07-31 12:20:00,860.57,862.14,860.57,862.14,0.18,245.2,214929.75,1
2026-07-31,2026-07-31 12:30:00,862.14,863.71,862.14,863.71,0.18,245.2,214929.75,1
2026-07-31,2026-07-31 12:40:00,863.71,865.28,863.71,865.28,0.18,245.2,214929.75,1
2026-07-31,2026-07-31 12:50:00,865.28,866.85,865.28,866.85,0.18,245.2,214929.75,1
2026-07-31,2026-07-31 13:00:00,866.85,890.0,847.4,868.42,0.18,245.2,214929.75,1
2026-07-31,2026-07-31 13:10:00,868.42,869.99,868.42,869.99,0.18,245.2,214929.75,1
2026-07-31,2026-07-31 13:20:00,869.99,871.56,869.99,871.56,0.18,245.2,214929.75,1
2026-07-31,2026-07-31 13:30:00,871.56,873.13,871.56,873.13,0.18,245.2,214929.75,1
2026-07-31,2026-07-31 13:40:00,873.13,874.7,873.13,874.7,0.18,245.2,214929.75,1
2026-07-31,2026-07-31 13:50:00,874.7,876.28,874.7,876.28,0.18,245.2,214929.75,1
2026-07-31,2026-07-31 14:00:00,876.28,877.85,876.28,877.85,0.18,245.2,214929.75,1
2026-07-31,2026-07-31 14:10:00,877.85,879.42,877.85,879.42,0.18,245.2,214929.75,1
2026-07-31,2026-07-31 14:20:00,879.42,880.99,879.42,880.99,0.18,245.2,214929.75,1
2026-07-31,2026-07-31 14:30:00,880.99,882.56,880.99,882.56,0.18,245.2,214929.75,1
2026-07-31,2026-07-31 14:40:00,882.56,884.13,882.56,884.13,0.18,245.2,214929.75,1
2026-07-31,2026-07-31 14:50:00,884.13,885.7,884.13,885.7,0.18,245.2,214929.75,1
2026-07-31,2026-07-31 15:00:00,885.7,890.0,847.4,885.7,0.0,245.2,214929.75,0
2026-08-03,2026-08-03 11:00:00,865.0,880.3,865.0,866.87,0.22,703.52,633768.97,1
2026-08-03,2026-08-03 11:10:00,866.87,868.74,866.87,868.74,0.22,703.52,633768.97,1
2026-08-03,2026-08-03 11:20:00,868.74,870.61,868.74,870.61,0.22,703.52,633768.97,1
2026-08-03,2026-08-03 11:30:00,870.61,872.48,870.61,872.48,0.21,703.52,633768.97,1
2026-08-03,2026-08-03 11:40:00,872.48,874.35,872.48,874.35,0.21,703.52,633768.97,1
2026-08-03,2026-08-03 11:50:00,874.35,876.23,874.35,876.23,0.22,703.52,633768.97,1
2026-08-03,2026-08-03 12:00:00,876.23,878.1,876.23,878.1,0.21,703.52,633768.97,1
2026-08-03,2026-08-03 12:10:00,878.1,879.97,878.1,879.97,0.21,703.52,633768.97,1
2026-08-03,2026-08-03 12:20:00,879.97,881.84,879.97,881.84,0.21,703.52,633768.97,1
2026-08-03,2026-08-03 12:30:00,881.84,883.71,881.84,883.71,0.21,703.52,633768.97,1
2026-08-03,2026-08-03 12:40:00,883.71,885.58,883.71,885.58,0.21,703.52,633768.97,1
2026-08-03,2026-08-03 12:50:00,885.58,887.45,885.58,887.45,0.21,703.52,633768.97,1
2026-08-03,2026-08-03 13:00:00,887.45,916.0,865.0,889.32,0.21,703.52,633768.97,1
2026-08-03,2026-08-03 13:10:00,889.32,891.19,889.32,891.19,0.21,703.52,633768.97,1
2026-08-03,2026-08-03 13:20:00,891.19,893.06,891.19,893.06,0.21,703.52,633768.97,1
2026-08-03,2026-08-03 13:30:00,893.06,894.93,893.06,894.93,0.21,703.52,633768.97,1
2026-08-03,2026-08-03 13:40:00,894.93,896.8,894.93,896.8,0.21,703.52,633768.97,1
2026-08-03,2026-08-03 13:50:00,896.8,898.67,896.8,898.67,0.21,703.52,633768.97,1
2026-08-03,2026-08-03 14:00:00,898.67,900.55,898.67,900.55,0.21,703.52,633768.97,1
2026-08-03,2026-08-03 14:10:00,900.55,902.42,900.55,902.42,0.21,703.52,633768.97,1
2026-08-03,2026-08-03 14:20:00,902.42,904.29,902.42,904.29,0.21,703.52,633768.97,1
2026-08-03,2026-08-03 14:30:00,904.29,906.16,904.29,906.16,0.21,703.52,633768.97,1
2026-08-03,2026-08-03 14:40:00,906.16,908.03,906.16,908.03,0.21,703.52,633768.97,1
2026-08-03,2026-08-03 14:50:00,908.03,909.9,908.03,909.9,0.21,703.52,633768.97,1
2026-08-03,2026-08-03 15:00:00,909.9,916.0,865.0,909.9,0.0,703.52,633768.97,0
2026-08-04,2026-08-04 11:00:00,890.0,897.5,887.0,890.62,0.07,320.68,286769.36,1
2026-08-04,2026-08-04 11:10:00,890.62,891.25,890.62,891.25,0.07,320.68,286769.36,1
2026-08-04,2026-08-04 11:20:00,891.25,891.88,891.25,891.88,0.07,320.68,286769.36,1
2026-08-04,2026-08-04 11:30:00,891.88,892.5,891.88,892.5,0.07,320.68,286769.36,1
2026-08-04,2026-08-04 11:40:00,892.5,893.12,892.5,893.12,0.07,320.68,286769.36,1
2026-08-04,2026-08-04 11:50:00,893.12,893.75,893.12,893.75,0.07,320.68,286769.36,1
2026-08-04,2026-08-04 12:00:00,893.75,894.38,893.75,894.38,0.07,320.68,286769.36,1
2026-08-04,2026-08-04 12:10:00,894.38,895.0,894.38,895.0,0.07,320.68,286769.36,1
2026-08-04,2026-08-04 12:20:00,895.0,895.62,895.0,895.62,0.07,320.68,286769.36,1
2026-08-04,2026-08-04 12:30:00,895.62,896.25,895.62,896.25,0.07,320.68,286769.36,1
2026-08-04,2026-08-04 12:40:00,896.25,896.88,896.25,896.88,0.07,320.68,286769.36,1
2026-08-04,2026-08-04 12:50:00,896.88,897.5,896.88,897.5,0.07,320.68,286769.36,1
2026-08-04,2026-08-04 13:00:00,897.5,915.0,880.0,898.12,0.07,320.68,286769.36,1
2026-08-04,2026-08-04 13:10:00,898.12,898.75,898.12,898.75,0.07,320.68,286769.36,1
2026-08-04,2026-08-04 13:20:00,898.75,899.38,898.75,899.38,0.07,320.68,286769.36,1
2026-08-04,2026-08-04 13:30:00,899.38,900.0,899.38,900.0,0.07,320.68,286769.36,1
2026-08-04,2026-08-04 13:40:00,900.0,900.62,900.0,900.62,0.07,320.68,286769.36,1
2026-08-04,2026-08-04 13:50:00,900.62,901.25,900.62,901.25,0.07,320.68,286769.36,1
2026-08-04,2026-08-04 14:00:00,901.25,901.88,901.25,901.88,0.07,320.68,286769.36,1
2026-08-04,2026-08-04 14:10:00,901.88,902.5,901.88,902.5,0.07,320.68,286769.36,1
2026-08-04,2026-08-04 14:20:00,902.5,903.12,902.5,903.12,0.07,320.68,286769.36,1
2026-08-04,2026-08-04 14:30:00,903.12,903.75,903.12,903.75,0.07,320.68,286769.36,1
2026-08-04,2026-08-04 14:40:00,903.75,904.38,903.75,904.38,0.07,320.68,286769.36,1
2026-08-04,2026-08-04 14:50:00,904.38,905.0,904.38,905.0,0.07,320.68,286769.36,1
2026-08-04,2026-08-04 15:00:00,905.0,915.0,880.0,905.0,0.0,320.68,286769.36,0
2026-08-05,2026-08-05 11:00:00,878.0,884.6,878.0,878.83,0.09,251.28,223961.7,1
2026-08-05,2026-08-05 11:10:00,878.83,879.67,878.83,879.67,0.1,251.28,223961.7,1
2026-08-05,2026-08-05 11:20:00,879.67,880.5,879.67,880.5,0.09,251.28,223961.7,1
2026-08-05,2026-08-05 11:30:00,880.5,881.33,880.5,881.33,0.09,251.28,223961.7,1
2026-08-05,2026-08-05 11:40:00,881.33,882.17,881.33,882.17,0.1,251.28,223961.7,1
2026-08-05,2026-08-05 11:50:00,882.17,883.0,882.17,883.0,0.09,251.28,223961.7,1
2026-08-05,2026-08-05 12:00:00,883.0,883.83,883.0,883.83,0.09,251.28,223961.7,1
2026-08-05,2026-08-05 12:10:00,883.83,884.67,883.83,884.67,0.1,251.28,223961.7,1
2026-08-05,2026-08-05 12:20:00,884.67,885.5,884.67,885.5,0.09,251.28,223961.7,1
2026-08-05,2026-08-05 12:30:00,885.5,886.33,885.5,886.33,0.09,251.28,223961.7,1
2026-08-05,2026-08-05 12:40:00,886.33,887.17,886.33,887.17,0.09,251.28,223961.7,1
2026-08-05,2026-08-05 12:50:00,887.17,888.0,887.17,888.0,0.09,251.28,223961.7,1
2026-08-05,2026-08-05 13:00:00,888.0,900.0,878.0,888.83,0.09,251.28,223961.7,1
2026-08-05,2026-08-05 13:10:00,888.83,889.67,888.83,889.67,0.09,251.28,223961.7,1
2026-08-05,2026-08-05 13:20:00,889.67,890.5,889.67,890.5,0.09,251.28,223961.7,1
2026-08-05,2026-08-05 13:30:00,890.5,891.33,890.5,891.33,0.09,251.28,223961.7,1
2026-08-05,2026-08-05 13:40:00,891.33,892.17,891.33,892.17,0.09,251.28,223961.7,1
2026-08-05,2026-08-05 13:50:00,892.17,893.0,892.17,893.0,0.09,251.28,223961.7,1
2026-08-05,2026-08-05 14:00:00,893.0,893.83,893.0,893.83,0.09,251.28,223961.7,1
2026-08-05,2026-08-05 14:10:00,893.83,894.67,893.83,894.67,0.09,251.28,223961.7,1
2026-08-05,2026-08-05 14:20:00,894.67,895.5,894.67,895.5,0.09,251.28,223961.7,1
2026-08-05,2026-08-05 14:30:00,895.5,896.33,895.5,896.33,0.09,251.28,223961.7,1
2026-08-05,2026-08-05 14:40:00,896.33,897.17,896.33,897.17,0.09,251.28,223961.7,1
2026-08-05,2026-08-05 14:50:00,897.17,898.0,897.17,898.0,0.09,251.28,223961.7,1
2026-08-05,2026-08-05 15:00:00,898.0,900.0,878.0,898.0,0.0,251.28,223961.7,0
2026-08-06,2026-08-06 11:00:00,885.0,891.0,885.0,885.04,0.0,143.32,127905.26,1
2026-08-06,2026-08-06 11:10:00,885.04,885.08,885.04,885.08,0.0,143.32,127905.26,1
2026-08-06,2026-08-06 11:20:00,885.08,885.12,885.08,885.12,0.0,143.32,127905.26,1
2026-08-06,2026-08-06 11:30:00,885.12,885.17,885.12,885.17,0.01,143.32,127905.26,1
2026-08-06,2026-08-06 11:40:00,885.17,885.21,885.17,885.21,0.0,143.32,127905.26,1
2026-08-06,2026-08-06 11:50:00,885.21,885.25,885.21,885.25,0.0,143.32,127905.26,1
2026-08-06,2026-08-06 12:00:00,885.25,885.29,885.25,885.29,0.0,143.32,127905.26,1
2026-08-06,2026-08-06 12:10:00,885.29,885.33,885.29,885.33,0.0,143.32,127905.26,1
2026-08-06,2026-08-06 12:20:00,885.33,885.38,885.33,885.38,0.01,143.32,127905.26,1
2026-08-06,2026-08-06 12:30:00,885.38,885.42,885.38,885.42,0.0,143.32,127905.26,1
2026-08-06,2026-08-06 12:40:00,885.42,885.46,885.42,885.46,0.0,143.32,127905.26,1
2026-08-06,2026-08-06 12:50:00,885.46,885.5,885.46,885.5,0.0,143.32,127905.26,1
2026-08-06,2026-08-06 13:00:00,885.5,905.0,885.0,885.54,0.0,143.32,127905.26,1
2026-08-06,2026-08-06 13:10:00,885.54,885.58,885.54,885.58,0.0,143.32,127905.26,1
2026-08-06,2026-08-06 13:20:00,885.58,885.62,885.58,885.62,0.0,143.32,127905.26,1
2026-08-06,2026-08-06 13:30:00,885.62,885.67,885.62,885.67,0.01,143.32,127905.26,1
2026-08-06,2026-08-06 13:40:00,885.67,885.71,885.67,885.71,0.0,143.32,127905.26,1
2026-08-06,2026-08-06 13:50:00,885.71,885.75,885.71,885.75,0.0,143.32,127905.26,1
2026-08-06,2026-08-06 14:00:00,885.75,885.79,885.75,885.79,0.0,143.32,127905.26,1
2026-08-06,2026-08-06 14:10:00,885.79,885.83,885.79,885.83,0.0,143.32,127905.26,1
2026-08-06,2026-08-06 14:20:00,885.83,885.88,885.83,885.88,0.01,143.32,127905.26,1
2026-08-06,2026-08-06 14:30:00,885.88,885.92,885.88,885.92,0.0,143.32,127905.26,1
2026-08-06,2026-08-06 14:40:00,885.92,885.96,885.92,885.96,0.0,143.32,127905.26,1
2026-08-06,2026-08-06 14:50:00,885.96,886.0,885.96,886.0,0.0,143.32,127905.26,1
2026-08-06,2026-08-06 15:00:00,886.0,905.0,885.0,886.0,0.0,143.32,127905.26,0
2026-08-07,2026-08-07 11:00:00,928.0,928.0,912.7,926.42,-0.17,183.16,161684.71,-1
2026-08-07,2026-08-07 11:10:00,926.42,926.42,924.83,924.83,-0.17,183.16,161684.71,-1
2026-08-07,2026-08-07 11:20:00,924.83,924.83,923.25,923.25,-0.17,183.16,161684.71,-1
2026-08-07,2026-08-07 11:30:00,923.25,923.25,921.67,921.67,-0.17,183.16,161684.71,-1
2026-08-07,2026-08-07 11:40:00,921.67,921.67,920.08,920.08,-0.17,183.16,161684.71,-1
2026-08-07,2026-08-07 11:50:00,920.08,920.08,918.5,918.5,-0.17,183.16,161684.71,-1
2026-08-07,2026-08-07 12:00:00,918.5,918.5,916.92,916.92,-0.17,183.16,161684.71,-1
2026-08-07,2026-08-07 12:10:00,916.92,916.92,915.33,915.33,-0.17,183.16,161684.71,-1
2026-08-07,2026-08-07 12:20:00,915.33,915.33,913.75,913.75,-0.17,183.16,161684.71,-1
2026-08-07,2026-08-07 12:30:00,913.75,913.75,912.17,912.17,-0.17,183.16,161684.71,-1
2026-08-07,2026-08-07 12:40:00,912.17,912.17,910.58,910.58,-0.17,183.16,161684.71,-1
2026-08-07,2026-08-07 12:50:00,910.58,910.58,909.0,909.0,-0.17,183.16,161684.71,-1
2026-08-07,2026-08-07 13:00:00,909.0,928.0,877.0,907.42,-0.17,183.16,161684.71,-1
2026-08-07,2026-08-07 13:10:00,907.42,907.42,905.83,905.83,-0.18,183.16,161684.71,-1
2026-08-07,2026-08-07 13:20:00,905.83,905.83,904.25,904.25,-0.17,183.16,161684.71,-1
2026-08-07,2026-08-07 13:30:00,904.25,904.25,902.67,902.67,-0.17,183.16,161684.71,-1
2026-08-07,2026-08-07 13:40:00,902.67,902.67,901.08,901.08,-0.18,183.16,161684.71,-1
2026-08-07,2026-08-07 13:50:00,901.08,901.08,899.5,899.5,-0.18,183.16,161684.71,-1
2026-08-07,2026-08-07 14:00:00,899.5,899.5,897.92,897.92,-0.18,183.16,161684.71,-1
2026-08-07,2026-08-07 14:10:00,897.92,897.92,896.33,896.33,-0.18,183.16,161684.71,-1
2026-08-07,2026-08-07 14:20:00,896.33,896.33,894.75,894.75,-0.18,183.16,161684.71,-1
2026-08-07,2026-08-07 14:30:00,894.75,894.75,893.17,893.17,-0.18,183.16,161684.71,-1
2026-08-07,2026-08-07 14:40:00,893.17,893.17,891.58,891.58,-0.18,183.16,161684.71,-1
2026-08-07,2026-08-07 14:50:00,891.58,891.58,890.0,890.0,-0.18,183.16,161684.71,-1
2026-08-07,2026-08-07 15:00:00,890.0,928.0,877.0,890.0,0.0,183.16,161684.71,0
2026-08-10,2026-08-10 11:00:00,889.0,889.3,882.1,888.08,-0.1,147.88,129047.16,-1
2026-08-10,2026-08-10 11:10:00,888.08,888.08,887.17,887.17,-0.1,147.88,129047.16,-1
2026-08-10,2026-08-10 11:20:00,887.17,887.17,886.25,886.25,-0.1,147.88,129047.16,-1
2026-08-10,2026-08-10 11:30:00,886.25,886.25,885.33,885.33,-0.1,147.88,129047.16,-1
2026-08-10,2026-08-10 11:40:00,885.33,885.33,884.42,884.42,-0.1,147.88,129047.16,-1
2026-08-10,2026-08-10 11:50:00,884.42,884.42,883.5,883.5,-0.1,147.88,129047.16,-1
2026-08-10,2026-08-10 12:00:00,883.5,883.5,882.58,882.58,-0.1,147.88,129047.16,-1
2026-08-10,2026-08-10 12:10:00,882.58,882.58,881.67,881.67,-0.1,147.88,129047.16,-1
2026-08-10,2026-08-10 12:20:00,881.67,881.67,880.75,880.75,-0.1,147.88,129047.16,-1
2026-08-10,2026-08-10 12:30:00,880.75,880.75,879.83,879.83,-0.1,147.88,129047.16,-1
2026-08-10,2026-08-10 12:40:00,879.83,879.83,878.92,878.92,-0.1,147.88,129047.16,-1
2026-08-10,2026-08-10 12:50:00,878.92,878.92,878.0,878.0,-0.1,147.88,129047.16,-1
2026-08-10,2026-08-10 13:00:00,878.0,890.0,866.0,877.08,-0.1,147.88,129047.16,-1
2026-08-10,2026-08-10 13:10:00,877.08,877.08,876.17,876.17,-0.1,147.88,129047.16,-1
2026-08-10,2026-08-10 13:20:00,876.17,876.17,875.25,875.25,-0.11,147.88,129047.16,-1
2026-08-10,2026-08-10 13:30:00,875.25,875.25,874.33,874.33,-0.11,147.88,129047.16,-1
2026-08-10,2026-08-10 13:40:00,874.33,874.33,873.42,873.42,-0.1,147.88,129047.16,-1
2026-08-10,2026-08-10 13:50:00,873.42,873.42,872.5,872.5,-0.11,147.88,129047.16,-1
2026-08-10,2026-08-10 14:00:00,872.5,872.5,871.58,871.58,-0.11,147.88,129047.16,-1
2026-08-10,2026-08-10 14:10:00,871.58,871.58,870.67,870.67,-0.1,147.88,129047.16,-1
2026-08-10,2026-08-10 14:20:00,870.67,870.67,869.75,869.75,-0.11,147.88,129047.16,-1
2026-08-10,2026-08-10 14:30:00,869.75,869.75,868.83,868.83,-0.11,147.88,129047.16,-1
2026-08-10,2026-08-10 14:40:00,868.83,868.83,867.92,867.92,-0.1,147.88,129047.16,-1
2026-08-10,2026-08-10 14:50:00,867.92,867.92,867.0,867.0,-0.11,147.88,129047.16,-1
2026-08-10,2026-08-10 15:00:00,867.0,890.0,866.0,867.0,0.0,147.88,129047.16,0
2026-08-11,2026-08-11 11:00:00,867.0,869.1,863.43,866.83,-0.02,152.2,131418.0,-1
2026-08-11,2026-08-11 11:10:00,866.83,866.83,866.67,866.67,-0.02,152.2,131418.0,-1
2026-08-11,2026-08-11 11:20:00,866.67,866.67,866.5,866.5,-0.02,152.2,131418.0,-1
2026-08-11,2026-08-11 11:30:00,866.5,866.5,866.33,866.33,-0.02,152.2,131418.0,-1
2026-08-11,2026-08-11 11:40:00,866.33,866.33,866.17,866.17,-0.02,152.2,131418.0,-1
2026-08-11,2026-08-11 11:50:00,866.17,866.17,866.0,866.0,-0.02,152.2,131418.0,-1
2026-08-11,2026-08-11 12:00:00,866.0,866.0,865.83,865.83,-0.02,152.2,131418.0,-1
2026-08-11,2026-08-11 12:10:00,865.83,865.83,865.67,865.67,-0.02,152.2,131418.0,-1
2026-08-11,2026-08-11 12:20:00,865.67,865.67,865.5,865.5,-0.02,152.2,131418.0,-1
2026-08-11,2026-08-11 12:30:00,865.5,865.5,865.33,865.33,-0.02,152.2,131418.0,-1
2026-08-11,2026-08-11 12:40:00,865.33,865.33,865.17,865.17,-0.02,152.2,131418.0,-1
2026-08-11,2026-08-11 12:50:00,865.17,865.17,865.0,865.0,-0.02,152.2,131418.0,-1
2026-08-11,2026-08-11 13:00:00,865.0,874.0,855.1,864.83,-0.02,152.2,131418.0,-1
2026-08-11,2026-08-11 13:10:00,864.83,864.83,864.67,864.67,-0.02,152.2,131418.0,-1
2026-08-11,2026-08-11 13:20:00,864.67,864.67,864.5,864.5,-0.02,152.2,131418.0,-1
2026-08-11,2026-08-11 13:30:00,864.5,864.5,864.33,864.33,-0.02,152.2,131418.0,-1
2026-08-11,2026-08-11 13:40:00,864.33,864.33,864.17,864.17,-0.02,152.2,131418.0,-1
2026-08-11,2026-08-11 13:50:00,864.17,864.17,864.0,864.0,-0.02,152.2,131418.0,-1
2026-08-11,2026-08-11 14:00:00,864.0,864.0,863.83,863.83,-0.02,152.2,131418.0,-1
2026-08-11,2026-08-11 14:10:00,863.83,863.83,863.67,863.67,-0.02,152.2,131418.0,-1
2026-08-11,2026-08-11 14:20:00,863.67,863.67,863.5,863.5,-0.02,152.2,131418.0,-1
2026-08-11,2026-08-11 14:30:00,863.5,863.5,863.33,863.33,-0.02,152.2,131418.0,-1
2026-08-11,2026-08-11 14:40:00,863.33,863.33,863.17,863.17,-0.02,152.2,131418.0,-1
2026-08-11,2026-08-11 14:50:00,863.17,863.17,863.0,863.0,-0.02,152.2,131418.0,-1
2026-08-11,2026-08-11 15:00:00,863.0,874.0,855.1,863.0,0.0,152.2,131418.0,0
2026-08-12,2026-08-12 11:00:00,865.0,877.3,853.3,864.58,-0.05,724.32,618787.02,-1
2026-08-12,2026-08-12 11:10:00,864.58,864.58,864.17,864.17,-0.05,724.32,618787.02,-1
2026-08-12,2026-08-12 11:20:00,864.17,864.17,863.75,863.75,-0.05,724.32,618787.02,-1
2026-08-12,2026-08-12 11:30:00,863.75,863.75,863.33,863.33,-0.05,724.32,618787.02,-1
2026-08-12,2026-08-12 11:40:00,863.33,863.33,862.92,862.92,-0.05,724.32,618787.02,-1
2026-08-12,2026-08-12 11:50:00,862.92,862.92,862.5,862.5,-0.05,724.32,618787.02,-1
2026-08-12,2026-08-12 12:00:00,862.5,862.5,862.08,862.08,-0.05,724.32,618787.02,-1
2026-08-12,2026-08-12 12:10:00,862.08,862.08,861.67,861.67,-0.05,724.32,618787.02,-1
2026-08-12,2026-08-12 12:20:00,861.67,861.67,861.25,861.25,-0.05,724.32,618787.02,-1
2026-08-12,2026-08-12 12:30:00,861.25,861.25,860.83,860.83,-0.05,724.32,618787.02,-1
2026-08-12,2026-08-12 12:40:00,860.83,860.83,860.42,860.42,-0.05,724.32,618787.02,-1
2026-08-12,2026-08-12 12:50:00,860.42,860.42,860.0,860.0,-0.05,724.32,618787.02,-1
2026-08-12,2026-08-12 13:00:00,860.0,906.0,826.0,859.58,-0.05,724.32,618787.02,-1
2026-08-12,2026-08-12 13:10:00,859.58,859.58,859.17,859.17,-0.05,724.32,618787.02,-1
2026-08-12,2026-08-12 13:20:00,859.17,859.17,858.75,858.75,-0.05,724.32,618787.02,-1
2026-08-12,2026-08-12 13:30:00,858.75,858.75,858.33,858.33,-0.05,724.32,618787.02,-1
2026-08-12,2026-08-12 13:40:00,858.33,858.33,857.92,857.92,-0.05,724.32,618787.02,-1
2026-08-12,2026-08-12 13:50:00,857.92,857.92,857.5,857.5,-0.05,724.32,618787.02,-1
2026-08-12,2026-08-12 14:00:00,857.5,857.5,857.08,857.08,-0.05,724.32,618787.02,-1
2026-08-12,2026-08-12 14:10:00,857.08,857.08,856.67,856.67,-0.05,724.32,618787.02,-1
2026-08-12,2026-08-12 14:20:00,856.67,856.67,856.25,856.25,-0.05,724.32,618787.02,-1
2026-08-12,2026-08-12 14:30:00,856.25,856.25,855.83,855.83,-0.05,724.32,618787.02,-1
2026-08-12,2026-08-12 14:40:00,855.83,855.83,855.42,855.42,-0.05,724.32,618787.02,-1
2026-08-12,2026-08-12 14:50:00,855.42,855.42,855.0,855.0,-0.05,724.32,618787.02,-1
2026-08-12,2026-08-12 15:00:00,855.0,906.0,826.0,855.0,0.0,724.32,618787.02,0
2026-08-13,2026-08-13 11:00:00,850.1,853.37,846.56,850.3,0.02,139.4,118872.44,1
2026-08-13,2026-08-13 11:10:00,850.3,850.51,850.3,850.51,0.02,139.4,118872.44,1
2026-08-13,2026-08-13 11:20:00,850.51,850.71,850.51,850.71,0.02,139.4,118872.44,1
2026-08-13,2026-08-13 11:30:00,850.71,850.92,850.71,850.92,0.02,139.4,118872.44,1
2026-08-13,2026-08-13 11:40:00,850.92,851.12,850.92,851.12,0.02,139.4,118872.44,1
2026-08-13,2026-08-13 11:50:00,851.12,851.33,851.12,851.33,0.02,139.4,118872.44,1
2026-08-13,2026-08-13 12:00:00,851.33,851.53,851.33,851.53,0.02,139.4,118872.44,1
2026-08-13,2026-08-13 12:10:00,851.53,851.73,851.53,851.73,0.02,139.4,118872.44,1
2026-08-13,2026-08-13 12:20:00,851.73,851.94,851.73,851.94,0.02,139.4,118872.44,1
2026-08-13,2026-08-13 12:30:00,851.94,852.14,851.94,852.14,0.02,139.4,118872.44,1
2026-08-13,2026-08-13 12:40:00,852.14,852.35,852.14,852.35,0.02,139.4,118872.44,1
2026-08-13,2026-08-13 12:50:00,852.35,852.55,852.35,852.55,0.02,139.4,118872.44,1
2026-08-13,2026-08-13 13:00:00,852.55,861.0,838.3,852.75,0.02,139.4,118872.44,1
2026-08-13,2026-08-13 13:10:00,852.75,852.96,852.75,852.96,0.02,139.4,118872.44,1
2026-08-13,2026-08-13 13:20:00,852.96,853.16,852.96,853.16,0.02,139.4,118872.44,1
2026-08-13,2026-08-13 13:30:00,853.16,853.37,853.16,853.37,0.02,139.4,118872.44,1
2026-08-13,2026-08-13 13:40:00,853.37,853.57,853.37,853.57,0.02,139.4,118872.44,1
2026-08-13,2026-08-13 13:50:00,853.57,853.77,853.57,853.77,0.02,139.4,118872.44,1
2026-08-13,2026-08-13 14:00:00,853.77,853.98,853.77,853.98,0.02,139.4,118872.44,1
2026-08-13,2026-08-13 14:10:00,853.98,854.18,853.98,854.18,0.02,139.4,118872.44,1
2026-08-13,2026-08-13 14:20:00,854.18,854.39,854.18,854.39,0.02,139.4,118872.44,1
2026-08-13,2026-08-13 14:30:00,854.39,854.59,854.39,854.59,0.02,139.4,118872.44,1
2026-08-13,2026-08-13 14:40:00,854.59,854.8,854.59,854.8,0.02,139.4,118872.44,1
2026-08-13,2026-08-13 14:50:00,854.8,855.0,854.8,855.0,0.02,139.4,118872.44,1
2026-08-13,2026-08-13 15:00:00,855.0,861.0,838.3,855.0,0.0,139.4,118872.44,0
2026-08-13,2026-08-13 14:45:00,850.1,861.0,838.3,855.0,0.0,3485.0,2971811.0,1
2026-08-20,2026-08-20 15:48:00,888.0,925.0,867.0,925.0,4.06,29089.0,25768894.4,1
