published_date,timestamp,open,high,low,close,per_change,traded_quantity,traded_amount,status
2024-05-05,2024-05-05 11:00:00,1000.0,1008.55,1000.0,1001.15,0.11,8.2,8308.12,1
2024-05-05,2024-05-05 11:10:00,1001.15,1002.3,1001.15,1002.3,0.11,8.2,8308.12,1
2024-05-05,2024-05-05 11:20:00,1002.3,1003.45,1002.3,1003.45,0.11,8.2,8308.12,1
2024-05-05,2024-05-05 11:30:00,1003.45,1004.6,1003.45,1004.6,0.11,8.2,8308.12,1
2024-05-05,2024-05-05 11:40:00,1004.6,1005.75,1004.6,1005.75,0.11,8.2,8308.12,1
2024-05-05,2024-05-05 11:50:00,1005.75,1006.9,1005.75,1006.9,0.11,8.2,8308.12,1
2024-05-05,2024-05-05 12:00:00,1006.9,1008.05,1006.9,1008.05,0.11,8.2,8308.12,1
2024-05-05,2024-05-05 12:10:00,1008.05,1009.2,1008.05,1009.2,0.11,8.2,8308.12,1
2024-05-05,2024-05-05 12:20:00,1009.2,1010.35,1009.2,1010.35,0.11,8.2,8308.12,1
2024-05-05,2024-05-05 12:30:00,1010.35,1011.5,1010.35,1011.5,0.11,8.2,8308.12,1
2024-05-05,2024-05-05 12:40:00,1011.5,1012.65,1011.5,1012.65,0.11,8.2,8308.12,1
2024-05-05,2024-05-05 12:50:00,1012.65,1013.8,1012.65,1013.8,0.11,8.2,8308.12,1
2024-05-05,2024-05-05 13:00:00,1013.8,1028.5,1000.0,1014.95,0.11,8.2,8308.12,1
2024-05-05,2024-05-05 13:10:00,1014.95,1016.1,1014.95,1016.1,0.11,8.2,8308.12,1
2024-05-05,2024-05-05 13:20:00,1016.1,1017.25,1016.1,1017.25,0.11,8.2,8308.12,1
2024-05-05,2024-05-05 13:30:00,1017.25,1018.4,1017.25,1018.4,0.11,8.2,8308.12,1
2024-05-05,2024-05-05 13:40:00,1018.4,1019.55,1018.4,1019.55,0.11,8.2,8308.12,1
2024-05-05,2024-05-05 13:50:00,1019.55,1020.7,1019.55,1020.7,0.11,8.2,8308.12,1
2024-05-05,2024-05-05 14:00:00,1020.7,1021.85,1020.7,1021.85,0.11,8.2,8308.12,1
2024-05-05,2024-05-05 14:10:00,1021.85,1023.0,1021.85,1023.0,0.11,8.2,8308.12,1
2024-05-05,2024-05-05 14:20:00,1023.0,1024.15,1023.0,1024.15,0.11,8.2,8308.12,1
2024-05-05,2024-05-05 14:30:00,1024.15,1025.3,1024.15,1025.3,0.11,8.2,8308.12,1
2024-05-05,2024-05-05 14:40:00,1025.3,1026.45,1025.3,1026.45,0.11,8.2,8308.12,1
2024-05-05,2024-05-05 14:50:00,1026.45,1027.6,1026.45,1027.6,0.11,8.2,8308.12,1
2024-05-05,2024-05-05 15:00:00,1027.6,1028.5,1000.0,1027.6,0.0,8.2,8308.12,0
2024-05-06,2024-05-06 11:00:00,1040.0,1040.0,1040.0,1040.0,0.0,1.0,1040.0,0
2024-05-06,2024-05-06 11:10:00,1040.0,1040.0,1040.0,1040.0,0.0,1.0,1040.0,0
2024-05-06,2024-05-06 11:20:00,1040.0,1040.0,1040.0,1040.0,0.0,1.0,1040.0,0
2024-05-06,2024-05-06 11:30:00,1040.0,1040.0,1040.0,1040.0,0.0,1.0,1040.0,0
2024-05-06,2024-05-06 11:40:00,1040.0,1040.0,1040.0,1040.0,0.0,1.0,1040.0,0
2024-05-06,2024-05-06 11:50:00,1040.0,1040.0,1040.0,1040.0,0.0,1.0,1040.0,0
2024-05-06,2024-05-06 12:00:00,1040.0,1040.0,1040.0,1040.0,0.0,1.0,1040.0,0
2024-05-06,2024-05-06 12:10:00,1040.0,1040.0,1040.0,1040.0,0.0,1.0,1040.0,0
2024-05-06,2024-05-06 12:20:00,1040.0,1040.0,1040.0,1040.0,0.0,1.0,1040.0,0
2024-05-06,2024-05-06 12:30:00,1040.0,1040.0,1040.0,1040.0,0.0,1.0,1040.0,0
2024-05-06,2024-05-06 12:40:00,1040.0,1040.0,1040.0,1040.0,0.0,1.0,1040.0,0
2024-05-06,2024-05-06 12:50:00,1040.0,1040.0,1040.0,1040.0,0.0,1.0,1040.0,0
2024-05-06,2024-05-06 13:00:00,1040.0,1040.0,1040.0,1040.0,0.0,1.0,1040.0,0
2024-05-06,2024-05-06 13:10:00,1040.0,1040.0,1040.0,1040.0,0.0,1.0,1040.0,0
2024-05-06,2024-05-06 13:20:00,1040.0,1040.0,1040.0,1040.0,0.0,1.0,1040.0,0
2024-05-06,2024-05-06 13:30:00,1040.0,1040.0,1040.0,1040.0,0.0,1.0,1040.0,0
2024-05-06,2024-05-06 13:40:00,1040.0,1040.0,1040.0,1040.0,0.0,1.0,1040.0,0
2024-05-06,2024-05-06 13:50:00,1040.0,1040.0,1040.0,1040.0,0.0,1.0,1040.0,0
2024-05-06,2024-05-06 14:00:00,1040.0,1040.0,1040.0,1040.0,0.0,1.0,1040.0,0
2024-05-06,2024-05-06 14:10:00,1040.0,1040.0,1040.0,1040.0,0.0,1.0,1040.0,0
2024-05-06,2024-05-06 14:20:00,1040.0,1040.0,1040.0,1040.0,0.0,1.0,1040.0,0
2024-05-06,2024-05-06 14:30:00,1040.0,1040.0,1040.0,1040.0,0.0,1.0,1040.0,0
2024-05-06,2024-05-06 14:40:00,1040.0,1040.0,1040.0,1040.0,0.0,1.0,1040.0,0
2024-05-06,2024-05-06 14:50:00,1040.0,1040.0,1040.0,1040.0,0.0,1.0,1040.0,0
2024-05-06,2024-05-06 15:00:00,1040.0,1040.0,1040.0,1040.0,0.0,1.0,1040.0,0
2024-05-07,2024-05-07 11:00:00,1040.0,1040.0,1040.0,1040.0,0.0,1.0,1040.0,0
2024-05-07,2024-05-07 11:10:00,1040.0,1040.0,1040.0,1040.0,0.0,1.0,1040.0,0
2024-05-07,2024-05-07 11:20:00,1040.0,1040.0,1040.0,1040.0,0.0,1.0,1040.0,0
2024-05-07,2024-05-07 11:30:00,1040.0,1040.0,1040.0,1040.0,0.0,1.0,1040.0,0
2024-05-07,2024-05-07 11:40:00,1040.0,1040.0,1040.0,1040.0,0.0,1.0,1040.0,0
2024-05-07,2024-05-07 11:50:00,1040.0,1040.0,1040.0,1040.0,0.0,1.0,1040.0,0
2024-05-07,2024-05-07 12:00:00,1040.0,1040.0,1040.0,1040.0,0.0,1.0,1040.0,0
2024-05-07,2024-05-07 12:10:00,1040.0,1040.0,1040.0,1040.0,0.0,1.0,1040.0,0
2024-05-07,2024-05-07 12:20:00,1040.0,1040.0,1040.0,1040.0,0.0,1.0,1040.0,0
2024-05-07,2024-05-07 12:30:00,1040.0,1040.0,1040.0,1040.0,0.0,1.0,1040.0,0
2024-05-07,2024-05-07 12:40:00,1040.0,1040.0,1040.0,1040.0,0.0,1.0,1040.0,0
2024-05-07,2024-05-07 12:50:00,1040.0,1040.0,1040.0,1040.0,0.0,1.0,1040.0,0
2024-05-07,2024-05-07 13:00:00,1040.0,1040.0,1040.0,1040.0,0.0,1.0,1040.0,0
2024-05-07,2024-05-07 13:10:00,1040.0,1040.0,1040.0,1040.0,0.0,1.0,1040.0,0
2024-05-07,2024-05-07 13:20:00,1040.0,1040.0,1040.0,1040.0,0.0,1.0,1040.0,0
2024-05-07,2024-05-07 13:30:00,1040.0,1040.0,1040.0,1040.0,0.0,1.0,1040.0,0
2024-05-07,2024-05-07 13:40:00,1040.0,1040.0,1040.0,1040.0,0.0,1.0,1040.0,0
2024-05-07,2024-05-07 13:50:00,1040.0,1040.0,1040.0,1040.0,0.0,1.0,1040.0,0
2024-05-07,2024-05-07 14:00:00,1040.0,1040.0,1040.0,1040.0,0.0,1.0,1040.0,0
2024-05-07,2024-05-07 14:10:00,1040.0,1040.0,1040.0,1040.0,0.0,1.0,1040.0,0
2024-05-07,2024-05-07 14:20:00,1040.0,1040.0,1040.0,1040.0,0.0,1.0,1040.0,0
2024-05-07,2024-05-07 14:30:00,1040.0,1040.0,1040.0,1040.0,0.0,1.0,1040.0,0
2024-05-07,2024-05-07 14:40:00,1040.0,1040.0,1040.0,1040.0,0.0,1.0,1040.0,0
2024-05-07,2024-05-07 14:50:00,1040.0,1040.0,1040.0,1040.0,0.0,1.0,1040.0,0
2024-05-07,2024-05-07 15:00:00,1040.0,1040.0,1040.0,1040.0,0.0,1.0,1040.0,0
2024-05-09,2024-05-09 11:00:00,1030.1,1030.31,1030.07,1030.13,0.0,4.2,4327.04,1
2024-05-09,2024-05-09 11:10:00,1030.13,1030.16,1030.13,1030.16,0.0,4.2,4327.04,1
2024-05-09,2024-05-09 11:20:00,1030.16,1030.19,1030.16,1030.19,0.0,4.2,4327.04,1
2024-05-09,2024-05-09 11:30:00,1030.19,1030.22,1030.19,1030.22,0.0,4.2,4327.04,1
2024-05-09,2024-05-09 11:40:00,1030.22,1030.25,1030.22,1030.25,0.0,4.2,4327.04,1
2024-05-09,2024-05-09 11:50:00,1030.25,1030.27,1030.25,1030.27,0.0,4.2,4327.04,1
2024-05-09,2024-05-09 12:00:00,1030.27,1030.3,1030.27,1030.3,0.0,4.2,4327.04,1
2024-05-09,2024-05-09 12:10:00,1030.3,1030.33,1030.3,1030.33,0.0,4.2,4327.04,1
2024-05-09,2024-05-09 12:20:00,1030.33,1030.36,1030.33,1030.36,0.0,4.2,4327.04,1
2024-05-09,2024-05-09 12:30:00,1030.36,1030.39,1030.36,1030.39,0.0,4.2,4327.04,1
2024-05-09,2024-05-09 12:40:00,1030.39,1030.42,1030.39,1030.42,0.0,4.2,4327.04,1
2024-05-09,2024-05-09 12:50:00,1030.42,1030.45,1030.42,1030.45,0.0,4.2,4327.04,1
2024-05-09,2024-05-09 13:00:00,1030.45,1030.8,1030.0,1030.48,0.0,4.2,4327.04,1
2024-05-09,2024-05-09 13:10:00,1030.48,1030.51,1030.48,1030.51,0.0,4.2,4327.04,1
2024-05-09,2024-05-09 13:20:00,1030.51,1030.54,1030.51,1030.54,0.0,4.2,4327.04,1
2024-05-09,2024-05-09 13:30:00,1030.54,1030.57,1030.54,1030.57,0.0,4.2,4327.04,1
2024-05-09,2024-05-09 13:40:00,1030.57,1030.6,1030.57,1030.6,0.0,4.2,4327.04,1
2024-05-09,2024-05-09 13:50:00,1030.6,1030.62,1030.6,1030.62,0.0,4.2,4327.04,1
2024-05-09,2024-05-09 14:00:00,1030.62,1030.65,1030.62,1030.65,0.0,4.2,4327.04,1
2024-05-09,2024-05-09 14:10:00,1030.65,1030.68,1030.65,1030.68,0.0,4.2,4327.04,1
2024-05-09,2024-05-09 14:20:00,1030.68,1030.71,1030.68,1030.71,0.0,4.2,4327.04,1
2024-05-09,2024-05-09 14:30:00,1030.71,1030.74,1030.71,1030.74,0.0,4.2,4327.04,1
2024-05-09,2024-05-09 14:40:00,1030.74,1030.77,1030.74,1030.77,0.0,4.2,4327.04,1
2024-05-09,2024-05-09 14:50:00,1030.77,1030.8,1030.77,1030.8,0.0,4.2,4327.04,1
2024-05-09,2024-05-09 15:00:00,1030.8,1030.8,1030.0,1030.8,0.0,4.2,4327.04,0
2024-05-13,2024-05-13 11:00:00,1030.0,1030.03,1030.0,1030.0,0.0,2.0,2060.1,0
2024-05-13,2024-05-13 11:10:00,1030.0,1030.01,1030.0,1030.01,0.0,2.0,2060.1,1
2024-05-13,2024-05-13 11:20:00,1030.01,1030.01,1030.01,1030.01,0.0,2.0,2060.1,0
2024-05-13,2024-05-13 11:30:00,1030.01,1030.02,1030.01,1030.02,0.0,2.0,2060.1,1
2024-05-13,2024-05-13 11:40:00,1030.02,1030.02,1030.02,1030.02,0.0,2.0,2060.1,0
2024-05-13,2024-05-13 11:50:00,1030.02,1030.03,1030.02,1030.03,0.0,2.0,2060.1,1
2024-05-13,2024-05-13 12:00:00,1030.03,1030.03,1030.03,1030.03,0.0,2.0,2060.1,0
2024-05-13,2024-05-13 12:10:00,1030.03,1030.03,1030.03,1030.03,0.0,2.0,2060.1,0
2024-05-13,2024-05-13 12:20:00,1030.03,1030.04,1030.03,1030.04,0.0,2.0,2060.1,1
2024-05-13,2024-05-13 12:30:00,1030.04,1030.04,1030.04,1030.04,0.0,2.0,2060.1,0
2024-05-13,2024-05-13 12:40:00,1030.04,1030.05,1030.04,1030.05,0.0,2.0,2060.1,1
2024-05-13,2024-05-13 12:50:00,1030.05,1030.05,1030.05,1030.05,0.0,2.0,2060.1,0
2024-05-13,2024-05-13 13:00:00,1030.05,1030.1,1030.0,1030.05,0.0,2.0,2060.1,0
2024-05-13,2024-05-13 13:10:00,1030.05,1030.06,1030.05,1030.06,0.0,2.0,2060.1,1
2024-05-13,2024-05-13 13:20:00,1030.06,1030.06,1030.06,1030.06,0.0,2.0,2060.1,0
2024-05-13,2024-05-13 13:30:00,1030.06,1030.07,1030.06,1030.07,0.0,2.0,2060.1,1
2024-05-13,2024-05-13 13:40:00,1030.07,1030.07,1030.07,1030.07,0.0,2.0,2060.1,0
2024-05-13,2024-05-13 13:50:00,1030.07,1030.07,1030.07,1030.07,0.0,2.0,2060.1,0
2024-05-13,2024-05-13 14:00:00,1030.07,1030.08,1030.07,1030.08,0.0,2.0,2060.1,1
2024-05-13,2024-05-13 14:10:00,1030.08,1030.08,1030.08,1030.08,0.0,2.0,2060.1,0
2024-05-13,2024-05-13 14:20:00,1030.08,1030.09,1030.08,1030.09,0.0,2.0,2060.1,1
2024-05-13,2024-05-13 14:30:00,1030.09,1030.09,1030.09,1030.09,0.0,2.0,2060.1,0
2024-05-13,2024-05-13 14:40:00,1030.09,1030.1,1030.09,1030.1,0.0,2.0,2060.1,1
2024-05-13,2024-05-13 14:50:00,1030.1,1030.1,1030.1,1030.1,0.0,2.0,2060.1,0
2024-05-13,2024-05-13 15:00:00,1030.1,1030.1,1030.0,1030.1,0.0,2.0,2060.1,0
2024-05-14,2024-05-14 11:00:00,1035.0,1042.5,1035.0,1036.04,0.1,7.0,7324.9,1
2024-05-14,2024-05-14 11:10:00,1036.04,1037.08,1036.04,1037.08,0.1,7.0,7324.9,1
2024-05-14,2024-05-14 11:20:00,1037.08,1038.12,1037.08,1038.12,0.1,7.0,7324.9,1
2024-05-14,2024-05-14 11:30:00,1038.12,1039.17,1038.12,1039.17,0.1,7.0,7324.9,1
2024-05-14,2024-05-14 11:40:00,1039.17,1040.21,1039.17,1040.21,0.1,7.0,7324.9,1
2024-05-14,2024-05-14 11:50:00,1040.21,1041.25,1040.21,1041.25,0.1,7.0,7324.9,1
2024-05-14,2024-05-14 12:00:00,1041.25,1042.29,1041.25,1042.29,0.1,7.0,7324.9,1
2024-05-14,2024-05-14 12:10:00,1042.29,1043.33,1042.29,1043.33,0.1,7.0,7324.9,1
2024-05-14,2024-05-14 12:20:00,1043.33,1044.38,1043.33,1044.38,0.1,7.0,7324.9,1
2024-05-14,2024-05-14 12:30:00,1044.38,1045.42,1044.38,1045.42,0.1,7.0,7324.9,1
2024-05-14,2024-05-14 12:40:00,1045.42,1046.46,1045.42,1046.46,0.1,7.0,7324.9,1
2024-05-14,2024-05-14 12:50:00,1046.46,1047.5,1046.46,1047.5,0.1,7.0,7324.9,1
2024-05-14,2024-05-14 13:00:00,1047.5,1060.0,1035.0,1048.54,0.1,7.0,7324.9,1
2024-05-14,2024-05-14 13:10:00,1048.54,1049.58,1048.54,1049.58,0.1,7.0,7324.9,1
2024-05-14,2024-05-14 13:20:00,1049.58,1050.62,1049.58,1050.62,0.1,7.0,7324.9,1
2024-05-14,2024-05-14 13:30:00,1050.62,1051.67,1050.62,1051.67,0.1,7.0,7324.9,1
2024-05-14,2024-05-14 13:40:00,1051.67,1052.71,1051.67,1052.71,0.1,7.0,7324.9,1
2024-05-14,2024-05-14 13:50:00,1052.71,1053.75,1052.71,1053.75,0.1,7.0,7324.9,1
2024-05-14,2024-05-14 14:00:00,1053.75,1054.79,1053.75,1054.79,0.1,7.0,7324.9,1
2024-05-14,2024-05-14 14:10:00,1054.79,1055.83,1054.79,1055.83,0.1,7.0,7324.9,1
2024-05-14,2024-05-14 14:20:00,1055.83,1056.88,1055.83,1056.88,0.1,7.0,7324.9,1
2024-05-14,2024-05-14 14:30:00,1056.88,1057.92,1056.88,1057.92,0.1,7.0,7324.9,1
2024-05-14,2024-05-14 14:40:00,1057.92,1058.96,1057.92,1058.96,0.1,7.0,7324.9,1
2024-05-14,2024-05-14 14:50:00,1058.96,1060.0,1058.96,1060.0,0.1,7.0,7324.9,1
2024-05-14,2024-05-14 15:00:00,1060.0,1060.0,1035.0,1060.0,0.0,7.0,7324.9,0
2024-05-19,2024-05-19 11:00:00,1040.1,1043.07,1040.1,1040.51,0.04,3.0,3130.28,1
2024-05-19,2024-05-19 11:10:00,1040.51,1040.92,1040.51,1040.92,0.04,3.0,3130.28,1
2024-05-19,2024-05-19 11:20:00,1040.92,1041.34,1040.92,1041.34,0.04,3.0,3130.28,1
2024-05-19,2024-05-19 11:30:00,1041.34,1041.75,1041.34,1041.75,0.04,3.0,3130.28,1
2024-05-19,2024-05-19 11:40:00,1041.75,1042.16,1041.75,1042.16,0.04,3.0,3130.28,1
2024-05-19,2024-05-19 11:50:00,1042.16,1042.57,1042.16,1042.57,0.04,3.0,3130.28,1
2024-05-19,2024-05-19 12:00:00,1042.57,1042.99,1042.57,1042.99,0.04,3.0,3130.28,1
2024-05-19,2024-05-19 12:10:00,1042.99,1043.4,1042.99,1043.4,0.04,3.0,3130.28,1
2024-05-19,2024-05-19 12:20:00,1043.4,1043.81,1043.4,1043.81,0.04,3.0,3130.28,1
2024-05-19,2024-05-19 12:30:00,1043.81,1044.22,1043.81,1044.22,0.04,3.0,3130.28,1
2024-05-19,2024-05-19 12:40:00,1044.22,1044.64,1044.22,1044.64,0.04,3.0,3130.28,1
2024-05-19,2024-05-19 12:50:00,1044.64,1045.05,1044.64,1045.05,0.04,3.0,3130.28,1
2024-05-19,2024-05-19 13:00:00,1045.05,1050.0,1040.1,1045.46,0.04,3.0,3130.28,1
2024-05-19,2024-05-19 13:10:00,1045.46,1045.88,1045.46,1045.88,0.04,3.0,3130.28,1
2024-05-19,2024-05-19 13:20:00,1045.88,1046.29,1045.88,1046.29,0.04,3.0,3130.28,1
2024-05-19,2024-05-19 13:30:00,1046.29,1046.7,1046.29,1046.7,0.04,3.0,3130.28,1
2024-05-19,2024-05-19 13:40:00,1046.7,1047.11,1046.7,1047.11,0.04,3.0,3130.28,1
2024-05-19,2024-05-19 13:50:00,1047.11,1047.53,1047.11,1047.53,0.04,3.0,3130.28,1
2024-05-19,2024-05-19 14:00:00,1047.53,1047.94,1047.53,1047.94,0.04,3.0,3130.28,1
2024-05-19,2024-05-19 14:10:00,1047.94,1048.35,1047.94,1048.35,0.04,3.0,3130.28,1
2024-05-19,2024-05-19 14:20:00,1048.35,1048.76,1048.35,1048.76,0.04,3.0,3130.28,1
2024-05-19,2024-05-19 14:30:00,1048.76,1049.17,1048.76,1049.17,0.04,3.0,3130.28,1
2024-05-19,2024-05-19 14:40:00,1049.17,1049.59,1049.17,1049.59,0.04,3.0,3130.28,1
2024-05-19,2024-05-19 14:50:00,1049.59,1050.0,1049.59,1050.0,0.04,3.0,3130.28,1
2024-05-19,2024-05-19 15:00:00,1050.0,1050.0,1040.1,1050.0,0.0,3.0,3130.28,0
2024-05-20,2024-05-20 11:00:00,1050.0,1050.0,1047.45,1049.67,-0.03,5.0,5225.7,-1
2024-05-20,2024-05-20 11:10:00,1049.67,1049.67,1049.35,1049.35,-0.03,5.0,5225.7,-1
2024-05-20,2024-05-20 11:20:00,1049.35,1049.35,1049.03,1049.03,-0.03,5.0,5225.7,-1
2024-05-20,2024-05-20 11:30:00,1049.03,1049.03,1048.7,1048.7,-0.03,5.0,5225.7,-1
2024-05-20,2024-05-20 11:40:00,1048.7,1048.7,1048.38,1048.38,-0.03,5.0,5225.7,-1
2024-05-20,2024-05-20 11:50:00,1048.38,1048.38,1048.05,1048.05,-0.03,5.0,5225.7,-1
2024-05-20,2024-05-20 12:00:00,1048.05,1048.05,1047.72,1047.72,-0.03,5.0,5225.7,-1
2024-05-20,2024-05-20 12:10:00,1047.72,1047.72,1047.4,1047.4,-0.03,5.0,5225.7,-1
2024-05-20,2024-05-20 12:20:00,1047.4,1047.4,1047.08,1047.08,-0.03,5.0,5225.7,-1
2024-05-20,2024-05-20 12:30:00,1047.08,1047.08,1046.75,1046.75,-0.03,5.0,5225.7,-1
2024-05-20,2024-05-20 12:40:00,1046.75,1046.75,1046.42,1046.42,-0.03,5.0,5225.7,-1
2024-05-20,2024-05-20 12:50:00,1046.42,1046.42,1046.1,1046.1,-0.03,5.0,5225.7,-1
2024-05-20,2024-05-20 13:00:00,1046.1,1050.0,1041.5,1045.78,-0.03,5.0,5225.7,-1
2024-05-20,2024-05-20 13:10:00,1045.78,1045.78,1045.45,1045.45,-0.03,5.0,5225.7,-1
2024-05-20,2024-05-20 13:20:00,1045.45,1045.45,1045.12,1045.12,-0.03,5.0,5225.7,-1
2024-05-20,2024-05-20 13:30:00,1045.12,1045.12,1044.8,1044.8,-0.03,5.0,5225.7,-1
2024-05-20,2024-05-20 13:40:00,1044.8,1044.8,1044.48,1044.48,-0.03,5.0,5225.7,-1
2024-05-20,2024-05-20 13:50:00,1044.48,1044.48,1044.15,1044.15,-0.03,5.0,5225.7,-1
2024-05-20,2024-05-20 14:00:00,1044.15,1044.15,1043.83,1043.83,-0.03,5.0,5225.7,-1
2024-05-20,2024-05-20 14:10:00,1043.83,1043.83,1043.5,1043.5,-0.03,5.0,5225.7,-1
2024-05-20,2024-05-20 14:20:00,1043.5,1043.5,1043.17,1043.17,-0.03,5.0,5225.7,-1
2024-05-20,2024-05-20 14:30:00,1043.17,1043.17,1042.85,1042.85,-0.03,5.0,5225.7,-1
2024-05-20,2024-05-20 14:40:00,1042.85,1042.85,1042.53,1042.53,-0.03,5.0,5225.7,-1
2024-05-20,2024-05-20 14:50:00,1042.53,1042.53,1042.2,1042.2,-0.03,5.0,5225.7,-1
2024-05-20,2024-05-20 15:00:00,1042.2,1050.0,1041.5,1042.2,0.0,5.0,5225.7,0
2024-05-21,2024-05-21 11:00:00,1042.0,1042.6,1042.0,1042.08,0.01,2.0,2086.0,1
2024-05-21,2024-05-21 11:10:00,1042.08,1042.17,1042.08,1042.17,0.01,2.0,2086.0,1
2024-05-21,2024-05-21 11:20:00,1042.17,1042.25,1042.17,1042.25,0.01,2.0,2086.0,1
2024-05-21,2024-05-21 11:30:00,1042.25,1042.33,1042.25,1042.33,0.01,2.0,2086.0,1
2024-05-21,2024-05-21 11:40:00,1042.33,1042.42,1042.33,1042.42,0.01,2.0,2086.0,1
2024-05-21,2024-05-21 11:50:00,1042.42,1042.5,1042.42,1042.5,0.01,2.0,2086.0,1
2024-05-21,2024-05-21 12:00:00,1042.5,1042.58,1042.5,1042.58,0.01,2.0,2086.0,1
2024-05-21,2024-05-21 12:10:00,1042.58,1042.67,1042.58,1042.67,0.01,2.0,2086.0,1
2024-05-21,2024-05-21 12:20:00,1042.67,1042.75,1042.67,1042.75,0.01,2.0,2086.0,1
2024-05-21,2024-05-21 12:30:00,1042.75,1042.83,1042.75,1042.83,0.01,2.0,2086.0,1
2024-05-21,2024-05-21 12:40:00,1042.83,1042.92,1042.83,1042.92,0.01,2.0,2086.0,1
2024-05-21,2024-05-21 12:50:00,1042.92,1043.0,1042.92,1043.0,0.01,2.0,2086.0,1
2024-05-21,2024-05-21 13:00:00,1043.0,1044.0,1042.0,1043.08,0.01,2.0,2086.0,1
2024-05-21,2024-05-21 13:10:00,1043.08,1043.17,1043.08,1043.17,0.01,2.0,2086.0,1
2024-05-21,2024-05-21 13:20:00,1043.17,1043.25,1043.17,1043.25,0.01,2.0,2086.0,1
2024-05-21,2024-05-21 13:30:00,1043.25,1043.33,1043.25,1043.33,0.01,2.0,2086.0,1
2024-05-21,2024-05-21 13:40:00,1043.33,1043.42,1043.33,1043.42,0.01,2.0,2086.0,1
2024-05-21,2024-05-21 13:50:00,1043.42,1043.5,1043.42,1043.5,0.01,2.0,2086.0,1
2024-05-21,2024-05-21 14:00:00,1043.5,1043.58,1043.5,1043.58,0.01,2.0,2086.0,1
2024-05-21,2024-05-21 14:10:00,1043.58,1043.67,1043.58,1043.67,0.01,2.0,2086.0,1
2024-05-21,2024-05-21 14:20:00,1043.67,1043.75,1043.67,1043.75,0.01,2.0,2086.0,1
2024-05-21,2024-05-21 14:30:00,1043.75,1043.83,1043.75,1043.83,0.01,2.0,2086.0,1
2024-05-21,2024-05-21 14:40:00,1043.83,1043.92,1043.83,1043.92,0.01,2.0,2086.0,1
2024-05-21,2024-05-21 14:50:00,1043.92,1044.0,1043.92,1044.0,0.01,2.0,2086.0,1
2024-05-21,2024-05-21 15:00:00,1044.0,1044.0,1042.0,1044.0,0.0,2.0,2086.0,0
2024-05-22,2024-05-22 11:00:00,1044.0,1044.0,1044.0,1044.0,0.0,1.0,1044.0,0
2024-05-22,2024-05-22 11:10:00,1044.0,1044.0,1044.0,1044.0,0.0,1.0,1044.0,0
2024-05-22,2024-05-22 11:20:00,1044.0,1044.0,1044.0,1044.0,0.0,1.0,1044.0,0
2024-05-22,2024-05-22 11:30:00,1044.0,1044.0,1044.0,1044.0,0.0,1.0,1044.0,0
2024-05-22,2024-05-22 11:40:00,1044.0,1044.0,1044.0,1044.0,0.0,1.0,1044.0,0
2024-05-22,2024-05-22 11:50:00,1044.0,1044.0,1044.0,1044.0,0.0,1.0,1044.0,0
2024-05-22,2024-05-22 12:00:00,1044.0,1044.0,1044.0,1044.0,0.0,1.0,1044.0,0
2024-05-22,2024-05-22 12:10:00,1044.0,1044.0,1044.0,1044.0,0.0,1.0,1044.0,0
2024-05-22,2024-05-22 12:20:00,1044.0,1044.0,1044.0,1044.0,0.0,1.0,1044.0,0
2024-05-22,2024-05-22 12:30:00,1044.0,1044.0,1044.0,1044.0,0.0,1.0,1044.0,0
2024-05-22,2024-05-22 12:40:00,1044.0,1044.0,1044.0,1044.0,0.0,1.0,1044.0,0
2024-05-22,2024-05-22 12:50:00,1044.0,1044.0,1044.0,1044.0,0.0,1.0,1044.0,0
2024-05-22,2024-05-22 13:00:00,1044.0,1044.0,1044.0,1044.0,0.0,1.0,1044.0,0
2024-05-22,2024-05-22 13:10:00,1044.0,1044.0,1044.0,1044.0,0.0,1.0,1044.0,0
2024-05-22,2024-05-22 13:20:00,1044.0,1044.0,1044.0,1044.0,0.0,1.0,1044.0,0
2024-05-22,2024-05-22 13:30:00,1044.0,1044.0,1044.0,1044.0,0.0,1.0,1044.0,0
2024-05-22,2024-05-22 13:40:00,1044.0,1044.0,1044.0,1044.0,0.0,1.0,1044.0,0
2024-05-22,2024-05-22 13:50:00,1044.0,1044.0,1044.0,1044.0,0.0,1.0,1044.0,0
2024-05-22,2024-05-22 14:00:00,1044.0,1044.0,1044.0,1044.0,0.0,1.0,1044.0,0
2024-05-22,2024-05-22 14:10:00,1044.0,1044.0,1044.0,1044.0,0.0,1.0,1044.0,0
2024-05-22,2024-05-22 14:20:00,1044.0,1044.0,1044.0,1044.0,0.0,1.0,1044.0,0
2024-05-22,2024-05-22 14:30:00,1044.0,1044.0,1044.0,1044.0,0.0,1.0,1044.0,0
2024-05-22,2024-05-22 14:40:00,1044.0,1044.0,1044.0,1044.0,0.0,1.0,1044.0,0
2024-05-22,2024-05-22 14:50:00,1044.0,1044.0,1044.0,1044.0,0.0,1.0,1044.0,0
2024-05-22,2024-05-22 15:00:00,1044.0,1044.0,1044.0,1044.0,0.0,1.0,1044.0,0
2024-05-29,2024-05-29 11:00:00,1064.8,1064.8,1064.8,1064.8,0.0,0.4,425.92,0
2024-05-29,2024-05-29 11:10:00,1064.8,1064.8,1064.8,1064.8,0.0,0.4,425.92,0
2024-05-29,2024-05-29 11:20:00,1064.8,1064.8,1064.8,1064.8,0.0,0.4,425.92,0
2024-05-29,2024-05-29 11:30:00,1064.8,1064.8,1064.8,1064.8,0.0,0.4,425.92,0
2024-05-29,2024-05-29 11:40:00,1064.8,1064.8,1064.8,1064.8,0.0,0.4,425.92,0
2024-05-29,2024-05-29 11:50:00,1064.8,1064.8,1064.8,1064.8,0.0,0.4,425.92,0
2024-05-29,2024-05-29 12:00:00,1064.8,1064.8,1064.8,1064.8,0.0,0.4,425.92,0
2024-05-29,2024-05-29 12:10:00,1064.8,1064.8,1064.8,1064.8,0.0,0.4,425.92,0
2024-05-29,2024-05-29 12:20:00,1064.8,1064.8,1064.8,1064.8,0.0,0.4,425.92,0
2024-05-29,2024-05-29 12:30:00,1064.8,1064.8,1064.8,1064.8,0.0,0.4,425.92,0
2024-05-29,2024-05-29 12:40:00,1064.8,1064.8,1064.8,1064.8,0.0,0.4,425.92,0
2024-05-29,2024-05-29 12:50:00,1064.8,1064.8,1064.8,1064.8,0.0,0.4,425.92,0
2024-05-29,2024-05-29 13:00:00,1064.8,1064.8,1064.8,1064.8,0.0,0.4,425.92,0
2024-05-29,2024-05-29 13:10:00,1064.8,1064.8,1064.8,1064.8,0.0,0.4,425.92,0
2024-05-29,2024-05-29 13:20:00,1064.8,1064.8,1064.8,1064.8,0.0,0.4,425.92,0
2024-05-29,2024-05-29 13:30:00,1064.8,1064.8,1064.8,1064.8,0.0,0.4,425.92,0
2024-05-29,2024-05-29 13:40:00,1064.8,1064.8,1064.8,1064.8,0.0,0.4,425.92,0
2024-05-29,2024-05-29 13:50:00,1064.8,1064.8,1064.8,1064.8,0.0,0.4,425.92,0
2024-05-29,2024-05-29 14:00:00,1064.8,1064.8,1064.8,1064.8,0.0,0.4,425.92,0
2024-05-29,2024-05-29 14:10:00,1064.8,1064.8,1064.8,1064.8,0.0,0.4,425.92,0
2024-05-29,2024-05-29 14:20:00,1064.8,1064.8,1064.8,1064.8,0.0,0.4,425.92,0
2024-05-29,2024-05-29 14:30:00,1064.8,1064.8,1064.8,1064.8,0.0,0.4,425.92,0
2024-05-29,2024-05-29 14:40:00,1064.8,1064.8,1064.8,1064.8,0.0,0.4,425.92,0
2024-05-29,2024-05-29 14:50:00,1064.8,1064.8,1064.8,1064.8,0.0,0.4,425.92,0
2024-05-29,2024-05-29 15:00:00,1064.8,1064.8,1064.8,1064.8,0.0,0.4,425.92,0
2024-06-04,2024-06-04 11:00:00,1055.0,1055.0,1055.0,1055.0,0.0,1.0,1055.0,0
2024-06-04,2024-06-04 11:10:00,1055.0,1055.0,1055.0,1055.0,0.0,1.0,1055.0,0
2024-06-04,2024-06-04 11:20:00,1055.0,1055.0,1055.0,1055.0,0.0,1.0,1055.0,0
2024-06-04,2024-06-04 11:30:00,1055.0,1055.0,1055.0,1055.0,0.0,1.0,1055.0,0
2024-06-04,2024-06-04 11:40:00,1055.0,1055.0,1055.0,1055.0,0.0,1.0,1055.0,0
2024-06-04,2024-06-04 11:50:00,1055.0,1055.0,1055.0,1055.0,0.0,1.0,1055.0,0
2024-06-04,2024-06-04 12:00:00,1055.0,1055.0,1055.0,1055.0,0.0,1.0,1055.0,0
2024-06-04,2024-06-04 12:10:00,1055.0,1055.0,1055.0,1055.0,0.0,1.0,1055.0,0
2024-06-04,2024-06-04 12:20:00,1055.0,1055.0,1055.0,1055.0,0.0,1.0,1055.0,0
2024-06-04,2024-06-04 12:30:00,1055.0,1055.0,1055.0,1055.0,0.0,1.0,1055.0,0
2024-06-04,2024-06-04 12:40:00,1055.0,1055.0,1055.0,1055.0,0.0,1.0,1055.0,0
2024-06-04,2024-06-04 12:50:00,1055.0,1055.0,1055.0,1055.0,0.0,1.0,1055.0,0
2024-06-04,2024-06-04 13:00:00,1055.0,1055.0,1055.0,1055.0,0.0,1.0,1055.0,0
2024-06-04,2024-06-04 13:10:00,1055.0,1055.0,1055.0,1055.0,0.0,1.0,1055.0,0
2024-06-04,2024-06-04 13:20:00,1055.0,1055.0,1055.0,1055.0,0.0,1.0,1055.0,0
2024-06-04,2024-06-04 13:30:00,1055.0,1055.0,1055.0,1055.0,0.0,1.0,1055.0,0
2024-06-04,2024-06-04 13:40:00,1055.0,1055.0,1055.0,1055.0,0.0,1.0,1055.0,0
2024-06-04,2024-06-04 13:50:00,1055.0,1055.0,1055.0,1055.0,0.0,1.0,1055.0,0
2024-06-04,2024-06-04 14:00:00,1055.0,1055.0,1055.0,1055.0,0.0,1.0,1055.0,0
2024-06-04,2024-06-04 14:10:00,1055.0,1055.0,1055.0,1055.0,0.0,1.0,1055.0,0
2024-06-04,2024-06-04 14:20:00,1055.0,1055.0,1055.0,1055.0,0.0,1.0,1055.0,0
2024-06-04,2024-06-04 14:30:00,1055.0,1055.0,1055.0,1055.0,0.0,1.0,1055.0,0
2024-06-04,2024-06-04 14:40:00,1055.0,1055.0,1055.0,1055.0,0.0,1.0,1055.0,0
2024-06-04,2024-06-04 14:50:00,1055.0,1055.0,1055.0,1055.0,0.0,1.0,1055.0,0
2024-06-04,2024-06-04 15:00:00,1055.0,1055.0,1055.0,1055.0,0.0,1.0,1055.0,0
2024-06-05,2024-06-05 11:00:00,1045.0,1045.0,1045.0,1045.0,0.0,1.0,1045.0,0
2024-06-05,2024-06-05 11:10:00,1045.0,1045.0,1045.0,1045.0,0.0,1.0,1045.0,0
2024-06-05,2024-06-05 11:20:00,1045.0,1045.0,1045.0,1045.0,0.0,1.0,1045.0,0
2024-06-05,2024-06-05 11:30:00,1045.0,1045.0,1045.0,1045.0,0.0,1.0,1045.0,0
2024-06-05,2024-06-05 11:40:00,1045.0,1045.0,1045.0,1045.0,0.0,1.0,1045.0,0
2024-06-05,2024-06-05 11:50:00,1045.0,1045.0,1045.0,1045.0,0.0,1.0,1045.0,0
2024-06-05,2024-06-05 12:00:00,1045.0,1045.0,1045.0,1045.0,0.0,1.0,1045.0,0
2024-06-05,2024-06-05 12:10:00,1045.0,1045.0,1045.0,1045.0,0.0,1.0,1045.0,0
2024-06-05,2024-06-05 12:20:00,1045.0,1045.0,1045.0,1045.0,0.0,1.0,1045.0,0
2024-06-05,2024-06-05 12:30:00,1045.0,1045.0,1045.0,1045.0,0.0,1.0,1045.0,0
2024-06-05,2024-06-05 12:40:00,1045.0,1045.0,1045.0,1045.0,0.0,1.0,1045.0,0
2024-06-05,2024-06-05 12:50:00,1045.0,1045.0,1045.0,1045.0,0.0,1.0,1045.0,0
2024-06-05,2024-06-05 13:00:00,1045.0,1045.0,1045.0,1045.0,0.0,1.0,1045.0,0
2024-06-05,2024-06-05 13:10:00,1045.0,1045.0,1045.0,1045.0,0.0,1.0,1045.0,0
2024-06-05,2024-06-05 13:20:00,1045.0,1045.0,1045.0,1045.0,0.0,1.0,1045.0,0
2024-06-05,2024-06-05 13:30:00,1045.0,1045.0,1045.0,1045.0,0.0,1.0,1045.0,0
2024-06-05,2024-06-05 13:40:00,1045.0,1045.0,1045.0,1045.0,0.0,1.0,1045.0,0
2024-06-05,2024-06-05 13:50:00,1045.0,1045.0,1045.0,1045.0,0.0,1.0,1045.0,0
2024-06-05,2024-06-05 14:00:00,1045.0,1045.0,1045.0,1045.0,0.0,1.0,1045.0,0
2024-06-05,2024-06-05 14:10:00,1045.0,1045.0,1045.0,1045.0,0.0,1.0,1045.0,0
2024-06-05,2024-06-05 14:20:00,1045.0,1045.0,1045.0,1045.0,0.0,1.0,1045.0,0
2024-06-05,2024-06-05 14:30:00,1045.0,1045.0,1045.0,1045.0,0.0,1.0,1045.0,0
2024-06-05,2024-06-05 14:40:00,1045.0,1045.0,1045.0,1045.0,0.0,1.0,1045.0,0
2024-06-05,2024-06-05 14:50:00,1045.0,1045.0,1045.0,1045.0,0.0,1.0,1045.0,0
2024-06-05,2024-06-05 15:00:00,1045.0,1045.0,1045.0,1045.0,0.0,1.0,1045.0,0
2024-06-10,2024-06-10 11:00:00,1065.9,1065.9,1065.9,1065.9,0.0,0.4,426.36,0
2024-06-10,2024-06-10 11:10:00,1065.9,1065.9,1065.9,1065.9,0.0,0.4,426.36,0
2024-06-10,2024-06-10 11:20:00,1065.9,1065.9,1065.9,1065.9,0.0,0.4,426.36,0
2024-06-10,2024-06-10 11:30:00,1065.9,1065.9,1065.9,1065.9,0.0,0.4,426.36,0
2024-06-10,2024-06-10 11:40:00,1065.9,1065.9,1065.9,1065.9,0.0,0.4,426.36,0
2024-06-10,2024-06-10 11:50:00,1065.9,1065.9,1065.9,1065.9,0.0,0.4,426.36,0
2024-06-10,2024-06-10 12:00:00,1065.9,1065.9,1065.9,1065.9,0.0,0.4,426.36,0
2024-06-10,2024-06-10 12:10:00,1065.9,1065.9,1065.9,1065.9,0.0,0.4,426.36,0
2024-06-10,2024-06-10 12:20:00,1065.9,1065.9,1065.9,1065.9,0.0,0.4,426.36,0
2024-06-10,2024-06-10 12:30:00,1065.9,1065.9,1065.9,1065.9,0.0,0.4,426.36,0
2024-06-10,2024-06-10 12:40:00,1065.9,1065.9,1065.9,1065.9,0.0,0.4,426.36,0
2024-06-10,2024-06-10 12:50:00,1065.9,1065.9,1065.9,1065.9,0.0,0.4,426.36,0
2024-06-10,2024-06-10 13:00:00,1065.9,1065.9,1065.9,1065.9,0.0,0.4,426.36,0
2024-06-10,2024-06-10 13:10:00,1065.9,1065.9,1065.9,1065.9,0.0,0.4,426.36,0
2024-06-10,2024-06-10 13:20:00,1065.9,1065.9,1065.9,1065.9,0.0,0.4,426.36,0
2024-06-10,2024-06-10 13:30:00,1065.9,1065.9,1065.9,1065.9,0.0,0.4,426.36,0
2024-06-10,2024-06-10 13:40:00,1065.9,1065.9,1065.9,1065.9,0.0,0.4,426.36,0
2024-06-10,2024-06-10 13:50:00,1065.9,1065.9,1065.9,1065.9,0.0,0.4,426.36,0
2024-06-10,2024-06-10 14:00:00,1065.9,1065.9,1065.9,1065.9,0.0,0.4,426.36,0
2024-06-10,2024-06-10 14:10:00,1065.9,1065.9,1065.9,1065.9,0.0,0.4,426.36,0
2024-06-10,2024-06-10 14:20:00,1065.9,1065.9,1065.9,1065.9,0.0,0.4,426.36,0
2024-06-10,2024-06-10 14:30:00,1065.9,1065.9,1065.9,1065.9,0.0,0.4,426.36,0
2024-06-10,2024-06-10 14:40:00,1065.9,1065.9,1065.9,1065.9,0.0,0.4,426.36,0
2024-06-10,2024-06-10 14:50:00,1065.9,1065.9,1065.9,1065.9,0.0,0.4,426.36,0
2024-06-10,2024-06-10 15:00:00,1065.9,1065.9,1065.9,1065.9,0.0,0.4,426.36,0
2024-06-12,2024-06-12 11:00:00,1045.5,1045.5,1045.23,1045.46,-0.0,2.0,2090.1,-1
2024-06-12,2024-06-12 11:10:00,1045.46,1045.46,1045.42,1045.42,-0.0,2.0,2090.1,-1
2024-06-12,2024-06-12 11:20:00,1045.42,1045.42,1045.39,1045.39,-0.0,2.0,2090.1,-1
2024-06-12,2024-06-12 11:30:00,1045.39,1045.39,1045.35,1045.35,-0.0,2.0,2090.1,-1
2024-06-12,2024-06-12 11:40:00,1045.35,1045.35,1045.31,1045.31,-0.0,2.0,2090.1,-1
2024-06-12,2024-06-12 11:50:00,1045.31,1045.31,1045.28,1045.28,-0.0,2.0,2090.1,-1
2024-06-12,2024-06-12 12:00:00,1045.28,1045.28,1045.24,1045.24,-0.0,2.0,2090.1,-1
2024-06-12,2024-06-12 12:10:00,1045.24,1045.24,1045.2,1045.2,-0.0,2.0,2090.1,-1
2024-06-12,2024-06-12 12:20:00,1045.2,1045.2,1045.16,1045.16,-0.0,2.0,2090.1,-1
2024-06-12,2024-06-12 12:30:00,1045.16,1045.16,1045.12,1045.12,-0.0,2.0,2090.1,-1
2024-06-12,2024-06-12 12:40:00,1045.12,1045.12,1045.09,1045.09,-0.0,2.0,2090.1,-1
2024-06-12,2024-06-12 12:50:00,1045.09,1045.09,1045.05,1045.05,-0.0,2.0,2090.1,-1
2024-06-12,2024-06-12 13:00:00,1045.05,1045.5,1044.6,1045.01,-0.0,2.0,2090.1,-1
2024-06-12,2024-06-12 13:10:00,1045.01,1045.01,1044.97,1044.97,-0.0,2.0,2090.1,-1
2024-06-12,2024-06-12 13:20:00,1044.97,1044.97,1044.94,1044.94,-0.0,2.0,2090.1,-1
2024-06-12,2024-06-12 13:30:00,1044.94,1044.94,1044.9,1044.9,-0.0,2.0,2090.1,-1
2024-06-12,2024-06-12 13:40:00,1044.9,1044.9,1044.86,1044.86,-0.0,2.0,2090.1,-1
2024-06-12,2024-06-12 13:50:00,1044.86,1044.86,1044.82,1044.82,-0.0,2.0,2090.1,-1
2024-06-12,2024-06-12 14:00:00,1044.82,1044.82,1044.79,1044.79,-0.0,2.0,2090.1,-1
2024-06-12,2024-06-12 14:10:00,1044.79,1044.79,1044.75,1044.75,-0.0,2.0,2090.1,-1
2024-06-12,2024-06-12 14:20:00,1044.75,1044.75,1044.71,1044.71,-0.0,2.0,2090.1,-1
2024-06-12,2024-06-12 14:30:00,1044.71,1044.71,1044.67,1044.67,-0.0,2.0,2090.1,-1
2024-06-12,2024-06-12 14:40:00,1044.67,1044.67,1044.64,1044.64,-0.0,2.0,2090.1,-1
2024-06-12,2024-06-12 14:50:00,1044.64,1044.64,1044.6,1044.6,-0.0,2.0,2090.1,-1
2024-06-12,2024-06-12 15:00:00,1044.6,1045.5,1044.6,1044.6,0.0,2.0,2090.1,0
2024-06-16,2024-06-16 11:00:00,1065.4,1065.4,1065.4,1065.4,0.0,1.0,1065.4,0
2024-06-16,2024-06-16 11:10:00,1065.4,1065.4,1065.4,1065.4,0.0,1.0,1065.4,0
2024-06-16,2024-06-16 11:20:00,1065.4,1065.4,1065.4,1065.4,0.0,1.0,1065.4,0
2024-06-16,2024-06-16 11:30:00,1065.4,1065.4,1065.4,1065.4,0.0,1.0,1065.4,0
2024-06-16,2024-06-16 11:40:00,1065.4,1065.4,1065.4,1065.4,0.0,1.0,1065.4,0
2024-06-16,2024-06-16 11:50:00,1065.4,1065.4,1065.4,1065.4,0.0,1.0,1065.4,0
2024-06-16,2024-06-16 12:00:00,1065.4,1065.4,1065.4,1065.4,0.0,1.0,1065.4,0
2024-06-16,2024-06-16 12:10:00,1065.4,1065.4,1065.4,1065.4,0.0,1.0,1065.4,0
2024-06-16,2024-06-16 12:20:00,1065.4,1065.4,1065.4,1065.4,0.0,1.0,1065.4,0
2024-06-16,2024-06-16 12:30:00,1065.4,1065.4,1065.4,1065.4,0.0,1.0,1065.4,0
2024-06-16,2024-06-16 12:40:00,1065.4,1065.4,1065.4,1065.4,0.0,1.0,1065.4,0
2024-06-16,2024-06-16 12:50:00,1065.4,1065.4,1065.4,1065.4,0.0,1.0,1065.4,0
2024-06-16,2024-06-16 13:00:00,1065.4,1065.4,1065.4,1065.4,0.0,1.0,1065.4,0
2024-06-16,2024-06-16 13:10:00,1065.4,1065.4,1065.4,1065.4,0.0,1.0,1065.4,0
2024-06-16,2024-06-16 13:20:00,1065.4,1065.4,1065.4,1065.4,0.0,1.0,1065.4,0
2024-06-16,2024-06-16 13:30:00,1065.4,1065.4,1065.4,1065.4,0.0,1.0,1065.4,0
2024-06-16,2024-06-16 13:40:00,1065.4,1065.4,1065.4,1065.4,0.0,1.0,1065.4,0
2024-06-16,2024-06-16 13:50:00,1065.4,1065.4,1065.4,1065.4,0.0,1.0,1065.4,0
2024-06-16,2024-06-16 14:00:00,1065.4,1065.4,1065.4,1065.4,0.0,1.0,1065.4,0
2024-06-16,2024-06-16 14:10:00,1065.4,1065.4,1065.4,1065.4,0.0,1.0,1065.4,0
2024-06-16,2024-06-16 14:20:00,1065.4,1065.4,1065.4,1065.4,0.0,1.0,1065.4,0
2024-06-16,2024-06-16 14:30:00,1065.4,1065.4,1065.4,1065.4,0.0,1.0,1065.4,0
2024-06-16,2024-06-16 14:40:00,1065.4,1065.4,1065.4,1065.4,0.0,1.0,1065.4,0
2024-06-16,2024-06-16 14:50:00,1065.4,1065.4,1065.4,1065.4,0.0,1.0,1065.4,0
2024-06-16,2024-06-16 15:00:00,1065.4,1065.4,1065.4,1065.4,0.0,1.0,1065.4,0
2024-06-18,2024-06-18 11:00:00,1065.4,1065.4,1065.4,1065.4,0.0,4.0,4261.6,0
2024-06-18,2024-06-18 11:10:00,1065.4,1065.4,1065.4,1065.4,0.0,4.0,4261.6,0
2024-06-18,2024-06-18 11:20:00,1065.4,1065.4,1065.4,1065.4,0.0,4.0,4261.6,0
2024-06-18,2024-06-18 11:30:00,1065.4,1065.4,1065.4,1065.4,0.0,4.0,4261.6,0
2024-06-18,2024-06-18 11:40:00,1065.4,1065.4,1065.4,1065.4,0.0,4.0,4261.6,0
2024-06-18,2024-06-18 11:50:00,1065.4,1065.4,1065.4,1065.4,0.0,4.0,4261.6,0
2024-06-18,2024-06-18 12:00:00,1065.4,1065.4,1065.4,1065.4,0.0,4.0,4261.6,0
2024-06-18,2024-06-18 12:10:00,1065.4,1065.4,1065.4,1065.4,0.0,4.0,4261.6,0
2024-06-18,2024-06-18 12:20:00,1065.4,1065.4,1065.4,1065.4,0.0,4.0,4261.6,0
2024-06-18,2024-06-18 12:30:00,1065.4,1065.4,1065.4,1065.4,0.0,4.0,4261.6,0
2024-06-18,2024-06-18 12:40:00,1065.4,1065.4,1065.4,1065.4,0.0,4.0,4261.6,0
2024-06-18,2024-06-18 12:50:00,1065.4,1065.4,1065.4,1065.4,0.0,4.0,4261.6,0
2024-06-18,2024-06-18 13:00:00,1065.4,1065.4,1065.4,1065.4,0.0,4.0,4261.6,0
2024-06-18,2024-06-18 13:10:00,1065.4,1065.4,1065.4,1065.4,0.0,4.0,4261.6,0
2024-06-18,2024-06-18 13:20:00,1065.4,1065.4,1065.4,1065.4,0.0,4.0,4261.6,0
2024-06-18,2024-06-18 13:30:00,1065.4,1065.4,1065.4,1065.4,0.0,4.0,4261.6,0
2024-06-18,2024-06-18 13:40:00,1065.4,1065.4,1065.4,1065.4,0.0,4.0,4261.6,0
2024-06-18,2024-06-18 13:50:00,1065.4,1065.4,1065.4,1065.4,0.0,4.0,4261.6,0
2024-06-18,2024-06-18 14:00:00,1065.4,1065.4,1065.4,1065.4,0.0,4.0,4261.6,0
2024-06-18,2024-06-18 14:10:00,1065.4,1065.4,1065.4,1065.4,0.0,4.0,4261.6,0
2024-06-18,2024-06-18 14:20:00,1065.4,1065.4,1065.4,1065.4,0.0,4.0,4261.6,0
2024-06-18,2024-06-18 14:30:00,1065.4,1065.4,1065.4,1065.4,0.0,4.0,4261.6,0
2024-06-18,2024-06-18 14:40:00,1065.4,1065.4,1065.4,1065.4,0.0,4.0,4261.6,0
2024-06-18,2024-06-18 14:50:00,1065.4,1065.4,1065.4,1065.4,0.0,4.0,4261.6,0
2024-06-18,2024-06-18 15:00:00,1065.4,1065.4,1065.4,1065.4,0.0,4.0,4261.6,0
2024-06-19,2024-06-19 11:00:00,1070.0,1070.0,1070.0,1070.0,0.0,1.0,1070.0,0
2024-06-19,2024-06-19 11:10:00,1070.0,1070.0,1070.0,1070.0,0.0,1.0,1070.0,0
2024-06-19,2024-06-19 11:20:00,1070.0,1070.0,1070.0,1070.0,0.0,1.0,1070.0,0
2024-06-19,2024-06-19 11:30:00,1070.0,1070.0,1070.0,1070.0,0.0,1.0,1070.0,0
2024-06-19,2024-06-19 11:40:00,1070.0,1070.0,1070.0,1070.0,0.0,1.0,1070.0,0
2024-06-19,2024-06-19 11:50:00,1070.0,1070.0,1070.0,1070.0,0.0,1.0,1070.0,0
2024-06-19,2024-06-19 12:00:00,1070.0,1070.0,1070.0,1070.0,0.0,1.0,1070.0,0
2024-06-19,2024-06-19 12:10:00,1070.0,1070.0,1070.0,1070.0,0.0,1.0,1070.0,0
2024-06-19,2024-06-19 12:20:00,1070.0,1070.0,1070.0,1070.0,0.0,1.0,1070.0,0
2024-06-19,2024-06-19 12:30:00,1070.0,1070.0,1070.0,1070.0,0.0,1.0,1070.0,0
2024-06-19,2024-06-19 12:40:00,1070.0,1070.0,1070.0,1070.0,0.0,1.0,1070.0,0
2024-06-19,2024-06-19 12:50:00,1070.0,1070.0,1070.0,1070.0,0.0,1.0,1070.0,0
2024-06-19,2024-06-19 13:00:00,1070.0,1070.0,1070.0,1070.0,0.0,1.0,1070.0,0
2024-06-19,2024-06-19 13:10:00,1070.0,1070.0,1070.0,1070.0,0.0,1.0,1070.0,0
2024-06-19,2024-06-19 13:20:00,1070.0,1070.0,1070.0,1070.0,0.0,1.0,1070.0,0
2024-06-19,2024-06-19 13:30:00,1070.0,1070.0,1070.0,1070.0,0.0,1.0,1070.0,0
2024-06-19,2024-06-19 13:40:00,1070.0,1070.0,1070.0,1070.0,0.0,1.0,1070.0,0
2024-06-19,2024-06-19 13:50:00,1070.0,1070.0,1070.0,1070.0,0.0,1.0,1070.0,0
2024-06-19,2024-06-19 14:00:00,1070.0,1070.0,1070.0,1070.0,0.0,1.0,1070.0,0
2024-06-19,2024-06-19 14:10:00,1070.0,1070.0,1070.0,1070.0,0.0,1.0,1070.0,0
2024-06-19,2024-06-19 14:20:00,1070.0,1070.0,1070.0,1070.0,0.0,1.0,1070.0,0
2024-06-19,2024-06-19 14:30:00,1070.0,1070.0,1070.0,1070.0,0.0,1.0,1070.0,0
2024-06-19,2024-06-19 14:40:00,1070.0,1070.0,1070.0,1070.0,0.0,1.0,1070.0,0
2024-06-19,2024-06-19 14:50:00,1070.0,1070.0,1070.0,1070.0,0.0,1.0,1070.0,0
2024-06-19,2024-06-19 15:00:00,1070.0,1070.0,1070.0,1070.0,0.0,1.0,1070.0,0
2024-06-24,2024-06-24 11:00:00,1060.0,1060.0,1060.0,1060.0,0.0,1.0,1060.0,0
2024-06-24,2024-06-24 11:10:00,1060.0,1060.0,1060.0,1060.0,0.0,1.0,1060.0,0
2024-06-24,2024-06-24 11:20:00,1060.0,1060.0,1060.0,1060.0,0.0,1.0,1060.0,0
2024-06-24,2024-06-24 11:30:00,1060.0,1060.0,1060.0,1060.0,0.0,1.0,1060.0,0
2024-06-24,2024-06-24 11:40:00,1060.0,1060.0,1060.0,1060.0,0.0,1.0,1060.0,0
2024-06-24,2024-06-24 11:50:00,1060.0,1060.0,1060.0,1060.0,0.0,1.0,1060.0,0
2024-06-24,2024-06-24 12:00:00,1060.0,1060.0,1060.0,1060.0,0.0,1.0,1060.0,0
2024-06-24,2024-06-24 12:10:00,1060.0,1060.0,1060.0,1060.0,0.0,1.0,1060.0,0
2024-06-24,2024-06-24 12:20:00,1060.0,1060.0,1060.0,1060.0,0.0,1.0,1060.0,0
2024-06-24,2024-06-24 12:30:00,1060.0,1060.0,1060.0,1060.0,0.0,1.0,1060.0,0
2024-06-24,2024-06-24 12:40:00,1060.0,1060.0,1060.0,1060.0,0.0,1.0,1060.0,0
2024-06-24,2024-06-24 12:50:00,1060.0,1060.0,1060.0,1060.0,0.0,1.0,1060.0,0
2024-06-24,2024-06-24 13:00:00,1060.0,1060.0,1060.0,1060.0,0.0,1.0,1060.0,0
2024-06-24,2024-06-24 13:10:00,1060.0,1060.0,1060.0,1060.0,0.0,1.0,1060.0,0
2024-06-24,2024-06-24 13:20:00,1060.0,1060.0,1060.0,1060.0,0.0,1.0,1060.0,0
2024-06-24,2024-06-24 13:30:00,1060.0,1060.0,1060.0,1060.0,0.0,1.0,1060.0,0
2024-06-24,2024-06-24 13:40:00,1060.0,1060.0,1060.0,1060.0,0.0,1.0,1060.0,0
2024-06-24,2024-06-24 13:50:00,1060.0,1060.0,1060.0,1060.0,0.0,1.0,1060.0,0
2024-06-24,2024-06-24 14:00:00,1060.0,1060.0,1060.0,1060.0,0.0,1.0,1060.0,0
2024-06-24,2024-06-24 14:10:00,1060.0,1060.0,1060.0,1060.0,0.0,1.0,1060.0,0
2024-06-24,2024-06-24 14:20:00,1060.0,1060.0,1060.0,1060.0,0.0,1.0,1060.0,0
2024-06-24,2024-06-24 14:30:00,1060.0,1060.0,1060.0,1060.0,0.0,1.0,1060.0,0
2024-06-24,2024-06-24 14:40:00,1060.0,1060.0,1060.0,1060.0,0.0,1.0,1060.0,0
2024-06-24,2024-06-24 14:50:00,1060.0,1060.0,1060.0,1060.0,0.0,1.0,1060.0,0
2024-06-24,2024-06-24 15:00:00,1060.0,1060.0,1060.0,1060.0,0.0,1.0,1060.0,0
2024-06-25,2024-06-25 11:00:00,1052.0,1052.0,1052.0,1052.0,0.0,4.0,4208.0,0
2024-06-25,2024-06-25 11:10:00,1052.0,1052.0,1052.0,1052.0,0.0,4.0,4208.0,0
2024-06-25,2024-06-25 11:20:00,1052.0,1052.0,1052.0,1052.0,0.0,4.0,4208.0,0
2024-06-25,2024-06-25 11:30:00,1052.0,1052.0,1052.0,1052.0,0.0,4.0,4208.0,0
2024-06-25,2024-06-25 11:40:00,1052.0,1052.0,1052.0,1052.0,0.0,4.0,4208.0,0
2024-06-25,2024-06-25 11:50:00,1052.0,1052.0,1052.0,1052.0,0.0,4.0,4208.0,0
2024-06-25,2024-06-25 12:00:00,1052.0,1052.0,1052.0,1052.0,0.0,4.0,4208.0,0
2024-06-25,2024-06-25 12:10:00,1052.0,1052.0,1052.0,1052.0,0.0,4.0,4208.0,0
2024-06-25,2024-06-25 12:20:00,1052.0,1052.0,1052.0,1052.0,0.0,4.0,4208.0,0
2024-06-25,2024-06-25 12:30:00,1052.0,1052.0,1052.0,1052.0,0.0,4.0,4208.0,0
2024-06-25,2024-06-25 12:40:00,1052.0,1052.0,1052.0,1052.0,0.0,4.0,4208.0,0
2024-06-25,2024-06-25 12:50:00,1052.0,1052.0,1052.0,1052.0,0.0,4.0,4208.0,0
2024-06-25,2024-06-25 13:00:00,1052.0,1052.0,1052.0,1052.0,0.0,4.0,4208.0,0
2024-06-25,2024-06-25 13:10:00,1052.0,1052.0,1052.0,1052.0,0.0,4.0,4208.0,0
2024-06-25,2024-06-25 13:20:00,1052.0,1052.0,1052.0,1052.0,0.0,4.0,4208.0,0
2024-06-25,2024-06-25 13:30:00,1052.0,1052.0,1052.0,1052.0,0.0,4.0,4208.0,0
2024-06-25,2024-06-25 13:40:00,1052.0,1052.0,1052.0,1052.0,0.0,4.0,4208.0,0
2024-06-25,2024-06-25 13:50:00,1052.0,1052.0,1052.0,1052.0,0.0,4.0,4208.0,0
2024-06-25,2024-06-25 14:00:00,1052.0,1052.0,1052.0,1052.0,0.0,4.0,4208.0,0
2024-06-25,2024-06-25 14:10:00,1052.0,1052.0,1052.0,1052.0,0.0,4.0,4208.0,0
2024-06-25,2024-06-25 14:20:00,1052.0,1052.0,1052.0,1052.0,0.0,4.0,4208.0,0
2024-06-25,2024-06-25 14:30:00,1052.0,1052.0,1052.0,1052.0,0.0,4.0,4208.0,0
2024-06-25,2024-06-25 14:40:00,1052.0,1052.0,1052.0,1052.0,0.0,4.0,4208.0,0
2024-06-25,2024-06-25 14:50:00,1052.0,1052.0,1052.0,1052.0,0.0,4.0,4208.0,0
2024-06-25,2024-06-25 15:00:00,1052.0,1052.0,1052.0,1052.0,0.0,4.0,4208.0,0
2024-06-26,2024-06-26 11:00:00,1050.1,1051.57,1050.07,1050.3,0.02,5.0,5255.1,1
2024-06-26,2024-06-26 11:10:00,1050.3,1050.51,1050.3,1050.51,0.02,5.0,5255.1,1
2024-06-26,2024-06-26 11:20:00,1050.51,1050.71,1050.51,1050.71,0.02,5.0,5255.1,1
2024-06-26,2024-06-26 11:30:00,1050.71,1050.92,1050.71,1050.92,0.02,5.0,5255.1,1
2024-06-26,2024-06-26 11:40:00,1050.92,1051.12,1050.92,1051.12,0.02,5.0,5255.1,1
2024-06-26,2024-06-26 11:50:00,1051.12,1051.32,1051.12,1051.32,0.02,5.0,5255.1,1
2024-06-26,2024-06-26 12:00:00,1051.32,1051.53,1051.32,1051.53,0.02,5.0,5255.1,1
2024-06-26,2024-06-26 12:10:00,1051.53,1051.73,1051.53,1051.73,0.02,5.0,5255.1,1
2024-06-26,2024-06-26 12:20:00,1051.73,1051.94,1051.73,1051.94,0.02,5.0,5255.1,1
2024-06-26,2024-06-26 12:30:00,1051.94,1052.14,1051.94,1052.14,0.02,5.0,5255.1,1
2024-06-26,2024-06-26 12:40:00,1052.14,1052.35,1052.14,1052.35,0.02,5.0,5255.1,1
2024-06-26,2024-06-26 12:50:00,1052.35,1052.55,1052.35,1052.55,0.02,5.0,5255.1,1
2024-06-26,2024-06-26 13:00:00,1052.55,1055.0,1050.0,1052.75,0.02,5.0,5255.1,1
2024-06-26,2024-06-26 13:10:00,1052.75,1052.96,1052.75,1052.96,0.02,5.0,5255.1,1
2024-06-26,2024-06-26 13:20:00,1052.96,1053.16,1052.96,1053.16,0.02,5.0,5255.1,1
2024-06-26,2024-06-26 13:30:00,1053.16,1053.37,1053.16,1053.37,0.02,5.0,5255.1,1
2024-06-26,2024-06-26 13:40:00,1053.37,1053.57,1053.37,1053.57,0.02,5.0,5255.1,1
2024-06-26,2024-06-26 13:50:00,1053.57,1053.78,1053.57,1053.78,0.02,5.0,5255.1,1
2024-06-26,2024-06-26 14:00:00,1053.78,1053.98,1053.78,1053.98,0.02,5.0,5255.1,1
2024-06-26,2024-06-26 14:10:00,1053.98,1054.18,1053.98,1054.18,0.02,5.0,5255.1,1
2024-06-26,2024-06-26 14:20:00,1054.18,1054.39,1054.18,1054.39,0.02,5.0,5255.1,1
2024-06-26,2024-06-26 14:30:00,1054.39,1054.59,1054.39,1054.59,0.02,5.0,5255.1,1
2024-06-26,2024-06-26 14:40:00,1054.59,1054.8,1054.59,1054.8,0.02,5.0,5255.1,1
2024-06-26,2024-06-26 14:50:00,1054.8,1055.0,1054.8,1055.0,0.02,5.0,5255.1,1
2024-06-26,2024-06-26 15:00:00,1055.0,1055.0,1050.0,1055.0,0.0,5.0,5255.1,0
2024-07-01,2024-07-01 11:00:00,1076.1,1076.1,1076.1,1076.1,0.0,0.6,645.66,0
2024-07-01,2024-07-01 11:10:00,1076.1,1076.1,1076.1,1076.1,0.0,0.6,645.66,0
2024-07-01,2024-07-01 11:20:00,1076.1,1076.1,1076.1,1076.1,0.0,0.6,645.66,0
2024-07-01,2024-07-01 11:30:00,1076.1,1076.1,1076.1,1076.1,0.0,0.6,645.66,0
2024-07-01,2024-07-01 11:40:00,1076.1,1076.1,1076.1,1076.1,0.0,0.6,645.66,0
2024-07-01,2024-07-01 11:50:00,1076.1,1076.1,1076.1,1076.1,0.0,0.6,645.66,0
2024-07-01,2024-07-01 12:00:00,1076.1,1076.1,1076.1,1076.1,0.0,0.6,645.66,0
2024-07-01,2024-07-01 12:10:00,1076.1,1076.1,1076.1,1076.1,0.0,0.6,645.66,0
2024-07-01,2024-07-01 12:20:00,1076.1,1076.1,1076.1,1076.1,0.0,0.6,645.66,0
2024-07-01,2024-07-01 12:30:00,1076.1,1076.1,1076.1,1076.1,0.0,0.6,645.66,0
2024-07-01,2024-07-01 12:40:00,1076.1,1076.1,1076.1,1076.1,0.0,0.6,645.66,0
2024-07-01,2024-07-01 12:50:00,1076.1,1076.1,1076.1,1076.1,0.0,0.6,645.66,0
2024-07-01,2024-07-01 13:00:00,1076.1,1076.1,1076.1,1076.1,0.0,0.6,645.66,0
2024-07-01,2024-07-01 13:10:00,1076.1,1076.1,1076.1,1076.1,0.0,0.6,645.66,0
2024-07-01,2024-07-01 13:20:00,1076.1,1076.1,1076.1,1076.1,0.0,0.6,645.66,0
2024-07-01,2024-07-01 13:30:00,1076.1,1076.1,1076.1,1076.1,0.0,0.6,645.66,0
2024-07-01,2024-07-01 13:40:00,1076.1,1076.1,1076.1,1076.1,0.0,0.6,645.66,0
2024-07-01,2024-07-01 13:50:00,1076.1,1076.1,1076.1,1076.1,0.0,0.6,645.66,0
2024-07-01,2024-07-01 14:00:00,1076.1,1076.1,1076.1,1076.1,0.0,0.6,645.66,0
2024-07-01,2024-07-01 14:10:00,1076.1,1076.1,1076.1,1076.1,0.0,0.6,645.66,0
2024-07-01,2024-07-01 14:20:00,1076.1,1076.1,1076.1,1076.1,0.0,0.6,645.66,0
2024-07-01,2024-07-01 14:30:00,1076.1,1076.1,1076.1,1076.1,0.0,0.6,645.66,0
2024-07-01,2024-07-01 14:40:00,1076.1,1076.1,1076.1,1076.1,0.0,0.6,645.66,0
2024-07-01,2024-07-01 14:50:00,1076.1,1076.1,1076.1,1076.1,0.0,0.6,645.66,0
2024-07-01,2024-07-01 15:00:00,1076.1,1076.1,1076.1,1076.1,0.0,0.6,645.66,0
2024-07-04,2024-07-04 11:00:00,1058.5,1058.5,1058.38,1058.48,-0.0,2.0,2116.6,-1
2024-07-04,2024-07-04 11:10:00,1058.48,1058.48,1058.47,1058.47,-0.0,2.0,2116.6,-1
2024-07-04,2024-07-04 11:20:00,1058.47,1058.47,1058.45,1058.45,-0.0,2.0,2116.6,-1
2024-07-04,2024-07-04 11:30:00,1058.45,1058.45,1058.43,1058.43,-0.0,2.0,2116.6,-1
2024-07-04,2024-07-04 11:40:00,1058.43,1058.43,1058.42,1058.42,-0.0,2.0,2116.6,-1
2024-07-04,2024-07-04 11:50:00,1058.42,1058.42,1058.4,1058.4,-0.0,2.0,2116.6,-1
2024-07-04,2024-07-04 12:00:00,1058.4,1058.4,1058.38,1058.38,-0.0,2.0,2116.6,-1
2024-07-04,2024-07-04 12:10:00,1058.38,1058.38,1058.37,1058.37,-0.0,2.0,2116.6,-1
2024-07-04,2024-07-04 12:20:00,1058.37,1058.37,1058.35,1058.35,-0.0,2.0,2116.6,-1
2024-07-04,2024-07-04 12:30:00,1058.35,1058.35,1058.33,1058.33,-0.0,2.0,2116.6,-1
2024-07-04,2024-07-04 12:40:00,1058.33,1058.33,1058.32,1058.32,-0.0,2.0,2116.6,-1
2024-07-04,2024-07-04 12:50:00,1058.32,1058.32,1058.3,1058.3,-0.0,2.0,2116.6,-1
2024-07-04,2024-07-04 13:00:00,1058.3,1058.5,1058.1,1058.28,-0.0,2.0,2116.6,-1
2024-07-04,2024-07-04 13:10:00,1058.28,1058.28,1058.27,1058.27,-0.0,2.0,2116.6,-1
2024-07-04,2024-07-04 13:20:00,1058.27,1058.27,1058.25,1058.25,-0.0,2.0,2116.6,-1
2024-07-04,2024-07-04 13:30:00,1058.25,1058.25,1058.23,1058.23,-0.0,2.0,2116.6,-1
2024-07-04,2024-07-04 13:40:00,1058.23,1058.23,1058.22,1058.22,-0.0,2.0,2116.6,-1
2024-07-04,2024-07-04 13:50:00,1058.22,1058.22,1058.2,1058.2,-0.0,2.0,2116.6,-1
2024-07-04,2024-07-04 14:00:00,1058.2,1058.2,1058.18,1058.18,-0.0,2.0,2116.6,-1
2024-07-04,2024-07-04 14:10:00,1058.18,1058.18,1058.17,1058.17,-0.0,2.0,2116.6,-1
2024-07-04,2024-07-04 14:20:00,1058.17,1058.17,1058.15,1058.15,-0.0,2.0,2116.6,-1
2024-07-04,2024-07-04 14:30:00,1058.15,1058.15,1058.13,1058.13,-0.0,2.0,2116.6,-1
2024-07-04,2024-07-04 14:40:00,1058.13,1058.13,1058.12,1058.12,-0.0,2.0,2116.6,-1
2024-07-04,2024-07-04 14:50:00,1058.12,1058.12,1058.1,1058.1,-0.0,2.0,2116.6,-1
2024-07-04,2024-07-04 15:00:00,1058.1,1058.5,1058.1,1058.1,0.0,2.0,2116.6,0
2024-07-07,2024-07-07 11:00:00,1060.0,1060.0,1060.0,1060.0,0.0,1.0,1060.0,0
2024-07-07,2024-07-07 11:10:00,1060.0,1060.0,1060.0,1060.0,0.0,1.0,1060.0,0
2024-07-07,2024-07-07 11:20:00,1060.0,1060.0,1060.0,1060.0,0.0,1.0,1060.0,0
2024-07-07,2024-07-07 11:30:00,1060.0,1060.0,1060.0,1060.0,0.0,1.0,1060.0,0
2024-07-07,2024-07-07 11:40:00,1060.0,1060.0,1060.0,1060.0,0.0,1.0,1060.0,0
2024-07-07,2024-07-07 11:50:00,1060.0,1060.0,1060.0,1060.0,0.0,1.0,1060.0,0
2024-07-07,2024-07-07 12:00:00,1060.0,1060.0,1060.0,1060.0,0.0,1.0,1060.0,0
2024-07-07,2024-07-07 12:10:00,1060.0,1060.0,1060.0,1060.0,0.0,1.0,1060.0,0
2024-07-07,2024-07-07 12:20:00,1060.0,1060.0,1060.0,1060.0,0.0,1.0,1060.0,0
2024-07-07,2024-07-07 12:30:00,1060.0,1060.0,1060.0,1060.0,0.0,1.0,1060.0,0
2024-07-07,2024-07-07 12:40:00,1060.0,1060.0,1060.0,1060.0,0.0,1.0,1060.0,0
2024-07-07,2024-07-07 12:50:00,1060.0,1060.0,1060.0,1060.0,0.0,1.0,1060.0,0
2024-07-07,2024-07-07 13:00:00,1060.0,1060.0,1060.0,1060.0,0.0,1.0,1060.0,0
2024-07-07,2024-07-07 13:10:00,1060.0,1060.0,1060.0,1060.0,0.0,1.0,1060.0,0
2024-07-07,2024-07-07 13:20:00,1060.0,1060.0,1060.0,1060.0,0.0,1.0,1060.0,0
2024-07-07,2024-07-07 13:30:00,1060.0,1060.0,1060.0,1060.0,0.0,1.0,1060.0,0
2024-07-07,2024-07-07 13:40:00,1060.0,1060.0,1060.0,1060.0,0.0,1.0,1060.0,0
2024-07-07,2024-07-07 13:50:00,1060.0,1060.0,1060.0,1060.0,0.0,1.0,1060.0,0
2024-07-07,2024-07-07 14:00:00,1060.0,1060.0,1060.0,1060.0,0.0,1.0,1060.0,0
2024-07-07,2024-07-07 14:10:00,1060.0,1060.0,1060.0,1060.0,0.0,1.0,1060.0,0
2024-07-07,2024-07-07 14:20:00,1060.0,1060.0,1060.0,1060.0,0.0,1.0,1060.0,0
2024-07-07,2024-07-07 14:30:00,1060.0,1060.0,1060.0,1060.0,0.0,1.0,1060.0,0
2024-07-07,2024-07-07 14:40:00,1060.0,1060.0,1060.0,1060.0,0.0,1.0,1060.0,0
2024-07-07,2024-07-07 14:50:00,1060.0,1060.0,1060.0,1060.0,0.0,1.0,1060.0,0
2024-07-07,2024-07-07 15:00:00,1060.0,1060.0,1060.0,1060.0,0.0,1.0,1060.0,0
2024-07-10,2024-07-10 11:00:00,1081.19,1087.43,1081.19,1082.02,0.08,7.0,7688.19,1
2024-07-10,2024-07-10 11:10:00,1082.02,1082.84,1082.02,1082.84,0.08,7.0,7688.19,1
2024-07-10,2024-07-10 11:20:00,1082.84,1083.67,1082.84,1083.67,0.08,7.0,7688.19,1
2024-07-10,2024-07-10 11:30:00,1083.67,1084.49,1083.67,1084.49,0.08,7.0,7688.19,1
2024-07-10,2024-07-10 11:40:00,1084.49,1085.32,1084.49,1085.32,0.08,7.0,7688.19,1
2024-07-10,2024-07-10 11:50:00,1085.32,1086.14,1085.32,1086.14,0.08,7.0,7688.19,1
2024-07-10,2024-07-10 12:00:00,1086.14,1086.97,1086.14,1086.97,0.08,7.0,7688.19,1
2024-07-10,2024-07-10 12:10:00,1086.97,1087.79,1086.97,1087.79,0.08,7.0,7688.19,1
2024-07-10,2024-07-10 12:20:00,1087.79,1088.62,1087.79,1088.62,0.08,7.0,7688.19,1
2024-07-10,2024-07-10 12:30:00,1088.62,1089.44,1088.62,1089.44,0.08,7.0,7688.19,1
2024-07-10,2024-07-10 12:40:00,1089.44,1090.27,1089.44,1090.27,0.08,7.0,7688.19,1
2024-07-10,2024-07-10 12:50:00,1090.27,1091.1,1090.27,1091.1,0.08,7.0,7688.19,1
2024-07-10,2024-07-10 13:00:00,1091.1,1102.0,1081.19,1091.92,0.08,7.0,7688.19,1
2024-07-10,2024-07-10 13:10:00,1091.92,1092.75,1091.92,1092.75,0.08,7.0,7688.19,1
2024-07-10,2024-07-10 13:20:00,1092.75,1093.57,1092.75,1093.57,0.08,7.0,7688.19,1
2024-07-10,2024-07-10 13:30:00,1093.57,1094.4,1093.57,1094.4,0.08,7.0,7688.19,1
2024-07-10,2024-07-10 13:40:00,1094.4,1095.22,1094.4,1095.22,0.07,7.0,7688.19,1
2024-07-10,2024-07-10 13:50:00,1095.22,1096.05,1095.22,1096.05,0.08,7.0,7688.19,1
2024-07-10,2024-07-10 14:00:00,1096.05,1096.87,1096.05,1096.87,0.07,7.0,7688.19,1
2024-07-10,2024-07-10 14:10:00,1096.87,1097.7,1096.87,1097.7,0.08,7.0,7688.19,1
2024-07-10,2024-07-10 14:20:00,1097.7,1098.52,1097.7,1098.52,0.07,7.0,7688.19,1
2024-07-10,2024-07-10 14:30:00,1098.52,1099.35,1098.52,1099.35,0.08,7.0,7688.19,1
2024-07-10,2024-07-10 14:40:00,1099.35,1100.17,1099.35,1100.17,0.07,7.0,7688.19,1
2024-07-10,2024-07-10 14:50:00,1100.17,1101.0,1100.17,1101.0,0.08,7.0,7688.19,1
2024-07-10,2024-07-10 15:00:00,1101.0,1102.0,1081.19,1101.0,0.0,7.0,7688.19,0
2024-07-11,2024-07-11 11:00:00,1122.5,1129.25,1122.5,1123.44,0.08,8.0,9094.5,1
2024-07-11,2024-07-11 11:10:00,1123.44,1124.38,1123.44,1124.38,0.08,8.0,9094.5,1
2024-07-11,2024-07-11 11:20:00,1124.38,1125.31,1124.38,1125.31,0.08,8.0,9094.5,1
2024-07-11,2024-07-11 11:30:00,1125.31,1126.25,1125.31,1126.25,0.08,8.0,9094.5,1
2024-07-11,2024-07-11 11:40:00,1126.25,1127.19,1126.25,1127.19,0.08,8.0,9094.5,1
2024-07-11,2024-07-11 11:50:00,1127.19,1128.12,1127.19,1128.12,0.08,8.0,9094.5,1
2024-07-11,2024-07-11 12:00:00,1128.12,1129.06,1128.12,1129.06,0.08,8.0,9094.5,1
2024-07-11,2024-07-11 12:10:00,1129.06,1130.0,1129.06,1130.0,0.08,8.0,9094.5,1
2024-07-11,2024-07-11 12:20:00,1130.0,1130.94,1130.0,1130.94,0.08,8.0,9094.5,1
2024-07-11,2024-07-11 12:30:00,1130.94,1131.88,1130.94,1131.88,0.08,8.0,9094.5,1
2024-07-11,2024-07-11 12:40:00,1131.88,1132.81,1131.88,1132.81,0.08,8.0,9094.5,1
2024-07-11,2024-07-11 12:50:00,1132.81,1133.75,1132.81,1133.75,0.08,8.0,9094.5,1
2024-07-11,2024-07-11 13:00:00,1133.75,1145.0,1122.5,1134.69,0.08,8.0,9094.5,1
2024-07-11,2024-07-11 13:10:00,1134.69,1135.62,1134.69,1135.62,0.08,8.0,9094.5,1
2024-07-11,2024-07-11 13:20:00,1135.62,1136.56,1135.62,1136.56,0.08,8.0,9094.5,1
2024-07-11,2024-07-11 13:30:00,1136.56,1137.5,1136.56,1137.5,0.08,8.0,9094.5,1
2024-07-11,2024-07-11 13:40:00,1137.5,1138.44,1137.5,1138.44,0.08,8.0,9094.5,1
2024-07-11,2024-07-11 13:50:00,1138.44,1139.38,1138.44,1139.38,0.08,8.0,9094.5,1
2024-07-11,2024-07-11 14:00:00,1139.38,1140.31,1139.38,1140.31,0.08,8.0,9094.5,1
2024-07-11,2024-07-11 14:10:00,1140.31,1141.25,1140.31,1141.25,0.08,8.0,9094.5,1
2024-07-11,2024-07-11 14:20:00,1141.25,1142.19,1141.25,1142.19,0.08,8.0,9094.5,1
2024-07-11,2024-07-11 14:30:00,1142.19,1143.12,1142.19,1143.12,0.08,8.0,9094.5,1
2024-07-11,2024-07-11 14:40:00,1143.12,1144.06,1143.12,1144.06,0.08,8.0,9094.5,1
2024-07-11,2024-07-11 14:50:00,1144.06,1145.0,1144.06,1145.0,0.08,8.0,9094.5,1
2024-07-11,2024-07-11 15:00:00,1145.0,1145.0,1122.5,1145.0,0.0,8.0,9094.5,0
2024-07-15,2024-07-15 11:00:00,1150.0,1150.0,1150.0,1150.0,0.0,0.8,920.0,0
2024-07-15,2024-07-15 11:10:00,1150.0,1150.0,1150.0,1150.0,0.0,0.8,920.0,0
2024-07-15,2024-07-15 11:20:00,1150.0,1150.0,1150.0,1150.0,0.0,0.8,920.0,0
2024-07-15,2024-07-15 11:30:00,1150.0,1150.0,1150.0,1150.0,0.0,0.8,920.0,0
2024-07-15,2024-07-15 11:40:00,1150.0,1150.0,1150.0,1150.0,0.0,0.8,920.0,0
2024-07-15,2024-07-15 11:50:00,1150.0,1150.0,1150.0,1150.0,0.0,0.8,920.0,0
2024-07-15,2024-07-15 12:00:00,1150.0,1150.0,1150.0,1150.0,0.0,0.8,920.0,0
2024-07-15,2024-07-15 12:10:00,1150.0,1150.0,1150.0,1150.0,0.0,0.8,920.0,0
2024-07-15,2024-07-15 12:20:00,1150.0,1150.0,1150.0,1150.0,0.0,0.8,920.0,0
2024-07-15,2024-07-15 12:30:00,1150.0,1150.0,1150.0,1150.0,0.0,0.8,920.0,0
2024-07-15,2024-07-15 12:40:00,1150.0,1150.0,1150.0,1150.0,0.0,0.8,920.0,0
2024-07-15,2024-07-15 12:50:00,1150.0,1150.0,1150.0,1150.0,0.0,0.8,920.0,0
2024-07-15,2024-07-15 13:00:00,1150.0,1150.0,1150.0,1150.0,0.0,0.8,920.0,0
2024-07-15,2024-07-15 13:10:00,1150.0,1150.0,1150.0,1150.0,0.0,0.8,920.0,0
2024-07-15,2024-07-15 13:20:00,1150.0,1150.0,1150.0,1150.0,0.0,0.8,920.0,0
2024-07-15,2024-07-15 13:30:00,1150.0,1150.0,1150.0,1150.0,0.0,0.8,920.0,0
2024-07-15,2024-07-15 13:40:00,1150.0,1150.0,1150.0,1150.0,0.0,0.8,920.0,0
2024-07-15,2024-07-15 13:50:00,1150.0,1150.0,1150.0,1150.0,0.0,0.8,920.0,0
2024-07-15,2024-07-15 14:00:00,1150.0,1150.0,1150.0,1150.0,0.0,0.8,920.0,0
2024-07-15,2024-07-15 14:10:00,1150.0,1150.0,1150.0,1150.0,0.0,0.8,920.0,0
2024-07-15,2024-07-15 14:20:00,1150.0,1150.0,1150.0,1150.0,0.0,0.8,920.0,0
2024-07-15,2024-07-15 14:30:00,1150.0,1150.0,1150.0,1150.0,0.0,0.8,920.0,0
2024-07-15,2024-07-15 14:40:00,1150.0,1150.0,1150.0,1150.0,0.0,0.8,920.0,0
2024-07-15,2024-07-15 14:50:00,1150.0,1150.0,1150.0,1150.0,0.0,0.8,920.0,0
2024-07-15,2024-07-15 15:00:00,1150.0,1150.0,1150.0,1150.0,0.0,0.8,920.0,0
2024-07-16,2024-07-16 11:00:00,1127.0,1127.0,1127.0,1127.0,0.0,4.0,4508.0,0
2024-07-16,2024-07-16 11:10:00,1127.0,1127.0,1127.0,1127.0,0.0,4.0,4508.0,0
2024-07-16,2024-07-16 11:20:00,1127.0,1127.0,1127.0,1127.0,0.0,4.0,4508.0,0
2024-07-16,2024-07-16 11:30:00,1127.0,1127.0,1127.0,1127.0,0.0,4.0,4508.0,0
2024-07-16,2024-07-16 11:40:00,1127.0,1127.0,1127.0,1127.0,0.0,4.0,4508.0,0
2024-07-16,2024-07-16 11:50:00,1127.0,1127.0,1127.0,1127.0,0.0,4.0,4508.0,0
2024-07-16,2024-07-16 12:00:00,1127.0,1127.0,1127.0,1127.0,0.0,4.0,4508.0,0
2024-07-16,2024-07-16 12:10:00,1127.0,1127.0,1127.0,1127.0,0.0,4.0,4508.0,0
2024-07-16,2024-07-16 12:20:00,1127.0,1127.0,1127.0,1127.0,0.0,4.0,4508.0,0
2024-07-16,2024-07-16 12:30:00,1127.0,1127.0,1127.0,1127.0,0.0,4.0,4508.0,0
2024-07-16,2024-07-16 12:40:00,1127.0,1127.0,1127.0,1127.0,0.0,4.0,4508.0,0
2024-07-16,2024-07-16 12:50:00,1127.0,1127.0,1127.0,1127.0,0.0,4.0,4508.0,0
2024-07-16,2024-07-16 13:00:00,1127.0,1127.0,1127.0,1127.0,0.0,4.0,4508.0,0
2024-07-16,2024-07-16 13:10:00,1127.0,1127.0,1127.0,1127.0,0.0,4.0,4508.0,0
2024-07-16,2024-07-16 13:20:00,1127.0,1127.0,1127.0,1127.0,0.0,4.0,4508.0,0
2024-07-16,2024-07-16 13:30:00,1127.0,1127.0,1127.0,1127.0,0.0,4.0,4508.0,0
2024-07-16,2024-07-16 13:40:00,1127.0,1127.0,1127.0,1127.0,0.0,4.0,4508.0,0
2024-07-16,2024-07-16 13:50:00,1127.0,1127.0,1127.0,1127.0,0.0,4.0,4508.0,0
2024-07-16,2024-07-16 14:00:00,1127.0,1127.0,1127.0,1127.0,0.0,4.0,4508.0,0
2024-07-16,2024-07-16 14:10:00,1127.0,1127.0,1127.0,1127.0,0.0,4.0,4508.0,0
2024-07-16,2024-07-16 14:20:00,1127.0,1127.0,1127.0,1127.0,0.0,4.0,4508.0,0
2024-07-16,2024-07-16 14:30:00,1127.0,1127.0,1127.0,1127.0,0.0,4.0,4508.0,0
2024-07-16,2024-07-16 14:40:00,1127.0,1127.0,1127.0,1127.0,0.0,4.0,4508.0,0
2024-07-16,2024-07-16 14:50:00,1127.0,1127.0,1127.0,1127.0,0.0,4.0,4508.0,0
2024-07-16,2024-07-16 15:00:00,1127.0,1127.0,1127.0,1127.0,0.0,4.0,4508.0,0
2024-07-23,2024-07-23 11:00:00,1104.5,1104.5,1104.5,1104.5,0.0,4.0,4418.0,0
2024-07-23,2024-07-23 11:10:00,1104.5,1104.5,1104.5,1104.5,0.0,4.0,4418.0,0
2024-07-23,2024-07-23 11:20:00,1104.5,1104.5,1104.5,1104.5,0.0,4.0,4418.0,0
2024-07-23,2024-07-23 11:30:00,1104.5,1104.5,1104.5,1104.5,0.0,4.0,4418.0,0
2024-07-23,2024-07-23 11:40:00,1104.5,1104.5,1104.5,1104.5,0.0,4.0,4418.0,0
2024-07-23,2024-07-23 11:50:00,1104.5,1104.5,1104.5,1104.5,0.0,4.0,4418.0,0
2024-07-23,2024-07-23 12:00:00,1104.5,1104.5,1104.5,1104.5,0.0,4.0,4418.0,0
2024-07-23,2024-07-23 12:10:00,1104.5,1104.5,1104.5,1104.5,0.0,4.0,4418.0,0
2024-07-23,2024-07-23 12:20:00,1104.5,1104.5,1104.5,1104.5,0.0,4.0,4418.0,0
2024-07-23,2024-07-23 12:30:00,1104.5,1104.5,1104.5,1104.5,0.0,4.0,4418.0,0
2024-07-23,2024-07-23 12:40:00,1104.5,1104.5,1104.5,1104.5,0.0,4.0,4418.0,0
2024-07-23,2024-07-23 12:50:00,1104.5,1104.5,1104.5,1104.5,0.0,4.0,4418.0,0
2024-07-23,2024-07-23 13:00:00,1104.5,1104.5,1104.5,1104.5,0.0,4.0,4418.0,0
2024-07-23,2024-07-23 13:10:00,1104.5,1104.5,1104.5,1104.5,0.0,4.0,4418.0,0
2024-07-23,2024-07-23 13:20:00,1104.5,1104.5,1104.5,1104.5,0.0,4.0,4418.0,0
2024-07-23,2024-07-23 13:30:00,1104.5,1104.5,1104.5,1104.5,0.0,4.0,4418.0,0
2024-07-23,2024-07-23 13:40:00,1104.5,1104.5,1104.5,1104.5,0.0,4.0,4418.0,0
2024-07-23,2024-07-23 13:50:00,1104.5,1104.5,1104.5,1104.5,0.0,4.0,4418.0,0
2024-07-23,2024-07-23 14:00:00,1104.5,1104.5,1104.5,1104.5,0.0,4.0,4418.0,0
2024-07-23,2024-07-23 14:10:00,1104.5,1104.5,1104.5,1104.5,0.0,4.0,4418.0,0
2024-07-23,2024-07-23 14:20:00,1104.5,1104.5,1104.5,1104.5,0.0,4.0,4418.0,0
2024-07-23,2024-07-23 14:30:00,1104.5,1104.5,1104.5,1104.5,0.0,4.0,4418.0,0
2024-07-23,2024-07-23 14:40:00,1104.5,1104.5,1104.5,1104.5,0.0,4.0,4418.0,0
2024-07-23,2024-07-23 14:50:00,1104.5,1104.5,1104.5,1104.5,0.0,4.0,4418.0,0
2024-07-23,2024-07-23 15:00:00,1104.5,1104.5,1104.5,1104.5,0.0,4.0,4418.0,0
2024-07-25,2024-07-25 11:00:00,1105.0,1105.0,1103.5,1104.79,-0.02,8.2,9025.0,-1
2024-07-25,2024-07-25 11:10:00,1104.79,1104.79,1104.58,1104.58,-0.02,8.2,9025.0,-1
2024-07-25,2024-07-25 11:20:00,1104.58,1104.58,1104.38,1104.38,-0.02,8.2,9025.0,-1
2024-07-25,2024-07-25 11:30:00,1104.38,1104.38,1104.17,1104.17,-0.02,8.2,9025.0,-1
2024-07-25,2024-07-25 11:40:00,1104.17,1104.17,1103.96,1103.96,-0.02,8.2,9025.0,-1
2024-07-25,2024-07-25 11:50:00,1103.96,1103.96,1103.75,1103.75,-0.02,8.2,9025.0,-1
2024-07-25,2024-07-25 12:00:00,1103.75,1103.75,1103.54,1103.54,-0.02,8.2,9025.0,-1
2024-07-25,2024-07-25 12:10:00,1103.54,1103.54,1103.33,1103.33,-0.02,8.2,9025.0,-1
2024-07-25,2024-07-25 12:20:00,1103.33,1103.33,1103.12,1103.12,-0.02,8.2,9025.0,-1
2024-07-25,2024-07-25 12:30:00,1103.12,1103.12,1102.92,1102.92,-0.02,8.2,9025.0,-1
2024-07-25,2024-07-25 12:40:00,1102.92,1102.92,1102.71,1102.71,-0.02,8.2,9025.0,-1
2024-07-25,2024-07-25 12:50:00,1102.71,1102.71,1102.5,1102.5,-0.02,8.2,9025.0,-1
2024-07-25,2024-07-25 13:00:00,1102.5,1105.0,1100.0,1102.29,-0.02,8.2,9025.0,-1
2024-07-25,2024-07-25 13:10:00,1102.29,1102.29,1102.08,1102.08,-0.02,8.2,9025.0,-1
2024-07-25,2024-07-25 13:20:00,1102.08,1102.08,1101.88,1101.88,-0.02,8.2,9025.0,-1
2024-07-25,2024-07-25 13:30:00,1101.88,1101.88,1101.67,1101.67,-0.02,8.2,9025.0,-1
2024-07-25,2024-07-25 13:40:00,1101.67,1101.67,1101.46,1101.46,-0.02,8.2,9025.0,-1
2024-07-25,2024-07-25 13:50:00,1101.46,1101.46,1101.25,1101.25,-0.02,8.2,9025.0,-1
2024-07-25,2024-07-25 14:00:00,1101.25,1101.25,1101.04,1101.04,-0.02,8.2,9025.0,-1
2024-07-25,2024-07-25 14:10:00,1101.04,1101.04,1100.83,1100.83,-0.02,8.2,9025.0,-1
2024-07-25,2024-07-25 14:20:00,1100.83,1100.83,1100.62,1100.62,-0.02,8.2,9025.0,-1
2024-07-25,2024-07-25 14:30:00,1100.62,1100.62,1100.42,1100.42,-0.02,8.2,9025.0,-1
2024-07-25,2024-07-25 14:40:00,1100.42,1100.42,1100.21,1100.21,-0.02,8.2,9025.0,-1
2024-07-25,2024-07-25 14:50:00,1100.21,1100.21,1100.0,1100.0,-0.02,8.2,9025.0,-1
2024-07-25,2024-07-25 15:00:00,1100.0,1105.0,1100.0,1100.0,0.0,8.2,9025.0,0
2024-07-29,2024-07-29 11:00:00,1100.0,1100.0,1097.0,1099.58,-0.04,2.0,2188.0,-1
2024-07-29,2024-07-29 11:10:00,1099.58,1099.58,1099.17,1099.17,-0.04,2.0,2188.0,-1
2024-07-29,2024-07-29 11:20:00,1099.17,1099.17,1098.75,1098.75,-0.04,2.0,2188.0,-1
2024-07-29,2024-07-29 11:30:00,1098.75,1098.75,1098.33,1098.33,-0.04,2.0,2188.0,-1
2024-07-29,2024-07-29 11:40:00,1098.33,1098.33,1097.92,1097.92,-0.04,2.0,2188.0,-1
2024-07-29,2024-07-29 11:50:00,1097.92,1097.92,1097.5,1097.5,-0.04,2.0,2188.0,-1
2024-07-29,2024-07-29 12:00:00,1097.5,1097.5,1097.08,1097.08,-0.04,2.0,2188.0,-1
2024-07-29,2024-07-29 12:10:00,1097.08,1097.08,1096.67,1096.67,-0.04,2.0,2188.0,-1
2024-07-29,2024-07-29 12:20:00,1096.67,1096.67,1096.25,1096.25,-0.04,2.0,2188.0,-1
2024-07-29,2024-07-29 12:30:00,1096.25,1096.25,1095.83,1095.83,-0.04,2.0,2188.0,-1
2024-07-29,2024-07-29 12:40:00,1095.83,1095.83,1095.42,1095.42,-0.04,2.0,2188.0,-1
2024-07-29,2024-07-29 12:50:00,1095.42,1095.42,1095.0,1095.0,-0.04,2.0,2188.0,-1
2024-07-29,2024-07-29 13:00:00,1095.0,1100.0,1090.0,1094.58,-0.04,2.0,2188.0,-1
2024-07-29,2024-07-29 13:10:00,1094.58,1094.58,1094.17,1094.17,-0.04,2.0,2188.0,-1
2024-07-29,2024-07-29 13:20:00,1094.17,1094.17,1093.75,1093.75,-0.04,2.0,2188.0,-1
2024-07-29,2024-07-29 13:30:00,1093.75,1093.75,1093.33,1093.33,-0.04,2.0,2188.0,-1
2024-07-29,2024-07-29 13:40:00,1093.33,1093.33,1092.92,1092.92,-0.04,2.0,2188.0,-1
2024-07-29,2024-07-29 13:50:00,1092.92,1092.92,1092.5,1092.5,-0.04,2.0,2188.0,-1
2024-07-29,2024-07-29 14:00:00,1092.5,1092.5,1092.08,1092.08,-0.04,2.0,2188.0,-1
2024-07-29,2024-07-29 14:10:00,1092.08,1092.08,1091.67,1091.67,-0.04,2.0,2188.0,-1
2024-07-29,2024-07-29 14:20:00,1091.67,1091.67,1091.25,1091.25,-0.04,2.0,2188.0,-1
2024-07-29,2024-07-29 14:30:00,1091.25,1091.25,1090.83,1090.83,-0.04,2.0,2188.0,-1
2024-07-29,2024-07-29 14:40:00,1090.83,1090.83,1090.42,1090.42,-0.04,2.0,2188.0,-1
2024-07-29,2024-07-29 14:50:00,1090.42,1090.42,1090.0,1090.0,-0.04,2.0,2188.0,-1
2024-07-29,2024-07-29 15:00:00,1090.0,1100.0,1090.0,1090.0,0.0,2.0,2188.0,0
2024-07-30,2024-07-30 11:00:00,1100.0,1100.0,1094.0,1099.17,-0.08,2.08,2266.4,-1
2024-07-30,2024-07-30 11:10:00,1099.17,1099.17,1098.33,1098.33,-0.08,2.08,2266.4,-1
2024-07-30,2024-07-30 11:20:00,1098.33,1098.33,1097.5,1097.5,-0.08,2.08,2266.4,-1
2024-07-30,2024-07-30 11:30:00,1097.5,1097.5,1096.67,1096.67,-0.08,2.08,2266.4,-1
2024-07-30,2024-07-30 11:40:00,1096.67,1096.67,1095.83,1095.83,-0.08,2.08,2266.4,-1
2024-07-30,2024-07-30 11:50:00,1095.83,1095.83,1095.0,1095.0,-0.08,2.08,2266.4,-1
2024-07-30,2024-07-30 12:00:00,1095.0,1095.0,1094.17,1094.17,-0.08,2.08,2266.4,-1
2024-07-30,2024-07-30 12:10:00,1094.17,1094.17,1093.33,1093.33,-0.08,2.08,2266.4,-1
2024-07-30,2024-07-30 12:20:00,1093.33,1093.33,1092.5,1092.5,-0.08,2.08,2266.4,-1
2024-07-30,2024-07-30 12:30:00,1092.5,1092.5,1091.67,1091.67,-0.08,2.08,2266.4,-1
2024-07-30,2024-07-30 12:40:00,1091.67,1091.67,1090.83,1090.83,-0.08,2.08,2266.4,-1
2024-07-30,2024-07-30 12:50:00,1090.83,1090.83,1090.0,1090.0,-0.08,2.08,2266.4,-1
2024-07-30,2024-07-30 13:00:00,1090.0,1100.0,1080.0,1089.17,-0.08,2.08,2266.4,-1
2024-07-30,2024-07-30 13:10:00,1089.17,1089.17,1088.33,1088.33,-0.08,2.08,2266.4,-1
2024-07-30,2024-07-30 13:20:00,1088.33,1088.33,1087.5,1087.5,-0.08,2.08,2266.4,-1
2024-07-30,2024-07-30 13:30:00,1087.5,1087.5,1086.67,1086.67,-0.08,2.08,2266.4,-1
2024-07-30,2024-07-30 13:40:00,1086.67,1086.67,1085.83,1085.83,-0.08,2.08,2266.4,-1
2024-07-30,2024-07-30 13:50:00,1085.83,1085.83,1085.0,1085.0,-0.08,2.08,2266.4,-1
2024-07-30,2024-07-30 14:00:00,1085.0,1085.0,1084.17,1084.17,-0.08,2.08,2266.4,-1
2024-07-30,2024-07-30 14:10:00,1084.17,1084.17,1083.33,1083.33,-0.08,2.08,2266.4,-1
2024-07-30,2024-07-30 14:20:00,1083.33,1083.33,1082.5,1082.5,-0.08,2.08,2266.4,-1
2024-07-30,2024-07-30 14:30:00,1082.5,1082.5,1081.67,1081.67,-0.08,2.08,2266.4,-1
2024-07-30,2024-07-30 14:40:00,1081.67,1081.67,1080.83,1080.83,-0.08,2.08,2266.4,-1
2024-07-30,2024-07-30 14:50:00,1080.83,1080.83,1080.0,1080.0,-0.08,2.08,2266.4,-1
2024-07-30,2024-07-30 15:00:00,1080.0,1100.0,1080.0,1080.0,0.0,2.08,2266.4,0
2024-07-31,2024-07-31 11:00:00,1090.0,1093.0,1090.0,1090.42,0.04,2.0,2190.0,1
2024-07-31,2024-07-31 11:10:00,1090.42,1090.83,1090.42,1090.83,0.04,2.0,2190.0,1
2024-07-31,2024-07-31 11:20:00,1090.83,1091.25,1090.83,1091.25,0.04,2.0,2190.0,1
2024-07-31,2024-07-31 11:30:00,1091.25,1091.67,1091.25,1091.67,0.04,2.0,2190.0,1
2024-07-31,2024-07-31 11:40:00,1091.67,1092.08,1091.67,1092.08,0.04,2.0,2190.0,1
2024-07-31,2024-07-31 11:50:00,1092.08,1092.5,1092.08,1092.5,0.04,2.0,2190.0,1
2024-07-31,2024-07-31 12:00:00,1092.5,1092.92,1092.5,1092.92,0.04,2.0,2190.0,1
2024-07-31,2024-07-31 12:10:00,1092.92,1093.33,1092.92,1093.33,0.04,2.0,2190.0,1
2024-07-31,2024-07-31 12:20:00,1093.33,1093.75,1093.33,1093.75,0.04,2.0,2190.0,1
2024-07-31,2024-07-31 12:30:00,1093.75,1094.17,1093.75,1094.17,0.04,2.0,2190.0,1
2024-07-31,2024-07-31 12:40:00,1094.17,1094.58,1094.17,1094.58,0.04,2.0,2190.0,1
2024-07-31,2024-07-31 12:50:00,1094.58,1095.0,1094.58,1095.0,0.04,2.0,2190.0,1
2024-07-31,2024-07-31 13:00:00,1095.0,1100.0,1090.0,1095.42,0.04,2.0,2190.0,1
2024-07-31,2024-07-31 13:10:00,1095.42,1095.83,1095.42,1095.83,0.04,2.0,2190.0,1
2024-07-31,2024-07-31 13:20:00,1095.83,1096.25,1095.83,1096.25,0.04,2.0,2190.0,1
2024-07-31,2024-07-31 13:30:00,1096.25,1096.67,1096.25,1096.67,0.04,2.0,2190.0,1
2024-07-31,2024-07-31 13:40:00,1096.67,1097.08,1096.67,1097.08,0.04,2.0,2190.0,1
2024-07-31,2024-07-31 13:50:00,1097.08,1097.5,1097.08,1097.5,0.04,2.0,2190.0,1
2024-07-31,2024-07-31 14:00:00,1097.5,1097.92,1097.5,1097.92,0.04,2.0,2190.0,1
2024-07-31,2024-07-31 14:10:00,1097.92,1098.33,1097.92,1098.33,0.04,2.0,2190.0,1
2024-07-31,2024-07-31 14:20:00,1098.33,1098.75,1098.33,1098.75,0.04,2.0,2190.0,1
2024-07-31,2024-07-31 14:30:00,1098.75,1099.17,1098.75,1099.17,0.04,2.0,2190.0,1
2024-07-31,2024-07-31 14:40:00,1099.17,1099.58,1099.17,1099.58,0.04,2.0,2190.0,1
2024-07-31,2024-07-31 14:50:00,1099.58,1100.0,1099.58,1100.0,0.04,2.0,2190.0,1
2024-07-31,2024-07-31 15:00:00,1100.0,1100.0,1090.0,1100.0,0.0,2.0,2190.0,0
2024-08-01,2024-08-01 11:00:00,1090.0,1090.0,1090.0,1090.0,0.0,2.0,2180.0,0
2024-08-01,2024-08-01 11:10:00,1090.0,1090.0,1090.0,1090.0,0.0,2.0,2180.0,0
2024-08-01,2024-08-01 11:20:00,1090.0,1090.0,1090.0,1090.0,0.0,2.0,2180.0,0
2024-08-01,2024-08-01 11:30:00,1090.0,1090.0,1090.0,1090.0,0.0,2.0,2180.0,0
2024-08-01,2024-08-01 11:40:00,1090.0,1090.0,1090.0,1090.0,0.0,2.0,2180.0,0
2024-08-01,2024-08-01 11:50:00,1090.0,1090.0,1090.0,1090.0,0.0,2.0,2180.0,0
2024-08-01,2024-08-01 12:00:00,1090.0,1090.0,1090.0,1090.0,0.0,2.0,2180.0,0
2024-08-01,2024-08-01 12:10:00,1090.0,1090.0,1090.0,1090.0,0.0,2.0,2180.0,0
2024-08-01,2024-08-01 12:20:00,1090.0,1090.0,1090.0,1090.0,0.0,2.0,2180.0,0
2024-08-01,2024-08-01 12:30:00,1090.0,1090.0,1090.0,1090.0,0.0,2.0,2180.0,0
2024-08-01,2024-08-01 12:40:00,1090.0,1090.0,1090.0,1090.0,0.0,2.0,2180.0,0
2024-08-01,2024-08-01 12:50:00,1090.0,1090.0,1090.0,1090.0,0.0,2.0,2180.0,0
2024-08-01,2024-08-01 13:00:00,1090.0,1090.0,1090.0,1090.0,0.0,2.0,2180.0,0
2024-08-01,2024-08-01 13:10:00,1090.0,1090.0,1090.0,1090.0,0.0,2.0,2180.0,0
2024-08-01,2024-08-01 13:20:00,1090.0,1090.0,1090.0,1090.0,0.0,2.0,2180.0,0
2024-08-01,2024-08-01 13:30:00,1090.0,1090.0,1090.0,1090.0,0.0,2.0,2180.0,0
2024-08-01,2024-08-01 13:40:00,1090.0,1090.0,1090.0,1090.0,0.0,2.0,2180.0,0
2024-08-01,2024-08-01 13:50:00,1090.0,1090.0,1090.0,1090.0,0.0,2.0,2180.0,0
2024-08-01,2024-08-01 14:00:00,1090.0,1090.0,1090.0,1090.0,0.0,2.0,2180.0,0
2024-08-01,2024-08-01 14:10:00,1090.0,1090.0,1090.0,1090.0,0.0,2.0,2180.0,0
2024-08-01,2024-08-01 14:20:00,1090.0,1090.0,1090.0,1090.0,0.0,2.0,2180.0,0
2024-08-01,2024-08-01 14:30:00,1090.0,1090.0,1090.0,1090.0,0.0,2.0,2180.0,0
2024-08-01,2024-08-01 14:40:00,1090.0,1090.0,1090.0,1090.0,0.0,2.0,2180.0,0
2024-08-01,2024-08-01 14:50:00,1090.0,1090.0,1090.0,1090.0,0.0,2.0,2180.0,0
2024-08-01,2024-08-01 15:00:00,1090.0,1090.0,1090.0,1090.0,0.0,2.0,2180.0,0
2024-08-05,2024-08-05 11:00:00,1090.0,1090.0,1090.0,1090.0,0.0,3.0,3270.0,0
2024-08-05,2024-08-05 11:10:00,1090.0,1090.0,1090.0,1090.0,0.0,3.0,3270.0,0
2024-08-05,2024-08-05 11:20:00,1090.0,1090.0,1090.0,1090.0,0.0,3.0,3270.0,0
2024-08-05,2024-08-05 11:30:00,1090.0,1090.0,1090.0,1090.0,0.0,3.0,3270.0,0
2024-08-05,2024-08-05 11:40:00,1090.0,1090.0,1090.0,1090.0,0.0,3.0,3270.0,0
2024-08-05,2024-08-05 11:50:00,1090.0,1090.0,1090.0,1090.0,0.0,3.0,3270.0,0
2024-08-05,2024-08-05 12:00:00,1090.0,1090.0,1090.0,1090.0,0.0,3.0,3270.0,0
2024-08-05,2024-08-05 12:10:00,1090.0,1090.0,1090.0,1090.0,0.0,3.0,3270.0,0
2024-08-05,2024-08-05 12:20:00,1090.0,1090.0,1090.0,1090.0,0.0,3.0,3270.0,0
2024-08-05,2024-08-05 12:30:00,1090.0,1090.0,1090.0,1090.0,0.0,3.0,3270.0,0
2024-08-05,2024-08-05 12:40:00,1090.0,1090.0,1090.0,1090.0,0.0,3.0,3270.0,0
2024-08-05,2024-08-05 12:50:00,1090.0,1090.0,1090.0,1090.0,0.0,3.0,3270.0,0
2024-08-05,2024-08-05 13:00:00,1090.0,1090.0,1090.0,1090.0,0.0,3.0,3270.0,0
2024-08-05,2024-08-05 13:10:00,1090.0,1090.0,1090.0,1090.0,0.0,3.0,3270.0,0
2024-08-05,2024-08-05 13:20:00,1090.0,1090.0,1090.0,1090.0,0.0,3.0,3270.0,0
2024-08-05,2024-08-05 13:30:00,1090.0,1090.0,1090.0,1090.0,0.0,3.0,3270.0,0
2024-08-05,2024-08-05 13:40:00,1090.0,1090.0,1090.0,1090.0,0.0,3.0,3270.0,0
2024-08-05,2024-08-05 13:50:00,1090.0,1090.0,1090.0,1090.0,0.0,3.0,3270.0,0
2024-08-05,2024-08-05 14:00:00,1090.0,1090.0,1090.0,1090.0,0.0,3.0,3270.0,0
2024-08-05,2024-08-05 14:10:00,1090.0,1090.0,1090.0,1090.0,0.0,3.0,3270.0,0
2024-08-05,2024-08-05 14:20:00,1090.0,1090.0,1090.0,1090.0,0.0,3.0,3270.0,0
2024-08-05,2024-08-05 14:30:00,1090.0,1090.0,1090.0,1090.0,0.0,3.0,3270.0,0
2024-08-05,2024-08-05 14:40:00,1090.0,1090.0,1090.0,1090.0,0.0,3.0,3270.0,0
2024-08-05,2024-08-05 14:50:00,1090.0,1090.0,1090.0,1090.0,0.0,3.0,3270.0,0
2024-08-05,2024-08-05 15:00:00,1090.0,1090.0,1090.0,1090.0,0.0,3.0,3270.0,0
2024-08-06,2024-08-06 11:00:00,1100.0,1100.0,1100.0,1100.0,0.0,1.0,1100.0,0
2024-08-06,2024-08-06 11:10:00,1100.0,1100.0,1100.0,1100.0,0.0,1.0,1100.0,0
2024-08-06,2024-08-06 11:20:00,1100.0,1100.0,1100.0,1100.0,0.0,1.0,1100.0,0
2024-08-06,2024-08-06 11:30:00,1100.0,1100.0,1100.0,1100.0,0.0,1.0,1100.0,0
2024-08-06,2024-08-06 11:40:00,1100.0,1100.0,1100.0,1100.0,0.0,1.0,1100.0,0
2024-08-06,2024-08-06 11:50:00,1100.0,1100.0,1100.0,1100.0,0.0,1.0,1100.0,0
2024-08-06,2024-08-06 12:00:00,1100.0,1100.0,1100.0,1100.0,0.0,1.0,1100.0,0
2024-08-06,2024-08-06 12:10:00,1100.0,1100.0,1100.0,1100.0,0.0,1.0,1100.0,0
2024-08-06,2024-08-06 12:20:00,1100.0,1100.0,1100.0,1100.0,0.0,1.0,1100.0,0
2024-08-06,2024-08-06 12:30:00,1100.0,1100.0,1100.0,1100.0,0.0,1.0,1100.0,0
2024-08-06,2024-08-06 12:40:00,1100.0,1100.0,1100.0,1100.0,0.0,1.0,1100.0,0
2024-08-06,2024-08-06 12:50:00,1100.0,1100.0,1100.0,1100.0,0.0,1.0,1100.0,0
2024-08-06,2024-08-06 13:00:00,1100.0,1100.0,1100.0,1100.0,0.0,1.0,1100.0,0
2024-08-06,2024-08-06 13:10:00,1100.0,1100.0,1100.0,1100.0,0.0,1.0,1100.0,0
2024-08-06,2024-08-06 13:20:00,1100.0,1100.0,1100.0,1100.0,0.0,1.0,1100.0,0
2024-08-06,2024-08-06 13:30:00,1100.0,1100.0,1100.0,1100.0,0.0,1.0,1100.0,0
2024-08-06,2024-08-06 13:40:00,1100.0,1100.0,1100.0,1100.0,0.0,1.0,1100.0,0
2024-08-06,2024-08-06 13:50:00,1100.0,1100.0,1100.0,1100.0,0.0,1.0,1100.0,0
2024-08-06,2024-08-06 14:00:00,1100.0,1100.0,1100.0,1100.0,0.0,1.0,1100.0,0
2024-08-06,2024-08-06 14:10:00,1100.0,1100.0,1100.0,1100.0,0.0,1.0,1100.0,0
2024-08-06,2024-08-06 14:20:00,1100.0,1100.0,1100.0,1100.0,0.0,1.0,1100.0,0
2024-08-06,2024-08-06 14:30:00,1100.0,1100.0,1100.0,1100.0,0.0,1.0,1100.0,0
2024-08-06,2024-08-06 14:40:00,1100.0,1100.0,1100.0,1100.0,0.0,1.0,1100.0,0
2024-08-06,2024-08-06 14:50:00,1100.0,1100.0,1100.0,1100.0,0.0,1.0,1100.0,0
2024-08-06,2024-08-06 15:00:00,1100.0,1100.0,1100.0,1100.0,0.0,1.0,1100.0,0
2024-08-11,2024-08-11 11:00:00,1120.0,1120.6,1120.0,1120.08,0.01,5.6,6281.0,1
2024-08-11,2024-08-11 11:10:00,1120.08,1120.17,1120.08,1120.17,0.01,5.6,6281.0,1
2024-08-11,2024-08-11 11:20:00,1120.17,1120.25,1120.17,1120.25,0.01,5.6,6281.0,1
2024-08-11,2024-08-11 11:30:00,1120.25,1120.33,1120.25,1120.33,0.01,5.6,6281.0,1
2024-08-11,2024-08-11 11:40:00,1120.33,1120.42,1120.33,1120.42,0.01,5.6,6281.0,1
2024-08-11,2024-08-11 11:50:00,1120.42,1120.5,1120.42,1120.5,0.01,5.6,6281.0,1
2024-08-11,2024-08-11 12:00:00,1120.5,1120.58,1120.5,1120.58,0.01,5.6,6281.0,1
2024-08-11,2024-08-11 12:10:00,1120.58,1120.67,1120.58,1120.67,0.01,5.6,6281.0,1
2024-08-11,2024-08-11 12:20:00,1120.67,1120.75,1120.67,1120.75,0.01,5.6,6281.0,1
2024-08-11,2024-08-11 12:30:00,1120.75,1120.83,1120.75,1120.83,0.01,5.6,6281.0,1
2024-08-11,2024-08-11 12:40:00,1120.83,1120.92,1120.83,1120.92,0.01,5.6,6281.0,1
2024-08-11,2024-08-11 12:50:00,1120.92,1121.0,1120.92,1121.0,0.01,5.6,6281.0,1
2024-08-11,2024-08-11 13:00:00,1121.0,1122.0,1120.0,1121.08,0.01,5.6,6281.0,1
2024-08-11,2024-08-11 13:10:00,1121.08,1121.17,1121.08,1121.17,0.01,5.6,6281.0,1
2024-08-11,2024-08-11 13:20:00,1121.17,1121.25,1121.17,1121.25,0.01,5.6,6281.0,1
2024-08-11,2024-08-11 13:30:00,1121.25,1121.33,1121.25,1121.33,0.01,5.6,6281.0,1
2024-08-11,2024-08-11 13:40:00,1121.33,1121.42,1121.33,1121.42,0.01,5.6,6281.0,1
2024-08-11,2024-08-11 13:50:00,1121.42,1121.5,1121.42,1121.5,0.01,5.6,6281.0,1
2024-08-11,2024-08-11 14:00:00,1121.5,1121.58,1121.5,1121.58,0.01,5.6,6281.0,1
2024-08-11,2024-08-11 14:10:00,1121.58,1121.67,1121.58,1121.67,0.01,5.6,6281.0,1
2024-08-11,2024-08-11 14:20:00,1121.67,1121.75,1121.67,1121.75,0.01,5.6,6281.0,1
2024-08-11,2024-08-11 14:30:00,1121.75,1121.83,1121.75,1121.83,0.01,5.6,6281.0,1
2024-08-11,2024-08-11 14:40:00,1121.83,1121.92,1121.83,1121.92,0.01,5.6,6281.0,1
2024-08-11,2024-08-11 14:50:00,1121.92,1122.0,1121.92,1122.0,0.01,5.6,6281.0,1
2024-08-11,2024-08-11 15:00:00,1122.0,1122.0,1120.0,1122.0,0.0,5.6,6281.0,0
2024-08-12,2024-08-12 11:00:00,1115.0,1115.0,1115.0,1115.0,0.0,3.0,3345.0,0
2024-08-12,2024-08-12 11:10:00,1115.0,1115.0,1115.0,1115.0,0.0,3.0,3345.0,0
2024-08-12,2024-08-12 11:20:00,1115.0,1115.0,1115.0,1115.0,0.0,3.0,3345.0,0
2024-08-12,2024-08-12 11:30:00,1115.0,1115.0,1115.0,1115.0,0.0,3.0,3345.0,0
2024-08-12,2024-08-12 11:40:00,1115.0,1115.0,1115.0,1115.0,0.0,3.0,3345.0,0
2024-08-12,2024-08-12 11:50:00,1115.0,1115.0,1115.0,1115.0,0.0,3.0,3345.0,0
2024-08-12,2024-08-12 12:00:00,1115.0,1115.0,1115.0,1115.0,0.0,3.0,3345.0,0
2024-08-12,2024-08-12 12:10:00,1115.0,1115.0,1115.0,1115.0,0.0,3.0,3345.0,0
2024-08-12,2024-08-12 12:20:00,1115.0,1115.0,1115.0,1115.0,0.0,3.0,3345.0,0
2024-08-12,2024-08-12 12:30:00,1115.0,1115.0,1115.0,1115.0,0.0,3.0,3345.0,0
2024-08-12,2024-08-12 12:40:00,1115.0,1115.0,1115.0,1115.0,0.0,3.0,3345.0,0
2024-08-12,2024-08-12 12:50:00,1115.0,1115.0,1115.0,1115.0,0.0,3.0,3345.0,0
2024-08-12,2024-08-12 13:00:00,1115.0,1115.0,1115.0,1115.0,0.0,3.0,3345.0,0
2024-08-12,2024-08-12 13:10:00,1115.0,1115.0,1115.0,1115.0,0.0,3.0,3345.0,0
2024-08-12,2024-08-12 13:20:00,1115.0,1115.0,1115.0,1115.0,0.0,3.0,3345.0,0
2024-08-12,2024-08-12 13:30:00,1115.0,1115.0,1115.0,1115.0,0.0,3.0,3345.0,0
2024-08-12,2024-08-12 13:40:00,1115.0,1115.0,1115.0,1115.0,0.0,3.0,3345.0,0
2024-08-12,2024-08-12 13:50:00,1115.0,1115.0,1115.0,1115.0,0.0,3.0,3345.0,0
2024-08-12,2024-08-12 14:00:00,1115.0,1115.0,1115.0,1115.0,0.0,3.0,3345.0,0
2024-08-12,2024-08-12 14:10:00,1115.0,1115.0,1115.0,1115.0,0.0,3.0,3345.0,0
2024-08-12,2024-08-12 14:20:00,1115.0,1115.0,1115.0,1115.0,0.0,3.0,3345.0,0
2024-08-12,2024-08-12 14:30:00,1115.0,1115.0,1115.0,1115.0,0.0,3.0,3345.0,0
2024-08-12,2024-08-12 14:40:00,1115.0,1115.0,1115.0,1115.0,0.0,3.0,3345.0,0
2024-08-12,2024-08-12 14:50:00,1115.0,1115.0,1115.0,1115.0,0.0,3.0,3345.0,0
2024-08-12,2024-08-12 15:00:00,1115.0,1115.0,1115.0,1115.0,0.0,3.0,3345.0,0
2024-08-13,2024-08-13 11:00:00,1115.0,1115.0,1113.5,1114.79,-0.02,3.0,3340.0,-1
2024-08-13,2024-08-13 11:10:00,1114.79,1114.79,1114.58,1114.58,-0.02,3.0,3340.0,-1
2024-08-13,2024-08-13 11:20:00,1114.58,1114.58,1114.38,1114.38,-0.02,3.0,3340.0,-1
2024-08-13,2024-08-13 11:30:00,1114.38,1114.38,1114.17,1114.17,-0.02,3.0,3340.0,-1
2024-08-13,2024-08-13 11:40:00,1114.17,1114.17,1113.96,1113.96,-0.02,3.0,3340.0,-1
2024-08-13,2024-08-13 11:50:00,1113.96,1113.96,1113.75,1113.75,-0.02,3.0,3340.0,-1
2024-08-13,2024-08-13 12:00:00,1113.75,1113.75,1113.54,1113.54,-0.02,3.0,3340.0,-1
2024-08-13,2024-08-13 12:10:00,1113.54,1113.54,1113.33,1113.33,-0.02,3.0,3340.0,-1
2024-08-13,2024-08-13 12:20:00,1113.33,1113.33,1113.12,1113.12,-0.02,3.0,3340.0,-1
2024-08-13,2024-08-13 12:30:00,1113.12,1113.12,1112.92,1112.92,-0.02,3.0,3340.0,-1
2024-08-13,2024-08-13 12:40:00,1112.92,1112.92,1112.71,1112.71,-0.02,3.0,3340.0,-1
2024-08-13,2024-08-13 12:50:00,1112.71,1112.71,1112.5,1112.5,-0.02,3.0,3340.0,-1
2024-08-13,2024-08-13 13:00:00,1112.5,1115.0,1110.0,1112.29,-0.02,3.0,3340.0,-1
2024-08-13,2024-08-13 13:10:00,1112.29,1112.29,1112.08,1112.08,-0.02,3.0,3340.0,-1
2024-08-13,2024-08-13 13:20:00,1112.08,1112.08,1111.88,1111.88,-0.02,3.0,3340.0,-1
2024-08-13,2024-08-13 13:30:00,1111.88,1111.88,1111.67,1111.67,-0.02,3.0,3340.0,-1
2024-08-13,2024-08-13 13:40:00,1111.67,1111.67,1111.46,1111.46,-0.02,3.0,3340.0,-1
2024-08-13,2024-08-13 13:50:00,1111.46,1111.46,1111.25,1111.25,-0.02,3.0,3340.0,-1
2024-08-13,2024-08-13 14:00:00,1111.25,1111.25,1111.04,1111.04,-0.02,3.0,3340.0,-1
2024-08-13,2024-08-13 14:10:00,1111.04,1111.04,1110.83,1110.83,-0.02,3.0,3340.0,-1
2024-08-13,2024-08-13 14:20:00,1110.83,1110.83,1110.62,1110.62,-0.02,3.0,3340.0,-1
2024-08-13,2024-08-13 14:30:00,1110.62,1110.62,1110.42,1110.42,-0.02,3.0,3340.0,-1
2024-08-13,2024-08-13 14:40:00,1110.42,1110.42,1110.21,1110.21,-0.02,3.0,3340.0,-1
2024-08-13,2024-08-13 14:50:00,1110.21,1110.21,1110.0,1110.0,-0.02,3.0,3340.0,-1
2024-08-13,2024-08-13 15:00:00,1110.0,1115.0,1110.0,1110.0,0.0,3.0,3340.0,0
2024-08-14,2024-08-14 11:00:00,1110.0,1110.0,1110.0,1110.0,0.0,3.0,3330.0,0
2024-08-14,2024-08-14 11:10:00,1110.0,1110.0,1110.0,1110.0,0.0,3.0,3330.0,0
2024-08-14,2024-08-14 11:20:00,1110.0,1110.0,1110.0,1110.0,0.0,3.0,3330.0,0
2024-08-14,2024-08-14 11:30:00,1110.0,1110.0,1110.0,1110.0,0.0,3.0,3330.0,0
2024-08-14,2024-08-14 11:40:00,1110.0,1110.0,1110.0,1110.0,0.0,3.0,3330.0,0
2024-08-14,2024-08-14 11:50:00,1110.0,1110.0,1110.0,1110.0,0.0,3.0,3330.0,0
2024-08-14,2024-08-14 12:00:00,1110.0,1110.0,1110.0,1110.0,0.0,3.0,3330.0,0
2024-08-14,2024-08-14 12:10:00,1110.0,1110.0,1110.0,1110.0,0.0,3.0,3330.0,0
2024-08-14,2024-08-14 12:20:00,1110.0,1110.0,1110.0,1110.0,0.0,3.0,3330.0,0
2024-08-14,2024-08-14 12:30:00,1110.0,1110.0,1110.0,1110.0,0.0,3.0,3330.0,0
2024-08-14,2024-08-14 12:40:00,1110.0,1110.0,1110.0,1110.0,0.0,3.0,3330.0,0
2024-08-14,2024-08-14 12:50:00,1110.0,1110.0,1110.0,1110.0,0.0,3.0,3330.0,0
2024-08-14,2024-08-14 13:00:00,1110.0,1110.0,1110.0,1110.0,0.0,3.0,3330.0,0
2024-08-14,2024-08-14 13:10:00,1110.0,1110.0,1110.0,1110.0,0.0,3.0,3330.0,0
2024-08-14,2024-08-14 13:20:00,1110.0,1110.0,1110.0,1110.0,0.0,3.0,3330.0,0
2024-08-14,2024-08-14 13:30:00,1110.0,1110.0,1110.0,1110.0,0.0,3.0,3330.0,0
2024-08-14,2024-08-14 13:40:00,1110.0,1110.0,1110.0,1110.0,0.0,3.0,3330.0,0
2024-08-14,2024-08-14 13:50:00,1110.0,1110.0,1110.0,1110.0,0.0,3.0,3330.0,0
2024-08-14,2024-08-14 14:00:00,1110.0,1110.0,1110.0,1110.0,0.0,3.0,3330.0,0
2024-08-14,2024-08-14 14:10:00,1110.0,1110.0,1110.0,1110.0,0.0,3.0,3330.0,0
2024-08-14,2024-08-14 14:20:00,1110.0,1110.0,1110.0,1110.0,0.0,3.0,3330.0,0
2024-08-14,2024-08-14 14:30:00,1110.0,1110.0,1110.0,1110.0,0.0,3.0,3330.0,0
2024-08-14,2024-08-14 14:40:00,1110.0,1110.0,1110.0,1110.0,0.0,3.0,3330.0,0
2024-08-14,2024-08-14 14:50:00,1110.0,1110.0,1110.0,1110.0,0.0,3.0,3330.0,0
2024-08-14,2024-08-14 15:00:00,1110.0,1110.0,1110.0,1110.0,0.0,3.0,3330.0,0
2024-08-15,2024-08-15 11:00:00,1111.0,1111.0,1111.0,1111.0,0.0,4.0,4444.0,0
2024-08-15,2024-08-15 11:10:00,1111.0,1111.0,1111.0,1111.0,0.0,4.0,4444.0,0
2024-08-15,2024-08-15 11:20:00,1111.0,1111.0,1111.0,1111.0,0.0,4.0,4444.0,0
2024-08-15,2024-08-15 11:30:00,1111.0,1111.0,1111.0,1111.0,0.0,4.0,4444.0,0
2024-08-15,2024-08-15 11:40:00,1111.0,1111.0,1111.0,1111.0,0.0,4.0,4444.0,0
2024-08-15,2024-08-15 11:50:00,1111.0,1111.0,1111.0,1111.0,0.0,4.0,4444.0,0
2024-08-15,2024-08-15 12:00:00,1111.0,1111.0,1111.0,1111.0,0.0,4.0,4444.0,0
2024-08-15,2024-08-15 12:10:00,1111.0,1111.0,1111.0,1111.0,0.0,4.0,4444.0,0
2024-08-15,2024-08-15 12:20:00,1111.0,1111.0,1111.0,1111.0,0.0,4.0,4444.0,0
2024-08-15,2024-08-15 12:30:00,1111.0,1111.0,1111.0,1111.0,0.0,4.0,4444.0,0
2024-08-15,2024-08-15 12:40:00,1111.0,1111.0,1111.0,1111.0,0.0,4.0,4444.0,0
2024-08-15,2024-08-15 12:50:00,1111.0,1111.0,1111.0,1111.0,0.0,4.0,4444.0,0
2024-08-15,2024-08-15 13:00:00,1111.0,1111.0,1111.0,1111.0,0.0,4.0,4444.0,0
2024-08-15,2024-08-15 13:10:00,1111.0,1111.0,1111.0,1111.0,0.0,4.0,4444.0,0
2024-08-15,2024-08-15 13:20:00,1111.0,1111.0,1111.0,1111.0,0.0,4.0,4444.0,0
2024-08-15,2024-08-15 13:30:00,1111.0,1111.0,1111.0,1111.0,0.0,4.0,4444.0,0
2024-08-15,2024-08-15 13:40:00,1111.0,1111.0,1111.0,1111.0,0.0,4.0,4444.0,0
2024-08-15,2024-08-15 13:50:00,1111.0,1111.0,1111.0,1111.0,0.0,4.0,4444.0,0
2024-08-15,2024-08-15 14:00:00,1111.0,1111.0,1111.0,1111.0,0.0,4.0,4444.0,0
2024-08-15,2024-08-15 14:10:00,1111.0,1111.0,1111.0,1111.0,0.0,4.0,4444.0,0
2024-08-15,2024-08-15 14:20:00,1111.0,1111.0,1111.0,1111.0,0.0,4.0,4444.0,0
2024-08-15,2024-08-15 14:30:00,1111.0,1111.0,1111.0,1111.0,0.0,4.0,4444.0,0
2024-08-15,2024-08-15 14:40:00,1111.0,1111.0,1111.0,1111.0,0.0,4.0,4444.0,0
2024-08-15,2024-08-15 14:50:00,1111.0,1111.0,1111.0,1111.0,0.0,4.0,4444.0,0
2024-08-15,2024-08-15 15:00:00,1111.0,1111.0,1111.0,1111.0,0.0,4.0,4444.0,0
2024-08-21,2024-08-21 11:00:00,1110.0,1113.0,1110.0,1110.42,0.04,1.4,1558.0,1
2024-08-21,2024-08-21 11:10:00,1110.42,1110.83,1110.42,1110.83,0.04,1.4,1558.0,1
2024-08-21,2024-08-21 11:20:00,1110.83,1111.25,1110.83,1111.25,0.04,1.4,1558.0,1
2024-08-21,2024-08-21 11:30:00,1111.25,1111.67,1111.25,1111.67,0.04,1.4,1558.0,1
2024-08-21,2024-08-21 11:40:00,1111.67,1112.08,1111.67,1112.08,0.04,1.4,1558.0,1
2024-08-21,2024-08-21 11:50:00,1112.08,1112.5,1112.08,1112.5,0.04,1.4,1558.0,1
2024-08-21,2024-08-21 12:00:00,1112.5,1112.92,1112.5,1112.92,0.04,1.4,1558.0,1
2024-08-21,2024-08-21 12:10:00,1112.92,1113.33,1112.92,1113.33,0.04,1.4,1558.0,1
2024-08-21,2024-08-21 12:20:00,1113.33,1113.75,1113.33,1113.75,0.04,1.4,1558.0,1
2024-08-21,2024-08-21 12:30:00,1113.75,1114.17,1113.75,1114.17,0.04,1.4,1558.0,1
2024-08-21,2024-08-21 12:40:00,1114.17,1114.58,1114.17,1114.58,0.04,1.4,1558.0,1
2024-08-21,2024-08-21 12:50:00,1114.58,1115.0,1114.58,1115.0,0.04,1.4,1558.0,1
2024-08-21,2024-08-21 13:00:00,1115.0,1120.0,1110.0,1115.42,0.04,1.4,1558.0,1
2024-08-21,2024-08-21 13:10:00,1115.42,1115.83,1115.42,1115.83,0.04,1.4,1558.0,1
2024-08-21,2024-08-21 13:20:00,1115.83,1116.25,1115.83,1116.25,0.04,1.4,1558.0,1
2024-08-21,2024-08-21 13:30:00,1116.25,1116.67,1116.25,1116.67,0.04,1.4,1558.0,1
2024-08-21,2024-08-21 13:40:00,1116.67,1117.08,1116.67,1117.08,0.04,1.4,1558.0,1
2024-08-21,2024-08-21 13:50:00,1117.08,1117.5,1117.08,1117.5,0.04,1.4,1558.0,1
2024-08-21,2024-08-21 14:00:00,1117.5,1117.92,1117.5,1117.92,0.04,1.4,1558.0,1
2024-08-21,2024-08-21 14:10:00,1117.92,1118.33,1117.92,1118.33,0.04,1.4,1558.0,1
2024-08-21,2024-08-21 14:20:00,1118.33,1118.75,1118.33,1118.75,0.04,1.4,1558.0,1
2024-08-21,2024-08-21 14:30:00,1118.75,1119.17,1118.75,1119.17,0.04,1.4,1558.0,1
2024-08-21,2024-08-21 14:40:00,1119.17,1119.58,1119.17,1119.58,0.04,1.4,1558.0,1
2024-08-21,2024-08-21 14:50:00,1119.58,1120.0,1119.58,1120.0,0.04,1.4,1558.0,1
2024-08-21,2024-08-21 15:00:00,1120.0,1120.0,1110.0,1120.0,0.0,1.4,1558.0,0
2024-08-22,2024-08-22 11:00:00,1100.0,1100.0,1100.0,1100.0,0.0,1.0,1100.0,0
2024-08-22,2024-08-22 11:10:00,1100.0,1100.0,1100.0,1100.0,0.0,1.0,1100.0,0
2024-08-22,2024-08-22 11:20:00,1100.0,1100.0,1100.0,1100.0,0.0,1.0,1100.0,0
2024-08-22,2024-08-22 11:30:00,1100.0,1100.0,1100.0,1100.0,0.0,1.0,1100.0,0
2024-08-22,2024-08-22 11:40:00,1100.0,1100.0,1100.0,1100.0,0.0,1.0,1100.0,0
2024-08-22,2024-08-22 11:50:00,1100.0,1100.0,1100.0,1100.0,0.0,1.0,1100.0,0
2024-08-22,2024-08-22 12:00:00,1100.0,1100.0,1100.0,1100.0,0.0,1.0,1100.0,0
2024-08-22,2024-08-22 12:10:00,1100.0,1100.0,1100.0,1100.0,0.0,1.0,1100.0,0
2024-08-22,2024-08-22 12:20:00,1100.0,1100.0,1100.0,1100.0,0.0,1.0,1100.0,0
2024-08-22,2024-08-22 12:30:00,1100.0,1100.0,1100.0,1100.0,0.0,1.0,1100.0,0
2024-08-22,2024-08-22 12:40:00,1100.0,1100.0,1100.0,1100.0,0.0,1.0,1100.0,0
2024-08-22,2024-08-22 12:50:00,1100.0,1100.0,1100.0,1100.0,0.0,1.0,1100.0,0
2024-08-22,2024-08-22 13:00:00,1100.0,1100.0,1100.0,1100.0,0.0,1.0,1100.0,0
2024-08-22,2024-08-22 13:10:00,1100.0,1100.0,1100.0,1100.0,0.0,1.0,1100.0,0
2024-08-22,2024-08-22 13:20:00,1100.0,1100.0,1100.0,1100.0,0.0,1.0,1100.0,0
2024-08-22,2024-08-22 13:30:00,1100.0,1100.0,1100.0,1100.0,0.0,1.0,1100.0,0
2024-08-22,2024-08-22 13:40:00,1100.0,1100.0,1100.0,1100.0,0.0,1.0,1100.0,0
2024-08-22,2024-08-22 13:50:00,1100.0,1100.0,1100.0,1100.0,0.0,1.0,1100.0,0
2024-08-22,2024-08-22 14:00:00,1100.0,1100.0,1100.0,1100.0,0.0,1.0,1100.0,0
2024-08-22,2024-08-22 14:10:00,1100.0,1100.0,1100.0,1100.0,0.0,1.0,1100.0,0
2024-08-22,2024-08-22 14:20:00,1100.0,1100.0,1100.0,1100.0,0.0,1.0,1100.0,0
2024-08-22,2024-08-22 14:30:00,1100.0,1100.0,1100.0,1100.0,0.0,1.0,1100.0,0
2024-08-22,2024-08-22 14:40:00,1100.0,1100.0,1100.0,1100.0,0.0,1.0,1100.0,0
2024-08-22,2024-08-22 14:50:00,1100.0,1100.0,1100.0,1100.0,0.0,1.0,1100.0,0
2024-08-22,2024-08-22 15:00:00,1100.0,1100.0,1100.0,1100.0,0.0,1.0,1100.0,0
2024-08-25,2024-08-25 11:00:00,1111.0,1111.0,1111.0,1111.0,0.0,4.0,4444.0,0
2024-08-25,2024-08-25 11:10:00,1111.0,1111.0,1111.0,1111.0,0.0,4.0,4444.0,0
2024-08-25,2024-08-25 11:20:00,1111.0,1111.0,1111.0,1111.0,0.0,4.0,4444.0,0
2024-08-25,2024-08-25 11:30:00,1111.0,1111.0,1111.0,1111.0,0.0,4.0,4444.0,0
2024-08-25,2024-08-25 11:40:00,1111.0,1111.0,1111.0,1111.0,0.0,4.0,4444.0,0
2024-08-25,2024-08-25 11:50:00,1111.0,1111.0,1111.0,1111.0,0.0,4.0,4444.0,0
2024-08-25,2024-08-25 12:00:00,1111.0,1111.0,1111.0,1111.0,0.0,4.0,4444.0,0
2024-08-25,2024-08-25 12:10:00,1111.0,1111.0,1111.0,1111.0,0.0,4.0,4444.0,0
2024-08-25,2024-08-25 12:20:00,1111.0,1111.0,1111.0,1111.0,0.0,4.0,4444.0,0
2024-08-25,2024-08-25 12:30:00,1111.0,1111.0,1111.0,1111.0,0.0,4.0,4444.0,0
2024-08-25,2024-08-25 12:40:00,1111.0,1111.0,1111.0,1111.0,0.0,4.0,4444.0,0
2024-08-25,2024-08-25 12:50:00,1111.0,1111.0,1111.0,1111.0,0.0,4.0,4444.0,0
2024-08-25,2024-08-25 13:00:00,1111.0,1111.0,1111.0,1111.0,0.0,4.0,4444.0,0
2024-08-25,2024-08-25 13:10:00,1111.0,1111.0,1111.0,1111.0,0.0,4.0,4444.0,0
2024-08-25,2024-08-25 13:20:00,1111.0,1111.0,1111.0,1111.0,0.0,4.0,4444.0,0
2024-08-25,2024-08-25 13:30:00,1111.0,1111.0,1111.0,1111.0,0.0,4.0,4444.0,0
2024-08-25,2024-08-25 13:40:00,1111.0,1111.0,1111.0,1111.0,0.0,4.0,4444.0,0
2024-08-25,2024-08-25 13:50:00,1111.0,1111.0,1111.0,1111.0,0.0,4.0,4444.0,0
2024-08-25,2024-08-25 14:00:00,1111.0,1111.0,1111.0,1111.0,0.0,4.0,4444.0,0
2024-08-25,2024-08-25 14:10:00,1111.0,1111.0,1111.0,1111.0,0.0,4.0,4444.0,0
2024-08-25,2024-08-25 14:20:00,1111.0,1111.0,1111.0,1111.0,0.0,4.0,4444.0,0
2024-08-25,2024-08-25 14:30:00,1111.0,1111.0,1111.0,1111.0,0.0,4.0,4444.0,0
2024-08-25,2024-08-25 14:40:00,1111.0,1111.0,1111.0,1111.0,0.0,4.0,4444.0,0
2024-08-25,2024-08-25 14:50:00,1111.0,1111.0,1111.0,1111.0,0.0,4.0,4444.0,0
2024-08-25,2024-08-25 15:00:00,1111.0,1111.0,1111.0,1111.0,0.0,4.0,4444.0,0
2024-08-27,2024-08-27 11:00:00,1111.0,1111.0,1111.0,1111.0,0.0,9.0,9999.0,0
2024-08-27,2024-08-27 11:10:00,1111.0,1111.0,1111.0,1111.0,0.0,9.0,9999.0,0
2024-08-27,2024-08-27 11:20:00,1111.0,1111.0,1111.0,1111.0,0.0,9.0,9999.0,0
2024-08-27,2024-08-27 11:30:00,1111.0,1111.0,1111.0,1111.0,0.0,9.0,9999.0,0
2024-08-27,2024-08-27 11:40:00,1111.0,1111.0,1111.0,1111.0,0.0,9.0,9999.0,0
2024-08-27,2024-08-27 11:50:00,1111.0,1111.0,1111.0,1111.0,0.0,9.0,9999.0,0
2024-08-27,2024-08-27 12:00:00,1111.0,1111.0,1111.0,1111.0,0.0,9.0,9999.0,0
2024-08-27,2024-08-27 12:10:00,1111.0,1111.0,1111.0,1111.0,0.0,9.0,9999.0,0
2024-08-27,2024-08-27 12:20:00,1111.0,1111.0,1111.0,1111.0,0.0,9.0,9999.0,0
2024-08-27,2024-08-27 12:30:00,1111.0,1111.0,1111.0,1111.0,0.0,9.0,9999.0,0
2024-08-27,2024-08-27 12:40:00,1111.0,1111.0,1111.0,1111.0,0.0,9.0,9999.0,0
2024-08-27,2024-08-27 12:50:00,1111.0,1111.0,1111.0,1111.0,0.0,9.0,9999.0,0
2024-08-27,2024-08-27 13:00:00,1111.0,1111.0,1111.0,1111.0,0.0,9.0,9999.0,0
2024-08-27,2024-08-27 13:10:00,1111.0,1111.0,1111.0,1111.0,0.0,9.0,9999.0,0
2024-08-27,2024-08-27 13:20:00,1111.0,1111.0,1111.0,1111.0,0.0,9.0,9999.0,0
2024-08-27,2024-08-27 13:30:00,1111.0,1111.0,1111.0,1111.0,0.0,9.0,9999.0,0
2024-08-27,2024-08-27 13:40:00,1111.0,1111.0,1111.0,1111.0,0.0,9.0,9999.0,0
2024-08-27,2024-08-27 13:50:00,1111.0,1111.0,1111.0,1111.0,0.0,9.0,9999.0,0
2024-08-27,2024-08-27 14:00:00,1111.0,1111.0,1111.0,1111.0,0.0,9.0,9999.0,0
2024-08-27,2024-08-27 14:10:00,1111.0,1111.0,1111.0,1111.0,0.0,9.0,9999.0,0
2024-08-27,2024-08-27 14:20:00,1111.0,1111.0,1111.0,1111.0,0.0,9.0,9999.0,0
2024-08-27,2024-08-27 14:30:00,1111.0,1111.0,1111.0,1111.0,0.0,9.0,9999.0,0
2024-08-27,2024-08-27 14:40:00,1111.0,1111.0,1111.0,1111.0,0.0,9.0,9999.0,0
2024-08-27,2024-08-27 14:50:00,1111.0,1111.0,1111.0,1111.0,0.0,9.0,9999.0,0
2024-08-27,2024-08-27 15:00:00,1111.0,1111.0,1111.0,1111.0,0.0,9.0,9999.0,0
2024-08-28,2024-08-28 11:00:00,1115.0,1115.0,1115.0,1115.0,0.0,5.0,5575.0,0
2024-08-28,2024-08-28 11:10:00,1115.0,1115.0,1115.0,1115.0,0.0,5.0,5575.0,0
2024-08-28,2024-08-28 11:20:00,1115.0,1115.0,1115.0,1115.0,0.0,5.0,5575.0,0
2024-08-28,2024-08-28 11:30:00,1115.0,1115.0,1115.0,1115.0,0.0,5.0,5575.0,0
2024-08-28,2024-08-28 11:40:00,1115.0,1115.0,1115.0,1115.0,0.0,5.0,5575.0,0
2024-08-28,2024-08-28 11:50:00,1115.0,1115.0,1115.0,1115.0,0.0,5.0,5575.0,0
2024-08-28,2024-08-28 12:00:00,1115.0,1115.0,1115.0,1115.0,0.0,5.0,5575.0,0
2024-08-28,2024-08-28 12:10:00,1115.0,1115.0,1115.0,1115.0,0.0,5.0,5575.0,0
2024-08-28,2024-08-28 12:20:00,1115.0,1115.0,1115.0,1115.0,0.0,5.0,5575.0,0
2024-08-28,2024-08-28 12:30:00,1115.0,1115.0,1115.0,1115.0,0.0,5.0,5575.0,0
2024-08-28,2024-08-28 12:40:00,1115.0,1115.0,1115.0,1115.0,0.0,5.0,5575.0,0
2024-08-28,2024-08-28 12:50:00,1115.0,1115.0,1115.0,1115.0,0.0,5.0,5575.0,0
2024-08-28,2024-08-28 13:00:00,1115.0,1115.0,1115.0,1115.0,0.0,5.0,5575.0,0
2024-08-28,2024-08-28 13:10:00,1115.0,1115.0,1115.0,1115.0,0.0,5.0,5575.0,0
2024-08-28,2024-08-28 13:20:00,1115.0,1115.0,1115.0,1115.0,0.0,5.0,5575.0,0
2024-08-28,2024-08-28 13:30:00,1115.0,1115.0,1115.0,1115.0,0.0,5.0,5575.0,0
2024-08-28,2024-08-28 13:40:00,1115.0,1115.0,1115.0,1115.0,0.0,5.0,5575.0,0
2024-08-28,2024-08-28 13:50:00,1115.0,1115.0,1115.0,1115.0,0.0,5.0,5575.0,0
2024-08-28,2024-08-28 14:00:00,1115.0,1115.0,1115.0,1115.0,0.0,5.0,5575.0,0
2024-08-28,2024-08-28 14:10:00,1115.0,1115.0,1115.0,1115.0,0.0,5.0,5575.0,0
2024-08-28,2024-08-28 14:20:00,1115.0,1115.0,1115.0,1115.0,0.0,5.0,5575.0,0
2024-08-28,2024-08-28 14:30:00,1115.0,1115.0,1115.0,1115.0,0.0,5.0,5575.0,0
2024-08-28,2024-08-28 14:40:00,1115.0,1115.0,1115.0,1115.0,0.0,5.0,5575.0,0
2024-08-28,2024-08-28 14:50:00,1115.0,1115.0,1115.0,1115.0,0.0,5.0,5575.0,0
2024-08-28,2024-08-28 15:00:00,1115.0,1115.0,1115.0,1115.0,0.0,5.0,5575.0,0
2024-09-02,2024-09-02 11:00:00,1101.0,1101.0,1101.0,1101.0,0.0,1.0,1101.0,0
2024-09-02,2024-09-02 11:10:00,1101.0,1101.0,1101.0,1101.0,0.0,1.0,1101.0,0
2024-09-02,2024-09-02 11:20:00,1101.0,1101.0,1101.0,1101.0,0.0,1.0,1101.0,0
2024-09-02,2024-09-02 11:30:00,1101.0,1101.0,1101.0,1101.0,0.0,1.0,1101.0,0
2024-09-02,2024-09-02 11:40:00,1101.0,1101.0,1101.0,1101.0,0.0,1.0,1101.0,0
2024-09-02,2024-09-02 11:50:00,1101.0,1101.0,1101.0,1101.0,0.0,1.0,1101.0,0
2024-09-02,2024-09-02 12:00:00,1101.0,1101.0,1101.0,1101.0,0.0,1.0,1101.0,0
2024-09-02,2024-09-02 12:10:00,1101.0,1101.0,1101.0,1101.0,0.0,1.0,1101.0,0
2024-09-02,2024-09-02 12:20:00,1101.0,1101.0,1101.0,1101.0,0.0,1.0,1101.0,0
2024-09-02,2024-09-02 12:30:00,1101.0,1101.0,1101.0,1101.0,0.0,1.0,1101.0,0
2024-09-02,2024-09-02 12:40:00,1101.0,1101.0,1101.0,1101.0,0.0,1.0,1101.0,0
2024-09-02,2024-09-02 12:50:00,1101.0,1101.0,1101.0,1101.0,0.0,1.0,1101.0,0
2024-09-02,2024-09-02 13:00:00,1101.0,1101.0,1101.0,1101.0,0.0,1.0,1101.0,0
2024-09-02,2024-09-02 13:10:00,1101.0,1101.0,1101.0,1101.0,0.0,1.0,1101.0,0
2024-09-02,2024-09-02 13:20:00,1101.0,1101.0,1101.0,1101.0,0.0,1.0,1101.0,0
2024-09-02,2024-09-02 13:30:00,1101.0,1101.0,1101.0,1101.0,0.0,1.0,1101.0,0
2024-09-02,2024-09-02 13:40:00,1101.0,1101.0,1101.0,1101.0,0.0,1.0,1101.0,0
2024-09-02,2024-09-02 13:50:00,1101.0,1101.0,1101.0,1101.0,0.0,1.0,1101.0,0
2024-09-02,2024-09-02 14:00:00,1101.0,1101.0,1101.0,1101.0,0.0,1.0,1101.0,0
2024-09-02,2024-09-02 14:10:00,1101.0,1101.0,1101.0,1101.0,0.0,1.0,1101.0,0
2024-09-02,2024-09-02 14:20:00,1101.0,1101.0,1101.0,1101.0,0.0,1.0,1101.0,0
2024-09-02,2024-09-02 14:30:00,1101.0,1101.0,1101.0,1101.0,0.0,1.0,1101.0,0
2024-09-02,2024-09-02 14:40:00,1101.0,1101.0,1101.0,1101.0,0.0,1.0,1101.0,0
2024-09-02,2024-09-02 14:50:00,1101.0,1101.0,1101.0,1101.0,0.0,1.0,1101.0,0
2024-09-02,2024-09-02 15:00:00,1101.0,1101.0,1101.0,1101.0,0.0,1.0,1101.0,0
2024-09-03,2024-09-03 11:00:00,1103.0,1103.0,1103.0,1103.0,0.0,1.0,1103.0,0
2024-09-03,2024-09-03 11:10:00,1103.0,1103.0,1103.0,1103.0,0.0,1.0,1103.0,0
2024-09-03,2024-09-03 11:20:00,1103.0,1103.0,1103.0,1103.0,0.0,1.0,1103.0,0
2024-09-03,2024-09-03 11:30:00,1103.0,1103.0,1103.0,1103.0,0.0,1.0,1103.0,0
2024-09-03,2024-09-03 11:40:00,1103.0,1103.0,1103.0,1103.0,0.0,1.0,1103.0,0
2024-09-03,2024-09-03 11:50:00,1103.0,1103.0,1103.0,1103.0,0.0,1.0,1103.0,0
2024-09-03,2024-09-03 12:00:00,1103.0,1103.0,1103.0,1103.0,0.0,1.0,1103.0,0
2024-09-03,2024-09-03 12:10:00,1103.0,1103.0,1103.0,1103.0,0.0,1.0,1103.0,0
2024-09-03,2024-09-03 12:20:00,1103.0,1103.0,1103.0,1103.0,0.0,1.0,1103.0,0
2024-09-03,2024-09-03 12:30:00,1103.0,1103.0,1103.0,1103.0,0.0,1.0,1103.0,0
2024-09-03,2024-09-03 12:40:00,1103.0,1103.0,1103.0,1103.0,0.0,1.0,1103.0,0
2024-09-03,2024-09-03 12:50:00,1103.0,1103.0,1103.0,1103.0,0.0,1.0,1103.0,0
2024-09-03,2024-09-03 13:00:00,1103.0,1103.0,1103.0,1103.0,0.0,1.0,1103.0,0
2024-09-03,2024-09-03 13:10:00,1103.0,1103.0,1103.0,1103.0,0.0,1.0,1103.0,0
2024-09-03,2024-09-03 13:20:00,1103.0,1103.0,1103.0,1103.0,0.0,1.0,1103.0,0
2024-09-03,2024-09-03 13:30:00,1103.0,1103.0,1103.0,1103.0,0.0,1.0,1103.0,0
2024-09-03,2024-09-03 13:40:00,1103.0,1103.0,1103.0,1103.0,0.0,1.0,1103.0,0
2024-09-03,2024-09-03 13:50:00,1103.0,1103.0,1103.0,1103.0,0.0,1.0,1103.0,0
2024-09-03,2024-09-03 14:00:00,1103.0,1103.0,1103.0,1103.0,0.0,1.0,1103.0,0
2024-09-03,2024-09-03 14:10:00,1103.0,1103.0,1103.0,1103.0,0.0,1.0,1103.0,0
2024-09-03,2024-09-03 14:20:00,1103.0,1103.0,1103.0,1103.0,0.0,1.0,1103.0,0
2024-09-03,2024-09-03 14:30:00,1103.0,1103.0,1103.0,1103.0,0.0,1.0,1103.0,0
2024-09-03,2024-09-03 14:40:00,1103.0,1103.0,1103.0,1103.0,0.0,1.0,1103.0,0
2024-09-03,2024-09-03 14:50:00,1103.0,1103.0,1103.0,1103.0,0.0,1.0,1103.0,0
2024-09-03,2024-09-03 15:00:00,1103.0,1103.0,1103.0,1103.0,0.0,1.0,1103.0,0
2024-09-04,2024-09-04 11:00:00,1100.0,1100.0,1100.0,1100.0,0.0,4.0,4400.0,0
2024-09-04,2024-09-04 11:10:00,1100.0,1100.0,1100.0,1100.0,0.0,4.0,4400.0,0
2024-09-04,2024-09-04 11:20:00,1100.0,1100.0,1100.0,1100.0,0.0,4.0,4400.0,0
2024-09-04,2024-09-04 11:30:00,1100.0,1100.0,1100.0,1100.0,0.0,4.0,4400.0,0
2024-09-04,2024-09-04 11:40:00,1100.0,1100.0,1100.0,1100.0,0.0,4.0,4400.0,0
2024-09-04,2024-09-04 11:50:00,1100.0,1100.0,1100.0,1100.0,0.0,4.0,4400.0,0
2024-09-04,2024-09-04 12:00:00,1100.0,1100.0,1100.0,1100.0,0.0,4.0,4400.0,0
2024-09-04,2024-09-04 12:10:00,1100.0,1100.0,1100.0,1100.0,0.0,4.0,4400.0,0
2024-09-04,2024-09-04 12:20:00,1100.0,1100.0,1100.0,1100.0,0.0,4.0,4400.0,0
2024-09-04,2024-09-04 12:30:00,1100.0,1100.0,1100.0,1100.0,0.0,4.0,4400.0,0
2024-09-04,2024-09-04 12:40:00,1100.0,1100.0,1100.0,1100.0,0.0,4.0,4400.0,0
2024-09-04,2024-09-04 12:50:00,1100.0,1100.0,1100.0,1100.0,0.0,4.0,4400.0,0
2024-09-04,2024-09-04 13:00:00,1100.0,1100.0,1100.0,1100.0,0.0,4.0,4400.0,0
2024-09-04,2024-09-04 13:10:00,1100.0,1100.0,1100.0,1100.0,0.0,4.0,4400.0,0
2024-09-04,2024-09-04 13:20:00,1100.0,1100.0,1100.0,1100.0,0.0,4.0,4400.0,0
2024-09-04,2024-09-04 13:30:00,1100.0,1100.0,1100.0,1100.0,0.0,4.0,4400.0,0
2024-09-04,2024-09-04 13:40:00,1100.0,1100.0,1100.0,1100.0,0.0,4.0,4400.0,0
2024-09-04,2024-09-04 13:50:00,1100.0,1100.0,1100.0,1100.0,0.0,4.0,4400.0,0
2024-09-04,2024-09-04 14:00:00,1100.0,1100.0,1100.0,1100.0,0.0,4.0,4400.0,0
2024-09-04,2024-09-04 14:10:00,1100.0,1100.0,1100.0,1100.0,0.0,4.0,4400.0,0
2024-09-04,2024-09-04 14:20:00,1100.0,1100.0,1100.0,1100.0,0.0,4.0,4400.0,0
2024-09-04,2024-09-04 14:30:00,1100.0,1100.0,1100.0,1100.0,0.0,4.0,4400.0,0
2024-09-04,2024-09-04 14:40:00,1100.0,1100.0,1100.0,1100.0,0.0,4.0,4400.0,0
2024-09-04,2024-09-04 14:50:00,1100.0,1100.0,1100.0,1100.0,0.0,4.0,4400.0,0
2024-09-04,2024-09-04 15:00:00,1100.0,1100.0,1100.0,1100.0,0.0,4.0,4400.0,0
2024-09-08,2024-09-08 11:00:00,1100.0,1100.0,1100.0,1100.0,0.0,1.0,1100.0,0
2024-09-08,2024-09-08 11:10:00,1100.0,1100.0,1100.0,1100.0,0.0,1.0,1100.0,0
2024-09-08,2024-09-08 11:20:00,1100.0,1100.0,1100.0,1100.0,0.0,1.0,1100.0,0
2024-09-08,2024-09-08 11:30:00,1100.0,1100.0,1100.0,1100.0,0.0,1.0,1100.0,0
2024-09-08,2024-09-08 11:40:00,1100.0,1100.0,1100.0,1100.0,0.0,1.0,1100.0,0
2024-09-08,2024-09-08 11:50:00,1100.0,1100.0,1100.0,1100.0,0.0,1.0,1100.0,0
2024-09-08,2024-09-08 12:00:00,1100.0,1100.0,1100.0,1100.0,0.0,1.0,1100.0,0
2024-09-08,2024-09-08 12:10:00,1100.0,1100.0,1100.0,1100.0,0.0,1.0,1100.0,0
2024-09-08,2024-09-08 12:20:00,1100.0,1100.0,1100.0,1100.0,0.0,1.0,1100.0,0
2024-09-08,2024-09-08 12:30:00,1100.0,1100.0,1100.0,1100.0,0.0,1.0,1100.0,0
2024-09-08,2024-09-08 12:40:00,1100.0,1100.0,1100.0,1100.0,0.0,1.0,1100.0,0
2024-09-08,2024-09-08 12:50:00,1100.0,1100.0,1100.0,1100.0,0.0,1.0,1100.0,0
2024-09-08,2024-09-08 13:00:00,1100.0,1100.0,1100.0,1100.0,0.0,1.0,1100.0,0
2024-09-08,2024-09-08 13:10:00,1100.0,1100.0,1100.0,1100.0,0.0,1.0,1100.0,0
2024-09-08,2024-09-08 13:20:00,1100.0,1100.0,1100.0,1100.0,0.0,1.0,1100.0,0
2024-09-08,2024-09-08 13:30:00,1100.0,1100.0,1100.0,1100.0,0.0,1.0,1100.0,0
2024-09-08,2024-09-08 13:40:00,1100.0,1100.0,1100.0,1100.0,0.0,1.0,1100.0,0
2024-09-08,2024-09-08 13:50:00,1100.0,1100.0,1100.0,1100.0,0.0,1.0,1100.0,0
2024-09-08,2024-09-08 14:00:00,1100.0,1100.0,1100.0,1100.0,0.0,1.0,1100.0,0
2024-09-08,2024-09-08 14:10:00,1100.0,1100.0,1100.0,1100.0,0.0,1.0,1100.0,0
2024-09-08,2024-09-08 14:20:00,1100.0,1100.0,1100.0,1100.0,0.0,1.0,1100.0,0
2024-09-08,2024-09-08 14:30:00,1100.0,1100.0,1100.0,1100.0,0.0,1.0,1100.0,0
2024-09-08,2024-09-08 14:40:00,1100.0,1100.0,1100.0,1100.0,0.0,1.0,1100.0,0
2024-09-08,2024-09-08 14:50:00,1100.0,1100.0,1100.0,1100.0,0.0,1.0,1100.0,0
2024-09-08,2024-09-08 15:00:00,1100.0,1100.0,1100.0,1100.0,0.0,1.0,1100.0,0
2024-09-10,2024-09-10 11:00:00,1100.0,1106.6,1100.0,1100.92,0.08,4.0,4422.0,1
2024-09-10,2024-09-10 11:10:00,1100.92,1101.83,1100.92,1101.83,0.08,4.0,4422.0,1
2024-09-10,2024-09-10 11:20:00,1101.83,1102.75,1101.83,1102.75,0.08,4.0,4422.0,1
2024-09-10,2024-09-10 11:30:00,1102.75,1103.67,1102.75,1103.67,0.08,4.0,4422.0,1
2024-09-10,2024-09-10 11:40:00,1103.67,1104.58,1103.67,1104.58,0.08,4.0,4422.0,1
2024-09-10,2024-09-10 11:50:00,1104.58,1105.5,1104.58,1105.5,0.08,4.0,4422.0,1
2024-09-10,2024-09-10 12:00:00,1105.5,1106.42,1105.5,1106.42,0.08,4.0,4422.0,1
2024-09-10,2024-09-10 12:10:00,1106.42,1107.33,1106.42,1107.33,0.08,4.0,4422.0,1
2024-09-10,2024-09-10 12:20:00,1107.33,1108.25,1107.33,1108.25,0.08,4.0,4422.0,1
2024-09-10,2024-09-10 12:30:00,1108.25,1109.17,1108.25,1109.17,0.08,4.0,4422.0,1
2024-09-10,2024-09-10 12:40:00,1109.17,1110.08,1109.17,1110.08,0.08,4.0,4422.0,1
2024-09-10,2024-09-10 12:50:00,1110.08,1111.0,1110.08,1111.0,0.08,4.0,4422.0,1
2024-09-10,2024-09-10 13:00:00,1111.0,1122.0,1100.0,1111.92,0.08,4.0,4422.0,1
2024-09-10,2024-09-10 13:10:00,1111.92,1112.83,1111.92,1112.83,0.08,4.0,4422.0,1
2024-09-10,2024-09-10 13:20:00,1112.83,1113.75,1112.83,1113.75,0.08,4.0,4422.0,1
2024-09-10,2024-09-10 13:30:00,1113.75,1114.67,1113.75,1114.67,0.08,4.0,4422.0,1
2024-09-10,2024-09-10 13:40:00,1114.67,1115.58,1114.67,1115.58,0.08,4.0,4422.0,1
2024-09-10,2024-09-10 13:50:00,1115.58,1116.5,1115.58,1116.5,0.08,4.0,4422.0,1
2024-09-10,2024-09-10 14:00:00,1116.5,1117.42,1116.5,1117.42,0.08,4.0,4422.0,1
2024-09-10,2024-09-10 14:10:00,1117.42,1118.33,1117.42,1118.33,0.08,4.0,4422.0,1
2024-09-10,2024-09-10 14:20:00,1118.33,1119.25,1118.33,1119.25,0.08,4.0,4422.0,1
2024-09-10,2024-09-10 14:30:00,1119.25,1120.17,1119.25,1120.17,0.08,4.0,4422.0,1
2024-09-10,2024-09-10 14:40:00,1120.17,1121.08,1120.17,1121.08,0.08,4.0,4422.0,1
2024-09-10,2024-09-10 14:50:00,1121.08,1122.0,1121.08,1122.0,0.08,4.0,4422.0,1
2024-09-10,2024-09-10 15:00:00,1122.0,1122.0,1100.0,1122.0,0.0,4.0,4422.0,0
2024-09-11,2024-09-11 11:00:00,1105.0,1105.0,1105.0,1105.0,0.0,1.0,1105.0,0
2024-09-11,2024-09-11 11:10:00,1105.0,1105.0,1105.0,1105.0,0.0,1.0,1105.0,0
2024-09-11,2024-09-11 11:20:00,1105.0,1105.0,1105.0,1105.0,0.0,1.0,1105.0,0
2024-09-11,2024-09-11 11:30:00,1105.0,1105.0,1105.0,1105.0,0.0,1.0,1105.0,0
2024-09-11,2024-09-11 11:40:00,1105.0,1105.0,1105.0,1105.0,0.0,1.0,1105.0,0
2024-09-11,2024-09-11 11:50:00,1105.0,1105.0,1105.0,1105.0,0.0,1.0,1105.0,0
2024-09-11,2024-09-11 12:00:00,1105.0,1105.0,1105.0,1105.0,0.0,1.0,1105.0,0
2024-09-11,2024-09-11 12:10:00,1105.0,1105.0,1105.0,1105.0,0.0,1.0,1105.0,0
2024-09-11,2024-09-11 12:20:00,1105.0,1105.0,1105.0,1105.0,0.0,1.0,1105.0,0
2024-09-11,2024-09-11 12:30:00,1105.0,1105.0,1105.0,1105.0,0.0,1.0,1105.0,0
2024-09-11,2024-09-11 12:40:00,1105.0,1105.0,1105.0,1105.0,0.0,1.0,1105.0,0
2024-09-11,2024-09-11 12:50:00,1105.0,1105.0,1105.0,1105.0,0.0,1.0,1105.0,0
2024-09-11,2024-09-11 13:00:00,1105.0,1105.0,1105.0,1105.0,0.0,1.0,1105.0,0
2024-09-11,2024-09-11 13:10:00,1105.0,1105.0,1105.0,1105.0,0.0,1.0,1105.0,0
2024-09-11,2024-09-11 13:20:00,1105.0,1105.0,1105.0,1105.0,0.0,1.0,1105.0,0
2024-09-11,2024-09-11 13:30:00,1105.0,1105.0,1105.0,1105.0,0.0,1.0,1105.0,0
2024-09-11,2024-09-11 13:40:00,1105.0,1105.0,1105.0,1105.0,0.0,1.0,1105.0,0
2024-09-11,2024-09-11 13:50:00,1105.0,1105.0,1105.0,1105.0,0.0,1.0,1105.0,0
2024-09-11,2024-09-11 14:00:00,1105.0,1105.0,1105.0,1105.0,0.0,1.0,1105.0,0
2024-09-11,2024-09-11 14:10:00,1105.0,1105.0,1105.0,1105.0,0.0,1.0,1105.0,0
2024-09-11,2024-09-11 14:20:00,1105.0,1105.0,1105.0,1105.0,0.0,1.0,1105.0,0
2024-09-11,2024-09-11 14:30:00,1105.0,1105.0,1105.0,1105.0,0.0,1.0,1105.0,0
2024-09-11,2024-09-11 14:40:00,1105.0,1105.0,1105.0,1105.0,0.0,1.0,1105.0,0
2024-09-11,2024-09-11 14:50:00,1105.0,1105.0,1105.0,1105.0,0.0,1.0,1105.0,0
2024-09-11,2024-09-11 15:00:00,1105.0,1105.0,1105.0,1105.0,0.0,1.0,1105.0,0
2024-09-12,2024-09-12 11:00:00,1100.5,1100.5,1100.5,1100.5,0.0,40.0,44020.0,0
2024-09-12,2024-09-12 11:10:00,1100.5,1100.5,1100.5,1100.5,0.0,40.0,44020.0,0
2024-09-12,2024-09-12 11:20:00,1100.5,1100.5,1100.5,1100.5,0.0,40.0,44020.0,0
2024-09-12,2024-09-12 11:30:00,1100.5,1100.5,1100.5,1100.5,0.0,40.0,44020.0,0
2024-09-12,2024-09-12 11:40:00,1100.5,1100.5,1100.5,1100.5,0.0,40.0,44020.0,0
2024-09-12,2024-09-12 11:50:00,1100.5,1100.5,1100.5,1100.5,0.0,40.0,44020.0,0
2024-09-12,2024-09-12 12:00:00,1100.5,1100.5,1100.5,1100.5,0.0,40.0,44020.0,0
2024-09-12,2024-09-12 12:10:00,1100.5,1100.5,1100.5,1100.5,0.0,40.0,44020.0,0
2024-09-12,2024-09-12 12:20:00,1100.5,1100.5,1100.5,1100.5,0.0,40.0,44020.0,0
2024-09-12,2024-09-12 12:30:00,1100.5,1100.5,1100.5,1100.5,0.0,40.0,44020.0,0
2024-09-12,2024-09-12 12:40:00,1100.5,1100.5,1100.5,1100.5,0.0,40.0,44020.0,0
2024-09-12,2024-09-12 12:50:00,1100.5,1100.5,1100.5,1100.5,0.0,40.0,44020.0,0
2024-09-12,2024-09-12 13:00:00,1100.5,1100.5,1100.5,1100.5,0.0,40.0,44020.0,0
2024-09-12,2024-09-12 13:10:00,1100.5,1100.5,1100.5,1100.5,0.0,40.0,44020.0,0
2024-09-12,2024-09-12 13:20:00,1100.5,1100.5,1100.5,1100.5,0.0,40.0,44020.0,0
2024-09-12,2024-09-12 13:30:00,1100.5,1100.5,1100.5,1100.5,0.0,40.0,44020.0,0
2024-09-12,2024-09-12 13:40:00,1100.5,1100.5,1100.5,1100.5,0.0,40.0,44020.0,0
2024-09-12,2024-09-12 13:50:00,1100.5,1100.5,1100.5,1100.5,0.0,40.0,44020.0,0
2024-09-12,2024-09-12 14:00:00,1100.5,1100.5,1100.5,1100.5,0.0,40.0,44020.0,0
2024-09-12,2024-09-12 14:10:00,1100.5,1100.5,1100.5,1100.5,0.0,40.0,44020.0,0
2024-09-12,2024-09-12 14:20:00,1100.5,1100.5,1100.5,1100.5,0.0,40.0,44020.0,0
2024-09-12,2024-09-12 14:30:00,1100.5,1100.5,1100.5,1100.5,0.0,40.0,44020.0,0
2024-09-12,2024-09-12 14:40:00,1100.5,1100.5,1100.5,1100.5,0.0,40.0,44020.0,0
2024-09-12,2024-09-12 14:50:00,1100.5,1100.5,1100.5,1100.5,0.0,40.0,44020.0,0
2024-09-12,2024-09-12 15:00:00,1100.5,1100.5,1100.5,1100.5,0.0,40.0,44020.0,0
2024-09-15,2024-09-15 11:00:00,1100.0,1100.0,1100.0,1100.0,0.0,2.8,3080.0,0
2024-09-15,2024-09-15 11:10:00,1100.0,1100.0,1100.0,1100.0,0.0,2.8,3080.0,0
2024-09-15,2024-09-15 11:20:00,1100.0,1100.0,1100.0,1100.0,0.0,2.8,3080.0,0
2024-09-15,2024-09-15 11:30:00,1100.0,1100.0,1100.0,1100.0,0.0,2.8,3080.0,0
2024-09-15,2024-09-15 11:40:00,1100.0,1100.0,1100.0,1100.0,0.0,2.8,3080.0,0
2024-09-15,2024-09-15 11:50:00,1100.0,1100.0,1100.0,1100.0,0.0,2.8,3080.0,0
2024-09-15,2024-09-15 12:00:00,1100.0,1100.0,1100.0,1100.0,0.0,2.8,3080.0,0
2024-09-15,2024-09-15 12:10:00,1100.0,1100.0,1100.0,1100.0,0.0,2.8,3080.0,0
2024-09-15,2024-09-15 12:20:00,1100.0,1100.0,1100.0,1100.0,0.0,2.8,3080.0,0
2024-09-15,2024-09-15 12:30:00,1100.0,1100.0,1100.0,1100.0,0.0,2.8,3080.0,0
2024-09-15,2024-09-15 12:40:00,1100.0,1100.0,1100.0,1100.0,0.0,2.8,3080.0,0
2024-09-15,2024-09-15 12:50:00,1100.0,1100.0,1100.0,1100.0,0.0,2.8,3080.0,0
2024-09-15,2024-09-15 13:00:00,1100.0,1100.0,1100.0,1100.0,0.0,2.8,3080.0,0
2024-09-15,2024-09-15 13:10:00,1100.0,1100.0,1100.0,1100.0,0.0,2.8,3080.0,0
2024-09-15,2024-09-15 13:20:00,1100.0,1100.0,1100.0,1100.0,0.0,2.8,3080.0,0
2024-09-15,2024-09-15 13:30:00,1100.0,1100.0,1100.0,1100.0,0.0,2.8,3080.0,0
2024-09-15,2024-09-15 13:40:00,1100.0,1100.0,1100.0,1100.0,0.0,2.8,3080.0,0
2024-09-15,2024-09-15 13:50:00,1100.0,1100.0,1100.0,1100.0,0.0,2.8,3080.0,0
2024-09-15,2024-09-15 14:00:00,1100.0,1100.0,1100.0,1100.0,0.0,2.8,3080.0,0
2024-09-15,2024-09-15 14:10:00,1100.0,1100.0,1100.0,1100.0,0.0,2.8,3080.0,0
2024-09-15,2024-09-15 14:20:00,1100.0,1100.0,1100.0,1100.0,0.0,2.8,3080.0,0
2024-09-15,2024-09-15 14:30:00,1100.0,1100.0,1100.0,1100.0,0.0,2.8,3080.0,0
2024-09-15,2024-09-15 14:40:00,1100.0,1100.0,1100.0,1100.0,0.0,2.8,3080.0,0
2024-09-15,2024-09-15 14:50:00,1100.0,1100.0,1100.0,1100.0,0.0,2.8,3080.0,0
2024-09-15,2024-09-15 15:00:00,1100.0,1100.0,1100.0,1100.0,0.0,2.8,3080.0,0
2024-09-16,2024-09-16 11:00:00,1100.0,1100.0,1100.0,1100.0,0.0,5.0,5500.0,0
2024-09-16,2024-09-16 11:10:00,1100.0,1100.0,1100.0,1100.0,0.0,5.0,5500.0,0
2024-09-16,2024-09-16 11:20:00,1100.0,1100.0,1100.0,1100.0,0.0,5.0,5500.0,0
2024-09-16,2024-09-16 11:30:00,1100.0,1100.0,1100.0,1100.0,0.0,5.0,5500.0,0
2024-09-16,2024-09-16 11:40:00,1100.0,1100.0,1100.0,1100.0,0.0,5.0,5500.0,0
2024-09-16,2024-09-16 11:50:00,1100.0,1100.0,1100.0,1100.0,0.0,5.0,5500.0,0
2024-09-16,2024-09-16 12:00:00,1100.0,1100.0,1100.0,1100.0,0.0,5.0,5500.0,0
2024-09-16,2024-09-16 12:10:00,1100.0,1100.0,1100.0,1100.0,0.0,5.0,5500.0,0
2024-09-16,2024-09-16 12:20:00,1100.0,1100.0,1100.0,1100.0,0.0,5.0,5500.0,0
2024-09-16,2024-09-16 12:30:00,1100.0,1100.0,1100.0,1100.0,0.0,5.0,5500.0,0
2024-09-16,2024-09-16 12:40:00,1100.0,1100.0,1100.0,1100.0,0.0,5.0,5500.0,0
2024-09-16,2024-09-16 12:50:00,1100.0,1100.0,1100.0,1100.0,0.0,5.0,5500.0,0
2024-09-16,2024-09-16 13:00:00,1100.0,1100.0,1100.0,1100.0,0.0,5.0,5500.0,0
2024-09-16,2024-09-16 13:10:00,1100.0,1100.0,1100.0,1100.0,0.0,5.0,5500.0,0
2024-09-16,2024-09-16 13:20:00,1100.0,1100.0,1100.0,1100.0,0.0,5.0,5500.0,0
2024-09-16,2024-09-16 13:30:00,1100.0,1100.0,1100.0,1100.0,0.0,5.0,5500.0,0
2024-09-16,2024-09-16 13:40:00,1100.0,1100.0,1100.0,1100.0,0.0,5.0,5500.0,0
2024-09-16,2024-09-16 13:50:00,1100.0,1100.0,1100.0,1100.0,0.0,5.0,5500.0,0
2024-09-16,2024-09-16 14:00:00,1100.0,1100.0,1100.0,1100.0,0.0,5.0,5500.0,0
2024-09-16,2024-09-16 14:10:00,1100.0,1100.0,1100.0,1100.0,0.0,5.0,5500.0,0
2024-09-16,2024-09-16 14:20:00,1100.0,1100.0,1100.0,1100.0,0.0,5.0,5500.0,0
2024-09-16,2024-09-16 14:30:00,1100.0,1100.0,1100.0,1100.0,0.0,5.0,5500.0,0
2024-09-16,2024-09-16 14:40:00,1100.0,1100.0,1100.0,1100.0,0.0,5.0,5500.0,0
2024-09-16,2024-09-16 14:50:00,1100.0,1100.0,1100.0,1100.0,0.0,5.0,5500.0,0
2024-09-16,2024-09-16 15:00:00,1100.0,1100.0,1100.0,1100.0,0.0,5.0,5500.0,0
2024-09-22,2024-09-22 11:00:00,1100.0,1100.0,1100.0,1100.0,0.0,1.0,1100.0,0
2024-09-22,2024-09-22 11:10:00,1100.0,1100.0,1100.0,1100.0,0.0,1.0,1100.0,0
2024-09-22,2024-09-22 11:20:00,1100.0,1100.0,1100.0,1100.0,0.0,1.0,1100.0,0
2024-09-22,2024-09-22 11:30:00,1100.0,1100.0,1100.0,1100.0,0.0,1.0,1100.0,0
2024-09-22,2024-09-22 11:40:00,1100.0,1100.0,1100.0,1100.0,0.0,1.0,1100.0,0
2024-09-22,2024-09-22 11:50:00,1100.0,1100.0,1100.0,1100.0,0.0,1.0,1100.0,0
2024-09-22,2024-09-22 12:00:00,1100.0,1100.0,1100.0,1100.0,0.0,1.0,1100.0,0
2024-09-22,2024-09-22 12:10:00,1100.0,1100.0,1100.0,1100.0,0.0,1.0,1100.0,0
2024-09-22,2024-09-22 12:20:00,1100.0,1100.0,1100.0,1100.0,0.0,1.0,1100.0,0
2024-09-22,2024-09-22 12:30:00,1100.0,1100.0,1100.0,1100.0,0.0,1.0,1100.0,0
2024-09-22,2024-09-22 12:40:00,1100.0,1100.0,1100.0,1100.0,0.0,1.0,1100.0,0
2024-09-22,2024-09-22 12:50:00,1100.0,1100.0,1100.0,1100.0,0.0,1.0,1100.0,0
2024-09-22,2024-09-22 13:00:00,1100.0,1100.0,1100.0,1100.0,0.0,1.0,1100.0,0
2024-09-22,2024-09-22 13:10:00,1100.0,1100.0,1100.0,1100.0,0.0,1.0,1100.0,0
2024-09-22,2024-09-22 13:20:00,1100.0,1100.0,1100.0,1100.0,0.0,1.0,1100.0,0
2024-09-22,2024-09-22 13:30:00,1100.0,1100.0,1100.0,1100.0,0.0,1.0,1100.0,0
2024-09-22,2024-09-22 13:40:00,1100.0,1100.0,1100.0,1100.0,0.0,1.0,1100.0,0
2024-09-22,2024-09-22 13:50:00,1100.0,1100.0,1100.0,1100.0,0.0,1.0,1100.0,0
2024-09-22,2024-09-22 14:00:00,1100.0,1100.0,1100.0,1100.0,0.0,1.0,1100.0,0
2024-09-22,2024-09-22 14:10:00,1100.0,1100.0,1100.0,1100.0,0.0,1.0,1100.0,0
2024-09-22,2024-09-22 14:20:00,1100.0,1100.0,1100.0,1100.0,0.0,1.0,1100.0,0
2024-09-22,2024-09-22 14:30:00,1100.0,1100.0,1100.0,1100.0,0.0,1.0,1100.0,0
2024-09-22,2024-09-22 14:40:00,1100.0,1100.0,1100.0,1100.0,0.0,1.0,1100.0,0
2024-09-22,2024-09-22 14:50:00,1100.0,1100.0,1100.0,1100.0,0.0,1.0,1100.0,0
2024-09-22,2024-09-22 15:00:00,1100.0,1100.0,1100.0,1100.0,0.0,1.0,1100.0,0
2024-09-23,2024-09-23 11:00:00,1100.0,1100.0,1100.0,1100.0,0.0,1.0,1100.0,0
2024-09-23,2024-09-23 11:10:00,1100.0,1100.0,1100.0,1100.0,0.0,1.0,1100.0,0
2024-09-23,2024-09-23 11:20:00,1100.0,1100.0,1100.0,1100.0,0.0,1.0,1100.0,0
2024-09-23,2024-09-23 11:30:00,1100.0,1100.0,1100.0,1100.0,0.0,1.0,1100.0,0
2024-09-23,2024-09-23 11:40:00,1100.0,1100.0,1100.0,1100.0,0.0,1.0,1100.0,0
2024-09-23,2024-09-23 11:50:00,1100.0,1100.0,1100.0,1100.0,0.0,1.0,1100.0,0
2024-09-23,2024-09-23 12:00:00,1100.0,1100.0,1100.0,1100.0,0.0,1.0,1100.0,0
2024-09-23,2024-09-23 12:10:00,1100.0,1100.0,1100.0,1100.0,0.0,1.0,1100.0,0
2024-09-23,2024-09-23 12:20:00,1100.0,1100.0,1100.0,1100.0,0.0,1.0,1100.0,0
2024-09-23,2024-09-23 12:30:00,1100.0,1100.0,1100.0,1100.0,0.0,1.0,1100.0,0
2024-09-23,2024-09-23 12:40:00,1100.0,1100.0,1100.0,1100.0,0.0,1.0,1100.0,0
2024-09-23,2024-09-23 12:50:00,1100.0,1100.0,1100.0,1100.0,0.0,1.0,1100.0,0
2024-09-23,2024-09-23 13:00:00,1100.0,1100.0,1100.0,1100.0,0.0,1.0,1100.0,0
2024-09-23,2024-09-23 13:10:00,1100.0,1100.0,1100.0,1100.0,0.0,1.0,1100.0,0
2024-09-23,2024-09-23 13:20:00,1100.0,1100.0,1100.0,1100.0,0.0,1.0,1100.0,0
2024-09-23,2024-09-23 13:30:00,1100.0,1100.0,1100.0,1100.0,0.0,1.0,1100.0,0
2024-09-23,2024-09-23 13:40:00,1100.0,1100.0,1100.0,1100.0,0.0,1.0,1100.0,0
2024-09-23,2024-09-23 13:50:00,1100.0,1100.0,1100.0,1100.0,0.0,1.0,1100.0,0
2024-09-23,2024-09-23 14:00:00,1100.0,1100.0,1100.0,1100.0,0.0,1.0,1100.0,0
2024-09-23,2024-09-23 14:10:00,1100.0,1100.0,1100.0,1100.0,0.0,1.0,1100.0,0
2024-09-23,2024-09-23 14:20:00,1100.0,1100.0,1100.0,1100.0,0.0,1.0,1100.0,0
2024-09-23,2024-09-23 14:30:00,1100.0,1100.0,1100.0,1100.0,0.0,1.0,1100.0,0
2024-09-23,2024-09-23 14:40:00,1100.0,1100.0,1100.0,1100.0,0.0,1.0,1100.0,0
2024-09-23,2024-09-23 14:50:00,1100.0,1100.0,1100.0,1100.0,0.0,1.0,1100.0,0
2024-09-23,2024-09-23 15:00:00,1100.0,1100.0,1100.0,1100.0,0.0,1.0,1100.0,0
2024-09-25,2024-09-25 11:00:00,1100.0,1100.0,1100.0,1100.0,0.0,2.0,2200.0,0
2024-09-25,2024-09-25 11:10:00,1100.0,1100.0,1100.0,1100.0,0.0,2.0,2200.0,0
2024-09-25,2024-09-25 11:20:00,1100.0,1100.0,1100.0,1100.0,0.0,2.0,2200.0,0
2024-09-25,2024-09-25 11:30:00,1100.0,1100.0,1100.0,1100.0,0.0,2.0,2200.0,0
2024-09-25,2024-09-25 11:40:00,1100.0,1100.0,1100.0,1100.0,0.0,2.0,2200.0,0
2024-09-25,2024-09-25 11:50:00,1100.0,1100.0,1100.0,1100.0,0.0,2.0,2200.0,0
2024-09-25,2024-09-25 12:00:00,1100.0,1100.0,1100.0,1100.0,0.0,2.0,2200.0,0
2024-09-25,2024-09-25 12:10:00,1100.0,1100.0,1100.0,1100.0,0.0,2.0,2200.0,0
2024-09-25,2024-09-25 12:20:00,1100.0,1100.0,1100.0,1100.0,0.0,2.0,2200.0,0
2024-09-25,2024-09-25 12:30:00,1100.0,1100.0,1100.0,1100.0,0.0,2.0,2200.0,0
2024-09-25,2024-09-25 12:40:00,1100.0,1100.0,1100.0,1100.0,0.0,2.0,2200.0,0
2024-09-25,2024-09-25 12:50:00,1100.0,1100.0,1100.0,1100.0,0.0,2.0,2200.0,0
2024-09-25,2024-09-25 13:00:00,1100.0,1100.0,1100.0,1100.0,0.0,2.0,2200.0,0
2024-09-25,2024-09-25 13:10:00,1100.0,1100.0,1100.0,1100.0,0.0,2.0,2200.0,0
2024-09-25,2024-09-25 13:20:00,1100.0,1100.0,1100.0,1100.0,0.0,2.0,2200.0,0
2024-09-25,2024-09-25 13:30:00,1100.0,1100.0,1100.0,1100.0,0.0,2.0,2200.0,0
2024-09-25,2024-09-25 13:40:00,1100.0,1100.0,1100.0,1100.0,0.0,2.0,2200.0,0
2024-09-25,2024-09-25 13:50:00,1100.0,1100.0,1100.0,1100.0,0.0,2.0,2200.0,0
2024-09-25,2024-09-25 14:00:00,1100.0,1100.0,1100.0,1100.0,0.0,2.0,2200.0,0
2024-09-25,2024-09-25 14:10:00,1100.0,1100.0,1100.0,1100.0,0.0,2.0,2200.0,0
2024-09-25,2024-09-25 14:20:00,1100.0,1100.0,1100.0,1100.0,0.0,2.0,2200.0,0
2024-09-25,2024-09-25 14:30:00,1100.0,1100.0,1100.0,1100.0,0.0,2.0,2200.0,0
2024-09-25,2024-09-25 14:40:00,1100.0,1100.0,1100.0,1100.0,0.0,2.0,2200.0,0
2024-09-25,2024-09-25 14:50:00,1100.0,1100.0,1100.0,1100.0,0.0,2.0,2200.0,0
2024-09-25,2024-09-25 15:00:00,1100.0,1100.0,1100.0,1100.0,0.0,2.0,2200.0,0
2024-09-26,2024-09-26 11:00:00,1100.0,1100.0,1100.0,1100.0,0.0,4.0,4400.0,0
2024-09-26,2024-09-26 11:10:00,1100.0,1100.0,1100.0,1100.0,0.0,4.0,4400.0,0
2024-09-26,2024-09-26 11:20:00,1100.0,1100.0,1100.0,1100.0,0.0,4.0,4400.0,0
2024-09-26,2024-09-26 11:30:00,1100.0,1100.0,1100.0,1100.0,0.0,4.0,4400.0,0
2024-09-26,2024-09-26 11:40:00,1100.0,1100.0,1100.0,1100.0,0.0,4.0,4400.0,0
2024-09-26,2024-09-26 11:50:00,1100.0,1100.0,1100.0,1100.0,0.0,4.0,4400.0,0
2024-09-26,2024-09-26 12:00:00,1100.0,1100.0,1100.0,1100.0,0.0,4.0,4400.0,0
2024-09-26,2024-09-26 12:10:00,1100.0,1100.0,1100.0,1100.0,0.0,4.0,4400.0,0
2024-09-26,2024-09-26 12:20:00,1100.0,1100.0,1100.0,1100.0,0.0,4.0,4400.0,0
2024-09-26,2024-09-26 12:30:00,1100.0,1100.0,1100.0,1100.0,0.0,4.0,4400.0,0
2024-09-26,2024-09-26 12:40:00,1100.0,1100.0,1100.0,1100.0,0.0,4.0,4400.0,0
2024-09-26,2024-09-26 12:50:00,1100.0,1100.0,1100.0,1100.0,0.0,4.0,4400.0,0
2024-09-26,2024-09-26 13:00:00,1100.0,1100.0,1100.0,1100.0,0.0,4.0,4400.0,0
2024-09-26,2024-09-26 13:10:00,1100.0,1100.0,1100.0,1100.0,0.0,4.0,4400.0,0
2024-09-26,2024-09-26 13:20:00,1100.0,1100.0,1100.0,1100.0,0.0,4.0,4400.0,0
2024-09-26,2024-09-26 13:30:00,1100.0,1100.0,1100.0,1100.0,0.0,4.0,4400.0,0
2024-09-26,2024-09-26 13:40:00,1100.0,1100.0,1100.0,1100.0,0.0,4.0,4400.0,0
2024-09-26,2024-09-26 13:50:00,1100.0,1100.0,1100.0,1100.0,0.0,4.0,4400.0,0
2024-09-26,2024-09-26 14:00:00,1100.0,1100.0,1100.0,1100.0,0.0,4.0,4400.0,0
2024-09-26,2024-09-26 14:10:00,1100.0,1100.0,1100.0,1100.0,0.0,4.0,4400.0,0
2024-09-26,2024-09-26 14:20:00,1100.0,1100.0,1100.0,1100.0,0.0,4.0,4400.0,0
2024-09-26,2024-09-26 14:30:00,1100.0,1100.0,1100.0,1100.0,0.0,4.0,4400.0,0
2024-09-26,2024-09-26 14:40:00,1100.0,1100.0,1100.0,1100.0,0.0,4.0,4400.0,0
2024-09-26,2024-09-26 14:50:00,1100.0,1100.0,1100.0,1100.0,0.0,4.0,4400.0,0
2024-09-26,2024-09-26 15:00:00,1100.0,1100.0,1100.0,1100.0,0.0,4.0,4400.0,0
2024-10-01,2024-10-01 11:00:00,1100.0,1100.0,1100.0,1100.0,0.0,10.0,11000.0,0
2024-10-01,2024-10-01 11:10:00,1100.0,1100.0,1100.0,1100.0,0.0,10.0,11000.0,0
2024-10-01,2024-10-01 11:20:00,1100.0,1100.0,1100.0,1100.0,0.0,10.0,11000.0,0
2024-10-01,2024-10-01 11:30:00,1100.0,1100.0,1100.0,1100.0,0.0,10.0,11000.0,0
2024-10-01,2024-10-01 11:40:00,1100.0,1100.0,1100.0,1100.0,0.0,10.0,11000.0,0
2024-10-01,2024-10-01 11:50:00,1100.0,1100.0,1100.0,1100.0,0.0,10.0,11000.0,0
2024-10-01,2024-10-01 12:00:00,1100.0,1100.0,1100.0,1100.0,0.0,10.0,11000.0,0
2024-10-01,2024-10-01 12:10:00,1100.0,1100.0,1100.0,1100.0,0.0,10.0,11000.0,0
2024-10-01,2024-10-01 12:20:00,1100.0,1100.0,1100.0,1100.0,0.0,10.0,11000.0,0
2024-10-01,2024-10-01 12:30:00,1100.0,1100.0,1100.0,1100.0,0.0,10.0,11000.0,0
2024-10-01,2024-10-01 12:40:00,1100.0,1100.0,1100.0,1100.0,0.0,10.0,11000.0,0
2024-10-01,2024-10-01 12:50:00,1100.0,1100.0,1100.0,1100.0,0.0,10.0,11000.0,0
2024-10-01,2024-10-01 13:00:00,1100.0,1100.0,1100.0,1100.0,0.0,10.0,11000.0,0
2024-10-01,2024-10-01 13:10:00,1100.0,1100.0,1100.0,1100.0,0.0,10.0,11000.0,0
2024-10-01,2024-10-01 13:20:00,1100.0,1100.0,1100.0,1100.0,0.0,10.0,11000.0,0
2024-10-01,2024-10-01 13:30:00,1100.0,1100.0,1100.0,1100.0,0.0,10.0,11000.0,0
2024-10-01,2024-10-01 13:40:00,1100.0,1100.0,1100.0,1100.0,0.0,10.0,11000.0,0
2024-10-01,2024-10-01 13:50:00,1100.0,1100.0,1100.0,1100.0,0.0,10.0,11000.0,0
2024-10-01,2024-10-01 14:00:00,1100.0,1100.0,1100.0,1100.0,0.0,10.0,11000.0,0
2024-10-01,2024-10-01 14:10:00,1100.0,1100.0,1100.0,1100.0,0.0,10.0,11000.0,0
2024-10-01,2024-10-01 14:20:00,1100.0,1100.0,1100.0,1100.0,0.0,10.0,11000.0,0
2024-10-01,2024-10-01 14:30:00,1100.0,1100.0,1100.0,1100.0,0.0,10.0,11000.0,0
2024-10-01,2024-10-01 14:40:00,1100.0,1100.0,1100.0,1100.0,0.0,10.0,11000.0,0
2024-10-01,2024-10-01 14:50:00,1100.0,1100.0,1100.0,1100.0,0.0,10.0,11000.0,0
2024-10-01,2024-10-01 15:00:00,1100.0,1100.0,1100.0,1100.0,0.0,10.0,11000.0,0
2024-10-08,2024-10-08 11:00:00,1100.0,1100.0,1100.0,1100.0,0.0,1.0,1100.0,0
2024-10-08,2024-10-08 11:10:00,1100.0,1100.0,1100.0,1100.0,0.0,1.0,1100.0,0
2024-10-08,2024-10-08 11:20:00,1100.0,1100.0,1100.0,1100.0,0.0,1.0,1100.0,0
2024-10-08,2024-10-08 11:30:00,1100.0,1100.0,1100.0,1100.0,0.0,1.0,1100.0,0
2024-10-08,2024-10-08 11:40:00,1100.0,1100.0,1100.0,1100.0,0.0,1.0,1100.0,0
2024-10-08,2024-10-08 11:50:00,1100.0,1100.0,1100.0,1100.0,0.0,1.0,1100.0,0
2024-10-08,2024-10-08 12:00:00,1100.0,1100.0,1100.0,1100.0,0.0,1.0,1100.0,0
2024-10-08,2024-10-08 12:10:00,1100.0,1100.0,1100.0,1100.0,0.0,1.0,1100.0,0
2024-10-08,2024-10-08 12:20:00,1100.0,1100.0,1100.0,1100.0,0.0,1.0,1100.0,0
2024-10-08,2024-10-08 12:30:00,1100.0,1100.0,1100.0,1100.0,0.0,1.0,1100.0,0
2024-10-08,2024-10-08 12:40:00,1100.0,1100.0,1100.0,1100.0,0.0,1.0,1100.0,0
2024-10-08,2024-10-08 12:50:00,1100.0,1100.0,1100.0,1100.0,0.0,1.0,1100.0,0
2024-10-08,2024-10-08 13:00:00,1100.0,1100.0,1100.0,1100.0,0.0,1.0,1100.0,0
2024-10-08,2024-10-08 13:10:00,1100.0,1100.0,1100.0,1100.0,0.0,1.0,1100.0,0
2024-10-08,2024-10-08 13:20:00,1100.0,1100.0,1100.0,1100.0,0.0,1.0,1100.0,0
2024-10-08,2024-10-08 13:30:00,1100.0,1100.0,1100.0,1100.0,0.0,1.0,1100.0,0
2024-10-08,2024-10-08 13:40:00,1100.0,1100.0,1100.0,1100.0,0.0,1.0,1100.0,0
2024-10-08,2024-10-08 13:50:00,1100.0,1100.0,1100.0,1100.0,0.0,1.0,1100.0,0
2024-10-08,2024-10-08 14:00:00,1100.0,1100.0,1100.0,1100.0,0.0,1.0,1100.0,0
2024-10-08,2024-10-08 14:10:00,1100.0,1100.0,1100.0,1100.0,0.0,1.0,1100.0,0
2024-10-08,2024-10-08 14:20:00,1100.0,1100.0,1100.0,1100.0,0.0,1.0,1100.0,0
2024-10-08,2024-10-08 14:30:00,1100.0,1100.0,1100.0,1100.0,0.0,1.0,1100.0,0
2024-10-08,2024-10-08 14:40:00,1100.0,1100.0,1100.0,1100.0,0.0,1.0,1100.0,0
2024-10-08,2024-10-08 14:50:00,1100.0,1100.0,1100.0,1100.0,0.0,1.0,1100.0,0
2024-10-08,2024-10-08 15:00:00,1100.0,1100.0,1100.0,1100.0,0.0,1.0,1100.0,0
2024-10-15,2024-10-15 11:00:00,1100.0,1100.0,1100.0,1100.0,0.0,1.2,1320.0,0
2024-10-15,2024-10-15 11:10:00,1100.0,1100.0,1100.0,1100.0,0.0,1.2,1320.0,0
2024-10-15,2024-10-15 11:20:00,1100.0,1100.0,1100.0,1100.0,0.0,1.2,1320.0,0
2024-10-15,2024-10-15 11:30:00,1100.0,1100.0,1100.0,1100.0,0.0,1.2,1320.0,0
2024-10-15,2024-10-15 11:40:00,1100.0,1100.0,1100.0,1100.0,0.0,1.2,1320.0,0
2024-10-15,2024-10-15 11:50:00,1100.0,1100.0,1100.0,1100.0,0.0,1.2,1320.0,0
2024-10-15,2024-10-15 12:00:00,1100.0,1100.0,1100.0,1100.0,0.0,1.2,1320.0,0
2024-10-15,2024-10-15 12:10:00,1100.0,1100.0,1100.0,1100.0,0.0,1.2,1320.0,0
2024-10-15,2024-10-15 12:20:00,1100.0,1100.0,1100.0,1100.0,0.0,1.2,1320.0,0
2024-10-15,2024-10-15 12:30:00,1100.0,1100.0,1100.0,1100.0,0.0,1.2,1320.0,0
2024-10-15,2024-10-15 12:40:00,1100.0,1100.0,1100.0,1100.0,0.0,1.2,1320.0,0
2024-10-15,2024-10-15 12:50:00,1100.0,1100.0,1100.0,1100.0,0.0,1.2,1320.0,0
2024-10-15,2024-10-15 13:00:00,1100.0,1100.0,1100.0,1100.0,0.0,1.2,1320.0,0
2024-10-15,2024-10-15 13:10:00,1100.0,1100.0,1100.0,1100.0,0.0,1.2,1320.0,0
2024-10-15,2024-10-15 13:20:00,1100.0,1100.0,1100.0,1100.0,0.0,1.2,1320.0,0
2024-10-15,2024-10-15 13:30:00,1100.0,1100.0,1100.0,1100.0,0.0,1.2,1320.0,0
2024-10-15,2024-10-15 13:40:00,1100.0,1100.0,1100.0,1100.0,0.0,1.2,1320.0,0
2024-10-15,2024-10-15 13:50:00,1100.0,1100.0,1100.0,1100.0,0.0,1.2,1320.0,0
2024-10-15,2024-10-15 14:00:00,1100.0,1100.0,1100.0,1100.0,0.0,1.2,1320.0,0
2024-10-15,2024-10-15 14:10:00,1100.0,1100.0,1100.0,1100.0,0.0,1.2,1320.0,0
2024-10-15,2024-10-15 14:20:00,1100.0,1100.0,1100.0,1100.0,0.0,1.2,1320.0,0
2024-10-15,2024-10-15 14:30:00,1100.0,1100.0,1100.0,1100.0,0.0,1.2,1320.0,0
2024-10-15,2024-10-15 14:40:00,1100.0,1100.0,1100.0,1100.0,0.0,1.2,1320.0,0
2024-10-15,2024-10-15 14:50:00,1100.0,1100.0,1100.0,1100.0,0.0,1.2,1320.0,0
2024-10-15,2024-10-15 15:00:00,1100.0,1100.0,1100.0,1100.0,0.0,1.2,1320.0,0
2024-10-16,2024-10-16 11:00:00,1100.0,1100.0,1100.0,1100.0,0.0,2.0,2200.0,0
2024-10-16,2024-10-16 11:10:00,1100.0,1100.0,1100.0,1100.0,0.0,2.0,2200.0,0
2024-10-16,2024-10-16 11:20:00,1100.0,1100.0,1100.0,1100.0,0.0,2.0,2200.0,0
2024-10-16,2024-10-16 11:30:00,1100.0,1100.0,1100.0,1100.0,0.0,2.0,2200.0,0
2024-10-16,2024-10-16 11:40:00,1100.0,1100.0,1100.0,1100.0,0.0,2.0,2200.0,0
2024-10-16,2024-10-16 11:50:00,1100.0,1100.0,1100.0,1100.0,0.0,2.0,2200.0,0
2024-10-16,2024-10-16 12:00:00,1100.0,1100.0,1100.0,1100.0,0.0,2.0,2200.0,0
2024-10-16,2024-10-16 12:10:00,1100.0,1100.0,1100.0,1100.0,0.0,2.0,2200.0,0
2024-10-16,2024-10-16 12:20:00,1100.0,1100.0,1100.0,1100.0,0.0,2.0,2200.0,0
2024-10-16,2024-10-16 12:30:00,1100.0,1100.0,1100.0,1100.0,0.0,2.0,2200.0,0
2024-10-16,2024-10-16 12:40:00,1100.0,1100.0,1100.0,1100.0,0.0,2.0,2200.0,0
2024-10-16,2024-10-16 12:50:00,1100.0,1100.0,1100.0,1100.0,0.0,2.0,2200.0,0
2024-10-16,2024-10-16 13:00:00,1100.0,1100.0,1100.0,1100.0,0.0,2.0,2200.0,0
2024-10-16,2024-10-16 13:10:00,1100.0,1100.0,1100.0,1100.0,0.0,2.0,2200.0,0
2024-10-16,2024-10-16 13:20:00,1100.0,1100.0,1100.0,1100.0,0.0,2.0,2200.0,0
2024-10-16,2024-10-16 13:30:00,1100.0,1100.0,1100.0,1100.0,0.0,2.0,2200.0,0
2024-10-16,2024-10-16 13:40:00,1100.0,1100.0,1100.0,1100.0,0.0,2.0,2200.0,0
2024-10-16,2024-10-16 13:50:00,1100.0,1100.0,1100.0,1100.0,0.0,2.0,2200.0,0
2024-10-16,2024-10-16 14:00:00,1100.0,1100.0,1100.0,1100.0,0.0,2.0,2200.0,0
2024-10-16,2024-10-16 14:10:00,1100.0,1100.0,1100.0,1100.0,0.0,2.0,2200.0,0
2024-10-16,2024-10-16 14:20:00,1100.0,1100.0,1100.0,1100.0,0.0,2.0,2200.0,0
2024-10-16,2024-10-16 14:30:00,1100.0,1100.0,1100.0,1100.0,0.0,2.0,2200.0,0
2024-10-16,2024-10-16 14:40:00,1100.0,1100.0,1100.0,1100.0,0.0,2.0,2200.0,0
2024-10-16,2024-10-16 14:50:00,1100.0,1100.0,1100.0,1100.0,0.0,2.0,2200.0,0
2024-10-16,2024-10-16 15:00:00,1100.0,1100.0,1100.0,1100.0,0.0,2.0,2200.0,0
2024-10-21,2024-10-21 11:00:00,1100.0,1101.5,1100.0,1100.21,0.02,3.0,3310.0,1
2024-10-21,2024-10-21 11:10:00,1100.21,1100.42,1100.21,1100.42,0.02,3.0,3310.0,1
2024-10-21,2024-10-21 11:20:00,1100.42,1100.62,1100.42,1100.62,0.02,3.0,3310.0,1
2024-10-21,2024-10-21 11:30:00,1100.62,1100.83,1100.62,1100.83,0.02,3.0,3310.0,1
2024-10-21,2024-10-21 11:40:00,1100.83,1101.04,1100.83,1101.04,0.02,3.0,3310.0,1
2024-10-21,2024-10-21 11:50:00,1101.04,1101.25,1101.04,1101.25,0.02,3.0,3310.0,1
2024-10-21,2024-10-21 12:00:00,1101.25,1101.46,1101.25,1101.46,0.02,3.0,3310.0,1
2024-10-21,2024-10-21 12:10:00,1101.46,1101.67,1101.46,1101.67,0.02,3.0,3310.0,1
2024-10-21,2024-10-21 12:20:00,1101.67,1101.88,1101.67,1101.88,0.02,3.0,3310.0,1
2024-10-21,2024-10-21 12:30:00,1101.88,1102.08,1101.88,1102.08,0.02,3.0,3310.0,1
2024-10-21,2024-10-21 12:40:00,1102.08,1102.29,1102.08,1102.29,0.02,3.0,3310.0,1
2024-10-21,2024-10-21 12:50:00,1102.29,1102.5,1102.29,1102.5,0.02,3.0,3310.0,1
2024-10-21,2024-10-21 13:00:00,1102.5,1105.0,1100.0,1102.71,0.02,3.0,3310.0,1
2024-10-21,2024-10-21 13:10:00,1102.71,1102.92,1102.71,1102.92,0.02,3.0,3310.0,1
2024-10-21,2024-10-21 13:20:00,1102.92,1103.12,1102.92,1103.12,0.02,3.0,3310.0,1
2024-10-21,2024-10-21 13:30:00,1103.12,1103.33,1103.12,1103.33,0.02,3.0,3310.0,1
2024-10-21,2024-10-21 13:40:00,1103.33,1103.54,1103.33,1103.54,0.02,3.0,3310.0,1
2024-10-21,2024-10-21 13:50:00,1103.54,1103.75,1103.54,1103.75,0.02,3.0,3310.0,1
2024-10-21,2024-10-21 14:00:00,1103.75,1103.96,1103.75,1103.96,0.02,3.0,3310.0,1
2024-10-21,2024-10-21 14:10:00,1103.96,1104.17,1103.96,1104.17,0.02,3.0,3310.0,1
2024-10-21,2024-10-21 14:20:00,1104.17,1104.38,1104.17,1104.38,0.02,3.0,3310.0,1
2024-10-21,2024-10-21 14:30:00,1104.38,1104.58,1104.38,1104.58,0.02,3.0,3310.0,1
2024-10-21,2024-10-21 14:40:00,1104.58,1104.79,1104.58,1104.79,0.02,3.0,3310.0,1
2024-10-21,2024-10-21 14:50:00,1104.79,1105.0,1104.79,1105.0,0.02,3.0,3310.0,1
2024-10-21,2024-10-21 15:00:00,1105.0,1105.0,1100.0,1105.0,0.0,3.0,3310.0,0
2024-10-23,2024-10-23 11:00:00,1111.0,1111.0,1111.0,1111.0,0.0,1.2,1333.2,0
2024-10-23,2024-10-23 11:10:00,1111.0,1111.0,1111.0,1111.0,0.0,1.2,1333.2,0
2024-10-23,2024-10-23 11:20:00,1111.0,1111.0,1111.0,1111.0,0.0,1.2,1333.2,0
2024-10-23,2024-10-23 11:30:00,1111.0,1111.0,1111.0,1111.0,0.0,1.2,1333.2,0
2024-10-23,2024-10-23 11:40:00,1111.0,1111.0,1111.0,1111.0,0.0,1.2,1333.2,0
2024-10-23,2024-10-23 11:50:00,1111.0,1111.0,1111.0,1111.0,0.0,1.2,1333.2,0
2024-10-23,2024-10-23 12:00:00,1111.0,1111.0,1111.0,1111.0,0.0,1.2,1333.2,0
2024-10-23,2024-10-23 12:10:00,1111.0,1111.0,1111.0,1111.0,0.0,1.2,1333.2,0
2024-10-23,2024-10-23 12:20:00,1111.0,1111.0,1111.0,1111.0,0.0,1.2,1333.2,0
2024-10-23,2024-10-23 12:30:00,1111.0,1111.0,1111.0,1111.0,0.0,1.2,1333.2,0
2024-10-23,2024-10-23 12:40:00,1111.0,1111.0,1111.0,1111.0,0.0,1.2,1333.2,0
2024-10-23,2024-10-23 12:50:00,1111.0,1111.0,1111.0,1111.0,0.0,1.2,1333.2,0
2024-10-23,2024-10-23 13:00:00,1111.0,1111.0,1111.0,1111.0,0.0,1.2,1333.2,0
2024-10-23,2024-10-23 13:10:00,1111.0,1111.0,1111.0,1111.0,0.0,1.2,1333.2,0
2024-10-23,2024-10-23 13:20:00,1111.0,1111.0,1111.0,1111.0,0.0,1.2,1333.2,0
2024-10-23,2024-10-23 13:30:00,1111.0,1111.0,1111.0,1111.0,0.0,1.2,1333.2,0
2024-10-23,2024-10-23 13:40:00,1111.0,1111.0,1111.0,1111.0,0.0,1.2,1333.2,0
2024-10-23,2024-10-23 13:50:00,1111.0,1111.0,1111.0,1111.0,0.0,1.2,1333.2,0
2024-10-23,2024-10-23 14:00:00,1111.0,1111.0,1111.0,1111.0,0.0,1.2,1333.2,0
2024-10-23,2024-10-23 14:10:00,1111.0,1111.0,1111.0,1111.0,0.0,1.2,1333.2,0
2024-10-23,2024-10-23 14:20:00,1111.0,1111.0,1111.0,1111.0,0.0,1.2,1333.2,0
2024-10-23,2024-10-23 14:30:00,1111.0,1111.0,1111.0,1111.0,0.0,1.2,1333.2,0
2024-10-23,2024-10-23 14:40:00,1111.0,1111.0,1111.0,1111.0,0.0,1.2,1333.2,0
2024-10-23,2024-10-23 14:50:00,1111.0,1111.0,1111.0,1111.0,0.0,1.2,1333.2,0
2024-10-23,2024-10-23 15:00:00,1111.0,1111.0,1111.0,1111.0,0.0,1.2,1333.2,0
2024-11-10,2024-11-10 11:00:00,1115.0,1116.5,1115.0,1115.21,0.02,5.0,5580.0,1
2024-11-10,2024-11-10 11:10:00,1115.21,1115.42,1115.21,1115.42,0.02,5.0,5580.0,1
2024-11-10,2024-11-10 11:20:00,1115.42,1115.62,1115.42,1115.62,0.02,5.0,5580.0,1
2024-11-10,2024-11-10 11:30:00,1115.62,1115.83,1115.62,1115.83,0.02,5.0,5580.0,1
2024-11-10,2024-11-10 11:40:00,1115.83,1116.04,1115.83,1116.04,0.02,5.0,5580.0,1
2024-11-10,2024-11-10 11:50:00,1116.04,1116.25,1116.04,1116.25,0.02,5.0,5580.0,1
2024-11-10,2024-11-10 12:00:00,1116.25,1116.46,1116.25,1116.46,0.02,5.0,5580.0,1
2024-11-10,2024-11-10 12:10:00,1116.46,1116.67,1116.46,1116.67,0.02,5.0,5580.0,1
2024-11-10,2024-11-10 12:20:00,1116.67,1116.88,1116.67,1116.88,0.02,5.0,5580.0,1
2024-11-10,2024-11-10 12:30:00,1116.88,1117.08,1116.88,1117.08,0.02,5.0,5580.0,1
2024-11-10,2024-11-10 12:40:00,1117.08,1117.29,1117.08,1117.29,0.02,5.0,5580.0,1
2024-11-10,2024-11-10 12:50:00,1117.29,1117.5,1117.29,1117.5,0.02,5.0,5580.0,1
2024-11-10,2024-11-10 13:00:00,1117.5,1120.0,1115.0,1117.71,0.02,5.0,5580.0,1
2024-11-10,2024-11-10 13:10:00,1117.71,1117.92,1117.71,1117.92,0.02,5.0,5580.0,1
2024-11-10,2024-11-10 13:20:00,1117.92,1118.12,1117.92,1118.12,0.02,5.0,5580.0,1
2024-11-10,2024-11-10 13:30:00,1118.12,1118.33,1118.12,1118.33,0.02,5.0,5580.0,1
2024-11-10,2024-11-10 13:40:00,1118.33,1118.54,1118.33,1118.54,0.02,5.0,5580.0,1
2024-11-10,2024-11-10 13:50:00,1118.54,1118.75,1118.54,1118.75,0.02,5.0,5580.0,1
2024-11-10,2024-11-10 14:00:00,1118.75,1118.96,1118.75,1118.96,0.02,5.0,5580.0,1
2024-11-10,2024-11-10 14:10:00,1118.96,1119.17,1118.96,1119.17,0.02,5.0,5580.0,1
2024-11-10,2024-11-10 14:20:00,1119.17,1119.38,1119.17,1119.38,0.02,5.0,5580.0,1
2024-11-10,2024-11-10 14:30:00,1119.38,1119.58,1119.38,1119.58,0.02,5.0,5580.0,1
2024-11-10,2024-11-10 14:40:00,1119.58,1119.79,1119.58,1119.79,0.02,5.0,5580.0,1
2024-11-10,2024-11-10 14:50:00,1119.79,1120.0,1119.79,1120.0,0.02,5.0,5580.0,1
2024-11-10,2024-11-10 15:00:00,1120.0,1120.0,1115.0,1120.0,0.0,5.0,5580.0,0
2024-11-13,2024-11-13 11:00:00,1120.0,1120.0,1120.0,1120.0,0.0,3.0,3360.0,0
2024-11-13,2024-11-13 11:10:00,1120.0,1120.0,1120.0,1120.0,0.0,3.0,3360.0,0
2024-11-13,2024-11-13 11:20:00,1120.0,1120.0,1120.0,1120.0,0.0,3.0,3360.0,0
2024-11-13,2024-11-13 11:30:00,1120.0,1120.0,1120.0,1120.0,0.0,3.0,3360.0,0
2024-11-13,2024-11-13 11:40:00,1120.0,1120.0,1120.0,1120.0,0.0,3.0,3360.0,0
2024-11-13,2024-11-13 11:50:00,1120.0,1120.0,1120.0,1120.0,0.0,3.0,3360.0,0
2024-11-13,2024-11-13 12:00:00,1120.0,1120.0,1120.0,1120.0,0.0,3.0,3360.0,0
2024-11-13,2024-11-13 12:10:00,1120.0,1120.0,1120.0,1120.0,0.0,3.0,3360.0,0
2024-11-13,2024-11-13 12:20:00,1120.0,1120.0,1120.0,1120.0,0.0,3.0,3360.0,0
2024-11-13,2024-11-13 12:30:00,1120.0,1120.0,1120.0,1120.0,0.0,3.0,3360.0,0
2024-11-13,2024-11-13 12:40:00,1120.0,1120.0,1120.0,1120.0,0.0,3.0,3360.0,0
2024-11-13,2024-11-13 12:50:00,1120.0,1120.0,1120.0,1120.0,0.0,3.0,3360.0,0
2024-11-13,2024-11-13 13:00:00,1120.0,1120.0,1120.0,1120.0,0.0,3.0,3360.0,0
2024-11-13,2024-11-13 13:10:00,1120.0,1120.0,1120.0,1120.0,0.0,3.0,3360.0,0
2024-11-13,2024-11-13 13:20:00,1120.0,1120.0,1120.0,1120.0,0.0,3.0,3360.0,0
2024-11-13,2024-11-13 13:30:00,1120.0,1120.0,1120.0,1120.0,0.0,3.0,3360.0,0
2024-11-13,2024-11-13 13:40:00,1120.0,1120.0,1120.0,1120.0,0.0,3.0,3360.0,0
2024-11-13,2024-11-13 13:50:00,1120.0,1120.0,1120.0,1120.0,0.0,3.0,3360.0,0
2024-11-13,2024-11-13 14:00:00,1120.0,1120.0,1120.0,1120.0,0.0,3.0,3360.0,0
2024-11-13,2024-11-13 14:10:00,1120.0,1120.0,1120.0,1120.0,0.0,3.0,3360.0,0
2024-11-13,2024-11-13 14:20:00,1120.0,1120.0,1120.0,1120.0,0.0,3.0,3360.0,0
2024-11-13,2024-11-13 14:30:00,1120.0,1120.0,1120.0,1120.0,0.0,3.0,3360.0,0
2024-11-13,2024-11-13 14:40:00,1120.0,1120.0,1120.0,1120.0,0.0,3.0,3360.0,0
2024-11-13,2024-11-13 14:50:00,1120.0,1120.0,1120.0,1120.0,0.0,3.0,3360.0,0
2024-11-13,2024-11-13 15:00:00,1120.0,1120.0,1120.0,1120.0,0.0,3.0,3360.0,0
2024-11-21,2024-11-21 11:00:00,1119.0,1119.0,1119.0,1119.0,0.0,1.0,1119.0,0
2024-11-21,2024-11-21 11:10:00,1119.0,1119.0,1119.0,1119.0,0.0,1.0,1119.0,0
2024-11-21,2024-11-21 11:20:00,1119.0,1119.0,1119.0,1119.0,0.0,1.0,1119.0,0
2024-11-21,2024-11-21 11:30:00,1119.0,1119.0,1119.0,1119.0,0.0,1.0,1119.0,0
2024-11-21,2024-11-21 11:40:00,1119.0,1119.0,1119.0,1119.0,0.0,1.0,1119.0,0
2024-11-21,2024-11-21 11:50:00,1119.0,1119.0,1119.0,1119.0,0.0,1.0,1119.0,0
2024-11-21,2024-11-21 12:00:00,1119.0,1119.0,1119.0,1119.0,0.0,1.0,1119.0,0
2024-11-21,2024-11-21 12:10:00,1119.0,1119.0,1119.0,1119.0,0.0,1.0,1119.0,0
2024-11-21,2024-11-21 12:20:00,1119.0,1119.0,1119.0,1119.0,0.0,1.0,1119.0,0
2024-11-21,2024-11-21 12:30:00,1119.0,1119.0,1119.0,1119.0,0.0,1.0,1119.0,0
2024-11-21,2024-11-21 12:40:00,1119.0,1119.0,1119.0,1119.0,0.0,1.0,1119.0,0
2024-11-21,2024-11-21 12:50:00,1119.0,1119.0,1119.0,1119.0,0.0,1.0,1119.0,0
2024-11-21,2024-11-21 13:00:00,1119.0,1119.0,1119.0,1119.0,0.0,1.0,1119.0,0
2024-11-21,2024-11-21 13:10:00,1119.0,1119.0,1119.0,1119.0,0.0,1.0,1119.0,0
2024-11-21,2024-11-21 13:20:00,1119.0,1119.0,1119.0,1119.0,0.0,1.0,1119.0,0
2024-11-21,2024-11-21 13:30:00,1119.0,1119.0,1119.0,1119.0,0.0,1.0,1119.0,0
2024-11-21,2024-11-21 13:40:00,1119.0,1119.0,1119.0,1119.0,0.0,1.0,1119.0,0
2024-11-21,2024-11-21 13:50:00,1119.0,1119.0,1119.0,1119.0,0.0,1.0,1119.0,0
2024-11-21,2024-11-21 14:00:00,1119.0,1119.0,1119.0,1119.0,0.0,1.0,1119.0,0
2024-11-21,2024-11-21 14:10:00,1119.0,1119.0,1119.0,1119.0,0.0,1.0,1119.0,0
2024-11-21,2024-11-21 14:20:00,1119.0,1119.0,1119.0,1119.0,0.0,1.0,1119.0,0
2024-11-21,2024-11-21 14:30:00,1119.0,1119.0,1119.0,1119.0,0.0,1.0,1119.0,0
2024-11-21,2024-11-21 14:40:00,1119.0,1119.0,1119.0,1119.0,0.0,1.0,1119.0,0
2024-11-21,2024-11-21 14:50:00,1119.0,1119.0,1119.0,1119.0,0.0,1.0,1119.0,0
2024-11-21,2024-11-21 15:00:00,1119.0,1119.0,1119.0,1119.0,0.0,1.0,1119.0,0
2024-12-03,2024-12-03 11:00:00,1119.0,1119.0,1119.0,1119.0,0.0,1.0,1119.0,0
2024-12-03,2024-12-03 11:10:00,1119.0,1119.0,1119.0,1119.0,0.0,1.0,1119.0,0
2024-12-03,2024-12-03 11:20:00,1119.0,1119.0,1119.0,1119.0,0.0,1.0,1119.0,0
2024-12-03,2024-12-03 11:30:00,1119.0,1119.0,1119.0,1119.0,0.0,1.0,1119.0,0
2024-12-03,2024-12-03 11:40:00,1119.0,1119.0,1119.0,1119.0,0.0,1.0,1119.0,0
2024-12-03,2024-12-03 11:50:00,1119.0,1119.0,1119.0,1119.0,0.0,1.0,1119.0,0
2024-12-03,2024-12-03 12:00:00,1119.0,1119.0,1119.0,1119.0,0.0,1.0,1119.0,0
2024-12-03,2024-12-03 12:10:00,1119.0,1119.0,1119.0,1119.0,0.0,1.0,1119.0,0
2024-12-03,2024-12-03 12:20:00,1119.0,1119.0,1119.0,1119.0,0.0,1.0,1119.0,0
2024-12-03,2024-12-03 12:30:00,1119.0,1119.0,1119.0,1119.0,0.0,1.0,1119.0,0
2024-12-03,2024-12-03 12:40:00,1119.0,1119.0,1119.0,1119.0,0.0,1.0,1119.0,0
2024-12-03,2024-12-03 12:50:00,1119.0,1119.0,1119.0,1119.0,0.0,1.0,1119.0,0
2024-12-03,2024-12-03 13:00:00,1119.0,1119.0,1119.0,1119.0,0.0,1.0,1119.0,0
2024-12-03,2024-12-03 13:10:00,1119.0,1119.0,1119.0,1119.0,0.0,1.0,1119.0,0
2024-12-03,2024-12-03 13:20:00,1119.0,1119.0,1119.0,1119.0,0.0,1.0,1119.0,0
2024-12-03,2024-12-03 13:30:00,1119.0,1119.0,1119.0,1119.0,0.0,1.0,1119.0,0
2024-12-03,2024-12-03 13:40:00,1119.0,1119.0,1119.0,1119.0,0.0,1.0,1119.0,0
2024-12-03,2024-12-03 13:50:00,1119.0,1119.0,1119.0,1119.0,0.0,1.0,1119.0,0
2024-12-03,2024-12-03 14:00:00,1119.0,1119.0,1119.0,1119.0,0.0,1.0,1119.0,0
2024-12-03,2024-12-03 14:10:00,1119.0,1119.0,1119.0,1119.0,0.0,1.0,1119.0,0
2024-12-03,2024-12-03 14:20:00,1119.0,1119.0,1119.0,1119.0,0.0,1.0,1119.0,0
2024-12-03,2024-12-03 14:30:00,1119.0,1119.0,1119.0,1119.0,0.0,1.0,1119.0,0
2024-12-03,2024-12-03 14:40:00,1119.0,1119.0,1119.0,1119.0,0.0,1.0,1119.0,0
2024-12-03,2024-12-03 14:50:00,1119.0,1119.0,1119.0,1119.0,0.0,1.0,1119.0,0
2024-12-03,2024-12-03 15:00:00,1119.0,1119.0,1119.0,1119.0,0.0,1.0,1119.0,0
2024-12-05,2024-12-05 11:00:00,1120.0,1120.0,1120.0,1120.0,0.0,0.6,672.0,0
2024-12-05,2024-12-05 11:10:00,1120.0,1120.0,1120.0,1120.0,0.0,0.6,672.0,0
2024-12-05,2024-12-05 11:20:00,1120.0,1120.0,1120.0,1120.0,0.0,0.6,672.0,0
2024-12-05,2024-12-05 11:30:00,1120.0,1120.0,1120.0,1120.0,0.0,0.6,672.0,0
2024-12-05,2024-12-05 11:40:00,1120.0,1120.0,1120.0,1120.0,0.0,0.6,672.0,0
2024-12-05,2024-12-05 11:50:00,1120.0,1120.0,1120.0,1120.0,0.0,0.6,672.0,0
2024-12-05,2024-12-05 12:00:00,1120.0,1120.0,1120.0,1120.0,0.0,0.6,672.0,0
2024-12-05,2024-12-05 12:10:00,1120.0,1120.0,1120.0,1120.0,0.0,0.6,672.0,0
2024-12-05,2024-12-05 12:20:00,1120.0,1120.0,1120.0,1120.0,0.0,0.6,672.0,0
2024-12-05,2024-12-05 12:30:00,1120.0,1120.0,1120.0,1120.0,0.0,0.6,672.0,0
2024-12-05,2024-12-05 12:40:00,1120.0,1120.0,1120.0,1120.0,0.0,0.6,672.0,0
2024-12-05,2024-12-05 12:50:00,1120.0,1120.0,1120.0,1120.0,0.0,0.6,672.0,0
2024-12-05,2024-12-05 13:00:00,1120.0,1120.0,1120.0,1120.0,0.0,0.6,672.0,0
2024-12-05,2024-12-05 13:10:00,1120.0,1120.0,1120.0,1120.0,0.0,0.6,672.0,0
2024-12-05,2024-12-05 13:20:00,1120.0,1120.0,1120.0,1120.0,0.0,0.6,672.0,0
2024-12-05,2024-12-05 13:30:00,1120.0,1120.0,1120.0,1120.0,0.0,0.6,672.0,0
2024-12-05,2024-12-05 13:40:00,1120.0,1120.0,1120.0,1120.0,0.0,0.6,672.0,0
2024-12-05,2024-12-05 13:50:00,1120.0,1120.0,1120.0,1120.0,0.0,0.6,672.0,0
2024-12-05,2024-12-05 14:00:00,1120.0,1120.0,1120.0,1120.0,0.0,0.6,672.0,0
2024-12-05,2024-12-05 14:10:00,1120.0,1120.0,1120.0,1120.0,0.0,0.6,672.0,0
2024-12-05,2024-12-05 14:20:00,1120.0,1120.0,1120.0,1120.0,0.0,0.6,672.0,0
2024-12-05,2024-12-05 14:30:00,1120.0,1120.0,1120.0,1120.0,0.0,0.6,672.0,0
2024-12-05,2024-12-05 14:40:00,1120.0,1120.0,1120.0,1120.0,0.0,0.6,672.0,0
2024-12-05,2024-12-05 14:50:00,1120.0,1120.0,1120.0,1120.0,0.0,0.6,672.0,0
2024-12-05,2024-12-05 15:00:00,1120.0,1120.0,1120.0,1120.0,0.0,0.6,672.0,0
2024-12-08,2024-12-08 11:00:00,1115.0,1115.0,1115.0,1115.0,0.0,1.0,1115.0,0
2024-12-08,2024-12-08 11:10:00,1115.0,1115.0,1115.0,1115.0,0.0,1.0,1115.0,0
2024-12-08,2024-12-08 11:20:00,1115.0,1115.0,1115.0,1115.0,0.0,1.0,1115.0,0
2024-12-08,2024-12-08 11:30:00,1115.0,1115.0,1115.0,1115.0,0.0,1.0,1115.0,0
2024-12-08,2024-12-08 11:40:00,1115.0,1115.0,1115.0,1115.0,0.0,1.0,1115.0,0
2024-12-08,2024-12-08 11:50:00,1115.0,1115.0,1115.0,1115.0,0.0,1.0,1115.0,0
2024-12-08,2024-12-08 12:00:00,1115.0,1115.0,1115.0,1115.0,0.0,1.0,1115.0,0
2024-12-08,2024-12-08 12:10:00,1115.0,1115.0,1115.0,1115.0,0.0,1.0,1115.0,0
2024-12-08,2024-12-08 12:20:00,1115.0,1115.0,1115.0,1115.0,0.0,1.0,1115.0,0
2024-12-08,2024-12-08 12:30:00,1115.0,1115.0,1115.0,1115.0,0.0,1.0,1115.0,0
2024-12-08,2024-12-08 12:40:00,1115.0,1115.0,1115.0,1115.0,0.0,1.0,1115.0,0
2024-12-08,2024-12-08 12:50:00,1115.0,1115.0,1115.0,1115.0,0.0,1.0,1115.0,0
2024-12-08,2024-12-08 13:00:00,1115.0,1115.0,1115.0,1115.0,0.0,1.0,1115.0,0
2024-12-08,2024-12-08 13:10:00,1115.0,1115.0,1115.0,1115.0,0.0,1.0,1115.0,0
2024-12-08,2024-12-08 13:20:00,1115.0,1115.0,1115.0,1115.0,0.0,1.0,1115.0,0
2024-12-08,2024-12-08 13:30:00,1115.0,1115.0,1115.0,1115.0,0.0,1.0,1115.0,0
2024-12-08,2024-12-08 13:40:00,1115.0,1115.0,1115.0,1115.0,0.0,1.0,1115.0,0
2024-12-08,2024-12-08 13:50:00,1115.0,1115.0,1115.0,1115.0,0.0,1.0,1115.0,0
2024-12-08,2024-12-08 14:00:00,1115.0,1115.0,1115.0,1115.0,0.0,1.0,1115.0,0
2024-12-08,2024-12-08 14:10:00,1115.0,1115.0,1115.0,1115.0,0.0,1.0,1115.0,0
2024-12-08,2024-12-08 14:20:00,1115.0,1115.0,1115.0,1115.0,0.0,1.0,1115.0,0
2024-12-08,2024-12-08 14:30:00,1115.0,1115.0,1115.0,1115.0,0.0,1.0,1115.0,0
2024-12-08,2024-12-08 14:40:00,1115.0,1115.0,1115.0,1115.0,0.0,1.0,1115.0,0
2024-12-08,2024-12-08 14:50:00,1115.0,1115.0,1115.0,1115.0,0.0,1.0,1115.0,0
2024-12-08,2024-12-08 15:00:00,1115.0,1115.0,1115.0,1115.0,0.0,1.0,1115.0,0
2024-12-09,2024-12-09 11:00:00,1120.0,1125.19,1120.0,1120.72,0.06,2.8,3144.92,1
2024-12-09,2024-12-09 11:10:00,1120.72,1121.44,1120.72,1121.44,0.06,2.8,3144.92,1
2024-12-09,2024-12-09 11:20:00,1121.44,1122.16,1121.44,1122.16,0.06,2.8,3144.92,1
2024-12-09,2024-12-09 11:30:00,1122.16,1122.88,1122.16,1122.88,0.06,2.8,3144.92,1
2024-12-09,2024-12-09 11:40:00,1122.88,1123.6,1122.88,1123.6,0.06,2.8,3144.92,1
2024-12-09,2024-12-09 11:50:00,1123.6,1124.33,1123.6,1124.33,0.06,2.8,3144.92,1
2024-12-09,2024-12-09 12:00:00,1124.33,1125.05,1124.33,1125.05,0.06,2.8,3144.92,1
2024-12-09,2024-12-09 12:10:00,1125.05,1125.77,1125.05,1125.77,0.06,2.8,3144.92,1
2024-12-09,2024-12-09 12:20:00,1125.77,1126.49,1125.77,1126.49,0.06,2.8,3144.92,1
2024-12-09,2024-12-09 12:30:00,1126.49,1127.21,1126.49,1127.21,0.06,2.8,3144.92,1
2024-12-09,2024-12-09 12:40:00,1127.21,1127.93,1127.21,1127.93,0.06,2.8,3144.92,1
2024-12-09,2024-12-09 12:50:00,1127.93,1128.65,1127.93,1128.65,0.06,2.8,3144.92,1
2024-12-09,2024-12-09 13:00:00,1128.65,1137.3,1120.0,1129.37,0.06,2.8,3144.92,1
2024-12-09,2024-12-09 13:10:00,1129.37,1130.09,1129.37,1130.09,0.06,2.8,3144.92,1
2024-12-09,2024-12-09 13:20:00,1130.09,1130.81,1130.09,1130.81,0.06,2.8,3144.92,1
2024-12-09,2024-12-09 13:30:00,1130.81,1131.53,1130.81,1131.53,0.06,2.8,3144.92,1
2024-12-09,2024-12-09 13:40:00,1131.53,1132.25,1131.53,1132.25,0.06,2.8,3144.92,1
2024-12-09,2024-12-09 13:50:00,1132.25,1132.97,1132.25,1132.97,0.06,2.8,3144.92,1
2024-12-09,2024-12-09 14:00:00,1132.97,1133.7,1132.97,1133.7,0.06,2.8,3144.92,1
2024-12-09,2024-12-09 14:10:00,1133.7,1134.42,1133.7,1134.42,0.06,2.8,3144.92,1
2024-12-09,2024-12-09 14:20:00,1134.42,1135.14,1134.42,1135.14,0.06,2.8,3144.92,1
2024-12-09,2024-12-09 14:30:00,1135.14,1135.86,1135.14,1135.86,0.06,2.8,3144.92,1
2024-12-09,2024-12-09 14:40:00,1135.86,1136.58,1135.86,1136.58,0.06,2.8,3144.92,1
2024-12-09,2024-12-09 14:50:00,1136.58,1137.3,1136.58,1137.3,0.06,2.8,3144.92,1
2024-12-09,2024-12-09 15:00:00,1137.3,1137.3,1120.0,1137.3,0.0,2.8,3144.92,0
2024-12-10,2024-12-10 11:00:00,1120.0,1120.0,1120.0,1120.0,0.0,1.0,1120.0,0
2024-12-10,2024-12-10 11:10:00,1120.0,1120.0,1120.0,1120.0,0.0,1.0,1120.0,0
2024-12-10,2024-12-10 11:20:00,1120.0,1120.0,1120.0,1120.0,0.0,1.0,1120.0,0
2024-12-10,2024-12-10 11:30:00,1120.0,1120.0,1120.0,1120.0,0.0,1.0,1120.0,0
2024-12-10,2024-12-10 11:40:00,1120.0,1120.0,1120.0,1120.0,0.0,1.0,1120.0,0
2024-12-10,2024-12-10 11:50:00,1120.0,1120.0,1120.0,1120.0,0.0,1.0,1120.0,0
2024-12-10,2024-12-10 12:00:00,1120.0,1120.0,1120.0,1120.0,0.0,1.0,1120.0,0
2024-12-10,2024-12-10 12:10:00,1120.0,1120.0,1120.0,1120.0,0.0,1.0,1120.0,0
2024-12-10,2024-12-10 12:20:00,1120.0,1120.0,1120.0,1120.0,0.0,1.0,1120.0,0
2024-12-10,2024-12-10 12:30:00,1120.0,1120.0,1120.0,1120.0,0.0,1.0,1120.0,0
2024-12-10,2024-12-10 12:40:00,1120.0,1120.0,1120.0,1120.0,0.0,1.0,1120.0,0
2024-12-10,2024-12-10 12:50:00,1120.0,1120.0,1120.0,1120.0,0.0,1.0,1120.0,0
2024-12-10,2024-12-10 13:00:00,1120.0,1120.0,1120.0,1120.0,0.0,1.0,1120.0,0
2024-12-10,2024-12-10 13:10:00,1120.0,1120.0,1120.0,1120.0,0.0,1.0,1120.0,0
2024-12-10,2024-12-10 13:20:00,1120.0,1120.0,1120.0,1120.0,0.0,1.0,1120.0,0
2024-12-10,2024-12-10 13:30:00,1120.0,1120.0,1120.0,1120.0,0.0,1.0,1120.0,0
2024-12-10,2024-12-10 13:40:00,1120.0,1120.0,1120.0,1120.0,0.0,1.0,1120.0,0
2024-12-10,2024-12-10 13:50:00,1120.0,1120.0,1120.0,1120.0,0.0,1.0,1120.0,0
2024-12-10,2024-12-10 14:00:00,1120.0,1120.0,1120.0,1120.0,0.0,1.0,1120.0,0
2024-12-10,2024-12-10 14:10:00,1120.0,1120.0,1120.0,1120.0,0.0,1.0,1120.0,0
2024-12-10,2024-12-10 14:20:00,1120.0,1120.0,1120.0,1120.0,0.0,1.0,1120.0,0
2024-12-10,2024-12-10 14:30:00,1120.0,1120.0,1120.0,1120.0,0.0,1.0,1120.0,0
2024-12-10,2024-12-10 14:40:00,1120.0,1120.0,1120.0,1120.0,0.0,1.0,1120.0,0
2024-12-10,2024-12-10 14:50:00,1120.0,1120.0,1120.0,1120.0,0.0,1.0,1120.0,0
2024-12-10,2024-12-10 15:00:00,1120.0,1120.0,1120.0,1120.0,0.0,1.0,1120.0,0
2024-12-12,2024-12-12 11:00:00,1098.0,1098.0,1098.0,1098.0,0.0,1.0,1098.0,0
2024-12-12,2024-12-12 11:10:00,1098.0,1098.0,1098.0,1098.0,0.0,1.0,1098.0,0
2024-12-12,2024-12-12 11:20:00,1098.0,1098.0,1098.0,1098.0,0.0,1.0,1098.0,0
2024-12-12,2024-12-12 11:30:00,1098.0,1098.0,1098.0,1098.0,0.0,1.0,1098.0,0
2024-12-12,2024-12-12 11:40:00,1098.0,1098.0,1098.0,1098.0,0.0,1.0,1098.0,0
2024-12-12,2024-12-12 11:50:00,1098.0,1098.0,1098.0,1098.0,0.0,1.0,1098.0,0
2024-12-12,2024-12-12 12:00:00,1098.0,1098.0,1098.0,1098.0,0.0,1.0,1098.0,0
2024-12-12,2024-12-12 12:10:00,1098.0,1098.0,1098.0,1098.0,0.0,1.0,1098.0,0
2024-12-12,2024-12-12 12:20:00,1098.0,1098.0,1098.0,1098.0,0.0,1.0,1098.0,0
2024-12-12,2024-12-12 12:30:00,1098.0,1098.0,1098.0,1098.0,0.0,1.0,1098.0,0
2024-12-12,2024-12-12 12:40:00,1098.0,1098.0,1098.0,1098.0,0.0,1.0,1098.0,0
2024-12-12,2024-12-12 12:50:00,1098.0,1098.0,1098.0,1098.0,0.0,1.0,1098.0,0
2024-12-12,2024-12-12 13:00:00,1098.0,1098.0,1098.0,1098.0,0.0,1.0,1098.0,0
2024-12-12,2024-12-12 13:10:00,1098.0,1098.0,1098.0,1098.0,0.0,1.0,1098.0,0
2024-12-12,2024-12-12 13:20:00,1098.0,1098.0,1098.0,1098.0,0.0,1.0,1098.0,0
2024-12-12,2024-12-12 13:30:00,1098.0,1098.0,1098.0,1098.0,0.0,1.0,1098.0,0
2024-12-12,2024-12-12 13:40:00,1098.0,1098.0,1098.0,1098.0,0.0,1.0,1098.0,0
2024-12-12,2024-12-12 13:50:00,1098.0,1098.0,1098.0,1098.0,0.0,1.0,1098.0,0
2024-12-12,2024-12-12 14:00:00,1098.0,1098.0,1098.0,1098.0,0.0,1.0,1098.0,0
2024-12-12,2024-12-12 14:10:00,1098.0,1098.0,1098.0,1098.0,0.0,1.0,1098.0,0
2024-12-12,2024-12-12 14:20:00,1098.0,1098.0,1098.0,1098.0,0.0,1.0,1098.0,0
2024-12-12,2024-12-12 14:30:00,1098.0,1098.0,1098.0,1098.0,0.0,1.0,1098.0,0
2024-12-12,2024-12-12 14:40:00,1098.0,1098.0,1098.0,1098.0,0.0,1.0,1098.0,0
2024-12-12,2024-12-12 14:50:00,1098.0,1098.0,1098.0,1098.0,0.0,1.0,1098.0,0
2024-12-12,2024-12-12 15:00:00,1098.0,1098.0,1098.0,1098.0,0.0,1.0,1098.0,0
2024-12-23,2024-12-23 11:00:00,1102.2,1102.2,1102.17,1102.2,0.0,4.0,4408.46,0
2024-12-23,2024-12-23 11:10:00,1102.2,1102.2,1102.19,1102.19,-0.0,4.0,4408.46,-1
2024-12-23,2024-12-23 11:20:00,1102.19,1102.19,1102.19,1102.19,0.0,4.0,4408.46,0
2024-12-23,2024-12-23 11:30:00,1102.19,1102.19,1102.18,1102.18,-0.0,4.0,4408.46,-1
2024-12-23,2024-12-23 11:40:00,1102.18,1102.18,1102.18,1102.18,0.0,4.0,4408.46,0
2024-12-23,2024-12-23 11:50:00,1102.18,1102.18,1102.17,1102.17,-0.0,4.0,4408.46,-1
2024-12-23,2024-12-23 12:00:00,1102.17,1102.17,1102.17,1102.17,0.0,4.0,4408.46,0
2024-12-23,2024-12-23 12:10:00,1102.17,1102.17,1102.17,1102.17,0.0,4.0,4408.46,0
2024-12-23,2024-12-23 12:20:00,1102.17,1102.17,1102.16,1102.16,-0.0,4.0,4408.46,-1
2024-12-23,2024-12-23 12:30:00,1102.16,1102.16,1102.16,1102.16,0.0,4.0,4408.46,0
2024-12-23,2024-12-23 12:40:00,1102.16,1102.16,1102.15,1102.15,-0.0,4.0,4408.46,-1
2024-12-23,2024-12-23 12:50:00,1102.15,1102.15,1102.15,1102.15,0.0,4.0,4408.46,0
2024-12-23,2024-12-23 13:00:00,1102.15,1102.2,1102.1,1102.15,0.0,4.0,4408.46,0
2024-12-23,2024-12-23 13:10:00,1102.15,1102.15,1102.14,1102.14,-0.0,4.0,4408.46,-1
2024-12-23,2024-12-23 13:20:00,1102.14,1102.14,1102.14,1102.14,0.0,4.0,4408.46,0
2024-12-23,2024-12-23 13:30:00,1102.14,1102.14,1102.13,1102.13,-0.0,4.0,4408.46,-1
2024-12-23,2024-12-23 13:40:00,1102.13,1102.13,1102.13,1102.13,0.0,4.0,4408.46,0
2024-12-23,2024-12-23 13:50:00,1102.13,1102.13,1102.12,1102.12,-0.0,4.0,4408.46,-1
2024-12-23,2024-12-23 14:00:00,1102.12,1102.12,1102.12,1102.12,0.0,4.0,4408.46,0
2024-12-23,2024-12-23 14:10:00,1102.12,1102.12,1102.12,1102.12,0.0,4.0,4408.46,0
2024-12-23,2024-12-23 14:20:00,1102.12,1102.12,1102.11,1102.11,-0.0,4.0,4408.46,-1
2024-12-23,2024-12-23 14:30:00,1102.11,1102.11,1102.11,1102.11,0.0,4.0,4408.46,0
2024-12-23,2024-12-23 14:40:00,1102.11,1102.11,1102.1,1102.1,-0.0,4.0,4408.46,-1
2024-12-23,2024-12-23 14:50:00,1102.1,1102.1,1102.1,1102.1,0.0,4.0,4408.46,0
2024-12-23,2024-12-23 15:00:00,1102.1,1102.2,1102.1,1102.1,0.0,4.0,4408.46,0
2024-12-26,2024-12-26 11:00:00,1124.1,1124.1,1124.1,1124.1,0.0,0.24,269.78,0
2024-12-26,2024-12-26 11:10:00,1124.1,1124.1,1124.1,1124.1,0.0,0.24,269.78,0
2024-12-26,2024-12-26 11:20:00,1124.1,1124.1,1124.1,1124.1,0.0,0.24,269.78,0
2024-12-26,2024-12-26 11:30:00,1124.1,1124.1,1124.1,1124.1,0.0,0.24,269.78,0
2024-12-26,2024-12-26 11:40:00,1124.1,1124.1,1124.1,1124.1,0.0,0.24,269.78,0
2024-12-26,2024-12-26 11:50:00,1124.1,1124.1,1124.1,1124.1,0.0,0.24,269.78,0
2024-12-26,2024-12-26 12:00:00,1124.1,1124.1,1124.1,1124.1,0.0,0.24,269.78,0
2024-12-26,2024-12-26 12:10:00,1124.1,1124.1,1124.1,1124.1,0.0,0.24,269.78,0
2024-12-26,2024-12-26 12:20:00,1124.1,1124.1,1124.1,1124.1,0.0,0.24,269.78,0
2024-12-26,2024-12-26 12:30:00,1124.1,1124.1,1124.1,1124.1,0.0,0.24,269.78,0
2024-12-26,2024-12-26 12:40:00,1124.1,1124.1,1124.1,1124.1,0.0,0.24,269.78,0
2024-12-26,2024-12-26 12:50:00,1124.1,1124.1,1124.1,1124.1,0.0,0.24,269.78,0
2024-12-26,2024-12-26 13:00:00,1124.1,1124.1,1124.1,1124.1,0.0,0.24,269.78,0
2024-12-26,2024-12-26 13:10:00,1124.1,1124.1,1124.1,1124.1,0.0,0.24,269.78,0
2024-12-26,2024-12-26 13:20:00,1124.1,1124.1,1124.1,1124.1,0.0,0.24,269.78,0
2024-12-26,2024-12-26 13:30:00,1124.1,1124.1,1124.1,1124.1,0.0,0.24,269.78,0
2024-12-26,2024-12-26 13:40:00,1124.1,1124.1,1124.1,1124.1,0.0,0.24,269.78,0
2024-12-26,2024-12-26 13:50:00,1124.1,1124.1,1124.1,1124.1,0.0,0.24,269.78,0
2024-12-26,2024-12-26 14:00:00,1124.1,1124.1,1124.1,1124.1,0.0,0.24,269.78,0
2024-12-26,2024-12-26 14:10:00,1124.1,1124.1,1124.1,1124.1,0.0,0.24,269.78,0
2024-12-26,2024-12-26 14:20:00,1124.1,1124.1,1124.1,1124.1,0.0,0.24,269.78,0
2024-12-26,2024-12-26 14:30:00,1124.1,1124.1,1124.1,1124.1,0.0,0.24,269.78,0
2024-12-26,2024-12-26 14:40:00,1124.1,1124.1,1124.1,1124.1,0.0,0.24,269.78,0
2024-12-26,2024-12-26 14:50:00,1124.1,1124.1,1124.1,1124.1,0.0,0.24,269.78,0
2024-12-26,2024-12-26 15:00:00,1124.1,1124.1,1124.1,1124.1,0.0,0.24,269.78,0
2024-12-29,2024-12-29 11:00:00,1110.0,1110.0,1110.0,1110.0,0.0,4.0,4440.0,0
2024-12-29,2024-12-29 11:10:00,1110.0,1110.0,1110.0,1110.0,0.0,4.0,4440.0,0
2024-12-29,2024-12-29 11:20:00,1110.0,1110.0,1110.0,1110.0,0.0,4.0,4440.0,0
2024-12-29,2024-12-29 11:30:00,1110.0,1110.0,1110.0,1110.0,0.0,4.0,4440.0,0
2024-12-29,2024-12-29 11:40:00,1110.0,1110.0,1110.0,1110.0,0.0,4.0,4440.0,0
2024-12-29,2024-12-29 11:50:00,1110.0,1110.0,1110.0,1110.0,0.0,4.0,4440.0,0
2024-12-29,2024-12-29 12:00:00,1110.0,1110.0,1110.0,1110.0,0.0,4.0,4440.0,0
2024-12-29,2024-12-29 12:10:00,1110.0,1110.0,1110.0,1110.0,0.0,4.0,4440.0,0
2024-12-29,2024-12-29 12:20:00,1110.0,1110.0,1110.0,1110.0,0.0,4.0,4440.0,0
2024-12-29,2024-12-29 12:30:00,1110.0,1110.0,1110.0,1110.0,0.0,4.0,4440.0,0
2024-12-29,2024-12-29 12:40:00,1110.0,1110.0,1110.0,1110.0,0.0,4.0,4440.0,0
2024-12-29,2024-12-29 12:50:00,1110.0,1110.0,1110.0,1110.0,0.0,4.0,4440.0,0
2024-12-29,2024-12-29 13:00:00,1110.0,1110.0,1110.0,1110.0,0.0,4.0,4440.0,0
2024-12-29,2024-12-29 13:10:00,1110.0,1110.0,1110.0,1110.0,0.0,4.0,4440.0,0
2024-12-29,2024-12-29 13:20:00,1110.0,1110.0,1110.0,1110.0,0.0,4.0,4440.0,0
2024-12-29,2024-12-29 13:30:00,1110.0,1110.0,1110.0,1110.0,0.0,4.0,4440.0,0
2024-12-29,2024-12-29 13:40:00,1110.0,1110.0,1110.0,1110.0,0.0,4.0,4440.0,0
2024-12-29,2024-12-29 13:50:00,1110.0,1110.0,1110.0,1110.0,0.0,4.0,4440.0,0
2024-12-29,2024-12-29 14:00:00,1110.0,1110.0,1110.0,1110.0,0.0,4.0,4440.0,0
2024-12-29,2024-12-29 14:10:00,1110.0,1110.0,1110.0,1110.0,0.0,4.0,4440.0,0
2024-12-29,2024-12-29 14:20:00,1110.0,1110.0,1110.0,1110.0,0.0,4.0,4440.0,0
2024-12-29,2024-12-29 14:30:00,1110.0,1110.0,1110.0,1110.0,0.0,4.0,4440.0,0
2024-12-29,2024-12-29 14:40:00,1110.0,1110.0,1110.0,1110.0,0.0,4.0,4440.0,0
2024-12-29,2024-12-29 14:50:00,1110.0,1110.0,1110.0,1110.0,0.0,4.0,4440.0,0
2024-12-29,2024-12-29 15:00:00,1110.0,1110.0,1110.0,1110.0,0.0,4.0,4440.0,0
2025-01-01,2025-01-01 11:00:00,1103.0,1109.6,1103.0,1103.92,0.08,3.12,3487.99,1
2025-01-01,2025-01-01 11:10:00,1103.92,1104.83,1103.92,1104.83,0.08,3.12,3487.99,1
2025-01-01,2025-01-01 11:20:00,1104.83,1105.75,1104.83,1105.75,0.08,3.12,3487.99,1
2025-01-01,2025-01-01 11:30:00,1105.75,1106.67,1105.75,1106.67,0.08,3.12,3487.99,1
2025-01-01,2025-01-01 11:40:00,1106.67,1107.58,1106.67,1107.58,0.08,3.12,3487.99,1
2025-01-01,2025-01-01 11:50:00,1107.58,1108.5,1107.58,1108.5,0.08,3.12,3487.99,1
2025-01-01,2025-01-01 12:00:00,1108.5,1109.42,1108.5,1109.42,0.08,3.12,3487.99,1
2025-01-01,2025-01-01 12:10:00,1109.42,1110.33,1109.42,1110.33,0.08,3.12,3487.99,1
2025-01-01,2025-01-01 12:20:00,1110.33,1111.25,1110.33,1111.25,0.08,3.12,3487.99,1
2025-01-01,2025-01-01 12:30:00,1111.25,1112.17,1111.25,1112.17,0.08,3.12,3487.99,1
2025-01-01,2025-01-01 12:40:00,1112.17,1113.08,1112.17,1113.08,0.08,3.12,3487.99,1
2025-01-01,2025-01-01 12:50:00,1113.08,1114.0,1113.08,1114.0,0.08,3.12,3487.99,1
2025-01-01,2025-01-01 13:00:00,1114.0,1125.0,1103.0,1114.92,0.08,3.12,3487.99,1
2025-01-01,2025-01-01 13:10:00,1114.92,1115.83,1114.92,1115.83,0.08,3.12,3487.99,1
2025-01-01,2025-01-01 13:20:00,1115.83,1116.75,1115.83,1116.75,0.08,3.12,3487.99,1
2025-01-01,2025-01-01 13:30:00,1116.75,1117.67,1116.75,1117.67,0.08,3.12,3487.99,1
2025-01-01,2025-01-01 13:40:00,1117.67,1118.58,1117.67,1118.58,0.08,3.12,3487.99,1
2025-01-01,2025-01-01 13:50:00,1118.58,1119.5,1118.58,1119.5,0.08,3.12,3487.99,1
2025-01-01,2025-01-01 14:00:00,1119.5,1120.42,1119.5,1120.42,0.08,3.12,3487.99,1
2025-01-01,2025-01-01 14:10:00,1120.42,1121.33,1120.42,1121.33,0.08,3.12,3487.99,1
2025-01-01,2025-01-01 14:20:00,1121.33,1122.25,1121.33,1122.25,0.08,3.12,3487.99,1
2025-01-01,2025-01-01 14:30:00,1122.25,1123.17,1122.25,1123.17,0.08,3.12,3487.99,1
2025-01-01,2025-01-01 14:40:00,1123.17,1124.08,1123.17,1124.08,0.08,3.12,3487.99,1
2025-01-01,2025-01-01 14:50:00,1124.08,1125.0,1124.08,1125.0,0.08,3.12,3487.99,1
2025-01-01,2025-01-01 15:00:00,1125.0,1125.0,1103.0,1125.0,0.0,3.12,3487.99,0
2025-01-02,2025-01-02 11:00:00,1125.0,1125.0,1125.0,1125.0,0.0,1.0,1125.0,0
2025-01-02,2025-01-02 11:10:00,1125.0,1125.0,1125.0,1125.0,0.0,1.0,1125.0,0
2025-01-02,2025-01-02 11:20:00,1125.0,1125.0,1125.0,1125.0,0.0,1.0,1125.0,0
2025-01-02,2025-01-02 11:30:00,1125.0,1125.0,1125.0,1125.0,0.0,1.0,1125.0,0
2025-01-02,2025-01-02 11:40:00,1125.0,1125.0,1125.0,1125.0,0.0,1.0,1125.0,0
2025-01-02,2025-01-02 11:50:00,1125.0,1125.0,1125.0,1125.0,0.0,1.0,1125.0,0
2025-01-02,2025-01-02 12:00:00,1125.0,1125.0,1125.0,1125.0,0.0,1.0,1125.0,0
2025-01-02,2025-01-02 12:10:00,1125.0,1125.0,1125.0,1125.0,0.0,1.0,1125.0,0
2025-01-02,2025-01-02 12:20:00,1125.0,1125.0,1125.0,1125.0,0.0,1.0,1125.0,0
2025-01-02,2025-01-02 12:30:00,1125.0,1125.0,1125.0,1125.0,0.0,1.0,1125.0,0
2025-01-02,2025-01-02 12:40:00,1125.0,1125.0,1125.0,1125.0,0.0,1.0,1125.0,0
2025-01-02,2025-01-02 12:50:00,1125.0,1125.0,1125.0,1125.0,0.0,1.0,1125.0,0
2025-01-02,2025-01-02 13:00:00,1125.0,1125.0,1125.0,1125.0,0.0,1.0,1125.0,0
2025-01-02,2025-01-02 13:10:00,1125.0,1125.0,1125.0,1125.0,0.0,1.0,1125.0,0
2025-01-02,2025-01-02 13:20:00,1125.0,1125.0,1125.0,1125.0,0.0,1.0,1125.0,0
2025-01-02,2025-01-02 13:30:00,1125.0,1125.0,1125.0,1125.0,0.0,1.0,1125.0,0
2025-01-02,2025-01-02 13:40:00,1125.0,1125.0,1125.0,1125.0,0.0,1.0,1125.0,0
2025-01-02,2025-01-02 13:50:00,1125.0,1125.0,1125.0,1125.0,0.0,1.0,1125.0,0
2025-01-02,2025-01-02 14:00:00,1125.0,1125.0,1125.0,1125.0,0.0,1.0,1125.0,0
2025-01-02,2025-01-02 14:10:00,1125.0,1125.0,1125.0,1125.0,0.0,1.0,1125.0,0
2025-01-02,2025-01-02 14:20:00,1125.0,1125.0,1125.0,1125.0,0.0,1.0,1125.0,0
2025-01-02,2025-01-02 14:30:00,1125.0,1125.0,1125.0,1125.0,0.0,1.0,1125.0,0
2025-01-02,2025-01-02 14:40:00,1125.0,1125.0,1125.0,1125.0,0.0,1.0,1125.0,0
2025-01-02,2025-01-02 14:50:00,1125.0,1125.0,1125.0,1125.0,0.0,1.0,1125.0,0
2025-01-02,2025-01-02 15:00:00,1125.0,1125.0,1125.0,1125.0,0.0,1.0,1125.0,0
2025-01-06,2025-01-06 11:00:00,1147.4,1147.4,1147.4,1147.4,0.0,0.04,45.9,0
2025-01-06,2025-01-06 11:10:00,1147.4,1147.4,1147.4,1147.4,0.0,0.04,45.9,0
2025-01-06,2025-01-06 11:20:00,1147.4,1147.4,1147.4,1147.4,0.0,0.04,45.9,0
2025-01-06,2025-01-06 11:30:00,1147.4,1147.4,1147.4,1147.4,0.0,0.04,45.9,0
2025-01-06,2025-01-06 11:40:00,1147.4,1147.4,1147.4,1147.4,0.0,0.04,45.9,0
2025-01-06,2025-01-06 11:50:00,1147.4,1147.4,1147.4,1147.4,0.0,0.04,45.9,0
2025-01-06,2025-01-06 12:00:00,1147.4,1147.4,1147.4,1147.4,0.0,0.04,45.9,0
2025-01-06,2025-01-06 12:10:00,1147.4,1147.4,1147.4,1147.4,0.0,0.04,45.9,0
2025-01-06,2025-01-06 12:20:00,1147.4,1147.4,1147.4,1147.4,0.0,0.04,45.9,0
2025-01-06,2025-01-06 12:30:00,1147.4,1147.4,1147.4,1147.4,0.0,0.04,45.9,0
2025-01-06,2025-01-06 12:40:00,1147.4,1147.4,1147.4,1147.4,0.0,0.04,45.9,0
2025-01-06,2025-01-06 12:50:00,1147.4,1147.4,1147.4,1147.4,0.0,0.04,45.9,0
2025-01-06,2025-01-06 13:00:00,1147.4,1147.4,1147.4,1147.4,0.0,0.04,45.9,0
2025-01-06,2025-01-06 13:10:00,1147.4,1147.4,1147.4,1147.4,0.0,0.04,45.9,0
2025-01-06,2025-01-06 13:20:00,1147.4,1147.4,1147.4,1147.4,0.0,0.04,45.9,0
2025-01-06,2025-01-06 13:30:00,1147.4,1147.4,1147.4,1147.4,0.0,0.04,45.9,0
2025-01-06,2025-01-06 13:40:00,1147.4,1147.4,1147.4,1147.4,0.0,0.04,45.9,0
2025-01-06,2025-01-06 13:50:00,1147.4,1147.4,1147.4,1147.4,0.0,0.04,45.9,0
2025-01-06,2025-01-06 14:00:00,1147.4,1147.4,1147.4,1147.4,0.0,0.04,45.9,0
2025-01-06,2025-01-06 14:10:00,1147.4,1147.4,1147.4,1147.4,0.0,0.04,45.9,0
2025-01-06,2025-01-06 14:20:00,1147.4,1147.4,1147.4,1147.4,0.0,0.04,45.9,0
2025-01-06,2025-01-06 14:30:00,1147.4,1147.4,1147.4,1147.4,0.0,0.04,45.9,0
2025-01-06,2025-01-06 14:40:00,1147.4,1147.4,1147.4,1147.4,0.0,0.04,45.9,0
2025-01-06,2025-01-06 14:50:00,1147.4,1147.4,1147.4,1147.4,0.0,0.04,45.9,0
2025-01-06,2025-01-06 15:00:00,1147.4,1147.4,1147.4,1147.4,0.0,0.04,45.9,0
2025-01-19,2025-01-19 11:00:00,1110.0,1110.0,1110.0,1110.0,0.0,1.08,1199.96,0
2025-01-19,2025-01-19 11:10:00,1110.0,1110.0,1110.0,1110.0,0.0,1.08,1199.96,0
2025-01-19,2025-01-19 11:20:00,1110.0,1110.0,1110.0,1110.0,0.0,1.08,1199.96,0
2025-01-19,2025-01-19 11:30:00,1110.0,1110.0,1110.0,1110.0,0.0,1.08,1199.96,0
2025-01-19,2025-01-19 11:40:00,1110.0,1110.0,1110.0,1110.0,0.0,1.08,1199.96,0
2025-01-19,2025-01-19 11:50:00,1110.0,1110.0,1110.0,1110.0,0.0,1.08,1199.96,0
2025-01-19,2025-01-19 12:00:00,1110.0,1110.0,1110.0,1110.0,0.0,1.08,1199.96,0
2025-01-19,2025-01-19 12:10:00,1110.0,1110.0,1110.0,1110.0,0.0,1.08,1199.96,0
2025-01-19,2025-01-19 12:20:00,1110.0,1110.0,1110.0,1110.0,0.0,1.08,1199.96,0
2025-01-19,2025-01-19 12:30:00,1110.0,1110.0,1110.0,1110.0,0.0,1.08,1199.96,0
2025-01-19,2025-01-19 12:40:00,1110.0,1110.0,1110.0,1110.0,0.0,1.08,1199.96,0
2025-01-19,2025-01-19 12:50:00,1110.0,1110.0,1110.0,1110.0,0.0,1.08,1199.96,0
2025-01-19,2025-01-19 13:00:00,1110.0,1110.0,1110.0,1110.0,0.0,1.08,1199.96,0
2025-01-19,2025-01-19 13:10:00,1110.0,1110.0,1110.0,1110.0,0.0,1.08,1199.96,0
2025-01-19,2025-01-19 13:20:00,1110.0,1110.0,1110.0,1110.0,0.0,1.08,1199.96,0
2025-01-19,2025-01-19 13:30:00,1110.0,1110.0,1110.0,1110.0,0.0,1.08,1199.96,0
2025-01-19,2025-01-19 13:40:00,1110.0,1110.0,1110.0,1110.0,0.0,1.08,1199.96,0
2025-01-19,2025-01-19 13:50:00,1110.0,1110.0,1110.0,1110.0,0.0,1.08,1199.96,0
2025-01-19,2025-01-19 14:00:00,1110.0,1110.0,1110.0,1110.0,0.0,1.08,1199.96,0
2025-01-19,2025-01-19 14:10:00,1110.0,1110.0,1110.0,1110.0,0.0,1.08,1199.96,0
2025-01-19,2025-01-19 14:20:00,1110.0,1110.0,1110.0,1110.0,0.0,1.08,1199.96,0
2025-01-19,2025-01-19 14:30:00,1110.0,1110.0,1110.0,1110.0,0.0,1.08,1199.96,0
2025-01-19,2025-01-19 14:40:00,1110.0,1110.0,1110.0,1110.0,0.0,1.08,1199.96,0
2025-01-19,2025-01-19 14:50:00,1110.0,1110.0,1110.0,1110.0,0.0,1.08,1199.96,0
2025-01-19,2025-01-19 15:00:00,1110.0,1110.0,1110.0,1110.0,0.0,1.08,1199.96,0
2025-01-20,2025-01-20 11:00:00,1100.0,1100.0,1094.0,1099.17,-0.08,5.0,5430.24,-1
2025-01-20,2025-01-20 11:10:00,1099.17,1099.17,1098.34,1098.34,-0.08,5.0,5430.24,-1
2025-01-20,2025-01-20 11:20:00,1098.34,1098.34,1097.51,1097.51,-0.08,5.0,5430.24,-1
2025-01-20,2025-01-20 11:30:00,1097.51,1097.51,1096.68,1096.68,-0.08,5.0,5430.24,-1
2025-01-20,2025-01-20 11:40:00,1096.68,1096.68,1095.85,1095.85,-0.08,5.0,5430.24,-1
2025-01-20,2025-01-20 11:50:00,1095.85,1095.85,1095.03,1095.03,-0.07,5.0,5430.24,-1
2025-01-20,2025-01-20 12:00:00,1095.03,1095.03,1094.2,1094.2,-0.08,5.0,5430.24,-1
2025-01-20,2025-01-20 12:10:00,1094.2,1094.2,1093.37,1093.37,-0.08,5.0,5430.24,-1
2025-01-20,2025-01-20 12:20:00,1093.37,1093.37,1092.54,1092.54,-0.08,5.0,5430.24,-1
2025-01-20,2025-01-20 12:30:00,1092.54,1092.54,1091.71,1091.71,-0.08,5.0,5430.24,-1
2025-01-20,2025-01-20 12:40:00,1091.71,1091.71,1090.88,1090.88,-0.08,5.0,5430.24,-1
2025-01-20,2025-01-20 12:50:00,1090.88,1090.88,1090.05,1090.05,-0.08,5.0,5430.24,-1
2025-01-20,2025-01-20 13:00:00,1090.05,1100.0,1080.0,1089.22,-0.08,5.0,5430.24,-1
2025-01-20,2025-01-20 13:10:00,1089.22,1089.22,1088.39,1088.39,-0.08,5.0,5430.24,-1
2025-01-20,2025-01-20 13:20:00,1088.39,1088.39,1087.56,1087.56,-0.08,5.0,5430.24,-1
2025-01-20,2025-01-20 13:30:00,1087.56,1087.56,1086.73,1086.73,-0.08,5.0,5430.24,-1
2025-01-20,2025-01-20 13:40:00,1086.73,1086.73,1085.9,1085.9,-0.08,5.0,5430.24,-1
2025-01-20,2025-01-20 13:50:00,1085.9,1085.9,1085.07,1085.07,-0.08,5.0,5430.24,-1
2025-01-20,2025-01-20 14:00:00,1085.07,1085.07,1084.25,1084.25,-0.08,5.0,5430.24,-1
2025-01-20,2025-01-20 14:10:00,1084.25,1084.25,1083.42,1083.42,-0.08,5.0,5430.24,-1
2025-01-20,2025-01-20 14:20:00,1083.42,1083.42,1082.59,1082.59,-0.08,5.0,5430.24,-1
2025-01-20,2025-01-20 14:30:00,1082.59,1082.59,1081.76,1081.76,-0.08,5.0,5430.24,-1
2025-01-20,2025-01-20 14:40:00,1081.76,1081.76,1080.93,1080.93,-0.08,5.0,5430.24,-1
2025-01-20,2025-01-20 14:50:00,1080.93,1080.93,1080.1,1080.1,-0.08,5.0,5430.24,-1
2025-01-20,2025-01-20 15:00:00,1080.1,1100.0,1080.0,1080.1,0.0,5.0,5430.24,0
2025-01-21,2025-01-21 11:00:00,1081.1,1081.1,1075.37,1080.3,-0.07,4.0,4303.44,-1
2025-01-21,2025-01-21 11:10:00,1080.3,1080.3,1079.51,1079.51,-0.07,4.0,4303.44,-1
2025-01-21,2025-01-21 11:20:00,1079.51,1079.51,1078.71,1078.71,-0.07,4.0,4303.44,-1
2025-01-21,2025-01-21 11:30:00,1078.71,1078.71,1077.92,1077.92,-0.07,4.0,4303.44,-1
2025-01-21,2025-01-21 11:40:00,1077.92,1077.92,1077.12,1077.12,-0.07,4.0,4303.44,-1
2025-01-21,2025-01-21 11:50:00,1077.12,1077.12,1076.32,1076.32,-0.07,4.0,4303.44,-1
2025-01-21,2025-01-21 12:00:00,1076.32,1076.32,1075.53,1075.53,-0.07,4.0,4303.44,-1
2025-01-21,2025-01-21 12:10:00,1075.53,1075.53,1074.73,1074.73,-0.07,4.0,4303.44,-1
2025-01-21,2025-01-21 12:20:00,1074.73,1074.73,1073.94,1073.94,-0.07,4.0,4303.44,-1
2025-01-21,2025-01-21 12:30:00,1073.94,1073.94,1073.14,1073.14,-0.07,4.0,4303.44,-1
2025-01-21,2025-01-21 12:40:00,1073.14,1073.14,1072.35,1072.35,-0.07,4.0,4303.44,-1
2025-01-21,2025-01-21 12:50:00,1072.35,1072.35,1071.55,1071.55,-0.07,4.0,4303.44,-1
2025-01-21,2025-01-21 13:00:00,1071.55,1081.1,1062.0,1070.75,-0.07,4.0,4303.44,-1
2025-01-21,2025-01-21 13:10:00,1070.75,1070.75,1069.96,1069.96,-0.07,4.0,4303.44,-1
2025-01-21,2025-01-21 13:20:00,1069.96,1069.96,1069.16,1069.16,-0.07,4.0,4303.44,-1
2025-01-21,2025-01-21 13:30:00,1069.16,1069.16,1068.37,1068.37,-0.07,4.0,4303.44,-1
2025-01-21,2025-01-21 13:40:00,1068.37,1068.37,1067.57,1067.57,-0.07,4.0,4303.44,-1
2025-01-21,2025-01-21 13:50:00,1067.57,1067.57,1066.78,1066.78,-0.07,4.0,4303.44,-1
2025-01-21,2025-01-21 14:00:00,1066.78,1066.78,1065.98,1065.98,-0.07,4.0,4303.44,-1
2025-01-21,2025-01-21 14:10:00,1065.98,1065.98,1065.18,1065.18,-0.08,4.0,4303.44,-1
2025-01-21,2025-01-21 14:20:00,1065.18,1065.18,1064.39,1064.39,-0.07,4.0,4303.44,-1
2025-01-21,2025-01-21 14:30:00,1064.39,1064.39,1063.59,1063.59,-0.08,4.0,4303.44,-1
2025-01-21,2025-01-21 14:40:00,1063.59,1063.59,1062.8,1062.8,-0.07,4.0,4303.44,-1
2025-01-21,2025-01-21 14:50:00,1062.8,1062.8,1062.0,1062.0,-0.08,4.0,4303.44,-1
2025-01-21,2025-01-21 15:00:00,1062.0,1081.1,1062.0,1062.0,0.0,4.0,4303.44,0
2025-01-22,2025-01-22 11:00:00,1060.9,1066.93,1060.9,1061.74,0.08,1.92,2055.42,1
2025-01-22,2025-01-22 11:10:00,1061.74,1062.58,1061.74,1062.58,0.08,1.92,2055.42,1
2025-01-22,2025-01-22 11:20:00,1062.58,1063.41,1062.58,1063.41,0.08,1.92,2055.42,1
2025-01-22,2025-01-22 11:30:00,1063.41,1064.25,1063.41,1064.25,0.08,1.92,2055.42,1
2025-01-22,2025-01-22 11:40:00,1064.25,1065.09,1064.25,1065.09,0.08,1.92,2055.42,1
2025-01-22,2025-01-22 11:50:00,1065.09,1065.93,1065.09,1065.93,0.08,1.92,2055.42,1
2025-01-22,2025-01-22 12:00:00,1065.93,1066.76,1065.93,1066.76,0.08,1.92,2055.42,1
2025-01-22,2025-01-22 12:10:00,1066.76,1067.6,1066.76,1067.6,0.08,1.92,2055.42,1
2025-01-22,2025-01-22 12:20:00,1067.6,1068.44,1067.6,1068.44,0.08,1.92,2055.42,1
2025-01-22,2025-01-22 12:30:00,1068.44,1069.28,1068.44,1069.28,0.08,1.92,2055.42,1
2025-01-22,2025-01-22 12:40:00,1069.28,1070.11,1069.28,1070.11,0.08,1.92,2055.42,1
2025-01-22,2025-01-22 12:50:00,1070.11,1070.95,1070.11,1070.95,0.08,1.92,2055.42,1
2025-01-22,2025-01-22 13:00:00,1070.95,1081.0,1060.9,1071.79,0.08,1.92,2055.42,1
2025-01-22,2025-01-22 13:10:00,1071.79,1072.62,1071.79,1072.62,0.08,1.92,2055.42,1
2025-01-22,2025-01-22 13:20:00,1072.62,1073.46,1072.62,1073.46,0.08,1.92,2055.42,1
2025-01-22,2025-01-22 13:30:00,1073.46,1074.3,1073.46,1074.3,0.08,1.92,2055.42,1
2025-01-22,2025-01-22 13:40:00,1074.3,1075.14,1074.3,1075.14,0.08,1.92,2055.42,1
2025-01-22,2025-01-22 13:50:00,1075.14,1075.97,1075.14,1075.97,0.08,1.92,2055.42,1
2025-01-22,2025-01-22 14:00:00,1075.97,1076.81,1075.97,1076.81,0.08,1.92,2055.42,1
2025-01-22,2025-01-22 14:10:00,1076.81,1077.65,1076.81,1077.65,0.08,1.92,2055.42,1
2025-01-22,2025-01-22 14:20:00,1077.65,1078.49,1077.65,1078.49,0.08,1.92,2055.42,1
2025-01-22,2025-01-22 14:30:00,1078.49,1079.33,1078.49,1079.33,0.08,1.92,2055.42,1
2025-01-22,2025-01-22 14:40:00,1079.33,1080.16,1079.33,1080.16,0.08,1.92,2055.42,1
2025-01-22,2025-01-22 14:50:00,1080.16,1081.0,1080.16,1081.0,0.08,1.92,2055.42,1
2025-01-22,2025-01-22 15:00:00,1081.0,1081.0,1060.9,1081.0,0.0,1.92,2055.42,0
2025-01-23,2025-01-23 11:00:00,1086.3,1086.3,1086.3,1086.3,0.0,1.04,1108.47,0
2025-01-23,2025-01-23 11:10:00,1086.3,1086.3,1086.3,1086.3,0.0,1.04,1108.47,0
2025-01-23,2025-01-23 11:20:00,1086.3,1086.3,1086.3,1086.3,0.0,1.04,1108.47,0
2025-01-23,2025-01-23 11:30:00,1086.3,1086.3,1086.3,1086.3,0.0,1.04,1108.47,0
2025-01-23,2025-01-23 11:40:00,1086.3,1086.3,1086.3,1086.3,0.0,1.04,1108.47,0
2025-01-23,2025-01-23 11:50:00,1086.3,1086.3,1086.3,1086.3,0.0,1.04,1108.47,0
2025-01-23,2025-01-23 12:00:00,1086.3,1086.3,1086.3,1086.3,0.0,1.04,1108.47,0
2025-01-23,2025-01-23 12:10:00,1086.3,1086.3,1086.3,1086.3,0.0,1.04,1108.47,0
2025-01-23,2025-01-23 12:20:00,1086.3,1086.3,1086.3,1086.3,0.0,1.04,1108.47,0
2025-01-23,2025-01-23 12:30:00,1086.3,1086.3,1086.3,1086.3,0.0,1.04,1108.47,0
2025-01-23,2025-01-23 12:40:00,1086.3,1086.3,1086.3,1086.3,0.0,1.04,1108.47,0
2025-01-23,2025-01-23 12:50:00,1086.3,1086.3,1086.3,1086.3,0.0,1.04,1108.47,0
2025-01-23,2025-01-23 13:00:00,1086.3,1086.3,1086.3,1086.3,0.0,1.04,1108.47,0
2025-01-23,2025-01-23 13:10:00,1086.3,1086.3,1086.3,1086.3,0.0,1.04,1108.47,0
2025-01-23,2025-01-23 13:20:00,1086.3,1086.3,1086.3,1086.3,0.0,1.04,1108.47,0
2025-01-23,2025-01-23 13:30:00,1086.3,1086.3,1086.3,1086.3,0.0,1.04,1108.47,0
2025-01-23,2025-01-23 13:40:00,1086.3,1086.3,1086.3,1086.3,0.0,1.04,1108.47,0
2025-01-23,2025-01-23 13:50:00,1086.3,1086.3,1086.3,1086.3,0.0,1.04,1108.47,0
2025-01-23,2025-01-23 14:00:00,1086.3,1086.3,1086.3,1086.3,0.0,1.04,1108.47,0
2025-01-23,2025-01-23 14:10:00,1086.3,1086.3,1086.3,1086.3,0.0,1.04,1108.47,0
2025-01-23,2025-01-23 14:20:00,1086.3,1086.3,1086.3,1086.3,0.0,1.04,1108.47,0
2025-01-23,2025-01-23 14:30:00,1086.3,1086.3,1086.3,1086.3,0.0,1.04,1108.47,0
2025-01-23,2025-01-23 14:40:00,1086.3,1086.3,1086.3,1086.3,0.0,1.04,1108.47,0
2025-01-23,2025-01-23 14:50:00,1086.3,1086.3,1086.3,1086.3,0.0,1.04,1108.47,0
2025-01-23,2025-01-23 15:00:00,1086.3,1086.3,1086.3,1086.3,0.0,1.04,1108.47,0
2025-02-03,2025-02-03 11:00:00,1086.3,1086.3,1086.3,1086.3,0.0,1.0,1086.3,0
2025-02-03,2025-02-03 11:10:00,1086.3,1086.3,1086.3,1086.3,0.0,1.0,1086.3,0
2025-02-03,2025-02-03 11:20:00,1086.3,1086.3,1086.3,1086.3,0.0,1.0,1086.3,0
2025-02-03,2025-02-03 11:30:00,1086.3,1086.3,1086.3,1086.3,0.0,1.0,1086.3,0
2025-02-03,2025-02-03 11:40:00,1086.3,1086.3,1086.3,1086.3,0.0,1.0,1086.3,0
2025-02-03,2025-02-03 11:50:00,1086.3,1086.3,1086.3,1086.3,0.0,1.0,1086.3,0
2025-02-03,2025-02-03 12:00:00,1086.3,1086.3,1086.3,1086.3,0.0,1.0,1086.3,0
2025-02-03,2025-02-03 12:10:00,1086.3,1086.3,1086.3,1086.3,0.0,1.0,1086.3,0
2025-02-03,2025-02-03 12:20:00,1086.3,1086.3,1086.3,1086.3,0.0,1.0,1086.3,0
2025-02-03,2025-02-03 12:30:00,1086.3,1086.3,1086.3,1086.3,0.0,1.0,1086.3,0
2025-02-03,2025-02-03 12:40:00,1086.3,1086.3,1086.3,1086.3,0.0,1.0,1086.3,0
2025-02-03,2025-02-03 12:50:00,1086.3,1086.3,1086.3,1086.3,0.0,1.0,1086.3,0
2025-02-03,2025-02-03 13:00:00,1086.3,1086.3,1086.3,1086.3,0.0,1.0,1086.3,0
2025-02-03,2025-02-03 13:10:00,1086.3,1086.3,1086.3,1086.3,0.0,1.0,1086.3,0
2025-02-03,2025-02-03 13:20:00,1086.3,1086.3,1086.3,1086.3,0.0,1.0,1086.3,0
2025-02-03,2025-02-03 13:30:00,1086.3,1086.3,1086.3,1086.3,0.0,1.0,1086.3,0
2025-02-03,2025-02-03 13:40:00,1086.3,1086.3,1086.3,1086.3,0.0,1.0,1086.3,0
2025-02-03,2025-02-03 13:50:00,1086.3,1086.3,1086.3,1086.3,0.0,1.0,1086.3,0
2025-02-03,2025-02-03 14:00:00,1086.3,1086.3,1086.3,1086.3,0.0,1.0,1086.3,0
2025-02-03,2025-02-03 14:10:00,1086.3,1086.3,1086.3,1086.3,0.0,1.0,1086.3,0
2025-02-03,2025-02-03 14:20:00,1086.3,1086.3,1086.3,1086.3,0.0,1.0,1086.3,0
2025-02-03,2025-02-03 14:30:00,1086.3,1086.3,1086.3,1086.3,0.0,1.0,1086.3,0
2025-02-03,2025-02-03 14:40:00,1086.3,1086.3,1086.3,1086.3,0.0,1.0,1086.3,0
2025-02-03,2025-02-03 14:50:00,1086.3,1086.3,1086.3,1086.3,0.0,1.0,1086.3,0
2025-02-03,2025-02-03 15:00:00,1086.3,1086.3,1086.3,1086.3,0.0,1.0,1086.3,0
2025-02-04,2025-02-04 11:00:00,1080.0,1081.5,1080.0,1080.21,0.02,5.0,5420.0,1
2025-02-04,2025-02-04 11:10:00,1080.21,1080.42,1080.21,1080.42,0.02,5.0,5420.0,1
2025-02-04,2025-02-04 11:20:00,1080.42,1080.62,1080.42,1080.62,0.02,5.0,5420.0,1
2025-02-04,2025-02-04 11:30:00,1080.62,1080.83,1080.62,1080.83,0.02,5.0,5420.0,1
2025-02-04,2025-02-04 11:40:00,1080.83,1081.04,1080.83,1081.04,0.02,5.0,5420.0,1
2025-02-04,2025-02-04 11:50:00,1081.04,1081.25,1081.04,1081.25,0.02,5.0,5420.0,1
2025-02-04,2025-02-04 12:00:00,1081.25,1081.46,1081.25,1081.46,0.02,5.0,5420.0,1
2025-02-04,2025-02-04 12:10:00,1081.46,1081.67,1081.46,1081.67,0.02,5.0,5420.0,1
2025-02-04,2025-02-04 12:20:00,1081.67,1081.88,1081.67,1081.88,0.02,5.0,5420.0,1
2025-02-04,2025-02-04 12:30:00,1081.88,1082.08,1081.88,1082.08,0.02,5.0,5420.0,1
2025-02-04,2025-02-04 12:40:00,1082.08,1082.29,1082.08,1082.29,0.02,5.0,5420.0,1
2025-02-04,2025-02-04 12:50:00,1082.29,1082.5,1082.29,1082.5,0.02,5.0,5420.0,1
2025-02-04,2025-02-04 13:00:00,1082.5,1085.0,1080.0,1082.71,0.02,5.0,5420.0,1
2025-02-04,2025-02-04 13:10:00,1082.71,1082.92,1082.71,1082.92,0.02,5.0,5420.0,1
2025-02-04,2025-02-04 13:20:00,1082.92,1083.12,1082.92,1083.12,0.02,5.0,5420.0,1
2025-02-04,2025-02-04 13:30:00,1083.12,1083.33,1083.12,1083.33,0.02,5.0,5420.0,1
2025-02-04,2025-02-04 13:40:00,1083.33,1083.54,1083.33,1083.54,0.02,5.0,5420.0,1
2025-02-04,2025-02-04 13:50:00,1083.54,1083.75,1083.54,1083.75,0.02,5.0,5420.0,1
2025-02-04,2025-02-04 14:00:00,1083.75,1083.96,1083.75,1083.96,0.02,5.0,5420.0,1
2025-02-04,2025-02-04 14:10:00,1083.96,1084.17,1083.96,1084.17,0.02,5.0,5420.0,1
2025-02-04,2025-02-04 14:20:00,1084.17,1084.38,1084.17,1084.38,0.02,5.0,5420.0,1
2025-02-04,2025-02-04 14:30:00,1084.38,1084.58,1084.38,1084.58,0.02,5.0,5420.0,1
2025-02-04,2025-02-04 14:40:00,1084.58,1084.79,1084.58,1084.79,0.02,5.0,5420.0,1
2025-02-04,2025-02-04 14:50:00,1084.79,1085.0,1084.79,1085.0,0.02,5.0,5420.0,1
2025-02-04,2025-02-04 15:00:00,1085.0,1085.0,1080.0,1085.0,0.0,5.0,5420.0,0
2025-02-20,2025-02-20 11:00:00,1064.5,1064.5,1064.5,1064.5,0.0,1.0,1064.5,0
2025-02-20,2025-02-20 11:10:00,1064.5,1064.5,1064.5,1064.5,0.0,1.0,1064.5,0
2025-02-20,2025-02-20 11:20:00,1064.5,1064.5,1064.5,1064.5,0.0,1.0,1064.5,0
2025-02-20,2025-02-20 11:30:00,1064.5,1064.5,1064.5,1064.5,0.0,1.0,1064.5,0
2025-02-20,2025-02-20 11:40:00,1064.5,1064.5,1064.5,1064.5,0.0,1.0,1064.5,0
2025-02-20,2025-02-20 11:50:00,1064.5,1064.5,1064.5,1064.5,0.0,1.0,1064.5,0
2025-02-20,2025-02-20 12:00:00,1064.5,1064.5,1064.5,1064.5,0.0,1.0,1064.5,0
2025-02-20,2025-02-20 12:10:00,1064.5,1064.5,1064.5,1064.5,0.0,1.0,1064.5,0
2025-02-20,2025-02-20 12:20:00,1064.5,1064.5,1064.5,1064.5,0.0,1.0,1064.5,0
2025-02-20,2025-02-20 12:30:00,1064.5,1064.5,1064.5,1064.5,0.0,1.0,1064.5,0
2025-02-20,2025-02-20 12:40:00,1064.5,1064.5,1064.5,1064.5,0.0,1.0,1064.5,0
2025-02-20,2025-02-20 12:50:00,1064.5,1064.5,1064.5,1064.5,0.0,1.0,1064.5,0
2025-02-20,2025-02-20 13:00:00,1064.5,1064.5,1064.5,1064.5,0.0,1.0,1064.5,0
2025-02-20,2025-02-20 13:10:00,1064.5,1064.5,1064.5,1064.5,0.0,1.0,1064.5,0
2025-02-20,2025-02-20 13:20:00,1064.5,1064.5,1064.5,1064.5,0.0,1.0,1064.5,0
2025-02-20,2025-02-20 13:30:00,1064.5,1064.5,1064.5,1064.5,0.0,1.0,1064.5,0
2025-02-20,2025-02-20 13:40:00,1064.5,1064.5,1064.5,1064.5,0.0,1.0,1064.5,0
2025-02-20,2025-02-20 13:50:00,1064.5,1064.5,1064.5,1064.5,0.0,1.0,1064.5,0
2025-02-20,2025-02-20 14:00:00,1064.5,1064.5,1064.5,1064.5,0.0,1.0,1064.5,0
2025-02-20,2025-02-20 14:10:00,1064.5,1064.5,1064.5,1064.5,0.0,1.0,1064.5,0
2025-02-20,2025-02-20 14:20:00,1064.5,1064.5,1064.5,1064.5,0.0,1.0,1064.5,0
2025-02-20,2025-02-20 14:30:00,1064.5,1064.5,1064.5,1064.5,0.0,1.0,1064.5,0
2025-02-20,2025-02-20 14:40:00,1064.5,1064.5,1064.5,1064.5,0.0,1.0,1064.5,0
2025-02-20,2025-02-20 14:50:00,1064.5,1064.5,1064.5,1064.5,0.0,1.0,1064.5,0
2025-02-20,2025-02-20 15:00:00,1064.5,1064.5,1064.5,1064.5,0.0,1.0,1064.5,0
2025-02-25,2025-02-25 11:00:00,1064.1,1064.1,1064.07,1064.1,0.0,1.0,1064.06,0
2025-02-25,2025-02-25 11:10:00,1064.1,1064.1,1064.09,1064.09,-0.0,1.0,1064.06,-1
2025-02-25,2025-02-25 11:20:00,1064.09,1064.09,1064.09,1064.09,0.0,1.0,1064.06,0
2025-02-25,2025-02-25 11:30:00,1064.09,1064.09,1064.08,1064.08,-0.0,1.0,1064.06,-1
2025-02-25,2025-02-25 11:40:00,1064.08,1064.08,1064.08,1064.08,0.0,1.0,1064.06,0
2025-02-25,2025-02-25 11:50:00,1064.08,1064.08,1064.07,1064.07,-0.0,1.0,1064.06,-1
2025-02-25,2025-02-25 12:00:00,1064.07,1064.07,1064.07,1064.07,0.0,1.0,1064.06,0
2025-02-25,2025-02-25 12:10:00,1064.07,1064.07,1064.07,1064.07,0.0,1.0,1064.06,0
2025-02-25,2025-02-25 12:20:00,1064.07,1064.07,1064.06,1064.06,-0.0,1.0,1064.06,-1
2025-02-25,2025-02-25 12:30:00,1064.06,1064.06,1064.06,1064.06,0.0,1.0,1064.06,0
2025-02-25,2025-02-25 12:40:00,1064.06,1064.06,1064.05,1064.05,-0.0,1.0,1064.06,-1
2025-02-25,2025-02-25 12:50:00,1064.05,1064.05,1064.05,1064.05,0.0,1.0,1064.06,0
2025-02-25,2025-02-25 13:00:00,1064.05,1064.1,1064.0,1064.05,0.0,1.0,1064.06,0
2025-02-25,2025-02-25 13:10:00,1064.05,1064.05,1064.04,1064.04,-0.0,1.0,1064.06,-1
2025-02-25,2025-02-25 13:20:00,1064.04,1064.04,1064.04,1064.04,0.0,1.0,1064.06,0
2025-02-25,2025-02-25 13:30:00,1064.04,1064.04,1064.03,1064.03,-0.0,1.0,1064.06,-1
2025-02-25,2025-02-25 13:40:00,1064.03,1064.03,1064.03,1064.03,0.0,1.0,1064.06,0
2025-02-25,2025-02-25 13:50:00,1064.03,1064.03,1064.03,1064.03,0.0,1.0,1064.06,0
2025-02-25,2025-02-25 14:00:00,1064.03,1064.03,1064.02,1064.02,-0.0,1.0,1064.06,-1
2025-02-25,2025-02-25 14:10:00,1064.02,1064.02,1064.02,1064.02,0.0,1.0,1064.06,0
2025-02-25,2025-02-25 14:20:00,1064.02,1064.02,1064.01,1064.01,-0.0,1.0,1064.06,-1
2025-02-25,2025-02-25 14:30:00,1064.01,1064.01,1064.01,1064.01,0.0,1.0,1064.06,0
2025-02-25,2025-02-25 14:40:00,1064.01,1064.01,1064.0,1064.0,-0.0,1.0,1064.06,-1
2025-02-25,2025-02-25 14:50:00,1064.0,1064.0,1064.0,1064.0,0.0,1.0,1064.06,0
2025-02-25,2025-02-25 15:00:00,1064.0,1064.1,1064.0,1064.0,0.0,1.0,1064.06,0
2025-03-12,2025-03-12 11:00:00,1070.0,1070.0,1070.0,1070.0,0.0,0.04,42.8,0
2025-03-12,2025-03-12 11:10:00,1070.0,1070.0,1070.0,1070.0,0.0,0.04,42.8,0
2025-03-12,2025-03-12 11:20:00,1070.0,1070.0,1070.0,1070.0,0.0,0.04,42.8,0
2025-03-12,2025-03-12 11:30:00,1070.0,1070.0,1070.0,1070.0,0.0,0.04,42.8,0
2025-03-12,2025-03-12 11:40:00,1070.0,1070.0,1070.0,1070.0,0.0,0.04,42.8,0
2025-03-12,2025-03-12 11:50:00,1070.0,1070.0,1070.0,1070.0,0.0,0.04,42.8,0
2025-03-12,2025-03-12 12:00:00,1070.0,1070.0,1070.0,1070.0,0.0,0.04,42.8,0
2025-03-12,2025-03-12 12:10:00,1070.0,1070.0,1070.0,1070.0,0.0,0.04,42.8,0
2025-03-12,2025-03-12 12:20:00,1070.0,1070.0,1070.0,1070.0,0.0,0.04,42.8,0
2025-03-12,2025-03-12 12:30:00,1070.0,1070.0,1070.0,1070.0,0.0,0.04,42.8,0
2025-03-12,2025-03-12 12:40:00,1070.0,1070.0,1070.0,1070.0,0.0,0.04,42.8,0
2025-03-12,2025-03-12 12:50:00,1070.0,1070.0,1070.0,1070.0,0.0,0.04,42.8,0
2025-03-12,2025-03-12 13:00:00,1070.0,1070.0,1070.0,1070.0,0.0,0.04,42.8,0
2025-03-12,2025-03-12 13:10:00,1070.0,1070.0,1070.0,1070.0,0.0,0.04,42.8,0
2025-03-12,2025-03-12 13:20:00,1070.0,1070.0,1070.0,1070.0,0.0,0.04,42.8,0
2025-03-12,2025-03-12 13:30:00,1070.0,1070.0,1070.0,1070.0,0.0,0.04,42.8,0
2025-03-12,2025-03-12 13:40:00,1070.0,1070.0,1070.0,1070.0,0.0,0.04,42.8,0
2025-03-12,2025-03-12 13:50:00,1070.0,1070.0,1070.0,1070.0,0.0,0.04,42.8,0
2025-03-12,2025-03-12 14:00:00,1070.0,1070.0,1070.0,1070.0,0.0,0.04,42.8,0
2025-03-12,2025-03-12 14:10:00,1070.0,1070.0,1070.0,1070.0,0.0,0.04,42.8,0
2025-03-12,2025-03-12 14:20:00,1070.0,1070.0,1070.0,1070.0,0.0,0.04,42.8,0
2025-03-12,2025-03-12 14:30:00,1070.0,1070.0,1070.0,1070.0,0.0,0.04,42.8,0
2025-03-12,2025-03-12 14:40:00,1070.0,1070.0,1070.0,1070.0,0.0,0.04,42.8,0
2025-03-12,2025-03-12 14:50:00,1070.0,1070.0,1070.0,1070.0,0.0,0.04,42.8,0
2025-03-12,2025-03-12 15:00:00,1070.0,1070.0,1070.0,1070.0,0.0,0.04,42.8,0
2025-03-16,2025-03-16 11:00:00,1070.0,1070.0,1070.0,1070.0,0.0,1.0,1070.0,0
2025-03-16,2025-03-16 11:10:00,1070.0,1070.0,1070.0,1070.0,0.0,1.0,1070.0,0
2025-03-16,2025-03-16 11:20:00,1070.0,1070.0,1070.0,1070.0,0.0,1.0,1070.0,0
2025-03-16,2025-03-16 11:30:00,1070.0,1070.0,1070.0,1070.0,0.0,1.0,1070.0,0
2025-03-16,2025-03-16 11:40:00,1070.0,1070.0,1070.0,1070.0,0.0,1.0,1070.0,0
2025-03-16,2025-03-16 11:50:00,1070.0,1070.0,1070.0,1070.0,0.0,1.0,1070.0,0
2025-03-16,2025-03-16 12:00:00,1070.0,1070.0,1070.0,1070.0,0.0,1.0,1070.0,0
2025-03-16,2025-03-16 12:10:00,1070.0,1070.0,1070.0,1070.0,0.0,1.0,1070.0,0
2025-03-16,2025-03-16 12:20:00,1070.0,1070.0,1070.0,1070.0,0.0,1.0,1070.0,0
2025-03-16,2025-03-16 12:30:00,1070.0,1070.0,1070.0,1070.0,0.0,1.0,1070.0,0
2025-03-16,2025-03-16 12:40:00,1070.0,1070.0,1070.0,1070.0,0.0,1.0,1070.0,0
2025-03-16,2025-03-16 12:50:00,1070.0,1070.0,1070.0,1070.0,0.0,1.0,1070.0,0
2025-03-16,2025-03-16 13:00:00,1070.0,1070.0,1070.0,1070.0,0.0,1.0,1070.0,0
2025-03-16,2025-03-16 13:10:00,1070.0,1070.0,1070.0,1070.0,0.0,1.0,1070.0,0
2025-03-16,2025-03-16 13:20:00,1070.0,1070.0,1070.0,1070.0,0.0,1.0,1070.0,0
2025-03-16,2025-03-16 13:30:00,1070.0,1070.0,1070.0,1070.0,0.0,1.0,1070.0,0
2025-03-16,2025-03-16 13:40:00,1070.0,1070.0,1070.0,1070.0,0.0,1.0,1070.0,0
2025-03-16,2025-03-16 13:50:00,1070.0,1070.0,1070.0,1070.0,0.0,1.0,1070.0,0
2025-03-16,2025-03-16 14:00:00,1070.0,1070.0,1070.0,1070.0,0.0,1.0,1070.0,0
2025-03-16,2025-03-16 14:10:00,1070.0,1070.0,1070.0,1070.0,0.0,1.0,1070.0,0
2025-03-16,2025-03-16 14:20:00,1070.0,1070.0,1070.0,1070.0,0.0,1.0,1070.0,0
2025-03-16,2025-03-16 14:30:00,1070.0,1070.0,1070.0,1070.0,0.0,1.0,1070.0,0
2025-03-16,2025-03-16 14:40:00,1070.0,1070.0,1070.0,1070.0,0.0,1.0,1070.0,0
2025-03-16,2025-03-16 14:50:00,1070.0,1070.0,1070.0,1070.0,0.0,1.0,1070.0,0
2025-03-16,2025-03-16 15:00:00,1070.0,1070.0,1070.0,1070.0,0.0,1.0,1070.0,0
2025-03-24,2025-03-24 11:00:00,1068.0,1068.0,1068.0,1068.0,0.0,4.0,4272.0,0
2025-03-24,2025-03-24 11:10:00,1068.0,1068.0,1068.0,1068.0,0.0,4.0,4272.0,0
2025-03-24,2025-03-24 11:20:00,1068.0,1068.0,1068.0,1068.0,0.0,4.0,4272.0,0
2025-03-24,2025-03-24 11:30:00,1068.0,1068.0,1068.0,1068.0,0.0,4.0,4272.0,0
2025-03-24,2025-03-24 11:40:00,1068.0,1068.0,1068.0,1068.0,0.0,4.0,4272.0,0
2025-03-24,2025-03-24 11:50:00,1068.0,1068.0,1068.0,1068.0,0.0,4.0,4272.0,0
2025-03-24,2025-03-24 12:00:00,1068.0,1068.0,1068.0,1068.0,0.0,4.0,4272.0,0
2025-03-24,2025-03-24 12:10:00,1068.0,1068.0,1068.0,1068.0,0.0,4.0,4272.0,0
2025-03-24,2025-03-24 12:20:00,1068.0,1068.0,1068.0,1068.0,0.0,4.0,4272.0,0
2025-03-24,2025-03-24 12:30:00,1068.0,1068.0,1068.0,1068.0,0.0,4.0,4272.0,0
2025-03-24,2025-03-24 12:40:00,1068.0,1068.0,1068.0,1068.0,0.0,4.0,4272.0,0
2025-03-24,2025-03-24 12:50:00,1068.0,1068.0,1068.0,1068.0,0.0,4.0,4272.0,0
2025-03-24,2025-03-24 13:00:00,1068.0,1068.0,1068.0,1068.0,0.0,4.0,4272.0,0
2025-03-24,2025-03-24 13:10:00,1068.0,1068.0,1068.0,1068.0,0.0,4.0,4272.0,0
2025-03-24,2025-03-24 13:20:00,1068.0,1068.0,1068.0,1068.0,0.0,4.0,4272.0,0
2025-03-24,2025-03-24 13:30:00,1068.0,1068.0,1068.0,1068.0,0.0,4.0,4272.0,0
2025-03-24,2025-03-24 13:40:00,1068.0,1068.0,1068.0,1068.0,0.0,4.0,4272.0,0
2025-03-24,2025-03-24 13:50:00,1068.0,1068.0,1068.0,1068.0,0.0,4.0,4272.0,0
2025-03-24,2025-03-24 14:00:00,1068.0,1068.0,1068.0,1068.0,0.0,4.0,4272.0,0
2025-03-24,2025-03-24 14:10:00,1068.0,1068.0,1068.0,1068.0,0.0,4.0,4272.0,0
2025-03-24,2025-03-24 14:20:00,1068.0,1068.0,1068.0,1068.0,0.0,4.0,4272.0,0
2025-03-24,2025-03-24 14:30:00,1068.0,1068.0,1068.0,1068.0,0.0,4.0,4272.0,0
2025-03-24,2025-03-24 14:40:00,1068.0,1068.0,1068.0,1068.0,0.0,4.0,4272.0,0
2025-03-24,2025-03-24 14:50:00,1068.0,1068.0,1068.0,1068.0,0.0,4.0,4272.0,0
2025-03-24,2025-03-24 15:00:00,1068.0,1068.0,1068.0,1068.0,0.0,4.0,4272.0,0
2025-03-26,2025-03-26 11:00:00,1070.8,1070.8,1070.8,1070.8,0.0,1.0,1070.8,0
2025-03-26,2025-03-26 11:10:00,1070.8,1070.8,1070.8,1070.8,0.0,1.0,1070.8,0
2025-03-26,2025-03-26 11:20:00,1070.8,1070.8,1070.8,1070.8,0.0,1.0,1070.8,0
2025-03-26,2025-03-26 11:30:00,1070.8,1070.8,1070.8,1070.8,0.0,1.0,1070.8,0
2025-03-26,2025-03-26 11:40:00,1070.8,1070.8,1070.8,1070.8,0.0,1.0,1070.8,0
2025-03-26,2025-03-26 11:50:00,1070.8,1070.8,1070.8,1070.8,0.0,1.0,1070.8,0
2025-03-26,2025-03-26 12:00:00,1070.8,1070.8,1070.8,1070.8,0.0,1.0,1070.8,0
2025-03-26,2025-03-26 12:10:00,1070.8,1070.8,1070.8,1070.8,0.0,1.0,1070.8,0
2025-03-26,2025-03-26 12:20:00,1070.8,1070.8,1070.8,1070.8,0.0,1.0,1070.8,0
2025-03-26,2025-03-26 12:30:00,1070.8,1070.8,1070.8,1070.8,0.0,1.0,1070.8,0
2025-03-26,2025-03-26 12:40:00,1070.8,1070.8,1070.8,1070.8,0.0,1.0,1070.8,0
2025-03-26,2025-03-26 12:50:00,1070.8,1070.8,1070.8,1070.8,0.0,1.0,1070.8,0
2025-03-26,2025-03-26 13:00:00,1070.8,1070.8,1070.8,1070.8,0.0,1.0,1070.8,0
2025-03-26,2025-03-26 13:10:00,1070.8,1070.8,1070.8,1070.8,0.0,1.0,1070.8,0
2025-03-26,2025-03-26 13:20:00,1070.8,1070.8,1070.8,1070.8,0.0,1.0,1070.8,0
2025-03-26,2025-03-26 13:30:00,1070.8,1070.8,1070.8,1070.8,0.0,1.0,1070.8,0
2025-03-26,2025-03-26 13:40:00,1070.8,1070.8,1070.8,1070.8,0.0,1.0,1070.8,0
2025-03-26,2025-03-26 13:50:00,1070.8,1070.8,1070.8,1070.8,0.0,1.0,1070.8,0
2025-03-26,2025-03-26 14:00:00,1070.8,1070.8,1070.8,1070.8,0.0,1.0,1070.8,0
2025-03-26,2025-03-26 14:10:00,1070.8,1070.8,1070.8,1070.8,0.0,1.0,1070.8,0
2025-03-26,2025-03-26 14:20:00,1070.8,1070.8,1070.8,1070.8,0.0,1.0,1070.8,0
2025-03-26,2025-03-26 14:30:00,1070.8,1070.8,1070.8,1070.8,0.0,1.0,1070.8,0
2025-03-26,2025-03-26 14:40:00,1070.8,1070.8,1070.8,1070.8,0.0,1.0,1070.8,0
2025-03-26,2025-03-26 14:50:00,1070.8,1070.8,1070.8,1070.8,0.0,1.0,1070.8,0
2025-03-26,2025-03-26 15:00:00,1070.8,1070.8,1070.8,1070.8,0.0,1.0,1070.8,0
2025-03-30,2025-03-30 11:00:00,1092.2,1092.2,1092.2,1092.2,0.0,1.0,1092.2,0
2025-03-30,2025-03-30 11:10:00,1092.2,1092.2,1092.2,1092.2,0.0,1.0,1092.2,0
2025-03-30,2025-03-30 11:20:00,1092.2,1092.2,1092.2,1092.2,0.0,1.0,1092.2,0
2025-03-30,2025-03-30 11:30:00,1092.2,1092.2,1092.2,1092.2,0.0,1.0,1092.2,0
2025-03-30,2025-03-30 11:40:00,1092.2,1092.2,1092.2,1092.2,0.0,1.0,1092.2,0
2025-03-30,2025-03-30 11:50:00,1092.2,1092.2,1092.2,1092.2,0.0,1.0,1092.2,0
2025-03-30,2025-03-30 12:00:00,1092.2,1092.2,1092.2,1092.2,0.0,1.0,1092.2,0
2025-03-30,2025-03-30 12:10:00,1092.2,1092.2,1092.2,1092.2,0.0,1.0,1092.2,0
2025-03-30,2025-03-30 12:20:00,1092.2,1092.2,1092.2,1092.2,0.0,1.0,1092.2,0
2025-03-30,2025-03-30 12:30:00,1092.2,1092.2,1092.2,1092.2,0.0,1.0,1092.2,0
2025-03-30,2025-03-30 12:40:00,1092.2,1092.2,1092.2,1092.2,0.0,1.0,1092.2,0
2025-03-30,2025-03-30 12:50:00,1092.2,1092.2,1092.2,1092.2,0.0,1.0,1092.2,0
2025-03-30,2025-03-30 13:00:00,1092.2,1092.2,1092.2,1092.2,0.0,1.0,1092.2,0
2025-03-30,2025-03-30 13:10:00,1092.2,1092.2,1092.2,1092.2,0.0,1.0,1092.2,0
2025-03-30,2025-03-30 13:20:00,1092.2,1092.2,1092.2,1092.2,0.0,1.0,1092.2,0
2025-03-30,2025-03-30 13:30:00,1092.2,1092.2,1092.2,1092.2,0.0,1.0,1092.2,0
2025-03-30,2025-03-30 13:40:00,1092.2,1092.2,1092.2,1092.2,0.0,1.0,1092.2,0
2025-03-30,2025-03-30 13:50:00,1092.2,1092.2,1092.2,1092.2,0.0,1.0,1092.2,0
2025-03-30,2025-03-30 14:00:00,1092.2,1092.2,1092.2,1092.2,0.0,1.0,1092.2,0
2025-03-30,2025-03-30 14:10:00,1092.2,1092.2,1092.2,1092.2,0.0,1.0,1092.2,0
2025-03-30,2025-03-30 14:20:00,1092.2,1092.2,1092.2,1092.2,0.0,1.0,1092.2,0
2025-03-30,2025-03-30 14:30:00,1092.2,1092.2,1092.2,1092.2,0.0,1.0,1092.2,0
2025-03-30,2025-03-30 14:40:00,1092.2,1092.2,1092.2,1092.2,0.0,1.0,1092.2,0
2025-03-30,2025-03-30 14:50:00,1092.2,1092.2,1092.2,1092.2,0.0,1.0,1092.2,0
2025-03-30,2025-03-30 15:00:00,1092.2,1092.2,1092.2,1092.2,0.0,1.0,1092.2,0
2025-04-03,2025-04-03 11:00:00,1092.2,1092.52,1092.2,1092.52,0.03,0.04,44.0,1
2025-04-03,2025-04-03 11:10:00,1092.52,1092.84,1092.52,1092.84,0.03,0.04,44.0,1
2025-04-03,2025-04-03 11:20:00,1092.84,1093.16,1092.84,1093.16,0.03,0.04,44.0,1
2025-04-03,2025-04-03 11:30:00,1093.16,1093.48,1093.16,1093.48,0.03,0.04,44.0,1
2025-04-03,2025-04-03 11:40:00,1093.48,1093.8,1093.48,1093.8,0.03,0.04,44.0,1
2025-04-03,2025-04-03 11:50:00,1093.8,1094.12,1093.8,1094.12,0.03,0.04,44.0,1
2025-04-03,2025-04-03 12:00:00,1094.12,1094.45,1094.12,1094.45,0.03,0.04,44.0,1
2025-04-03,2025-04-03 12:10:00,1094.45,1094.77,1094.45,1094.77,0.03,0.04,44.0,1
2025-04-03,2025-04-03 12:20:00,1094.77,1095.09,1094.77,1095.09,0.03,0.04,44.0,1
2025-04-03,2025-04-03 12:30:00,1095.09,1095.41,1095.09,1095.41,0.03,0.04,44.0,1
2025-04-03,2025-04-03 12:40:00,1095.41,1095.73,1095.41,1095.73,0.03,0.04,44.0,1
2025-04-03,2025-04-03 12:50:00,1095.73,1096.05,1095.73,1096.05,0.03,0.04,44.0,1
2025-04-03,2025-04-03 13:00:00,1096.05,1096.37,1092.2,1096.37,0.03,0.04,44.0,1
2025-04-03,2025-04-03 13:10:00,1096.37,1096.69,1096.37,1096.69,0.03,0.04,44.0,1
2025-04-03,2025-04-03 13:20:00,1096.69,1097.01,1096.69,1097.01,0.03,0.04,44.0,1
2025-04-03,2025-04-03 13:30:00,1097.01,1097.33,1097.01,1097.33,0.03,0.04,44.0,1
2025-04-03,2025-04-03 13:40:00,1097.33,1097.65,1097.33,1097.65,0.03,0.04,44.0,1
2025-04-03,2025-04-03 13:50:00,1097.65,1097.98,1097.65,1097.98,0.03,0.04,44.0,1
2025-04-03,2025-04-03 14:00:00,1097.98,1098.3,1097.98,1098.3,0.03,0.04,44.0,1
2025-04-03,2025-04-03 14:10:00,1098.3,1098.62,1098.3,1098.62,0.03,0.04,44.0,1
2025-04-03,2025-04-03 14:20:00,1098.62,1098.94,1098.62,1098.94,0.03,0.04,44.0,1
2025-04-03,2025-04-03 14:30:00,1098.94,1099.26,1098.94,1099.26,0.03,0.04,44.0,1
2025-04-03,2025-04-03 14:40:00,1099.26,1099.58,1099.26,1099.58,0.03,0.04,44.0,1
2025-04-03,2025-04-03 14:50:00,1099.58,1099.9,1099.58,1099.9,0.03,0.04,44.0,1
2025-04-03,2025-04-03 15:00:00,1099.9,1099.9,1092.2,1099.9,0.0,0.04,44.0,0
2025-04-08,2025-04-08 11:00:00,1085.4,1085.4,1085.4,1085.4,0.0,1.0,1085.4,0
2025-04-08,2025-04-08 11:10:00,1085.4,1085.4,1085.4,1085.4,0.0,1.0,1085.4,0
2025-04-08,2025-04-08 11:20:00,1085.4,1085.4,1085.4,1085.4,0.0,1.0,1085.4,0
2025-04-08,2025-04-08 11:30:00,1085.4,1085.4,1085.4,1085.4,0.0,1.0,1085.4,0
2025-04-08,2025-04-08 11:40:00,1085.4,1085.4,1085.4,1085.4,0.0,1.0,1085.4,0
2025-04-08,2025-04-08 11:50:00,1085.4,1085.4,1085.4,1085.4,0.0,1.0,1085.4,0
2025-04-08,2025-04-08 12:00:00,1085.4,1085.4,1085.4,1085.4,0.0,1.0,1085.4,0
2025-04-08,2025-04-08 12:10:00,1085.4,1085.4,1085.4,1085.4,0.0,1.0,1085.4,0
2025-04-08,2025-04-08 12:20:00,1085.4,1085.4,1085.4,1085.4,0.0,1.0,1085.4,0
2025-04-08,2025-04-08 12:30:00,1085.4,1085.4,1085.4,1085.4,0.0,1.0,1085.4,0
2025-04-08,2025-04-08 12:40:00,1085.4,1085.4,1085.4,1085.4,0.0,1.0,1085.4,0
2025-04-08,2025-04-08 12:50:00,1085.4,1085.4,1085.4,1085.4,0.0,1.0,1085.4,0
2025-04-08,2025-04-08 13:00:00,1085.4,1085.4,1085.4,1085.4,0.0,1.0,1085.4,0
2025-04-08,2025-04-08 13:10:00,1085.4,1085.4,1085.4,1085.4,0.0,1.0,1085.4,0
2025-04-08,2025-04-08 13:20:00,1085.4,1085.4,1085.4,1085.4,0.0,1.0,1085.4,0
2025-04-08,2025-04-08 13:30:00,1085.4,1085.4,1085.4,1085.4,0.0,1.0,1085.4,0
2025-04-08,2025-04-08 13:40:00,1085.4,1085.4,1085.4,1085.4,0.0,1.0,1085.4,0
2025-04-08,2025-04-08 13:50:00,1085.4,1085.4,1085.4,1085.4,0.0,1.0,1085.4,0
2025-04-08,2025-04-08 14:00:00,1085.4,1085.4,1085.4,1085.4,0.0,1.0,1085.4,0
2025-04-08,2025-04-08 14:10:00,1085.4,1085.4,1085.4,1085.4,0.0,1.0,1085.4,0
2025-04-08,2025-04-08 14:20:00,1085.4,1085.4,1085.4,1085.4,0.0,1.0,1085.4,0
2025-04-08,2025-04-08 14:30:00,1085.4,1085.4,1085.4,1085.4,0.0,1.0,1085.4,0
2025-04-08,2025-04-08 14:40:00,1085.4,1085.4,1085.4,1085.4,0.0,1.0,1085.4,0
2025-04-08,2025-04-08 14:50:00,1085.4,1085.4,1085.4,1085.4,0.0,1.0,1085.4,0
2025-04-08,2025-04-08 15:00:00,1085.4,1085.4,1085.4,1085.4,0.0,1.0,1085.4,0
2025-04-10,2025-04-10 11:00:00,1107.1,1107.1,1107.1,1107.1,0.0,1.0,1107.1,0
2025-04-10,2025-04-10 11:10:00,1107.1,1107.1,1107.1,1107.1,0.0,1.0,1107.1,0
2025-04-10,2025-04-10 11:20:00,1107.1,1107.1,1107.1,1107.1,0.0,1.0,1107.1,0
2025-04-10,2025-04-10 11:30:00,1107.1,1107.1,1107.1,1107.1,0.0,1.0,1107.1,0
2025-04-10,2025-04-10 11:40:00,1107.1,1107.1,1107.1,1107.1,0.0,1.0,1107.1,0
2025-04-10,2025-04-10 11:50:00,1107.1,1107.1,1107.1,1107.1,0.0,1.0,1107.1,0
2025-04-10,2025-04-10 12:00:00,1107.1,1107.1,1107.1,1107.1,0.0,1.0,1107.1,0
2025-04-10,2025-04-10 12:10:00,1107.1,1107.1,1107.1,1107.1,0.0,1.0,1107.1,0
2025-04-10,2025-04-10 12:20:00,1107.1,1107.1,1107.1,1107.1,0.0,1.0,1107.1,0
2025-04-10,2025-04-10 12:30:00,1107.1,1107.1,1107.1,1107.1,0.0,1.0,1107.1,0
2025-04-10,2025-04-10 12:40:00,1107.1,1107.1,1107.1,1107.1,0.0,1.0,1107.1,0
2025-04-10,2025-04-10 12:50:00,1107.1,1107.1,1107.1,1107.1,0.0,1.0,1107.1,0
2025-04-10,2025-04-10 13:00:00,1107.1,1107.1,1107.1,1107.1,0.0,1.0,1107.1,0
2025-04-10,2025-04-10 13:10:00,1107.1,1107.1,1107.1,1107.1,0.0,1.0,1107.1,0
2025-04-10,2025-04-10 13:20:00,1107.1,1107.1,1107.1,1107.1,0.0,1.0,1107.1,0
2025-04-10,2025-04-10 13:30:00,1107.1,1107.1,1107.1,1107.1,0.0,1.0,1107.1,0
2025-04-10,2025-04-10 13:40:00,1107.1,1107.1,1107.1,1107.1,0.0,1.0,1107.1,0
2025-04-10,2025-04-10 13:50:00,1107.1,1107.1,1107.1,1107.1,0.0,1.0,1107.1,0
2025-04-10,2025-04-10 14:00:00,1107.1,1107.1,1107.1,1107.1,0.0,1.0,1107.1,0
2025-04-10,2025-04-10 14:10:00,1107.1,1107.1,1107.1,1107.1,0.0,1.0,1107.1,0
2025-04-10,2025-04-10 14:20:00,1107.1,1107.1,1107.1,1107.1,0.0,1.0,1107.1,0
2025-04-10,2025-04-10 14:30:00,1107.1,1107.1,1107.1,1107.1,0.0,1.0,1107.1,0
2025-04-10,2025-04-10 14:40:00,1107.1,1107.1,1107.1,1107.1,0.0,1.0,1107.1,0
2025-04-10,2025-04-10 14:50:00,1107.1,1107.1,1107.1,1107.1,0.0,1.0,1107.1,0
2025-04-10,2025-04-10 15:00:00,1107.1,1107.1,1107.1,1107.1,0.0,1.0,1107.1,0
2025-04-16,2025-04-16 11:00:00,1100.2,1100.2,1100.2,1100.2,0.0,1.0,1100.2,0
2025-04-16,2025-04-16 11:10:00,1100.2,1100.2,1100.2,1100.2,0.0,1.0,1100.2,0
2025-04-16,2025-04-16 11:20:00,1100.2,1100.2,1100.2,1100.2,0.0,1.0,1100.2,0
2025-04-16,2025-04-16 11:30:00,1100.2,1100.2,1100.2,1100.2,0.0,1.0,1100.2,0
2025-04-16,2025-04-16 11:40:00,1100.2,1100.2,1100.2,1100.2,0.0,1.0,1100.2,0
2025-04-16,2025-04-16 11:50:00,1100.2,1100.2,1100.2,1100.2,0.0,1.0,1100.2,0
2025-04-16,2025-04-16 12:00:00,1100.2,1100.2,1100.2,1100.2,0.0,1.0,1100.2,0
2025-04-16,2025-04-16 12:10:00,1100.2,1100.2,1100.2,1100.2,0.0,1.0,1100.2,0
2025-04-16,2025-04-16 12:20:00,1100.2,1100.2,1100.2,1100.2,0.0,1.0,1100.2,0
2025-04-16,2025-04-16 12:30:00,1100.2,1100.2,1100.2,1100.2,0.0,1.0,1100.2,0
2025-04-16,2025-04-16 12:40:00,1100.2,1100.2,1100.2,1100.2,0.0,1.0,1100.2,0
2025-04-16,2025-04-16 12:50:00,1100.2,1100.2,1100.2,1100.2,0.0,1.0,1100.2,0
2025-04-16,2025-04-16 13:00:00,1100.2,1100.2,1100.2,1100.2,0.0,1.0,1100.2,0
2025-04-16,2025-04-16 13:10:00,1100.2,1100.2,1100.2,1100.2,0.0,1.0,1100.2,0
2025-04-16,2025-04-16 13:20:00,1100.2,1100.2,1100.2,1100.2,0.0,1.0,1100.2,0
2025-04-16,2025-04-16 13:30:00,1100.2,1100.2,1100.2,1100.2,0.0,1.0,1100.2,0
2025-04-16,2025-04-16 13:40:00,1100.2,1100.2,1100.2,1100.2,0.0,1.0,1100.2,0
2025-04-16,2025-04-16 13:50:00,1100.2,1100.2,1100.2,1100.2,0.0,1.0,1100.2,0
2025-04-16,2025-04-16 14:00:00,1100.2,1100.2,1100.2,1100.2,0.0,1.0,1100.2,0
2025-04-16,2025-04-16 14:10:00,1100.2,1100.2,1100.2,1100.2,0.0,1.0,1100.2,0
2025-04-16,2025-04-16 14:20:00,1100.2,1100.2,1100.2,1100.2,0.0,1.0,1100.2,0
2025-04-16,2025-04-16 14:30:00,1100.2,1100.2,1100.2,1100.2,0.0,1.0,1100.2,0
2025-04-16,2025-04-16 14:40:00,1100.2,1100.2,1100.2,1100.2,0.0,1.0,1100.2,0
2025-04-16,2025-04-16 14:50:00,1100.2,1100.2,1100.2,1100.2,0.0,1.0,1100.2,0
2025-04-16,2025-04-16 15:00:00,1100.2,1100.2,1100.2,1100.2,0.0,1.0,1100.2,0
2025-04-20,2025-04-20 11:00:00,1080.1,1080.1,1080.1,1080.1,0.0,1.0,1080.1,0
2025-04-20,2025-04-20 11:10:00,1080.1,1080.1,1080.1,1080.1,0.0,1.0,1080.1,0
2025-04-20,2025-04-20 11:20:00,1080.1,1080.1,1080.1,1080.1,0.0,1.0,1080.1,0
2025-04-20,2025-04-20 11:30:00,1080.1,1080.1,1080.1,1080.1,0.0,1.0,1080.1,0
2025-04-20,2025-04-20 11:40:00,1080.1,1080.1,1080.1,1080.1,0.0,1.0,1080.1,0
2025-04-20,2025-04-20 11:50:00,1080.1,1080.1,1080.1,1080.1,0.0,1.0,1080.1,0
2025-04-20,2025-04-20 12:00:00,1080.1,1080.1,1080.1,1080.1,0.0,1.0,1080.1,0
2025-04-20,2025-04-20 12:10:00,1080.1,1080.1,1080.1,1080.1,0.0,1.0,1080.1,0
2025-04-20,2025-04-20 12:20:00,1080.1,1080.1,1080.1,1080.1,0.0,1.0,1080.1,0
2025-04-20,2025-04-20 12:30:00,1080.1,1080.1,1080.1,1080.1,0.0,1.0,1080.1,0
2025-04-20,2025-04-20 12:40:00,1080.1,1080.1,1080.1,1080.1,0.0,1.0,1080.1,0
2025-04-20,2025-04-20 12:50:00,1080.1,1080.1,1080.1,1080.1,0.0,1.0,1080.1,0
2025-04-20,2025-04-20 13:00:00,1080.1,1080.1,1080.1,1080.1,0.0,1.0,1080.1,0
2025-04-20,2025-04-20 13:10:00,1080.1,1080.1,1080.1,1080.1,0.0,1.0,1080.1,0
2025-04-20,2025-04-20 13:20:00,1080.1,1080.1,1080.1,1080.1,0.0,1.0,1080.1,0
2025-04-20,2025-04-20 13:30:00,1080.1,1080.1,1080.1,1080.1,0.0,1.0,1080.1,0
2025-04-20,2025-04-20 13:40:00,1080.1,1080.1,1080.1,1080.1,0.0,1.0,1080.1,0
2025-04-20,2025-04-20 13:50:00,1080.1,1080.1,1080.1,1080.1,0.0,1.0,1080.1,0
2025-04-20,2025-04-20 14:00:00,1080.1,1080.1,1080.1,1080.1,0.0,1.0,1080.1,0
2025-04-20,2025-04-20 14:10:00,1080.1,1080.1,1080.1,1080.1,0.0,1.0,1080.1,0
2025-04-20,2025-04-20 14:20:00,1080.1,1080.1,1080.1,1080.1,0.0,1.0,1080.1,0
2025-04-20,2025-04-20 14:30:00,1080.1,1080.1,1080.1,1080.1,0.0,1.0,1080.1,0
2025-04-20,2025-04-20 14:40:00,1080.1,1080.1,1080.1,1080.1,0.0,1.0,1080.1,0
2025-04-20,2025-04-20 14:50:00,1080.1,1080.1,1080.1,1080.1,0.0,1.0,1080.1,0
2025-04-20,2025-04-20 15:00:00,1080.1,1080.1,1080.1,1080.1,0.0,1.0,1080.1,0
2025-04-22,2025-04-22 11:00:00,1090.1,1090.1,1090.1,1090.1,0.0,4.0,4360.4,0
2025-04-22,2025-04-22 11:10:00,1090.1,1090.1,1090.1,1090.1,0.0,4.0,4360.4,0
2025-04-22,2025-04-22 11:20:00,1090.1,1090.1,1090.1,1090.1,0.0,4.0,4360.4,0
2025-04-22,2025-04-22 11:30:00,1090.1,1090.1,1090.1,1090.1,0.0,4.0,4360.4,0
2025-04-22,2025-04-22 11:40:00,1090.1,1090.1,1090.1,1090.1,0.0,4.0,4360.4,0
2025-04-22,2025-04-22 11:50:00,1090.1,1090.1,1090.1,1090.1,0.0,4.0,4360.4,0
2025-04-22,2025-04-22 12:00:00,1090.1,1090.1,1090.1,1090.1,0.0,4.0,4360.4,0
2025-04-22,2025-04-22 12:10:00,1090.1,1090.1,1090.1,1090.1,0.0,4.0,4360.4,0
2025-04-22,2025-04-22 12:20:00,1090.1,1090.1,1090.1,1090.1,0.0,4.0,4360.4,0
2025-04-22,2025-04-22 12:30:00,1090.1,1090.1,1090.1,1090.1,0.0,4.0,4360.4,0
2025-04-22,2025-04-22 12:40:00,1090.1,1090.1,1090.1,1090.1,0.0,4.0,4360.4,0
2025-04-22,2025-04-22 12:50:00,1090.1,1090.1,1090.1,1090.1,0.0,4.0,4360.4,0
2025-04-22,2025-04-22 13:00:00,1090.1,1090.1,1090.1,1090.1,0.0,4.0,4360.4,0
2025-04-22,2025-04-22 13:10:00,1090.1,1090.1,1090.1,1090.1,0.0,4.0,4360.4,0
2025-04-22,2025-04-22 13:20:00,1090.1,1090.1,1090.1,1090.1,0.0,4.0,4360.4,0
2025-04-22,2025-04-22 13:30:00,1090.1,1090.1,1090.1,1090.1,0.0,4.0,4360.4,0
2025-04-22,2025-04-22 13:40:00,1090.1,1090.1,1090.1,1090.1,0.0,4.0,4360.4,0
2025-04-22,2025-04-22 13:50:00,1090.1,1090.1,1090.1,1090.1,0.0,4.0,4360.4,0
2025-04-22,2025-04-22 14:00:00,1090.1,1090.1,1090.1,1090.1,0.0,4.0,4360.4,0
2025-04-22,2025-04-22 14:10:00,1090.1,1090.1,1090.1,1090.1,0.0,4.0,4360.4,0
2025-04-22,2025-04-22 14:20:00,1090.1,1090.1,1090.1,1090.1,0.0,4.0,4360.4,0
2025-04-22,2025-04-22 14:30:00,1090.1,1090.1,1090.1,1090.1,0.0,4.0,4360.4,0
2025-04-22,2025-04-22 14:40:00,1090.1,1090.1,1090.1,1090.1,0.0,4.0,4360.4,0
2025-04-22,2025-04-22 14:50:00,1090.1,1090.1,1090.1,1090.1,0.0,4.0,4360.4,0
2025-04-22,2025-04-22 15:00:00,1090.1,1090.1,1090.1,1090.1,0.0,4.0,4360.4,0
2025-04-28,2025-04-28 11:00:00,1111.9,1111.9,1111.9,1111.9,0.0,6.0,6671.4,0
2025-04-28,2025-04-28 11:10:00,1111.9,1111.9,1111.9,1111.9,0.0,6.0,6671.4,0
2025-04-28,2025-04-28 11:20:00,1111.9,1111.9,1111.9,1111.9,0.0,6.0,6671.4,0
2025-04-28,2025-04-28 11:30:00,1111.9,1111.9,1111.9,1111.9,0.0,6.0,6671.4,0
2025-04-28,2025-04-28 11:40:00,1111.9,1111.9,1111.9,1111.9,0.0,6.0,6671.4,0
2025-04-28,2025-04-28 11:50:00,1111.9,1111.9,1111.9,1111.9,0.0,6.0,6671.4,0
2025-04-28,2025-04-28 12:00:00,1111.9,1111.9,1111.9,1111.9,0.0,6.0,6671.4,0
2025-04-28,2025-04-28 12:10:00,1111.9,1111.9,1111.9,1111.9,0.0,6.0,6671.4,0
2025-04-28,2025-04-28 12:20:00,1111.9,1111.9,1111.9,1111.9,0.0,6.0,6671.4,0
2025-04-28,2025-04-28 12:30:00,1111.9,1111.9,1111.9,1111.9,0.0,6.0,6671.4,0
2025-04-28,2025-04-28 12:40:00,1111.9,1111.9,1111.9,1111.9,0.0,6.0,6671.4,0
2025-04-28,2025-04-28 12:50:00,1111.9,1111.9,1111.9,1111.9,0.0,6.0,6671.4,0
2025-04-28,2025-04-28 13:00:00,1111.9,1111.9,1111.9,1111.9,0.0,6.0,6671.4,0
2025-04-28,2025-04-28 13:10:00,1111.9,1111.9,1111.9,1111.9,0.0,6.0,6671.4,0
2025-04-28,2025-04-28 13:20:00,1111.9,1111.9,1111.9,1111.9,0.0,6.0,6671.4,0
2025-04-28,2025-04-28 13:30:00,1111.9,1111.9,1111.9,1111.9,0.0,6.0,6671.4,0
2025-04-28,2025-04-28 13:40:00,1111.9,1111.9,1111.9,1111.9,0.0,6.0,6671.4,0
2025-04-28,2025-04-28 13:50:00,1111.9,1111.9,1111.9,1111.9,0.0,6.0,6671.4,0
2025-04-28,2025-04-28 14:00:00,1111.9,1111.9,1111.9,1111.9,0.0,6.0,6671.4,0
2025-04-28,2025-04-28 14:10:00,1111.9,1111.9,1111.9,1111.9,0.0,6.0,6671.4,0
2025-04-28,2025-04-28 14:20:00,1111.9,1111.9,1111.9,1111.9,0.0,6.0,6671.4,0
2025-04-28,2025-04-28 14:30:00,1111.9,1111.9,1111.9,1111.9,0.0,6.0,6671.4,0
2025-04-28,2025-04-28 14:40:00,1111.9,1111.9,1111.9,1111.9,0.0,6.0,6671.4,0
2025-04-28,2025-04-28 14:50:00,1111.9,1111.9,1111.9,1111.9,0.0,6.0,6671.4,0
2025-04-28,2025-04-28 15:00:00,1111.9,1111.9,1111.9,1111.9,0.0,6.0,6671.4,0
2025-05-04,2025-05-04 11:00:00,1110.0,1110.0,1110.0,1110.0,0.0,1.0,1110.0,0
2025-05-04,2025-05-04 11:10:00,1110.0,1110.0,1110.0,1110.0,0.0,1.0,1110.0,0
2025-05-04,2025-05-04 11:20:00,1110.0,1110.0,1110.0,1110.0,0.0,1.0,1110.0,0
2025-05-04,2025-05-04 11:30:00,1110.0,1110.0,1110.0,1110.0,0.0,1.0,1110.0,0
2025-05-04,2025-05-04 11:40:00,1110.0,1110.0,1110.0,1110.0,0.0,1.0,1110.0,0
2025-05-04,2025-05-04 11:50:00,1110.0,1110.0,1110.0,1110.0,0.0,1.0,1110.0,0
2025-05-04,2025-05-04 12:00:00,1110.0,1110.0,1110.0,1110.0,0.0,1.0,1110.0,0
2025-05-04,2025-05-04 12:10:00,1110.0,1110.0,1110.0,1110.0,0.0,1.0,1110.0,0
2025-05-04,2025-05-04 12:20:00,1110.0,1110.0,1110.0,1110.0,0.0,1.0,1110.0,0
2025-05-04,2025-05-04 12:30:00,1110.0,1110.0,1110.0,1110.0,0.0,1.0,1110.0,0
2025-05-04,2025-05-04 12:40:00,1110.0,1110.0,1110.0,1110.0,0.0,1.0,1110.0,0
2025-05-04,2025-05-04 12:50:00,1110.0,1110.0,1110.0,1110.0,0.0,1.0,1110.0,0
2025-05-04,2025-05-04 13:00:00,1110.0,1110.0,1110.0,1110.0,0.0,1.0,1110.0,0
2025-05-04,2025-05-04 13:10:00,1110.0,1110.0,1110.0,1110.0,0.0,1.0,1110.0,0
2025-05-04,2025-05-04 13:20:00,1110.0,1110.0,1110.0,1110.0,0.0,1.0,1110.0,0
2025-05-04,2025-05-04 13:30:00,1110.0,1110.0,1110.0,1110.0,0.0,1.0,1110.0,0
2025-05-04,2025-05-04 13:40:00,1110.0,1110.0,1110.0,1110.0,0.0,1.0,1110.0,0
2025-05-04,2025-05-04 13:50:00,1110.0,1110.0,1110.0,1110.0,0.0,1.0,1110.0,0
2025-05-04,2025-05-04 14:00:00,1110.0,1110.0,1110.0,1110.0,0.0,1.0,1110.0,0
2025-05-04,2025-05-04 14:10:00,1110.0,1110.0,1110.0,1110.0,0.0,1.0,1110.0,0
2025-05-04,2025-05-04 14:20:00,1110.0,1110.0,1110.0,1110.0,0.0,1.0,1110.0,0
2025-05-04,2025-05-04 14:30:00,1110.0,1110.0,1110.0,1110.0,0.0,1.0,1110.0,0
2025-05-04,2025-05-04 14:40:00,1110.0,1110.0,1110.0,1110.0,0.0,1.0,1110.0,0
2025-05-04,2025-05-04 14:50:00,1110.0,1110.0,1110.0,1110.0,0.0,1.0,1110.0,0
2025-05-04,2025-05-04 15:00:00,1110.0,1110.0,1110.0,1110.0,0.0,1.0,1110.0,0
2025-05-05,2025-05-05 11:00:00,1132.2,1132.2,1130.04,1132.11,-0.01,2.6,2935.2,-1
2025-05-05,2025-05-05 11:10:00,1132.11,1132.11,1132.02,1132.02,-0.01,2.6,2935.2,-1
2025-05-05,2025-05-05 11:20:00,1132.02,1132.02,1131.92,1131.92,-0.01,2.6,2935.2,-1
2025-05-05,2025-05-05 11:30:00,1131.92,1131.92,1131.83,1131.83,-0.01,2.6,2935.2,-1
2025-05-05,2025-05-05 11:40:00,1131.83,1131.83,1131.74,1131.74,-0.01,2.6,2935.2,-1
2025-05-05,2025-05-05 11:50:00,1131.74,1131.74,1131.65,1131.65,-0.01,2.6,2935.2,-1
2025-05-05,2025-05-05 12:00:00,1131.65,1131.65,1131.56,1131.56,-0.01,2.6,2935.2,-1
2025-05-05,2025-05-05 12:10:00,1131.56,1131.56,1131.47,1131.47,-0.01,2.6,2935.2,-1
2025-05-05,2025-05-05 12:20:00,1131.47,1131.47,1131.38,1131.38,-0.01,2.6,2935.2,-1
2025-05-05,2025-05-05 12:30:00,1131.38,1131.38,1131.28,1131.28,-0.01,2.6,2935.2,-1
2025-05-05,2025-05-05 12:40:00,1131.28,1131.28,1131.19,1131.19,-0.01,2.6,2935.2,-1
2025-05-05,2025-05-05 12:50:00,1131.19,1131.19,1131.1,1131.1,-0.01,2.6,2935.2,-1
2025-05-05,2025-05-05 13:00:00,1131.1,1132.2,1125.0,1131.01,-0.01,2.6,2935.2,-1
2025-05-05,2025-05-05 13:10:00,1131.01,1131.01,1130.92,1130.92,-0.01,2.6,2935.2,-1
2025-05-05,2025-05-05 13:20:00,1130.92,1130.92,1130.83,1130.83,-0.01,2.6,2935.2,-1
2025-05-05,2025-05-05 13:30:00,1130.83,1130.83,1130.73,1130.73,-0.01,2.6,2935.2,-1
2025-05-05,2025-05-05 13:40:00,1130.73,1130.73,1130.64,1130.64,-0.01,2.6,2935.2,-1
2025-05-05,2025-05-05 13:50:00,1130.64,1130.64,1130.55,1130.55,-0.01,2.6,2935.2,-1
2025-05-05,2025-05-05 14:00:00,1130.55,1130.55,1130.46,1130.46,-0.01,2.6,2935.2,-1
2025-05-05,2025-05-05 14:10:00,1130.46,1130.46,1130.37,1130.37,-0.01,2.6,2935.2,-1
2025-05-05,2025-05-05 14:20:00,1130.37,1130.37,1130.28,1130.28,-0.01,2.6,2935.2,-1
2025-05-05,2025-05-05 14:30:00,1130.28,1130.28,1130.18,1130.18,-0.01,2.6,2935.2,-1
2025-05-05,2025-05-05 14:40:00,1130.18,1130.18,1130.09,1130.09,-0.01,2.6,2935.2,-1
2025-05-05,2025-05-05 14:50:00,1130.09,1130.09,1130.0,1130.0,-0.01,2.6,2935.2,-1
2025-05-05,2025-05-05 15:00:00,1130.0,1132.2,1125.0,1130.0,0.0,2.6,2935.2,0
2025-05-13,2025-05-13 11:00:00,1109.1,1109.35,1109.1,1109.35,0.02,1.04,1153.7,1
2025-05-13,2025-05-13 11:10:00,1109.35,1109.6,1109.35,1109.6,0.02,1.04,1153.7,1
2025-05-13,2025-05-13 11:20:00,1109.6,1109.85,1109.6,1109.85,0.02,1.04,1153.7,1
2025-05-13,2025-05-13 11:30:00,1109.85,1110.1,1109.85,1110.1,0.02,1.04,1153.7,1
2025-05-13,2025-05-13 11:40:00,1110.1,1110.35,1110.1,1110.35,0.02,1.04,1153.7,1
2025-05-13,2025-05-13 11:50:00,1110.35,1110.6,1110.35,1110.6,0.02,1.04,1153.7,1
2025-05-13,2025-05-13 12:00:00,1110.6,1110.85,1110.6,1110.85,0.02,1.04,1153.7,1
2025-05-13,2025-05-13 12:10:00,1110.85,1111.1,1110.85,1111.1,0.02,1.04,1153.7,1
2025-05-13,2025-05-13 12:20:00,1111.1,1111.35,1111.1,1111.35,0.02,1.04,1153.7,1
2025-05-13,2025-05-13 12:30:00,1111.35,1111.6,1111.35,1111.6,0.02,1.04,1153.7,1
2025-05-13,2025-05-13 12:40:00,1111.6,1111.85,1111.6,1111.85,0.02,1.04,1153.7,1
2025-05-13,2025-05-13 12:50:00,1111.85,1112.1,1111.85,1112.1,0.02,1.04,1153.7,1
2025-05-13,2025-05-13 13:00:00,1112.1,1112.35,1109.1,1112.35,0.02,1.04,1153.7,1
2025-05-13,2025-05-13 13:10:00,1112.35,1112.6,1112.35,1112.6,0.02,1.04,1153.7,1
2025-05-13,2025-05-13 13:20:00,1112.6,1112.85,1112.6,1112.85,0.02,1.04,1153.7,1
2025-05-13,2025-05-13 13:30:00,1112.85,1113.1,1112.85,1113.1,0.02,1.04,1153.7,1
2025-05-13,2025-05-13 13:40:00,1113.1,1113.35,1113.1,1113.35,0.02,1.04,1153.7,1
2025-05-13,2025-05-13 13:50:00,1113.35,1113.6,1113.35,1113.6,0.02,1.04,1153.7,1
2025-05-13,2025-05-13 14:00:00,1113.6,1113.85,1113.6,1113.85,0.02,1.04,1153.7,1
2025-05-13,2025-05-13 14:10:00,1113.85,1114.1,1113.85,1114.1,0.02,1.04,1153.7,1
2025-05-13,2025-05-13 14:20:00,1114.1,1114.35,1114.1,1114.35,0.02,1.04,1153.7,1
2025-05-13,2025-05-13 14:30:00,1114.35,1114.6,1114.35,1114.6,0.02,1.04,1153.7,1
2025-05-13,2025-05-13 14:40:00,1114.6,1114.85,1114.6,1114.85,0.02,1.04,1153.7,1
2025-05-13,2025-05-13 14:50:00,1114.85,1115.1,1114.85,1115.1,0.02,1.04,1153.7,1
2025-05-13,2025-05-13 15:00:00,1115.1,1115.1,1109.1,1115.1,0.0,1.04,1153.7,0
2025-05-20,2025-05-20 11:00:00,1125.0,1125.0,1125.0,1125.0,0.0,1.0,1125.0,0
2025-05-20,2025-05-20 11:10:00,1125.0,1125.0,1125.0,1125.0,0.0,1.0,1125.0,0
2025-05-20,2025-05-20 11:20:00,1125.0,1125.0,1125.0,1125.0,0.0,1.0,1125.0,0
2025-05-20,2025-05-20 11:30:00,1125.0,1125.0,1125.0,1125.0,0.0,1.0,1125.0,0
2025-05-20,2025-05-20 11:40:00,1125.0,1125.0,1125.0,1125.0,0.0,1.0,1125.0,0
2025-05-20,2025-05-20 11:50:00,1125.0,1125.0,1125.0,1125.0,0.0,1.0,1125.0,0
2025-05-20,2025-05-20 12:00:00,1125.0,1125.0,1125.0,1125.0,0.0,1.0,1125.0,0
2025-05-20,2025-05-20 12:10:00,1125.0,1125.0,1125.0,1125.0,0.0,1.0,1125.0,0
2025-05-20,2025-05-20 12:20:00,1125.0,1125.0,1125.0,1125.0,0.0,1.0,1125.0,0
2025-05-20,2025-05-20 12:30:00,1125.0,1125.0,1125.0,1125.0,0.0,1.0,1125.0,0
2025-05-20,2025-05-20 12:40:00,1125.0,1125.0,1125.0,1125.0,0.0,1.0,1125.0,0
2025-05-20,2025-05-20 12:50:00,1125.0,1125.0,1125.0,1125.0,0.0,1.0,1125.0,0
2025-05-20,2025-05-20 13:00:00,1125.0,1125.0,1125.0,1125.0,0.0,1.0,1125.0,0
2025-05-20,2025-05-20 13:10:00,1125.0,1125.0,1125.0,1125.0,0.0,1.0,1125.0,0
2025-05-20,2025-05-20 13:20:00,1125.0,1125.0,1125.0,1125.0,0.0,1.0,1125.0,0
2025-05-20,2025-05-20 13:30:00,1125.0,1125.0,1125.0,1125.0,0.0,1.0,1125.0,0
2025-05-20,2025-05-20 13:40:00,1125.0,1125.0,1125.0,1125.0,0.0,1.0,1125.0,0
2025-05-20,2025-05-20 13:50:00,1125.0,1125.0,1125.0,1125.0,0.0,1.0,1125.0,0
2025-05-20,2025-05-20 14:00:00,1125.0,1125.0,1125.0,1125.0,0.0,1.0,1125.0,0
2025-05-20,2025-05-20 14:10:00,1125.0,1125.0,1125.0,1125.0,0.0,1.0,1125.0,0
2025-05-20,2025-05-20 14:20:00,1125.0,1125.0,1125.0,1125.0,0.0,1.0,1125.0,0
2025-05-20,2025-05-20 14:30:00,1125.0,1125.0,1125.0,1125.0,0.0,1.0,1125.0,0
2025-05-20,2025-05-20 14:40:00,1125.0,1125.0,1125.0,1125.0,0.0,1.0,1125.0,0
2025-05-20,2025-05-20 14:50:00,1125.0,1125.0,1125.0,1125.0,0.0,1.0,1125.0,0
2025-05-20,2025-05-20 15:00:00,1125.0,1125.0,1125.0,1125.0,0.0,1.0,1125.0,0
2025-05-26,2025-05-26 11:00:00,1125.0,1126.5,1125.0,1125.21,0.02,2.0,2259.98,1
2025-05-26,2025-05-26 11:10:00,1125.21,1125.42,1125.21,1125.42,0.02,2.0,2259.98,1
2025-05-26,2025-05-26 11:20:00,1125.42,1125.62,1125.42,1125.62,0.02,2.0,2259.98,1
2025-05-26,2025-05-26 11:30:00,1125.62,1125.83,1125.62,1125.83,0.02,2.0,2259.98,1
2025-05-26,2025-05-26 11:40:00,1125.83,1126.04,1125.83,1126.04,0.02,2.0,2259.98,1
2025-05-26,2025-05-26 11:50:00,1126.04,1126.25,1126.04,1126.25,0.02,2.0,2259.98,1
2025-05-26,2025-05-26 12:00:00,1126.25,1126.46,1126.25,1126.46,0.02,2.0,2259.98,1
2025-05-26,2025-05-26 12:10:00,1126.46,1126.66,1126.46,1126.66,0.02,2.0,2259.98,1
2025-05-26,2025-05-26 12:20:00,1126.66,1126.87,1126.66,1126.87,0.02,2.0,2259.98,1
2025-05-26,2025-05-26 12:30:00,1126.87,1127.08,1126.87,1127.08,0.02,2.0,2259.98,1
2025-05-26,2025-05-26 12:40:00,1127.08,1127.29,1127.08,1127.29,0.02,2.0,2259.98,1
2025-05-26,2025-05-26 12:50:00,1127.29,1127.49,1127.29,1127.49,0.02,2.0,2259.98,1
2025-05-26,2025-05-26 13:00:00,1127.49,1130.0,1125.0,1127.7,0.02,2.0,2259.98,1
2025-05-26,2025-05-26 13:10:00,1127.7,1127.91,1127.7,1127.91,0.02,2.0,2259.98,1
2025-05-26,2025-05-26 13:20:00,1127.91,1128.12,1127.91,1128.12,0.02,2.0,2259.98,1
2025-05-26,2025-05-26 13:30:00,1128.12,1128.33,1128.12,1128.33,0.02,2.0,2259.98,1
2025-05-26,2025-05-26 13:40:00,1128.33,1128.53,1128.33,1128.53,0.02,2.0,2259.98,1
2025-05-26,2025-05-26 13:50:00,1128.53,1128.74,1128.53,1128.74,0.02,2.0,2259.98,1
2025-05-26,2025-05-26 14:00:00,1128.74,1128.95,1128.74,1128.95,0.02,2.0,2259.98,1
2025-05-26,2025-05-26 14:10:00,1128.95,1129.16,1128.95,1129.16,0.02,2.0,2259.98,1
2025-05-26,2025-05-26 14:20:00,1129.16,1129.37,1129.16,1129.37,0.02,2.0,2259.98,1
2025-05-26,2025-05-26 14:30:00,1129.37,1129.57,1129.37,1129.57,0.02,2.0,2259.98,1
2025-05-26,2025-05-26 14:40:00,1129.57,1129.78,1129.57,1129.78,0.02,2.0,2259.98,1
2025-05-26,2025-05-26 14:50:00,1129.78,1129.99,1129.78,1129.99,0.02,2.0,2259.98,1
2025-05-26,2025-05-26 15:00:00,1129.99,1130.0,1125.0,1129.99,0.0,2.0,2259.98,0
2025-05-28,2025-05-28 11:00:00,1107.4,1107.4,1107.4,1107.4,0.0,1.0,1107.4,0
2025-05-28,2025-05-28 11:10:00,1107.4,1107.4,1107.4,1107.4,0.0,1.0,1107.4,0
2025-05-28,2025-05-28 11:20:00,1107.4,1107.4,1107.4,1107.4,0.0,1.0,1107.4,0
2025-05-28,2025-05-28 11:30:00,1107.4,1107.4,1107.4,1107.4,0.0,1.0,1107.4,0
2025-05-28,2025-05-28 11:40:00,1107.4,1107.4,1107.4,1107.4,0.0,1.0,1107.4,0
2025-05-28,2025-05-28 11:50:00,1107.4,1107.4,1107.4,1107.4,0.0,1.0,1107.4,0
2025-05-28,2025-05-28 12:00:00,1107.4,1107.4,1107.4,1107.4,0.0,1.0,1107.4,0
2025-05-28,2025-05-28 12:10:00,1107.4,1107.4,1107.4,1107.4,0.0,1.0,1107.4,0
2025-05-28,2025-05-28 12:20:00,1107.4,1107.4,1107.4,1107.4,0.0,1.0,1107.4,0
2025-05-28,2025-05-28 12:30:00,1107.4,1107.4,1107.4,1107.4,0.0,1.0,1107.4,0
2025-05-28,2025-05-28 12:40:00,1107.4,1107.4,1107.4,1107.4,0.0,1.0,1107.4,0
2025-05-28,2025-05-28 12:50:00,1107.4,1107.4,1107.4,1107.4,0.0,1.0,1107.4,0
2025-05-28,2025-05-28 13:00:00,1107.4,1107.4,1107.4,1107.4,0.0,1.0,1107.4,0
2025-05-28,2025-05-28 13:10:00,1107.4,1107.4,1107.4,1107.4,0.0,1.0,1107.4,0
2025-05-28,2025-05-28 13:20:00,1107.4,1107.4,1107.4,1107.4,0.0,1.0,1107.4,0
2025-05-28,2025-05-28 13:30:00,1107.4,1107.4,1107.4,1107.4,0.0,1.0,1107.4,0
2025-05-28,2025-05-28 13:40:00,1107.4,1107.4,1107.4,1107.4,0.0,1.0,1107.4,0
2025-05-28,2025-05-28 13:50:00,1107.4,1107.4,1107.4,1107.4,0.0,1.0,1107.4,0
2025-05-28,2025-05-28 14:00:00,1107.4,1107.4,1107.4,1107.4,0.0,1.0,1107.4,0
2025-05-28,2025-05-28 14:10:00,1107.4,1107.4,1107.4,1107.4,0.0,1.0,1107.4,0
2025-05-28,2025-05-28 14:20:00,1107.4,1107.4,1107.4,1107.4,0.0,1.0,1107.4,0
2025-05-28,2025-05-28 14:30:00,1107.4,1107.4,1107.4,1107.4,0.0,1.0,1107.4,0
2025-05-28,2025-05-28 14:40:00,1107.4,1107.4,1107.4,1107.4,0.0,1.0,1107.4,0
2025-05-28,2025-05-28 14:50:00,1107.4,1107.4,1107.4,1107.4,0.0,1.0,1107.4,0
2025-05-28,2025-05-28 15:00:00,1107.4,1107.4,1107.4,1107.4,0.0,1.0,1107.4,0
2025-06-11,2025-06-11 11:00:00,1125.0,1125.0,1125.0,1125.0,0.0,1.0,1125.0,0
2025-06-11,2025-06-11 11:10:00,1125.0,1125.0,1125.0,1125.0,0.0,1.0,1125.0,0
2025-06-11,2025-06-11 11:20:00,1125.0,1125.0,1125.0,1125.0,0.0,1.0,1125.0,0
2025-06-11,2025-06-11 11:30:00,1125.0,1125.0,1125.0,1125.0,0.0,1.0,1125.0,0
2025-06-11,2025-06-11 11:40:00,1125.0,1125.0,1125.0,1125.0,0.0,1.0,1125.0,0
2025-06-11,2025-06-11 11:50:00,1125.0,1125.0,1125.0,1125.0,0.0,1.0,1125.0,0
2025-06-11,2025-06-11 12:00:00,1125.0,1125.0,1125.0,1125.0,0.0,1.0,1125.0,0
2025-06-11,2025-06-11 12:10:00,1125.0,1125.0,1125.0,1125.0,0.0,1.0,1125.0,0
2025-06-11,2025-06-11 12:20:00,1125.0,1125.0,1125.0,1125.0,0.0,1.0,1125.0,0
2025-06-11,2025-06-11 12:30:00,1125.0,1125.0,1125.0,1125.0,0.0,1.0,1125.0,0
2025-06-11,2025-06-11 12:40:00,1125.0,1125.0,1125.0,1125.0,0.0,1.0,1125.0,0
2025-06-11,2025-06-11 12:50:00,1125.0,1125.0,1125.0,1125.0,0.0,1.0,1125.0,0
2025-06-11,2025-06-11 13:00:00,1125.0,1125.0,1125.0,1125.0,0.0,1.0,1125.0,0
2025-06-11,2025-06-11 13:10:00,1125.0,1125.0,1125.0,1125.0,0.0,1.0,1125.0,0
2025-06-11,2025-06-11 13:20:00,1125.0,1125.0,1125.0,1125.0,0.0,1.0,1125.0,0
2025-06-11,2025-06-11 13:30:00,1125.0,1125.0,1125.0,1125.0,0.0,1.0,1125.0,0
2025-06-11,2025-06-11 13:40:00,1125.0,1125.0,1125.0,1125.0,0.0,1.0,1125.0,0
2025-06-11,2025-06-11 13:50:00,1125.0,1125.0,1125.0,1125.0,0.0,1.0,1125.0,0
2025-06-11,2025-06-11 14:00:00,1125.0,1125.0,1125.0,1125.0,0.0,1.0,1125.0,0
2025-06-11,2025-06-11 14:10:00,1125.0,1125.0,1125.0,1125.0,0.0,1.0,1125.0,0
2025-06-11,2025-06-11 14:20:00,1125.0,1125.0,1125.0,1125.0,0.0,1.0,1125.0,0
2025-06-11,2025-06-11 14:30:00,1125.0,1125.0,1125.0,1125.0,0.0,1.0,1125.0,0
2025-06-11,2025-06-11 14:40:00,1125.0,1125.0,1125.0,1125.0,0.0,1.0,1125.0,0
2025-06-11,2025-06-11 14:50:00,1125.0,1125.0,1125.0,1125.0,0.0,1.0,1125.0,0
2025-06-11,2025-06-11 15:00:00,1125.0,1125.0,1125.0,1125.0,0.0,1.0,1125.0,0
2025-06-24,2025-06-24 11:00:00,1120.0,1120.0,1120.0,1120.0,0.0,1.0,1120.0,0
2025-06-24,2025-06-24 11:10:00,1120.0,1120.0,1120.0,1120.0,0.0,1.0,1120.0,0
2025-06-24,2025-06-24 11:20:00,1120.0,1120.0,1120.0,1120.0,0.0,1.0,1120.0,0
2025-06-24,2025-06-24 11:30:00,1120.0,1120.0,1120.0,1120.0,0.0,1.0,1120.0,0
2025-06-24,2025-06-24 11:40:00,1120.0,1120.0,1120.0,1120.0,0.0,1.0,1120.0,0
2025-06-24,2025-06-24 11:50:00,1120.0,1120.0,1120.0,1120.0,0.0,1.0,1120.0,0
2025-06-24,2025-06-24 12:00:00,1120.0,1120.0,1120.0,1120.0,0.0,1.0,1120.0,0
2025-06-24,2025-06-24 12:10:00,1120.0,1120.0,1120.0,1120.0,0.0,1.0,1120.0,0
2025-06-24,2025-06-24 12:20:00,1120.0,1120.0,1120.0,1120.0,0.0,1.0,1120.0,0
2025-06-24,2025-06-24 12:30:00,1120.0,1120.0,1120.0,1120.0,0.0,1.0,1120.0,0
2025-06-24,2025-06-24 12:40:00,1120.0,1120.0,1120.0,1120.0,0.0,1.0,1120.0,0
2025-06-24,2025-06-24 12:50:00,1120.0,1120.0,1120.0,1120.0,0.0,1.0,1120.0,0
2025-06-24,2025-06-24 13:00:00,1120.0,1120.0,1120.0,1120.0,0.0,1.0,1120.0,0
2025-06-24,2025-06-24 13:10:00,1120.0,1120.0,1120.0,1120.0,0.0,1.0,1120.0,0
2025-06-24,2025-06-24 13:20:00,1120.0,1120.0,1120.0,1120.0,0.0,1.0,1120.0,0
2025-06-24,2025-06-24 13:30:00,1120.0,1120.0,1120.0,1120.0,0.0,1.0,1120.0,0
2025-06-24,2025-06-24 13:40:00,1120.0,1120.0,1120.0,1120.0,0.0,1.0,1120.0,0
2025-06-24,2025-06-24 13:50:00,1120.0,1120.0,1120.0,1120.0,0.0,1.0,1120.0,0
2025-06-24,2025-06-24 14:00:00,1120.0,1120.0,1120.0,1120.0,0.0,1.0,1120.0,0
2025-06-24,2025-06-24 14:10:00,1120.0,1120.0,1120.0,1120.0,0.0,1.0,1120.0,0
2025-06-24,2025-06-24 14:20:00,1120.0,1120.0,1120.0,1120.0,0.0,1.0,1120.0,0
2025-06-24,2025-06-24 14:30:00,1120.0,1120.0,1120.0,1120.0,0.0,1.0,1120.0,0
2025-06-24,2025-06-24 14:40:00,1120.0,1120.0,1120.0,1120.0,0.0,1.0,1120.0,0
2025-06-24,2025-06-24 14:50:00,1120.0,1120.0,1120.0,1120.0,0.0,1.0,1120.0,0
2025-06-24,2025-06-24 15:00:00,1120.0,1120.0,1120.0,1120.0,0.0,1.0,1120.0,0
2025-06-25,2025-06-25 11:00:00,1100.6,1100.6,1100.6,1100.6,0.0,1.0,1100.6,0
2025-06-25,2025-06-25 11:10:00,1100.6,1100.6,1100.6,1100.6,0.0,1.0,1100.6,0
2025-06-25,2025-06-25 11:20:00,1100.6,1100.6,1100.6,1100.6,0.0,1.0,1100.6,0
2025-06-25,2025-06-25 11:30:00,1100.6,1100.6,1100.6,1100.6,0.0,1.0,1100.6,0
2025-06-25,2025-06-25 11:40:00,1100.6,1100.6,1100.6,1100.6,0.0,1.0,1100.6,0
2025-06-25,2025-06-25 11:50:00,1100.6,1100.6,1100.6,1100.6,0.0,1.0,1100.6,0
2025-06-25,2025-06-25 12:00:00,1100.6,1100.6,1100.6,1100.6,0.0,1.0,1100.6,0
2025-06-25,2025-06-25 12:10:00,1100.6,1100.6,1100.6,1100.6,0.0,1.0,1100.6,0
2025-06-25,2025-06-25 12:20:00,1100.6,1100.6,1100.6,1100.6,0.0,1.0,1100.6,0
2025-06-25,2025-06-25 12:30:00,1100.6,1100.6,1100.6,1100.6,0.0,1.0,1100.6,0
2025-06-25,2025-06-25 12:40:00,1100.6,1100.6,1100.6,1100.6,0.0,1.0,1100.6,0
2025-06-25,2025-06-25 12:50:00,1100.6,1100.6,1100.6,1100.6,0.0,1.0,1100.6,0
2025-06-25,2025-06-25 13:00:00,1100.6,1100.6,1100.6,1100.6,0.0,1.0,1100.6,0
2025-06-25,2025-06-25 13:10:00,1100.6,1100.6,1100.6,1100.6,0.0,1.0,1100.6,0
2025-06-25,2025-06-25 13:20:00,1100.6,1100.6,1100.6,1100.6,0.0,1.0,1100.6,0
2025-06-25,2025-06-25 13:30:00,1100.6,1100.6,1100.6,1100.6,0.0,1.0,1100.6,0
2025-06-25,2025-06-25 13:40:00,1100.6,1100.6,1100.6,1100.6,0.0,1.0,1100.6,0
2025-06-25,2025-06-25 13:50:00,1100.6,1100.6,1100.6,1100.6,0.0,1.0,1100.6,0
2025-06-25,2025-06-25 14:00:00,1100.6,1100.6,1100.6,1100.6,0.0,1.0,1100.6,0
2025-06-25,2025-06-25 14:10:00,1100.6,1100.6,1100.6,1100.6,0.0,1.0,1100.6,0
2025-06-25,2025-06-25 14:20:00,1100.6,1100.6,1100.6,1100.6,0.0,1.0,1100.6,0
2025-06-25,2025-06-25 14:30:00,1100.6,1100.6,1100.6,1100.6,0.0,1.0,1100.6,0
2025-06-25,2025-06-25 14:40:00,1100.6,1100.6,1100.6,1100.6,0.0,1.0,1100.6,0
2025-06-25,2025-06-25 14:50:00,1100.6,1100.6,1100.6,1100.6,0.0,1.0,1100.6,0
2025-06-25,2025-06-25 15:00:00,1100.6,1100.6,1100.6,1100.6,0.0,1.0,1100.6,0
2025-07-01,2025-07-01 11:00:00,1090.4,1090.4,1090.28,1090.38,-0.0,1.2,1308.16,-1
2025-07-01,2025-07-01 11:10:00,1090.38,1090.38,1090.37,1090.37,-0.0,1.2,1308.16,-1
2025-07-01,2025-07-01 11:20:00,1090.37,1090.37,1090.35,1090.35,-0.0,1.2,1308.16,-1
2025-07-01,2025-07-01 11:30:00,1090.35,1090.35,1090.33,1090.33,-0.0,1.2,1308.16,-1
2025-07-01,2025-07-01 11:40:00,1090.33,1090.33,1090.32,1090.32,-0.0,1.2,1308.16,-1
2025-07-01,2025-07-01 11:50:00,1090.32,1090.32,1090.3,1090.3,-0.0,1.2,1308.16,-1
2025-07-01,2025-07-01 12:00:00,1090.3,1090.3,1090.28,1090.28,-0.0,1.2,1308.16,-1
2025-07-01,2025-07-01 12:10:00,1090.28,1090.28,1090.27,1090.27,-0.0,1.2,1308.16,-1
2025-07-01,2025-07-01 12:20:00,1090.27,1090.27,1090.25,1090.25,-0.0,1.2,1308.16,-1
2025-07-01,2025-07-01 12:30:00,1090.25,1090.25,1090.23,1090.23,-0.0,1.2,1308.16,-1
2025-07-01,2025-07-01 12:40:00,1090.23,1090.23,1090.22,1090.22,-0.0,1.2,1308.16,-1
2025-07-01,2025-07-01 12:50:00,1090.22,1090.22,1090.2,1090.2,-0.0,1.2,1308.16,-1
2025-07-01,2025-07-01 13:00:00,1090.2,1090.4,1090.0,1090.18,-0.0,1.2,1308.16,-1
2025-07-01,2025-07-01 13:10:00,1090.18,1090.18,1090.17,1090.17,-0.0,1.2,1308.16,-1
2025-07-01,2025-07-01 13:20:00,1090.17,1090.17,1090.15,1090.15,-0.0,1.2,1308.16,-1
2025-07-01,2025-07-01 13:30:00,1090.15,1090.15,1090.13,1090.13,-0.0,1.2,1308.16,-1
2025-07-01,2025-07-01 13:40:00,1090.13,1090.13,1090.12,1090.12,-0.0,1.2,1308.16,-1
2025-07-01,2025-07-01 13:50:00,1090.12,1090.12,1090.1,1090.1,-0.0,1.2,1308.16,-1
2025-07-01,2025-07-01 14:00:00,1090.1,1090.1,1090.08,1090.08,-0.0,1.2,1308.16,-1
2025-07-01,2025-07-01 14:10:00,1090.08,1090.08,1090.07,1090.07,-0.0,1.2,1308.16,-1
2025-07-01,2025-07-01 14:20:00,1090.07,1090.07,1090.05,1090.05,-0.0,1.2,1308.16,-1
2025-07-01,2025-07-01 14:30:00,1090.05,1090.05,1090.03,1090.03,-0.0,1.2,1308.16,-1
2025-07-01,2025-07-01 14:40:00,1090.03,1090.03,1090.02,1090.02,-0.0,1.2,1308.16,-1
2025-07-01,2025-07-01 14:50:00,1090.02,1090.02,1090.0,1090.0,-0.0,1.2,1308.16,-1
2025-07-01,2025-07-01 15:00:00,1090.0,1090.4,1090.0,1090.0,0.0,1.2,1308.16,0
2025-07-06,2025-07-06 11:00:00,1090.9,1092.37,1090.9,1091.1,0.02,3.2,3501.64,1
2025-07-06,2025-07-06 11:10:00,1091.1,1091.31,1091.1,1091.31,0.02,3.2,3501.64,1
2025-07-06,2025-07-06 11:20:00,1091.31,1091.51,1091.31,1091.51,0.02,3.2,3501.64,1
2025-07-06,2025-07-06 11:30:00,1091.51,1091.72,1091.51,1091.72,0.02,3.2,3501.64,1
2025-07-06,2025-07-06 11:40:00,1091.72,1091.92,1091.72,1091.92,0.02,3.2,3501.64,1
2025-07-06,2025-07-06 11:50:00,1091.92,1092.12,1091.92,1092.12,0.02,3.2,3501.64,1
2025-07-06,2025-07-06 12:00:00,1092.12,1092.33,1092.12,1092.33,0.02,3.2,3501.64,1
2025-07-06,2025-07-06 12:10:00,1092.33,1092.53,1092.33,1092.53,0.02,3.2,3501.64,1
2025-07-06,2025-07-06 12:20:00,1092.53,1092.73,1092.53,1092.73,0.02,3.2,3501.64,1
2025-07-06,2025-07-06 12:30:00,1092.73,1092.94,1092.73,1092.94,0.02,3.2,3501.64,1
2025-07-06,2025-07-06 12:40:00,1092.94,1093.14,1092.94,1093.14,0.02,3.2,3501.64,1
2025-07-06,2025-07-06 12:50:00,1093.14,1093.35,1093.14,1093.35,0.02,3.2,3501.64,1
2025-07-06,2025-07-06 13:00:00,1093.35,1095.8,1090.9,1093.55,0.02,3.2,3501.64,1
2025-07-06,2025-07-06 13:10:00,1093.55,1093.75,1093.55,1093.75,0.02,3.2,3501.64,1
2025-07-06,2025-07-06 13:20:00,1093.75,1093.96,1093.75,1093.96,0.02,3.2,3501.64,1
2025-07-06,2025-07-06 13:30:00,1093.96,1094.16,1093.96,1094.16,0.02,3.2,3501.64,1
2025-07-06,2025-07-06 13:40:00,1094.16,1094.36,1094.16,1094.36,0.02,3.2,3501.64,1
2025-07-06,2025-07-06 13:50:00,1094.36,1094.57,1094.36,1094.57,0.02,3.2,3501.64,1
2025-07-06,2025-07-06 14:00:00,1094.57,1094.77,1094.57,1094.77,0.02,3.2,3501.64,1
2025-07-06,2025-07-06 14:10:00,1094.77,1094.97,1094.77,1094.97,0.02,3.2,3501.64,1
2025-07-06,2025-07-06 14:20:00,1094.97,1095.18,1094.97,1095.18,0.02,3.2,3501.64,1
2025-07-06,2025-07-06 14:30:00,1095.18,1095.38,1095.18,1095.38,0.02,3.2,3501.64,1
2025-07-06,2025-07-06 14:40:00,1095.38,1095.59,1095.38,1095.59,0.02,3.2,3501.64,1
2025-07-06,2025-07-06 14:50:00,1095.59,1095.79,1095.59,1095.79,0.02,3.2,3501.64,1
2025-07-06,2025-07-06 15:00:00,1095.79,1095.8,1090.9,1095.79,0.0,3.2,3501.64,0
2025-07-08,2025-07-08 11:00:00,1117.0,1117.0,1117.0,1117.0,0.0,0.4,446.8,0
2025-07-08,2025-07-08 11:10:00,1117.0,1117.0,1117.0,1117.0,0.0,0.4,446.8,0
2025-07-08,2025-07-08 11:20:00,1117.0,1117.0,1117.0,1117.0,0.0,0.4,446.8,0
2025-07-08,2025-07-08 11:30:00,1117.0,1117.0,1117.0,1117.0,0.0,0.4,446.8,0
2025-07-08,2025-07-08 11:40:00,1117.0,1117.0,1117.0,1117.0,0.0,0.4,446.8,0
2025-07-08,2025-07-08 11:50:00,1117.0,1117.0,1117.0,1117.0,0.0,0.4,446.8,0
2025-07-08,2025-07-08 12:00:00,1117.0,1117.0,1117.0,1117.0,0.0,0.4,446.8,0
2025-07-08,2025-07-08 12:10:00,1117.0,1117.0,1117.0,1117.0,0.0,0.4,446.8,0
2025-07-08,2025-07-08 12:20:00,1117.0,1117.0,1117.0,1117.0,0.0,0.4,446.8,0
2025-07-08,2025-07-08 12:30:00,1117.0,1117.0,1117.0,1117.0,0.0,0.4,446.8,0
2025-07-08,2025-07-08 12:40:00,1117.0,1117.0,1117.0,1117.0,0.0,0.4,446.8,0
2025-07-08,2025-07-08 12:50:00,1117.0,1117.0,1117.0,1117.0,0.0,0.4,446.8,0
2025-07-08,2025-07-08 13:00:00,1117.0,1117.0,1117.0,1117.0,0.0,0.4,446.8,0
2025-07-08,2025-07-08 13:10:00,1117.0,1117.0,1117.0,1117.0,0.0,0.4,446.8,0
2025-07-08,2025-07-08 13:20:00,1117.0,1117.0,1117.0,1117.0,0.0,0.4,446.8,0
2025-07-08,2025-07-08 13:30:00,1117.0,1117.0,1117.0,1117.0,0.0,0.4,446.8,0
2025-07-08,2025-07-08 13:40:00,1117.0,1117.0,1117.0,1117.0,0.0,0.4,446.8,0
2025-07-08,2025-07-08 13:50:00,1117.0,1117.0,1117.0,1117.0,0.0,0.4,446.8,0
2025-07-08,2025-07-08 14:00:00,1117.0,1117.0,1117.0,1117.0,0.0,0.4,446.8,0
2025-07-08,2025-07-08 14:10:00,1117.0,1117.0,1117.0,1117.0,0.0,0.4,446.8,0
2025-07-08,2025-07-08 14:20:00,1117.0,1117.0,1117.0,1117.0,0.0,0.4,446.8,0
2025-07-08,2025-07-08 14:30:00,1117.0,1117.0,1117.0,1117.0,0.0,0.4,446.8,0
2025-07-08,2025-07-08 14:40:00,1117.0,1117.0,1117.0,1117.0,0.0,0.4,446.8,0
2025-07-08,2025-07-08 14:50:00,1117.0,1117.0,1117.0,1117.0,0.0,0.4,446.8,0
2025-07-08,2025-07-08 15:00:00,1117.0,1117.0,1117.0,1117.0,0.0,0.4,446.8,0
2025-07-09,2025-07-09 11:00:00,1115.0,1115.0,1115.0,1115.0,0.0,1.0,1115.0,0
2025-07-09,2025-07-09 11:10:00,1115.0,1115.0,1115.0,1115.0,0.0,1.0,1115.0,0
2025-07-09,2025-07-09 11:20:00,1115.0,1115.0,1115.0,1115.0,0.0,1.0,1115.0,0
2025-07-09,2025-07-09 11:30:00,1115.0,1115.0,1115.0,1115.0,0.0,1.0,1115.0,0
2025-07-09,2025-07-09 11:40:00,1115.0,1115.0,1115.0,1115.0,0.0,1.0,1115.0,0
2025-07-09,2025-07-09 11:50:00,1115.0,1115.0,1115.0,1115.0,0.0,1.0,1115.0,0
2025-07-09,2025-07-09 12:00:00,1115.0,1115.0,1115.0,1115.0,0.0,1.0,1115.0,0
2025-07-09,2025-07-09 12:10:00,1115.0,1115.0,1115.0,1115.0,0.0,1.0,1115.0,0
2025-07-09,2025-07-09 12:20:00,1115.0,1115.0,1115.0,1115.0,0.0,1.0,1115.0,0
2025-07-09,2025-07-09 12:30:00,1115.0,1115.0,1115.0,1115.0,0.0,1.0,1115.0,0
2025-07-09,2025-07-09 12:40:00,1115.0,1115.0,1115.0,1115.0,0.0,1.0,1115.0,0
2025-07-09,2025-07-09 12:50:00,1115.0,1115.0,1115.0,1115.0,0.0,1.0,1115.0,0
2025-07-09,2025-07-09 13:00:00,1115.0,1115.0,1115.0,1115.0,0.0,1.0,1115.0,0
2025-07-09,2025-07-09 13:10:00,1115.0,1115.0,1115.0,1115.0,0.0,1.0,1115.0,0
2025-07-09,2025-07-09 13:20:00,1115.0,1115.0,1115.0,1115.0,0.0,1.0,1115.0,0
2025-07-09,2025-07-09 13:30:00,1115.0,1115.0,1115.0,1115.0,0.0,1.0,1115.0,0
2025-07-09,2025-07-09 13:40:00,1115.0,1115.0,1115.0,1115.0,0.0,1.0,1115.0,0
2025-07-09,2025-07-09 13:50:00,1115.0,1115.0,1115.0,1115.0,0.0,1.0,1115.0,0
2025-07-09,2025-07-09 14:00:00,1115.0,1115.0,1115.0,1115.0,0.0,1.0,1115.0,0
2025-07-09,2025-07-09 14:10:00,1115.0,1115.0,1115.0,1115.0,0.0,1.0,1115.0,0
2025-07-09,2025-07-09 14:20:00,1115.0,1115.0,1115.0,1115.0,0.0,1.0,1115.0,0
2025-07-09,2025-07-09 14:30:00,1115.0,1115.0,1115.0,1115.0,0.0,1.0,1115.0,0
2025-07-09,2025-07-09 14:40:00,1115.0,1115.0,1115.0,1115.0,0.0,1.0,1115.0,0
2025-07-09,2025-07-09 14:50:00,1115.0,1115.0,1115.0,1115.0,0.0,1.0,1115.0,0
2025-07-09,2025-07-09 15:00:00,1115.0,1115.0,1115.0,1115.0,0.0,1.0,1115.0,0
2025-07-10,2025-07-10 11:00:00,1137.3,1137.3,1137.3,1137.3,0.0,1.0,1137.3,0
2025-07-10,2025-07-10 11:10:00,1137.3,1137.3,1137.3,1137.3,0.0,1.0,1137.3,0
2025-07-10,2025-07-10 11:20:00,1137.3,1137.3,1137.3,1137.3,0.0,1.0,1137.3,0
2025-07-10,2025-07-10 11:30:00,1137.3,1137.3,1137.3,1137.3,0.0,1.0,1137.3,0
2025-07-10,2025-07-10 11:40:00,1137.3,1137.3,1137.3,1137.3,0.0,1.0,1137.3,0
2025-07-10,2025-07-10 11:50:00,1137.3,1137.3,1137.3,1137.3,0.0,1.0,1137.3,0
2025-07-10,2025-07-10 12:00:00,1137.3,1137.3,1137.3,1137.3,0.0,1.0,1137.3,0
2025-07-10,2025-07-10 12:10:00,1137.3,1137.3,1137.3,1137.3,0.0,1.0,1137.3,0
2025-07-10,2025-07-10 12:20:00,1137.3,1137.3,1137.3,1137.3,0.0,1.0,1137.3,0
2025-07-10,2025-07-10 12:30:00,1137.3,1137.3,1137.3,1137.3,0.0,1.0,1137.3,0
2025-07-10,2025-07-10 12:40:00,1137.3,1137.3,1137.3,1137.3,0.0,1.0,1137.3,0
2025-07-10,2025-07-10 12:50:00,1137.3,1137.3,1137.3,1137.3,0.0,1.0,1137.3,0
2025-07-10,2025-07-10 13:00:00,1137.3,1137.3,1137.3,1137.3,0.0,1.0,1137.3,0
2025-07-10,2025-07-10 13:10:00,1137.3,1137.3,1137.3,1137.3,0.0,1.0,1137.3,0
2025-07-10,2025-07-10 13:20:00,1137.3,1137.3,1137.3,1137.3,0.0,1.0,1137.3,0
2025-07-10,2025-07-10 13:30:00,1137.3,1137.3,1137.3,1137.3,0.0,1.0,1137.3,0
2025-07-10,2025-07-10 13:40:00,1137.3,1137.3,1137.3,1137.3,0.0,1.0,1137.3,0
2025-07-10,2025-07-10 13:50:00,1137.3,1137.3,1137.3,1137.3,0.0,1.0,1137.3,0
2025-07-10,2025-07-10 14:00:00,1137.3,1137.3,1137.3,1137.3,0.0,1.0,1137.3,0
2025-07-10,2025-07-10 14:10:00,1137.3,1137.3,1137.3,1137.3,0.0,1.0,1137.3,0
2025-07-10,2025-07-10 14:20:00,1137.3,1137.3,1137.3,1137.3,0.0,1.0,1137.3,0
2025-07-10,2025-07-10 14:30:00,1137.3,1137.3,1137.3,1137.3,0.0,1.0,1137.3,0
2025-07-10,2025-07-10 14:40:00,1137.3,1137.3,1137.3,1137.3,0.0,1.0,1137.3,0
2025-07-10,2025-07-10 14:50:00,1137.3,1137.3,1137.3,1137.3,0.0,1.0,1137.3,0
2025-07-10,2025-07-10 15:00:00,1137.3,1137.3,1137.3,1137.3,0.0,1.0,1137.3,0
2025-07-13,2025-07-13 11:00:00,1135.0,1135.0,1135.0,1135.0,0.0,1.6,1816.0,0
2025-07-13,2025-07-13 11:10:00,1135.0,1135.0,1135.0,1135.0,0.0,1.6,1816.0,0
2025-07-13,2025-07-13 11:20:00,1135.0,1135.0,1135.0,1135.0,0.0,1.6,1816.0,0
2025-07-13,2025-07-13 11:30:00,1135.0,1135.0,1135.0,1135.0,0.0,1.6,1816.0,0
2025-07-13,2025-07-13 11:40:00,1135.0,1135.0,1135.0,1135.0,0.0,1.6,1816.0,0
2025-07-13,2025-07-13 11:50:00,1135.0,1135.0,1135.0,1135.0,0.0,1.6,1816.0,0
2025-07-13,2025-07-13 12:00:00,1135.0,1135.0,1135.0,1135.0,0.0,1.6,1816.0,0
2025-07-13,2025-07-13 12:10:00,1135.0,1135.0,1135.0,1135.0,0.0,1.6,1816.0,0
2025-07-13,2025-07-13 12:20:00,1135.0,1135.0,1135.0,1135.0,0.0,1.6,1816.0,0
2025-07-13,2025-07-13 12:30:00,1135.0,1135.0,1135.0,1135.0,0.0,1.6,1816.0,0
2025-07-13,2025-07-13 12:40:00,1135.0,1135.0,1135.0,1135.0,0.0,1.6,1816.0,0
2025-07-13,2025-07-13 12:50:00,1135.0,1135.0,1135.0,1135.0,0.0,1.6,1816.0,0
2025-07-13,2025-07-13 13:00:00,1135.0,1135.0,1135.0,1135.0,0.0,1.6,1816.0,0
2025-07-13,2025-07-13 13:10:00,1135.0,1135.0,1135.0,1135.0,0.0,1.6,1816.0,0
2025-07-13,2025-07-13 13:20:00,1135.0,1135.0,1135.0,1135.0,0.0,1.6,1816.0,0
2025-07-13,2025-07-13 13:30:00,1135.0,1135.0,1135.0,1135.0,0.0,1.6,1816.0,0
2025-07-13,2025-07-13 13:40:00,1135.0,1135.0,1135.0,1135.0,0.0,1.6,1816.0,0
2025-07-13,2025-07-13 13:50:00,1135.0,1135.0,1135.0,1135.0,0.0,1.6,1816.0,0
2025-07-13,2025-07-13 14:00:00,1135.0,1135.0,1135.0,1135.0,0.0,1.6,1816.0,0
2025-07-13,2025-07-13 14:10:00,1135.0,1135.0,1135.0,1135.0,0.0,1.6,1816.0,0
2025-07-13,2025-07-13 14:20:00,1135.0,1135.0,1135.0,1135.0,0.0,1.6,1816.0,0
2025-07-13,2025-07-13 14:30:00,1135.0,1135.0,1135.0,1135.0,0.0,1.6,1816.0,0
2025-07-13,2025-07-13 14:40:00,1135.0,1135.0,1135.0,1135.0,0.0,1.6,1816.0,0
2025-07-13,2025-07-13 14:50:00,1135.0,1135.0,1135.0,1135.0,0.0,1.6,1816.0,0
2025-07-13,2025-07-13 15:00:00,1135.0,1135.0,1135.0,1135.0,0.0,1.6,1816.0,0
2025-07-15,2025-07-15 11:00:00,1135.0,1135.0,1135.0,1135.0,0.0,1.6,1816.0,0
2025-07-15,2025-07-15 11:10:00,1135.0,1135.0,1135.0,1135.0,0.0,1.6,1816.0,0
2025-07-15,2025-07-15 11:20:00,1135.0,1135.0,1135.0,1135.0,0.0,1.6,1816.0,0
2025-07-15,2025-07-15 11:30:00,1135.0,1135.0,1135.0,1135.0,0.0,1.6,1816.0,0
2025-07-15,2025-07-15 11:40:00,1135.0,1135.0,1135.0,1135.0,0.0,1.6,1816.0,0
2025-07-15,2025-07-15 11:50:00,1135.0,1135.0,1135.0,1135.0,0.0,1.6,1816.0,0
2025-07-15,2025-07-15 12:00:00,1135.0,1135.0,1135.0,1135.0,0.0,1.6,1816.0,0
2025-07-15,2025-07-15 12:10:00,1135.0,1135.0,1135.0,1135.0,0.0,1.6,1816.0,0
2025-07-15,2025-07-15 12:20:00,1135.0,1135.0,1135.0,1135.0,0.0,1.6,1816.0,0
2025-07-15,2025-07-15 12:30:00,1135.0,1135.0,1135.0,1135.0,0.0,1.6,1816.0,0
2025-07-15,2025-07-15 12:40:00,1135.0,1135.0,1135.0,1135.0,0.0,1.6,1816.0,0
2025-07-15,2025-07-15 12:50:00,1135.0,1135.0,1135.0,1135.0,0.0,1.6,1816.0,0
2025-07-15,2025-07-15 13:00:00,1135.0,1135.0,1135.0,1135.0,0.0,1.6,1816.0,0
2025-07-15,2025-07-15 13:10:00,1135.0,1135.0,1135.0,1135.0,0.0,1.6,1816.0,0
2025-07-15,2025-07-15 13:20:00,1135.0,1135.0,1135.0,1135.0,0.0,1.6,1816.0,0
2025-07-15,2025-07-15 13:30:00,1135.0,1135.0,1135.0,1135.0,0.0,1.6,1816.0,0
2025-07-15,2025-07-15 13:40:00,1135.0,1135.0,1135.0,1135.0,0.0,1.6,1816.0,0
2025-07-15,2025-07-15 13:50:00,1135.0,1135.0,1135.0,1135.0,0.0,1.6,1816.0,0
2025-07-15,2025-07-15 14:00:00,1135.0,1135.0,1135.0,1135.0,0.0,1.6,1816.0,0
2025-07-15,2025-07-15 14:10:00,1135.0,1135.0,1135.0,1135.0,0.0,1.6,1816.0,0
2025-07-15,2025-07-15 14:20:00,1135.0,1135.0,1135.0,1135.0,0.0,1.6,1816.0,0
2025-07-15,2025-07-15 14:30:00,1135.0,1135.0,1135.0,1135.0,0.0,1.6,1816.0,0
2025-07-15,2025-07-15 14:40:00,1135.0,1135.0,1135.0,1135.0,0.0,1.6,1816.0,0
2025-07-15,2025-07-15 14:50:00,1135.0,1135.0,1135.0,1135.0,0.0,1.6,1816.0,0
2025-07-15,2025-07-15 15:00:00,1135.0,1135.0,1135.0,1135.0,0.0,1.6,1816.0,0
2025-07-16,2025-07-16 11:00:00,1157.0,1157.09,1150.4,1156.08,-0.08,5.8,6622.78,-1
2025-07-16,2025-07-16 11:10:00,1156.08,1156.08,1155.17,1155.17,-0.08,5.8,6622.78,-1
2025-07-16,2025-07-16 11:20:00,1155.17,1155.17,1154.25,1154.25,-0.08,5.8,6622.78,-1
2025-07-16,2025-07-16 11:30:00,1154.25,1154.25,1153.33,1153.33,-0.08,5.8,6622.78,-1
2025-07-16,2025-07-16 11:40:00,1153.33,1153.33,1152.42,1152.42,-0.08,5.8,6622.78,-1
2025-07-16,2025-07-16 11:50:00,1152.42,1152.42,1151.5,1151.5,-0.08,5.8,6622.78,-1
2025-07-16,2025-07-16 12:00:00,1151.5,1151.5,1150.58,1150.58,-0.08,5.8,6622.78,-1
2025-07-16,2025-07-16 12:10:00,1150.58,1150.58,1149.67,1149.67,-0.08,5.8,6622.78,-1
2025-07-16,2025-07-16 12:20:00,1149.67,1149.67,1148.75,1148.75,-0.08,5.8,6622.78,-1
2025-07-16,2025-07-16 12:30:00,1148.75,1148.75,1147.83,1147.83,-0.08,5.8,6622.78,-1
2025-07-16,2025-07-16 12:40:00,1147.83,1147.83,1146.92,1146.92,-0.08,5.8,6622.78,-1
2025-07-16,2025-07-16 12:50:00,1146.92,1146.92,1146.0,1146.0,-0.08,5.8,6622.78,-1
2025-07-16,2025-07-16 13:00:00,1146.0,1157.3,1135.0,1145.08,-0.08,5.8,6622.78,-1
2025-07-16,2025-07-16 13:10:00,1145.08,1145.08,1144.17,1144.17,-0.08,5.8,6622.78,-1
2025-07-16,2025-07-16 13:20:00,1144.17,1144.17,1143.25,1143.25,-0.08,5.8,6622.78,-1
2025-07-16,2025-07-16 13:30:00,1143.25,1143.25,1142.33,1142.33,-0.08,5.8,6622.78,-1
2025-07-16,2025-07-16 13:40:00,1142.33,1142.33,1141.42,1141.42,-0.08,5.8,6622.78,-1
2025-07-16,2025-07-16 13:50:00,1141.42,1141.42,1140.5,1140.5,-0.08,5.8,6622.78,-1
2025-07-16,2025-07-16 14:00:00,1140.5,1140.5,1139.58,1139.58,-0.08,5.8,6622.78,-1
2025-07-16,2025-07-16 14:10:00,1139.58,1139.58,1138.67,1138.67,-0.08,5.8,6622.78,-1
2025-07-16,2025-07-16 14:20:00,1138.67,1138.67,1137.75,1137.75,-0.08,5.8,6622.78,-1
2025-07-16,2025-07-16 14:30:00,1137.75,1137.75,1136.83,1136.83,-0.08,5.8,6622.78,-1
2025-07-16,2025-07-16 14:40:00,1136.83,1136.83,1135.92,1135.92,-0.08,5.8,6622.78,-1
2025-07-16,2025-07-16 14:50:00,1135.92,1135.92,1135.0,1135.0,-0.08,5.8,6622.78,-1
2025-07-16,2025-07-16 15:00:00,1135.0,1157.3,1135.0,1135.0,0.0,5.8,6622.78,0
2025-07-23,2025-07-23 11:00:00,1112.3,1112.3,1112.3,1112.3,0.0,1.0,1112.3,0
2025-07-23,2025-07-23 11:10:00,1112.3,1112.3,1112.3,1112.3,0.0,1.0,1112.3,0
2025-07-23,2025-07-23 11:20:00,1112.3,1112.3,1112.3,1112.3,0.0,1.0,1112.3,0
2025-07-23,2025-07-23 11:30:00,1112.3,1112.3,1112.3,1112.3,0.0,1.0,1112.3,0
2025-07-23,2025-07-23 11:40:00,1112.3,1112.3,1112.3,1112.3,0.0,1.0,1112.3,0
2025-07-23,2025-07-23 11:50:00,1112.3,1112.3,1112.3,1112.3,0.0,1.0,1112.3,0
2025-07-23,2025-07-23 12:00:00,1112.3,1112.3,1112.3,1112.3,0.0,1.0,1112.3,0
2025-07-23,2025-07-23 12:10:00,1112.3,1112.3,1112.3,1112.3,0.0,1.0,1112.3,0
2025-07-23,2025-07-23 12:20:00,1112.3,1112.3,1112.3,1112.3,0.0,1.0,1112.3,0
2025-07-23,2025-07-23 12:30:00,1112.3,1112.3,1112.3,1112.3,0.0,1.0,1112.3,0
2025-07-23,2025-07-23 12:40:00,1112.3,1112.3,1112.3,1112.3,0.0,1.0,1112.3,0
2025-07-23,2025-07-23 12:50:00,1112.3,1112.3,1112.3,1112.3,0.0,1.0,1112.3,0
2025-07-23,2025-07-23 13:00:00,1112.3,1112.3,1112.3,1112.3,0.0,1.0,1112.3,0
2025-07-23,2025-07-23 13:10:00,1112.3,1112.3,1112.3,1112.3,0.0,1.0,1112.3,0
2025-07-23,2025-07-23 13:20:00,1112.3,1112.3,1112.3,1112.3,0.0,1.0,1112.3,0
2025-07-23,2025-07-23 13:30:00,1112.3,1112.3,1112.3,1112.3,0.0,1.0,1112.3,0
2025-07-23,2025-07-23 13:40:00,1112.3,1112.3,1112.3,1112.3,0.0,1.0,1112.3,0
2025-07-23,2025-07-23 13:50:00,1112.3,1112.3,1112.3,1112.3,0.0,1.0,1112.3,0
2025-07-23,2025-07-23 14:00:00,1112.3,1112.3,1112.3,1112.3,0.0,1.0,1112.3,0
2025-07-23,2025-07-23 14:10:00,1112.3,1112.3,1112.3,1112.3,0.0,1.0,1112.3,0
2025-07-23,2025-07-23 14:20:00,1112.3,1112.3,1112.3,1112.3,0.0,1.0,1112.3,0
2025-07-23,2025-07-23 14:30:00,1112.3,1112.3,1112.3,1112.3,0.0,1.0,1112.3,0
2025-07-23,2025-07-23 14:40:00,1112.3,1112.3,1112.3,1112.3,0.0,1.0,1112.3,0
2025-07-23,2025-07-23 14:50:00,1112.3,1112.3,1112.3,1112.3,0.0,1.0,1112.3,0
2025-07-23,2025-07-23 15:00:00,1112.3,1112.3,1112.3,1112.3,0.0,1.0,1112.3,0
2025-07-24,2025-07-24 11:00:00,1134.3,1134.3,1134.3,1134.3,0.0,4.48,5081.66,0
2025-07-24,2025-07-24 11:10:00,1134.3,1134.3,1134.3,1134.3,0.0,4.48,5081.66,0
2025-07-24,2025-07-24 11:20:00,1134.3,1134.3,1134.3,1134.3,0.0,4.48,5081.66,0
2025-07-24,2025-07-24 11:30:00,1134.3,1134.3,1134.3,1134.3,0.0,4.48,5081.66,0
2025-07-24,2025-07-24 11:40:00,1134.3,1134.3,1134.3,1134.3,0.0,4.48,5081.66,0
2025-07-24,2025-07-24 11:50:00,1134.3,1134.3,1134.3,1134.3,0.0,4.48,5081.66,0
2025-07-24,2025-07-24 12:00:00,1134.3,1134.3,1134.3,1134.3,0.0,4.48,5081.66,0
2025-07-24,2025-07-24 12:10:00,1134.3,1134.3,1134.3,1134.3,0.0,4.48,5081.66,0
2025-07-24,2025-07-24 12:20:00,1134.3,1134.3,1134.3,1134.3,0.0,4.48,5081.66,0
2025-07-24,2025-07-24 12:30:00,1134.3,1134.3,1134.3,1134.3,0.0,4.48,5081.66,0
2025-07-24,2025-07-24 12:40:00,1134.3,1134.3,1134.3,1134.3,0.0,4.48,5081.66,0
2025-07-24,2025-07-24 12:50:00,1134.3,1134.3,1134.3,1134.3,0.0,4.48,5081.66,0
2025-07-24,2025-07-24 13:00:00,1134.3,1134.3,1134.3,1134.3,0.0,4.48,5081.66,0
2025-07-24,2025-07-24 13:10:00,1134.3,1134.3,1134.3,1134.3,0.0,4.48,5081.66,0
2025-07-24,2025-07-24 13:20:00,1134.3,1134.3,1134.3,1134.3,0.0,4.48,5081.66,0
2025-07-24,2025-07-24 13:30:00,1134.3,1134.3,1134.3,1134.3,0.0,4.48,5081.66,0
2025-07-24,2025-07-24 13:40:00,1134.3,1134.3,1134.3,1134.3,0.0,4.48,5081.66,0
2025-07-24,2025-07-24 13:50:00,1134.3,1134.3,1134.3,1134.3,0.0,4.48,5081.66,0
2025-07-24,2025-07-24 14:00:00,1134.3,1134.3,1134.3,1134.3,0.0,4.48,5081.66,0
2025-07-24,2025-07-24 14:10:00,1134.3,1134.3,1134.3,1134.3,0.0,4.48,5081.66,0
2025-07-24,2025-07-24 14:20:00,1134.3,1134.3,1134.3,1134.3,0.0,4.48,5081.66,0
2025-07-24,2025-07-24 14:30:00,1134.3,1134.3,1134.3,1134.3,0.0,4.48,5081.66,0
2025-07-24,2025-07-24 14:40:00,1134.3,1134.3,1134.3,1134.3,0.0,4.48,5081.66,0
2025-07-24,2025-07-24 14:50:00,1134.3,1134.3,1134.3,1134.3,0.0,4.48,5081.66,0
2025-07-24,2025-07-24 15:00:00,1134.3,1134.3,1134.3,1134.3,0.0,4.48,5081.66,0
2025-07-29,2025-07-29 11:00:00,1150.2,1150.2,1150.2,1150.2,0.0,0.8,920.16,0
2025-07-29,2025-07-29 11:10:00,1150.2,1150.2,1150.2,1150.2,0.0,0.8,920.16,0
2025-07-29,2025-07-29 11:20:00,1150.2,1150.2,1150.2,1150.2,0.0,0.8,920.16,0
2025-07-29,2025-07-29 11:30:00,1150.2,1150.2,1150.2,1150.2,0.0,0.8,920.16,0
2025-07-29,2025-07-29 11:40:00,1150.2,1150.2,1150.2,1150.2,0.0,0.8,920.16,0
2025-07-29,2025-07-29 11:50:00,1150.2,1150.2,1150.2,1150.2,0.0,0.8,920.16,0
2025-07-29,2025-07-29 12:00:00,1150.2,1150.2,1150.2,1150.2,0.0,0.8,920.16,0
2025-07-29,2025-07-29 12:10:00,1150.2,1150.2,1150.2,1150.2,0.0,0.8,920.16,0
2025-07-29,2025-07-29 12:20:00,1150.2,1150.2,1150.2,1150.2,0.0,0.8,920.16,0
2025-07-29,2025-07-29 12:30:00,1150.2,1150.2,1150.2,1150.2,0.0,0.8,920.16,0
2025-07-29,2025-07-29 12:40:00,1150.2,1150.2,1150.2,1150.2,0.0,0.8,920.16,0
2025-07-29,2025-07-29 12:50:00,1150.2,1150.2,1150.2,1150.2,0.0,0.8,920.16,0
2025-07-29,2025-07-29 13:00:00,1150.2,1150.2,1150.2,1150.2,0.0,0.8,920.16,0
2025-07-29,2025-07-29 13:10:00,1150.2,1150.2,1150.2,1150.2,0.0,0.8,920.16,0
2025-07-29,2025-07-29 13:20:00,1150.2,1150.2,1150.2,1150.2,0.0,0.8,920.16,0
2025-07-29,2025-07-29 13:30:00,1150.2,1150.2,1150.2,1150.2,0.0,0.8,920.16,0
2025-07-29,2025-07-29 13:40:00,1150.2,1150.2,1150.2,1150.2,0.0,0.8,920.16,0
2025-07-29,2025-07-29 13:50:00,1150.2,1150.2,1150.2,1150.2,0.0,0.8,920.16,0
2025-07-29,2025-07-29 14:00:00,1150.2,1150.2,1150.2,1150.2,0.0,0.8,920.16,0
2025-07-29,2025-07-29 14:10:00,1150.2,1150.2,1150.2,1150.2,0.0,0.8,920.16,0
2025-07-29,2025-07-29 14:20:00,1150.2,1150.2,1150.2,1150.2,0.0,0.8,920.16,0
2025-07-29,2025-07-29 14:30:00,1150.2,1150.2,1150.2,1150.2,0.0,0.8,920.16,0
2025-07-29,2025-07-29 14:40:00,1150.2,1150.2,1150.2,1150.2,0.0,0.8,920.16,0
2025-07-29,2025-07-29 14:50:00,1150.2,1150.2,1150.2,1150.2,0.0,0.8,920.16,0
2025-07-29,2025-07-29 15:00:00,1150.2,1150.2,1150.2,1150.2,0.0,0.8,920.16,0
2025-08-04,2025-08-04 11:00:00,1152.0,1152.0,1152.0,1152.0,0.0,0.4,460.8,0
2025-08-04,2025-08-04 11:10:00,1152.0,1152.0,1152.0,1152.0,0.0,0.4,460.8,0
2025-08-04,2025-08-04 11:20:00,1152.0,1152.0,1152.0,1152.0,0.0,0.4,460.8,0
2025-08-04,2025-08-04 11:30:00,1152.0,1152.0,1152.0,1152.0,0.0,0.4,460.8,0
2025-08-04,2025-08-04 11:40:00,1152.0,1152.0,1152.0,1152.0,0.0,0.4,460.8,0
2025-08-04,2025-08-04 11:50:00,1152.0,1152.0,1152.0,1152.0,0.0,0.4,460.8,0
2025-08-04,2025-08-04 12:00:00,1152.0,1152.0,1152.0,1152.0,0.0,0.4,460.8,0
2025-08-04,2025-08-04 12:10:00,1152.0,1152.0,1152.0,1152.0,0.0,0.4,460.8,0
2025-08-04,2025-08-04 12:20:00,1152.0,1152.0,1152.0,1152.0,0.0,0.4,460.8,0
2025-08-04,2025-08-04 12:30:00,1152.0,1152.0,1152.0,1152.0,0.0,0.4,460.8,0
2025-08-04,2025-08-04 12:40:00,1152.0,1152.0,1152.0,1152.0,0.0,0.4,460.8,0
2025-08-04,2025-08-04 12:50:00,1152.0,1152.0,1152.0,1152.0,0.0,0.4,460.8,0
2025-08-04,2025-08-04 13:00:00,1152.0,1152.0,1152.0,1152.0,0.0,0.4,460.8,0
2025-08-04,2025-08-04 13:10:00,1152.0,1152.0,1152.0,1152.0,0.0,0.4,460.8,0
2025-08-04,2025-08-04 13:20:00,1152.0,1152.0,1152.0,1152.0,0.0,0.4,460.8,0
2025-08-04,2025-08-04 13:30:00,1152.0,1152.0,1152.0,1152.0,0.0,0.4,460.8,0
2025-08-04,2025-08-04 13:40:00,1152.0,1152.0,1152.0,1152.0,0.0,0.4,460.8,0
2025-08-04,2025-08-04 13:50:00,1152.0,1152.0,1152.0,1152.0,0.0,0.4,460.8,0
2025-08-04,2025-08-04 14:00:00,1152.0,1152.0,1152.0,1152.0,0.0,0.4,460.8,0
2025-08-04,2025-08-04 14:10:00,1152.0,1152.0,1152.0,1152.0,0.0,0.4,460.8,0
2025-08-04,2025-08-04 14:20:00,1152.0,1152.0,1152.0,1152.0,0.0,0.4,460.8,0
2025-08-04,2025-08-04 14:30:00,1152.0,1152.0,1152.0,1152.0,0.0,0.4,460.8,0
2025-08-04,2025-08-04 14:40:00,1152.0,1152.0,1152.0,1152.0,0.0,0.4,460.8,0
2025-08-04,2025-08-04 14:50:00,1152.0,1152.0,1152.0,1152.0,0.0,0.4,460.8,0
2025-08-04,2025-08-04 15:00:00,1152.0,1152.0,1152.0,1152.0,0.0,0.4,460.8,0
2025-08-05,2025-08-05 11:00:00,1150.0,1150.0,1150.0,1150.0,0.0,1.6,1840.0,0
2025-08-05,2025-08-05 11:10:00,1150.0,1150.0,1150.0,1150.0,0.0,1.6,1840.0,0
2025-08-05,2025-08-05 11:20:00,1150.0,1150.0,1150.0,1150.0,0.0,1.6,1840.0,0
2025-08-05,2025-08-05 11:30:00,1150.0,1150.0,1150.0,1150.0,0.0,1.6,1840.0,0
2025-08-05,2025-08-05 11:40:00,1150.0,1150.0,1150.0,1150.0,0.0,1.6,1840.0,0
2025-08-05,2025-08-05 11:50:00,1150.0,1150.0,1150.0,1150.0,0.0,1.6,1840.0,0
2025-08-05,2025-08-05 12:00:00,1150.0,1150.0,1150.0,1150.0,0.0,1.6,1840.0,0
2025-08-05,2025-08-05 12:10:00,1150.0,1150.0,1150.0,1150.0,0.0,1.6,1840.0,0
2025-08-05,2025-08-05 12:20:00,1150.0,1150.0,1150.0,1150.0,0.0,1.6,1840.0,0
2025-08-05,2025-08-05 12:30:00,1150.0,1150.0,1150.0,1150.0,0.0,1.6,1840.0,0
2025-08-05,2025-08-05 12:40:00,1150.0,1150.0,1150.0,1150.0,0.0,1.6,1840.0,0
2025-08-05,2025-08-05 12:50:00,1150.0,1150.0,1150.0,1150.0,0.0,1.6,1840.0,0
2025-08-05,2025-08-05 13:00:00,1150.0,1150.0,1150.0,1150.0,0.0,1.6,1840.0,0
2025-08-05,2025-08-05 13:10:00,1150.0,1150.0,1150.0,1150.0,0.0,1.6,1840.0,0
2025-08-05,2025-08-05 13:20:00,1150.0,1150.0,1150.0,1150.0,0.0,1.6,1840.0,0
2025-08-05,2025-08-05 13:30:00,1150.0,1150.0,1150.0,1150.0,0.0,1.6,1840.0,0
2025-08-05,2025-08-05 13:40:00,1150.0,1150.0,1150.0,1150.0,0.0,1.6,1840.0,0
2025-08-05,2025-08-05 13:50:00,1150.0,1150.0,1150.0,1150.0,0.0,1.6,1840.0,0
2025-08-05,2025-08-05 14:00:00,1150.0,1150.0,1150.0,1150.0,0.0,1.6,1840.0,0
2025-08-05,2025-08-05 14:10:00,1150.0,1150.0,1150.0,1150.0,0.0,1.6,1840.0,0
2025-08-05,2025-08-05 14:20:00,1150.0,1150.0,1150.0,1150.0,0.0,1.6,1840.0,0
2025-08-05,2025-08-05 14:30:00,1150.0,1150.0,1150.0,1150.0,0.0,1.6,1840.0,0
2025-08-05,2025-08-05 14:40:00,1150.0,1150.0,1150.0,1150.0,0.0,1.6,1840.0,0
2025-08-05,2025-08-05 14:50:00,1150.0,1150.0,1150.0,1150.0,0.0,1.6,1840.0,0
2025-08-05,2025-08-05 15:00:00,1150.0,1150.0,1150.0,1150.0,0.0,1.6,1840.0,0
2025-08-07,2025-08-07 11:00:00,1127.0,1127.0,1127.0,1127.0,0.0,1.4,1577.8,0
2025-08-07,2025-08-07 11:10:00,1127.0,1127.0,1127.0,1127.0,0.0,1.4,1577.8,0
2025-08-07,2025-08-07 11:20:00,1127.0,1127.0,1127.0,1127.0,0.0,1.4,1577.8,0
2025-08-07,2025-08-07 11:30:00,1127.0,1127.0,1127.0,1127.0,0.0,1.4,1577.8,0
2025-08-07,2025-08-07 11:40:00,1127.0,1127.0,1127.0,1127.0,0.0,1.4,1577.8,0
2025-08-07,2025-08-07 11:50:00,1127.0,1127.0,1127.0,1127.0,0.0,1.4,1577.8,0
2025-08-07,2025-08-07 12:00:00,1127.0,1127.0,1127.0,1127.0,0.0,1.4,1577.8,0
2025-08-07,2025-08-07 12:10:00,1127.0,1127.0,1127.0,1127.0,0.0,1.4,1577.8,0
2025-08-07,2025-08-07 12:20:00,1127.0,1127.0,1127.0,1127.0,0.0,1.4,1577.8,0
2025-08-07,2025-08-07 12:30:00,1127.0,1127.0,1127.0,1127.0,0.0,1.4,1577.8,0
2025-08-07,2025-08-07 12:40:00,1127.0,1127.0,1127.0,1127.0,0.0,1.4,1577.8,0
2025-08-07,2025-08-07 12:50:00,1127.0,1127.0,1127.0,1127.0,0.0,1.4,1577.8,0
2025-08-07,2025-08-07 13:00:00,1127.0,1127.0,1127.0,1127.0,0.0,1.4,1577.8,0
2025-08-07,2025-08-07 13:10:00,1127.0,1127.0,1127.0,1127.0,0.0,1.4,1577.8,0
2025-08-07,2025-08-07 13:20:00,1127.0,1127.0,1127.0,1127.0,0.0,1.4,1577.8,0
2025-08-07,2025-08-07 13:30:00,1127.0,1127.0,1127.0,1127.0,0.0,1.4,1577.8,0
2025-08-07,2025-08-07 13:40:00,1127.0,1127.0,1127.0,1127.0,0.0,1.4,1577.8,0
2025-08-07,2025-08-07 13:50:00,1127.0,1127.0,1127.0,1127.0,0.0,1.4,1577.8,0
2025-08-07,2025-08-07 14:00:00,1127.0,1127.0,1127.0,1127.0,0.0,1.4,1577.8,0
2025-08-07,2025-08-07 14:10:00,1127.0,1127.0,1127.0,1127.0,0.0,1.4,1577.8,0
2025-08-07,2025-08-07 14:20:00,1127.0,1127.0,1127.0,1127.0,0.0,1.4,1577.8,0
2025-08-07,2025-08-07 14:30:00,1127.0,1127.0,1127.0,1127.0,0.0,1.4,1577.8,0
2025-08-07,2025-08-07 14:40:00,1127.0,1127.0,1127.0,1127.0,0.0,1.4,1577.8,0
2025-08-07,2025-08-07 14:50:00,1127.0,1127.0,1127.0,1127.0,0.0,1.4,1577.8,0
2025-08-07,2025-08-07 15:00:00,1127.0,1127.0,1127.0,1127.0,0.0,1.4,1577.8,0
2025-08-12,2025-08-12 11:00:00,1127.0,1133.75,1127.0,1127.84,0.07,5.32,6103.37,1
2025-08-12,2025-08-12 11:10:00,1127.84,1128.69,1127.84,1128.69,0.08,5.32,6103.37,1
2025-08-12,2025-08-12 11:20:00,1128.69,1129.53,1128.69,1129.53,0.07,5.32,6103.37,1
2025-08-12,2025-08-12 11:30:00,1129.53,1130.38,1129.53,1130.38,0.08,5.32,6103.37,1
2025-08-12,2025-08-12 11:40:00,1130.38,1131.22,1130.38,1131.22,0.07,5.32,6103.37,1
2025-08-12,2025-08-12 11:50:00,1131.22,1132.06,1131.22,1132.06,0.07,5.32,6103.37,1
2025-08-12,2025-08-12 12:00:00,1132.06,1132.91,1132.06,1132.91,0.08,5.32,6103.37,1
2025-08-12,2025-08-12 12:10:00,1132.91,1133.75,1132.91,1133.75,0.07,5.32,6103.37,1
2025-08-12,2025-08-12 12:20:00,1133.75,1134.59,1133.75,1134.59,0.07,5.32,6103.37,1
2025-08-12,2025-08-12 12:30:00,1134.59,1135.44,1134.59,1135.44,0.07,5.32,6103.37,1
2025-08-12,2025-08-12 12:40:00,1135.44,1136.28,1135.44,1136.28,0.07,5.32,6103.37,1
2025-08-12,2025-08-12 12:50:00,1136.28,1137.12,1136.28,1137.12,0.07,5.32,6103.37,1
2025-08-12,2025-08-12 13:00:00,1137.12,1149.5,1127.0,1137.97,0.07,5.32,6103.37,1
2025-08-12,2025-08-12 13:10:00,1137.97,1138.81,1137.97,1138.81,0.07,5.32,6103.37,1
2025-08-12,2025-08-12 13:20:00,1138.81,1139.66,1138.81,1139.66,0.07,5.32,6103.37,1
2025-08-12,2025-08-12 13:30:00,1139.66,1140.5,1139.66,1140.5,0.07,5.32,6103.37,1
2025-08-12,2025-08-12 13:40:00,1140.5,1141.34,1140.5,1141.34,0.07,5.32,6103.37,1
2025-08-12,2025-08-12 13:50:00,1141.34,1142.19,1141.34,1142.19,0.07,5.32,6103.37,1
2025-08-12,2025-08-12 14:00:00,1142.19,1143.03,1142.19,1143.03,0.07,5.32,6103.37,1
2025-08-12,2025-08-12 14:10:00,1143.03,1143.88,1143.03,1143.88,0.07,5.32,6103.37,1
2025-08-12,2025-08-12 14:20:00,1143.88,1144.72,1143.88,1144.72,0.07,5.32,6103.37,1
2025-08-12,2025-08-12 14:30:00,1144.72,1145.56,1144.72,1145.56,0.07,5.32,6103.37,1
2025-08-12,2025-08-12 14:40:00,1145.56,1146.41,1145.56,1146.41,0.07,5.32,6103.37,1
2025-08-12,2025-08-12 14:50:00,1146.41,1147.25,1146.41,1147.25,0.07,5.32,6103.37,1
2025-08-12,2025-08-12 15:00:00,1147.25,1149.5,1127.0,1147.25,0.0,5.32,6103.37,0
2025-08-13,2025-08-13 11:00:00,1169.6,1169.6,1169.6,1169.6,0.0,2.0,2339.2,0
2025-08-13,2025-08-13 11:10:00,1169.6,1169.6,1169.6,1169.6,0.0,2.0,2339.2,0
2025-08-13,2025-08-13 11:20:00,1169.6,1169.6,1169.6,1169.6,0.0,2.0,2339.2,0
2025-08-13,2025-08-13 11:30:00,1169.6,1169.6,1169.6,1169.6,0.0,2.0,2339.2,0
2025-08-13,2025-08-13 11:40:00,1169.6,1169.6,1169.6,1169.6,0.0,2.0,2339.2,0
2025-08-13,2025-08-13 11:50:00,1169.6,1169.6,1169.6,1169.6,0.0,2.0,2339.2,0
2025-08-13,2025-08-13 12:00:00,1169.6,1169.6,1169.6,1169.6,0.0,2.0,2339.2,0
2025-08-13,2025-08-13 12:10:00,1169.6,1169.6,1169.6,1169.6,0.0,2.0,2339.2,0
2025-08-13,2025-08-13 12:20:00,1169.6,1169.6,1169.6,1169.6,0.0,2.0,2339.2,0
2025-08-13,2025-08-13 12:30:00,1169.6,1169.6,1169.6,1169.6,0.0,2.0,2339.2,0
2025-08-13,2025-08-13 12:40:00,1169.6,1169.6,1169.6,1169.6,0.0,2.0,2339.2,0
2025-08-13,2025-08-13 12:50:00,1169.6,1169.6,1169.6,1169.6,0.0,2.0,2339.2,0
2025-08-13,2025-08-13 13:00:00,1169.6,1169.6,1169.6,1169.6,0.0,2.0,2339.2,0
2025-08-13,2025-08-13 13:10:00,1169.6,1169.6,1169.6,1169.6,0.0,2.0,2339.2,0
2025-08-13,2025-08-13 13:20:00,1169.6,1169.6,1169.6,1169.6,0.0,2.0,2339.2,0
2025-08-13,2025-08-13 13:30:00,1169.6,1169.6,1169.6,1169.6,0.0,2.0,2339.2,0
2025-08-13,2025-08-13 13:40:00,1169.6,1169.6,1169.6,1169.6,0.0,2.0,2339.2,0
2025-08-13,2025-08-13 13:50:00,1169.6,1169.6,1169.6,1169.6,0.0,2.0,2339.2,0
2025-08-13,2025-08-13 14:00:00,1169.6,1169.6,1169.6,1169.6,0.0,2.0,2339.2,0
2025-08-13,2025-08-13 14:10:00,1169.6,1169.6,1169.6,1169.6,0.0,2.0,2339.2,0
2025-08-13,2025-08-13 14:20:00,1169.6,1169.6,1169.6,1169.6,0.0,2.0,2339.2,0
2025-08-13,2025-08-13 14:30:00,1169.6,1169.6,1169.6,1169.6,0.0,2.0,2339.2,0
2025-08-13,2025-08-13 14:40:00,1169.6,1169.6,1169.6,1169.6,0.0,2.0,2339.2,0
2025-08-13,2025-08-13 14:50:00,1169.6,1169.6,1169.6,1169.6,0.0,2.0,2339.2,0
2025-08-13,2025-08-13 15:00:00,1169.6,1169.6,1169.6,1169.6,0.0,2.0,2339.2,0
2025-08-25,2025-08-25 11:00:00,1169.0,1169.0,1169.0,1169.0,0.0,1.6,1870.4,0
2025-08-25,2025-08-25 11:10:00,1169.0,1169.0,1169.0,1169.0,0.0,1.6,1870.4,0
2025-08-25,2025-08-25 11:20:00,1169.0,1169.0,1169.0,1169.0,0.0,1.6,1870.4,0
2025-08-25,2025-08-25 11:30:00,1169.0,1169.0,1169.0,1169.0,0.0,1.6,1870.4,0
2025-08-25,2025-08-25 11:40:00,1169.0,1169.0,1169.0,1169.0,0.0,1.6,1870.4,0
2025-08-25,2025-08-25 11:50:00,1169.0,1169.0,1169.0,1169.0,0.0,1.6,1870.4,0
2025-08-25,2025-08-25 12:00:00,1169.0,1169.0,1169.0,1169.0,0.0,1.6,1870.4,0
2025-08-25,2025-08-25 12:10:00,1169.0,1169.0,1169.0,1169.0,0.0,1.6,1870.4,0
2025-08-25,2025-08-25 12:20:00,1169.0,1169.0,1169.0,1169.0,0.0,1.6,1870.4,0
2025-08-25,2025-08-25 12:30:00,1169.0,1169.0,1169.0,1169.0,0.0,1.6,1870.4,0
2025-08-25,2025-08-25 12:40:00,1169.0,1169.0,1169.0,1169.0,0.0,1.6,1870.4,0
2025-08-25,2025-08-25 12:50:00,1169.0,1169.0,1169.0,1169.0,0.0,1.6,1870.4,0
2025-08-25,2025-08-25 13:00:00,1169.0,1169.0,1169.0,1169.0,0.0,1.6,1870.4,0
2025-08-25,2025-08-25 13:10:00,1169.0,1169.0,1169.0,1169.0,0.0,1.6,1870.4,0
2025-08-25,2025-08-25 13:20:00,1169.0,1169.0,1169.0,1169.0,0.0,1.6,1870.4,0
2025-08-25,2025-08-25 13:30:00,1169.0,1169.0,1169.0,1169.0,0.0,1.6,1870.4,0
2025-08-25,2025-08-25 13:40:00,1169.0,1169.0,1169.0,1169.0,0.0,1.6,1870.4,0
2025-08-25,2025-08-25 13:50:00,1169.0,1169.0,1169.0,1169.0,0.0,1.6,1870.4,0
2025-08-25,2025-08-25 14:00:00,1169.0,1169.0,1169.0,1169.0,0.0,1.6,1870.4,0
2025-08-25,2025-08-25 14:10:00,1169.0,1169.0,1169.0,1169.0,0.0,1.6,1870.4,0
2025-08-25,2025-08-25 14:20:00,1169.0,1169.0,1169.0,1169.0,0.0,1.6,1870.4,0
2025-08-25,2025-08-25 14:30:00,1169.0,1169.0,1169.0,1169.0,0.0,1.6,1870.4,0
2025-08-25,2025-08-25 14:40:00,1169.0,1169.0,1169.0,1169.0,0.0,1.6,1870.4,0
2025-08-25,2025-08-25 14:50:00,1169.0,1169.0,1169.0,1169.0,0.0,1.6,1870.4,0
2025-08-25,2025-08-25 15:00:00,1169.0,1169.0,1169.0,1169.0,0.0,1.6,1870.4,0
2025-08-31,2025-08-31 11:00:00,1150.0,1150.0,1150.0,1150.0,0.0,4.0,4600.0,0
2025-08-31,2025-08-31 11:10:00,1150.0,1150.0,1150.0,1150.0,0.0,4.0,4600.0,0
2025-08-31,2025-08-31 11:20:00,1150.0,1150.0,1150.0,1150.0,0.0,4.0,4600.0,0
2025-08-31,2025-08-31 11:30:00,1150.0,1150.0,1150.0,1150.0,0.0,4.0,4600.0,0
2025-08-31,2025-08-31 11:40:00,1150.0,1150.0,1150.0,1150.0,0.0,4.0,4600.0,0
2025-08-31,2025-08-31 11:50:00,1150.0,1150.0,1150.0,1150.0,0.0,4.0,4600.0,0
2025-08-31,2025-08-31 12:00:00,1150.0,1150.0,1150.0,1150.0,0.0,4.0,4600.0,0
2025-08-31,2025-08-31 12:10:00,1150.0,1150.0,1150.0,1150.0,0.0,4.0,4600.0,0
2025-08-31,2025-08-31 12:20:00,1150.0,1150.0,1150.0,1150.0,0.0,4.0,4600.0,0
2025-08-31,2025-08-31 12:30:00,1150.0,1150.0,1150.0,1150.0,0.0,4.0,4600.0,0
2025-08-31,2025-08-31 12:40:00,1150.0,1150.0,1150.0,1150.0,0.0,4.0,4600.0,0
2025-08-31,2025-08-31 12:50:00,1150.0,1150.0,1150.0,1150.0,0.0,4.0,4600.0,0
2025-08-31,2025-08-31 13:00:00,1150.0,1150.0,1150.0,1150.0,0.0,4.0,4600.0,0
2025-08-31,2025-08-31 13:10:00,1150.0,1150.0,1150.0,1150.0,0.0,4.0,4600.0,0
2025-08-31,2025-08-31 13:20:00,1150.0,1150.0,1150.0,1150.0,0.0,4.0,4600.0,0
2025-08-31,2025-08-31 13:30:00,1150.0,1150.0,1150.0,1150.0,0.0,4.0,4600.0,0
2025-08-31,2025-08-31 13:40:00,1150.0,1150.0,1150.0,1150.0,0.0,4.0,4600.0,0
2025-08-31,2025-08-31 13:50:00,1150.0,1150.0,1150.0,1150.0,0.0,4.0,4600.0,0
2025-08-31,2025-08-31 14:00:00,1150.0,1150.0,1150.0,1150.0,0.0,4.0,4600.0,0
2025-08-31,2025-08-31 14:10:00,1150.0,1150.0,1150.0,1150.0,0.0,4.0,4600.0,0
2025-08-31,2025-08-31 14:20:00,1150.0,1150.0,1150.0,1150.0,0.0,4.0,4600.0,0
2025-08-31,2025-08-31 14:30:00,1150.0,1150.0,1150.0,1150.0,0.0,4.0,4600.0,0
2025-08-31,2025-08-31 14:40:00,1150.0,1150.0,1150.0,1150.0,0.0,4.0,4600.0,0
2025-08-31,2025-08-31 14:50:00,1150.0,1150.0,1150.0,1150.0,0.0,4.0,4600.0,0
2025-08-31,2025-08-31 15:00:00,1150.0,1150.0,1150.0,1150.0,0.0,4.0,4600.0,0
2025-09-02,2025-09-02 11:00:00,1170.0,1177.02,1170.0,1170.97,0.08,10.0,11798.28,1
2025-09-02,2025-09-02 11:10:00,1170.97,1171.95,1170.97,1171.95,0.08,10.0,11798.28,1
2025-09-02,2025-09-02 11:20:00,1171.95,1172.92,1171.95,1172.92,0.08,10.0,11798.28,1
2025-09-02,2025-09-02 11:30:00,1172.92,1173.9,1172.92,1173.9,0.08,10.0,11798.28,1
2025-09-02,2025-09-02 11:40:00,1173.9,1174.88,1173.9,1174.88,0.08,10.0,11798.28,1
2025-09-02,2025-09-02 11:50:00,1174.88,1175.85,1174.88,1175.85,0.08,10.0,11798.28,1
2025-09-02,2025-09-02 12:00:00,1175.85,1176.83,1175.85,1176.83,0.08,10.0,11798.28,1
2025-09-02,2025-09-02 12:10:00,1176.83,1177.8,1176.83,1177.8,0.08,10.0,11798.28,1
2025-09-02,2025-09-02 12:20:00,1177.8,1178.78,1177.8,1178.78,0.08,10.0,11798.28,1
2025-09-02,2025-09-02 12:30:00,1178.78,1179.75,1178.78,1179.75,0.08,10.0,11798.28,1
2025-09-02,2025-09-02 12:40:00,1179.75,1180.73,1179.75,1180.73,0.08,10.0,11798.28,1
2025-09-02,2025-09-02 12:50:00,1180.73,1181.7,1180.73,1181.7,0.08,10.0,11798.28,1
2025-09-02,2025-09-02 13:00:00,1181.7,1193.4,1170.0,1182.67,0.08,10.0,11798.28,1
2025-09-02,2025-09-02 13:10:00,1182.67,1183.65,1182.67,1183.65,0.08,10.0,11798.28,1
2025-09-02,2025-09-02 13:20:00,1183.65,1184.62,1183.65,1184.62,0.08,10.0,11798.28,1
2025-09-02,2025-09-02 13:30:00,1184.62,1185.6,1184.62,1185.6,0.08,10.0,11798.28,1
2025-09-02,2025-09-02 13:40:00,1185.6,1186.58,1185.6,1186.58,0.08,10.0,11798.28,1
2025-09-02,2025-09-02 13:50:00,1186.58,1187.55,1186.58,1187.55,0.08,10.0,11798.28,1
2025-09-02,2025-09-02 14:00:00,1187.55,1188.53,1187.55,1188.53,0.08,10.0,11798.28,1
2025-09-02,2025-09-02 14:10:00,1188.53,1189.5,1188.53,1189.5,0.08,10.0,11798.28,1
2025-09-02,2025-09-02 14:20:00,1189.5,1190.48,1189.5,1190.48,0.08,10.0,11798.28,1
2025-09-02,2025-09-02 14:30:00,1190.48,1191.45,1190.48,1191.45,0.08,10.0,11798.28,1
2025-09-02,2025-09-02 14:40:00,1191.45,1192.43,1191.45,1192.43,0.08,10.0,11798.28,1
2025-09-02,2025-09-02 14:50:00,1192.43,1193.4,1192.43,1193.4,0.08,10.0,11798.28,1
2025-09-02,2025-09-02 15:00:00,1193.4,1193.4,1170.0,1193.4,0.0,10.0,11798.28,0
2025-09-03,2025-09-03 11:00:00,1193.4,1193.4,1186.38,1192.43,-0.08,5.0,5943.6,-1
2025-09-03,2025-09-03 11:10:00,1192.43,1192.43,1191.45,1191.45,-0.08,5.0,5943.6,-1
2025-09-03,2025-09-03 11:20:00,1191.45,1191.45,1190.48,1190.48,-0.08,5.0,5943.6,-1
2025-09-03,2025-09-03 11:30:00,1190.48,1190.48,1189.5,1189.5,-0.08,5.0,5943.6,-1
2025-09-03,2025-09-03 11:40:00,1189.5,1189.5,1188.53,1188.53,-0.08,5.0,5943.6,-1
2025-09-03,2025-09-03 11:50:00,1188.53,1188.53,1187.55,1187.55,-0.08,5.0,5943.6,-1
2025-09-03,2025-09-03 12:00:00,1187.55,1187.55,1186.58,1186.58,-0.08,5.0,5943.6,-1
2025-09-03,2025-09-03 12:10:00,1186.58,1186.58,1185.6,1185.6,-0.08,5.0,5943.6,-1
2025-09-03,2025-09-03 12:20:00,1185.6,1185.6,1184.62,1184.62,-0.08,5.0,5943.6,-1
2025-09-03,2025-09-03 12:30:00,1184.62,1184.62,1183.65,1183.65,-0.08,5.0,5943.6,-1
2025-09-03,2025-09-03 12:40:00,1183.65,1183.65,1182.67,1182.67,-0.08,5.0,5943.6,-1
2025-09-03,2025-09-03 12:50:00,1182.67,1182.67,1181.7,1181.7,-0.08,5.0,5943.6,-1
2025-09-03,2025-09-03 13:00:00,1181.7,1193.4,1170.0,1180.73,-0.08,5.0,5943.6,-1
2025-09-03,2025-09-03 13:10:00,1180.73,1180.73,1179.75,1179.75,-0.08,5.0,5943.6,-1
2025-09-03,2025-09-03 13:20:00,1179.75,1179.75,1178.78,1178.78,-0.08,5.0,5943.6,-1
2025-09-03,2025-09-03 13:30:00,1178.78,1178.78,1177.8,1177.8,-0.08,5.0,5943.6,-1
2025-09-03,2025-09-03 13:40:00,1177.8,1177.8,1176.83,1176.83,-0.08,5.0,5943.6,-1
2025-09-03,2025-09-03 13:50:00,1176.83,1176.83,1175.85,1175.85,-0.08,5.0,5943.6,-1
2025-09-03,2025-09-03 14:00:00,1175.85,1175.85,1174.88,1174.88,-0.08,5.0,5943.6,-1
2025-09-03,2025-09-03 14:10:00,1174.88,1174.88,1173.9,1173.9,-0.08,5.0,5943.6,-1
2025-09-03,2025-09-03 14:20:00,1173.9,1173.9,1172.92,1172.92,-0.08,5.0,5943.6,-1
2025-09-03,2025-09-03 14:30:00,1172.92,1172.92,1171.95,1171.95,-0.08,5.0,5943.6,-1
2025-09-03,2025-09-03 14:40:00,1171.95,1171.95,1170.97,1170.97,-0.08,5.0,5943.6,-1
2025-09-03,2025-09-03 14:50:00,1170.97,1170.97,1170.0,1170.0,-0.08,5.0,5943.6,-1
2025-09-03,2025-09-03 15:00:00,1170.0,1193.4,1170.0,1170.0,0.0,5.0,5943.6,0
2025-09-04,2025-09-04 11:00:00,1165.0,1165.0,1160.5,1164.38,-0.05,5.0,5810.0,-1
2025-09-04,2025-09-04 11:10:00,1164.38,1164.38,1163.75,1163.75,-0.05,5.0,5810.0,-1
2025-09-04,2025-09-04 11:20:00,1163.75,1163.75,1163.12,1163.12,-0.05,5.0,5810.0,-1
2025-09-04,2025-09-04 11:30:00,1163.12,1163.12,1162.5,1162.5,-0.05,5.0,5810.0,-1
2025-09-04,2025-09-04 11:40:00,1162.5,1162.5,1161.88,1161.88,-0.05,5.0,5810.0,-1
2025-09-04,2025-09-04 11:50:00,1161.88,1161.88,1161.25,1161.25,-0.05,5.0,5810.0,-1
2025-09-04,2025-09-04 12:00:00,1161.25,1161.25,1160.62,1160.62,-0.05,5.0,5810.0,-1
2025-09-04,2025-09-04 12:10:00,1160.62,1160.62,1160.0,1160.0,-0.05,5.0,5810.0,-1
2025-09-04,2025-09-04 12:20:00,1160.0,1160.0,1159.38,1159.38,-0.05,5.0,5810.0,-1
2025-09-04,2025-09-04 12:30:00,1159.38,1159.38,1158.75,1158.75,-0.05,5.0,5810.0,-1
2025-09-04,2025-09-04 12:40:00,1158.75,1158.75,1158.12,1158.12,-0.05,5.0,5810.0,-1
2025-09-04,2025-09-04 12:50:00,1158.12,1158.12,1157.5,1157.5,-0.05,5.0,5810.0,-1
2025-09-04,2025-09-04 13:00:00,1157.5,1165.0,1150.0,1156.88,-0.05,5.0,5810.0,-1
2025-09-04,2025-09-04 13:10:00,1156.88,1156.88,1156.25,1156.25,-0.05,5.0,5810.0,-1
2025-09-04,2025-09-04 13:20:00,1156.25,1156.25,1155.62,1155.62,-0.05,5.0,5810.0,-1
2025-09-04,2025-09-04 13:30:00,1155.62,1155.62,1155.0,1155.0,-0.05,5.0,5810.0,-1
2025-09-04,2025-09-04 13:40:00,1155.0,1155.0,1154.38,1154.38,-0.05,5.0,5810.0,-1
2025-09-04,2025-09-04 13:50:00,1154.38,1154.38,1153.75,1153.75,-0.05,5.0,5810.0,-1
2025-09-04,2025-09-04 14:00:00,1153.75,1153.75,1153.12,1153.12,-0.05,5.0,5810.0,-1
2025-09-04,2025-09-04 14:10:00,1153.12,1153.12,1152.5,1152.5,-0.05,5.0,5810.0,-1
2025-09-04,2025-09-04 14:20:00,1152.5,1152.5,1151.88,1151.88,-0.05,5.0,5810.0,-1
2025-09-04,2025-09-04 14:30:00,1151.88,1151.88,1151.25,1151.25,-0.05,5.0,5810.0,-1
2025-09-04,2025-09-04 14:40:00,1151.25,1151.25,1150.62,1150.62,-0.05,5.0,5810.0,-1
2025-09-04,2025-09-04 14:50:00,1150.62,1150.62,1150.0,1150.0,-0.05,5.0,5810.0,-1
2025-09-04,2025-09-04 15:00:00,1150.0,1165.0,1150.0,1150.0,0.0,5.0,5810.0,0
2025-09-08,2025-09-08 11:00:00,1130.0,1130.0,1130.0,1130.0,0.0,4.48,5062.4,0
2025-09-08,2025-09-08 11:10:00,1130.0,1130.0,1130.0,1130.0,0.0,4.48,5062.4,0
2025-09-08,2025-09-08 11:20:00,1130.0,1130.0,1130.0,1130.0,0.0,4.48,5062.4,0
2025-09-08,2025-09-08 11:30:00,1130.0,1130.0,1130.0,1130.0,0.0,4.48,5062.4,0
2025-09-08,2025-09-08 11:40:00,1130.0,1130.0,1130.0,1130.0,0.0,4.48,5062.4,0
2025-09-08,2025-09-08 11:50:00,1130.0,1130.0,1130.0,1130.0,0.0,4.48,5062.4,0
2025-09-08,2025-09-08 12:00:00,1130.0,1130.0,1130.0,1130.0,0.0,4.48,5062.4,0
2025-09-08,2025-09-08 12:10:00,1130.0,1130.0,1130.0,1130.0,0.0,4.48,5062.4,0
2025-09-08,2025-09-08 12:20:00,1130.0,1130.0,1130.0,1130.0,0.0,4.48,5062.4,0
2025-09-08,2025-09-08 12:30:00,1130.0,1130.0,1130.0,1130.0,0.0,4.48,5062.4,0
2025-09-08,2025-09-08 12:40:00,1130.0,1130.0,1130.0,1130.0,0.0,4.48,5062.4,0
2025-09-08,2025-09-08 12:50:00,1130.0,1130.0,1130.0,1130.0,0.0,4.48,5062.4,0
2025-09-08,2025-09-08 13:00:00,1130.0,1130.0,1130.0,1130.0,0.0,4.48,5062.4,0
2025-09-08,2025-09-08 13:10:00,1130.0,1130.0,1130.0,1130.0,0.0,4.48,5062.4,0
2025-09-08,2025-09-08 13:20:00,1130.0,1130.0,1130.0,1130.0,0.0,4.48,5062.4,0
2025-09-08,2025-09-08 13:30:00,1130.0,1130.0,1130.0,1130.0,0.0,4.48,5062.4,0
2025-09-08,2025-09-08 13:40:00,1130.0,1130.0,1130.0,1130.0,0.0,4.48,5062.4,0
2025-09-08,2025-09-08 13:50:00,1130.0,1130.0,1130.0,1130.0,0.0,4.48,5062.4,0
2025-09-08,2025-09-08 14:00:00,1130.0,1130.0,1130.0,1130.0,0.0,4.48,5062.4,0
2025-09-08,2025-09-08 14:10:00,1130.0,1130.0,1130.0,1130.0,0.0,4.48,5062.4,0
2025-09-08,2025-09-08 14:20:00,1130.0,1130.0,1130.0,1130.0,0.0,4.48,5062.4,0
2025-09-08,2025-09-08 14:30:00,1130.0,1130.0,1130.0,1130.0,0.0,4.48,5062.4,0
2025-09-08,2025-09-08 14:40:00,1130.0,1130.0,1130.0,1130.0,0.0,4.48,5062.4,0
2025-09-08,2025-09-08 14:50:00,1130.0,1130.0,1130.0,1130.0,0.0,4.48,5062.4,0
2025-09-08,2025-09-08 15:00:00,1130.0,1130.0,1130.0,1130.0,0.0,4.48,5062.4,0
2025-09-21,2025-09-21 11:00:00,1115.0,1115.0,1115.0,1115.0,0.0,1.0,1115.0,0
2025-09-21,2025-09-21 11:10:00,1115.0,1115.0,1115.0,1115.0,0.0,1.0,1115.0,0
2025-09-21,2025-09-21 11:20:00,1115.0,1115.0,1115.0,1115.0,0.0,1.0,1115.0,0
2025-09-21,2025-09-21 11:30:00,1115.0,1115.0,1115.0,1115.0,0.0,1.0,1115.0,0
2025-09-21,2025-09-21 11:40:00,1115.0,1115.0,1115.0,1115.0,0.0,1.0,1115.0,0
2025-09-21,2025-09-21 11:50:00,1115.0,1115.0,1115.0,1115.0,0.0,1.0,1115.0,0
2025-09-21,2025-09-21 12:00:00,1115.0,1115.0,1115.0,1115.0,0.0,1.0,1115.0,0
2025-09-21,2025-09-21 12:10:00,1115.0,1115.0,1115.0,1115.0,0.0,1.0,1115.0,0
2025-09-21,2025-09-21 12:20:00,1115.0,1115.0,1115.0,1115.0,0.0,1.0,1115.0,0
2025-09-21,2025-09-21 12:30:00,1115.0,1115.0,1115.0,1115.0,0.0,1.0,1115.0,0
2025-09-21,2025-09-21 12:40:00,1115.0,1115.0,1115.0,1115.0,0.0,1.0,1115.0,0
2025-09-21,2025-09-21 12:50:00,1115.0,1115.0,1115.0,1115.0,0.0,1.0,1115.0,0
2025-09-21,2025-09-21 13:00:00,1115.0,1115.0,1115.0,1115.0,0.0,1.0,1115.0,0
2025-09-21,2025-09-21 13:10:00,1115.0,1115.0,1115.0,1115.0,0.0,1.0,1115.0,0
2025-09-21,2025-09-21 13:20:00,1115.0,1115.0,1115.0,1115.0,0.0,1.0,1115.0,0
2025-09-21,2025-09-21 13:30:00,1115.0,1115.0,1115.0,1115.0,0.0,1.0,1115.0,0
2025-09-21,2025-09-21 13:40:00,1115.0,1115.0,1115.0,1115.0,0.0,1.0,1115.0,0
2025-09-21,2025-09-21 13:50:00,1115.0,1115.0,1115.0,1115.0,0.0,1.0,1115.0,0
2025-09-21,2025-09-21 14:00:00,1115.0,1115.0,1115.0,1115.0,0.0,1.0,1115.0,0
2025-09-21,2025-09-21 14:10:00,1115.0,1115.0,1115.0,1115.0,0.0,1.0,1115.0,0
2025-09-21,2025-09-21 14:20:00,1115.0,1115.0,1115.0,1115.0,0.0,1.0,1115.0,0
2025-09-21,2025-09-21 14:30:00,1115.0,1115.0,1115.0,1115.0,0.0,1.0,1115.0,0
2025-09-21,2025-09-21 14:40:00,1115.0,1115.0,1115.0,1115.0,0.0,1.0,1115.0,0
2025-09-21,2025-09-21 14:50:00,1115.0,1115.0,1115.0,1115.0,0.0,1.0,1115.0,0
2025-09-21,2025-09-21 15:00:00,1115.0,1115.0,1115.0,1115.0,0.0,1.0,1115.0,0
2025-10-07,2025-10-07 11:00:00,1115.0,1145.3,1115.0,1119.21,0.38,36.48,44352.58,1
2025-10-07,2025-10-07 11:10:00,1119.21,1123.42,1119.21,1123.42,0.38,36.48,44352.58,1
2025-10-07,2025-10-07 11:20:00,1123.42,1127.62,1123.42,1127.62,0.37,36.48,44352.58,1
2025-10-07,2025-10-07 11:30:00,1127.62,1131.83,1127.62,1131.83,0.37,36.48,44352.58,1
2025-10-07,2025-10-07 11:40:00,1131.83,1136.04,1131.83,1136.04,0.37,36.48,44352.58,1
2025-10-07,2025-10-07 11:50:00,1136.04,1140.25,1136.04,1140.25,0.37,36.48,44352.58,1
2025-10-07,2025-10-07 12:00:00,1140.25,1144.46,1140.25,1144.46,0.37,36.48,44352.58,1
2025-10-07,2025-10-07 12:10:00,1144.46,1148.67,1144.46,1148.67,0.37,36.48,44352.58,1
2025-10-07,2025-10-07 12:20:00,1148.67,1152.88,1148.67,1152.88,0.37,36.48,44352.58,1
2025-10-07,2025-10-07 12:30:00,1152.88,1157.08,1152.88,1157.08,0.36,36.48,44352.58,1
2025-10-07,2025-10-07 12:40:00,1157.08,1161.29,1157.08,1161.29,0.36,36.48,44352.58,1
2025-10-07,2025-10-07 12:50:00,1161.29,1165.5,1161.29,1165.5,0.36,36.48,44352.58,1
2025-10-07,2025-10-07 13:00:00,1165.5,1216.0,1115.0,1169.71,0.36,36.48,44352.58,1
2025-10-07,2025-10-07 13:10:00,1169.71,1173.92,1169.71,1173.92,0.36,36.48,44352.58,1
2025-10-07,2025-10-07 13:20:00,1173.92,1178.12,1173.92,1178.12,0.36,36.48,44352.58,1
2025-10-07,2025-10-07 13:30:00,1178.12,1182.33,1178.12,1182.33,0.36,36.48,44352.58,1
2025-10-07,2025-10-07 13:40:00,1182.33,1186.54,1182.33,1186.54,0.36,36.48,44352.58,1
2025-10-07,2025-10-07 13:50:00,1186.54,1190.75,1186.54,1190.75,0.35,36.48,44352.58,1
2025-10-07,2025-10-07 14:00:00,1190.75,1194.96,1190.75,1194.96,0.35,36.48,44352.58,1
2025-10-07,2025-10-07 14:10:00,1194.96,1199.17,1194.96,1199.17,0.35,36.48,44352.58,1
2025-10-07,2025-10-07 14:20:00,1199.17,1203.38,1199.17,1203.38,0.35,36.48,44352.58,1
2025-10-07,2025-10-07 14:30:00,1203.38,1207.58,1203.38,1207.58,0.35,36.48,44352.58,1
2025-10-07,2025-10-07 14:40:00,1207.58,1211.79,1207.58,1211.79,0.35,36.48,44352.58,1
2025-10-07,2025-10-07 14:50:00,1211.79,1216.0,1211.79,1216.0,0.35,36.48,44352.58,1
2025-10-07,2025-10-07 15:00:00,1216.0,1216.0,1115.0,1216.0,0.0,36.48,44352.58,0
2025-10-08,2025-10-08 11:00:00,1200.0,1200.0,1200.0,1200.0,0.0,1.0,1200.0,0
2025-10-08,2025-10-08 11:10:00,1200.0,1200.0,1200.0,1200.0,0.0,1.0,1200.0,0
2025-10-08,2025-10-08 11:20:00,1200.0,1200.0,1200.0,1200.0,0.0,1.0,1200.0,0
2025-10-08,2025-10-08 11:30:00,1200.0,1200.0,1200.0,1200.0,0.0,1.0,1200.0,0
2025-10-08,2025-10-08 11:40:00,1200.0,1200.0,1200.0,1200.0,0.0,1.0,1200.0,0
2025-10-08,2025-10-08 11:50:00,1200.0,1200.0,1200.0,1200.0,0.0,1.0,1200.0,0
2025-10-08,2025-10-08 12:00:00,1200.0,1200.0,1200.0,1200.0,0.0,1.0,1200.0,0
2025-10-08,2025-10-08 12:10:00,1200.0,1200.0,1200.0,1200.0,0.0,1.0,1200.0,0
2025-10-08,2025-10-08 12:20:00,1200.0,1200.0,1200.0,1200.0,0.0,1.0,1200.0,0
2025-10-08,2025-10-08 12:30:00,1200.0,1200.0,1200.0,1200.0,0.0,1.0,1200.0,0
2025-10-08,2025-10-08 12:40:00,1200.0,1200.0,1200.0,1200.0,0.0,1.0,1200.0,0
2025-10-08,2025-10-08 12:50:00,1200.0,1200.0,1200.0,1200.0,0.0,1.0,1200.0,0
2025-10-08,2025-10-08 13:00:00,1200.0,1200.0,1200.0,1200.0,0.0,1.0,1200.0,0
2025-10-08,2025-10-08 13:10:00,1200.0,1200.0,1200.0,1200.0,0.0,1.0,1200.0,0
2025-10-08,2025-10-08 13:20:00,1200.0,1200.0,1200.0,1200.0,0.0,1.0,1200.0,0
2025-10-08,2025-10-08 13:30:00,1200.0,1200.0,1200.0,1200.0,0.0,1.0,1200.0,0
2025-10-08,2025-10-08 13:40:00,1200.0,1200.0,1200.0,1200.0,0.0,1.0,1200.0,0
2025-10-08,2025-10-08 13:50:00,1200.0,1200.0,1200.0,1200.0,0.0,1.0,1200.0,0
2025-10-08,2025-10-08 14:00:00,1200.0,1200.0,1200.0,1200.0,0.0,1.0,1200.0,0
2025-10-08,2025-10-08 14:10:00,1200.0,1200.0,1200.0,1200.0,0.0,1.0,1200.0,0
2025-10-08,2025-10-08 14:20:00,1200.0,1200.0,1200.0,1200.0,0.0,1.0,1200.0,0
2025-10-08,2025-10-08 14:30:00,1200.0,1200.0,1200.0,1200.0,0.0,1.0,1200.0,0
2025-10-08,2025-10-08 14:40:00,1200.0,1200.0,1200.0,1200.0,0.0,1.0,1200.0,0
2025-10-08,2025-10-08 14:50:00,1200.0,1200.0,1200.0,1200.0,0.0,1.0,1200.0,0
2025-10-08,2025-10-08 15:00:00,1200.0,1200.0,1200.0,1200.0,0.0,1.0,1200.0,0
2025-10-29,2025-10-29 11:00:00,1177.0,1177.0,1177.0,1177.0,0.0,4.0,4708.0,0
2025-10-29,2025-10-29 11:10:00,1177.0,1177.0,1177.0,1177.0,0.0,4.0,4708.0,0
2025-10-29,2025-10-29 11:20:00,1177.0,1177.0,1177.0,1177.0,0.0,4.0,4708.0,0
2025-10-29,2025-10-29 11:30:00,1177.0,1177.0,1177.0,1177.0,0.0,4.0,4708.0,0
2025-10-29,2025-10-29 11:40:00,1177.0,1177.0,1177.0,1177.0,0.0,4.0,4708.0,0
2025-10-29,2025-10-29 11:50:00,1177.0,1177.0,1177.0,1177.0,0.0,4.0,4708.0,0
2025-10-29,2025-10-29 12:00:00,1177.0,1177.0,1177.0,1177.0,0.0,4.0,4708.0,0
2025-10-29,2025-10-29 12:10:00,1177.0,1177.0,1177.0,1177.0,0.0,4.0,4708.0,0
2025-10-29,2025-10-29 12:20:00,1177.0,1177.0,1177.0,1177.0,0.0,4.0,4708.0,0
2025-10-29,2025-10-29 12:30:00,1177.0,1177.0,1177.0,1177.0,0.0,4.0,4708.0,0
2025-10-29,2025-10-29 12:40:00,1177.0,1177.0,1177.0,1177.0,0.0,4.0,4708.0,0
2025-10-29,2025-10-29 12:50:00,1177.0,1177.0,1177.0,1177.0,0.0,4.0,4708.0,0
2025-10-29,2025-10-29 13:00:00,1177.0,1177.0,1177.0,1177.0,0.0,4.0,4708.0,0
2025-10-29,2025-10-29 13:10:00,1177.0,1177.0,1177.0,1177.0,0.0,4.0,4708.0,0
2025-10-29,2025-10-29 13:20:00,1177.0,1177.0,1177.0,1177.0,0.0,4.0,4708.0,0
2025-10-29,2025-10-29 13:30:00,1177.0,1177.0,1177.0,1177.0,0.0,4.0,4708.0,0
2025-10-29,2025-10-29 13:40:00,1177.0,1177.0,1177.0,1177.0,0.0,4.0,4708.0,0
2025-10-29,2025-10-29 13:50:00,1177.0,1177.0,1177.0,1177.0,0.0,4.0,4708.0,0
2025-10-29,2025-10-29 14:00:00,1177.0,1177.0,1177.0,1177.0,0.0,4.0,4708.0,0
2025-10-29,2025-10-29 14:10:00,1177.0,1177.0,1177.0,1177.0,0.0,4.0,4708.0,0
2025-10-29,2025-10-29 14:20:00,1177.0,1177.0,1177.0,1177.0,0.0,4.0,4708.0,0
2025-10-29,2025-10-29 14:30:00,1177.0,1177.0,1177.0,1177.0,0.0,4.0,4708.0,0
2025-10-29,2025-10-29 14:40:00,1177.0,1177.0,1177.0,1177.0,0.0,4.0,4708.0,0
2025-10-29,2025-10-29 14:50:00,1177.0,1177.0,1177.0,1177.0,0.0,4.0,4708.0,0
2025-10-29,2025-10-29 15:00:00,1177.0,1177.0,1177.0,1177.0,0.0,4.0,4708.0,0
2025-11-03,2025-11-03 11:00:00,1177.0,1190.2,1177.0,1177.98,0.08,8.8,10726.4,1
2025-11-03,2025-11-03 11:10:00,1177.98,1178.96,1177.98,1178.96,0.08,8.8,10726.4,1
2025-11-03,2025-11-03 11:20:00,1178.96,1179.94,1178.96,1179.94,0.08,8.8,10726.4,1
2025-11-03,2025-11-03 11:30:00,1179.94,1180.92,1179.94,1180.92,0.08,8.8,10726.4,1
2025-11-03,2025-11-03 11:40:00,1180.92,1181.9,1180.92,1181.9,0.08,8.8,10726.4,1
2025-11-03,2025-11-03 11:50:00,1181.9,1182.88,1181.9,1182.88,0.08,8.8,10726.4,1
2025-11-03,2025-11-03 12:00:00,1182.88,1183.85,1182.88,1183.85,0.08,8.8,10726.4,1
2025-11-03,2025-11-03 12:10:00,1183.85,1184.83,1183.85,1184.83,0.08,8.8,10726.4,1
2025-11-03,2025-11-03 12:20:00,1184.83,1185.81,1184.83,1185.81,0.08,8.8,10726.4,1
2025-11-03,2025-11-03 12:30:00,1185.81,1186.79,1185.81,1186.79,0.08,8.8,10726.4,1
2025-11-03,2025-11-03 12:40:00,1186.79,1187.77,1186.79,1187.77,0.08,8.8,10726.4,1
2025-11-03,2025-11-03 12:50:00,1187.77,1188.75,1187.77,1188.75,0.08,8.8,10726.4,1
2025-11-03,2025-11-03 13:00:00,1188.75,1221.0,1177.0,1189.73,0.08,8.8,10726.4,1
2025-11-03,2025-11-03 13:10:00,1189.73,1190.71,1189.73,1190.71,0.08,8.8,10726.4,1
2025-11-03,2025-11-03 13:20:00,1190.71,1191.69,1190.71,1191.69,0.08,8.8,10726.4,1
2025-11-03,2025-11-03 13:30:00,1191.69,1192.67,1191.69,1192.67,0.08,8.8,10726.4,1
2025-11-03,2025-11-03 13:40:00,1192.67,1193.65,1192.67,1193.65,0.08,8.8,10726.4,1
2025-11-03,2025-11-03 13:50:00,1193.65,1194.62,1193.65,1194.62,0.08,8.8,10726.4,1
2025-11-03,2025-11-03 14:00:00,1194.62,1195.6,1194.62,1195.6,0.08,8.8,10726.4,1
2025-11-03,2025-11-03 14:10:00,1195.6,1196.58,1195.6,1196.58,0.08,8.8,10726.4,1
2025-11-03,2025-11-03 14:20:00,1196.58,1197.56,1196.58,1197.56,0.08,8.8,10726.4,1
2025-11-03,2025-11-03 14:30:00,1197.56,1198.54,1197.56,1198.54,0.08,8.8,10726.4,1
2025-11-03,2025-11-03 14:40:00,1198.54,1199.52,1198.54,1199.52,0.08,8.8,10726.4,1
2025-11-03,2025-11-03 14:50:00,1199.52,1200.5,1199.52,1200.5,0.08,8.8,10726.4,1
2025-11-03,2025-11-03 15:00:00,1200.5,1221.0,1177.0,1200.5,0.0,8.8,10726.4,0
2025-11-04,2025-11-04 11:00:00,1177.0,1183.9,1177.0,1177.96,0.08,100.0,119908.0,1
2025-11-04,2025-11-04 11:10:00,1177.96,1178.92,1177.96,1178.92,0.08,100.0,119908.0,1
2025-11-04,2025-11-04 11:20:00,1178.92,1179.88,1178.92,1179.88,0.08,100.0,119908.0,1
2025-11-04,2025-11-04 11:30:00,1179.88,1180.83,1179.88,1180.83,0.08,100.0,119908.0,1
2025-11-04,2025-11-04 11:40:00,1180.83,1181.79,1180.83,1181.79,0.08,100.0,119908.0,1
2025-11-04,2025-11-04 11:50:00,1181.79,1182.75,1181.79,1182.75,0.08,100.0,119908.0,1
2025-11-04,2025-11-04 12:00:00,1182.75,1183.71,1182.75,1183.71,0.08,100.0,119908.0,1
2025-11-04,2025-11-04 12:10:00,1183.71,1184.67,1183.71,1184.67,0.08,100.0,119908.0,1
2025-11-04,2025-11-04 12:20:00,1184.67,1185.62,1184.67,1185.62,0.08,100.0,119908.0,1
2025-11-04,2025-11-04 12:30:00,1185.62,1186.58,1185.62,1186.58,0.08,100.0,119908.0,1
2025-11-04,2025-11-04 12:40:00,1186.58,1187.54,1186.58,1187.54,0.08,100.0,119908.0,1
2025-11-04,2025-11-04 12:50:00,1187.54,1188.5,1187.54,1188.5,0.08,100.0,119908.0,1
2025-11-04,2025-11-04 13:00:00,1188.5,1200.0,1177.0,1189.46,0.08,100.0,119908.0,1
2025-11-04,2025-11-04 13:10:00,1189.46,1190.42,1189.46,1190.42,0.08,100.0,119908.0,1
2025-11-04,2025-11-04 13:20:00,1190.42,1191.38,1190.42,1191.38,0.08,100.0,119908.0,1
2025-11-04,2025-11-04 13:30:00,1191.38,1192.33,1191.38,1192.33,0.08,100.0,119908.0,1
2025-11-04,2025-11-04 13:40:00,1192.33,1193.29,1192.33,1193.29,0.08,100.0,119908.0,1
2025-11-04,2025-11-04 13:50:00,1193.29,1194.25,1193.29,1194.25,0.08,100.0,119908.0,1
2025-11-04,2025-11-04 14:00:00,1194.25,1195.21,1194.25,1195.21,0.08,100.0,119908.0,1
2025-11-04,2025-11-04 14:10:00,1195.21,1196.17,1195.21,1196.17,0.08,100.0,119908.0,1
2025-11-04,2025-11-04 14:20:00,1196.17,1197.12,1196.17,1197.12,0.08,100.0,119908.0,1
2025-11-04,2025-11-04 14:30:00,1197.12,1198.08,1197.12,1198.08,0.08,100.0,119908.0,1
2025-11-04,2025-11-04 14:40:00,1198.08,1199.04,1198.08,1199.04,0.08,100.0,119908.0,1
2025-11-04,2025-11-04 14:50:00,1199.04,1200.0,1199.04,1200.0,0.08,100.0,119908.0,1
2025-11-04,2025-11-04 15:00:00,1200.0,1200.0,1177.0,1200.0,0.0,100.0,119908.0,0
2025-11-05,2025-11-05 11:00:00,1176.0,1176.0,1176.0,1176.0,0.0,1.0,1176.0,0
2025-11-05,2025-11-05 11:10:00,1176.0,1176.0,1176.0,1176.0,0.0,1.0,1176.0,0
2025-11-05,2025-11-05 11:20:00,1176.0,1176.0,1176.0,1176.0,0.0,1.0,1176.0,0
2025-11-05,2025-11-05 11:30:00,1176.0,1176.0,1176.0,1176.0,0.0,1.0,1176.0,0
2025-11-05,2025-11-05 11:40:00,1176.0,1176.0,1176.0,1176.0,0.0,1.0,1176.0,0
2025-11-05,2025-11-05 11:50:00,1176.0,1176.0,1176.0,1176.0,0.0,1.0,1176.0,0
2025-11-05,2025-11-05 12:00:00,1176.0,1176.0,1176.0,1176.0,0.0,1.0,1176.0,0
2025-11-05,2025-11-05 12:10:00,1176.0,1176.0,1176.0,1176.0,0.0,1.0,1176.0,0
2025-11-05,2025-11-05 12:20:00,1176.0,1176.0,1176.0,1176.0,0.0,1.0,1176.0,0
2025-11-05,2025-11-05 12:30:00,1176.0,1176.0,1176.0,1176.0,0.0,1.0,1176.0,0
2025-11-05,2025-11-05 12:40:00,1176.0,1176.0,1176.0,1176.0,0.0,1.0,1176.0,0
2025-11-05,2025-11-05 12:50:00,1176.0,1176.0,1176.0,1176.0,0.0,1.0,1176.0,0
2025-11-05,2025-11-05 13:00:00,1176.0,1176.0,1176.0,1176.0,0.0,1.0,1176.0,0
2025-11-05,2025-11-05 13:10:00,1176.0,1176.0,1176.0,1176.0,0.0,1.0,1176.0,0
2025-11-05,2025-11-05 13:20:00,1176.0,1176.0,1176.0,1176.0,0.0,1.0,1176.0,0
2025-11-05,2025-11-05 13:30:00,1176.0,1176.0,1176.0,1176.0,0.0,1.0,1176.0,0
2025-11-05,2025-11-05 13:40:00,1176.0,1176.0,1176.0,1176.0,0.0,1.0,1176.0,0
2025-11-05,2025-11-05 13:50:00,1176.0,1176.0,1176.0,1176.0,0.0,1.0,1176.0,0
2025-11-05,2025-11-05 14:00:00,1176.0,1176.0,1176.0,1176.0,0.0,1.0,1176.0,0
2025-11-05,2025-11-05 14:10:00,1176.0,1176.0,1176.0,1176.0,0.0,1.0,1176.0,0
2025-11-05,2025-11-05 14:20:00,1176.0,1176.0,1176.0,1176.0,0.0,1.0,1176.0,0
2025-11-05,2025-11-05 14:30:00,1176.0,1176.0,1176.0,1176.0,0.0,1.0,1176.0,0
2025-11-05,2025-11-05 14:40:00,1176.0,1176.0,1176.0,1176.0,0.0,1.0,1176.0,0
2025-11-05,2025-11-05 14:50:00,1176.0,1176.0,1176.0,1176.0,0.0,1.0,1176.0,0
2025-11-05,2025-11-05 15:00:00,1176.0,1176.0,1176.0,1176.0,0.0,1.0,1176.0,0
2025-11-06,2025-11-06 11:00:00,1199.0,1199.0,1199.0,1199.0,0.0,1.0,1199.0,0
2025-11-06,2025-11-06 11:10:00,1199.0,1199.0,1199.0,1199.0,0.0,1.0,1199.0,0
2025-11-06,2025-11-06 11:20:00,1199.0,1199.0,1199.0,1199.0,0.0,1.0,1199.0,0
2025-11-06,2025-11-06 11:30:00,1199.0,1199.0,1199.0,1199.0,0.0,1.0,1199.0,0
2025-11-06,2025-11-06 11:40:00,1199.0,1199.0,1199.0,1199.0,0.0,1.0,1199.0,0
2025-11-06,2025-11-06 11:50:00,1199.0,1199.0,1199.0,1199.0,0.0,1.0,1199.0,0
2025-11-06,2025-11-06 12:00:00,1199.0,1199.0,1199.0,1199.0,0.0,1.0,1199.0,0
2025-11-06,2025-11-06 12:10:00,1199.0,1199.0,1199.0,1199.0,0.0,1.0,1199.0,0
2025-11-06,2025-11-06 12:20:00,1199.0,1199.0,1199.0,1199.0,0.0,1.0,1199.0,0
2025-11-06,2025-11-06 12:30:00,1199.0,1199.0,1199.0,1199.0,0.0,1.0,1199.0,0
2025-11-06,2025-11-06 12:40:00,1199.0,1199.0,1199.0,1199.0,0.0,1.0,1199.0,0
2025-11-06,2025-11-06 12:50:00,1199.0,1199.0,1199.0,1199.0,0.0,1.0,1199.0,0
2025-11-06,2025-11-06 13:00:00,1199.0,1199.0,1199.0,1199.0,0.0,1.0,1199.0,0
2025-11-06,2025-11-06 13:10:00,1199.0,1199.0,1199.0,1199.0,0.0,1.0,1199.0,0
2025-11-06,2025-11-06 13:20:00,1199.0,1199.0,1199.0,1199.0,0.0,1.0,1199.0,0
2025-11-06,2025-11-06 13:30:00,1199.0,1199.0,1199.0,1199.0,0.0,1.0,1199.0,0
2025-11-06,2025-11-06 13:40:00,1199.0,1199.0,1199.0,1199.0,0.0,1.0,1199.0,0
2025-11-06,2025-11-06 13:50:00,1199.0,1199.0,1199.0,1199.0,0.0,1.0,1199.0,0
2025-11-06,2025-11-06 14:00:00,1199.0,1199.0,1199.0,1199.0,0.0,1.0,1199.0,0
2025-11-06,2025-11-06 14:10:00,1199.0,1199.0,1199.0,1199.0,0.0,1.0,1199.0,0
2025-11-06,2025-11-06 14:20:00,1199.0,1199.0,1199.0,1199.0,0.0,1.0,1199.0,0
2025-11-06,2025-11-06 14:30:00,1199.0,1199.0,1199.0,1199.0,0.0,1.0,1199.0,0
2025-11-06,2025-11-06 14:40:00,1199.0,1199.0,1199.0,1199.0,0.0,1.0,1199.0,0
2025-11-06,2025-11-06 14:50:00,1199.0,1199.0,1199.0,1199.0,0.0,1.0,1199.0,0
2025-11-06,2025-11-06 15:00:00,1199.0,1199.0,1199.0,1199.0,0.0,1.0,1199.0,0
2025-11-09,2025-11-09 11:00:00,1222.9,1222.9,1222.9,1222.9,0.0,80.0,97832.0,0
2025-11-09,2025-11-09 11:10:00,1222.9,1222.9,1222.9,1222.9,0.0,80.0,97832.0,0
2025-11-09,2025-11-09 11:20:00,1222.9,1222.9,1222.9,1222.9,0.0,80.0,97832.0,0
2025-11-09,2025-11-09 11:30:00,1222.9,1222.9,1222.9,1222.9,0.0,80.0,97832.0,0
2025-11-09,2025-11-09 11:40:00,1222.9,1222.9,1222.9,1222.9,0.0,80.0,97832.0,0
2025-11-09,2025-11-09 11:50:00,1222.9,1222.9,1222.9,1222.9,0.0,80.0,97832.0,0
2025-11-09,2025-11-09 12:00:00,1222.9,1222.9,1222.9,1222.9,0.0,80.0,97832.0,0
2025-11-09,2025-11-09 12:10:00,1222.9,1222.9,1222.9,1222.9,0.0,80.0,97832.0,0
2025-11-09,2025-11-09 12:20:00,1222.9,1222.9,1222.9,1222.9,0.0,80.0,97832.0,0
2025-11-09,2025-11-09 12:30:00,1222.9,1222.9,1222.9,1222.9,0.0,80.0,97832.0,0
2025-11-09,2025-11-09 12:40:00,1222.9,1222.9,1222.9,1222.9,0.0,80.0,97832.0,0
2025-11-09,2025-11-09 12:50:00,1222.9,1222.9,1222.9,1222.9,0.0,80.0,97832.0,0
2025-11-09,2025-11-09 13:00:00,1222.9,1222.9,1222.9,1222.9,0.0,80.0,97832.0,0
2025-11-09,2025-11-09 13:10:00,1222.9,1222.9,1222.9,1222.9,0.0,80.0,97832.0,0
2025-11-09,2025-11-09 13:20:00,1222.9,1222.9,1222.9,1222.9,0.0,80.0,97832.0,0
2025-11-09,2025-11-09 13:30:00,1222.9,1222.9,1222.9,1222.9,0.0,80.0,97832.0,0
2025-11-09,2025-11-09 13:40:00,1222.9,1222.9,1222.9,1222.9,0.0,80.0,97832.0,0
2025-11-09,2025-11-09 13:50:00,1222.9,1222.9,1222.9,1222.9,0.0,80.0,97832.0,0
2025-11-09,2025-11-09 14:00:00,1222.9,1222.9,1222.9,1222.9,0.0,80.0,97832.0,0
2025-11-09,2025-11-09 14:10:00,1222.9,1222.9,1222.9,1222.9,0.0,80.0,97832.0,0
2025-11-09,2025-11-09 14:20:00,1222.9,1222.9,1222.9,1222.9,0.0,80.0,97832.0,0
2025-11-09,2025-11-09 14:30:00,1222.9,1222.9,1222.9,1222.9,0.0,80.0,97832.0,0
2025-11-09,2025-11-09 14:40:00,1222.9,1222.9,1222.9,1222.9,0.0,80.0,97832.0,0
2025-11-09,2025-11-09 14:50:00,1222.9,1222.9,1222.9,1222.9,0.0,80.0,97832.0,0
2025-11-09,2025-11-09 15:00:00,1222.9,1222.9,1222.9,1222.9,0.0,80.0,97832.0,0
2025-11-10,2025-11-10 11:00:00,1223.0,1223.0,1223.0,1223.0,0.0,22.0,26906.0,0
2025-11-10,2025-11-10 11:10:00,1223.0,1223.0,1223.0,1223.0,0.0,22.0,26906.0,0
2025-11-10,2025-11-10 11:20:00,1223.0,1223.0,1223.0,1223.0,0.0,22.0,26906.0,0
2025-11-10,2025-11-10 11:30:00,1223.0,1223.0,1223.0,1223.0,0.0,22.0,26906.0,0
2025-11-10,2025-11-10 11:40:00,1223.0,1223.0,1223.0,1223.0,0.0,22.0,26906.0,0
2025-11-10,2025-11-10 11:50:00,1223.0,1223.0,1223.0,1223.0,0.0,22.0,26906.0,0
2025-11-10,2025-11-10 12:00:00,1223.0,1223.0,1223.0,1223.0,0.0,22.0,26906.0,0
2025-11-10,2025-11-10 12:10:00,1223.0,1223.0,1223.0,1223.0,0.0,22.0,26906.0,0
2025-11-10,2025-11-10 12:20:00,1223.0,1223.0,1223.0,1223.0,0.0,22.0,26906.0,0
2025-11-10,2025-11-10 12:30:00,1223.0,1223.0,1223.0,1223.0,0.0,22.0,26906.0,0
2025-11-10,2025-11-10 12:40:00,1223.0,1223.0,1223.0,1223.0,0.0,22.0,26906.0,0
2025-11-10,2025-11-10 12:50:00,1223.0,1223.0,1223.0,1223.0,0.0,22.0,26906.0,0
2025-11-10,2025-11-10 13:00:00,1223.0,1223.0,1223.0,1223.0,0.0,22.0,26906.0,0
2025-11-10,2025-11-10 13:10:00,1223.0,1223.0,1223.0,1223.0,0.0,22.0,26906.0,0
2025-11-10,2025-11-10 13:20:00,1223.0,1223.0,1223.0,1223.0,0.0,22.0,26906.0,0
2025-11-10,2025-11-10 13:30:00,1223.0,1223.0,1223.0,1223.0,0.0,22.0,26906.0,0
2025-11-10,2025-11-10 13:40:00,1223.0,1223.0,1223.0,1223.0,0.0,22.0,26906.0,0
2025-11-10,2025-11-10 13:50:00,1223.0,1223.0,1223.0,1223.0,0.0,22.0,26906.0,0
2025-11-10,2025-11-10 14:00:00,1223.0,1223.0,1223.0,1223.0,0.0,22.0,26906.0,0
2025-11-10,2025-11-10 14:10:00,1223.0,1223.0,1223.0,1223.0,0.0,22.0,26906.0,0
2025-11-10,2025-11-10 14:20:00,1223.0,1223.0,1223.0,1223.0,0.0,22.0,26906.0,0
2025-11-10,2025-11-10 14:30:00,1223.0,1223.0,1223.0,1223.0,0.0,22.0,26906.0,0
2025-11-10,2025-11-10 14:40:00,1223.0,1223.0,1223.0,1223.0,0.0,22.0,26906.0,0
2025-11-10,2025-11-10 14:50:00,1223.0,1223.0,1223.0,1223.0,0.0,22.0,26906.0,0
2025-11-10,2025-11-10 15:00:00,1223.0,1223.0,1223.0,1223.0,0.0,22.0,26906.0,0
2025-11-11,2025-11-11 11:00:00,1203.0,1203.0,1203.0,1203.0,0.0,4.0,4812.0,0
2025-11-11,2025-11-11 11:10:00,1203.0,1203.0,1203.0,1203.0,0.0,4.0,4812.0,0
2025-11-11,2025-11-11 11:20:00,1203.0,1203.0,1203.0,1203.0,0.0,4.0,4812.0,0
2025-11-11,2025-11-11 11:30:00,1203.0,1203.0,1203.0,1203.0,0.0,4.0,4812.0,0
2025-11-11,2025-11-11 11:40:00,1203.0,1203.0,1203.0,1203.0,0.0,4.0,4812.0,0
2025-11-11,2025-11-11 11:50:00,1203.0,1203.0,1203.0,1203.0,0.0,4.0,4812.0,0
2025-11-11,2025-11-11 12:00:00,1203.0,1203.0,1203.0,1203.0,0.0,4.0,4812.0,0
2025-11-11,2025-11-11 12:10:00,1203.0,1203.0,1203.0,1203.0,0.0,4.0,4812.0,0
2025-11-11,2025-11-11 12:20:00,1203.0,1203.0,1203.0,1203.0,0.0,4.0,4812.0,0
2025-11-11,2025-11-11 12:30:00,1203.0,1203.0,1203.0,1203.0,0.0,4.0,4812.0,0
2025-11-11,2025-11-11 12:40:00,1203.0,1203.0,1203.0,1203.0,0.0,4.0,4812.0,0
2025-11-11,2025-11-11 12:50:00,1203.0,1203.0,1203.0,1203.0,0.0,4.0,4812.0,0
2025-11-11,2025-11-11 13:00:00,1203.0,1203.0,1203.0,1203.0,0.0,4.0,4812.0,0
2025-11-11,2025-11-11 13:10:00,1203.0,1203.0,1203.0,1203.0,0.0,4.0,4812.0,0
2025-11-11,2025-11-11 13:20:00,1203.0,1203.0,1203.0,1203.0,0.0,4.0,4812.0,0
2025-11-11,2025-11-11 13:30:00,1203.0,1203.0,1203.0,1203.0,0.0,4.0,4812.0,0
2025-11-11,2025-11-11 13:40:00,1203.0,1203.0,1203.0,1203.0,0.0,4.0,4812.0,0
2025-11-11,2025-11-11 13:50:00,1203.0,1203.0,1203.0,1203.0,0.0,4.0,4812.0,0
2025-11-11,2025-11-11 14:00:00,1203.0,1203.0,1203.0,1203.0,0.0,4.0,4812.0,0
2025-11-11,2025-11-11 14:10:00,1203.0,1203.0,1203.0,1203.0,0.0,4.0,4812.0,0
2025-11-11,2025-11-11 14:20:00,1203.0,1203.0,1203.0,1203.0,0.0,4.0,4812.0,0
2025-11-11,2025-11-11 14:30:00,1203.0,1203.0,1203.0,1203.0,0.0,4.0,4812.0,0
2025-11-11,2025-11-11 14:40:00,1203.0,1203.0,1203.0,1203.0,0.0,4.0,4812.0,0
2025-11-11,2025-11-11 14:50:00,1203.0,1203.0,1203.0,1203.0,0.0,4.0,4812.0,0
2025-11-11,2025-11-11 15:00:00,1203.0,1203.0,1203.0,1203.0,0.0,4.0,4812.0,0
2025-11-18,2025-11-18 11:00:00,1227.0,1227.0,1220.4,1226.08,-0.07,2.0,2432.0,-1
2025-11-18,2025-11-18 11:10:00,1226.08,1226.08,1225.17,1225.17,-0.07,2.0,2432.0,-1
2025-11-18,2025-11-18 11:20:00,1225.17,1225.17,1224.25,1224.25,-0.08,2.0,2432.0,-1
2025-11-18,2025-11-18 11:30:00,1224.25,1224.25,1223.33,1223.33,-0.08,2.0,2432.0,-1
2025-11-18,2025-11-18 11:40:00,1223.33,1223.33,1222.42,1222.42,-0.07,2.0,2432.0,-1
2025-11-18,2025-11-18 11:50:00,1222.42,1222.42,1221.5,1221.5,-0.08,2.0,2432.0,-1
2025-11-18,2025-11-18 12:00:00,1221.5,1221.5,1220.58,1220.58,-0.08,2.0,2432.0,-1
2025-11-18,2025-11-18 12:10:00,1220.58,1220.58,1219.67,1219.67,-0.07,2.0,2432.0,-1
2025-11-18,2025-11-18 12:20:00,1219.67,1219.67,1218.75,1218.75,-0.08,2.0,2432.0,-1
2025-11-18,2025-11-18 12:30:00,1218.75,1218.75,1217.83,1217.83,-0.08,2.0,2432.0,-1
2025-11-18,2025-11-18 12:40:00,1217.83,1217.83,1216.92,1216.92,-0.07,2.0,2432.0,-1
2025-11-18,2025-11-18 12:50:00,1216.92,1216.92,1216.0,1216.0,-0.08,2.0,2432.0,-1
2025-11-18,2025-11-18 13:00:00,1216.0,1227.0,1205.0,1215.08,-0.08,2.0,2432.0,-1
2025-11-18,2025-11-18 13:10:00,1215.08,1215.08,1214.17,1214.17,-0.07,2.0,2432.0,-1
2025-11-18,2025-11-18 13:20:00,1214.17,1214.17,1213.25,1213.25,-0.08,2.0,2432.0,-1
2025-11-18,2025-11-18 13:30:00,1213.25,1213.25,1212.33,1212.33,-0.08,2.0,2432.0,-1
2025-11-18,2025-11-18 13:40:00,1212.33,1212.33,1211.42,1211.42,-0.08,2.0,2432.0,-1
2025-11-18,2025-11-18 13:50:00,1211.42,1211.42,1210.5,1210.5,-0.08,2.0,2432.0,-1
2025-11-18,2025-11-18 14:00:00,1210.5,1210.5,1209.58,1209.58,-0.08,2.0,2432.0,-1
2025-11-18,2025-11-18 14:10:00,1209.58,1209.58,1208.67,1208.67,-0.08,2.0,2432.0,-1
2025-11-18,2025-11-18 14:20:00,1208.67,1208.67,1207.75,1207.75,-0.08,2.0,2432.0,-1
2025-11-18,2025-11-18 14:30:00,1207.75,1207.75,1206.83,1206.83,-0.08,2.0,2432.0,-1
2025-11-18,2025-11-18 14:40:00,1206.83,1206.83,1205.92,1205.92,-0.08,2.0,2432.0,-1
2025-11-18,2025-11-18 14:50:00,1205.92,1205.92,1205.0,1205.0,-0.08,2.0,2432.0,-1
2025-11-18,2025-11-18 15:00:00,1205.0,1227.0,1205.0,1205.0,0.0,2.0,2432.0,0
2025-11-30,2025-11-30 11:00:00,1186.0,1187.2,1186.0,1186.17,0.01,2.4,2852.0,1
2025-11-30,2025-11-30 11:10:00,1186.17,1186.33,1186.17,1186.33,0.01,2.4,2852.0,1
2025-11-30,2025-11-30 11:20:00,1186.33,1186.5,1186.33,1186.5,0.01,2.4,2852.0,1
2025-11-30,2025-11-30 11:30:00,1186.5,1186.67,1186.5,1186.67,0.01,2.4,2852.0,1
2025-11-30,2025-11-30 11:40:00,1186.67,1186.83,1186.67,1186.83,0.01,2.4,2852.0,1
2025-11-30,2025-11-30 11:50:00,1186.83,1187.0,1186.83,1187.0,0.01,2.4,2852.0,1
2025-11-30,2025-11-30 12:00:00,1187.0,1187.17,1187.0,1187.17,0.01,2.4,2852.0,1
2025-11-30,2025-11-30 12:10:00,1187.17,1187.33,1187.17,1187.33,0.01,2.4,2852.0,1
2025-11-30,2025-11-30 12:20:00,1187.33,1187.5,1187.33,1187.5,0.01,2.4,2852.0,1
2025-11-30,2025-11-30 12:30:00,1187.5,1187.67,1187.5,1187.67,0.01,2.4,2852.0,1
2025-11-30,2025-11-30 12:40:00,1187.67,1187.83,1187.67,1187.83,0.01,2.4,2852.0,1
2025-11-30,2025-11-30 12:50:00,1187.83,1188.0,1187.83,1188.0,0.01,2.4,2852.0,1
2025-11-30,2025-11-30 13:00:00,1188.0,1190.0,1186.0,1188.17,0.01,2.4,2852.0,1
2025-11-30,2025-11-30 13:10:00,1188.17,1188.33,1188.17,1188.33,0.01,2.4,2852.0,1
2025-11-30,2025-11-30 13:20:00,1188.33,1188.5,1188.33,1188.5,0.01,2.4,2852.0,1
2025-11-30,2025-11-30 13:30:00,1188.5,1188.67,1188.5,1188.67,0.01,2.4,2852.0,1
2025-11-30,2025-11-30 13:40:00,1188.67,1188.83,1188.67,1188.83,0.01,2.4,2852.0,1
2025-11-30,2025-11-30 13:50:00,1188.83,1189.0,1188.83,1189.0,0.01,2.4,2852.0,1
2025-11-30,2025-11-30 14:00:00,1189.0,1189.17,1189.0,1189.17,0.01,2.4,2852.0,1
2025-11-30,2025-11-30 14:10:00,1189.17,1189.33,1189.17,1189.33,0.01,2.4,2852.0,1
2025-11-30,2025-11-30 14:20:00,1189.33,1189.5,1189.33,1189.5,0.01,2.4,2852.0,1
2025-11-30,2025-11-30 14:30:00,1189.5,1189.67,1189.5,1189.67,0.01,2.4,2852.0,1
2025-11-30,2025-11-30 14:40:00,1189.67,1189.83,1189.67,1189.83,0.01,2.4,2852.0,1
2025-11-30,2025-11-30 14:50:00,1189.83,1190.0,1189.83,1190.0,0.01,2.4,2852.0,1
2025-11-30,2025-11-30 15:00:00,1190.0,1190.0,1186.0,1190.0,0.0,2.4,2852.0,0
2025-12-08,2025-12-08 11:00:00,1190.0,1190.0,1190.0,1190.0,0.0,1.0,1190.0,0
2025-12-08,2025-12-08 11:10:00,1190.0,1190.0,1190.0,1190.0,0.0,1.0,1190.0,0
2025-12-08,2025-12-08 11:20:00,1190.0,1190.0,1190.0,1190.0,0.0,1.0,1190.0,0
2025-12-08,2025-12-08 11:30:00,1190.0,1190.0,1190.0,1190.0,0.0,1.0,1190.0,0
2025-12-08,2025-12-08 11:40:00,1190.0,1190.0,1190.0,1190.0,0.0,1.0,1190.0,0
2025-12-08,2025-12-08 11:50:00,1190.0,1190.0,1190.0,1190.0,0.0,1.0,1190.0,0
2025-12-08,2025-12-08 12:00:00,1190.0,1190.0,1190.0,1190.0,0.0,1.0,1190.0,0
2025-12-08,2025-12-08 12:10:00,1190.0,1190.0,1190.0,1190.0,0.0,1.0,1190.0,0
2025-12-08,2025-12-08 12:20:00,1190.0,1190.0,1190.0,1190.0,0.0,1.0,1190.0,0
2025-12-08,2025-12-08 12:30:00,1190.0,1190.0,1190.0,1190.0,0.0,1.0,1190.0,0
2025-12-08,2025-12-08 12:40:00,1190.0,1190.0,1190.0,1190.0,0.0,1.0,1190.0,0
2025-12-08,2025-12-08 12:50:00,1190.0,1190.0,1190.0,1190.0,0.0,1.0,1190.0,0
2025-12-08,2025-12-08 13:00:00,1190.0,1190.0,1190.0,1190.0,0.0,1.0,1190.0,0
2025-12-08,2025-12-08 13:10:00,1190.0,1190.0,1190.0,1190.0,0.0,1.0,1190.0,0
2025-12-08,2025-12-08 13:20:00,1190.0,1190.0,1190.0,1190.0,0.0,1.0,1190.0,0
2025-12-08,2025-12-08 13:30:00,1190.0,1190.0,1190.0,1190.0,0.0,1.0,1190.0,0
2025-12-08,2025-12-08 13:40:00,1190.0,1190.0,1190.0,1190.0,0.0,1.0,1190.0,0
2025-12-08,2025-12-08 13:50:00,1190.0,1190.0,1190.0,1190.0,0.0,1.0,1190.0,0
2025-12-08,2025-12-08 14:00:00,1190.0,1190.0,1190.0,1190.0,0.0,1.0,1190.0,0
2025-12-08,2025-12-08 14:10:00,1190.0,1190.0,1190.0,1190.0,0.0,1.0,1190.0,0
2025-12-08,2025-12-08 14:20:00,1190.0,1190.0,1190.0,1190.0,0.0,1.0,1190.0,0
2025-12-08,2025-12-08 14:30:00,1190.0,1190.0,1190.0,1190.0,0.0,1.0,1190.0,0
2025-12-08,2025-12-08 14:40:00,1190.0,1190.0,1190.0,1190.0,0.0,1.0,1190.0,0
2025-12-08,2025-12-08 14:50:00,1190.0,1190.0,1190.0,1190.0,0.0,1.0,1190.0,0
2025-12-08,2025-12-08 15:00:00,1190.0,1190.0,1190.0,1190.0,0.0,1.0,1190.0,0
2025-12-09,2025-12-09 11:00:00,1195.0,1195.0,1195.0,1195.0,0.0,2.0,2390.0,0
2025-12-09,2025-12-09 11:10:00,1195.0,1195.0,1195.0,1195.0,0.0,2.0,2390.0,0
2025-12-09,2025-12-09 11:20:00,1195.0,1195.0,1195.0,1195.0,0.0,2.0,2390.0,0
2025-12-09,2025-12-09 11:30:00,1195.0,1195.0,1195.0,1195.0,0.0,2.0,2390.0,0
2025-12-09,2025-12-09 11:40:00,1195.0,1195.0,1195.0,1195.0,0.0,2.0,2390.0,0
2025-12-09,2025-12-09 11:50:00,1195.0,1195.0,1195.0,1195.0,0.0,2.0,2390.0,0
2025-12-09,2025-12-09 12:00:00,1195.0,1195.0,1195.0,1195.0,0.0,2.0,2390.0,0
2025-12-09,2025-12-09 12:10:00,1195.0,1195.0,1195.0,1195.0,0.0,2.0,2390.0,0
2025-12-09,2025-12-09 12:20:00,1195.0,1195.0,1195.0,1195.0,0.0,2.0,2390.0,0
2025-12-09,2025-12-09 12:30:00,1195.0,1195.0,1195.0,1195.0,0.0,2.0,2390.0,0
2025-12-09,2025-12-09 12:40:00,1195.0,1195.0,1195.0,1195.0,0.0,2.0,2390.0,0
2025-12-09,2025-12-09 12:50:00,1195.0,1195.0,1195.0,1195.0,0.0,2.0,2390.0,0
2025-12-09,2025-12-09 13:00:00,1195.0,1195.0,1195.0,1195.0,0.0,2.0,2390.0,0
2025-12-09,2025-12-09 13:10:00,1195.0,1195.0,1195.0,1195.0,0.0,2.0,2390.0,0
2025-12-09,2025-12-09 13:20:00,1195.0,1195.0,1195.0,1195.0,0.0,2.0,2390.0,0
2025-12-09,2025-12-09 13:30:00,1195.0,1195.0,1195.0,1195.0,0.0,2.0,2390.0,0
2025-12-09,2025-12-09 13:40:00,1195.0,1195.0,1195.0,1195.0,0.0,2.0,2390.0,0
2025-12-09,2025-12-09 13:50:00,1195.0,1195.0,1195.0,1195.0,0.0,2.0,2390.0,0
2025-12-09,2025-12-09 14:00:00,1195.0,1195.0,1195.0,1195.0,0.0,2.0,2390.0,0
2025-12-09,2025-12-09 14:10:00,1195.0,1195.0,1195.0,1195.0,0.0,2.0,2390.0,0
2025-12-09,2025-12-09 14:20:00,1195.0,1195.0,1195.0,1195.0,0.0,2.0,2390.0,0
2025-12-09,2025-12-09 14:30:00,1195.0,1195.0,1195.0,1195.0,0.0,2.0,2390.0,0
2025-12-09,2025-12-09 14:40:00,1195.0,1195.0,1195.0,1195.0,0.0,2.0,2390.0,0
2025-12-09,2025-12-09 14:50:00,1195.0,1195.0,1195.0,1195.0,0.0,2.0,2390.0,0
2025-12-09,2025-12-09 15:00:00,1195.0,1195.0,1195.0,1195.0,0.0,2.0,2390.0,0
2025-12-10,2025-12-10 11:00:00,1201.0,1201.0,1201.0,1201.0,0.0,1.0,1201.0,0
2025-12-10,2025-12-10 11:10:00,1201.0,1201.0,1201.0,1201.0,0.0,1.0,1201.0,0
2025-12-10,2025-12-10 11:20:00,1201.0,1201.0,1201.0,1201.0,0.0,1.0,1201.0,0
2025-12-10,2025-12-10 11:30:00,1201.0,1201.0,1201.0,1201.0,0.0,1.0,1201.0,0
2025-12-10,2025-12-10 11:40:00,1201.0,1201.0,1201.0,1201.0,0.0,1.0,1201.0,0
2025-12-10,2025-12-10 11:50:00,1201.0,1201.0,1201.0,1201.0,0.0,1.0,1201.0,0
2025-12-10,2025-12-10 12:00:00,1201.0,1201.0,1201.0,1201.0,0.0,1.0,1201.0,0
2025-12-10,2025-12-10 12:10:00,1201.0,1201.0,1201.0,1201.0,0.0,1.0,1201.0,0
2025-12-10,2025-12-10 12:20:00,1201.0,1201.0,1201.0,1201.0,0.0,1.0,1201.0,0
2025-12-10,2025-12-10 12:30:00,1201.0,1201.0,1201.0,1201.0,0.0,1.0,1201.0,0
2025-12-10,2025-12-10 12:40:00,1201.0,1201.0,1201.0,1201.0,0.0,1.0,1201.0,0
2025-12-10,2025-12-10 12:50:00,1201.0,1201.0,1201.0,1201.0,0.0,1.0,1201.0,0
2025-12-10,2025-12-10 13:00:00,1201.0,1201.0,1201.0,1201.0,0.0,1.0,1201.0,0
2025-12-10,2025-12-10 13:10:00,1201.0,1201.0,1201.0,1201.0,0.0,1.0,1201.0,0
2025-12-10,2025-12-10 13:20:00,1201.0,1201.0,1201.0,1201.0,0.0,1.0,1201.0,0
2025-12-10,2025-12-10 13:30:00,1201.0,1201.0,1201.0,1201.0,0.0,1.0,1201.0,0
2025-12-10,2025-12-10 13:40:00,1201.0,1201.0,1201.0,1201.0,0.0,1.0,1201.0,0
2025-12-10,2025-12-10 13:50:00,1201.0,1201.0,1201.0,1201.0,0.0,1.0,1201.0,0
2025-12-10,2025-12-10 14:00:00,1201.0,1201.0,1201.0,1201.0,0.0,1.0,1201.0,0
2025-12-10,2025-12-10 14:10:00,1201.0,1201.0,1201.0,1201.0,0.0,1.0,1201.0,0
2025-12-10,2025-12-10 14:20:00,1201.0,1201.0,1201.0,1201.0,0.0,1.0,1201.0,0
2025-12-10,2025-12-10 14:30:00,1201.0,1201.0,1201.0,1201.0,0.0,1.0,1201.0,0
2025-12-10,2025-12-10 14:40:00,1201.0,1201.0,1201.0,1201.0,0.0,1.0,1201.0,0
2025-12-10,2025-12-10 14:50:00,1201.0,1201.0,1201.0,1201.0,0.0,1.0,1201.0,0
2025-12-10,2025-12-10 15:00:00,1201.0,1201.0,1201.0,1201.0,0.0,1.0,1201.0,0
2025-12-15,2025-12-15 11:00:00,1206.0,1206.0,1206.0,1206.0,0.0,1.0,1206.0,0
2025-12-15,2025-12-15 11:10:00,1206.0,1206.0,1206.0,1206.0,0.0,1.0,1206.0,0
2025-12-15,2025-12-15 11:20:00,1206.0,1206.0,1206.0,1206.0,0.0,1.0,1206.0,0
2025-12-15,2025-12-15 11:30:00,1206.0,1206.0,1206.0,1206.0,0.0,1.0,1206.0,0
2025-12-15,2025-12-15 11:40:00,1206.0,1206.0,1206.0,1206.0,0.0,1.0,1206.0,0
2025-12-15,2025-12-15 11:50:00,1206.0,1206.0,1206.0,1206.0,0.0,1.0,1206.0,0
2025-12-15,2025-12-15 12:00:00,1206.0,1206.0,1206.0,1206.0,0.0,1.0,1206.0,0
2025-12-15,2025-12-15 12:10:00,1206.0,1206.0,1206.0,1206.0,0.0,1.0,1206.0,0
2025-12-15,2025-12-15 12:20:00,1206.0,1206.0,1206.0,1206.0,0.0,1.0,1206.0,0
2025-12-15,2025-12-15 12:30:00,1206.0,1206.0,1206.0,1206.0,0.0,1.0,1206.0,0
2025-12-15,2025-12-15 12:40:00,1206.0,1206.0,1206.0,1206.0,0.0,1.0,1206.0,0
2025-12-15,2025-12-15 12:50:00,1206.0,1206.0,1206.0,1206.0,0.0,1.0,1206.0,0
2025-12-15,2025-12-15 13:00:00,1206.0,1206.0,1206.0,1206.0,0.0,1.0,1206.0,0
2025-12-15,2025-12-15 13:10:00,1206.0,1206.0,1206.0,1206.0,0.0,1.0,1206.0,0
2025-12-15,2025-12-15 13:20:00,1206.0,1206.0,1206.0,1206.0,0.0,1.0,1206.0,0
2025-12-15,2025-12-15 13:30:00,1206.0,1206.0,1206.0,1206.0,0.0,1.0,1206.0,0
2025-12-15,2025-12-15 13:40:00,1206.0,1206.0,1206.0,1206.0,0.0,1.0,1206.0,0
2025-12-15,2025-12-15 13:50:00,1206.0,1206.0,1206.0,1206.0,0.0,1.0,1206.0,0
2025-12-15,2025-12-15 14:00:00,1206.0,1206.0,1206.0,1206.0,0.0,1.0,1206.0,0
2025-12-15,2025-12-15 14:10:00,1206.0,1206.0,1206.0,1206.0,0.0,1.0,1206.0,0
2025-12-15,2025-12-15 14:20:00,1206.0,1206.0,1206.0,1206.0,0.0,1.0,1206.0,0
2025-12-15,2025-12-15 14:30:00,1206.0,1206.0,1206.0,1206.0,0.0,1.0,1206.0,0
2025-12-15,2025-12-15 14:40:00,1206.0,1206.0,1206.0,1206.0,0.0,1.0,1206.0,0
2025-12-15,2025-12-15 14:50:00,1206.0,1206.0,1206.0,1206.0,0.0,1.0,1206.0,0
2025-12-15,2025-12-15 15:00:00,1206.0,1206.0,1206.0,1206.0,0.0,1.0,1206.0,0
2025-12-17,2025-12-17 11:00:00,1206.0,1206.0,1206.0,1206.0,0.0,1.0,1206.0,0
2025-12-17,2025-12-17 11:10:00,1206.0,1206.0,1206.0,1206.0,0.0,1.0,1206.0,0
2025-12-17,2025-12-17 11:20:00,1206.0,1206.0,1206.0,1206.0,0.0,1.0,1206.0,0
2025-12-17,2025-12-17 11:30:00,1206.0,1206.0,1206.0,1206.0,0.0,1.0,1206.0,0
2025-12-17,2025-12-17 11:40:00,1206.0,1206.0,1206.0,1206.0,0.0,1.0,1206.0,0
2025-12-17,2025-12-17 11:50:00,1206.0,1206.0,1206.0,1206.0,0.0,1.0,1206.0,0
2025-12-17,2025-12-17 12:00:00,1206.0,1206.0,1206.0,1206.0,0.0,1.0,1206.0,0
2025-12-17,2025-12-17 12:10:00,1206.0,1206.0,1206.0,1206.0,0.0,1.0,1206.0,0
2025-12-17,2025-12-17 12:20:00,1206.0,1206.0,1206.0,1206.0,0.0,1.0,1206.0,0
2025-12-17,2025-12-17 12:30:00,1206.0,1206.0,1206.0,1206.0,0.0,1.0,1206.0,0
2025-12-17,2025-12-17 12:40:00,1206.0,1206.0,1206.0,1206.0,0.0,1.0,1206.0,0
2025-12-17,2025-12-17 12:50:00,1206.0,1206.0,1206.0,1206.0,0.0,1.0,1206.0,0
2025-12-17,2025-12-17 13:00:00,1206.0,1206.0,1206.0,1206.0,0.0,1.0,1206.0,0
2025-12-17,2025-12-17 13:10:00,1206.0,1206.0,1206.0,1206.0,0.0,1.0,1206.0,0
2025-12-17,2025-12-17 13:20:00,1206.0,1206.0,1206.0,1206.0,0.0,1.0,1206.0,0
2025-12-17,2025-12-17 13:30:00,1206.0,1206.0,1206.0,1206.0,0.0,1.0,1206.0,0
2025-12-17,2025-12-17 13:40:00,1206.0,1206.0,1206.0,1206.0,0.0,1.0,1206.0,0
2025-12-17,2025-12-17 13:50:00,1206.0,1206.0,1206.0,1206.0,0.0,1.0,1206.0,0
2025-12-17,2025-12-17 14:00:00,1206.0,1206.0,1206.0,1206.0,0.0,1.0,1206.0,0
2025-12-17,2025-12-17 14:10:00,1206.0,1206.0,1206.0,1206.0,0.0,1.0,1206.0,0
2025-12-17,2025-12-17 14:20:00,1206.0,1206.0,1206.0,1206.0,0.0,1.0,1206.0,0
2025-12-17,2025-12-17 14:30:00,1206.0,1206.0,1206.0,1206.0,0.0,1.0,1206.0,0
2025-12-17,2025-12-17 14:40:00,1206.0,1206.0,1206.0,1206.0,0.0,1.0,1206.0,0
2025-12-17,2025-12-17 14:50:00,1206.0,1206.0,1206.0,1206.0,0.0,1.0,1206.0,0
2025-12-17,2025-12-17 15:00:00,1206.0,1206.0,1206.0,1206.0,0.0,1.0,1206.0,0
2025-12-21,2025-12-21 11:00:00,1230.0,1230.3,1230.0,1230.04,0.0,13.4,16492.4,1
2025-12-21,2025-12-21 11:10:00,1230.04,1230.08,1230.04,1230.08,0.0,13.4,16492.4,1
2025-12-21,2025-12-21 11:20:00,1230.08,1230.12,1230.08,1230.12,0.0,13.4,16492.4,1
2025-12-21,2025-12-21 11:30:00,1230.12,1230.17,1230.12,1230.17,0.0,13.4,16492.4,1
2025-12-21,2025-12-21 11:40:00,1230.17,1230.21,1230.17,1230.21,0.0,13.4,16492.4,1
2025-12-21,2025-12-21 11:50:00,1230.21,1230.25,1230.21,1230.25,0.0,13.4,16492.4,1
2025-12-21,2025-12-21 12:00:00,1230.25,1230.29,1230.25,1230.29,0.0,13.4,16492.4,1
2025-12-21,2025-12-21 12:10:00,1230.29,1230.33,1230.29,1230.33,0.0,13.4,16492.4,1
2025-12-21,2025-12-21 12:20:00,1230.33,1230.38,1230.33,1230.38,0.0,13.4,16492.4,1
2025-12-21,2025-12-21 12:30:00,1230.38,1230.42,1230.38,1230.42,0.0,13.4,16492.4,1
2025-12-21,2025-12-21 12:40:00,1230.42,1230.46,1230.42,1230.46,0.0,13.4,16492.4,1
2025-12-21,2025-12-21 12:50:00,1230.46,1230.5,1230.46,1230.5,0.0,13.4,16492.4,1
2025-12-21,2025-12-21 13:00:00,1230.5,1231.0,1230.0,1230.54,0.0,13.4,16492.4,1
2025-12-21,2025-12-21 13:10:00,1230.54,1230.58,1230.54,1230.58,0.0,13.4,16492.4,1
2025-12-21,2025-12-21 13:20:00,1230.58,1230.62,1230.58,1230.62,0.0,13.4,16492.4,1
2025-12-21,2025-12-21 13:30:00,1230.62,1230.67,1230.62,1230.67,0.0,13.4,16492.4,1
2025-12-21,2025-12-21 13:40:00,1230.67,1230.71,1230.67,1230.71,0.0,13.4,16492.4,1
2025-12-21,2025-12-21 13:50:00,1230.71,1230.75,1230.71,1230.75,0.0,13.4,16492.4,1
2025-12-21,2025-12-21 14:00:00,1230.75,1230.79,1230.75,1230.79,0.0,13.4,16492.4,1
2025-12-21,2025-12-21 14:10:00,1230.79,1230.83,1230.79,1230.83,0.0,13.4,16492.4,1
2025-12-21,2025-12-21 14:20:00,1230.83,1230.88,1230.83,1230.88,0.0,13.4,16492.4,1
2025-12-21,2025-12-21 14:30:00,1230.88,1230.92,1230.88,1230.92,0.0,13.4,16492.4,1
2025-12-21,2025-12-21 14:40:00,1230.92,1230.96,1230.92,1230.96,0.0,13.4,16492.4,1
2025-12-21,2025-12-21 14:50:00,1230.96,1231.0,1230.96,1231.0,0.0,13.4,16492.4,1
2025-12-21,2025-12-21 15:00:00,1231.0,1231.0,1230.0,1231.0,0.0,13.4,16492.4,0
2025-12-22,2025-12-22 11:00:00,1207.0,1207.0,1207.0,1207.0,0.0,3.0,3621.0,0
2025-12-22,2025-12-22 11:10:00,1207.0,1207.0,1207.0,1207.0,0.0,3.0,3621.0,0
2025-12-22,2025-12-22 11:20:00,1207.0,1207.0,1207.0,1207.0,0.0,3.0,3621.0,0
2025-12-22,2025-12-22 11:30:00,1207.0,1207.0,1207.0,1207.0,0.0,3.0,3621.0,0
2025-12-22,2025-12-22 11:40:00,1207.0,1207.0,1207.0,1207.0,0.0,3.0,3621.0,0
2025-12-22,2025-12-22 11:50:00,1207.0,1207.0,1207.0,1207.0,0.0,3.0,3621.0,0
2025-12-22,2025-12-22 12:00:00,1207.0,1207.0,1207.0,1207.0,0.0,3.0,3621.0,0
2025-12-22,2025-12-22 12:10:00,1207.0,1207.0,1207.0,1207.0,0.0,3.0,3621.0,0
2025-12-22,2025-12-22 12:20:00,1207.0,1207.0,1207.0,1207.0,0.0,3.0,3621.0,0
2025-12-22,2025-12-22 12:30:00,1207.0,1207.0,1207.0,1207.0,0.0,3.0,3621.0,0
2025-12-22,2025-12-22 12:40:00,1207.0,1207.0,1207.0,1207.0,0.0,3.0,3621.0,0
2025-12-22,2025-12-22 12:50:00,1207.0,1207.0,1207.0,1207.0,0.0,3.0,3621.0,0
2025-12-22,2025-12-22 13:00:00,1207.0,1207.0,1207.0,1207.0,0.0,3.0,3621.0,0
2025-12-22,2025-12-22 13:10:00,1207.0,1207.0,1207.0,1207.0,0.0,3.0,3621.0,0
2025-12-22,2025-12-22 13:20:00,1207.0,1207.0,1207.0,1207.0,0.0,3.0,3621.0,0
2025-12-22,2025-12-22 13:30:00,1207.0,1207.0,1207.0,1207.0,0.0,3.0,3621.0,0
2025-12-22,2025-12-22 13:40:00,1207.0,1207.0,1207.0,1207.0,0.0,3.0,3621.0,0
2025-12-22,2025-12-22 13:50:00,1207.0,1207.0,1207.0,1207.0,0.0,3.0,3621.0,0
2025-12-22,2025-12-22 14:00:00,1207.0,1207.0,1207.0,1207.0,0.0,3.0,3621.0,0
2025-12-22,2025-12-22 14:10:00,1207.0,1207.0,1207.0,1207.0,0.0,3.0,3621.0,0
2025-12-22,2025-12-22 14:20:00,1207.0,1207.0,1207.0,1207.0,0.0,3.0,3621.0,0
2025-12-22,2025-12-22 14:30:00,1207.0,1207.0,1207.0,1207.0,0.0,3.0,3621.0,0
2025-12-22,2025-12-22 14:40:00,1207.0,1207.0,1207.0,1207.0,0.0,3.0,3621.0,0
2025-12-22,2025-12-22 14:50:00,1207.0,1207.0,1207.0,1207.0,0.0,3.0,3621.0,0
2025-12-22,2025-12-22 15:00:00,1207.0,1207.0,1207.0,1207.0,0.0,3.0,3621.0,0
2025-12-23,2025-12-23 11:00:00,1207.0,1207.0,1207.0,1207.0,0.0,1.0,1207.0,0
2025-12-23,2025-12-23 11:10:00,1207.0,1207.0,1207.0,1207.0,0.0,1.0,1207.0,0
2025-12-23,2025-12-23 11:20:00,1207.0,1207.0,1207.0,1207.0,0.0,1.0,1207.0,0
2025-12-23,2025-12-23 11:30:00,1207.0,1207.0,1207.0,1207.0,0.0,1.0,1207.0,0
2025-12-23,2025-12-23 11:40:00,1207.0,1207.0,1207.0,1207.0,0.0,1.0,1207.0,0
2025-12-23,2025-12-23 11:50:00,1207.0,1207.0,1207.0,1207.0,0.0,1.0,1207.0,0
2025-12-23,2025-12-23 12:00:00,1207.0,1207.0,1207.0,1207.0,0.0,1.0,1207.0,0
2025-12-23,2025-12-23 12:10:00,1207.0,1207.0,1207.0,1207.0,0.0,1.0,1207.0,0
2025-12-23,2025-12-23 12:20:00,1207.0,1207.0,1207.0,1207.0,0.0,1.0,1207.0,0
2025-12-23,2025-12-23 12:30:00,1207.0,1207.0,1207.0,1207.0,0.0,1.0,1207.0,0
2025-12-23,2025-12-23 12:40:00,1207.0,1207.0,1207.0,1207.0,0.0,1.0,1207.0,0
2025-12-23,2025-12-23 12:50:00,1207.0,1207.0,1207.0,1207.0,0.0,1.0,1207.0,0
2025-12-23,2025-12-23 13:00:00,1207.0,1207.0,1207.0,1207.0,0.0,1.0,1207.0,0
2025-12-23,2025-12-23 13:10:00,1207.0,1207.0,1207.0,1207.0,0.0,1.0,1207.0,0
2025-12-23,2025-12-23 13:20:00,1207.0,1207.0,1207.0,1207.0,0.0,1.0,1207.0,0
2025-12-23,2025-12-23 13:30:00,1207.0,1207.0,1207.0,1207.0,0.0,1.0,1207.0,0
2025-12-23,2025-12-23 13:40:00,1207.0,1207.0,1207.0,1207.0,0.0,1.0,1207.0,0
2025-12-23,2025-12-23 13:50:00,1207.0,1207.0,1207.0,1207.0,0.0,1.0,1207.0,0
2025-12-23,2025-12-23 14:00:00,1207.0,1207.0,1207.0,1207.0,0.0,1.0,1207.0,0
2025-12-23,2025-12-23 14:10:00,1207.0,1207.0,1207.0,1207.0,0.0,1.0,1207.0,0
2025-12-23,2025-12-23 14:20:00,1207.0,1207.0,1207.0,1207.0,0.0,1.0,1207.0,0
2025-12-23,2025-12-23 14:30:00,1207.0,1207.0,1207.0,1207.0,0.0,1.0,1207.0,0
2025-12-23,2025-12-23 14:40:00,1207.0,1207.0,1207.0,1207.0,0.0,1.0,1207.0,0
2025-12-23,2025-12-23 14:50:00,1207.0,1207.0,1207.0,1207.0,0.0,1.0,1207.0,0
2025-12-23,2025-12-23 15:00:00,1207.0,1207.0,1207.0,1207.0,0.0,1.0,1207.0,0
2025-12-29,2025-12-29 11:00:00,1231.1,1231.1,1231.1,1231.1,0.0,4.0,4924.4,0
2025-12-29,2025-12-29 11:10:00,1231.1,1231.1,1231.1,1231.1,0.0,4.0,4924.4,0
2025-12-29,2025-12-29 11:20:00,1231.1,1231.1,1231.1,1231.1,0.0,4.0,4924.4,0
2025-12-29,2025-12-29 11:30:00,1231.1,1231.1,1231.1,1231.1,0.0,4.0,4924.4,0
2025-12-29,2025-12-29 11:40:00,1231.1,1231.1,1231.1,1231.1,0.0,4.0,4924.4,0
2025-12-29,2025-12-29 11:50:00,1231.1,1231.1,1231.1,1231.1,0.0,4.0,4924.4,0
2025-12-29,2025-12-29 12:00:00,1231.1,1231.1,1231.1,1231.1,0.0,4.0,4924.4,0
2025-12-29,2025-12-29 12:10:00,1231.1,1231.1,1231.1,1231.1,0.0,4.0,4924.4,0
2025-12-29,2025-12-29 12:20:00,1231.1,1231.1,1231.1,1231.1,0.0,4.0,4924.4,0
2025-12-29,2025-12-29 12:30:00,1231.1,1231.1,1231.1,1231.1,0.0,4.0,4924.4,0
2025-12-29,2025-12-29 12:40:00,1231.1,1231.1,1231.1,1231.1,0.0,4.0,4924.4,0
2025-12-29,2025-12-29 12:50:00,1231.1,1231.1,1231.1,1231.1,0.0,4.0,4924.4,0
2025-12-29,2025-12-29 13:00:00,1231.1,1231.1,1231.1,1231.1,0.0,4.0,4924.4,0
2025-12-29,2025-12-29 13:10:00,1231.1,1231.1,1231.1,1231.1,0.0,4.0,4924.4,0
2025-12-29,2025-12-29 13:20:00,1231.1,1231.1,1231.1,1231.1,0.0,4.0,4924.4,0
2025-12-29,2025-12-29 13:30:00,1231.1,1231.1,1231.1,1231.1,0.0,4.0,4924.4,0
2025-12-29,2025-12-29 13:40:00,1231.1,1231.1,1231.1,1231.1,0.0,4.0,4924.4,0
2025-12-29,2025-12-29 13:50:00,1231.1,1231.1,1231.1,1231.1,0.0,4.0,4924.4,0
2025-12-29,2025-12-29 14:00:00,1231.1,1231.1,1231.1,1231.1,0.0,4.0,4924.4,0
2025-12-29,2025-12-29 14:10:00,1231.1,1231.1,1231.1,1231.1,0.0,4.0,4924.4,0
2025-12-29,2025-12-29 14:20:00,1231.1,1231.1,1231.1,1231.1,0.0,4.0,4924.4,0
2025-12-29,2025-12-29 14:30:00,1231.1,1231.1,1231.1,1231.1,0.0,4.0,4924.4,0
2025-12-29,2025-12-29 14:40:00,1231.1,1231.1,1231.1,1231.1,0.0,4.0,4924.4,0
2025-12-29,2025-12-29 14:50:00,1231.1,1231.1,1231.1,1231.1,0.0,4.0,4924.4,0
2025-12-29,2025-12-29 15:00:00,1231.1,1231.1,1231.1,1231.1,0.0,4.0,4924.4,0
2026-01-01,2026-01-01 11:00:00,1210.1,1210.1,1210.1,1210.1,0.0,2.0,2420.2,0
2026-01-01,2026-01-01 11:10:00,1210.1,1210.1,1210.1,1210.1,0.0,2.0,2420.2,0
2026-01-01,2026-01-01 11:20:00,1210.1,1210.1,1210.1,1210.1,0.0,2.0,2420.2,0
2026-01-01,2026-01-01 11:30:00,1210.1,1210.1,1210.1,1210.1,0.0,2.0,2420.2,0
2026-01-01,2026-01-01 11:40:00,1210.1,1210.1,1210.1,1210.1,0.0,2.0,2420.2,0
2026-01-01,2026-01-01 11:50:00,1210.1,1210.1,1210.1,1210.1,0.0,2.0,2420.2,0
2026-01-01,2026-01-01 12:00:00,1210.1,1210.1,1210.1,1210.1,0.0,2.0,2420.2,0
2026-01-01,2026-01-01 12:10:00,1210.1,1210.1,1210.1,1210.1,0.0,2.0,2420.2,0
2026-01-01,2026-01-01 12:20:00,1210.1,1210.1,1210.1,1210.1,0.0,2.0,2420.2,0
2026-01-01,2026-01-01 12:30:00,1210.1,1210.1,1210.1,1210.1,0.0,2.0,2420.2,0
2026-01-01,2026-01-01 12:40:00,1210.1,1210.1,1210.1,1210.1,0.0,2.0,2420.2,0
2026-01-01,2026-01-01 12:50:00,1210.1,1210.1,1210.1,1210.1,0.0,2.0,2420.2,0
2026-01-01,2026-01-01 13:00:00,1210.1,1210.1,1210.1,1210.1,0.0,2.0,2420.2,0
2026-01-01,2026-01-01 13:10:00,1210.1,1210.1,1210.1,1210.1,0.0,2.0,2420.2,0
2026-01-01,2026-01-01 13:20:00,1210.1,1210.1,1210.1,1210.1,0.0,2.0,2420.2,0
2026-01-01,2026-01-01 13:30:00,1210.1,1210.1,1210.1,1210.1,0.0,2.0,2420.2,0
2026-01-01,2026-01-01 13:40:00,1210.1,1210.1,1210.1,1210.1,0.0,2.0,2420.2,0
2026-01-01,2026-01-01 13:50:00,1210.1,1210.1,1210.1,1210.1,0.0,2.0,2420.2,0
2026-01-01,2026-01-01 14:00:00,1210.1,1210.1,1210.1,1210.1,0.0,2.0,2420.2,0
2026-01-01,2026-01-01 14:10:00,1210.1,1210.1,1210.1,1210.1,0.0,2.0,2420.2,0
2026-01-01,2026-01-01 14:20:00,1210.1,1210.1,1210.1,1210.1,0.0,2.0,2420.2,0
2026-01-01,2026-01-01 14:30:00,1210.1,1210.1,1210.1,1210.1,0.0,2.0,2420.2,0
2026-01-01,2026-01-01 14:40:00,1210.1,1210.1,1210.1,1210.1,0.0,2.0,2420.2,0
2026-01-01,2026-01-01 14:50:00,1210.1,1210.1,1210.1,1210.1,0.0,2.0,2420.2,0
2026-01-01,2026-01-01 15:00:00,1210.1,1210.1,1210.1,1210.1,0.0,2.0,2420.2,0
2026-01-05,2026-01-05 11:00:00,1195.0,1195.0,1190.5,1194.38,-0.05,8.0,9500.0,-1
2026-01-05,2026-01-05 11:10:00,1194.38,1194.38,1193.75,1193.75,-0.05,8.0,9500.0,-1
2026-01-05,2026-01-05 11:20:00,1193.75,1193.75,1193.12,1193.12,-0.05,8.0,9500.0,-1
2026-01-05,2026-01-05 11:30:00,1193.12,1193.12,1192.5,1192.5,-0.05,8.0,9500.0,-1
2026-01-05,2026-01-05 11:40:00,1192.5,1192.5,1191.88,1191.88,-0.05,8.0,9500.0,-1
2026-01-05,2026-01-05 11:50:00,1191.88,1191.88,1191.25,1191.25,-0.05,8.0,9500.0,-1
2026-01-05,2026-01-05 12:00:00,1191.25,1191.25,1190.62,1190.62,-0.05,8.0,9500.0,-1
2026-01-05,2026-01-05 12:10:00,1190.62,1190.62,1190.0,1190.0,-0.05,8.0,9500.0,-1
2026-01-05,2026-01-05 12:20:00,1190.0,1190.0,1189.38,1189.38,-0.05,8.0,9500.0,-1
2026-01-05,2026-01-05 12:30:00,1189.38,1189.38,1188.75,1188.75,-0.05,8.0,9500.0,-1
2026-01-05,2026-01-05 12:40:00,1188.75,1188.75,1188.12,1188.12,-0.05,8.0,9500.0,-1
2026-01-05,2026-01-05 12:50:00,1188.12,1188.12,1187.5,1187.5,-0.05,8.0,9500.0,-1
2026-01-05,2026-01-05 13:00:00,1187.5,1195.0,1180.0,1186.88,-0.05,8.0,9500.0,-1
2026-01-05,2026-01-05 13:10:00,1186.88,1186.88,1186.25,1186.25,-0.05,8.0,9500.0,-1
2026-01-05,2026-01-05 13:20:00,1186.25,1186.25,1185.62,1185.62,-0.05,8.0,9500.0,-1
2026-01-05,2026-01-05 13:30:00,1185.62,1185.62,1185.0,1185.0,-0.05,8.0,9500.0,-1
2026-01-05,2026-01-05 13:40:00,1185.0,1185.0,1184.38,1184.38,-0.05,8.0,9500.0,-1
2026-01-05,2026-01-05 13:50:00,1184.38,1184.38,1183.75,1183.75,-0.05,8.0,9500.0,-1
2026-01-05,2026-01-05 14:00:00,1183.75,1183.75,1183.12,1183.12,-0.05,8.0,9500.0,-1
2026-01-05,2026-01-05 14:10:00,1183.12,1183.12,1182.5,1182.5,-0.05,8.0,9500.0,-1
2026-01-05,2026-01-05 14:20:00,1182.5,1182.5,1181.88,1181.88,-0.05,8.0,9500.0,-1
2026-01-05,2026-01-05 14:30:00,1181.88,1181.88,1181.25,1181.25,-0.05,8.0,9500.0,-1
2026-01-05,2026-01-05 14:40:00,1181.25,1181.25,1180.62,1180.62,-0.05,8.0,9500.0,-1
2026-01-05,2026-01-05 14:50:00,1180.62,1180.62,1180.0,1180.0,-0.05,8.0,9500.0,-1
2026-01-05,2026-01-05 15:00:00,1180.0,1195.0,1180.0,1180.0,0.0,8.0,9500.0,0
2026-01-07,2026-01-07 11:00:00,1160.0,1160.0,1160.0,1160.0,0.0,4.0,4640.0,0
2026-01-07,2026-01-07 11:10:00,1160.0,1160.0,1160.0,1160.0,0.0,4.0,4640.0,0
2026-01-07,2026-01-07 11:20:00,1160.0,1160.0,1160.0,1160.0,0.0,4.0,4640.0,0
2026-01-07,2026-01-07 11:30:00,1160.0,1160.0,1160.0,1160.0,0.0,4.0,4640.0,0
2026-01-07,2026-01-07 11:40:00,1160.0,1160.0,1160.0,1160.0,0.0,4.0,4640.0,0
2026-01-07,2026-01-07 11:50:00,1160.0,1160.0,1160.0,1160.0,0.0,4.0,4640.0,0
2026-01-07,2026-01-07 12:00:00,1160.0,1160.0,1160.0,1160.0,0.0,4.0,4640.0,0
2026-01-07,2026-01-07 12:10:00,1160.0,1160.0,1160.0,1160.0,0.0,4.0,4640.0,0
2026-01-07,2026-01-07 12:20:00,1160.0,1160.0,1160.0,1160.0,0.0,4.0,4640.0,0
2026-01-07,2026-01-07 12:30:00,1160.0,1160.0,1160.0,1160.0,0.0,4.0,4640.0,0
2026-01-07,2026-01-07 12:40:00,1160.0,1160.0,1160.0,1160.0,0.0,4.0,4640.0,0
2026-01-07,2026-01-07 12:50:00,1160.0,1160.0,1160.0,1160.0,0.0,4.0,4640.0,0
2026-01-07,2026-01-07 13:00:00,1160.0,1160.0,1160.0,1160.0,0.0,4.0,4640.0,0
2026-01-07,2026-01-07 13:10:00,1160.0,1160.0,1160.0,1160.0,0.0,4.0,4640.0,0
2026-01-07,2026-01-07 13:20:00,1160.0,1160.0,1160.0,1160.0,0.0,4.0,4640.0,0
2026-01-07,2026-01-07 13:30:00,1160.0,1160.0,1160.0,1160.0,0.0,4.0,4640.0,0
2026-01-07,2026-01-07 13:40:00,1160.0,1160.0,1160.0,1160.0,0.0,4.0,4640.0,0
2026-01-07,2026-01-07 13:50:00,1160.0,1160.0,1160.0,1160.0,0.0,4.0,4640.0,0
2026-01-07,2026-01-07 14:00:00,1160.0,1160.0,1160.0,1160.0,0.0,4.0,4640.0,0
2026-01-07,2026-01-07 14:10:00,1160.0,1160.0,1160.0,1160.0,0.0,4.0,4640.0,0
2026-01-07,2026-01-07 14:20:00,1160.0,1160.0,1160.0,1160.0,0.0,4.0,4640.0,0
2026-01-07,2026-01-07 14:30:00,1160.0,1160.0,1160.0,1160.0,0.0,4.0,4640.0,0
2026-01-07,2026-01-07 14:40:00,1160.0,1160.0,1160.0,1160.0,0.0,4.0,4640.0,0
2026-01-07,2026-01-07 14:50:00,1160.0,1160.0,1160.0,1160.0,0.0,4.0,4640.0,0
2026-01-07,2026-01-07 15:00:00,1160.0,1160.0,1160.0,1160.0,0.0,4.0,4640.0,0
2026-01-13,2026-01-13 11:00:00,1160.0,1182.8,1160.0,1162.95,0.25,20.0,24686.53,1
2026-01-13,2026-01-13 11:10:00,1162.95,1165.91,1162.95,1165.91,0.25,20.0,24686.53,1
2026-01-13,2026-01-13 11:20:00,1165.91,1168.86,1165.91,1168.86,0.25,20.0,24686.53,1
2026-01-13,2026-01-13 11:30:00,1168.86,1171.82,1168.86,1171.82,0.25,20.0,24686.53,1
2026-01-13,2026-01-13 11:40:00,1171.82,1174.77,1171.82,1174.77,0.25,20.0,24686.53,1
2026-01-13,2026-01-13 11:50:00,1174.77,1177.72,1174.77,1177.72,0.25,20.0,24686.53,1
2026-01-13,2026-01-13 12:00:00,1177.72,1180.68,1177.72,1180.68,0.25,20.0,24686.53,1
2026-01-13,2026-01-13 12:10:00,1180.68,1183.63,1180.68,1183.63,0.25,20.0,24686.53,1
2026-01-13,2026-01-13 12:20:00,1183.63,1186.59,1183.63,1186.59,0.25,20.0,24686.53,1
2026-01-13,2026-01-13 12:30:00,1186.59,1189.54,1186.59,1189.54,0.25,20.0,24686.53,1
2026-01-13,2026-01-13 12:40:00,1189.54,1192.5,1189.54,1192.5,0.25,20.0,24686.53,1
2026-01-13,2026-01-13 12:50:00,1192.5,1195.45,1192.5,1195.45,0.25,20.0,24686.53,1
2026-01-13,2026-01-13 13:00:00,1195.45,1236.0,1160.0,1198.4,0.25,20.0,24686.53,1
2026-01-13,2026-01-13 13:10:00,1198.4,1201.36,1198.4,1201.36,0.25,20.0,24686.53,1
2026-01-13,2026-01-13 13:20:00,1201.36,1204.31,1201.36,1204.31,0.25,20.0,24686.53,1
2026-01-13,2026-01-13 13:30:00,1204.31,1207.27,1204.31,1207.27,0.25,20.0,24686.53,1
2026-01-13,2026-01-13 13:40:00,1207.27,1210.22,1207.27,1210.22,0.24,20.0,24686.53,1
2026-01-13,2026-01-13 13:50:00,1210.22,1213.18,1210.22,1213.18,0.24,20.0,24686.53,1
2026-01-13,2026-01-13 14:00:00,1213.18,1216.13,1213.18,1216.13,0.24,20.0,24686.53,1
2026-01-13,2026-01-13 14:10:00,1216.13,1219.08,1216.13,1219.08,0.24,20.0,24686.53,1
2026-01-13,2026-01-13 14:20:00,1219.08,1222.04,1219.08,1222.04,0.24,20.0,24686.53,1
2026-01-13,2026-01-13 14:30:00,1222.04,1224.99,1222.04,1224.99,0.24,20.0,24686.53,1
2026-01-13,2026-01-13 14:40:00,1224.99,1227.95,1224.99,1227.95,0.24,20.0,24686.53,1
2026-01-13,2026-01-13 14:50:00,1227.95,1230.9,1227.95,1230.9,0.24,20.0,24686.53,1
2026-01-13,2026-01-13 15:00:00,1230.9,1236.0,1160.0,1230.9,0.0,20.0,24686.53,0
2026-02-22,2026-02-22 11:00:00,1207.0,1207.0,1207.0,1207.0,0.0,1.0,1207.0,0
2026-02-22,2026-02-22 11:10:00,1207.0,1207.0,1207.0,1207.0,0.0,1.0,1207.0,0
2026-02-22,2026-02-22 11:20:00,1207.0,1207.0,1207.0,1207.0,0.0,1.0,1207.0,0
2026-02-22,2026-02-22 11:30:00,1207.0,1207.0,1207.0,1207.0,0.0,1.0,1207.0,0
2026-02-22,2026-02-22 11:40:00,1207.0,1207.0,1207.0,1207.0,0.0,1.0,1207.0,0
2026-02-22,2026-02-22 11:50:00,1207.0,1207.0,1207.0,1207.0,0.0,1.0,1207.0,0
2026-02-22,2026-02-22 12:00:00,1207.0,1207.0,1207.0,1207.0,0.0,1.0,1207.0,0
2026-02-22,2026-02-22 12:10:00,1207.0,1207.0,1207.0,1207.0,0.0,1.0,1207.0,0
2026-02-22,2026-02-22 12:20:00,1207.0,1207.0,1207.0,1207.0,0.0,1.0,1207.0,0
2026-02-22,2026-02-22 12:30:00,1207.0,1207.0,1207.0,1207.0,0.0,1.0,1207.0,0
2026-02-22,2026-02-22 12:40:00,1207.0,1207.0,1207.0,1207.0,0.0,1.0,1207.0,0
2026-02-22,2026-02-22 12:50:00,1207.0,1207.0,1207.0,1207.0,0.0,1.0,1207.0,0
2026-02-22,2026-02-22 13:00:00,1207.0,1207.0,1207.0,1207.0,0.0,1.0,1207.0,0
2026-02-22,2026-02-22 13:10:00,1207.0,1207.0,1207.0,1207.0,0.0,1.0,1207.0,0
2026-02-22,2026-02-22 13:20:00,1207.0,1207.0,1207.0,1207.0,0.0,1.0,1207.0,0
2026-02-22,2026-02-22 13:30:00,1207.0,1207.0,1207.0,1207.0,0.0,1.0,1207.0,0
2026-02-22,2026-02-22 13:40:00,1207.0,1207.0,1207.0,1207.0,0.0,1.0,1207.0,0
2026-02-22,2026-02-22 13:50:00,1207.0,1207.0,1207.0,1207.0,0.0,1.0,1207.0,0
2026-02-22,2026-02-22 14:00:00,1207.0,1207.0,1207.0,1207.0,0.0,1.0,1207.0,0
2026-02-22,2026-02-22 14:10:00,1207.0,1207.0,1207.0,1207.0,0.0,1.0,1207.0,0
2026-02-22,2026-02-22 14:20:00,1207.0,1207.0,1207.0,1207.0,0.0,1.0,1207.0,0
2026-02-22,2026-02-22 14:30:00,1207.0,1207.0,1207.0,1207.0,0.0,1.0,1207.0,0
2026-02-22,2026-02-22 14:40:00,1207.0,1207.0,1207.0,1207.0,0.0,1.0,1207.0,0
2026-02-22,2026-02-22 14:50:00,1207.0,1207.0,1207.0,1207.0,0.0,1.0,1207.0,0
2026-02-22,2026-02-22 15:00:00,1207.0,1207.0,1207.0,1207.0,0.0,1.0,1207.0,0
2026-02-26,2026-02-26 11:00:00,1190.0,1190.0,1190.0,1190.0,0.0,1.0,1190.0,0
2026-02-26,2026-02-26 11:10:00,1190.0,1190.0,1190.0,1190.0,0.0,1.0,1190.0,0
2026-02-26,2026-02-26 11:20:00,1190.0,1190.0,1190.0,1190.0,0.0,1.0,1190.0,0
2026-02-26,2026-02-26 11:30:00,1190.0,1190.0,1190.0,1190.0,0.0,1.0,1190.0,0
2026-02-26,2026-02-26 11:40:00,1190.0,1190.0,1190.0,1190.0,0.0,1.0,1190.0,0
2026-02-26,2026-02-26 11:50:00,1190.0,1190.0,1190.0,1190.0,0.0,1.0,1190.0,0
2026-02-26,2026-02-26 12:00:00,1190.0,1190.0,1190.0,1190.0,0.0,1.0,1190.0,0
2026-02-26,2026-02-26 12:10:00,1190.0,1190.0,1190.0,1190.0,0.0,1.0,1190.0,0
2026-02-26,2026-02-26 12:20:00,1190.0,1190.0,1190.0,1190.0,0.0,1.0,1190.0,0
2026-02-26,2026-02-26 12:30:00,1190.0,1190.0,1190.0,1190.0,0.0,1.0,1190.0,0
2026-02-26,2026-02-26 12:40:00,1190.0,1190.0,1190.0,1190.0,0.0,1.0,1190.0,0
2026-02-26,2026-02-26 12:50:00,1190.0,1190.0,1190.0,1190.0,0.0,1.0,1190.0,0
2026-02-26,2026-02-26 13:00:00,1190.0,1190.0,1190.0,1190.0,0.0,1.0,1190.0,0
2026-02-26,2026-02-26 13:10:00,1190.0,1190.0,1190.0,1190.0,0.0,1.0,1190.0,0
2026-02-26,2026-02-26 13:20:00,1190.0,1190.0,1190.0,1190.0,0.0,1.0,1190.0,0
2026-02-26,2026-02-26 13:30:00,1190.0,1190.0,1190.0,1190.0,0.0,1.0,1190.0,0
2026-02-26,2026-02-26 13:40:00,1190.0,1190.0,1190.0,1190.0,0.0,1.0,1190.0,0
2026-02-26,2026-02-26 13:50:00,1190.0,1190.0,1190.0,1190.0,0.0,1.0,1190.0,0
2026-02-26,2026-02-26 14:00:00,1190.0,1190.0,1190.0,1190.0,0.0,1.0,1190.0,0
2026-02-26,2026-02-26 14:10:00,1190.0,1190.0,1190.0,1190.0,0.0,1.0,1190.0,0
2026-02-26,2026-02-26 14:20:00,1190.0,1190.0,1190.0,1190.0,0.0,1.0,1190.0,0
2026-02-26,2026-02-26 14:30:00,1190.0,1190.0,1190.0,1190.0,0.0,1.0,1190.0,0
2026-02-26,2026-02-26 14:40:00,1190.0,1190.0,1190.0,1190.0,0.0,1.0,1190.0,0
2026-02-26,2026-02-26 14:50:00,1190.0,1190.0,1190.0,1190.0,0.0,1.0,1190.0,0
2026-02-26,2026-02-26 15:00:00,1190.0,1190.0,1190.0,1190.0,0.0,1.0,1190.0,0
2026-03-01,2026-03-01 11:00:00,1170.0,1170.0,1170.0,1170.0,0.0,2.0,2340.0,0
2026-03-01,2026-03-01 11:10:00,1170.0,1170.0,1170.0,1170.0,0.0,2.0,2340.0,0
2026-03-01,2026-03-01 11:20:00,1170.0,1170.0,1170.0,1170.0,0.0,2.0,2340.0,0
2026-03-01,2026-03-01 11:30:00,1170.0,1170.0,1170.0,1170.0,0.0,2.0,2340.0,0
2026-03-01,2026-03-01 11:40:00,1170.0,1170.0,1170.0,1170.0,0.0,2.0,2340.0,0
2026-03-01,2026-03-01 11:50:00,1170.0,1170.0,1170.0,1170.0,0.0,2.0,2340.0,0
2026-03-01,2026-03-01 12:00:00,1170.0,1170.0,1170.0,1170.0,0.0,2.0,2340.0,0
2026-03-01,2026-03-01 12:10:00,1170.0,1170.0,1170.0,1170.0,0.0,2.0,2340.0,0
2026-03-01,2026-03-01 12:20:00,1170.0,1170.0,1170.0,1170.0,0.0,2.0,2340.0,0
2026-03-01,2026-03-01 12:30:00,1170.0,1170.0,1170.0,1170.0,0.0,2.0,2340.0,0
2026-03-01,2026-03-01 12:40:00,1170.0,1170.0,1170.0,1170.0,0.0,2.0,2340.0,0
2026-03-01,2026-03-01 12:50:00,1170.0,1170.0,1170.0,1170.0,0.0,2.0,2340.0,0
2026-03-01,2026-03-01 13:00:00,1170.0,1170.0,1170.0,1170.0,0.0,2.0,2340.0,0
2026-03-01,2026-03-01 13:10:00,1170.0,1170.0,1170.0,1170.0,0.0,2.0,2340.0,0
2026-03-01,2026-03-01 13:20:00,1170.0,1170.0,1170.0,1170.0,0.0,2.0,2340.0,0
2026-03-01,2026-03-01 13:30:00,1170.0,1170.0,1170.0,1170.0,0.0,2.0,2340.0,0
2026-03-01,2026-03-01 13:40:00,1170.0,1170.0,1170.0,1170.0,0.0,2.0,2340.0,0
2026-03-01,2026-03-01 13:50:00,1170.0,1170.0,1170.0,1170.0,0.0,2.0,2340.0,0
2026-03-01,2026-03-01 14:00:00,1170.0,1170.0,1170.0,1170.0,0.0,2.0,2340.0,0
2026-03-01,2026-03-01 14:10:00,1170.0,1170.0,1170.0,1170.0,0.0,2.0,2340.0,0
2026-03-01,2026-03-01 14:20:00,1170.0,1170.0,1170.0,1170.0,0.0,2.0,2340.0,0
2026-03-01,2026-03-01 14:30:00,1170.0,1170.0,1170.0,1170.0,0.0,2.0,2340.0,0
2026-03-01,2026-03-01 14:40:00,1170.0,1170.0,1170.0,1170.0,0.0,2.0,2340.0,0
2026-03-01,2026-03-01 14:50:00,1170.0,1170.0,1170.0,1170.0,0.0,2.0,2340.0,0
2026-03-01,2026-03-01 15:00:00,1170.0,1170.0,1170.0,1170.0,0.0,2.0,2340.0,0
2026-03-12,2026-03-12 11:00:00,1147.1,1147.1,1147.1,1147.1,0.0,1.0,1147.1,0
2026-03-12,2026-03-12 11:10:00,1147.1,1147.1,1147.1,1147.1,0.0,1.0,1147.1,0
2026-03-12,2026-03-12 11:20:00,1147.1,1147.1,1147.1,1147.1,0.0,1.0,1147.1,0
2026-03-12,2026-03-12 11:30:00,1147.1,1147.1,1147.1,1147.1,0.0,1.0,1147.1,0
2026-03-12,2026-03-12 11:40:00,1147.1,1147.1,1147.1,1147.1,0.0,1.0,1147.1,0
2026-03-12,2026-03-12 11:50:00,1147.1,1147.1,1147.1,1147.1,0.0,1.0,1147.1,0
2026-03-12,2026-03-12 12:00:00,1147.1,1147.1,1147.1,1147.1,0.0,1.0,1147.1,0
2026-03-12,2026-03-12 12:10:00,1147.1,1147.1,1147.1,1147.1,0.0,1.0,1147.1,0
2026-03-12,2026-03-12 12:20:00,1147.1,1147.1,1147.1,1147.1,0.0,1.0,1147.1,0
2026-03-12,2026-03-12 12:30:00,1147.1,1147.1,1147.1,1147.1,0.0,1.0,1147.1,0
2026-03-12,2026-03-12 12:40:00,1147.1,1147.1,1147.1,1147.1,0.0,1.0,1147.1,0
2026-03-12,2026-03-12 12:50:00,1147.1,1147.1,1147.1,1147.1,0.0,1.0,1147.1,0
2026-03-12,2026-03-12 13:00:00,1147.1,1147.1,1147.1,1147.1,0.0,1.0,1147.1,0
2026-03-12,2026-03-12 13:10:00,1147.1,1147.1,1147.1,1147.1,0.0,1.0,1147.1,0
2026-03-12,2026-03-12 13:20:00,1147.1,1147.1,1147.1,1147.1,0.0,1.0,1147.1,0
2026-03-12,2026-03-12 13:30:00,1147.1,1147.1,1147.1,1147.1,0.0,1.0,1147.1,0
2026-03-12,2026-03-12 13:40:00,1147.1,1147.1,1147.1,1147.1,0.0,1.0,1147.1,0
2026-03-12,2026-03-12 13:50:00,1147.1,1147.1,1147.1,1147.1,0.0,1.0,1147.1,0
2026-03-12,2026-03-12 14:00:00,1147.1,1147.1,1147.1,1147.1,0.0,1.0,1147.1,0
2026-03-12,2026-03-12 14:10:00,1147.1,1147.1,1147.1,1147.1,0.0,1.0,1147.1,0
2026-03-12,2026-03-12 14:20:00,1147.1,1147.1,1147.1,1147.1,0.0,1.0,1147.1,0
2026-03-12,2026-03-12 14:30:00,1147.1,1147.1,1147.1,1147.1,0.0,1.0,1147.1,0
2026-03-12,2026-03-12 14:40:00,1147.1,1147.1,1147.1,1147.1,0.0,1.0,1147.1,0
2026-03-12,2026-03-12 14:50:00,1147.1,1147.1,1147.1,1147.1,0.0,1.0,1147.1,0
2026-03-12,2026-03-12 15:00:00,1147.1,1147.1,1147.1,1147.1,0.0,1.0,1147.1,0
2026-03-15,2026-03-15 11:00:00,1128.0,1128.0,1128.0,1128.0,0.0,4.0,4512.0,0
2026-03-15,2026-03-15 11:10:00,1128.0,1128.0,1128.0,1128.0,0.0,4.0,4512.0,0
2026-03-15,2026-03-15 11:20:00,1128.0,1128.0,1128.0,1128.0,0.0,4.0,4512.0,0
2026-03-15,2026-03-15 11:30:00,1128.0,1128.0,1128.0,1128.0,0.0,4.0,4512.0,0
2026-03-15,2026-03-15 11:40:00,1128.0,1128.0,1128.0,1128.0,0.0,4.0,4512.0,0
2026-03-15,2026-03-15 11:50:00,1128.0,1128.0,1128.0,1128.0,0.0,4.0,4512.0,0
2026-03-15,2026-03-15 12:00:00,1128.0,1128.0,1128.0,1128.0,0.0,4.0,4512.0,0
2026-03-15,2026-03-15 12:10:00,1128.0,1128.0,1128.0,1128.0,0.0,4.0,4512.0,0
2026-03-15,2026-03-15 12:20:00,1128.0,1128.0,1128.0,1128.0,0.0,4.0,4512.0,0
2026-03-15,2026-03-15 12:30:00,1128.0,1128.0,1128.0,1128.0,0.0,4.0,4512.0,0
2026-03-15,2026-03-15 12:40:00,1128.0,1128.0,1128.0,1128.0,0.0,4.0,4512.0,0
2026-03-15,2026-03-15 12:50:00,1128.0,1128.0,1128.0,1128.0,0.0,4.0,4512.0,0
2026-03-15,2026-03-15 13:00:00,1128.0,1128.0,1128.0,1128.0,0.0,4.0,4512.0,0
2026-03-15,2026-03-15 13:10:00,1128.0,1128.0,1128.0,1128.0,0.0,4.0,4512.0,0
2026-03-15,2026-03-15 13:20:00,1128.0,1128.0,1128.0,1128.0,0.0,4.0,4512.0,0
2026-03-15,2026-03-15 13:30:00,1128.0,1128.0,1128.0,1128.0,0.0,4.0,4512.0,0
2026-03-15,2026-03-15 13:40:00,1128.0,1128.0,1128.0,1128.0,0.0,4.0,4512.0,0
2026-03-15,2026-03-15 13:50:00,1128.0,1128.0,1128.0,1128.0,0.0,4.0,4512.0,0
2026-03-15,2026-03-15 14:00:00,1128.0,1128.0,1128.0,1128.0,0.0,4.0,4512.0,0
2026-03-15,2026-03-15 14:10:00,1128.0,1128.0,1128.0,1128.0,0.0,4.0,4512.0,0
2026-03-15,2026-03-15 14:20:00,1128.0,1128.0,1128.0,1128.0,0.0,4.0,4512.0,0
2026-03-15,2026-03-15 14:30:00,1128.0,1128.0,1128.0,1128.0,0.0,4.0,4512.0,0
2026-03-15,2026-03-15 14:40:00,1128.0,1128.0,1128.0,1128.0,0.0,4.0,4512.0,0
2026-03-15,2026-03-15 14:50:00,1128.0,1128.0,1128.0,1128.0,0.0,4.0,4512.0,0
2026-03-15,2026-03-15 15:00:00,1128.0,1128.0,1128.0,1128.0,0.0,4.0,4512.0,0
2026-03-16,2026-03-16 11:00:00,1128.0,1128.0,1128.0,1128.0,0.0,1.0,1128.0,0
2026-03-16,2026-03-16 11:10:00,1128.0,1128.0,1128.0,1128.0,0.0,1.0,1128.0,0
2026-03-16,2026-03-16 11:20:00,1128.0,1128.0,1128.0,1128.0,0.0,1.0,1128.0,0
2026-03-16,2026-03-16 11:30:00,1128.0,1128.0,1128.0,1128.0,0.0,1.0,1128.0,0
2026-03-16,2026-03-16 11:40:00,1128.0,1128.0,1128.0,1128.0,0.0,1.0,1128.0,0
2026-03-16,2026-03-16 11:50:00,1128.0,1128.0,1128.0,1128.0,0.0,1.0,1128.0,0
2026-03-16,2026-03-16 12:00:00,1128.0,1128.0,1128.0,1128.0,0.0,1.0,1128.0,0
2026-03-16,2026-03-16 12:10:00,1128.0,1128.0,1128.0,1128.0,0.0,1.0,1128.0,0
2026-03-16,2026-03-16 12:20:00,1128.0,1128.0,1128.0,1128.0,0.0,1.0,1128.0,0
2026-03-16,2026-03-16 12:30:00,1128.0,1128.0,1128.0,1128.0,0.0,1.0,1128.0,0
2026-03-16,2026-03-16 12:40:00,1128.0,1128.0,1128.0,1128.0,0.0,1.0,1128.0,0
2026-03-16,2026-03-16 12:50:00,1128.0,1128.0,1128.0,1128.0,0.0,1.0,1128.0,0
2026-03-16,2026-03-16 13:00:00,1128.0,1128.0,1128.0,1128.0,0.0,1.0,1128.0,0
2026-03-16,2026-03-16 13:10:00,1128.0,1128.0,1128.0,1128.0,0.0,1.0,1128.0,0
2026-03-16,2026-03-16 13:20:00,1128.0,1128.0,1128.0,1128.0,0.0,1.0,1128.0,0
2026-03-16,2026-03-16 13:30:00,1128.0,1128.0,1128.0,1128.0,0.0,1.0,1128.0,0
2026-03-16,2026-03-16 13:40:00,1128.0,1128.0,1128.0,1128.0,0.0,1.0,1128.0,0
2026-03-16,2026-03-16 13:50:00,1128.0,1128.0,1128.0,1128.0,0.0,1.0,1128.0,0
2026-03-16,2026-03-16 14:00:00,1128.0,1128.0,1128.0,1128.0,0.0,1.0,1128.0,0
2026-03-16,2026-03-16 14:10:00,1128.0,1128.0,1128.0,1128.0,0.0,1.0,1128.0,0
2026-03-16,2026-03-16 14:20:00,1128.0,1128.0,1128.0,1128.0,0.0,1.0,1128.0,0
2026-03-16,2026-03-16 14:30:00,1128.0,1128.0,1128.0,1128.0,0.0,1.0,1128.0,0
2026-03-16,2026-03-16 14:40:00,1128.0,1128.0,1128.0,1128.0,0.0,1.0,1128.0,0
2026-03-16,2026-03-16 14:50:00,1128.0,1128.0,1128.0,1128.0,0.0,1.0,1128.0,0
2026-03-16,2026-03-16 15:00:00,1128.0,1128.0,1128.0,1128.0,0.0,1.0,1128.0,0
2026-03-19,2026-03-19 11:00:00,1130.0,1130.0,1126.1,1129.46,-0.05,2.0,2247.0,-1
2026-03-19,2026-03-19 11:10:00,1129.46,1129.46,1128.92,1128.92,-0.05,2.0,2247.0,-1
2026-03-19,2026-03-19 11:20:00,1128.92,1128.92,1128.38,1128.38,-0.05,2.0,2247.0,-1
2026-03-19,2026-03-19 11:30:00,1128.38,1128.38,1127.83,1127.83,-0.05,2.0,2247.0,-1
2026-03-19,2026-03-19 11:40:00,1127.83,1127.83,1127.29,1127.29,-0.05,2.0,2247.0,-1
2026-03-19,2026-03-19 11:50:00,1127.29,1127.29,1126.75,1126.75,-0.05,2.0,2247.0,-1
2026-03-19,2026-03-19 12:00:00,1126.75,1126.75,1126.21,1126.21,-0.05,2.0,2247.0,-1
2026-03-19,2026-03-19 12:10:00,1126.21,1126.21,1125.67,1125.67,-0.05,2.0,2247.0,-1
2026-03-19,2026-03-19 12:20:00,1125.67,1125.67,1125.12,1125.12,-0.05,2.0,2247.0,-1
2026-03-19,2026-03-19 12:30:00,1125.12,1125.12,1124.58,1124.58,-0.05,2.0,2247.0,-1
2026-03-19,2026-03-19 12:40:00,1124.58,1124.58,1124.04,1124.04,-0.05,2.0,2247.0,-1
2026-03-19,2026-03-19 12:50:00,1124.04,1124.04,1123.5,1123.5,-0.05,2.0,2247.0,-1
2026-03-19,2026-03-19 13:00:00,1123.5,1130.0,1117.0,1122.96,-0.05,2.0,2247.0,-1
2026-03-19,2026-03-19 13:10:00,1122.96,1122.96,1122.42,1122.42,-0.05,2.0,2247.0,-1
2026-03-19,2026-03-19 13:20:00,1122.42,1122.42,1121.88,1121.88,-0.05,2.0,2247.0,-1
2026-03-19,2026-03-19 13:30:00,1121.88,1121.88,1121.33,1121.33,-0.05,2.0,2247.0,-1
2026-03-19,2026-03-19 13:40:00,1121.33,1121.33,1120.79,1120.79,-0.05,2.0,2247.0,-1
2026-03-19,2026-03-19 13:50:00,1120.79,1120.79,1120.25,1120.25,-0.05,2.0,2247.0,-1
2026-03-19,2026-03-19 14:00:00,1120.25,1120.25,1119.71,1119.71,-0.05,2.0,2247.0,-1
2026-03-19,2026-03-19 14:10:00,1119.71,1119.71,1119.17,1119.17,-0.05,2.0,2247.0,-1
2026-03-19,2026-03-19 14:20:00,1119.17,1119.17,1118.62,1118.62,-0.05,2.0,2247.0,-1
2026-03-19,2026-03-19 14:30:00,1118.62,1118.62,1118.08,1118.08,-0.05,2.0,2247.0,-1
2026-03-19,2026-03-19 14:40:00,1118.08,1118.08,1117.54,1117.54,-0.05,2.0,2247.0,-1
2026-03-19,2026-03-19 14:50:00,1117.54,1117.54,1117.0,1117.0,-0.05,2.0,2247.0,-1
2026-03-19,2026-03-19 15:00:00,1117.0,1130.0,1117.0,1117.0,0.0,2.0,2247.0,0
2026-03-22,2026-03-22 11:00:00,1117.0,1141.3,1117.0,1120.38,0.3,12.0,14371.29,1
2026-03-22,2026-03-22 11:10:00,1120.38,1123.75,1120.38,1123.75,0.3,12.0,14371.29,1
2026-03-22,2026-03-22 11:20:00,1123.75,1127.12,1123.75,1127.12,0.3,12.0,14371.29,1
2026-03-22,2026-03-22 11:30:00,1127.12,1130.5,1127.12,1130.5,0.3,12.0,14371.29,1
2026-03-22,2026-03-22 11:40:00,1130.5,1133.88,1130.5,1133.88,0.3,12.0,14371.29,1
2026-03-22,2026-03-22 11:50:00,1133.88,1137.25,1133.88,1137.25,0.3,12.0,14371.29,1
2026-03-22,2026-03-22 12:00:00,1137.25,1140.62,1137.25,1140.62,0.3,12.0,14371.29,1
2026-03-22,2026-03-22 12:10:00,1140.62,1144.0,1140.62,1144.0,0.3,12.0,14371.29,1
2026-03-22,2026-03-22 12:20:00,1144.0,1147.38,1144.0,1147.38,0.3,12.0,14371.29,1
2026-03-22,2026-03-22 12:30:00,1147.38,1150.75,1147.38,1150.75,0.29,12.0,14371.29,1
2026-03-22,2026-03-22 12:40:00,1150.75,1154.12,1150.75,1154.12,0.29,12.0,14371.29,1
2026-03-22,2026-03-22 12:50:00,1154.12,1157.5,1154.12,1157.5,0.29,12.0,14371.29,1
2026-03-22,2026-03-22 13:00:00,1157.5,1198.0,1117.0,1160.88,0.29,12.0,14371.29,1
2026-03-22,2026-03-22 13:10:00,1160.88,1164.25,1160.88,1164.25,0.29,12.0,14371.29,1
2026-03-22,2026-03-22 13:20:00,1164.25,1167.62,1164.25,1167.62,0.29,12.0,14371.29,1
2026-03-22,2026-03-22 13:30:00,1167.62,1171.0,1167.62,1171.0,0.29,12.0,14371.29,1
2026-03-22,2026-03-22 13:40:00,1171.0,1174.38,1171.0,1174.38,0.29,12.0,14371.29,1
2026-03-22,2026-03-22 13:50:00,1174.38,1177.75,1174.38,1177.75,0.29,12.0,14371.29,1
2026-03-22,2026-03-22 14:00:00,1177.75,1181.12,1177.75,1181.12,0.29,12.0,14371.29,1
2026-03-22,2026-03-22 14:10:00,1181.12,1184.5,1181.12,1184.5,0.29,12.0,14371.29,1
2026-03-22,2026-03-22 14:20:00,1184.5,1187.88,1184.5,1187.88,0.29,12.0,14371.29,1
2026-03-22,2026-03-22 14:30:00,1187.88,1191.25,1187.88,1191.25,0.28,12.0,14371.29,1
2026-03-22,2026-03-22 14:40:00,1191.25,1194.62,1191.25,1194.62,0.28,12.0,14371.29,1
2026-03-22,2026-03-22 14:50:00,1194.62,1198.0,1194.62,1198.0,0.28,12.0,14371.29,1
2026-03-22,2026-03-22 15:00:00,1198.0,1198.0,1117.0,1198.0,0.0,12.0,14371.29,0
2026-04-01,2026-04-01 11:00:00,1174.1,1174.1,1174.1,1174.1,0.0,1.0,1174.1,0
2026-04-01,2026-04-01 11:10:00,1174.1,1174.1,1174.1,1174.1,0.0,1.0,1174.1,0
2026-04-01,2026-04-01 11:20:00,1174.1,1174.1,1174.1,1174.1,0.0,1.0,1174.1,0
2026-04-01,2026-04-01 11:30:00,1174.1,1174.1,1174.1,1174.1,0.0,1.0,1174.1,0
2026-04-01,2026-04-01 11:40:00,1174.1,1174.1,1174.1,1174.1,0.0,1.0,1174.1,0
2026-04-01,2026-04-01 11:50:00,1174.1,1174.1,1174.1,1174.1,0.0,1.0,1174.1,0
2026-04-01,2026-04-01 12:00:00,1174.1,1174.1,1174.1,1174.1,0.0,1.0,1174.1,0
2026-04-01,2026-04-01 12:10:00,1174.1,1174.1,1174.1,1174.1,0.0,1.0,1174.1,0
2026-04-01,2026-04-01 12:20:00,1174.1,1174.1,1174.1,1174.1,0.0,1.0,1174.1,0
2026-04-01,2026-04-01 12:30:00,1174.1,1174.1,1174.1,1174.1,0.0,1.0,1174.1,0
2026-04-01,2026-04-01 12:40:00,1174.1,1174.1,1174.1,1174.1,0.0,1.0,1174.1,0
2026-04-01,2026-04-01 12:50:00,1174.1,1174.1,1174.1,1174.1,0.0,1.0,1174.1,0
2026-04-01,2026-04-01 13:00:00,1174.1,1174.1,1174.1,1174.1,0.0,1.0,1174.1,0
2026-04-01,2026-04-01 13:10:00,1174.1,1174.1,1174.1,1174.1,0.0,1.0,1174.1,0
2026-04-01,2026-04-01 13:20:00,1174.1,1174.1,1174.1,1174.1,0.0,1.0,1174.1,0
2026-04-01,2026-04-01 13:30:00,1174.1,1174.1,1174.1,1174.1,0.0,1.0,1174.1,0
2026-04-01,2026-04-01 13:40:00,1174.1,1174.1,1174.1,1174.1,0.0,1.0,1174.1,0
2026-04-01,2026-04-01 13:50:00,1174.1,1174.1,1174.1,1174.1,0.0,1.0,1174.1,0
2026-04-01,2026-04-01 14:00:00,1174.1,1174.1,1174.1,1174.1,0.0,1.0,1174.1,0
2026-04-01,2026-04-01 14:10:00,1174.1,1174.1,1174.1,1174.1,0.0,1.0,1174.1,0
2026-04-01,2026-04-01 14:20:00,1174.1,1174.1,1174.1,1174.1,0.0,1.0,1174.1,0
2026-04-01,2026-04-01 14:30:00,1174.1,1174.1,1174.1,1174.1,0.0,1.0,1174.1,0
2026-04-01,2026-04-01 14:40:00,1174.1,1174.1,1174.1,1174.1,0.0,1.0,1174.1,0
2026-04-01,2026-04-01 14:50:00,1174.1,1174.1,1174.1,1174.1,0.0,1.0,1174.1,0
2026-04-01,2026-04-01 15:00:00,1174.1,1174.1,1174.1,1174.1,0.0,1.0,1174.1,0
2026-04-15,2026-04-15 11:00:00,1175.0,1175.0,1175.0,1175.0,0.0,1.0,1175.0,0
2026-04-15,2026-04-15 11:10:00,1175.0,1175.0,1175.0,1175.0,0.0,1.0,1175.0,0
2026-04-15,2026-04-15 11:20:00,1175.0,1175.0,1175.0,1175.0,0.0,1.0,1175.0,0
2026-04-15,2026-04-15 11:30:00,1175.0,1175.0,1175.0,1175.0,0.0,1.0,1175.0,0
2026-04-15,2026-04-15 11:40:00,1175.0,1175.0,1175.0,1175.0,0.0,1.0,1175.0,0
2026-04-15,2026-04-15 11:50:00,1175.0,1175.0,1175.0,1175.0,0.0,1.0,1175.0,0
2026-04-15,2026-04-15 12:00:00,1175.0,1175.0,1175.0,1175.0,0.0,1.0,1175.0,0
2026-04-15,2026-04-15 12:10:00,1175.0,1175.0,1175.0,1175.0,0.0,1.0,1175.0,0
2026-04-15,2026-04-15 12:20:00,1175.0,1175.0,1175.0,1175.0,0.0,1.0,1175.0,0
2026-04-15,2026-04-15 12:30:00,1175.0,1175.0,1175.0,1175.0,0.0,1.0,1175.0,0
2026-04-15,2026-04-15 12:40:00,1175.0,1175.0,1175.0,1175.0,0.0,1.0,1175.0,0
2026-04-15,2026-04-15 12:50:00,1175.0,1175.0,1175.0,1175.0,0.0,1.0,1175.0,0
2026-04-15,2026-04-15 13:00:00,1175.0,1175.0,1175.0,1175.0,0.0,1.0,1175.0,0
2026-04-15,2026-04-15 13:10:00,1175.0,1175.0,1175.0,1175.0,0.0,1.0,1175.0,0
2026-04-15,2026-04-15 13:20:00,1175.0,1175.0,1175.0,1175.0,0.0,1.0,1175.0,0
2026-04-15,2026-04-15 13:30:00,1175.0,1175.0,1175.0,1175.0,0.0,1.0,1175.0,0
2026-04-15,2026-04-15 13:40:00,1175.0,1175.0,1175.0,1175.0,0.0,1.0,1175.0,0
2026-04-15,2026-04-15 13:50:00,1175.0,1175.0,1175.0,1175.0,0.0,1.0,1175.0,0
2026-04-15,2026-04-15 14:00:00,1175.0,1175.0,1175.0,1175.0,0.0,1.0,1175.0,0
2026-04-15,2026-04-15 14:10:00,1175.0,1175.0,1175.0,1175.0,0.0,1.0,1175.0,0
2026-04-15,2026-04-15 14:20:00,1175.0,1175.0,1175.0,1175.0,0.0,1.0,1175.0,0
2026-04-15,2026-04-15 14:30:00,1175.0,1175.0,1175.0,1175.0,0.0,1.0,1175.0,0
2026-04-15,2026-04-15 14:40:00,1175.0,1175.0,1175.0,1175.0,0.0,1.0,1175.0,0
2026-04-15,2026-04-15 14:50:00,1175.0,1175.0,1175.0,1175.0,0.0,1.0,1175.0,0
2026-04-15,2026-04-15 15:00:00,1175.0,1175.0,1175.0,1175.0,0.0,1.0,1175.0,0
2026-04-20,2026-04-20 11:00:00,1150.0,1150.0,1150.0,1150.0,0.0,1.0,1150.0,0
2026-04-20,2026-04-20 11:10:00,1150.0,1150.0,1150.0,1150.0,0.0,1.0,1150.0,0
2026-04-20,2026-04-20 11:20:00,1150.0,1150.0,1150.0,1150.0,0.0,1.0,1150.0,0
2026-04-20,2026-04-20 11:30:00,1150.0,1150.0,1150.0,1150.0,0.0,1.0,1150.0,0
2026-04-20,2026-04-20 11:40:00,1150.0,1150.0,1150.0,1150.0,0.0,1.0,1150.0,0
2026-04-20,2026-04-20 11:50:00,1150.0,1150.0,1150.0,1150.0,0.0,1.0,1150.0,0
2026-04-20,2026-04-20 12:00:00,1150.0,1150.0,1150.0,1150.0,0.0,1.0,1150.0,0
2026-04-20,2026-04-20 12:10:00,1150.0,1150.0,1150.0,1150.0,0.0,1.0,1150.0,0
2026-04-20,2026-04-20 12:20:00,1150.0,1150.0,1150.0,1150.0,0.0,1.0,1150.0,0
2026-04-20,2026-04-20 12:30:00,1150.0,1150.0,1150.0,1150.0,0.0,1.0,1150.0,0
2026-04-20,2026-04-20 12:40:00,1150.0,1150.0,1150.0,1150.0,0.0,1.0,1150.0,0
2026-04-20,2026-04-20 12:50:00,1150.0,1150.0,1150.0,1150.0,0.0,1.0,1150.0,0
2026-04-20,2026-04-20 13:00:00,1150.0,1150.0,1150.0,1150.0,0.0,1.0,1150.0,0
2026-04-20,2026-04-20 13:10:00,1150.0,1150.0,1150.0,1150.0,0.0,1.0,1150.0,0
2026-04-20,2026-04-20 13:20:00,1150.0,1150.0,1150.0,1150.0,0.0,1.0,1150.0,0
2026-04-20,2026-04-20 13:30:00,1150.0,1150.0,1150.0,1150.0,0.0,1.0,1150.0,0
2026-04-20,2026-04-20 13:40:00,1150.0,1150.0,1150.0,1150.0,0.0,1.0,1150.0,0
2026-04-20,2026-04-20 13:50:00,1150.0,1150.0,1150.0,1150.0,0.0,1.0,1150.0,0
2026-04-20,2026-04-20 14:00:00,1150.0,1150.0,1150.0,1150.0,0.0,1.0,1150.0,0
2026-04-20,2026-04-20 14:10:00,1150.0,1150.0,1150.0,1150.0,0.0,1.0,1150.0,0
2026-04-20,2026-04-20 14:20:00,1150.0,1150.0,1150.0,1150.0,0.0,1.0,1150.0,0
2026-04-20,2026-04-20 14:30:00,1150.0,1150.0,1150.0,1150.0,0.0,1.0,1150.0,0
2026-04-20,2026-04-20 14:40:00,1150.0,1150.0,1150.0,1150.0,0.0,1.0,1150.0,0
2026-04-20,2026-04-20 14:50:00,1150.0,1150.0,1150.0,1150.0,0.0,1.0,1150.0,0
2026-04-20,2026-04-20 15:00:00,1150.0,1150.0,1150.0,1150.0,0.0,1.0,1150.0,0
2026-04-23,2026-04-23 11:00:00,1115.5,1115.5,1115.5,1115.5,0.0,0.4,446.2,0
2026-04-23,2026-04-23 11:10:00,1115.5,1115.5,1115.5,1115.5,0.0,0.4,446.2,0
2026-04-23,2026-04-23 11:20:00,1115.5,1115.5,1115.5,1115.5,0.0,0.4,446.2,0
2026-04-23,2026-04-23 11:30:00,1115.5,1115.5,1115.5,1115.5,0.0,0.4,446.2,0
2026-04-23,2026-04-23 11:40:00,1115.5,1115.5,1115.5,1115.5,0.0,0.4,446.2,0
2026-04-23,2026-04-23 11:50:00,1115.5,1115.5,1115.5,1115.5,0.0,0.4,446.2,0
2026-04-23,2026-04-23 12:00:00,1115.5,1115.5,1115.5,1115.5,0.0,0.4,446.2,0
2026-04-23,2026-04-23 12:10:00,1115.5,1115.5,1115.5,1115.5,0.0,0.4,446.2,0
2026-04-23,2026-04-23 12:20:00,1115.5,1115.5,1115.5,1115.5,0.0,0.4,446.2,0
2026-04-23,2026-04-23 12:30:00,1115.5,1115.5,1115.5,1115.5,0.0,0.4,446.2,0
2026-04-23,2026-04-23 12:40:00,1115.5,1115.5,1115.5,1115.5,0.0,0.4,446.2,0
2026-04-23,2026-04-23 12:50:00,1115.5,1115.5,1115.5,1115.5,0.0,0.4,446.2,0
2026-04-23,2026-04-23 13:00:00,1115.5,1115.5,1115.5,1115.5,0.0,0.4,446.2,0
2026-04-23,2026-04-23 13:10:00,1115.5,1115.5,1115.5,1115.5,0.0,0.4,446.2,0
2026-04-23,2026-04-23 13:20:00,1115.5,1115.5,1115.5,1115.5,0.0,0.4,446.2,0
2026-04-23,2026-04-23 13:30:00,1115.5,1115.5,1115.5,1115.5,0.0,0.4,446.2,0
2026-04-23,2026-04-23 13:40:00,1115.5,1115.5,1115.5,1115.5,0.0,0.4,446.2,0
2026-04-23,2026-04-23 13:50:00,1115.5,1115.5,1115.5,1115.5,0.0,0.4,446.2,0
2026-04-23,2026-04-23 14:00:00,1115.5,1115.5,1115.5,1115.5,0.0,0.4,446.2,0
2026-04-23,2026-04-23 14:10:00,1115.5,1115.5,1115.5,1115.5,0.0,0.4,446.2,0
2026-04-23,2026-04-23 14:20:00,1115.5,1115.5,1115.5,1115.5,0.0,0.4,446.2,0
2026-04-23,2026-04-23 14:30:00,1115.5,1115.5,1115.5,1115.5,0.0,0.4,446.2,0
2026-04-23,2026-04-23 14:40:00,1115.5,1115.5,1115.5,1115.5,0.0,0.4,446.2,0
2026-04-23,2026-04-23 14:50:00,1115.5,1115.5,1115.5,1115.5,0.0,0.4,446.2,0
2026-04-23,2026-04-23 15:00:00,1115.5,1115.5,1115.5,1115.5,0.0,0.4,446.2,0
2026-04-24,2026-04-24 11:00:00,1115.5,1115.5,1111.78,1114.98,-0.05,1.0,1103.1,-1
2026-04-24,2026-04-24 11:10:00,1114.98,1114.98,1114.47,1114.47,-0.05,1.0,1103.1,-1
2026-04-24,2026-04-24 11:20:00,1114.47,1114.47,1113.95,1113.95,-0.05,1.0,1103.1,-1
2026-04-24,2026-04-24 11:30:00,1113.95,1113.95,1113.43,1113.43,-0.05,1.0,1103.1,-1
2026-04-24,2026-04-24 11:40:00,1113.43,1113.43,1112.92,1112.92,-0.05,1.0,1103.1,-1
2026-04-24,2026-04-24 11:50:00,1112.92,1112.92,1112.4,1112.4,-0.05,1.0,1103.1,-1
2026-04-24,2026-04-24 12:00:00,1112.4,1112.4,1111.88,1111.88,-0.05,1.0,1103.1,-1
2026-04-24,2026-04-24 12:10:00,1111.88,1111.88,1111.37,1111.37,-0.05,1.0,1103.1,-1
2026-04-24,2026-04-24 12:20:00,1111.37,1111.37,1110.85,1110.85,-0.05,1.0,1103.1,-1
2026-04-24,2026-04-24 12:30:00,1110.85,1110.85,1110.33,1110.33,-0.05,1.0,1103.1,-1
2026-04-24,2026-04-24 12:40:00,1110.33,1110.33,1109.82,1109.82,-0.05,1.0,1103.1,-1
2026-04-24,2026-04-24 12:50:00,1109.82,1109.82,1109.3,1109.3,-0.05,1.0,1103.1,-1
2026-04-24,2026-04-24 13:00:00,1109.3,1109.3,1103.1,1108.78,-0.05,1.0,1103.1,-1
2026-04-24,2026-04-24 13:10:00,1108.78,1108.78,1108.27,1108.27,-0.05,1.0,1103.1,-1
2026-04-24,2026-04-24 13:20:00,1108.27,1108.27,1107.75,1107.75,-0.05,1.0,1103.1,-1
2026-04-24,2026-04-24 13:30:00,1107.75,1107.75,1107.23,1107.23,-0.05,1.0,1103.1,-1
2026-04-24,2026-04-24 13:40:00,1107.23,1107.23,1106.72,1106.72,-0.05,1.0,1103.1,-1
2026-04-24,2026-04-24 13:50:00,1106.72,1106.72,1106.2,1106.2,-0.05,1.0,1103.1,-1
2026-04-24,2026-04-24 14:00:00,1106.2,1106.2,1105.68,1105.68,-0.05,1.0,1103.1,-1
2026-04-24,2026-04-24 14:10:00,1105.68,1105.68,1105.17,1105.17,-0.05,1.0,1103.1,-1
2026-04-24,2026-04-24 14:20:00,1105.17,1105.17,1104.65,1104.65,-0.05,1.0,1103.1,-1
2026-04-24,2026-04-24 14:30:00,1104.65,1104.65,1104.13,1104.13,-0.05,1.0,1103.1,-1
2026-04-24,2026-04-24 14:40:00,1104.13,1104.13,1103.62,1103.62,-0.05,1.0,1103.1,-1
2026-04-24,2026-04-24 14:50:00,1103.62,1103.62,1103.1,1103.1,-0.05,1.0,1103.1,-1
2026-04-24,2026-04-24 15:00:00,1103.1,1103.1,1103.1,1103.1,0.0,1.0,1103.1,0
2026-04-28,2026-04-28 11:00:00,1103.1,1103.1,1096.17,1102.14,-0.09,1.0,1088.0,-1
2026-04-28,2026-04-28 11:10:00,1102.14,1102.14,1101.17,1101.17,-0.09,1.0,1088.0,-1
2026-04-28,2026-04-28 11:20:00,1101.17,1101.17,1100.21,1100.21,-0.09,1.0,1088.0,-1
2026-04-28,2026-04-28 11:30:00,1100.21,1100.21,1099.25,1099.25,-0.09,1.0,1088.0,-1
2026-04-28,2026-04-28 11:40:00,1099.25,1099.25,1098.29,1098.29,-0.09,1.0,1088.0,-1
2026-04-28,2026-04-28 11:50:00,1098.29,1098.29,1097.32,1097.32,-0.09,1.0,1088.0,-1
2026-04-28,2026-04-28 12:00:00,1097.32,1097.32,1096.36,1096.36,-0.09,1.0,1088.0,-1
2026-04-28,2026-04-28 12:10:00,1096.36,1096.36,1095.4,1095.4,-0.09,1.0,1088.0,-1
2026-04-28,2026-04-28 12:20:00,1095.4,1095.4,1094.44,1094.44,-0.09,1.0,1088.0,-1
2026-04-28,2026-04-28 12:30:00,1094.44,1094.44,1093.47,1093.47,-0.09,1.0,1088.0,-1
2026-04-28,2026-04-28 12:40:00,1093.47,1093.47,1092.51,1092.51,-0.09,1.0,1088.0,-1
2026-04-28,2026-04-28 12:50:00,1092.51,1092.51,1091.55,1091.55,-0.09,1.0,1088.0,-1
2026-04-28,2026-04-28 13:00:00,1091.55,1100.0,1080.0,1090.59,-0.09,1.0,1088.0,-1
2026-04-28,2026-04-28 13:10:00,1090.59,1090.59,1089.62,1089.62,-0.09,1.0,1088.0,-1
2026-04-28,2026-04-28 13:20:00,1089.62,1089.62,1088.66,1088.66,-0.09,1.0,1088.0,-1
2026-04-28,2026-04-28 13:30:00,1088.66,1088.66,1087.7,1087.7,-0.09,1.0,1088.0,-1
2026-04-28,2026-04-28 13:40:00,1087.7,1087.7,1086.74,1086.74,-0.09,1.0,1088.0,-1
2026-04-28,2026-04-28 13:50:00,1086.74,1086.74,1085.78,1085.78,-0.09,1.0,1088.0,-1
2026-04-28,2026-04-28 14:00:00,1085.78,1085.78,1084.81,1084.81,-0.09,1.0,1088.0,-1
2026-04-28,2026-04-28 14:10:00,1084.81,1084.81,1083.85,1083.85,-0.09,1.0,1088.0,-1
2026-04-28,2026-04-28 14:20:00,1083.85,1083.85,1082.89,1082.89,-0.09,1.0,1088.0,-1
2026-04-28,2026-04-28 14:30:00,1082.89,1082.89,1081.92,1081.92,-0.09,1.0,1088.0,-1
2026-04-28,2026-04-28 14:40:00,1081.92,1081.92,1080.96,1080.96,-0.09,1.0,1088.0,-1
2026-04-28,2026-04-28 14:50:00,1080.96,1080.96,1080.0,1080.0,-0.09,1.0,1088.0,-1
2026-04-28,2026-04-28 15:00:00,1080.0,1100.0,1080.0,1080.0,0.0,1.0,1088.0,0
2026-04-29,2026-04-29 11:00:00,1080.0,1085.01,1080.0,1080.7,0.06,1.0,1096.7,1
2026-04-29,2026-04-29 11:10:00,1080.7,1081.39,1080.7,1081.39,0.06,1.0,1096.7,1
2026-04-29,2026-04-29 11:20:00,1081.39,1082.09,1081.39,1082.09,0.06,1.0,1096.7,1
2026-04-29,2026-04-29 11:30:00,1082.09,1082.78,1082.09,1082.78,0.06,1.0,1096.7,1
2026-04-29,2026-04-29 11:40:00,1082.78,1083.48,1082.78,1083.48,0.06,1.0,1096.7,1
2026-04-29,2026-04-29 11:50:00,1083.48,1084.17,1083.48,1084.17,0.06,1.0,1096.7,1
2026-04-29,2026-04-29 12:00:00,1084.17,1084.87,1084.17,1084.87,0.06,1.0,1096.7,1
2026-04-29,2026-04-29 12:10:00,1084.87,1085.57,1084.87,1085.57,0.06,1.0,1096.7,1
2026-04-29,2026-04-29 12:20:00,1085.57,1086.26,1085.57,1086.26,0.06,1.0,1096.7,1
2026-04-29,2026-04-29 12:30:00,1086.26,1086.96,1086.26,1086.96,0.06,1.0,1096.7,1
2026-04-29,2026-04-29 12:40:00,1086.96,1087.65,1086.96,1087.65,0.06,1.0,1096.7,1
2026-04-29,2026-04-29 12:50:00,1087.65,1088.35,1087.65,1088.35,0.06,1.0,1096.7,1
2026-04-29,2026-04-29 13:00:00,1088.35,1096.7,1088.35,1089.05,0.06,1.0,1096.7,1
2026-04-29,2026-04-29 13:10:00,1089.05,1089.74,1089.05,1089.74,0.06,1.0,1096.7,1
2026-04-29,2026-04-29 13:20:00,1089.74,1090.44,1089.74,1090.44,0.06,1.0,1096.7,1
2026-04-29,2026-04-29 13:30:00,1090.44,1091.13,1090.44,1091.13,0.06,1.0,1096.7,1
2026-04-29,2026-04-29 13:40:00,1091.13,1091.83,1091.13,1091.83,0.06,1.0,1096.7,1
2026-04-29,2026-04-29 13:50:00,1091.83,1092.53,1091.83,1092.53,0.06,1.0,1096.7,1
2026-04-29,2026-04-29 14:00:00,1092.53,1093.22,1092.53,1093.22,0.06,1.0,1096.7,1
2026-04-29,2026-04-29 14:10:00,1093.22,1093.92,1093.22,1093.92,0.06,1.0,1096.7,1
2026-04-29,2026-04-29 14:20:00,1093.92,1094.61,1093.92,1094.61,0.06,1.0,1096.7,1
2026-04-29,2026-04-29 14:30:00,1094.61,1095.31,1094.61,1095.31,0.06,1.0,1096.7,1
2026-04-29,2026-04-29 14:40:00,1095.31,1096.0,1095.31,1096.0,0.06,1.0,1096.7,1
2026-04-29,2026-04-29 14:50:00,1096.0,1096.7,1096.0,1096.7,0.06,1.0,1096.7,1
2026-04-29,2026-04-29 15:00:00,1096.7,1096.7,1096.7,1096.7,0.0,1.0,1096.7,0
2026-05-04,2026-05-04 11:00:00,1100.0,1100.0,1100.0,1100.0,0.0,1.0,1100.0,0
2026-05-04,2026-05-04 11:10:00,1100.0,1100.0,1100.0,1100.0,0.0,1.0,1100.0,0
2026-05-04,2026-05-04 11:20:00,1100.0,1100.0,1100.0,1100.0,0.0,1.0,1100.0,0
2026-05-04,2026-05-04 11:30:00,1100.0,1100.0,1100.0,1100.0,0.0,1.0,1100.0,0
2026-05-04,2026-05-04 11:40:00,1100.0,1100.0,1100.0,1100.0,0.0,1.0,1100.0,0
2026-05-04,2026-05-04 11:50:00,1100.0,1100.0,1100.0,1100.0,0.0,1.0,1100.0,0
2026-05-04,2026-05-04 12:00:00,1100.0,1100.0,1100.0,1100.0,0.0,1.0,1100.0,0
2026-05-04,2026-05-04 12:10:00,1100.0,1100.0,1100.0,1100.0,0.0,1.0,1100.0,0
2026-05-04,2026-05-04 12:20:00,1100.0,1100.0,1100.0,1100.0,0.0,1.0,1100.0,0
2026-05-04,2026-05-04 12:30:00,1100.0,1100.0,1100.0,1100.0,0.0,1.0,1100.0,0
2026-05-04,2026-05-04 12:40:00,1100.0,1100.0,1100.0,1100.0,0.0,1.0,1100.0,0
2026-05-04,2026-05-04 12:50:00,1100.0,1100.0,1100.0,1100.0,0.0,1.0,1100.0,0
2026-05-04,2026-05-04 13:00:00,1100.0,1100.0,1100.0,1100.0,0.0,1.0,1100.0,0
2026-05-04,2026-05-04 13:10:00,1100.0,1100.0,1100.0,1100.0,0.0,1.0,1100.0,0
2026-05-04,2026-05-04 13:20:00,1100.0,1100.0,1100.0,1100.0,0.0,1.0,1100.0,0
2026-05-04,2026-05-04 13:30:00,1100.0,1100.0,1100.0,1100.0,0.0,1.0,1100.0,0
2026-05-04,2026-05-04 13:40:00,1100.0,1100.0,1100.0,1100.0,0.0,1.0,1100.0,0
2026-05-04,2026-05-04 13:50:00,1100.0,1100.0,1100.0,1100.0,0.0,1.0,1100.0,0
2026-05-04,2026-05-04 14:00:00,1100.0,1100.0,1100.0,1100.0,0.0,1.0,1100.0,0
2026-05-04,2026-05-04 14:10:00,1100.0,1100.0,1100.0,1100.0,0.0,1.0,1100.0,0
2026-05-04,2026-05-04 14:20:00,1100.0,1100.0,1100.0,1100.0,0.0,1.0,1100.0,0
2026-05-04,2026-05-04 14:30:00,1100.0,1100.0,1100.0,1100.0,0.0,1.0,1100.0,0
2026-05-04,2026-05-04 14:40:00,1100.0,1100.0,1100.0,1100.0,0.0,1.0,1100.0,0
2026-05-04,2026-05-04 14:50:00,1100.0,1100.0,1100.0,1100.0,0.0,1.0,1100.0,0
2026-05-04,2026-05-04 15:00:00,1100.0,1100.0,1100.0,1100.0,0.0,1.0,1100.0,0
2026-05-06,2026-05-06 11:00:00,1133.0,1133.0,1133.0,1133.0,0.0,0.4,453.2,0
2026-05-06,2026-05-06 11:10:00,1133.0,1133.0,1133.0,1133.0,0.0,0.4,453.2,0
2026-05-06,2026-05-06 11:20:00,1133.0,1133.0,1133.0,1133.0,0.0,0.4,453.2,0
2026-05-06,2026-05-06 11:30:00,1133.0,1133.0,1133.0,1133.0,0.0,0.4,453.2,0
2026-05-06,2026-05-06 11:40:00,1133.0,1133.0,1133.0,1133.0,0.0,0.4,453.2,0
2026-05-06,2026-05-06 11:50:00,1133.0,1133.0,1133.0,1133.0,0.0,0.4,453.2,0
2026-05-06,2026-05-06 12:00:00,1133.0,1133.0,1133.0,1133.0,0.0,0.4,453.2,0
2026-05-06,2026-05-06 12:10:00,1133.0,1133.0,1133.0,1133.0,0.0,0.4,453.2,0
2026-05-06,2026-05-06 12:20:00,1133.0,1133.0,1133.0,1133.0,0.0,0.4,453.2,0
2026-05-06,2026-05-06 12:30:00,1133.0,1133.0,1133.0,1133.0,0.0,0.4,453.2,0
2026-05-06,2026-05-06 12:40:00,1133.0,1133.0,1133.0,1133.0,0.0,0.4,453.2,0
2026-05-06,2026-05-06 12:50:00,1133.0,1133.0,1133.0,1133.0,0.0,0.4,453.2,0
2026-05-06,2026-05-06 13:00:00,1133.0,1133.0,1133.0,1133.0,0.0,0.4,453.2,0
2026-05-06,2026-05-06 13:10:00,1133.0,1133.0,1133.0,1133.0,0.0,0.4,453.2,0
2026-05-06,2026-05-06 13:20:00,1133.0,1133.0,1133.0,1133.0,0.0,0.4,453.2,0
2026-05-06,2026-05-06 13:30:00,1133.0,1133.0,1133.0,1133.0,0.0,0.4,453.2,0
2026-05-06,2026-05-06 13:40:00,1133.0,1133.0,1133.0,1133.0,0.0,0.4,453.2,0
2026-05-06,2026-05-06 13:50:00,1133.0,1133.0,1133.0,1133.0,0.0,0.4,453.2,0
2026-05-06,2026-05-06 14:00:00,1133.0,1133.0,1133.0,1133.0,0.0,0.4,453.2,0
2026-05-06,2026-05-06 14:10:00,1133.0,1133.0,1133.0,1133.0,0.0,0.4,453.2,0
2026-05-06,2026-05-06 14:20:00,1133.0,1133.0,1133.0,1133.0,0.0,0.4,453.2,0
2026-05-06,2026-05-06 14:30:00,1133.0,1133.0,1133.0,1133.0,0.0,0.4,453.2,0
2026-05-06,2026-05-06 14:40:00,1133.0,1133.0,1133.0,1133.0,0.0,0.4,453.2,0
2026-05-06,2026-05-06 14:50:00,1133.0,1133.0,1133.0,1133.0,0.0,0.4,453.2,0
2026-05-06,2026-05-06 15:00:00,1133.0,1133.0,1133.0,1133.0,0.0,0.4,453.2,0
2026-05-08,2026-05-08 11:00:00,1133.0,1133.0,1133.0,1133.0,0.0,2.6,2945.8,0
2026-05-08,2026-05-08 11:10:00,1133.0,1133.0,1133.0,1133.0,0.0,2.6,2945.8,0
2026-05-08,2026-05-08 11:20:00,1133.0,1133.0,1133.0,1133.0,0.0,2.6,2945.8,0
2026-05-08,2026-05-08 11:30:00,1133.0,1133.0,1133.0,1133.0,0.0,2.6,2945.8,0
2026-05-08,2026-05-08 11:40:00,1133.0,1133.0,1133.0,1133.0,0.0,2.6,2945.8,0
2026-05-08,2026-05-08 11:50:00,1133.0,1133.0,1133.0,1133.0,0.0,2.6,2945.8,0
2026-05-08,2026-05-08 12:00:00,1133.0,1133.0,1133.0,1133.0,0.0,2.6,2945.8,0
2026-05-08,2026-05-08 12:10:00,1133.0,1133.0,1133.0,1133.0,0.0,2.6,2945.8,0
2026-05-08,2026-05-08 12:20:00,1133.0,1133.0,1133.0,1133.0,0.0,2.6,2945.8,0
2026-05-08,2026-05-08 12:30:00,1133.0,1133.0,1133.0,1133.0,0.0,2.6,2945.8,0
2026-05-08,2026-05-08 12:40:00,1133.0,1133.0,1133.0,1133.0,0.0,2.6,2945.8,0
2026-05-08,2026-05-08 12:50:00,1133.0,1133.0,1133.0,1133.0,0.0,2.6,2945.8,0
2026-05-08,2026-05-08 13:00:00,1133.0,1133.0,1133.0,1133.0,0.0,2.6,2945.8,0
2026-05-08,2026-05-08 13:10:00,1133.0,1133.0,1133.0,1133.0,0.0,2.6,2945.8,0
2026-05-08,2026-05-08 13:20:00,1133.0,1133.0,1133.0,1133.0,0.0,2.6,2945.8,0
2026-05-08,2026-05-08 13:30:00,1133.0,1133.0,1133.0,1133.0,0.0,2.6,2945.8,0
2026-05-08,2026-05-08 13:40:00,1133.0,1133.0,1133.0,1133.0,0.0,2.6,2945.8,0
2026-05-08,2026-05-08 13:50:00,1133.0,1133.0,1133.0,1133.0,0.0,2.6,2945.8,0
2026-05-08,2026-05-08 14:00:00,1133.0,1133.0,1133.0,1133.0,0.0,2.6,2945.8,0
2026-05-08,2026-05-08 14:10:00,1133.0,1133.0,1133.0,1133.0,0.0,2.6,2945.8,0
2026-05-08,2026-05-08 14:20:00,1133.0,1133.0,1133.0,1133.0,0.0,2.6,2945.8,0
2026-05-08,2026-05-08 14:30:00,1133.0,1133.0,1133.0,1133.0,0.0,2.6,2945.8,0
2026-05-08,2026-05-08 14:40:00,1133.0,1133.0,1133.0,1133.0,0.0,2.6,2945.8,0
2026-05-08,2026-05-08 14:50:00,1133.0,1133.0,1133.0,1133.0,0.0,2.6,2945.8,0
2026-05-08,2026-05-08 15:00:00,1133.0,1133.0,1133.0,1133.0,0.0,2.6,2945.8,0
2026-05-11,2026-05-11 11:00:00,1133.0,1133.0,1133.0,1133.0,0.0,0.2,226.6,0
2026-05-11,2026-05-11 11:10:00,1133.0,1133.0,1133.0,1133.0,0.0,0.2,226.6,0
2026-05-11,2026-05-11 11:20:00,1133.0,1133.0,1133.0,1133.0,0.0,0.2,226.6,0
2026-05-11,2026-05-11 11:30:00,1133.0,1133.0,1133.0,1133.0,0.0,0.2,226.6,0
2026-05-11,2026-05-11 11:40:00,1133.0,1133.0,1133.0,1133.0,0.0,0.2,226.6,0
2026-05-11,2026-05-11 11:50:00,1133.0,1133.0,1133.0,1133.0,0.0,0.2,226.6,0
2026-05-11,2026-05-11 12:00:00,1133.0,1133.0,1133.0,1133.0,0.0,0.2,226.6,0
2026-05-11,2026-05-11 12:10:00,1133.0,1133.0,1133.0,1133.0,0.0,0.2,226.6,0
2026-05-11,2026-05-11 12:20:00,1133.0,1133.0,1133.0,1133.0,0.0,0.2,226.6,0
2026-05-11,2026-05-11 12:30:00,1133.0,1133.0,1133.0,1133.0,0.0,0.2,226.6,0
2026-05-11,2026-05-11 12:40:00,1133.0,1133.0,1133.0,1133.0,0.0,0.2,226.6,0
2026-05-11,2026-05-11 12:50:00,1133.0,1133.0,1133.0,1133.0,0.0,0.2,226.6,0
2026-05-11,2026-05-11 13:00:00,1133.0,1133.0,1133.0,1133.0,0.0,0.2,226.6,0
2026-05-11,2026-05-11 13:10:00,1133.0,1133.0,1133.0,1133.0,0.0,0.2,226.6,0
2026-05-11,2026-05-11 13:20:00,1133.0,1133.0,1133.0,1133.0,0.0,0.2,226.6,0
2026-05-11,2026-05-11 13:30:00,1133.0,1133.0,1133.0,1133.0,0.0,0.2,226.6,0
2026-05-11,2026-05-11 13:40:00,1133.0,1133.0,1133.0,1133.0,0.0,0.2,226.6,0
2026-05-11,2026-05-11 13:50:00,1133.0,1133.0,1133.0,1133.0,0.0,0.2,226.6,0
2026-05-11,2026-05-11 14:00:00,1133.0,1133.0,1133.0,1133.0,0.0,0.2,226.6,0
2026-05-11,2026-05-11 14:10:00,1133.0,1133.0,1133.0,1133.0,0.0,0.2,226.6,0
2026-05-11,2026-05-11 14:20:00,1133.0,1133.0,1133.0,1133.0,0.0,0.2,226.6,0
2026-05-11,2026-05-11 14:30:00,1133.0,1133.0,1133.0,1133.0,0.0,0.2,226.6,0
2026-05-11,2026-05-11 14:40:00,1133.0,1133.0,1133.0,1133.0,0.0,0.2,226.6,0
2026-05-11,2026-05-11 14:50:00,1133.0,1133.0,1133.0,1133.0,0.0,0.2,226.6,0
2026-05-11,2026-05-11 15:00:00,1133.0,1133.0,1133.0,1133.0,0.0,0.2,226.6,0
2026-05-15,2026-05-15 11:00:00,1104.2,1104.2,1104.2,1104.2,0.0,1.0,1104.2,0
2026-05-15,2026-05-15 11:10:00,1104.2,1104.2,1104.2,1104.2,0.0,1.0,1104.2,0
2026-05-15,2026-05-15 11:20:00,1104.2,1104.2,1104.2,1104.2,0.0,1.0,1104.2,0
2026-05-15,2026-05-15 11:30:00,1104.2,1104.2,1104.2,1104.2,0.0,1.0,1104.2,0
2026-05-15,2026-05-15 11:40:00,1104.2,1104.2,1104.2,1104.2,0.0,1.0,1104.2,0
2026-05-15,2026-05-15 11:50:00,1104.2,1104.2,1104.2,1104.2,0.0,1.0,1104.2,0
2026-05-15,2026-05-15 12:00:00,1104.2,1104.2,1104.2,1104.2,0.0,1.0,1104.2,0
2026-05-15,2026-05-15 12:10:00,1104.2,1104.2,1104.2,1104.2,0.0,1.0,1104.2,0
2026-05-15,2026-05-15 12:20:00,1104.2,1104.2,1104.2,1104.2,0.0,1.0,1104.2,0
2026-05-15,2026-05-15 12:30:00,1104.2,1104.2,1104.2,1104.2,0.0,1.0,1104.2,0
2026-05-15,2026-05-15 12:40:00,1104.2,1104.2,1104.2,1104.2,0.0,1.0,1104.2,0
2026-05-15,2026-05-15 12:50:00,1104.2,1104.2,1104.2,1104.2,0.0,1.0,1104.2,0
2026-05-15,2026-05-15 13:00:00,1104.2,1104.2,1104.2,1104.2,0.0,1.0,1104.2,0
2026-05-15,2026-05-15 13:10:00,1104.2,1104.2,1104.2,1104.2,0.0,1.0,1104.2,0
2026-05-15,2026-05-15 13:20:00,1104.2,1104.2,1104.2,1104.2,0.0,1.0,1104.2,0
2026-05-15,2026-05-15 13:30:00,1104.2,1104.2,1104.2,1104.2,0.0,1.0,1104.2,0
2026-05-15,2026-05-15 13:40:00,1104.2,1104.2,1104.2,1104.2,0.0,1.0,1104.2,0
2026-05-15,2026-05-15 13:50:00,1104.2,1104.2,1104.2,1104.2,0.0,1.0,1104.2,0
2026-05-15,2026-05-15 14:00:00,1104.2,1104.2,1104.2,1104.2,0.0,1.0,1104.2,0
2026-05-15,2026-05-15 14:10:00,1104.2,1104.2,1104.2,1104.2,0.0,1.0,1104.2,0
2026-05-15,2026-05-15 14:20:00,1104.2,1104.2,1104.2,1104.2,0.0,1.0,1104.2,0
2026-05-15,2026-05-15 14:30:00,1104.2,1104.2,1104.2,1104.2,0.0,1.0,1104.2,0
2026-05-15,2026-05-15 14:40:00,1104.2,1104.2,1104.2,1104.2,0.0,1.0,1104.2,0
2026-05-15,2026-05-15 14:50:00,1104.2,1104.2,1104.2,1104.2,0.0,1.0,1104.2,0
2026-05-15,2026-05-15 15:00:00,1104.2,1104.2,1104.2,1104.2,0.0,1.0,1104.2,0
2026-05-19,2026-05-19 11:00:00,1120.9,1123.63,1120.9,1121.28,0.03,2.0,2250.9,1
2026-05-19,2026-05-19 11:10:00,1121.28,1121.66,1121.28,1121.66,0.03,2.0,2250.9,1
2026-05-19,2026-05-19 11:20:00,1121.66,1122.04,1121.66,1122.04,0.03,2.0,2250.9,1
2026-05-19,2026-05-19 11:30:00,1122.04,1122.42,1122.04,1122.42,0.03,2.0,2250.9,1
2026-05-19,2026-05-19 11:40:00,1122.42,1122.8,1122.42,1122.8,0.03,2.0,2250.9,1
2026-05-19,2026-05-19 11:50:00,1122.8,1123.18,1122.8,1123.18,0.03,2.0,2250.9,1
2026-05-19,2026-05-19 12:00:00,1123.18,1123.55,1123.18,1123.55,0.03,2.0,2250.9,1
2026-05-19,2026-05-19 12:10:00,1123.55,1123.93,1123.55,1123.93,0.03,2.0,2250.9,1
2026-05-19,2026-05-19 12:20:00,1123.93,1124.31,1123.93,1124.31,0.03,2.0,2250.9,1
2026-05-19,2026-05-19 12:30:00,1124.31,1124.69,1124.31,1124.69,0.03,2.0,2250.9,1
2026-05-19,2026-05-19 12:40:00,1124.69,1125.07,1124.69,1125.07,0.03,2.0,2250.9,1
2026-05-19,2026-05-19 12:50:00,1125.07,1125.45,1125.07,1125.45,0.03,2.0,2250.9,1
2026-05-19,2026-05-19 13:00:00,1125.45,1130.0,1120.9,1125.83,0.03,2.0,2250.9,1
2026-05-19,2026-05-19 13:10:00,1125.83,1126.21,1125.83,1126.21,0.03,2.0,2250.9,1
2026-05-19,2026-05-19 13:20:00,1126.21,1126.59,1126.21,1126.59,0.03,2.0,2250.9,1
2026-05-19,2026-05-19 13:30:00,1126.59,1126.97,1126.59,1126.97,0.03,2.0,2250.9,1
2026-05-19,2026-05-19 13:40:00,1126.97,1127.35,1126.97,1127.35,0.03,2.0,2250.9,1
2026-05-19,2026-05-19 13:50:00,1127.35,1127.72,1127.35,1127.72,0.03,2.0,2250.9,1
2026-05-19,2026-05-19 14:00:00,1127.72,1128.1,1127.72,1128.1,0.03,2.0,2250.9,1
2026-05-19,2026-05-19 14:10:00,1128.1,1128.48,1128.1,1128.48,0.03,2.0,2250.9,1
2026-05-19,2026-05-19 14:20:00,1128.48,1128.86,1128.48,1128.86,0.03,2.0,2250.9,1
2026-05-19,2026-05-19 14:30:00,1128.86,1129.24,1128.86,1129.24,0.03,2.0,2250.9,1
2026-05-19,2026-05-19 14:40:00,1129.24,1129.62,1129.24,1129.62,0.03,2.0,2250.9,1
2026-05-19,2026-05-19 14:50:00,1129.62,1130.0,1129.62,1130.0,0.03,2.0,2250.9,1
2026-05-19,2026-05-19 15:00:00,1130.0,1130.0,1120.9,1130.0,0.0,2.0,2250.9,0
2026-05-21,2026-05-21 11:00:00,1130.0,1136.0,1124.0,1130.83,0.07,9.8,11076.6,1
2026-05-21,2026-05-21 11:10:00,1130.83,1131.67,1130.83,1131.67,0.07,9.8,11076.6,1
2026-05-21,2026-05-21 11:20:00,1131.67,1132.5,1131.67,1132.5,0.07,9.8,11076.6,1
2026-05-21,2026-05-21 11:30:00,1132.5,1133.33,1132.5,1133.33,0.07,9.8,11076.6,1
2026-05-21,2026-05-21 11:40:00,1133.33,1134.17,1133.33,1134.17,0.07,9.8,11076.6,1
2026-05-21,2026-05-21 11:50:00,1134.17,1135.0,1134.17,1135.0,0.07,9.8,11076.6,1
2026-05-21,2026-05-21 12:00:00,1135.0,1135.83,1135.0,1135.83,0.07,9.8,11076.6,1
2026-05-21,2026-05-21 12:10:00,1135.83,1136.67,1135.83,1136.67,0.07,9.8,11076.6,1
2026-05-21,2026-05-21 12:20:00,1136.67,1137.5,1136.67,1137.5,0.07,9.8,11076.6,1
2026-05-21,2026-05-21 12:30:00,1137.5,1138.33,1137.5,1138.33,0.07,9.8,11076.6,1
2026-05-21,2026-05-21 12:40:00,1138.33,1139.17,1138.33,1139.17,0.07,9.8,11076.6,1
2026-05-21,2026-05-21 12:50:00,1139.17,1140.0,1139.17,1140.0,0.07,9.8,11076.6,1
2026-05-21,2026-05-21 13:00:00,1140.0,1150.0,1110.0,1140.83,0.07,9.8,11076.6,1
2026-05-21,2026-05-21 13:10:00,1140.83,1141.67,1140.83,1141.67,0.07,9.8,11076.6,1
2026-05-21,2026-05-21 13:20:00,1141.67,1142.5,1141.67,1142.5,0.07,9.8,11076.6,1
2026-05-21,2026-05-21 13:30:00,1142.5,1143.33,1142.5,1143.33,0.07,9.8,11076.6,1
2026-05-21,2026-05-21 13:40:00,1143.33,1144.17,1143.33,1144.17,0.07,9.8,11076.6,1
2026-05-21,2026-05-21 13:50:00,1144.17,1145.0,1144.17,1145.0,0.07,9.8,11076.6,1
2026-05-21,2026-05-21 14:00:00,1145.0,1145.83,1145.0,1145.83,0.07,9.8,11076.6,1
2026-05-21,2026-05-21 14:10:00,1145.83,1146.67,1145.83,1146.67,0.07,9.8,11076.6,1
2026-05-21,2026-05-21 14:20:00,1146.67,1147.5,1146.67,1147.5,0.07,9.8,11076.6,1
2026-05-21,2026-05-21 14:30:00,1147.5,1148.33,1147.5,1148.33,0.07,9.8,11076.6,1
2026-05-21,2026-05-21 14:40:00,1148.33,1149.17,1148.33,1149.17,0.07,9.8,11076.6,1
2026-05-21,2026-05-21 14:50:00,1149.17,1150.0,1149.17,1150.0,0.07,9.8,11076.6,1
2026-05-21,2026-05-21 15:00:00,1150.0,1150.0,1110.0,1150.0,0.0,9.8,11076.6,0
2026-06-03,2026-06-03 11:00:00,1160.0,1160.0,1160.0,1160.0,0.0,1.0,1160.0,0
2026-06-03,2026-06-03 11:10:00,1160.0,1160.0,1160.0,1160.0,0.0,1.0,1160.0,0
2026-06-03,2026-06-03 11:20:00,1160.0,1160.0,1160.0,1160.0,0.0,1.0,1160.0,0
2026-06-03,2026-06-03 11:30:00,1160.0,1160.0,1160.0,1160.0,0.0,1.0,1160.0,0
2026-06-03,2026-06-03 11:40:00,1160.0,1160.0,1160.0,1160.0,0.0,1.0,1160.0,0
2026-06-03,2026-06-03 11:50:00,1160.0,1160.0,1160.0,1160.0,0.0,1.0,1160.0,0
2026-06-03,2026-06-03 12:00:00,1160.0,1160.0,1160.0,1160.0,0.0,1.0,1160.0,0
2026-06-03,2026-06-03 12:10:00,1160.0,1160.0,1160.0,1160.0,0.0,1.0,1160.0,0
2026-06-03,2026-06-03 12:20:00,1160.0,1160.0,1160.0,1160.0,0.0,1.0,1160.0,0
2026-06-03,2026-06-03 12:30:00,1160.0,1160.0,1160.0,1160.0,0.0,1.0,1160.0,0
2026-06-03,2026-06-03 12:40:00,1160.0,1160.0,1160.0,1160.0,0.0,1.0,1160.0,0
2026-06-03,2026-06-03 12:50:00,1160.0,1160.0,1160.0,1160.0,0.0,1.0,1160.0,0
2026-06-03,2026-06-03 13:00:00,1160.0,1160.0,1160.0,1160.0,0.0,1.0,1160.0,0
2026-06-03,2026-06-03 13:10:00,1160.0,1160.0,1160.0,1160.0,0.0,1.0,1160.0,0
2026-06-03,2026-06-03 13:20:00,1160.0,1160.0,1160.0,1160.0,0.0,1.0,1160.0,0
2026-06-03,2026-06-03 13:30:00,1160.0,1160.0,1160.0,1160.0,0.0,1.0,1160.0,0
2026-06-03,2026-06-03 13:40:00,1160.0,1160.0,1160.0,1160.0,0.0,1.0,1160.0,0
2026-06-03,2026-06-03 13:50:00,1160.0,1160.0,1160.0,1160.0,0.0,1.0,1160.0,0
2026-06-03,2026-06-03 14:00:00,1160.0,1160.0,1160.0,1160.0,0.0,1.0,1160.0,0
2026-06-03,2026-06-03 14:10:00,1160.0,1160.0,1160.0,1160.0,0.0,1.0,1160.0,0
2026-06-03,2026-06-03 14:20:00,1160.0,1160.0,1160.0,1160.0,0.0,1.0,1160.0,0
2026-06-03,2026-06-03 14:30:00,1160.0,1160.0,1160.0,1160.0,0.0,1.0,1160.0,0
2026-06-03,2026-06-03 14:40:00,1160.0,1160.0,1160.0,1160.0,0.0,1.0,1160.0,0
2026-06-03,2026-06-03 14:50:00,1160.0,1160.0,1160.0,1160.0,0.0,1.0,1160.0,0
2026-06-03,2026-06-03 15:00:00,1160.0,1160.0,1160.0,1160.0,0.0,1.0,1160.0,0
2026-06-04,2026-06-04 11:00:00,1170.0,1177.44,1170.0,1171.03,0.09,2.0,2369.76,1
2026-06-04,2026-06-04 11:10:00,1171.03,1172.07,1171.03,1172.07,0.09,2.0,2369.76,1
2026-06-04,2026-06-04 11:20:00,1172.07,1173.1,1172.07,1173.1,0.09,2.0,2369.76,1
2026-06-04,2026-06-04 11:30:00,1173.1,1174.13,1173.1,1174.13,0.09,2.0,2369.76,1
2026-06-04,2026-06-04 11:40:00,1174.13,1175.17,1174.13,1175.17,0.09,2.0,2369.76,1
2026-06-04,2026-06-04 11:50:00,1175.17,1176.2,1175.17,1176.2,0.09,2.0,2369.76,1
2026-06-04,2026-06-04 12:00:00,1176.2,1177.23,1176.2,1177.23,0.09,2.0,2369.76,1
2026-06-04,2026-06-04 12:10:00,1177.23,1178.27,1177.23,1178.27,0.09,2.0,2369.76,1
2026-06-04,2026-06-04 12:20:00,1178.27,1179.3,1178.27,1179.3,0.09,2.0,2369.76,1
2026-06-04,2026-06-04 12:30:00,1179.3,1180.33,1179.3,1180.33,0.09,2.0,2369.76,1
2026-06-04,2026-06-04 12:40:00,1180.33,1181.37,1180.33,1181.37,0.09,2.0,2369.76,1
2026-06-04,2026-06-04 12:50:00,1181.37,1182.4,1181.37,1182.4,0.09,2.0,2369.76,1
2026-06-04,2026-06-04 13:00:00,1182.4,1194.8,1170.0,1183.43,0.09,2.0,2369.76,1
2026-06-04,2026-06-04 13:10:00,1183.43,1184.47,1183.43,1184.47,0.09,2.0,2369.76,1
2026-06-04,2026-06-04 13:20:00,1184.47,1185.5,1184.47,1185.5,0.09,2.0,2369.76,1
2026-06-04,2026-06-04 13:30:00,1185.5,1186.53,1185.5,1186.53,0.09,2.0,2369.76,1
2026-06-04,2026-06-04 13:40:00,1186.53,1187.57,1186.53,1187.57,0.09,2.0,2369.76,1
2026-06-04,2026-06-04 13:50:00,1187.57,1188.6,1187.57,1188.6,0.09,2.0,2369.76,1
2026-06-04,2026-06-04 14:00:00,1188.6,1189.63,1188.6,1189.63,0.09,2.0,2369.76,1
2026-06-04,2026-06-04 14:10:00,1189.63,1190.67,1189.63,1190.67,0.09,2.0,2369.76,1
2026-06-04,2026-06-04 14:20:00,1190.67,1191.7,1190.67,1191.7,0.09,2.0,2369.76,1
2026-06-04,2026-06-04 14:30:00,1191.7,1192.73,1191.7,1192.73,0.09,2.0,2369.76,1
2026-06-04,2026-06-04 14:40:00,1192.73,1193.77,1192.73,1193.77,0.09,2.0,2369.76,1
2026-06-04,2026-06-04 14:50:00,1193.77,1194.8,1193.77,1194.8,0.09,2.0,2369.76,1
2026-06-04,2026-06-04 15:00:00,1194.8,1194.8,1170.0,1194.8,0.0,2.0,2369.76,0
2026-06-08,2026-06-08 11:00:00,1160.0,1166.0,1160.0,1160.83,0.07,3.0,3520.0,1
2026-06-08,2026-06-08 11:10:00,1160.83,1161.67,1160.83,1161.67,0.07,3.0,3520.0,1
2026-06-08,2026-06-08 11:20:00,1161.67,1162.5,1161.67,1162.5,0.07,3.0,3520.0,1
2026-06-08,2026-06-08 11:30:00,1162.5,1163.33,1162.5,1163.33,0.07,3.0,3520.0,1
2026-06-08,2026-06-08 11:40:00,1163.33,1164.17,1163.33,1164.17,0.07,3.0,3520.0,1
2026-06-08,2026-06-08 11:50:00,1164.17,1165.0,1164.17,1165.0,0.07,3.0,3520.0,1
2026-06-08,2026-06-08 12:00:00,1165.0,1165.83,1165.0,1165.83,0.07,3.0,3520.0,1
2026-06-08,2026-06-08 12:10:00,1165.83,1166.67,1165.83,1166.67,0.07,3.0,3520.0,1
2026-06-08,2026-06-08 12:20:00,1166.67,1167.5,1166.67,1167.5,0.07,3.0,3520.0,1
2026-06-08,2026-06-08 12:30:00,1167.5,1168.33,1167.5,1168.33,0.07,3.0,3520.0,1
2026-06-08,2026-06-08 12:40:00,1168.33,1169.17,1168.33,1169.17,0.07,3.0,3520.0,1
2026-06-08,2026-06-08 12:50:00,1169.17,1170.0,1169.17,1170.0,0.07,3.0,3520.0,1
2026-06-08,2026-06-08 13:00:00,1170.0,1180.0,1160.0,1170.83,0.07,3.0,3520.0,1
2026-06-08,2026-06-08 13:10:00,1170.83,1171.67,1170.83,1171.67,0.07,3.0,3520.0,1
2026-06-08,2026-06-08 13:20:00,1171.67,1172.5,1171.67,1172.5,0.07,3.0,3520.0,1
2026-06-08,2026-06-08 13:30:00,1172.5,1173.33,1172.5,1173.33,0.07,3.0,3520.0,1
2026-06-08,2026-06-08 13:40:00,1173.33,1174.17,1173.33,1174.17,0.07,3.0,3520.0,1
2026-06-08,2026-06-08 13:50:00,1174.17,1175.0,1174.17,1175.0,0.07,3.0,3520.0,1
2026-06-08,2026-06-08 14:00:00,1175.0,1175.83,1175.0,1175.83,0.07,3.0,3520.0,1
2026-06-08,2026-06-08 14:10:00,1175.83,1176.67,1175.83,1176.67,0.07,3.0,3520.0,1
2026-06-08,2026-06-08 14:20:00,1176.67,1177.5,1176.67,1177.5,0.07,3.0,3520.0,1
2026-06-08,2026-06-08 14:30:00,1177.5,1178.33,1177.5,1178.33,0.07,3.0,3520.0,1
2026-06-08,2026-06-08 14:40:00,1178.33,1179.17,1178.33,1179.17,0.07,3.0,3520.0,1
2026-06-08,2026-06-08 14:50:00,1179.17,1180.0,1179.17,1180.0,0.07,3.0,3520.0,1
2026-06-08,2026-06-08 15:00:00,1180.0,1180.0,1160.0,1180.0,0.0,3.0,3520.0,0
2026-06-09,2026-06-09 11:00:00,1181.0,1181.0,1181.0,1181.0,0.0,1.6,1889.6,0
2026-06-09,2026-06-09 11:10:00,1181.0,1181.0,1181.0,1181.0,0.0,1.6,1889.6,0
2026-06-09,2026-06-09 11:20:00,1181.0,1181.0,1181.0,1181.0,0.0,1.6,1889.6,0
2026-06-09,2026-06-09 11:30:00,1181.0,1181.0,1181.0,1181.0,0.0,1.6,1889.6,0
2026-06-09,2026-06-09 11:40:00,1181.0,1181.0,1181.0,1181.0,0.0,1.6,1889.6,0
2026-06-09,2026-06-09 11:50:00,1181.0,1181.0,1181.0,1181.0,0.0,1.6,1889.6,0
2026-06-09,2026-06-09 12:00:00,1181.0,1181.0,1181.0,1181.0,0.0,1.6,1889.6,0
2026-06-09,2026-06-09 12:10:00,1181.0,1181.0,1181.0,1181.0,0.0,1.6,1889.6,0
2026-06-09,2026-06-09 12:20:00,1181.0,1181.0,1181.0,1181.0,0.0,1.6,1889.6,0
2026-06-09,2026-06-09 12:30:00,1181.0,1181.0,1181.0,1181.0,0.0,1.6,1889.6,0
2026-06-09,2026-06-09 12:40:00,1181.0,1181.0,1181.0,1181.0,0.0,1.6,1889.6,0
2026-06-09,2026-06-09 12:50:00,1181.0,1181.0,1181.0,1181.0,0.0,1.6,1889.6,0
2026-06-09,2026-06-09 13:00:00,1181.0,1181.0,1181.0,1181.0,0.0,1.6,1889.6,0
2026-06-09,2026-06-09 13:10:00,1181.0,1181.0,1181.0,1181.0,0.0,1.6,1889.6,0
2026-06-09,2026-06-09 13:20:00,1181.0,1181.0,1181.0,1181.0,0.0,1.6,1889.6,0
2026-06-09,2026-06-09 13:30:00,1181.0,1181.0,1181.0,1181.0,0.0,1.6,1889.6,0
2026-06-09,2026-06-09 13:40:00,1181.0,1181.0,1181.0,1181.0,0.0,1.6,1889.6,0
2026-06-09,2026-06-09 13:50:00,1181.0,1181.0,1181.0,1181.0,0.0,1.6,1889.6,0
2026-06-09,2026-06-09 14:00:00,1181.0,1181.0,1181.0,1181.0,0.0,1.6,1889.6,0
2026-06-09,2026-06-09 14:10:00,1181.0,1181.0,1181.0,1181.0,0.0,1.6,1889.6,0
2026-06-09,2026-06-09 14:20:00,1181.0,1181.0,1181.0,1181.0,0.0,1.6,1889.6,0
2026-06-09,2026-06-09 14:30:00,1181.0,1181.0,1181.0,1181.0,0.0,1.6,1889.6,0
2026-06-09,2026-06-09 14:40:00,1181.0,1181.0,1181.0,1181.0,0.0,1.6,1889.6,0
2026-06-09,2026-06-09 14:50:00,1181.0,1181.0,1181.0,1181.0,0.0,1.6,1889.6,0
2026-06-09,2026-06-09 15:00:00,1181.0,1181.0,1181.0,1181.0,0.0,1.6,1889.6,0
2026-06-15,2026-06-15 11:00:00,1155.0,1155.0,1155.0,1155.0,0.0,0.4,462.0,0
2026-06-15,2026-06-15 11:10:00,1155.0,1155.0,1155.0,1155.0,0.0,0.4,462.0,0
2026-06-15,2026-06-15 11:20:00,1155.0,1155.0,1155.0,1155.0,0.0,0.4,462.0,0
2026-06-15,2026-06-15 11:30:00,1155.0,1155.0,1155.0,1155.0,0.0,0.4,462.0,0
2026-06-15,2026-06-15 11:40:00,1155.0,1155.0,1155.0,1155.0,0.0,0.4,462.0,0
2026-06-15,2026-06-15 11:50:00,1155.0,1155.0,1155.0,1155.0,0.0,0.4,462.0,0
2026-06-15,2026-06-15 12:00:00,1155.0,1155.0,1155.0,1155.0,0.0,0.4,462.0,0
2026-06-15,2026-06-15 12:10:00,1155.0,1155.0,1155.0,1155.0,0.0,0.4,462.0,0
2026-06-15,2026-06-15 12:20:00,1155.0,1155.0,1155.0,1155.0,0.0,0.4,462.0,0
2026-06-15,2026-06-15 12:30:00,1155.0,1155.0,1155.0,1155.0,0.0,0.4,462.0,0
2026-06-15,2026-06-15 12:40:00,1155.0,1155.0,1155.0,1155.0,0.0,0.4,462.0,0
2026-06-15,2026-06-15 12:50:00,1155.0,1155.0,1155.0,1155.0,0.0,0.4,462.0,0
2026-06-15,2026-06-15 13:00:00,1155.0,1155.0,1155.0,1155.0,0.0,0.4,462.0,0
2026-06-15,2026-06-15 13:10:00,1155.0,1155.0,1155.0,1155.0,0.0,0.4,462.0,0
2026-06-15,2026-06-15 13:20:00,1155.0,1155.0,1155.0,1155.0,0.0,0.4,462.0,0
2026-06-15,2026-06-15 13:30:00,1155.0,1155.0,1155.0,1155.0,0.0,0.4,462.0,0
2026-06-15,2026-06-15 13:40:00,1155.0,1155.0,1155.0,1155.0,0.0,0.4,462.0,0
2026-06-15,2026-06-15 13:50:00,1155.0,1155.0,1155.0,1155.0,0.0,0.4,462.0,0
2026-06-15,2026-06-15 14:00:00,1155.0,1155.0,1155.0,1155.0,0.0,0.4,462.0,0
2026-06-15,2026-06-15 14:10:00,1155.0,1155.0,1155.0,1155.0,0.0,0.4,462.0,0
2026-06-15,2026-06-15 14:20:00,1155.0,1155.0,1155.0,1155.0,0.0,0.4,462.0,0
2026-06-15,2026-06-15 14:30:00,1155.0,1155.0,1155.0,1155.0,0.0,0.4,462.0,0
2026-06-15,2026-06-15 14:40:00,1155.0,1155.0,1155.0,1155.0,0.0,0.4,462.0,0
2026-06-15,2026-06-15 14:50:00,1155.0,1155.0,1155.0,1155.0,0.0,0.4,462.0,0
2026-06-15,2026-06-15 15:00:00,1155.0,1155.0,1155.0,1155.0,0.0,0.4,462.0,0
2026-06-29,2026-06-29 11:00:00,1121.0,1121.0,1121.0,1121.0,0.0,1.0,1121.0,0
2026-06-29,2026-06-29 11:10:00,1121.0,1121.0,1121.0,1121.0,0.0,1.0,1121.0,0
2026-06-29,2026-06-29 11:20:00,1121.0,1121.0,1121.0,1121.0,0.0,1.0,1121.0,0
2026-06-29,2026-06-29 11:30:00,1121.0,1121.0,1121.0,1121.0,0.0,1.0,1121.0,0
2026-06-29,2026-06-29 11:40:00,1121.0,1121.0,1121.0,1121.0,0.0,1.0,1121.0,0
2026-06-29,2026-06-29 11:50:00,1121.0,1121.0,1121.0,1121.0,0.0,1.0,1121.0,0
2026-06-29,2026-06-29 12:00:00,1121.0,1121.0,1121.0,1121.0,0.0,1.0,1121.0,0
2026-06-29,2026-06-29 12:10:00,1121.0,1121.0,1121.0,1121.0,0.0,1.0,1121.0,0
2026-06-29,2026-06-29 12:20:00,1121.0,1121.0,1121.0,1121.0,0.0,1.0,1121.0,0
2026-06-29,2026-06-29 12:30:00,1121.0,1121.0,1121.0,1121.0,0.0,1.0,1121.0,0
2026-06-29,2026-06-29 12:40:00,1121.0,1121.0,1121.0,1121.0,0.0,1.0,1121.0,0
2026-06-29,2026-06-29 12:50:00,1121.0,1121.0,1121.0,1121.0,0.0,1.0,1121.0,0
2026-06-29,2026-06-29 13:00:00,1121.0,1121.0,1121.0,1121.0,0.0,1.0,1121.0,0
2026-06-29,2026-06-29 13:10:00,1121.0,1121.0,1121.0,1121.0,0.0,1.0,1121.0,0
2026-06-29,2026-06-29 13:20:00,1121.0,1121.0,1121.0,1121.0,0.0,1.0,1121.0,0
2026-06-29,2026-06-29 13:30:00,1121.0,1121.0,1121.0,1121.0,0.0,1.0,1121.0,0
2026-06-29,2026-06-29 13:40:00,1121.0,1121.0,1121.0,1121.0,0.0,1.0,1121.0,0
2026-06-29,2026-06-29 13:50:00,1121.0,1121.0,1121.0,1121.0,0.0,1.0,1121.0,0
2026-06-29,2026-06-29 14:00:00,1121.0,1121.0,1121.0,1121.0,0.0,1.0,1121.0,0
2026-06-29,2026-06-29 14:10:00,1121.0,1121.0,1121.0,1121.0,0.0,1.0,1121.0,0
2026-06-29,2026-06-29 14:20:00,1121.0,1121.0,1121.0,1121.0,0.0,1.0,1121.0,0
2026-06-29,2026-06-29 14:30:00,1121.0,1121.0,1121.0,1121.0,0.0,1.0,1121.0,0
2026-06-29,2026-06-29 14:40:00,1121.0,1121.0,1121.0,1121.0,0.0,1.0,1121.0,0
2026-06-29,2026-06-29 14:50:00,1121.0,1121.0,1121.0,1121.0,0.0,1.0,1121.0,0
2026-06-29,2026-06-29 15:00:00,1121.0,1121.0,1121.0,1121.0,0.0,1.0,1121.0,0
2026-06-30,2026-06-30 11:00:00,1154.0,1170.23,1154.0,1156.25,0.19,1527.32,1791635.9,1
2026-06-30,2026-06-30 11:10:00,1156.25,1158.51,1156.25,1158.51,0.2,1527.32,1791635.9,1
2026-06-30,2026-06-30 11:20:00,1158.51,1160.76,1158.51,1160.76,0.19,1527.32,1791635.9,1
2026-06-30,2026-06-30 11:30:00,1160.76,1163.02,1160.76,1163.02,0.19,1527.32,1791635.9,1
2026-06-30,2026-06-30 11:40:00,1163.02,1165.27,1163.02,1165.27,0.19,1527.32,1791635.9,1
2026-06-30,2026-06-30 11:50:00,1165.27,1167.53,1165.27,1167.53,0.19,1527.32,1791635.9,1
2026-06-30,2026-06-30 12:00:00,1167.53,1169.78,1167.53,1169.78,0.19,1527.32,1791635.9,1
2026-06-30,2026-06-30 12:10:00,1169.78,1172.03,1169.78,1172.03,0.19,1527.32,1791635.9,1
2026-06-30,2026-06-30 12:20:00,1172.03,1174.29,1172.03,1174.29,0.19,1527.32,1791635.9,1
2026-06-30,2026-06-30 12:30:00,1174.29,1176.54,1174.29,1176.54,0.19,1527.32,1791635.9,1
2026-06-30,2026-06-30 12:40:00,1176.54,1178.8,1176.54,1178.8,0.19,1527.32,1791635.9,1
2026-06-30,2026-06-30 12:50:00,1178.8,1181.05,1178.8,1181.05,0.19,1527.32,1791635.9,1
2026-06-30,2026-06-30 13:00:00,1181.05,1208.1,1154.0,1183.3,0.19,1527.32,1791635.9,1
2026-06-30,2026-06-30 13:10:00,1183.3,1185.56,1183.3,1185.56,0.19,1527.32,1791635.9,1
2026-06-30,2026-06-30 13:20:00,1185.56,1187.81,1185.56,1187.81,0.19,1527.32,1791635.9,1
2026-06-30,2026-06-30 13:30:00,1187.81,1190.07,1187.81,1190.07,0.19,1527.32,1791635.9,1
2026-06-30,2026-06-30 13:40:00,1190.07,1192.32,1190.07,1192.32,0.19,1527.32,1791635.9,1
2026-06-30,2026-06-30 13:50:00,1192.32,1194.57,1192.32,1194.57,0.19,1527.32,1791635.9,1
2026-06-30,2026-06-30 14:00:00,1194.57,1196.83,1194.57,1196.83,0.19,1527.32,1791635.9,1
2026-06-30,2026-06-30 14:10:00,1196.83,1199.08,1196.83,1199.08,0.19,1527.32,1791635.9,1
2026-06-30,2026-06-30 14:20:00,1199.08,1201.34,1199.08,1201.34,0.19,1527.32,1791635.9,1
2026-06-30,2026-06-30 14:30:00,1201.34,1203.59,1201.34,1203.59,0.19,1527.32,1791635.9,1
2026-06-30,2026-06-30 14:40:00,1203.59,1205.85,1203.59,1205.85,0.19,1527.32,1791635.9,1
2026-06-30,2026-06-30 14:50:00,1205.85,1208.1,1205.85,1208.1,0.19,1527.32,1791635.9,1
2026-06-30,2026-06-30 15:00:00,1208.1,1208.1,1154.0,1208.1,0.0,1527.32,1791635.9,0
2026-07-01,2026-07-01 11:00:00,1200.0,1200.0,1200.0,1200.0,0.0,40.0,48000.0,0
2026-07-01,2026-07-01 11:10:00,1200.0,1200.0,1200.0,1200.0,0.0,40.0,48000.0,0
2026-07-01,2026-07-01 11:20:00,1200.0,1200.0,1200.0,1200.0,0.0,40.0,48000.0,0
2026-07-01,2026-07-01 11:30:00,1200.0,1200.0,1200.0,1200.0,0.0,40.0,48000.0,0
2026-07-01,2026-07-01 11:40:00,1200.0,1200.0,1200.0,1200.0,0.0,40.0,48000.0,0
2026-07-01,2026-07-01 11:50:00,1200.0,1200.0,1200.0,1200.0,0.0,40.0,48000.0,0
2026-07-01,2026-07-01 12:00:00,1200.0,1200.0,1200.0,1200.0,0.0,40.0,48000.0,0
2026-07-01,2026-07-01 12:10:00,1200.0,1200.0,1200.0,1200.0,0.0,40.0,48000.0,0
2026-07-01,2026-07-01 12:20:00,1200.0,1200.0,1200.0,1200.0,0.0,40.0,48000.0,0
2026-07-01,2026-07-01 12:30:00,1200.0,1200.0,1200.0,1200.0,0.0,40.0,48000.0,0
2026-07-01,2026-07-01 12:40:00,1200.0,1200.0,1200.0,1200.0,0.0,40.0,48000.0,0
2026-07-01,2026-07-01 12:50:00,1200.0,1200.0,1200.0,1200.0,0.0,40.0,48000.0,0
2026-07-01,2026-07-01 13:00:00,1200.0,1200.0,1200.0,1200.0,0.0,40.0,48000.0,0
2026-07-01,2026-07-01 13:10:00,1200.0,1200.0,1200.0,1200.0,0.0,40.0,48000.0,0
2026-07-01,2026-07-01 13:20:00,1200.0,1200.0,1200.0,1200.0,0.0,40.0,48000.0,0
2026-07-01,2026-07-01 13:30:00,1200.0,1200.0,1200.0,1200.0,0.0,40.0,48000.0,0
2026-07-01,2026-07-01 13:40:00,1200.0,1200.0,1200.0,1200.0,0.0,40.0,48000.0,0
2026-07-01,2026-07-01 13:50:00,1200.0,1200.0,1200.0,1200.0,0.0,40.0,48000.0,0
2026-07-01,2026-07-01 14:00:00,1200.0,1200.0,1200.0,1200.0,0.0,40.0,48000.0,0
2026-07-01,2026-07-01 14:10:00,1200.0,1200.0,1200.0,1200.0,0.0,40.0,48000.0,0
2026-07-01,2026-07-01 14:20:00,1200.0,1200.0,1200.0,1200.0,0.0,40.0,48000.0,0
2026-07-01,2026-07-01 14:30:00,1200.0,1200.0,1200.0,1200.0,0.0,40.0,48000.0,0
2026-07-01,2026-07-01 14:40:00,1200.0,1200.0,1200.0,1200.0,0.0,40.0,48000.0,0
2026-07-01,2026-07-01 14:50:00,1200.0,1200.0,1200.0,1200.0,0.0,40.0,48000.0,0
2026-07-01,2026-07-01 15:00:00,1200.0,1200.0,1200.0,1200.0,0.0,40.0,48000.0,0
2026-07-03,2026-07-03 11:00:00,1164.0,1164.0,1162.8,1163.83,-0.01,1524.32,1768219.2,-1
2026-07-03,2026-07-03 11:10:00,1163.83,1163.83,1163.67,1163.67,-0.01,1524.32,1768219.2,-1
2026-07-03,2026-07-03 11:20:00,1163.67,1163.67,1163.5,1163.5,-0.01,1524.32,1768219.2,-1
2026-07-03,2026-07-03 11:30:00,1163.5,1163.5,1163.33,1163.33,-0.01,1524.32,1768219.2,-1
2026-07-03,2026-07-03 11:40:00,1163.33,1163.33,1163.17,1163.17,-0.01,1524.32,1768219.2,-1
2026-07-03,2026-07-03 11:50:00,1163.17,1163.17,1163.0,1163.0,-0.01,1524.32,1768219.2,-1
2026-07-03,2026-07-03 12:00:00,1163.0,1163.0,1162.83,1162.83,-0.01,1524.32,1768219.2,-1
2026-07-03,2026-07-03 12:10:00,1162.83,1162.83,1162.67,1162.67,-0.01,1524.32,1768219.2,-1
2026-07-03,2026-07-03 12:20:00,1162.67,1162.67,1162.5,1162.5,-0.01,1524.32,1768219.2,-1
2026-07-03,2026-07-03 12:30:00,1162.5,1162.5,1162.33,1162.33,-0.01,1524.32,1768219.2,-1
2026-07-03,2026-07-03 12:40:00,1162.33,1162.33,1162.17,1162.17,-0.01,1524.32,1768219.2,-1
2026-07-03,2026-07-03 12:50:00,1162.17,1162.17,1162.0,1162.0,-0.01,1524.32,1768219.2,-1
2026-07-03,2026-07-03 13:00:00,1162.0,1164.0,1160.0,1161.83,-0.01,1524.32,1768219.2,-1
2026-07-03,2026-07-03 13:10:00,1161.83,1161.83,1161.67,1161.67,-0.01,1524.32,1768219.2,-1
2026-07-03,2026-07-03 13:20:00,1161.67,1161.67,1161.5,1161.5,-0.01,1524.32,1768219.2,-1
2026-07-03,2026-07-03 13:30:00,1161.5,1161.5,1161.33,1161.33,-0.01,1524.32,1768219.2,-1
2026-07-03,2026-07-03 13:40:00,1161.33,1161.33,1161.17,1161.17,-0.01,1524.32,1768219.2,-1
2026-07-03,2026-07-03 13:50:00,1161.17,1161.17,1161.0,1161.0,-0.01,1524.32,1768219.2,-1
2026-07-03,2026-07-03 14:00:00,1161.0,1161.0,1160.83,1160.83,-0.01,1524.32,1768219.2,-1
2026-07-03,2026-07-03 14:10:00,1160.83,1160.83,1160.67,1160.67,-0.01,1524.32,1768219.2,-1
2026-07-03,2026-07-03 14:20:00,1160.67,1160.67,1160.5,1160.5,-0.01,1524.32,1768219.2,-1
2026-07-03,2026-07-03 14:30:00,1160.5,1160.5,1160.33,1160.33,-0.01,1524.32,1768219.2,-1
2026-07-03,2026-07-03 14:40:00,1160.33,1160.33,1160.17,1160.17,-0.01,1524.32,1768219.2,-1
2026-07-03,2026-07-03 14:50:00,1160.17,1160.17,1160.0,1160.0,-0.01,1524.32,1768219.2,-1
2026-07-03,2026-07-03 15:00:00,1160.0,1164.0,1160.0,1160.0,0.0,1524.32,1768219.2,0
2026-07-06,2026-07-06 11:00:00,1126.5,1126.5,1126.5,1126.5,0.0,3.0,3379.5,0
2026-07-06,2026-07-06 11:10:00,1126.5,1126.5,1126.5,1126.5,0.0,3.0,3379.5,0
2026-07-06,2026-07-06 11:20:00,1126.5,1126.5,1126.5,1126.5,0.0,3.0,3379.5,0
2026-07-06,2026-07-06 11:30:00,1126.5,1126.5,1126.5,1126.5,0.0,3.0,3379.5,0
2026-07-06,2026-07-06 11:40:00,1126.5,1126.5,1126.5,1126.5,0.0,3.0,3379.5,0
2026-07-06,2026-07-06 11:50:00,1126.5,1126.5,1126.5,1126.5,0.0,3.0,3379.5,0
2026-07-06,2026-07-06 12:00:00,1126.5,1126.5,1126.5,1126.5,0.0,3.0,3379.5,0
2026-07-06,2026-07-06 12:10:00,1126.5,1126.5,1126.5,1126.5,0.0,3.0,3379.5,0
2026-07-06,2026-07-06 12:20:00,1126.5,1126.5,1126.5,1126.5,0.0,3.0,3379.5,0
2026-07-06,2026-07-06 12:30:00,1126.5,1126.5,1126.5,1126.5,0.0,3.0,3379.5,0
2026-07-06,2026-07-06 12:40:00,1126.5,1126.5,1126.5,1126.5,0.0,3.0,3379.5,0
2026-07-06,2026-07-06 12:50:00,1126.5,1126.5,1126.5,1126.5,0.0,3.0,3379.5,0
2026-07-06,2026-07-06 13:00:00,1126.5,1126.5,1126.5,1126.5,0.0,3.0,3379.5,0
2026-07-06,2026-07-06 13:10:00,1126.5,1126.5,1126.5,1126.5,0.0,3.0,3379.5,0
2026-07-06,2026-07-06 13:20:00,1126.5,1126.5,1126.5,1126.5,0.0,3.0,3379.5,0
2026-07-06,2026-07-06 13:30:00,1126.5,1126.5,1126.5,1126.5,0.0,3.0,3379.5,0
2026-07-06,2026-07-06 13:40:00,1126.5,1126.5,1126.5,1126.5,0.0,3.0,3379.5,0
2026-07-06,2026-07-06 13:50:00,1126.5,1126.5,1126.5,1126.5,0.0,3.0,3379.5,0
2026-07-06,2026-07-06 14:00:00,1126.5,1126.5,1126.5,1126.5,0.0,3.0,3379.5,0
2026-07-06,2026-07-06 14:10:00,1126.5,1126.5,1126.5,1126.5,0.0,3.0,3379.5,0
2026-07-06,2026-07-06 14:20:00,1126.5,1126.5,1126.5,1126.5,0.0,3.0,3379.5,0
2026-07-06,2026-07-06 14:30:00,1126.5,1126.5,1126.5,1126.5,0.0,3.0,3379.5,0
2026-07-06,2026-07-06 14:40:00,1126.5,1126.5,1126.5,1126.5,0.0,3.0,3379.5,0
2026-07-06,2026-07-06 14:50:00,1126.5,1126.5,1126.5,1126.5,0.0,3.0,3379.5,0
2026-07-06,2026-07-06 15:00:00,1126.5,1126.5,1126.5,1126.5,0.0,3.0,3379.5,0
2026-07-07,2026-07-07 11:00:00,1103.0,1103.0,1103.0,1103.0,0.0,1.0,1103.0,0
2026-07-07,2026-07-07 11:10:00,1103.0,1103.0,1103.0,1103.0,0.0,1.0,1103.0,0
2026-07-07,2026-07-07 11:20:00,1103.0,1103.0,1103.0,1103.0,0.0,1.0,1103.0,0
2026-07-07,2026-07-07 11:30:00,1103.0,1103.0,1103.0,1103.0,0.0,1.0,1103.0,0
2026-07-07,2026-07-07 11:40:00,1103.0,1103.0,1103.0,1103.0,0.0,1.0,1103.0,0
2026-07-07,2026-07-07 11:50:00,1103.0,1103.0,1103.0,1103.0,0.0,1.0,1103.0,0
2026-07-07,2026-07-07 12:00:00,1103.0,1103.0,1103.0,1103.0,0.0,1.0,1103.0,0
2026-07-07,2026-07-07 12:10:00,1103.0,1103.0,1103.0,1103.0,0.0,1.0,1103.0,0
2026-07-07,2026-07-07 12:20:00,1103.0,1103.0,1103.0,1103.0,0.0,1.0,1103.0,0
2026-07-07,2026-07-07 12:30:00,1103.0,1103.0,1103.0,1103.0,0.0,1.0,1103.0,0
2026-07-07,2026-07-07 12:40:00,1103.0,1103.0,1103.0,1103.0,0.0,1.0,1103.0,0
2026-07-07,2026-07-07 12:50:00,1103.0,1103.0,1103.0,1103.0,0.0,1.0,1103.0,0
2026-07-07,2026-07-07 13:00:00,1103.0,1103.0,1103.0,1103.0,0.0,1.0,1103.0,0
2026-07-07,2026-07-07 13:10:00,1103.0,1103.0,1103.0,1103.0,0.0,1.0,1103.0,0
2026-07-07,2026-07-07 13:20:00,1103.0,1103.0,1103.0,1103.0,0.0,1.0,1103.0,0
2026-07-07,2026-07-07 13:30:00,1103.0,1103.0,1103.0,1103.0,0.0,1.0,1103.0,0
2026-07-07,2026-07-07 13:40:00,1103.0,1103.0,1103.0,1103.0,0.0,1.0,1103.0,0
2026-07-07,2026-07-07 13:50:00,1103.0,1103.0,1103.0,1103.0,0.0,1.0,1103.0,0
2026-07-07,2026-07-07 14:00:00,1103.0,1103.0,1103.0,1103.0,0.0,1.0,1103.0,0
2026-07-07,2026-07-07 14:10:00,1103.0,1103.0,1103.0,1103.0,0.0,1.0,1103.0,0
2026-07-07,2026-07-07 14:20:00,1103.0,1103.0,1103.0,1103.0,0.0,1.0,1103.0,0
2026-07-07,2026-07-07 14:30:00,1103.0,1103.0,1103.0,1103.0,0.0,1.0,1103.0,0
2026-07-07,2026-07-07 14:40:00,1103.0,1103.0,1103.0,1103.0,0.0,1.0,1103.0,0
2026-07-07,2026-07-07 14:50:00,1103.0,1103.0,1103.0,1103.0,0.0,1.0,1103.0,0
2026-07-07,2026-07-07 15:00:00,1103.0,1103.0,1103.0,1103.0,0.0,1.0,1103.0,0
2026-07-08,2026-07-08 11:00:00,1105.0,1105.93,1105.0,1105.13,0.01,2438.96,2695499.26,1
2026-07-08,2026-07-08 11:10:00,1105.13,1105.26,1105.13,1105.26,0.01,2438.96,2695499.26,1
2026-07-08,2026-07-08 11:20:00,1105.26,1105.39,1105.26,1105.39,0.01,2438.96,2695499.26,1
2026-07-08,2026-07-08 11:30:00,1105.39,1105.52,1105.39,1105.52,0.01,2438.96,2695499.26,1
2026-07-08,2026-07-08 11:40:00,1105.52,1105.65,1105.52,1105.65,0.01,2438.96,2695499.26,1
2026-07-08,2026-07-08 11:50:00,1105.65,1105.78,1105.65,1105.78,0.01,2438.96,2695499.26,1
2026-07-08,2026-07-08 12:00:00,1105.78,1105.9,1105.78,1105.9,0.01,2438.96,2695499.26,1
2026-07-08,2026-07-08 12:10:00,1105.9,1106.03,1105.9,1106.03,0.01,2438.96,2695499.26,1
2026-07-08,2026-07-08 12:20:00,1106.03,1106.16,1106.03,1106.16,0.01,2438.96,2695499.26,1
2026-07-08,2026-07-08 12:30:00,1106.16,1106.29,1106.16,1106.29,0.01,2438.96,2695499.26,1
2026-07-08,2026-07-08 12:40:00,1106.29,1106.42,1106.29,1106.42,0.01,2438.96,2695499.26,1
2026-07-08,2026-07-08 12:50:00,1106.42,1106.55,1106.42,1106.55,0.01,2438.96,2695499.26,1
2026-07-08,2026-07-08 13:00:00,1106.55,1108.1,1105.0,1106.68,0.01,2438.96,2695499.26,1
2026-07-08,2026-07-08 13:10:00,1106.68,1106.81,1106.68,1106.81,0.01,2438.96,2695499.26,1
2026-07-08,2026-07-08 13:20:00,1106.81,1106.94,1106.81,1106.94,0.01,2438.96,2695499.26,1
2026-07-08,2026-07-08 13:30:00,1106.94,1107.07,1106.94,1107.07,0.01,2438.96,2695499.26,1
2026-07-08,2026-07-08 13:40:00,1107.07,1107.2,1107.07,1107.2,0.01,2438.96,2695499.26,1
2026-07-08,2026-07-08 13:50:00,1107.2,1107.32,1107.2,1107.32,0.01,2438.96,2695499.26,1
2026-07-08,2026-07-08 14:00:00,1107.32,1107.45,1107.32,1107.45,0.01,2438.96,2695499.26,1
2026-07-08,2026-07-08 14:10:00,1107.45,1107.58,1107.45,1107.58,0.01,2438.96,2695499.26,1
2026-07-08,2026-07-08 14:20:00,1107.58,1107.71,1107.58,1107.71,0.01,2438.96,2695499.26,1
2026-07-08,2026-07-08 14:30:00,1107.71,1107.84,1107.71,1107.84,0.01,2438.96,2695499.26,1
2026-07-08,2026-07-08 14:40:00,1107.84,1107.97,1107.84,1107.97,0.01,2438.96,2695499.26,1
2026-07-08,2026-07-08 14:50:00,1107.97,1108.1,1107.97,1108.1,0.01,2438.96,2695499.26,1
2026-07-08,2026-07-08 15:00:00,1108.1,1108.1,1105.0,1108.1,0.0,2438.96,2695499.26,0
2026-07-10,2026-07-10 11:00:00,1141.0,1142.8,1133.2,1139.92,-0.09,7256.96,8285500.72,-1
2026-07-10,2026-07-10 11:10:00,1139.92,1139.92,1138.83,1138.83,-0.1,7256.96,8285500.72,-1
2026-07-10,2026-07-10 11:20:00,1138.83,1138.83,1137.75,1137.75,-0.09,7256.96,8285500.72,-1
2026-07-10,2026-07-10 11:30:00,1137.75,1137.75,1136.67,1136.67,-0.09,7256.96,8285500.72,-1
2026-07-10,2026-07-10 11:40:00,1136.67,1136.67,1135.58,1135.58,-0.1,7256.96,8285500.72,-1
2026-07-10,2026-07-10 11:50:00,1135.58,1135.58,1134.5,1134.5,-0.1,7256.96,8285500.72,-1
2026-07-10,2026-07-10 12:00:00,1134.5,1134.5,1133.42,1133.42,-0.1,7256.96,8285500.72,-1
2026-07-10,2026-07-10 12:10:00,1133.42,1133.42,1132.33,1132.33,-0.1,7256.96,8285500.72,-1
2026-07-10,2026-07-10 12:20:00,1132.33,1132.33,1131.25,1131.25,-0.1,7256.96,8285500.72,-1
2026-07-10,2026-07-10 12:30:00,1131.25,1131.25,1130.17,1130.17,-0.1,7256.96,8285500.72,-1
2026-07-10,2026-07-10 12:40:00,1130.17,1130.17,1129.08,1129.08,-0.1,7256.96,8285500.72,-1
2026-07-10,2026-07-10 12:50:00,1129.08,1129.08,1128.0,1128.0,-0.1,7256.96,8285500.72,-1
2026-07-10,2026-07-10 13:00:00,1128.0,1147.0,1115.0,1126.92,-0.1,7256.96,8285500.72,-1
2026-07-10,2026-07-10 13:10:00,1126.92,1126.92,1125.83,1125.83,-0.1,7256.96,8285500.72,-1
2026-07-10,2026-07-10 13:20:00,1125.83,1125.83,1124.75,1124.75,-0.1,7256.96,8285500.72,-1
2026-07-10,2026-07-10 13:30:00,1124.75,1124.75,1123.67,1123.67,-0.1,7256.96,8285500.72,-1
2026-07-10,2026-07-10 13:40:00,1123.67,1123.67,1122.58,1122.58,-0.1,7256.96,8285500.72,-1
2026-07-10,2026-07-10 13:50:00,1122.58,1122.58,1121.5,1121.5,-0.1,7256.96,8285500.72,-1
2026-07-10,2026-07-10 14:00:00,1121.5,1121.5,1120.42,1120.42,-0.1,7256.96,8285500.72,-1
2026-07-10,2026-07-10 14:10:00,1120.42,1120.42,1119.33,1119.33,-0.1,7256.96,8285500.72,-1
2026-07-10,2026-07-10 14:20:00,1119.33,1119.33,1118.25,1118.25,-0.1,7256.96,8285500.72,-1
2026-07-10,2026-07-10 14:30:00,1118.25,1118.25,1117.17,1117.17,-0.1,7256.96,8285500.72,-1
2026-07-10,2026-07-10 14:40:00,1117.17,1117.17,1116.08,1116.08,-0.1,7256.96,8285500.72,-1
2026-07-10,2026-07-10 14:50:00,1116.08,1116.08,1115.0,1115.0,-0.1,7256.96,8285500.72,-1
2026-07-10,2026-07-10 15:00:00,1115.0,1147.0,1115.0,1115.0,0.0,7256.96,8285500.72,0
2026-07-13,2026-07-13 11:00:00,1115.0,1120.1,1110.5,1115.71,0.06,4540.84,5118672.54,1
2026-07-13,2026-07-13 11:10:00,1115.71,1116.42,1115.71,1116.42,0.06,4540.84,5118672.54,1
2026-07-13,2026-07-13 11:20:00,1116.42,1117.12,1116.42,1117.12,0.06,4540.84,5118672.54,1
2026-07-13,2026-07-13 11:30:00,1117.12,1117.83,1117.12,1117.83,0.06,4540.84,5118672.54,1
2026-07-13,2026-07-13 11:40:00,1117.83,1118.54,1117.83,1118.54,0.06,4540.84,5118672.54,1
2026-07-13,2026-07-13 11:50:00,1118.54,1119.25,1118.54,1119.25,0.06,4540.84,5118672.54,1
2026-07-13,2026-07-13 12:00:00,1119.25,1119.96,1119.25,1119.96,0.06,4540.84,5118672.54,1
2026-07-13,2026-07-13 12:10:00,1119.96,1120.67,1119.96,1120.67,0.06,4540.84,5118672.54,1
2026-07-13,2026-07-13 12:20:00,1120.67,1121.38,1120.67,1121.38,0.06,4540.84,5118672.54,1
2026-07-13,2026-07-13 12:30:00,1121.38,1122.08,1121.38,1122.08,0.06,4540.84,5118672.54,1
2026-07-13,2026-07-13 12:40:00,1122.08,1122.79,1122.08,1122.79,0.06,4540.84,5118672.54,1
2026-07-13,2026-07-13 12:50:00,1122.79,1123.5,1122.79,1123.5,0.06,4540.84,5118672.54,1
2026-07-13,2026-07-13 13:00:00,1123.5,1132.0,1100.0,1124.21,0.06,4540.84,5118672.54,1
2026-07-13,2026-07-13 13:10:00,1124.21,1124.92,1124.21,1124.92,0.06,4540.84,5118672.54,1
2026-07-13,2026-07-13 13:20:00,1124.92,1125.62,1124.92,1125.62,0.06,4540.84,5118672.54,1
2026-07-13,2026-07-13 13:30:00,1125.62,1126.33,1125.62,1126.33,0.06,4540.84,5118672.54,1
2026-07-13,2026-07-13 13:40:00,1126.33,1127.04,1126.33,1127.04,0.06,4540.84,5118672.54,1
2026-07-13,2026-07-13 13:50:00,1127.04,1127.75,1127.04,1127.75,0.06,4540.84,5118672.54,1
2026-07-13,2026-07-13 14:00:00,1127.75,1128.46,1127.75,1128.46,0.06,4540.84,5118672.54,1
2026-07-13,2026-07-13 14:10:00,1128.46,1129.17,1128.46,1129.17,0.06,4540.84,5118672.54,1
2026-07-13,2026-07-13 14:20:00,1129.17,1129.88,1129.17,1129.88,0.06,4540.84,5118672.54,1
2026-07-13,2026-07-13 14:30:00,1129.88,1130.58,1129.88,1130.58,0.06,4540.84,5118672.54,1
2026-07-13,2026-07-13 14:40:00,1130.58,1131.29,1130.58,1131.29,0.06,4540.84,5118672.54,1
2026-07-13,2026-07-13 14:50:00,1131.29,1132.0,1131.29,1132.0,0.06,4540.84,5118672.54,1
2026-07-13,2026-07-13 15:00:00,1132.0,1132.0,1100.0,1132.0,0.0,4540.84,5118672.54,0
2026-07-14,2026-07-14 11:00:00,1149.9,1149.9,1149.9,1149.9,0.0,4.0,4599.6,0
2026-07-14,2026-07-14 11:10:00,1149.9,1149.9,1149.9,1149.9,0.0,4.0,4599.6,0
2026-07-14,2026-07-14 11:20:00,1149.9,1149.9,1149.9,1149.9,0.0,4.0,4599.6,0
2026-07-14,2026-07-14 11:30:00,1149.9,1149.9,1149.9,1149.9,0.0,4.0,4599.6,0
2026-07-14,2026-07-14 11:40:00,1149.9,1149.9,1149.9,1149.9,0.0,4.0,4599.6,0
2026-07-14,2026-07-14 11:50:00,1149.9,1149.9,1149.9,1149.9,0.0,4.0,4599.6,0
2026-07-14,2026-07-14 12:00:00,1149.9,1149.9,1149.9,1149.9,0.0,4.0,4599.6,0
2026-07-14,2026-07-14 12:10:00,1149.9,1149.9,1149.9,1149.9,0.0,4.0,4599.6,0
2026-07-14,2026-07-14 12:20:00,1149.9,1149.9,1149.9,1149.9,0.0,4.0,4599.6,0
2026-07-14,2026-07-14 12:30:00,1149.9,1149.9,1149.9,1149.9,0.0,4.0,4599.6,0
2026-07-14,2026-07-14 12:40:00,1149.9,1149.9,1149.9,1149.9,0.0,4.0,4599.6,0
2026-07-14,2026-07-14 12:50:00,1149.9,1149.9,1149.9,1149.9,0.0,4.0,4599.6,0
2026-07-14,2026-07-14 13:00:00,1149.9,1149.9,1149.9,1149.9,0.0,4.0,4599.6,0
2026-07-14,2026-07-14 13:10:00,1149.9,1149.9,1149.9,1149.9,0.0,4.0,4599.6,0
2026-07-14,2026-07-14 13:20:00,1149.9,1149.9,1149.9,1149.9,0.0,4.0,4599.6,0
2026-07-14,2026-07-14 13:30:00,1149.9,1149.9,1149.9,1149.9,0.0,4.0,4599.6,0
2026-07-14,2026-07-14 13:40:00,1149.9,1149.9,1149.9,1149.9,0.0,4.0,4599.6,0
2026-07-14,2026-07-14 13:50:00,1149.9,1149.9,1149.9,1149.9,0.0,4.0,4599.6,0
2026-07-14,2026-07-14 14:00:00,1149.9,1149.9,1149.9,1149.9,0.0,4.0,4599.6,0
2026-07-14,2026-07-14 14:10:00,1149.9,1149.9,1149.9,1149.9,0.0,4.0,4599.6,0
2026-07-14,2026-07-14 14:20:00,1149.9,1149.9,1149.9,1149.9,0.0,4.0,4599.6,0
2026-07-14,2026-07-14 14:30:00,1149.9,1149.9,1149.9,1149.9,0.0,4.0,4599.6,0
2026-07-14,2026-07-14 14:40:00,1149.9,1149.9,1149.9,1149.9,0.0,4.0,4599.6,0
2026-07-14,2026-07-14 14:50:00,1149.9,1149.9,1149.9,1149.9,0.0,4.0,4599.6,0
2026-07-14,2026-07-14 15:00:00,1149.9,1149.9,1149.9,1149.9,0.0,4.0,4599.6,0
2026-07-16,2026-07-16 11:00:00,1137.0,1140.6,1137.0,1137.33,0.03,1240.32,1419270.4,1
2026-07-16,2026-07-16 11:10:00,1137.33,1137.67,1137.33,1137.67,0.03,1240.32,1419270.4,1
2026-07-16,2026-07-16 11:20:00,1137.67,1138.0,1137.67,1138.0,0.03,1240.32,1419270.4,1
2026-07-16,2026-07-16 11:30:00,1138.0,1138.33,1138.0,1138.33,0.03,1240.32,1419270.4,1
2026-07-16,2026-07-16 11:40:00,1138.33,1138.67,1138.33,1138.67,0.03,1240.32,1419270.4,1
2026-07-16,2026-07-16 11:50:00,1138.67,1139.0,1138.67,1139.0,0.03,1240.32,1419270.4,1
2026-07-16,2026-07-16 12:00:00,1139.0,1139.33,1139.0,1139.33,0.03,1240.32,1419270.4,1
2026-07-16,2026-07-16 12:10:00,1139.33,1139.67,1139.33,1139.67,0.03,1240.32,1419270.4,1
2026-07-16,2026-07-16 12:20:00,1139.67,1140.0,1139.67,1140.0,0.03,1240.32,1419270.4,1
2026-07-16,2026-07-16 12:30:00,1140.0,1140.33,1140.0,1140.33,0.03,1240.32,1419270.4,1
2026-07-16,2026-07-16 12:40:00,1140.33,1140.67,1140.33,1140.67,0.03,1240.32,1419270.4,1
2026-07-16,2026-07-16 12:50:00,1140.67,1141.0,1140.67,1141.0,0.03,1240.32,1419270.4,1
2026-07-16,2026-07-16 13:00:00,1141.0,1149.0,1137.0,1141.33,0.03,1240.32,1419270.4,1
2026-07-16,2026-07-16 13:10:00,1141.33,1141.67,1141.33,1141.67,0.03,1240.32,1419270.4,1
2026-07-16,2026-07-16 13:20:00,1141.67,1142.0,1141.67,1142.0,0.03,1240.32,1419270.4,1
2026-07-16,2026-07-16 13:30:00,1142.0,1142.33,1142.0,1142.33,0.03,1240.32,1419270.4,1
2026-07-16,2026-07-16 13:40:00,1142.33,1142.67,1142.33,1142.67,0.03,1240.32,1419270.4,1
2026-07-16,2026-07-16 13:50:00,1142.67,1143.0,1142.67,1143.0,0.03,1240.32,1419270.4,1
2026-07-16,2026-07-16 14:00:00,1143.0,1143.33,1143.0,1143.33,0.03,1240.32,1419270.4,1
2026-07-16,2026-07-16 14:10:00,1143.33,1143.67,1143.33,1143.67,0.03,1240.32,1419270.4,1
2026-07-16,2026-07-16 14:20:00,1143.67,1144.0,1143.67,1144.0,0.03,1240.32,1419270.4,1
2026-07-16,2026-07-16 14:30:00,1144.0,1144.33,1144.0,1144.33,0.03,1240.32,1419270.4,1
2026-07-16,2026-07-16 14:40:00,1144.33,1144.67,1144.33,1144.67,0.03,1240.32,1419270.4,1
2026-07-16,2026-07-16 14:50:00,1144.67,1145.0,1144.67,1145.0,0.03,1240.32,1419270.4,1
2026-07-16,2026-07-16 15:00:00,1145.0,1149.0,1137.0,1145.0,0.0,1240.32,1419270.4,0
2026-07-17,2026-07-17 11:00:00,1130.0,1130.0,1130.0,1130.0,0.0,3.52,3977.6,0
2026-07-17,2026-07-17 11:10:00,1130.0,1130.0,1130.0,1130.0,0.0,3.52,3977.6,0
2026-07-17,2026-07-17 11:20:00,1130.0,1130.0,1130.0,1130.0,0.0,3.52,3977.6,0
2026-07-17,2026-07-17 11:30:00,1130.0,1130.0,1130.0,1130.0,0.0,3.52,3977.6,0
2026-07-17,2026-07-17 11:40:00,1130.0,1130.0,1130.0,1130.0,0.0,3.52,3977.6,0
2026-07-17,2026-07-17 11:50:00,1130.0,1130.0,1130.0,1130.0,0.0,3.52,3977.6,0
2026-07-17,2026-07-17 12:00:00,1130.0,1130.0,1130.0,1130.0,0.0,3.52,3977.6,0
2026-07-17,2026-07-17 12:10:00,1130.0,1130.0,1130.0,1130.0,0.0,3.52,3977.6,0
2026-07-17,2026-07-17 12:20:00,1130.0,1130.0,1130.0,1130.0,0.0,3.52,3977.6,0
2026-07-17,2026-07-17 12:30:00,1130.0,1130.0,1130.0,1130.0,0.0,3.52,3977.6,0
2026-07-17,2026-07-17 12:40:00,1130.0,1130.0,1130.0,1130.0,0.0,3.52,3977.6,0
2026-07-17,2026-07-17 12:50:00,1130.0,1130.0,1130.0,1130.0,0.0,3.52,3977.6,0
2026-07-17,2026-07-17 13:00:00,1130.0,1130.0,1130.0,1130.0,0.0,3.52,3977.6,0
2026-07-17,2026-07-17 13:10:00,1130.0,1130.0,1130.0,1130.0,0.0,3.52,3977.6,0
2026-07-17,2026-07-17 13:20:00,1130.0,1130.0,1130.0,1130.0,0.0,3.52,3977.6,0
2026-07-17,2026-07-17 13:30:00,1130.0,1130.0,1130.0,1130.0,0.0,3.52,3977.6,0
2026-07-17,2026-07-17 13:40:00,1130.0,1130.0,1130.0,1130.0,0.0,3.52,3977.6,0
2026-07-17,2026-07-17 13:50:00,1130.0,1130.0,1130.0,1130.0,0.0,3.52,3977.6,0
2026-07-17,2026-07-17 14:00:00,1130.0,1130.0,1130.0,1130.0,0.0,3.52,3977.6,0
2026-07-17,2026-07-17 14:10:00,1130.0,1130.0,1130.0,1130.0,0.0,3.52,3977.6,0
2026-07-17,2026-07-17 14:20:00,1130.0,1130.0,1130.0,1130.0,0.0,3.52,3977.6,0
2026-07-17,2026-07-17 14:30:00,1130.0,1130.0,1130.0,1130.0,0.0,3.52,3977.6,0
2026-07-17,2026-07-17 14:40:00,1130.0,1130.0,1130.0,1130.0,0.0,3.52,3977.6,0
2026-07-17,2026-07-17 14:50:00,1130.0,1130.0,1130.0,1130.0,0.0,3.52,3977.6,0
2026-07-17,2026-07-17 15:00:00,1130.0,1130.0,1130.0,1130.0,0.0,3.52,3977.6,0
2026-07-23,2026-07-23 11:00:00,1135.0,1135.0,1135.0,1135.0,0.0,1.32,1498.2,0
2026-07-23,2026-07-23 11:10:00,1135.0,1135.0,1135.0,1135.0,0.0,1.32,1498.2,0
2026-07-23,2026-07-23 11:20:00,1135.0,1135.0,1135.0,1135.0,0.0,1.32,1498.2,0
2026-07-23,2026-07-23 11:30:00,1135.0,1135.0,1135.0,1135.0,0.0,1.32,1498.2,0
2026-07-23,2026-07-23 11:40:00,1135.0,1135.0,1135.0,1135.0,0.0,1.32,1498.2,0
2026-07-23,2026-07-23 11:50:00,1135.0,1135.0,1135.0,1135.0,0.0,1.32,1498.2,0
2026-07-23,2026-07-23 12:00:00,1135.0,1135.0,1135.0,1135.0,0.0,1.32,1498.2,0
2026-07-23,2026-07-23 12:10:00,1135.0,1135.0,1135.0,1135.0,0.0,1.32,1498.2,0
2026-07-23,2026-07-23 12:20:00,1135.0,1135.0,1135.0,1135.0,0.0,1.32,1498.2,0
2026-07-23,2026-07-23 12:30:00,1135.0,1135.0,1135.0,1135.0,0.0,1.32,1498.2,0
2026-07-23,2026-07-23 12:40:00,1135.0,1135.0,1135.0,1135.0,0.0,1.32,1498.2,0
2026-07-23,2026-07-23 12:50:00,1135.0,1135.0,1135.0,1135.0,0.0,1.32,1498.2,0
2026-07-23,2026-07-23 13:00:00,1135.0,1135.0,1135.0,1135.0,0.0,1.32,1498.2,0
2026-07-23,2026-07-23 13:10:00,1135.0,1135.0,1135.0,1135.0,0.0,1.32,1498.2,0
2026-07-23,2026-07-23 13:20:00,1135.0,1135.0,1135.0,1135.0,0.0,1.32,1498.2,0
2026-07-23,2026-07-23 13:30:00,1135.0,1135.0,1135.0,1135.0,0.0,1.32,1498.2,0
2026-07-23,2026-07-23 13:40:00,1135.0,1135.0,1135.0,1135.0,0.0,1.32,1498.2,0
2026-07-23,2026-07-23 13:50:00,1135.0,1135.0,1135.0,1135.0,0.0,1.32,1498.2,0
2026-07-23,2026-07-23 14:00:00,1135.0,1135.0,1135.0,1135.0,0.0,1.32,1498.2,0
2026-07-23,2026-07-23 14:10:00,1135.0,1135.0,1135.0,1135.0,0.0,1.32,1498.2,0
2026-07-23,2026-07-23 14:20:00,1135.0,1135.0,1135.0,1135.0,0.0,1.32,1498.2,0
2026-07-23,2026-07-23 14:30:00,1135.0,1135.0,1135.0,1135.0,0.0,1.32,1498.2,0
2026-07-23,2026-07-23 14:40:00,1135.0,1135.0,1135.0,1135.0,0.0,1.32,1498.2,0
2026-07-23,2026-07-23 14:50:00,1135.0,1135.0,1135.0,1135.0,0.0,1.32,1498.2,0
2026-07-23,2026-07-23 15:00:00,1135.0,1135.0,1135.0,1135.0,0.0,1.32,1498.2,0
2026-07-24,2026-07-24 11:00:00,1101.0,1101.0,1101.0,1101.0,0.0,20.0,22020.0,0
2026-07-24,2026-07-24 11:10:00,1101.0,1101.0,1101.0,1101.0,0.0,20.0,22020.0,0
2026-07-24,2026-07-24 11:20:00,1101.0,1101.0,1101.0,1101.0,0.0,20.0,22020.0,0
2026-07-24,2026-07-24 11:30:00,1101.0,1101.0,1101.0,1101.0,0.0,20.0,22020.0,0
2026-07-24,2026-07-24 11:40:00,1101.0,1101.0,1101.0,1101.0,0.0,20.0,22020.0,0
2026-07-24,2026-07-24 11:50:00,1101.0,1101.0,1101.0,1101.0,0.0,20.0,22020.0,0
2026-07-24,2026-07-24 12:00:00,1101.0,1101.0,1101.0,1101.0,0.0,20.0,22020.0,0
2026-07-24,2026-07-24 12:10:00,1101.0,1101.0,1101.0,1101.0,0.0,20.0,22020.0,0
2026-07-24,2026-07-24 12:20:00,1101.0,1101.0,1101.0,1101.0,0.0,20.0,22020.0,0
2026-07-24,2026-07-24 12:30:00,1101.0,1101.0,1101.0,1101.0,0.0,20.0,22020.0,0
2026-07-24,2026-07-24 12:40:00,1101.0,1101.0,1101.0,1101.0,0.0,20.0,22020.0,0
2026-07-24,2026-07-24 12:50:00,1101.0,1101.0,1101.0,1101.0,0.0,20.0,22020.0,0
2026-07-24,2026-07-24 13:00:00,1101.0,1101.0,1101.0,1101.0,0.0,20.0,22020.0,0
2026-07-24,2026-07-24 13:10:00,1101.0,1101.0,1101.0,1101.0,0.0,20.0,22020.0,0
2026-07-24,2026-07-24 13:20:00,1101.0,1101.0,1101.0,1101.0,0.0,20.0,22020.0,0
2026-07-24,2026-07-24 13:30:00,1101.0,1101.0,1101.0,1101.0,0.0,20.0,22020.0,0
2026-07-24,2026-07-24 13:40:00,1101.0,1101.0,1101.0,1101.0,0.0,20.0,22020.0,0
2026-07-24,2026-07-24 13:50:00,1101.0,1101.0,1101.0,1101.0,0.0,20.0,22020.0,0
2026-07-24,2026-07-24 14:00:00,1101.0,1101.0,1101.0,1101.0,0.0,20.0,22020.0,0
2026-07-24,2026-07-24 14:10:00,1101.0,1101.0,1101.0,1101.0,0.0,20.0,22020.0,0
2026-07-24,2026-07-24 14:20:00,1101.0,1101.0,1101.0,1101.0,0.0,20.0,22020.0,0
2026-07-24,2026-07-24 14:30:00,1101.0,1101.0,1101.0,1101.0,0.0,20.0,22020.0,0
2026-07-24,2026-07-24 14:40:00,1101.0,1101.0,1101.0,1101.0,0.0,20.0,22020.0,0
2026-07-24,2026-07-24 14:50:00,1101.0,1101.0,1101.0,1101.0,0.0,20.0,22020.0,0
2026-07-24,2026-07-24 15:00:00,1101.0,1101.0,1101.0,1101.0,0.0,20.0,22020.0,0
2026-07-28,2026-07-28 11:00:00,1100.0,1100.0,1100.0,1100.0,0.0,246.64,271304.0,0
2026-07-28,2026-07-28 11:10:00,1100.0,1100.0,1100.0,1100.0,0.0,246.64,271304.0,0
2026-07-28,2026-07-28 11:20:00,1100.0,1100.0,1100.0,1100.0,0.0,246.64,271304.0,0
2026-07-28,2026-07-28 11:30:00,1100.0,1100.0,1100.0,1100.0,0.0,246.64,271304.0,0
2026-07-28,2026-07-28 11:40:00,1100.0,1100.0,1100.0,1100.0,0.0,246.64,271304.0,0
2026-07-28,2026-07-28 11:50:00,1100.0,1100.0,1100.0,1100.0,0.0,246.64,271304.0,0
2026-07-28,2026-07-28 12:00:00,1100.0,1100.0,1100.0,1100.0,0.0,246.64,271304.0,0
2026-07-28,2026-07-28 12:10:00,1100.0,1100.0,1100.0,1100.0,0.0,246.64,271304.0,0
2026-07-28,2026-07-28 12:20:00,1100.0,1100.0,1100.0,1100.0,0.0,246.64,271304.0,0
2026-07-28,2026-07-28 12:30:00,1100.0,1100.0,1100.0,1100.0,0.0,246.64,271304.0,0
2026-07-28,2026-07-28 12:40:00,1100.0,1100.0,1100.0,1100.0,0.0,246.64,271304.0,0
2026-07-28,2026-07-28 12:50:00,1100.0,1100.0,1100.0,1100.0,0.0,246.64,271304.0,0
2026-07-28,2026-07-28 13:00:00,1100.0,1100.0,1100.0,1100.0,0.0,246.64,271304.0,0
2026-07-28,2026-07-28 13:10:00,1100.0,1100.0,1100.0,1100.0,0.0,246.64,271304.0,0
2026-07-28,2026-07-28 13:20:00,1100.0,1100.0,1100.0,1100.0,0.0,246.64,271304.0,0
2026-07-28,2026-07-28 13:30:00,1100.0,1100.0,1100.0,1100.0,0.0,246.64,271304.0,0
2026-07-28,2026-07-28 13:40:00,1100.0,1100.0,1100.0,1100.0,0.0,246.64,271304.0,0
2026-07-28,2026-07-28 13:50:00,1100.0,1100.0,1100.0,1100.0,0.0,246.64,271304.0,0
2026-07-28,2026-07-28 14:00:00,1100.0,1100.0,1100.0,1100.0,0.0,246.64,271304.0,0
2026-07-28,2026-07-28 14:10:00,1100.0,1100.0,1100.0,1100.0,0.0,246.64,271304.0,0
2026-07-28,2026-07-28 14:20:00,1100.0,1100.0,1100.0,1100.0,0.0,246.64,271304.0,0
2026-07-28,2026-07-28 14:30:00,1100.0,1100.0,1100.0,1100.0,0.0,246.64,271304.0,0
2026-07-28,2026-07-28 14:40:00,1100.0,1100.0,1100.0,1100.0,0.0,246.64,271304.0,0
2026-07-28,2026-07-28 14:50:00,1100.0,1100.0,1100.0,1100.0,0.0,246.64,271304.0,0
2026-07-28,2026-07-28 15:00:00,1100.0,1100.0,1100.0,1100.0,0.0,246.64,271304.0,0
2026-08-11,2026-08-11 11:00:00,1133.0,1133.0,1133.0,1133.0,0.0,0.4,453.2,0
2026-08-11,2026-08-11 11:10:00,1133.0,1133.0,1133.0,1133.0,0.0,0.4,453.2,0
2026-08-11,2026-08-11 11:20:00,1133.0,1133.0,1133.0,1133.0,0.0,0.4,453.2,0
2026-08-11,2026-08-11 11:30:00,1133.0,1133.0,1133.0,1133.0,0.0,0.4,453.2,0
2026-08-11,2026-08-11 11:40:00,1133.0,1133.0,1133.0,1133.0,0.0,0.4,453.2,0
2026-08-11,2026-08-11 11:50:00,1133.0,1133.0,1133.0,1133.0,0.0,0.4,453.2,0
2026-08-11,2026-08-11 12:00:00,1133.0,1133.0,1133.0,1133.0,0.0,0.4,453.2,0
2026-08-11,2026-08-11 12:10:00,1133.0,1133.0,1133.0,1133.0,0.0,0.4,453.2,0
2026-08-11,2026-08-11 12:20:00,1133.0,1133.0,1133.0,1133.0,0.0,0.4,453.2,0
2026-08-11,2026-08-11 12:30:00,1133.0,1133.0,1133.0,1133.0,0.0,0.4,453.2,0
2026-08-11,2026-08-11 12:40:00,1133.0,1133.0,1133.0,1133.0,0.0,0.4,453.2,0
2026-08-11,2026-08-11 12:50:00,1133.0,1133.0,1133.0,1133.0,0.0,0.4,453.2,0
2026-08-11,2026-08-11 13:00:00,1133.0,1133.0,1133.0,1133.0,0.0,0.4,453.2,0
2026-08-11,2026-08-11 13:10:00,1133.0,1133.0,1133.0,1133.0,0.0,0.4,453.2,0
2026-08-11,2026-08-11 13:20:00,1133.0,1133.0,1133.0,1133.0,0.0,0.4,453.2,0
2026-08-11,2026-08-11 13:30:00,1133.0,1133.0,1133.0,1133.0,0.0,0.4,453.2,0
2026-08-11,2026-08-11 13:40:00,1133.0,1133.0,1133.0,1133.0,0.0,0.4,453.2,0
2026-08-11,2026-08-11 13:50:00,1133.0,1133.0,1133.0,1133.0,0.0,0.4,453.2,0
2026-08-11,2026-08-11 14:00:00,1133.0,1133.0,1133.0,1133.0,0.0,0.4,453.2,0
2026-08-11,2026-08-11 14:10:00,1133.0,1133.0,1133.0,1133.0,0.0,0.4,453.2,0
2026-08-11,2026-08-11 14:20:00,1133.0,1133.0,1133.0,1133.0,0.0,0.4,453.2,0
2026-08-11,2026-08-11 14:30:00,1133.0,1133.0,1133.0,1133.0,0.0,0.4,453.2,0
2026-08-11,2026-08-11 14:40:00,1133.0,1133.0,1133.0,1133.0,0.0,0.4,453.2,0
2026-08-11,2026-08-11 14:50:00,1133.0,1133.0,1133.0,1133.0,0.0,0.4,453.2,0
2026-08-11,2026-08-11 15:00:00,1133.0,1133.0,1133.0,1133.0,0.0,0.4,453.2,0
2026-08-13,2026-08-13 11:00:00,1133.0,1133.0,1130.38,1130.38,-0.23,0.08,86.8,-1
2026-08-13,2026-08-13 11:10:00,1130.38,1130.38,1127.75,1127.75,-0.23,0.08,86.8,-1
2026-08-13,2026-08-13 11:20:00,1127.75,1127.75,1125.12,1125.12,-0.23,0.08,86.8,-1
2026-08-13,2026-08-13 11:30:00,1125.12,1125.12,1122.5,1122.5,-0.23,0.08,86.8,-1
2026-08-13,2026-08-13 11:40:00,1122.5,1122.5,1119.88,1119.88,-0.23,0.08,86.8,-1
2026-08-13,2026-08-13 11:50:00,1119.88,1119.88,1117.25,1117.25,-0.23,0.08,86.8,-1
2026-08-13,2026-08-13 12:00:00,1117.25,1117.25,1114.62,1114.62,-0.24,0.08,86.8,-1
2026-08-13,2026-08-13 12:10:00,1114.62,1114.62,1112.0,1112.0,-0.24,0.08,86.8,-1
2026-08-13,2026-08-13 12:20:00,1112.0,1112.0,1109.38,1109.38,-0.24,0.08,86.8,-1
2026-08-13,2026-08-13 12:30:00,1109.38,1109.38,1106.75,1106.75,-0.24,0.08,86.8,-1
2026-08-13,2026-08-13 12:40:00,1106.75,1106.75,1104.12,1104.12,-0.24,0.08,86.8,-1
2026-08-13,2026-08-13 12:50:00,1104.12,1104.12,1101.5,1101.5,-0.24,0.08,86.8,-1
2026-08-13,2026-08-13 13:00:00,1101.5,1133.0,1098.88,1098.88,-0.24,0.08,86.8,-1
2026-08-13,2026-08-13 13:10:00,1098.88,1098.88,1096.25,1096.25,-0.24,0.08,86.8,-1
2026-08-13,2026-08-13 13:20:00,1096.25,1096.25,1093.62,1093.62,-0.24,0.08,86.8,-1
2026-08-13,2026-08-13 13:30:00,1093.62,1093.62,1091.0,1091.0,-0.24,0.08,86.8,-1
2026-08-13,2026-08-13 13:40:00,1091.0,1091.0,1088.38,1088.38,-0.24,0.08,86.8,-1
2026-08-13,2026-08-13 13:50:00,1088.38,1088.38,1085.75,1085.75,-0.24,0.08,86.8,-1
2026-08-13,2026-08-13 14:00:00,1085.75,1085.75,1083.12,1083.12,-0.24,0.08,86.8,-1
2026-08-13,2026-08-13 14:10:00,1083.12,1083.12,1080.5,1080.5,-0.24,0.08,86.8,-1
2026-08-13,2026-08-13 14:20:00,1080.5,1080.5,1077.88,1077.88,-0.24,0.08,86.8,-1
2026-08-13,2026-08-13 14:30:00,1077.88,1077.88,1075.25,1075.25,-0.24,0.08,86.8,-1
2026-08-13,2026-08-13 14:40:00,1075.25,1075.25,1072.62,1072.62,-0.24,0.08,86.8,-1
2026-08-13,2026-08-13 14:50:00,1072.62,1072.62,1070.0,1070.0,-0.24,0.08,86.8,-1
2026-08-13,2026-08-13 15:00:00,1070.0,1133.0,1070.0,1070.0,0.0,0.08,86.8,0
2026-08-13,2026-08-13 14:45:00,1133.0,1133.0,1133.0,1070.0,-5.56,2.0,2170.0,-1
