published_date,timestamp,open,high,low,close,per_change,traded_quantity,traded_amount,status
2023-05-02,2023-05-02 11:00:00,403.8,420.35,403.8,412.07,2.05,28.0,11879.92,1
2023-05-02,2023-05-02 12:00:00,412.07,420.35,412.07,420.35,2.01,28.0,11879.92,1
2023-05-02,2023-05-02 13:00:00,420.35,428.62,420.35,428.62,1.97,28.0,11879.92,1
2023-05-02,2023-05-02 14:00:00,428.62,436.9,428.62,436.9,1.93,28.0,11879.92,1
2023-05-02,2023-05-02 15:00:00,436.9,436.9,403.8,436.9,0.0,28.0,11879.92,0
2023-05-03,2023-05-03 11:00:00,445.6,454.55,445.6,450.08,1.01,8.0,3604.64,1
2023-05-03,2023-05-03 12:00:00,450.08,454.55,450.08,454.55,0.99,8.0,3604.64,1
2023-05-03,2023-05-03 13:00:00,454.55,459.02,454.55,459.02,0.98,8.0,3604.64,1
2023-05-03,2023-05-03 14:00:00,459.02,463.5,459.02,463.5,0.98,8.0,3604.64,1
2023-05-03,2023-05-03 15:00:00,463.5,463.5,445.6,463.5,0.0,8.0,3604.64,0
2023-05-04,2023-05-04 11:00:00,472.7,487.1,472.7,479.9,1.52,10.0,4824.72,1
2023-05-04,2023-05-04 12:00:00,479.9,487.1,479.9,487.1,1.5,10.0,4824.72,1
2023-05-04,2023-05-04 13:00:00,487.1,494.3,487.1,494.3,1.48,10.0,4824.72,1
2023-05-04,2023-05-04 14:00:00,494.3,501.5,494.3,501.5,1.46,10.0,4824.72,1
2023-05-04,2023-05-04 15:00:00,501.5,501.5,472.7,501.5,0.0,10.0,4824.72,0
2023-05-07,2023-05-07 11:00:00,511.5,527.1,511.5,519.3,1.52,10.0,5263.38,1
2023-05-07,2023-05-07 12:00:00,519.3,527.1,519.3,527.1,1.5,10.0,5263.38,1
2023-05-07,2023-05-07 13:00:00,527.1,534.9,527.1,534.9,1.48,10.0,5263.38,1
2023-05-07,2023-05-07 14:00:00,534.9,542.7,534.9,542.7,1.46,10.0,5263.38,1
2023-05-07,2023-05-07 15:00:00,542.7,542.7,511.5,542.7,0.0,10.0,5263.38,0
2023-05-08,2023-05-08 11:00:00,553.5,564.6,553.5,559.05,1.0,6.0,3387.4,1
2023-05-08,2023-05-08 12:00:00,559.05,564.6,559.05,564.6,0.99,6.0,3387.4,1
2023-05-08,2023-05-08 13:00:00,564.6,570.15,564.6,570.15,0.98,6.0,3387.4,1
2023-05-08,2023-05-08 14:00:00,570.15,575.7,570.15,575.7,0.97,6.0,3387.4,1
2023-05-08,2023-05-08 15:00:00,575.7,575.7,553.5,575.7,0.0,6.0,3387.4,0
2023-05-09,2023-05-09 11:00:00,587.2,593.05,587.2,590.12,0.5,4.0,2372.2,1
2023-05-09,2023-05-09 12:00:00,590.12,593.05,590.12,593.05,0.5,4.0,2372.2,1
2023-05-09,2023-05-09 13:00:00,593.05,595.98,593.05,595.98,0.49,4.0,2372.2,1
2023-05-09,2023-05-09 14:00:00,595.98,598.9,595.98,598.9,0.49,4.0,2372.2,1
2023-05-09,2023-05-09 15:00:00,598.9,598.9,587.2,598.9,0.0,4.0,2372.2,0
2023-05-10,2023-05-10 11:00:00,610.8,616.9,610.8,613.85,0.5,4.0,2467.6,1
2023-05-10,2023-05-10 12:00:00,613.85,616.9,613.85,616.9,0.5,4.0,2467.6,1
2023-05-10,2023-05-10 13:00:00,616.9,619.95,616.9,619.95,0.49,4.0,2467.6,1
2023-05-10,2023-05-10 14:00:00,619.95,623.0,619.95,623.0,0.49,4.0,2467.6,1
2023-05-10,2023-05-10 15:00:00,623.0,623.0,610.8,623.0,0.0,4.0,2467.6,0
2023-05-11,2023-05-11 11:00:00,635.4,648.2,635.4,641.8,1.01,6.0,3889.0,1
2023-05-11,2023-05-11 12:00:00,641.8,648.2,641.8,648.2,1.0,6.0,3889.0,1
2023-05-11,2023-05-11 13:00:00,648.2,654.6,648.2,654.6,0.99,6.0,3889.0,1
2023-05-11,2023-05-11 14:00:00,654.6,661.0,654.6,661.0,0.98,6.0,3889.0,1
2023-05-11,2023-05-11 15:00:00,661.0,661.0,635.4,661.0,0.0,6.0,3889.0,0
2023-05-14,2023-05-14 11:00:00,674.2,700.65,674.2,687.43,1.96,12.0,8465.2,1
2023-05-14,2023-05-14 12:00:00,687.43,700.65,687.43,700.65,1.92,12.0,8465.2,1
2023-05-14,2023-05-14 13:00:00,700.65,713.88,700.65,713.88,1.89,12.0,8465.2,1
2023-05-14,2023-05-14 14:00:00,713.88,727.1,713.88,727.1,1.85,12.0,8465.2,1
2023-05-14,2023-05-14 15:00:00,727.1,727.1,674.2,727.1,0.0,12.0,8465.2,0
2023-05-15,2023-05-15 11:00:00,741.6,756.55,741.6,749.08,1.01,8.0,6080.0,1
2023-05-15,2023-05-15 12:00:00,749.08,756.55,749.08,756.55,1.0,8.0,6080.0,1
2023-05-15,2023-05-15 13:00:00,756.55,764.02,756.55,764.02,0.99,8.0,6080.0,1
2023-05-15,2023-05-15 14:00:00,764.02,771.5,764.02,771.5,0.98,8.0,6080.0,1
2023-05-15,2023-05-15 15:00:00,771.5,771.5,741.6,771.5,0.0,8.0,6080.0,0
2023-05-16,2023-05-16 11:00:00,771.4,810.0,771.4,790.7,2.5,22.0,18212.0,1
2023-05-16,2023-05-16 12:00:00,790.7,810.0,790.7,810.0,2.44,22.0,18212.0,1
2023-05-16,2023-05-16 13:00:00,810.0,829.3,810.0,829.3,2.38,22.0,18212.0,1
2023-05-16,2023-05-16 14:00:00,829.3,848.6,829.3,848.6,2.33,22.0,18212.0,1
2023-05-16,2023-05-16 15:00:00,848.6,848.6,771.4,848.6,0.0,22.0,18212.0,0
2023-05-17,2023-05-17 11:00:00,865.5,899.45,865.5,882.48,1.96,10.0,9001.0,1
2023-05-17,2023-05-17 12:00:00,882.48,899.45,882.48,899.45,1.92,10.0,9001.0,1
2023-05-17,2023-05-17 13:00:00,899.45,916.42,899.45,916.42,1.89,10.0,9001.0,1
2023-05-17,2023-05-17 14:00:00,916.42,933.4,916.42,933.4,1.85,10.0,9001.0,1
2023-05-17,2023-05-17 15:00:00,933.4,933.4,865.5,933.4,0.0,10.0,9001.0,0
2023-05-18,2023-05-18 11:00:00,952.0,989.35,952.0,970.67,1.96,18.0,18025.08,1
2023-05-18,2023-05-18 12:00:00,970.67,989.35,970.67,989.35,1.92,18.0,18025.08,1
2023-05-18,2023-05-18 13:00:00,989.35,1008.03,989.35,1008.03,1.89,18.0,18025.08,1
2023-05-18,2023-05-18 14:00:00,1008.03,1026.7,1008.03,1026.7,1.85,18.0,18025.08,1
2023-05-18,2023-05-18 15:00:00,1026.7,1026.7,952.0,1026.7,0.0,18.0,18025.08,0
2023-05-21,2023-05-21 11:00:00,1047.2,1088.25,1047.2,1067.72,1.96,20.0,22183.2,1
2023-05-21,2023-05-21 12:00:00,1067.72,1088.25,1067.72,1088.25,1.92,20.0,22183.2,1
2023-05-21,2023-05-21 13:00:00,1088.25,1108.78,1088.25,1108.78,1.89,20.0,22183.2,1
2023-05-21,2023-05-21 14:00:00,1108.78,1129.3,1108.78,1129.3,1.85,20.0,22183.2,1
2023-05-21,2023-05-21 15:00:00,1129.3,1129.3,1047.2,1129.3,0.0,20.0,22183.2,0
2023-05-22,2023-05-22 11:00:00,1151.8,1197.0,1151.8,1174.4,1.96,30.0,36822.2,1
2023-05-22,2023-05-22 12:00:00,1174.4,1197.0,1174.4,1197.0,1.92,30.0,36822.2,1
2023-05-22,2023-05-22 13:00:00,1197.0,1219.6,1197.0,1219.6,1.89,30.0,36822.2,1
2023-05-22,2023-05-22 14:00:00,1219.6,1242.2,1219.6,1242.2,1.85,30.0,36822.2,1
2023-05-22,2023-05-22 15:00:00,1242.2,1242.2,1151.8,1242.2,0.0,30.0,36822.2,0
2023-05-23,2023-05-23 11:00:00,1267.0,1316.7,1267.0,1291.85,1.96,22.0,29573.2,1
2023-05-23,2023-05-23 12:00:00,1291.85,1316.7,1291.85,1316.7,1.92,22.0,29573.2,1
2023-05-23,2023-05-23 13:00:00,1316.7,1341.55,1316.7,1341.55,1.89,22.0,29573.2,1
2023-05-23,2023-05-23 14:00:00,1341.55,1366.4,1341.55,1366.4,1.85,22.0,29573.2,1
2023-05-23,2023-05-23 15:00:00,1366.4,1366.4,1267.0,1366.4,0.0,22.0,29573.2,0
2023-05-24,2023-05-24 11:00:00,1393.7,1448.35,1393.7,1421.03,1.96,22.0,32457.36,1
2023-05-24,2023-05-24 12:00:00,1421.03,1448.35,1421.03,1448.35,1.92,22.0,32457.36,1
2023-05-24,2023-05-24 13:00:00,1448.35,1475.67,1448.35,1475.67,1.89,22.0,32457.36,1
2023-05-24,2023-05-24 14:00:00,1475.67,1503.0,1475.67,1503.0,1.85,22.0,32457.36,1
2023-05-24,2023-05-24 15:00:00,1503.0,1503.0,1393.7,1503.0,0.0,22.0,32457.36,0
2023-05-28,2023-05-28 11:00:00,1533.0,1593.15,1533.0,1563.08,1.96,76.0,125021.24,1
2023-05-28,2023-05-28 12:00:00,1563.08,1593.15,1563.08,1593.15,1.92,76.0,125021.24,1
2023-05-28,2023-05-28 13:00:00,1593.15,1623.22,1593.15,1623.22,1.89,76.0,125021.24,1
2023-05-28,2023-05-28 14:00:00,1623.22,1653.3,1623.22,1653.3,1.85,76.0,125021.24,1
2023-05-28,2023-05-28 15:00:00,1653.3,1653.3,1533.0,1653.3,0.0,76.0,125021.24,0
2023-05-30,2023-05-30 11:00:00,1686.3,1752.45,1686.3,1719.38,1.96,124.0,224593.2,1
2023-05-30,2023-05-30 12:00:00,1719.38,1752.45,1719.38,1752.45,1.92,124.0,224593.2,1
2023-05-30,2023-05-30 13:00:00,1752.45,1785.52,1752.45,1785.52,1.89,124.0,224593.2,1
2023-05-30,2023-05-30 14:00:00,1785.52,1818.6,1785.52,1818.6,1.85,124.0,224593.2,1
2023-05-30,2023-05-30 15:00:00,1818.6,1818.6,1686.3,1818.6,0.0,124.0,224593.2,0
2023-05-31,2023-05-31 11:00:00,1854.0,1927.2,1854.0,1890.6,1.97,890.0,1779634.78,1
2023-05-31,2023-05-31 12:00:00,1890.6,1927.2,1890.6,1927.2,1.94,890.0,1779634.78,1
2023-05-31,2023-05-31 13:00:00,1927.2,1963.8,1927.2,1963.8,1.9,890.0,1779634.78,1
2023-05-31,2023-05-31 14:00:00,1963.8,2000.4,1963.8,2000.4,1.86,890.0,1779634.78,1
2023-05-31,2023-05-31 15:00:00,2000.4,2000.4,1854.0,2000.4,0.0,890.0,1779634.78,0
2023-06-01,2023-06-01 11:00:00,2040.4,2081.6,1933.7,2003.3,-1.82,3474.6,6628971.0,-1
2023-06-01,2023-06-01 12:00:00,2003.3,2003.3,1966.2,1966.2,-1.85,3474.6,6628971.0,-1
2023-06-01,2023-06-01 13:00:00,1966.2,1966.2,1929.1,1929.1,-1.89,3474.6,6628971.0,-1
2023-06-01,2023-06-01 14:00:00,1929.1,1929.1,1892.0,1892.0,-1.92,3474.6,6628971.0,-1
2023-06-01,2023-06-01 15:00:00,1892.0,2122.8,1827.0,1892.0,0.0,3474.6,6628971.0,0
2023-06-04,2023-06-04 11:00:00,1892.0,1934.0,1891.0,1906.25,0.75,1420.0,2717805.04,1
2023-06-04,2023-06-04 12:00:00,1906.25,1920.5,1906.25,1920.5,0.75,1420.0,2717805.04,1
2023-06-04,2023-06-04 13:00:00,1920.5,1934.75,1920.5,1934.75,0.74,1420.0,2717805.04,1
2023-06-04,2023-06-04 14:00:00,1934.75,1949.0,1934.75,1949.0,0.74,1420.0,2717805.04,1
2023-06-04,2023-06-04 15:00:00,1949.0,1976.0,1890.0,1949.0,0.0,1420.0,2717805.04,0
2023-06-05,2023-06-05 11:00:00,1930.0,1930.0,1915.0,1923.25,-0.35,830.4,1588022.8,-1
2023-06-05,2023-06-05 12:00:00,1923.25,1923.25,1916.5,1916.5,-0.35,830.4,1588022.8,-1
2023-06-05,2023-06-05 13:00:00,1916.5,1916.5,1909.75,1909.75,-0.35,830.4,1588022.8,-1
2023-06-05,2023-06-05 14:00:00,1909.75,1909.75,1903.0,1903.0,-0.35,830.4,1588022.8,-1
2023-06-05,2023-06-05 15:00:00,1903.0,1930.0,1900.0,1903.0,0.0,830.4,1588022.8,0
2023-06-06,2023-06-06 11:00:00,1940.0,1959.9,1925.0,1945.25,0.27,947.2,1849261.6,1
2023-06-06,2023-06-06 12:00:00,1945.25,1950.5,1945.25,1950.5,0.27,947.2,1849261.6,1
2023-06-06,2023-06-06 13:00:00,1950.5,1955.75,1950.5,1955.75,0.27,947.2,1849261.6,1
2023-06-06,2023-06-06 14:00:00,1955.75,1961.0,1955.75,1961.0,0.27,947.2,1849261.6,1
2023-06-06,2023-06-06 15:00:00,1961.0,1979.8,1910.0,1961.0,0.0,947.2,1849261.6,0
2023-06-07,2023-06-07 11:00:00,1940.0,1960.0,1940.0,1945.0,0.26,711.0,1399324.9,1
2023-06-07,2023-06-07 12:00:00,1945.0,1950.0,1945.0,1950.0,0.26,711.0,1399324.9,1
2023-06-07,2023-06-07 13:00:00,1950.0,1955.0,1950.0,1955.0,0.26,711.0,1399324.9,1
2023-06-07,2023-06-07 14:00:00,1955.0,1960.0,1955.0,1960.0,0.26,711.0,1399324.9,1
2023-06-07,2023-06-07 15:00:00,1960.0,1980.0,1940.0,1960.0,0.0,711.0,1399324.9,0
2023-06-08,2023-06-08 11:00:00,1965.0,1965.0,1945.5,1959.0,-0.31,428.0,831351.6,-1
2023-06-08,2023-06-08 12:00:00,1959.0,1959.0,1953.0,1953.0,-0.31,428.0,831351.6,-1
2023-06-08,2023-06-08 13:00:00,1953.0,1953.0,1947.0,1947.0,-0.31,428.0,831351.6,-1
2023-06-08,2023-06-08 14:00:00,1947.0,1947.0,1941.0,1941.0,-0.31,428.0,831351.6,-1
2023-06-08,2023-06-08 15:00:00,1941.0,1965.0,1926.0,1941.0,0.0,428.0,831351.6,0
2023-06-11,2023-06-11 11:00:00,1941.0,2000.0,1941.0,1968.25,1.4,1109.8,2237342.6,1
2023-06-11,2023-06-11 12:00:00,1968.25,1995.5,1968.25,1995.5,1.38,1109.8,2237342.6,1
2023-06-11,2023-06-11 13:00:00,1995.5,2022.75,1995.5,2022.75,1.37,1109.8,2237342.6,1
2023-06-11,2023-06-11 14:00:00,2022.75,2050.0,2022.75,2050.0,1.35,1109.8,2237342.6,1
2023-06-11,2023-06-11 15:00:00,2050.0,2059.0,1941.0,2050.0,0.0,1109.8,2237342.6,0
2023-06-12,2023-06-12 11:00:00,2088.0,2089.0,2034.0,2076.0,-0.57,670.0,1345189.64,-1
2023-06-12,2023-06-12 12:00:00,2076.0,2076.0,2064.0,2064.0,-0.58,670.0,1345189.64,-1
2023-06-12,2023-06-12 13:00:00,2064.0,2064.0,2052.0,2052.0,-0.58,670.0,1345189.64,-1
2023-06-12,2023-06-12 14:00:00,2052.0,2052.0,2040.0,2040.0,-0.58,670.0,1345189.64,-1
2023-06-12,2023-06-12 15:00:00,2040.0,2090.0,1980.0,2040.0,0.0,670.0,1345189.64,0
2023-06-13,2023-06-13 11:00:00,2005.0,2036.5,1986.0,2015.5,0.52,561.6,1138846.2,1
2023-06-13,2023-06-13 12:00:00,2015.5,2026.0,2015.5,2026.0,0.52,561.6,1138846.2,1
2023-06-13,2023-06-13 13:00:00,2026.0,2036.5,2026.0,2036.5,0.52,561.6,1138846.2,1
2023-06-13,2023-06-13 14:00:00,2036.5,2047.0,2036.5,2047.0,0.52,561.6,1138846.2,1
2023-06-13,2023-06-13 15:00:00,2047.0,2068.0,1967.0,2047.0,0.0,561.6,1138846.2,0
2023-06-14,2023-06-14 11:00:00,2040.0,2085.0,2040.0,2045.0,0.25,1095.2,2290920.54,1
2023-06-14,2023-06-14 12:00:00,2045.0,2050.0,2045.0,2050.0,0.24,1095.2,2290920.54,1
2023-06-14,2023-06-14 13:00:00,2050.0,2055.0,2050.0,2055.0,0.24,1095.2,2290920.54,1
2023-06-14,2023-06-14 14:00:00,2055.0,2060.0,2055.0,2060.0,0.24,1095.2,2290920.54,1
2023-06-14,2023-06-14 15:00:00,2060.0,2130.0,2040.0,2060.0,0.0,1095.2,2290920.54,0
2023-06-15,2023-06-15 11:00:00,2070.0,2135.0,2056.0,2085.0,0.72,777.4,1653838.2,1
2023-06-15,2023-06-15 12:00:00,2085.0,2100.0,2085.0,2100.0,0.72,777.4,1653838.2,1
2023-06-15,2023-06-15 13:00:00,2100.0,2115.0,2100.0,2115.0,0.71,777.4,1653838.2,1
2023-06-15,2023-06-15 14:00:00,2115.0,2130.0,2115.0,2130.0,0.71,777.4,1653838.2,1
2023-06-15,2023-06-15 15:00:00,2130.0,2200.0,2042.0,2130.0,0.0,777.4,1653838.2,0
2023-06-18,2023-06-18 11:00:00,2150.0,2246.5,2150.0,2198.25,2.24,983.4,2278306.1,1
2023-06-18,2023-06-18 12:00:00,2198.25,2246.5,2198.25,2246.5,2.19,983.4,2278306.1,1
2023-06-18,2023-06-18 13:00:00,2246.5,2294.75,2246.5,2294.75,2.15,983.4,2278306.1,1
2023-06-18,2023-06-18 14:00:00,2294.75,2343.0,2294.75,2343.0,2.1,983.4,2278306.1,1
2023-06-18,2023-06-18 15:00:00,2343.0,2343.0,2150.0,2343.0,0.0,983.4,2278306.1,0
2023-06-19,2023-06-19 11:00:00,2389.8,2461.9,2370.9,2399.6,0.41,873.4,2124560.26,1
2023-06-19,2023-06-19 12:00:00,2399.6,2409.4,2399.6,2409.4,0.41,873.4,2124560.26,1
2023-06-19,2023-06-19 13:00:00,2409.4,2419.2,2409.4,2419.2,0.41,873.4,2124560.26,1
2023-06-19,2023-06-19 14:00:00,2419.2,2429.0,2419.2,2429.0,0.41,873.4,2124560.26,1
2023-06-19,2023-06-19 15:00:00,2429.0,2534.0,2352.0,2429.0,0.0,873.4,2124560.26,0
2023-06-20,2023-06-20 11:00:00,2477.5,2526.75,2407.75,2443.12,-1.39,332.0,800719.6,-1
2023-06-20,2023-06-20 12:00:00,2443.12,2443.12,2408.75,2408.75,-1.41,332.0,800719.6,-1
2023-06-20,2023-06-20 13:00:00,2408.75,2408.75,2374.38,2374.38,-1.43,332.0,800719.6,-1
2023-06-20,2023-06-20 14:00:00,2374.38,2374.38,2340.0,2340.0,-1.45,332.0,800719.6,-1
2023-06-20,2023-06-20 15:00:00,2340.0,2576.0,2338.0,2340.0,0.0,332.0,800719.6,0
2023-06-21,2023-06-21 11:00:00,2380.0,2380.0,2337.7,2367.07,-0.54,570.8,1333451.82,-1
2023-06-21,2023-06-21 12:00:00,2367.07,2367.07,2354.15,2354.15,-0.55,570.8,1333451.82,-1
2023-06-21,2023-06-21 13:00:00,2354.15,2354.15,2341.23,2341.23,-0.55,570.8,1333451.82,-1
2023-06-21,2023-06-21 14:00:00,2341.23,2341.23,2328.3,2328.3,-0.55,570.8,1333451.82,-1
2023-06-21,2023-06-21 15:00:00,2328.3,2380.0,2295.4,2328.3,0.0,570.8,1333451.82,0
2023-06-22,2023-06-22 11:00:00,2301.1,2334.05,2301.1,2305.85,0.21,244.6,571148.6,1
2023-06-22,2023-06-22 12:00:00,2305.85,2310.6,2305.85,2310.6,0.21,244.6,571148.6,1
2023-06-22,2023-06-22 13:00:00,2310.6,2315.35,2310.6,2315.35,0.21,244.6,571148.6,1
2023-06-22,2023-06-22 14:00:00,2315.35,2320.1,2315.35,2320.1,0.21,244.6,571148.6,1
2023-06-22,2023-06-22 15:00:00,2320.1,2367.0,2301.1,2320.1,0.0,244.6,571148.6,0
2023-06-25,2023-06-25 11:00:00,2330.0,2388.95,2325.0,2354.25,1.04,478.6,1146958.78,1
2023-06-25,2023-06-25 12:00:00,2354.25,2378.5,2354.25,2378.5,1.03,478.6,1146958.78,1
2023-06-25,2023-06-25 13:00:00,2378.5,2402.75,2378.5,2402.75,1.02,478.6,1146958.78,1
2023-06-25,2023-06-25 14:00:00,2402.75,2427.0,2402.75,2427.0,1.01,478.6,1146958.78,1
2023-06-25,2023-06-25 15:00:00,2427.0,2447.9,2320.0,2427.0,0.0,478.6,1146958.78,0
2023-06-26,2023-06-26 11:00:00,2470.0,2483.5,2427.65,2455.0,-0.61,233.6,562421.5,-1
2023-06-26,2023-06-26 12:00:00,2455.0,2455.0,2440.0,2440.0,-0.61,233.6,562421.5,-1
2023-06-26,2023-06-26 13:00:00,2440.0,2440.0,2425.0,2425.0,-0.61,233.6,562421.5,-1
2023-06-26,2023-06-26 14:00:00,2425.0,2425.0,2410.0,2410.0,-0.62,233.6,562421.5,-1
2023-06-26,2023-06-26 15:00:00,2410.0,2497.0,2385.3,2410.0,0.0,233.6,562421.5,0
2023-06-27,2023-06-27 11:00:00,2409.0,2530.0,2404.5,2446.75,1.57,1044.0,2664119.78,1
2023-06-27,2023-06-27 12:00:00,2446.75,2484.5,2446.75,2484.5,1.54,1044.0,2664119.78,1
2023-06-27,2023-06-27 13:00:00,2484.5,2522.25,2484.5,2522.25,1.52,1044.0,2664119.78,1
2023-06-27,2023-06-27 14:00:00,2522.25,2560.0,2522.25,2560.0,1.5,1044.0,2664119.78,1
2023-06-27,2023-06-27 15:00:00,2560.0,2651.0,2400.0,2560.0,0.0,1044.0,2664119.78,0
2023-06-28,2023-06-28 11:00:00,2610.0,2610.5,2543.1,2580.3,-1.14,645.0,1617480.8,-1
2023-06-28,2023-06-28 12:00:00,2580.3,2580.3,2550.6,2550.6,-1.15,645.0,1617480.8,-1
2023-06-28,2023-06-28 13:00:00,2550.6,2550.6,2520.9,2520.9,-1.16,645.0,1617480.8,-1
2023-06-28,2023-06-28 14:00:00,2520.9,2520.9,2491.2,2491.2,-1.18,645.0,1617480.8,-1
2023-06-28,2023-06-28 15:00:00,2491.2,2611.0,2476.2,2491.2,0.0,645.0,1617480.8,0
2023-07-02,2023-07-02 11:00:00,2442.0,2456.0,2401.05,2421.53,-0.84,420.0,1008699.4,-1
2023-07-02,2023-07-02 12:00:00,2421.53,2421.53,2401.05,2401.05,-0.85,420.0,1008699.4,-1
2023-07-02,2023-07-02 13:00:00,2401.05,2401.05,2380.57,2380.57,-0.85,420.0,1008699.4,-1
2023-07-02,2023-07-02 14:00:00,2380.57,2380.57,2360.1,2360.1,-0.86,420.0,1008699.4,-1
2023-07-02,2023-07-02 15:00:00,2360.1,2470.0,2360.1,2360.1,0.0,420.0,1008699.4,0
2023-07-03,2023-07-03 11:00:00,2315.2,2357.6,2308.6,2320.9,0.25,302.8,711987.0,1
2023-07-03,2023-07-03 12:00:00,2320.9,2326.6,2320.9,2326.6,0.25,302.8,711987.0,1
2023-07-03,2023-07-03 13:00:00,2326.6,2332.3,2326.6,2332.3,0.24,302.8,711987.0,1
2023-07-03,2023-07-03 14:00:00,2332.3,2338.0,2332.3,2338.0,0.24,302.8,711987.0,1
2023-07-03,2023-07-03 15:00:00,2338.0,2400.0,2302.0,2338.0,0.0,302.8,711987.0,0
2023-07-04,2023-07-04 11:00:00,2384.0,2407.5,2342.0,2387.0,0.13,254.8,592274.2,1
2023-07-04,2023-07-04 12:00:00,2387.0,2390.0,2387.0,2390.0,0.13,254.8,592274.2,1
2023-07-04,2023-07-04 13:00:00,2390.0,2393.0,2390.0,2393.0,0.13,254.8,592274.2,1
2023-07-04,2023-07-04 14:00:00,2393.0,2396.0,2393.0,2396.0,0.13,254.8,592274.2,1
2023-07-04,2023-07-04 15:00:00,2396.0,2431.0,2300.0,2396.0,0.0,254.8,592274.2,0
2023-07-05,2023-07-05 11:00:00,2349.0,2350.5,2327.5,2347.25,-0.07,232.6,541595.4,-1
2023-07-05,2023-07-05 12:00:00,2347.25,2347.25,2345.5,2345.5,-0.07,232.6,541595.4,-1
2023-07-05,2023-07-05 13:00:00,2345.5,2345.5,2343.75,2343.75,-0.07,232.6,541595.4,-1
2023-07-05,2023-07-05 14:00:00,2343.75,2343.75,2342.0,2342.0,-0.07,232.6,541595.4,-1
2023-07-05,2023-07-05 15:00:00,2342.0,2352.0,2306.0,2342.0,0.0,232.6,541595.4,0
2023-07-06,2023-07-06 11:00:00,2388.0,2388.0,2343.1,2375.75,-0.51,449.8,1040777.64,-1
2023-07-06,2023-07-06 12:00:00,2375.75,2375.75,2363.5,2363.5,-0.52,449.8,1040777.64,-1
2023-07-06,2023-07-06 13:00:00,2363.5,2363.5,2351.25,2351.25,-0.52,449.8,1040777.64,-1
2023-07-06,2023-07-06 14:00:00,2351.25,2351.25,2339.0,2339.0,-0.52,449.8,1040777.64,-1
2023-07-06,2023-07-06 15:00:00,2339.0,2388.0,2298.2,2339.0,0.0,449.8,1040777.64,0
2023-07-09,2023-07-09 11:00:00,2385.0,2392.5,2348.5,2388.75,0.16,263.6,623360.9,1
2023-07-09,2023-07-09 12:00:00,2388.75,2392.5,2388.75,2392.5,0.16,263.6,623360.9,1
2023-07-09,2023-07-09 13:00:00,2392.5,2396.25,2392.5,2396.25,0.16,263.6,623360.9,1
2023-07-09,2023-07-09 14:00:00,2396.25,2400.0,2396.25,2400.0,0.16,263.6,623360.9,1
2023-07-09,2023-07-09 15:00:00,2400.0,2400.0,2312.0,2400.0,0.0,263.6,623360.9,0
2023-07-10,2023-07-10 11:00:00,2448.0,2472.4,2402.1,2428.25,-0.81,171.4,408752.8,-1
2023-07-10,2023-07-10 12:00:00,2428.25,2428.25,2408.5,2408.5,-0.81,171.4,408752.8,-1
2023-07-10,2023-07-10 13:00:00,2408.5,2408.5,2388.75,2388.75,-0.82,171.4,408752.8,-1
2023-07-10,2023-07-10 14:00:00,2388.75,2388.75,2369.0,2369.0,-0.83,171.4,408752.8,-1
2023-07-10,2023-07-10 15:00:00,2369.0,2496.8,2356.2,2369.0,0.0,171.4,408752.8,0
2023-07-11,2023-07-11 11:00:00,2329.0,2338.5,2314.5,2324.0,-0.21,616.0,1427518.1,-1
2023-07-11,2023-07-11 12:00:00,2324.0,2324.0,2319.0,2319.0,-0.22,616.0,1427518.1,-1
2023-07-11,2023-07-11 13:00:00,2319.0,2319.0,2314.0,2314.0,-0.22,616.0,1427518.1,-1
2023-07-11,2023-07-11 14:00:00,2314.0,2314.0,2309.0,2309.0,-0.22,616.0,1427518.1,-1
2023-07-11,2023-07-11 15:00:00,2309.0,2348.0,2300.0,2309.0,0.0,616.0,1427518.1,0
2023-07-12,2023-07-12 11:00:00,2300.0,2362.5,2300.0,2315.0,0.65,345.6,818934.32,1
2023-07-12,2023-07-12 12:00:00,2315.0,2330.0,2315.0,2330.0,0.65,345.6,818934.32,1
2023-07-12,2023-07-12 13:00:00,2330.0,2345.0,2330.0,2345.0,0.64,345.6,818934.32,1
2023-07-12,2023-07-12 14:00:00,2345.0,2360.0,2345.0,2360.0,0.64,345.6,818934.32,1
2023-07-12,2023-07-12 15:00:00,2360.0,2425.0,2300.0,2360.0,0.0,345.6,818934.32,0
2023-07-13,2023-07-13 11:00:00,2396.0,2418.0,2370.0,2394.18,-0.08,441.2,1047407.12,-1
2023-07-13,2023-07-13 12:00:00,2394.18,2394.18,2392.35,2392.35,-0.08,441.2,1047407.12,-1
2023-07-13,2023-07-13 13:00:00,2392.35,2392.35,2390.52,2390.52,-0.08,441.2,1047407.12,-1
2023-07-13,2023-07-13 14:00:00,2390.52,2390.52,2388.7,2388.7,-0.08,441.2,1047407.12,-1
2023-07-13,2023-07-13 15:00:00,2388.7,2440.0,2344.0,2388.7,0.0,441.2,1047407.12,0
2023-07-16,2023-07-16 11:00:00,2429.9,2429.9,2389.95,2413.4,-0.68,196.0,462381.0,-1
2023-07-16,2023-07-16 12:00:00,2413.4,2413.4,2396.9,2396.9,-0.68,196.0,462381.0,-1
2023-07-16,2023-07-16 13:00:00,2396.9,2396.9,2380.4,2380.4,-0.69,196.0,462381.0,-1
2023-07-16,2023-07-16 14:00:00,2380.4,2380.4,2363.9,2363.9,-0.69,196.0,462381.0,-1
2023-07-16,2023-07-16 15:00:00,2363.9,2429.9,2350.0,2363.9,0.0,196.0,462381.0,0
2023-07-17,2023-07-17 11:00:00,2350.0,2377.5,2350.0,2360.03,0.43,306.6,733409.4,1
2023-07-17,2023-07-17 12:00:00,2360.03,2370.05,2360.03,2370.05,0.42,306.6,733409.4,1
2023-07-17,2023-07-17 13:00:00,2370.05,2380.07,2370.05,2380.07,0.42,306.6,733409.4,1
2023-07-17,2023-07-17 14:00:00,2380.07,2390.1,2380.07,2390.1,0.42,306.6,733409.4,1
2023-07-17,2023-07-17 15:00:00,2390.1,2405.0,2350.0,2390.1,0.0,306.6,733409.4,0
2023-07-18,2023-07-18 11:00:00,2390.0,2412.5,2386.35,2398.75,0.37,520.8,1254434.46,1
2023-07-18,2023-07-18 12:00:00,2398.75,2407.5,2398.75,2407.5,0.36,520.8,1254434.46,1
2023-07-18,2023-07-18 13:00:00,2407.5,2416.25,2407.5,2416.25,0.36,520.8,1254434.46,1
2023-07-18,2023-07-18 14:00:00,2416.25,2425.0,2416.25,2425.0,0.36,520.8,1254434.46,1
2023-07-18,2023-07-18 15:00:00,2425.0,2435.0,2382.7,2425.0,0.0,520.8,1254434.46,0
2023-07-19,2023-07-19 11:00:00,2400.0,2412.5,2400.0,2402.5,0.1,235.8,568443.8,1
2023-07-19,2023-07-19 12:00:00,2402.5,2405.0,2402.5,2405.0,0.1,235.8,568443.8,1
2023-07-19,2023-07-19 13:00:00,2405.0,2407.5,2405.0,2407.5,0.1,235.8,568443.8,1
2023-07-19,2023-07-19 14:00:00,2407.5,2410.0,2407.5,2410.0,0.1,235.8,568443.8,1
2023-07-19,2023-07-19 15:00:00,2410.0,2425.0,2400.0,2410.0,0.0,235.8,568443.8,0
2023-07-20,2023-07-20 11:00:00,2410.0,2417.45,2367.5,2396.25,-0.57,605.2,1431413.32,-1
2023-07-20,2023-07-20 12:00:00,2396.25,2396.25,2382.5,2382.5,-0.57,605.2,1431413.32,-1
2023-07-20,2023-07-20 13:00:00,2382.5,2382.5,2368.75,2368.75,-0.58,605.2,1431413.32,-1
2023-07-20,2023-07-20 14:00:00,2368.75,2368.75,2355.0,2355.0,-0.58,605.2,1431413.32,-1
2023-07-20,2023-07-20 15:00:00,2355.0,2424.9,2325.0,2355.0,0.0,605.2,1431413.32,0
2023-07-23,2023-07-23 11:00:00,2316.5,2380.75,2316.5,2339.88,1.01,397.6,955237.16,1
2023-07-23,2023-07-23 12:00:00,2339.88,2363.25,2339.88,2363.25,1.0,397.6,955237.16,1
2023-07-23,2023-07-23 13:00:00,2363.25,2386.62,2363.25,2386.62,0.99,397.6,955237.16,1
2023-07-23,2023-07-23 14:00:00,2386.62,2410.0,2386.62,2410.0,0.98,397.6,955237.16,1
2023-07-23,2023-07-23 15:00:00,2410.0,2445.0,2316.5,2410.0,0.0,397.6,955237.16,0
2023-07-24,2023-07-24 11:00:00,2425.0,2425.0,2395.5,2415.0,-0.41,218.0,523452.0,-1
2023-07-24,2023-07-24 12:00:00,2415.0,2415.0,2405.0,2405.0,-0.41,218.0,523452.0,-1
2023-07-24,2023-07-24 13:00:00,2405.0,2405.0,2395.0,2395.0,-0.42,218.0,523452.0,-1
2023-07-24,2023-07-24 14:00:00,2395.0,2395.0,2385.0,2385.0,-0.42,218.0,523452.0,-1
2023-07-24,2023-07-24 15:00:00,2385.0,2425.0,2366.0,2385.0,0.0,218.0,523452.0,0
2023-07-25,2023-07-25 11:00:00,2424.0,2424.0,2359.5,2395.53,-1.17,652.6,1523542.4,-1
2023-07-25,2023-07-25 12:00:00,2395.53,2395.53,2367.05,2367.05,-1.19,652.6,1523542.4,-1
2023-07-25,2023-07-25 13:00:00,2367.05,2367.05,2338.57,2338.57,-1.2,652.6,1523542.4,-1
2023-07-25,2023-07-25 14:00:00,2338.57,2338.57,2310.1,2310.1,-1.22,652.6,1523542.4,-1
2023-07-25,2023-07-25 15:00:00,2310.1,2424.0,2295.0,2310.1,0.0,652.6,1523542.4,0
2023-07-26,2023-07-26 11:00:00,2311.0,2338.0,2287.5,2314.38,0.15,447.0,1031700.0,1
2023-07-26,2023-07-26 12:00:00,2314.38,2317.75,2314.38,2317.75,0.15,447.0,1031700.0,1
2023-07-26,2023-07-26 13:00:00,2317.75,2321.12,2317.75,2321.12,0.15,447.0,1031700.0,1
2023-07-26,2023-07-26 14:00:00,2321.12,2324.5,2321.12,2324.5,0.15,447.0,1031700.0,1
2023-07-26,2023-07-26 15:00:00,2324.5,2365.0,2264.0,2324.5,0.0,447.0,1031700.0,0
2023-07-27,2023-07-27 11:00:00,2364.0,2364.0,2333.0,2349.5,-0.61,151.8,351547.0,-1
2023-07-27,2023-07-27 12:00:00,2349.5,2349.5,2335.0,2335.0,-0.62,151.8,351547.0,-1
2023-07-27,2023-07-27 13:00:00,2335.0,2335.0,2320.5,2320.5,-0.62,151.8,351547.0,-1
2023-07-27,2023-07-27 14:00:00,2320.5,2320.5,2306.0,2306.0,-0.62,151.8,351547.0,-1
2023-07-27,2023-07-27 15:00:00,2306.0,2364.0,2302.0,2306.0,0.0,151.8,351547.0,0
2023-07-30,2023-07-30 11:00:00,2281.0,2285.5,2253.0,2274.5,-0.28,334.4,755367.06,-1
2023-07-30,2023-07-30 12:00:00,2274.5,2274.5,2268.0,2268.0,-0.29,334.4,755367.06,-1
2023-07-30,2023-07-30 13:00:00,2268.0,2268.0,2261.5,2261.5,-0.29,334.4,755367.06,-1
2023-07-30,2023-07-30 14:00:00,2261.5,2261.5,2255.0,2255.0,-0.29,334.4,755367.06,-1
2023-07-30,2023-07-30 15:00:00,2255.0,2290.0,2225.0,2255.0,0.0,334.4,755367.06,0
2023-07-31,2023-07-31 11:00:00,2215.0,2250.0,2215.0,2231.25,0.73,193.2,435195.8,1
2023-07-31,2023-07-31 12:00:00,2231.25,2247.5,2231.25,2247.5,0.73,193.2,435195.8,1
2023-07-31,2023-07-31 13:00:00,2247.5,2263.75,2247.5,2263.75,0.72,193.2,435195.8,1
2023-07-31,2023-07-31 14:00:00,2263.75,2280.0,2263.75,2280.0,0.72,193.2,435195.8,1
2023-07-31,2023-07-31 15:00:00,2280.0,2285.0,2215.0,2280.0,0.0,193.2,435195.8,0
2023-08-01,2023-08-01 11:00:00,2295.0,2295.0,2252.5,2278.75,-0.71,221.8,494726.42,-1
2023-08-01,2023-08-01 12:00:00,2278.75,2278.75,2262.5,2262.5,-0.71,221.8,494726.42,-1
2023-08-01,2023-08-01 13:00:00,2262.5,2262.5,2246.25,2246.25,-0.72,221.8,494726.42,-1
2023-08-01,2023-08-01 14:00:00,2246.25,2246.25,2230.0,2230.0,-0.72,221.8,494726.42,-1
2023-08-01,2023-08-01 15:00:00,2230.0,2295.0,2210.0,2230.0,0.0,221.8,494726.42,0
2023-08-02,2023-08-02 11:00:00,2192.3,2231.15,2192.3,2201.23,0.41,104.0,230326.0,1
2023-08-02,2023-08-02 12:00:00,2201.23,2210.15,2201.23,2210.15,0.41,104.0,230326.0,1
2023-08-02,2023-08-02 13:00:00,2210.15,2219.07,2210.15,2219.07,0.4,104.0,230326.0,1
2023-08-02,2023-08-02 14:00:00,2219.07,2228.0,2219.07,2228.0,0.4,104.0,230326.0,1
2023-08-02,2023-08-02 15:00:00,2228.0,2270.0,2192.3,2228.0,0.0,104.0,230326.0,0
2023-08-03,2023-08-03 11:00:00,2258.0,2258.0,2234.0,2247.5,-0.47,111.4,248824.8,-1
2023-08-03,2023-08-03 12:00:00,2247.5,2247.5,2237.0,2237.0,-0.47,111.4,248824.8,-1
2023-08-03,2023-08-03 13:00:00,2237.0,2237.0,2226.5,2226.5,-0.47,111.4,248824.8,-1
2023-08-03,2023-08-03 14:00:00,2226.5,2226.5,2216.0,2216.0,-0.47,111.4,248824.8,-1
2023-08-03,2023-08-03 15:00:00,2216.0,2258.0,2210.0,2216.0,0.0,111.4,248824.8,0
2023-08-06,2023-08-06 11:00:00,2190.0,2200.5,2168.55,2185.0,-0.23,313.8,683341.8,-1
2023-08-06,2023-08-06 12:00:00,2185.0,2185.0,2180.0,2180.0,-0.23,313.8,683341.8,-1
2023-08-06,2023-08-06 13:00:00,2180.0,2180.0,2175.0,2175.0,-0.23,313.8,683341.8,-1
2023-08-06,2023-08-06 14:00:00,2175.0,2175.0,2170.0,2170.0,-0.23,313.8,683341.8,-1
2023-08-06,2023-08-06 15:00:00,2170.0,2211.0,2147.1,2170.0,0.0,313.8,683341.8,0
2023-08-07,2023-08-07 11:00:00,2132.0,2166.0,2132.0,2144.0,0.56,610.4,1319364.54,1
2023-08-07,2023-08-07 12:00:00,2144.0,2156.0,2144.0,2156.0,0.56,610.4,1319364.54,1
2023-08-07,2023-08-07 13:00:00,2156.0,2168.0,2156.0,2168.0,0.56,610.4,1319364.54,1
2023-08-07,2023-08-07 14:00:00,2168.0,2180.0,2168.0,2180.0,0.55,610.4,1319364.54,1
2023-08-07,2023-08-07 15:00:00,2180.0,2200.0,2132.0,2180.0,0.0,610.4,1319364.54,0
2023-08-08,2023-08-08 11:00:00,2140.0,2145.0,2114.5,2139.25,-0.04,439.6,932113.8,-1
2023-08-08,2023-08-08 12:00:00,2139.25,2139.25,2138.5,2138.5,-0.04,439.6,932113.8,-1
2023-08-08,2023-08-08 13:00:00,2138.5,2138.5,2137.75,2137.75,-0.04,439.6,932113.8,-1
2023-08-08,2023-08-08 14:00:00,2137.75,2137.75,2137.0,2137.0,-0.04,439.6,932113.8,-1
2023-08-08,2023-08-08 15:00:00,2137.0,2150.0,2089.0,2137.0,0.0,439.6,932113.8,0
2023-08-09,2023-08-09 11:00:00,2096.0,2115.5,2079.5,2105.75,0.47,251.2,526569.8,1
2023-08-09,2023-08-09 12:00:00,2105.75,2115.5,2105.75,2115.5,0.46,251.2,526569.8,1
2023-08-09,2023-08-09 13:00:00,2115.5,2125.25,2115.5,2125.25,0.46,251.2,526569.8,1
2023-08-09,2023-08-09 14:00:00,2125.25,2135.0,2125.25,2135.0,0.46,251.2,526569.8,1
2023-08-09,2023-08-09 15:00:00,2135.0,2135.0,2063.0,2135.0,0.0,251.2,526569.8,0
2023-08-10,2023-08-10 11:00:00,2095.0,2107.5,2080.0,2096.3,0.06,287.2,604643.2,1
2023-08-10,2023-08-10 12:00:00,2096.3,2097.6,2096.3,2097.6,0.06,287.2,604643.2,1
2023-08-10,2023-08-10 13:00:00,2097.6,2098.9,2097.6,2098.9,0.06,287.2,604643.2,1
2023-08-10,2023-08-10 14:00:00,2098.9,2100.2,2098.9,2100.2,0.06,287.2,604643.2,1
2023-08-10,2023-08-10 15:00:00,2100.2,2120.0,2065.0,2100.2,0.0,287.2,604643.2,0
2023-08-13,2023-08-13 11:00:00,2090.0,2095.0,2075.2,2085.78,-0.2,114.0,236788.0,-1
2023-08-13,2023-08-13 12:00:00,2085.78,2085.78,2081.55,2081.55,-0.2,114.0,236788.0,-1
2023-08-13,2023-08-13 13:00:00,2081.55,2081.55,2077.32,2077.32,-0.2,114.0,236788.0,-1
2023-08-13,2023-08-13 14:00:00,2077.32,2077.32,2073.1,2073.1,-0.2,114.0,236788.0,-1
2023-08-13,2023-08-13 15:00:00,2073.1,2100.0,2060.4,2073.1,0.0,114.0,236788.0,0
2023-08-14,2023-08-14 11:00:00,2073.1,2086.45,2064.05,2068.6,-0.22,253.4,523607.36,-1
2023-08-14,2023-08-14 12:00:00,2068.6,2068.6,2064.1,2064.1,-0.22,253.4,523607.36,-1
2023-08-14,2023-08-14 13:00:00,2064.1,2064.1,2059.6,2059.6,-0.22,253.4,523607.36,-1
2023-08-14,2023-08-14 14:00:00,2059.6,2059.6,2055.1,2055.1,-0.22,253.4,523607.36,-1
2023-08-14,2023-08-14 15:00:00,2055.1,2099.8,2055.0,2055.1,0.0,253.4,523607.36,0
2023-08-15,2023-08-15 11:00:00,2040.1,2047.6,2035.55,2043.82,0.18,255.8,523691.6,1
2023-08-15,2023-08-15 12:00:00,2043.82,2047.55,2043.82,2047.55,0.18,255.8,523691.6,1
2023-08-15,2023-08-15 13:00:00,2047.55,2051.28,2047.55,2051.28,0.18,255.8,523691.6,1
2023-08-15,2023-08-15 14:00:00,2051.28,2055.0,2051.28,2055.0,0.18,255.8,523691.6,1
2023-08-15,2023-08-15 15:00:00,2055.0,2055.1,2031.0,2055.0,0.0,255.8,523691.6,0
2023-08-16,2023-08-16 11:00:00,2096.0,2096.0,2068.0,2087.0,-0.43,90.0,185665.2,-1
2023-08-16,2023-08-16 12:00:00,2087.0,2087.0,2078.0,2078.0,-0.43,90.0,185665.2,-1
2023-08-16,2023-08-16 13:00:00,2078.0,2078.0,2069.0,2069.0,-0.43,90.0,185665.2,-1
2023-08-16,2023-08-16 14:00:00,2069.0,2069.0,2060.0,2060.0,-0.43,90.0,185665.2,-1
2023-08-16,2023-08-16 15:00:00,2060.0,2096.0,2040.0,2060.0,0.0,90.0,185665.2,0
2023-08-17,2023-08-17 11:00:00,2031.0,2060.5,2031.0,2045.75,0.73,163.0,336877.6,1
2023-08-17,2023-08-17 12:00:00,2045.75,2060.5,2045.75,2060.5,0.72,163.0,336877.6,1
2023-08-17,2023-08-17 13:00:00,2060.5,2075.25,2060.5,2075.25,0.72,163.0,336877.6,1
2023-08-17,2023-08-17 14:00:00,2075.25,2090.0,2075.25,2090.0,0.71,163.0,336877.6,1
2023-08-17,2023-08-17 15:00:00,2090.0,2090.0,2031.0,2090.0,0.0,163.0,336877.6,0
2023-08-20,2023-08-20 11:00:00,2099.0,2099.5,2074.5,2088.0,-0.52,154.6,320901.4,-1
2023-08-20,2023-08-20 12:00:00,2088.0,2088.0,2077.0,2077.0,-0.53,154.6,320901.4,-1
2023-08-20,2023-08-20 13:00:00,2077.0,2077.0,2066.0,2066.0,-0.53,154.6,320901.4,-1
2023-08-20,2023-08-20 14:00:00,2066.0,2066.0,2055.0,2055.0,-0.53,154.6,320901.4,-1
2023-08-20,2023-08-20 15:00:00,2055.0,2100.0,2050.0,2055.0,0.0,154.6,320901.4,0
2023-08-21,2023-08-21 11:00:00,2045.0,2067.5,2042.5,2055.0,0.49,191.2,395435.86,1
2023-08-21,2023-08-21 12:00:00,2055.0,2065.0,2055.0,2065.0,0.49,191.2,395435.86,1
2023-08-21,2023-08-21 13:00:00,2065.0,2075.0,2065.0,2075.0,0.48,191.2,395435.86,1
2023-08-21,2023-08-21 14:00:00,2075.0,2085.0,2075.0,2085.0,0.48,191.2,395435.86,1
2023-08-21,2023-08-21 15:00:00,2085.0,2090.0,2040.0,2085.0,0.0,191.2,395435.86,0
2023-08-22,2023-08-22 11:00:00,2051.0,2088.75,2050.5,2059.25,0.4,80.4,166729.16,1
2023-08-22,2023-08-22 12:00:00,2059.25,2067.5,2059.25,2067.5,0.4,80.4,166729.16,1
2023-08-22,2023-08-22 13:00:00,2067.5,2075.75,2067.5,2075.75,0.4,80.4,166729.16,1
2023-08-22,2023-08-22 14:00:00,2075.75,2084.0,2075.75,2084.0,0.4,80.4,166729.16,1
2023-08-22,2023-08-22 15:00:00,2084.0,2126.5,2050.0,2084.0,0.0,80.4,166729.16,0
2023-08-23,2023-08-23 11:00:00,2050.1,2085.55,2050.1,2067.45,0.85,126.2,264890.94,1
2023-08-23,2023-08-23 12:00:00,2067.45,2084.8,2067.45,2084.8,0.84,126.2,264890.94,1
2023-08-23,2023-08-23 13:00:00,2084.8,2102.15,2084.8,2102.15,0.83,126.2,264890.94,1
2023-08-23,2023-08-23 14:00:00,2102.15,2119.5,2102.15,2119.5,0.83,126.2,264890.94,1
2023-08-23,2023-08-23 15:00:00,2119.5,2121.0,2050.1,2119.5,0.0,126.2,264890.94,0
2023-08-24,2023-08-24 11:00:00,2100.0,2100.0,2082.5,2091.25,-0.42,71.0,147669.8,-1
2023-08-24,2023-08-24 12:00:00,2091.25,2091.25,2082.5,2082.5,-0.42,71.0,147669.8,-1
2023-08-24,2023-08-24 13:00:00,2082.5,2082.5,2073.75,2073.75,-0.42,71.0,147669.8,-1
2023-08-24,2023-08-24 14:00:00,2073.75,2073.75,2065.0,2065.0,-0.42,71.0,147669.8,-1
2023-08-24,2023-08-24 15:00:00,2065.0,2100.0,2065.0,2065.0,0.0,71.0,147669.8,0
2023-08-27,2023-08-27 11:00:00,2062.0,2070.5,2051.3,2056.65,-0.26,72.0,147913.4,-1
2023-08-27,2023-08-27 12:00:00,2056.65,2056.65,2051.3,2051.3,-0.26,72.0,147913.4,-1
2023-08-27,2023-08-27 13:00:00,2051.3,2051.3,2045.95,2045.95,-0.26,72.0,147913.4,-1
2023-08-27,2023-08-27 14:00:00,2045.95,2045.95,2040.6,2040.6,-0.26,72.0,147913.4,-1
2023-08-27,2023-08-27 15:00:00,2040.6,2079.0,2040.6,2040.6,0.0,72.0,147913.4,0
2023-08-28,2023-08-28 11:00:00,2081.3,2162.95,2053.15,2079.73,-0.08,122.0,254702.0,-1
2023-08-28,2023-08-28 12:00:00,2079.73,2079.73,2078.15,2078.15,-0.08,122.0,254702.0,-1
2023-08-28,2023-08-28 13:00:00,2078.15,2078.15,2076.57,2076.57,-0.08,122.0,254702.0,-1
2023-08-28,2023-08-28 14:00:00,2076.57,2076.57,2075.0,2075.0,-0.08,122.0,254702.0,-1
2023-08-28,2023-08-28 15:00:00,2075.0,2244.6,2025.0,2075.0,0.0,122.0,254702.0,0
2023-08-29,2023-08-29 11:00:00,2050.6,2050.6,2045.45,2050.45,-0.01,86.6,177062.5,-1
2023-08-29,2023-08-29 12:00:00,2050.45,2050.45,2050.3,2050.3,-0.01,86.6,177062.5,-1
2023-08-29,2023-08-29 13:00:00,2050.3,2050.3,2050.15,2050.15,-0.01,86.6,177062.5,-1
2023-08-29,2023-08-29 14:00:00,2050.15,2050.15,2050.0,2050.0,-0.01,86.6,177062.5,-1
2023-08-29,2023-08-29 15:00:00,2050.0,2050.6,2040.3,2050.0,0.0,86.6,177062.5,0
2023-08-30,2023-08-30 11:00:00,2035.0,2053.0,2033.5,2037.5,0.12,46.0,94126.4,1
2023-08-30,2023-08-30 12:00:00,2037.5,2040.0,2037.5,2040.0,0.12,46.0,94126.4,1
2023-08-30,2023-08-30 13:00:00,2040.0,2042.5,2040.0,2042.5,0.12,46.0,94126.4,1
2023-08-30,2023-08-30 14:00:00,2042.5,2045.0,2042.5,2045.0,0.12,46.0,94126.4,1
2023-08-30,2023-08-30 15:00:00,2045.0,2071.0,2032.0,2045.0,0.0,46.0,94126.4,0
2023-09-03,2023-09-03 11:00:00,2007.0,2027.5,2007.0,2011.75,0.24,88.8,179402.8,1
2023-09-03,2023-09-03 12:00:00,2011.75,2016.5,2011.75,2016.5,0.24,88.8,179402.8,1
2023-09-03,2023-09-03 13:00:00,2016.5,2021.25,2016.5,2021.25,0.24,88.8,179402.8,1
2023-09-03,2023-09-03 14:00:00,2021.25,2026.0,2021.25,2026.0,0.24,88.8,179402.8,1
2023-09-03,2023-09-03 15:00:00,2026.0,2048.0,2007.0,2026.0,0.0,88.8,179402.8,0
2023-09-04,2023-09-04 11:00:00,1987.0,2084.5,1987.0,2035.75,2.45,143.0,291820.0,1
2023-09-04,2023-09-04 12:00:00,2035.75,2084.5,2035.75,2084.5,2.39,143.0,291820.0,1
2023-09-04,2023-09-04 13:00:00,2084.5,2133.25,2084.5,2133.25,2.34,143.0,291820.0,1
2023-09-04,2023-09-04 14:00:00,2133.25,2182.0,2133.25,2182.0,2.29,143.0,291820.0,1
2023-09-04,2023-09-04 15:00:00,2182.0,2182.0,1987.0,2182.0,0.0,143.0,291820.0,0
2023-09-05,2023-09-05 11:00:00,2138.4,2138.7,2080.35,2110.07,-1.32,168.6,347395.2,-1
2023-09-05,2023-09-05 12:00:00,2110.07,2110.07,2081.75,2081.75,-1.34,168.6,347395.2,-1
2023-09-05,2023-09-05 13:00:00,2081.75,2081.75,2053.43,2053.43,-1.36,168.6,347395.2,-1
2023-09-05,2023-09-05 14:00:00,2053.43,2053.43,2025.1,2025.1,-1.38,168.6,347395.2,-1
2023-09-05,2023-09-05 15:00:00,2025.1,2139.0,2022.3,2025.1,0.0,168.6,347395.2,0
2023-09-07,2023-09-07 11:00:00,2030.0,2030.0,2014.0,2022.0,-0.39,98.0,196313.4,-1
2023-09-07,2023-09-07 12:00:00,2022.0,2022.0,2014.0,2014.0,-0.4,98.0,196313.4,-1
2023-09-07,2023-09-07 13:00:00,2014.0,2014.0,2006.0,2006.0,-0.4,98.0,196313.4,-1
2023-09-07,2023-09-07 14:00:00,2006.0,2006.0,1998.0,1998.0,-0.4,98.0,196313.4,-1
2023-09-07,2023-09-07 15:00:00,1998.0,2030.0,1998.0,1998.0,0.0,98.0,196313.4,0
2023-09-10,2023-09-10 11:00:00,1999.0,2018.0,1989.5,1994.25,-0.24,193.0,385189.5,-1
2023-09-10,2023-09-10 12:00:00,1994.25,1994.25,1989.5,1989.5,-0.24,193.0,385189.5,-1
2023-09-10,2023-09-10 13:00:00,1989.5,1989.5,1984.75,1984.75,-0.24,193.0,385189.5,-1
2023-09-10,2023-09-10 14:00:00,1984.75,1984.75,1980.0,1980.0,-0.24,193.0,385189.5,-1
2023-09-10,2023-09-10 15:00:00,1980.0,2037.0,1980.0,1980.0,0.0,193.0,385189.5,0
2023-09-11,2023-09-11 11:00:00,1945.2,2002.55,1945.2,1973.65,1.46,108.8,219100.5,1
2023-09-11,2023-09-11 12:00:00,1973.65,2002.1,1973.65,2002.1,1.44,108.8,219100.5,1
2023-09-11,2023-09-11 13:00:00,2002.1,2030.55,2002.1,2030.55,1.42,108.8,219100.5,1
2023-09-11,2023-09-11 14:00:00,2030.55,2059.0,2030.55,2059.0,1.4,108.8,219100.5,1
2023-09-11,2023-09-11 15:00:00,2059.0,2059.9,1945.2,2059.0,0.0,108.8,219100.5,0
2023-09-12,2023-09-12 11:00:00,2060.0,2075.0,2030.0,2045.0,-0.73,48.0,96796.8,-1
2023-09-12,2023-09-12 12:00:00,2045.0,2045.0,2030.0,2030.0,-0.73,48.0,96796.8,-1
2023-09-12,2023-09-12 13:00:00,2030.0,2030.0,2015.0,2015.0,-0.74,48.0,96796.8,-1
2023-09-12,2023-09-12 14:00:00,2015.0,2015.0,2000.0,2000.0,-0.74,48.0,96796.8,-1
2023-09-12,2023-09-12 15:00:00,2000.0,2090.0,2000.0,2000.0,0.0,48.0,96796.8,0
2023-09-13,2023-09-13 11:00:00,2000.0,2020.0,1988.9,2010.0,0.5,126.6,255501.0,1
2023-09-13,2023-09-13 12:00:00,2010.0,2020.0,2010.0,2020.0,0.5,126.6,255501.0,1
2023-09-13,2023-09-13 13:00:00,2020.0,2030.0,2020.0,2030.0,0.5,126.6,255501.0,1
2023-09-13,2023-09-13 14:00:00,2030.0,2040.0,2030.0,2040.0,0.49,126.6,255501.0,1
2023-09-13,2023-09-13 15:00:00,2040.0,2040.0,1977.8,2040.0,0.0,126.6,255501.0,0
2023-09-17,2023-09-17 11:00:00,2000.0,2010.5,1997.5,2000.53,0.03,93.0,186140.2,1
2023-09-17,2023-09-17 12:00:00,2000.53,2001.05,2000.53,2001.05,0.03,93.0,186140.2,1
2023-09-17,2023-09-17 13:00:00,2001.05,2001.57,2001.05,2001.57,0.03,93.0,186140.2,1
2023-09-17,2023-09-17 14:00:00,2001.57,2002.1,2001.57,2002.1,0.03,93.0,186140.2,1
2023-09-17,2023-09-17 15:00:00,2002.1,2021.0,1995.0,2002.1,0.0,93.0,186140.2,0
2023-09-18,2023-09-18 11:00:00,2000.0,2020.0,1997.5,1998.75,-0.06,24.2,48510.2,-1
2023-09-18,2023-09-18 12:00:00,1998.75,1998.75,1997.5,1997.5,-0.06,24.2,48510.2,-1
2023-09-18,2023-09-18 13:00:00,1997.5,1997.5,1996.25,1996.25,-0.06,24.2,48510.2,-1
2023-09-18,2023-09-18 14:00:00,1996.25,1996.25,1995.0,1995.0,-0.06,24.2,48510.2,-1
2023-09-18,2023-09-18 15:00:00,1995.0,2040.0,1995.0,1995.0,0.0,24.2,48510.2,0
2023-09-19,2023-09-19 11:00:00,1996.0,2005.5,1991.0,1997.0,0.05,65.0,129628.4,1
2023-09-19,2023-09-19 12:00:00,1997.0,1998.0,1997.0,1998.0,0.05,65.0,129628.4,1
2023-09-19,2023-09-19 13:00:00,1998.0,1999.0,1998.0,1999.0,0.05,65.0,129628.4,1
2023-09-19,2023-09-19 14:00:00,1999.0,2000.0,1999.0,2000.0,0.05,65.0,129628.4,1
2023-09-19,2023-09-19 15:00:00,2000.0,2015.0,1986.0,2000.0,0.0,65.0,129628.4,0
2023-09-21,2023-09-21 11:00:00,2040.0,2045.0,2027.5,2036.4,-0.18,87.8,177944.2,-1
2023-09-21,2023-09-21 12:00:00,2036.4,2036.4,2032.8,2032.8,-0.18,87.8,177944.2,-1
2023-09-21,2023-09-21 13:00:00,2032.8,2032.8,2029.2,2029.2,-0.18,87.8,177944.2,-1
2023-09-21,2023-09-21 14:00:00,2029.2,2029.2,2025.6,2025.6,-0.18,87.8,177944.2,-1
2023-09-21,2023-09-21 15:00:00,2025.6,2050.0,2015.0,2025.6,0.0,87.8,177944.2,0
2023-09-24,2023-09-24 11:00:00,2020.0,2037.8,2012.5,2018.75,-0.06,148.2,300468.7,-1
2023-09-24,2023-09-24 12:00:00,2018.75,2018.75,2017.5,2017.5,-0.06,148.2,300468.7,-1
2023-09-24,2023-09-24 13:00:00,2017.5,2017.5,2016.25,2016.25,-0.06,148.2,300468.7,-1
2023-09-24,2023-09-24 14:00:00,2016.25,2016.25,2015.0,2015.0,-0.06,148.2,300468.7,-1
2023-09-24,2023-09-24 15:00:00,2015.0,2055.6,2005.0,2015.0,0.0,148.2,300468.7,0
2023-09-25,2023-09-25 11:00:00,2002.1,2012.55,2002.1,2006.57,0.22,32.0,64313.4,1
2023-09-25,2023-09-25 12:00:00,2006.57,2011.05,2006.57,2011.05,0.22,32.0,64313.4,1
2023-09-25,2023-09-25 13:00:00,2011.05,2015.53,2011.05,2015.53,0.22,32.0,64313.4,1
2023-09-25,2023-09-25 14:00:00,2015.53,2020.0,2015.53,2020.0,0.22,32.0,64313.4,1
2023-09-25,2023-09-25 15:00:00,2020.0,2023.0,2002.1,2020.0,0.0,32.0,64313.4,0
2023-09-26,2023-09-26 11:00:00,2020.0,2034.0,2017.5,2022.75,0.14,80.2,162783.2,1
2023-09-26,2023-09-26 12:00:00,2022.75,2025.5,2022.75,2025.5,0.14,80.2,162783.2,1
2023-09-26,2023-09-26 13:00:00,2025.5,2028.25,2025.5,2028.25,0.14,80.2,162783.2,1
2023-09-26,2023-09-26 14:00:00,2028.25,2031.0,2028.25,2031.0,0.14,80.2,162783.2,1
2023-09-26,2023-09-26 15:00:00,2031.0,2048.0,2015.0,2031.0,0.0,80.2,162783.2,0
2023-09-27,2023-09-27 11:00:00,2025.0,2025.0,2013.5,2020.0,-0.25,136.0,273354.2,-1
2023-09-27,2023-09-27 12:00:00,2020.0,2020.0,2015.0,2015.0,-0.25,136.0,273354.2,-1
2023-09-27,2023-09-27 13:00:00,2015.0,2015.0,2010.0,2010.0,-0.25,136.0,273354.2,-1
2023-09-27,2023-09-27 14:00:00,2010.0,2010.0,2005.0,2005.0,-0.25,136.0,273354.2,-1
2023-09-27,2023-09-27 15:00:00,2005.0,2025.0,2002.0,2005.0,0.0,136.0,273354.2,0
2023-10-01,2023-10-01 11:00:00,1971.0,1985.5,1971.0,1973.75,0.14,69.0,137344.8,1
2023-10-01,2023-10-01 12:00:00,1973.75,1976.5,1973.75,1976.5,0.14,69.0,137344.8,1
2023-10-01,2023-10-01 13:00:00,1976.5,1979.25,1976.5,1979.25,0.14,69.0,137344.8,1
2023-10-01,2023-10-01 14:00:00,1979.25,1982.0,1979.25,1982.0,0.14,69.0,137344.8,1
2023-10-01,2023-10-01 15:00:00,1982.0,2000.0,1971.0,1982.0,0.0,69.0,137344.8,0
2023-10-02,2023-10-02 11:00:00,1980.0,1990.0,1971.05,1980.05,0.0,94.0,185792.6,1
2023-10-02,2023-10-02 12:00:00,1980.05,1980.1,1980.05,1980.1,0.0,94.0,185792.6,1
2023-10-02,2023-10-02 13:00:00,1980.1,1980.15,1980.1,1980.15,0.0,94.0,185792.6,1
2023-10-02,2023-10-02 14:00:00,1980.15,1980.2,1980.15,1980.2,0.0,94.0,185792.6,1
2023-10-02,2023-10-02 15:00:00,1980.2,2000.0,1962.1,1980.2,0.0,94.0,185792.6,0
2023-10-03,2023-10-03 11:00:00,1966.0,1971.75,1953.55,1965.75,-0.01,157.6,309651.66,-1
2023-10-03,2023-10-03 12:00:00,1965.75,1965.75,1965.5,1965.5,-0.01,157.6,309651.66,-1
2023-10-03,2023-10-03 13:00:00,1965.5,1965.5,1965.25,1965.25,-0.01,157.6,309651.66,-1
2023-10-03,2023-10-03 14:00:00,1965.25,1965.25,1965.0,1965.0,-0.01,157.6,309651.66,-1
2023-10-03,2023-10-03 15:00:00,1965.0,1977.5,1941.1,1965.0,0.0,157.6,309651.66,0
2023-10-04,2023-10-04 11:00:00,1950.0,1965.0,1950.0,1957.5,0.38,87.0,170739.3,1
2023-10-04,2023-10-04 12:00:00,1957.5,1965.0,1957.5,1965.0,0.38,87.0,170739.3,1
2023-10-04,2023-10-04 13:00:00,1965.0,1972.5,1965.0,1972.5,0.38,87.0,170739.3,1
2023-10-04,2023-10-04 14:00:00,1972.5,1980.0,1972.5,1980.0,0.38,87.0,170739.3,1
2023-10-04,2023-10-04 15:00:00,1980.0,1980.0,1950.0,1980.0,0.0,87.0,170739.3,0
2023-10-05,2023-10-05 11:00:00,1963.0,1971.5,1963.0,1963.0,0.0,108.8,214199.8,0
2023-10-05,2023-10-05 12:00:00,1963.0,1963.0,1963.0,1963.0,0.0,108.8,214199.8,0
2023-10-05,2023-10-05 13:00:00,1963.0,1963.0,1963.0,1963.0,0.0,108.8,214199.8,0
2023-10-05,2023-10-05 14:00:00,1963.0,1963.0,1963.0,1963.0,0.0,108.8,214199.8,0
2023-10-05,2023-10-05 15:00:00,1963.0,1980.0,1963.0,1963.0,0.0,108.8,214199.8,0
2023-10-08,2023-10-08 11:00:00,1951.0,1957.0,1951.0,1951.25,0.01,79.0,154338.5,1
2023-10-08,2023-10-08 12:00:00,1951.25,1951.5,1951.25,1951.5,0.01,79.0,154338.5,1
2023-10-08,2023-10-08 13:00:00,1951.5,1951.75,1951.5,1951.75,0.01,79.0,154338.5,1
2023-10-08,2023-10-08 14:00:00,1951.75,1952.0,1951.75,1952.0,0.01,79.0,154338.5,1
2023-10-08,2023-10-08 15:00:00,1952.0,1963.0,1951.0,1952.0,0.0,79.0,154338.5,0
2023-10-09,2023-10-09 11:00:00,1930.0,1940.0,1927.55,1932.5,0.13,62.0,120002.2,1
2023-10-09,2023-10-09 12:00:00,1932.5,1935.0,1932.5,1935.0,0.13,62.0,120002.2,1
2023-10-09,2023-10-09 13:00:00,1935.0,1937.5,1935.0,1937.5,0.13,62.0,120002.2,1
2023-10-09,2023-10-09 14:00:00,1937.5,1940.0,1937.5,1940.0,0.13,62.0,120002.2,1
2023-10-09,2023-10-09 15:00:00,1940.0,1950.0,1925.1,1940.0,0.0,62.0,120002.2,0
2023-10-10,2023-10-10 11:00:00,1915.0,1920.05,1915.0,1916.28,0.07,77.2,148369.52,1
2023-10-10,2023-10-10 12:00:00,1916.28,1917.55,1916.28,1917.55,0.07,77.2,148369.52,1
2023-10-10,2023-10-10 13:00:00,1917.55,1918.82,1917.55,1918.82,0.07,77.2,148369.52,1
2023-10-10,2023-10-10 14:00:00,1918.82,1920.1,1918.82,1920.1,0.07,77.2,148369.52,1
2023-10-10,2023-10-10 15:00:00,1920.1,1925.1,1915.0,1920.1,0.0,77.2,148369.52,0
2023-10-11,2023-10-11 11:00:00,1906.0,1928.0,1905.65,1909.75,0.2,89.0,171714.0,1
2023-10-11,2023-10-11 12:00:00,1909.75,1913.5,1909.75,1913.5,0.2,89.0,171714.0,1
2023-10-11,2023-10-11 13:00:00,1913.5,1917.25,1913.5,1917.25,0.2,89.0,171714.0,1
2023-10-11,2023-10-11 14:00:00,1917.25,1921.0,1917.25,1921.0,0.2,89.0,171714.0,1
2023-10-11,2023-10-11 15:00:00,1921.0,1950.0,1905.3,1921.0,0.0,89.0,171714.0,0
2023-10-12,2023-10-12 11:00:00,1895.0,1912.5,1895.0,1896.0,0.05,78.2,149116.5,1
2023-10-12,2023-10-12 12:00:00,1896.0,1897.0,1896.0,1897.0,0.05,78.2,149116.5,1
2023-10-12,2023-10-12 13:00:00,1897.0,1898.0,1897.0,1898.0,0.05,78.2,149116.5,1
2023-10-12,2023-10-12 14:00:00,1898.0,1899.0,1898.0,1899.0,0.05,78.2,149116.5,1
2023-10-12,2023-10-12 15:00:00,1899.0,1930.0,1895.0,1899.0,0.0,78.2,149116.5,0
2023-10-16,2023-10-16 11:00:00,1867.0,1882.5,1858.5,1862.75,-0.23,78.0,145836.2,-1
2023-10-16,2023-10-16 12:00:00,1862.75,1862.75,1858.5,1858.5,-0.23,78.0,145836.2,-1
2023-10-16,2023-10-16 13:00:00,1858.5,1858.5,1854.25,1854.25,-0.23,78.0,145836.2,-1
2023-10-16,2023-10-16 14:00:00,1854.25,1854.25,1850.0,1850.0,-0.23,78.0,145836.2,-1
2023-10-16,2023-10-16 15:00:00,1850.0,1898.0,1850.0,1850.0,0.0,78.0,145836.2,0
2023-10-17,2023-10-17 11:00:00,1850.0,1868.25,1850.0,1854.0,0.22,40.0,74788.2,1
2023-10-17,2023-10-17 12:00:00,1854.0,1858.0,1854.0,1858.0,0.22,40.0,74788.2,1
2023-10-17,2023-10-17 13:00:00,1858.0,1862.0,1858.0,1862.0,0.22,40.0,74788.2,1
2023-10-17,2023-10-17 14:00:00,1862.0,1866.0,1862.0,1866.0,0.21,40.0,74788.2,1
2023-10-17,2023-10-17 15:00:00,1866.0,1886.5,1850.0,1866.0,0.0,40.0,74788.2,0
2023-10-18,2023-10-18 11:00:00,1860.0,1891.5,1855.55,1867.8,0.42,27.8,52442.74,1
2023-10-18,2023-10-18 12:00:00,1867.8,1875.6,1867.8,1875.6,0.42,27.8,52442.74,1
2023-10-18,2023-10-18 13:00:00,1875.6,1883.4,1875.6,1883.4,0.42,27.8,52442.74,1
2023-10-18,2023-10-18 14:00:00,1883.4,1891.2,1883.4,1891.2,0.41,27.8,52442.74,1
2023-10-18,2023-10-18 15:00:00,1891.2,1923.0,1851.1,1891.2,0.0,27.8,52442.74,0
2023-10-19,2023-10-19 11:00:00,1863.1,1896.55,1863.1,1871.07,0.43,52.6,99439.56,1
2023-10-19,2023-10-19 12:00:00,1871.07,1879.05,1871.07,1879.05,0.43,52.6,99439.56,1
2023-10-19,2023-10-19 13:00:00,1879.05,1887.03,1879.05,1887.03,0.42,52.6,99439.56,1
2023-10-19,2023-10-19 14:00:00,1887.03,1895.0,1887.03,1895.0,0.42,52.6,99439.56,1
2023-10-19,2023-10-19 15:00:00,1895.0,1930.0,1863.1,1895.0,0.0,52.6,99439.56,0
2023-10-29,2023-10-29 11:00:00,1860.1,1874.05,1854.7,1866.32,0.33,369.0,690011.9,1
2023-10-29,2023-10-29 12:00:00,1866.32,1872.55,1866.32,1872.55,0.33,369.0,690011.9,1
2023-10-29,2023-10-29 13:00:00,1872.55,1878.78,1872.55,1878.78,0.33,369.0,690011.9,1
2023-10-29,2023-10-29 14:00:00,1878.78,1885.0,1878.78,1885.0,0.33,369.0,690011.9,1
2023-10-29,2023-10-29 15:00:00,1885.0,1888.0,1849.3,1885.0,0.0,369.0,690011.9,0
2023-10-30,2023-10-30 11:00:00,1850.0,1868.5,1850.0,1853.0,0.16,22.0,41138.4,1
2023-10-30,2023-10-30 12:00:00,1853.0,1856.0,1853.0,1856.0,0.16,22.0,41138.4,1
2023-10-30,2023-10-30 13:00:00,1856.0,1859.0,1856.0,1859.0,0.16,22.0,41138.4,1
2023-10-30,2023-10-30 14:00:00,1859.0,1862.0,1859.0,1862.0,0.16,22.0,41138.4,1
2023-10-30,2023-10-30 15:00:00,1862.0,1887.0,1850.0,1862.0,0.0,22.0,41138.4,0
2023-10-31,2023-10-31 11:00:00,1832.0,1851.0,1832.0,1839.0,0.38,24.0,44486.2,1
2023-10-31,2023-10-31 12:00:00,1839.0,1846.0,1839.0,1846.0,0.38,24.0,44486.2,1
2023-10-31,2023-10-31 13:00:00,1846.0,1853.0,1846.0,1853.0,0.38,24.0,44486.2,1
2023-10-31,2023-10-31 14:00:00,1853.0,1860.0,1853.0,1860.0,0.38,24.0,44486.2,1
2023-10-31,2023-10-31 15:00:00,1860.0,1870.0,1832.0,1860.0,0.0,24.0,44486.2,0
2023-11-01,2023-11-01 11:00:00,1850.0,1857.5,1840.55,1847.62,-0.13,62.0,114183.6,-1
2023-11-01,2023-11-01 12:00:00,1847.62,1847.62,1845.25,1845.25,-0.13,62.0,114183.6,-1
2023-11-01,2023-11-01 13:00:00,1845.25,1845.25,1842.88,1842.88,-0.13,62.0,114183.6,-1
2023-11-01,2023-11-01 14:00:00,1842.88,1842.88,1840.5,1840.5,-0.13,62.0,114183.6,-1
2023-11-01,2023-11-01 15:00:00,1840.5,1865.0,1831.1,1840.5,0.0,62.0,114183.6,0
2023-11-02,2023-11-02 11:00:00,1826.1,1833.05,1823.05,1824.57,-0.08,112.0,204623.32,-1
2023-11-02,2023-11-02 12:00:00,1824.57,1824.57,1823.05,1823.05,-0.08,112.0,204623.32,-1
2023-11-02,2023-11-02 13:00:00,1823.05,1823.05,1821.53,1821.53,-0.08,112.0,204623.32,-1
2023-11-02,2023-11-02 14:00:00,1821.53,1821.53,1820.0,1820.0,-0.08,112.0,204623.32,-1
2023-11-02,2023-11-02 15:00:00,1820.0,1840.0,1820.0,1820.0,0.0,112.0,204623.32,0
2023-11-05,2023-11-05 11:00:00,1811.0,1811.0,1796.0,1803.5,-0.41,80.0,143268.8,-1
2023-11-05,2023-11-05 12:00:00,1803.5,1803.5,1796.0,1796.0,-0.42,80.0,143268.8,-1
2023-11-05,2023-11-05 13:00:00,1796.0,1796.0,1788.5,1788.5,-0.42,80.0,143268.8,-1
2023-11-05,2023-11-05 14:00:00,1788.5,1788.5,1781.0,1781.0,-0.42,80.0,143268.8,-1
2023-11-05,2023-11-05 15:00:00,1781.0,1811.0,1781.0,1781.0,0.0,80.0,143268.8,0
2023-11-06,2023-11-06 11:00:00,1751.0,1783.0,1751.0,1765.5,0.83,82.0,146410.0,1
2023-11-06,2023-11-06 12:00:00,1765.5,1780.0,1765.5,1780.0,0.82,82.0,146410.0,1
2023-11-06,2023-11-06 13:00:00,1780.0,1794.5,1780.0,1794.5,0.81,82.0,146410.0,1
2023-11-06,2023-11-06 14:00:00,1794.5,1809.0,1794.5,1809.0,0.81,82.0,146410.0,1
2023-11-06,2023-11-06 15:00:00,1809.0,1815.0,1751.0,1809.0,0.0,82.0,146410.0,0
2023-11-07,2023-11-07 11:00:00,1780.1,1795.05,1780.1,1781.57,0.08,20.0,35858.4,1
2023-11-07,2023-11-07 12:00:00,1781.57,1783.05,1781.57,1783.05,0.08,20.0,35858.4,1
2023-11-07,2023-11-07 13:00:00,1783.05,1784.53,1783.05,1784.53,0.08,20.0,35858.4,1
2023-11-07,2023-11-07 14:00:00,1784.53,1786.0,1784.53,1786.0,0.08,20.0,35858.4,1
2023-11-07,2023-11-07 15:00:00,1786.0,1810.0,1780.1,1786.0,0.0,20.0,35858.4,0
2023-11-08,2023-11-08 11:00:00,1780.0,1799.0,1780.0,1782.5,0.14,54.0,97314.6,1
2023-11-08,2023-11-08 12:00:00,1782.5,1785.0,1782.5,1785.0,0.14,54.0,97314.6,1
2023-11-08,2023-11-08 13:00:00,1785.0,1787.5,1785.0,1787.5,0.14,54.0,97314.6,1
2023-11-08,2023-11-08 14:00:00,1787.5,1790.0,1787.5,1790.0,0.14,54.0,97314.6,1
2023-11-08,2023-11-08 15:00:00,1790.0,1818.0,1780.0,1790.0,0.0,54.0,97314.6,0
2023-11-09,2023-11-09 11:00:00,1792.0,1799.0,1792.0,1794.0,0.11,27.0,48670.0,1
2023-11-09,2023-11-09 12:00:00,1794.0,1796.0,1794.0,1796.0,0.11,27.0,48670.0,1
2023-11-09,2023-11-09 13:00:00,1796.0,1798.0,1796.0,1798.0,0.11,27.0,48670.0,1
2023-11-09,2023-11-09 14:00:00,1798.0,1800.0,1798.0,1800.0,0.11,27.0,48670.0,1
2023-11-09,2023-11-09 15:00:00,1800.0,1806.0,1792.0,1800.0,0.0,27.0,48670.0,0
2023-11-20,2023-11-20 11:00:00,1768.0,1784.15,1749.0,1763.5,-0.25,288.0,504769.8,-1
2023-11-20,2023-11-20 12:00:00,1763.5,1763.5,1759.0,1759.0,-0.26,288.0,504769.8,-1
2023-11-20,2023-11-20 13:00:00,1759.0,1759.0,1754.5,1754.5,-0.26,288.0,504769.8,-1
2023-11-20,2023-11-20 14:00:00,1754.5,1754.5,1750.0,1750.0,-0.26,288.0,504769.8,-1
2023-11-20,2023-11-20 15:00:00,1750.0,1800.3,1730.0,1750.0,0.0,288.0,504769.8,0
2023-11-21,2023-11-21 11:00:00,1780.0,1780.0,1744.8,1763.75,-0.91,145.0,254854.6,-1
2023-11-21,2023-11-21 12:00:00,1763.75,1763.75,1747.5,1747.5,-0.92,145.0,254854.6,-1
2023-11-21,2023-11-21 13:00:00,1747.5,1747.5,1731.25,1731.25,-0.93,145.0,254854.6,-1
2023-11-21,2023-11-21 14:00:00,1731.25,1731.25,1715.0,1715.0,-0.94,145.0,254854.6,-1
2023-11-21,2023-11-21 15:00:00,1715.0,1780.0,1709.6,1715.0,0.0,145.0,254854.6,0
2023-11-22,2023-11-22 11:00:00,1740.0,1757.0,1720.0,1741.25,0.07,124.2,216479.4,1
2023-11-22,2023-11-22 12:00:00,1741.25,1742.5,1741.25,1742.5,0.07,124.2,216479.4,1
2023-11-22,2023-11-22 13:00:00,1742.5,1743.75,1742.5,1743.75,0.07,124.2,216479.4,1
2023-11-22,2023-11-22 14:00:00,1743.75,1745.0,1743.75,1745.0,0.07,124.2,216479.4,1
2023-11-22,2023-11-22 15:00:00,1745.0,1774.0,1700.0,1745.0,0.0,124.2,216479.4,0
2023-11-23,2023-11-23 11:00:00,1744.0,1747.0,1730.0,1737.0,-0.4,92.8,160578.12,-1
2023-11-23,2023-11-23 12:00:00,1737.0,1737.0,1730.0,1730.0,-0.4,92.8,160578.12,-1
2023-11-23,2023-11-23 13:00:00,1730.0,1730.0,1723.0,1723.0,-0.4,92.8,160578.12,-1
2023-11-23,2023-11-23 14:00:00,1723.0,1723.0,1716.0,1716.0,-0.41,92.8,160578.12,-1
2023-11-23,2023-11-23 15:00:00,1716.0,1750.0,1716.0,1716.0,0.0,92.8,160578.12,0
2023-11-26,2023-11-26 11:00:00,1725.0,1725.0,1700.0,1712.5,-0.72,503.2,852201.1,-1
2023-11-26,2023-11-26 12:00:00,1712.5,1712.5,1700.0,1700.0,-0.73,503.2,852201.1,-1
2023-11-26,2023-11-26 13:00:00,1700.0,1700.0,1687.5,1687.5,-0.74,503.2,852201.1,-1
2023-11-26,2023-11-26 14:00:00,1687.5,1687.5,1675.0,1675.0,-0.74,503.2,852201.1,-1
2023-11-26,2023-11-26 15:00:00,1675.0,1725.0,1675.0,1675.0,0.0,503.2,852201.1,0
2023-11-27,2023-11-27 11:00:00,1666.0,1686.5,1624.5,1657.0,-0.54,514.0,838346.18,-1
2023-11-27,2023-11-27 12:00:00,1657.0,1657.0,1648.0,1648.0,-0.54,514.0,838346.18,-1
2023-11-27,2023-11-27 13:00:00,1648.0,1648.0,1639.0,1639.0,-0.55,514.0,838346.18,-1
2023-11-27,2023-11-27 14:00:00,1639.0,1639.0,1630.0,1630.0,-0.55,514.0,838346.18,-1
2023-11-27,2023-11-27 15:00:00,1630.0,1707.0,1583.0,1630.0,0.0,514.0,838346.18,0
2023-11-28,2023-11-28 11:00:00,1604.0,1647.0,1592.7,1625.5,1.34,217.0,352241.4,1
2023-11-28,2023-11-28 12:00:00,1625.5,1647.0,1625.5,1647.0,1.32,217.0,352241.4,1
2023-11-28,2023-11-28 13:00:00,1647.0,1668.5,1647.0,1668.5,1.31,217.0,352241.4,1
2023-11-28,2023-11-28 14:00:00,1668.5,1690.0,1668.5,1690.0,1.29,217.0,352241.4,1
2023-11-28,2023-11-28 15:00:00,1690.0,1690.0,1581.4,1690.0,0.0,217.0,352241.4,0
2023-11-29,2023-11-29 11:00:00,1709.0,1709.0,1649.5,1690.0,-1.11,128.2,207801.4,-1
2023-11-29,2023-11-29 12:00:00,1690.0,1690.0,1671.0,1671.0,-1.12,128.2,207801.4,-1
2023-11-29,2023-11-29 13:00:00,1671.0,1671.0,1652.0,1652.0,-1.14,128.2,207801.4,-1
2023-11-29,2023-11-29 14:00:00,1652.0,1652.0,1633.0,1633.0,-1.15,128.2,207801.4,-1
2023-11-29,2023-11-29 15:00:00,1633.0,1709.0,1590.0,1633.0,0.0,128.2,207801.4,0
2023-11-30,2023-11-30 11:00:00,1611.0,1622.0,1600.5,1605.75,-0.33,108.2,173863.6,-1
2023-11-30,2023-11-30 12:00:00,1605.75,1605.75,1600.5,1600.5,-0.33,108.2,173863.6,-1
2023-11-30,2023-11-30 13:00:00,1600.5,1600.5,1595.25,1595.25,-0.33,108.2,173863.6,-1
2023-11-30,2023-11-30 14:00:00,1595.25,1595.25,1590.0,1590.0,-0.33,108.2,173863.6,-1
2023-11-30,2023-11-30 15:00:00,1590.0,1633.0,1590.0,1590.0,0.0,108.2,173863.6,0
2023-12-03,2023-12-03 11:00:00,1600.0,1600.0,1575.0,1587.5,-0.78,288.8,453623.54,-1
2023-12-03,2023-12-03 12:00:00,1587.5,1587.5,1575.0,1575.0,-0.79,288.8,453623.54,-1
2023-12-03,2023-12-03 13:00:00,1575.0,1575.0,1562.5,1562.5,-0.79,288.8,453623.54,-1
2023-12-03,2023-12-03 14:00:00,1562.5,1562.5,1550.0,1550.0,-0.8,288.8,453623.54,-1
2023-12-03,2023-12-03 15:00:00,1550.0,1600.0,1550.0,1550.0,0.0,288.8,453623.54,0
2023-12-04,2023-12-04 11:00:00,1550.0,1572.5,1550.0,1550.3,0.02,108.2,169840.42,1
2023-12-04,2023-12-04 12:00:00,1550.3,1550.6,1550.3,1550.6,0.02,108.2,169840.42,1
2023-12-04,2023-12-04 13:00:00,1550.6,1550.9,1550.6,1550.9,0.02,108.2,169840.42,1
2023-12-04,2023-12-04 14:00:00,1550.9,1551.2,1550.9,1551.2,0.02,108.2,169840.42,1
2023-12-04,2023-12-04 15:00:00,1551.2,1595.0,1550.0,1551.2,0.0,108.2,169840.42,0
2023-12-05,2023-12-05 11:00:00,1580.0,1590.0,1567.5,1577.5,-0.16,62.0,97328.0,-1
2023-12-05,2023-12-05 12:00:00,1577.5,1577.5,1575.0,1575.0,-0.16,62.0,97328.0,-1
2023-12-05,2023-12-05 13:00:00,1575.0,1575.0,1572.5,1572.5,-0.16,62.0,97328.0,-1
2023-12-05,2023-12-05 14:00:00,1572.5,1572.5,1570.0,1570.0,-0.16,62.0,97328.0,-1
2023-12-05,2023-12-05 15:00:00,1570.0,1600.0,1555.0,1570.0,0.0,62.0,97328.0,0
2023-12-06,2023-12-06 11:00:00,1570.0,1579.0,1566.1,1574.25,0.27,68.0,106998.6,1
2023-12-06,2023-12-06 12:00:00,1574.25,1578.5,1574.25,1578.5,0.27,68.0,106998.6,1
2023-12-06,2023-12-06 13:00:00,1578.5,1582.75,1578.5,1582.75,0.27,68.0,106998.6,1
2023-12-06,2023-12-06 14:00:00,1582.75,1587.0,1582.75,1587.0,0.27,68.0,106998.6,1
2023-12-06,2023-12-06 15:00:00,1587.0,1588.0,1562.2,1587.0,0.0,68.0,106998.6,0
2023-12-07,2023-12-07 11:00:00,1580.0,1590.0,1570.0,1575.0,-0.32,199.8,314820.28,-1
2023-12-07,2023-12-07 12:00:00,1575.0,1575.0,1570.0,1570.0,-0.32,199.8,314820.28,-1
2023-12-07,2023-12-07 13:00:00,1570.0,1570.0,1565.0,1565.0,-0.32,199.8,314820.28,-1
2023-12-07,2023-12-07 14:00:00,1565.0,1565.0,1560.0,1560.0,-0.32,199.8,314820.28,-1
2023-12-07,2023-12-07 15:00:00,1560.0,1600.0,1560.0,1560.0,0.0,199.8,314820.28,0
2023-12-10,2023-12-10 11:00:00,1591.2,1623.3,1591.2,1607.25,1.01,29.0,47152.8,1
2023-12-10,2023-12-10 12:00:00,1607.25,1623.3,1607.25,1623.3,1.0,29.0,47152.8,1
2023-12-10,2023-12-10 13:00:00,1623.3,1639.35,1623.3,1639.35,0.99,29.0,47152.8,1
2023-12-10,2023-12-10 14:00:00,1639.35,1655.4,1639.35,1655.4,0.98,29.0,47152.8,1
2023-12-10,2023-12-10 15:00:00,1655.4,1655.4,1591.2,1655.4,0.0,29.0,47152.8,0
2023-12-11,2023-12-11 11:00:00,1688.5,1722.55,1640.25,1670.12,-1.09,482.6,793122.7,-1
2023-12-11,2023-12-11 12:00:00,1670.12,1670.12,1651.75,1651.75,-1.1,482.6,793122.7,-1
2023-12-11,2023-12-11 13:00:00,1651.75,1651.75,1633.38,1633.38,-1.11,482.6,793122.7,-1
2023-12-11,2023-12-11 14:00:00,1633.38,1633.38,1615.0,1615.0,-1.13,482.6,793122.7,-1
2023-12-11,2023-12-11 15:00:00,1615.0,1756.6,1592.0,1615.0,0.0,482.6,793122.7,0
2023-12-12,2023-12-12 11:00:00,1615.0,1643.5,1610.05,1626.0,0.68,417.2,680303.46,1
2023-12-12,2023-12-12 12:00:00,1626.0,1637.0,1626.0,1637.0,0.68,417.2,680303.46,1
2023-12-12,2023-12-12 13:00:00,1637.0,1648.0,1637.0,1648.0,0.67,417.2,680303.46,1
2023-12-12,2023-12-12 14:00:00,1648.0,1659.0,1648.0,1659.0,0.67,417.2,680303.46,1
2023-12-12,2023-12-12 15:00:00,1659.0,1672.0,1605.1,1659.0,0.0,417.2,680303.46,0
2023-12-13,2023-12-13 11:00:00,1692.1,1725.8,1677.05,1689.07,-0.18,282.6,484592.0,-1
2023-12-13,2023-12-13 12:00:00,1689.07,1689.07,1686.05,1686.05,-0.18,282.6,484592.0,-1
2023-12-13,2023-12-13 13:00:00,1686.05,1686.05,1683.03,1683.03,-0.18,282.6,484592.0,-1
2023-12-13,2023-12-13 14:00:00,1683.03,1683.03,1680.0,1680.0,-0.18,282.6,484592.0,-1
2023-12-13,2023-12-13 15:00:00,1680.0,1759.5,1662.0,1680.0,0.0,282.6,484592.0,0
2023-12-14,2023-12-14 11:00:00,1655.2,1667.6,1652.6,1656.4,0.07,58.0,96309.2,1
2023-12-14,2023-12-14 12:00:00,1656.4,1657.6,1656.4,1657.6,0.07,58.0,96309.2,1
2023-12-14,2023-12-14 13:00:00,1657.6,1658.8,1657.6,1658.8,0.07,58.0,96309.2,1
2023-12-14,2023-12-14 14:00:00,1658.8,1660.0,1658.8,1660.0,0.07,58.0,96309.2,1
2023-12-14,2023-12-14 15:00:00,1660.0,1680.0,1650.0,1660.0,0.0,58.0,96309.2,0
2023-12-17,2023-12-17 11:00:00,1630.0,1659.0,1630.0,1644.5,0.89,85.4,142201.1,1
2023-12-17,2023-12-17 12:00:00,1644.5,1659.0,1644.5,1659.0,0.88,85.4,142201.1,1
2023-12-17,2023-12-17 13:00:00,1659.0,1673.5,1659.0,1673.5,0.87,85.4,142201.1,1
2023-12-17,2023-12-17 14:00:00,1673.5,1688.0,1673.5,1688.0,0.87,85.4,142201.1,1
2023-12-17,2023-12-17 15:00:00,1688.0,1688.0,1630.0,1688.0,0.0,85.4,142201.1,0
2023-12-18,2023-12-18 11:00:00,1700.0,1778.4,1683.0,1720.0,1.18,625.0,1083234.1,1
2023-12-18,2023-12-18 12:00:00,1720.0,1740.0,1720.0,1740.0,1.16,625.0,1083234.1,1
2023-12-18,2023-12-18 13:00:00,1740.0,1760.0,1740.0,1760.0,1.15,625.0,1083234.1,1
2023-12-18,2023-12-18 14:00:00,1760.0,1780.0,1760.0,1780.0,1.14,625.0,1083234.1,1
2023-12-18,2023-12-18 15:00:00,1780.0,1856.8,1666.0,1780.0,0.0,625.0,1083234.1,0
2023-12-19,2023-12-19 11:00:00,1815.6,1886.8,1806.95,1828.7,0.72,308.0,568565.4,1
2023-12-19,2023-12-19 12:00:00,1828.7,1841.8,1828.7,1841.8,0.72,308.0,568565.4,1
2023-12-19,2023-12-19 13:00:00,1841.8,1854.9,1841.8,1854.9,0.71,308.0,568565.4,1
2023-12-19,2023-12-19 14:00:00,1854.9,1868.0,1854.9,1868.0,0.71,308.0,568565.4,1
2023-12-19,2023-12-19 15:00:00,1868.0,1958.0,1798.3,1868.0,0.0,308.0,568565.4,0
2023-12-20,2023-12-20 11:00:00,1905.3,1915.15,1853.2,1887.97,-0.91,355.2,653776.8,-1
2023-12-20,2023-12-20 12:00:00,1887.97,1887.97,1870.65,1870.65,-0.92,355.2,653776.8,-1
2023-12-20,2023-12-20 13:00:00,1870.65,1870.65,1853.33,1853.33,-0.93,355.2,653776.8,-1
2023-12-20,2023-12-20 14:00:00,1853.33,1853.33,1836.0,1836.0,-0.94,355.2,653776.8,-1
2023-12-20,2023-12-20 15:00:00,1836.0,1925.0,1801.1,1836.0,0.0,355.2,653776.8,0
2023-12-21,2023-12-21 11:00:00,1872.7,1923.85,1838.85,1858.28,-0.77,278.8,510264.08,-1
2023-12-21,2023-12-21 12:00:00,1858.28,1858.28,1843.85,1843.85,-0.78,278.8,510264.08,-1
2023-12-21,2023-12-21 13:00:00,1843.85,1843.85,1829.42,1829.42,-0.78,278.8,510264.08,-1
2023-12-21,2023-12-21 14:00:00,1829.42,1829.42,1815.0,1815.0,-0.79,278.8,510264.08,-1
2023-12-21,2023-12-21 15:00:00,1815.0,1975.0,1805.0,1815.0,0.0,278.8,510264.08,0
2023-12-24,2023-12-24 11:00:00,1851.3,1851.3,1815.65,1837.97,-0.72,612.0,1107516.0,-1
2023-12-24,2023-12-24 12:00:00,1837.97,1837.97,1824.65,1824.65,-0.72,612.0,1107516.0,-1
2023-12-24,2023-12-24 13:00:00,1824.65,1824.65,1811.33,1811.33,-0.73,612.0,1107516.0,-1
2023-12-24,2023-12-24 14:00:00,1811.33,1811.33,1798.0,1798.0,-0.74,612.0,1107516.0,-1
2023-12-24,2023-12-24 15:00:00,1798.0,1851.3,1780.0,1798.0,0.0,612.0,1107516.0,0
2023-12-27,2023-12-27 11:00:00,1830.0,1837.5,1812.5,1822.5,-0.41,314.8,571142.44,-1
2023-12-27,2023-12-27 12:00:00,1822.5,1822.5,1815.0,1815.0,-0.41,314.8,571142.44,-1
2023-12-27,2023-12-27 13:00:00,1815.0,1815.0,1807.5,1807.5,-0.41,314.8,571142.44,-1
2023-12-27,2023-12-27 14:00:00,1807.5,1807.5,1800.0,1800.0,-0.41,314.8,571142.44,-1
2023-12-27,2023-12-27 15:00:00,1800.0,1845.0,1795.0,1800.0,0.0,314.8,571142.44,0
2023-12-28,2023-12-28 11:00:00,1790.0,1815.0,1785.0,1798.75,0.49,299.8,544519.0,1
2023-12-28,2023-12-28 12:00:00,1798.75,1807.5,1798.75,1807.5,0.49,299.8,544519.0,1
2023-12-28,2023-12-28 13:00:00,1807.5,1816.25,1807.5,1816.25,0.48,299.8,544519.0,1
2023-12-28,2023-12-28 14:00:00,1816.25,1825.0,1816.25,1825.0,0.48,299.8,544519.0,1
2023-12-28,2023-12-28 15:00:00,1825.0,1840.0,1780.0,1825.0,0.0,299.8,544519.0,0
2024-01-01,2024-01-01 11:00:00,1692.2,1724.6,1692.2,1698.4,0.37,250.0,433359.2,1
2024-01-01,2024-01-01 12:00:00,1698.4,1704.6,1698.4,1704.6,0.37,250.0,433359.2,1
2024-01-01,2024-01-01 13:00:00,1704.6,1710.8,1704.6,1710.8,0.36,250.0,433359.2,1
2024-01-01,2024-01-01 14:00:00,1710.8,1717.0,1710.8,1717.0,0.36,250.0,433359.2,1
2024-01-01,2024-01-01 15:00:00,1717.0,1757.0,1692.2,1717.0,0.0,250.0,433359.2,0
2024-01-02,2024-01-02 11:00:00,1720.0,1729.45,1718.6,1719.75,-0.01,157.0,270550.2,-1
2024-01-02,2024-01-02 12:00:00,1719.75,1719.75,1719.5,1719.5,-0.01,157.0,270550.2,-1
2024-01-02,2024-01-02 13:00:00,1719.5,1719.5,1719.25,1719.25,-0.01,157.0,270550.2,-1
2024-01-02,2024-01-02 14:00:00,1719.25,1719.25,1719.0,1719.0,-0.01,157.0,270550.2,-1
2024-01-02,2024-01-02 15:00:00,1719.0,1738.9,1717.2,1719.0,0.0,157.0,270550.2,0
2024-01-03,2024-01-03 11:00:00,1700.1,1725.05,1700.05,1712.57,0.73,247.4,430052.3,1
2024-01-03,2024-01-03 12:00:00,1712.57,1725.05,1712.57,1725.05,0.73,247.4,430052.3,1
2024-01-03,2024-01-03 13:00:00,1725.05,1737.53,1725.05,1737.53,0.72,247.4,430052.3,1
2024-01-03,2024-01-03 14:00:00,1737.53,1750.0,1737.53,1750.0,0.72,247.4,430052.3,1
2024-01-03,2024-01-03 15:00:00,1750.0,1750.0,1700.0,1750.0,0.0,247.4,430052.3,0
2024-01-04,2024-01-04 11:00:00,1750.0,1768.0,1750.0,1750.0,0.0,271.0,478006.4,0
2024-01-04,2024-01-04 12:00:00,1750.0,1750.0,1750.0,1750.0,0.0,271.0,478006.4,0
2024-01-04,2024-01-04 13:00:00,1750.0,1750.0,1750.0,1750.0,0.0,271.0,478006.4,0
2024-01-04,2024-01-04 14:00:00,1750.0,1750.0,1750.0,1750.0,0.0,271.0,478006.4,0
2024-01-04,2024-01-04 15:00:00,1750.0,1786.0,1750.0,1750.0,0.0,271.0,478006.4,0
2024-01-07,2024-01-07 11:00:00,1730.0,1757.5,1709.35,1724.5,-0.32,348.0,597945.4,-1
2024-01-07,2024-01-07 12:00:00,1724.5,1724.5,1719.0,1719.0,-0.32,348.0,597945.4,-1
2024-01-07,2024-01-07 13:00:00,1719.0,1719.0,1713.5,1713.5,-0.32,348.0,597945.4,-1
2024-01-07,2024-01-07 14:00:00,1713.5,1713.5,1708.0,1708.0,-0.32,348.0,597945.4,-1
2024-01-07,2024-01-07 15:00:00,1708.0,1785.0,1688.7,1708.0,0.0,348.0,597945.4,0
2024-01-08,2024-01-08 11:00:00,1710.0,1730.0,1701.6,1710.28,0.02,151.2,260676.6,1
2024-01-08,2024-01-08 12:00:00,1710.28,1710.55,1710.28,1710.55,0.02,151.2,260676.6,1
2024-01-08,2024-01-08 13:00:00,1710.55,1710.82,1710.55,1710.82,0.02,151.2,260676.6,1
2024-01-08,2024-01-08 14:00:00,1710.82,1711.1,1710.82,1711.1,0.02,151.2,260676.6,1
2024-01-08,2024-01-08 15:00:00,1711.1,1750.0,1693.2,1711.1,0.0,151.2,260676.6,0
2024-01-09,2024-01-09 11:00:00,1677.0,1718.5,1677.0,1686.75,0.58,207.6,360260.2,1
2024-01-09,2024-01-09 12:00:00,1686.75,1696.5,1686.75,1696.5,0.58,207.6,360260.2,1
2024-01-09,2024-01-09 13:00:00,1696.5,1706.25,1696.5,1706.25,0.57,207.6,360260.2,1
2024-01-09,2024-01-09 14:00:00,1706.25,1716.0,1706.25,1716.0,0.57,207.6,360260.2,1
2024-01-09,2024-01-09 15:00:00,1716.0,1760.0,1677.0,1716.0,0.0,207.6,360260.2,0
2024-01-10,2024-01-10 11:00:00,1700.3,1745.65,1700.3,1711.47,0.66,218.0,382279.0,1
2024-01-10,2024-01-10 12:00:00,1711.47,1722.65,1711.47,1722.65,0.65,218.0,382279.0,1
2024-01-10,2024-01-10 13:00:00,1722.65,1733.83,1722.65,1733.83,0.65,218.0,382279.0,1
2024-01-10,2024-01-10 14:00:00,1733.83,1745.0,1733.83,1745.0,0.64,218.0,382279.0,1
2024-01-10,2024-01-10 15:00:00,1745.0,1791.0,1700.3,1745.0,0.0,218.0,382279.0,0
2024-01-11,2024-01-11 11:00:00,1775.0,1787.5,1752.55,1768.75,-0.35,145.0,256601.4,-1
2024-01-11,2024-01-11 12:00:00,1768.75,1768.75,1762.5,1762.5,-0.35,145.0,256601.4,-1
2024-01-11,2024-01-11 13:00:00,1762.5,1762.5,1756.25,1756.25,-0.35,145.0,256601.4,-1
2024-01-11,2024-01-11 14:00:00,1756.25,1756.25,1750.0,1750.0,-0.36,145.0,256601.4,-1
2024-01-11,2024-01-11 15:00:00,1750.0,1800.0,1730.1,1750.0,0.0,145.0,256601.4,0
2024-01-14,2024-01-14 11:00:00,1765.0,1789.0,1757.0,1777.0,0.68,615.8,1099828.94,1
2024-01-14,2024-01-14 12:00:00,1777.0,1789.0,1777.0,1789.0,0.68,615.8,1099828.94,1
2024-01-14,2024-01-14 13:00:00,1789.0,1801.0,1789.0,1801.0,0.67,615.8,1099828.94,1
2024-01-14,2024-01-14 14:00:00,1801.0,1813.0,1801.0,1813.0,0.67,615.8,1099828.94,1
2024-01-14,2024-01-14 15:00:00,1813.0,1813.0,1749.0,1813.0,0.0,615.8,1099828.94,0
2024-01-16,2024-01-16 11:00:00,1845.0,1884.85,1833.0,1855.5,0.57,471.6,880015.84,1
2024-01-16,2024-01-16 12:00:00,1855.5,1866.0,1855.5,1866.0,0.57,471.6,880015.84,1
2024-01-16,2024-01-16 13:00:00,1866.0,1876.5,1866.0,1876.5,0.56,471.6,880015.84,1
2024-01-16,2024-01-16 14:00:00,1876.5,1887.0,1876.5,1887.0,0.56,471.6,880015.84,1
2024-01-16,2024-01-16 15:00:00,1887.0,1924.7,1821.0,1887.0,0.0,471.6,880015.84,0
2024-01-17,2024-01-17 11:00:00,1890.0,1895.5,1870.0,1880.0,-0.53,328.4,615178.3,-1
2024-01-17,2024-01-17 12:00:00,1880.0,1880.0,1870.0,1870.0,-0.53,328.4,615178.3,-1
2024-01-17,2024-01-17 13:00:00,1870.0,1870.0,1860.0,1860.0,-0.53,328.4,615178.3,-1
2024-01-17,2024-01-17 14:00:00,1860.0,1860.0,1850.0,1850.0,-0.54,328.4,615178.3,-1
2024-01-17,2024-01-17 15:00:00,1850.0,1901.0,1850.0,1850.0,0.0,328.4,615178.3,0
2024-01-18,2024-01-18 11:00:00,1815.0,1845.0,1807.5,1820.0,0.28,110.0,201439.8,1
2024-01-18,2024-01-18 12:00:00,1820.0,1825.0,1820.0,1825.0,0.27,110.0,201439.8,1
2024-01-18,2024-01-18 13:00:00,1825.0,1830.0,1825.0,1830.0,0.27,110.0,201439.8,1
2024-01-18,2024-01-18 14:00:00,1830.0,1835.0,1830.0,1835.0,0.27,110.0,201439.8,1
2024-01-18,2024-01-18 15:00:00,1835.0,1875.0,1800.0,1835.0,0.0,110.0,201439.8,0
2024-01-21,2024-01-21 11:00:00,1836.0,1857.4,1835.5,1836.5,0.03,420.0,778089.2,1
2024-01-21,2024-01-21 12:00:00,1836.5,1837.0,1836.5,1837.0,0.03,420.0,778089.2,1
2024-01-21,2024-01-21 13:00:00,1837.0,1837.5,1837.0,1837.5,0.03,420.0,778089.2,1
2024-01-21,2024-01-21 14:00:00,1837.5,1838.0,1837.5,1838.0,0.03,420.0,778089.2,1
2024-01-21,2024-01-21 15:00:00,1838.0,1878.8,1835.0,1838.0,0.0,420.0,778089.2,0
2024-01-22,2024-01-22 11:00:00,1874.0,1874.0,1840.5,1857.5,-0.88,379.8,694592.4,-1
2024-01-22,2024-01-22 12:00:00,1857.5,1857.5,1841.0,1841.0,-0.89,379.8,694592.4,-1
2024-01-22,2024-01-22 13:00:00,1841.0,1841.0,1824.5,1824.5,-0.9,379.8,694592.4,-1
2024-01-22,2024-01-22 14:00:00,1824.5,1824.5,1808.0,1808.0,-0.9,379.8,694592.4,-1
2024-01-22,2024-01-22 15:00:00,1808.0,1874.0,1807.0,1808.0,0.0,379.8,694592.4,0
2024-01-23,2024-01-23 11:00:00,1771.9,1841.15,1771.9,1785.23,0.75,398.8,740081.3,1
2024-01-23,2024-01-23 12:00:00,1785.23,1798.55,1785.23,1798.55,0.75,398.8,740081.3,1
2024-01-23,2024-01-23 13:00:00,1798.55,1811.88,1798.55,1811.88,0.74,398.8,740081.3,1
2024-01-23,2024-01-23 14:00:00,1811.88,1825.2,1811.88,1825.2,0.74,398.8,740081.3,1
2024-01-23,2024-01-23 15:00:00,1825.2,1910.4,1771.9,1825.2,0.0,398.8,740081.3,0
2024-01-24,2024-01-24 11:00:00,1825.0,1861.95,1818.0,1826.5,0.08,307.8,568757.7,1
2024-01-24,2024-01-24 12:00:00,1826.5,1828.0,1826.5,1828.0,0.08,307.8,568757.7,1
2024-01-24,2024-01-24 13:00:00,1828.0,1829.5,1828.0,1829.5,0.08,307.8,568757.7,1
2024-01-24,2024-01-24 14:00:00,1829.5,1831.0,1829.5,1831.0,0.08,307.8,568757.7,1
2024-01-24,2024-01-24 15:00:00,1831.0,1898.9,1811.0,1831.0,0.0,307.8,568757.7,0
2024-01-25,2024-01-25 11:00:00,1830.0,1848.3,1812.5,1830.5,0.03,263.0,478198.8,1
2024-01-25,2024-01-25 12:00:00,1830.5,1831.0,1830.5,1831.0,0.03,263.0,478198.8,1
2024-01-25,2024-01-25 13:00:00,1831.0,1831.5,1831.0,1831.5,0.03,263.0,478198.8,1
2024-01-25,2024-01-25 14:00:00,1831.5,1832.0,1831.5,1832.0,0.03,263.0,478198.8,1
2024-01-25,2024-01-25 15:00:00,1832.0,1866.6,1795.0,1832.0,0.0,263.0,478198.8,0
2024-01-28,2024-01-28 11:00:00,1865.0,1865.5,1834.0,1865.25,0.01,62.0,113110.0,1
2024-01-28,2024-01-28 12:00:00,1865.25,1865.5,1865.25,1865.5,0.01,62.0,113110.0,1
2024-01-28,2024-01-28 13:00:00,1865.5,1865.75,1865.5,1865.75,0.01,62.0,113110.0,1
2024-01-28,2024-01-28 14:00:00,1865.75,1866.0,1865.75,1866.0,0.01,62.0,113110.0,1
2024-01-28,2024-01-28 15:00:00,1866.0,1866.0,1803.0,1866.0,0.0,62.0,113110.0,0
2024-01-29,2024-01-29 11:00:00,1865.0,1865.0,1847.5,1861.5,-0.19,257.0,475863.2,-1
2024-01-29,2024-01-29 12:00:00,1861.5,1861.5,1858.0,1858.0,-0.19,257.0,475863.2,-1
2024-01-29,2024-01-29 13:00:00,1858.0,1858.0,1854.5,1854.5,-0.19,257.0,475863.2,-1
2024-01-29,2024-01-29 14:00:00,1854.5,1854.5,1851.0,1851.0,-0.19,257.0,475863.2,-1
2024-01-29,2024-01-29 15:00:00,1851.0,1865.0,1830.0,1851.0,0.0,257.0,475863.2,0
2024-01-30,2024-01-30 11:00:00,1855.0,1862.5,1846.5,1858.75,0.2,68.4,126832.8,1
2024-01-30,2024-01-30 12:00:00,1858.75,1862.5,1858.75,1862.5,0.2,68.4,126832.8,1
2024-01-30,2024-01-30 13:00:00,1862.5,1866.25,1862.5,1866.25,0.2,68.4,126832.8,1
2024-01-30,2024-01-30 14:00:00,1866.25,1870.0,1866.25,1870.0,0.2,68.4,126832.8,1
2024-01-30,2024-01-30 15:00:00,1870.0,1870.0,1838.0,1870.0,0.0,68.4,126832.8,0
2024-01-31,2024-01-31 11:00:00,1833.0,1871.5,1821.5,1839.75,0.37,242.4,456814.2,1
2024-01-31,2024-01-31 12:00:00,1839.75,1846.5,1839.75,1846.5,0.37,242.4,456814.2,1
2024-01-31,2024-01-31 13:00:00,1846.5,1853.25,1846.5,1853.25,0.37,242.4,456814.2,1
2024-01-31,2024-01-31 14:00:00,1853.25,1860.0,1853.25,1860.0,0.36,242.4,456814.2,1
2024-01-31,2024-01-31 15:00:00,1860.0,1910.0,1810.0,1860.0,0.0,242.4,456814.2,0
2024-02-01,2024-02-01 11:00:00,1830.0,1838.0,1826.5,1833.75,0.2,77.0,141421.8,1
2024-02-01,2024-02-01 12:00:00,1833.75,1837.5,1833.75,1837.5,0.2,77.0,141421.8,1
2024-02-01,2024-02-01 13:00:00,1837.5,1841.25,1837.5,1841.25,0.2,77.0,141421.8,1
2024-02-01,2024-02-01 14:00:00,1841.25,1845.0,1841.25,1845.0,0.2,77.0,141421.8,1
2024-02-01,2024-02-01 15:00:00,1845.0,1846.0,1823.0,1845.0,0.0,77.0,141421.8,0
2024-02-04,2024-02-04 11:00:00,1820.0,1848.0,1817.6,1827.5,0.41,181.0,333007.82,1
2024-02-04,2024-02-04 12:00:00,1827.5,1835.0,1827.5,1835.0,0.41,181.0,333007.82,1
2024-02-04,2024-02-04 13:00:00,1835.0,1842.5,1835.0,1842.5,0.41,181.0,333007.82,1
2024-02-04,2024-02-04 14:00:00,1842.5,1850.0,1842.5,1850.0,0.41,181.0,333007.82,1
2024-02-04,2024-02-04 15:00:00,1850.0,1876.0,1815.2,1850.0,0.0,181.0,333007.82,0
2024-02-05,2024-02-05 11:00:00,1886.9,1893.9,1856.0,1872.75,-0.75,136.2,255124.98,-1
2024-02-05,2024-02-05 12:00:00,1872.75,1872.75,1858.6,1858.6,-0.76,136.2,255124.98,-1
2024-02-05,2024-02-05 13:00:00,1858.6,1858.6,1844.45,1844.45,-0.76,136.2,255124.98,-1
2024-02-05,2024-02-05 14:00:00,1844.45,1844.45,1830.3,1830.3,-0.77,136.2,255124.98,-1
2024-02-05,2024-02-05 15:00:00,1830.3,1900.9,1825.1,1830.3,0.0,136.2,255124.98,0
2024-02-06,2024-02-06 11:00:00,1830.0,1839.0,1815.6,1822.9,-0.39,186.0,337886.16,-1
2024-02-06,2024-02-06 12:00:00,1822.9,1822.9,1815.8,1815.8,-0.39,186.0,337886.16,-1
2024-02-06,2024-02-06 13:00:00,1815.8,1815.8,1808.7,1808.7,-0.39,186.0,337886.16,-1
2024-02-06,2024-02-06 14:00:00,1808.7,1808.7,1801.6,1801.6,-0.39,186.0,337886.16,-1
2024-02-06,2024-02-06 15:00:00,1801.6,1848.0,1801.2,1801.6,0.0,186.0,337886.16,0
2024-02-07,2024-02-07 11:00:00,1835.0,1854.35,1819.5,1831.28,-0.2,111.8,207307.36,-1
2024-02-07,2024-02-07 12:00:00,1831.28,1831.28,1827.55,1827.55,-0.2,111.8,207307.36,-1
2024-02-07,2024-02-07 13:00:00,1827.55,1827.55,1823.82,1823.82,-0.2,111.8,207307.36,-1
2024-02-07,2024-02-07 14:00:00,1823.82,1823.82,1820.1,1820.1,-0.2,111.8,207307.36,-1
2024-02-07,2024-02-07 15:00:00,1820.1,1873.7,1804.0,1820.1,0.0,111.8,207307.36,0
2024-02-08,2024-02-08 11:00:00,1830.0,1840.0,1822.5,1826.25,-0.2,10.0,18350.0,-1
2024-02-08,2024-02-08 12:00:00,1826.25,1826.25,1822.5,1822.5,-0.21,10.0,18350.0,-1
2024-02-08,2024-02-08 13:00:00,1822.5,1822.5,1818.75,1818.75,-0.21,10.0,18350.0,-1
2024-02-08,2024-02-08 14:00:00,1818.75,1818.75,1815.0,1815.0,-0.21,10.0,18350.0,-1
2024-02-08,2024-02-08 15:00:00,1815.0,1850.0,1815.0,1815.0,0.0,10.0,18350.0,0
2024-02-11,2024-02-11 11:00:00,1851.3,1851.3,1835.65,1844.22,-0.38,96.8,177349.8,-1
2024-02-11,2024-02-11 12:00:00,1844.22,1844.22,1837.15,1837.15,-0.38,96.8,177349.8,-1
2024-02-11,2024-02-11 13:00:00,1837.15,1837.15,1830.08,1830.08,-0.38,96.8,177349.8,-1
2024-02-11,2024-02-11 14:00:00,1830.08,1830.08,1823.0,1823.0,-0.39,96.8,177349.8,-1
2024-02-11,2024-02-11 15:00:00,1823.0,1851.3,1820.0,1823.0,0.0,96.8,177349.8,0
2024-02-12,2024-02-12 11:00:00,1820.0,1838.25,1820.0,1821.25,0.07,99.0,182297.7,1
2024-02-12,2024-02-12 12:00:00,1821.25,1822.5,1821.25,1822.5,0.07,99.0,182297.7,1
2024-02-12,2024-02-12 13:00:00,1822.5,1823.75,1822.5,1823.75,0.07,99.0,182297.7,1
2024-02-12,2024-02-12 14:00:00,1823.75,1825.0,1823.75,1825.0,0.07,99.0,182297.7,1
2024-02-12,2024-02-12 15:00:00,1825.0,1856.5,1820.0,1825.0,0.0,99.0,182297.7,0
2024-02-13,2024-02-13 11:00:00,1840.0,1850.75,1820.7,1832.5,-0.41,118.2,215527.7,-1
2024-02-13,2024-02-13 12:00:00,1832.5,1832.5,1825.0,1825.0,-0.41,118.2,215527.7,-1
2024-02-13,2024-02-13 13:00:00,1825.0,1825.0,1817.5,1817.5,-0.41,118.2,215527.7,-1
2024-02-13,2024-02-13 14:00:00,1817.5,1817.5,1810.0,1810.0,-0.41,118.2,215527.7,-1
2024-02-13,2024-02-13 15:00:00,1810.0,1861.5,1801.4,1810.0,0.0,118.2,215527.7,0
2024-02-14,2024-02-14 11:00:00,1800.3,1802.65,1798.4,1800.22,-0.0,48.0,86435.6,-1
2024-02-14,2024-02-14 12:00:00,1800.22,1800.22,1800.15,1800.15,-0.0,48.0,86435.6,-1
2024-02-14,2024-02-14 13:00:00,1800.15,1800.15,1800.08,1800.08,-0.0,48.0,86435.6,-1
2024-02-14,2024-02-14 14:00:00,1800.08,1800.08,1800.0,1800.0,-0.0,48.0,86435.6,-1
2024-02-14,2024-02-14 15:00:00,1800.0,1805.0,1796.5,1800.0,0.0,48.0,86435.6,0
2024-02-15,2024-02-15 11:00:00,1800.0,1874.15,1793.55,1811.25,0.62,372.6,707389.04,1
2024-02-15,2024-02-15 12:00:00,1811.25,1822.5,1811.25,1822.5,0.62,372.6,707389.04,1
2024-02-15,2024-02-15 13:00:00,1822.5,1833.75,1822.5,1833.75,0.62,372.6,707389.04,1
2024-02-15,2024-02-15 14:00:00,1833.75,1845.0,1833.75,1845.0,0.61,372.6,707389.04,1
2024-02-15,2024-02-15 15:00:00,1845.0,1948.3,1787.1,1845.0,0.0,372.6,707389.04,0
2024-02-18,2024-02-18 11:00:00,1845.0,1845.0,1825.0,1835.0,-0.54,70.0,126850.0,-1
2024-02-18,2024-02-18 12:00:00,1835.0,1835.0,1825.0,1825.0,-0.54,70.0,126850.0,-1
2024-02-18,2024-02-18 13:00:00,1825.0,1825.0,1815.0,1815.0,-0.55,70.0,126850.0,-1
2024-02-18,2024-02-18 14:00:00,1815.0,1815.0,1805.0,1805.0,-0.55,70.0,126850.0,-1
2024-02-18,2024-02-18 15:00:00,1805.0,1845.0,1805.0,1805.0,0.0,70.0,126850.0,0
2024-02-20,2024-02-20 11:00:00,1777.6,1788.8,1777.6,1783.2,0.32,58.0,103566.0,1
2024-02-20,2024-02-20 12:00:00,1783.2,1788.8,1783.2,1788.8,0.31,58.0,103566.0,1
2024-02-20,2024-02-20 13:00:00,1788.8,1794.4,1788.8,1794.4,0.31,58.0,103566.0,1
2024-02-20,2024-02-20 14:00:00,1794.4,1800.0,1794.4,1800.0,0.31,58.0,103566.0,1
2024-02-20,2024-02-20 15:00:00,1800.0,1800.0,1777.6,1800.0,0.0,58.0,103566.0,0
2024-02-21,2024-02-21 11:00:00,1800.0,1877.0,1791.8,1838.25,2.12,1132.8,2130887.96,1
2024-02-21,2024-02-21 12:00:00,1838.25,1876.5,1838.25,1876.5,2.08,1132.8,2130887.96,1
2024-02-21,2024-02-21 13:00:00,1876.5,1914.75,1876.5,1914.75,2.04,1132.8,2130887.96,1
2024-02-21,2024-02-21 14:00:00,1914.75,1953.0,1914.75,1953.0,2.0,1132.8,2130887.96,1
2024-02-21,2024-02-21 15:00:00,1953.0,1954.0,1783.6,1953.0,0.0,1132.8,2130887.96,0
2024-02-22,2024-02-22 11:00:00,1953.0,1986.5,1895.65,1965.5,0.64,803.0,1584489.6,1
2024-02-22,2024-02-22 12:00:00,1965.5,1978.0,1965.5,1978.0,0.64,803.0,1584489.6,1
2024-02-22,2024-02-22 13:00:00,1978.0,1990.5,1978.0,1990.5,0.63,803.0,1584489.6,1
2024-02-22,2024-02-22 14:00:00,1990.5,2003.0,1990.5,2003.0,0.63,803.0,1584489.6,1
2024-02-22,2024-02-22 15:00:00,2003.0,2020.0,1838.3,2003.0,0.0,803.0,1584489.6,0
2024-02-25,2024-02-25 11:00:00,2043.0,2043.0,1975.05,2017.25,-1.26,274.8,537359.1,-1
2024-02-25,2024-02-25 12:00:00,2017.25,2017.25,1991.5,1991.5,-1.28,274.8,537359.1,-1
2024-02-25,2024-02-25 13:00:00,1991.5,1991.5,1965.75,1965.75,-1.29,274.8,537359.1,-1
2024-02-25,2024-02-25 14:00:00,1965.75,1965.75,1940.0,1940.0,-1.31,274.8,537359.1,-1
2024-02-25,2024-02-25 15:00:00,1940.0,2043.0,1907.1,1940.0,0.0,274.8,537359.1,0
2024-02-26,2024-02-26 11:00:00,1930.0,1939.0,1910.0,1934.5,0.23,249.0,474664.0,1
2024-02-26,2024-02-26 12:00:00,1934.5,1939.0,1934.5,1939.0,0.23,249.0,474664.0,1
2024-02-26,2024-02-26 13:00:00,1939.0,1943.5,1939.0,1943.5,0.23,249.0,474664.0,1
2024-02-26,2024-02-26 14:00:00,1943.5,1948.0,1943.5,1948.0,0.23,249.0,474664.0,1
2024-02-26,2024-02-26 15:00:00,1948.0,1948.0,1890.0,1948.0,0.0,249.0,474664.0,0
2024-02-27,2024-02-27 11:00:00,1920.0,1938.0,1896.0,1929.0,0.47,117.0,224380.5,1
2024-02-27,2024-02-27 12:00:00,1929.0,1938.0,1929.0,1938.0,0.47,117.0,224380.5,1
2024-02-27,2024-02-27 13:00:00,1938.0,1947.0,1938.0,1947.0,0.46,117.0,224380.5,1
2024-02-27,2024-02-27 14:00:00,1947.0,1956.0,1947.0,1956.0,0.46,117.0,224380.5,1
2024-02-27,2024-02-27 15:00:00,1956.0,1956.0,1872.0,1956.0,0.0,117.0,224380.5,0
2024-02-28,2024-02-28 11:00:00,1990.0,1992.5,1940.05,1981.0,-0.45,62.0,120712.6,-1
2024-02-28,2024-02-28 12:00:00,1981.0,1981.0,1972.0,1972.0,-0.45,62.0,120712.6,-1
2024-02-28,2024-02-28 13:00:00,1972.0,1972.0,1963.0,1963.0,-0.46,62.0,120712.6,-1
2024-02-28,2024-02-28 14:00:00,1963.0,1963.0,1954.0,1954.0,-0.46,62.0,120712.6,-1
2024-02-28,2024-02-28 15:00:00,1954.0,1995.0,1890.1,1954.0,0.0,62.0,120712.6,0
2024-02-29,2024-02-29 11:00:00,1960.0,1967.5,1918.1,1939.05,-1.07,114.0,216550.08,-1
2024-02-29,2024-02-29 12:00:00,1939.05,1939.05,1918.1,1918.1,-1.08,114.0,216550.08,-1
2024-02-29,2024-02-29 13:00:00,1918.1,1918.1,1897.15,1897.15,-1.09,114.0,216550.08,-1
2024-02-29,2024-02-29 14:00:00,1897.15,1897.15,1876.2,1876.2,-1.1,114.0,216550.08,-1
2024-02-29,2024-02-29 15:00:00,1876.2,1975.0,1876.2,1876.2,0.0,114.0,216550.08,0
2024-03-03,2024-03-03 11:00:00,1875.0,1893.5,1857.3,1884.25,0.49,113.4,210998.0,1
2024-03-03,2024-03-03 12:00:00,1884.25,1893.5,1884.25,1893.5,0.49,113.4,210998.0,1
2024-03-03,2024-03-03 13:00:00,1893.5,1902.75,1893.5,1902.75,0.49,113.4,210998.0,1
2024-03-03,2024-03-03 14:00:00,1902.75,1912.0,1902.75,1912.0,0.49,113.4,210998.0,1
2024-03-03,2024-03-03 15:00:00,1912.0,1912.0,1839.6,1912.0,0.0,113.4,210998.0,0
2024-03-04,2024-03-04 11:00:00,1950.2,1969.7,1950.2,1959.95,0.5,4.0,7878.8,1
2024-03-04,2024-03-04 12:00:00,1959.95,1969.7,1959.95,1969.7,0.5,4.0,7878.8,1
2024-03-04,2024-03-04 13:00:00,1969.7,1979.45,1969.7,1979.45,0.49,4.0,7878.8,1
2024-03-04,2024-03-04 14:00:00,1979.45,1989.2,1979.45,1989.2,0.49,4.0,7878.8,1
2024-03-04,2024-03-04 15:00:00,1989.2,1989.2,1950.2,1989.2,0.0,4.0,7878.8,0
2024-03-05,2024-03-05 11:00:00,1949.5,1949.5,1918.75,1934.12,-0.79,74.0,140942.2,-1
2024-03-05,2024-03-05 12:00:00,1934.12,1934.12,1918.75,1918.75,-0.79,74.0,140942.2,-1
2024-03-05,2024-03-05 13:00:00,1918.75,1918.75,1903.38,1903.38,-0.8,74.0,140942.2,-1
2024-03-05,2024-03-05 14:00:00,1903.38,1903.38,1888.0,1888.0,-0.81,74.0,140942.2,-1
2024-03-05,2024-03-05 15:00:00,1888.0,1949.5,1888.0,1888.0,0.0,74.0,140942.2,0
2024-03-06,2024-03-06 11:00:00,1890.0,1903.0,1873.1,1893.75,0.2,47.8,89923.18,1
2024-03-06,2024-03-06 12:00:00,1893.75,1897.5,1893.75,1897.5,0.2,47.8,89923.18,1
2024-03-06,2024-03-06 13:00:00,1897.5,1901.25,1897.5,1901.25,0.2,47.8,89923.18,1
2024-03-06,2024-03-06 14:00:00,1901.25,1905.0,1901.25,1905.0,0.2,47.8,89923.18,1
2024-03-06,2024-03-06 15:00:00,1905.0,1916.0,1856.2,1905.0,0.0,47.8,89923.18,0
2024-03-07,2024-03-07 11:00:00,1943.0,1943.0,1905.1,1924.05,-0.98,40.0,75589.6,-1
2024-03-07,2024-03-07 12:00:00,1924.05,1924.05,1905.1,1905.1,-0.98,40.0,75589.6,-1
2024-03-07,2024-03-07 13:00:00,1905.1,1905.1,1886.15,1886.15,-0.99,40.0,75589.6,-1
2024-03-07,2024-03-07 14:00:00,1886.15,1886.15,1867.2,1867.2,-1.0,40.0,75589.6,-1
2024-03-07,2024-03-07 15:00:00,1867.2,1943.0,1867.2,1867.2,0.0,40.0,75589.6,0
2024-03-10,2024-03-10 11:00:00,1904.5,1941.25,1887.5,1906.4,0.1,303.0,580977.6,1
2024-03-10,2024-03-10 12:00:00,1906.4,1908.3,1906.4,1908.3,0.1,303.0,580977.6,1
2024-03-10,2024-03-10 13:00:00,1908.3,1910.2,1908.3,1910.2,0.1,303.0,580977.6,1
2024-03-10,2024-03-10 14:00:00,1910.2,1912.1,1910.2,1912.1,0.1,303.0,580977.6,1
2024-03-10,2024-03-10 15:00:00,1912.1,1978.0,1870.5,1912.1,0.0,303.0,580977.6,0
2024-03-12,2024-03-12 11:00:00,1900.0,1974.5,1900.0,1937.25,1.96,696.2,1360157.2,1
2024-03-12,2024-03-12 12:00:00,1937.25,1974.5,1937.25,1974.5,1.92,696.2,1360157.2,1
2024-03-12,2024-03-12 13:00:00,1974.5,2011.75,1974.5,2011.75,1.89,696.2,1360157.2,1
2024-03-12,2024-03-12 14:00:00,2011.75,2049.0,2011.75,2049.0,1.85,696.2,1360157.2,1
2024-03-12,2024-03-12 15:00:00,2049.0,2049.0,1900.0,2049.0,0.0,696.2,1360157.2,0
2024-03-13,2024-03-13 11:00:00,2079.0,2166.45,2079.0,2118.75,1.91,1702.4,3764932.78,1
2024-03-13,2024-03-13 12:00:00,2118.75,2158.5,2118.75,2158.5,1.88,1702.4,3764932.78,1
2024-03-13,2024-03-13 13:00:00,2158.5,2198.25,2158.5,2198.25,1.84,1702.4,3764932.78,1
2024-03-13,2024-03-13 14:00:00,2198.25,2238.0,2198.25,2238.0,1.81,1702.4,3764932.78,1
2024-03-13,2024-03-13 15:00:00,2238.0,2253.9,2079.0,2238.0,0.0,1702.4,3764932.78,0
2024-03-14,2024-03-14 11:00:00,2195.0,2230.0,2137.55,2187.1,-0.36,573.6,1242431.56,-1
2024-03-14,2024-03-14 12:00:00,2187.1,2187.1,2179.2,2179.2,-0.36,573.6,1242431.56,-1
2024-03-14,2024-03-14 13:00:00,2179.2,2179.2,2171.3,2171.3,-0.36,573.6,1242431.56,-1
2024-03-14,2024-03-14 14:00:00,2171.3,2171.3,2163.4,2163.4,-0.36,573.6,1242431.56,-1
2024-03-14,2024-03-14 15:00:00,2163.4,2265.0,2080.1,2163.4,0.0,573.6,1242431.56,0
2024-03-17,2024-03-17 11:00:00,2196.9,2220.45,2189.95,2207.15,0.47,1715.0,3786384.0,1
2024-03-17,2024-03-17 12:00:00,2207.15,2217.4,2207.15,2217.4,0.46,1715.0,3786384.0,1
2024-03-17,2024-03-17 13:00:00,2217.4,2227.65,2217.4,2227.65,0.46,1715.0,3786384.0,1
2024-03-17,2024-03-17 14:00:00,2227.65,2237.9,2227.65,2237.9,0.46,1715.0,3786384.0,1
2024-03-17,2024-03-17 15:00:00,2237.9,2244.0,2183.0,2237.9,0.0,1715.0,3786384.0,0
2024-03-18,2024-03-18 11:00:00,2200.0,2227.5,2160.0,2204.25,0.19,1060.0,2324381.2,1
2024-03-18,2024-03-18 12:00:00,2204.25,2208.5,2204.25,2208.5,0.19,1060.0,2324381.2,1
2024-03-18,2024-03-18 13:00:00,2208.5,2212.75,2208.5,2212.75,0.19,1060.0,2324381.2,1
2024-03-18,2024-03-18 14:00:00,2212.75,2217.0,2212.75,2217.0,0.19,1060.0,2324381.2,1
2024-03-18,2024-03-18 15:00:00,2217.0,2255.0,2120.0,2217.0,0.0,1060.0,2324381.2,0
2024-03-19,2024-03-19 11:00:00,2239.0,2246.95,2210.5,2229.25,-0.44,274.0,612004.5,-1
2024-03-19,2024-03-19 12:00:00,2229.25,2229.25,2219.5,2219.5,-0.44,274.0,612004.5,-1
2024-03-19,2024-03-19 13:00:00,2219.5,2219.5,2209.75,2209.75,-0.44,274.0,612004.5,-1
2024-03-19,2024-03-19 14:00:00,2209.75,2209.75,2200.0,2200.0,-0.44,274.0,612004.5,-1
2024-03-19,2024-03-19 15:00:00,2200.0,2254.9,2182.0,2200.0,0.0,274.0,612004.5,0
2024-03-20,2024-03-20 11:00:00,2200.0,2227.0,2190.5,2201.25,0.06,374.4,833141.0,1
2024-03-20,2024-03-20 12:00:00,2201.25,2202.5,2201.25,2202.5,0.06,374.4,833141.0,1
2024-03-20,2024-03-20 13:00:00,2202.5,2203.75,2202.5,2203.75,0.06,374.4,833141.0,1
2024-03-20,2024-03-20 14:00:00,2203.75,2205.0,2203.75,2205.0,0.06,374.4,833141.0,1
2024-03-20,2024-03-20 15:00:00,2205.0,2254.0,2181.0,2205.0,0.0,374.4,833141.0,0
2024-03-21,2024-03-21 11:00:00,2162.2,2162.2,2106.25,2153.9,-0.38,391.6,818908.94,-1
2024-03-21,2024-03-21 12:00:00,2153.9,2153.9,2145.6,2145.6,-0.39,391.6,818908.94,-1
2024-03-21,2024-03-21 13:00:00,2145.6,2145.6,2137.3,2137.3,-0.39,391.6,818908.94,-1
2024-03-21,2024-03-21 14:00:00,2137.3,2137.3,2129.0,2129.0,-0.39,391.6,818908.94,-1
2024-03-21,2024-03-21 15:00:00,2129.0,2162.2,2050.3,2129.0,0.0,391.6,818908.94,0
2024-03-25,2024-03-25 11:00:00,2087.0,2087.0,2014.1,2050.55,-1.75,428.2,856019.04,-1
2024-03-25,2024-03-25 12:00:00,2050.55,2050.55,2014.1,2014.1,-1.78,428.2,856019.04,-1
2024-03-25,2024-03-25 13:00:00,2014.1,2014.1,1977.65,1977.65,-1.81,428.2,856019.04,-1
2024-03-25,2024-03-25 14:00:00,1977.65,1977.65,1941.2,1941.2,-1.84,428.2,856019.04,-1
2024-03-25,2024-03-25 15:00:00,1941.2,2087.0,1941.2,1941.2,0.0,428.2,856019.04,0
2024-03-26,2024-03-26 11:00:00,1980.0,2000.0,1972.5,1983.0,0.15,176.0,351556.2,1
2024-03-26,2024-03-26 12:00:00,1983.0,1986.0,1983.0,1986.0,0.15,176.0,351556.2,1
2024-03-26,2024-03-26 13:00:00,1986.0,1989.0,1986.0,1989.0,0.15,176.0,351556.2,1
2024-03-26,2024-03-26 14:00:00,1989.0,1992.0,1989.0,1992.0,0.15,176.0,351556.2,1
2024-03-26,2024-03-26 15:00:00,1992.0,2020.0,1965.0,1992.0,0.0,176.0,351556.2,0
2024-03-27,2024-03-27 11:00:00,1980.0,1980.0,1980.0,1980.0,0.0,14.0,27720.0,0
2024-03-27,2024-03-27 12:00:00,1980.0,1980.0,1980.0,1980.0,0.0,14.0,27720.0,0
2024-03-27,2024-03-27 13:00:00,1980.0,1980.0,1980.0,1980.0,0.0,14.0,27720.0,0
2024-03-27,2024-03-27 14:00:00,1980.0,1980.0,1980.0,1980.0,0.0,14.0,27720.0,0
2024-03-27,2024-03-27 15:00:00,1980.0,1980.0,1980.0,1980.0,0.0,14.0,27720.0,0
2024-03-28,2024-03-28 11:00:00,1979.0,1999.0,1976.3,1979.75,0.04,293.0,583702.6,1
2024-03-28,2024-03-28 12:00:00,1979.75,1980.5,1979.75,1980.5,0.04,293.0,583702.6,1
2024-03-28,2024-03-28 13:00:00,1980.5,1981.25,1980.5,1981.25,0.04,293.0,583702.6,1
2024-03-28,2024-03-28 14:00:00,1981.25,1982.0,1981.25,1982.0,0.04,293.0,583702.6,1
2024-03-28,2024-03-28 15:00:00,1982.0,2019.0,1973.6,1982.0,0.0,293.0,583702.6,0
2024-03-31,2024-03-31 11:00:00,2000.0,2000.0,1982.5,1992.5,-0.38,36.0,71394.0,-1
2024-03-31,2024-03-31 12:00:00,1992.5,1992.5,1985.0,1985.0,-0.38,36.0,71394.0,-1
2024-03-31,2024-03-31 13:00:00,1985.0,1985.0,1977.5,1977.5,-0.38,36.0,71394.0,-1
2024-03-31,2024-03-31 14:00:00,1977.5,1977.5,1970.0,1970.0,-0.38,36.0,71394.0,-1
2024-03-31,2024-03-31 15:00:00,1970.0,2000.0,1965.0,1970.0,0.0,36.0,71394.0,0
2024-04-01,2024-04-01 11:00:00,1965.0,1965.0,1948.0,1956.55,-0.43,252.2,490671.6,-1
2024-04-01,2024-04-01 12:00:00,1956.55,1956.55,1948.1,1948.1,-0.43,252.2,490671.6,-1
2024-04-01,2024-04-01 13:00:00,1948.1,1948.1,1939.65,1939.65,-0.43,252.2,490671.6,-1
2024-04-01,2024-04-01 14:00:00,1939.65,1939.65,1931.2,1931.2,-0.44,252.2,490671.6,-1
2024-04-01,2024-04-01 15:00:00,1931.2,1965.0,1931.0,1931.2,0.0,252.2,490671.6,0
2024-04-02,2024-04-02 11:00:00,1930.0,1950.0,1912.0,1940.0,0.52,516.0,986420.2,1
2024-04-02,2024-04-02 12:00:00,1940.0,1950.0,1940.0,1950.0,0.52,516.0,986420.2,1
2024-04-02,2024-04-02 13:00:00,1950.0,1960.0,1950.0,1960.0,0.51,516.0,986420.2,1
2024-04-02,2024-04-02 14:00:00,1960.0,1970.0,1960.0,1970.0,0.51,516.0,986420.2,1
2024-04-02,2024-04-02 15:00:00,1970.0,1970.0,1894.0,1970.0,0.0,516.0,986420.2,0
2024-04-03,2024-04-03 11:00:00,2000.0,2035.0,1995.0,2011.25,0.56,604.0,1229783.4,1
2024-04-03,2024-04-03 12:00:00,2011.25,2022.5,2011.25,2022.5,0.56,604.0,1229783.4,1
2024-04-03,2024-04-03 13:00:00,2022.5,2033.75,2022.5,2033.75,0.56,604.0,1229783.4,1
2024-04-03,2024-04-03 14:00:00,2033.75,2045.0,2033.75,2045.0,0.55,604.0,1229783.4,1
2024-04-03,2024-04-03 15:00:00,2045.0,2070.0,1990.0,2045.0,0.0,604.0,1229783.4,0
2024-04-04,2024-04-04 11:00:00,2020.0,2067.5,2020.0,2035.25,0.75,374.2,779231.0,1
2024-04-04,2024-04-04 12:00:00,2035.25,2050.5,2035.25,2050.5,0.75,374.2,779231.0,1
2024-04-04,2024-04-04 13:00:00,2050.5,2065.75,2050.5,2065.75,0.74,374.2,779231.0,1
2024-04-04,2024-04-04 14:00:00,2065.75,2081.0,2065.75,2081.0,0.74,374.2,779231.0,1
2024-04-04,2024-04-04 15:00:00,2081.0,2115.0,2020.0,2081.0,0.0,374.2,779231.0,0
2024-04-07,2024-04-07 11:00:00,2055.0,2087.25,2055.0,2063.25,0.4,166.0,346938.0,1
2024-04-07,2024-04-07 12:00:00,2063.25,2071.5,2063.25,2071.5,0.4,166.0,346938.0,1
2024-04-07,2024-04-07 13:00:00,2071.5,2079.75,2071.5,2079.75,0.4,166.0,346938.0,1
2024-04-07,2024-04-07 14:00:00,2079.75,2088.0,2079.75,2088.0,0.4,166.0,346938.0,1
2024-04-07,2024-04-07 15:00:00,2088.0,2119.5,2055.0,2088.0,0.0,166.0,346938.0,0
2024-04-09,2024-04-09 11:00:00,2084.0,2084.0,2051.4,2073.0,-0.53,177.0,362355.2,-1
2024-04-09,2024-04-09 12:00:00,2073.0,2073.0,2062.0,2062.0,-0.53,177.0,362355.2,-1
2024-04-09,2024-04-09 13:00:00,2062.0,2062.0,2051.0,2051.0,-0.53,177.0,362355.2,-1
2024-04-09,2024-04-09 14:00:00,2051.0,2051.0,2040.0,2040.0,-0.54,177.0,362355.2,-1
2024-04-09,2024-04-09 15:00:00,2040.0,2084.0,2018.8,2040.0,0.0,177.0,362355.2,0
2024-04-10,2024-04-10 11:00:00,2027.0,2043.5,1979.0,2003.0,-1.18,248.0,498902.6,-1
2024-04-10,2024-04-10 12:00:00,2003.0,2003.0,1979.0,1979.0,-1.2,248.0,498902.6,-1
2024-04-10,2024-04-10 13:00:00,1979.0,1979.0,1955.0,1955.0,-1.21,248.0,498902.6,-1
2024-04-10,2024-04-10 14:00:00,1955.0,1955.0,1931.0,1931.0,-1.23,248.0,498902.6,-1
2024-04-10,2024-04-10 15:00:00,1931.0,2060.0,1931.0,1931.0,0.0,248.0,498902.6,0
2024-04-14,2024-04-14 11:00:00,1950.0,1990.0,1940.5,1961.25,0.58,228.0,455285.4,1
2024-04-14,2024-04-14 12:00:00,1961.25,1972.5,1961.25,1972.5,0.57,228.0,455285.4,1
2024-04-14,2024-04-14 13:00:00,1972.5,1983.75,1972.5,1983.75,0.57,228.0,455285.4,1
2024-04-14,2024-04-14 14:00:00,1983.75,1995.0,1983.75,1995.0,0.57,228.0,455285.4,1
2024-04-14,2024-04-14 15:00:00,1995.0,2030.0,1931.0,1995.0,0.0,228.0,455285.4,0
2024-04-15,2024-04-15 11:00:00,2000.0,2030.0,1995.0,2010.0,0.5,163.6,329976.0,1
2024-04-15,2024-04-15 12:00:00,2010.0,2020.0,2010.0,2020.0,0.5,163.6,329976.0,1
2024-04-15,2024-04-15 13:00:00,2020.0,2030.0,2020.0,2030.0,0.5,163.6,329976.0,1
2024-04-15,2024-04-15 14:00:00,2030.0,2040.0,2030.0,2040.0,0.49,163.6,329976.0,1
2024-04-15,2024-04-15 15:00:00,2040.0,2060.0,1990.0,2040.0,0.0,163.6,329976.0,0
2024-04-16,2024-04-16 11:00:00,2040.0,2040.0,2000.0,2020.0,-0.98,65.0,128359.48,-1
2024-04-16,2024-04-16 12:00:00,2020.0,2020.0,2000.0,2000.0,-0.99,65.0,128359.48,-1
2024-04-16,2024-04-16 13:00:00,2000.0,2000.0,1980.0,1980.0,-1.0,65.0,128359.48,-1
2024-04-16,2024-04-16 14:00:00,1980.0,1980.0,1960.0,1960.0,-1.01,65.0,128359.48,-1
2024-04-16,2024-04-16 15:00:00,1960.0,2040.0,1960.0,1960.0,0.0,65.0,128359.48,0
2024-04-18,2024-04-18 11:00:00,1940.0,1950.0,1935.0,1945.0,0.26,88.2,171668.2,1
2024-04-18,2024-04-18 12:00:00,1945.0,1950.0,1945.0,1950.0,0.26,88.2,171668.2,1
2024-04-18,2024-04-18 13:00:00,1950.0,1955.0,1950.0,1955.0,0.26,88.2,171668.2,1
2024-04-18,2024-04-18 14:00:00,1955.0,1960.0,1955.0,1960.0,0.26,88.2,171668.2,1
2024-04-18,2024-04-18 15:00:00,1960.0,1960.0,1930.0,1960.0,0.0,88.2,171668.2,0
2024-04-21,2024-04-21 11:00:00,1950.0,1957.6,1938.0,1953.8,0.19,175.0,339189.8,1
2024-04-21,2024-04-21 12:00:00,1953.8,1957.6,1953.8,1957.6,0.19,175.0,339189.8,1
2024-04-21,2024-04-21 13:00:00,1957.6,1961.4,1957.6,1961.4,0.19,175.0,339189.8,1
2024-04-21,2024-04-21 14:00:00,1961.4,1965.2,1961.4,1965.2,0.19,175.0,339189.8,1
2024-04-21,2024-04-21 15:00:00,1965.2,1965.2,1926.0,1965.2,0.0,175.0,339189.8,0
2024-04-22,2024-04-22 11:00:00,2004.0,2004.0,1968.5,1986.25,-0.89,30.4,59096.0,-1
2024-04-22,2024-04-22 12:00:00,1986.25,1986.25,1968.5,1968.5,-0.89,30.4,59096.0,-1
2024-04-22,2024-04-22 13:00:00,1968.5,1968.5,1950.75,1950.75,-0.9,30.4,59096.0,-1
2024-04-22,2024-04-22 14:00:00,1950.75,1950.75,1933.0,1933.0,-0.91,30.4,59096.0,-1
2024-04-22,2024-04-22 15:00:00,1933.0,2004.0,1933.0,1933.0,0.0,30.4,59096.0,0
2024-04-24,2024-04-24 11:00:00,1920.0,1945.8,1917.75,1925.03,0.26,61.8,120332.8,1
2024-04-24,2024-04-24 12:00:00,1925.03,1930.05,1925.03,1930.05,0.26,61.8,120332.8,1
2024-04-24,2024-04-24 13:00:00,1930.05,1935.07,1930.05,1935.07,0.26,61.8,120332.8,1
2024-04-24,2024-04-24 14:00:00,1935.07,1940.1,1935.07,1940.1,0.26,61.8,120332.8,1
2024-04-24,2024-04-24 15:00:00,1940.1,1971.6,1915.5,1940.1,0.0,61.8,120332.8,0
2024-04-25,2024-04-25 11:00:00,1940.0,1976.0,1931.3,1935.65,-0.22,40.0,78429.0,-1
2024-04-25,2024-04-25 12:00:00,1935.65,1935.65,1931.3,1931.3,-0.22,40.0,78429.0,-1
2024-04-25,2024-04-25 13:00:00,1931.3,1931.3,1926.95,1926.95,-0.23,40.0,78429.0,-1
2024-04-25,2024-04-25 14:00:00,1926.95,1926.95,1922.6,1922.6,-0.23,40.0,78429.0,-1
2024-04-25,2024-04-25 15:00:00,1922.6,2012.0,1922.6,1922.6,0.0,40.0,78429.0,0
2024-04-28,2024-04-28 11:00:00,1930.0,1945.5,1930.0,1933.75,0.19,58.0,112629.0,1
2024-04-28,2024-04-28 12:00:00,1933.75,1937.5,1933.75,1937.5,0.19,58.0,112629.0,1
2024-04-28,2024-04-28 13:00:00,1937.5,1941.25,1937.5,1941.25,0.19,58.0,112629.0,1
2024-04-28,2024-04-28 14:00:00,1941.25,1945.0,1941.25,1945.0,0.19,58.0,112629.0,1
2024-04-28,2024-04-28 15:00:00,1945.0,1961.0,1930.0,1945.0,0.0,58.0,112629.0,0
2024-04-29,2024-04-29 11:00:00,1910.1,1937.55,1910.05,1923.82,0.72,123.8,239839.02,1
2024-04-29,2024-04-29 12:00:00,1923.82,1937.55,1923.82,1937.55,0.71,123.8,239839.02,1
2024-04-29,2024-04-29 13:00:00,1937.55,1951.28,1937.55,1951.28,0.71,123.8,239839.02,1
2024-04-29,2024-04-29 14:00:00,1951.28,1965.0,1951.28,1965.0,0.7,123.8,239839.02,1
2024-04-29,2024-04-29 15:00:00,1965.0,1965.0,1910.0,1965.0,0.0,123.8,239839.02,0
2024-04-30,2024-04-30 11:00:00,1926.0,1946.25,1926.0,1936.0,0.52,140.0,273623.7,1
2024-04-30,2024-04-30 12:00:00,1936.0,1946.0,1936.0,1946.0,0.52,140.0,273623.7,1
2024-04-30,2024-04-30 13:00:00,1946.0,1956.0,1946.0,1956.0,0.51,140.0,273623.7,1
2024-04-30,2024-04-30 14:00:00,1956.0,1966.0,1956.0,1966.0,0.51,140.0,273623.7,1
2024-04-30,2024-04-30 15:00:00,1966.0,1966.5,1926.0,1966.0,0.0,140.0,273623.7,0
2024-05-02,2024-05-02 11:00:00,1999.0,2022.0,1998.0,1998.5,-0.03,107.2,216049.88,-1
2024-05-02,2024-05-02 12:00:00,1998.5,1998.5,1998.0,1998.0,-0.03,107.2,216049.88,-1
2024-05-02,2024-05-02 13:00:00,1998.0,1998.0,1997.5,1997.5,-0.03,107.2,216049.88,-1
2024-05-02,2024-05-02 14:00:00,1997.5,1997.5,1997.0,1997.0,-0.03,107.2,216049.88,-1
2024-05-02,2024-05-02 15:00:00,1997.0,2045.0,1997.0,1997.0,0.0,107.2,216049.88,0
2024-05-05,2024-05-05 11:00:00,2000.0,2018.45,1975.5,1987.78,-0.61,182.2,360095.4,-1
2024-05-05,2024-05-05 12:00:00,1987.78,1987.78,1975.55,1975.55,-0.62,182.2,360095.4,-1
2024-05-05,2024-05-05 13:00:00,1975.55,1975.55,1963.32,1963.32,-0.62,182.2,360095.4,-1
2024-05-05,2024-05-05 14:00:00,1963.32,1963.32,1951.1,1951.1,-0.62,182.2,360095.4,-1
2024-05-05,2024-05-05 15:00:00,1951.1,2036.9,1951.0,1951.1,0.0,182.2,360095.4,0
2024-05-06,2024-05-06 11:00:00,1940.0,1952.5,1930.1,1946.25,0.32,147.8,285270.76,1
2024-05-06,2024-05-06 12:00:00,1946.25,1952.5,1946.25,1952.5,0.32,147.8,285270.76,1
2024-05-06,2024-05-06 13:00:00,1952.5,1958.75,1952.5,1958.75,0.32,147.8,285270.76,1
2024-05-06,2024-05-06 14:00:00,1958.75,1965.0,1958.75,1965.0,0.32,147.8,285270.76,1
2024-05-06,2024-05-06 15:00:00,1965.0,1965.0,1920.2,1965.0,0.0,147.8,285270.76,0
2024-05-07,2024-05-07 11:00:00,1950.0,1955.5,1950.0,1952.75,0.14,47.0,91947.0,1
2024-05-07,2024-05-07 12:00:00,1952.75,1955.5,1952.75,1955.5,0.14,47.0,91947.0,1
2024-05-07,2024-05-07 13:00:00,1955.5,1958.25,1955.5,1958.25,0.14,47.0,91947.0,1
2024-05-07,2024-05-07 14:00:00,1958.25,1961.0,1958.25,1961.0,0.14,47.0,91947.0,1
2024-05-07,2024-05-07 15:00:00,1961.0,1961.0,1950.0,1961.0,0.0,47.0,91947.0,0
2024-05-08,2024-05-08 11:00:00,1975.0,1999.5,1975.0,1987.25,0.62,316.4,632633.08,1
2024-05-08,2024-05-08 12:00:00,1987.25,1999.5,1987.25,1999.5,0.62,316.4,632633.08,1
2024-05-08,2024-05-08 13:00:00,1999.5,2011.75,1999.5,2011.75,0.61,316.4,632633.08,1
2024-05-08,2024-05-08 14:00:00,2011.75,2024.0,2011.75,2024.0,0.61,316.4,632633.08,1
2024-05-08,2024-05-08 15:00:00,2024.0,2024.0,1975.0,2024.0,0.0,316.4,632633.08,0
2024-05-09,2024-05-09 11:00:00,2058.0,2058.0,2024.0,2043.5,-0.7,68.4,137222.4,-1
2024-05-09,2024-05-09 12:00:00,2043.5,2043.5,2029.0,2029.0,-0.71,68.4,137222.4,-1
2024-05-09,2024-05-09 13:00:00,2029.0,2029.0,2014.5,2014.5,-0.71,68.4,137222.4,-1
2024-05-09,2024-05-09 14:00:00,2014.5,2014.5,2000.0,2000.0,-0.72,68.4,137222.4,-1
2024-05-09,2024-05-09 15:00:00,2000.0,2058.0,1990.0,2000.0,0.0,68.4,137222.4,0
2024-05-12,2024-05-12 11:00:00,2040.0,2040.0,2012.8,2034.95,-0.25,101.8,204544.68,-1
2024-05-12,2024-05-12 12:00:00,2034.95,2034.95,2029.9,2029.9,-0.25,101.8,204544.68,-1
2024-05-12,2024-05-12 13:00:00,2029.9,2029.9,2024.85,2024.85,-0.25,101.8,204544.68,-1
2024-05-12,2024-05-12 14:00:00,2024.85,2024.85,2019.8,2019.8,-0.25,101.8,204544.68,-1
2024-05-12,2024-05-12 15:00:00,2019.8,2040.0,1985.6,2019.8,0.0,101.8,204544.68,0
2024-05-13,2024-05-13 11:00:00,2000.0,2011.3,1990.2,2005.65,0.28,83.4,166968.6,1
2024-05-13,2024-05-13 12:00:00,2005.65,2011.3,2005.65,2011.3,0.28,83.4,166968.6,1
2024-05-13,2024-05-13 13:00:00,2011.3,2016.95,2011.3,2016.95,0.28,83.4,166968.6,1
2024-05-13,2024-05-13 14:00:00,2016.95,2022.6,2016.95,2022.6,0.28,83.4,166968.6,1
2024-05-13,2024-05-13 15:00:00,2022.6,2022.6,1980.4,2022.6,0.0,83.4,166968.6,0
2024-05-14,2024-05-14 11:00:00,2022.6,2086.3,2016.3,2051.18,1.41,901.0,1898385.22,1
2024-05-14,2024-05-14 12:00:00,2051.18,2079.75,2051.18,2079.75,1.39,901.0,1898385.22,1
2024-05-14,2024-05-14 13:00:00,2079.75,2108.32,2079.75,2108.32,1.37,901.0,1898385.22,1
2024-05-14,2024-05-14 14:00:00,2108.32,2136.9,2108.32,2136.9,1.36,901.0,1898385.22,1
2024-05-14,2024-05-14 15:00:00,2136.9,2150.0,2010.0,2136.9,0.0,901.0,1898385.22,0
2024-05-15,2024-05-15 11:00:00,2135.0,2152.5,2114.0,2131.25,-0.18,673.2,1430225.8,-1
2024-05-15,2024-05-15 12:00:00,2131.25,2131.25,2127.5,2127.5,-0.18,673.2,1430225.8,-1
2024-05-15,2024-05-15 13:00:00,2127.5,2127.5,2123.75,2123.75,-0.18,673.2,1430225.8,-1
2024-05-15,2024-05-15 14:00:00,2123.75,2123.75,2120.0,2120.0,-0.18,673.2,1430225.8,-1
2024-05-15,2024-05-15 15:00:00,2120.0,2170.0,2093.0,2120.0,0.0,673.2,1430225.8,0
2024-05-16,2024-05-16 11:00:00,2144.0,2186.5,2127.0,2155.0,0.51,861.6,1874720.02,1
2024-05-16,2024-05-16 12:00:00,2155.0,2166.0,2155.0,2166.0,0.51,861.6,1874720.02,1
2024-05-16,2024-05-16 13:00:00,2166.0,2177.0,2166.0,2177.0,0.51,861.6,1874720.02,1
2024-05-16,2024-05-16 14:00:00,2177.0,2188.0,2177.0,2188.0,0.51,861.6,1874720.02,1
2024-05-16,2024-05-16 15:00:00,2188.0,2229.0,2110.0,2188.0,0.0,861.6,1874720.02,0
2024-05-19,2024-05-19 11:00:00,2150.0,2278.4,2150.0,2214.2,2.99,2123.6,4951086.46,1
2024-05-19,2024-05-19 12:00:00,2214.2,2278.4,2214.2,2278.4,2.9,2123.6,4951086.46,1
2024-05-19,2024-05-19 13:00:00,2278.4,2342.6,2278.4,2342.6,2.82,2123.6,4951086.46,1
2024-05-19,2024-05-19 14:00:00,2342.6,2406.8,2342.6,2406.8,2.74,2123.6,4951086.46,1
2024-05-19,2024-05-19 15:00:00,2406.8,2406.8,2150.0,2406.8,0.0,2123.6,4951086.46,0
2024-05-20,2024-05-20 11:00:00,2454.0,2522.15,2372.5,2433.57,-0.83,1313.6,3164913.42,-1
2024-05-20,2024-05-20 12:00:00,2433.57,2433.57,2413.15,2413.15,-0.84,1313.6,3164913.42,-1
2024-05-20,2024-05-20 13:00:00,2413.15,2413.15,2392.73,2392.73,-0.85,1313.6,3164913.42,-1
2024-05-20,2024-05-20 14:00:00,2392.73,2392.73,2372.3,2372.3,-0.85,1313.6,3164913.42,-1
2024-05-20,2024-05-20 15:00:00,2372.3,2590.3,2291.0,2372.3,0.0,1313.6,3164913.42,0
2024-05-21,2024-05-21 11:00:00,2326.0,2358.0,2288.05,2335.5,0.41,971.0,2237765.84,1
2024-05-21,2024-05-21 12:00:00,2335.5,2345.0,2335.5,2345.0,0.41,971.0,2237765.84,1
2024-05-21,2024-05-21 13:00:00,2345.0,2354.5,2345.0,2354.5,0.41,971.0,2237765.84,1
2024-05-21,2024-05-21 14:00:00,2354.5,2364.0,2354.5,2364.0,0.4,971.0,2237765.84,1
2024-05-21,2024-05-21 15:00:00,2364.0,2390.0,2250.1,2364.0,0.0,971.0,2237765.84,0
2024-05-22,2024-05-22 11:00:00,2364.0,2387.6,2309.5,2336.75,-1.15,672.8,1555784.34,-1
2024-05-22,2024-05-22 12:00:00,2336.75,2336.75,2309.5,2309.5,-1.17,672.8,1555784.34,-1
2024-05-22,2024-05-22 13:00:00,2309.5,2309.5,2282.25,2282.25,-1.18,672.8,1555784.34,-1
2024-05-22,2024-05-22 14:00:00,2282.25,2282.25,2255.0,2255.0,-1.19,672.8,1555784.34,-1
2024-05-22,2024-05-22 15:00:00,2255.0,2411.2,2255.0,2255.0,0.0,672.8,1555784.34,0
2024-05-26,2024-05-26 11:00:00,2255.0,2320.0,2239.0,2287.2,1.43,1042.2,2436676.62,1
2024-05-26,2024-05-26 12:00:00,2287.2,2319.4,2287.2,2319.4,1.41,1042.2,2436676.62,1
2024-05-26,2024-05-26 13:00:00,2319.4,2351.6,2319.4,2351.6,1.39,1042.2,2436676.62,1
2024-05-26,2024-05-26 14:00:00,2351.6,2383.8,2351.6,2383.8,1.37,1042.2,2436676.62,1
2024-05-26,2024-05-26 15:00:00,2383.8,2385.0,2223.0,2383.8,0.0,1042.2,2436676.62,0
2024-05-27,2024-05-27 11:00:00,2431.4,2504.7,2367.25,2423.55,-0.32,677.8,1631580.3,-1
2024-05-27,2024-05-27 12:00:00,2423.55,2423.55,2415.7,2415.7,-0.32,677.8,1631580.3,-1
2024-05-27,2024-05-27 13:00:00,2415.7,2415.7,2407.85,2407.85,-0.32,677.8,1631580.3,-1
2024-05-27,2024-05-27 14:00:00,2407.85,2407.85,2400.0,2400.0,-0.33,677.8,1631580.3,-1
2024-05-27,2024-05-27 15:00:00,2400.0,2578.0,2303.1,2400.0,0.0,677.8,1631580.3,0
2024-05-29,2024-05-29 11:00:00,2448.0,2448.0,2359.0,2404.0,-1.8,387.0,892356.7,-1
2024-05-29,2024-05-29 12:00:00,2404.0,2404.0,2360.0,2360.0,-1.83,387.0,892356.7,-1
2024-05-29,2024-05-29 13:00:00,2360.0,2360.0,2316.0,2316.0,-1.86,387.0,892356.7,-1
2024-05-29,2024-05-29 14:00:00,2316.0,2316.0,2272.0,2272.0,-1.9,387.0,892356.7,-1
2024-05-29,2024-05-29 15:00:00,2272.0,2448.0,2270.0,2272.0,0.0,387.0,892356.7,0
2024-05-30,2024-05-30 11:00:00,2317.4,2334.2,2274.7,2298.05,-0.83,843.0,1925306.16,-1
2024-05-30,2024-05-30 12:00:00,2298.05,2298.05,2278.7,2278.7,-0.84,843.0,1925306.16,-1
2024-05-30,2024-05-30 13:00:00,2278.7,2278.7,2259.35,2259.35,-0.85,843.0,1925306.16,-1
2024-05-30,2024-05-30 14:00:00,2259.35,2259.35,2240.0,2240.0,-0.86,843.0,1925306.16,-1
2024-05-30,2024-05-30 15:00:00,2240.0,2351.0,2232.0,2240.0,0.0,843.0,1925306.16,0
2024-06-02,2024-06-02 11:00:00,2205.0,2244.5,2202.6,2218.75,0.62,123.2,275146.6,1
2024-06-02,2024-06-02 12:00:00,2218.75,2232.5,2218.75,2232.5,0.62,123.2,275146.6,1
2024-06-02,2024-06-02 13:00:00,2232.5,2246.25,2232.5,2246.25,0.62,123.2,275146.6,1
2024-06-02,2024-06-02 14:00:00,2246.25,2260.0,2246.25,2260.0,0.61,123.2,275146.6,1
2024-06-02,2024-06-02 15:00:00,2260.0,2284.0,2200.2,2260.0,0.0,123.2,275146.6,0
2024-06-03,2024-06-03 11:00:00,2260.0,2349.5,2241.1,2291.25,1.38,759.4,1771764.2,1
2024-06-03,2024-06-03 12:00:00,2291.25,2322.5,2291.25,2322.5,1.36,759.4,1771764.2,1
2024-06-03,2024-06-03 13:00:00,2322.5,2353.75,2322.5,2353.75,1.35,759.4,1771764.2,1
2024-06-03,2024-06-03 14:00:00,2353.75,2385.0,2353.75,2385.0,1.33,759.4,1771764.2,1
2024-06-03,2024-06-03 15:00:00,2385.0,2439.0,2222.2,2385.0,0.0,759.4,1771764.2,0
2024-06-04,2024-06-04 11:00:00,2340.0,2382.0,2340.0,2340.0,0.0,927.2,2212322.8,0
2024-06-04,2024-06-04 12:00:00,2340.0,2340.0,2340.0,2340.0,0.0,927.2,2212322.8,0
2024-06-04,2024-06-04 13:00:00,2340.0,2340.0,2340.0,2340.0,0.0,927.2,2212322.8,0
2024-06-04,2024-06-04 14:00:00,2340.0,2340.0,2340.0,2340.0,0.0,927.2,2212322.8,0
2024-06-04,2024-06-04 15:00:00,2340.0,2424.0,2340.0,2340.0,0.0,927.2,2212322.8,0
2024-06-05,2024-06-05 11:00:00,2312.1,2372.55,2312.1,2319.57,0.32,595.0,1414927.0,1
2024-06-05,2024-06-05 12:00:00,2319.57,2327.05,2319.57,2327.05,0.32,595.0,1414927.0,1
2024-06-05,2024-06-05 13:00:00,2327.05,2334.53,2327.05,2334.53,0.32,595.0,1414927.0,1
2024-06-05,2024-06-05 14:00:00,2334.53,2342.0,2334.53,2342.0,0.32,595.0,1414927.0,1
2024-06-05,2024-06-05 15:00:00,2342.0,2433.0,2312.1,2342.0,0.0,595.0,1414927.0,0
2024-06-06,2024-06-06 11:00:00,2360.0,2377.0,2343.0,2356.0,-0.17,517.6,1224899.6,-1
2024-06-06,2024-06-06 12:00:00,2356.0,2356.0,2352.0,2352.0,-0.17,517.6,1224899.6,-1
2024-06-06,2024-06-06 13:00:00,2352.0,2352.0,2348.0,2348.0,-0.17,517.6,1224899.6,-1
2024-06-06,2024-06-06 14:00:00,2348.0,2348.0,2344.0,2344.0,-0.17,517.6,1224899.6,-1
2024-06-06,2024-06-06 15:00:00,2344.0,2394.0,2326.0,2344.0,0.0,517.6,1224899.6,0
2024-06-09,2024-06-09 11:00:00,2390.8,2392.9,2365.4,2381.85,-0.37,532.4,1248989.0,-1
2024-06-09,2024-06-09 12:00:00,2381.85,2381.85,2372.9,2372.9,-0.38,532.4,1248989.0,-1
2024-06-09,2024-06-09 13:00:00,2372.9,2372.9,2363.95,2363.95,-0.38,532.4,1248989.0,-1
2024-06-09,2024-06-09 14:00:00,2363.95,2363.95,2355.0,2355.0,-0.38,532.4,1248989.0,-1
2024-06-09,2024-06-09 15:00:00,2355.0,2395.0,2340.0,2355.0,0.0,532.4,1248989.0,0
2024-06-10,2024-06-10 11:00:00,2311.1,2355.05,2311.1,2325.57,0.63,743.2,1752868.5,1
2024-06-10,2024-06-10 12:00:00,2325.57,2340.05,2325.57,2340.05,0.62,743.2,1752868.5,1
2024-06-10,2024-06-10 13:00:00,2340.05,2354.53,2340.05,2354.53,0.62,743.2,1752868.5,1
2024-06-10,2024-06-10 14:00:00,2354.53,2369.0,2354.53,2369.0,0.61,743.2,1752868.5,1
2024-06-10,2024-06-10 15:00:00,2369.0,2399.0,2311.1,2369.0,0.0,743.2,1752868.5,0
2024-06-11,2024-06-11 11:00:00,2327.1,2363.05,2327.1,2330.32,0.14,302.0,711447.0,1
2024-06-11,2024-06-11 12:00:00,2330.32,2333.55,2330.32,2333.55,0.14,302.0,711447.0,1
2024-06-11,2024-06-11 13:00:00,2333.55,2336.78,2333.55,2336.78,0.14,302.0,711447.0,1
2024-06-11,2024-06-11 14:00:00,2336.78,2340.0,2336.78,2340.0,0.14,302.0,711447.0,1
2024-06-11,2024-06-11 15:00:00,2340.0,2399.0,2327.1,2340.0,0.0,302.0,711447.0,0
2024-06-12,2024-06-12 11:00:00,2386.8,2434.4,2344.9,2387.6,0.03,112.6,270562.36,1
2024-06-12,2024-06-12 12:00:00,2387.6,2388.4,2387.6,2388.4,0.03,112.6,270562.36,1
2024-06-12,2024-06-12 13:00:00,2388.4,2389.2,2388.4,2389.2,0.03,112.6,270562.36,1
2024-06-12,2024-06-12 14:00:00,2389.2,2390.0,2389.2,2390.0,0.03,112.6,270562.36,1
2024-06-12,2024-06-12 15:00:00,2390.0,2482.0,2303.0,2390.0,0.0,112.6,270562.36,0
2024-06-13,2024-06-13 11:00:00,2345.0,2357.5,2323.15,2343.75,-0.05,261.0,606911.1,-1
2024-06-13,2024-06-13 12:00:00,2343.75,2343.75,2342.5,2342.5,-0.05,261.0,606911.1,-1
2024-06-13,2024-06-13 13:00:00,2342.5,2342.5,2341.25,2341.25,-0.05,261.0,606911.1,-1
2024-06-13,2024-06-13 14:00:00,2341.25,2341.25,2340.0,2340.0,-0.05,261.0,606911.1,-1
2024-06-13,2024-06-13 15:00:00,2340.0,2370.0,2301.3,2340.0,0.0,261.0,606911.1,0
2024-06-16,2024-06-16 11:00:00,2304.1,2334.55,2304.1,2306.35,0.1,632.4,1488544.46,1
2024-06-16,2024-06-16 12:00:00,2306.35,2308.6,2306.35,2308.6,0.1,632.4,1488544.46,1
2024-06-16,2024-06-16 13:00:00,2308.6,2310.85,2308.6,2310.85,0.1,632.4,1488544.46,1
2024-06-16,2024-06-16 14:00:00,2310.85,2313.1,2310.85,2313.1,0.1,632.4,1488544.46,1
2024-06-16,2024-06-16 15:00:00,2313.1,2365.0,2304.1,2313.1,0.0,632.4,1488544.46,0
2024-06-18,2024-06-18 11:00:00,2290.1,2364.95,2290.1,2317.32,1.19,932.4,2205225.2,1
2024-06-18,2024-06-18 12:00:00,2317.32,2344.55,2317.32,2344.55,1.18,932.4,2205225.2,1
2024-06-18,2024-06-18 13:00:00,2344.55,2371.78,2344.55,2371.78,1.16,932.4,2205225.2,1
2024-06-18,2024-06-18 14:00:00,2371.78,2399.0,2371.78,2399.0,1.15,932.4,2205225.2,1
2024-06-18,2024-06-18 15:00:00,2399.0,2439.8,2290.1,2399.0,0.0,932.4,2205225.2,0
2024-06-19,2024-06-19 11:00:00,2420.0,2497.5,2420.0,2458.75,1.6,1271.8,3180535.12,1
2024-06-19,2024-06-19 12:00:00,2458.75,2497.5,2458.75,2497.5,1.58,1271.8,3180535.12,1
2024-06-19,2024-06-19 13:00:00,2497.5,2536.25,2497.5,2536.25,1.55,1271.8,3180535.12,1
2024-06-19,2024-06-19 14:00:00,2536.25,2575.0,2536.25,2575.0,1.53,1271.8,3180535.12,1
2024-06-19,2024-06-19 15:00:00,2575.0,2575.0,2420.0,2575.0,0.0,1271.8,3180535.12,0
2024-06-20,2024-06-20 11:00:00,2626.5,2626.5,2558.25,2594.88,-1.2,232.4,582470.6,-1
2024-06-20,2024-06-20 12:00:00,2594.88,2594.88,2563.25,2563.25,-1.22,232.4,582470.6,-1
2024-06-20,2024-06-20 13:00:00,2563.25,2563.25,2531.62,2531.62,-1.23,232.4,582470.6,-1
2024-06-20,2024-06-20 14:00:00,2531.62,2531.62,2500.0,2500.0,-1.25,232.4,582470.6,-1
2024-06-20,2024-06-20 15:00:00,2500.0,2626.5,2490.0,2500.0,0.0,232.4,582470.6,0
2024-06-23,2024-06-23 11:00:00,2450.0,2473.5,2416.0,2437.5,-0.51,303.4,730911.54,-1
2024-06-23,2024-06-23 12:00:00,2437.5,2437.5,2425.0,2425.0,-0.51,303.4,730911.54,-1
2024-06-23,2024-06-23 13:00:00,2425.0,2425.0,2412.5,2412.5,-0.52,303.4,730911.54,-1
2024-06-23,2024-06-23 14:00:00,2412.5,2412.5,2400.0,2400.0,-0.52,303.4,730911.54,-1
2024-06-23,2024-06-23 15:00:00,2400.0,2497.0,2382.0,2400.0,0.0,303.4,730911.54,0
2024-06-24,2024-06-24 11:00:00,2440.0,2440.0,2396.55,2429.5,-0.43,216.8,516485.3,-1
2024-06-24,2024-06-24 12:00:00,2429.5,2429.5,2419.0,2419.0,-0.43,216.8,516485.3,-1
2024-06-24,2024-06-24 13:00:00,2419.0,2419.0,2408.5,2408.5,-0.43,216.8,516485.3,-1
2024-06-24,2024-06-24 14:00:00,2408.5,2408.5,2398.0,2398.0,-0.44,216.8,516485.3,-1
2024-06-24,2024-06-24 15:00:00,2398.0,2440.0,2353.1,2398.0,0.0,216.8,516485.3,0
2024-06-25,2024-06-25 11:00:00,2400.0,2400.0,2369.5,2398.88,-0.05,266.4,629577.16,-1
2024-06-25,2024-06-25 12:00:00,2398.88,2398.88,2397.75,2397.75,-0.05,266.4,629577.16,-1
2024-06-25,2024-06-25 13:00:00,2397.75,2397.75,2396.62,2396.62,-0.05,266.4,629577.16,-1
2024-06-25,2024-06-25 14:00:00,2396.62,2396.62,2395.5,2395.5,-0.05,266.4,629577.16,-1
2024-06-25,2024-06-25 15:00:00,2395.5,2400.0,2339.0,2395.5,0.0,266.4,629577.16,0
2024-06-26,2024-06-26 11:00:00,2359.0,2394.0,2359.0,2367.72,0.37,230.4,551361.62,1
2024-06-26,2024-06-26 12:00:00,2367.72,2376.45,2367.72,2376.45,0.37,230.4,551361.62,1
2024-06-26,2024-06-26 13:00:00,2376.45,2385.18,2376.45,2385.18,0.37,230.4,551361.62,1
2024-06-26,2024-06-26 14:00:00,2385.18,2393.9,2385.18,2393.9,0.37,230.4,551361.62,1
2024-06-26,2024-06-26 15:00:00,2393.9,2429.0,2359.0,2393.9,0.0,230.4,551361.62,0
2024-06-27,2024-06-27 11:00:00,2400.0,2400.0,2353.5,2400.0,0.0,705.2,1660507.34,0
2024-06-27,2024-06-27 12:00:00,2400.0,2400.0,2400.0,2400.0,0.0,705.2,1660507.34,0
2024-06-27,2024-06-27 13:00:00,2400.0,2400.0,2400.0,2400.0,0.0,705.2,1660507.34,0
2024-06-27,2024-06-27 14:00:00,2400.0,2400.0,2400.0,2400.0,0.0,705.2,1660507.34,0
2024-06-27,2024-06-27 15:00:00,2400.0,2400.0,2307.0,2400.0,0.0,705.2,1660507.34,0
2024-06-30,2024-06-30 11:00:00,2354.2,2376.1,2334.6,2353.15,-0.04,93.6,219953.68,-1
2024-06-30,2024-06-30 12:00:00,2353.15,2353.15,2352.1,2352.1,-0.04,93.6,219953.68,-1
2024-06-30,2024-06-30 13:00:00,2352.1,2352.1,2351.05,2351.05,-0.04,93.6,219953.68,-1
2024-06-30,2024-06-30 14:00:00,2351.05,2351.05,2350.0,2350.0,-0.04,93.6,219953.68,-1
2024-06-30,2024-06-30 15:00:00,2350.0,2398.0,2315.0,2350.0,0.0,93.6,219953.68,0
2024-07-01,2024-07-01 11:00:00,2320.0,2350.5,2320.0,2335.25,0.66,273.4,642675.02,1
2024-07-01,2024-07-01 12:00:00,2335.25,2350.5,2335.25,2350.5,0.65,273.4,642675.02,1
2024-07-01,2024-07-01 13:00:00,2350.5,2365.75,2350.5,2365.75,0.65,273.4,642675.02,1
2024-07-01,2024-07-01 14:00:00,2365.75,2381.0,2365.75,2381.0,0.64,273.4,642675.02,1
2024-07-01,2024-07-01 15:00:00,2381.0,2381.0,2320.0,2381.0,0.0,273.4,642675.02,0
2024-07-02,2024-07-02 11:00:00,2428.6,2452.8,2390.8,2416.45,-0.5,207.8,494718.82,-1
2024-07-02,2024-07-02 12:00:00,2416.45,2416.45,2404.3,2404.3,-0.5,207.8,494718.82,-1
2024-07-02,2024-07-02 13:00:00,2404.3,2404.3,2392.15,2392.15,-0.51,207.8,494718.82,-1
2024-07-02,2024-07-02 14:00:00,2392.15,2392.15,2380.0,2380.0,-0.51,207.8,494718.82,-1
2024-07-02,2024-07-02 15:00:00,2380.0,2477.0,2353.0,2380.0,0.0,207.8,494718.82,0
2024-07-03,2024-07-03 11:00:00,2335.0,2356.0,2317.65,2345.0,0.43,622.0,1466077.16,1
2024-07-03,2024-07-03 12:00:00,2345.0,2355.0,2345.0,2355.0,0.43,622.0,1466077.16,1
2024-07-03,2024-07-03 13:00:00,2355.0,2365.0,2355.0,2365.0,0.42,622.0,1466077.16,1
2024-07-03,2024-07-03 14:00:00,2365.0,2375.0,2365.0,2375.0,0.42,622.0,1466077.16,1
2024-07-03,2024-07-03 15:00:00,2375.0,2377.0,2300.3,2375.0,0.0,622.0,1466077.16,0
2024-07-04,2024-07-04 11:00:00,2330.0,2365.0,2330.0,2347.5,0.75,331.8,790295.42,1
2024-07-04,2024-07-04 12:00:00,2347.5,2365.0,2347.5,2365.0,0.75,331.8,790295.42,1
2024-07-04,2024-07-04 13:00:00,2365.0,2382.5,2365.0,2382.5,0.74,331.8,790295.42,1
2024-07-04,2024-07-04 14:00:00,2382.5,2400.0,2382.5,2400.0,0.73,331.8,790295.42,1
2024-07-04,2024-07-04 15:00:00,2400.0,2400.0,2330.0,2400.0,0.0,331.8,790295.42,0
2024-07-07,2024-07-07 11:00:00,2400.0,2409.5,2388.5,2403.7,0.15,294.6,708046.48,1
2024-07-07,2024-07-07 12:00:00,2403.7,2407.4,2403.7,2407.4,0.15,294.6,708046.48,1
2024-07-07,2024-07-07 13:00:00,2407.4,2411.1,2407.4,2411.1,0.15,294.6,708046.48,1
2024-07-07,2024-07-07 14:00:00,2411.1,2414.8,2411.1,2414.8,0.15,294.6,708046.48,1
2024-07-07,2024-07-07 15:00:00,2414.8,2419.0,2377.0,2414.8,0.0,294.6,708046.48,0
2024-07-08,2024-07-08 11:00:00,2438.0,2444.0,2391.5,2432.97,-0.21,965.4,2304934.02,-1
2024-07-08,2024-07-08 12:00:00,2432.97,2432.97,2427.95,2427.95,-0.21,965.4,2304934.02,-1
2024-07-08,2024-07-08 13:00:00,2427.95,2427.95,2422.93,2422.93,-0.21,965.4,2304934.02,-1
2024-07-08,2024-07-08 14:00:00,2422.93,2422.93,2417.9,2417.9,-0.21,965.4,2304934.02,-1
2024-07-08,2024-07-08 15:00:00,2417.9,2450.0,2345.0,2417.9,0.0,965.4,2304934.02,0
2024-07-09,2024-07-09 11:00:00,2450.0,2554.8,2450.0,2502.4,2.14,1822.8,4749179.54,1
2024-07-09,2024-07-09 12:00:00,2502.4,2554.8,2502.4,2554.8,2.09,1822.8,4749179.54,1
2024-07-09,2024-07-09 13:00:00,2554.8,2607.2,2554.8,2607.2,2.05,1822.8,4749179.54,1
2024-07-09,2024-07-09 14:00:00,2607.2,2659.6,2607.2,2659.6,2.01,1822.8,4749179.54,1
2024-07-09,2024-07-09 15:00:00,2659.6,2659.6,2450.0,2659.6,0.0,1822.8,4749179.54,0
2024-07-10,2024-07-10 11:00:00,2710.0,2793.4,2685.5,2727.5,0.65,754.2,2064510.2,1
2024-07-10,2024-07-10 12:00:00,2727.5,2745.0,2727.5,2745.0,0.64,754.2,2064510.2,1
2024-07-10,2024-07-10 13:00:00,2745.0,2762.5,2745.0,2762.5,0.64,754.2,2064510.2,1
2024-07-10,2024-07-10 14:00:00,2762.5,2780.0,2762.5,2780.0,0.63,754.2,2064510.2,1
2024-07-10,2024-07-10 15:00:00,2780.0,2876.8,2661.0,2780.0,0.0,754.2,2064510.2,0
2024-07-11,2024-07-11 11:00:00,2830.0,2840.0,2731.5,2792.5,-1.33,682.0,1827481.48,-1
2024-07-11,2024-07-11 12:00:00,2792.5,2792.5,2755.0,2755.0,-1.34,682.0,1827481.48,-1
2024-07-11,2024-07-11 13:00:00,2755.0,2755.0,2717.5,2717.5,-1.36,682.0,1827481.48,-1
2024-07-11,2024-07-11 14:00:00,2717.5,2717.5,2680.0,2680.0,-1.38,682.0,1827481.48,-1
2024-07-11,2024-07-11 15:00:00,2680.0,2850.0,2633.0,2680.0,0.0,682.0,1827481.48,0
2024-07-14,2024-07-14 11:00:00,2733.6,2756.8,2671.8,2705.45,-1.03,655.4,1729398.2,-1
2024-07-14,2024-07-14 12:00:00,2705.45,2705.45,2677.3,2677.3,-1.04,655.4,1729398.2,-1
2024-07-14,2024-07-14 13:00:00,2677.3,2677.3,2649.15,2649.15,-1.05,655.4,1729398.2,-1
2024-07-14,2024-07-14 14:00:00,2649.15,2649.15,2621.0,2621.0,-1.06,655.4,1729398.2,-1
2024-07-14,2024-07-14 15:00:00,2621.0,2780.0,2610.0,2621.0,0.0,655.4,1729398.2,0
2024-07-15,2024-07-15 11:00:00,2626.0,2675.5,2588.0,2650.75,0.94,673.6,1745954.4,1
2024-07-15,2024-07-15 12:00:00,2650.75,2675.5,2650.75,2675.5,0.93,673.6,1745954.4,1
2024-07-15,2024-07-15 13:00:00,2675.5,2700.25,2675.5,2700.25,0.93,673.6,1745954.4,1
2024-07-15,2024-07-15 14:00:00,2700.25,2725.0,2700.25,2725.0,0.92,673.6,1745954.4,1
2024-07-15,2024-07-15 15:00:00,2725.0,2725.0,2550.0,2725.0,0.0,673.6,1745954.4,0
2024-07-16,2024-07-16 11:00:00,2725.0,2725.0,2676.5,2710.5,-0.53,191.2,511345.9,-1
2024-07-16,2024-07-16 12:00:00,2710.5,2710.5,2696.0,2696.0,-0.53,191.2,511345.9,-1
2024-07-16,2024-07-16 13:00:00,2696.0,2696.0,2681.5,2681.5,-0.54,191.2,511345.9,-1
2024-07-16,2024-07-16 14:00:00,2681.5,2681.5,2667.0,2667.0,-0.54,191.2,511345.9,-1
2024-07-16,2024-07-16 15:00:00,2667.0,2725.0,2628.0,2667.0,0.0,191.2,511345.9,0
2024-07-17,2024-07-17 11:00:00,2631.0,2685.5,2631.0,2658.25,1.04,373.6,1001376.28,1
2024-07-17,2024-07-17 12:00:00,2658.25,2685.5,2658.25,2685.5,1.03,373.6,1001376.28,1
2024-07-17,2024-07-17 13:00:00,2685.5,2712.75,2685.5,2712.75,1.01,373.6,1001376.28,1
2024-07-17,2024-07-17 14:00:00,2712.75,2740.0,2712.75,2740.0,1.0,373.6,1001376.28,1
2024-07-17,2024-07-17 15:00:00,2740.0,2740.0,2631.0,2740.0,0.0,373.6,1001376.28,0
2024-07-18,2024-07-18 11:00:00,2740.0,2798.0,2733.6,2758.25,0.67,1472.6,4146716.48,1
2024-07-18,2024-07-18 12:00:00,2758.25,2776.5,2758.25,2776.5,0.66,1472.6,4146716.48,1
2024-07-18,2024-07-18 13:00:00,2776.5,2794.75,2776.5,2794.75,0.66,1472.6,4146716.48,1
2024-07-18,2024-07-18 14:00:00,2794.75,2813.0,2794.75,2813.0,0.65,1472.6,4146716.48,1
2024-07-18,2024-07-18 15:00:00,2813.0,2856.0,2727.2,2813.0,0.0,1472.6,4146716.48,0
2024-07-21,2024-07-21 11:00:00,2813.0,2813.0,2776.5,2805.5,-0.27,599.2,1657292.9,-1
2024-07-21,2024-07-21 12:00:00,2805.5,2805.5,2798.0,2798.0,-0.27,599.2,1657292.9,-1
2024-07-21,2024-07-21 13:00:00,2798.0,2798.0,2790.5,2790.5,-0.27,599.2,1657292.9,-1
2024-07-21,2024-07-21 14:00:00,2790.5,2790.5,2783.0,2783.0,-0.27,599.2,1657292.9,-1
2024-07-21,2024-07-21 15:00:00,2783.0,2813.0,2740.0,2783.0,0.0,599.2,1657292.9,0
2024-07-22,2024-07-22 11:00:00,2761.1,2761.55,2706.05,2755.82,-0.19,962.2,2598638.86,-1
2024-07-22,2024-07-22 12:00:00,2755.82,2755.82,2750.55,2750.55,-0.19,962.2,2598638.86,-1
2024-07-22,2024-07-22 13:00:00,2750.55,2750.55,2745.28,2745.28,-0.19,962.2,2598638.86,-1
2024-07-22,2024-07-22 14:00:00,2745.28,2745.28,2740.0,2740.0,-0.19,962.2,2598638.86,-1
2024-07-22,2024-07-22 15:00:00,2740.0,2762.0,2651.0,2740.0,0.0,962.2,2598638.86,0
2024-07-23,2024-07-23 11:00:00,2725.0,2745.0,2705.1,2728.75,0.14,856.6,2313898.4,1
2024-07-23,2024-07-23 12:00:00,2728.75,2732.5,2728.75,2732.5,0.14,856.6,2313898.4,1
2024-07-23,2024-07-23 13:00:00,2732.5,2736.25,2732.5,2736.25,0.14,856.6,2313898.4,1
2024-07-23,2024-07-23 14:00:00,2736.25,2740.0,2736.25,2740.0,0.14,856.6,2313898.4,1
2024-07-23,2024-07-23 15:00:00,2740.0,2765.0,2685.2,2740.0,0.0,856.6,2313898.4,0
2024-07-24,2024-07-24 11:00:00,2690.0,2705.0,2653.35,2678.5,-0.43,1063.2,2821953.42,-1
2024-07-24,2024-07-24 12:00:00,2678.5,2678.5,2667.0,2667.0,-0.43,1063.2,2821953.42,-1
2024-07-24,2024-07-24 13:00:00,2667.0,2667.0,2655.5,2655.5,-0.43,1063.2,2821953.42,-1
2024-07-24,2024-07-24 14:00:00,2655.5,2655.5,2644.0,2644.0,-0.43,1063.2,2821953.42,-1
2024-07-24,2024-07-24 15:00:00,2644.0,2720.0,2616.7,2644.0,0.0,1063.2,2821953.42,0
2024-07-25,2024-07-25 11:00:00,2675.0,2765.5,2675.0,2720.25,1.69,1223.0,3398926.7,1
2024-07-25,2024-07-25 12:00:00,2720.25,2765.5,2720.25,2765.5,1.66,1223.0,3398926.7,1
2024-07-25,2024-07-25 13:00:00,2765.5,2810.75,2765.5,2810.75,1.64,1223.0,3398926.7,1
2024-07-25,2024-07-25 14:00:00,2810.75,2856.0,2810.75,2856.0,1.61,1223.0,3398926.7,1
2024-07-25,2024-07-25 15:00:00,2856.0,2856.0,2675.0,2856.0,0.0,1223.0,3398926.7,0
2024-07-28,2024-07-28 11:00:00,2876.4,2976.7,2823.7,2926.3,1.73,1143.6,3258063.04,1
2024-07-28,2024-07-28 12:00:00,2926.3,2976.2,2926.3,2976.2,1.71,1143.6,3258063.04,1
2024-07-28,2024-07-28 13:00:00,2976.2,3026.1,2976.2,3026.1,1.68,1143.6,3258063.04,1
2024-07-28,2024-07-28 14:00:00,3026.1,3076.0,3026.1,3076.0,1.65,1143.6,3258063.04,1
2024-07-28,2024-07-28 15:00:00,3076.0,3077.0,2771.0,3076.0,0.0,1143.6,3258063.04,0
2024-07-29,2024-07-29 11:00:00,3076.0,3076.0,2973.5,3034.25,-1.36,640.2,1878681.04,-1
2024-07-29,2024-07-29 12:00:00,3034.25,3034.25,2992.5,2992.5,-1.38,640.2,1878681.04,-1
2024-07-29,2024-07-29 13:00:00,2992.5,2992.5,2950.75,2950.75,-1.4,640.2,1878681.04,-1
2024-07-29,2024-07-29 14:00:00,2950.75,2950.75,2909.0,2909.0,-1.41,640.2,1878681.04,-1
2024-07-29,2024-07-29 15:00:00,2909.0,3076.0,2871.0,2909.0,0.0,640.2,1878681.04,0
2024-07-30,2024-07-30 11:00:00,2950.0,2975.0,2902.5,2959.25,0.31,555.2,1613915.12,1
2024-07-30,2024-07-30 12:00:00,2959.25,2968.5,2959.25,2968.5,0.31,555.2,1613915.12,1
2024-07-30,2024-07-30 13:00:00,2968.5,2977.75,2968.5,2977.75,0.31,555.2,1613915.12,1
2024-07-30,2024-07-30 14:00:00,2977.75,2987.0,2977.75,2987.0,0.31,555.2,1613915.12,1
2024-07-30,2024-07-30 15:00:00,2987.0,3000.0,2855.0,2987.0,0.0,555.2,1613915.12,0
2024-07-31,2024-07-31 11:00:00,3046.7,3046.7,2880.85,2983.07,-2.09,2270.8,6428161.68,-1
2024-07-31,2024-07-31 12:00:00,2983.07,2983.07,2919.45,2919.45,-2.13,2270.8,6428161.68,-1
2024-07-31,2024-07-31 13:00:00,2919.45,2919.45,2855.82,2855.82,-2.18,2270.8,6428161.68,-1
2024-07-31,2024-07-31 14:00:00,2855.82,2855.82,2792.2,2792.2,-2.23,2270.8,6428161.68,-1
2024-07-31,2024-07-31 15:00:00,2792.2,3046.7,2715.0,2792.2,0.0,2270.8,6428161.68,0
2024-08-01,2024-08-01 11:00:00,2835.0,2845.5,2782.5,2826.25,-0.31,686.8,1931523.26,-1
2024-08-01,2024-08-01 12:00:00,2826.25,2826.25,2817.5,2817.5,-0.31,686.8,1931523.26,-1
2024-08-01,2024-08-01 13:00:00,2817.5,2817.5,2808.75,2808.75,-0.31,686.8,1931523.26,-1
2024-08-01,2024-08-01 14:00:00,2808.75,2808.75,2800.0,2800.0,-0.31,686.8,1931523.26,-1
2024-08-01,2024-08-01 15:00:00,2800.0,2856.0,2730.0,2800.0,0.0,686.8,1931523.26,0
2024-08-05,2024-08-05 11:00:00,2800.0,2843.0,2776.5,2820.0,0.71,1024.8,2881139.96,1
2024-08-05,2024-08-05 12:00:00,2820.0,2840.0,2820.0,2840.0,0.71,1024.8,2881139.96,1
2024-08-05,2024-08-05 13:00:00,2840.0,2860.0,2840.0,2860.0,0.7,1024.8,2881139.96,1
2024-08-05,2024-08-05 14:00:00,2860.0,2880.0,2860.0,2880.0,0.7,1024.8,2881139.96,1
2024-08-05,2024-08-05 15:00:00,2880.0,2886.0,2753.0,2880.0,0.0,1024.8,2881139.96,0
2024-08-06,2024-08-06 11:00:00,2861.0,2909.5,2842.0,2858.25,-0.1,1851.8,5372175.8,-1
2024-08-06,2024-08-06 12:00:00,2858.25,2858.25,2855.5,2855.5,-0.1,1851.8,5372175.8,-1
2024-08-06,2024-08-06 13:00:00,2855.5,2855.5,2852.75,2852.75,-0.1,1851.8,5372175.8,-1
2024-08-06,2024-08-06 14:00:00,2852.75,2852.75,2850.0,2850.0,-0.1,1851.8,5372175.8,-1
2024-08-06,2024-08-06 15:00:00,2850.0,2958.0,2823.0,2850.0,0.0,1851.8,5372175.8,0
2024-08-07,2024-08-07 11:00:00,2830.0,2868.5,2827.5,2840.38,0.37,1055.6,3041813.64,1
2024-08-07,2024-08-07 12:00:00,2840.38,2850.75,2840.38,2850.75,0.37,1055.6,3041813.64,1
2024-08-07,2024-08-07 13:00:00,2850.75,2861.12,2850.75,2861.12,0.36,1055.6,3041813.64,1
2024-08-07,2024-08-07 14:00:00,2861.12,2871.5,2861.12,2871.5,0.36,1055.6,3041813.64,1
2024-08-07,2024-08-07 15:00:00,2871.5,2907.0,2825.0,2871.5,0.0,1055.6,3041813.64,0
2024-08-08,2024-08-08 11:00:00,2925.0,2983.5,2898.55,2918.8,-0.21,466.0,1364035.2,-1
2024-08-08,2024-08-08 12:00:00,2918.8,2918.8,2912.6,2912.6,-0.21,466.0,1364035.2,-1
2024-08-08,2024-08-08 13:00:00,2912.6,2912.6,2906.4,2906.4,-0.21,466.0,1364035.2,-1
2024-08-08,2024-08-08 14:00:00,2906.4,2906.4,2900.2,2900.2,-0.21,466.0,1364035.2,-1
2024-08-08,2024-08-08 15:00:00,2900.2,3042.0,2872.1,2900.2,0.0,466.0,1364035.2,0
2024-08-11,2024-08-11 11:00:00,2930.0,3060.1,2886.0,2995.05,2.22,1610.6,4813075.88,1
2024-08-11,2024-08-11 12:00:00,2995.05,3060.1,2995.05,3060.1,2.17,1610.6,4813075.88,1
2024-08-11,2024-08-11 13:00:00,3060.1,3125.15,3060.1,3125.15,2.13,1610.6,4813075.88,1
2024-08-11,2024-08-11 14:00:00,3125.15,3190.2,3125.15,3190.2,2.08,1610.6,4813075.88,1
2024-08-11,2024-08-11 15:00:00,3190.2,3190.2,2842.0,3190.2,0.0,1610.6,4813075.88,0
2024-08-12,2024-08-12 11:00:00,3126.4,3256.2,3126.4,3191.3,2.08,1154.0,3809395.06,1
2024-08-12,2024-08-12 12:00:00,3191.3,3256.2,3191.3,3256.2,2.03,1154.0,3809395.06,1
2024-08-12,2024-08-12 13:00:00,3256.2,3321.1,3256.2,3321.1,1.99,1154.0,3809395.06,1
2024-08-12,2024-08-12 14:00:00,3321.1,3386.0,3321.1,3386.0,1.95,1154.0,3809395.06,1
2024-08-12,2024-08-12 15:00:00,3386.0,3386.0,3126.4,3386.0,0.0,1154.0,3809395.06,0
2024-08-13,2024-08-13 11:00:00,3385.0,3392.0,3229.0,3326.53,-1.73,2029.0,6424655.4,-1
2024-08-13,2024-08-13 12:00:00,3326.53,3326.53,3268.05,3268.05,-1.76,2029.0,6424655.4,-1
2024-08-13,2024-08-13 13:00:00,3268.05,3268.05,3209.57,3209.57,-1.79,2029.0,6424655.4,-1
2024-08-13,2024-08-13 14:00:00,3209.57,3209.57,3151.1,3151.1,-1.82,2029.0,6424655.4,-1
2024-08-13,2024-08-13 15:00:00,3151.1,3399.0,3073.0,3151.1,0.0,2029.0,6424655.4,0
2024-08-14,2024-08-14 11:00:00,3148.0,3174.0,3089.05,3136.53,-0.36,1082.0,3384215.3,-1
2024-08-14,2024-08-14 12:00:00,3136.53,3136.53,3125.05,3125.05,-0.37,1082.0,3384215.3,-1
2024-08-14,2024-08-14 13:00:00,3125.05,3125.05,3113.57,3113.57,-0.37,1082.0,3384215.3,-1
2024-08-14,2024-08-14 14:00:00,3113.57,3113.57,3102.1,3102.1,-0.37,1082.0,3384215.3,-1
2024-08-14,2024-08-14 15:00:00,3102.1,3200.0,3030.1,3102.1,0.0,1082.0,3384215.3,0
2024-08-15,2024-08-15 11:00:00,3164.1,3195.7,2978.05,3127.07,-1.17,319.6,975652.16,-1
2024-08-15,2024-08-15 12:00:00,3127.07,3127.07,3090.05,3090.05,-1.18,319.6,975652.16,-1
2024-08-15,2024-08-15 13:00:00,3090.05,3090.05,3053.03,3053.03,-1.2,319.6,975652.16,-1
2024-08-15,2024-08-15 14:00:00,3053.03,3053.03,3016.0,3016.0,-1.21,319.6,975652.16,-1
2024-08-15,2024-08-15 15:00:00,3016.0,3227.3,2792.0,3016.0,0.0,319.6,975652.16,0
2024-08-18,2024-08-18 11:00:00,2956.0,3016.0,2938.0,2947.5,-0.29,415.6,1246638.32,-1
2024-08-18,2024-08-18 12:00:00,2947.5,2947.5,2939.0,2939.0,-0.29,415.6,1246638.32,-1
2024-08-18,2024-08-18 13:00:00,2939.0,2939.0,2930.5,2930.5,-0.29,415.6,1246638.32,-1
2024-08-18,2024-08-18 14:00:00,2930.5,2930.5,2922.0,2922.0,-0.29,415.6,1246638.32,-1
2024-08-18,2024-08-18 15:00:00,2922.0,3076.0,2920.0,2922.0,0.0,415.6,1246638.32,0
2024-08-21,2024-08-21 11:00:00,2922.0,3016.0,2912.35,2941.5,0.67,847.8,2546434.22,1
2024-08-21,2024-08-21 12:00:00,2941.5,2961.0,2941.5,2961.0,0.66,847.8,2546434.22,1
2024-08-21,2024-08-21 13:00:00,2961.0,2980.5,2961.0,2980.5,0.66,847.8,2546434.22,1
2024-08-21,2024-08-21 14:00:00,2980.5,3000.0,2980.5,3000.0,0.65,847.8,2546434.22,1
2024-08-21,2024-08-21 15:00:00,3000.0,3110.0,2902.7,3000.0,0.0,847.8,2546434.22,0
2024-08-22,2024-08-22 11:00:00,2980.0,3065.9,2980.0,3012.75,1.1,1111.2,3405729.46,1
2024-08-22,2024-08-22 12:00:00,3012.75,3045.5,3012.75,3045.5,1.09,1111.2,3405729.46,1
2024-08-22,2024-08-22 13:00:00,3045.5,3078.25,3045.5,3078.25,1.08,1111.2,3405729.46,1
2024-08-22,2024-08-22 14:00:00,3078.25,3111.0,3078.25,3111.0,1.06,1111.2,3405729.46,1
2024-08-22,2024-08-22 15:00:00,3111.0,3151.8,2980.0,3111.0,0.0,1111.2,3405729.46,0
2024-08-25,2024-08-25 11:00:00,3080.0,3251.05,3075.05,3165.53,2.78,1612.4,5404462.88,1
2024-08-25,2024-08-25 12:00:00,3165.53,3251.05,3165.53,3251.05,2.7,1612.4,5404462.88,1
2024-08-25,2024-08-25 13:00:00,3251.05,3336.57,3251.05,3336.57,2.63,1612.4,5404462.88,1
2024-08-25,2024-08-25 14:00:00,3336.57,3422.1,3336.57,3422.1,2.56,1612.4,5404462.88,1
2024-08-25,2024-08-25 15:00:00,3422.1,3422.1,3070.1,3422.1,0.0,1612.4,5404462.88,0
2024-08-27,2024-08-27 11:00:00,3490.5,3627.4,3452.45,3558.95,1.96,2107.0,7541834.0,1
2024-08-27,2024-08-27 12:00:00,3558.95,3627.4,3558.95,3627.4,1.92,2107.0,7541834.0,1
2024-08-27,2024-08-27 13:00:00,3627.4,3695.85,3627.4,3695.85,1.89,2107.0,7541834.0,1
2024-08-27,2024-08-27 14:00:00,3695.85,3764.3,3695.85,3764.3,1.85,2107.0,7541834.0,1
2024-08-27,2024-08-27 15:00:00,3764.3,3764.3,3414.4,3764.3,0.0,2107.0,7541834.0,0
2024-08-28,2024-08-28 11:00:00,3833.0,3986.5,3724.5,3909.75,2.0,636.4,2419110.16,1
2024-08-28,2024-08-28 12:00:00,3909.75,3986.5,3909.75,3986.5,1.96,636.4,2419110.16,1
2024-08-28,2024-08-28 13:00:00,3986.5,4063.25,3986.5,4063.25,1.93,636.4,2419110.16,1
2024-08-28,2024-08-28 14:00:00,4063.25,4140.0,4063.25,4140.0,1.89,636.4,2419110.16,1
2024-08-28,2024-08-28 15:00:00,4140.0,4140.0,3616.0,4140.0,0.0,636.4,2419110.16,0
2024-08-29,2024-08-29 11:00:00,4057.2,4223.6,3966.6,4062.9,0.14,831.2,3329893.44,1
2024-08-29,2024-08-29 12:00:00,4062.9,4068.6,4062.9,4068.6,0.14,831.2,3329893.44,1
2024-08-29,2024-08-29 13:00:00,4068.6,4074.3,4068.6,4074.3,0.14,831.2,3329893.44,1
2024-08-29,2024-08-29 14:00:00,4074.3,4080.0,4074.3,4080.0,0.14,831.2,3329893.44,1
2024-08-29,2024-08-29 15:00:00,4080.0,4390.0,3876.0,4080.0,0.0,831.2,3329893.44,0
2024-09-01,2024-09-01 11:00:00,3998.4,4039.2,3959.7,4018.8,0.51,592.0,2352472.18,1
2024-09-01,2024-09-01 12:00:00,4018.8,4039.2,4018.8,4039.2,0.51,592.0,2352472.18,1
2024-09-01,2024-09-01 13:00:00,4039.2,4059.6,4039.2,4059.6,0.51,592.0,2352472.18,1
2024-09-01,2024-09-01 14:00:00,4059.6,4080.0,4059.6,4080.0,0.5,592.0,2352472.18,1
2024-09-01,2024-09-01 15:00:00,4080.0,4080.0,3921.0,4080.0,0.0,592.0,2352472.18,0
2024-09-02,2024-09-02 11:00:00,3998.4,4157.7,3919.2,4016.05,0.44,421.8,1693258.08,1
2024-09-02,2024-09-02 12:00:00,4016.05,4033.7,4016.05,4033.7,0.44,421.8,1693258.08,1
2024-09-02,2024-09-02 13:00:00,4033.7,4051.35,4033.7,4051.35,0.44,421.8,1693258.08,1
2024-09-02,2024-09-02 14:00:00,4051.35,4069.0,4051.35,4069.0,0.44,421.8,1693258.08,1
2024-09-02,2024-09-02 15:00:00,4069.0,4317.0,3840.0,4069.0,0.0,421.8,1693258.08,0
2024-09-03,2024-09-03 11:00:00,3996.0,4235.5,3996.0,4115.75,3.0,1215.4,4987727.42,1
2024-09-03,2024-09-03 12:00:00,4115.75,4235.5,4115.75,4235.5,2.91,1215.4,4987727.42,1
2024-09-03,2024-09-03 13:00:00,4235.5,4355.25,4235.5,4355.25,2.83,1215.4,4987727.42,1
2024-09-03,2024-09-03 14:00:00,4355.25,4475.0,4355.25,4475.0,2.75,1215.4,4987727.42,1
2024-09-03,2024-09-03 15:00:00,4475.0,4475.0,3996.0,4475.0,0.0,1215.4,4987727.42,0
2024-09-04,2024-09-04 11:00:00,4385.5,4542.75,4250.75,4464.12,1.79,792.0,3420098.96,1
2024-09-04,2024-09-04 12:00:00,4464.12,4542.75,4464.12,4542.75,1.76,792.0,3420098.96,1
2024-09-04,2024-09-04 13:00:00,4542.75,4621.38,4542.75,4621.38,1.73,792.0,3420098.96,1
2024-09-04,2024-09-04 14:00:00,4621.38,4700.0,4621.38,4700.0,1.7,792.0,3420098.96,1
2024-09-04,2024-09-04 15:00:00,4700.0,4700.0,4116.0,4700.0,0.0,792.0,3420098.96,0
2024-09-05,2024-09-05 11:00:00,4606.0,4888.0,4428.0,4747.0,3.06,729.2,3345607.74,1
2024-09-05,2024-09-05 12:00:00,4747.0,4888.0,4747.0,4888.0,2.97,729.2,3345607.74,1
2024-09-05,2024-09-05 13:00:00,4888.0,5029.0,4888.0,5029.0,2.88,729.2,3345607.74,1
2024-09-05,2024-09-05 14:00:00,5029.0,5170.0,5029.0,5170.0,2.8,729.2,3345607.74,1
2024-09-05,2024-09-05 15:00:00,5170.0,5170.0,4250.0,5170.0,0.0,729.2,3345607.74,0
2024-09-08,2024-09-08 11:00:00,5066.6,5345.3,4860.0,5122.45,1.1,1601.6,8346410.96,1
2024-09-08,2024-09-08 12:00:00,5122.45,5178.3,5122.45,5178.3,1.09,1601.6,8346410.96,1
2024-09-08,2024-09-08 13:00:00,5178.3,5234.15,5178.3,5234.15,1.08,1601.6,8346410.96,1
2024-09-08,2024-09-08 14:00:00,5234.15,5290.0,5234.15,5290.0,1.07,1601.6,8346410.96,1
2024-09-08,2024-09-08 15:00:00,5290.0,5624.0,4653.4,5290.0,0.0,1601.6,8346410.96,0
2024-09-09,2024-09-09 11:00:00,5185.0,5192.0,5092.5,5160.02,-0.48,580.4,2955041.68,-1
2024-09-09,2024-09-09 12:00:00,5160.02,5160.02,5135.05,5135.05,-0.48,580.4,2955041.68,-1
2024-09-09,2024-09-09 13:00:00,5135.05,5135.05,5110.08,5110.08,-0.49,580.4,2955041.68,-1
2024-09-09,2024-09-09 14:00:00,5110.08,5110.08,5085.1,5085.1,-0.49,580.4,2955041.68,-1
2024-09-09,2024-09-09 15:00:00,5085.1,5199.0,5000.0,5085.1,0.0,580.4,2955041.68,0
2024-09-10,2024-09-10 11:00:00,4983.4,5186.7,4846.2,5082.55,1.99,644.4,3170925.16,1
2024-09-10,2024-09-10 12:00:00,5082.55,5181.7,5082.55,5181.7,1.95,644.4,3170925.16,1
2024-09-10,2024-09-10 13:00:00,5181.7,5280.85,5181.7,5280.85,1.91,644.4,3170925.16,1
2024-09-10,2024-09-10 14:00:00,5280.85,5380.0,5280.85,5380.0,1.88,644.4,3170925.16,1
2024-09-10,2024-09-10 15:00:00,5380.0,5390.0,4709.0,5380.0,0.0,644.4,3170925.16,0
2024-09-11,2024-09-11 11:00:00,5272.4,5488.7,5117.65,5241.8,-0.58,1031.8,5326023.64,-1
2024-09-11,2024-09-11 12:00:00,5241.8,5241.8,5211.2,5211.2,-0.58,1031.8,5326023.64,-1
2024-09-11,2024-09-11 13:00:00,5211.2,5211.2,5180.6,5180.6,-0.59,1031.8,5326023.64,-1
2024-09-11,2024-09-11 14:00:00,5180.6,5180.6,5150.0,5150.0,-0.59,1031.8,5326023.64,-1
2024-09-11,2024-09-11 15:00:00,5150.0,5705.0,4962.9,5150.0,0.0,1031.8,5326023.64,0
2024-09-12,2024-09-12 11:00:00,5247.0,5247.0,5154.0,5222.75,-0.46,140.4,715842.06,-1
2024-09-12,2024-09-12 12:00:00,5222.75,5222.75,5198.5,5198.5,-0.46,140.4,715842.06,-1
2024-09-12,2024-09-12 13:00:00,5198.5,5198.5,5174.25,5174.25,-0.47,140.4,715842.06,-1
2024-09-12,2024-09-12 14:00:00,5174.25,5174.25,5150.0,5150.0,-0.47,140.4,715842.06,-1
2024-09-12,2024-09-12 15:00:00,5150.0,5247.0,5061.0,5150.0,0.0,140.4,715842.06,0
2024-09-15,2024-09-15 11:00:00,5048.0,5048.5,4998.0,5036.0,-0.24,364.0,1816313.14,-1
2024-09-15,2024-09-15 12:00:00,5036.0,5036.0,5024.0,5024.0,-0.24,364.0,1816313.14,-1
2024-09-15,2024-09-15 13:00:00,5024.0,5024.0,5012.0,5012.0,-0.24,364.0,1816313.14,-1
2024-09-15,2024-09-15 14:00:00,5012.0,5012.0,5000.0,5000.0,-0.24,364.0,1816313.14,-1
2024-09-15,2024-09-15 15:00:00,5000.0,5049.0,4948.0,5000.0,0.0,364.0,1816313.14,0
2024-09-16,2024-09-16 11:00:00,4900.0,5200.0,4860.0,5050.0,3.06,888.2,4449224.64,1
2024-09-16,2024-09-16 12:00:00,5050.0,5200.0,5050.0,5200.0,2.97,888.2,4449224.64,1
2024-09-16,2024-09-16 13:00:00,5200.0,5350.0,5200.0,5350.0,2.88,888.2,4449224.64,1
2024-09-16,2024-09-16 14:00:00,5350.0,5500.0,5350.0,5500.0,2.8,888.2,4449224.64,1
2024-09-16,2024-09-16 15:00:00,5500.0,5500.0,4820.0,5500.0,0.0,888.2,4449224.64,0
2024-09-18,2024-09-18 11:00:00,5390.0,5390.0,5233.0,5330.0,-1.11,389.8,2006687.08,-1
2024-09-18,2024-09-18 12:00:00,5330.0,5330.0,5270.0,5270.0,-1.13,389.8,2006687.08,-1
2024-09-18,2024-09-18 13:00:00,5270.0,5270.0,5210.0,5210.0,-1.14,389.8,2006687.08,-1
2024-09-18,2024-09-18 14:00:00,5210.0,5210.0,5150.0,5150.0,-1.15,389.8,2006687.08,-1
2024-09-18,2024-09-18 15:00:00,5150.0,5390.0,5076.0,5150.0,0.0,389.8,2006687.08,0
2024-09-22,2024-09-22 11:00:00,5050.0,5357.5,4975.5,5203.75,3.04,584.0,2973134.44,1
2024-09-22,2024-09-22 12:00:00,5203.75,5357.5,5203.75,5357.5,2.95,584.0,2973134.44,1
2024-09-22,2024-09-22 13:00:00,5357.5,5511.25,5357.5,5511.25,2.87,584.0,2973134.44,1
2024-09-22,2024-09-22 14:00:00,5511.25,5665.0,5511.25,5665.0,2.79,584.0,2973134.44,1
2024-09-22,2024-09-22 15:00:00,5665.0,5665.0,4901.0,5665.0,0.0,584.0,2973134.44,0
2024-09-23,2024-09-23 11:00:00,5551.7,5551.7,5325.9,5474.52,-1.39,446.0,2303671.94,-1
2024-09-23,2024-09-23 12:00:00,5474.52,5474.52,5397.35,5397.35,-1.41,446.0,2303671.94,-1
2024-09-23,2024-09-23 13:00:00,5397.35,5397.35,5320.18,5320.18,-1.43,446.0,2303671.94,-1
2024-09-23,2024-09-23 14:00:00,5320.18,5320.18,5243.0,5243.0,-1.45,446.0,2303671.94,-1
2024-09-23,2024-09-23 15:00:00,5243.0,5551.7,5100.1,5243.0,0.0,446.0,2303671.94,0
2024-09-24,2024-09-24 11:00:00,5138.2,5144.1,4994.6,5103.7,-0.67,1130.6,5598484.46,-1
2024-09-24,2024-09-24 12:00:00,5103.7,5103.7,5069.2,5069.2,-0.68,1130.6,5598484.46,-1
2024-09-24,2024-09-24 13:00:00,5069.2,5069.2,5034.7,5034.7,-0.68,1130.6,5598484.46,-1
2024-09-24,2024-09-24 14:00:00,5034.7,5034.7,5000.2,5000.2,-0.69,1130.6,5598484.46,-1
2024-09-24,2024-09-24 15:00:00,5000.2,5150.0,4851.0,5000.2,0.0,1130.6,5598484.46,0
2024-09-25,2024-09-25 11:00:00,4900.2,5150.1,4852.15,5025.15,2.55,971.0,4863263.22,1
2024-09-25,2024-09-25 12:00:00,5025.15,5150.1,5025.15,5150.1,2.49,971.0,4863263.22,1
2024-09-25,2024-09-25 13:00:00,5150.1,5275.05,5150.1,5275.05,2.43,971.0,4863263.22,1
2024-09-25,2024-09-25 14:00:00,5275.05,5400.0,5275.05,5400.0,2.37,971.0,4863263.22,1
2024-09-25,2024-09-25 15:00:00,5400.0,5400.0,4804.1,5400.0,0.0,971.0,4863263.22,0
2024-09-26,2024-09-26 11:00:00,5292.0,5292.0,5121.05,5236.5,-1.05,199.8,1003173.24,-1
2024-09-26,2024-09-26 12:00:00,5236.5,5236.5,5181.0,5181.0,-1.06,199.8,1003173.24,-1
2024-09-26,2024-09-26 13:00:00,5181.0,5181.0,5125.5,5125.5,-1.07,199.8,1003173.24,-1
2024-09-26,2024-09-26 14:00:00,5125.5,5125.5,5070.0,5070.0,-1.08,199.8,1003173.24,-1
2024-09-26,2024-09-26 15:00:00,5070.0,5292.0,4950.1,5070.0,0.0,199.8,1003173.24,0
2024-09-29,2024-09-29 11:00:00,4968.6,4972.3,4884.3,4968.95,0.01,80.4,390737.06,1
2024-09-29,2024-09-29 12:00:00,4968.95,4969.3,4968.95,4969.3,0.01,80.4,390737.06,1
2024-09-29,2024-09-29 13:00:00,4969.3,4969.65,4969.3,4969.65,0.01,80.4,390737.06,1
2024-09-29,2024-09-29 14:00:00,4969.65,4970.0,4969.65,4970.0,0.01,80.4,390737.06,1
2024-09-29,2024-09-29 15:00:00,4970.0,4976.0,4800.0,4970.0,0.0,80.4,390737.06,0
2024-09-30,2024-09-30 11:00:00,4870.6,5064.3,4786.3,4872.95,0.05,144.4,704802.24,1
2024-09-30,2024-09-30 12:00:00,4872.95,4875.3,4872.95,4875.3,0.05,144.4,704802.24,1
2024-09-30,2024-09-30 13:00:00,4875.3,4877.65,4875.3,4877.65,0.05,144.4,704802.24,1
2024-09-30,2024-09-30 14:00:00,4877.65,4880.0,4877.65,4880.0,0.05,144.4,704802.24,1
2024-09-30,2024-09-30 15:00:00,4880.0,5258.0,4702.0,4880.0,0.0,144.4,704802.24,0
2024-10-01,2024-10-01 11:00:00,4782.4,5026.4,4741.2,4904.4,2.55,687.2,3354071.0,1
2024-10-01,2024-10-01 12:00:00,4904.4,5026.4,4904.4,5026.4,2.49,687.2,3354071.0,1
2024-10-01,2024-10-01 13:00:00,5026.4,5148.4,5026.4,5148.4,2.43,687.2,3354071.0,1
2024-10-01,2024-10-01 14:00:00,5148.4,5270.4,5148.4,5270.4,2.37,687.2,3354071.0,1
2024-10-01,2024-10-01 15:00:00,5270.4,5270.4,4700.0,5270.4,0.0,687.2,3354071.0,0
2024-10-02,2024-10-02 11:00:00,5165.0,5165.0,4973.5,5098.75,-1.28,357.8,1731083.02,-1
2024-10-02,2024-10-02 12:00:00,5098.75,5098.75,5032.5,5032.5,-1.3,357.8,1731083.02,-1
2024-10-02,2024-10-02 13:00:00,5032.5,5032.5,4966.25,4966.25,-1.32,357.8,1731083.02,-1
2024-10-02,2024-10-02 14:00:00,4966.25,4966.25,4900.0,4900.0,-1.33,357.8,1731083.02,-1
2024-10-02,2024-10-02 15:00:00,4900.0,5165.0,4782.0,4900.0,0.0,357.8,1731083.02,0
2024-10-06,2024-10-06 11:00:00,4802.0,4826.0,4754.0,4801.5,-0.01,112.4,535656.68,-1
2024-10-06,2024-10-06 12:00:00,4801.5,4801.5,4801.0,4801.0,-0.01,112.4,535656.68,-1
2024-10-06,2024-10-06 13:00:00,4801.0,4801.0,4800.5,4800.5,-0.01,112.4,535656.68,-1
2024-10-06,2024-10-06 14:00:00,4800.5,4800.5,4800.0,4800.0,-0.01,112.4,535656.68,-1
2024-10-06,2024-10-06 15:00:00,4800.0,4850.0,4706.0,4800.0,0.0,112.4,535656.68,0
2024-10-07,2024-10-07 11:00:00,4707.0,4743.5,4666.0,4706.5,-0.01,171.4,807415.28,-1
2024-10-07,2024-10-07 12:00:00,4706.5,4706.5,4706.0,4706.0,-0.01,171.4,807415.28,-1
2024-10-07,2024-10-07 13:00:00,4706.0,4706.0,4705.5,4705.5,-0.01,171.4,807415.28,-1
2024-10-07,2024-10-07 14:00:00,4705.5,4705.5,4705.0,4705.0,-0.01,171.4,807415.28,-1
2024-10-07,2024-10-07 15:00:00,4705.0,4780.0,4625.0,4705.0,0.0,171.4,807415.28,0
2024-10-08,2024-10-08 11:00:00,4625.0,4625.0,4567.5,4597.5,-0.59,544.8,2498535.3,-1
2024-10-08,2024-10-08 12:00:00,4597.5,4597.5,4570.0,4570.0,-0.6,544.8,2498535.3,-1
2024-10-08,2024-10-08 13:00:00,4570.0,4570.0,4542.5,4542.5,-0.6,544.8,2498535.3,-1
2024-10-08,2024-10-08 14:00:00,4542.5,4542.5,4515.0,4515.0,-0.61,544.8,2498535.3,-1
2024-10-08,2024-10-08 15:00:00,4515.0,4625.0,4510.0,4515.0,0.0,544.8,2498535.3,0
2024-10-09,2024-10-09 11:00:00,4600.0,4600.0,4462.55,4532.0,-1.48,499.4,2219094.22,-1
2024-10-09,2024-10-09 12:00:00,4532.0,4532.0,4464.0,4464.0,-1.5,499.4,2219094.22,-1
2024-10-09,2024-10-09 13:00:00,4464.0,4464.0,4396.0,4396.0,-1.52,499.4,2219094.22,-1
2024-10-09,2024-10-09 14:00:00,4396.0,4396.0,4328.0,4328.0,-1.55,499.4,2219094.22,-1
2024-10-09,2024-10-09 15:00:00,4328.0,4600.0,4325.1,4328.0,0.0,499.4,2219094.22,0
2024-10-15,2024-10-15 11:00:00,4280.0,4372.5,4242.5,4301.25,0.5,431.6,1889425.06,1
2024-10-15,2024-10-15 12:00:00,4301.25,4322.5,4301.25,4322.5,0.49,431.6,1889425.06,1
2024-10-15,2024-10-15 13:00:00,4322.5,4343.75,4322.5,4343.75,0.49,431.6,1889425.06,1
2024-10-15,2024-10-15 14:00:00,4343.75,4365.0,4343.75,4365.0,0.49,431.6,1889425.06,1
2024-10-15,2024-10-15 15:00:00,4365.0,4465.0,4205.0,4365.0,0.0,431.6,1889425.06,0
2024-10-16,2024-10-16 11:00:00,4452.0,4596.0,4415.0,4524.0,1.62,242.8,1098878.68,1
2024-10-16,2024-10-16 12:00:00,4524.0,4596.0,4524.0,4596.0,1.59,242.8,1098878.68,1
2024-10-16,2024-10-16 13:00:00,4596.0,4668.0,4596.0,4668.0,1.57,242.8,1098878.68,1
2024-10-16,2024-10-16 14:00:00,4668.0,4740.0,4668.0,4740.0,1.54,242.8,1098878.68,1
2024-10-16,2024-10-16 15:00:00,4740.0,4740.0,4378.0,4740.0,0.0,242.8,1098878.68,0
2024-10-17,2024-10-17 11:00:00,4660.0,4660.0,4615.0,4644.0,-0.34,84.4,387863.28,-1
2024-10-17,2024-10-17 12:00:00,4644.0,4644.0,4628.0,4628.0,-0.34,84.4,387863.28,-1
2024-10-17,2024-10-17 13:00:00,4628.0,4628.0,4612.0,4612.0,-0.35,84.4,387863.28,-1
2024-10-17,2024-10-17 14:00:00,4612.0,4612.0,4596.0,4596.0,-0.35,84.4,387863.28,-1
2024-10-17,2024-10-17 15:00:00,4596.0,4660.0,4570.0,4596.0,0.0,84.4,387863.28,0
2024-10-20,2024-10-20 11:00:00,4504.1,4621.55,4372.55,4501.4,-0.06,97.4,446143.78,-1
2024-10-20,2024-10-20 12:00:00,4501.4,4501.4,4498.7,4498.7,-0.06,97.4,446143.78,-1
2024-10-20,2024-10-20 13:00:00,4498.7,4498.7,4496.0,4496.0,-0.06,97.4,446143.78,-1
2024-10-20,2024-10-20 14:00:00,4496.0,4496.0,4493.3,4493.3,-0.06,97.4,446143.78,-1
2024-10-20,2024-10-20 15:00:00,4493.3,4739.0,4241.0,4493.3,0.0,97.4,446143.78,0
2024-10-21,2024-10-21 11:00:00,4404.0,4527.0,4275.0,4404.0,0.0,457.2,2108752.98,0
2024-10-21,2024-10-21 12:00:00,4404.0,4404.0,4404.0,4404.0,0.0,457.2,2108752.98,0
2024-10-21,2024-10-21 13:00:00,4404.0,4404.0,4404.0,4404.0,0.0,457.2,2108752.98,0
2024-10-21,2024-10-21 14:00:00,4404.0,4404.0,4404.0,4404.0,0.0,457.2,2108752.98,0
2024-10-21,2024-10-21 15:00:00,4404.0,4650.0,4146.0,4404.0,0.0,457.2,2108752.98,0
2024-10-22,2024-10-22 11:00:00,4492.0,4582.0,4421.55,4470.52,-0.48,225.4,1008007.72,-1
2024-10-22,2024-10-22 12:00:00,4470.52,4470.52,4449.05,4449.05,-0.48,225.4,1008007.72,-1
2024-10-22,2024-10-22 13:00:00,4449.05,4449.05,4427.58,4427.58,-0.48,225.4,1008007.72,-1
2024-10-22,2024-10-22 14:00:00,4427.58,4427.58,4406.1,4406.1,-0.49,225.4,1008007.72,-1
2024-10-22,2024-10-22 15:00:00,4406.1,4672.0,4351.1,4406.1,0.0,225.4,1008007.72,0
2024-10-23,2024-10-23 11:00:00,4494.0,4634.0,4422.55,4484.25,-0.22,317.0,1454844.02,-1
2024-10-23,2024-10-23 12:00:00,4484.25,4484.25,4474.5,4474.5,-0.22,317.0,1454844.02,-1
2024-10-23,2024-10-23 13:00:00,4474.5,4474.5,4464.75,4464.75,-0.22,317.0,1454844.02,-1
2024-10-23,2024-10-23 14:00:00,4464.75,4464.75,4455.0,4455.0,-0.22,317.0,1454844.02,-1
2024-10-23,2024-10-23 15:00:00,4455.0,4774.0,4351.1,4455.0,0.0,317.0,1454844.02,0
2024-10-24,2024-10-24 11:00:00,4376.0,4534.0,4376.0,4386.5,0.24,228.2,1049063.24,1
2024-10-24,2024-10-24 12:00:00,4386.5,4397.0,4386.5,4397.0,0.24,228.2,1049063.24,1
2024-10-24,2024-10-24 13:00:00,4397.0,4407.5,4397.0,4407.5,0.24,228.2,1049063.24,1
2024-10-24,2024-10-24 14:00:00,4407.5,4418.0,4407.5,4418.0,0.24,228.2,1049063.24,1
2024-10-24,2024-10-24 15:00:00,4418.0,4692.0,4376.0,4418.0,0.0,228.2,1049063.24,0
2024-10-27,2024-10-27 11:00:00,4506.0,4610.0,4460.45,4517.25,0.25,210.4,975344.92,1
2024-10-27,2024-10-27 12:00:00,4517.25,4528.5,4517.25,4528.5,0.25,210.4,975344.92,1
2024-10-27,2024-10-27 13:00:00,4528.5,4539.75,4528.5,4539.75,0.25,210.4,975344.92,1
2024-10-27,2024-10-27 14:00:00,4539.75,4551.0,4539.75,4551.0,0.25,210.4,975344.92,1
2024-10-27,2024-10-27 15:00:00,4551.0,4714.0,4414.9,4551.0,0.0,210.4,975344.92,0
2024-10-28,2024-10-28 11:00:00,4642.0,4758.25,4613.5,4651.5,0.2,245.6,1163197.68,1
2024-10-28,2024-10-28 12:00:00,4651.5,4661.0,4651.5,4661.0,0.2,245.6,1163197.68,1
2024-10-28,2024-10-28 13:00:00,4661.0,4670.5,4661.0,4670.5,0.2,245.6,1163197.68,1
2024-10-28,2024-10-28 14:00:00,4670.5,4680.0,4670.5,4680.0,0.2,245.6,1163197.68,1
2024-10-28,2024-10-28 15:00:00,4680.0,4874.5,4585.0,4680.0,0.0,245.6,1163197.68,0
2024-10-29,2024-10-29 11:00:00,4680.0,4788.0,4641.05,4710.0,0.64,221.4,1064744.0,1
2024-10-29,2024-10-29 12:00:00,4710.0,4740.0,4710.0,4740.0,0.64,221.4,1064744.0,1
2024-10-29,2024-10-29 13:00:00,4740.0,4770.0,4740.0,4770.0,0.63,221.4,1064744.0,1
2024-10-29,2024-10-29 14:00:00,4770.0,4800.0,4770.0,4800.0,0.63,221.4,1064744.0,1
2024-10-29,2024-10-29 15:00:00,4800.0,4896.0,4602.1,4800.0,0.0,221.4,1064744.0,0
2024-10-30,2024-10-30 11:00:00,4800.0,4910.0,4799.5,4837.5,0.78,238.2,1170582.0,1
2024-10-30,2024-10-30 12:00:00,4837.5,4875.0,4837.5,4875.0,0.78,238.2,1170582.0,1
2024-10-30,2024-10-30 13:00:00,4875.0,4912.5,4875.0,4912.5,0.77,238.2,1170582.0,1
2024-10-30,2024-10-30 14:00:00,4912.5,4950.0,4912.5,4950.0,0.76,238.2,1170582.0,1
2024-10-30,2024-10-30 15:00:00,4950.0,5020.0,4799.0,4950.0,0.0,238.2,1170582.0,0
2024-11-05,2024-11-05 11:00:00,4900.0,4905.65,4814.5,4871.75,-0.58,65.0,313791.92,-1
2024-11-05,2024-11-05 12:00:00,4871.75,4871.75,4843.5,4843.5,-0.58,65.0,313791.92,-1
2024-11-05,2024-11-05 13:00:00,4843.5,4843.5,4815.25,4815.25,-0.58,65.0,313791.92,-1
2024-11-05,2024-11-05 14:00:00,4815.25,4815.25,4787.0,4787.0,-0.59,65.0,313791.92,-1
2024-11-05,2024-11-05 15:00:00,4787.0,4911.3,4729.0,4787.0,0.0,65.0,313791.92,0
2024-11-06,2024-11-06 11:00:00,4873.0,4873.1,4794.5,4854.75,-0.37,22.2,106788.78,-1
2024-11-06,2024-11-06 12:00:00,4854.75,4854.75,4836.5,4836.5,-0.38,22.2,106788.78,-1
2024-11-06,2024-11-06 13:00:00,4836.5,4836.5,4818.25,4818.25,-0.38,22.2,106788.78,-1
2024-11-06,2024-11-06 14:00:00,4818.25,4818.25,4800.0,4800.0,-0.38,22.2,106788.78,-1
2024-11-06,2024-11-06 15:00:00,4800.0,4873.2,4716.0,4800.0,0.0,22.2,106788.78,0
2024-11-10,2024-11-10 11:00:00,4704.0,4777.0,4702.0,4703.0,-0.02,361.8,1708754.1,-1
2024-11-10,2024-11-10 12:00:00,4703.0,4703.0,4702.0,4702.0,-0.02,361.8,1708754.1,-1
2024-11-10,2024-11-10 13:00:00,4702.0,4702.0,4701.0,4701.0,-0.02,361.8,1708754.1,-1
2024-11-10,2024-11-10 14:00:00,4701.0,4701.0,4700.0,4700.0,-0.02,361.8,1708754.1,-1
2024-11-10,2024-11-10 15:00:00,4700.0,4850.0,4700.0,4700.0,0.0,361.8,1708754.1,0
2024-11-11,2024-11-11 11:00:00,4612.5,4725.15,4611.25,4659.38,1.02,205.4,971360.02,1
2024-11-11,2024-11-11 12:00:00,4659.38,4706.25,4659.38,4706.25,1.01,205.4,971360.02,1
2024-11-11,2024-11-11 13:00:00,4706.25,4753.12,4706.25,4753.12,1.0,205.4,971360.02,1
2024-11-11,2024-11-11 14:00:00,4753.12,4800.0,4753.12,4800.0,0.99,205.4,971360.02,1
2024-11-11,2024-11-11 15:00:00,4800.0,4837.8,4610.0,4800.0,0.0,205.4,971360.02,0
2024-11-12,2024-11-12 11:00:00,4713.0,4796.5,4706.5,4711.25,-0.04,90.8,429543.4,-1
2024-11-12,2024-11-12 12:00:00,4711.25,4711.25,4709.5,4709.5,-0.04,90.8,429543.4,-1
2024-11-12,2024-11-12 13:00:00,4709.5,4709.5,4707.75,4707.75,-0.04,90.8,429543.4,-1
2024-11-12,2024-11-12 14:00:00,4707.75,4707.75,4706.0,4706.0,-0.04,90.8,429543.4,-1
2024-11-12,2024-11-12 15:00:00,4706.0,4880.0,4700.0,4706.0,0.0,90.8,429543.4,0
2024-11-13,2024-11-13 11:00:00,4630.0,4682.5,4630.0,4656.25,0.57,68.0,317282.12,1
2024-11-13,2024-11-13 12:00:00,4656.25,4682.5,4656.25,4682.5,0.56,68.0,317282.12,1
2024-11-13,2024-11-13 13:00:00,4682.5,4708.75,4682.5,4708.75,0.56,68.0,317282.12,1
2024-11-13,2024-11-13 14:00:00,4708.75,4735.0,4708.75,4735.0,0.56,68.0,317282.12,1
2024-11-13,2024-11-13 15:00:00,4735.0,4735.0,4630.0,4735.0,0.0,68.0,317282.12,0
2024-11-14,2024-11-14 11:00:00,4819.0,4857.5,4694.5,4809.25,-0.2,422.4,2012487.28,-1
2024-11-14,2024-11-14 12:00:00,4809.25,4809.25,4799.5,4799.5,-0.2,422.4,2012487.28,-1
2024-11-14,2024-11-14 13:00:00,4799.5,4799.5,4789.75,4789.75,-0.2,422.4,2012487.28,-1
2024-11-14,2024-11-14 14:00:00,4789.75,4789.75,4780.0,4780.0,-0.2,422.4,2012487.28,-1
2024-11-14,2024-11-14 15:00:00,4780.0,4896.0,4570.0,4780.0,0.0,422.4,2012487.28,0
2024-11-17,2024-11-17 11:00:00,4693.0,4833.0,4621.5,4707.5,0.31,2025.2,9484254.14,1
2024-11-17,2024-11-17 12:00:00,4707.5,4722.0,4707.5,4722.0,0.31,2025.2,9484254.14,1
2024-11-17,2024-11-17 13:00:00,4722.0,4736.5,4722.0,4736.5,0.31,2025.2,9484254.14,1
2024-11-17,2024-11-17 14:00:00,4736.5,4751.0,4736.5,4751.0,0.31,2025.2,9484254.14,1
2024-11-17,2024-11-17 15:00:00,4751.0,4973.0,4550.0,4751.0,0.0,2025.2,9484254.14,0
2024-11-19,2024-11-19 11:00:00,4750.0,4988.05,4750.0,4869.0,2.51,1811.8,9132589.08,1
2024-11-19,2024-11-19 12:00:00,4869.0,4988.0,4869.0,4988.0,2.44,1811.8,9132589.08,1
2024-11-19,2024-11-19 13:00:00,4988.0,5107.0,4988.0,5107.0,2.39,1811.8,9132589.08,1
2024-11-19,2024-11-19 14:00:00,5107.0,5226.0,5107.0,5226.0,2.33,1811.8,9132589.08,1
2024-11-19,2024-11-19 15:00:00,5226.0,5226.1,4750.0,5226.0,0.0,1811.8,9132589.08,0
2024-11-20,2024-11-20 11:00:00,5250.0,5250.0,5160.0,5212.5,-0.71,121.0,624306.78,-1
2024-11-20,2024-11-20 12:00:00,5212.5,5212.5,5175.0,5175.0,-0.72,121.0,624306.78,-1
2024-11-20,2024-11-20 13:00:00,5175.0,5175.0,5137.5,5137.5,-0.72,121.0,624306.78,-1
2024-11-20,2024-11-20 14:00:00,5137.5,5137.5,5100.0,5100.0,-0.73,121.0,624306.78,-1
2024-11-20,2024-11-20 15:00:00,5100.0,5250.0,5070.0,5100.0,0.0,121.0,624306.78,0
2024-11-21,2024-11-21 11:00:00,5191.0,5196.0,5103.0,5180.75,-0.2,331.0,1690111.3,-1
2024-11-21,2024-11-21 12:00:00,5180.75,5180.75,5170.5,5170.5,-0.2,331.0,1690111.3,-1
2024-11-21,2024-11-21 13:00:00,5170.5,5170.5,5160.25,5160.25,-0.2,331.0,1690111.3,-1
2024-11-21,2024-11-21 14:00:00,5160.25,5160.25,5150.0,5150.0,-0.2,331.0,1690111.3,-1
2024-11-21,2024-11-21 15:00:00,5150.0,5201.0,5015.0,5150.0,0.0,331.0,1690111.3,0
2024-11-24,2024-11-24 11:00:00,5047.0,5047.0,4996.0,5022.75,-0.48,248.8,1245780.28,-1
2024-11-24,2024-11-24 12:00:00,5022.75,5022.75,4998.5,4998.5,-0.48,248.8,1245780.28,-1
2024-11-24,2024-11-24 13:00:00,4998.5,4998.5,4974.25,4974.25,-0.49,248.8,1245780.28,-1
2024-11-24,2024-11-24 14:00:00,4974.25,4974.25,4950.0,4950.0,-0.49,248.8,1245780.28,-1
2024-11-24,2024-11-24 15:00:00,4950.0,5047.0,4945.0,4950.0,0.0,248.8,1245780.28,0
2024-11-25,2024-11-25 11:00:00,4861.0,5003.0,4856.0,4923.55,1.29,2708.6,13307557.24,1
2024-11-25,2024-11-25 12:00:00,4923.55,4986.1,4923.55,4986.1,1.27,2708.6,13307557.24,1
2024-11-25,2024-11-25 13:00:00,4986.1,5048.65,4986.1,5048.65,1.25,2708.6,13307557.24,1
2024-11-25,2024-11-25 14:00:00,5048.65,5111.2,5048.65,5111.2,1.24,2708.6,13307557.24,1
2024-11-25,2024-11-25 15:00:00,5111.2,5145.0,4851.0,5111.2,0.0,2708.6,13307557.24,0
2024-11-26,2024-11-26 11:00:00,5120.0,5135.0,5060.55,5095.0,-0.49,244.2,1228365.84,-1
2024-11-26,2024-11-26 12:00:00,5095.0,5095.0,5070.0,5070.0,-0.49,244.2,1228365.84,-1
2024-11-26,2024-11-26 13:00:00,5070.0,5070.0,5045.0,5045.0,-0.49,244.2,1228365.84,-1
2024-11-26,2024-11-26 14:00:00,5045.0,5045.0,5020.0,5020.0,-0.5,244.2,1228365.84,-1
2024-11-26,2024-11-26 15:00:00,5020.0,5150.0,5001.1,5020.0,0.0,244.2,1228365.84,0
2024-11-27,2024-11-27 11:00:00,5020.0,5064.0,5011.0,5015.75,-0.08,94.8,477201.8,-1
2024-11-27,2024-11-27 12:00:00,5015.75,5015.75,5011.5,5011.5,-0.08,94.8,477201.8,-1
2024-11-27,2024-11-27 13:00:00,5011.5,5011.5,5007.25,5007.25,-0.08,94.8,477201.8,-1
2024-11-27,2024-11-27 14:00:00,5007.25,5007.25,5003.0,5003.0,-0.08,94.8,477201.8,-1
2024-11-27,2024-11-27 15:00:00,5003.0,5108.0,5002.0,5003.0,0.0,94.8,477201.8,0
2024-11-28,2024-11-28 11:00:00,4980.0,5085.0,4980.0,5032.5,1.05,664.0,3332913.04,1
2024-11-28,2024-11-28 12:00:00,5032.5,5085.0,5032.5,5085.0,1.04,664.0,3332913.04,1
2024-11-28,2024-11-28 13:00:00,5085.0,5137.5,5085.0,5137.5,1.03,664.0,3332913.04,1
2024-11-28,2024-11-28 14:00:00,5137.5,5190.0,5137.5,5190.0,1.02,664.0,3332913.04,1
2024-11-28,2024-11-28 15:00:00,5190.0,5190.0,4980.0,5190.0,0.0,664.0,3332913.04,0
2024-12-01,2024-12-01 11:00:00,5110.0,5110.0,5066.0,5107.5,-0.05,114.8,584888.86,-1
2024-12-01,2024-12-01 12:00:00,5107.5,5107.5,5105.0,5105.0,-0.05,114.8,584888.86,-1
2024-12-01,2024-12-01 13:00:00,5105.0,5105.0,5102.5,5102.5,-0.05,114.8,584888.86,-1
2024-12-01,2024-12-01 14:00:00,5102.5,5102.5,5100.0,5100.0,-0.05,114.8,584888.86,-1
2024-12-01,2024-12-01 15:00:00,5100.0,5110.0,5022.0,5100.0,0.0,114.8,584888.86,0
2024-12-02,2024-12-02 11:00:00,5009.0,5092.75,4904.5,5025.0,0.32,428.0,2095419.6,1
2024-12-02,2024-12-02 12:00:00,5025.0,5041.0,5025.0,5041.0,0.32,428.0,2095419.6,1
2024-12-02,2024-12-02 13:00:00,5041.0,5057.0,5041.0,5057.0,0.32,428.0,2095419.6,1
2024-12-02,2024-12-02 14:00:00,5057.0,5073.0,5057.0,5073.0,0.32,428.0,2095419.6,1
2024-12-02,2024-12-02 15:00:00,5073.0,5176.5,4800.0,5073.0,0.0,428.0,2095419.6,0
2024-12-03,2024-12-03 11:00:00,5002.0,5051.0,5001.05,5026.5,0.49,413.8,2074545.06,1
2024-12-03,2024-12-03 12:00:00,5026.5,5051.0,5026.5,5051.0,0.49,413.8,2074545.06,1
2024-12-03,2024-12-03 13:00:00,5051.0,5075.5,5051.0,5075.5,0.49,413.8,2074545.06,1
2024-12-03,2024-12-03 14:00:00,5075.5,5100.0,5075.5,5100.0,0.48,413.8,2074545.06,1
2024-12-03,2024-12-03 15:00:00,5100.0,5100.0,5000.1,5100.0,0.0,413.8,2074545.06,0
2024-12-04,2024-12-04 11:00:00,5120.0,5120.0,5068.55,5094.27,-0.5,165.6,833414.76,-1
2024-12-04,2024-12-04 12:00:00,5094.27,5094.27,5068.55,5068.55,-0.5,165.6,833414.76,-1
2024-12-04,2024-12-04 13:00:00,5068.55,5068.55,5042.83,5042.83,-0.51,165.6,833414.76,-1
2024-12-04,2024-12-04 14:00:00,5042.83,5042.83,5017.1,5017.1,-0.51,165.6,833414.76,-1
2024-12-04,2024-12-04 15:00:00,5017.1,5120.0,5017.1,5017.1,0.0,165.6,833414.76,0
2024-12-05,2024-12-05 11:00:00,5015.0,5057.5,4936.45,5033.75,0.37,728.6,3616505.8,1
2024-12-05,2024-12-05 12:00:00,5033.75,5052.5,5033.75,5052.5,0.37,728.6,3616505.8,1
2024-12-05,2024-12-05 13:00:00,5052.5,5071.25,5052.5,5071.25,0.37,728.6,3616505.8,1
2024-12-05,2024-12-05 14:00:00,5071.25,5090.0,5071.25,5090.0,0.37,728.6,3616505.8,1
2024-12-05,2024-12-05 15:00:00,5090.0,5100.0,4857.9,5090.0,0.0,728.6,3616505.8,0
2024-12-08,2024-12-08 11:00:00,4990.0,4990.5,4945.0,4980.0,-0.2,86.0,422004.06,-1
2024-12-08,2024-12-08 12:00:00,4980.0,4980.0,4970.0,4970.0,-0.2,86.0,422004.06,-1
2024-12-08,2024-12-08 13:00:00,4970.0,4970.0,4960.0,4960.0,-0.2,86.0,422004.06,-1
2024-12-08,2024-12-08 14:00:00,4960.0,4960.0,4950.0,4950.0,-0.2,86.0,422004.06,-1
2024-12-08,2024-12-08 15:00:00,4950.0,4991.0,4900.0,4950.0,0.0,86.0,422004.06,0
2024-12-09,2024-12-09 11:00:00,4950.0,4950.5,4925.0,4950.0,0.0,638.6,3158927.26,0
2024-12-09,2024-12-09 12:00:00,4950.0,4950.0,4950.0,4950.0,0.0,638.6,3158927.26,0
2024-12-09,2024-12-09 13:00:00,4950.0,4950.0,4950.0,4950.0,0.0,638.6,3158927.26,0
2024-12-09,2024-12-09 14:00:00,4950.0,4950.0,4950.0,4950.0,0.0,638.6,3158927.26,0
2024-12-09,2024-12-09 15:00:00,4950.0,4951.0,4900.0,4950.0,0.0,638.6,3158927.26,0
2024-12-10,2024-12-10 11:00:00,4905.1,4905.1,4902.65,4903.9,-0.02,92.2,451801.4,-1
2024-12-10,2024-12-10 12:00:00,4903.9,4903.9,4902.7,4902.7,-0.02,92.2,451801.4,-1
2024-12-10,2024-12-10 13:00:00,4902.7,4902.7,4901.5,4901.5,-0.02,92.2,451801.4,-1
2024-12-10,2024-12-10 14:00:00,4901.5,4901.5,4900.3,4900.3,-0.02,92.2,451801.4,-1
2024-12-10,2024-12-10 15:00:00,4900.3,4905.1,4900.2,4900.3,0.0,92.2,451801.4,0
2024-12-11,2024-12-11 11:00:00,4899.0,4947.5,4899.0,4923.25,0.49,168.2,831479.9,1
2024-12-11,2024-12-11 12:00:00,4923.25,4947.5,4923.25,4947.5,0.49,168.2,831479.9,1
2024-12-11,2024-12-11 13:00:00,4947.5,4971.75,4947.5,4971.75,0.49,168.2,831479.9,1
2024-12-11,2024-12-11 14:00:00,4971.75,4996.0,4971.75,4996.0,0.49,168.2,831479.9,1
2024-12-11,2024-12-11 15:00:00,4996.0,4996.0,4899.0,4996.0,0.0,168.2,831479.9,0
2024-12-12,2024-12-12 11:00:00,4897.1,4996.5,4897.05,4946.8,1.01,197.8,984147.48,1
2024-12-12,2024-12-12 12:00:00,4946.8,4996.5,4946.8,4996.5,1.0,197.8,984147.48,1
2024-12-12,2024-12-12 13:00:00,4996.5,5046.2,4996.5,5046.2,0.99,197.8,984147.48,1
2024-12-12,2024-12-12 14:00:00,5046.2,5095.9,5046.2,5095.9,0.98,197.8,984147.48,1
2024-12-12,2024-12-12 15:00:00,5095.9,5095.9,4897.0,5095.9,0.0,197.8,984147.48,0
2024-12-16,2024-12-16 11:00:00,5095.0,5095.0,4998.0,5049.2,-0.9,35.4,175885.82,-1
2024-12-16,2024-12-16 12:00:00,5049.2,5049.2,5003.4,5003.4,-0.91,35.4,175885.82,-1
2024-12-16,2024-12-16 13:00:00,5003.4,5003.4,4957.6,4957.6,-0.92,35.4,175885.82,-1
2024-12-16,2024-12-16 14:00:00,4957.6,4957.6,4911.8,4911.8,-0.92,35.4,175885.82,-1
2024-12-16,2024-12-16 15:00:00,4911.8,5095.0,4901.0,4911.8,0.0,35.4,175885.82,0
2024-12-17,2024-12-17 11:00:00,4814.0,4912.5,4814.0,4840.55,0.55,663.4,3273604.72,1
2024-12-17,2024-12-17 12:00:00,4840.55,4867.1,4840.55,4867.1,0.55,663.4,3273604.72,1
2024-12-17,2024-12-17 13:00:00,4867.1,4893.65,4867.1,4893.65,0.55,663.4,3273604.72,1
2024-12-17,2024-12-17 14:00:00,4893.65,4920.2,4893.65,4920.2,0.54,663.4,3273604.72,1
2024-12-17,2024-12-17 15:00:00,4920.2,5011.0,4814.0,4920.2,0.0,663.4,3273604.72,0
2024-12-18,2024-12-18 11:00:00,4822.0,4854.0,4786.5,4837.88,0.33,16.4,79593.8,1
2024-12-18,2024-12-18 12:00:00,4837.88,4853.75,4837.88,4853.75,0.33,16.4,79593.8,1
2024-12-18,2024-12-18 13:00:00,4853.75,4869.62,4853.75,4869.62,0.33,16.4,79593.8,1
2024-12-18,2024-12-18 14:00:00,4869.62,4885.5,4869.62,4885.5,0.33,16.4,79593.8,1
2024-12-18,2024-12-18 15:00:00,4885.5,4886.0,4751.0,4885.5,0.0,16.4,79593.8,0
2024-12-19,2024-12-19 11:00:00,4900.0,5004.55,4900.0,4950.0,1.02,271.0,1373593.88,1
2024-12-19,2024-12-19 12:00:00,4950.0,5000.0,4950.0,5000.0,1.01,271.0,1373593.88,1
2024-12-19,2024-12-19 13:00:00,5000.0,5050.0,5000.0,5050.0,1.0,271.0,1373593.88,1
2024-12-19,2024-12-19 14:00:00,5050.0,5100.0,5050.0,5100.0,0.99,271.0,1373593.88,1
2024-12-19,2024-12-19 15:00:00,5100.0,5109.1,4900.0,5100.0,0.0,271.0,1373593.88,0
2024-12-22,2024-12-22 11:00:00,5196.6,5197.25,5059.3,5147.45,-0.95,61.0,306491.82,-1
2024-12-22,2024-12-22 12:00:00,5147.45,5147.45,5098.3,5098.3,-0.95,61.0,306491.82,-1
2024-12-22,2024-12-22 13:00:00,5098.3,5098.3,5049.15,5049.15,-0.96,61.0,306491.82,-1
2024-12-22,2024-12-22 14:00:00,5049.15,5049.15,5000.0,5000.0,-0.97,61.0,306491.82,-1
2024-12-22,2024-12-22 15:00:00,5000.0,5197.9,4922.0,5000.0,0.0,61.0,306491.82,0
2024-12-23,2024-12-23 11:00:00,4905.0,5075.0,4860.05,4905.5,0.01,44.0,221054.44,1
2024-12-23,2024-12-23 12:00:00,4905.5,4906.0,4905.5,4906.0,0.01,44.0,221054.44,1
2024-12-23,2024-12-23 13:00:00,4906.0,4906.5,4906.0,4906.5,0.01,44.0,221054.44,1
2024-12-23,2024-12-23 14:00:00,4906.5,4907.0,4906.5,4907.0,0.01,44.0,221054.44,1
2024-12-23,2024-12-23 15:00:00,4907.0,5245.0,4815.1,4907.0,0.0,44.0,221054.44,0
2024-12-24,2024-12-24 11:00:00,5000.0,5198.85,4875.05,5099.43,1.99,2016.8,10236554.02,1
2024-12-24,2024-12-24 12:00:00,5099.43,5198.85,5099.43,5198.85,1.95,2016.8,10236554.02,1
2024-12-24,2024-12-24 13:00:00,5198.85,5298.27,5198.85,5298.27,1.91,2016.8,10236554.02,1
2024-12-24,2024-12-24 14:00:00,5298.27,5397.7,5298.27,5397.7,1.88,2016.8,10236554.02,1
2024-12-24,2024-12-24 15:00:00,5397.7,5397.7,4750.1,5397.7,0.0,2016.8,10236554.02,0
2024-12-26,2024-12-26 11:00:00,5289.8,5613.6,5257.4,5451.7,3.06,872.8,5040070.72,1
2024-12-26,2024-12-26 12:00:00,5451.7,5613.6,5451.7,5613.6,2.97,872.8,5040070.72,1
2024-12-26,2024-12-26 13:00:00,5613.6,5775.5,5613.6,5775.5,2.88,872.8,5040070.72,1
2024-12-26,2024-12-26 14:00:00,5775.5,5937.4,5775.5,5937.4,2.8,872.8,5040070.72,1
2024-12-26,2024-12-26 15:00:00,5937.4,5937.4,5225.0,5937.4,0.0,872.8,5040070.72,0
2024-12-29,2024-12-29 11:00:00,5937.4,6233.7,5878.7,6085.55,2.5,1961.6,11629560.02,1
2024-12-29,2024-12-29 12:00:00,6085.55,6233.7,6085.55,6233.7,2.43,1961.6,11629560.02,1
2024-12-29,2024-12-29 13:00:00,6233.7,6381.85,6233.7,6381.85,2.38,1961.6,11629560.02,1
2024-12-29,2024-12-29 14:00:00,6381.85,6530.0,6381.85,6530.0,2.32,1961.6,11629560.02,1
2024-12-29,2024-12-29 15:00:00,6530.0,6530.0,5820.0,6530.0,0.0,1961.6,11629560.02,0
2024-12-31,2024-12-31 11:00:00,5601.3,5885.65,5545.3,5585.98,-0.27,564.0,3141045.22,-1
2024-12-31,2024-12-31 12:00:00,5585.98,5585.98,5570.65,5570.65,-0.27,564.0,3141045.22,-1
2024-12-31,2024-12-31 13:00:00,5570.65,5570.65,5555.32,5555.32,-0.28,564.0,3141045.22,-1
2024-12-31,2024-12-31 14:00:00,5555.32,5555.32,5540.0,5540.0,-0.28,564.0,3141045.22,-1
2024-12-31,2024-12-31 15:00:00,5540.0,6170.0,5489.3,5540.0,0.0,564.0,3141045.22,0
2025-01-01,2025-01-01 11:00:00,5504.0,5797.0,5452.0,5650.5,2.66,346.2,1935036.48,1
2025-01-01,2025-01-01 12:00:00,5650.5,5797.0,5650.5,5797.0,2.59,346.2,1935036.48,1
2025-01-01,2025-01-01 13:00:00,5797.0,5943.5,5797.0,5943.5,2.53,346.2,1935036.48,1
2025-01-01,2025-01-01 14:00:00,5943.5,6090.0,5943.5,6090.0,2.46,346.2,1935036.48,1
2025-01-01,2025-01-01 15:00:00,6090.0,6090.0,5400.0,6090.0,0.0,346.2,1935036.48,0
2025-01-02,2025-01-02 11:00:00,5968.2,6269.1,5736.95,6118.65,2.52,2702.4,15490846.78,1
2025-01-02,2025-01-02 12:00:00,6118.65,6269.1,6118.65,6269.1,2.46,2702.4,15490846.78,1
2025-01-02,2025-01-02 13:00:00,6269.1,6419.55,6269.1,6419.55,2.4,2702.4,15490846.78,1
2025-01-02,2025-01-02 14:00:00,6419.55,6570.0,6419.55,6570.0,2.34,2702.4,15490846.78,1
2025-01-02,2025-01-02 15:00:00,6570.0,6570.0,5505.7,6570.0,0.0,2702.4,15490846.78,0
2025-01-05,2025-01-05 11:00:00,6438.6,6438.6,6188.8,6358.95,-1.24,282.2,1690982.6,-1
2025-01-05,2025-01-05 12:00:00,6358.95,6358.95,6279.3,6279.3,-1.25,282.2,1690982.6,-1
2025-01-05,2025-01-05 13:00:00,6279.3,6279.3,6199.65,6199.65,-1.27,282.2,1690982.6,-1
2025-01-05,2025-01-05 14:00:00,6199.65,6199.65,6120.0,6120.0,-1.28,282.2,1690982.6,-1
2025-01-05,2025-01-05 15:00:00,6120.0,6438.6,5939.0,6120.0,0.0,282.2,1690982.6,0
2025-01-06,2025-01-06 11:00:00,5997.6,6364.8,5840.8,6181.2,3.06,2152.4,12655460.3,1
2025-01-06,2025-01-06 12:00:00,6181.2,6364.8,6181.2,6364.8,2.97,2152.4,12655460.3,1
2025-01-06,2025-01-06 13:00:00,6364.8,6548.4,6364.8,6548.4,2.88,2152.4,12655460.3,1
2025-01-06,2025-01-06 14:00:00,6548.4,6732.0,6548.4,6732.0,2.8,2152.4,12655460.3,1
2025-01-06,2025-01-06 15:00:00,6732.0,6732.0,5684.0,6732.0,0.0,2152.4,12655460.3,0
2025-01-07,2025-01-07 11:00:00,6735.0,6735.0,6396.9,6565.95,-2.51,102.8,629953.68,-1
2025-01-07,2025-01-07 12:00:00,6565.95,6565.95,6396.9,6396.9,-2.57,102.8,629953.68,-1
2025-01-07,2025-01-07 13:00:00,6396.9,6396.9,6227.85,6227.85,-2.64,102.8,629953.68,-1
2025-01-07,2025-01-07 14:00:00,6227.85,6227.85,6058.8,6058.8,-2.71,102.8,629953.68,-1
2025-01-07,2025-01-07 15:00:00,6058.8,6735.0,6058.8,6058.8,0.0,102.8,629953.68,0
2025-01-08,2025-01-08 11:00:00,5937.7,6223.85,5695.35,6080.77,2.41,1264.0,7088525.86,1
2025-01-08,2025-01-08 12:00:00,6080.77,6223.85,6080.77,6223.85,2.35,1264.0,7088525.86,1
2025-01-08,2025-01-08 13:00:00,6223.85,6366.93,6223.85,6366.93,2.3,1264.0,7088525.86,1
2025-01-08,2025-01-08 14:00:00,6366.93,6510.0,6366.93,6510.0,2.25,1264.0,7088525.86,1
2025-01-08,2025-01-08 15:00:00,6510.0,6510.0,5453.0,6510.0,0.0,1264.0,7088525.86,0
2025-01-09,2025-01-09 11:00:00,6640.2,6640.2,6640.2,6640.2,0.0,2.4,15935.88,0
2025-01-09,2025-01-09 12:00:00,6640.2,6640.2,6640.2,6640.2,0.0,2.4,15935.88,0
2025-01-09,2025-01-09 13:00:00,6640.2,6640.2,6640.2,6640.2,0.0,2.4,15935.88,0
2025-01-09,2025-01-09 14:00:00,6640.2,6640.2,6640.2,6640.2,0.0,2.4,15935.88,0
2025-01-09,2025-01-09 15:00:00,6640.2,6640.2,6640.2,6640.2,0.0,2.4,15935.88,0
2025-01-12,2025-01-12 11:00:00,6640.2,6640.2,6445.0,6542.6,-1.47,11.6,74100.2,-1
2025-01-12,2025-01-12 12:00:00,6542.6,6542.6,6445.0,6445.0,-1.49,11.6,74100.2,-1
2025-01-12,2025-01-12 13:00:00,6445.0,6445.0,6347.4,6347.4,-1.51,11.6,74100.2,-1
2025-01-12,2025-01-12 14:00:00,6347.4,6347.4,6249.8,6249.8,-1.54,11.6,74100.2,-1
2025-01-12,2025-01-12 15:00:00,6249.8,6640.2,6249.8,6249.8,0.0,11.6,74100.2,0
2025-01-13,2025-01-13 11:00:00,6124.9,6124.9,5874.9,5999.9,-2.04,33.6,191596.72,-1
2025-01-13,2025-01-13 12:00:00,5999.9,5999.9,5874.9,5874.9,-2.08,33.6,191596.72,-1
2025-01-13,2025-01-13 13:00:00,5874.9,5874.9,5749.9,5749.9,-2.13,33.6,191596.72,-1
2025-01-13,2025-01-13 14:00:00,5749.9,5749.9,5624.9,5624.9,-2.17,33.6,191596.72,-1
2025-01-13,2025-01-13 15:00:00,5624.9,6124.9,5624.9,5624.9,0.0,33.6,191596.72,0
2025-01-15,2025-01-15 11:00:00,5512.5,5512.5,5287.5,5446.38,-1.2,714.2,3666123.38,-1
2025-01-15,2025-01-15 12:00:00,5446.38,5446.38,5380.25,5380.25,-1.21,714.2,3666123.38,-1
2025-01-15,2025-01-15 13:00:00,5380.25,5380.25,5314.12,5314.12,-1.23,714.2,3666123.38,-1
2025-01-15,2025-01-15 14:00:00,5314.12,5314.12,5248.0,5248.0,-1.24,714.2,3666123.38,-1
2025-01-15,2025-01-15 15:00:00,5248.0,5512.5,5062.5,5248.0,0.0,714.2,3666123.38,0
2025-01-16,2025-01-16 11:00:00,5143.1,5143.1,5071.55,5134.88,-0.16,201.6,1014727.44,-1
2025-01-16,2025-01-16 12:00:00,5134.88,5134.88,5126.65,5126.65,-0.16,201.6,1014727.44,-1
2025-01-16,2025-01-16 13:00:00,5126.65,5126.65,5118.43,5118.43,-0.16,201.6,1014727.44,-1
2025-01-16,2025-01-16 14:00:00,5118.43,5118.43,5110.2,5110.2,-0.16,201.6,1014727.44,-1
2025-01-16,2025-01-16 15:00:00,5110.2,5143.1,5000.0,5110.2,0.0,201.6,1014727.44,0
2025-01-19,2025-01-19 11:00:00,5008.0,5047.45,4909.0,5027.73,0.39,153.2,758680.4,1
2025-01-19,2025-01-19 12:00:00,5027.73,5047.45,5027.73,5047.45,0.39,153.2,758680.4,1
2025-01-19,2025-01-19 13:00:00,5047.45,5067.17,5047.45,5067.17,0.39,153.2,758680.4,1
2025-01-19,2025-01-19 14:00:00,5067.17,5086.9,5067.17,5086.9,0.39,153.2,758680.4,1
2025-01-19,2025-01-19 15:00:00,5086.9,5086.9,4810.0,5086.9,0.0,153.2,758680.4,0
2025-01-20,2025-01-20 11:00:00,5060.0,5060.0,4988.0,5025.25,-0.69,61.2,303917.04,-1
2025-01-20,2025-01-20 12:00:00,5025.25,5025.25,4990.5,4990.5,-0.69,61.2,303917.04,-1
2025-01-20,2025-01-20 13:00:00,4990.5,4990.5,4955.75,4955.75,-0.7,61.2,303917.04,-1
2025-01-20,2025-01-20 14:00:00,4955.75,4955.75,4921.0,4921.0,-0.7,61.2,303917.04,-1
2025-01-20,2025-01-20 15:00:00,4921.0,5060.0,4916.0,4921.0,0.0,61.2,303917.04,0
2025-01-21,2025-01-21 11:00:00,5018.9,5068.95,4867.55,4992.92,-0.52,222.8,1094737.84,-1
2025-01-21,2025-01-21 12:00:00,4992.92,4992.92,4966.95,4966.95,-0.52,222.8,1094737.84,-1
2025-01-21,2025-01-21 13:00:00,4966.95,4966.95,4940.98,4940.98,-0.52,222.8,1094737.84,-1
2025-01-21,2025-01-21 14:00:00,4940.98,4940.98,4915.0,4915.0,-0.53,222.8,1094737.84,-1
2025-01-21,2025-01-21 15:00:00,4915.0,5119.0,4716.2,4915.0,0.0,222.8,1094737.84,0
2025-01-22,2025-01-22 11:00:00,4825.0,4912.5,4822.5,4868.25,0.9,116.4,576224.5,1
2025-01-22,2025-01-22 12:00:00,4868.25,4911.5,4868.25,4911.5,0.89,116.4,576224.5,1
2025-01-22,2025-01-22 13:00:00,4911.5,4954.75,4911.5,4954.75,0.88,116.4,576224.5,1
2025-01-22,2025-01-22 14:00:00,4954.75,4998.0,4954.75,4998.0,0.87,116.4,576224.5,1
2025-01-22,2025-01-22 15:00:00,4998.0,5000.0,4820.0,4998.0,0.0,116.4,576224.5,0
2025-01-23,2025-01-23 11:00:00,5000.0,5000.0,4915.0,4998.5,-0.03,74.6,367165.58,-1
2025-01-23,2025-01-23 12:00:00,4998.5,4998.5,4997.0,4997.0,-0.03,74.6,367165.58,-1
2025-01-23,2025-01-23 13:00:00,4997.0,4997.0,4995.5,4995.5,-0.03,74.6,367165.58,-1
2025-01-23,2025-01-23 14:00:00,4995.5,4995.5,4994.0,4994.0,-0.03,74.6,367165.58,-1
2025-01-23,2025-01-23 15:00:00,4994.0,5000.0,4830.0,4994.0,0.0,74.6,367165.58,0
2025-01-26,2025-01-26 11:00:00,4995.2,4997.1,4928.1,4961.65,-0.67,71.2,350858.06,-1
2025-01-26,2025-01-26 12:00:00,4961.65,4961.65,4928.1,4928.1,-0.68,71.2,350858.06,-1
2025-01-26,2025-01-26 13:00:00,4928.1,4928.1,4894.55,4894.55,-0.68,71.2,350858.06,-1
2025-01-26,2025-01-26 14:00:00,4894.55,4894.55,4861.0,4861.0,-0.69,71.2,350858.06,-1
2025-01-26,2025-01-26 15:00:00,4861.0,4999.0,4861.0,4861.0,0.0,71.2,350858.06,0
2025-01-27,2025-01-27 11:00:00,4765.0,4937.15,4765.0,4836.25,1.5,280.0,1409046.44,1
2025-01-27,2025-01-27 12:00:00,4836.25,4907.5,4836.25,4907.5,1.47,280.0,1409046.44,1
2025-01-27,2025-01-27 13:00:00,4907.5,4978.75,4907.5,4978.75,1.45,280.0,1409046.44,1
2025-01-27,2025-01-27 14:00:00,4978.75,5050.0,4978.75,5050.0,1.43,280.0,1409046.44,1
2025-01-27,2025-01-27 15:00:00,5050.0,5109.3,4765.0,5050.0,0.0,280.0,1409046.44,0
2025-01-28,2025-01-28 11:00:00,4949.0,5029.0,4949.0,4986.25,0.75,181.8,913003.24,1
2025-01-28,2025-01-28 12:00:00,4986.25,5023.5,4986.25,5023.5,0.75,181.8,913003.24,1
2025-01-28,2025-01-28 13:00:00,5023.5,5060.75,5023.5,5060.75,0.74,181.8,913003.24,1
2025-01-28,2025-01-28 14:00:00,5060.75,5098.0,5060.75,5098.0,0.74,181.8,913003.24,1
2025-01-28,2025-01-28 15:00:00,5098.0,5109.0,4949.0,5098.0,0.0,181.8,913003.24,0
2025-02-02,2025-02-02 11:00:00,5010.0,5129.0,5010.0,5067.5,1.15,749.2,3880172.8,1
2025-02-02,2025-02-02 12:00:00,5067.5,5125.0,5067.5,5125.0,1.13,749.2,3880172.8,1
2025-02-02,2025-02-02 13:00:00,5125.0,5182.5,5125.0,5182.5,1.12,749.2,3880172.8,1
2025-02-02,2025-02-02 14:00:00,5182.5,5240.0,5182.5,5240.0,1.11,749.2,3880172.8,1
2025-02-02,2025-02-02 15:00:00,5240.0,5248.0,5010.0,5240.0,0.0,749.2,3880172.8,0
2025-02-03,2025-02-03 11:00:00,5175.0,5310.5,5090.0,5242.75,1.31,807.8,4114108.38,1
2025-02-03,2025-02-03 12:00:00,5242.75,5310.5,5242.75,5310.5,1.29,807.8,4114108.38,1
2025-02-03,2025-02-03 13:00:00,5310.5,5378.25,5310.5,5378.25,1.28,807.8,4114108.38,1
2025-02-03,2025-02-03 14:00:00,5378.25,5446.0,5378.25,5446.0,1.26,807.8,4114108.38,1
2025-02-03,2025-02-03 15:00:00,5446.0,5446.0,5005.0,5446.0,0.0,807.8,4114108.38,0
2025-02-04,2025-02-04 11:00:00,5446.0,5446.0,5186.75,5396.5,-0.91,736.4,3734479.6,-1
2025-02-04,2025-02-04 12:00:00,5396.5,5396.5,5347.0,5347.0,-0.92,736.4,3734479.6,-1
2025-02-04,2025-02-04 13:00:00,5347.0,5347.0,5297.5,5297.5,-0.93,736.4,3734479.6,-1
2025-02-04,2025-02-04 14:00:00,5297.5,5297.5,5248.0,5248.0,-0.93,736.4,3734479.6,-1
2025-02-04,2025-02-04 15:00:00,5248.0,5446.0,4927.5,5248.0,0.0,736.4,3734479.6,0
2025-02-05,2025-02-05 11:00:00,5150.0,5150.0,5025.0,5149.75,-0.0,1050.4,5272229.42,-1
2025-02-05,2025-02-05 12:00:00,5149.75,5149.75,5149.5,5149.5,-0.0,1050.4,5272229.42,-1
2025-02-05,2025-02-05 13:00:00,5149.5,5149.5,5149.25,5149.25,-0.0,1050.4,5272229.42,-1
2025-02-05,2025-02-05 14:00:00,5149.25,5149.25,5149.0,5149.0,-0.0,1050.4,5272229.42,-1
2025-02-05,2025-02-05 15:00:00,5149.0,5150.0,4900.0,5149.0,0.0,1050.4,5272229.42,0
2025-02-06,2025-02-06 11:00:00,5075.0,5082.5,5039.5,5057.75,-0.34,532.2,2691580.58,-1
2025-02-06,2025-02-06 12:00:00,5057.75,5057.75,5040.5,5040.5,-0.34,532.2,2691580.58,-1
2025-02-06,2025-02-06 13:00:00,5040.5,5040.5,5023.25,5023.25,-0.34,532.2,2691580.58,-1
2025-02-06,2025-02-06 14:00:00,5023.25,5023.25,5006.0,5006.0,-0.34,532.2,2691580.58,-1
2025-02-06,2025-02-06 15:00:00,5006.0,5090.0,5004.0,5006.0,0.0,532.2,2691580.58,0
2025-02-09,2025-02-09 11:00:00,5006.0,5008.0,4958.05,4992.0,-0.28,783.6,3906609.8,-1
2025-02-09,2025-02-09 12:00:00,4992.0,4992.0,4978.0,4978.0,-0.28,783.6,3906609.8,-1
2025-02-09,2025-02-09 13:00:00,4978.0,4978.0,4964.0,4964.0,-0.28,783.6,3906609.8,-1
2025-02-09,2025-02-09 14:00:00,4964.0,4964.0,4950.0,4950.0,-0.28,783.6,3906609.8,-1
2025-02-09,2025-02-09 15:00:00,4950.0,5010.0,4910.1,4950.0,0.0,783.6,3906609.8,0
2025-02-10,2025-02-10 11:00:00,5000.0,5000.0,4950.0,4998.75,-0.03,410.8,2034266.68,-1
2025-02-10,2025-02-10 12:00:00,4998.75,4998.75,4997.5,4997.5,-0.03,410.8,2034266.68,-1
2025-02-10,2025-02-10 13:00:00,4997.5,4997.5,4996.25,4996.25,-0.03,410.8,2034266.68,-1
2025-02-10,2025-02-10 14:00:00,4996.25,4996.25,4995.0,4995.0,-0.03,410.8,2034266.68,-1
2025-02-10,2025-02-10 15:00:00,4995.0,5000.0,4900.0,4995.0,0.0,410.8,2034266.68,0
2025-02-11,2025-02-11 11:00:00,4995.0,4995.0,4928.5,4968.75,-0.53,243.4,1189916.06,-1
2025-02-11,2025-02-11 12:00:00,4968.75,4968.75,4942.5,4942.5,-0.53,243.4,1189916.06,-1
2025-02-11,2025-02-11 13:00:00,4942.5,4942.5,4916.25,4916.25,-0.53,243.4,1189916.06,-1
2025-02-11,2025-02-11 14:00:00,4916.25,4916.25,4890.0,4890.0,-0.53,243.4,1189916.06,-1
2025-02-11,2025-02-11 15:00:00,4890.0,4995.0,4862.0,4890.0,0.0,243.4,1189916.06,0
2025-02-12,2025-02-12 11:00:00,4900.0,4940.0,4862.5,4887.5,-0.26,254.2,1231918.12,-1
2025-02-12,2025-02-12 12:00:00,4887.5,4887.5,4875.0,4875.0,-0.26,254.2,1231918.12,-1
2025-02-12,2025-02-12 13:00:00,4875.0,4875.0,4862.5,4862.5,-0.26,254.2,1231918.12,-1
2025-02-12,2025-02-12 14:00:00,4862.5,4862.5,4850.0,4850.0,-0.26,254.2,1231918.12,-1
2025-02-12,2025-02-12 15:00:00,4850.0,4980.0,4825.0,4850.0,0.0,254.2,1231918.12,0
2025-02-13,2025-02-13 11:00:00,4820.0,4850.0,4810.0,4822.5,0.05,160.0,771726.76,1
2025-02-13,2025-02-13 12:00:00,4822.5,4825.0,4822.5,4825.0,0.05,160.0,771726.76,1
2025-02-13,2025-02-13 13:00:00,4825.0,4827.5,4825.0,4827.5,0.05,160.0,771726.76,1
2025-02-13,2025-02-13 14:00:00,4827.5,4830.0,4827.5,4830.0,0.05,160.0,771726.76,1
2025-02-13,2025-02-13 15:00:00,4830.0,4880.0,4800.0,4830.0,0.0,160.0,771726.76,0
2025-02-16,2025-02-16 11:00:00,4800.0,4859.5,4800.0,4815.25,0.32,272.6,1322479.18,1
2025-02-16,2025-02-16 12:00:00,4815.25,4830.5,4815.25,4830.5,0.32,272.6,1322479.18,1
2025-02-16,2025-02-16 13:00:00,4830.5,4845.75,4830.5,4845.75,0.32,272.6,1322479.18,1
2025-02-16,2025-02-16 14:00:00,4845.75,4861.0,4845.75,4861.0,0.31,272.6,1322479.18,1
2025-02-16,2025-02-16 15:00:00,4861.0,4919.0,4800.0,4861.0,0.0,272.6,1322479.18,0
2025-02-17,2025-02-17 11:00:00,4946.9,5010.9,4908.45,4978.9,0.65,331.8,1656160.18,1
2025-02-17,2025-02-17 12:00:00,4978.9,5010.9,4978.9,5010.9,0.64,331.8,1656160.18,1
2025-02-17,2025-02-17 13:00:00,5010.9,5042.9,5010.9,5042.9,0.64,331.8,1656160.18,1
2025-02-17,2025-02-17 14:00:00,5042.9,5074.9,5042.9,5074.9,0.63,331.8,1656160.18,1
2025-02-17,2025-02-17 15:00:00,5074.9,5074.9,4870.0,5074.9,0.0,331.8,1656160.18,0
2025-02-18,2025-02-18 11:00:00,5074.0,5092.5,5012.5,5043.25,-0.61,231.6,1164033.4,-1
2025-02-18,2025-02-18 12:00:00,5043.25,5043.25,5012.5,5012.5,-0.61,231.6,1164033.4,-1
2025-02-18,2025-02-18 13:00:00,5012.5,5012.5,4981.75,4981.75,-0.61,231.6,1164033.4,-1
2025-02-18,2025-02-18 14:00:00,4981.75,4981.75,4951.0,4951.0,-0.62,231.6,1164033.4,-1
2025-02-18,2025-02-18 15:00:00,4951.0,5111.0,4951.0,4951.0,0.0,231.6,1164033.4,0
2025-02-20,2025-02-20 11:00:00,4987.0,4991.0,4925.0,4956.0,-0.62,107.0,526966.9,-1
2025-02-20,2025-02-20 12:00:00,4956.0,4956.0,4925.0,4925.0,-0.63,107.0,526966.9,-1
2025-02-20,2025-02-20 13:00:00,4925.0,4925.0,4894.0,4894.0,-0.63,107.0,526966.9,-1
2025-02-20,2025-02-20 14:00:00,4894.0,4894.0,4863.0,4863.0,-0.63,107.0,526966.9,-1
2025-02-20,2025-02-20 15:00:00,4863.0,4995.0,4863.0,4863.0,0.0,107.0,526966.9,0
2025-02-23,2025-02-23 11:00:00,4863.0,4931.5,4768.0,4888.48,0.52,382.6,1832574.66,1
2025-02-23,2025-02-23 12:00:00,4888.48,4913.95,4888.48,4913.95,0.52,382.6,1832574.66,1
2025-02-23,2025-02-23 13:00:00,4913.95,4939.42,4913.95,4939.42,0.52,382.6,1832574.66,1
2025-02-23,2025-02-23 14:00:00,4939.42,4964.9,4939.42,4964.9,0.52,382.6,1832574.66,1
2025-02-23,2025-02-23 15:00:00,4964.9,5000.0,4673.0,4964.9,0.0,382.6,1832574.66,0
2025-02-24,2025-02-24 11:00:00,4990.0,4990.0,4941.0,4965.5,-0.49,124.8,613068.9,-1
2025-02-24,2025-02-24 12:00:00,4965.5,4965.5,4941.0,4941.0,-0.49,124.8,613068.9,-1
2025-02-24,2025-02-24 13:00:00,4941.0,4941.0,4916.5,4916.5,-0.5,124.8,613068.9,-1
2025-02-24,2025-02-24 14:00:00,4916.5,4916.5,4892.0,4892.0,-0.5,124.8,613068.9,-1
2025-02-24,2025-02-24 15:00:00,4892.0,4990.0,4892.0,4892.0,0.0,124.8,613068.9,0
2025-02-25,2025-02-25 11:00:00,4840.0,4875.0,4835.05,4841.25,0.03,96.4,467851.0,1
2025-02-25,2025-02-25 12:00:00,4841.25,4842.5,4841.25,4842.5,0.03,96.4,467851.0,1
2025-02-25,2025-02-25 13:00:00,4842.5,4843.75,4842.5,4843.75,0.03,96.4,467851.0,1
2025-02-25,2025-02-25 14:00:00,4843.75,4845.0,4843.75,4845.0,0.03,96.4,467851.0,1
2025-02-25,2025-02-25 15:00:00,4845.0,4910.0,4830.1,4845.0,0.0,96.4,467851.0,0
2025-02-27,2025-02-27 11:00:00,4937.0,4937.0,4889.0,4914.0,-0.47,113.2,551988.32,-1
2025-02-27,2025-02-27 12:00:00,4914.0,4914.0,4891.0,4891.0,-0.47,113.2,551988.32,-1
2025-02-27,2025-02-27 13:00:00,4891.0,4891.0,4868.0,4868.0,-0.47,113.2,551988.32,-1
2025-02-27,2025-02-27 14:00:00,4868.0,4868.0,4845.0,4845.0,-0.47,113.2,551988.32,-1
2025-02-27,2025-02-27 15:00:00,4845.0,4937.0,4841.0,4845.0,0.0,113.2,551988.32,0
2025-03-02,2025-03-02 11:00:00,4850.0,4850.0,4799.05,4824.52,-0.53,230.6,1105075.4,-1
2025-03-02,2025-03-02 12:00:00,4824.52,4824.52,4799.05,4799.05,-0.53,230.6,1105075.4,-1
2025-03-02,2025-03-02 13:00:00,4799.05,4799.05,4773.58,4773.58,-0.53,230.6,1105075.4,-1
2025-03-02,2025-03-02 14:00:00,4773.58,4773.58,4748.1,4748.1,-0.53,230.6,1105075.4,-1
2025-03-02,2025-03-02 15:00:00,4748.1,4850.0,4748.1,4748.1,0.0,230.6,1105075.4,0
2025-03-03,2025-03-03 11:00:00,4751.0,4841.85,4735.5,4756.5,0.12,530.6,2528022.74,1
2025-03-03,2025-03-03 12:00:00,4756.5,4762.0,4756.5,4762.0,0.12,530.6,2528022.74,1
2025-03-03,2025-03-03 13:00:00,4762.0,4767.5,4762.0,4767.5,0.12,530.6,2528022.74,1
2025-03-03,2025-03-03 14:00:00,4767.5,4773.0,4767.5,4773.0,0.12,530.6,2528022.74,1
2025-03-03,2025-03-03 15:00:00,4773.0,4932.7,4720.0,4773.0,0.0,530.6,2528022.74,0
2025-03-04,2025-03-04 11:00:00,4700.0,4895.5,4700.0,4797.75,2.08,2291.4,11012665.1,1
2025-03-04,2025-03-04 12:00:00,4797.75,4895.5,4797.75,4895.5,2.04,2291.4,11012665.1,1
2025-03-04,2025-03-04 13:00:00,4895.5,4993.25,4895.5,4993.25,2.0,2291.4,11012665.1,1
2025-03-04,2025-03-04 14:00:00,4993.25,5091.0,4993.25,5091.0,1.96,2291.4,11012665.1,1
2025-03-04,2025-03-04 15:00:00,5091.0,5091.0,4700.0,5091.0,0.0,2291.4,11012665.1,0
2025-03-05,2025-03-05 11:00:00,4989.2,5094.6,4989.2,5031.9,0.86,1818.4,9326416.98,1
2025-03-05,2025-03-05 12:00:00,5031.9,5074.6,5031.9,5074.6,0.85,1818.4,9326416.98,1
2025-03-05,2025-03-05 13:00:00,5074.6,5117.3,5074.6,5117.3,0.84,1818.4,9326416.98,1
2025-03-05,2025-03-05 14:00:00,5117.3,5160.0,5117.3,5160.0,0.83,1818.4,9326416.98,1
2025-03-05,2025-03-05 15:00:00,5160.0,5200.0,4989.2,5160.0,0.0,1818.4,9326416.98,0
2025-03-06,2025-03-06 11:00:00,5056.8,5160.0,5031.4,5092.6,0.71,742.0,3848336.64,1
2025-03-06,2025-03-06 12:00:00,5092.6,5128.4,5092.6,5128.4,0.7,742.0,3848336.64,1
2025-03-06,2025-03-06 13:00:00,5128.4,5164.2,5128.4,5164.2,0.7,742.0,3848336.64,1
2025-03-06,2025-03-06 14:00:00,5164.2,5200.0,5164.2,5200.0,0.69,742.0,3848336.64,1
2025-03-06,2025-03-06 15:00:00,5200.0,5263.2,5006.0,5200.0,0.0,742.0,3848336.64,0
2025-03-09,2025-03-09 11:00:00,5210.0,5241.5,5055.0,5175.27,-0.67,1546.0,7694826.4,-1
2025-03-09,2025-03-09 12:00:00,5175.27,5175.27,5140.55,5140.55,-0.67,1546.0,7694826.4,-1
2025-03-09,2025-03-09 13:00:00,5140.55,5140.55,5105.83,5105.83,-0.68,1546.0,7694826.4,-1
2025-03-09,2025-03-09 14:00:00,5105.83,5105.83,5071.1,5071.1,-0.68,1546.0,7694826.4,-1
2025-03-09,2025-03-09 15:00:00,5071.1,5273.0,4900.0,5071.1,0.0,1546.0,7694826.4,0
2025-03-10,2025-03-10 11:00:00,5080.0,5140.0,5040.55,5098.0,0.35,1127.4,5838896.92,1
2025-03-10,2025-03-10 12:00:00,5098.0,5116.0,5098.0,5116.0,0.35,1127.4,5838896.92,1
2025-03-10,2025-03-10 13:00:00,5116.0,5134.0,5116.0,5134.0,0.35,1127.4,5838896.92,1
2025-03-10,2025-03-10 14:00:00,5134.0,5152.0,5134.0,5152.0,0.35,1127.4,5838896.92,1
2025-03-10,2025-03-10 15:00:00,5152.0,5200.0,5001.1,5152.0,0.0,1127.4,5838896.92,0
2025-03-11,2025-03-11 11:00:00,5080.0,5130.0,5040.05,5104.5,0.48,188.2,960699.46,1
2025-03-11,2025-03-11 12:00:00,5104.5,5129.0,5104.5,5129.0,0.48,188.2,960699.46,1
2025-03-11,2025-03-11 13:00:00,5129.0,5153.5,5129.0,5153.5,0.48,188.2,960699.46,1
2025-03-11,2025-03-11 14:00:00,5153.5,5178.0,5153.5,5178.0,0.48,188.2,960699.46,1
2025-03-11,2025-03-11 15:00:00,5178.0,5180.0,5000.1,5178.0,0.0,188.2,960699.46,0
2025-03-12,2025-03-12 11:00:00,5077.0,5138.5,5040.5,5107.75,0.61,114.6,585614.02,1
2025-03-12,2025-03-12 12:00:00,5107.75,5138.5,5107.75,5138.5,0.6,114.6,585614.02,1
2025-03-12,2025-03-12 13:00:00,5138.5,5169.25,5138.5,5169.25,0.6,114.6,585614.02,1
2025-03-12,2025-03-12 14:00:00,5169.25,5200.0,5169.25,5200.0,0.59,114.6,585614.02,1
2025-03-12,2025-03-12 15:00:00,5200.0,5200.0,5004.0,5200.0,0.0,114.6,585614.02,0
2025-03-16,2025-03-16 11:00:00,5096.0,5123.0,4995.5,5092.0,-0.08,285.4,1434396.0,-1
2025-03-16,2025-03-16 12:00:00,5092.0,5092.0,5088.0,5088.0,-0.08,285.4,1434396.0,-1
2025-03-16,2025-03-16 13:00:00,5088.0,5088.0,5084.0,5084.0,-0.08,285.4,1434396.0,-1
2025-03-16,2025-03-16 14:00:00,5084.0,5084.0,5080.0,5080.0,-0.08,285.4,1434396.0,-1
2025-03-16,2025-03-16 15:00:00,5080.0,5150.0,4895.0,5080.0,0.0,285.4,1434396.0,0
2025-03-17,2025-03-17 11:00:00,4991.0,5069.5,4985.5,5018.25,0.55,101.2,513987.02,1
2025-03-17,2025-03-17 12:00:00,5018.25,5045.5,5018.25,5045.5,0.54,101.2,513987.02,1
2025-03-17,2025-03-17 13:00:00,5045.5,5072.75,5045.5,5072.75,0.54,101.2,513987.02,1
2025-03-17,2025-03-17 14:00:00,5072.75,5100.0,5072.75,5100.0,0.54,101.2,513987.02,1
2025-03-17,2025-03-17 15:00:00,5100.0,5148.0,4980.0,5100.0,0.0,101.2,513987.02,0
2025-03-18,2025-03-18 11:00:00,5100.0,5148.95,5097.5,5098.77,-0.02,375.8,1950887.4,-1
2025-03-18,2025-03-18 12:00:00,5098.77,5098.77,5097.55,5097.55,-0.02,375.8,1950887.4,-1
2025-03-18,2025-03-18 13:00:00,5097.55,5097.55,5096.33,5096.33,-0.02,375.8,1950887.4,-1
2025-03-18,2025-03-18 14:00:00,5096.33,5096.33,5095.1,5095.1,-0.02,375.8,1950887.4,-1
2025-03-18,2025-03-18 15:00:00,5095.1,5197.9,5095.0,5095.1,0.0,375.8,1950887.4,0
2025-03-19,2025-03-19 11:00:00,4994.0,5081.0,4949.55,5029.5,0.71,950.8,4709023.8,1
2025-03-19,2025-03-19 12:00:00,5029.5,5065.0,5029.5,5065.0,0.71,950.8,4709023.8,1
2025-03-19,2025-03-19 13:00:00,5065.0,5100.5,5065.0,5100.5,0.7,950.8,4709023.8,1
2025-03-19,2025-03-19 14:00:00,5100.5,5136.0,5100.5,5136.0,0.7,950.8,4709023.8,1
2025-03-19,2025-03-19 15:00:00,5136.0,5168.0,4905.1,5136.0,0.0,950.8,4709023.8,0
2025-03-20,2025-03-20 11:00:00,5051.1,5065.55,5050.55,5052.08,0.02,65.2,329431.0,1
2025-03-20,2025-03-20 12:00:00,5052.08,5053.05,5052.08,5053.05,0.02,65.2,329431.0,1
2025-03-20,2025-03-20 13:00:00,5053.05,5054.02,5053.05,5054.02,0.02,65.2,329431.0,1
2025-03-20,2025-03-20 14:00:00,5054.02,5055.0,5054.02,5055.0,0.02,65.2,329431.0,1
2025-03-20,2025-03-20 15:00:00,5055.0,5080.0,5050.0,5055.0,0.0,65.2,329431.0,0
2025-03-23,2025-03-23 11:00:00,5070.0,5074.5,5037.5,5056.28,-0.27,260.6,1306180.8,-1
2025-03-23,2025-03-23 12:00:00,5056.28,5056.28,5042.56,5042.56,-0.27,260.6,1306180.8,-1
2025-03-23,2025-03-23 13:00:00,5042.56,5042.56,5028.84,5028.84,-0.27,260.6,1306180.8,-1
2025-03-23,2025-03-23 14:00:00,5028.84,5028.84,5015.12,5015.12,-0.27,260.6,1306180.8,-1
2025-03-23,2025-03-23 15:00:00,5015.12,5079.0,5005.0,5015.12,0.0,260.6,1306180.8,0
2025-03-24,2025-03-24 11:00:00,4999.0,5098.0,4999.0,5026.66,0.55,399.6,2004622.04,1
2025-03-24,2025-03-24 12:00:00,5026.66,5054.32,5026.66,5054.32,0.55,399.6,2004622.04,1
2025-03-24,2025-03-24 13:00:00,5054.32,5081.99,5054.32,5081.99,0.55,399.6,2004622.04,1
2025-03-24,2025-03-24 14:00:00,5081.99,5109.65,5081.99,5109.65,0.54,399.6,2004622.04,1
2025-03-24,2025-03-24 15:00:00,5109.65,5197.0,4999.0,5109.65,0.0,399.6,2004622.04,0
2025-03-25,2025-03-25 11:00:00,5009.9,5094.45,5008.7,5010.36,0.01,76.8,385416.1,1
2025-03-25,2025-03-25 12:00:00,5010.36,5010.81,5010.36,5010.81,0.01,76.8,385416.1,1
2025-03-25,2025-03-25 13:00:00,5010.81,5011.27,5010.81,5011.27,0.01,76.8,385416.1,1
2025-03-25,2025-03-25 14:00:00,5011.27,5011.73,5011.27,5011.73,0.01,76.8,385416.1,1
2025-03-25,2025-03-25 15:00:00,5011.73,5179.0,5007.5,5011.73,0.0,76.8,385416.1,0
2025-03-26,2025-03-26 11:00:00,5030.0,5054.0,4990.85,5020.12,-0.2,22.4,112465.2,-1
2025-03-26,2025-03-26 12:00:00,5020.12,5020.12,5010.24,5010.24,-0.2,22.4,112465.2,-1
2025-03-26,2025-03-26 13:00:00,5010.24,5010.24,5000.35,5000.35,-0.2,22.4,112465.2,-1
2025-03-26,2025-03-26 14:00:00,5000.35,5000.35,4990.47,4990.47,-0.2,22.4,112465.2,-1
2025-03-26,2025-03-26 15:00:00,4990.47,5078.0,4951.7,4990.47,0.0,22.4,112465.2,0
2025-03-27,2025-03-27 11:00:00,5090.0,5120.5,5005.0,5103.43,0.26,649.4,3271744.2,1
2025-03-27,2025-03-27 12:00:00,5103.43,5116.87,5103.43,5116.87,0.26,649.4,3271744.2,1
2025-03-27,2025-03-27 13:00:00,5116.87,5130.31,5116.87,5130.31,0.26,649.4,3271744.2,1
2025-03-27,2025-03-27 14:00:00,5130.31,5143.74,5130.31,5143.74,0.26,649.4,3271744.2,1
2025-03-27,2025-03-27 15:00:00,5143.74,5151.0,4920.0,5143.74,0.0,649.4,3271744.2,0
2025-03-30,2025-03-30 11:00:00,5145.0,5145.0,5074.0,5125.0,-0.39,104.2,530045.0,-1
2025-03-30,2025-03-30 12:00:00,5125.0,5125.0,5105.0,5105.0,-0.39,104.2,530045.0,-1
2025-03-30,2025-03-30 13:00:00,5105.0,5105.0,5085.0,5085.0,-0.39,104.2,530045.0,-1
2025-03-30,2025-03-30 14:00:00,5085.0,5085.0,5065.0,5065.0,-0.39,104.2,530045.0,-1
2025-03-30,2025-03-30 15:00:00,5065.0,5145.0,5003.0,5065.0,0.0,104.2,530045.0,0
2025-04-01,2025-04-01 11:00:00,5011.0,5060.0,5011.0,5031.76,0.41,591.6,3011205.12,1
2025-04-01,2025-04-01 12:00:00,5031.76,5052.52,5031.76,5052.52,0.41,591.6,3011205.12,1
2025-04-01,2025-04-01 13:00:00,5052.52,5073.29,5052.52,5073.29,0.41,591.6,3011205.12,1
2025-04-01,2025-04-01 14:00:00,5073.29,5094.05,5073.29,5094.05,0.41,591.6,3011205.12,1
2025-04-01,2025-04-01 15:00:00,5094.05,5109.0,5011.0,5094.05,0.0,591.6,3011205.12,0
2025-04-02,2025-04-02 11:00:00,4995.0,5044.5,4995.0,5018.44,0.47,29.4,148237.0,1
2025-04-02,2025-04-02 12:00:00,5018.44,5041.88,5018.44,5041.88,0.47,29.4,148237.0,1
2025-04-02,2025-04-02 13:00:00,5041.88,5065.31,5041.88,5065.31,0.46,29.4,148237.0,1
2025-04-02,2025-04-02 14:00:00,5065.31,5088.75,5065.31,5088.75,0.46,29.4,148237.0,1
2025-04-02,2025-04-02 15:00:00,5088.75,5094.0,4995.0,5088.75,0.0,29.4,148237.0,0
2025-04-03,2025-04-03 11:00:00,5088.75,5109.38,5051.88,5072.98,-0.31,196.0,985567.42,-1
2025-04-03,2025-04-03 12:00:00,5072.98,5072.98,5057.22,5057.22,-0.31,196.0,985567.42,-1
2025-04-03,2025-04-03 13:00:00,5057.22,5057.22,5041.45,5041.45,-0.31,196.0,985567.42,-1
2025-04-03,2025-04-03 14:00:00,5041.45,5041.45,5025.68,5025.68,-0.31,196.0,985567.42,-1
2025-04-03,2025-04-03 15:00:00,5025.68,5130.0,5015.0,5025.68,0.0,196.0,985567.42,0
2025-04-07,2025-04-07 11:00:00,5026.0,5107.85,5013.0,5059.73,0.67,339.8,1741937.56,1
2025-04-07,2025-04-07 12:00:00,5059.73,5093.45,5059.73,5093.45,0.67,339.8,1741937.56,1
2025-04-07,2025-04-07 13:00:00,5093.45,5127.17,5093.45,5127.17,0.66,339.8,1741937.56,1
2025-04-07,2025-04-07 14:00:00,5127.17,5160.9,5127.17,5160.9,0.66,339.8,1741937.56,1
2025-04-07,2025-04-07 15:00:00,5160.9,5189.7,5000.0,5160.9,0.0,339.8,1741937.56,0
2025-04-08,2025-04-08 11:00:00,5057.7,5086.35,5045.35,5066.1,0.17,81.8,415644.56,1
2025-04-08,2025-04-08 12:00:00,5066.1,5074.51,5066.1,5074.51,0.17,81.8,415644.56,1
2025-04-08,2025-04-08 13:00:00,5074.51,5082.91,5074.51,5082.91,0.17,81.8,415644.56,1
2025-04-08,2025-04-08 14:00:00,5082.91,5091.31,5082.91,5091.31,0.17,81.8,415644.56,1
2025-04-08,2025-04-08 15:00:00,5091.31,5115.0,5033.0,5091.31,0.0,81.8,415644.56,0
2025-04-09,2025-04-09 11:00:00,5189.0,5189.5,5102.0,5175.9,-0.25,639.8,3277967.2,-1
2025-04-09,2025-04-09 12:00:00,5175.9,5175.9,5162.79,5162.79,-0.25,639.8,3277967.2,-1
2025-04-09,2025-04-09 13:00:00,5162.79,5162.79,5149.68,5149.68,-0.25,639.8,3277967.2,-1
2025-04-09,2025-04-09 14:00:00,5149.68,5149.68,5136.58,5136.58,-0.25,639.8,3277967.2,-1
2025-04-09,2025-04-09 15:00:00,5136.58,5190.0,5015.0,5136.58,0.0,639.8,3277967.2,0
2025-04-10,2025-04-10 11:00:00,5035.4,5127.7,5035.4,5076.72,0.82,611.8,3176537.42,1
2025-04-10,2025-04-10 12:00:00,5076.72,5118.05,5076.72,5118.05,0.81,611.8,3176537.42,1
2025-04-10,2025-04-10 13:00:00,5118.05,5159.38,5118.05,5159.38,0.81,611.8,3176537.42,1
2025-04-10,2025-04-10 14:00:00,5159.38,5200.7,5159.38,5200.7,0.8,611.8,3176537.42,1
2025-04-10,2025-04-10 15:00:00,5200.7,5220.0,5035.4,5200.7,0.0,611.8,3176537.42,0
2025-04-13,2025-04-13 11:00:00,5110.0,5307.5,5110.0,5193.0,1.62,328.2,1749967.08,1
2025-04-13,2025-04-13 12:00:00,5193.0,5276.0,5193.0,5276.0,1.6,328.2,1749967.08,1
2025-04-13,2025-04-13 13:00:00,5276.0,5359.0,5276.0,5359.0,1.57,328.2,1749967.08,1
2025-04-13,2025-04-13 14:00:00,5359.0,5442.0,5359.0,5442.0,1.55,328.2,1749967.08,1
2025-04-13,2025-04-13 15:00:00,5442.0,5505.0,5110.0,5442.0,0.0,328.2,1749967.08,0
2025-04-15,2025-04-15 11:00:00,5440.0,5445.0,5283.0,5390.02,-0.92,1044.2,5463959.54,-1
2025-04-15,2025-04-15 12:00:00,5390.02,5390.02,5340.05,5340.05,-0.93,1044.2,5463959.54,-1
2025-04-15,2025-04-15 13:00:00,5340.05,5340.05,5290.08,5290.08,-0.94,1044.2,5463959.54,-1
2025-04-15,2025-04-15 14:00:00,5290.08,5290.08,5240.1,5240.1,-0.94,1044.2,5463959.54,-1
2025-04-15,2025-04-15 15:00:00,5240.1,5450.0,5126.0,5240.1,0.0,1044.2,5463959.54,0
2025-04-16,2025-04-16 11:00:00,5136.0,5239.5,5136.0,5170.5,0.67,77.2,404761.76,1
2025-04-16,2025-04-16 12:00:00,5170.5,5205.0,5170.5,5205.0,0.67,77.2,404761.76,1
2025-04-16,2025-04-16 13:00:00,5205.0,5239.5,5205.0,5239.5,0.66,77.2,404761.76,1
2025-04-16,2025-04-16 14:00:00,5239.5,5274.0,5239.5,5274.0,0.66,77.2,404761.76,1
2025-04-16,2025-04-16 15:00:00,5274.0,5343.0,5136.0,5274.0,0.0,77.2,404761.76,0
2025-04-17,2025-04-17 11:00:00,5200.5,5310.5,5200.25,5238.61,0.73,934.0,4896405.84,1
2025-04-17,2025-04-17 12:00:00,5238.61,5276.73,5238.61,5276.73,0.73,934.0,4896405.84,1
2025-04-17,2025-04-17 13:00:00,5276.73,5314.84,5276.73,5314.84,0.72,934.0,4896405.84,1
2025-04-17,2025-04-17 14:00:00,5314.84,5352.95,5314.84,5352.95,0.72,934.0,4896405.84,1
2025-04-17,2025-04-17 15:00:00,5352.95,5420.5,5200.0,5352.95,0.0,934.0,4896405.84,0
2025-04-20,2025-04-20 11:00:00,5300.0,5380.0,5278.55,5317.71,0.33,173.2,919673.4,1
2025-04-20,2025-04-20 12:00:00,5317.71,5335.41,5317.71,5335.41,0.33,173.2,919673.4,1
2025-04-20,2025-04-20 13:00:00,5335.41,5353.12,5335.41,5353.12,0.33,173.2,919673.4,1
2025-04-20,2025-04-20 14:00:00,5353.12,5370.83,5353.12,5370.83,0.33,173.2,919673.4,1
2025-04-20,2025-04-20 15:00:00,5370.83,5460.0,5257.1,5370.83,0.0,173.2,919673.4,0
2025-04-21,2025-04-21 11:00:00,5320.0,5385.0,5310.15,5343.18,0.44,146.8,791869.9,1
2025-04-21,2025-04-21 12:00:00,5343.18,5366.37,5343.18,5366.37,0.43,146.8,791869.9,1
2025-04-21,2025-04-21 13:00:00,5366.37,5389.56,5366.37,5389.56,0.43,146.8,791869.9,1
2025-04-21,2025-04-21 14:00:00,5389.56,5412.74,5389.56,5412.74,0.43,146.8,791869.9,1
2025-04-21,2025-04-21 15:00:00,5412.74,5450.0,5300.3,5412.74,0.0,146.8,791869.9,0
2025-04-22,2025-04-22 11:00:00,5305.0,5379.0,5305.0,5319.18,0.27,162.8,875523.08,1
2025-04-22,2025-04-22 12:00:00,5319.18,5333.37,5319.18,5333.37,0.27,162.8,875523.08,1
2025-04-22,2025-04-22 13:00:00,5333.37,5347.56,5333.37,5347.56,0.27,162.8,875523.08,1
2025-04-22,2025-04-22 14:00:00,5347.56,5361.74,5347.56,5361.74,0.27,162.8,875523.08,1
2025-04-22,2025-04-22 15:00:00,5361.74,5453.0,5305.0,5361.74,0.0,162.8,875523.08,0
2025-04-23,2025-04-23 11:00:00,5361.74,5399.37,5320.87,5360.64,-0.02,168.4,897585.14,-1
2025-04-23,2025-04-23 12:00:00,5360.64,5360.64,5359.53,5359.53,-0.02,168.4,897585.14,-1
2025-04-23,2025-04-23 13:00:00,5359.53,5359.53,5358.43,5358.43,-0.02,168.4,897585.14,-1
2025-04-23,2025-04-23 14:00:00,5358.43,5358.43,5357.33,5357.33,-0.02,168.4,897585.14,-1
2025-04-23,2025-04-23 15:00:00,5357.33,5437.0,5280.0,5357.33,0.0,168.4,897585.14,0
2025-04-24,2025-04-24 11:00:00,5270.0,5363.5,5265.05,5306.73,0.7,732.2,3891995.02,1
2025-04-24,2025-04-24 12:00:00,5306.73,5343.47,5306.73,5343.47,0.69,732.2,3891995.02,1
2025-04-24,2025-04-24 13:00:00,5343.47,5380.2,5343.47,5380.2,0.69,732.2,3891995.02,1
2025-04-24,2025-04-24 14:00:00,5380.2,5416.94,5380.2,5416.94,0.68,732.2,3891995.02,1
2025-04-24,2025-04-24 15:00:00,5416.94,5457.0,5260.1,5416.94,0.0,732.2,3891995.02,0
2025-04-27,2025-04-27 11:00:00,5320.1,5320.55,5320.05,5320.11,0.0,88.4,470250.76,1
2025-04-27,2025-04-27 12:00:00,5320.11,5320.11,5320.11,5320.11,0.0,88.4,470250.76,0
2025-04-27,2025-04-27 13:00:00,5320.11,5320.11,5320.11,5320.11,0.0,88.4,470250.76,0
2025-04-27,2025-04-27 14:00:00,5320.11,5320.12,5320.11,5320.12,0.0,88.4,470250.76,1
2025-04-27,2025-04-27 15:00:00,5320.12,5321.0,5320.0,5320.12,0.0,88.4,470250.76,0
2025-04-28,2025-04-28 11:00:00,5285.0,5317.0,5282.5,5288.78,0.07,181.6,962221.28,1
2025-04-28,2025-04-28 12:00:00,5288.78,5292.56,5288.78,5292.56,0.07,181.6,962221.28,1
2025-04-28,2025-04-28 13:00:00,5292.56,5296.33,5292.56,5296.33,0.07,181.6,962221.28,1
2025-04-28,2025-04-28 14:00:00,5296.33,5300.11,5296.33,5300.11,0.07,181.6,962221.28,1
2025-04-28,2025-04-28 15:00:00,5300.11,5349.0,5280.0,5300.11,0.0,181.6,962221.28,0
2025-04-29,2025-04-29 11:00:00,5295.0,5295.0,5247.5,5276.32,-0.35,63.8,333335.4,-1
2025-04-29,2025-04-29 12:00:00,5276.32,5276.32,5257.64,5257.64,-0.35,63.8,333335.4,-1
2025-04-29,2025-04-29 13:00:00,5257.64,5257.64,5238.96,5238.96,-0.36,63.8,333335.4,-1
2025-04-29,2025-04-29 14:00:00,5238.96,5238.96,5220.28,5220.28,-0.36,63.8,333335.4,-1
2025-04-29,2025-04-29 15:00:00,5220.28,5295.0,5200.0,5220.28,0.0,63.8,333335.4,0
2025-04-30,2025-04-30 11:00:00,5250.0,5355.0,5225.0,5276.73,0.51,165.8,876440.6,1
2025-04-30,2025-04-30 12:00:00,5276.73,5303.47,5276.73,5303.47,0.51,165.8,876440.6,1
2025-04-30,2025-04-30 13:00:00,5303.47,5330.2,5303.47,5330.2,0.5,165.8,876440.6,1
2025-04-30,2025-04-30 14:00:00,5330.2,5356.94,5330.2,5356.94,0.5,165.8,876440.6,1
2025-04-30,2025-04-30 15:00:00,5356.94,5460.0,5200.0,5356.94,0.0,165.8,876440.6,0
2025-05-04,2025-05-04 11:00:00,5398.0,5398.0,5334.5,5373.75,-0.45,31.8,168440.32,-1
2025-05-04,2025-05-04 12:00:00,5373.75,5373.75,5349.5,5349.5,-0.45,31.8,168440.32,-1
2025-05-04,2025-05-04 13:00:00,5349.5,5349.5,5325.25,5325.25,-0.45,31.8,168440.32,-1
2025-05-04,2025-05-04 14:00:00,5325.25,5325.25,5301.0,5301.0,-0.46,31.8,168440.32,-1
2025-05-04,2025-05-04 15:00:00,5301.0,5398.0,5271.0,5301.0,0.0,31.8,168440.32,0
2025-05-05,2025-05-05 11:00:00,5250.1,5325.05,5250.05,5265.1,0.29,84.2,446629.6,1
2025-05-05,2025-05-05 12:00:00,5265.1,5280.1,5265.1,5280.1,0.28,84.2,446629.6,1
2025-05-05,2025-05-05 13:00:00,5280.1,5295.1,5280.1,5295.1,0.28,84.2,446629.6,1
2025-05-05,2025-05-05 14:00:00,5295.1,5310.1,5295.1,5310.1,0.28,84.2,446629.6,1
2025-05-05,2025-05-05 15:00:00,5310.1,5400.0,5250.0,5310.1,0.0,84.2,446629.6,0
2025-05-06,2025-05-06 11:00:00,5300.0,5300.0,5276.0,5292.24,-0.15,18.6,97969.2,-1
2025-05-06,2025-05-06 12:00:00,5292.24,5292.24,5284.48,5284.48,-0.15,18.6,97969.2,-1
2025-05-06,2025-05-06 13:00:00,5284.48,5284.48,5276.72,5276.72,-0.15,18.6,97969.2,-1
2025-05-06,2025-05-06 14:00:00,5276.72,5276.72,5268.96,5268.96,-0.15,18.6,97969.2,-1
2025-05-06,2025-05-06 15:00:00,5268.96,5300.0,5252.0,5268.96,0.0,18.6,97969.2,0
2025-05-07,2025-05-07 11:00:00,5200.1,5250.05,5200.05,5224.86,0.48,112.6,590167.84,1
2025-05-07,2025-05-07 12:00:00,5224.86,5249.62,5224.86,5249.62,0.47,112.6,590167.84,1
2025-05-07,2025-05-07 13:00:00,5249.62,5274.38,5249.62,5274.38,0.47,112.6,590167.84,1
2025-05-07,2025-05-07 14:00:00,5274.38,5299.14,5274.38,5299.14,0.47,112.6,590167.84,1
2025-05-07,2025-05-07 15:00:00,5299.14,5300.0,5200.0,5299.14,0.0,112.6,590167.84,0
2025-05-08,2025-05-08 11:00:00,5200.4,5300.2,5200.4,5250.3,0.96,31.4,166359.78,1
2025-05-08,2025-05-08 12:00:00,5250.3,5300.2,5250.3,5300.2,0.95,31.4,166359.78,1
2025-05-08,2025-05-08 13:00:00,5300.2,5350.1,5300.2,5350.1,0.94,31.4,166359.78,1
2025-05-08,2025-05-08 14:00:00,5350.1,5400.0,5350.1,5400.0,0.93,31.4,166359.78,1
2025-05-08,2025-05-08 15:00:00,5400.0,5400.0,5200.4,5400.0,0.0,31.4,166359.78,0
2025-05-11,2025-05-11 11:00:00,5400.0,5400.0,5300.15,5399.25,-0.01,460.0,2397883.52,-1
2025-05-11,2025-05-11 12:00:00,5399.25,5399.25,5398.5,5398.5,-0.01,460.0,2397883.52,-1
2025-05-11,2025-05-11 13:00:00,5398.5,5398.5,5397.75,5397.75,-0.01,460.0,2397883.52,-1
2025-05-11,2025-05-11 14:00:00,5397.75,5397.75,5397.0,5397.0,-0.01,460.0,2397883.52,-1
2025-05-11,2025-05-11 15:00:00,5397.0,5400.0,5200.3,5397.0,0.0,460.0,2397883.52,0
2025-05-13,2025-05-13 11:00:00,5407.0,5407.0,5303.5,5371.99,-0.65,42.4,222182.98,-1
2025-05-13,2025-05-13 12:00:00,5371.99,5371.99,5336.98,5336.98,-0.65,42.4,222182.98,-1
2025-05-13,2025-05-13 13:00:00,5336.98,5336.98,5301.97,5301.97,-0.66,42.4,222182.98,-1
2025-05-13,2025-05-13 14:00:00,5301.97,5301.97,5266.96,5266.96,-0.66,42.4,222182.98,-1
2025-05-13,2025-05-13 15:00:00,5266.96,5407.0,5200.0,5266.96,0.0,42.4,222182.98,0
2025-05-14,2025-05-14 11:00:00,5266.96,5273.48,5205.98,5239.35,-0.52,126.2,651753.7,-1
2025-05-14,2025-05-14 12:00:00,5239.35,5239.35,5211.73,5211.73,-0.53,126.2,651753.7,-1
2025-05-14,2025-05-14 13:00:00,5211.73,5211.73,5184.11,5184.11,-0.53,126.2,651753.7,-1
2025-05-14,2025-05-14 14:00:00,5184.11,5184.11,5156.5,5156.5,-0.53,126.2,651753.7,-1
2025-05-14,2025-05-14 15:00:00,5156.5,5280.0,5145.0,5156.5,0.0,126.2,651753.7,0
2025-05-15,2025-05-15 11:00:00,5097.9,5225.9,5097.9,5159.67,1.21,175.4,925766.8,1
2025-05-15,2025-05-15 12:00:00,5159.67,5221.45,5159.67,5221.45,1.2,175.4,925766.8,1
2025-05-15,2025-05-15 13:00:00,5221.45,5283.23,5221.45,5283.23,1.18,175.4,925766.8,1
2025-05-15,2025-05-15 14:00:00,5283.23,5345.0,5283.23,5345.0,1.17,175.4,925766.8,1
2025-05-15,2025-05-15 15:00:00,5345.0,5353.9,5097.9,5345.0,0.0,175.4,925766.8,0
2025-05-18,2025-05-18 11:00:00,5250.0,5299.0,5244.05,5249.51,-0.01,67.2,353333.88,-1
2025-05-18,2025-05-18 12:00:00,5249.51,5249.51,5249.01,5249.01,-0.01,67.2,353333.88,-1
2025-05-18,2025-05-18 13:00:00,5249.01,5249.01,5248.52,5248.52,-0.01,67.2,353333.88,-1
2025-05-18,2025-05-18 14:00:00,5248.52,5248.52,5248.03,5248.03,-0.01,67.2,353333.88,-1
2025-05-18,2025-05-18 15:00:00,5248.03,5348.0,5238.1,5248.03,0.0,67.2,353333.88,0
2025-05-19,2025-05-19 11:00:00,5151.1,5227.55,5103.15,5188.2,0.72,349.0,1781511.74,1
2025-05-19,2025-05-19 12:00:00,5188.2,5225.3,5188.2,5225.3,0.72,349.0,1781511.74,1
2025-05-19,2025-05-19 13:00:00,5225.3,5262.4,5225.3,5262.4,0.71,349.0,1781511.74,1
2025-05-19,2025-05-19 14:00:00,5262.4,5299.5,5262.4,5299.5,0.71,349.0,1781511.74,1
2025-05-19,2025-05-19 15:00:00,5299.5,5304.0,5055.2,5299.5,0.0,349.0,1781511.74,0
2025-05-20,2025-05-20 11:00:00,5194.0,5239.5,5177.0,5197.41,0.07,46.8,243278.44,1
2025-05-20,2025-05-20 12:00:00,5197.41,5200.83,5197.41,5200.83,0.07,46.8,243278.44,1
2025-05-20,2025-05-20 13:00:00,5200.83,5204.24,5200.83,5204.24,0.07,46.8,243278.44,1
2025-05-20,2025-05-20 14:00:00,5204.24,5207.66,5204.24,5207.66,0.07,46.8,243278.44,1
2025-05-20,2025-05-20 15:00:00,5207.66,5285.0,5160.0,5207.66,0.0,46.8,243278.44,0
2025-05-21,2025-05-21 11:00:00,5311.8,5364.9,5215.9,5293.17,-0.35,556.8,2938690.16,-1
2025-05-21,2025-05-21 12:00:00,5293.17,5293.17,5274.53,5274.53,-0.35,556.8,2938690.16,-1
2025-05-21,2025-05-21 13:00:00,5274.53,5274.53,5255.9,5255.9,-0.35,556.8,2938690.16,-1
2025-05-21,2025-05-21 14:00:00,5255.9,5255.9,5237.27,5237.27,-0.35,556.8,2938690.16,-1
2025-05-21,2025-05-21 15:00:00,5237.27,5418.0,5120.0,5237.27,0.0,556.8,2938690.16,0
2025-05-22,2025-05-22 11:00:00,5200.0,5350.0,5176.7,5253.76,1.03,1197.0,6238740.32,1
2025-05-22,2025-05-22 12:00:00,5253.76,5307.52,5253.76,5307.52,1.02,1197.0,6238740.32,1
2025-05-22,2025-05-22 13:00:00,5307.52,5361.29,5307.52,5361.29,1.01,1197.0,6238740.32,1
2025-05-22,2025-05-22 14:00:00,5361.29,5415.05,5361.29,5415.05,1.0,1197.0,6238740.32,1
2025-05-22,2025-05-22 15:00:00,5415.05,5500.0,5153.4,5415.05,0.0,1197.0,6238740.32,0
2025-05-25,2025-05-25 11:00:00,5310.0,5335.0,5308.4,5320.78,0.2,51.8,276241.2,1
2025-05-25,2025-05-25 12:00:00,5320.78,5331.57,5320.78,5331.57,0.2,51.8,276241.2,1
2025-05-25,2025-05-25 13:00:00,5331.57,5342.35,5331.57,5342.35,0.2,51.8,276241.2,1
2025-05-25,2025-05-25 14:00:00,5342.35,5353.13,5342.35,5353.13,0.2,51.8,276241.2,1
2025-05-25,2025-05-25 15:00:00,5353.13,5360.0,5306.8,5353.13,0.0,51.8,276241.2,0
2025-05-26,2025-05-26 11:00:00,5353.13,5426.57,5326.76,5370.89,0.33,185.4,1000496.4,1
2025-05-26,2025-05-26 12:00:00,5370.89,5388.66,5370.89,5388.66,0.33,185.4,1000496.4,1
2025-05-26,2025-05-26 13:00:00,5388.66,5406.42,5388.66,5406.42,0.33,185.4,1000496.4,1
2025-05-26,2025-05-26 14:00:00,5406.42,5424.18,5406.42,5424.18,0.33,185.4,1000496.4,1
2025-05-26,2025-05-26 15:00:00,5424.18,5500.0,5300.4,5424.18,0.0,185.4,1000496.4,0
2025-05-27,2025-05-27 11:00:00,5331.1,5385.05,5331.1,5357.65,0.5,604.4,3285144.38,1
2025-05-27,2025-05-27 12:00:00,5357.65,5384.2,5357.65,5384.2,0.5,604.4,3285144.38,1
2025-05-27,2025-05-27 13:00:00,5384.2,5410.75,5384.2,5410.75,0.49,604.4,3285144.38,1
2025-05-27,2025-05-27 14:00:00,5410.75,5437.3,5410.75,5437.3,0.49,604.4,3285144.38,1
2025-05-27,2025-05-27 15:00:00,5437.3,5439.0,5331.1,5437.3,0.0,604.4,3285144.38,0
2025-05-28,2025-05-28 11:00:00,5437.3,5467.65,5391.35,5449.36,0.22,67.4,363830.38,1
2025-05-28,2025-05-28 12:00:00,5449.36,5461.41,5449.36,5461.41,0.22,67.4,363830.38,1
2025-05-28,2025-05-28 13:00:00,5461.41,5473.47,5461.41,5473.47,0.22,67.4,363830.38,1
2025-05-28,2025-05-28 14:00:00,5473.47,5485.52,5473.47,5485.52,0.22,67.4,363830.38,1
2025-05-28,2025-05-28 15:00:00,5485.52,5498.0,5345.4,5485.52,0.0,67.4,363830.38,0
2025-06-02,2025-06-02 11:00:00,5376.0,5442.0,5363.0,5401.43,0.47,581.2,3188828.12,1
2025-06-02,2025-06-02 12:00:00,5401.43,5426.86,5401.43,5426.86,0.47,581.2,3188828.12,1
2025-06-02,2025-06-02 13:00:00,5426.86,5452.3,5426.86,5452.3,0.47,581.2,3188828.12,1
2025-06-02,2025-06-02 14:00:00,5452.3,5477.73,5452.3,5477.73,0.47,581.2,3188828.12,1
2025-06-02,2025-06-02 15:00:00,5477.73,5508.0,5350.0,5477.73,0.0,581.2,3188828.12,0
2025-06-03,2025-06-03 11:00:00,5477.73,5563.86,5439.22,5506.9,0.53,901.6,4988377.66,1
2025-06-03,2025-06-03 12:00:00,5506.9,5536.07,5506.9,5536.07,0.53,901.6,4988377.66,1
2025-06-03,2025-06-03 13:00:00,5536.07,5565.24,5536.07,5565.24,0.53,901.6,4988377.66,1
2025-06-03,2025-06-03 14:00:00,5565.24,5594.41,5565.24,5594.41,0.52,901.6,4988377.66,1
2025-06-03,2025-06-03 15:00:00,5594.41,5650.0,5400.7,5594.41,0.0,901.6,4988377.66,0
2025-06-04,2025-06-04 11:00:00,5550.0,5584.5,5500.1,5556.79,0.12,103.2,567296.8,1
2025-06-04,2025-06-04 12:00:00,5556.79,5563.58,5556.79,5563.58,0.12,103.2,567296.8,1
2025-06-04,2025-06-04 13:00:00,5563.58,5570.37,5563.58,5570.37,0.12,103.2,567296.8,1
2025-06-04,2025-06-04 14:00:00,5570.37,5577.16,5570.37,5577.16,0.12,103.2,567296.8,1
2025-06-04,2025-06-04 15:00:00,5577.16,5619.0,5450.2,5577.16,0.0,103.2,567296.8,0
2025-06-05,2025-06-05 11:00:00,5466.0,5563.5,5466.0,5498.07,0.59,54.2,298632.74,1
2025-06-05,2025-06-05 12:00:00,5498.07,5530.14,5498.07,5530.14,0.58,54.2,298632.74,1
2025-06-05,2025-06-05 13:00:00,5530.14,5562.21,5530.14,5562.21,0.58,54.2,298632.74,1
2025-06-05,2025-06-05 14:00:00,5562.21,5594.28,5562.21,5594.28,0.58,54.2,298632.74,1
2025-06-05,2025-06-05 15:00:00,5594.28,5661.0,5466.0,5594.28,0.0,54.2,298632.74,0
2025-06-08,2025-06-08 11:00:00,5483.1,5551.05,5483.1,5514.94,0.58,31.6,175690.34,1
2025-06-08,2025-06-08 12:00:00,5514.94,5546.78,5514.94,5546.78,0.58,31.6,175690.34,1
2025-06-08,2025-06-08 13:00:00,5546.78,5578.62,5546.78,5578.62,0.57,31.6,175690.34,1
2025-06-08,2025-06-08 14:00:00,5578.62,5610.46,5578.62,5610.46,0.57,31.6,175690.34,1
2025-06-08,2025-06-08 15:00:00,5610.46,5619.0,5483.1,5610.46,0.0,31.6,175690.34,0
2025-06-09,2025-06-09 11:00:00,5500.1,5525.05,5459.05,5512.58,0.23,43.0,236237.72,1
2025-06-09,2025-06-09 12:00:00,5512.58,5525.05,5512.58,5525.05,0.23,43.0,236237.72,1
2025-06-09,2025-06-09 13:00:00,5525.05,5537.52,5525.05,5537.52,0.23,43.0,236237.72,1
2025-06-09,2025-06-09 14:00:00,5537.52,5550.0,5537.52,5550.0,0.23,43.0,236237.72,1
2025-06-09,2025-06-09 15:00:00,5550.0,5550.0,5418.0,5550.0,0.0,43.0,236237.72,0
2025-06-10,2025-06-10 11:00:00,5639.0,5644.5,5539.55,5623.04,-0.28,85.8,474263.12,-1
2025-06-10,2025-06-10 12:00:00,5623.04,5623.04,5607.09,5607.09,-0.28,85.8,474263.12,-1
2025-06-10,2025-06-10 13:00:00,5607.09,5607.09,5591.13,5591.13,-0.28,85.8,474263.12,-1
2025-06-10,2025-06-10 14:00:00,5591.13,5591.13,5575.17,5575.17,-0.29,85.8,474263.12,-1
2025-06-10,2025-06-10 15:00:00,5575.17,5650.0,5440.1,5575.17,0.0,85.8,474263.12,0
2025-06-11,2025-06-11 11:00:00,5575.17,5577.59,5524.64,5574.65,-0.01,31.2,172229.34,-1
2025-06-11,2025-06-11 12:00:00,5574.65,5574.65,5574.14,5574.14,-0.01,31.2,172229.34,-1
2025-06-11,2025-06-11 13:00:00,5574.14,5574.14,5573.62,5573.62,-0.01,31.2,172229.34,-1
2025-06-11,2025-06-11 14:00:00,5573.62,5573.62,5573.11,5573.11,-0.01,31.2,172229.34,-1
2025-06-11,2025-06-11 15:00:00,5573.11,5580.0,5474.1,5573.11,0.0,31.2,172229.34,0
2025-06-12,2025-06-12 11:00:00,5462.3,5571.15,5462.3,5501.22,0.71,328.8,1805574.74,1
2025-06-12,2025-06-12 12:00:00,5501.22,5540.14,5501.22,5540.14,0.71,328.8,1805574.74,1
2025-06-12,2025-06-12 13:00:00,5540.14,5579.06,5540.14,5579.06,0.7,328.8,1805574.74,1
2025-06-12,2025-06-12 14:00:00,5579.06,5617.98,5579.06,5617.98,0.7,328.8,1805574.74,1
2025-06-12,2025-06-12 15:00:00,5617.98,5680.0,5462.3,5617.98,0.0,328.8,1805574.74,0
2025-06-15,2025-06-15 11:00:00,5506.0,5528.0,5478.0,5507.0,0.02,33.6,185209.0,1
2025-06-15,2025-06-15 12:00:00,5507.0,5508.0,5507.0,5508.0,0.02,33.6,185209.0,1
2025-06-15,2025-06-15 13:00:00,5508.0,5509.0,5508.0,5509.0,0.02,33.6,185209.0,1
2025-06-15,2025-06-15 14:00:00,5509.0,5510.0,5509.0,5510.0,0.02,33.6,185209.0,1
2025-06-15,2025-06-15 15:00:00,5510.0,5550.0,5450.0,5510.0,0.0,33.6,185209.0,0
2025-06-16,2025-06-16 11:00:00,5510.0,5554.5,5457.0,5507.61,-0.04,101.0,551225.4,-1
2025-06-16,2025-06-16 12:00:00,5507.61,5507.61,5505.23,5505.23,-0.04,101.0,551225.4,-1
2025-06-16,2025-06-16 13:00:00,5505.23,5505.23,5502.84,5502.84,-0.04,101.0,551225.4,-1
2025-06-16,2025-06-16 14:00:00,5502.84,5502.84,5500.45,5500.45,-0.04,101.0,551225.4,-1
2025-06-16,2025-06-16 15:00:00,5500.45,5599.0,5404.0,5500.45,0.0,101.0,551225.4,0
2025-06-17,2025-06-17 11:00:00,5391.1,5495.05,5391.1,5432.2,0.76,54.2,299879.24,1
2025-06-17,2025-06-17 12:00:00,5432.2,5473.3,5432.2,5473.3,0.76,54.2,299879.24,1
2025-06-17,2025-06-17 13:00:00,5473.3,5514.4,5473.3,5514.4,0.75,54.2,299879.24,1
2025-06-17,2025-06-17 14:00:00,5514.4,5555.5,5514.4,5555.5,0.75,54.2,299879.24,1
2025-06-17,2025-06-17 15:00:00,5555.5,5599.0,5391.1,5555.5,0.0,54.2,299879.24,0
2025-06-18,2025-06-18 11:00:00,5445.0,5497.5,5395.55,5468.35,0.43,187.2,1023818.38,1
2025-06-18,2025-06-18 12:00:00,5468.35,5491.7,5468.35,5491.7,0.43,187.2,1023818.38,1
2025-06-18,2025-06-18 13:00:00,5491.7,5515.05,5491.7,5515.05,0.43,187.2,1023818.38,1
2025-06-18,2025-06-18 14:00:00,5515.05,5538.4,5515.05,5538.4,0.42,187.2,1023818.38,1
2025-06-18,2025-06-18 15:00:00,5538.4,5550.0,5346.1,5538.4,0.0,187.2,1023818.38,0
2025-06-19,2025-06-19 11:00:00,5538.4,5538.4,5469.25,5523.61,-0.27,60.0,327410.4,-1
2025-06-19,2025-06-19 12:00:00,5523.61,5523.61,5508.82,5508.82,-0.27,60.0,327410.4,-1
2025-06-19,2025-06-19 13:00:00,5508.82,5508.82,5494.03,5494.03,-0.27,60.0,327410.4,-1
2025-06-19,2025-06-19 14:00:00,5494.03,5494.03,5479.24,5479.24,-0.27,60.0,327410.4,-1
2025-06-19,2025-06-19 15:00:00,5479.24,5538.4,5400.1,5479.24,0.0,60.0,327410.4,0
2025-06-22,2025-06-22 11:00:00,5401.2,5444.1,5389.25,5395.23,-0.11,44.2,238717.96,-1
2025-06-22,2025-06-22 12:00:00,5395.23,5395.23,5389.25,5389.25,-0.11,44.2,238717.96,-1
2025-06-22,2025-06-22 13:00:00,5389.25,5389.25,5383.27,5383.27,-0.11,44.2,238717.96,-1
2025-06-22,2025-06-22 14:00:00,5383.27,5383.27,5377.3,5377.3,-0.11,44.2,238717.96,-1
2025-06-22,2025-06-22 15:00:00,5377.3,5487.0,5377.3,5377.3,0.0,44.2,238717.96,0
2025-06-23,2025-06-23 11:00:00,5301.0,5358.1,5300.5,5329.55,0.54,274.8,1462643.0,1
2025-06-23,2025-06-23 12:00:00,5329.55,5358.1,5329.55,5358.1,0.54,274.8,1462643.0,1
2025-06-23,2025-06-23 13:00:00,5358.1,5386.65,5358.1,5386.65,0.53,274.8,1462643.0,1
2025-06-23,2025-06-23 14:00:00,5386.65,5415.2,5386.65,5415.2,0.53,274.8,1462643.0,1
2025-06-23,2025-06-23 15:00:00,5415.2,5415.2,5300.0,5415.2,0.0,274.8,1462643.0,0
2025-06-24,2025-06-24 11:00:00,5311.1,5438.05,5311.1,5345.32,0.64,140.6,762881.08,1
2025-06-24,2025-06-24 12:00:00,5345.32,5379.54,5345.32,5379.54,0.64,140.6,762881.08,1
2025-06-24,2025-06-24 13:00:00,5379.54,5413.76,5379.54,5413.76,0.64,140.6,762881.08,1
2025-06-24,2025-06-24 14:00:00,5413.76,5447.98,5413.76,5447.98,0.63,140.6,762881.08,1
2025-06-24,2025-06-24 15:00:00,5447.98,5565.0,5311.1,5447.98,0.0,140.6,762881.08,0
2025-06-25,2025-06-25 11:00:00,5339.1,5451.0,5339.1,5379.33,0.75,134.4,728422.1,1
2025-06-25,2025-06-25 12:00:00,5379.33,5419.55,5379.33,5419.55,0.75,134.4,728422.1,1
2025-06-25,2025-06-25 13:00:00,5419.55,5459.77,5419.55,5459.77,0.74,134.4,728422.1,1
2025-06-25,2025-06-25 14:00:00,5459.77,5500.0,5459.77,5500.0,0.74,134.4,728422.1,1
2025-06-25,2025-06-25 15:00:00,5500.0,5562.9,5339.1,5500.0,0.0,134.4,728422.1,0
2025-06-26,2025-06-26 11:00:00,5500.0,5544.5,5457.55,5516.35,0.3,222.4,1214475.0,1
2025-06-26,2025-06-26 12:00:00,5516.35,5532.71,5516.35,5532.71,0.3,222.4,1214475.0,1
2025-06-26,2025-06-26 13:00:00,5532.71,5549.07,5532.71,5549.07,0.3,222.4,1214475.0,1
2025-06-26,2025-06-26 14:00:00,5549.07,5565.42,5549.07,5565.42,0.29,222.4,1214475.0,1
2025-06-26,2025-06-26 15:00:00,5565.42,5589.0,5415.1,5565.42,0.0,222.4,1214475.0,0
2025-06-29,2025-06-29 11:00:00,5465.0,5557.0,5442.65,5490.99,0.48,46.4,253390.38,1
2025-06-29,2025-06-29 12:00:00,5490.99,5516.99,5490.99,5516.99,0.47,46.4,253390.38,1
2025-06-29,2025-06-29 13:00:00,5516.99,5542.98,5516.99,5542.98,0.47,46.4,253390.38,1
2025-06-29,2025-06-29 14:00:00,5542.98,5568.98,5542.98,5568.98,0.47,46.4,253390.38,1
2025-06-29,2025-06-29 15:00:00,5568.98,5649.0,5420.3,5568.98,0.0,46.4,253390.38,0
2025-06-30,2025-06-30 11:00:00,5500.0,5545.0,5492.5,5519.31,0.35,17.6,97245.4,1
2025-06-30,2025-06-30 12:00:00,5519.31,5538.62,5519.31,5538.62,0.35,17.6,97245.4,1
2025-06-30,2025-06-30 13:00:00,5538.62,5557.94,5538.62,5557.94,0.35,17.6,97245.4,1
2025-06-30,2025-06-30 14:00:00,5557.94,5577.25,5557.94,5577.25,0.35,17.6,97245.4,1
2025-06-30,2025-06-30 15:00:00,5577.25,5590.0,5485.0,5577.25,0.0,17.6,97245.4,0
2025-07-01,2025-07-01 11:00:00,5465.8,5529.8,5465.8,5486.1,0.37,19.4,106820.7,1
2025-07-01,2025-07-01 12:00:00,5486.1,5506.4,5486.1,5506.4,0.37,19.4,106820.7,1
2025-07-01,2025-07-01 13:00:00,5506.4,5526.7,5506.4,5526.7,0.37,19.4,106820.7,1
2025-07-01,2025-07-01 14:00:00,5526.7,5547.0,5526.7,5547.0,0.37,19.4,106820.7,1
2025-07-01,2025-07-01 15:00:00,5547.0,5593.8,5465.8,5547.0,0.0,19.4,106820.7,0
2025-07-02,2025-07-02 11:00:00,5437.0,5523.0,5373.5,5471.77,0.64,399.2,2165290.4,1
2025-07-02,2025-07-02 12:00:00,5471.77,5506.55,5471.77,5506.55,0.64,399.2,2165290.4,1
2025-07-02,2025-07-02 13:00:00,5506.55,5541.32,5506.55,5541.32,0.63,399.2,2165290.4,1
2025-07-02,2025-07-02 14:00:00,5541.32,5576.09,5541.32,5576.09,0.63,399.2,2165290.4,1
2025-07-02,2025-07-02 15:00:00,5576.09,5609.0,5310.0,5576.09,0.0,399.2,2165290.4,0
2025-07-03,2025-07-03 11:00:00,5465.0,5531.9,5465.0,5493.34,0.52,21.8,120900.28,1
2025-07-03,2025-07-03 12:00:00,5493.34,5521.67,5493.34,5521.67,0.52,21.8,120900.28,1
2025-07-03,2025-07-03 13:00:00,5521.67,5550.01,5521.67,5550.01,0.51,21.8,120900.28,1
2025-07-03,2025-07-03 14:00:00,5550.01,5578.34,5550.01,5578.34,0.51,21.8,120900.28,1
2025-07-03,2025-07-03 15:00:00,5578.34,5598.8,5465.0,5578.34,0.0,21.8,120900.28,0
2025-07-06,2025-07-06 11:00:00,5668.9,5668.95,5569.45,5650.91,-0.32,258.0,1431834.0,-1
2025-07-06,2025-07-06 12:00:00,5650.91,5650.91,5632.92,5632.92,-0.32,258.0,1431834.0,-1
2025-07-06,2025-07-06 13:00:00,5632.92,5632.92,5614.94,5614.94,-0.32,258.0,1431834.0,-1
2025-07-06,2025-07-06 14:00:00,5614.94,5614.94,5596.95,5596.95,-0.32,258.0,1431834.0,-1
2025-07-06,2025-07-06 15:00:00,5596.95,5669.0,5470.0,5596.95,0.0,258.0,1431834.0,0
2025-07-07,2025-07-07 11:00:00,5635.0,5635.0,5560.15,5616.11,-0.34,122.4,675207.86,-1
2025-07-07,2025-07-07 12:00:00,5616.11,5616.11,5597.23,5597.23,-0.34,122.4,675207.86,-1
2025-07-07,2025-07-07 13:00:00,5597.23,5597.23,5578.35,5578.35,-0.34,122.4,675207.86,-1
2025-07-07,2025-07-07 14:00:00,5578.35,5578.35,5559.46,5559.46,-0.34,122.4,675207.86,-1
2025-07-07,2025-07-07 15:00:00,5559.46,5635.0,5485.3,5559.46,0.0,122.4,675207.86,0
2025-07-08,2025-07-08 11:00:00,5450.0,5511.0,5450.0,5477.93,0.51,35.8,196720.22,1
2025-07-08,2025-07-08 12:00:00,5477.93,5505.86,5477.93,5505.86,0.51,35.8,196720.22,1
2025-07-08,2025-07-08 13:00:00,5505.86,5533.79,5505.86,5533.79,0.51,35.8,196720.22,1
2025-07-08,2025-07-08 14:00:00,5533.79,5561.72,5533.79,5561.72,0.5,35.8,196720.22,1
2025-07-08,2025-07-08 15:00:00,5561.72,5572.0,5450.0,5561.72,0.0,35.8,196720.22,0
2025-07-09,2025-07-09 11:00:00,5451.0,5645.5,5451.0,5514.69,1.17,302.6,1678205.36,1
2025-07-09,2025-07-09 12:00:00,5514.69,5578.39,5514.69,5578.39,1.16,302.6,1678205.36,1
2025-07-09,2025-07-09 13:00:00,5578.39,5642.08,5578.39,5642.08,1.14,302.6,1678205.36,1
2025-07-09,2025-07-09 14:00:00,5642.08,5705.77,5642.08,5705.77,1.13,302.6,1678205.36,1
2025-07-09,2025-07-09 15:00:00,5705.77,5840.0,5451.0,5705.77,0.0,302.6,1678205.36,0
2025-07-10,2025-07-10 11:00:00,5591.7,5643.35,5535.4,5612.91,0.38,109.8,613335.04,1
2025-07-10,2025-07-10 12:00:00,5612.91,5634.12,5612.91,5634.12,0.38,109.8,613335.04,1
2025-07-10,2025-07-10 13:00:00,5634.12,5655.33,5634.12,5655.33,0.38,109.8,613335.04,1
2025-07-10,2025-07-10 14:00:00,5655.33,5676.54,5655.33,5676.54,0.38,109.8,613335.04,1
2025-07-10,2025-07-10 15:00:00,5676.54,5695.0,5479.1,5676.54,0.0,109.8,613335.04,0
2025-07-13,2025-07-13 11:00:00,5700.0,5740.0,5608.0,5658.5,-0.73,93.0,516158.82,-1
2025-07-13,2025-07-13 12:00:00,5658.5,5658.5,5617.0,5617.0,-0.73,93.0,516158.82,-1
2025-07-13,2025-07-13 13:00:00,5617.0,5617.0,5575.5,5575.5,-0.74,93.0,516158.82,-1
2025-07-13,2025-07-13 14:00:00,5575.5,5575.5,5534.0,5534.0,-0.74,93.0,516158.82,-1
2025-07-13,2025-07-13 15:00:00,5534.0,5780.0,5516.0,5534.0,0.0,93.0,516158.82,0
2025-07-14,2025-07-14 11:00:00,5534.0,5584.5,5480.5,5549.32,0.28,60.4,332754.6,1
2025-07-14,2025-07-14 12:00:00,5549.32,5564.64,5549.32,5564.64,0.28,60.4,332754.6,1
2025-07-14,2025-07-14 13:00:00,5564.64,5579.95,5564.64,5579.95,0.28,60.4,332754.6,1
2025-07-14,2025-07-14 14:00:00,5579.95,5595.27,5579.95,5595.27,0.27,60.4,332754.6,1
2025-07-14,2025-07-14 15:00:00,5595.27,5635.0,5427.0,5595.27,0.0,60.4,332754.6,0
2025-07-15,2025-07-15 11:00:00,5485.0,5561.95,5485.0,5512.99,0.51,199.2,1095967.08,1
2025-07-15,2025-07-15 12:00:00,5512.99,5540.98,5512.99,5540.98,0.51,199.2,1095967.08,1
2025-07-15,2025-07-15 13:00:00,5540.98,5568.97,5540.98,5568.97,0.51,199.2,1095967.08,1
2025-07-15,2025-07-15 14:00:00,5568.97,5596.96,5568.97,5596.96,0.5,199.2,1095967.08,1
2025-07-15,2025-07-15 15:00:00,5596.96,5638.9,5485.0,5596.96,0.0,199.2,1095967.08,0
2025-07-16,2025-07-16 11:00:00,5525.0,5575.5,5522.55,5526.27,0.02,578.0,3195598.24,1
2025-07-16,2025-07-16 12:00:00,5526.27,5527.53,5526.27,5527.53,0.02,578.0,3195598.24,1
2025-07-16,2025-07-16 13:00:00,5527.53,5528.8,5527.53,5528.8,0.02,578.0,3195598.24,1
2025-07-16,2025-07-16 14:00:00,5528.8,5530.06,5528.8,5530.06,0.02,578.0,3195598.24,1
2025-07-16,2025-07-16 15:00:00,5530.06,5626.0,5520.1,5530.06,0.0,578.0,3195598.24,0
2025-07-17,2025-07-17 11:00:00,5521.0,5558.0,5513.1,5535.75,0.27,155.0,854684.38,1
2025-07-17,2025-07-17 12:00:00,5535.75,5550.5,5535.75,5550.5,0.27,155.0,854684.38,1
2025-07-17,2025-07-17 13:00:00,5550.5,5565.25,5550.5,5565.25,0.27,155.0,854684.38,1
2025-07-17,2025-07-17 14:00:00,5565.25,5580.0,5565.25,5580.0,0.27,155.0,854684.38,1
2025-07-17,2025-07-17 15:00:00,5580.0,5595.0,5505.2,5580.0,0.0,155.0,854684.38,0
2025-07-20,2025-07-20 11:00:00,5468.4,5524.2,5468.4,5486.38,0.33,160.6,881252.22,1
2025-07-20,2025-07-20 12:00:00,5486.38,5504.35,5486.38,5504.35,0.33,160.6,881252.22,1
2025-07-20,2025-07-20 13:00:00,5504.35,5522.32,5504.35,5522.32,0.33,160.6,881252.22,1
2025-07-20,2025-07-20 14:00:00,5522.32,5540.3,5522.32,5540.3,0.33,160.6,881252.22,1
2025-07-20,2025-07-20 15:00:00,5540.3,5580.0,5468.4,5540.3,0.0,160.6,881252.22,0
2025-07-21,2025-07-21 11:00:00,5431.2,5540.1,5325.6,5473.47,0.78,1711.0,9125415.36,1
2025-07-21,2025-07-21 12:00:00,5473.47,5515.74,5473.47,5515.74,0.77,1711.0,9125415.36,1
2025-07-21,2025-07-21 13:00:00,5515.74,5558.02,5515.74,5558.02,0.77,1711.0,9125415.36,1
2025-07-21,2025-07-21 14:00:00,5558.02,5600.29,5558.02,5600.29,0.76,1711.0,9125415.36,1
2025-07-21,2025-07-21 15:00:00,5600.29,5649.0,5220.0,5600.29,0.0,1711.0,9125415.36,0
2025-07-22,2025-07-22 11:00:00,5489.0,5624.5,5489.0,5546.01,1.04,459.2,2575708.76,1
2025-07-22,2025-07-22 12:00:00,5546.01,5603.02,5546.01,5603.02,1.03,459.2,2575708.76,1
2025-07-22,2025-07-22 13:00:00,5603.02,5660.04,5603.02,5660.04,1.02,459.2,2575708.76,1
2025-07-22,2025-07-22 14:00:00,5660.04,5717.05,5660.04,5717.05,1.01,459.2,2575708.76,1
2025-07-22,2025-07-22 15:00:00,5717.05,5760.0,5489.0,5717.05,0.0,459.2,2575708.76,0
2025-07-23,2025-07-23 11:00:00,5830.0,5830.0,5690.0,5780.96,-0.84,679.0,3772694.92,-1
2025-07-23,2025-07-23 12:00:00,5780.96,5780.96,5731.92,5731.92,-0.85,679.0,3772694.92,-1
2025-07-23,2025-07-23 13:00:00,5731.92,5731.92,5682.88,5682.88,-0.86,679.0,3772694.92,-1
2025-07-23,2025-07-23 14:00:00,5682.88,5682.88,5633.84,5633.84,-0.86,679.0,3772694.92,-1
2025-07-23,2025-07-23 15:00:00,5633.84,5830.0,5550.0,5633.84,0.0,679.0,3772694.92,0
2025-07-24,2025-07-24 11:00:00,5611.1,5770.05,5571.55,5654.58,0.77,395.6,2215305.24,1
2025-07-24,2025-07-24 12:00:00,5654.58,5698.05,5654.58,5698.05,0.77,395.6,2215305.24,1
2025-07-24,2025-07-24 13:00:00,5698.05,5741.52,5698.05,5741.52,0.76,395.6,2215305.24,1
2025-07-24,2025-07-24 14:00:00,5741.52,5785.0,5741.52,5785.0,0.76,395.6,2215305.24,1
2025-07-24,2025-07-24 15:00:00,5785.0,5929.0,5532.0,5785.0,0.0,395.6,2215305.24,0
2025-07-27,2025-07-27 11:00:00,5700.0,5756.5,5686.0,5716.09,0.28,124.8,712014.9,1
2025-07-27,2025-07-27 12:00:00,5716.09,5732.18,5716.09,5732.18,0.28,124.8,712014.9,1
2025-07-27,2025-07-27 13:00:00,5732.18,5748.28,5732.18,5748.28,0.28,124.8,712014.9,1
2025-07-27,2025-07-27 14:00:00,5748.28,5764.37,5748.28,5764.37,0.28,124.8,712014.9,1
2025-07-27,2025-07-27 15:00:00,5764.37,5813.0,5672.0,5764.37,0.0,124.8,712014.9,0
2025-07-28,2025-07-28 11:00:00,5764.37,5764.37,5682.18,5745.02,-0.34,352.6,1977172.14,-1
2025-07-28,2025-07-28 12:00:00,5745.02,5745.02,5725.68,5725.68,-0.34,352.6,1977172.14,-1
2025-07-28,2025-07-28 13:00:00,5725.68,5725.68,5706.34,5706.34,-0.34,352.6,1977172.14,-1
2025-07-28,2025-07-28 14:00:00,5706.34,5706.34,5686.99,5686.99,-0.34,352.6,1977172.14,-1
2025-07-28,2025-07-28 15:00:00,5686.99,5764.37,5600.0,5686.99,0.0,352.6,1977172.14,0
2025-07-29,2025-07-29 11:00:00,5605.1,5702.55,5605.1,5651.77,0.83,158.2,899703.82,1
2025-07-29,2025-07-29 12:00:00,5651.77,5698.43,5651.77,5698.43,0.83,158.2,899703.82,1
2025-07-29,2025-07-29 13:00:00,5698.43,5745.1,5698.43,5745.1,0.82,158.2,899703.82,1
2025-07-29,2025-07-29 14:00:00,5745.1,5791.76,5745.1,5791.76,0.81,158.2,899703.82,1
2025-07-29,2025-07-29 15:00:00,5791.76,5800.0,5605.1,5791.76,0.0,158.2,899703.82,0
2025-07-30,2025-07-30 11:00:00,5677.1,5788.05,5677.1,5710.83,0.59,85.0,487298.92,1
2025-07-30,2025-07-30 12:00:00,5710.83,5744.56,5710.83,5744.56,0.59,85.0,487298.92,1
2025-07-30,2025-07-30 13:00:00,5744.56,5778.29,5744.56,5778.29,0.59,85.0,487298.92,1
2025-07-30,2025-07-30 14:00:00,5778.29,5812.02,5778.29,5812.02,0.58,85.0,487298.92,1
2025-07-30,2025-07-30 15:00:00,5812.02,5899.0,5677.1,5812.02,0.0,85.0,487298.92,0
2025-07-31,2025-07-31 11:00:00,5812.02,5838.51,5748.06,5811.24,-0.01,50.4,290312.14,-1
2025-07-31,2025-07-31 12:00:00,5811.24,5811.24,5810.45,5810.45,-0.01,50.4,290312.14,-1
2025-07-31,2025-07-31 13:00:00,5810.45,5810.45,5809.66,5809.66,-0.01,50.4,290312.14,-1
2025-07-31,2025-07-31 14:00:00,5809.66,5809.66,5808.88,5808.88,-0.01,50.4,290312.14,-1
2025-07-31,2025-07-31 15:00:00,5808.88,5865.0,5684.1,5808.88,0.0,50.4,290312.14,0
2025-08-03,2025-08-03 11:00:00,5700.4,5794.7,5700.25,5713.48,0.23,106.0,612020.68,1
2025-08-03,2025-08-03 12:00:00,5713.48,5726.56,5713.48,5726.56,0.23,106.0,612020.68,1
2025-08-03,2025-08-03 13:00:00,5726.56,5739.65,5726.56,5739.65,0.23,106.0,612020.68,1
2025-08-03,2025-08-03 14:00:00,5739.65,5752.73,5739.65,5752.73,0.23,106.0,612020.68,1
2025-08-03,2025-08-03 15:00:00,5752.73,5889.0,5700.1,5752.73,0.0,106.0,612020.68,0
2025-08-04,2025-08-04 11:00:00,5700.0,5743.0,5687.55,5700.25,0.0,90.2,513633.9,1
2025-08-04,2025-08-04 12:00:00,5700.25,5700.5,5700.25,5700.5,0.0,90.2,513633.9,1
2025-08-04,2025-08-04 13:00:00,5700.5,5700.75,5700.5,5700.75,0.0,90.2,513633.9,1
2025-08-04,2025-08-04 14:00:00,5700.75,5701.0,5700.75,5701.0,0.0,90.2,513633.9,1
2025-08-04,2025-08-04 15:00:00,5701.0,5786.0,5675.1,5701.0,0.0,90.2,513633.9,0
2025-08-05,2025-08-05 11:00:00,5701.0,5783.0,5650.5,5716.42,0.27,227.8,1297938.16,1
2025-08-05,2025-08-05 12:00:00,5716.42,5731.84,5716.42,5731.84,0.27,227.8,1297938.16,1
2025-08-05,2025-08-05 13:00:00,5731.84,5747.26,5731.84,5747.26,0.27,227.8,1297938.16,1
2025-08-05,2025-08-05 14:00:00,5747.26,5762.68,5747.26,5762.68,0.27,227.8,1297938.16,1
2025-08-05,2025-08-05 15:00:00,5762.68,5865.0,5600.0,5762.68,0.0,227.8,1297938.16,0
2025-08-06,2025-08-06 11:00:00,5859.0,5868.0,5767.6,5834.74,-0.41,147.0,845577.04,-1
2025-08-06,2025-08-06 12:00:00,5834.74,5834.74,5810.48,5810.48,-0.42,147.0,845577.04,-1
2025-08-06,2025-08-06 13:00:00,5810.48,5810.48,5786.22,5786.22,-0.42,147.0,845577.04,-1
2025-08-06,2025-08-06 14:00:00,5786.22,5786.22,5761.96,5761.96,-0.42,147.0,845577.04,-1
2025-08-06,2025-08-06 15:00:00,5761.96,5877.0,5676.2,5761.96,0.0,147.0,845577.04,0
2025-08-07,2025-08-07 11:00:00,5700.2,5779.5,5700.2,5728.76,0.5,105.4,605310.16,1
2025-08-07,2025-08-07 12:00:00,5728.76,5757.32,5728.76,5757.32,0.5,105.4,605310.16,1
2025-08-07,2025-08-07 13:00:00,5757.32,5785.89,5757.32,5785.89,0.5,105.4,605310.16,1
2025-08-07,2025-08-07 14:00:00,5785.89,5814.45,5785.89,5814.45,0.49,105.4,605310.16,1
2025-08-07,2025-08-07 15:00:00,5814.45,5858.8,5700.2,5814.45,0.0,105.4,605310.16,0
2025-08-11,2025-08-11 11:00:00,5698.2,5755.15,5674.1,5702.56,0.08,517.4,2935187.8,1
2025-08-11,2025-08-11 12:00:00,5702.56,5706.91,5702.56,5706.91,0.08,517.4,2935187.8,1
2025-08-11,2025-08-11 13:00:00,5706.91,5711.26,5706.91,5711.26,0.08,517.4,2935187.8,1
2025-08-11,2025-08-11 14:00:00,5711.26,5715.62,5711.26,5715.62,0.08,517.4,2935187.8,1
2025-08-11,2025-08-11 15:00:00,5715.62,5812.1,5650.0,5715.62,0.0,517.4,2935187.8,0
2025-08-12,2025-08-12 11:00:00,5655.0,5732.05,5655.0,5686.74,0.56,127.0,724559.58,1
2025-08-12,2025-08-12 12:00:00,5686.74,5718.49,5686.74,5718.49,0.56,127.0,724559.58,1
2025-08-12,2025-08-12 13:00:00,5718.49,5750.23,5718.49,5750.23,0.56,127.0,724559.58,1
2025-08-12,2025-08-12 14:00:00,5750.23,5781.97,5750.23,5781.97,0.55,127.0,724559.58,1
2025-08-12,2025-08-12 15:00:00,5781.97,5809.1,5655.0,5781.97,0.0,127.0,724559.58,0
2025-08-13,2025-08-13 11:00:00,5667.0,5740.0,5667.0,5693.38,0.47,59.6,342765.96,1
2025-08-13,2025-08-13 12:00:00,5693.38,5719.76,5693.38,5719.76,0.46,59.6,342765.96,1
2025-08-13,2025-08-13 13:00:00,5719.76,5746.15,5719.76,5746.15,0.46,59.6,342765.96,1
2025-08-13,2025-08-13 14:00:00,5746.15,5772.53,5746.15,5772.53,0.46,59.6,342765.96,1
2025-08-13,2025-08-13 15:00:00,5772.53,5813.0,5667.0,5772.53,0.0,59.6,342765.96,0
2025-08-14,2025-08-14 11:00:00,5700.0,5772.0,5700.0,5726.87,0.47,90.8,523477.6,1
2025-08-14,2025-08-14 12:00:00,5726.87,5753.74,5726.87,5753.74,0.47,90.8,523477.6,1
2025-08-14,2025-08-14 13:00:00,5753.74,5780.62,5753.74,5780.62,0.47,90.8,523477.6,1
2025-08-14,2025-08-14 14:00:00,5780.62,5807.49,5780.62,5807.49,0.46,90.8,523477.6,1
2025-08-14,2025-08-14 15:00:00,5807.49,5844.0,5700.0,5807.49,0.0,90.8,523477.6,0
2025-08-17,2025-08-17 11:00:00,5701.1,5765.05,5701.1,5720.41,0.34,153.8,884680.18,1
2025-08-17,2025-08-17 12:00:00,5720.41,5739.72,5720.41,5739.72,0.34,153.8,884680.18,1
2025-08-17,2025-08-17 13:00:00,5739.72,5759.03,5739.72,5759.03,0.34,153.8,884680.18,1
2025-08-17,2025-08-17 14:00:00,5759.03,5778.34,5759.03,5778.34,0.34,153.8,884680.18,1
2025-08-17,2025-08-17 15:00:00,5778.34,5829.0,5701.1,5778.34,0.0,153.8,884680.18,0
2025-08-18,2025-08-18 11:00:00,5778.34,5809.62,5754.27,5793.05,0.25,23.0,133056.32,1
2025-08-18,2025-08-18 12:00:00,5793.05,5807.76,5793.05,5807.76,0.25,23.0,133056.32,1
2025-08-18,2025-08-18 13:00:00,5807.76,5822.46,5807.76,5822.46,0.25,23.0,133056.32,1
2025-08-18,2025-08-18 14:00:00,5822.46,5837.17,5822.46,5837.17,0.25,23.0,133056.32,1
2025-08-18,2025-08-18 15:00:00,5837.17,5840.9,5730.2,5837.17,0.0,23.0,133056.32,0
2025-08-19,2025-08-19 11:00:00,5720.5,5780.25,5720.5,5748.61,0.49,147.0,854437.92,1
2025-08-19,2025-08-19 12:00:00,5748.61,5776.73,5748.61,5776.73,0.49,147.0,854437.92,1
2025-08-19,2025-08-19 13:00:00,5776.73,5804.85,5776.73,5804.85,0.49,147.0,854437.92,1
2025-08-19,2025-08-19 14:00:00,5804.85,5832.96,5804.85,5832.96,0.48,147.0,854437.92,1
2025-08-19,2025-08-19 15:00:00,5832.96,5840.0,5720.5,5832.96,0.0,147.0,854437.92,0
2025-08-20,2025-08-20 11:00:00,5720.0,5780.0,5720.0,5745.78,0.45,95.0,548607.1,1
2025-08-20,2025-08-20 12:00:00,5745.78,5771.56,5745.78,5771.56,0.45,95.0,548607.1,1
2025-08-20,2025-08-20 13:00:00,5771.56,5797.34,5771.56,5797.34,0.45,95.0,548607.1,1
2025-08-20,2025-08-20 14:00:00,5797.34,5823.12,5797.34,5823.12,0.44,95.0,548607.1,1
2025-08-20,2025-08-20 15:00:00,5823.12,5840.0,5720.0,5823.12,0.0,95.0,548607.1,0
2025-08-21,2025-08-21 11:00:00,5720.0,5794.95,5720.0,5748.39,0.5,53.0,307140.32,1
2025-08-21,2025-08-21 12:00:00,5748.39,5776.78,5748.39,5776.78,0.49,53.0,307140.32,1
2025-08-21,2025-08-21 13:00:00,5776.78,5805.18,5776.78,5805.18,0.49,53.0,307140.32,1
2025-08-21,2025-08-21 14:00:00,5805.18,5833.57,5805.18,5833.57,0.49,53.0,307140.32,1
2025-08-21,2025-08-21 15:00:00,5833.57,5869.9,5720.0,5833.57,0.0,53.0,307140.32,0
2025-08-24,2025-08-24 11:00:00,5751.1,5791.5,5750.55,5755.95,0.08,57.8,332622.54,1
2025-08-24,2025-08-24 12:00:00,5755.95,5760.81,5755.95,5760.81,0.08,57.8,332622.54,1
2025-08-24,2025-08-24 13:00:00,5760.81,5765.67,5760.81,5765.67,0.08,57.8,332622.54,1
2025-08-24,2025-08-24 14:00:00,5765.67,5770.52,5765.67,5770.52,0.08,57.8,332622.54,1
2025-08-24,2025-08-24 15:00:00,5770.52,5831.9,5750.0,5770.52,0.0,57.8,332622.54,0
2025-08-25,2025-08-25 11:00:00,5660.0,5812.5,5660.0,5706.39,0.82,154.4,886720.98,1
2025-08-25,2025-08-25 12:00:00,5706.39,5752.77,5706.39,5752.77,0.81,154.4,886720.98,1
2025-08-25,2025-08-25 13:00:00,5752.77,5799.15,5752.77,5799.15,0.81,154.4,886720.98,1
2025-08-25,2025-08-25 14:00:00,5799.15,5845.54,5799.15,5845.54,0.8,154.4,886720.98,1
2025-08-25,2025-08-25 15:00:00,5845.54,5965.0,5660.0,5845.54,0.0,154.4,886720.98,0
2025-08-26,2025-08-26 11:00:00,5732.1,5798.5,5675.55,5759.21,0.47,264.8,1497720.6,1
2025-08-26,2025-08-26 12:00:00,5759.21,5786.33,5759.21,5786.33,0.47,264.8,1497720.6,1
2025-08-26,2025-08-26 13:00:00,5786.33,5813.44,5786.33,5813.44,0.47,264.8,1497720.6,1
2025-08-26,2025-08-26 14:00:00,5813.44,5840.55,5813.44,5840.55,0.47,264.8,1497720.6,1
2025-08-26,2025-08-26 15:00:00,5840.55,5864.9,5619.0,5840.55,0.0,264.8,1497720.6,0
2025-08-27,2025-08-27 11:00:00,5750.0,5775.0,5742.55,5756.88,0.12,56.8,326067.06,1
2025-08-27,2025-08-27 12:00:00,5756.88,5763.76,5756.88,5763.76,0.12,56.8,326067.06,1
2025-08-27,2025-08-27 13:00:00,5763.76,5770.63,5763.76,5770.63,0.12,56.8,326067.06,1
2025-08-27,2025-08-27 14:00:00,5770.63,5777.51,5770.63,5777.51,0.12,56.8,326067.06,1
2025-08-27,2025-08-27 15:00:00,5777.51,5800.0,5735.1,5777.51,0.0,56.8,326067.06,0
2025-08-28,2025-08-28 11:00:00,5666.2,5778.1,5666.2,5715.79,0.88,163.8,937949.54,1
2025-08-28,2025-08-28 12:00:00,5715.79,5765.38,5715.79,5765.38,0.87,163.8,937949.54,1
2025-08-28,2025-08-28 13:00:00,5765.38,5814.96,5765.38,5814.96,0.86,163.8,937949.54,1
2025-08-28,2025-08-28 14:00:00,5814.96,5864.55,5814.96,5864.55,0.85,163.8,937949.54,1
2025-08-28,2025-08-28 15:00:00,5864.55,5890.0,5666.2,5864.55,0.0,163.8,937949.54,0
2025-08-31,2025-08-31 11:00:00,5750.0,5792.5,5750.0,5764.95,0.26,36.8,212721.9,1
2025-08-31,2025-08-31 12:00:00,5764.95,5779.9,5764.95,5779.9,0.26,36.8,212721.9,1
2025-08-31,2025-08-31 13:00:00,5779.9,5794.85,5779.9,5794.85,0.26,36.8,212721.9,1
2025-08-31,2025-08-31 14:00:00,5794.85,5809.8,5794.85,5809.8,0.26,36.8,212721.9,1
2025-08-31,2025-08-31 15:00:00,5809.8,5835.0,5750.0,5809.8,0.0,36.8,212721.9,0
2025-09-01,2025-09-01 11:00:00,5809.8,5824.9,5792.45,5816.18,0.11,87.0,504966.12,1
2025-09-01,2025-09-01 12:00:00,5816.18,5822.57,5816.18,5822.57,0.11,87.0,504966.12,1
2025-09-01,2025-09-01 13:00:00,5822.57,5828.95,5822.57,5828.95,0.11,87.0,504966.12,1
2025-09-01,2025-09-01 14:00:00,5828.95,5835.33,5828.95,5835.33,0.11,87.0,504966.12,1
2025-09-01,2025-09-01 15:00:00,5835.33,5840.0,5775.1,5835.33,0.0,87.0,504966.12,0
2025-09-02,2025-09-02 11:00:00,5719.1,5776.0,5719.05,5739.33,0.35,77.2,447517.72,1
2025-09-02,2025-09-02 12:00:00,5739.33,5759.55,5739.33,5759.55,0.35,77.2,447517.72,1
2025-09-02,2025-09-02 13:00:00,5759.55,5779.77,5759.55,5779.77,0.35,77.2,447517.72,1
2025-09-02,2025-09-02 14:00:00,5779.77,5800.0,5779.77,5800.0,0.35,77.2,447517.72,1
2025-09-02,2025-09-02 15:00:00,5800.0,5832.9,5719.0,5800.0,0.0,77.2,447517.72,0
2025-09-03,2025-09-03 11:00:00,5701.1,5783.0,5700.55,5738.73,0.66,700.2,4045232.48,1
2025-09-03,2025-09-03 12:00:00,5738.73,5776.35,5738.73,5776.35,0.66,700.2,4045232.48,1
2025-09-03,2025-09-03 13:00:00,5776.35,5813.98,5776.35,5813.98,0.65,700.2,4045232.48,1
2025-09-03,2025-09-03 14:00:00,5813.98,5851.61,5813.98,5851.61,0.65,700.2,4045232.48,1
2025-09-03,2025-09-03 15:00:00,5851.61,5864.9,5700.0,5851.61,0.0,700.2,4045232.48,0
2025-09-04,2025-09-04 11:00:00,5800.0,5999.95,5800.0,5858.06,1.0,1606.2,9337511.26,1
2025-09-04,2025-09-04 12:00:00,5858.06,5916.12,5858.06,5916.12,0.99,1606.2,9337511.26,1
2025-09-04,2025-09-04 13:00:00,5916.12,5974.18,5916.12,5974.18,0.98,1606.2,9337511.26,1
2025-09-04,2025-09-04 14:00:00,5974.18,6032.24,5974.18,6032.24,0.97,1606.2,9337511.26,1
2025-09-04,2025-09-04 15:00:00,6032.24,6199.9,5800.0,6032.24,0.0,1606.2,9337511.26,0
2025-09-07,2025-09-07 11:00:00,5915.1,6045.55,5914.1,5956.37,0.7,159.4,960750.08,1
2025-09-07,2025-09-07 12:00:00,5956.37,5997.64,5956.37,5997.64,0.69,159.4,960750.08,1
2025-09-07,2025-09-07 13:00:00,5997.64,6038.91,5997.64,6038.91,0.69,159.4,960750.08,1
2025-09-07,2025-09-07 14:00:00,6038.91,6080.18,6038.91,6080.18,0.68,159.4,960750.08,1
2025-09-07,2025-09-07 15:00:00,6080.18,6176.0,5913.1,6080.18,0.0,159.4,960750.08,0
2025-09-08,2025-09-08 11:00:00,5960.0,6129.5,5960.0,6027.54,1.13,232.6,1413952.7,1
2025-09-08,2025-09-08 12:00:00,6027.54,6095.07,6027.54,6095.07,1.12,232.6,1413952.7,1
2025-09-08,2025-09-08 13:00:00,6095.07,6162.61,6095.07,6162.61,1.11,232.6,1413952.7,1
2025-09-08,2025-09-08 14:00:00,6162.61,6230.15,6162.61,6230.15,1.1,232.6,1413952.7,1
2025-09-08,2025-09-08 15:00:00,6230.15,6299.0,5960.0,6230.15,0.0,232.6,1413952.7,0
2025-09-21,2025-09-21 11:00:00,6105.6,6202.8,6002.8,6104.61,-0.02,354.0,2113747.0,-1
2025-09-21,2025-09-21 12:00:00,6104.61,6104.61,6103.63,6103.63,-0.02,354.0,2113747.0,-1
2025-09-21,2025-09-21 13:00:00,6103.63,6103.63,6102.65,6102.65,-0.02,354.0,2113747.0,-1
2025-09-21,2025-09-21 14:00:00,6102.65,6102.65,6101.66,6101.66,-0.02,354.0,2113747.0,-1
2025-09-21,2025-09-21 15:00:00,6101.66,6300.0,5900.0,6101.66,0.0,354.0,2113747.0,0
2025-09-23,2025-09-23 11:00:00,6000.0,6131.5,6000.0,6036.25,0.6,79.0,479119.84,1
2025-09-23,2025-09-23 12:00:00,6036.25,6072.5,6036.25,6072.5,0.6,79.0,479119.84,1
2025-09-23,2025-09-23 13:00:00,6072.5,6108.75,6072.5,6108.75,0.6,79.0,479119.84,1
2025-09-23,2025-09-23 14:00:00,6108.75,6145.0,6108.75,6145.0,0.59,79.0,479119.84,1
2025-09-23,2025-09-23 15:00:00,6145.0,6263.0,6000.0,6145.0,0.0,79.0,479119.84,0
2025-09-24,2025-09-24 11:00:00,6030.0,6159.0,6030.0,6094.5,1.07,105.4,644175.66,1
2025-09-24,2025-09-24 12:00:00,6094.5,6159.0,6094.5,6159.0,1.06,105.4,644175.66,1
2025-09-24,2025-09-24 13:00:00,6159.0,6223.5,6159.0,6223.5,1.05,105.4,644175.66,1
2025-09-24,2025-09-24 14:00:00,6223.5,6288.0,6223.5,6288.0,1.04,105.4,644175.66,1
2025-09-24,2025-09-24 15:00:00,6288.0,6288.0,6030.0,6288.0,0.0,105.4,644175.66,0
2025-09-25,2025-09-25 11:00:00,6162.3,6223.15,6121.2,6182.73,0.33,187.8,1156836.42,1
2025-09-25,2025-09-25 12:00:00,6182.73,6203.15,6182.73,6203.15,0.33,187.8,1156836.42,1
2025-09-25,2025-09-25 13:00:00,6203.15,6223.57,6203.15,6223.57,0.33,187.8,1156836.42,1
2025-09-25,2025-09-25 14:00:00,6223.57,6244.0,6223.57,6244.0,0.33,187.8,1156836.42,1
2025-09-25,2025-09-25 15:00:00,6244.0,6284.0,6080.1,6244.0,0.0,187.8,1156836.42,0
2025-09-28,2025-09-28 11:00:00,6122.0,6173.0,6122.0,6147.5,0.42,40.8,249974.18,1
2025-09-28,2025-09-28 12:00:00,6147.5,6173.0,6147.5,6173.0,0.41,40.8,249974.18,1
2025-09-28,2025-09-28 13:00:00,6173.0,6198.5,6173.0,6198.5,0.41,40.8,249974.18,1
2025-09-28,2025-09-28 14:00:00,6198.5,6224.0,6198.5,6224.0,0.41,40.8,249974.18,1
2025-09-28,2025-09-28 15:00:00,6224.0,6224.0,6122.0,6224.0,0.0,40.8,249974.18,0
2025-10-07,2025-10-07 11:00:00,6100.0,6163.55,6100.0,6126.5,0.43,62.6,384846.86,1
2025-10-07,2025-10-07 12:00:00,6126.5,6153.0,6126.5,6153.0,0.43,62.6,384846.86,1
2025-10-07,2025-10-07 13:00:00,6153.0,6179.5,6153.0,6179.5,0.43,62.6,384846.86,1
2025-10-07,2025-10-07 14:00:00,6179.5,6206.0,6179.5,6206.0,0.43,62.6,384846.86,1
2025-10-07,2025-10-07 15:00:00,6206.0,6227.1,6100.0,6206.0,0.0,62.6,384846.86,0
2025-10-08,2025-10-08 11:00:00,6081.9,6330.95,6081.9,6206.42,2.05,121.8,748475.96,1
2025-10-08,2025-10-08 12:00:00,6206.42,6330.95,6206.42,6330.95,2.01,121.8,748475.96,1
2025-10-08,2025-10-08 13:00:00,6330.95,6455.48,6330.95,6455.48,1.97,121.8,748475.96,1
2025-10-08,2025-10-08 14:00:00,6455.48,6580.0,6455.48,6580.0,1.93,121.8,748475.96,1
2025-10-08,2025-10-08 15:00:00,6580.0,6580.0,6081.9,6580.0,0.0,121.8,748475.96,0
2025-10-09,2025-10-09 11:00:00,6448.4,6448.4,6274.2,6425.8,-0.35,189.8,1171424.86,-1
2025-10-09,2025-10-09 12:00:00,6425.8,6425.8,6403.2,6403.2,-0.35,189.8,1171424.86,-1
2025-10-09,2025-10-09 13:00:00,6403.2,6403.2,6380.6,6380.6,-0.35,189.8,1171424.86,-1
2025-10-09,2025-10-09 14:00:00,6380.6,6380.6,6358.0,6358.0,-0.35,189.8,1171424.86,-1
2025-10-09,2025-10-09 15:00:00,6358.0,6448.4,6100.0,6358.0,0.0,189.8,1171424.86,0
2025-10-12,2025-10-12 11:00:00,6230.9,6235.45,6115.45,6230.67,-0.0,398.6,2430121.8,-1
2025-10-12,2025-10-12 12:00:00,6230.67,6230.67,6230.45,6230.45,-0.0,398.6,2430121.8,-1
2025-10-12,2025-10-12 13:00:00,6230.45,6230.45,6230.23,6230.23,-0.0,398.6,2430121.8,-1
2025-10-12,2025-10-12 14:00:00,6230.23,6230.23,6230.0,6230.0,-0.0,398.6,2430121.8,-1
2025-10-12,2025-10-12 15:00:00,6230.0,6240.0,6000.0,6230.0,0.0,398.6,2430121.8,0
2025-10-13,2025-10-13 11:00:00,6105.4,6179.2,6103.2,6140.8,0.58,181.2,1119684.68,1
2025-10-13,2025-10-13 12:00:00,6140.8,6176.2,6140.8,6176.2,0.58,181.2,1119684.68,1
2025-10-13,2025-10-13 13:00:00,6176.2,6211.6,6176.2,6211.6,0.57,181.2,1119684.68,1
2025-10-13,2025-10-13 14:00:00,6211.6,6247.0,6211.6,6247.0,0.57,181.2,1119684.68,1
2025-10-13,2025-10-13 15:00:00,6247.0,6253.0,6101.0,6247.0,0.0,181.2,1119684.68,0
2025-10-14,2025-10-14 11:00:00,6131.1,6254.55,6126.65,6165.55,0.56,135.2,840545.96,1
2025-10-14,2025-10-14 12:00:00,6165.55,6200.0,6165.55,6200.0,0.56,135.2,840545.96,1
2025-10-14,2025-10-14 13:00:00,6200.0,6234.45,6200.0,6234.45,0.56,135.2,840545.96,1
2025-10-14,2025-10-14 14:00:00,6234.45,6268.9,6234.45,6268.9,0.55,135.2,840545.96,1
2025-10-14,2025-10-14 15:00:00,6268.9,6378.0,6122.2,6268.9,0.0,135.2,840545.96,0
2025-10-15,2025-10-15 11:00:00,6151.1,6273.05,6147.4,6175.83,0.4,100.6,622837.96,1
2025-10-15,2025-10-15 12:00:00,6175.83,6200.55,6175.83,6200.55,0.4,100.6,622837.96,1
2025-10-15,2025-10-15 13:00:00,6200.55,6225.27,6200.55,6225.27,0.4,100.6,622837.96,1
2025-10-15,2025-10-15 14:00:00,6225.27,6250.0,6225.27,6250.0,0.4,100.6,622837.96,1
2025-10-15,2025-10-15 15:00:00,6250.0,6395.0,6143.7,6250.0,0.0,100.6,622837.96,0
2025-10-16,2025-10-16 11:00:00,6126.1,6187.35,6064.85,6119.6,-0.11,279.2,1702744.12,-1
2025-10-16,2025-10-16 12:00:00,6119.6,6119.6,6113.1,6113.1,-0.11,279.2,1702744.12,-1
2025-10-16,2025-10-16 13:00:00,6113.1,6113.1,6106.6,6106.6,-0.11,279.2,1702744.12,-1
2025-10-16,2025-10-16 14:00:00,6106.6,6106.6,6100.1,6100.1,-0.11,279.2,1702744.12,-1
2025-10-16,2025-10-16 15:00:00,6100.1,6248.6,6003.6,6100.1,0.0,279.2,1702744.12,0
2025-10-19,2025-10-19 11:00:00,6210.0,6460.0,6106.05,6335.0,2.01,160.8,999509.34,1
2025-10-19,2025-10-19 12:00:00,6335.0,6460.0,6335.0,6460.0,1.97,160.8,999509.34,1
2025-10-19,2025-10-19 13:00:00,6460.0,6585.0,6460.0,6585.0,1.93,160.8,999509.34,1
2025-10-19,2025-10-19 14:00:00,6585.0,6710.0,6585.0,6710.0,1.9,160.8,999509.34,1
2025-10-19,2025-10-19 15:00:00,6710.0,6710.0,6002.1,6710.0,0.0,160.8,999509.34,0
2025-10-26,2025-10-26 11:00:00,6800.0,6800.0,6419.5,6700.05,-1.47,26.4,169706.4,-1
2025-10-26,2025-10-26 12:00:00,6700.05,6700.05,6600.1,6600.1,-1.49,26.4,169706.4,-1
2025-10-26,2025-10-26 13:00:00,6600.1,6600.1,6500.15,6500.15,-1.51,26.4,169706.4,-1
2025-10-26,2025-10-26 14:00:00,6500.15,6500.15,6400.2,6400.2,-1.54,26.4,169706.4,-1
2025-10-26,2025-10-26 15:00:00,6400.2,6800.0,6039.0,6400.2,0.0,26.4,169706.4,0
2025-10-28,2025-10-28 11:00:00,6272.2,6272.6,6209.5,6267.9,-0.07,108.8,671703.0,-1
2025-10-28,2025-10-28 12:00:00,6267.9,6267.9,6263.6,6263.6,-0.07,108.8,671703.0,-1
2025-10-28,2025-10-28 13:00:00,6263.6,6263.6,6259.3,6259.3,-0.07,108.8,671703.0,-1
2025-10-28,2025-10-28 14:00:00,6259.3,6259.3,6255.0,6255.0,-0.07,108.8,671703.0,-1
2025-10-28,2025-10-28 15:00:00,6255.0,6273.0,6146.8,6255.0,0.0,108.8,671703.0,0
2025-10-29,2025-10-29 11:00:00,6129.9,6184.45,6079.95,6147.42,0.29,76.6,470651.6,1
2025-10-29,2025-10-29 12:00:00,6147.42,6164.95,6147.42,6164.95,0.29,76.6,470651.6,1
2025-10-29,2025-10-29 13:00:00,6164.95,6182.48,6164.95,6182.48,0.28,76.6,470651.6,1
2025-10-29,2025-10-29 14:00:00,6182.48,6200.0,6182.48,6200.0,0.28,76.6,470651.6,1
2025-10-29,2025-10-29 15:00:00,6200.0,6239.0,6030.0,6200.0,0.0,76.6,470651.6,0
2025-10-30,2025-10-30 11:00:00,6076.0,6260.5,6050.55,6168.25,1.52,236.0,1449625.74,1
2025-10-30,2025-10-30 12:00:00,6168.25,6260.5,6168.25,6260.5,1.5,236.0,1449625.74,1
2025-10-30,2025-10-30 13:00:00,6260.5,6352.75,6260.5,6352.75,1.47,236.0,1449625.74,1
2025-10-30,2025-10-30 14:00:00,6352.75,6445.0,6352.75,6445.0,1.45,236.0,1449625.74,1
2025-10-30,2025-10-30 15:00:00,6445.0,6445.0,6025.1,6445.0,0.0,236.0,1449625.74,0
2025-11-02,2025-11-02 11:00:00,6316.1,6316.1,6243.05,6309.58,-0.1,93.0,576210.74,-1
2025-11-02,2025-11-02 12:00:00,6309.58,6309.58,6303.05,6303.05,-0.1,93.0,576210.74,-1
2025-11-02,2025-11-02 13:00:00,6303.05,6303.05,6296.52,6296.52,-0.1,93.0,576210.74,-1
2025-11-02,2025-11-02 14:00:00,6296.52,6296.52,6290.0,6290.0,-0.1,93.0,576210.74,-1
2025-11-02,2025-11-02 15:00:00,6290.0,6316.1,6170.0,6290.0,0.0,93.0,576210.74,0
2025-11-03,2025-11-03 11:00:00,6164.2,6175.55,6132.1,6169.88,0.09,115.4,706122.88,1
2025-11-03,2025-11-03 12:00:00,6169.88,6175.55,6169.88,6175.55,0.09,115.4,706122.88,1
2025-11-03,2025-11-03 13:00:00,6175.55,6181.22,6175.55,6181.22,0.09,115.4,706122.88,1
2025-11-03,2025-11-03 14:00:00,6181.22,6186.9,6181.22,6186.9,0.09,115.4,706122.88,1
2025-11-03,2025-11-03 15:00:00,6186.9,6186.9,6100.0,6186.9,0.0,115.4,706122.88,0
2025-11-04,2025-11-04 11:00:00,6063.2,6119.6,6063.2,6091.4,0.47,67.4,412957.06,1
2025-11-04,2025-11-04 12:00:00,6091.4,6119.6,6091.4,6119.6,0.46,67.4,412957.06,1
2025-11-04,2025-11-04 13:00:00,6119.6,6147.8,6119.6,6147.8,0.46,67.4,412957.06,1
2025-11-04,2025-11-04 14:00:00,6147.8,6176.0,6147.8,6176.0,0.46,67.4,412957.06,1
2025-11-04,2025-11-04 15:00:00,6176.0,6176.0,6063.2,6176.0,0.0,67.4,412957.06,0
2025-11-05,2025-11-05 11:00:00,6055.1,6115.55,6055.1,6082.3,0.45,47.0,286960.72,1
2025-11-05,2025-11-05 12:00:00,6082.3,6109.5,6082.3,6109.5,0.45,47.0,286960.72,1
2025-11-05,2025-11-05 13:00:00,6109.5,6136.7,6109.5,6136.7,0.45,47.0,286960.72,1
2025-11-05,2025-11-05 14:00:00,6136.7,6163.9,6136.7,6163.9,0.44,47.0,286960.72,1
2025-11-05,2025-11-05 15:00:00,6163.9,6176.0,6055.1,6163.9,0.0,47.0,286960.72,0
2025-11-06,2025-11-06 11:00:00,6050.0,6097.0,6050.0,6073.5,0.39,76.0,462741.0,1
2025-11-06,2025-11-06 12:00:00,6073.5,6097.0,6073.5,6097.0,0.39,76.0,462741.0,1
2025-11-06,2025-11-06 13:00:00,6097.0,6120.5,6097.0,6120.5,0.39,76.0,462741.0,1
2025-11-06,2025-11-06 14:00:00,6120.5,6144.0,6120.5,6144.0,0.38,76.0,462741.0,1
2025-11-06,2025-11-06 15:00:00,6144.0,6144.0,6050.0,6144.0,0.0,76.0,462741.0,0
2025-11-09,2025-11-09 11:00:00,6050.1,6095.05,6041.05,6072.58,0.37,155.6,942321.26,1
2025-11-09,2025-11-09 12:00:00,6072.58,6095.05,6072.58,6095.05,0.37,155.6,942321.26,1
2025-11-09,2025-11-09 13:00:00,6095.05,6117.52,6095.05,6117.52,0.37,155.6,942321.26,1
2025-11-09,2025-11-09 14:00:00,6117.52,6140.0,6117.52,6140.0,0.37,155.6,942321.26,1
2025-11-09,2025-11-09 15:00:00,6140.0,6140.0,6032.0,6140.0,0.0,155.6,942321.26,0
2025-11-10,2025-11-10 11:00:00,6145.0,6217.0,6122.6,6181.0,0.59,200.8,1247248.6,1
2025-11-10,2025-11-10 12:00:00,6181.0,6217.0,6181.0,6217.0,0.58,200.8,1247248.6,1
2025-11-10,2025-11-10 13:00:00,6217.0,6253.0,6217.0,6253.0,0.58,200.8,1247248.6,1
2025-11-10,2025-11-10 14:00:00,6253.0,6289.0,6253.0,6289.0,0.58,200.8,1247248.6,1
2025-11-10,2025-11-10 15:00:00,6289.0,6289.0,6100.2,6289.0,0.0,200.8,1247248.6,0
2025-11-11,2025-11-11 11:00:00,6163.3,6220.15,6151.65,6186.2,0.37,13.2,81483.68,1
2025-11-11,2025-11-11 12:00:00,6186.2,6209.1,6186.2,6209.1,0.37,13.2,81483.68,1
2025-11-11,2025-11-11 13:00:00,6209.1,6232.0,6209.1,6232.0,0.37,13.2,81483.68,1
2025-11-11,2025-11-11 14:00:00,6232.0,6254.9,6232.0,6254.9,0.37,13.2,81483.68,1
2025-11-11,2025-11-11 15:00:00,6254.9,6277.0,6140.0,6254.9,0.0,13.2,81483.68,0
2025-11-12,2025-11-12 11:00:00,6250.0,6250.0,6190.55,6233.98,-0.26,33.6,207087.94,-1
2025-11-12,2025-11-12 12:00:00,6233.98,6233.98,6217.95,6217.95,-0.26,33.6,207087.94,-1
2025-11-12,2025-11-12 13:00:00,6217.95,6217.95,6201.92,6201.92,-0.26,33.6,207087.94,-1
2025-11-12,2025-11-12 14:00:00,6201.92,6201.92,6185.9,6185.9,-0.26,33.6,207087.94,-1
2025-11-12,2025-11-12 15:00:00,6185.9,6250.0,6131.1,6185.9,0.0,33.6,207087.94,0
2025-11-13,2025-11-13 11:00:00,6070.0,6187.5,6070.0,6114.73,0.74,103.4,641422.76,1
2025-11-13,2025-11-13 12:00:00,6114.73,6159.45,6114.73,6159.45,0.73,103.4,641422.76,1
2025-11-13,2025-11-13 13:00:00,6159.45,6204.17,6159.45,6204.17,0.73,103.4,641422.76,1
2025-11-13,2025-11-13 14:00:00,6204.17,6248.9,6204.17,6248.9,0.72,103.4,641422.76,1
2025-11-13,2025-11-13 15:00:00,6248.9,6305.0,6070.0,6248.9,0.0,103.4,641422.76,0
2025-11-16,2025-11-16 11:00:00,6124.0,6169.55,6124.0,6136.73,0.21,17.0,104359.88,1
2025-11-16,2025-11-16 12:00:00,6136.73,6149.45,6136.73,6149.45,0.21,17.0,104359.88,1
2025-11-16,2025-11-16 13:00:00,6149.45,6162.17,6149.45,6162.17,0.21,17.0,104359.88,1
2025-11-16,2025-11-16 14:00:00,6162.17,6174.9,6162.17,6174.9,0.21,17.0,104359.88,1
2025-11-16,2025-11-16 15:00:00,6174.9,6215.1,6124.0,6174.9,0.0,17.0,104359.88,0
2025-11-17,2025-11-17 11:00:00,6249.9,6249.9,6162.6,6206.25,-0.7,7.0,43051.34,-1
2025-11-17,2025-11-17 12:00:00,6206.25,6206.25,6162.6,6162.6,-0.7,7.0,43051.34,-1
2025-11-17,2025-11-17 13:00:00,6162.6,6162.6,6118.95,6118.95,-0.71,7.0,43051.34,-1
2025-11-17,2025-11-17 14:00:00,6118.95,6118.95,6075.3,6075.3,-0.71,7.0,43051.34,-1
2025-11-17,2025-11-17 15:00:00,6075.3,6249.9,6075.3,6075.3,0.0,7.0,43051.34,0
2025-11-18,2025-11-18 11:00:00,6075.3,6125.05,6075.3,6100.18,0.41,24.8,151089.68,1
2025-11-18,2025-11-18 12:00:00,6100.18,6125.05,6100.18,6125.05,0.41,24.8,151089.68,1
2025-11-18,2025-11-18 13:00:00,6125.05,6149.93,6125.05,6149.93,0.41,24.8,151089.68,1
2025-11-18,2025-11-18 14:00:00,6149.93,6174.8,6149.93,6174.8,0.4,24.8,151089.68,1
2025-11-18,2025-11-18 15:00:00,6174.8,6174.8,6075.3,6174.8,0.0,24.8,151089.68,0
2025-11-19,2025-11-19 11:00:00,6074.5,6107.2,6074.5,6090.85,0.27,8.2,49911.2,1
2025-11-19,2025-11-19 12:00:00,6090.85,6107.2,6090.85,6107.2,0.27,8.2,49911.2,1
2025-11-19,2025-11-19 13:00:00,6107.2,6123.55,6107.2,6123.55,0.27,8.2,49911.2,1
2025-11-19,2025-11-19 14:00:00,6123.55,6139.9,6123.55,6139.9,0.27,8.2,49911.2,1
2025-11-19,2025-11-19 15:00:00,6139.9,6139.9,6074.5,6139.9,0.0,8.2,49911.2,0
2025-11-20,2025-11-20 11:00:00,6100.0,6140.0,6100.0,6118.73,0.31,72.2,441269.96,1
2025-11-20,2025-11-20 12:00:00,6118.73,6137.45,6118.73,6137.45,0.31,72.2,441269.96,1
2025-11-20,2025-11-20 13:00:00,6137.45,6156.17,6137.45,6156.17,0.31,72.2,441269.96,1
2025-11-20,2025-11-20 14:00:00,6156.17,6174.9,6156.17,6174.9,0.3,72.2,441269.96,1
2025-11-20,2025-11-20 15:00:00,6174.9,6180.0,6100.0,6174.9,0.0,72.2,441269.96,0
2025-11-23,2025-11-23 11:00:00,6174.9,6187.45,6137.7,6179.88,0.08,30.8,189542.4,1
2025-11-23,2025-11-23 12:00:00,6179.88,6184.85,6179.88,6184.85,0.08,30.8,189542.4,1
2025-11-23,2025-11-23 13:00:00,6184.85,6189.82,6184.85,6189.82,0.08,30.8,189542.4,1
2025-11-23,2025-11-23 14:00:00,6189.82,6194.8,6189.82,6194.8,0.08,30.8,189542.4,1
2025-11-23,2025-11-23 15:00:00,6194.8,6200.0,6100.5,6194.8,0.0,30.8,189542.4,0
2025-11-24,2025-11-24 11:00:00,6199.0,6246.95,6199.0,6222.98,0.39,109.0,678178.1,1
2025-11-24,2025-11-24 12:00:00,6222.98,6246.95,6222.98,6246.95,0.39,109.0,678178.1,1
2025-11-24,2025-11-24 13:00:00,6246.95,6270.92,6246.95,6270.92,0.38,109.0,678178.1,1
2025-11-24,2025-11-24 14:00:00,6270.92,6294.9,6270.92,6294.9,0.38,109.0,678178.1,1
2025-11-24,2025-11-24 15:00:00,6294.9,6294.9,6199.0,6294.9,0.0,109.0,678178.1,0
2025-11-25,2025-11-25 11:00:00,6169.1,6332.05,6134.55,6230.33,0.99,322.0,1983075.18,1
2025-11-25,2025-11-25 12:00:00,6230.33,6291.55,6230.33,6291.55,0.98,322.0,1983075.18,1
2025-11-25,2025-11-25 13:00:00,6291.55,6352.77,6291.55,6352.77,0.97,322.0,1983075.18,1
2025-11-25,2025-11-25 14:00:00,6352.77,6414.0,6352.77,6414.0,0.96,322.0,1983075.18,1
2025-11-25,2025-11-25 15:00:00,6414.0,6495.0,6100.0,6414.0,0.0,322.0,1983075.18,0
2025-11-26,2025-11-26 11:00:00,6285.8,6309.9,6092.9,6297.57,0.19,191.2,1141042.54,1
2025-11-26,2025-11-26 12:00:00,6297.57,6309.35,6297.57,6309.35,0.19,191.2,1141042.54,1
2025-11-26,2025-11-26 13:00:00,6309.35,6321.12,6309.35,6321.12,0.19,191.2,1141042.54,1
2025-11-26,2025-11-26 14:00:00,6321.12,6332.9,6321.12,6332.9,0.19,191.2,1141042.54,1
2025-11-26,2025-11-26 15:00:00,6332.9,6334.0,5900.0,6332.9,0.0,191.2,1141042.54,0
2025-11-27,2025-11-27 11:00:00,6206.3,6327.65,6083.85,6266.98,0.98,16.4,101450.96,1
2025-11-27,2025-11-27 12:00:00,6266.98,6327.65,6266.98,6327.65,0.97,16.4,101450.96,1
2025-11-27,2025-11-27 13:00:00,6327.65,6388.32,6327.65,6388.32,0.96,16.4,101450.96,1
2025-11-27,2025-11-27 14:00:00,6388.32,6449.0,6388.32,6449.0,0.95,16.4,101450.96,1
2025-11-27,2025-11-27 15:00:00,6449.0,6449.0,5961.4,6449.0,0.0,16.4,101450.96,0
2025-11-30,2025-11-30 11:00:00,6320.1,6320.1,6135.05,6312.3,-0.12,276.0,1685308.74,-1
2025-11-30,2025-11-30 12:00:00,6312.3,6312.3,6304.5,6304.5,-0.12,276.0,1685308.74,-1
2025-11-30,2025-11-30 13:00:00,6304.5,6304.5,6296.7,6296.7,-0.12,276.0,1685308.74,-1
2025-11-30,2025-11-30 14:00:00,6296.7,6296.7,6288.9,6288.9,-0.12,276.0,1685308.74,-1
2025-11-30,2025-11-30 15:00:00,6288.9,6320.1,5950.0,6288.9,0.0,276.0,1685308.74,0
2025-12-01,2025-12-01 11:00:00,6290.0,6290.0,6231.15,6289.7,-0.0,16.2,100792.34,-1
2025-12-01,2025-12-01 12:00:00,6289.7,6289.7,6289.4,6289.4,-0.0,16.2,100792.34,-1
2025-12-01,2025-12-01 13:00:00,6289.4,6289.4,6289.1,6289.1,-0.0,16.2,100792.34,-1
2025-12-01,2025-12-01 14:00:00,6289.1,6289.1,6288.8,6288.8,-0.0,16.2,100792.34,-1
2025-12-01,2025-12-01 15:00:00,6288.8,6290.0,6172.3,6288.8,0.0,16.2,100792.34,0
2025-12-02,2025-12-02 11:00:00,6165.1,6226.5,6165.1,6195.8,0.5,4.0,24906.0,1
2025-12-02,2025-12-02 12:00:00,6195.8,6226.5,6195.8,6226.5,0.5,4.0,24906.0,1
2025-12-02,2025-12-02 13:00:00,6226.5,6257.2,6226.5,6257.2,0.49,4.0,24906.0,1
2025-12-02,2025-12-02 14:00:00,6257.2,6287.9,6257.2,6287.9,0.49,4.0,24906.0,1
2025-12-02,2025-12-02 15:00:00,6287.9,6287.9,6165.1,6287.9,0.0,4.0,24906.0,0
2025-12-03,2025-12-03 11:00:00,6165.0,6413.5,6165.0,6170.25,0.09,59.2,373990.28,1
2025-12-03,2025-12-03 12:00:00,6170.25,6175.5,6170.25,6175.5,0.09,59.2,373990.28,1
2025-12-03,2025-12-03 13:00:00,6175.5,6180.75,6175.5,6180.75,0.09,59.2,373990.28,1
2025-12-03,2025-12-03 14:00:00,6180.75,6186.0,6180.75,6186.0,0.08,59.2,373990.28,1
2025-12-03,2025-12-03 15:00:00,6186.0,6662.0,6165.0,6186.0,0.0,59.2,373990.28,0
2025-12-07,2025-12-07 11:00:00,6065.0,6127.45,6065.0,6096.23,0.51,24.0,147622.04,1
2025-12-07,2025-12-07 12:00:00,6096.23,6127.45,6096.23,6127.45,0.51,24.0,147622.04,1
2025-12-07,2025-12-07 13:00:00,6127.45,6158.67,6127.45,6158.67,0.51,24.0,147622.04,1
2025-12-07,2025-12-07 14:00:00,6158.67,6189.9,6158.67,6189.9,0.51,24.0,147622.04,1
2025-12-07,2025-12-07 15:00:00,6189.9,6189.9,6065.0,6189.9,0.0,24.0,147622.04,0
2025-12-08,2025-12-08 11:00:00,6100.0,6143.95,6100.0,6121.98,0.36,9.8,59889.6,1
2025-12-08,2025-12-08 12:00:00,6121.98,6143.95,6121.98,6143.95,0.36,9.8,59889.6,1
2025-12-08,2025-12-08 13:00:00,6143.95,6165.92,6143.95,6165.92,0.36,9.8,59889.6,1
2025-12-08,2025-12-08 14:00:00,6165.92,6187.9,6165.92,6187.9,0.36,9.8,59889.6,1
2025-12-08,2025-12-08 15:00:00,6187.9,6187.9,6100.0,6187.9,0.0,9.8,59889.6,0
2025-12-09,2025-12-09 11:00:00,6071.1,6138.9,6071.1,6103.33,0.53,45.6,281123.38,1
2025-12-09,2025-12-09 12:00:00,6103.33,6135.55,6103.33,6135.55,0.53,45.6,281123.38,1
2025-12-09,2025-12-09 13:00:00,6135.55,6167.77,6135.55,6167.77,0.53,45.6,281123.38,1
2025-12-09,2025-12-09 14:00:00,6167.77,6200.0,6167.77,6200.0,0.52,45.6,281123.38,1
2025-12-09,2025-12-09 15:00:00,6200.0,6206.7,6071.1,6200.0,0.0,45.6,281123.38,0
2025-12-10,2025-12-10 11:00:00,6081.1,6115.55,6081.1,6085.83,0.08,23.6,143908.6,1
2025-12-10,2025-12-10 12:00:00,6085.83,6090.55,6085.83,6090.55,0.08,23.6,143908.6,1
2025-12-10,2025-12-10 13:00:00,6090.55,6095.27,6090.55,6095.27,0.08,23.6,143908.6,1
2025-12-10,2025-12-10 14:00:00,6095.27,6100.0,6095.27,6100.0,0.08,23.6,143908.6,1
2025-12-10,2025-12-10 15:00:00,6100.0,6150.0,6081.1,6100.0,0.0,23.6,143908.6,0
2025-12-11,2025-12-11 11:00:00,6101.0,6125.5,6100.5,6113.25,0.2,26.0,158746.84,1
2025-12-11,2025-12-11 12:00:00,6113.25,6125.5,6113.25,6125.5,0.2,26.0,158746.84,1
2025-12-11,2025-12-11 13:00:00,6125.5,6137.75,6125.5,6137.75,0.2,26.0,158746.84,1
2025-12-11,2025-12-11 14:00:00,6137.75,6150.0,6137.75,6150.0,0.2,26.0,158746.84,1
2025-12-11,2025-12-11 15:00:00,6150.0,6150.0,6100.0,6150.0,0.0,26.0,158746.84,0
2025-12-14,2025-12-14 11:00:00,6050.0,6099.95,6050.0,6074.98,0.41,15.6,94925.8,1
2025-12-14,2025-12-14 12:00:00,6074.98,6099.95,6074.98,6099.95,0.41,15.6,94925.8,1
2025-12-14,2025-12-14 13:00:00,6099.95,6124.92,6099.95,6124.92,0.41,15.6,94925.8,1
2025-12-14,2025-12-14 14:00:00,6124.92,6149.9,6124.92,6149.9,0.41,15.6,94925.8,1
2025-12-14,2025-12-14 15:00:00,6149.9,6149.9,6050.0,6149.9,0.0,15.6,94925.8,0
2025-12-15,2025-12-15 11:00:00,6270.0,6270.0,6152.5,6240.0,-0.48,24.8,151829.92,-1
2025-12-15,2025-12-15 12:00:00,6240.0,6240.0,6210.0,6210.0,-0.48,24.8,151829.92,-1
2025-12-15,2025-12-15 13:00:00,6210.0,6210.0,6180.0,6180.0,-0.48,24.8,151829.92,-1
2025-12-15,2025-12-15 14:00:00,6180.0,6180.0,6150.0,6150.0,-0.49,24.8,151829.92,-1
2025-12-15,2025-12-15 15:00:00,6150.0,6270.0,6035.0,6150.0,0.0,24.8,151829.92,0
2025-12-16,2025-12-16 11:00:00,6028.4,6089.2,6028.4,6058.8,0.5,83.4,506826.32,1
2025-12-16,2025-12-16 12:00:00,6058.8,6089.2,6058.8,6089.2,0.5,83.4,506826.32,1
2025-12-16,2025-12-16 13:00:00,6089.2,6119.6,6089.2,6119.6,0.5,83.4,506826.32,1
2025-12-16,2025-12-16 14:00:00,6119.6,6150.0,6119.6,6150.0,0.5,83.4,506826.32,1
2025-12-16,2025-12-16 15:00:00,6150.0,6150.0,6028.4,6150.0,0.0,83.4,506826.32,0
2025-12-17,2025-12-17 11:00:00,6100.0,6140.0,6080.5,6120.0,0.33,35.6,216559.0,1
2025-12-17,2025-12-17 12:00:00,6120.0,6140.0,6120.0,6140.0,0.33,35.6,216559.0,1
2025-12-17,2025-12-17 13:00:00,6140.0,6160.0,6140.0,6160.0,0.33,35.6,216559.0,1
2025-12-17,2025-12-17 14:00:00,6160.0,6180.0,6160.0,6180.0,0.32,35.6,216559.0,1
2025-12-17,2025-12-17 15:00:00,6180.0,6180.0,6061.0,6180.0,0.0,35.6,216559.0,0
2025-12-18,2025-12-18 11:00:00,6294.0,6294.0,6231.1,6262.55,-0.5,4.0,24924.4,-1
2025-12-18,2025-12-18 12:00:00,6262.55,6262.55,6231.1,6231.1,-0.5,4.0,24924.4,-1
2025-12-18,2025-12-18 13:00:00,6231.1,6231.1,6199.65,6199.65,-0.5,4.0,24924.4,-1
2025-12-18,2025-12-18 14:00:00,6199.65,6199.65,6168.2,6168.2,-0.51,4.0,24924.4,-1
2025-12-18,2025-12-18 15:00:00,6168.2,6294.0,6168.2,6168.2,0.0,4.0,24924.4,0
2025-12-21,2025-12-21 11:00:00,6044.9,6072.45,6044.9,6058.67,0.23,11.0,66658.22,1
2025-12-21,2025-12-21 12:00:00,6058.67,6072.45,6058.67,6072.45,0.23,11.0,66658.22,1
2025-12-21,2025-12-21 13:00:00,6072.45,6086.23,6072.45,6086.23,0.23,11.0,66658.22,1
2025-12-21,2025-12-21 14:00:00,6086.23,6100.0,6086.23,6100.0,0.23,11.0,66658.22,1
2025-12-21,2025-12-21 15:00:00,6100.0,6100.0,6044.9,6100.0,0.0,11.0,66658.22,0
2025-12-22,2025-12-22 11:00:00,6000.0,6050.0,6000.0,6024.5,0.41,20.0,121225.56,1
2025-12-22,2025-12-22 12:00:00,6024.5,6049.0,6024.5,6049.0,0.41,20.0,121225.56,1
2025-12-22,2025-12-22 13:00:00,6049.0,6073.5,6049.0,6073.5,0.41,20.0,121225.56,1
2025-12-22,2025-12-22 14:00:00,6073.5,6098.0,6073.5,6098.0,0.4,20.0,121225.56,1
2025-12-22,2025-12-22 15:00:00,6098.0,6100.0,6000.0,6098.0,0.0,20.0,121225.56,0
2025-12-23,2025-12-23 11:00:00,6010.0,6069.45,6010.0,6039.73,0.49,33.6,204111.9,1
2025-12-23,2025-12-23 12:00:00,6039.73,6069.45,6039.73,6069.45,0.49,33.6,204111.9,1
2025-12-23,2025-12-23 13:00:00,6069.45,6099.17,6069.45,6099.17,0.49,33.6,204111.9,1
2025-12-23,2025-12-23 14:00:00,6099.17,6128.9,6099.17,6128.9,0.49,33.6,204111.9,1
2025-12-23,2025-12-23 15:00:00,6128.9,6128.9,6010.0,6128.9,0.0,33.6,204111.9,0
2025-12-24,2025-12-24 11:00:00,6060.1,6105.05,6033.25,6082.58,0.37,103.0,621210.78,1
2025-12-24,2025-12-24 12:00:00,6082.58,6105.05,6082.58,6105.05,0.37,103.0,621210.78,1
2025-12-24,2025-12-24 13:00:00,6105.05,6127.52,6105.05,6127.52,0.37,103.0,621210.78,1
2025-12-24,2025-12-24 14:00:00,6127.52,6150.0,6127.52,6150.0,0.37,103.0,621210.78,1
2025-12-24,2025-12-24 15:00:00,6150.0,6150.0,6006.4,6150.0,0.0,103.0,621210.78,0
2025-12-28,2025-12-28 11:00:00,6035.1,6089.55,6028.15,6055.05,0.33,42.4,256474.52,1
2025-12-28,2025-12-28 12:00:00,6055.05,6075.0,6055.05,6075.0,0.33,42.4,256474.52,1
2025-12-28,2025-12-28 13:00:00,6075.0,6094.95,6075.0,6094.95,0.33,42.4,256474.52,1
2025-12-28,2025-12-28 14:00:00,6094.95,6114.9,6094.95,6114.9,0.33,42.4,256474.52,1
2025-12-28,2025-12-28 15:00:00,6114.9,6144.0,6021.2,6114.9,0.0,42.4,256474.52,0
2025-12-29,2025-12-29 11:00:00,6000.3,6050.15,6000.3,6025.23,0.42,13.6,81824.8,1
2025-12-29,2025-12-29 12:00:00,6025.23,6050.15,6025.23,6050.15,0.41,13.6,81824.8,1
2025-12-29,2025-12-29 13:00:00,6050.15,6075.07,6050.15,6075.07,0.41,13.6,81824.8,1
2025-12-29,2025-12-29 14:00:00,6075.07,6100.0,6075.07,6100.0,0.41,13.6,81824.8,1
2025-12-29,2025-12-29 15:00:00,6100.0,6100.0,6000.3,6100.0,0.0,13.6,81824.8,0
2025-12-31,2025-12-31 11:00:00,6100.0,6105.0,6061.0,6102.5,0.04,14.0,84622.8,1
2025-12-31,2025-12-31 12:00:00,6102.5,6105.0,6102.5,6105.0,0.04,14.0,84622.8,1
2025-12-31,2025-12-31 13:00:00,6105.0,6107.5,6105.0,6107.5,0.04,14.0,84622.8,1
2025-12-31,2025-12-31 14:00:00,6107.5,6110.0,6107.5,6110.0,0.04,14.0,84622.8,1
2025-12-31,2025-12-31 15:00:00,6110.0,6110.0,6022.0,6110.0,0.0,14.0,84622.8,0
2026-01-01,2026-01-01 11:00:00,6021.1,6053.05,6020.55,6035.8,0.24,27.0,162845.72,1
2026-01-01,2026-01-01 12:00:00,6035.8,6050.5,6035.8,6050.5,0.24,27.0,162845.72,1
2026-01-01,2026-01-01 13:00:00,6050.5,6065.2,6050.5,6065.2,0.24,27.0,162845.72,1
2026-01-01,2026-01-01 14:00:00,6065.2,6079.9,6065.2,6079.9,0.24,27.0,162845.72,1
2026-01-01,2026-01-01 15:00:00,6079.9,6085.0,6020.0,6079.9,0.0,27.0,162845.72,0
2026-01-04,2026-01-04 11:00:00,6079.9,6080.95,6020.45,6080.42,0.01,126.0,758027.56,1
2026-01-04,2026-01-04 12:00:00,6080.42,6080.95,6080.42,6080.95,0.01,126.0,758027.56,1
2026-01-04,2026-01-04 13:00:00,6080.95,6081.48,6080.95,6081.48,0.01,126.0,758027.56,1
2026-01-04,2026-01-04 14:00:00,6081.48,6082.0,6081.48,6082.0,0.01,126.0,758027.56,1
2026-01-04,2026-01-04 15:00:00,6082.0,6082.0,5961.0,6082.0,0.0,126.0,758027.56,0
2026-01-05,2026-01-05 11:00:00,6025.0,6055.0,6012.5,6039.73,0.24,47.6,286227.06,1
2026-01-05,2026-01-05 12:00:00,6039.73,6054.45,6039.73,6054.45,0.24,47.6,286227.06,1
2026-01-05,2026-01-05 13:00:00,6054.45,6069.17,6054.45,6069.17,0.24,47.6,286227.06,1
2026-01-05,2026-01-05 14:00:00,6069.17,6083.9,6069.17,6083.9,0.24,47.6,286227.06,1
2026-01-05,2026-01-05 15:00:00,6083.9,6085.0,6000.0,6083.9,0.0,47.6,286227.06,0
2026-01-06,2026-01-06 11:00:00,6005.0,6230.0,6005.0,6010.0,0.08,166.6,1009708.92,1
2026-01-06,2026-01-06 12:00:00,6010.0,6015.0,6010.0,6015.0,0.08,166.6,1009708.92,1
2026-01-06,2026-01-06 13:00:00,6015.0,6020.0,6015.0,6020.0,0.08,166.6,1009708.92,1
2026-01-06,2026-01-06 14:00:00,6020.0,6025.0,6020.0,6025.0,0.08,166.6,1009708.92,1
2026-01-06,2026-01-06 15:00:00,6025.0,6455.0,6005.0,6025.0,0.0,166.6,1009708.92,0
2026-01-07,2026-01-07 11:00:00,6144.9,6267.95,6079.95,6133.67,-0.18,128.0,780025.82,-1
2026-01-07,2026-01-07 12:00:00,6133.67,6133.67,6122.45,6122.45,-0.18,128.0,780025.82,-1
2026-01-07,2026-01-07 13:00:00,6122.45,6122.45,6111.23,6111.23,-0.18,128.0,780025.82,-1
2026-01-07,2026-01-07 14:00:00,6111.23,6111.23,6100.0,6100.0,-0.18,128.0,780025.82,-1
2026-01-07,2026-01-07 15:00:00,6100.0,6391.0,6015.0,6100.0,0.0,128.0,780025.82,0
2026-01-08,2026-01-08 11:00:00,6099.9,6148.95,6099.9,6099.92,0.0,433.8,2665149.8,1
2026-01-08,2026-01-08 12:00:00,6099.92,6099.95,6099.92,6099.95,0.0,433.8,2665149.8,1
2026-01-08,2026-01-08 13:00:00,6099.95,6099.98,6099.95,6099.98,0.0,433.8,2665149.8,1
2026-01-08,2026-01-08 14:00:00,6099.98,6100.0,6099.98,6100.0,0.0,433.8,2665149.8,1
2026-01-08,2026-01-08 15:00:00,6100.0,6198.0,6099.9,6100.0,0.0,433.8,2665149.8,0
2026-01-12,2026-01-12 11:00:00,6060.1,6089.95,6060.1,6075.03,0.25,32.8,199296.68,1
2026-01-12,2026-01-12 12:00:00,6075.03,6089.95,6075.03,6089.95,0.25,32.8,199296.68,1
2026-01-12,2026-01-12 13:00:00,6089.95,6104.88,6089.95,6104.88,0.25,32.8,199296.68,1
2026-01-12,2026-01-12 14:00:00,6104.88,6119.8,6104.88,6119.8,0.24,32.8,199296.68,1
2026-01-12,2026-01-12 15:00:00,6119.8,6119.8,6060.1,6119.8,0.0,32.8,199296.68,0
2026-01-13,2026-01-13 11:00:00,6050.0,6075.0,6025.5,6062.5,0.21,52.2,315267.8,1
2026-01-13,2026-01-13 12:00:00,6062.5,6075.0,6062.5,6075.0,0.21,52.2,315267.8,1
2026-01-13,2026-01-13 13:00:00,6075.0,6087.5,6075.0,6087.5,0.21,52.2,315267.8,1
2026-01-13,2026-01-13 14:00:00,6087.5,6100.0,6087.5,6100.0,0.21,52.2,315267.8,1
2026-01-13,2026-01-13 15:00:00,6100.0,6100.0,6001.0,6100.0,0.0,52.2,315267.8,0
2026-01-14,2026-01-14 11:00:00,6150.0,6170.0,6083.0,6117.5,-0.53,69.0,416846.74,-1
2026-01-14,2026-01-14 12:00:00,6117.5,6117.5,6085.0,6085.0,-0.53,69.0,416846.74,-1
2026-01-14,2026-01-14 13:00:00,6085.0,6085.0,6052.5,6052.5,-0.53,69.0,416846.74,-1
2026-01-14,2026-01-14 14:00:00,6052.5,6052.5,6020.0,6020.0,-0.54,69.0,416846.74,-1
2026-01-14,2026-01-14 15:00:00,6020.0,6190.0,6016.0,6020.0,0.0,69.0,416846.74,0
2026-01-18,2026-01-18 11:00:00,6088.0,6094.0,6084.5,6091.0,0.05,19.0,115665.8,1
2026-01-18,2026-01-18 12:00:00,6091.0,6094.0,6091.0,6094.0,0.05,19.0,115665.8,1
2026-01-18,2026-01-18 13:00:00,6094.0,6097.0,6094.0,6097.0,0.05,19.0,115665.8,1
2026-01-18,2026-01-18 14:00:00,6097.0,6100.0,6097.0,6100.0,0.05,19.0,115665.8,1
2026-01-18,2026-01-18 15:00:00,6100.0,6100.0,6081.0,6100.0,0.0,19.0,115665.8,0
2026-01-20,2026-01-20 11:00:00,6020.0,6059.25,6020.0,6039.23,0.32,48.8,294281.84,1
2026-01-20,2026-01-20 12:00:00,6039.23,6058.45,6039.23,6058.45,0.32,48.8,294281.84,1
2026-01-20,2026-01-20 13:00:00,6058.45,6077.67,6058.45,6077.67,0.32,48.8,294281.84,1
2026-01-20,2026-01-20 14:00:00,6077.67,6096.9,6077.67,6096.9,0.32,48.8,294281.84,1
2026-01-20,2026-01-20 15:00:00,6096.9,6098.5,6020.0,6096.9,0.0,48.8,294281.84,0
2026-01-21,2026-01-21 11:00:00,6096.9,6099.4,6058.95,6077.92,-0.31,55.8,337274.3,-1
2026-01-21,2026-01-21 12:00:00,6077.92,6077.92,6058.95,6058.95,-0.31,55.8,337274.3,-1
2026-01-21,2026-01-21 13:00:00,6058.95,6058.95,6039.98,6039.98,-0.31,55.8,337274.3,-1
2026-01-21,2026-01-21 14:00:00,6039.98,6039.98,6021.0,6021.0,-0.31,55.8,337274.3,-1
2026-01-21,2026-01-21 15:00:00,6021.0,6101.9,6021.0,6021.0,0.0,55.8,337274.3,0
2026-01-22,2026-01-22 11:00:00,6021.0,6065.5,6020.5,6020.75,-0.0,38.8,234758.32,-1
2026-01-22,2026-01-22 12:00:00,6020.75,6020.75,6020.5,6020.5,-0.0,38.8,234758.32,-1
2026-01-22,2026-01-22 13:00:00,6020.5,6020.5,6020.25,6020.25,-0.0,38.8,234758.32,-1
2026-01-22,2026-01-22 14:00:00,6020.25,6020.25,6020.0,6020.0,-0.0,38.8,234758.32,-1
2026-01-22,2026-01-22 15:00:00,6020.0,6110.0,6020.0,6020.0,0.0,38.8,234758.32,0
2026-01-25,2026-01-25 11:00:00,6139.9,6139.9,6094.95,6117.42,-0.37,49.0,297498.36,-1
2026-01-25,2026-01-25 12:00:00,6117.42,6117.42,6094.95,6094.95,-0.37,49.0,297498.36,-1
2026-01-25,2026-01-25 13:00:00,6094.95,6094.95,6072.48,6072.48,-0.37,49.0,297498.36,-1
2026-01-25,2026-01-25 14:00:00,6072.48,6072.48,6050.0,6050.0,-0.37,49.0,297498.36,-1
2026-01-25,2026-01-25 15:00:00,6050.0,6139.9,6050.0,6050.0,0.0,49.0,297498.36,0
2026-01-26,2026-01-26 11:00:00,6099.0,6099.5,6054.5,6099.25,0.0,64.6,392402.96,1
2026-01-26,2026-01-26 12:00:00,6099.25,6099.5,6099.25,6099.5,0.0,64.6,392402.96,1
2026-01-26,2026-01-26 13:00:00,6099.5,6099.75,6099.5,6099.75,0.0,64.6,392402.96,1
2026-01-26,2026-01-26 14:00:00,6099.75,6100.0,6099.75,6100.0,0.0,64.6,392402.96,1
2026-01-26,2026-01-26 15:00:00,6100.0,6100.0,6010.0,6100.0,0.0,64.6,392402.96,0
2026-01-27,2026-01-27 11:00:00,6000.0,6080.0,6000.0,6032.48,0.54,59.8,362049.4,1
2026-01-27,2026-01-27 12:00:00,6032.48,6064.95,6032.48,6064.95,0.54,59.8,362049.4,1
2026-01-27,2026-01-27 13:00:00,6064.95,6097.42,6064.95,6097.42,0.54,59.8,362049.4,1
2026-01-27,2026-01-27 14:00:00,6097.42,6129.9,6097.42,6129.9,0.53,59.8,362049.4,1
2026-01-27,2026-01-27 15:00:00,6129.9,6160.0,6000.0,6129.9,0.0,59.8,362049.4,0
2026-01-28,2026-01-28 11:00:00,6009.0,6067.5,6009.0,6038.25,0.49,19.6,117826.76,1
2026-01-28,2026-01-28 12:00:00,6038.25,6067.5,6038.25,6067.5,0.48,19.6,117826.76,1
2026-01-28,2026-01-28 13:00:00,6067.5,6096.75,6067.5,6096.75,0.48,19.6,117826.76,1
2026-01-28,2026-01-28 14:00:00,6096.75,6126.0,6096.75,6126.0,0.48,19.6,117826.76,1
2026-01-28,2026-01-28 15:00:00,6126.0,6126.0,6009.0,6126.0,0.0,19.6,117826.76,0
2026-01-29,2026-01-29 11:00:00,6004.3,6064.15,6004.15,6015.98,0.19,21.6,130592.08,1
2026-01-29,2026-01-29 12:00:00,6015.98,6027.65,6015.98,6027.65,0.19,21.6,130592.08,1
2026-01-29,2026-01-29 13:00:00,6027.65,6039.32,6027.65,6039.32,0.19,21.6,130592.08,1
2026-01-29,2026-01-29 14:00:00,6039.32,6051.0,6039.32,6051.0,0.19,21.6,130592.08,1
2026-01-29,2026-01-29 15:00:00,6051.0,6124.0,6004.0,6051.0,0.0,21.6,130592.08,0
2026-02-01,2026-02-01 11:00:00,6051.0,6080.95,6025.5,6038.75,-0.2,29.2,175602.82,-1
2026-02-01,2026-02-01 12:00:00,6038.75,6038.75,6026.5,6026.5,-0.2,29.2,175602.82,-1
2026-02-01,2026-02-01 13:00:00,6026.5,6026.5,6014.25,6014.25,-0.2,29.2,175602.82,-1
2026-02-01,2026-02-01 14:00:00,6014.25,6014.25,6002.0,6002.0,-0.2,29.2,175602.82,-1
2026-02-01,2026-02-01 15:00:00,6002.0,6110.9,6000.0,6002.0,0.0,29.2,175602.82,0
2026-02-02,2026-02-02 11:00:00,6002.0,6061.0,6002.0,6004.0,0.03,74.0,450354.52,1
2026-02-02,2026-02-02 12:00:00,6004.0,6006.0,6004.0,6006.0,0.03,74.0,450354.52,1
2026-02-02,2026-02-02 13:00:00,6006.0,6008.0,6006.0,6008.0,0.03,74.0,450354.52,1
2026-02-02,2026-02-02 14:00:00,6008.0,6010.0,6008.0,6010.0,0.03,74.0,450354.52,1
2026-02-02,2026-02-02 15:00:00,6010.0,6120.0,6002.0,6010.0,0.0,74.0,450354.52,0
2026-02-03,2026-02-03 11:00:00,5940.1,5972.55,5940.1,5955.33,0.26,14.4,85929.88,1
2026-02-03,2026-02-03 12:00:00,5955.33,5970.55,5955.33,5970.55,0.26,14.4,85929.88,1
2026-02-03,2026-02-03 13:00:00,5970.55,5985.77,5970.55,5985.77,0.25,14.4,85929.88,1
2026-02-03,2026-02-03 14:00:00,5985.77,6001.0,5985.77,6001.0,0.25,14.4,85929.88,1
2026-02-03,2026-02-03 15:00:00,6001.0,6005.0,5940.1,6001.0,0.0,14.4,85929.88,0
2026-02-04,2026-02-04 11:00:00,5900.0,6061.0,5900.0,5931.2,0.53,1129.8,6758772.84,1
2026-02-04,2026-02-04 12:00:00,5931.2,5962.4,5931.2,5962.4,0.53,1129.8,6758772.84,1
2026-02-04,2026-02-04 13:00:00,5962.4,5993.6,5962.4,5993.6,0.52,1129.8,6758772.84,1
2026-02-04,2026-02-04 14:00:00,5993.6,6024.8,5993.6,6024.8,0.52,1129.8,6758772.84,1
2026-02-04,2026-02-04 15:00:00,6024.8,6222.0,5900.0,6024.8,0.0,1129.8,6758772.84,0
2026-02-05,2026-02-05 11:00:00,5930.0,6040.3,5930.0,5955.0,0.42,113.8,686274.36,1
2026-02-05,2026-02-05 12:00:00,5955.0,5980.0,5955.0,5980.0,0.42,113.8,686274.36,1
2026-02-05,2026-02-05 13:00:00,5980.0,6005.0,5980.0,6005.0,0.42,113.8,686274.36,1
2026-02-05,2026-02-05 14:00:00,6005.0,6030.0,6005.0,6030.0,0.42,113.8,686274.36,1
2026-02-05,2026-02-05 15:00:00,6030.0,6150.6,5930.0,6030.0,0.0,113.8,686274.36,0
2026-02-08,2026-02-08 11:00:00,6031.1,6126.55,6015.05,6033.58,0.04,244.0,1485029.48,1
2026-02-08,2026-02-08 12:00:00,6033.58,6036.05,6033.58,6036.05,0.04,244.0,1485029.48,1
2026-02-08,2026-02-08 13:00:00,6036.05,6038.52,6036.05,6038.52,0.04,244.0,1485029.48,1
2026-02-08,2026-02-08 14:00:00,6038.52,6041.0,6038.52,6041.0,0.04,244.0,1485029.48,1
2026-02-08,2026-02-08 15:00:00,6041.0,6222.0,5999.0,6041.0,0.0,244.0,1485029.48,0
2026-02-09,2026-02-09 11:00:00,6160.0,6221.5,6100.0,6131.52,-0.46,152.4,937375.16,-1
2026-02-09,2026-02-09 12:00:00,6131.52,6131.52,6103.05,6103.05,-0.46,152.4,937375.16,-1
2026-02-09,2026-02-09 13:00:00,6103.05,6103.05,6074.58,6074.58,-0.47,152.4,937375.16,-1
2026-02-09,2026-02-09 14:00:00,6074.58,6074.58,6046.1,6046.1,-0.47,152.4,937375.16,-1
2026-02-09,2026-02-09 15:00:00,6046.1,6283.0,6040.0,6046.1,0.0,152.4,937375.16,0
2026-02-10,2026-02-10 11:00:00,6167.0,6228.45,6138.6,6197.15,0.49,47.6,295312.16,1
2026-02-10,2026-02-10 12:00:00,6197.15,6227.3,6197.15,6227.3,0.49,47.6,295312.16,1
2026-02-10,2026-02-10 13:00:00,6227.3,6257.45,6227.3,6257.45,0.48,47.6,295312.16,1
2026-02-10,2026-02-10 14:00:00,6257.45,6287.6,6257.45,6287.6,0.48,47.6,295312.16,1
2026-02-10,2026-02-10 15:00:00,6287.6,6289.9,6110.2,6287.6,0.0,47.6,295312.16,0
2026-02-11,2026-02-11 11:00:00,6161.9,6180.95,6142.95,6152.42,-0.15,16.8,103310.98,-1
2026-02-11,2026-02-11 12:00:00,6152.42,6152.42,6142.95,6142.95,-0.15,16.8,103310.98,-1
2026-02-11,2026-02-11 13:00:00,6142.95,6142.95,6133.48,6133.48,-0.15,16.8,103310.98,-1
2026-02-11,2026-02-11 14:00:00,6133.48,6133.48,6124.0,6124.0,-0.15,16.8,103310.98,-1
2026-02-11,2026-02-11 15:00:00,6124.0,6200.0,6124.0,6124.0,0.0,16.8,103310.98,0
2026-02-12,2026-02-12 11:00:00,6010.7,6192.85,6010.4,6058.02,0.79,263.6,1640508.54,1
2026-02-12,2026-02-12 12:00:00,6058.02,6105.35,6058.02,6105.35,0.78,263.6,1640508.54,1
2026-02-12,2026-02-12 13:00:00,6105.35,6152.68,6105.35,6152.68,0.78,263.6,1640508.54,1
2026-02-12,2026-02-12 14:00:00,6152.68,6200.0,6152.68,6200.0,0.77,263.6,1640508.54,1
2026-02-12,2026-02-12 15:00:00,6200.0,6375.0,6010.1,6200.0,0.0,263.6,1640508.54,0
2026-02-16,2026-02-16 11:00:00,6250.0,6282.5,6225.1,6261.73,0.19,58.2,363537.28,1
2026-02-16,2026-02-16 12:00:00,6261.73,6273.45,6261.73,6273.45,0.19,58.2,363537.28,1
2026-02-16,2026-02-16 13:00:00,6273.45,6285.17,6273.45,6285.17,0.19,58.2,363537.28,1
2026-02-16,2026-02-16 14:00:00,6285.17,6296.9,6285.17,6296.9,0.19,58.2,363537.28,1
2026-02-16,2026-02-16 15:00:00,6296.9,6315.0,6200.2,6296.9,0.0,58.2,363537.28,0
2026-02-17,2026-02-17 11:00:00,6172.6,6255.75,6172.6,6204.43,0.52,36.2,226772.0,1
2026-02-17,2026-02-17 12:00:00,6204.43,6236.25,6204.43,6236.25,0.51,36.2,226772.0,1
2026-02-17,2026-02-17 13:00:00,6236.25,6268.07,6236.25,6268.07,0.51,36.2,226772.0,1
2026-02-17,2026-02-17 14:00:00,6268.07,6299.9,6268.07,6299.9,0.51,36.2,226772.0,1
2026-02-17,2026-02-17 15:00:00,6299.9,6338.9,6172.6,6299.9,0.0,36.2,226772.0,0
2026-02-22,2026-02-22 11:00:00,6329.9,6363.95,6139.95,6309.92,-0.32,490.4,3003321.32,-1
2026-02-22,2026-02-22 12:00:00,6309.92,6309.92,6289.95,6289.95,-0.32,490.4,3003321.32,-1
2026-02-22,2026-02-22 13:00:00,6289.95,6289.95,6269.98,6269.98,-0.32,490.4,3003321.32,-1
2026-02-22,2026-02-22 14:00:00,6269.98,6269.98,6250.0,6250.0,-0.32,490.4,3003321.32,-1
2026-02-22,2026-02-22 15:00:00,6250.0,6398.0,5950.0,6250.0,0.0,490.4,3003321.32,0
2026-02-23,2026-02-23 11:00:00,6250.0,6282.5,6187.5,6262.5,0.2,114.6,711618.4,1
2026-02-23,2026-02-23 12:00:00,6262.5,6275.0,6262.5,6275.0,0.2,114.6,711618.4,1
2026-02-23,2026-02-23 13:00:00,6275.0,6287.5,6275.0,6287.5,0.2,114.6,711618.4,1
2026-02-23,2026-02-23 14:00:00,6287.5,6300.0,6287.5,6300.0,0.2,114.6,711618.4,1
2026-02-23,2026-02-23 15:00:00,6300.0,6315.0,6125.0,6300.0,0.0,114.6,711618.4,0
2026-02-24,2026-02-24 11:00:00,6255.1,6300.05,6252.55,6271.33,0.26,128.8,810657.16,1
2026-02-24,2026-02-24 12:00:00,6271.33,6287.55,6271.33,6287.55,0.26,128.8,810657.16,1
2026-02-24,2026-02-24 13:00:00,6287.55,6303.77,6287.55,6303.77,0.26,128.8,810657.16,1
2026-02-24,2026-02-24 14:00:00,6303.77,6320.0,6303.77,6320.0,0.26,128.8,810657.16,1
2026-02-24,2026-02-24 15:00:00,6320.0,6345.0,6250.0,6320.0,0.0,128.8,810657.16,0
2026-02-25,2026-02-25 11:00:00,6394.9,6394.9,6347.45,6385.65,-0.14,51.8,326936.78,-1
2026-02-25,2026-02-25 12:00:00,6385.65,6385.65,6376.4,6376.4,-0.14,51.8,326936.78,-1
2026-02-25,2026-02-25 13:00:00,6376.4,6376.4,6367.15,6367.15,-0.15,51.8,326936.78,-1
2026-02-25,2026-02-25 14:00:00,6367.15,6367.15,6357.9,6357.9,-0.15,51.8,326936.78,-1
2026-02-25,2026-02-25 15:00:00,6357.9,6394.9,6300.0,6357.9,0.0,51.8,326936.78,0
2026-02-26,2026-02-26 11:00:00,6230.8,6293.1,6230.8,6261.95,0.5,43.6,276360.8,1
2026-02-26,2026-02-26 12:00:00,6261.95,6293.1,6261.95,6293.1,0.5,43.6,276360.8,1
2026-02-26,2026-02-26 13:00:00,6293.1,6324.25,6293.1,6324.25,0.49,43.6,276360.8,1
2026-02-26,2026-02-26 14:00:00,6324.25,6355.4,6324.25,6355.4,0.49,43.6,276360.8,1
2026-02-26,2026-02-26 15:00:00,6355.4,6355.4,6230.8,6355.4,0.0,43.6,276360.8,0
2026-03-01,2026-03-01 11:00:00,6325.0,6357.5,6320.05,6331.25,0.1,271.0,1712721.02,1
2026-03-01,2026-03-01 12:00:00,6331.25,6337.5,6331.25,6337.5,0.1,271.0,1712721.02,1
2026-03-01,2026-03-01 13:00:00,6337.5,6343.75,6337.5,6343.75,0.1,271.0,1712721.02,1
2026-03-01,2026-03-01 14:00:00,6343.75,6350.0,6343.75,6350.0,0.1,271.0,1712721.02,1
2026-03-01,2026-03-01 15:00:00,6350.0,6390.0,6315.1,6350.0,0.0,271.0,1712721.02,0
2026-03-03,2026-03-03 11:00:00,6350.0,6405.0,6350.0,6362.5,0.2,185.0,1181200.72,1
2026-03-03,2026-03-03 12:00:00,6362.5,6375.0,6362.5,6375.0,0.2,185.0,1181200.72,1
2026-03-03,2026-03-03 13:00:00,6375.0,6387.5,6375.0,6387.5,0.2,185.0,1181200.72,1
2026-03-03,2026-03-03 14:00:00,6387.5,6400.0,6387.5,6400.0,0.2,185.0,1181200.72,1
2026-03-03,2026-03-03 15:00:00,6400.0,6460.0,6350.0,6400.0,0.0,185.0,1181200.72,0
2026-03-09,2026-03-09 11:00:00,6528.0,6528.0,6528.0,6528.0,0.0,2.0,13056.0,0
2026-03-09,2026-03-09 12:00:00,6528.0,6528.0,6528.0,6528.0,0.0,2.0,13056.0,0
2026-03-09,2026-03-09 13:00:00,6528.0,6528.0,6528.0,6528.0,0.0,2.0,13056.0,0
2026-03-09,2026-03-09 14:00:00,6528.0,6528.0,6528.0,6528.0,0.0,2.0,13056.0,0
2026-03-09,2026-03-09 15:00:00,6528.0,6528.0,6528.0,6528.0,0.0,2.0,13056.0,0
2026-03-10,2026-03-10 11:00:00,6600.0,6600.0,6470.55,6535.27,-0.98,21.4,139155.24,-1
2026-03-10,2026-03-10 12:00:00,6535.27,6535.27,6470.55,6470.55,-0.99,21.4,139155.24,-1
2026-03-10,2026-03-10 13:00:00,6470.55,6470.55,6405.83,6405.83,-1.0,21.4,139155.24,-1
2026-03-10,2026-03-10 14:00:00,6405.83,6405.83,6341.1,6341.1,-1.01,21.4,139155.24,-1
2026-03-10,2026-03-10 15:00:00,6341.1,6600.0,6341.1,6341.1,0.0,21.4,139155.24,0
2026-03-11,2026-03-11 11:00:00,6350.0,6413.5,6350.0,6372.48,0.35,160.4,1019772.04,1
2026-03-11,2026-03-11 12:00:00,6372.48,6394.95,6372.48,6394.95,0.35,160.4,1019772.04,1
2026-03-11,2026-03-11 13:00:00,6394.95,6417.42,6394.95,6417.42,0.35,160.4,1019772.04,1
2026-03-11,2026-03-11 14:00:00,6417.42,6439.9,6417.42,6439.9,0.35,160.4,1019772.04,1
2026-03-11,2026-03-11 15:00:00,6439.9,6477.0,6350.0,6439.9,0.0,160.4,1019772.04,0
2026-03-12,2026-03-12 11:00:00,6400.0,6462.4,6400.0,6402.52,0.04,47.8,306457.46,1
2026-03-12,2026-03-12 12:00:00,6402.52,6405.05,6402.52,6405.05,0.04,47.8,306457.46,1
2026-03-12,2026-03-12 13:00:00,6405.05,6407.58,6405.05,6407.58,0.04,47.8,306457.46,1
2026-03-12,2026-03-12 14:00:00,6407.58,6410.1,6407.58,6410.1,0.04,47.8,306457.46,1
2026-03-12,2026-03-12 15:00:00,6410.1,6524.8,6400.0,6410.1,0.0,47.8,306457.46,0
2026-03-15,2026-03-15 11:00:00,6415.1,6447.0,6407.55,6431.05,0.25,56.4,361124.44,1
2026-03-15,2026-03-15 12:00:00,6431.05,6447.0,6431.05,6447.0,0.25,56.4,361124.44,1
2026-03-15,2026-03-15 13:00:00,6447.0,6462.95,6447.0,6462.95,0.25,56.4,361124.44,1
2026-03-15,2026-03-15 14:00:00,6462.95,6478.9,6462.95,6478.9,0.25,56.4,361124.44,1
2026-03-15,2026-03-15 15:00:00,6478.9,6478.9,6400.0,6478.9,0.0,56.4,361124.44,0
2026-03-16,2026-03-16 11:00:00,6425.0,6437.5,6413.05,6431.25,0.1,49.2,315644.88,1
2026-03-16,2026-03-16 12:00:00,6431.25,6437.5,6431.25,6437.5,0.1,49.2,315644.88,1
2026-03-16,2026-03-16 13:00:00,6437.5,6443.75,6437.5,6443.75,0.1,49.2,315644.88,1
2026-03-16,2026-03-16 14:00:00,6443.75,6450.0,6443.75,6450.0,0.1,49.2,315644.88,1
2026-03-16,2026-03-16 15:00:00,6450.0,6450.0,6401.1,6450.0,0.0,49.2,315644.88,0
2026-03-17,2026-03-17 11:00:00,6421.0,6460.5,6420.5,6440.75,0.31,40.4,260564.64,1
2026-03-17,2026-03-17 12:00:00,6440.75,6460.5,6440.75,6460.5,0.31,40.4,260564.64,1
2026-03-17,2026-03-17 13:00:00,6460.5,6480.25,6460.5,6480.25,0.31,40.4,260564.64,1
2026-03-17,2026-03-17 14:00:00,6480.25,6500.0,6480.25,6500.0,0.3,40.4,260564.64,1
2026-03-17,2026-03-17 15:00:00,6500.0,6500.0,6420.0,6500.0,0.0,40.4,260564.64,0
2026-03-19,2026-03-19 11:00:00,6370.0,6484.5,6318.05,6402.5,0.51,142.0,917881.96,1
2026-03-19,2026-03-19 12:00:00,6402.5,6435.0,6402.5,6435.0,0.51,142.0,917881.96,1
2026-03-19,2026-03-19 13:00:00,6435.0,6467.5,6435.0,6467.5,0.51,142.0,917881.96,1
2026-03-19,2026-03-19 14:00:00,6467.5,6500.0,6467.5,6500.0,0.5,142.0,917881.96,1
2026-03-19,2026-03-19 15:00:00,6500.0,6599.0,6266.1,6500.0,0.0,142.0,917881.96,0
2026-03-22,2026-03-22 11:00:00,6500.0,6562.0,6435.0,6520.0,0.31,62.8,408522.84,1
2026-03-22,2026-03-22 12:00:00,6520.0,6540.0,6520.0,6540.0,0.31,62.8,408522.84,1
2026-03-22,2026-03-22 13:00:00,6540.0,6560.0,6540.0,6560.0,0.31,62.8,408522.84,1
2026-03-22,2026-03-22 14:00:00,6560.0,6580.0,6560.0,6580.0,0.3,62.8,408522.84,1
2026-03-22,2026-03-22 15:00:00,6580.0,6624.0,6370.0,6580.0,0.0,62.8,408522.84,0
2026-03-23,2026-03-23 11:00:00,6448.4,6522.7,6443.5,6477.3,0.45,110.4,718653.88,1
2026-03-23,2026-03-23 12:00:00,6477.3,6506.2,6477.3,6506.2,0.45,110.4,718653.88,1
2026-03-23,2026-03-23 13:00:00,6506.2,6535.1,6506.2,6535.1,0.44,110.4,718653.88,1
2026-03-23,2026-03-23 14:00:00,6535.1,6564.0,6535.1,6564.0,0.44,110.4,718653.88,1
2026-03-23,2026-03-23 15:00:00,6564.0,6597.0,6438.6,6564.0,0.0,110.4,718653.88,0
2026-03-24,2026-03-24 11:00:00,6560.0,6573.5,6510.1,6566.75,0.1,70.2,454677.44,1
2026-03-24,2026-03-24 12:00:00,6566.75,6573.5,6566.75,6573.5,0.1,70.2,454677.44,1
2026-03-24,2026-03-24 13:00:00,6573.5,6580.25,6573.5,6580.25,0.1,70.2,454677.44,1
2026-03-24,2026-03-24 14:00:00,6580.25,6587.0,6580.25,6587.0,0.1,70.2,454677.44,1
2026-03-24,2026-03-24 15:00:00,6587.0,6587.0,6460.2,6587.0,0.0,70.2,454677.44,0
2026-03-25,2026-03-25 11:00:00,6561.0,6561.0,6511.15,6536.07,-0.38,22.0,142686.14,-1
2026-03-25,2026-03-25 12:00:00,6536.07,6536.07,6511.15,6511.15,-0.38,22.0,142686.14,-1
2026-03-25,2026-03-25 13:00:00,6511.15,6511.15,6486.23,6486.23,-0.38,22.0,142686.14,-1
2026-03-25,2026-03-25 14:00:00,6486.23,6486.23,6461.3,6461.3,-0.38,22.0,142686.14,-1
2026-03-25,2026-03-25 15:00:00,6461.3,6561.0,6461.3,6461.3,0.0,22.0,142686.14,0
2026-03-26,2026-03-26 11:00:00,6400.0,6524.5,6400.0,6461.75,0.96,882.8,5668754.24,1
2026-03-26,2026-03-26 12:00:00,6461.75,6523.5,6461.75,6523.5,0.96,882.8,5668754.24,1
2026-03-26,2026-03-26 13:00:00,6523.5,6585.25,6523.5,6585.25,0.95,882.8,5668754.24,1
2026-03-26,2026-03-26 14:00:00,6585.25,6647.0,6585.25,6647.0,0.94,882.8,5668754.24,1
2026-03-26,2026-03-26 15:00:00,6647.0,6649.0,6400.0,6647.0,0.0,882.8,5668754.24,0
2026-03-29,2026-03-29 11:00:00,6514.1,6576.55,6484.55,6545.33,0.48,35.0,228519.4,1
2026-03-29,2026-03-29 12:00:00,6545.33,6576.55,6545.33,6576.55,0.48,35.0,228519.4,1
2026-03-29,2026-03-29 13:00:00,6576.55,6607.77,6576.55,6607.77,0.47,35.0,228519.4,1
2026-03-29,2026-03-29 14:00:00,6607.77,6639.0,6607.77,6639.0,0.47,35.0,228519.4,1
2026-03-29,2026-03-29 15:00:00,6639.0,6639.0,6455.0,6639.0,0.0,35.0,228519.4,0
2026-03-30,2026-03-30 11:00:00,6515.0,6556.0,6510.65,6512.82,-0.03,70.2,457617.58,-1
2026-03-30,2026-03-30 12:00:00,6512.82,6512.82,6510.65,6510.65,-0.03,70.2,457617.58,-1
2026-03-30,2026-03-30 13:00:00,6510.65,6510.65,6508.48,6508.48,-0.03,70.2,457617.58,-1
2026-03-30,2026-03-30 14:00:00,6508.48,6508.48,6506.3,6506.3,-0.03,70.2,457617.58,-1
2026-03-30,2026-03-30 15:00:00,6506.3,6597.0,6506.3,6506.3,0.0,70.2,457617.58,0
2026-03-31,2026-03-31 11:00:00,6506.3,6523.15,6443.65,6474.98,-0.48,59.6,382010.54,-1
2026-03-31,2026-03-31 12:00:00,6474.98,6474.98,6443.65,6443.65,-0.48,59.6,382010.54,-1
2026-03-31,2026-03-31 13:00:00,6443.65,6443.65,6412.32,6412.32,-0.49,59.6,382010.54,-1
2026-03-31,2026-03-31 14:00:00,6412.32,6412.32,6381.0,6381.0,-0.49,59.6,382010.54,-1
2026-03-31,2026-03-31 15:00:00,6381.0,6540.0,6381.0,6381.0,0.0,59.6,382010.54,0
2026-04-01,2026-04-01 11:00:00,6381.0,6427.95,6342.0,6364.75,-0.25,138.8,884597.64,-1
2026-04-01,2026-04-01 12:00:00,6364.75,6364.75,6348.5,6348.5,-0.26,138.8,884597.64,-1
2026-04-01,2026-04-01 13:00:00,6348.5,6348.5,6332.25,6332.25,-0.26,138.8,884597.64,-1
2026-04-01,2026-04-01 14:00:00,6332.25,6332.25,6316.0,6316.0,-0.26,138.8,884597.64,-1
2026-04-01,2026-04-01 15:00:00,6316.0,6474.9,6303.0,6316.0,0.0,138.8,884597.64,0
2026-04-02,2026-04-02 11:00:00,6316.0,6432.9,6316.0,6374.45,0.93,158.2,1016762.28,1
2026-04-02,2026-04-02 12:00:00,6374.45,6432.9,6374.45,6432.9,0.92,158.2,1016762.28,1
2026-04-02,2026-04-02 13:00:00,6432.9,6491.35,6432.9,6491.35,0.91,158.2,1016762.28,1
2026-04-02,2026-04-02 14:00:00,6491.35,6549.8,6491.35,6549.8,0.9,158.2,1016762.28,1
2026-04-02,2026-04-02 15:00:00,6549.8,6549.8,6316.0,6549.8,0.0,158.2,1016762.28,0
2026-04-05,2026-04-05 11:00:00,6420.1,6435.05,6357.55,6392.83,-0.42,65.2,415130.64,-1
2026-04-05,2026-04-05 12:00:00,6392.83,6392.83,6365.55,6365.55,-0.43,65.2,415130.64,-1
2026-04-05,2026-04-05 13:00:00,6365.55,6365.55,6338.27,6338.27,-0.43,65.2,415130.64,-1
2026-04-05,2026-04-05 14:00:00,6338.27,6338.27,6311.0,6311.0,-0.43,65.2,415130.64,-1
2026-04-05,2026-04-05 15:00:00,6311.0,6450.0,6295.0,6311.0,0.0,65.2,415130.64,0
2026-04-06,2026-04-06 11:00:00,6184.8,6366.4,6184.8,6263.6,1.27,224.4,1430056.74,1
2026-04-06,2026-04-06 12:00:00,6263.6,6342.4,6263.6,6342.4,1.26,224.4,1430056.74,1
2026-04-06,2026-04-06 13:00:00,6342.4,6421.2,6342.4,6421.2,1.24,224.4,1430056.74,1
2026-04-06,2026-04-06 14:00:00,6421.2,6500.0,6421.2,6500.0,1.23,224.4,1430056.74,1
2026-04-06,2026-04-06 15:00:00,6500.0,6548.0,6184.8,6500.0,0.0,224.4,1430056.74,0
2026-04-07,2026-04-07 11:00:00,6370.0,6423.0,6350.5,6396.5,0.42,57.4,366039.46,1
2026-04-07,2026-04-07 12:00:00,6396.5,6423.0,6396.5,6423.0,0.41,57.4,366039.46,1
2026-04-07,2026-04-07 13:00:00,6423.0,6449.5,6423.0,6449.5,0.41,57.4,366039.46,1
2026-04-07,2026-04-07 14:00:00,6449.5,6476.0,6449.5,6476.0,0.41,57.4,366039.46,1
2026-04-07,2026-04-07 15:00:00,6476.0,6476.0,6331.0,6476.0,0.0,57.4,366039.46,0
2026-04-08,2026-04-08 11:00:00,6476.0,6537.5,6418.5,6448.35,-0.43,176.2,1127144.22,-1
2026-04-08,2026-04-08 12:00:00,6448.35,6448.35,6420.7,6420.7,-0.43,176.2,1127144.22,-1
2026-04-08,2026-04-08 13:00:00,6420.7,6420.7,6393.05,6393.05,-0.43,176.2,1127144.22,-1
2026-04-08,2026-04-08 14:00:00,6393.05,6393.05,6365.4,6365.4,-0.43,176.2,1127144.22,-1
2026-04-08,2026-04-08 15:00:00,6365.4,6599.0,6361.0,6365.4,0.0,176.2,1127144.22,0
2026-04-09,2026-04-09 11:00:00,5682.8,5905.7,5682.8,5794.25,1.96,294.0,1768035.2,1
2026-04-09,2026-04-09 12:00:00,5794.25,5905.7,5794.25,5905.7,1.92,294.0,1768035.2,1
2026-04-09,2026-04-09 13:00:00,5905.7,6017.15,5905.7,6017.15,1.89,294.0,1768035.2,1
2026-04-09,2026-04-09 14:00:00,6017.15,6128.6,6017.15,6128.6,1.85,294.0,1768035.2,1
2026-04-09,2026-04-09 15:00:00,6128.6,6128.6,5682.8,6128.6,0.0,294.0,1768035.2,0
2026-04-10,2026-04-10 11:00:00,6128.6,6264.2,6128.6,6188.48,0.98,110.4,690693.12,1
2026-04-10,2026-04-10 12:00:00,6188.48,6248.35,6188.48,6248.35,0.97,110.4,690693.12,1
2026-04-10,2026-04-10 13:00:00,6248.35,6308.23,6248.35,6308.23,0.96,110.4,690693.12,1
2026-04-10,2026-04-10 14:00:00,6308.23,6368.1,6308.23,6368.1,0.95,110.4,690693.12,1
2026-04-10,2026-04-10 15:00:00,6368.1,6399.8,6128.6,6368.1,0.0,110.4,690693.12,0
2026-04-13,2026-04-13 11:00:00,6240.8,6366.4,6240.8,6296.85,0.9,98.4,625010.24,1
2026-04-13,2026-04-13 12:00:00,6296.85,6352.9,6296.85,6352.9,0.89,98.4,625010.24,1
2026-04-13,2026-04-13 13:00:00,6352.9,6408.95,6352.9,6408.95,0.88,98.4,625010.24,1
2026-04-13,2026-04-13 14:00:00,6408.95,6465.0,6408.95,6465.0,0.87,98.4,625010.24,1
2026-04-13,2026-04-13 15:00:00,6465.0,6492.0,6240.8,6465.0,0.0,98.4,625010.24,0
2026-04-15,2026-04-15 11:00:00,6336.0,6495.5,6283.0,6399.5,1.0,88.2,565014.4,1
2026-04-15,2026-04-15 12:00:00,6399.5,6463.0,6399.5,6463.0,0.99,88.2,565014.4,1
2026-04-15,2026-04-15 13:00:00,6463.0,6526.5,6463.0,6526.5,0.98,88.2,565014.4,1
2026-04-15,2026-04-15 14:00:00,6526.5,6590.0,6526.5,6590.0,0.97,88.2,565014.4,1
2026-04-15,2026-04-15 15:00:00,6590.0,6655.0,6230.0,6590.0,0.0,88.2,565014.4,0
2026-04-16,2026-04-16 11:00:00,6458.2,6723.6,6384.1,6458.35,0.0,166.6,1059879.32,1
2026-04-16,2026-04-16 12:00:00,6458.35,6458.5,6458.35,6458.5,0.0,166.6,1059879.32,1
2026-04-16,2026-04-16 13:00:00,6458.5,6458.65,6458.5,6458.65,0.0,166.6,1059879.32,1
2026-04-16,2026-04-16 14:00:00,6458.65,6458.8,6458.65,6458.8,0.0,166.6,1059879.32,1
2026-04-16,2026-04-16 15:00:00,6458.8,6989.0,6310.0,6458.8,0.0,166.6,1059879.32,0
2026-04-17,2026-04-17 11:00:00,6329.7,6658.35,6266.45,6348.5,0.3,91.8,582298.04,1
2026-04-17,2026-04-17 12:00:00,6348.5,6367.3,6348.5,6367.3,0.3,91.8,582298.04,1
2026-04-17,2026-04-17 13:00:00,6367.3,6386.1,6367.3,6386.1,0.3,91.8,582298.04,1
2026-04-17,2026-04-17 14:00:00,6386.1,6404.9,6386.1,6404.9,0.29,91.8,582298.04,1
2026-04-17,2026-04-17 15:00:00,6404.9,6987.0,6203.2,6404.9,0.0,91.8,582298.04,0
2026-04-20,2026-04-20 11:00:00,6300.0,6388.5,6257.5,6320.0,0.32,272.4,1700567.3,1
2026-04-20,2026-04-20 12:00:00,6320.0,6340.0,6320.0,6340.0,0.32,272.4,1700567.3,1
2026-04-20,2026-04-20 13:00:00,6340.0,6360.0,6340.0,6360.0,0.32,272.4,1700567.3,1
2026-04-20,2026-04-20 14:00:00,6360.0,6380.0,6360.0,6380.0,0.31,272.4,1700567.3,1
2026-04-20,2026-04-20 15:00:00,6380.0,6477.0,6215.0,6380.0,0.0,272.4,1700567.3,0
2026-04-21,2026-04-21 11:00:00,6200.0,6264.95,6200.0,6232.25,0.52,53.6,334654.36,1
2026-04-21,2026-04-21 12:00:00,6232.25,6264.5,6232.25,6264.5,0.52,53.6,334654.36,1
2026-04-21,2026-04-21 13:00:00,6264.5,6296.75,6264.5,6296.75,0.51,53.6,334654.36,1
2026-04-21,2026-04-21 14:00:00,6296.75,6329.0,6296.75,6329.0,0.51,53.6,334654.36,1
2026-04-21,2026-04-21 15:00:00,6329.0,6329.9,6200.0,6329.0,0.0,53.6,334654.36,0
2026-04-22,2026-04-22 11:00:00,6056.0,6240.0,6056.0,6113.25,0.95,117.6,725326.08,1
2026-04-22,2026-04-22 12:00:00,6113.25,6170.5,6113.25,6170.5,0.94,117.6,725326.08,1
2026-04-22,2026-04-22 13:00:00,6170.5,6227.75,6170.5,6227.75,0.93,117.6,725326.08,1
2026-04-22,2026-04-22 14:00:00,6227.75,6285.0,6227.75,6285.0,0.92,117.6,725326.08,1
2026-04-22,2026-04-22 15:00:00,6285.0,6424.0,6056.0,6285.0,0.0,117.6,725326.08,0
2026-04-23,2026-04-23 11:00:00,6111.1,6177.55,6108.6,6142.3,0.51,53.0,326769.2,1
2026-04-23,2026-04-23 12:00:00,6142.3,6173.5,6142.3,6173.5,0.51,53.0,326769.2,1
2026-04-23,2026-04-23 13:00:00,6173.5,6204.7,6173.5,6204.7,0.51,53.0,326769.2,1
2026-04-23,2026-04-23 14:00:00,6204.7,6235.9,6204.7,6235.9,0.5,53.0,326769.2,1
2026-04-23,2026-04-23 15:00:00,6235.9,6244.0,6106.1,6235.9,0.0,53.0,326769.2,0
2026-04-24,2026-04-24 11:00:00,6235.9,6258.95,6165.95,6247.42,0.18,100.6,619253.2,1
2026-04-24,2026-04-24 12:00:00,6247.42,6258.95,6247.42,6258.95,0.18,100.6,619253.2,1
2026-04-24,2026-04-24 13:00:00,6258.95,6270.48,6258.95,6270.48,0.18,100.6,619253.2,1
2026-04-24,2026-04-24 14:00:00,6270.48,6282.0,6270.48,6282.0,0.18,100.6,619253.2,1
2026-04-24,2026-04-24 15:00:00,6282.0,6282.0,6096.0,6282.0,0.0,100.6,619253.2,0
2026-04-27,2026-04-27 11:00:00,6282.0,6306.0,6208.5,6282.0,0.0,32.8,202510.02,0
2026-04-27,2026-04-27 12:00:00,6282.0,6282.0,6282.0,6282.0,0.0,32.8,202510.02,0
2026-04-27,2026-04-27 13:00:00,6282.0,6282.0,6282.0,6282.0,0.0,32.8,202510.02,0
2026-04-27,2026-04-27 14:00:00,6282.0,6282.0,6282.0,6282.0,0.0,32.8,202510.02,0
2026-04-27,2026-04-27 15:00:00,6282.0,6330.0,6135.0,6282.0,0.0,32.8,202510.02,0
2026-04-28,2026-04-28 11:00:00,6282.0,6282.0,6198.55,6274.25,-0.12,104.8,644063.46,-1
2026-04-28,2026-04-28 12:00:00,6274.25,6274.25,6266.5,6266.5,-0.12,104.8,644063.46,-1
2026-04-28,2026-04-28 13:00:00,6266.5,6266.5,6258.75,6258.75,-0.12,104.8,644063.46,-1
2026-04-28,2026-04-28 14:00:00,6258.75,6258.75,6251.0,6251.0,-0.12,104.8,644063.46,-1
2026-04-28,2026-04-28 15:00:00,6251.0,6251.0,6115.1,6251.0,0.0,104.8,644063.46,0
2026-04-29,2026-04-29 11:00:00,6251.0,6263.0,6175.5,6257.0,0.1,20.2,123972.36,1
2026-04-29,2026-04-29 12:00:00,6257.0,6263.0,6257.0,6263.0,0.1,20.2,123972.36,1
2026-04-29,2026-04-29 13:00:00,6263.0,6269.0,6263.0,6269.0,0.1,20.2,123972.36,1
2026-04-29,2026-04-29 14:00:00,6269.0,6275.0,6269.0,6275.0,0.1,20.2,123972.36,1
2026-04-29,2026-04-29 15:00:00,6275.0,6275.0,6100.0,6275.0,0.0,20.2,123972.36,0
2026-04-30,2026-04-30 11:00:00,6200.0,6242.5,6200.0,6221.25,0.34,4.2,26190.0,1
2026-04-30,2026-04-30 12:00:00,6221.25,6242.5,6221.25,6242.5,0.34,4.2,26190.0,1
2026-04-30,2026-04-30 13:00:00,6242.5,6263.75,6242.5,6263.75,0.34,4.2,26190.0,1
2026-04-30,2026-04-30 14:00:00,6263.75,6285.0,6263.75,6285.0,0.34,4.2,26190.0,1
2026-04-30,2026-04-30 15:00:00,6285.0,6285.0,6200.0,6285.0,0.0,4.2,26190.0,0
2026-05-04,2026-05-04 11:00:00,6100.0,6100.0,6050.0,6075.02,-0.41,42.6,256036.9,-1
2026-05-04,2026-05-04 12:00:00,6075.02,6075.02,6050.05,6050.05,-0.41,42.6,256036.9,-1
2026-05-04,2026-05-04 13:00:00,6050.05,6050.05,6025.08,6025.08,-0.41,42.6,256036.9,-1
2026-05-04,2026-05-04 14:00:00,6025.08,6025.08,6000.1,6000.1,-0.41,42.6,256036.9,-1
2026-05-04,2026-05-04 15:00:00,6000.1,6100.0,6000.0,6000.1,0.0,42.6,256036.9,0
2026-05-05,2026-05-05 11:00:00,5821.0,5960.5,5790.55,5889.23,1.17,411.8,2382150.58,1
2026-05-05,2026-05-05 12:00:00,5889.23,5957.45,5889.23,5957.45,1.16,411.8,2382150.58,1
2026-05-05,2026-05-05 13:00:00,5957.45,6025.67,5957.45,6025.67,1.15,411.8,2382150.58,1
2026-05-05,2026-05-05 14:00:00,6025.67,6093.9,6025.67,6093.9,1.13,411.8,2382150.58,1
2026-05-05,2026-05-05 15:00:00,6093.9,6100.0,5760.1,6093.9,0.0,411.8,2382150.58,0
2026-05-06,2026-05-06 11:00:00,5800.0,5900.0,5800.0,5837.5,0.65,41.4,243210.84,1
2026-05-06,2026-05-06 12:00:00,5837.5,5875.0,5837.5,5875.0,0.64,41.4,243210.84,1
2026-05-06,2026-05-06 13:00:00,5875.0,5912.5,5875.0,5912.5,0.64,41.4,243210.84,1
2026-05-06,2026-05-06 14:00:00,5912.5,5950.0,5912.5,5950.0,0.63,41.4,243210.84,1
2026-05-06,2026-05-06 15:00:00,5950.0,6000.0,5800.0,5950.0,0.0,41.4,243210.84,0
2026-05-07,2026-05-07 11:00:00,5772.0,5845.95,5689.6,5808.98,0.64,137.4,780633.4,1
2026-05-07,2026-05-07 12:00:00,5808.98,5845.95,5808.98,5845.95,0.64,137.4,780633.4,1
2026-05-07,2026-05-07 13:00:00,5845.95,5882.92,5845.95,5882.92,0.63,137.4,780633.4,1
2026-05-07,2026-05-07 14:00:00,5882.92,5919.9,5882.92,5919.9,0.63,137.4,780633.4,1
2026-05-07,2026-05-07 15:00:00,5919.9,5919.9,5607.2,5919.9,0.0,137.4,780633.4,0
2026-05-08,2026-05-08 11:00:00,5625.1,5837.55,5625.1,5731.33,1.89,74.2,427880.9,1
2026-05-08,2026-05-08 12:00:00,5731.33,5837.55,5731.33,5837.55,1.85,74.2,427880.9,1
2026-05-08,2026-05-08 13:00:00,5837.55,5943.77,5837.55,5943.77,1.82,74.2,427880.9,1
2026-05-08,2026-05-08 14:00:00,5943.77,6050.0,5943.77,6050.0,1.79,74.2,427880.9,1
2026-05-08,2026-05-08 15:00:00,6050.0,6050.0,5625.1,6050.0,0.0,74.2,427880.9,0
2026-05-11,2026-05-11 11:00:00,5747.5,6106.75,5747.5,5925.62,3.1,204.2,1209037.54,1
2026-05-11,2026-05-11 12:00:00,5925.62,6103.75,5925.62,6103.75,3.01,204.2,1209037.54,1
2026-05-11,2026-05-11 13:00:00,6103.75,6281.88,6103.75,6281.88,2.92,204.2,1209037.54,1
2026-05-11,2026-05-11 14:00:00,6281.88,6460.0,6281.88,6460.0,2.84,204.2,1209037.54,1
2026-05-11,2026-05-11 15:00:00,6460.0,6466.0,5747.5,6460.0,0.0,204.2,1209037.54,0
2026-05-12,2026-05-12 11:00:00,6266.2,6266.2,6092.6,6215.9,-0.8,168.2,1001943.34,-1
2026-05-12,2026-05-12 12:00:00,6215.9,6215.9,6165.6,6165.6,-0.81,168.2,1001943.34,-1
2026-05-12,2026-05-12 13:00:00,6165.6,6165.6,6115.3,6115.3,-0.82,168.2,1001943.34,-1
2026-05-12,2026-05-12 14:00:00,6115.3,6115.3,6065.0,6065.0,-0.82,168.2,1001943.34,-1
2026-05-12,2026-05-12 15:00:00,6065.0,6266.2,5919.0,6065.0,0.0,168.2,1001943.34,0
2026-05-13,2026-05-13 11:00:00,5800.0,5925.0,5650.0,5862.5,1.08,496.0,2790741.94,1
2026-05-13,2026-05-13 12:00:00,5862.5,5925.0,5862.5,5925.0,1.07,496.0,2790741.94,1
2026-05-13,2026-05-13 13:00:00,5925.0,5987.5,5925.0,5987.5,1.05,496.0,2790741.94,1
2026-05-13,2026-05-13 14:00:00,5987.5,6050.0,5987.5,6050.0,1.04,496.0,2790741.94,1
2026-05-13,2026-05-13 15:00:00,6050.0,6050.0,5500.0,6050.0,0.0,496.0,2790741.94,0
2026-05-14,2026-05-14 11:00:00,5872.0,5958.35,5871.0,5905.25,0.57,132.2,778908.8,1
2026-05-14,2026-05-14 12:00:00,5905.25,5938.5,5905.25,5938.5,0.56,132.2,778908.8,1
2026-05-14,2026-05-14 13:00:00,5938.5,5971.75,5938.5,5971.75,0.56,132.2,778908.8,1
2026-05-14,2026-05-14 14:00:00,5971.75,6005.0,5971.75,6005.0,0.56,132.2,778908.8,1
2026-05-14,2026-05-14 15:00:00,6005.0,6044.7,5870.0,6005.0,0.0,132.2,778908.8,0
2026-05-15,2026-05-15 11:00:00,5800.0,6091.0,5715.0,5855.0,0.95,126.0,730972.9,1
2026-05-15,2026-05-15 12:00:00,5855.0,5910.0,5855.0,5910.0,0.94,126.0,730972.9,1
2026-05-15,2026-05-15 13:00:00,5910.0,5965.0,5910.0,5965.0,0.93,126.0,730972.9,1
2026-05-15,2026-05-15 14:00:00,5965.0,6020.0,5965.0,6020.0,0.92,126.0,730972.9,1
2026-05-15,2026-05-15 15:00:00,6020.0,6382.0,5630.0,6020.0,0.0,126.0,730972.9,0
2026-05-18,2026-05-18 11:00:00,5899.0,5947.5,5862.0,5922.5,0.4,49.6,290596.6,1
2026-05-18,2026-05-18 12:00:00,5922.5,5946.0,5922.5,5946.0,0.4,49.6,290596.6,1
2026-05-18,2026-05-18 13:00:00,5946.0,5969.5,5946.0,5969.5,0.4,49.6,290596.6,1
2026-05-18,2026-05-18 14:00:00,5969.5,5993.0,5969.5,5993.0,0.39,49.6,290596.6,1
2026-05-18,2026-05-18 15:00:00,5993.0,5996.0,5825.0,5993.0,0.0,49.6,290596.6,0
2026-05-19,2026-05-19 11:00:00,5750.0,5950.0,5750.0,5850.0,1.74,12.4,74184.9,1
2026-05-19,2026-05-19 12:00:00,5850.0,5950.0,5850.0,5950.0,1.71,12.4,74184.9,1
2026-05-19,2026-05-19 13:00:00,5950.0,6050.0,5950.0,6050.0,1.68,12.4,74184.9,1
2026-05-19,2026-05-19 14:00:00,6050.0,6150.0,6050.0,6150.0,1.65,12.4,74184.9,1
2026-05-19,2026-05-19 15:00:00,6150.0,6150.0,5750.0,6150.0,0.0,12.4,74184.9,0
2026-05-20,2026-05-20 11:00:00,5965.5,6007.7,5877.75,5986.6,0.35,199.8,1173093.44,1
2026-05-20,2026-05-20 12:00:00,5986.6,6007.7,5986.6,6007.7,0.35,199.8,1173093.44,1
2026-05-20,2026-05-20 13:00:00,6007.7,6028.8,6007.7,6028.8,0.35,199.8,1173093.44,1
2026-05-20,2026-05-20 14:00:00,6028.8,6049.9,6028.8,6049.9,0.35,199.8,1173093.44,1
2026-05-20,2026-05-20 15:00:00,6049.9,6049.9,5790.0,6049.9,0.0,199.8,1173093.44,0
2026-05-21,2026-05-21 11:00:00,6352.3,6352.3,6093.7,6248.73,-1.63,64.2,379420.18,-1
2026-05-21,2026-05-21 12:00:00,6248.73,6248.73,6145.15,6145.15,-1.66,64.2,379420.18,-1
2026-05-21,2026-05-21 13:00:00,6145.15,6145.15,6041.57,6041.57,-1.69,64.2,379420.18,-1
2026-05-21,2026-05-21 14:00:00,6041.57,6041.57,5938.0,5938.0,-1.71,64.2,379420.18,-1
2026-05-21,2026-05-21 15:00:00,5938.0,6352.3,5835.1,5938.0,0.0,64.2,379420.18,0
2026-05-22,2026-05-22 11:00:00,5938.0,5942.0,5891.0,5928.75,-0.16,33.6,197659.6,-1
2026-05-22,2026-05-22 12:00:00,5928.75,5928.75,5919.5,5919.5,-0.16,33.6,197659.6,-1
2026-05-22,2026-05-22 13:00:00,5919.5,5919.5,5910.25,5910.25,-0.16,33.6,197659.6,-1
2026-05-22,2026-05-22 14:00:00,5910.25,5910.25,5901.0,5901.0,-0.16,33.6,197659.6,-1
2026-05-22,2026-05-22 15:00:00,5901.0,5946.0,5844.0,5901.0,0.0,33.6,197659.6,0
2026-05-25,2026-05-25 11:00:00,5901.0,5975.5,5817.0,5935.25,0.58,237.0,1392560.28,1
2026-05-25,2026-05-25 12:00:00,5935.25,5969.5,5935.25,5969.5,0.58,237.0,1392560.28,1
2026-05-25,2026-05-25 13:00:00,5969.5,6003.75,5969.5,6003.75,0.57,237.0,1392560.28,1
2026-05-25,2026-05-25 14:00:00,6003.75,6038.0,6003.75,6038.0,0.57,237.0,1392560.28,1
2026-05-25,2026-05-25 15:00:00,6038.0,6050.0,5733.0,6038.0,0.0,237.0,1392560.28,0
2026-05-26,2026-05-26 11:00:00,5899.0,5944.5,5894.5,5896.75,-0.04,71.6,422283.6,-1
2026-05-26,2026-05-26 12:00:00,5896.75,5896.75,5894.5,5894.5,-0.04,71.6,422283.6,-1
2026-05-26,2026-05-26 13:00:00,5894.5,5894.5,5892.25,5892.25,-0.04,71.6,422283.6,-1
2026-05-26,2026-05-26 14:00:00,5892.25,5892.25,5890.0,5890.0,-0.04,71.6,422283.6,-1
2026-05-26,2026-05-26 15:00:00,5890.0,5990.0,5890.0,5890.0,0.0,71.6,422283.6,0
2026-05-27,2026-05-27 11:00:00,5760.0,5879.0,5760.0,5812.48,0.91,30.8,180906.42,1
2026-05-27,2026-05-27 12:00:00,5812.48,5864.95,5812.48,5864.95,0.9,30.8,180906.42,1
2026-05-27,2026-05-27 13:00:00,5864.95,5917.42,5864.95,5917.42,0.89,30.8,180906.42,1
2026-05-27,2026-05-27 14:00:00,5917.42,5969.9,5917.42,5969.9,0.89,30.8,180906.42,1
2026-05-27,2026-05-27 15:00:00,5969.9,5998.0,5760.0,5969.9,0.0,30.8,180906.42,0
2026-06-01,2026-06-01 11:00:00,5900.0,5940.0,5855.0,5920.0,0.34,31.4,184598.2,1
2026-06-01,2026-06-01 12:00:00,5920.0,5940.0,5920.0,5940.0,0.34,31.4,184598.2,1
2026-06-01,2026-06-01 13:00:00,5940.0,5960.0,5940.0,5960.0,0.34,31.4,184598.2,1
2026-06-01,2026-06-01 14:00:00,5960.0,5980.0,5960.0,5980.0,0.34,31.4,184598.2,1
2026-06-01,2026-06-01 15:00:00,5980.0,5980.0,5810.0,5980.0,0.0,31.4,184598.2,0
2026-06-02,2026-06-02 11:00:00,5681.0,6036.5,5681.0,5710.75,0.52,323.2,1862989.72,1
2026-06-02,2026-06-02 12:00:00,5710.75,5740.5,5710.75,5740.5,0.52,323.2,1862989.72,1
2026-06-02,2026-06-02 13:00:00,5740.5,5770.25,5740.5,5770.25,0.52,323.2,1862989.72,1
2026-06-02,2026-06-02 14:00:00,5770.25,5800.0,5770.25,5800.0,0.52,323.2,1862989.72,1
2026-06-02,2026-06-02 15:00:00,5800.0,6392.0,5681.0,5800.0,0.0,323.2,1862989.72,0
2026-06-03,2026-06-03 11:00:00,5815.0,5880.0,5815.0,5844.95,0.52,112.8,659545.44,1
2026-06-03,2026-06-03 12:00:00,5844.95,5874.9,5844.95,5874.9,0.51,112.8,659545.44,1
2026-06-03,2026-06-03 13:00:00,5874.9,5904.85,5874.9,5904.85,0.51,112.8,659545.44,1
2026-06-03,2026-06-03 14:00:00,5904.85,5934.8,5904.85,5934.8,0.51,112.8,659545.44,1
2026-06-03,2026-06-03 15:00:00,5934.8,5945.0,5815.0,5934.8,0.0,112.8,659545.44,0
2026-06-04,2026-06-04 11:00:00,5800.0,5935.0,5800.0,5841.25,0.71,35.8,210211.96,1
2026-06-04,2026-06-04 12:00:00,5841.25,5882.5,5841.25,5882.5,0.71,35.8,210211.96,1
2026-06-04,2026-06-04 13:00:00,5882.5,5923.75,5882.5,5923.75,0.7,35.8,210211.96,1
2026-06-04,2026-06-04 14:00:00,5923.75,5965.0,5923.75,5965.0,0.7,35.8,210211.96,1
2026-06-04,2026-06-04 15:00:00,5965.0,6070.0,5800.0,5965.0,0.0,35.8,210211.96,0
2026-06-05,2026-06-05 11:00:00,5801.0,5872.95,5801.0,5835.75,0.6,173.0,1012616.8,1
2026-06-05,2026-06-05 12:00:00,5835.75,5870.5,5835.75,5870.5,0.6,173.0,1012616.8,1
2026-06-05,2026-06-05 13:00:00,5870.5,5905.25,5870.5,5905.25,0.59,173.0,1012616.8,1
2026-06-05,2026-06-05 14:00:00,5905.25,5940.0,5905.25,5940.0,0.59,173.0,1012616.8,1
2026-06-05,2026-06-05 15:00:00,5940.0,5944.9,5801.0,5940.0,0.0,173.0,1012616.8,0
2026-06-08,2026-06-08 11:00:00,5780.1,5865.05,5780.1,5802.58,0.39,80.2,466975.6,1
2026-06-08,2026-06-08 12:00:00,5802.58,5825.05,5802.58,5825.05,0.39,80.2,466975.6,1
2026-06-08,2026-06-08 13:00:00,5825.05,5847.52,5825.05,5847.52,0.39,80.2,466975.6,1
2026-06-08,2026-06-08 14:00:00,5847.52,5870.0,5847.52,5870.0,0.38,80.2,466975.6,1
2026-06-08,2026-06-08 15:00:00,5870.0,5950.0,5780.1,5870.0,0.0,80.2,466975.6,0
2026-06-09,2026-06-09 11:00:00,5750.1,5818.05,5750.1,5781.08,0.54,170.8,987198.88,1
2026-06-09,2026-06-09 12:00:00,5781.08,5812.05,5781.08,5812.05,0.54,170.8,987198.88,1
2026-06-09,2026-06-09 13:00:00,5812.05,5843.02,5812.05,5843.02,0.53,170.8,987198.88,1
2026-06-09,2026-06-09 14:00:00,5843.02,5874.0,5843.02,5874.0,0.53,170.8,987198.88,1
2026-06-09,2026-06-09 15:00:00,5874.0,5886.0,5750.1,5874.0,0.0,170.8,987198.88,0
2026-06-10,2026-06-10 11:00:00,5751.0,5813.0,5751.0,5781.98,0.54,36.4,210444.8,1
2026-06-10,2026-06-10 12:00:00,5781.98,5812.95,5781.98,5812.95,0.54,36.4,210444.8,1
2026-06-10,2026-06-10 13:00:00,5812.95,5843.92,5812.95,5843.92,0.53,36.4,210444.8,1
2026-06-10,2026-06-10 14:00:00,5843.92,5874.9,5843.92,5874.9,0.53,36.4,210444.8,1
2026-06-10,2026-06-10 15:00:00,5874.9,5875.0,5751.0,5874.9,0.0,36.4,210444.8,0
2026-06-11,2026-06-11 11:00:00,5751.0,5801.5,5751.0,5757.0,0.1,35.6,205702.5,1
2026-06-11,2026-06-11 12:00:00,5757.0,5763.0,5757.0,5763.0,0.1,35.6,205702.5,1
2026-06-11,2026-06-11 13:00:00,5763.0,5769.0,5763.0,5769.0,0.1,35.6,205702.5,1
2026-06-11,2026-06-11 14:00:00,5769.0,5775.0,5769.0,5775.0,0.1,35.6,205702.5,1
2026-06-11,2026-06-11 15:00:00,5775.0,5852.0,5751.0,5775.0,0.0,35.6,205702.5,0
2026-06-12,2026-06-12 11:00:00,5750.0,5775.0,5750.0,5762.5,0.22,25.4,146260.14,1
2026-06-12,2026-06-12 12:00:00,5762.5,5775.0,5762.5,5775.0,0.22,25.4,146260.14,1
2026-06-12,2026-06-12 13:00:00,5775.0,5787.5,5775.0,5787.5,0.22,25.4,146260.14,1
2026-06-12,2026-06-12 14:00:00,5787.5,5800.0,5787.5,5800.0,0.22,25.4,146260.14,1
2026-06-12,2026-06-12 15:00:00,5800.0,5800.0,5750.0,5800.0,0.0,25.4,146260.14,0
2026-06-15,2026-06-15 11:00:00,5800.0,5824.95,5775.0,5804.98,0.09,41.0,237609.78,1
2026-06-15,2026-06-15 12:00:00,5804.98,5809.95,5804.98,5809.95,0.09,41.0,237609.78,1
2026-06-15,2026-06-15 13:00:00,5809.95,5814.92,5809.95,5814.92,0.09,41.0,237609.78,1
2026-06-15,2026-06-15 14:00:00,5814.92,5819.9,5814.92,5819.9,0.09,41.0,237609.78,1
2026-06-15,2026-06-15 15:00:00,5819.9,5849.9,5750.0,5819.9,0.0,41.0,237609.78,0
2026-06-16,2026-06-16 11:00:00,5846.0,5887.5,5790.5,5845.25,-0.01,54.4,314340.08,-1
2026-06-16,2026-06-16 12:00:00,5845.25,5845.25,5844.5,5844.5,-0.01,54.4,314340.08,-1
2026-06-16,2026-06-16 13:00:00,5844.5,5844.5,5843.75,5843.75,-0.01,54.4,314340.08,-1
2026-06-16,2026-06-16 14:00:00,5843.75,5843.75,5843.0,5843.0,-0.01,54.4,314340.08,-1
2026-06-16,2026-06-16 15:00:00,5843.0,5929.0,5735.0,5843.0,0.0,54.4,314340.08,0
2026-06-17,2026-06-17 11:00:00,5707.0,5787.5,5704.0,5747.25,0.71,25.6,147530.2,1
2026-06-17,2026-06-17 12:00:00,5747.25,5787.5,5747.25,5787.5,0.7,25.6,147530.2,1
2026-06-17,2026-06-17 13:00:00,5787.5,5827.75,5787.5,5827.75,0.7,25.6,147530.2,1
2026-06-17,2026-06-17 14:00:00,5827.75,5868.0,5827.75,5868.0,0.69,25.6,147530.2,1
2026-06-17,2026-06-17 15:00:00,5868.0,5868.0,5701.0,5868.0,0.0,25.6,147530.2,0
2026-06-18,2026-06-18 11:00:00,5580.0,6091.5,5560.5,5835.75,4.58,221.4,1280505.6,1
2026-06-18,2026-06-18 12:00:00,5835.75,6091.5,5835.75,6091.5,4.38,221.4,1280505.6,1
2026-06-18,2026-06-18 13:00:00,6091.5,6347.25,6091.5,6347.25,4.2,221.4,1280505.6,1
2026-06-18,2026-06-18 14:00:00,6347.25,6603.0,6347.25,6603.0,4.03,221.4,1280505.6,1
2026-06-18,2026-06-18 15:00:00,6603.0,6603.0,5541.0,6603.0,0.0,221.4,1280505.6,0
2026-06-19,2026-06-19 11:00:00,6933.0,6933.0,6369.5,6682.0,-3.62,182.6,1084490.76,-1
2026-06-19,2026-06-19 12:00:00,6682.0,6682.0,6431.0,6431.0,-3.76,182.6,1084490.76,-1
2026-06-19,2026-06-19 13:00:00,6431.0,6431.0,6180.0,6180.0,-3.9,182.6,1084490.76,-1
2026-06-19,2026-06-19 14:00:00,6180.0,6180.0,5929.0,5929.0,-4.06,182.6,1084490.76,-1
2026-06-19,2026-06-19 15:00:00,5929.0,6933.0,5806.0,5929.0,0.0,182.6,1084490.76,0
2026-06-22,2026-06-22 11:00:00,5780.0,5845.0,5780.0,5810.0,0.52,34.4,200981.4,1
2026-06-22,2026-06-22 12:00:00,5810.0,5840.0,5810.0,5840.0,0.52,34.4,200981.4,1
2026-06-22,2026-06-22 13:00:00,5840.0,5870.0,5840.0,5870.0,0.51,34.4,200981.4,1
2026-06-22,2026-06-22 14:00:00,5870.0,5900.0,5870.0,5900.0,0.51,34.4,200981.4,1
2026-06-22,2026-06-22 15:00:00,5900.0,5910.0,5780.0,5900.0,0.0,34.4,200981.4,0
2026-06-23,2026-06-23 11:00:00,5777.0,5838.0,5753.5,5807.5,0.53,125.4,724424.0,1
2026-06-23,2026-06-23 12:00:00,5807.5,5838.0,5807.5,5838.0,0.53,125.4,724424.0,1
2026-06-23,2026-06-23 13:00:00,5838.0,5868.5,5838.0,5868.5,0.52,125.4,724424.0,1
2026-06-23,2026-06-23 14:00:00,5868.5,5899.0,5868.5,5899.0,0.52,125.4,724424.0,1
2026-06-23,2026-06-23 15:00:00,5899.0,5899.0,5730.0,5899.0,0.0,125.4,724424.0,0
2026-06-24,2026-06-24 11:00:00,5899.0,5899.0,5811.0,5893.0,-0.1,32.2,186767.74,-1
2026-06-24,2026-06-24 12:00:00,5893.0,5893.0,5887.0,5887.0,-0.1,32.2,186767.74,-1
2026-06-24,2026-06-24 13:00:00,5887.0,5887.0,5881.0,5881.0,-0.1,32.2,186767.74,-1
2026-06-24,2026-06-24 14:00:00,5881.0,5881.0,5875.0,5875.0,-0.1,32.2,186767.74,-1
2026-06-24,2026-06-24 15:00:00,5875.0,5899.0,5723.0,5875.0,0.0,32.2,186767.74,0
2026-06-25,2026-06-25 11:00:00,5711.0,5805.5,5710.0,5758.25,0.83,61.8,356290.54,1
2026-06-25,2026-06-25 12:00:00,5758.25,5805.5,5758.25,5805.5,0.82,61.8,356290.54,1
2026-06-25,2026-06-25 13:00:00,5805.5,5852.75,5805.5,5852.75,0.81,61.8,356290.54,1
2026-06-25,2026-06-25 14:00:00,5852.75,5900.0,5852.75,5900.0,0.81,61.8,356290.54,1
2026-06-25,2026-06-25 15:00:00,5900.0,5900.0,5709.0,5900.0,0.0,61.8,356290.54,0
2026-06-26,2026-06-26 11:00:00,5725.1,5809.55,5723.05,5767.33,0.74,66.6,387684.4,1
2026-06-26,2026-06-26 12:00:00,5767.33,5809.55,5767.33,5809.55,0.73,66.6,387684.4,1
2026-06-26,2026-06-26 13:00:00,5809.55,5851.77,5809.55,5851.77,0.73,66.6,387684.4,1
2026-06-26,2026-06-26 14:00:00,5851.77,5894.0,5851.77,5894.0,0.72,66.6,387684.4,1
2026-06-26,2026-06-26 15:00:00,5894.0,5894.0,5721.0,5894.0,0.0,66.6,387684.4,0
2026-06-29,2026-06-29 11:00:00,5722.6,5803.75,5722.3,5763.18,0.71,101.8,585894.12,1
2026-06-29,2026-06-29 12:00:00,5763.18,5803.75,5763.18,5803.75,0.7,101.8,585894.12,1
2026-06-29,2026-06-29 13:00:00,5803.75,5844.32,5803.75,5844.32,0.7,101.8,585894.12,1
2026-06-29,2026-06-29 14:00:00,5844.32,5884.9,5844.32,5884.9,0.69,101.8,585894.12,1
2026-06-29,2026-06-29 15:00:00,5884.9,5884.9,5722.0,5884.9,0.0,101.8,585894.12,0
2026-06-30,2026-06-30 11:00:00,5714.0,5798.0,5712.8,5756.0,0.74,74.4,428630.12,1
2026-06-30,2026-06-30 12:00:00,5756.0,5798.0,5756.0,5798.0,0.73,74.4,428630.12,1
2026-06-30,2026-06-30 13:00:00,5798.0,5840.0,5798.0,5840.0,0.72,74.4,428630.12,1
2026-06-30,2026-06-30 14:00:00,5840.0,5882.0,5840.0,5882.0,0.72,74.4,428630.12,1
2026-06-30,2026-06-30 15:00:00,5882.0,5882.0,5711.6,5882.0,0.0,74.4,428630.12,0
2026-07-01,2026-07-01 11:00:00,5707.0,5884.25,5707.0,5795.62,1.55,77.4,453902.62,1
2026-07-01,2026-07-01 12:00:00,5795.62,5884.25,5795.62,5884.25,1.53,77.4,453902.62,1
2026-07-01,2026-07-01 13:00:00,5884.25,5972.88,5884.25,5972.88,1.51,77.4,453902.62,1
2026-07-01,2026-07-01 14:00:00,5972.88,6061.5,5972.88,6061.5,1.48,77.4,453902.62,1
2026-07-01,2026-07-01 15:00:00,6061.5,6061.5,5707.0,6061.5,0.0,77.4,453902.62,0
2026-07-02,2026-07-02 11:00:00,5761.0,6217.0,5605.5,5989.0,3.96,2062.2,11570917.72,1
2026-07-02,2026-07-02 12:00:00,5989.0,6217.0,5989.0,6217.0,3.81,2062.2,11570917.72,1
2026-07-02,2026-07-02 13:00:00,6217.0,6445.0,6217.0,6445.0,3.67,2062.2,11570917.72,1
2026-07-02,2026-07-02 14:00:00,6445.0,6673.0,6445.0,6673.0,3.54,2062.2,11570917.72,1
2026-07-02,2026-07-02 15:00:00,6673.0,6673.0,5450.0,6673.0,0.0,2062.2,11570917.72,0
2026-07-03,2026-07-03 11:00:00,7006.6,7006.6,7006.6,7006.6,0.0,2.0,14013.2,0
2026-07-03,2026-07-03 12:00:00,7006.6,7006.6,7006.6,7006.6,0.0,2.0,14013.2,0
2026-07-03,2026-07-03 13:00:00,7006.6,7006.6,7006.6,7006.6,0.0,2.0,14013.2,0
2026-07-03,2026-07-03 14:00:00,7006.6,7006.6,7006.6,7006.6,0.0,2.0,14013.2,0
2026-07-03,2026-07-03 15:00:00,7006.6,7006.6,7006.6,7006.6,0.0,2.0,14013.2,0
2026-07-06,2026-07-06 11:00:00,7356.0,7356.0,7076.25,7216.12,-1.9,5.2,36867.48,-1
2026-07-06,2026-07-06 12:00:00,7216.12,7216.12,7076.25,7076.25,-1.94,5.2,36867.48,-1
2026-07-06,2026-07-06 13:00:00,7076.25,7076.25,6936.38,6936.38,-1.98,5.2,36867.48,-1
2026-07-06,2026-07-06 14:00:00,6936.38,6936.38,6796.5,6796.5,-2.02,5.2,36867.48,-1
2026-07-06,2026-07-06 15:00:00,6796.5,7356.0,6796.5,6796.5,0.0,5.2,36867.48,0
2026-07-07,2026-07-07 11:00:00,7136.0,7136.0,6456.55,6817.0,-4.47,368.2,2139733.24,-1
2026-07-07,2026-07-07 12:00:00,6817.0,6817.0,6498.0,6498.0,-4.68,368.2,2139733.24,-1
2026-07-07,2026-07-07 13:00:00,6498.0,6498.0,6179.0,6179.0,-4.91,368.2,2139733.24,-1
2026-07-07,2026-07-07 14:00:00,6179.0,6179.0,5860.0,5860.0,-5.16,368.2,2139733.24,-1
2026-07-07,2026-07-07 15:00:00,5860.0,7136.0,5777.1,5860.0,0.0,368.2,2139733.24,0
2026-07-08,2026-07-08 11:00:00,5685.0,5777.5,5685.0,5731.0,0.81,76.0,434545.18,1
2026-07-08,2026-07-08 12:00:00,5731.0,5777.0,5731.0,5777.0,0.8,76.0,434545.18,1
2026-07-08,2026-07-08 13:00:00,5777.0,5823.0,5777.0,5823.0,0.8,76.0,434545.18,1
2026-07-08,2026-07-08 14:00:00,5823.0,5869.0,5823.0,5869.0,0.79,76.0,434545.18,1
2026-07-08,2026-07-08 15:00:00,5869.0,5870.0,5685.0,5869.0,0.0,76.0,434545.18,0
2026-07-09,2026-07-09 11:00:00,5600.0,5937.0,5588.0,5649.5,0.88,346.2,1969499.2,1
2026-07-09,2026-07-09 12:00:00,5649.5,5699.0,5649.5,5699.0,0.88,346.2,1969499.2,1
2026-07-09,2026-07-09 13:00:00,5699.0,5748.5,5699.0,5748.5,0.87,346.2,1969499.2,1
2026-07-09,2026-07-09 14:00:00,5748.5,5798.0,5748.5,5798.0,0.86,346.2,1969499.2,1
2026-07-09,2026-07-09 15:00:00,5798.0,6274.0,5576.0,5798.0,0.0,346.2,1969499.2,0
2026-07-10,2026-07-10 11:00:00,5676.0,6046.0,5618.0,5861.0,3.26,240.6,1388076.48,1
2026-07-10,2026-07-10 12:00:00,5861.0,6046.0,5861.0,6046.0,3.16,240.6,1388076.48,1
2026-07-10,2026-07-10 13:00:00,6046.0,6231.0,6046.0,6231.0,3.06,240.6,1388076.48,1
2026-07-10,2026-07-10 14:00:00,6231.0,6416.0,6231.0,6416.0,2.97,240.6,1388076.48,1
2026-07-10,2026-07-10 15:00:00,6416.0,6416.0,5560.0,6416.0,0.0,240.6,1388076.48,0
2026-07-13,2026-07-13 11:00:00,6736.8,6736.8,6736.8,6736.8,0.0,2.0,13473.6,0
2026-07-13,2026-07-13 12:00:00,6736.8,6736.8,6736.8,6736.8,0.0,2.0,13473.6,0
2026-07-13,2026-07-13 13:00:00,6736.8,6736.8,6736.8,6736.8,0.0,2.0,13473.6,0
2026-07-13,2026-07-13 14:00:00,6736.8,6736.8,6736.8,6736.8,0.0,2.0,13473.6,0
2026-07-13,2026-07-13 15:00:00,6736.8,6736.8,6736.8,6736.8,0.0,2.0,13473.6,0
2026-07-14,2026-07-14 11:00:00,7073.0,7073.0,7073.0,7073.0,0.0,2.0,14146.0,0
2026-07-14,2026-07-14 12:00:00,7073.0,7073.0,7073.0,7073.0,0.0,2.0,14146.0,0
2026-07-14,2026-07-14 13:00:00,7073.0,7073.0,7073.0,7073.0,0.0,2.0,14146.0,0
2026-07-14,2026-07-14 14:00:00,7073.0,7073.0,7073.0,7073.0,0.0,2.0,14146.0,0
2026-07-14,2026-07-14 15:00:00,7073.0,7073.0,7073.0,7073.0,0.0,2.0,14146.0,0
2026-07-15,2026-07-15 11:00:00,7425.0,7425.0,7142.95,7283.98,-1.9,4.0,28571.8,-1
2026-07-15,2026-07-15 12:00:00,7283.98,7283.98,7142.95,7142.95,-1.94,4.0,28571.8,-1
2026-07-15,2026-07-15 13:00:00,7142.95,7142.95,7001.92,7001.92,-1.97,4.0,28571.8,-1
2026-07-15,2026-07-15 14:00:00,7001.92,7001.92,6860.9,6860.9,-2.01,4.0,28571.8,-1
2026-07-15,2026-07-15 15:00:00,6860.9,7425.0,6860.9,6860.9,0.0,4.0,28571.8,0
2026-07-16,2026-07-16 11:00:00,7200.0,7200.0,7200.0,7200.0,0.0,2.0,14400.0,0
2026-07-16,2026-07-16 12:00:00,7200.0,7200.0,7200.0,7200.0,0.0,2.0,14400.0,0
2026-07-16,2026-07-16 13:00:00,7200.0,7200.0,7200.0,7200.0,0.0,2.0,14400.0,0
2026-07-16,2026-07-16 14:00:00,7200.0,7200.0,7200.0,7200.0,0.0,2.0,14400.0,0
2026-07-16,2026-07-16 15:00:00,7200.0,7200.0,7200.0,7200.0,0.0,2.0,14400.0,0
2026-07-17,2026-07-17 11:00:00,7560.0,7560.0,6840.0,7200.0,-4.76,53.4,334376.28,-1
2026-07-17,2026-07-17 12:00:00,7200.0,7200.0,6840.0,6840.0,-5.0,53.4,334376.28,-1
2026-07-17,2026-07-17 13:00:00,6840.0,6840.0,6480.0,6480.0,-5.26,53.4,334376.28,-1
2026-07-17,2026-07-17 14:00:00,6480.0,6480.0,6120.0,6120.0,-5.56,53.4,334376.28,-1
2026-07-17,2026-07-17 15:00:00,6120.0,7560.0,6120.0,6120.0,0.0,53.4,334376.28,0
2026-07-20,2026-07-20 11:00:00,5814.0,5875.2,5727.5,5785.5,-0.49,865.2,4933758.8,-1
2026-07-20,2026-07-20 12:00:00,5785.5,5785.5,5757.0,5757.0,-0.49,865.2,4933758.8,-1
2026-07-20,2026-07-20 13:00:00,5757.0,5757.0,5728.5,5728.5,-0.5,865.2,4933758.8,-1
2026-07-20,2026-07-20 14:00:00,5728.5,5728.5,5700.0,5700.0,-0.5,865.2,4933758.8,-1
2026-07-20,2026-07-20 15:00:00,5700.0,5936.4,5641.0,5700.0,0.0,865.2,4933758.8,0
2026-07-21,2026-07-21 11:00:00,5640.0,5992.5,5630.0,5691.25,0.91,524.0,2988172.96,1
2026-07-21,2026-07-21 12:00:00,5691.25,5742.5,5691.25,5742.5,0.9,524.0,2988172.96,1
2026-07-21,2026-07-21 13:00:00,5742.5,5793.75,5742.5,5793.75,0.89,524.0,2988172.96,1
2026-07-21,2026-07-21 14:00:00,5793.75,5845.0,5793.75,5845.0,0.88,524.0,2988172.96,1
2026-07-21,2026-07-21 15:00:00,5845.0,6345.0,5620.0,5845.0,0.0,524.0,2988172.96,0
2026-07-22,2026-07-22 11:00:00,5650.0,6097.5,5650.0,5697.75,0.85,298.2,1705427.56,1
2026-07-22,2026-07-22 12:00:00,5697.75,5745.5,5697.75,5745.5,0.84,298.2,1705427.56,1
2026-07-22,2026-07-22 13:00:00,5745.5,5793.25,5745.5,5793.25,0.83,298.2,1705427.56,1
2026-07-22,2026-07-22 14:00:00,5793.25,5841.0,5793.25,5841.0,0.82,298.2,1705427.56,1
2026-07-22,2026-07-22 15:00:00,5841.0,6545.0,5650.0,5841.0,0.0,298.2,1705427.56,0
2026-07-23,2026-07-23 11:00:00,5600.0,6045.5,5600.0,5654.5,0.97,222.6,1266932.12,1
2026-07-23,2026-07-23 12:00:00,5654.5,5709.0,5654.5,5709.0,0.96,222.6,1266932.12,1
2026-07-23,2026-07-23 13:00:00,5709.0,5763.5,5709.0,5763.5,0.95,222.6,1266932.12,1
2026-07-23,2026-07-23 14:00:00,5763.5,5818.0,5763.5,5818.0,0.95,222.6,1266932.12,1
2026-07-23,2026-07-23 15:00:00,5818.0,6491.0,5600.0,5818.0,0.0,222.6,1266932.12,0
2026-07-24,2026-07-24 11:00:00,5550.0,6104.5,5550.0,5827.25,5.0,757.6,4300992.82,1
2026-07-24,2026-07-24 12:00:00,5827.25,6104.5,5827.25,6104.5,4.76,757.6,4300992.82,1
2026-07-24,2026-07-24 13:00:00,6104.5,6381.75,6104.5,6381.75,4.54,757.6,4300992.82,1
2026-07-24,2026-07-24 14:00:00,6381.75,6659.0,6381.75,6659.0,4.34,757.6,4300992.82,1
2026-07-24,2026-07-24 15:00:00,6659.0,6659.0,5550.0,6659.0,0.0,757.6,4300992.82,0
2026-07-27,2026-07-27 11:00:00,6326.1,6326.1,5993.15,6186.58,-2.21,603.6,3442651.4,-1
2026-07-27,2026-07-27 12:00:00,6186.58,6186.58,6047.05,6047.05,-2.26,603.6,3442651.4,-1
2026-07-27,2026-07-27 13:00:00,6047.05,6047.05,5907.52,5907.52,-2.31,603.6,3442651.4,-1
2026-07-27,2026-07-27 14:00:00,5907.52,5907.52,5768.0,5768.0,-2.36,603.6,3442651.4,-1
2026-07-27,2026-07-27 15:00:00,5768.0,6326.1,5660.2,5768.0,0.0,603.6,3442651.4,0
2026-07-28,2026-07-28 11:00:00,5600.0,5946.0,5576.0,5633.75,0.6,697.4,3914151.98,1
2026-07-28,2026-07-28 12:00:00,5633.75,5667.5,5633.75,5667.5,0.6,697.4,3914151.98,1
2026-07-28,2026-07-28 13:00:00,5667.5,5701.25,5667.5,5701.25,0.6,697.4,3914151.98,1
2026-07-28,2026-07-28 14:00:00,5701.25,5735.0,5701.25,5735.0,0.59,697.4,3914151.98,1
2026-07-28,2026-07-28 15:00:00,5735.0,6292.0,5552.0,5735.0,0.0,697.4,3914151.98,0
2026-07-29,2026-07-29 11:00:00,5600.0,5629.0,5600.0,5614.5,0.26,434.0,2434619.4,1
2026-07-29,2026-07-29 12:00:00,5614.5,5629.0,5614.5,5629.0,0.26,434.0,2434619.4,1
2026-07-29,2026-07-29 13:00:00,5629.0,5643.5,5629.0,5643.5,0.26,434.0,2434619.4,1
2026-07-29,2026-07-29 14:00:00,5643.5,5658.0,5643.5,5658.0,0.26,434.0,2434619.4,1
2026-07-29,2026-07-29 15:00:00,5658.0,5658.0,5600.0,5658.0,0.0,434.0,2434619.4,0
2026-07-30,2026-07-30 11:00:00,5500.0,5817.0,5494.5,5549.25,0.9,773.4,4329631.12,1
2026-07-30,2026-07-30 12:00:00,5549.25,5598.5,5549.25,5598.5,0.89,773.4,4329631.12,1
2026-07-30,2026-07-30 13:00:00,5598.5,5647.75,5598.5,5647.75,0.88,773.4,4329631.12,1
2026-07-30,2026-07-30 14:00:00,5647.75,5697.0,5647.75,5697.0,0.87,773.4,4329631.12,1
2026-07-30,2026-07-30 15:00:00,5697.0,6134.0,5489.0,5697.0,0.0,773.4,4329631.12,0
2026-07-31,2026-07-31 11:00:00,5500.0,5888.5,5480.0,5537.25,0.68,362.0,2021295.5,1
2026-07-31,2026-07-31 12:00:00,5537.25,5574.5,5537.25,5574.5,0.67,362.0,2021295.5,1
2026-07-31,2026-07-31 13:00:00,5574.5,5611.75,5574.5,5611.75,0.67,362.0,2021295.5,1
2026-07-31,2026-07-31 14:00:00,5611.75,5649.0,5611.75,5649.0,0.66,362.0,2021295.5,1
2026-07-31,2026-07-31 15:00:00,5649.0,6277.0,5460.0,5649.0,0.0,362.0,2021295.5,0
2026-08-03,2026-08-03 11:00:00,5500.0,5775.0,5500.0,5532.0,0.58,1509.2,8334794.3,1
2026-08-03,2026-08-03 12:00:00,5532.0,5564.0,5532.0,5564.0,0.58,1509.2,8334794.3,1
2026-08-03,2026-08-03 13:00:00,5564.0,5596.0,5564.0,5596.0,0.58,1509.2,8334794.3,1
2026-08-03,2026-08-03 14:00:00,5596.0,5628.0,5596.0,5628.0,0.57,1509.2,8334794.3,1
2026-08-03,2026-08-03 15:00:00,5628.0,6050.0,5500.0,5628.0,0.0,1509.2,8334794.3,0
2026-08-04,2026-08-04 11:00:00,5507.0,5552.5,5491.5,5524.75,0.32,172.4,948883.64,1
2026-08-04,2026-08-04 12:00:00,5524.75,5542.5,5524.75,5542.5,0.32,172.4,948883.64,1
2026-08-04,2026-08-04 13:00:00,5542.5,5560.25,5542.5,5560.25,0.32,172.4,948883.64,1
2026-08-04,2026-08-04 14:00:00,5560.25,5578.0,5560.25,5578.0,0.32,172.4,948883.64,1
2026-08-04,2026-08-04 15:00:00,5578.0,5598.0,5476.0,5578.0,0.0,172.4,948883.64,0
2026-08-05,2026-08-05 11:00:00,5400.0,5475.0,5400.0,5436.0,0.67,308.4,1694094.64,1
2026-08-05,2026-08-05 12:00:00,5436.0,5472.0,5436.0,5472.0,0.66,308.4,1694094.64,1
2026-08-05,2026-08-05 13:00:00,5472.0,5508.0,5472.0,5508.0,0.66,308.4,1694094.64,1
2026-08-05,2026-08-05 14:00:00,5508.0,5544.0,5508.0,5544.0,0.65,308.4,1694094.64,1
2026-08-05,2026-08-05 15:00:00,5544.0,5550.0,5400.0,5544.0,0.0,308.4,1694094.64,0
2026-08-06,2026-08-06 11:00:00,5400.0,5480.0,5400.0,5431.0,0.57,238.8,1306101.14,1
2026-08-06,2026-08-06 12:00:00,5431.0,5462.0,5431.0,5462.0,0.57,238.8,1306101.14,1
2026-08-06,2026-08-06 13:00:00,5462.0,5493.0,5462.0,5493.0,0.57,238.8,1306101.14,1
2026-08-06,2026-08-06 14:00:00,5493.0,5524.0,5493.0,5524.0,0.56,238.8,1306101.14,1
2026-08-06,2026-08-06 15:00:00,5524.0,5560.0,5400.0,5524.0,0.0,238.8,1306101.14,0
2026-08-07,2026-08-07 11:00:00,5360.0,5679.5,5330.0,5519.75,2.98,1008.2,5446456.04,1
2026-08-07,2026-08-07 12:00:00,5519.75,5679.5,5519.75,5679.5,2.89,1008.2,5446456.04,1
2026-08-07,2026-08-07 13:00:00,5679.5,5839.25,5679.5,5839.25,2.81,1008.2,5446456.04,1
2026-08-07,2026-08-07 14:00:00,5839.25,5999.0,5839.25,5999.0,2.74,1008.2,5446456.04,1
2026-08-07,2026-08-07 15:00:00,5999.0,5999.0,5300.0,5999.0,0.0,1008.2,5446456.04,0
2026-08-10,2026-08-10 11:00:00,5819.1,5819.1,5565.45,5731.08,-1.51,547.4,2942244.36,-1
2026-08-10,2026-08-10 12:00:00,5731.08,5731.08,5643.05,5643.05,-1.54,547.4,2942244.36,-1
2026-08-10,2026-08-10 13:00:00,5643.05,5643.05,5555.02,5555.02,-1.56,547.4,2942244.36,-1
2026-08-10,2026-08-10 14:00:00,5555.02,5555.02,5467.0,5467.0,-1.58,547.4,2942244.36,-1
2026-08-10,2026-08-10 15:00:00,5467.0,5819.1,5311.8,5467.0,0.0,547.4,2942244.36,0
2026-08-11,2026-08-11 11:00:00,5300.0,5545.0,5300.0,5334.5,0.65,405.2,2177886.08,1
2026-08-11,2026-08-11 12:00:00,5334.5,5369.0,5334.5,5369.0,0.65,405.2,2177886.08,1
2026-08-11,2026-08-11 13:00:00,5369.0,5403.5,5369.0,5403.5,0.64,405.2,2177886.08,1
2026-08-11,2026-08-11 14:00:00,5403.5,5438.0,5403.5,5438.0,0.64,405.2,2177886.08,1
2026-08-11,2026-08-11 15:00:00,5438.0,5790.0,5300.0,5438.0,0.0,405.2,2177886.08,0
2026-08-12,2026-08-12 11:00:00,5200.0,5477.95,5200.0,5226.25,0.5,414.0,2239328.28,1
2026-08-12,2026-08-12 12:00:00,5226.25,5252.5,5226.25,5252.5,0.5,414.0,2239328.28,1
2026-08-12,2026-08-12 13:00:00,5252.5,5278.75,5252.5,5278.75,0.5,414.0,2239328.28,1
2026-08-12,2026-08-12 14:00:00,5278.75,5305.0,5278.75,5305.0,0.5,414.0,2239328.28,1
2026-08-12,2026-08-12 15:00:00,5305.0,5755.9,5200.0,5305.0,0.0,414.0,2239328.28,0
2026-08-13,2026-08-13 11:00:00,5200.0,5380.0,5200.0,5250.0,0.96,317.4,1688953.32,1
2026-08-13,2026-08-13 12:00:00,5250.0,5300.0,5250.0,5300.0,0.95,317.4,1688953.32,1
2026-08-13,2026-08-13 13:00:00,5300.0,5350.0,5300.0,5350.0,0.94,317.4,1688953.32,1
2026-08-13,2026-08-13 14:00:00,5350.0,5400.0,5350.0,5400.0,0.93,317.4,1688953.32,1
2026-08-13,2026-08-13 15:00:00,5400.0,5560.0,5200.0,5400.0,0.0,317.4,1688953.32,0
2026-08-14,2026-08-14 11:00:00,5200.0,5374.0,5200.0,5230.0,0.58,199.8,1059256.2,1
2026-08-14,2026-08-14 12:00:00,5230.0,5260.0,5230.0,5260.0,0.57,199.8,1059256.2,1
2026-08-14,2026-08-14 13:00:00,5260.0,5290.0,5260.0,5290.0,0.57,199.8,1059256.2,1
2026-08-14,2026-08-14 14:00:00,5290.0,5320.0,5290.0,5320.0,0.57,199.8,1059256.2,1
2026-08-14,2026-08-14 15:00:00,5320.0,5548.0,5200.0,5320.0,0.0,199.8,1059256.2,0
2026-08-17,2026-08-17 11:00:00,5200.0,5262.5,5200.0,5227.5,0.53,139.8,732450.48,1
2026-08-17,2026-08-17 12:00:00,5227.5,5255.0,5227.5,5255.0,0.53,139.8,732450.48,1
2026-08-17,2026-08-17 13:00:00,5255.0,5282.5,5255.0,5282.5,0.52,139.8,732450.48,1
2026-08-17,2026-08-17 14:00:00,5282.5,5310.0,5282.5,5310.0,0.52,139.8,732450.48,1
2026-08-17,2026-08-17 15:00:00,5310.0,5325.0,5200.0,5310.0,0.0,139.8,732450.48,0
2026-08-18,2026-08-18 11:00:00,5220.0,5269.5,5197.55,5221.25,0.02,462.2,2413195.2,1
2026-08-18,2026-08-18 12:00:00,5221.25,5222.5,5221.25,5222.5,0.02,462.2,2413195.2,1
2026-08-18,2026-08-18 13:00:00,5222.5,5223.75,5222.5,5223.75,0.02,462.2,2413195.2,1
2026-08-18,2026-08-18 14:00:00,5223.75,5225.0,5223.75,5225.0,0.02,462.2,2413195.2,1
2026-08-18,2026-08-18 15:00:00,5225.0,5319.0,5175.1,5225.0,0.0,462.2,2413195.2,0
2026-08-19,2026-08-19 11:00:00,5100.0,5168.5,5080.0,5100.0,0.0,360.0,1832349.3,0
2026-08-19,2026-08-19 12:00:00,5100.0,5100.0,5100.0,5100.0,0.0,360.0,1832349.3,0
2026-08-19,2026-08-19 13:00:00,5100.0,5100.0,5100.0,5100.0,0.0,360.0,1832349.3,0
2026-08-19,2026-08-19 14:00:00,5100.0,5100.0,5100.0,5100.0,0.0,360.0,1832349.3,0
2026-08-19,2026-08-19 15:00:00,5100.0,5237.0,5060.0,5100.0,0.0,360.0,1832349.3,0
2026-08-20,2026-08-20 11:00:00,5050.0,5095.0,5003.0,5072.0,0.44,284.0,1422521.2,1
2026-08-20,2026-08-20 12:00:00,5072.0,5094.0,5072.0,5094.0,0.43,284.0,1422521.2,1
2026-08-20,2026-08-20 13:00:00,5094.0,5116.0,5094.0,5116.0,0.43,284.0,1422521.2,1
2026-08-20,2026-08-20 14:00:00,5116.0,5138.0,5116.0,5138.0,0.43,284.0,1422521.2,1
2026-08-20,2026-08-20 15:00:00,5138.0,5140.0,4956.0,5138.0,0.0,284.0,1422521.2,0
2026-08-21,2026-08-21 11:00:00,5000.0,5146.0,5000.0,5035.0,0.7,158.2,800926.1,1
2026-08-21,2026-08-21 12:00:00,5035.0,5070.0,5035.0,5070.0,0.7,158.2,800926.1,1
2026-08-21,2026-08-21 13:00:00,5070.0,5105.0,5070.0,5105.0,0.69,158.2,800926.1,1
2026-08-21,2026-08-21 14:00:00,5105.0,5140.0,5105.0,5140.0,0.69,158.2,800926.1,1
2026-08-21,2026-08-21 15:00:00,5140.0,5292.0,5000.0,5140.0,0.0,158.2,800926.1,0
2026-08-24,2026-08-24 11:00:00,5000.0,5059.5,5000.0,5029.75,0.6,145.4,732486.6,1
2026-08-24,2026-08-24 12:00:00,5029.75,5059.5,5029.75,5059.5,0.59,145.4,732486.6,1
2026-08-24,2026-08-24 13:00:00,5059.5,5089.25,5059.5,5089.25,0.59,145.4,732486.6,1
2026-08-24,2026-08-24 14:00:00,5089.25,5119.0,5089.25,5119.0,0.58,145.4,732486.6,1
2026-08-24,2026-08-24 15:00:00,5119.0,5119.0,5000.0,5119.0,0.0,145.4,732486.6,0
2026-08-25,2026-08-25 12:00:00,5000.0,5110.0,5000.0,5085.0,-0.66,294.0,1481808.0,1
2026-08-25,2026-08-25 13:00:00,5000.0,5110.0,5000.0,5085.0,-0.66,294.0,1481808.0,1
2026-08-25,2026-08-25 14:00:00,5000.0,5110.0,5000.0,5085.0,-0.66,294.0,1481808.0,1
2026-08-26,2026-08-26 13:00:00,5003.0,5097.0,5001.5,5001.5,-1.64,865.0,4331096.8,-1
2026-08-27,2026-08-27 20:00:00,4800.0,5462.0,4800.0,4920.0,-1.63,1103.0,5491141.0,1
2026-08-31,2026-08-31 11:00:00,4800.0,4872.0,4800.0,4836.0,0.75,258.8,1254636.98,1
2026-08-31,2026-08-31 12:00:00,4836.0,4872.0,4836.0,4872.0,0.74,258.8,1254636.98,1
2026-08-31,2026-08-31 13:00:00,4872.0,4908.0,4872.0,4908.0,0.74,258.8,1254636.98,1
2026-08-31,2026-08-31 14:00:00,4908.0,4944.0,4908.0,4944.0,0.73,258.8,1254636.98,1
2026-08-31,2026-08-31 15:00:00,4944.0,4944.0,4800.0,4944.0,0.0,258.8,1254636.98,0
2026-09-01,2026-09-01 03:00:00,4800.0,5450.0,4800.0,4859.0,-1.72,1476.0,7217797.2,1
