published_date,timestamp,open,high,low,close,per_change,traded_quantity,traded_amount,status
2023-06-08,2023-06-08 11:00:00,202.8,212.9,202.8,207.85,2.49,644.6,143448.46,1
2023-06-08,2023-06-08 12:00:00,207.85,212.9,207.85,212.9,2.43,644.6,143448.46,1
2023-06-08,2023-06-08 13:00:00,212.9,217.95,212.9,217.95,2.37,644.6,143448.46,1
2023-06-08,2023-06-08 14:00:00,217.95,223.0,217.95,223.0,2.32,644.6,143448.46,1
2023-06-08,2023-06-08 15:00:00,223.0,223.0,202.8,223.0,0.0,644.6,143448.46,0
2023-06-11,2023-06-11 11:00:00,227.4,236.35,227.4,231.88,1.97,571.6,139943.76,1
2023-06-11,2023-06-11 12:00:00,231.88,236.35,231.88,236.35,1.93,571.6,139943.76,1
2023-06-11,2023-06-11 13:00:00,236.35,240.83,236.35,240.83,1.9,571.6,139943.76,1
2023-06-11,2023-06-11 14:00:00,240.83,245.3,240.83,245.3,1.86,571.6,139943.76,1
2023-06-11,2023-06-11 15:00:00,245.3,245.3,227.4,245.3,0.0,571.6,139943.76,0
2023-06-12,2023-06-12 11:00:00,250.2,260.0,250.2,255.1,1.96,2484.4,670146.92,1
2023-06-12,2023-06-12 12:00:00,255.1,260.0,255.1,260.0,1.92,2484.4,670146.92,1
2023-06-12,2023-06-12 13:00:00,260.0,264.9,260.0,264.9,1.88,2484.4,670146.92,1
2023-06-12,2023-06-12 14:00:00,264.9,269.8,264.9,269.8,1.85,2484.4,670146.92,1
2023-06-12,2023-06-12 15:00:00,269.8,269.8,250.2,269.8,0.0,2484.4,670146.92,0
2023-06-13,2023-06-13 11:00:00,275.1,285.9,264.85,280.5,1.96,15778.6,4380318.24,1
2023-06-13,2023-06-13 12:00:00,280.5,285.9,280.5,285.9,1.93,15778.6,4380318.24,1
2023-06-13,2023-06-13 13:00:00,285.9,291.3,285.9,291.3,1.89,15778.6,4380318.24,1
2023-06-13,2023-06-13 14:00:00,291.3,296.7,291.3,296.7,1.85,15778.6,4380318.24,1
2023-06-13,2023-06-13 15:00:00,296.7,296.7,254.6,296.7,0.0,15778.6,4380318.24,0
2023-06-14,2023-06-14 11:00:00,302.6,314.45,290.95,306.7,1.35,7126.4,2247457.0,1
2023-06-14,2023-06-14 12:00:00,306.7,310.8,306.7,310.8,1.34,7126.4,2247457.0,1
2023-06-14,2023-06-14 13:00:00,310.8,314.9,310.8,314.9,1.32,7126.4,2247457.0,1
2023-06-14,2023-06-14 14:00:00,314.9,319.0,314.9,319.0,1.3,7126.4,2247457.0,1
2023-06-14,2023-06-14 15:00:00,319.0,326.3,279.3,319.0,0.0,7126.4,2247457.0,0
2023-06-15,2023-06-15 11:00:00,320.0,320.0,310.05,315.07,-1.54,5718.0,1746984.8,-1
2023-06-15,2023-06-15 12:00:00,315.07,315.07,310.15,310.15,-1.56,5718.0,1746984.8,-1
2023-06-15,2023-06-15 13:00:00,310.15,310.15,305.23,305.23,-1.59,5718.0,1746984.8,-1
2023-06-15,2023-06-15 14:00:00,305.23,305.23,300.3,300.3,-1.62,5718.0,1746984.8,-1
2023-06-15,2023-06-15 15:00:00,300.3,320.0,300.1,300.3,0.0,5718.0,1746984.8,0
2023-06-18,2023-06-18 11:00:00,299.0,299.0,288.1,296.52,-0.83,9958.2,2870914.46,-1
2023-06-18,2023-06-18 12:00:00,296.52,296.52,294.05,294.05,-0.83,9958.2,2870914.46,-1
2023-06-18,2023-06-18 13:00:00,294.05,294.05,291.58,291.58,-0.84,9958.2,2870914.46,-1
2023-06-18,2023-06-18 14:00:00,291.58,291.58,289.1,289.1,-0.85,9958.2,2870914.46,-1
2023-06-18,2023-06-18 15:00:00,289.1,299.0,277.2,289.1,0.0,9958.2,2870914.46,0
2023-06-19,2023-06-19 11:00:00,283.5,285.25,280.95,283.77,0.1,3573.2,1006598.2,1
2023-06-19,2023-06-19 12:00:00,283.77,284.05,283.77,284.05,0.1,3573.2,1006598.2,1
2023-06-19,2023-06-19 13:00:00,284.05,284.33,284.05,284.33,0.1,3573.2,1006598.2,1
2023-06-19,2023-06-19 14:00:00,284.33,284.6,284.33,284.6,0.09,3573.2,1006598.2,1
2023-06-19,2023-06-19 15:00:00,284.6,287.0,278.4,284.6,0.0,3573.2,1006598.2,0
2023-06-20,2023-06-20 11:00:00,284.0,284.0,279.0,282.5,-0.53,2689.6,745460.94,-1
2023-06-20,2023-06-20 12:00:00,282.5,282.5,281.0,281.0,-0.53,2689.6,745460.94,-1
2023-06-20,2023-06-20 13:00:00,281.0,281.0,279.5,279.5,-0.53,2689.6,745460.94,-1
2023-06-20,2023-06-20 14:00:00,279.5,279.5,278.0,278.0,-0.54,2689.6,745460.94,-1
2023-06-20,2023-06-20 15:00:00,278.0,284.0,274.0,278.0,0.0,2689.6,745460.94,0
2023-06-21,2023-06-21 11:00:00,272.5,274.25,269.9,272.12,-0.14,2956.8,800268.02,-1
2023-06-21,2023-06-21 12:00:00,272.12,272.12,271.75,271.75,-0.14,2956.8,800268.02,-1
2023-06-21,2023-06-21 13:00:00,271.75,271.75,271.38,271.38,-0.14,2956.8,800268.02,-1
2023-06-21,2023-06-21 14:00:00,271.38,271.38,271.0,271.0,-0.14,2956.8,800268.02,-1
2023-06-21,2023-06-21 15:00:00,271.0,276.0,267.3,271.0,0.0,2956.8,800268.02,0
2023-06-22,2023-06-22 11:00:00,269.0,269.5,265.0,267.75,-0.46,1949.4,515053.08,-1
2023-06-22,2023-06-22 12:00:00,267.75,267.75,266.5,266.5,-0.47,1949.4,515053.08,-1
2023-06-22,2023-06-22 13:00:00,266.5,266.5,265.25,265.25,-0.47,1949.4,515053.08,-1
2023-06-22,2023-06-22 14:00:00,265.25,265.25,264.0,264.0,-0.47,1949.4,515053.08,-1
2023-06-22,2023-06-22 15:00:00,264.0,270.0,261.0,264.0,0.0,1949.4,515053.08,0
2023-06-25,2023-06-25 11:00:00,258.8,264.6,255.45,261.6,1.08,4437.4,1146064.14,1
2023-06-25,2023-06-25 12:00:00,261.6,264.4,261.6,264.4,1.07,4437.4,1146064.14,1
2023-06-25,2023-06-25 13:00:00,264.4,267.2,264.4,267.2,1.06,4437.4,1146064.14,1
2023-06-25,2023-06-25 14:00:00,267.2,270.0,267.2,270.0,1.05,4437.4,1146064.14,1
2023-06-25,2023-06-25 15:00:00,270.0,270.4,252.1,270.0,0.0,4437.4,1146064.14,0
2023-06-26,2023-06-26 11:00:00,265.0,272.5,262.5,266.0,0.38,3308.2,875714.06,1
2023-06-26,2023-06-26 12:00:00,266.0,267.0,266.0,267.0,0.38,3308.2,875714.06,1
2023-06-26,2023-06-26 13:00:00,267.0,268.0,267.0,268.0,0.37,3308.2,875714.06,1
2023-06-26,2023-06-26 14:00:00,268.0,269.0,268.0,269.0,0.37,3308.2,875714.06,1
2023-06-26,2023-06-26 15:00:00,269.0,280.0,260.0,269.0,0.0,3308.2,875714.06,0
2023-06-27,2023-06-27 11:00:00,274.2,274.2,264.65,272.65,-0.57,1987.0,525379.0,-1
2023-06-27,2023-06-27 12:00:00,272.65,272.65,271.1,271.1,-0.57,1987.0,525379.0,-1
2023-06-27,2023-06-27 13:00:00,271.1,271.1,269.55,269.55,-0.57,1987.0,525379.0,-1
2023-06-27,2023-06-27 14:00:00,269.55,269.55,268.0,268.0,-0.58,1987.0,525379.0,-1
2023-06-27,2023-06-27 15:00:00,268.0,274.2,255.1,268.0,0.0,1987.0,525379.0,0
2023-06-28,2023-06-28 11:00:00,263.0,268.0,259.55,263.0,0.0,1744.0,455797.5,0
2023-06-28,2023-06-28 12:00:00,263.0,263.0,263.0,263.0,0.0,1744.0,455797.5,0
2023-06-28,2023-06-28 13:00:00,263.0,263.0,263.0,263.0,0.0,1744.0,455797.5,0
2023-06-28,2023-06-28 14:00:00,263.0,263.0,263.0,263.0,0.0,1744.0,455797.5,0
2023-06-28,2023-06-28 15:00:00,263.0,273.0,256.1,263.0,0.0,1744.0,455797.5,0
2023-07-02,2023-07-02 11:00:00,257.8,257.9,252.6,255.2,-1.01,2249.8,566497.5,-1
2023-07-02,2023-07-02 12:00:00,255.2,255.2,252.6,252.6,-1.02,2249.8,566497.5,-1
2023-07-02,2023-07-02 13:00:00,252.6,252.6,250.0,250.0,-1.03,2249.8,566497.5,-1
2023-07-02,2023-07-02 14:00:00,250.0,250.0,247.4,247.4,-1.04,2249.8,566497.5,-1
2023-07-02,2023-07-02 15:00:00,247.4,258.0,247.4,247.4,0.0,2249.8,566497.5,0
2023-07-03,2023-07-03 11:00:00,243.0,247.65,240.0,241.53,-0.6,2012.4,485083.92,-1
2023-07-03,2023-07-03 12:00:00,241.53,241.53,240.05,240.05,-0.61,2012.4,485083.92,-1
2023-07-03,2023-07-03 13:00:00,240.05,240.05,238.57,238.57,-0.62,2012.4,485083.92,-1
2023-07-03,2023-07-03 14:00:00,238.57,238.57,237.1,237.1,-0.62,2012.4,485083.92,-1
2023-07-03,2023-07-03 15:00:00,237.1,252.3,237.0,237.1,0.0,2012.4,485083.92,0
2023-07-04,2023-07-04 11:00:00,234.0,236.9,231.75,233.0,-0.43,2402.4,557677.8,-1
2023-07-04,2023-07-04 12:00:00,233.0,233.0,232.0,232.0,-0.43,2402.4,557677.8,-1
2023-07-04,2023-07-04 13:00:00,232.0,232.0,231.0,231.0,-0.43,2402.4,557677.8,-1
2023-07-04,2023-07-04 14:00:00,231.0,231.0,230.0,230.0,-0.43,2402.4,557677.8,-1
2023-07-04,2023-07-04 15:00:00,230.0,239.8,229.5,230.0,0.0,2402.4,557677.8,0
2023-07-05,2023-07-05 11:00:00,226.5,238.2,224.25,225.75,-0.33,3588.2,820131.26,-1
2023-07-05,2023-07-05 12:00:00,225.75,225.75,225.0,225.0,-0.33,3588.2,820131.26,-1
2023-07-05,2023-07-05 13:00:00,225.0,225.0,224.25,224.25,-0.33,3588.2,820131.26,-1
2023-07-05,2023-07-05 14:00:00,224.25,224.25,223.5,223.5,-0.33,3588.2,820131.26,-1
2023-07-05,2023-07-05 15:00:00,223.5,249.9,222.0,223.5,0.0,3588.2,820131.26,0
2023-07-06,2023-07-06 11:00:00,219.3,223.6,219.3,220.48,0.54,1338.0,298316.4,1
2023-07-06,2023-07-06 12:00:00,220.48,221.65,220.48,221.65,0.53,1338.0,298316.4,1
2023-07-06,2023-07-06 13:00:00,221.65,222.82,221.65,222.82,0.53,1338.0,298316.4,1
2023-07-06,2023-07-06 14:00:00,222.82,224.0,222.82,224.0,0.53,1338.0,298316.4,1
2023-07-06,2023-07-06 15:00:00,224.0,227.9,219.3,224.0,0.0,1338.0,298316.4,0
2023-07-09,2023-07-09 11:00:00,224.0,232.35,221.0,225.25,0.56,1336.6,302808.06,1
2023-07-09,2023-07-09 12:00:00,225.25,226.5,225.25,226.5,0.55,1336.6,302808.06,1
2023-07-09,2023-07-09 13:00:00,226.5,227.75,226.5,227.75,0.55,1336.6,302808.06,1
2023-07-09,2023-07-09 14:00:00,227.75,229.0,227.75,229.0,0.55,1336.6,302808.06,1
2023-07-09,2023-07-09 15:00:00,229.0,240.7,218.0,229.0,0.0,1336.6,302808.06,0
2023-07-10,2023-07-10 11:00:00,227.0,230.8,224.55,227.1,0.04,1519.0,345792.0,1
2023-07-10,2023-07-10 12:00:00,227.1,227.2,227.1,227.2,0.04,1519.0,345792.0,1
2023-07-10,2023-07-10 13:00:00,227.2,227.3,227.2,227.3,0.04,1519.0,345792.0,1
2023-07-10,2023-07-10 14:00:00,227.3,227.4,227.3,227.4,0.04,1519.0,345792.0,1
2023-07-10,2023-07-10 15:00:00,227.4,234.6,222.1,227.4,0.0,1519.0,345792.0,0
2023-07-11,2023-07-11 11:00:00,222.9,226.45,222.9,224.18,0.57,2080.0,470897.6,1
2023-07-11,2023-07-11 12:00:00,224.18,225.45,224.18,225.45,0.57,2080.0,470897.6,1
2023-07-11,2023-07-11 13:00:00,225.45,226.72,225.45,226.72,0.56,2080.0,470897.6,1
2023-07-11,2023-07-11 14:00:00,226.72,228.0,226.72,228.0,0.56,2080.0,470897.6,1
2023-07-11,2023-07-11 15:00:00,228.0,230.0,222.9,228.0,0.0,2080.0,470897.6,0
2023-07-12,2023-07-12 11:00:00,224.0,234.0,224.0,228.15,1.85,2237.4,530872.54,1
2023-07-12,2023-07-12 12:00:00,228.15,232.3,228.15,232.3,1.82,2237.4,530872.54,1
2023-07-12,2023-07-12 13:00:00,232.3,236.45,232.3,236.45,1.79,2237.4,530872.54,1
2023-07-12,2023-07-12 14:00:00,236.45,240.6,236.45,240.6,1.76,2237.4,530872.54,1
2023-07-12,2023-07-12 15:00:00,240.6,244.0,224.0,240.6,0.0,2237.4,530872.54,0
2023-07-13,2023-07-13 11:00:00,236.0,240.45,234.05,236.05,0.02,1729.8,413150.4,1
2023-07-13,2023-07-13 12:00:00,236.05,236.1,236.05,236.1,0.02,1729.8,413150.4,1
2023-07-13,2023-07-13 13:00:00,236.1,236.15,236.1,236.15,0.02,1729.8,413150.4,1
2023-07-13,2023-07-13 14:00:00,236.15,236.2,236.15,236.2,0.02,1729.8,413150.4,1
2023-07-13,2023-07-13 15:00:00,236.2,244.9,232.1,236.2,0.0,1729.8,413150.4,0
2023-07-16,2023-07-16 11:00:00,231.5,231.85,229.35,231.68,0.08,1017.8,232815.0,1
2023-07-16,2023-07-16 12:00:00,231.68,231.85,231.68,231.85,0.07,1017.8,232815.0,1
2023-07-16,2023-07-16 13:00:00,231.85,232.02,231.85,232.02,0.07,1017.8,232815.0,1
2023-07-16,2023-07-16 14:00:00,232.02,232.2,232.02,232.2,0.08,1017.8,232815.0,1
2023-07-16,2023-07-16 15:00:00,232.2,232.2,227.2,232.2,0.0,1017.8,232815.0,0
2023-07-17,2023-07-17 11:00:00,228.0,233.35,226.3,229.75,0.77,1102.4,254952.2,1
2023-07-17,2023-07-17 12:00:00,229.75,231.5,229.75,231.5,0.76,1102.4,254952.2,1
2023-07-17,2023-07-17 13:00:00,231.5,233.25,231.5,233.25,0.76,1102.4,254952.2,1
2023-07-17,2023-07-17 14:00:00,233.25,235.0,233.25,235.0,0.75,1102.4,254952.2,1
2023-07-17,2023-07-17 15:00:00,235.0,238.7,224.6,235.0,0.0,1102.4,254952.2,0
2023-07-18,2023-07-18 11:00:00,230.3,237.15,228.15,231.48,0.51,1423.0,333000.8,1
2023-07-18,2023-07-18 12:00:00,231.48,232.65,231.48,232.65,0.51,1423.0,333000.8,1
2023-07-18,2023-07-18 13:00:00,232.65,233.82,232.65,233.82,0.5,1423.0,333000.8,1
2023-07-18,2023-07-18 14:00:00,233.82,235.0,233.82,235.0,0.5,1423.0,333000.8,1
2023-07-18,2023-07-18 15:00:00,235.0,244.0,226.0,235.0,0.0,1423.0,333000.8,0
2023-07-19,2023-07-19 11:00:00,230.3,234.15,228.3,230.73,0.19,997.8,229258.96,1
2023-07-19,2023-07-19 12:00:00,230.73,231.15,230.73,231.15,0.18,997.8,229258.96,1
2023-07-19,2023-07-19 13:00:00,231.15,231.57,231.15,231.57,0.18,997.8,229258.96,1
2023-07-19,2023-07-19 14:00:00,231.57,232.0,231.57,232.0,0.19,997.8,229258.96,1
2023-07-19,2023-07-19 15:00:00,232.0,238.0,226.3,232.0,0.0,997.8,229258.96,0
2023-07-20,2023-07-20 11:00:00,230.0,233.3,228.0,231.5,0.65,2407.4,552906.16,1
2023-07-20,2023-07-20 12:00:00,231.5,233.0,231.5,233.0,0.65,2407.4,552906.16,1
2023-07-20,2023-07-20 13:00:00,233.0,234.5,233.0,234.5,0.64,2407.4,552906.16,1
2023-07-20,2023-07-20 14:00:00,234.5,236.0,234.5,236.0,0.64,2407.4,552906.16,1
2023-07-20,2023-07-20 15:00:00,236.0,236.6,226.0,236.0,0.0,2407.4,552906.16,0
2023-07-23,2023-07-23 11:00:00,231.5,236.05,231.45,232.38,0.38,1151.2,271217.6,1
2023-07-23,2023-07-23 12:00:00,232.38,233.25,232.38,233.25,0.37,1151.2,271217.6,1
2023-07-23,2023-07-23 13:00:00,233.25,234.12,233.25,234.12,0.37,1151.2,271217.6,1
2023-07-23,2023-07-23 14:00:00,234.12,235.0,234.12,235.0,0.38,1151.2,271217.6,1
2023-07-23,2023-07-23 15:00:00,235.0,240.6,231.4,235.0,0.0,1151.2,271217.6,0
2023-07-24,2023-07-24 11:00:00,236.0,239.8,234.5,236.1,0.04,1383.6,327512.5,1
2023-07-24,2023-07-24 12:00:00,236.1,236.2,236.1,236.2,0.04,1383.6,327512.5,1
2023-07-24,2023-07-24 13:00:00,236.2,236.3,236.2,236.3,0.04,1383.6,327512.5,1
2023-07-24,2023-07-24 14:00:00,236.3,236.4,236.3,236.4,0.04,1383.6,327512.5,1
2023-07-24,2023-07-24 15:00:00,236.4,243.6,233.0,236.4,0.0,1383.6,327512.5,0
2023-07-25,2023-07-25 11:00:00,231.7,235.6,230.15,231.52,-0.08,1961.4,455751.5,-1
2023-07-25,2023-07-25 12:00:00,231.52,231.52,231.35,231.35,-0.07,1961.4,455751.5,-1
2023-07-25,2023-07-25 13:00:00,231.35,231.35,231.18,231.18,-0.07,1961.4,455751.5,-1
2023-07-25,2023-07-25 14:00:00,231.18,231.18,231.0,231.0,-0.08,1961.4,455751.5,-1
2023-07-25,2023-07-25 15:00:00,231.0,239.5,228.6,231.0,0.0,1961.4,455751.5,0
2023-07-26,2023-07-26 11:00:00,230.0,231.0,228.3,230.25,0.11,1183.0,270986.84,1
2023-07-26,2023-07-26 12:00:00,230.25,230.5,230.25,230.5,0.11,1183.0,270986.84,1
2023-07-26,2023-07-26 13:00:00,230.5,230.75,230.5,230.75,0.11,1183.0,270986.84,1
2023-07-26,2023-07-26 14:00:00,230.75,231.0,230.75,231.0,0.11,1183.0,270986.84,1
2023-07-26,2023-07-26 15:00:00,231.0,232.0,226.6,231.0,0.0,1183.0,270986.84,0
2023-07-27,2023-07-27 11:00:00,227.1,229.05,226.75,226.95,-0.07,748.0,170873.2,-1
2023-07-27,2023-07-27 12:00:00,226.95,226.95,226.8,226.8,-0.07,748.0,170873.2,-1
2023-07-27,2023-07-27 13:00:00,226.8,226.8,226.65,226.65,-0.07,748.0,170873.2,-1
2023-07-27,2023-07-27 14:00:00,226.65,226.65,226.5,226.5,-0.07,748.0,170873.2,-1
2023-07-27,2023-07-27 15:00:00,226.5,231.0,226.4,226.5,0.0,748.0,170873.2,0
2023-07-30,2023-07-30 11:00:00,224.0,225.3,223.65,224.05,0.02,992.4,222804.48,1
2023-07-30,2023-07-30 12:00:00,224.05,224.1,224.05,224.1,0.02,992.4,222804.48,1
2023-07-30,2023-07-30 13:00:00,224.1,224.15,224.1,224.15,0.02,992.4,222804.48,1
2023-07-30,2023-07-30 14:00:00,224.15,224.2,224.15,224.2,0.02,992.4,222804.48,1
2023-07-30,2023-07-30 15:00:00,224.2,226.6,223.3,224.2,0.0,992.4,222804.48,0
2023-07-31,2023-07-31 11:00:00,222.1,223.8,222.1,222.22,0.05,1009.4,225367.14,1
2023-07-31,2023-07-31 12:00:00,222.22,222.35,222.22,222.35,0.06,1009.4,225367.14,1
2023-07-31,2023-07-31 13:00:00,222.35,222.47,222.35,222.47,0.05,1009.4,225367.14,1
2023-07-31,2023-07-31 14:00:00,222.47,222.6,222.47,222.6,0.06,1009.4,225367.14,1
2023-07-31,2023-07-31 15:00:00,222.6,225.5,222.1,222.6,0.0,1009.4,225367.14,0
2023-08-01,2023-08-01 11:00:00,227.0,227.0,221.0,224.75,-0.99,1157.8,252794.2,-1
2023-08-01,2023-08-01 12:00:00,224.75,224.75,222.5,222.5,-1.0,1157.8,252794.2,-1
2023-08-01,2023-08-01 13:00:00,222.5,222.5,220.25,220.25,-1.01,1157.8,252794.2,-1
2023-08-01,2023-08-01 14:00:00,220.25,220.25,218.0,218.0,-1.02,1157.8,252794.2,-1
2023-08-01,2023-08-01 15:00:00,218.0,227.0,215.0,218.0,0.0,1157.8,252794.2,0
2023-08-02,2023-08-02 11:00:00,218.0,218.0,215.1,217.75,-0.11,1124.2,240786.4,-1
2023-08-02,2023-08-02 12:00:00,217.75,217.75,217.5,217.5,-0.11,1124.2,240786.4,-1
2023-08-02,2023-08-02 13:00:00,217.5,217.5,217.25,217.25,-0.11,1124.2,240786.4,-1
2023-08-02,2023-08-02 14:00:00,217.25,217.25,217.0,217.0,-0.12,1124.2,240786.4,-1
2023-08-02,2023-08-02 15:00:00,217.0,218.0,212.2,217.0,0.0,1124.2,240786.4,0
2023-08-03,2023-08-03 11:00:00,213.0,215.0,212.55,213.28,0.13,1388.2,296654.6,1
2023-08-03,2023-08-03 12:00:00,213.28,213.55,213.28,213.55,0.13,1388.2,296654.6,1
2023-08-03,2023-08-03 13:00:00,213.55,213.82,213.55,213.82,0.13,1388.2,296654.6,1
2023-08-03,2023-08-03 14:00:00,213.82,214.1,213.82,214.1,0.13,1388.2,296654.6,1
2023-08-03,2023-08-03 15:00:00,214.1,217.0,212.1,214.1,0.0,1388.2,296654.6,0
2023-08-06,2023-08-06 11:00:00,209.9,209.95,208.0,209.3,-0.29,1012.0,210057.06,-1
2023-08-06,2023-08-06 12:00:00,209.3,209.3,208.7,208.7,-0.29,1012.0,210057.06,-1
2023-08-06,2023-08-06 13:00:00,208.7,208.7,208.1,208.1,-0.29,1012.0,210057.06,-1
2023-08-06,2023-08-06 14:00:00,208.1,208.1,207.5,207.5,-0.29,1012.0,210057.06,-1
2023-08-06,2023-08-06 15:00:00,207.5,210.0,206.1,207.5,0.0,1012.0,210057.06,0
2023-08-07,2023-08-07 11:00:00,203.4,205.7,203.4,204.3,0.44,1249.0,256048.36,1
2023-08-07,2023-08-07 12:00:00,204.3,205.2,204.3,205.2,0.44,1249.0,256048.36,1
2023-08-07,2023-08-07 13:00:00,205.2,206.1,205.2,206.1,0.44,1249.0,256048.36,1
2023-08-07,2023-08-07 14:00:00,206.1,207.0,206.1,207.0,0.44,1249.0,256048.36,1
2023-08-07,2023-08-07 15:00:00,207.0,208.0,203.4,207.0,0.0,1249.0,256048.36,0
2023-08-08,2023-08-08 11:00:00,210.0,212.1,205.05,207.78,-1.06,1026.2,209431.92,-1
2023-08-08,2023-08-08 12:00:00,207.78,207.78,205.55,205.55,-1.07,1026.2,209431.92,-1
2023-08-08,2023-08-08 13:00:00,205.55,205.55,203.32,203.32,-1.08,1026.2,209431.92,-1
2023-08-08,2023-08-08 14:00:00,203.32,203.32,201.1,201.1,-1.09,1026.2,209431.92,-1
2023-08-08,2023-08-08 15:00:00,201.1,214.2,200.1,201.1,0.0,1026.2,209431.92,0
2023-08-09,2023-08-09 11:00:00,197.3,203.15,197.3,199.23,0.98,805.4,162438.12,1
2023-08-09,2023-08-09 12:00:00,199.23,201.15,199.23,201.15,0.96,805.4,162438.12,1
2023-08-09,2023-08-09 13:00:00,201.15,203.07,201.15,203.07,0.95,805.4,162438.12,1
2023-08-09,2023-08-09 14:00:00,203.07,205.0,203.07,205.0,0.95,805.4,162438.12,1
2023-08-09,2023-08-09 15:00:00,205.0,209.0,197.3,205.0,0.0,805.4,162438.12,0
2023-08-10,2023-08-10 11:00:00,202.0,207.5,202.0,202.45,0.22,938.0,192572.62,1
2023-08-10,2023-08-10 12:00:00,202.45,202.9,202.45,202.9,0.22,938.0,192572.62,1
2023-08-10,2023-08-10 13:00:00,202.9,203.35,202.9,203.35,0.22,938.0,192572.62,1
2023-08-10,2023-08-10 14:00:00,203.35,203.8,203.35,203.8,0.22,938.0,192572.62,1
2023-08-10,2023-08-10 15:00:00,203.8,213.0,202.0,203.8,0.0,938.0,192572.62,0
2023-08-13,2023-08-13 11:00:00,203.8,206.9,202.05,203.25,-0.27,2103.0,429845.32,-1
2023-08-13,2023-08-13 12:00:00,203.25,203.25,202.7,202.7,-0.27,2103.0,429845.32,-1
2023-08-13,2023-08-13 13:00:00,202.7,202.7,202.15,202.15,-0.27,2103.0,429845.32,-1
2023-08-13,2023-08-13 14:00:00,202.15,202.15,201.6,201.6,-0.27,2103.0,429845.32,-1
2023-08-13,2023-08-13 15:00:00,201.6,210.0,200.3,201.6,0.0,2103.0,429845.32,0
2023-08-14,2023-08-14 11:00:00,200.0,204.0,200.0,200.5,0.25,803.0,162230.9,1
2023-08-14,2023-08-14 12:00:00,200.5,201.0,200.5,201.0,0.25,803.0,162230.9,1
2023-08-14,2023-08-14 13:00:00,201.0,201.5,201.0,201.5,0.25,803.0,162230.9,1
2023-08-14,2023-08-14 14:00:00,201.5,202.0,201.5,202.0,0.25,803.0,162230.9,1
2023-08-14,2023-08-14 15:00:00,202.0,208.0,200.0,202.0,0.0,803.0,162230.9,0
2023-08-15,2023-08-15 11:00:00,200.0,201.0,199.05,199.53,-0.23,911.0,182050.88,-1
2023-08-15,2023-08-15 12:00:00,199.53,199.53,199.05,199.05,-0.24,911.0,182050.88,-1
2023-08-15,2023-08-15 13:00:00,199.05,199.05,198.57,198.57,-0.24,911.0,182050.88,-1
2023-08-15,2023-08-15 14:00:00,198.57,198.57,198.1,198.1,-0.24,911.0,182050.88,-1
2023-08-15,2023-08-15 15:00:00,198.1,202.0,198.1,198.1,0.0,911.0,182050.88,0
2023-08-16,2023-08-16 11:00:00,195.0,196.5,193.6,195.25,0.13,1204.0,235015.8,1
2023-08-16,2023-08-16 12:00:00,195.25,195.5,195.25,195.5,0.13,1204.0,235015.8,1
2023-08-16,2023-08-16 13:00:00,195.5,195.75,195.5,195.75,0.13,1204.0,235015.8,1
2023-08-16,2023-08-16 14:00:00,195.75,196.0,195.75,196.0,0.13,1204.0,235015.8,1
2023-08-16,2023-08-16 15:00:00,196.0,198.0,192.2,196.0,0.0,1204.0,235015.8,0
2023-08-17,2023-08-17 11:00:00,199.9,199.9,194.25,197.15,-1.38,820.0,156026.6,-1
2023-08-17,2023-08-17 12:00:00,197.15,197.15,194.4,194.4,-1.39,820.0,156026.6,-1
2023-08-17,2023-08-17 13:00:00,194.4,194.4,191.65,191.65,-1.41,820.0,156026.6,-1
2023-08-17,2023-08-17 14:00:00,191.65,191.65,188.9,188.9,-1.43,820.0,156026.6,-1
2023-08-17,2023-08-17 15:00:00,188.9,199.9,188.6,188.9,0.0,820.0,156026.6,0
2023-08-20,2023-08-20 11:00:00,186.0,187.5,183.5,185.0,-0.54,1064.0,194982.2,-1
2023-08-20,2023-08-20 12:00:00,185.0,185.0,184.0,184.0,-0.54,1064.0,194982.2,-1
2023-08-20,2023-08-20 13:00:00,184.0,184.0,183.0,183.0,-0.54,1064.0,194982.2,-1
2023-08-20,2023-08-20 14:00:00,183.0,183.0,182.0,182.0,-0.55,1064.0,194982.2,-1
2023-08-20,2023-08-20 15:00:00,182.0,189.0,181.0,182.0,0.0,1064.0,194982.2,0
2023-08-21,2023-08-21 11:00:00,179.0,179.5,174.5,177.4,-0.89,1363.0,238249.66,-1
2023-08-21,2023-08-21 12:00:00,177.4,177.4,175.8,175.8,-0.9,1363.0,238249.66,-1
2023-08-21,2023-08-21 13:00:00,175.8,175.8,174.2,174.2,-0.91,1363.0,238249.66,-1
2023-08-21,2023-08-21 14:00:00,174.2,174.2,172.6,172.6,-0.92,1363.0,238249.66,-1
2023-08-21,2023-08-21 15:00:00,172.6,180.0,170.0,172.6,0.0,1363.0,238249.66,0
2023-08-22,2023-08-22 11:00:00,171.0,175.25,171.0,172.75,1.02,1060.2,184816.72,1
2023-08-22,2023-08-22 12:00:00,172.75,174.5,172.75,174.5,1.01,1060.2,184816.72,1
2023-08-22,2023-08-22 13:00:00,174.5,176.25,174.5,176.25,1.0,1060.2,184816.72,1
2023-08-22,2023-08-22 14:00:00,176.25,178.0,176.25,178.0,0.99,1060.2,184816.72,1
2023-08-22,2023-08-22 15:00:00,178.0,179.5,171.0,178.0,0.0,1060.2,184816.72,0
2023-08-23,2023-08-23 11:00:00,176.0,183.85,175.55,179.93,2.23,967.2,178510.2,1
2023-08-23,2023-08-23 12:00:00,179.93,183.85,179.93,183.85,2.18,967.2,178510.2,1
2023-08-23,2023-08-23 13:00:00,183.85,187.77,183.85,187.77,2.13,967.2,178510.2,1
2023-08-23,2023-08-23 14:00:00,187.77,191.7,187.77,191.7,2.09,967.2,178510.2,1
2023-08-23,2023-08-23 15:00:00,191.7,191.7,175.1,191.7,0.0,967.2,178510.2,0
2023-08-24,2023-08-24 11:00:00,191.7,192.95,186.85,189.75,-1.02,868.8,164101.2,-1
2023-08-24,2023-08-24 12:00:00,189.75,189.75,187.8,187.8,-1.03,868.8,164101.2,-1
2023-08-24,2023-08-24 13:00:00,187.8,187.8,185.85,185.85,-1.04,868.8,164101.2,-1
2023-08-24,2023-08-24 14:00:00,185.85,185.85,183.9,183.9,-1.05,868.8,164101.2,-1
2023-08-24,2023-08-24 15:00:00,183.9,194.2,182.0,183.9,0.0,868.8,164101.2,0
2023-08-27,2023-08-27 11:00:00,182.0,182.0,177.0,181.0,-0.55,408.8,72000.2,-1
2023-08-27,2023-08-27 12:00:00,181.0,181.0,180.0,180.0,-0.55,408.8,72000.2,-1
2023-08-27,2023-08-27 13:00:00,180.0,180.0,179.0,179.0,-0.56,408.8,72000.2,-1
2023-08-27,2023-08-27 14:00:00,179.0,179.0,178.0,178.0,-0.56,408.8,72000.2,-1
2023-08-27,2023-08-27 15:00:00,178.0,182.0,172.0,178.0,0.0,408.8,72000.2,0
2023-08-28,2023-08-28 11:00:00,174.5,177.75,174.5,176.12,0.93,763.6,136640.1,1
2023-08-28,2023-08-28 12:00:00,176.12,177.75,176.12,177.75,0.93,763.6,136640.1,1
2023-08-28,2023-08-28 13:00:00,177.75,179.38,177.75,179.38,0.92,763.6,136640.1,1
2023-08-28,2023-08-28 14:00:00,179.38,181.0,179.38,181.0,0.9,763.6,136640.1,1
2023-08-28,2023-08-28 15:00:00,181.0,181.0,174.5,181.0,0.0,763.6,136640.1,0
2023-08-29,2023-08-29 11:00:00,177.5,178.95,176.25,177.62,0.07,746.0,132722.6,1
2023-08-29,2023-08-29 12:00:00,177.62,177.75,177.62,177.75,0.07,746.0,132722.6,1
2023-08-29,2023-08-29 13:00:00,177.75,177.88,177.75,177.88,0.07,746.0,132722.6,1
2023-08-29,2023-08-29 14:00:00,177.88,178.0,177.88,178.0,0.07,746.0,132722.6,1
2023-08-29,2023-08-29 15:00:00,178.0,180.4,175.0,178.0,0.0,746.0,132722.6,0
2023-08-30,2023-08-30 11:00:00,175.0,178.25,173.5,175.0,0.0,620.0,109068.5,0
2023-08-30,2023-08-30 12:00:00,175.0,175.0,175.0,175.0,0.0,620.0,109068.5,0
2023-08-30,2023-08-30 13:00:00,175.0,175.0,175.0,175.0,0.0,620.0,109068.5,0
2023-08-30,2023-08-30 14:00:00,175.0,175.0,175.0,175.0,0.0,620.0,109068.5,0
2023-08-30,2023-08-30 15:00:00,175.0,181.5,172.0,175.0,0.0,620.0,109068.5,0
2023-09-03,2023-09-03 11:00:00,172.0,173.9,172.0,172.75,0.44,565.0,97651.7,1
2023-09-03,2023-09-03 12:00:00,172.75,173.5,172.75,173.5,0.43,565.0,97651.7,1
2023-09-03,2023-09-03 13:00:00,173.5,174.25,173.5,174.25,0.43,565.0,97651.7,1
2023-09-03,2023-09-03 14:00:00,174.25,175.0,174.25,175.0,0.43,565.0,97651.7,1
2023-09-03,2023-09-03 15:00:00,175.0,175.8,172.0,175.0,0.0,565.0,97651.7,0
2023-09-04,2023-09-04 11:00:00,171.5,176.75,171.5,174.12,1.53,607.0,106146.1,1
2023-09-04,2023-09-04 12:00:00,174.12,176.75,174.12,176.75,1.51,607.0,106146.1,1
2023-09-04,2023-09-04 13:00:00,176.75,179.38,176.75,179.38,1.49,607.0,106146.1,1
2023-09-04,2023-09-04 14:00:00,179.38,182.0,179.38,182.0,1.46,607.0,106146.1,1
2023-09-04,2023-09-04 15:00:00,182.0,182.0,171.5,182.0,0.0,607.0,106146.1,0
2023-09-05,2023-09-05 11:00:00,178.4,179.7,176.95,177.82,-0.33,577.8,102395.0,-1
2023-09-05,2023-09-05 12:00:00,177.82,177.82,177.25,177.25,-0.32,577.8,102395.0,-1
2023-09-05,2023-09-05 13:00:00,177.25,177.25,176.68,176.68,-0.32,577.8,102395.0,-1
2023-09-05,2023-09-05 14:00:00,176.68,176.68,176.1,176.1,-0.33,577.8,102395.0,-1
2023-09-05,2023-09-05 15:00:00,176.1,181.0,175.5,176.1,0.0,577.8,102395.0,0
2023-09-07,2023-09-07 11:00:00,172.9,176.45,172.85,174.43,0.88,1045.0,184569.42,1
2023-09-07,2023-09-07 12:00:00,174.43,175.95,174.43,175.95,0.87,1045.0,184569.42,1
2023-09-07,2023-09-07 13:00:00,175.95,177.47,175.95,177.47,0.86,1045.0,184569.42,1
2023-09-07,2023-09-07 14:00:00,177.47,179.0,177.47,179.0,0.86,1045.0,184569.42,1
2023-09-07,2023-09-07 15:00:00,179.0,180.0,172.8,179.0,0.0,1045.0,184569.42,0
2023-09-10,2023-09-10 11:00:00,177.0,182.75,176.5,179.75,1.55,808.0,147470.6,1
2023-09-10,2023-09-10 12:00:00,179.75,182.5,179.75,182.5,1.53,808.0,147470.6,1
2023-09-10,2023-09-10 13:00:00,182.5,185.25,182.5,185.25,1.51,808.0,147470.6,1
2023-09-10,2023-09-10 14:00:00,185.25,188.0,185.25,188.0,1.48,808.0,147470.6,1
2023-09-10,2023-09-10 15:00:00,188.0,188.5,176.0,188.0,0.0,808.0,147470.6,0
2023-09-11,2023-09-11 11:00:00,184.4,194.2,182.7,188.55,2.25,2199.4,433223.24,1
2023-09-11,2023-09-11 12:00:00,188.55,192.7,188.55,192.7,2.2,2199.4,433223.24,1
2023-09-11,2023-09-11 13:00:00,192.7,196.85,192.7,196.85,2.15,2199.4,433223.24,1
2023-09-11,2023-09-11 14:00:00,196.85,201.0,196.85,201.0,2.11,2199.4,433223.24,1
2023-09-11,2023-09-11 15:00:00,201.0,204.0,181.0,201.0,0.0,2199.4,433223.24,0
2023-09-12,2023-09-12 11:00:00,202.0,206.0,194.7,200.88,-0.55,1885.0,374551.84,-1
2023-09-12,2023-09-12 12:00:00,200.88,200.88,199.75,199.75,-0.56,1885.0,374551.84,-1
2023-09-12,2023-09-12 13:00:00,199.75,199.75,198.62,198.62,-0.57,1885.0,374551.84,-1
2023-09-12,2023-09-12 14:00:00,198.62,198.62,197.5,197.5,-0.56,1885.0,374551.84,-1
2023-09-12,2023-09-12 15:00:00,197.5,210.0,187.4,197.5,0.0,1885.0,374551.84,0
2023-09-13,2023-09-13 11:00:00,193.6,202.8,191.8,198.2,2.38,1382.0,280610.0,1
2023-09-13,2023-09-13 12:00:00,198.2,202.8,198.2,202.8,2.32,1382.0,280610.0,1
2023-09-13,2023-09-13 13:00:00,202.8,207.4,202.8,207.4,2.27,1382.0,280610.0,1
2023-09-13,2023-09-13 14:00:00,207.4,212.0,207.4,212.0,2.22,1382.0,280610.0,1
2023-09-13,2023-09-13 15:00:00,212.0,212.0,190.0,212.0,0.0,1382.0,280610.0,0
2023-09-17,2023-09-17 11:00:00,207.9,208.95,200.5,204.68,-1.55,3883.8,775640.82,-1
2023-09-17,2023-09-17 12:00:00,204.68,204.68,201.45,201.45,-1.58,3883.8,775640.82,-1
2023-09-17,2023-09-17 13:00:00,201.45,201.45,198.22,198.22,-1.6,3883.8,775640.82,-1
2023-09-17,2023-09-17 14:00:00,198.22,198.22,195.0,195.0,-1.62,3883.8,775640.82,-1
2023-09-17,2023-09-17 15:00:00,195.0,210.0,193.1,195.0,0.0,3883.8,775640.82,0
2023-09-18,2023-09-18 11:00:00,191.1,201.6,189.55,196.32,2.73,1198.0,239772.62,1
2023-09-18,2023-09-18 12:00:00,196.32,201.55,196.32,201.55,2.66,1198.0,239772.62,1
2023-09-18,2023-09-18 13:00:00,201.55,206.78,201.55,206.78,2.59,1198.0,239772.62,1
2023-09-18,2023-09-18 14:00:00,206.78,212.0,206.78,212.0,2.52,1198.0,239772.62,1
2023-09-18,2023-09-18 15:00:00,212.0,212.1,188.0,212.0,0.0,1198.0,239772.62,0
2023-09-19,2023-09-19 11:00:00,211.0,219.75,205.0,214.5,1.66,5073.4,1104134.32,1
2023-09-19,2023-09-19 12:00:00,214.5,218.0,214.5,218.0,1.63,5073.4,1104134.32,1
2023-09-19,2023-09-19 13:00:00,218.0,221.5,218.0,221.5,1.61,5073.4,1104134.32,1
2023-09-19,2023-09-19 14:00:00,221.5,225.0,221.5,225.0,1.58,5073.4,1104134.32,1
2023-09-19,2023-09-19 15:00:00,225.0,228.5,199.0,225.0,0.0,5073.4,1104134.32,0
2023-09-21,2023-09-21 11:00:00,227.0,234.85,226.05,228.0,0.44,7315.0,1724827.48,1
2023-09-21,2023-09-21 12:00:00,228.0,229.0,228.0,229.0,0.44,7315.0,1724827.48,1
2023-09-21,2023-09-21 13:00:00,229.0,230.0,229.0,230.0,0.44,7315.0,1724827.48,1
2023-09-21,2023-09-21 14:00:00,230.0,231.0,230.0,231.0,0.43,7315.0,1724827.48,1
2023-09-21,2023-09-21 15:00:00,231.0,242.7,225.1,231.0,0.0,7315.0,1724827.48,0
2023-09-24,2023-09-24 11:00:00,232.6,232.6,227.05,230.07,-1.09,2865.8,649449.12,-1
2023-09-24,2023-09-24 12:00:00,230.07,230.07,227.55,227.55,-1.1,2865.8,649449.12,-1
2023-09-24,2023-09-24 13:00:00,227.55,227.55,225.03,225.03,-1.11,2865.8,649449.12,-1
2023-09-24,2023-09-24 14:00:00,225.03,225.03,222.5,222.5,-1.12,2865.8,649449.12,-1
2023-09-24,2023-09-24 15:00:00,222.5,232.6,221.5,222.5,0.0,2865.8,649449.12,0
2023-09-25,2023-09-25 11:00:00,223.0,232.35,220.55,225.75,1.23,3653.6,850549.74,1
2023-09-25,2023-09-25 12:00:00,225.75,228.5,225.75,228.5,1.22,3653.6,850549.74,1
2023-09-25,2023-09-25 13:00:00,228.5,231.25,228.5,231.25,1.2,3653.6,850549.74,1
2023-09-25,2023-09-25 14:00:00,231.25,234.0,231.25,234.0,1.19,3653.6,850549.74,1
2023-09-25,2023-09-25 15:00:00,234.0,241.7,218.1,234.0,0.0,3653.6,850549.74,0
2023-09-26,2023-09-26 11:00:00,230.0,237.5,230.0,233.5,1.52,3664.6,878757.18,1
2023-09-26,2023-09-26 12:00:00,233.5,237.0,233.5,237.0,1.5,3664.6,878757.18,1
2023-09-26,2023-09-26 13:00:00,237.0,240.5,237.0,240.5,1.48,3664.6,878757.18,1
2023-09-26,2023-09-26 14:00:00,240.5,244.0,240.5,244.0,1.46,3664.6,878757.18,1
2023-09-26,2023-09-26 15:00:00,244.0,245.0,230.0,244.0,0.0,3664.6,878757.18,0
2023-09-27,2023-09-27 11:00:00,239.8,240.75,235.9,238.7,-0.46,4136.0,973434.68,-1
2023-09-27,2023-09-27 12:00:00,238.7,238.7,237.6,237.6,-0.46,4136.0,973434.68,-1
2023-09-27,2023-09-27 13:00:00,237.6,237.6,236.5,236.5,-0.46,4136.0,973434.68,-1
2023-09-27,2023-09-27 14:00:00,236.5,236.5,235.4,235.4,-0.47,4136.0,973434.68,-1
2023-09-27,2023-09-27 15:00:00,235.4,241.7,232.0,235.4,0.0,4136.0,973434.68,0
2023-10-01,2023-10-01 11:00:00,231.0,233.0,224.85,228.75,-0.97,4339.6,978063.42,-1
2023-10-01,2023-10-01 12:00:00,228.75,228.75,226.5,226.5,-0.98,4339.6,978063.42,-1
2023-10-01,2023-10-01 13:00:00,226.5,226.5,224.25,224.25,-0.99,4339.6,978063.42,-1
2023-10-01,2023-10-01 14:00:00,224.25,224.25,222.0,222.0,-1.0,4339.6,978063.42,-1
2023-10-01,2023-10-01 15:00:00,222.0,235.0,218.7,222.0,0.0,4339.6,978063.42,0
2023-10-02,2023-10-02 11:00:00,217.6,224.55,216.8,219.43,0.84,2825.6,627256.38,1
2023-10-02,2023-10-02 12:00:00,219.43,221.25,219.43,221.25,0.83,2825.6,627256.38,1
2023-10-02,2023-10-02 13:00:00,221.25,223.07,221.25,223.07,0.82,2825.6,627256.38,1
2023-10-02,2023-10-02 14:00:00,223.07,224.9,223.07,224.9,0.82,2825.6,627256.38,1
2023-10-02,2023-10-02 15:00:00,224.9,231.5,216.0,224.9,0.0,2825.6,627256.38,0
2023-10-03,2023-10-03 11:00:00,220.5,221.75,218.25,219.88,-0.28,1030.0,225620.0,-1
2023-10-03,2023-10-03 12:00:00,219.88,219.88,219.25,219.25,-0.29,1030.0,225620.0,-1
2023-10-03,2023-10-03 13:00:00,219.25,219.25,218.62,218.62,-0.29,1030.0,225620.0,-1
2023-10-03,2023-10-03 14:00:00,218.62,218.62,218.0,218.0,-0.28,1030.0,225620.0,-1
2023-10-03,2023-10-03 15:00:00,218.0,223.0,216.0,218.0,0.0,1030.0,225620.0,0
2023-10-04,2023-10-04 11:00:00,216.1,222.8,216.05,217.7,0.74,1374.8,305213.92,1
2023-10-04,2023-10-04 12:00:00,217.7,219.3,217.7,219.3,0.73,1374.8,305213.92,1
2023-10-04,2023-10-04 13:00:00,219.3,220.9,219.3,220.9,0.73,1374.8,305213.92,1
2023-10-04,2023-10-04 14:00:00,220.9,222.5,220.9,222.5,0.72,1374.8,305213.92,1
2023-10-04,2023-10-04 15:00:00,222.5,229.5,216.0,222.5,0.0,1374.8,305213.92,0
2023-10-05,2023-10-05 11:00:00,220.2,224.85,219.95,220.15,-0.02,1267.2,282627.72,-1
2023-10-05,2023-10-05 12:00:00,220.15,220.15,220.1,220.1,-0.02,1267.2,282627.72,-1
2023-10-05,2023-10-05 13:00:00,220.1,220.1,220.05,220.05,-0.02,1267.2,282627.72,-1
2023-10-05,2023-10-05 14:00:00,220.05,220.05,220.0,220.0,-0.02,1267.2,282627.72,-1
2023-10-05,2023-10-05 15:00:00,220.0,229.5,219.7,220.0,0.0,1267.2,282627.72,0
2023-10-08,2023-10-08 11:00:00,216.0,217.0,213.4,215.22,-0.36,2353.4,502630.1,-1
2023-10-08,2023-10-08 12:00:00,215.22,215.22,214.45,214.45,-0.36,2353.4,502630.1,-1
2023-10-08,2023-10-08 13:00:00,214.45,214.45,213.68,213.68,-0.36,2353.4,502630.1,-1
2023-10-08,2023-10-08 14:00:00,213.68,213.68,212.9,212.9,-0.37,2353.4,502630.1,-1
2023-10-08,2023-10-08 15:00:00,212.9,218.0,210.8,212.9,0.0,2353.4,502630.1,0
2023-10-09,2023-10-09 11:00:00,216.0,216.5,211.5,213.78,-1.03,1101.6,231078.74,-1
2023-10-09,2023-10-09 12:00:00,213.78,213.78,211.55,211.55,-1.04,1101.6,231078.74,-1
2023-10-09,2023-10-09 13:00:00,211.55,211.55,209.32,209.32,-1.05,1101.6,231078.74,-1
2023-10-09,2023-10-09 14:00:00,209.32,209.32,207.1,207.1,-1.06,1101.6,231078.74,-1
2023-10-09,2023-10-09 15:00:00,207.1,217.0,207.0,207.1,0.0,1101.6,231078.74,0
2023-10-10,2023-10-10 11:00:00,204.0,208.0,204.0,205.75,0.86,841.0,173778.28,1
2023-10-10,2023-10-10 12:00:00,205.75,207.5,205.75,207.5,0.85,841.0,173778.28,1
2023-10-10,2023-10-10 13:00:00,207.5,209.25,207.5,209.25,0.84,841.0,173778.28,1
2023-10-10,2023-10-10 14:00:00,209.25,211.0,209.25,211.0,0.84,841.0,173778.28,1
2023-10-10,2023-10-10 15:00:00,211.0,212.0,204.0,211.0,0.0,841.0,173778.28,0
2023-10-11,2023-10-11 11:00:00,206.8,212.0,206.4,207.35,0.27,1391.8,292501.28,1
2023-10-11,2023-10-11 12:00:00,207.35,207.9,207.35,207.9,0.27,1391.8,292501.28,1
2023-10-11,2023-10-11 13:00:00,207.9,208.45,207.9,208.45,0.26,1391.8,292501.28,1
2023-10-11,2023-10-11 14:00:00,208.45,209.0,208.45,209.0,0.26,1391.8,292501.28,1
2023-10-11,2023-10-11 15:00:00,209.0,217.2,206.0,209.0,0.0,1391.8,292501.28,0
2023-10-12,2023-10-12 11:00:00,205.1,208.05,205.05,206.07,0.47,1243.8,255884.2,1
2023-10-12,2023-10-12 12:00:00,206.07,207.05,206.07,207.05,0.48,1243.8,255884.2,1
2023-10-12,2023-10-12 13:00:00,207.05,208.03,207.05,208.03,0.47,1243.8,255884.2,1
2023-10-12,2023-10-12 14:00:00,208.03,209.0,208.03,209.0,0.47,1243.8,255884.2,1
2023-10-12,2023-10-12 15:00:00,209.0,211.0,205.0,209.0,0.0,1243.8,255884.2,0
2023-10-16,2023-10-16 11:00:00,204.9,205.2,203.05,204.93,0.01,962.0,195534.44,1
2023-10-16,2023-10-16 12:00:00,204.93,204.95,204.93,204.95,0.01,962.0,195534.44,1
2023-10-16,2023-10-16 13:00:00,204.95,204.97,204.95,204.97,0.01,962.0,195534.44,1
2023-10-16,2023-10-16 14:00:00,204.97,205.0,204.97,205.0,0.01,962.0,195534.44,1
2023-10-16,2023-10-16 15:00:00,205.0,205.5,201.2,205.0,0.0,962.0,195534.44,0
2023-10-17,2023-10-17 11:00:00,203.5,210.25,203.5,204.62,0.55,1083.0,226407.8,1
2023-10-17,2023-10-17 12:00:00,204.62,205.75,204.62,205.75,0.55,1083.0,226407.8,1
2023-10-17,2023-10-17 13:00:00,205.75,206.88,205.75,206.88,0.55,1083.0,226407.8,1
2023-10-17,2023-10-17 14:00:00,206.88,208.0,206.88,208.0,0.54,1083.0,226407.8,1
2023-10-17,2023-10-17 15:00:00,208.0,217.0,203.5,208.0,0.0,1083.0,226407.8,0
2023-10-18,2023-10-18 11:00:00,207.0,210.0,206.55,208.0,0.48,877.8,184967.4,1
2023-10-18,2023-10-18 12:00:00,208.0,209.0,208.0,209.0,0.48,877.8,184967.4,1
2023-10-18,2023-10-18 13:00:00,209.0,210.0,209.0,210.0,0.48,877.8,184967.4,1
2023-10-18,2023-10-18 14:00:00,210.0,211.0,210.0,211.0,0.48,877.8,184967.4,1
2023-10-18,2023-10-18 15:00:00,211.0,213.0,206.1,211.0,0.0,877.8,184967.4,0
2023-10-19,2023-10-19 11:00:00,207.1,209.1,206.45,207.97,0.42,700.4,145616.58,1
2023-10-19,2023-10-19 12:00:00,207.97,208.85,207.97,208.85,0.42,700.4,145616.58,1
2023-10-19,2023-10-19 13:00:00,208.85,209.72,208.85,209.72,0.42,700.4,145616.58,1
2023-10-19,2023-10-19 14:00:00,209.72,210.6,209.72,210.6,0.42,700.4,145616.58,1
2023-10-19,2023-10-19 15:00:00,210.6,211.1,205.8,210.6,0.0,700.4,145616.58,0
2023-10-29,2023-10-29 11:00:00,206.4,206.7,203.2,206.55,0.07,504.0,102183.72,1
2023-10-29,2023-10-29 12:00:00,206.55,206.7,206.55,206.7,0.07,504.0,102183.72,1
2023-10-29,2023-10-29 13:00:00,206.7,206.85,206.7,206.85,0.07,504.0,102183.72,1
2023-10-29,2023-10-29 14:00:00,206.85,207.0,206.85,207.0,0.07,504.0,102183.72,1
2023-10-29,2023-10-29 15:00:00,207.0,207.0,200.0,207.0,0.0,504.0,102183.72,0
2023-10-30,2023-10-30 11:00:00,203.0,204.6,201.55,203.8,0.39,332.2,67257.6,1
2023-10-30,2023-10-30 12:00:00,203.8,204.6,203.8,204.6,0.39,332.2,67257.6,1
2023-10-30,2023-10-30 13:00:00,204.6,205.4,204.6,205.4,0.39,332.2,67257.6,1
2023-10-30,2023-10-30 14:00:00,205.4,206.2,205.4,206.2,0.39,332.2,67257.6,1
2023-10-30,2023-10-30 15:00:00,206.2,206.2,200.1,206.2,0.0,332.2,67257.6,0
2023-10-31,2023-10-31 11:00:00,202.5,203.25,201.25,202.38,-0.06,271.0,54718.0,-1
2023-10-31,2023-10-31 12:00:00,202.38,202.38,202.25,202.25,-0.06,271.0,54718.0,-1
2023-10-31,2023-10-31 13:00:00,202.25,202.25,202.12,202.12,-0.06,271.0,54718.0,-1
2023-10-31,2023-10-31 14:00:00,202.12,202.12,202.0,202.0,-0.06,271.0,54718.0,-1
2023-10-31,2023-10-31 15:00:00,202.0,204.0,200.0,202.0,0.0,271.0,54718.0,0
2023-11-01,2023-11-01 11:00:00,201.1,202.05,198.8,200.8,-0.15,1007.4,200708.18,-1
2023-11-01,2023-11-01 12:00:00,200.8,200.8,200.5,200.5,-0.15,1007.4,200708.18,-1
2023-11-01,2023-11-01 13:00:00,200.5,200.5,200.2,200.2,-0.15,1007.4,200708.18,-1
2023-11-01,2023-11-01 14:00:00,200.2,200.2,199.9,199.9,-0.15,1007.4,200708.18,-1
2023-11-01,2023-11-01 15:00:00,199.9,203.0,196.5,199.9,0.0,1007.4,200708.18,0
2023-11-02,2023-11-02 11:00:00,196.0,199.85,194.7,195.35,-0.33,578.0,113482.0,-1
2023-11-02,2023-11-02 12:00:00,195.35,195.35,194.7,194.7,-0.33,578.0,113482.0,-1
2023-11-02,2023-11-02 13:00:00,194.7,194.7,194.05,194.05,-0.33,578.0,113482.0,-1
2023-11-02,2023-11-02 14:00:00,194.05,194.05,193.4,193.4,-0.33,578.0,113482.0,-1
2023-11-02,2023-11-02 15:00:00,193.4,203.7,193.4,193.4,0.0,578.0,113482.0,0
2023-11-05,2023-11-05 11:00:00,192.2,193.1,190.15,192.4,0.1,926.4,176778.36,1
2023-11-05,2023-11-05 12:00:00,192.4,192.6,192.4,192.6,0.1,926.4,176778.36,1
2023-11-05,2023-11-05 13:00:00,192.6,192.8,192.6,192.8,0.1,926.4,176778.36,1
2023-11-05,2023-11-05 14:00:00,192.8,193.0,192.8,193.0,0.1,926.4,176778.36,1
2023-11-05,2023-11-05 15:00:00,193.0,194.0,188.1,193.0,0.0,926.4,176778.36,0
2023-11-06,2023-11-06 11:00:00,190.0,195.35,190.0,192.12,1.12,728.0,142961.38,1
2023-11-06,2023-11-06 12:00:00,192.12,194.25,192.12,194.25,1.11,728.0,142961.38,1
2023-11-06,2023-11-06 13:00:00,194.25,196.38,194.25,196.38,1.1,728.0,142961.38,1
2023-11-06,2023-11-06 14:00:00,196.38,198.5,196.38,198.5,1.08,728.0,142961.38,1
2023-11-06,2023-11-06 15:00:00,198.5,200.7,190.0,198.5,0.0,728.0,142961.38,0
2023-11-07,2023-11-07 11:00:00,195.0,200.0,195.0,196.72,0.88,814.0,163391.8,1
2023-11-07,2023-11-07 12:00:00,196.72,198.45,196.72,198.45,0.88,814.0,163391.8,1
2023-11-07,2023-11-07 13:00:00,198.45,200.18,198.45,200.18,0.87,814.0,163391.8,1
2023-11-07,2023-11-07 14:00:00,200.18,201.9,200.18,201.9,0.86,814.0,163391.8,1
2023-11-07,2023-11-07 15:00:00,201.9,205.0,195.0,201.9,0.0,814.0,163391.8,0
2023-11-08,2023-11-08 11:00:00,197.9,200.4,195.1,199.15,0.63,712.0,141970.3,1
2023-11-08,2023-11-08 12:00:00,199.15,200.4,199.15,200.4,0.63,712.0,141970.3,1
2023-11-08,2023-11-08 13:00:00,200.4,201.65,200.4,201.65,0.62,712.0,141970.3,1
2023-11-08,2023-11-08 14:00:00,201.65,202.9,201.65,202.9,0.62,712.0,141970.3,1
2023-11-08,2023-11-08 15:00:00,202.9,202.9,192.3,202.9,0.0,712.0,141970.3,0
2023-11-09,2023-11-09 11:00:00,206.0,207.5,200.5,204.0,-0.97,1389.0,274752.8,-1
2023-11-09,2023-11-09 12:00:00,204.0,204.0,202.0,202.0,-0.98,1389.0,274752.8,-1
2023-11-09,2023-11-09 13:00:00,202.0,202.0,200.0,200.0,-0.99,1389.0,274752.8,-1
2023-11-09,2023-11-09 14:00:00,200.0,200.0,198.0,198.0,-1.0,1389.0,274752.8,-1
2023-11-09,2023-11-09 15:00:00,198.0,209.0,195.0,198.0,0.0,1389.0,274752.8,0
2023-11-20,2023-11-20 11:00:00,200.0,200.5,196.6,198.88,-0.56,402.0,78855.4,-1
2023-11-20,2023-11-20 12:00:00,198.88,198.88,197.75,197.75,-0.57,402.0,78855.4,-1
2023-11-20,2023-11-20 13:00:00,197.75,197.75,196.62,196.62,-0.57,402.0,78855.4,-1
2023-11-20,2023-11-20 14:00:00,196.62,196.62,195.5,195.5,-0.57,402.0,78855.4,-1
2023-11-20,2023-11-20 15:00:00,195.5,201.0,193.2,195.5,0.0,402.0,78855.4,0
2023-11-21,2023-11-21 11:00:00,192.0,193.5,188.05,191.97,-0.02,2050.0,387111.44,-1
2023-11-21,2023-11-21 12:00:00,191.97,191.97,191.95,191.95,-0.01,2050.0,387111.44,-1
2023-11-21,2023-11-21 13:00:00,191.95,191.95,191.93,191.93,-0.01,2050.0,387111.44,-1
2023-11-21,2023-11-21 14:00:00,191.93,191.93,191.9,191.9,-0.02,2050.0,387111.44,-1
2023-11-21,2023-11-21 15:00:00,191.9,195.0,184.1,191.9,0.0,2050.0,387111.44,0
2023-11-22,2023-11-22 11:00:00,188.1,194.0,186.55,190.82,1.45,748.0,146131.2,1
2023-11-22,2023-11-22 12:00:00,190.82,193.55,190.82,193.55,1.43,748.0,146131.2,1
2023-11-22,2023-11-22 13:00:00,193.55,196.28,193.55,196.28,1.41,748.0,146131.2,1
2023-11-22,2023-11-22 14:00:00,196.28,199.0,196.28,199.0,1.39,748.0,146131.2,1
2023-11-22,2023-11-22 15:00:00,199.0,199.9,185.0,199.0,0.0,748.0,146131.2,0
2023-11-23,2023-11-23 11:00:00,195.1,201.5,192.65,198.3,1.64,486.2,97314.2,1
2023-11-23,2023-11-23 12:00:00,198.3,201.5,198.3,201.5,1.61,486.2,97314.2,1
2023-11-23,2023-11-23 13:00:00,201.5,204.7,201.5,204.7,1.59,486.2,97314.2,1
2023-11-23,2023-11-23 14:00:00,204.7,207.9,204.7,207.9,1.56,486.2,97314.2,1
2023-11-23,2023-11-23 15:00:00,207.9,207.9,190.2,207.9,0.0,486.2,97314.2,0
2023-11-26,2023-11-26 11:00:00,203.8,212.0,202.15,207.35,1.74,1581.6,336019.1,1
2023-11-26,2023-11-26 12:00:00,207.35,210.9,207.35,210.9,1.71,1581.6,336019.1,1
2023-11-26,2023-11-26 13:00:00,210.9,214.45,210.9,214.45,1.68,1581.6,336019.1,1
2023-11-26,2023-11-26 14:00:00,214.45,218.0,214.45,218.0,1.66,1581.6,336019.1,1
2023-11-26,2023-11-26 15:00:00,218.0,220.2,200.5,218.0,0.0,1581.6,336019.1,0
2023-11-27,2023-11-27 11:00:00,218.0,220.15,215.3,217.3,-0.32,2135.2,464531.3,-1
2023-11-27,2023-11-27 12:00:00,217.3,217.3,216.6,216.6,-0.32,2135.2,464531.3,-1
2023-11-27,2023-11-27 13:00:00,216.6,216.6,215.9,215.9,-0.32,2135.2,464531.3,-1
2023-11-27,2023-11-27 14:00:00,215.9,215.9,215.2,215.2,-0.32,2135.2,464531.3,-1
2023-11-27,2023-11-27 15:00:00,215.2,222.3,212.6,215.2,0.0,2135.2,464531.3,0
2023-11-28,2023-11-28 11:00:00,211.0,215.25,211.0,212.25,0.59,583.6,125326.0,1
2023-11-28,2023-11-28 12:00:00,212.25,213.5,212.25,213.5,0.59,583.6,125326.0,1
2023-11-28,2023-11-28 13:00:00,213.5,214.75,213.5,214.75,0.59,583.6,125326.0,1
2023-11-28,2023-11-28 14:00:00,214.75,216.0,214.75,216.0,0.58,583.6,125326.0,1
2023-11-28,2023-11-28 15:00:00,216.0,219.5,211.0,216.0,0.0,583.6,125326.0,0
2023-11-29,2023-11-29 11:00:00,215.0,217.65,213.25,214.95,-0.02,953.6,204289.7,-1
2023-11-29,2023-11-29 12:00:00,214.95,214.95,214.9,214.9,-0.02,953.6,204289.7,-1
2023-11-29,2023-11-29 13:00:00,214.9,214.9,214.85,214.85,-0.02,953.6,204289.7,-1
2023-11-29,2023-11-29 14:00:00,214.85,214.85,214.8,214.8,-0.02,953.6,204289.7,-1
2023-11-29,2023-11-29 15:00:00,214.8,220.3,211.5,214.8,0.0,953.6,204289.7,0
2023-11-30,2023-11-30 11:00:00,210.8,212.9,206.95,210.58,-0.1,918.0,191368.16,-1
2023-11-30,2023-11-30 12:00:00,210.58,210.58,210.35,210.35,-0.11,918.0,191368.16,-1
2023-11-30,2023-11-30 13:00:00,210.35,210.35,210.12,210.12,-0.11,918.0,191368.16,-1
2023-11-30,2023-11-30 14:00:00,210.12,210.12,209.9,209.9,-0.1,918.0,191368.16,-1
2023-11-30,2023-11-30 15:00:00,209.9,215.0,203.1,209.9,0.0,918.0,191368.16,0
2023-12-03,2023-12-03 11:00:00,206.0,207.95,204.55,206.25,0.12,474.2,97887.98,1
2023-12-03,2023-12-03 12:00:00,206.25,206.5,206.25,206.5,0.12,474.2,97887.98,1
2023-12-03,2023-12-03 13:00:00,206.5,206.75,206.5,206.75,0.12,474.2,97887.98,1
2023-12-03,2023-12-03 14:00:00,206.75,207.0,206.75,207.0,0.12,474.2,97887.98,1
2023-12-03,2023-12-03 15:00:00,207.0,209.9,203.1,207.0,0.0,474.2,97887.98,0
2023-12-04,2023-12-04 11:00:00,203.0,209.45,203.0,205.47,1.22,1197.8,253509.9,1
2023-12-04,2023-12-04 12:00:00,205.47,207.95,205.47,207.95,1.21,1197.8,253509.9,1
2023-12-04,2023-12-04 13:00:00,207.95,210.43,207.95,210.43,1.19,1197.8,253509.9,1
2023-12-04,2023-12-04 14:00:00,210.43,212.9,210.43,212.9,1.17,1197.8,253509.9,1
2023-12-04,2023-12-04 15:00:00,212.9,215.9,203.0,212.9,0.0,1197.8,253509.9,0
2023-12-05,2023-12-05 11:00:00,217.0,217.0,211.5,215.5,-0.69,951.6,199083.56,-1
2023-12-05,2023-12-05 12:00:00,215.5,215.5,214.0,214.0,-0.7,951.6,199083.56,-1
2023-12-05,2023-12-05 13:00:00,214.0,214.0,212.5,212.5,-0.7,951.6,199083.56,-1
2023-12-05,2023-12-05 14:00:00,212.5,212.5,211.0,211.0,-0.71,951.6,199083.56,-1
2023-12-05,2023-12-05 15:00:00,211.0,217.0,206.0,211.0,0.0,951.6,199083.56,0
2023-12-06,2023-12-06 11:00:00,207.0,209.0,205.55,207.25,0.12,647.8,134735.06,1
2023-12-06,2023-12-06 12:00:00,207.25,207.5,207.25,207.5,0.12,647.8,134735.06,1
2023-12-06,2023-12-06 13:00:00,207.5,207.75,207.5,207.75,0.12,647.8,134735.06,1
2023-12-06,2023-12-06 14:00:00,207.75,208.0,207.75,208.0,0.12,647.8,134735.06,1
2023-12-06,2023-12-06 15:00:00,208.0,211.0,204.1,208.0,0.0,647.8,134735.06,0
2023-12-07,2023-12-07 11:00:00,204.0,210.6,204.0,207.28,1.61,1284.2,274423.4,1
2023-12-07,2023-12-07 12:00:00,207.28,210.55,207.28,210.55,1.58,1284.2,274423.4,1
2023-12-07,2023-12-07 13:00:00,210.55,213.82,210.55,213.82,1.55,1284.2,274423.4,1
2023-12-07,2023-12-07 14:00:00,213.82,217.1,213.82,217.1,1.53,1284.2,274423.4,1
2023-12-07,2023-12-07 15:00:00,217.1,217.2,204.0,217.1,0.0,1284.2,274423.4,0
2023-12-10,2023-12-10 11:00:00,221.4,229.75,221.4,225.55,1.87,298.0,70495.48,1
2023-12-10,2023-12-10 12:00:00,225.55,229.7,225.55,229.7,1.84,298.0,70495.48,1
2023-12-10,2023-12-10 13:00:00,229.7,233.85,229.7,233.85,1.81,298.0,70495.48,1
2023-12-10,2023-12-10 14:00:00,233.85,238.0,233.85,238.0,1.77,298.0,70495.48,1
2023-12-10,2023-12-10 15:00:00,238.0,238.1,221.4,238.0,0.0,298.0,70495.48,0
2023-12-11,2023-12-11 11:00:00,242.7,242.7,232.4,240.05,-1.09,3778.4,871590.04,-1
2023-12-11,2023-12-11 12:00:00,240.05,240.05,237.4,237.4,-1.1,3778.4,871590.04,-1
2023-12-11,2023-12-11 13:00:00,237.4,237.4,234.75,234.75,-1.12,3778.4,871590.04,-1
2023-12-11,2023-12-11 14:00:00,234.75,234.75,232.1,232.1,-1.13,3778.4,871590.04,-1
2023-12-11,2023-12-11 15:00:00,232.1,242.7,222.1,232.1,0.0,3778.4,871590.04,0
2023-12-12,2023-12-12 11:00:00,228.1,238.05,226.55,231.07,1.3,4929.2,1191298.9,1
2023-12-12,2023-12-12 12:00:00,231.07,234.05,231.07,234.05,1.29,4929.2,1191298.9,1
2023-12-12,2023-12-12 13:00:00,234.05,237.03,234.05,237.03,1.27,4929.2,1191298.9,1
2023-12-12,2023-12-12 14:00:00,237.03,240.0,237.03,240.0,1.25,4929.2,1191298.9,1
2023-12-12,2023-12-12 15:00:00,240.0,248.0,225.0,240.0,0.0,4929.2,1191298.9,0
2023-12-13,2023-12-13 11:00:00,240.0,250.55,238.5,240.53,0.22,5027.4,1241990.86,1
2023-12-13,2023-12-13 12:00:00,240.53,241.05,240.53,241.05,0.22,5027.4,1241990.86,1
2023-12-13,2023-12-13 13:00:00,241.05,241.57,241.05,241.57,0.22,5027.4,1241990.86,1
2023-12-13,2023-12-13 14:00:00,241.57,242.1,241.57,242.1,0.22,5027.4,1241990.86,1
2023-12-13,2023-12-13 15:00:00,242.1,261.1,237.0,242.1,0.0,5027.4,1241990.86,0
2023-12-14,2023-12-14 11:00:00,245.0,252.35,242.5,248.25,1.33,4837.8,1223010.0,1
2023-12-14,2023-12-14 12:00:00,248.25,251.5,248.25,251.5,1.31,4837.8,1223010.0,1
2023-12-14,2023-12-14 13:00:00,251.5,254.75,251.5,254.75,1.29,4837.8,1223010.0,1
2023-12-14,2023-12-14 14:00:00,254.75,258.0,254.75,258.0,1.28,4837.8,1223010.0,1
2023-12-14,2023-12-14 15:00:00,258.0,259.7,240.0,258.0,0.0,4837.8,1223010.0,0
2023-12-17,2023-12-17 11:00:00,253.0,268.4,250.5,260.7,3.04,9369.8,2604338.08,1
2023-12-17,2023-12-17 12:00:00,260.7,268.4,260.7,268.4,2.95,9369.8,2604338.08,1
2023-12-17,2023-12-17 13:00:00,268.4,276.1,268.4,276.1,2.87,9369.8,2604338.08,1
2023-12-17,2023-12-17 14:00:00,276.1,283.8,276.1,283.8,2.79,9369.8,2604338.08,1
2023-12-17,2023-12-17 15:00:00,283.8,283.8,248.0,283.8,0.0,9369.8,2604338.08,0
2023-12-18,2023-12-18 11:00:00,289.0,296.0,281.7,287.5,-0.52,9959.4,2883219.46,-1
2023-12-18,2023-12-18 12:00:00,287.5,287.5,286.0,286.0,-0.52,9959.4,2883219.46,-1
2023-12-18,2023-12-18 13:00:00,286.0,286.0,284.5,284.5,-0.52,9959.4,2883219.46,-1
2023-12-18,2023-12-18 14:00:00,284.5,284.5,283.0,283.0,-0.53,9959.4,2883219.46,-1
2023-12-18,2023-12-18 15:00:00,283.0,303.0,274.4,283.0,0.0,9959.4,2883219.46,0
2023-12-19,2023-12-19 11:00:00,282.0,293.5,282.0,285.98,1.41,9132.0,2709955.58,1
2023-12-19,2023-12-19 12:00:00,285.98,289.95,285.98,289.95,1.39,9132.0,2709955.58,1
2023-12-19,2023-12-19 13:00:00,289.95,293.92,289.95,293.92,1.37,9132.0,2709955.58,1
2023-12-19,2023-12-19 14:00:00,293.92,297.9,293.92,297.9,1.35,9132.0,2709955.58,1
2023-12-19,2023-12-19 15:00:00,297.9,305.0,282.0,297.9,0.0,9132.0,2709955.58,0
2023-12-20,2023-12-20 11:00:00,302.1,305.55,291.6,299.58,-0.83,10005.0,2960651.36,-1
2023-12-20,2023-12-20 12:00:00,299.58,299.58,297.05,297.05,-0.84,10005.0,2960651.36,-1
2023-12-20,2023-12-20 13:00:00,297.05,297.05,294.52,294.52,-0.85,10005.0,2960651.36,-1
2023-12-20,2023-12-20 14:00:00,294.52,294.52,292.0,292.0,-0.86,10005.0,2960651.36,-1
2023-12-20,2023-12-20 15:00:00,292.0,309.0,281.1,292.0,0.0,10005.0,2960651.36,0
2023-12-21,2023-12-21 11:00:00,292.0,294.9,286.2,289.5,-0.86,4162.2,1189550.28,-1
2023-12-21,2023-12-21 12:00:00,289.5,289.5,287.0,287.0,-0.86,4162.2,1189550.28,-1
2023-12-21,2023-12-21 13:00:00,287.0,287.0,284.5,284.5,-0.87,4162.2,1189550.28,-1
2023-12-21,2023-12-21 14:00:00,284.5,284.5,282.0,282.0,-0.88,4162.2,1189550.28,-1
2023-12-21,2023-12-21 15:00:00,282.0,297.8,280.4,282.0,0.0,4162.2,1189550.28,0
2023-12-24,2023-12-24 11:00:00,278.0,294.0,278.0,278.5,0.18,5207.2,1507471.24,1
2023-12-24,2023-12-24 12:00:00,278.5,279.0,278.5,279.0,0.18,5207.2,1507471.24,1
2023-12-24,2023-12-24 13:00:00,279.0,279.5,279.0,279.5,0.18,5207.2,1507471.24,1
2023-12-24,2023-12-24 14:00:00,279.5,280.0,279.5,280.0,0.18,5207.2,1507471.24,1
2023-12-24,2023-12-24 15:00:00,280.0,310.0,278.0,280.0,0.0,5207.2,1507471.24,0
2023-12-27,2023-12-27 11:00:00,285.6,291.3,280.3,286.48,0.31,7724.0,2245311.8,1
2023-12-27,2023-12-27 12:00:00,286.48,287.35,286.48,287.35,0.3,7724.0,2245311.8,1
2023-12-27,2023-12-27 13:00:00,287.35,288.23,287.35,288.23,0.31,7724.0,2245311.8,1
2023-12-27,2023-12-27 14:00:00,288.23,289.1,288.23,289.1,0.3,7724.0,2245311.8,1
2023-12-27,2023-12-27 15:00:00,289.1,297.0,275.0,289.1,0.0,7724.0,2245311.8,0
2023-12-28,2023-12-28 11:00:00,294.0,296.5,289.0,292.5,-0.51,5191.6,1500262.2,-1
2023-12-28,2023-12-28 12:00:00,292.5,292.5,291.0,291.0,-0.51,5191.6,1500262.2,-1
2023-12-28,2023-12-28 13:00:00,291.0,291.0,289.5,289.5,-0.52,5191.6,1500262.2,-1
2023-12-28,2023-12-28 14:00:00,289.5,289.5,288.0,288.0,-0.52,5191.6,1500262.2,-1
2023-12-28,2023-12-28 15:00:00,288.0,299.0,284.0,288.0,0.0,5191.6,1500262.2,0
2024-01-01,2024-01-01 11:00:00,293.0,298.95,288.6,291.0,-0.68,9164.0,2712496.08,-1
2024-01-01,2024-01-01 12:00:00,291.0,291.0,289.0,289.0,-0.69,9164.0,2712496.08,-1
2024-01-01,2024-01-01 13:00:00,289.0,289.0,287.0,287.0,-0.69,9164.0,2712496.08,-1
2024-01-01,2024-01-01 14:00:00,287.0,287.0,285.0,285.0,-0.7,9164.0,2712496.08,-1
2024-01-01,2024-01-01 15:00:00,285.0,304.9,284.2,285.0,0.0,9164.0,2712496.08,0
2024-01-02,2024-01-02 11:00:00,280.1,290.05,280.1,282.8,0.96,5469.4,1579036.38,1
2024-01-02,2024-01-02 12:00:00,282.8,285.5,282.8,285.5,0.95,5469.4,1579036.38,1
2024-01-02,2024-01-02 13:00:00,285.5,288.2,285.5,288.2,0.95,5469.4,1579036.38,1
2024-01-02,2024-01-02 14:00:00,288.2,290.9,288.2,290.9,0.94,5469.4,1579036.38,1
2024-01-02,2024-01-02 15:00:00,290.9,300.0,280.1,290.9,0.0,5469.4,1579036.38,0
2024-01-03,2024-01-03 11:00:00,286.0,302.95,286.0,294.0,2.8,10031.0,3032268.18,1
2024-01-03,2024-01-03 12:00:00,294.0,302.0,294.0,302.0,2.72,10031.0,3032268.18,1
2024-01-03,2024-01-03 13:00:00,302.0,310.0,302.0,310.0,2.65,10031.0,3032268.18,1
2024-01-03,2024-01-03 14:00:00,310.0,318.0,310.0,318.0,2.58,10031.0,3032268.18,1
2024-01-03,2024-01-03 15:00:00,318.0,319.9,286.0,318.0,0.0,10031.0,3032268.18,0
2024-01-04,2024-01-04 11:00:00,323.8,329.9,319.4,324.7,0.28,14279.2,4665438.66,1
2024-01-04,2024-01-04 12:00:00,324.7,325.6,324.7,325.6,0.28,14279.2,4665438.66,1
2024-01-04,2024-01-04 13:00:00,325.6,326.5,325.6,326.5,0.28,14279.2,4665438.66,1
2024-01-04,2024-01-04 14:00:00,326.5,327.4,326.5,327.4,0.28,14279.2,4665438.66,1
2024-01-04,2024-01-04 15:00:00,327.4,336.0,315.0,327.4,0.0,14279.2,4665438.66,0
2024-01-07,2024-01-07 11:00:00,322.0,327.5,316.5,320.75,-0.39,9761.6,3109663.1,-1
2024-01-07,2024-01-07 12:00:00,320.75,320.75,319.5,319.5,-0.39,9761.6,3109663.1,-1
2024-01-07,2024-01-07 13:00:00,319.5,319.5,318.25,318.25,-0.39,9761.6,3109663.1,-1
2024-01-07,2024-01-07 14:00:00,318.25,318.25,317.0,317.0,-0.39,9761.6,3109663.1,-1
2024-01-07,2024-01-07 15:00:00,317.0,333.0,311.0,317.0,0.0,9761.6,3109663.1,0
2024-01-08,2024-01-08 11:00:00,311.0,325.5,311.0,317.88,2.21,7426.0,2416430.78,1
2024-01-08,2024-01-08 12:00:00,317.88,324.75,317.88,324.75,2.16,7426.0,2416430.78,1
2024-01-08,2024-01-08 13:00:00,324.75,331.62,324.75,331.62,2.12,7426.0,2416430.78,1
2024-01-08,2024-01-08 14:00:00,331.62,338.5,331.62,338.5,2.07,7426.0,2416430.78,1
2024-01-08,2024-01-08 15:00:00,338.5,340.0,311.0,338.5,0.0,7426.0,2416430.78,0
2024-01-09,2024-01-09 11:00:00,345.2,348.6,333.6,340.9,-1.25,8412.6,2792109.7,-1
2024-01-09,2024-01-09 12:00:00,340.9,340.9,336.6,336.6,-1.26,8412.6,2792109.7,-1
2024-01-09,2024-01-09 13:00:00,336.6,336.6,332.3,332.3,-1.28,8412.6,2792109.7,-1
2024-01-09,2024-01-09 14:00:00,332.3,332.3,328.0,328.0,-1.29,8412.6,2792109.7,-1
2024-01-09,2024-01-09 15:00:00,328.0,352.0,322.0,328.0,0.0,8412.6,2792109.7,0
2024-01-10,2024-01-10 11:00:00,333.0,336.05,327.25,334.48,0.44,10290.4,3435394.4,1
2024-01-10,2024-01-10 12:00:00,334.48,335.95,334.48,335.95,0.44,10290.4,3435394.4,1
2024-01-10,2024-01-10 13:00:00,335.95,337.42,335.95,337.42,0.44,10290.4,3435394.4,1
2024-01-10,2024-01-10 14:00:00,337.42,338.9,337.42,338.9,0.44,10290.4,3435394.4,1
2024-01-10,2024-01-10 15:00:00,338.9,339.1,321.5,338.9,0.0,10290.4,3435394.4,0
2024-01-11,2024-01-11 11:00:00,339.0,355.65,339.0,347.32,2.45,8787.8,3118060.96,1
2024-01-11,2024-01-11 12:00:00,347.32,355.65,347.32,355.65,2.4,8787.8,3118060.96,1
2024-01-11,2024-01-11 13:00:00,355.65,363.98,355.65,363.98,2.34,8787.8,3118060.96,1
2024-01-11,2024-01-11 14:00:00,363.98,372.3,363.98,372.3,2.29,8787.8,3118060.96,1
2024-01-11,2024-01-11 15:00:00,372.3,372.3,339.0,372.3,0.0,8787.8,3118060.96,0
2024-01-14,2024-01-14 11:00:00,372.3,380.15,368.6,373.48,0.32,4635.4,1753193.16,1
2024-01-14,2024-01-14 12:00:00,373.48,374.65,373.48,374.65,0.31,4635.4,1753193.16,1
2024-01-14,2024-01-14 13:00:00,374.65,375.82,374.65,375.82,0.31,4635.4,1753193.16,1
2024-01-14,2024-01-14 14:00:00,375.82,377.0,375.82,377.0,0.31,4635.4,1753193.16,1
2024-01-14,2024-01-14 15:00:00,377.0,388.0,364.9,377.0,0.0,4635.4,1753193.16,0
2024-01-16,2024-01-16 11:00:00,384.0,384.5,374.5,382.25,-0.46,3742.2,1404113.16,-1
2024-01-16,2024-01-16 12:00:00,382.25,382.25,380.5,380.5,-0.46,3742.2,1404113.16,-1
2024-01-16,2024-01-16 13:00:00,380.5,380.5,378.75,378.75,-0.46,3742.2,1404113.16,-1
2024-01-16,2024-01-16 14:00:00,378.75,378.75,377.0,377.0,-0.46,3742.2,1404113.16,-1
2024-01-16,2024-01-16 15:00:00,377.0,385.0,365.0,377.0,0.0,3742.2,1404113.16,0
2024-01-17,2024-01-17 11:00:00,370.0,370.0,354.65,362.32,-2.08,19611.0,6876282.76,-1
2024-01-17,2024-01-17 12:00:00,362.32,362.32,354.65,354.65,-2.12,19611.0,6876282.76,-1
2024-01-17,2024-01-17 13:00:00,354.65,354.65,346.98,346.98,-2.16,19611.0,6876282.76,-1
2024-01-17,2024-01-17 14:00:00,346.98,346.98,339.3,339.3,-2.21,19611.0,6876282.76,-1
2024-01-17,2024-01-17 15:00:00,339.3,370.0,339.3,339.3,0.0,19611.0,6876282.76,0
2024-01-18,2024-01-18 11:00:00,340.0,348.0,335.0,340.25,0.07,6893.8,2333451.5,1
2024-01-18,2024-01-18 12:00:00,340.25,340.5,340.25,340.5,0.07,6893.8,2333451.5,1
2024-01-18,2024-01-18 13:00:00,340.5,340.75,340.5,340.75,0.07,6893.8,2333451.5,1
2024-01-18,2024-01-18 14:00:00,340.75,341.0,340.75,341.0,0.07,6893.8,2333451.5,1
2024-01-18,2024-01-18 15:00:00,341.0,356.0,330.0,341.0,0.0,6893.8,2333451.5,0
2024-01-21,2024-01-21 11:00:00,340.0,347.0,335.5,342.2,0.65,5001.0,1685383.68,1
2024-01-21,2024-01-21 12:00:00,342.2,344.4,342.2,344.4,0.64,5001.0,1685383.68,1
2024-01-21,2024-01-21 13:00:00,344.4,346.6,344.4,346.6,0.64,5001.0,1685383.68,1
2024-01-21,2024-01-21 14:00:00,346.6,348.8,346.6,348.8,0.63,5001.0,1685383.68,1
2024-01-21,2024-01-21 15:00:00,348.8,354.0,331.0,348.8,0.0,5001.0,1685383.68,0
2024-01-22,2024-01-22 11:00:00,341.9,343.45,333.45,339.67,-0.65,5305.2,1756383.58,-1
2024-01-22,2024-01-22 12:00:00,339.67,339.67,337.45,337.45,-0.65,5305.2,1756383.58,-1
2024-01-22,2024-01-22 13:00:00,337.45,337.45,335.23,335.23,-0.66,5305.2,1756383.58,-1
2024-01-22,2024-01-22 14:00:00,335.23,335.23,333.0,333.0,-0.67,5305.2,1756383.58,-1
2024-01-22,2024-01-22 15:00:00,333.0,345.0,325.0,333.0,0.0,5305.2,1756383.58,0
2024-01-23,2024-01-23 11:00:00,326.4,332.7,324.8,327.55,0.35,2203.0,721575.54,1
2024-01-23,2024-01-23 12:00:00,327.55,328.7,327.55,328.7,0.35,2203.0,721575.54,1
2024-01-23,2024-01-23 13:00:00,328.7,329.85,328.7,329.85,0.35,2203.0,721575.54,1
2024-01-23,2024-01-23 14:00:00,329.85,331.0,329.85,331.0,0.35,2203.0,721575.54,1
2024-01-23,2024-01-23 15:00:00,331.0,339.0,323.2,331.0,0.0,2203.0,721575.54,0
2024-01-24,2024-01-24 11:00:00,335.0,336.0,326.55,332.18,-0.84,1770.8,572099.16,-1
2024-01-24,2024-01-24 12:00:00,332.18,332.18,329.35,329.35,-0.85,1770.8,572099.16,-1
2024-01-24,2024-01-24 13:00:00,329.35,329.35,326.52,326.52,-0.86,1770.8,572099.16,-1
2024-01-24,2024-01-24 14:00:00,326.52,326.52,323.7,323.7,-0.86,1770.8,572099.16,-1
2024-01-24,2024-01-24 15:00:00,323.7,337.0,318.1,323.7,0.0,1770.8,572099.16,0
2024-01-25,2024-01-25 11:00:00,330.0,333.0,323.75,330.75,0.23,6365.6,2102779.12,1
2024-01-25,2024-01-25 12:00:00,330.75,331.5,330.75,331.5,0.23,6365.6,2102779.12,1
2024-01-25,2024-01-25 13:00:00,331.5,332.25,331.5,332.25,0.23,6365.6,2102779.12,1
2024-01-25,2024-01-25 14:00:00,332.25,333.0,332.25,333.0,0.23,6365.6,2102779.12,1
2024-01-25,2024-01-25 15:00:00,333.0,336.0,317.5,333.0,0.0,6365.6,2102779.12,0
2024-01-28,2024-01-28 11:00:00,333.0,342.5,327.0,334.0,0.3,3150.4,1040875.04,1
2024-01-28,2024-01-28 12:00:00,334.0,335.0,334.0,335.0,0.3,3150.4,1040875.04,1
2024-01-28,2024-01-28 13:00:00,335.0,336.0,335.0,336.0,0.3,3150.4,1040875.04,1
2024-01-28,2024-01-28 14:00:00,336.0,337.0,336.0,337.0,0.3,3150.4,1040875.04,1
2024-01-28,2024-01-28 15:00:00,337.0,352.0,321.0,337.0,0.0,3150.4,1040875.04,0
2024-01-29,2024-01-29 11:00:00,330.3,347.15,330.15,336.73,1.95,16961.4,5898662.02,1
2024-01-29,2024-01-29 12:00:00,336.73,343.15,336.73,343.15,1.91,16961.4,5898662.02,1
2024-01-29,2024-01-29 13:00:00,343.15,349.57,343.15,349.57,1.87,16961.4,5898662.02,1
2024-01-29,2024-01-29 14:00:00,349.57,356.0,349.57,356.0,1.84,16961.4,5898662.02,1
2024-01-29,2024-01-29 15:00:00,356.0,364.0,330.0,356.0,0.0,16961.4,5898662.02,0
2024-01-30,2024-01-30 11:00:00,355.0,363.65,353.5,358.18,0.9,11228.0,4102806.18,1
2024-01-30,2024-01-30 12:00:00,358.18,361.35,358.18,361.35,0.89,11228.0,4102806.18,1
2024-01-30,2024-01-30 13:00:00,361.35,364.52,361.35,364.52,0.88,11228.0,4102806.18,1
2024-01-30,2024-01-30 14:00:00,364.52,367.7,364.52,367.7,0.87,11228.0,4102806.18,1
2024-01-30,2024-01-30 15:00:00,367.7,372.3,352.0,367.7,0.0,11228.0,4102806.18,0
2024-01-31,2024-01-31 11:00:00,370.0,375.0,357.65,366.0,-1.08,8059.0,2955012.8,-1
2024-01-31,2024-01-31 12:00:00,366.0,366.0,362.0,362.0,-1.09,8059.0,2955012.8,-1
2024-01-31,2024-01-31 13:00:00,362.0,362.0,358.0,358.0,-1.1,8059.0,2955012.8,-1
2024-01-31,2024-01-31 14:00:00,358.0,358.0,354.0,354.0,-1.12,8059.0,2955012.8,-1
2024-01-31,2024-01-31 15:00:00,354.0,380.0,345.3,354.0,0.0,8059.0,2955012.8,0
2024-02-01,2024-02-01 11:00:00,353.0,353.0,343.5,349.25,-1.06,12248.6,4142441.86,-1
2024-02-01,2024-02-01 12:00:00,349.25,349.25,345.5,345.5,-1.07,12248.6,4142441.86,-1
2024-02-01,2024-02-01 13:00:00,345.5,345.5,341.75,341.75,-1.09,12248.6,4142441.86,-1
2024-02-01,2024-02-01 14:00:00,341.75,341.75,338.0,338.0,-1.1,12248.6,4142441.86,-1
2024-02-01,2024-02-01 15:00:00,338.0,353.0,334.0,338.0,0.0,12248.6,4142441.86,0
2024-02-04,2024-02-04 11:00:00,331.5,336.25,325.0,332.75,0.38,6941.2,2282051.08,1
2024-02-04,2024-02-04 12:00:00,332.75,334.0,332.75,334.0,0.38,6941.2,2282051.08,1
2024-02-04,2024-02-04 13:00:00,334.0,335.25,334.0,335.25,0.37,6941.2,2282051.08,1
2024-02-04,2024-02-04 14:00:00,335.25,336.5,335.25,336.5,0.37,6941.2,2282051.08,1
2024-02-04,2024-02-04 15:00:00,336.5,341.0,318.5,336.5,0.0,6941.2,2282051.08,0
2024-02-05,2024-02-05 11:00:00,342.0,345.4,336.05,341.4,-0.18,2605.0,882837.7,-1
2024-02-05,2024-02-05 12:00:00,341.4,341.4,340.8,340.8,-0.18,2605.0,882837.7,-1
2024-02-05,2024-02-05 13:00:00,340.8,340.8,340.2,340.2,-0.18,2605.0,882837.7,-1
2024-02-05,2024-02-05 14:00:00,340.2,340.2,339.6,339.6,-0.18,2605.0,882837.7,-1
2024-02-05,2024-02-05 15:00:00,339.6,348.8,330.1,339.6,0.0,2605.0,882837.7,0
2024-02-06,2024-02-06 11:00:00,332.9,337.9,330.45,335.15,0.68,2435.0,823252.4,1
2024-02-06,2024-02-06 12:00:00,335.15,337.4,335.15,337.4,0.67,2435.0,823252.4,1
2024-02-06,2024-02-06 13:00:00,337.4,339.65,337.4,339.65,0.67,2435.0,823252.4,1
2024-02-06,2024-02-06 14:00:00,339.65,341.9,339.65,341.9,0.66,2435.0,823252.4,1
2024-02-06,2024-02-06 15:00:00,341.9,342.9,328.0,341.9,0.0,2435.0,823252.4,0
2024-02-07,2024-02-07 11:00:00,347.0,349.0,341.5,345.3,-0.49,4248.8,1455898.52,-1
2024-02-07,2024-02-07 12:00:00,345.3,345.3,343.6,343.6,-0.49,4248.8,1455898.52,-1
2024-02-07,2024-02-07 13:00:00,343.6,343.6,341.9,341.9,-0.49,4248.8,1455898.52,-1
2024-02-07,2024-02-07 14:00:00,341.9,341.9,340.2,340.2,-0.5,4248.8,1455898.52,-1
2024-02-07,2024-02-07 15:00:00,340.2,351.0,336.0,340.2,0.0,4248.8,1455898.52,0
2024-02-08,2024-02-08 11:00:00,340.7,350.35,340.35,343.75,0.9,7839.2,2757141.4,1
2024-02-08,2024-02-08 12:00:00,343.75,346.8,343.75,346.8,0.89,7839.2,2757141.4,1
2024-02-08,2024-02-08 13:00:00,346.8,349.85,346.8,349.85,0.88,7839.2,2757141.4,1
2024-02-08,2024-02-08 14:00:00,349.85,352.9,349.85,352.9,0.87,7839.2,2757141.4,1
2024-02-08,2024-02-08 15:00:00,352.9,360.0,340.0,352.9,0.0,7839.2,2757141.4,0
2024-02-11,2024-02-11 11:00:00,354.1,361.7,354.1,354.58,0.14,6229.4,2251573.1,1
2024-02-11,2024-02-11 12:00:00,354.58,355.05,354.58,355.05,0.13,6229.4,2251573.1,1
2024-02-11,2024-02-11 13:00:00,355.05,355.52,355.05,355.52,0.13,6229.4,2251573.1,1
2024-02-11,2024-02-11 14:00:00,355.52,356.0,355.52,356.0,0.14,6229.4,2251573.1,1
2024-02-11,2024-02-11 15:00:00,356.0,369.3,354.1,356.0,0.0,6229.4,2251573.1,0
2024-02-12,2024-02-12 11:00:00,363.1,365.65,357.05,364.33,0.34,7769.0,2820640.1,1
2024-02-12,2024-02-12 12:00:00,364.33,365.55,364.33,365.55,0.33,7769.0,2820640.1,1
2024-02-12,2024-02-12 13:00:00,365.55,366.77,365.55,366.77,0.33,7769.0,2820640.1,1
2024-02-12,2024-02-12 14:00:00,366.77,368.0,366.77,368.0,0.34,7769.0,2820640.1,1
2024-02-12,2024-02-12 15:00:00,368.0,368.2,351.0,368.0,0.0,7769.0,2820640.1,0
2024-02-13,2024-02-13 11:00:00,371.0,378.5,361.9,371.12,0.03,18656.6,6990529.32,1
2024-02-13,2024-02-13 12:00:00,371.12,371.25,371.12,371.25,0.04,18656.6,6990529.32,1
2024-02-13,2024-02-13 13:00:00,371.25,371.38,371.25,371.38,0.04,18656.6,6990529.32,1
2024-02-13,2024-02-13 14:00:00,371.38,371.5,371.38,371.5,0.03,18656.6,6990529.32,1
2024-02-13,2024-02-13 15:00:00,371.5,386.0,352.8,371.5,0.0,18656.6,6990529.32,0
2024-02-14,2024-02-14 11:00:00,375.0,381.0,374.0,378.0,0.8,10454.8,3984400.4,1
2024-02-14,2024-02-14 12:00:00,378.0,381.0,378.0,381.0,0.79,10454.8,3984400.4,1
2024-02-14,2024-02-14 13:00:00,381.0,384.0,381.0,384.0,0.79,10454.8,3984400.4,1
2024-02-14,2024-02-14 14:00:00,384.0,387.0,384.0,387.0,0.78,10454.8,3984400.4,1
2024-02-14,2024-02-14 15:00:00,387.0,387.0,373.0,387.0,0.0,10454.8,3984400.4,0
2024-02-15,2024-02-15 11:00:00,390.0,398.5,390.0,393.02,0.77,13951.4,5575790.06,1
2024-02-15,2024-02-15 12:00:00,393.02,396.05,393.02,396.05,0.77,13951.4,5575790.06,1
2024-02-15,2024-02-15 13:00:00,396.05,399.08,396.05,399.08,0.77,13951.4,5575790.06,1
2024-02-15,2024-02-15 14:00:00,399.08,402.1,399.08,402.1,0.76,13951.4,5575790.06,1
2024-02-15,2024-02-15 15:00:00,402.1,407.0,390.0,402.1,0.0,13951.4,5575790.06,0
2024-02-18,2024-02-18 11:00:00,410.0,411.45,399.0,404.5,-1.34,12707.2,5026926.4,-1
2024-02-18,2024-02-18 12:00:00,404.5,404.5,399.0,399.0,-1.36,12707.2,5026926.4,-1
2024-02-18,2024-02-18 13:00:00,399.0,399.0,393.5,393.5,-1.38,12707.2,5026926.4,-1
2024-02-18,2024-02-18 14:00:00,393.5,393.5,388.0,388.0,-1.4,12707.2,5026926.4,-1
2024-02-18,2024-02-18 15:00:00,388.0,412.9,388.0,388.0,0.0,12707.2,5026926.4,0
2024-02-20,2024-02-20 11:00:00,388.0,390.5,384.0,386.5,-0.39,5408.4,2088543.04,-1
2024-02-20,2024-02-20 12:00:00,386.5,386.5,385.0,385.0,-0.39,5408.4,2088543.04,-1
2024-02-20,2024-02-20 13:00:00,385.0,385.0,383.5,383.5,-0.39,5408.4,2088543.04,-1
2024-02-20,2024-02-20 14:00:00,383.5,383.5,382.0,382.0,-0.39,5408.4,2088543.04,-1
2024-02-20,2024-02-20 15:00:00,382.0,393.0,380.0,382.0,0.0,5408.4,2088543.04,0
2024-02-21,2024-02-21 11:00:00,374.5,381.75,373.45,374.62,0.03,4109.8,1552598.12,1
2024-02-21,2024-02-21 12:00:00,374.62,374.75,374.62,374.75,0.03,4109.8,1552598.12,1
2024-02-21,2024-02-21 13:00:00,374.75,374.88,374.75,374.88,0.03,4109.8,1552598.12,1
2024-02-21,2024-02-21 14:00:00,374.88,375.0,374.88,375.0,0.03,4109.8,1552598.12,1
2024-02-21,2024-02-21 15:00:00,375.0,389.0,372.4,375.0,0.0,4109.8,1552598.12,0
2024-02-22,2024-02-22 11:00:00,370.0,376.25,363.1,367.55,-0.66,5926.6,2163105.74,-1
2024-02-22,2024-02-22 12:00:00,367.55,367.55,365.1,365.1,-0.67,5926.6,2163105.74,-1
2024-02-22,2024-02-22 13:00:00,365.1,365.1,362.65,362.65,-0.67,5926.6,2163105.74,-1
2024-02-22,2024-02-22 14:00:00,362.65,362.65,360.2,360.2,-0.68,5926.6,2163105.74,-1
2024-02-22,2024-02-22 15:00:00,360.2,382.5,356.2,360.2,0.0,5926.6,2163105.74,0
2024-02-25,2024-02-25 11:00:00,360.0,360.0,354.0,357.0,-0.83,3584.4,1259676.7,-1
2024-02-25,2024-02-25 12:00:00,357.0,357.0,354.0,354.0,-0.84,3584.4,1259676.7,-1
2024-02-25,2024-02-25 13:00:00,354.0,354.0,351.0,351.0,-0.85,3584.4,1259676.7,-1
2024-02-25,2024-02-25 14:00:00,351.0,351.0,348.0,348.0,-0.85,3584.4,1259676.7,-1
2024-02-25,2024-02-25 15:00:00,348.0,360.0,348.0,348.0,0.0,3584.4,1259676.7,0
2024-02-26,2024-02-26 11:00:00,341.2,350.6,339.2,343.4,0.64,4131.2,1423622.72,1
2024-02-26,2024-02-26 12:00:00,343.4,345.6,343.4,345.6,0.64,4131.2,1423622.72,1
2024-02-26,2024-02-26 13:00:00,345.6,347.8,345.6,347.8,0.64,4131.2,1423622.72,1
2024-02-26,2024-02-26 14:00:00,347.8,350.0,347.8,350.0,0.63,4131.2,1423622.72,1
2024-02-26,2024-02-26 15:00:00,350.0,360.0,337.2,350.0,0.0,4131.2,1423622.72,0
2024-02-27,2024-02-27 11:00:00,355.0,356.4,349.1,354.98,-0.01,1193.2,419204.28,-1
2024-02-27,2024-02-27 12:00:00,354.98,354.98,354.95,354.95,-0.01,1193.2,419204.28,-1
2024-02-27,2024-02-27 13:00:00,354.95,354.95,354.92,354.92,-0.01,1193.2,419204.28,-1
2024-02-27,2024-02-27 14:00:00,354.92,354.92,354.9,354.9,-0.01,1193.2,419204.28,-1
2024-02-27,2024-02-27 15:00:00,354.9,357.8,343.2,354.9,0.0,1193.2,419204.28,0
2024-02-28,2024-02-28 11:00:00,361.0,361.0,351.65,357.75,-0.9,701.0,243881.5,-1
2024-02-28,2024-02-28 12:00:00,357.75,357.75,354.5,354.5,-0.91,701.0,243881.5,-1
2024-02-28,2024-02-28 13:00:00,354.5,354.5,351.25,351.25,-0.92,701.0,243881.5,-1
2024-02-28,2024-02-28 14:00:00,351.25,351.25,348.0,348.0,-0.93,701.0,243881.5,-1
2024-02-28,2024-02-28 15:00:00,348.0,361.0,342.3,348.0,0.0,701.0,243881.5,0
2024-02-29,2024-02-29 11:00:00,343.1,346.55,337.1,341.33,-0.52,1912.0,648129.4,-1
2024-02-29,2024-02-29 12:00:00,341.33,341.33,339.55,339.55,-0.52,1912.0,648129.4,-1
2024-02-29,2024-02-29 13:00:00,339.55,339.55,337.77,337.77,-0.52,1912.0,648129.4,-1
2024-02-29,2024-02-29 14:00:00,337.77,337.77,336.0,336.0,-0.52,1912.0,648129.4,-1
2024-02-29,2024-02-29 15:00:00,336.0,350.0,331.1,336.0,0.0,1912.0,648129.4,0
2024-03-03,2024-03-03 11:00:00,329.3,337.15,328.15,330.48,0.36,1156.2,386149.7,1
2024-03-03,2024-03-03 12:00:00,330.48,331.65,330.48,331.65,0.35,1156.2,386149.7,1
2024-03-03,2024-03-03 13:00:00,331.65,332.82,331.65,332.82,0.35,1156.2,386149.7,1
2024-03-03,2024-03-03 14:00:00,332.82,334.0,332.82,334.0,0.35,1156.2,386149.7,1
2024-03-03,2024-03-03 15:00:00,334.0,345.0,327.0,334.0,0.0,1156.2,386149.7,0
2024-03-04,2024-03-04 11:00:00,334.0,347.65,334.0,340.82,2.04,316.0,113974.2,1
2024-03-04,2024-03-04 12:00:00,340.82,347.65,340.82,347.65,2.0,316.0,113974.2,1
2024-03-04,2024-03-04 13:00:00,347.65,354.48,347.65,354.48,1.96,316.0,113974.2,1
2024-03-04,2024-03-04 14:00:00,354.48,361.3,354.48,361.3,1.92,316.0,113974.2,1
2024-03-04,2024-03-04 15:00:00,361.3,361.3,334.0,361.3,0.0,316.0,113974.2,0
2024-03-05,2024-03-05 11:00:00,368.0,369.0,355.6,362.75,-1.43,4002.0,1417959.94,-1
2024-03-05,2024-03-05 12:00:00,362.75,362.75,357.5,357.5,-1.45,4002.0,1417959.94,-1
2024-03-05,2024-03-05 13:00:00,357.5,357.5,352.25,352.25,-1.47,4002.0,1417959.94,-1
2024-03-05,2024-03-05 14:00:00,352.25,352.25,347.0,347.0,-1.49,4002.0,1417959.94,-1
2024-03-05,2024-03-05 15:00:00,347.0,370.0,343.2,347.0,0.0,4002.0,1417959.94,0
2024-03-06,2024-03-06 11:00:00,342.0,353.25,340.0,346.5,1.32,3886.2,1354659.7,1
2024-03-06,2024-03-06 12:00:00,346.5,351.0,346.5,351.0,1.3,3886.2,1354659.7,1
2024-03-06,2024-03-06 13:00:00,351.0,355.5,351.0,355.5,1.28,3886.2,1354659.7,1
2024-03-06,2024-03-06 14:00:00,355.5,360.0,355.5,360.0,1.27,3886.2,1354659.7,1
2024-03-06,2024-03-06 15:00:00,360.0,364.5,338.0,360.0,0.0,3886.2,1354659.7,0
2024-03-07,2024-03-07 11:00:00,366.0,368.0,361.5,364.5,-0.41,3638.0,1315919.88,-1
2024-03-07,2024-03-07 12:00:00,364.5,364.5,363.0,363.0,-0.41,3638.0,1315919.88,-1
2024-03-07,2024-03-07 13:00:00,363.0,363.0,361.5,361.5,-0.41,3638.0,1315919.88,-1
2024-03-07,2024-03-07 14:00:00,361.5,361.5,360.0,360.0,-0.41,3638.0,1315919.88,-1
2024-03-07,2024-03-07 15:00:00,360.0,370.0,357.0,360.0,0.0,3638.0,1315919.88,0
2024-03-10,2024-03-10 11:00:00,367.0,367.0,360.0,366.18,-0.22,1201.8,432573.2,-1
2024-03-10,2024-03-10 12:00:00,366.18,366.18,365.35,365.35,-0.23,1201.8,432573.2,-1
2024-03-10,2024-03-10 13:00:00,365.35,365.35,364.52,364.52,-0.23,1201.8,432573.2,-1
2024-03-10,2024-03-10 14:00:00,364.52,364.52,363.7,363.7,-0.22,1201.8,432573.2,-1
2024-03-10,2024-03-10 15:00:00,363.7,367.0,353.0,363.7,0.0,1201.8,432573.2,0
2024-03-12,2024-03-12 11:00:00,360.0,361.5,356.8,360.75,0.21,3803.6,1365649.52,1
2024-03-12,2024-03-12 12:00:00,360.75,361.5,360.75,361.5,0.21,3803.6,1365649.52,1
2024-03-12,2024-03-12 13:00:00,361.5,362.25,361.5,362.25,0.21,3803.6,1365649.52,1
2024-03-12,2024-03-12 14:00:00,362.25,363.0,362.25,363.0,0.21,3803.6,1365649.52,1
2024-03-12,2024-03-12 15:00:00,363.0,363.0,353.6,363.0,0.0,3803.6,1365649.52,0
2024-03-13,2024-03-13 11:00:00,370.2,370.2,360.65,366.65,-0.96,1255.8,448318.7,-1
2024-03-13,2024-03-13 12:00:00,366.65,366.65,363.1,363.1,-0.97,1255.8,448318.7,-1
2024-03-13,2024-03-13 13:00:00,363.1,363.1,359.55,359.55,-0.98,1255.8,448318.7,-1
2024-03-13,2024-03-13 14:00:00,359.55,359.55,356.0,356.0,-0.99,1255.8,448318.7,-1
2024-03-13,2024-03-13 15:00:00,356.0,370.2,351.1,356.0,0.0,1255.8,448318.7,0
2024-03-14,2024-03-14 11:00:00,348.9,355.95,348.9,350.4,0.43,1018.6,359640.14,1
2024-03-14,2024-03-14 12:00:00,350.4,351.9,350.4,351.9,0.43,1018.6,359640.14,1
2024-03-14,2024-03-14 13:00:00,351.9,353.4,351.9,353.4,0.43,1018.6,359640.14,1
2024-03-14,2024-03-14 14:00:00,353.4,354.9,353.4,354.9,0.42,1018.6,359640.14,1
2024-03-14,2024-03-14 15:00:00,354.9,363.0,348.9,354.9,0.0,1018.6,359640.14,0
2024-03-17,2024-03-17 11:00:00,347.9,350.95,344.45,346.92,-0.28,2516.0,864699.62,-1
2024-03-17,2024-03-17 12:00:00,346.92,346.92,345.95,345.95,-0.28,2516.0,864699.62,-1
2024-03-17,2024-03-17 13:00:00,345.95,345.95,344.98,344.98,-0.28,2516.0,864699.62,-1
2024-03-17,2024-03-17 14:00:00,344.98,344.98,344.0,344.0,-0.28,2516.0,864699.62,-1
2024-03-17,2024-03-17 15:00:00,344.0,354.0,341.0,344.0,0.0,2516.0,864699.62,0
2024-03-18,2024-03-18 11:00:00,340.0,348.9,340.0,341.38,0.41,1657.6,573553.96,1
2024-03-18,2024-03-18 12:00:00,341.38,342.75,341.38,342.75,0.4,1657.6,573553.96,1
2024-03-18,2024-03-18 13:00:00,342.75,344.12,342.75,344.12,0.4,1657.6,573553.96,1
2024-03-18,2024-03-18 14:00:00,344.12,345.5,344.12,345.5,0.4,1657.6,573553.96,1
2024-03-18,2024-03-18 15:00:00,345.5,357.8,340.0,345.5,0.0,1657.6,573553.96,0
2024-03-19,2024-03-19 11:00:00,344.0,357.1,344.0,347.45,1.0,2744.4,972533.46,1
2024-03-19,2024-03-19 12:00:00,347.45,350.9,347.45,350.9,0.99,2744.4,972533.46,1
2024-03-19,2024-03-19 13:00:00,350.9,354.35,350.9,354.35,0.98,2744.4,972533.46,1
2024-03-19,2024-03-19 14:00:00,354.35,357.8,354.35,357.8,0.97,2744.4,972533.46,1
2024-03-19,2024-03-19 15:00:00,357.8,370.2,344.0,357.8,0.0,2744.4,972533.46,0
2024-03-20,2024-03-20 11:00:00,357.0,357.0,351.6,354.43,-0.72,1294.8,454291.94,-1
2024-03-20,2024-03-20 12:00:00,354.43,354.43,351.85,351.85,-0.73,1294.8,454291.94,-1
2024-03-20,2024-03-20 13:00:00,351.85,351.85,349.27,349.27,-0.73,1294.8,454291.94,-1
2024-03-20,2024-03-20 14:00:00,349.27,349.27,346.7,346.7,-0.74,1294.8,454291.94,-1
2024-03-20,2024-03-20 15:00:00,346.7,357.0,346.2,346.7,0.0,1294.8,454291.94,0
2024-03-21,2024-03-21 11:00:00,340.1,351.0,340.1,342.58,0.73,921.8,320624.72,1
2024-03-21,2024-03-21 12:00:00,342.58,345.05,342.58,345.05,0.72,921.8,320624.72,1
2024-03-21,2024-03-21 13:00:00,345.05,347.52,345.05,347.52,0.72,921.8,320624.72,1
2024-03-21,2024-03-21 14:00:00,347.52,350.0,347.52,350.0,0.71,921.8,320624.72,1
2024-03-21,2024-03-21 15:00:00,350.0,361.9,340.1,350.0,0.0,921.8,320624.72,0
2024-03-25,2024-03-25 11:00:00,343.0,344.8,340.6,343.38,0.11,773.4,264130.7,1
2024-03-25,2024-03-25 12:00:00,343.38,343.75,343.38,343.75,0.11,773.4,264130.7,1
2024-03-25,2024-03-25 13:00:00,343.75,344.12,343.75,344.12,0.11,773.4,264130.7,1
2024-03-25,2024-03-25 14:00:00,344.12,344.5,344.12,344.5,0.11,773.4,264130.7,1
2024-03-25,2024-03-25 15:00:00,344.5,346.6,338.2,344.5,0.0,773.4,264130.7,0
2024-03-26,2024-03-26 11:00:00,344.0,352.25,341.0,345.62,0.47,3160.6,1114320.08,1
2024-03-26,2024-03-26 12:00:00,345.62,347.25,345.62,347.25,0.47,3160.6,1114320.08,1
2024-03-26,2024-03-26 13:00:00,347.25,348.88,347.25,348.88,0.47,3160.6,1114320.08,1
2024-03-26,2024-03-26 14:00:00,348.88,350.5,348.88,350.5,0.46,3160.6,1114320.08,1
2024-03-26,2024-03-26 15:00:00,350.5,360.5,338.0,350.5,0.0,3160.6,1114320.08,0
2024-03-27,2024-03-27 11:00:00,351.0,355.5,350.45,352.0,0.28,1975.6,700961.18,1
2024-03-27,2024-03-27 12:00:00,352.0,353.0,352.0,353.0,0.28,1975.6,700961.18,1
2024-03-27,2024-03-27 13:00:00,353.0,354.0,353.0,354.0,0.28,1975.6,700961.18,1
2024-03-27,2024-03-27 14:00:00,354.0,355.0,354.0,355.0,0.28,1975.6,700961.18,1
2024-03-27,2024-03-27 15:00:00,355.0,360.0,349.9,355.0,0.0,1975.6,700961.18,0
2024-03-28,2024-03-28 11:00:00,350.1,363.2,350.1,354.08,1.14,5884.8,2143391.98,1
2024-03-28,2024-03-28 12:00:00,354.08,358.05,354.08,358.05,1.12,5884.8,2143391.98,1
2024-03-28,2024-03-28 13:00:00,358.05,362.02,358.05,362.02,1.11,5884.8,2143391.98,1
2024-03-28,2024-03-28 14:00:00,362.02,366.0,362.02,366.0,1.1,5884.8,2143391.98,1
2024-03-28,2024-03-28 15:00:00,366.0,376.3,350.1,366.0,0.0,5884.8,2143391.98,0
2024-03-31,2024-03-31 11:00:00,362.3,372.65,362.3,365.95,1.01,10332.2,3905751.1,1
2024-03-31,2024-03-31 12:00:00,365.95,369.6,365.95,369.6,1.0,10332.2,3905751.1,1
2024-03-31,2024-03-31 13:00:00,369.6,373.25,369.6,373.25,0.99,10332.2,3905751.1,1
2024-03-31,2024-03-31 14:00:00,373.25,376.9,373.25,376.9,0.98,10332.2,3905751.1,1
2024-03-31,2024-03-31 15:00:00,376.9,383.0,362.3,376.9,0.0,10332.2,3905751.1,0
2024-04-01,2024-04-01 11:00:00,375.0,384.5,370.55,377.98,0.79,5989.0,2302698.34,1
2024-04-01,2024-04-01 12:00:00,377.98,380.95,377.98,380.95,0.79,5989.0,2302698.34,1
2024-04-01,2024-04-01 13:00:00,380.95,383.92,380.95,383.92,0.78,5989.0,2302698.34,1
2024-04-01,2024-04-01 14:00:00,383.92,386.9,383.92,386.9,0.78,5989.0,2302698.34,1
2024-04-01,2024-04-01 15:00:00,386.9,394.0,366.1,386.9,0.0,5989.0,2302698.34,0
2024-04-02,2024-04-02 11:00:00,386.9,389.95,377.5,383.92,-0.77,1775.6,667042.5,-1
2024-04-02,2024-04-02 12:00:00,383.92,383.92,380.95,380.95,-0.77,1775.6,667042.5,-1
2024-04-02,2024-04-02 13:00:00,380.95,380.95,377.98,377.98,-0.78,1775.6,667042.5,-1
2024-04-02,2024-04-02 14:00:00,377.98,377.98,375.0,375.0,-0.79,1775.6,667042.5,-1
2024-04-02,2024-04-02 15:00:00,375.0,393.0,368.1,375.0,0.0,1775.6,667042.5,0
2024-04-03,2024-04-03 11:00:00,368.0,369.5,364.0,366.5,-0.41,2425.8,880729.9,-1
2024-04-03,2024-04-03 12:00:00,366.5,366.5,365.0,365.0,-0.41,2425.8,880729.9,-1
2024-04-03,2024-04-03 13:00:00,365.0,365.0,363.5,363.5,-0.41,2425.8,880729.9,-1
2024-04-03,2024-04-03 14:00:00,363.5,363.5,362.0,362.0,-0.41,2425.8,880729.9,-1
2024-04-03,2024-04-03 15:00:00,362.0,371.0,360.0,362.0,0.0,2425.8,880729.9,0
2024-04-04,2024-04-04 11:00:00,357.0,362.5,356.5,358.5,0.42,1319.8,476512.6,1
2024-04-04,2024-04-04 12:00:00,358.5,360.0,358.5,360.0,0.42,1319.8,476512.6,1
2024-04-04,2024-04-04 13:00:00,360.0,361.5,360.0,361.5,0.42,1319.8,476512.6,1
2024-04-04,2024-04-04 14:00:00,361.5,363.0,361.5,363.0,0.41,1319.8,476512.6,1
2024-04-04,2024-04-04 15:00:00,363.0,368.0,356.0,363.0,0.0,1319.8,476512.6,0
2024-04-07,2024-04-07 11:00:00,357.0,361.5,355.5,358.98,0.55,2010.2,724873.46,1
2024-04-07,2024-04-07 12:00:00,358.98,360.95,358.98,360.95,0.55,2010.2,724873.46,1
2024-04-07,2024-04-07 13:00:00,360.95,362.92,360.95,362.92,0.55,2010.2,724873.46,1
2024-04-07,2024-04-07 14:00:00,362.92,364.9,362.92,364.9,0.55,2010.2,724873.46,1
2024-04-07,2024-04-07 15:00:00,364.9,366.0,354.0,364.9,0.0,2010.2,724873.46,0
2024-04-09,2024-04-09 11:00:00,370.0,377.0,364.1,367.98,-0.55,2467.2,908104.42,-1
2024-04-09,2024-04-09 12:00:00,367.98,367.98,365.95,365.95,-0.55,2467.2,908104.42,-1
2024-04-09,2024-04-09 13:00:00,365.95,365.95,363.92,363.92,-0.55,2467.2,908104.42,-1
2024-04-09,2024-04-09 14:00:00,363.92,363.92,361.9,361.9,-0.56,2467.2,908104.42,-1
2024-04-09,2024-04-09 15:00:00,361.9,384.0,358.2,361.9,0.0,2467.2,908104.42,0
2024-04-10,2024-04-10 11:00:00,365.0,372.0,365.0,366.5,0.41,3596.6,1328729.3,1
2024-04-10,2024-04-10 12:00:00,366.5,368.0,366.5,368.0,0.41,3596.6,1328729.3,1
2024-04-10,2024-04-10 13:00:00,368.0,369.5,368.0,369.5,0.41,3596.6,1328729.3,1
2024-04-10,2024-04-10 14:00:00,369.5,371.0,369.5,371.0,0.41,3596.6,1328729.3,1
2024-04-10,2024-04-10 15:00:00,371.0,379.0,365.0,371.0,0.0,3596.6,1328729.3,0
2024-04-14,2024-04-14 11:00:00,365.0,371.5,365.0,365.75,0.21,2947.0,1094820.98,1
2024-04-14,2024-04-14 12:00:00,365.75,366.5,365.75,366.5,0.21,2947.0,1094820.98,1
2024-04-14,2024-04-14 13:00:00,366.5,367.25,366.5,367.25,0.2,2947.0,1094820.98,1
2024-04-14,2024-04-14 14:00:00,367.25,368.0,367.25,368.0,0.2,2947.0,1094820.98,1
2024-04-14,2024-04-14 15:00:00,368.0,378.0,365.0,368.0,0.0,2947.0,1094820.98,0
2024-04-15,2024-04-15 11:00:00,363.6,372.5,363.6,365.7,0.58,8984.6,3384978.38,1
2024-04-15,2024-04-15 12:00:00,365.7,367.8,365.7,367.8,0.57,8984.6,3384978.38,1
2024-04-15,2024-04-15 13:00:00,367.8,369.9,367.8,369.9,0.57,8984.6,3384978.38,1
2024-04-15,2024-04-15 14:00:00,369.9,372.0,369.9,372.0,0.57,8984.6,3384978.38,1
2024-04-15,2024-04-15 15:00:00,372.0,381.4,363.6,372.0,0.0,8984.6,3384978.38,0
2024-04-16,2024-04-16 11:00:00,370.0,376.0,367.5,368.75,-0.34,2109.6,783473.2,-1
2024-04-16,2024-04-16 12:00:00,368.75,368.75,367.5,367.5,-0.34,2109.6,783473.2,-1
2024-04-16,2024-04-16 13:00:00,367.5,367.5,366.25,366.25,-0.34,2109.6,783473.2,-1
2024-04-16,2024-04-16 14:00:00,366.25,366.25,365.0,365.0,-0.34,2109.6,783473.2,-1
2024-04-16,2024-04-16 15:00:00,365.0,382.0,365.0,365.0,0.0,2109.6,783473.2,0
2024-04-18,2024-04-18 11:00:00,361.0,365.5,361.0,362.25,0.35,2608.4,953557.26,1
2024-04-18,2024-04-18 12:00:00,362.25,363.5,362.25,363.5,0.35,2608.4,953557.26,1
2024-04-18,2024-04-18 13:00:00,363.5,364.75,363.5,364.75,0.34,2608.4,953557.26,1
2024-04-18,2024-04-18 14:00:00,364.75,366.0,364.75,366.0,0.34,2608.4,953557.26,1
2024-04-18,2024-04-18 15:00:00,366.0,370.0,361.0,366.0,0.0,2608.4,953557.26,0
2024-04-21,2024-04-21 11:00:00,366.0,370.0,363.5,367.73,0.47,2451.6,904580.62,1
2024-04-21,2024-04-21 12:00:00,367.73,369.45,367.73,369.45,0.47,2451.6,904580.62,1
2024-04-21,2024-04-21 13:00:00,369.45,371.17,369.45,371.17,0.47,2451.6,904580.62,1
2024-04-21,2024-04-21 14:00:00,371.17,372.9,371.17,372.9,0.47,2451.6,904580.62,1
2024-04-21,2024-04-21 15:00:00,372.9,374.0,361.0,372.9,0.0,2451.6,904580.62,0
2024-04-22,2024-04-22 11:00:00,379.9,379.9,371.45,376.17,-0.98,3747.2,1389222.04,-1
2024-04-22,2024-04-22 12:00:00,376.17,376.17,372.45,372.45,-0.99,3747.2,1389222.04,-1
2024-04-22,2024-04-22 13:00:00,372.45,372.45,368.73,368.73,-1.0,3747.2,1389222.04,-1
2024-04-22,2024-04-22 14:00:00,368.73,368.73,365.0,365.0,-1.01,3747.2,1389222.04,-1
2024-04-22,2024-04-22 15:00:00,365.0,379.9,363.0,365.0,0.0,3747.2,1389222.04,0
2024-04-24,2024-04-24 11:00:00,358.1,365.05,358.1,361.53,0.96,885.2,324986.88,1
2024-04-24,2024-04-24 12:00:00,361.53,364.95,361.53,364.95,0.95,885.2,324986.88,1
2024-04-24,2024-04-24 13:00:00,364.95,368.38,364.95,368.38,0.94,885.2,324986.88,1
2024-04-24,2024-04-24 14:00:00,368.38,371.8,368.38,371.8,0.93,885.2,324986.88,1
2024-04-24,2024-04-24 15:00:00,371.8,372.0,358.1,371.8,0.0,885.2,324986.88,0
2024-04-25,2024-04-25 11:00:00,365.0,370.95,364.0,365.25,0.07,1273.0,466001.6,1
2024-04-25,2024-04-25 12:00:00,365.25,365.5,365.25,365.5,0.07,1273.0,466001.6,1
2024-04-25,2024-04-25 13:00:00,365.5,365.75,365.5,365.75,0.07,1273.0,466001.6,1
2024-04-25,2024-04-25 14:00:00,365.75,366.0,365.75,366.0,0.07,1273.0,466001.6,1
2024-04-25,2024-04-25 15:00:00,366.0,376.9,363.0,366.0,0.0,1273.0,466001.6,0
2024-04-28,2024-04-28 11:00:00,359.1,363.05,359.1,360.08,0.27,2085.2,755103.62,1
2024-04-28,2024-04-28 12:00:00,360.08,361.05,360.08,361.05,0.27,2085.2,755103.62,1
2024-04-28,2024-04-28 13:00:00,361.05,362.02,361.05,362.02,0.27,2085.2,755103.62,1
2024-04-28,2024-04-28 14:00:00,362.02,363.0,362.02,363.0,0.27,2085.2,755103.62,1
2024-04-28,2024-04-28 15:00:00,363.0,367.0,359.1,363.0,0.0,2085.2,755103.62,0
2024-04-29,2024-04-29 11:00:00,370.2,372.6,365.75,368.65,-0.42,1691.8,616283.96,-1
2024-04-29,2024-04-29 12:00:00,368.65,368.65,367.1,367.1,-0.42,1691.8,616283.96,-1
2024-04-29,2024-04-29 13:00:00,367.1,367.1,365.55,365.55,-0.42,1691.8,616283.96,-1
2024-04-29,2024-04-29 14:00:00,365.55,365.55,364.0,364.0,-0.42,1691.8,616283.96,-1
2024-04-29,2024-04-29 15:00:00,364.0,375.0,361.3,364.0,0.0,1691.8,616283.96,0
2024-04-30,2024-04-30 11:00:00,363.0,372.5,362.5,365.5,0.69,3663.8,1363934.82,1
2024-04-30,2024-04-30 12:00:00,365.5,368.0,365.5,368.0,0.68,3663.8,1363934.82,1
2024-04-30,2024-04-30 13:00:00,368.0,370.5,368.0,370.5,0.68,3663.8,1363934.82,1
2024-04-30,2024-04-30 14:00:00,370.5,373.0,370.5,373.0,0.67,3663.8,1363934.82,1
2024-04-30,2024-04-30 15:00:00,373.0,382.0,362.0,373.0,0.0,3663.8,1363934.82,0
2024-05-02,2024-05-02 11:00:00,373.0,376.25,370.25,372.5,-0.13,1979.8,736714.1,-1
2024-05-02,2024-05-02 12:00:00,372.5,372.5,372.0,372.0,-0.13,1979.8,736714.1,-1
2024-05-02,2024-05-02 13:00:00,372.0,372.0,371.5,371.5,-0.13,1979.8,736714.1,-1
2024-05-02,2024-05-02 14:00:00,371.5,371.5,371.0,371.0,-0.13,1979.8,736714.1,-1
2024-05-02,2024-05-02 15:00:00,371.0,379.5,367.5,371.0,0.0,1979.8,736714.1,0
2024-05-05,2024-05-05 11:00:00,365.1,368.0,362.55,364.08,-0.28,1898.6,695856.1,-1
2024-05-05,2024-05-05 12:00:00,364.08,364.08,363.05,363.05,-0.28,1898.6,695856.1,-1
2024-05-05,2024-05-05 13:00:00,363.05,363.05,362.02,362.02,-0.28,1898.6,695856.1,-1
2024-05-05,2024-05-05 14:00:00,362.02,362.02,361.0,361.0,-0.28,1898.6,695856.1,-1
2024-05-05,2024-05-05 15:00:00,361.0,370.9,360.0,361.0,0.0,1898.6,695856.1,0
2024-05-06,2024-05-06 11:00:00,358.0,362.0,347.6,359.02,0.28,3040.0,1094876.36,1
2024-05-06,2024-05-06 12:00:00,359.02,360.05,359.02,360.05,0.29,3040.0,1094876.36,1
2024-05-06,2024-05-06 13:00:00,360.05,361.08,360.05,361.08,0.29,3040.0,1094876.36,1
2024-05-06,2024-05-06 14:00:00,361.08,362.1,361.08,362.1,0.28,3040.0,1094876.36,1
2024-05-06,2024-05-06 15:00:00,362.1,366.0,337.2,362.1,0.0,3040.0,1094876.36,0
2024-05-07,2024-05-07 11:00:00,356.0,362.5,356.0,357.25,0.35,958.0,343977.38,1
2024-05-07,2024-05-07 12:00:00,357.25,358.5,357.25,358.5,0.35,958.0,343977.38,1
2024-05-07,2024-05-07 13:00:00,358.5,359.75,358.5,359.75,0.35,958.0,343977.38,1
2024-05-07,2024-05-07 14:00:00,359.75,361.0,359.75,361.0,0.35,958.0,343977.38,1
2024-05-07,2024-05-07 15:00:00,361.0,369.0,356.0,361.0,0.0,958.0,343977.38,0
2024-05-08,2024-05-08 11:00:00,355.0,360.0,355.0,356.75,0.49,1302.6,466066.8,1
2024-05-08,2024-05-08 12:00:00,356.75,358.5,356.75,358.5,0.49,1302.6,466066.8,1
2024-05-08,2024-05-08 13:00:00,358.5,360.25,358.5,360.25,0.49,1302.6,466066.8,1
2024-05-08,2024-05-08 14:00:00,360.25,362.0,360.25,362.0,0.49,1302.6,466066.8,1
2024-05-08,2024-05-08 15:00:00,362.0,365.0,355.0,362.0,0.0,1302.6,466066.8,0
2024-05-09,2024-05-09 11:00:00,355.1,361.05,355.1,356.7,0.45,1192.8,428500.38,1
2024-05-09,2024-05-09 12:00:00,356.7,358.3,356.7,358.3,0.45,1192.8,428500.38,1
2024-05-09,2024-05-09 13:00:00,358.3,359.9,358.3,359.9,0.45,1192.8,428500.38,1
2024-05-09,2024-05-09 14:00:00,359.9,361.5,359.9,361.5,0.44,1192.8,428500.38,1
2024-05-09,2024-05-09 15:00:00,361.5,367.0,355.1,361.5,0.0,1192.8,428500.38,0
2024-05-12,2024-05-12 11:00:00,365.0,365.0,361.5,364.5,-0.14,780.2,282062.38,-1
2024-05-12,2024-05-12 12:00:00,364.5,364.5,364.0,364.0,-0.14,780.2,282062.38,-1
2024-05-12,2024-05-12 13:00:00,364.0,364.0,363.5,363.5,-0.14,780.2,282062.38,-1
2024-05-12,2024-05-12 14:00:00,363.5,363.5,363.0,363.0,-0.14,780.2,282062.38,-1
2024-05-12,2024-05-12 15:00:00,363.0,365.0,358.0,363.0,0.0,780.2,282062.38,0
2024-05-13,2024-05-13 11:00:00,360.0,362.5,359.65,361.25,0.35,1127.6,406947.2,1
2024-05-13,2024-05-13 12:00:00,361.25,362.5,361.25,362.5,0.35,1127.6,406947.2,1
2024-05-13,2024-05-13 13:00:00,362.5,363.75,362.5,363.75,0.34,1127.6,406947.2,1
2024-05-13,2024-05-13 14:00:00,363.75,365.0,363.75,365.0,0.34,1127.6,406947.2,1
2024-05-13,2024-05-13 15:00:00,365.0,365.0,359.3,365.0,0.0,1127.6,406947.2,0
2024-05-14,2024-05-14 11:00:00,360.0,369.95,360.0,363.52,0.98,3114.0,1161082.6,1
2024-05-14,2024-05-14 12:00:00,363.52,367.05,363.52,367.05,0.97,3114.0,1161082.6,1
2024-05-14,2024-05-14 13:00:00,367.05,370.58,367.05,370.58,0.96,3114.0,1161082.6,1
2024-05-14,2024-05-14 14:00:00,370.58,374.1,370.58,374.1,0.95,3114.0,1161082.6,1
2024-05-14,2024-05-14 15:00:00,374.1,379.9,360.0,374.1,0.0,3114.0,1161082.6,0
2024-05-15,2024-05-15 11:00:00,381.0,381.25,372.05,377.0,-1.05,2002.2,743820.68,-1
2024-05-15,2024-05-15 12:00:00,377.0,377.0,373.0,373.0,-1.06,2002.2,743820.68,-1
2024-05-15,2024-05-15 13:00:00,373.0,373.0,369.0,369.0,-1.07,2002.2,743820.68,-1
2024-05-15,2024-05-15 14:00:00,369.0,369.0,365.0,365.0,-1.08,2002.2,743820.68,-1
2024-05-15,2024-05-15 15:00:00,365.0,381.5,363.1,365.0,0.0,2002.2,743820.68,0
2024-05-16,2024-05-16 11:00:00,360.0,364.0,360.0,361.0,0.28,1138.0,413176.0,1
2024-05-16,2024-05-16 12:00:00,361.0,362.0,361.0,362.0,0.28,1138.0,413176.0,1
2024-05-16,2024-05-16 13:00:00,362.0,363.0,362.0,363.0,0.28,1138.0,413176.0,1
2024-05-16,2024-05-16 14:00:00,363.0,364.0,363.0,364.0,0.28,1138.0,413176.0,1
2024-05-16,2024-05-16 15:00:00,364.0,368.0,360.0,364.0,0.0,1138.0,413176.0,0
2024-05-19,2024-05-19 11:00:00,358.0,364.15,358.0,359.5,0.42,2503.6,912259.76,1
2024-05-19,2024-05-19 12:00:00,359.5,361.0,359.5,361.0,0.42,2503.6,912259.76,1
2024-05-19,2024-05-19 13:00:00,361.0,362.5,361.0,362.5,0.42,2503.6,912259.76,1
2024-05-19,2024-05-19 14:00:00,362.5,364.0,362.5,364.0,0.41,2503.6,912259.76,1
2024-05-19,2024-05-19 15:00:00,364.0,370.3,358.0,364.0,0.0,2503.6,912259.76,0
2024-05-20,2024-05-20 11:00:00,361.4,368.2,361.4,363.05,0.46,1784.8,660517.46,1
2024-05-20,2024-05-20 12:00:00,363.05,364.7,363.05,364.7,0.45,1784.8,660517.46,1
2024-05-20,2024-05-20 13:00:00,364.7,366.35,364.7,366.35,0.45,1784.8,660517.46,1
2024-05-20,2024-05-20 14:00:00,366.35,368.0,366.35,368.0,0.45,1784.8,660517.46,1
2024-05-20,2024-05-20 15:00:00,368.0,375.0,361.4,368.0,0.0,1784.8,660517.46,0
2024-05-21,2024-05-21 11:00:00,375.0,381.5,371.6,377.75,0.73,7451.4,2845475.16,1
2024-05-21,2024-05-21 12:00:00,377.75,380.5,377.75,380.5,0.73,7451.4,2845475.16,1
2024-05-21,2024-05-21 13:00:00,380.5,383.25,380.5,383.25,0.72,7451.4,2845475.16,1
2024-05-21,2024-05-21 14:00:00,383.25,386.0,383.25,386.0,0.72,7451.4,2845475.16,1
2024-05-21,2024-05-21 15:00:00,386.0,388.0,368.2,386.0,0.0,7451.4,2845475.16,0
2024-05-22,2024-05-22 11:00:00,386.0,388.95,381.05,383.75,-0.58,4321.2,1661097.9,-1
2024-05-22,2024-05-22 12:00:00,383.75,383.75,381.5,381.5,-0.59,4321.2,1661097.9,-1
2024-05-22,2024-05-22 13:00:00,381.5,381.5,379.25,379.25,-0.59,4321.2,1661097.9,-1
2024-05-22,2024-05-22 14:00:00,379.25,379.25,377.0,377.0,-0.59,4321.2,1661097.9,-1
2024-05-22,2024-05-22 15:00:00,377.0,391.9,376.1,377.0,0.0,4321.2,1661097.9,0
2024-05-26,2024-05-26 11:00:00,377.0,380.5,374.0,375.75,-0.33,2399.6,897943.32,-1
2024-05-26,2024-05-26 12:00:00,375.75,375.75,374.5,374.5,-0.33,2399.6,897943.32,-1
2024-05-26,2024-05-26 13:00:00,374.5,374.5,373.25,373.25,-0.33,2399.6,897943.32,-1
2024-05-26,2024-05-26 14:00:00,373.25,373.25,372.0,372.0,-0.33,2399.6,897943.32,-1
2024-05-26,2024-05-26 15:00:00,372.0,384.0,371.0,372.0,0.0,2399.6,897943.32,0
2024-05-27,2024-05-27 11:00:00,368.0,372.5,368.0,369.88,0.51,2044.6,763318.58,1
2024-05-27,2024-05-27 12:00:00,369.88,371.75,369.88,371.75,0.51,2044.6,763318.58,1
2024-05-27,2024-05-27 13:00:00,371.75,373.62,371.75,373.62,0.5,2044.6,763318.58,1
2024-05-27,2024-05-27 14:00:00,373.62,375.5,373.62,375.5,0.5,2044.6,763318.58,1
2024-05-27,2024-05-27 15:00:00,375.5,377.0,368.0,375.5,0.0,2044.6,763318.58,0
2024-05-29,2024-05-29 11:00:00,383.0,384.75,378.0,382.0,-0.26,3207.4,1224137.5,-1
2024-05-29,2024-05-29 12:00:00,382.0,382.0,381.0,381.0,-0.26,3207.4,1224137.5,-1
2024-05-29,2024-05-29 13:00:00,381.0,381.0,380.0,380.0,-0.26,3207.4,1224137.5,-1
2024-05-29,2024-05-29 14:00:00,380.0,380.0,379.0,379.0,-0.26,3207.4,1224137.5,-1
2024-05-29,2024-05-29 15:00:00,379.0,386.5,373.0,379.0,0.0,3207.4,1224137.5,0
2024-05-30,2024-05-30 11:00:00,374.0,388.0,373.55,379.0,1.34,13354.8,5281771.16,1
2024-05-30,2024-05-30 12:00:00,379.0,384.0,379.0,384.0,1.32,13354.8,5281771.16,1
2024-05-30,2024-05-30 13:00:00,384.0,389.0,384.0,389.0,1.3,13354.8,5281771.16,1
2024-05-30,2024-05-30 14:00:00,389.0,394.0,389.0,394.0,1.29,13354.8,5281771.16,1
2024-05-30,2024-05-30 15:00:00,394.0,402.0,373.1,394.0,0.0,13354.8,5281771.16,0
2024-06-02,2024-06-02 11:00:00,398.0,408.5,398.0,401.75,0.94,11430.6,4700107.74,1
2024-06-02,2024-06-02 12:00:00,401.75,405.5,401.75,405.5,0.93,11430.6,4700107.74,1
2024-06-02,2024-06-02 13:00:00,405.5,409.25,405.5,409.25,0.92,11430.6,4700107.74,1
2024-06-02,2024-06-02 14:00:00,409.25,413.0,409.25,413.0,0.92,11430.6,4700107.74,1
2024-06-02,2024-06-02 15:00:00,413.0,419.0,398.0,413.0,0.0,11430.6,4700107.74,0
2024-06-03,2024-06-03 11:00:00,415.0,416.5,406.95,411.25,-0.9,7951.4,3225064.48,-1
2024-06-03,2024-06-03 12:00:00,411.25,411.25,407.5,407.5,-0.91,7951.4,3225064.48,-1
2024-06-03,2024-06-03 13:00:00,407.5,407.5,403.75,403.75,-0.92,7951.4,3225064.48,-1
2024-06-03,2024-06-03 14:00:00,403.75,403.75,400.0,400.0,-0.93,7951.4,3225064.48,-1
2024-06-03,2024-06-03 15:00:00,400.0,418.0,398.9,400.0,0.0,7951.4,3225064.48,0
2024-06-04,2024-06-04 11:00:00,392.0,402.0,390.0,393.5,0.38,5159.2,2046972.88,1
2024-06-04,2024-06-04 12:00:00,393.5,395.0,393.5,395.0,0.38,5159.2,2046972.88,1
2024-06-04,2024-06-04 13:00:00,395.0,396.5,395.0,396.5,0.38,5159.2,2046972.88,1
2024-06-04,2024-06-04 14:00:00,396.5,398.0,396.5,398.0,0.38,5159.2,2046972.88,1
2024-06-04,2024-06-04 15:00:00,398.0,412.0,388.0,398.0,0.0,5159.2,2046972.88,0
2024-06-05,2024-06-05 11:00:00,390.1,397.05,385.05,389.08,-0.26,6073.2,2353185.18,-1
2024-06-05,2024-06-05 12:00:00,389.08,389.08,388.05,388.05,-0.26,6073.2,2353185.18,-1
2024-06-05,2024-06-05 13:00:00,388.05,388.05,387.02,387.02,-0.27,6073.2,2353185.18,-1
2024-06-05,2024-06-05 14:00:00,387.02,387.02,386.0,386.0,-0.26,6073.2,2353185.18,-1
2024-06-05,2024-06-05 15:00:00,386.0,404.0,380.0,386.0,0.0,6073.2,2353185.18,0
2024-06-06,2024-06-06 11:00:00,378.3,397.15,378.3,382.98,1.24,5481.2,2208844.3,1
2024-06-06,2024-06-06 12:00:00,382.98,387.65,382.98,387.65,1.22,5481.2,2208844.3,1
2024-06-06,2024-06-06 13:00:00,387.65,392.32,387.65,392.32,1.2,5481.2,2208844.3,1
2024-06-06,2024-06-06 14:00:00,392.32,397.0,392.32,397.0,1.19,5481.2,2208844.3,1
2024-06-06,2024-06-06 15:00:00,397.0,416.0,378.3,397.0,0.0,5481.2,2208844.3,0
2024-06-09,2024-06-09 11:00:00,398.0,414.0,398.0,403.75,1.44,15240.0,6363399.18,1
2024-06-09,2024-06-09 12:00:00,403.75,409.5,403.75,409.5,1.42,15240.0,6363399.18,1
2024-06-09,2024-06-09 13:00:00,409.5,415.25,409.5,415.25,1.4,15240.0,6363399.18,1
2024-06-09,2024-06-09 14:00:00,415.25,421.0,415.25,421.0,1.38,15240.0,6363399.18,1
2024-06-09,2024-06-09 15:00:00,421.0,430.0,398.0,421.0,0.0,15240.0,6363399.18,0
2024-06-10,2024-06-10 11:00:00,421.0,429.8,419.55,423.0,0.48,10245.6,4423738.1,1
2024-06-10,2024-06-10 12:00:00,423.0,425.0,423.0,425.0,0.47,10245.6,4423738.1,1
2024-06-10,2024-06-10 13:00:00,425.0,427.0,425.0,427.0,0.47,10245.6,4423738.1,1
2024-06-10,2024-06-10 14:00:00,427.0,429.0,427.0,429.0,0.47,10245.6,4423738.1,1
2024-06-10,2024-06-10 15:00:00,429.0,438.6,418.1,429.0,0.0,10245.6,4423738.1,0
2024-06-11,2024-06-11 11:00:00,431.0,434.0,424.0,429.4,-0.37,8227.4,3506827.42,-1
2024-06-11,2024-06-11 12:00:00,429.4,429.4,427.8,427.8,-0.37,8227.4,3506827.42,-1
2024-06-11,2024-06-11 13:00:00,427.8,427.8,426.2,426.2,-0.37,8227.4,3506827.42,-1
2024-06-11,2024-06-11 14:00:00,426.2,426.2,424.6,424.6,-0.38,8227.4,3506827.42,-1
2024-06-11,2024-06-11 15:00:00,424.6,437.0,417.0,424.6,0.0,8227.4,3506827.42,0
2024-06-12,2024-06-12 11:00:00,420.0,424.0,414.5,417.73,-0.54,7146.2,2977278.36,-1
2024-06-12,2024-06-12 12:00:00,417.73,417.73,415.45,415.45,-0.55,7146.2,2977278.36,-1
2024-06-12,2024-06-12 13:00:00,415.45,415.45,413.17,413.17,-0.55,7146.2,2977278.36,-1
2024-06-12,2024-06-12 14:00:00,413.17,413.17,410.9,410.9,-0.55,7146.2,2977278.36,-1
2024-06-12,2024-06-12 15:00:00,410.9,428.0,409.0,410.9,0.0,7146.2,2977278.36,0
2024-06-13,2024-06-13 11:00:00,406.0,416.0,406.0,408.5,0.62,5156.4,2137381.1,1
2024-06-13,2024-06-13 12:00:00,408.5,411.0,408.5,411.0,0.61,5156.4,2137381.1,1
2024-06-13,2024-06-13 13:00:00,411.0,413.5,411.0,413.5,0.61,5156.4,2137381.1,1
2024-06-13,2024-06-13 14:00:00,413.5,416.0,413.5,416.0,0.6,5156.4,2137381.1,1
2024-06-13,2024-06-13 15:00:00,416.0,426.0,406.0,416.0,0.0,5156.4,2137381.1,0
2024-06-16,2024-06-16 11:00:00,424.3,424.3,417.2,421.23,-0.72,4494.8,1877821.68,-1
2024-06-16,2024-06-16 12:00:00,421.23,421.23,418.15,418.15,-0.73,4494.8,1877821.68,-1
2024-06-16,2024-06-16 13:00:00,418.15,418.15,415.07,415.07,-0.74,4494.8,1877821.68,-1
2024-06-16,2024-06-16 14:00:00,415.07,415.07,412.0,412.0,-0.74,4494.8,1877821.68,-1
2024-06-16,2024-06-16 15:00:00,412.0,424.3,410.1,412.0,0.0,4494.8,1877821.68,0
2024-06-18,2024-06-18 11:00:00,417.0,417.0,409.5,413.5,-0.84,4775.8,1942611.38,-1
2024-06-18,2024-06-18 12:00:00,413.5,413.5,410.0,410.0,-0.85,4775.8,1942611.38,-1
2024-06-18,2024-06-18 13:00:00,410.0,410.0,406.5,406.5,-0.85,4775.8,1942611.38,-1
2024-06-18,2024-06-18 14:00:00,406.5,406.5,403.0,403.0,-0.86,4775.8,1942611.38,-1
2024-06-18,2024-06-18 15:00:00,403.0,417.0,402.0,403.0,0.0,4775.8,1942611.38,0
2024-06-19,2024-06-19 11:00:00,403.0,407.0,402.5,403.75,0.19,2837.6,1150638.0,1
2024-06-19,2024-06-19 12:00:00,403.75,404.5,403.75,404.5,0.19,2837.6,1150638.0,1
2024-06-19,2024-06-19 13:00:00,404.5,405.25,404.5,405.25,0.19,2837.6,1150638.0,1
2024-06-19,2024-06-19 14:00:00,405.25,406.0,405.25,406.0,0.19,2837.6,1150638.0,1
2024-06-19,2024-06-19 15:00:00,406.0,411.0,402.0,406.0,0.0,2837.6,1150638.0,0
2024-06-20,2024-06-20 11:00:00,404.0,407.95,402.5,403.5,-0.12,2909.6,1177843.0,-1
2024-06-20,2024-06-20 12:00:00,403.5,403.5,403.0,403.0,-0.12,2909.6,1177843.0,-1
2024-06-20,2024-06-20 13:00:00,403.0,403.0,402.5,402.5,-0.12,2909.6,1177843.0,-1
2024-06-20,2024-06-20 14:00:00,402.5,402.5,402.0,402.0,-0.12,2909.6,1177843.0,-1
2024-06-20,2024-06-20 15:00:00,402.0,411.9,401.0,402.0,0.0,2909.6,1177843.0,0
2024-06-23,2024-06-23 11:00:00,397.0,402.5,396.0,398.0,0.25,3349.2,1342323.22,1
2024-06-23,2024-06-23 12:00:00,398.0,399.0,398.0,399.0,0.25,3349.2,1342323.22,1
2024-06-23,2024-06-23 13:00:00,399.0,400.0,399.0,400.0,0.25,3349.2,1342323.22,1
2024-06-23,2024-06-23 14:00:00,400.0,401.0,400.0,401.0,0.25,3349.2,1342323.22,1
2024-06-23,2024-06-23 15:00:00,401.0,408.0,395.0,401.0,0.0,3349.2,1342323.22,0
2024-06-24,2024-06-24 11:00:00,397.4,408.05,397.4,401.8,1.11,5186.8,2132621.18,1
2024-06-24,2024-06-24 12:00:00,401.8,406.2,401.8,406.2,1.1,5186.8,2132621.18,1
2024-06-24,2024-06-24 13:00:00,406.2,410.6,406.2,410.6,1.08,5186.8,2132621.18,1
2024-06-24,2024-06-24 14:00:00,410.6,415.0,410.6,415.0,1.07,5186.8,2132621.18,1
2024-06-24,2024-06-24 15:00:00,415.0,418.7,397.4,415.0,0.0,5186.8,2132621.18,0
2024-06-25,2024-06-25 11:00:00,423.3,432.65,418.4,427.95,1.1,10298.8,4454588.84,1
2024-06-25,2024-06-25 12:00:00,427.95,432.6,427.95,432.6,1.09,10298.8,4454588.84,1
2024-06-25,2024-06-25 13:00:00,432.6,437.25,432.6,437.25,1.07,10298.8,4454588.84,1
2024-06-25,2024-06-25 14:00:00,437.25,441.9,437.25,441.9,1.06,10298.8,4454588.84,1
2024-06-25,2024-06-25 15:00:00,441.9,442.0,413.5,441.9,0.0,10298.8,4454588.84,0
2024-06-26,2024-06-26 11:00:00,450.0,450.35,439.0,445.5,-1.0,7426.8,3231600.26,-1
2024-06-26,2024-06-26 12:00:00,445.5,445.5,441.0,441.0,-1.01,7426.8,3231600.26,-1
2024-06-26,2024-06-26 13:00:00,441.0,441.0,436.5,436.5,-1.02,7426.8,3231600.26,-1
2024-06-26,2024-06-26 14:00:00,436.5,436.5,432.0,432.0,-1.03,7426.8,3231600.26,-1
2024-06-26,2024-06-26 15:00:00,432.0,450.7,428.0,432.0,0.0,7426.8,3231600.26,0
2024-06-27,2024-06-27 11:00:00,432.0,432.0,426.55,430.45,-0.36,4959.2,2106137.68,-1
2024-06-27,2024-06-27 12:00:00,430.45,430.45,428.9,428.9,-0.36,4959.2,2106137.68,-1
2024-06-27,2024-06-27 13:00:00,428.9,428.9,427.35,427.35,-0.36,4959.2,2106137.68,-1
2024-06-27,2024-06-27 14:00:00,427.35,427.35,425.8,425.8,-0.36,4959.2,2106137.68,-1
2024-06-27,2024-06-27 15:00:00,425.8,432.0,421.1,425.8,0.0,4959.2,2106137.68,0
2024-06-30,2024-06-30 11:00:00,426.0,429.0,420.5,425.48,-0.12,4280.6,1797191.1,-1
2024-06-30,2024-06-30 12:00:00,425.48,425.48,424.95,424.95,-0.12,4280.6,1797191.1,-1
2024-06-30,2024-06-30 13:00:00,424.95,424.95,424.42,424.42,-0.12,4280.6,1797191.1,-1
2024-06-30,2024-06-30 14:00:00,424.42,424.42,423.9,423.9,-0.12,4280.6,1797191.1,-1
2024-06-30,2024-06-30 15:00:00,423.9,432.0,415.0,423.9,0.0,4280.6,1797191.1,0
2024-07-01,2024-07-01 11:00:00,418.1,423.05,418.1,420.58,0.59,2979.4,1263706.04,1
2024-07-01,2024-07-01 12:00:00,420.58,423.05,420.58,423.05,0.59,2979.4,1263706.04,1
2024-07-01,2024-07-01 13:00:00,423.05,425.52,423.05,425.52,0.58,2979.4,1263706.04,1
2024-07-01,2024-07-01 14:00:00,425.52,428.0,425.52,428.0,0.58,2979.4,1263706.04,1
2024-07-01,2024-07-01 15:00:00,428.0,428.0,418.1,428.0,0.0,2979.4,1263706.04,0
2024-07-02,2024-07-02 11:00:00,436.5,449.75,429.75,435.38,-0.26,7321.4,3183319.94,-1
2024-07-02,2024-07-02 12:00:00,435.38,435.38,434.25,434.25,-0.26,7321.4,3183319.94,-1
2024-07-02,2024-07-02 13:00:00,434.25,434.25,433.12,433.12,-0.26,7321.4,3183319.94,-1
2024-07-02,2024-07-02 14:00:00,433.12,433.12,432.0,432.0,-0.26,7321.4,3183319.94,-1
2024-07-02,2024-07-02 15:00:00,432.0,463.0,423.0,432.0,0.0,7321.4,3183319.94,0
2024-07-03,2024-07-03 11:00:00,427.0,432.45,426.1,428.25,0.29,3296.8,1418012.74,1
2024-07-03,2024-07-03 12:00:00,428.25,429.5,428.25,429.5,0.29,3296.8,1418012.74,1
2024-07-03,2024-07-03 13:00:00,429.5,430.75,429.5,430.75,0.29,3296.8,1418012.74,1
2024-07-03,2024-07-03 14:00:00,430.75,432.0,430.75,432.0,0.29,3296.8,1418012.74,1
2024-07-03,2024-07-03 15:00:00,432.0,437.9,425.2,432.0,0.0,3296.8,1418012.74,0
2024-07-04,2024-07-04 11:00:00,432.0,436.0,429.5,431.75,-0.06,5216.2,2250354.6,-1
2024-07-04,2024-07-04 12:00:00,431.75,431.75,431.5,431.5,-0.06,5216.2,2250354.6,-1
2024-07-04,2024-07-04 13:00:00,431.5,431.5,431.25,431.25,-0.06,5216.2,2250354.6,-1
2024-07-04,2024-07-04 14:00:00,431.25,431.25,431.0,431.0,-0.06,5216.2,2250354.6,-1
2024-07-04,2024-07-04 15:00:00,431.0,440.0,427.0,431.0,0.0,5216.2,2250354.6,0
2024-07-07,2024-07-07 11:00:00,426.0,429.5,425.55,426.0,0.0,3593.4,1542292.84,0
2024-07-07,2024-07-07 12:00:00,426.0,426.0,426.0,426.0,0.0,3593.4,1542292.84,0
2024-07-07,2024-07-07 13:00:00,426.0,426.0,426.0,426.0,0.0,3593.4,1542292.84,0
2024-07-07,2024-07-07 14:00:00,426.0,426.0,426.0,426.0,0.0,3593.4,1542292.84,0
2024-07-07,2024-07-07 15:00:00,426.0,433.0,425.1,426.0,0.0,3593.4,1542292.84,0
2024-07-08,2024-07-08 11:00:00,432.0,432.0,426.05,429.2,-0.65,2805.4,1184131.48,-1
2024-07-08,2024-07-08 12:00:00,429.2,429.2,426.4,426.4,-0.65,2805.4,1184131.48,-1
2024-07-08,2024-07-08 13:00:00,426.4,426.4,423.6,423.6,-0.66,2805.4,1184131.48,-1
2024-07-08,2024-07-08 14:00:00,423.6,423.6,420.8,420.8,-0.66,2805.4,1184131.48,-1
2024-07-08,2024-07-08 15:00:00,420.8,432.0,420.1,420.8,0.0,2805.4,1184131.48,0
2024-07-09,2024-07-09 11:00:00,422.0,425.6,421.0,423.0,0.24,2728.0,1158429.8,1
2024-07-09,2024-07-09 12:00:00,423.0,424.0,423.0,424.0,0.24,2728.0,1158429.8,1
2024-07-09,2024-07-09 13:00:00,424.0,425.0,424.0,425.0,0.24,2728.0,1158429.8,1
2024-07-09,2024-07-09 14:00:00,425.0,426.0,425.0,426.0,0.24,2728.0,1158429.8,1
2024-07-09,2024-07-09 15:00:00,426.0,429.2,420.0,426.0,0.0,2728.0,1158429.8,0
2024-07-10,2024-07-10 11:00:00,420.0,427.0,418.8,422.25,0.54,2046.6,873107.5,1
2024-07-10,2024-07-10 12:00:00,422.25,424.5,422.25,424.5,0.53,2046.6,873107.5,1
2024-07-10,2024-07-10 13:00:00,424.5,426.75,424.5,426.75,0.53,2046.6,873107.5,1
2024-07-10,2024-07-10 14:00:00,426.75,429.0,426.75,429.0,0.53,2046.6,873107.5,1
2024-07-10,2024-07-10 15:00:00,429.0,434.0,417.6,429.0,0.0,2046.6,873107.5,0
2024-07-11,2024-07-11 11:00:00,436.0,437.75,432.5,436.0,0.0,4350.2,1882147.98,0
2024-07-11,2024-07-11 12:00:00,436.0,436.0,436.0,436.0,0.0,4350.2,1882147.98,0
2024-07-11,2024-07-11 13:00:00,436.0,436.0,436.0,436.0,0.0,4350.2,1882147.98,0
2024-07-11,2024-07-11 14:00:00,436.0,436.0,436.0,436.0,0.0,4350.2,1882147.98,0
2024-07-11,2024-07-11 15:00:00,436.0,439.5,429.0,436.0,0.0,4350.2,1882147.98,0
2024-07-14,2024-07-14 11:00:00,444.7,449.1,437.35,443.52,-0.27,3530.4,1544869.08,-1
2024-07-14,2024-07-14 12:00:00,443.52,443.52,442.35,442.35,-0.26,3530.4,1544869.08,-1
2024-07-14,2024-07-14 13:00:00,442.35,442.35,441.18,441.18,-0.26,3530.4,1544869.08,-1
2024-07-14,2024-07-14 14:00:00,441.18,441.18,440.0,440.0,-0.27,3530.4,1544869.08,-1
2024-07-14,2024-07-14 15:00:00,440.0,453.5,430.0,440.0,0.0,3530.4,1544869.08,0
2024-07-15,2024-07-15 11:00:00,448.8,448.8,440.15,447.6,-0.27,5850.2,2592692.56,-1
2024-07-15,2024-07-15 12:00:00,447.6,447.6,446.4,446.4,-0.27,5850.2,2592692.56,-1
2024-07-15,2024-07-15 13:00:00,446.4,446.4,445.2,445.2,-0.27,5850.2,2592692.56,-1
2024-07-15,2024-07-15 14:00:00,445.2,445.2,444.0,444.0,-0.27,5850.2,2592692.56,-1
2024-07-15,2024-07-15 15:00:00,444.0,448.8,431.5,444.0,0.0,5850.2,2592692.56,0
2024-07-16,2024-07-16 11:00:00,448.0,460.5,444.0,452.98,1.11,9503.6,4356732.62,1
2024-07-16,2024-07-16 12:00:00,452.98,457.95,452.98,457.95,1.1,9503.6,4356732.62,1
2024-07-16,2024-07-16 13:00:00,457.95,462.92,457.95,462.92,1.09,9503.6,4356732.62,1
2024-07-16,2024-07-16 14:00:00,462.92,467.9,462.92,467.9,1.08,9503.6,4356732.62,1
2024-07-16,2024-07-16 15:00:00,467.9,473.0,440.0,467.9,0.0,9503.6,4356732.62,0
2024-07-17,2024-07-17 11:00:00,470.0,480.8,466.55,472.38,0.51,12639.2,6021137.44,1
2024-07-17,2024-07-17 12:00:00,472.38,474.75,472.38,474.75,0.5,12639.2,6021137.44,1
2024-07-17,2024-07-17 13:00:00,474.75,477.12,474.75,477.12,0.5,12639.2,6021137.44,1
2024-07-17,2024-07-17 14:00:00,477.12,479.5,477.12,479.5,0.5,12639.2,6021137.44,1
2024-07-17,2024-07-17 15:00:00,479.5,491.6,463.1,479.5,0.0,12639.2,6021137.44,0
2024-07-18,2024-07-18 11:00:00,489.0,489.5,478.0,485.0,-0.82,7732.8,3684627.66,-1
2024-07-18,2024-07-18 12:00:00,485.0,485.0,481.0,481.0,-0.82,7732.8,3684627.66,-1
2024-07-18,2024-07-18 13:00:00,481.0,481.0,477.0,477.0,-0.83,7732.8,3684627.66,-1
2024-07-18,2024-07-18 14:00:00,477.0,477.0,473.0,473.0,-0.84,7732.8,3684627.66,-1
2024-07-18,2024-07-18 15:00:00,473.0,490.0,467.0,473.0,0.0,7732.8,3684627.66,0
2024-07-21,2024-07-21 11:00:00,465.0,470.0,462.5,465.25,0.05,6102.6,2835200.88,1
2024-07-21,2024-07-21 12:00:00,465.25,465.5,465.25,465.5,0.05,6102.6,2835200.88,1
2024-07-21,2024-07-21 13:00:00,465.5,465.75,465.5,465.75,0.05,6102.6,2835200.88,1
2024-07-21,2024-07-21 14:00:00,465.75,466.0,465.75,466.0,0.05,6102.6,2835200.88,1
2024-07-21,2024-07-21 15:00:00,466.0,475.0,460.0,466.0,0.0,6102.6,2835200.88,0
2024-07-22,2024-07-22 11:00:00,470.0,472.5,463.35,469.0,-0.21,8545.0,3960757.52,-1
2024-07-22,2024-07-22 12:00:00,469.0,469.0,468.0,468.0,-0.21,8545.0,3960757.52,-1
2024-07-22,2024-07-22 13:00:00,468.0,468.0,467.0,467.0,-0.21,8545.0,3960757.52,-1
2024-07-22,2024-07-22 14:00:00,467.0,467.0,466.0,466.0,-0.21,8545.0,3960757.52,-1
2024-07-22,2024-07-22 15:00:00,466.0,475.0,456.7,466.0,0.0,8545.0,3960757.52,0
2024-07-23,2024-07-23 11:00:00,466.0,473.0,465.5,468.5,0.54,7401.4,3526279.34,1
2024-07-23,2024-07-23 12:00:00,468.5,471.0,468.5,471.0,0.53,7401.4,3526279.34,1
2024-07-23,2024-07-23 13:00:00,471.0,473.5,471.0,473.5,0.53,7401.4,3526279.34,1
2024-07-23,2024-07-23 14:00:00,473.5,476.0,473.5,476.0,0.53,7401.4,3526279.34,1
2024-07-23,2024-07-23 15:00:00,476.0,480.0,465.0,476.0,0.0,7401.4,3526279.34,0
2024-07-24,2024-07-24 11:00:00,470.0,477.5,461.0,470.25,0.05,8881.8,4171364.42,1
2024-07-24,2024-07-24 12:00:00,470.25,470.5,470.25,470.5,0.05,8881.8,4171364.42,1
2024-07-24,2024-07-24 13:00:00,470.5,470.75,470.5,470.75,0.05,8881.8,4171364.42,1
2024-07-24,2024-07-24 14:00:00,470.75,471.0,470.75,471.0,0.05,8881.8,4171364.42,1
2024-07-24,2024-07-24 15:00:00,471.0,485.0,452.0,471.0,0.0,8881.8,4171364.42,0
2024-07-25,2024-07-25 11:00:00,474.0,483.0,469.0,478.48,0.95,13183.6,6312279.42,1
2024-07-25,2024-07-25 12:00:00,478.48,482.95,478.48,482.95,0.93,13183.6,6312279.42,1
2024-07-25,2024-07-25 13:00:00,482.95,487.42,482.95,487.42,0.93,13183.6,6312279.42,1
2024-07-25,2024-07-25 14:00:00,487.42,491.9,487.42,491.9,0.92,13183.6,6312279.42,1
2024-07-25,2024-07-25 15:00:00,491.9,492.0,464.0,491.9,0.0,13183.6,6312279.42,0
2024-07-28,2024-07-28 11:00:00,491.0,497.5,482.5,488.75,-0.46,8399.6,4087937.46,-1
2024-07-28,2024-07-28 12:00:00,488.75,488.75,486.5,486.5,-0.46,8399.6,4087937.46,-1
2024-07-28,2024-07-28 13:00:00,486.5,486.5,484.25,484.25,-0.46,8399.6,4087937.46,-1
2024-07-28,2024-07-28 14:00:00,484.25,484.25,482.0,482.0,-0.46,8399.6,4087937.46,-1
2024-07-28,2024-07-28 15:00:00,482.0,504.0,474.0,482.0,0.0,8399.6,4087937.46,0
2024-07-29,2024-07-29 11:00:00,480.0,488.5,476.0,481.0,0.21,8384.4,4075702.96,1
2024-07-29,2024-07-29 12:00:00,481.0,482.0,481.0,482.0,0.21,8384.4,4075702.96,1
2024-07-29,2024-07-29 13:00:00,482.0,483.0,482.0,483.0,0.21,8384.4,4075702.96,1
2024-07-29,2024-07-29 14:00:00,483.0,484.0,483.0,484.0,0.21,8384.4,4075702.96,1
2024-07-29,2024-07-29 15:00:00,484.0,497.0,472.0,484.0,0.0,8384.4,4075702.96,0
2024-07-30,2024-07-30 11:00:00,484.0,489.0,480.0,484.98,0.2,6651.4,3219794.98,1
2024-07-30,2024-07-30 12:00:00,484.98,485.95,484.98,485.95,0.2,6651.4,3219794.98,1
2024-07-30,2024-07-30 13:00:00,485.95,486.92,485.95,486.92,0.2,6651.4,3219794.98,1
2024-07-30,2024-07-30 14:00:00,486.92,487.9,486.92,487.9,0.2,6651.4,3219794.98,1
2024-07-30,2024-07-30 15:00:00,487.9,494.0,476.0,487.9,0.0,6651.4,3219794.98,0
2024-07-31,2024-07-31 11:00:00,497.6,505.3,487.9,496.48,-0.23,7819.4,3874691.54,-1
2024-07-31,2024-07-31 12:00:00,496.48,496.48,495.35,495.35,-0.23,7819.4,3874691.54,-1
2024-07-31,2024-07-31 13:00:00,495.35,495.35,494.23,494.23,-0.23,7819.4,3874691.54,-1
2024-07-31,2024-07-31 14:00:00,494.23,494.23,493.1,493.1,-0.23,7819.4,3874691.54,-1
2024-07-31,2024-07-31 15:00:00,493.1,513.0,478.2,493.1,0.0,7819.4,3874691.54,0
2024-08-01,2024-08-01 11:00:00,495.0,497.45,487.65,492.25,-0.56,5892.4,2887635.5,-1
2024-08-01,2024-08-01 12:00:00,492.25,492.25,489.5,489.5,-0.56,5892.4,2887635.5,-1
2024-08-01,2024-08-01 13:00:00,489.5,489.5,486.75,486.75,-0.56,5892.4,2887635.5,-1
2024-08-01,2024-08-01 14:00:00,486.75,486.75,484.0,484.0,-0.56,5892.4,2887635.5,-1
2024-08-01,2024-08-01 15:00:00,484.0,499.9,480.3,484.0,0.0,5892.4,2887635.5,0
2024-08-05,2024-08-05 11:00:00,485.0,496.95,475.5,489.0,0.82,7851.6,3893593.22,1
2024-08-05,2024-08-05 12:00:00,489.0,493.0,489.0,493.0,0.82,7851.6,3893593.22,1
2024-08-05,2024-08-05 13:00:00,493.0,497.0,493.0,497.0,0.81,7851.6,3893593.22,1
2024-08-05,2024-08-05 14:00:00,497.0,501.0,497.0,501.0,0.8,7851.6,3893593.22,1
2024-08-05,2024-08-05 15:00:00,501.0,508.9,466.0,501.0,0.0,7851.6,3893593.22,0
2024-08-06,2024-08-06 11:00:00,510.0,510.0,482.5,500.75,-1.81,5824.0,2830961.2,-1
2024-08-06,2024-08-06 12:00:00,500.75,500.75,491.5,491.5,-1.85,5824.0,2830961.2,-1
2024-08-06,2024-08-06 13:00:00,491.5,491.5,482.25,482.25,-1.88,5824.0,2830961.2,-1
2024-08-06,2024-08-06 14:00:00,482.25,482.25,473.0,473.0,-1.92,5824.0,2830961.2,-1
2024-08-06,2024-08-06 15:00:00,473.0,510.0,455.0,473.0,0.0,5824.0,2830961.2,0
2024-08-07,2024-08-07 11:00:00,463.6,486.4,463.6,469.95,1.37,6272.0,3026427.8,1
2024-08-07,2024-08-07 12:00:00,469.95,476.3,469.95,476.3,1.35,6272.0,3026427.8,1
2024-08-07,2024-08-07 13:00:00,476.3,482.65,476.3,482.65,1.33,6272.0,3026427.8,1
2024-08-07,2024-08-07 14:00:00,482.65,489.0,482.65,489.0,1.32,6272.0,3026427.8,1
2024-08-07,2024-08-07 15:00:00,489.0,509.2,463.6,489.0,0.0,6272.0,3026427.8,0
2024-08-08,2024-08-08 11:00:00,482.0,492.4,482.0,484.0,0.41,6442.2,3165594.02,1
2024-08-08,2024-08-08 12:00:00,484.0,486.0,484.0,486.0,0.41,6442.2,3165594.02,1
2024-08-08,2024-08-08 13:00:00,486.0,488.0,486.0,488.0,0.41,6442.2,3165594.02,1
2024-08-08,2024-08-08 14:00:00,488.0,490.0,488.0,490.0,0.41,6442.2,3165594.02,1
2024-08-08,2024-08-08 15:00:00,490.0,502.8,482.0,490.0,0.0,6442.2,3165594.02,0
2024-08-11,2024-08-11 11:00:00,499.0,509.5,494.5,501.75,0.55,9952.0,5003352.4,1
2024-08-11,2024-08-11 12:00:00,501.75,504.5,501.75,504.5,0.55,9952.0,5003352.4,1
2024-08-11,2024-08-11 13:00:00,504.5,507.25,504.5,507.25,0.55,9952.0,5003352.4,1
2024-08-11,2024-08-11 14:00:00,507.25,510.0,507.25,510.0,0.54,9952.0,5003352.4,1
2024-08-11,2024-08-11 15:00:00,510.0,520.0,490.0,510.0,0.0,9952.0,5003352.4,0
2024-08-12,2024-08-12 11:00:00,510.0,522.0,508.0,513.25,0.64,7446.0,3890174.88,1
2024-08-12,2024-08-12 12:00:00,513.25,516.5,513.25,516.5,0.63,7446.0,3890174.88,1
2024-08-12,2024-08-12 13:00:00,516.5,519.75,516.5,519.75,0.63,7446.0,3890174.88,1
2024-08-12,2024-08-12 14:00:00,519.75,523.0,519.75,523.0,0.63,7446.0,3890174.88,1
2024-08-12,2024-08-12 15:00:00,523.0,534.0,506.0,523.0,0.0,7446.0,3890174.88,0
2024-08-13,2024-08-13 11:00:00,520.0,535.4,515.55,524.5,0.87,9082.4,4827489.64,1
2024-08-13,2024-08-13 12:00:00,524.5,529.0,524.5,529.0,0.86,9082.4,4827489.64,1
2024-08-13,2024-08-13 13:00:00,529.0,533.5,529.0,533.5,0.85,9082.4,4827489.64,1
2024-08-13,2024-08-13 14:00:00,533.5,538.0,533.5,538.0,0.84,9082.4,4827489.64,1
2024-08-13,2024-08-13 15:00:00,538.0,550.8,511.1,538.0,0.0,9082.4,4827489.64,0
2024-08-14,2024-08-14 11:00:00,538.0,541.5,526.5,538.48,0.09,5631.6,3025131.44,1
2024-08-14,2024-08-14 12:00:00,538.48,538.95,538.48,538.95,0.09,5631.6,3025131.44,1
2024-08-14,2024-08-14 13:00:00,538.95,539.42,538.95,539.42,0.09,5631.6,3025131.44,1
2024-08-14,2024-08-14 14:00:00,539.42,539.9,539.42,539.9,0.09,5631.6,3025131.44,1
2024-08-14,2024-08-14 15:00:00,539.9,545.0,515.0,539.9,0.0,5631.6,3025131.44,0
2024-08-15,2024-08-15 11:00:00,538.0,544.0,534.55,537.5,-0.09,5221.6,2829740.66,-1
2024-08-15,2024-08-15 12:00:00,537.5,537.5,537.0,537.0,-0.09,5221.6,2829740.66,-1
2024-08-15,2024-08-15 13:00:00,537.0,537.0,536.5,536.5,-0.09,5221.6,2829740.66,-1
2024-08-15,2024-08-15 14:00:00,536.5,536.5,536.0,536.0,-0.09,5221.6,2829740.66,-1
2024-08-15,2024-08-15 15:00:00,536.0,550.0,531.1,536.0,0.0,5221.6,2829740.66,0
2024-08-18,2024-08-18 11:00:00,525.3,529.85,517.15,521.47,-0.73,5386.2,2796344.8,-1
2024-08-18,2024-08-18 12:00:00,521.47,521.47,517.65,517.65,-0.73,5386.2,2796344.8,-1
2024-08-18,2024-08-18 13:00:00,517.65,517.65,513.83,513.83,-0.74,5386.2,2796344.8,-1
2024-08-18,2024-08-18 14:00:00,513.83,513.83,510.0,510.0,-0.75,5386.2,2796344.8,-1
2024-08-18,2024-08-18 15:00:00,510.0,534.4,509.0,510.0,0.0,5386.2,2796344.8,0
2024-08-21,2024-08-21 11:00:00,502.0,507.05,500.5,501.5,-0.1,3004.8,1511166.0,-1
2024-08-21,2024-08-21 12:00:00,501.5,501.5,501.0,501.0,-0.1,3004.8,1511166.0,-1
2024-08-21,2024-08-21 13:00:00,501.0,501.0,500.5,500.5,-0.1,3004.8,1511166.0,-1
2024-08-21,2024-08-21 14:00:00,500.5,500.5,500.0,500.0,-0.1,3004.8,1511166.0,-1
2024-08-21,2024-08-21 15:00:00,500.0,512.1,499.0,500.0,0.0,3004.8,1511166.0,0
2024-08-22,2024-08-22 11:00:00,496.0,508.0,496.0,498.0,0.4,3730.6,1890460.58,1
2024-08-22,2024-08-22 12:00:00,498.0,500.0,498.0,500.0,0.4,3730.6,1890460.58,1
2024-08-22,2024-08-22 13:00:00,500.0,502.0,500.0,502.0,0.4,3730.6,1890460.58,1
2024-08-22,2024-08-22 14:00:00,502.0,504.0,502.0,504.0,0.4,3730.6,1890460.58,1
2024-08-22,2024-08-22 15:00:00,504.0,520.0,496.0,504.0,0.0,3730.6,1890460.58,0
2024-08-25,2024-08-25 11:00:00,504.0,504.5,493.0,501.75,-0.45,3526.4,1728061.5,-1
2024-08-25,2024-08-25 12:00:00,501.75,501.75,499.5,499.5,-0.45,3526.4,1728061.5,-1
2024-08-25,2024-08-25 13:00:00,499.5,499.5,497.25,497.25,-0.45,3526.4,1728061.5,-1
2024-08-25,2024-08-25 14:00:00,497.25,497.25,495.0,495.0,-0.45,3526.4,1728061.5,-1
2024-08-25,2024-08-25 15:00:00,495.0,505.0,482.0,495.0,0.0,3526.4,1728061.5,0
2024-08-27,2024-08-27 11:00:00,504.9,504.9,487.45,496.17,-1.73,2829.2,1360816.4,-1
2024-08-27,2024-08-27 12:00:00,496.17,496.17,487.45,487.45,-1.76,2829.2,1360816.4,-1
2024-08-27,2024-08-27 13:00:00,487.45,487.45,478.73,478.73,-1.79,2829.2,1360816.4,-1
2024-08-27,2024-08-27 14:00:00,478.73,478.73,470.0,470.0,-1.82,2829.2,1360816.4,-1
2024-08-27,2024-08-27 15:00:00,470.0,504.9,470.0,470.0,0.0,2829.2,1360816.4,0
2024-08-28,2024-08-28 11:00:00,475.0,482.0,470.0,474.75,-0.05,2508.0,1198467.3,-1
2024-08-28,2024-08-28 12:00:00,474.75,474.75,474.5,474.5,-0.05,2508.0,1198467.3,-1
2024-08-28,2024-08-28 13:00:00,474.5,474.5,474.25,474.25,-0.05,2508.0,1198467.3,-1
2024-08-28,2024-08-28 14:00:00,474.25,474.25,474.0,474.0,-0.05,2508.0,1198467.3,-1
2024-08-28,2024-08-28 15:00:00,474.0,489.0,465.0,474.0,0.0,2508.0,1198467.3,0
2024-08-29,2024-08-29 11:00:00,479.5,489.65,472.75,478.88,-0.13,2220.0,1056764.5,-1
2024-08-29,2024-08-29 12:00:00,478.88,478.88,478.25,478.25,-0.13,2220.0,1056764.5,-1
2024-08-29,2024-08-29 13:00:00,478.25,478.25,477.62,477.62,-0.13,2220.0,1056764.5,-1
2024-08-29,2024-08-29 14:00:00,477.62,477.62,477.0,477.0,-0.13,2220.0,1056764.5,-1
2024-08-29,2024-08-29 15:00:00,477.0,499.8,466.0,477.0,0.0,2220.0,1056764.5,0
2024-09-01,2024-09-01 11:00:00,467.5,481.85,464.75,468.12,0.13,1524.6,719206.0,1
2024-09-01,2024-09-01 12:00:00,468.12,468.75,468.12,468.75,0.13,1524.6,719206.0,1
2024-09-01,2024-09-01 13:00:00,468.75,469.38,468.75,469.38,0.13,1524.6,719206.0,1
2024-09-01,2024-09-01 14:00:00,469.38,470.0,469.38,470.0,0.13,1524.6,719206.0,1
2024-09-01,2024-09-01 15:00:00,470.0,496.2,462.0,470.0,0.0,1524.6,719206.0,0
2024-09-02,2024-09-02 11:00:00,471.0,481.5,466.6,475.75,1.01,2942.4,1412004.6,1
2024-09-02,2024-09-02 12:00:00,475.75,480.5,475.75,480.5,1.0,2942.4,1412004.6,1
2024-09-02,2024-09-02 13:00:00,480.5,485.25,480.5,485.25,0.99,2942.4,1412004.6,1
2024-09-02,2024-09-02 14:00:00,485.25,490.0,485.25,490.0,0.98,2942.4,1412004.6,1
2024-09-02,2024-09-02 15:00:00,490.0,492.0,462.2,490.0,0.0,2942.4,1412004.6,0
2024-09-03,2024-09-03 11:00:00,490.0,494.5,485.0,487.75,-0.46,1963.8,952127.38,-1
2024-09-03,2024-09-03 12:00:00,487.75,487.75,485.5,485.5,-0.46,1963.8,952127.38,-1
2024-09-03,2024-09-03 13:00:00,485.5,485.5,483.25,483.25,-0.46,1963.8,952127.38,-1
2024-09-03,2024-09-03 14:00:00,483.25,483.25,481.0,481.0,-0.47,1963.8,952127.38,-1
2024-09-03,2024-09-03 15:00:00,481.0,499.0,480.0,481.0,0.0,1963.8,952127.38,0
2024-09-04,2024-09-04 11:00:00,484.0,487.5,470.0,480.3,-0.76,2838.4,1327115.5,-1
2024-09-04,2024-09-04 12:00:00,480.3,480.3,476.6,476.6,-0.77,2838.4,1327115.5,-1
2024-09-04,2024-09-04 13:00:00,476.6,476.6,472.9,472.9,-0.78,2838.4,1327115.5,-1
2024-09-04,2024-09-04 14:00:00,472.9,472.9,469.2,469.2,-0.78,2838.4,1327115.5,-1
2024-09-04,2024-09-04 15:00:00,469.2,491.0,456.0,469.2,0.0,2838.4,1327115.5,0
2024-09-05,2024-09-05 11:00:00,466.0,472.25,460.5,464.18,-0.39,1568.8,724299.7,-1
2024-09-05,2024-09-05 12:00:00,464.18,464.18,462.35,462.35,-0.39,1568.8,724299.7,-1
2024-09-05,2024-09-05 13:00:00,462.35,462.35,460.52,460.52,-0.4,1568.8,724299.7,-1
2024-09-05,2024-09-05 14:00:00,460.52,460.52,458.7,458.7,-0.4,1568.8,724299.7,-1
2024-09-05,2024-09-05 15:00:00,458.7,478.5,455.0,458.7,0.0,1568.8,724299.7,0
2024-09-08,2024-09-08 11:00:00,450.0,459.5,450.0,452.5,0.56,1849.0,857568.68,1
2024-09-08,2024-09-08 12:00:00,452.5,455.0,452.5,455.0,0.55,1849.0,857568.68,1
2024-09-08,2024-09-08 13:00:00,455.0,457.5,455.0,457.5,0.55,1849.0,857568.68,1
2024-09-08,2024-09-08 14:00:00,457.5,460.0,457.5,460.0,0.55,1849.0,857568.68,1
2024-09-08,2024-09-08 15:00:00,460.0,469.0,450.0,460.0,0.0,1849.0,857568.68,0
2024-09-09,2024-09-09 11:00:00,452.2,458.1,449.7,452.18,-0.0,2446.2,1115284.0,-1
2024-09-09,2024-09-09 12:00:00,452.18,452.18,452.15,452.15,-0.01,2446.2,1115284.0,-1
2024-09-09,2024-09-09 13:00:00,452.15,452.15,452.12,452.12,-0.01,2446.2,1115284.0,-1
2024-09-09,2024-09-09 14:00:00,452.12,452.12,452.1,452.1,-0.0,2446.2,1115284.0,-1
2024-09-09,2024-09-09 15:00:00,452.1,464.0,447.2,452.1,0.0,2446.2,1115284.0,0
2024-09-10,2024-09-10 11:00:00,449.0,459.5,445.35,447.18,-0.41,1041.8,471998.56,-1
2024-09-10,2024-09-10 12:00:00,447.18,447.18,445.35,445.35,-0.41,1041.8,471998.56,-1
2024-09-10,2024-09-10 13:00:00,445.35,445.35,443.52,443.52,-0.41,1041.8,471998.56,-1
2024-09-10,2024-09-10 14:00:00,443.52,443.52,441.7,441.7,-0.41,1041.8,471998.56,-1
2024-09-10,2024-09-10 15:00:00,441.7,470.0,441.7,441.7,0.0,1041.8,471998.56,0
2024-09-11,2024-09-11 11:00:00,441.7,445.35,435.15,440.27,-0.32,1611.8,701701.98,-1
2024-09-11,2024-09-11 12:00:00,440.27,440.27,438.85,438.85,-0.32,1611.8,701701.98,-1
2024-09-11,2024-09-11 13:00:00,438.85,438.85,437.43,437.43,-0.32,1611.8,701701.98,-1
2024-09-11,2024-09-11 14:00:00,437.43,437.43,436.0,436.0,-0.33,1611.8,701701.98,-1
2024-09-11,2024-09-11 15:00:00,436.0,449.0,428.6,436.0,0.0,1611.8,701701.98,0
2024-09-12,2024-09-12 11:00:00,432.0,450.05,432.0,438.75,1.56,2564.0,1150901.9,1
2024-09-12,2024-09-12 12:00:00,438.75,445.5,438.75,445.5,1.54,2564.0,1150901.9,1
2024-09-12,2024-09-12 13:00:00,445.5,452.25,445.5,452.25,1.52,2564.0,1150901.9,1
2024-09-12,2024-09-12 14:00:00,452.25,459.0,452.25,459.0,1.49,2564.0,1150901.9,1
2024-09-12,2024-09-12 15:00:00,459.0,468.1,432.0,459.0,0.0,2564.0,1150901.9,0
2024-09-15,2024-09-15 11:00:00,460.0,468.5,451.55,456.45,-0.77,2751.2,1274678.98,-1
2024-09-15,2024-09-15 12:00:00,456.45,456.45,452.9,452.9,-0.78,2751.2,1274678.98,-1
2024-09-15,2024-09-15 13:00:00,452.9,452.9,449.35,449.35,-0.78,2751.2,1274678.98,-1
2024-09-15,2024-09-15 14:00:00,449.35,449.35,445.8,445.8,-0.79,2751.2,1274678.98,-1
2024-09-15,2024-09-15 15:00:00,445.8,477.0,443.1,445.8,0.0,2751.2,1274678.98,0
2024-09-16,2024-09-16 11:00:00,440.0,456.0,440.0,443.48,0.79,3282.0,1488186.48,1
2024-09-16,2024-09-16 12:00:00,443.48,446.95,443.48,446.95,0.78,3282.0,1488186.48,1
2024-09-16,2024-09-16 13:00:00,446.95,450.42,446.95,450.42,0.78,3282.0,1488186.48,1
2024-09-16,2024-09-16 14:00:00,450.42,453.9,450.42,453.9,0.77,3282.0,1488186.48,1
2024-09-16,2024-09-16 15:00:00,453.9,472.0,440.0,453.9,0.0,3282.0,1488186.48,0
2024-09-18,2024-09-18 11:00:00,460.0,474.65,455.0,466.5,1.41,8402.8,3962619.22,1
2024-09-18,2024-09-18 12:00:00,466.5,473.0,466.5,473.0,1.39,8402.8,3962619.22,1
2024-09-18,2024-09-18 13:00:00,473.0,479.5,473.0,479.5,1.37,8402.8,3962619.22,1
2024-09-18,2024-09-18 14:00:00,479.5,486.0,479.5,486.0,1.36,8402.8,3962619.22,1
2024-09-18,2024-09-18 15:00:00,486.0,489.3,450.0,486.0,0.0,8402.8,3962619.22,0
2024-09-22,2024-09-22 11:00:00,477.0,493.5,477.0,483.25,1.31,10082.0,5056466.76,1
2024-09-22,2024-09-22 12:00:00,483.25,489.5,483.25,489.5,1.29,10082.0,5056466.76,1
2024-09-22,2024-09-22 13:00:00,489.5,495.75,489.5,495.75,1.28,10082.0,5056466.76,1
2024-09-22,2024-09-22 14:00:00,495.75,502.0,495.75,502.0,1.26,10082.0,5056466.76,1
2024-09-22,2024-09-22 15:00:00,502.0,510.0,477.0,502.0,0.0,10082.0,5056466.76,0
2024-09-23,2024-09-23 11:00:00,512.0,512.0,487.6,503.5,-1.66,5848.4,2810428.84,-1
2024-09-23,2024-09-23 12:00:00,503.5,503.5,495.0,495.0,-1.69,5848.4,2810428.84,-1
2024-09-23,2024-09-23 13:00:00,495.0,495.0,486.5,486.5,-1.72,5848.4,2810428.84,-1
2024-09-23,2024-09-23 14:00:00,486.5,486.5,478.0,478.0,-1.75,5848.4,2810428.84,-1
2024-09-23,2024-09-23 15:00:00,478.0,512.0,463.2,478.0,0.0,5848.4,2810428.84,0
2024-09-24,2024-09-24 11:00:00,470.0,477.3,464.5,468.0,-0.43,1770.8,830293.4,-1
2024-09-24,2024-09-24 12:00:00,468.0,468.0,466.0,466.0,-0.43,1770.8,830293.4,-1
2024-09-24,2024-09-24 13:00:00,466.0,466.0,464.0,464.0,-0.43,1770.8,830293.4,-1
2024-09-24,2024-09-24 14:00:00,464.0,464.0,462.0,462.0,-0.43,1770.8,830293.4,-1
2024-09-24,2024-09-24 15:00:00,462.0,484.6,459.0,462.0,0.0,1770.8,830293.4,0
2024-09-25,2024-09-25 11:00:00,453.0,462.1,453.0,455.48,0.55,2079.4,961504.5,1
2024-09-25,2024-09-25 12:00:00,455.48,457.95,455.48,457.95,0.54,2079.4,961504.5,1
2024-09-25,2024-09-25 13:00:00,457.95,460.42,457.95,460.42,0.54,2079.4,961504.5,1
2024-09-25,2024-09-25 14:00:00,460.42,462.9,460.42,462.9,0.54,2079.4,961504.5,1
2024-09-25,2024-09-25 15:00:00,462.9,471.2,453.0,462.9,0.0,2079.4,961504.5,0
2024-09-26,2024-09-26 11:00:00,471.0,471.5,458.0,465.0,-1.27,1913.8,873955.28,-1
2024-09-26,2024-09-26 12:00:00,465.0,465.0,459.0,459.0,-1.29,1913.8,873955.28,-1
2024-09-26,2024-09-26 13:00:00,459.0,459.0,453.0,453.0,-1.31,1913.8,873955.28,-1
2024-09-26,2024-09-26 14:00:00,453.0,453.0,447.0,447.0,-1.32,1913.8,873955.28,-1
2024-09-26,2024-09-26 15:00:00,447.0,472.0,445.0,447.0,0.0,1913.8,873955.28,0
2024-09-29,2024-09-29 11:00:00,442.0,444.45,432.55,437.77,-0.96,2316.8,996712.64,-1
2024-09-29,2024-09-29 12:00:00,437.77,437.77,433.55,433.55,-0.96,2316.8,996712.64,-1
2024-09-29,2024-09-29 13:00:00,433.55,433.55,429.33,429.33,-0.97,2316.8,996712.64,-1
2024-09-29,2024-09-29 14:00:00,429.33,429.33,425.1,425.1,-0.99,2316.8,996712.64,-1
2024-09-29,2024-09-29 15:00:00,425.1,446.9,423.1,425.1,0.0,2316.8,996712.64,0
2024-09-30,2024-09-30 11:00:00,417.1,427.8,417.1,420.58,0.83,1680.0,717572.0,1
2024-09-30,2024-09-30 12:00:00,420.58,424.05,420.58,424.05,0.83,1680.0,717572.0,1
2024-09-30,2024-09-30 13:00:00,424.05,427.52,424.05,427.52,0.82,1680.0,717572.0,1
2024-09-30,2024-09-30 14:00:00,427.52,431.0,427.52,431.0,0.81,1680.0,717572.0,1
2024-09-30,2024-09-30 15:00:00,431.0,438.5,417.1,431.0,0.0,1680.0,717572.0,0
2024-10-01,2024-10-01 11:00:00,427.3,437.65,427.3,431.73,1.04,2418.6,1068921.0,1
2024-10-01,2024-10-01 12:00:00,431.73,436.15,431.73,436.15,1.02,2418.6,1068921.0,1
2024-10-01,2024-10-01 13:00:00,436.15,440.57,436.15,440.57,1.01,2418.6,1068921.0,1
2024-10-01,2024-10-01 14:00:00,440.57,445.0,440.57,445.0,1.01,2418.6,1068921.0,1
2024-10-01,2024-10-01 15:00:00,445.0,448.0,427.3,445.0,0.0,2418.6,1068921.0,0
2024-10-02,2024-10-02 11:00:00,445.0,456.55,445.0,446.45,0.33,3875.8,1765319.78,1
2024-10-02,2024-10-02 12:00:00,446.45,447.9,446.45,447.9,0.32,3875.8,1765319.78,1
2024-10-02,2024-10-02 13:00:00,447.9,449.35,447.9,449.35,0.32,3875.8,1765319.78,1
2024-10-02,2024-10-02 14:00:00,449.35,450.8,449.35,450.8,0.32,3875.8,1765319.78,1
2024-10-02,2024-10-02 15:00:00,450.8,468.1,445.0,450.8,0.0,3875.8,1765319.78,0
2024-10-06,2024-10-06 11:00:00,442.0,451.0,442.0,446.45,1.01,1149.4,521202.7,1
2024-10-06,2024-10-06 12:00:00,446.45,450.9,446.45,450.9,1.0,1149.4,521202.7,1
2024-10-06,2024-10-06 13:00:00,450.9,455.35,450.9,455.35,0.99,1149.4,521202.7,1
2024-10-06,2024-10-06 14:00:00,455.35,459.8,455.35,459.8,0.98,1149.4,521202.7,1
2024-10-06,2024-10-06 15:00:00,459.8,460.0,442.0,459.8,0.0,1149.4,521202.7,0
2024-10-07,2024-10-07 11:00:00,451.0,464.0,451.0,456.5,1.22,1464.6,686438.66,1
2024-10-07,2024-10-07 12:00:00,456.5,462.0,456.5,462.0,1.2,1464.6,686438.66,1
2024-10-07,2024-10-07 13:00:00,462.0,467.5,462.0,467.5,1.19,1464.6,686438.66,1
2024-10-07,2024-10-07 14:00:00,467.5,473.0,467.5,473.0,1.18,1464.6,686438.66,1
2024-10-07,2024-10-07 15:00:00,473.0,477.0,451.0,473.0,0.0,1464.6,686438.66,0
2024-10-08,2024-10-08 11:00:00,465.0,467.5,459.4,465.25,0.05,1177.2,541876.4,1
2024-10-08,2024-10-08 12:00:00,465.25,465.5,465.25,465.5,0.05,1177.2,541876.4,1
2024-10-08,2024-10-08 13:00:00,465.5,465.75,465.5,465.75,0.05,1177.2,541876.4,1
2024-10-08,2024-10-08 14:00:00,465.75,466.0,465.75,466.0,0.05,1177.2,541876.4,1
2024-10-08,2024-10-08 15:00:00,466.0,470.0,453.8,466.0,0.0,1177.2,541876.4,0
2024-10-09,2024-10-09 11:00:00,457.0,465.65,452.5,460.25,0.71,501.0,232561.0,1
2024-10-09,2024-10-09 12:00:00,460.25,463.5,460.25,463.5,0.71,501.0,232561.0,1
2024-10-09,2024-10-09 13:00:00,463.5,466.75,463.5,466.75,0.7,501.0,232561.0,1
2024-10-09,2024-10-09 14:00:00,466.75,470.0,466.75,470.0,0.7,501.0,232561.0,1
2024-10-09,2024-10-09 15:00:00,470.0,474.3,448.0,470.0,0.0,501.0,232561.0,0
2024-10-15,2024-10-15 11:00:00,479.4,479.4,469.25,477.75,-0.34,251.4,117785.52,-1
2024-10-15,2024-10-15 12:00:00,477.75,477.75,476.1,476.1,-0.35,251.4,117785.52,-1
2024-10-15,2024-10-15 13:00:00,476.1,476.1,474.45,474.45,-0.35,251.4,117785.52,-1
2024-10-15,2024-10-15 14:00:00,474.45,474.45,472.8,472.8,-0.35,251.4,117785.52,-1
2024-10-15,2024-10-15 15:00:00,472.8,479.4,459.1,472.8,0.0,251.4,117785.52,0
2024-10-16,2024-10-16 11:00:00,481.0,481.0,472.5,479.45,-0.32,1482.8,702527.36,-1
2024-10-16,2024-10-16 12:00:00,479.45,479.45,477.9,477.9,-0.32,1482.8,702527.36,-1
2024-10-16,2024-10-16 13:00:00,477.9,477.9,476.35,476.35,-0.32,1482.8,702527.36,-1
2024-10-16,2024-10-16 14:00:00,476.35,476.35,474.8,474.8,-0.33,1482.8,702527.36,-1
2024-10-16,2024-10-16 15:00:00,474.8,481.0,464.0,474.8,0.0,1482.8,702527.36,0
2024-10-17,2024-10-17 11:00:00,466.0,484.0,466.0,468.38,0.51,2703.0,1293871.98,1
2024-10-17,2024-10-17 12:00:00,468.38,470.75,468.38,470.75,0.51,2703.0,1293871.98,1
2024-10-17,2024-10-17 13:00:00,470.75,473.12,470.75,473.12,0.5,2703.0,1293871.98,1
2024-10-17,2024-10-17 14:00:00,473.12,475.5,473.12,475.5,0.5,2703.0,1293871.98,1
2024-10-17,2024-10-17 15:00:00,475.5,502.0,466.0,475.5,0.0,2703.0,1293871.98,0
2024-10-20,2024-10-20 11:00:00,469.0,476.5,464.5,467.75,-0.27,3562.8,1665160.68,-1
2024-10-20,2024-10-20 12:00:00,467.75,467.75,466.5,466.5,-0.27,3562.8,1665160.68,-1
2024-10-20,2024-10-20 13:00:00,466.5,466.5,465.25,465.25,-0.27,3562.8,1665160.68,-1
2024-10-20,2024-10-20 14:00:00,465.25,465.25,464.0,464.0,-0.27,3562.8,1665160.68,-1
2024-10-20,2024-10-20 15:00:00,464.0,484.0,460.0,464.0,0.0,3562.8,1665160.68,0
2024-10-21,2024-10-21 11:00:00,464.0,468.5,457.95,461.25,-0.59,2546.4,1172822.32,-1
2024-10-21,2024-10-21 12:00:00,461.25,461.25,458.5,458.5,-0.6,2546.4,1172822.32,-1
2024-10-21,2024-10-21 13:00:00,458.5,458.5,455.75,455.75,-0.6,2546.4,1172822.32,-1
2024-10-21,2024-10-21 14:00:00,455.75,455.75,453.0,453.0,-0.6,2546.4,1172822.32,-1
2024-10-21,2024-10-21 15:00:00,453.0,473.0,451.9,453.0,0.0,2546.4,1172822.32,0
2024-10-22,2024-10-22 11:00:00,448.0,461.5,448.0,453.5,1.23,2536.2,1173714.64,1
2024-10-22,2024-10-22 12:00:00,453.5,459.0,453.5,459.0,1.21,2536.2,1173714.64,1
2024-10-22,2024-10-22 13:00:00,459.0,464.5,459.0,464.5,1.2,2536.2,1173714.64,1
2024-10-22,2024-10-22 14:00:00,464.5,470.0,464.5,470.0,1.18,2536.2,1173714.64,1
2024-10-22,2024-10-22 15:00:00,470.0,475.0,448.0,470.0,0.0,2536.2,1173714.64,0
2024-10-23,2024-10-23 11:00:00,461.2,469.55,461.2,463.4,0.48,1098.4,511674.46,1
2024-10-23,2024-10-23 12:00:00,463.4,465.6,463.4,465.6,0.47,1098.4,511674.46,1
2024-10-23,2024-10-23 13:00:00,465.6,467.8,465.6,467.8,0.47,1098.4,511674.46,1
2024-10-23,2024-10-23 14:00:00,467.8,470.0,467.8,470.0,0.47,1098.4,511674.46,1
2024-10-23,2024-10-23 15:00:00,470.0,477.9,461.2,470.0,0.0,1098.4,511674.46,0
2024-10-24,2024-10-24 11:00:00,465.0,483.0,462.65,465.25,0.05,994.8,464604.44,1
2024-10-24,2024-10-24 12:00:00,465.25,465.5,465.25,465.5,0.05,994.8,464604.44,1
2024-10-24,2024-10-24 13:00:00,465.5,465.75,465.5,465.75,0.05,994.8,464604.44,1
2024-10-24,2024-10-24 14:00:00,465.75,466.0,465.75,466.0,0.05,994.8,464604.44,1
2024-10-24,2024-10-24 15:00:00,466.0,501.0,460.3,466.0,0.0,994.8,464604.44,0
2024-10-27,2024-10-27 11:00:00,460.0,473.5,460.0,461.0,0.22,739.8,343493.5,1
2024-10-27,2024-10-27 12:00:00,461.0,462.0,461.0,462.0,0.22,739.8,343493.5,1
2024-10-27,2024-10-27 13:00:00,462.0,463.0,462.0,463.0,0.22,739.8,343493.5,1
2024-10-27,2024-10-27 14:00:00,463.0,464.0,463.0,464.0,0.22,739.8,343493.5,1
2024-10-27,2024-10-27 15:00:00,464.0,487.0,460.0,464.0,0.0,739.8,343493.5,0
2024-10-28,2024-10-28 11:00:00,456.0,469.95,456.0,461.73,1.26,4346.4,2077271.54,1
2024-10-28,2024-10-28 12:00:00,461.73,467.45,461.73,467.45,1.24,4346.4,2077271.54,1
2024-10-28,2024-10-28 13:00:00,467.45,473.17,467.45,473.17,1.22,4346.4,2077271.54,1
2024-10-28,2024-10-28 14:00:00,473.17,478.9,473.17,478.9,1.21,4346.4,2077271.54,1
2024-10-28,2024-10-28 15:00:00,478.9,483.9,456.0,478.9,0.0,4346.4,2077271.54,0
2024-10-29,2024-10-29 11:00:00,475.0,484.0,475.0,479.1,0.86,3408.4,1663998.06,1
2024-10-29,2024-10-29 12:00:00,479.1,483.2,479.1,483.2,0.86,3408.4,1663998.06,1
2024-10-29,2024-10-29 13:00:00,483.2,487.3,483.2,487.3,0.85,3408.4,1663998.06,1
2024-10-29,2024-10-29 14:00:00,487.3,491.4,487.3,491.4,0.84,3408.4,1663998.06,1
2024-10-29,2024-10-29 15:00:00,491.4,493.0,475.0,491.4,0.0,3408.4,1663998.06,0
2024-10-30,2024-10-30 11:00:00,485.0,490.5,478.25,484.73,-0.06,1634.2,785594.94,-1
2024-10-30,2024-10-30 12:00:00,484.73,484.73,484.45,484.45,-0.06,1634.2,785594.94,-1
2024-10-30,2024-10-30 13:00:00,484.45,484.45,484.17,484.17,-0.06,1634.2,785594.94,-1
2024-10-30,2024-10-30 14:00:00,484.17,484.17,483.9,483.9,-0.06,1634.2,785594.94,-1
2024-10-30,2024-10-30 15:00:00,483.9,496.0,471.5,483.9,0.0,1634.2,785594.94,0
2024-11-05,2024-11-05 11:00:00,475.0,481.5,471.1,476.5,0.32,980.8,464302.46,1
2024-11-05,2024-11-05 12:00:00,476.5,478.0,476.5,478.0,0.31,980.8,464302.46,1
2024-11-05,2024-11-05 13:00:00,478.0,479.5,478.0,479.5,0.31,980.8,464302.46,1
2024-11-05,2024-11-05 14:00:00,479.5,481.0,479.5,481.0,0.31,980.8,464302.46,1
2024-11-05,2024-11-05 15:00:00,481.0,488.0,467.2,481.0,0.0,980.8,464302.46,0
2024-11-06,2024-11-06 11:00:00,475.0,484.0,474.5,478.73,0.79,2155.8,1047736.38,1
2024-11-06,2024-11-06 12:00:00,478.73,482.45,478.73,482.45,0.78,2155.8,1047736.38,1
2024-11-06,2024-11-06 13:00:00,482.45,486.17,482.45,486.17,0.77,2155.8,1047736.38,1
2024-11-06,2024-11-06 14:00:00,486.17,489.9,486.17,489.9,0.77,2155.8,1047736.38,1
2024-11-06,2024-11-06 15:00:00,489.9,493.0,474.0,489.9,0.0,2155.8,1047736.38,0
2024-11-10,2024-11-10 11:00:00,481.0,495.0,481.0,487.0,1.25,5245.4,2620211.02,1
2024-11-10,2024-11-10 12:00:00,487.0,493.0,487.0,493.0,1.23,5245.4,2620211.02,1
2024-11-10,2024-11-10 13:00:00,493.0,499.0,493.0,499.0,1.22,5245.4,2620211.02,1
2024-11-10,2024-11-10 14:00:00,499.0,505.0,499.0,505.0,1.2,5245.4,2620211.02,1
2024-11-10,2024-11-10 15:00:00,505.0,509.0,481.0,505.0,0.0,5245.4,2620211.02,0
2024-11-11,2024-11-11 11:00:00,495.0,507.0,495.0,499.85,0.98,7628.4,3886115.52,1
2024-11-11,2024-11-11 12:00:00,499.85,504.7,499.85,504.7,0.97,7628.4,3886115.52,1
2024-11-11,2024-11-11 13:00:00,504.7,509.55,504.7,509.55,0.96,7628.4,3886115.52,1
2024-11-11,2024-11-11 14:00:00,509.55,514.4,509.55,514.4,0.95,7628.4,3886115.52,1
2024-11-11,2024-11-11 15:00:00,514.4,519.0,495.0,514.4,0.0,7628.4,3886115.52,0
2024-11-12,2024-11-12 11:00:00,505.0,512.5,505.0,508.23,0.64,6353.2,3270251.88,1
2024-11-12,2024-11-12 12:00:00,508.23,511.45,508.23,511.45,0.63,6353.2,3270251.88,1
2024-11-12,2024-11-12 13:00:00,511.45,514.67,511.45,514.67,0.63,6353.2,3270251.88,1
2024-11-12,2024-11-12 14:00:00,514.67,517.9,514.67,517.9,0.63,6353.2,3270251.88,1
2024-11-12,2024-11-12 15:00:00,517.9,520.0,505.0,517.9,0.0,6353.2,3270251.88,0
2024-11-13,2024-11-13 11:00:00,528.2,529.55,518.1,526.9,-0.25,5371.0,2810891.48,-1
2024-11-13,2024-11-13 12:00:00,526.9,526.9,525.6,525.6,-0.25,5371.0,2810891.48,-1
2024-11-13,2024-11-13 13:00:00,525.6,525.6,524.3,524.3,-0.25,5371.0,2810891.48,-1
2024-11-13,2024-11-13 14:00:00,524.3,524.3,523.0,523.0,-0.25,5371.0,2810891.48,-1
2024-11-13,2024-11-13 15:00:00,523.0,530.9,508.0,523.0,0.0,5371.0,2810891.48,0
2024-11-14,2024-11-14 11:00:00,513.0,529.3,513.0,518.77,1.12,8962.6,4818339.24,1
2024-11-14,2024-11-14 12:00:00,518.77,524.55,518.77,524.55,1.11,8962.6,4818339.24,1
2024-11-14,2024-11-14 13:00:00,524.55,530.33,524.55,530.33,1.1,8962.6,4818339.24,1
2024-11-14,2024-11-14 14:00:00,530.33,536.1,530.33,536.1,1.09,8962.6,4818339.24,1
2024-11-14,2024-11-14 15:00:00,536.1,545.6,513.0,536.1,0.0,8962.6,4818339.24,0
2024-11-17,2024-11-17 11:00:00,526.0,551.0,526.0,538.5,2.38,15022.6,8558596.86,1
2024-11-17,2024-11-17 12:00:00,538.5,551.0,538.5,551.0,2.32,15022.6,8558596.86,1
2024-11-17,2024-11-17 13:00:00,551.0,563.5,551.0,563.5,2.27,15022.6,8558596.86,1
2024-11-17,2024-11-17 14:00:00,563.5,576.0,563.5,576.0,2.22,15022.6,8558596.86,1
2024-11-17,2024-11-17 15:00:00,576.0,576.0,526.0,576.0,0.0,15022.6,8558596.86,0
2024-11-19,2024-11-19 11:00:00,565.0,569.0,551.5,560.0,-0.88,14749.2,8132489.48,-1
2024-11-19,2024-11-19 12:00:00,560.0,560.0,555.0,555.0,-0.89,14749.2,8132489.48,-1
2024-11-19,2024-11-19 13:00:00,555.0,555.0,550.0,550.0,-0.9,14749.2,8132489.48,-1
2024-11-19,2024-11-19 14:00:00,550.0,550.0,545.0,545.0,-0.91,14749.2,8132489.48,-1
2024-11-19,2024-11-19 15:00:00,545.0,573.0,538.0,545.0,0.0,14749.2,8132489.48,0
2024-11-20,2024-11-20 11:00:00,535.0,550.5,535.0,540.48,1.02,6853.6,3764010.06,1
2024-11-20,2024-11-20 12:00:00,540.48,545.95,540.48,545.95,1.01,6853.6,3764010.06,1
2024-11-20,2024-11-20 13:00:00,545.95,551.42,545.95,551.42,1.0,6853.6,3764010.06,1
2024-11-20,2024-11-20 14:00:00,551.42,556.9,551.42,556.9,0.99,6853.6,3764010.06,1
2024-11-20,2024-11-20 15:00:00,556.9,566.0,535.0,556.9,0.0,6853.6,3764010.06,0
2024-11-21,2024-11-21 11:00:00,550.0,565.0,546.5,549.75,-0.05,6765.2,3747863.5,-1
2024-11-21,2024-11-21 12:00:00,549.75,549.75,549.5,549.5,-0.05,6765.2,3747863.5,-1
2024-11-21,2024-11-21 13:00:00,549.5,549.5,549.25,549.25,-0.05,6765.2,3747863.5,-1
2024-11-21,2024-11-21 14:00:00,549.25,549.25,549.0,549.0,-0.05,6765.2,3747863.5,-1
2024-11-21,2024-11-21 15:00:00,549.0,580.0,543.0,549.0,0.0,6765.2,3747863.5,0
2024-11-24,2024-11-24 11:00:00,539.0,548.5,539.0,541.5,0.46,6161.2,3375580.54,1
2024-11-24,2024-11-24 12:00:00,541.5,544.0,541.5,544.0,0.46,6161.2,3375580.54,1
2024-11-24,2024-11-24 13:00:00,544.0,546.5,544.0,546.5,0.46,6161.2,3375580.54,1
2024-11-24,2024-11-24 14:00:00,546.5,549.0,546.5,549.0,0.46,6161.2,3375580.54,1
2024-11-24,2024-11-24 15:00:00,549.0,558.0,539.0,549.0,0.0,6161.2,3375580.54,0
2024-11-25,2024-11-25 11:00:00,540.0,550.0,540.0,543.6,0.67,5027.6,2782741.14,1
2024-11-25,2024-11-25 12:00:00,543.6,547.2,543.6,547.2,0.66,5027.6,2782741.14,1
2024-11-25,2024-11-25 13:00:00,547.2,550.8,547.2,550.8,0.66,5027.6,2782741.14,1
2024-11-25,2024-11-25 14:00:00,550.8,554.4,550.8,554.4,0.65,5027.6,2782741.14,1
2024-11-25,2024-11-25 15:00:00,554.4,560.0,540.0,554.4,0.0,5027.6,2782741.14,0
2024-11-26,2024-11-26 11:00:00,547.0,559.0,547.0,551.0,0.73,6490.4,3656065.54,1
2024-11-26,2024-11-26 12:00:00,551.0,555.0,551.0,555.0,0.73,6490.4,3656065.54,1
2024-11-26,2024-11-26 13:00:00,555.0,559.0,555.0,559.0,0.72,6490.4,3656065.54,1
2024-11-26,2024-11-26 14:00:00,559.0,563.0,559.0,563.0,0.72,6490.4,3656065.54,1
2024-11-26,2024-11-26 15:00:00,563.0,571.0,547.0,563.0,0.0,6490.4,3656065.54,0
2024-11-27,2024-11-27 11:00:00,555.0,571.5,555.0,559.35,0.78,7218.4,4145122.78,1
2024-11-27,2024-11-27 12:00:00,559.35,563.7,559.35,563.7,0.78,7218.4,4145122.78,1
2024-11-27,2024-11-27 13:00:00,563.7,568.05,563.7,568.05,0.77,7218.4,4145122.78,1
2024-11-27,2024-11-27 14:00:00,568.05,572.4,568.05,572.4,0.77,7218.4,4145122.78,1
2024-11-27,2024-11-27 15:00:00,572.4,588.0,555.0,572.4,0.0,7218.4,4145122.78,0
2024-11-28,2024-11-28 11:00:00,565.0,576.45,565.0,567.75,0.49,6214.6,3584559.74,1
2024-11-28,2024-11-28 12:00:00,567.75,570.5,567.75,570.5,0.48,6214.6,3584559.74,1
2024-11-28,2024-11-28 13:00:00,570.5,573.25,570.5,573.25,0.48,6214.6,3584559.74,1
2024-11-28,2024-11-28 14:00:00,573.25,576.0,573.25,576.0,0.48,6214.6,3584559.74,1
2024-11-28,2024-11-28 15:00:00,576.0,587.9,565.0,576.0,0.0,6214.6,3584559.74,0
2024-12-01,2024-12-01 11:00:00,565.0,572.0,561.45,566.0,0.18,8004.8,4539155.24,1
2024-12-01,2024-12-01 12:00:00,566.0,567.0,566.0,567.0,0.18,8004.8,4539155.24,1
2024-12-01,2024-12-01 13:00:00,567.0,568.0,567.0,568.0,0.18,8004.8,4539155.24,1
2024-12-01,2024-12-01 14:00:00,568.0,569.0,568.0,569.0,0.18,8004.8,4539155.24,1
2024-12-01,2024-12-01 15:00:00,569.0,579.0,557.9,569.0,0.0,8004.8,4539155.24,0
2024-12-02,2024-12-02 11:00:00,558.0,586.0,558.0,562.25,0.76,7365.8,4263524.82,1
2024-12-02,2024-12-02 12:00:00,562.25,566.5,562.25,566.5,0.76,7365.8,4263524.82,1
2024-12-02,2024-12-02 13:00:00,566.5,570.75,566.5,570.75,0.75,7365.8,4263524.82,1
2024-12-02,2024-12-02 14:00:00,570.75,575.0,570.75,575.0,0.74,7365.8,4263524.82,1
2024-12-02,2024-12-02 15:00:00,575.0,614.0,558.0,575.0,0.0,7365.8,4263524.82,0
2024-12-03,2024-12-03 11:00:00,564.0,580.0,564.0,567.0,0.53,4907.2,2831611.78,1
2024-12-03,2024-12-03 12:00:00,567.0,570.0,567.0,570.0,0.53,4907.2,2831611.78,1
2024-12-03,2024-12-03 13:00:00,570.0,573.0,570.0,573.0,0.53,4907.2,2831611.78,1
2024-12-03,2024-12-03 14:00:00,573.0,576.0,573.0,576.0,0.52,4907.2,2831611.78,1
2024-12-03,2024-12-03 15:00:00,576.0,596.0,564.0,576.0,0.0,4907.2,2831611.78,0
2024-12-04,2024-12-04 11:00:00,570.0,579.5,567.55,571.23,0.22,5702.6,3284416.94,1
2024-12-04,2024-12-04 12:00:00,571.23,572.45,571.23,572.45,0.21,5702.6,3284416.94,1
2024-12-04,2024-12-04 13:00:00,572.45,573.67,572.45,573.67,0.21,5702.6,3284416.94,1
2024-12-04,2024-12-04 14:00:00,573.67,574.9,573.67,574.9,0.21,5702.6,3284416.94,1
2024-12-04,2024-12-04 15:00:00,574.9,589.0,565.1,574.9,0.0,5702.6,3284416.94,0
2024-12-05,2024-12-05 11:00:00,566.0,581.35,566.0,569.5,0.62,9573.4,5548927.36,1
2024-12-05,2024-12-05 12:00:00,569.5,573.0,569.5,573.0,0.61,9573.4,5548927.36,1
2024-12-05,2024-12-05 13:00:00,573.0,576.5,573.0,576.5,0.61,9573.4,5548927.36,1
2024-12-05,2024-12-05 14:00:00,576.5,580.0,576.5,580.0,0.61,9573.4,5548927.36,1
2024-12-05,2024-12-05 15:00:00,580.0,596.7,566.0,580.0,0.0,9573.4,5548927.36,0
2024-12-08,2024-12-08 11:00:00,580.0,585.0,573.5,578.0,-0.34,7031.0,4072558.7,-1
2024-12-08,2024-12-08 12:00:00,578.0,578.0,576.0,576.0,-0.35,7031.0,4072558.7,-1
2024-12-08,2024-12-08 13:00:00,576.0,576.0,574.0,574.0,-0.35,7031.0,4072558.7,-1
2024-12-08,2024-12-08 14:00:00,574.0,574.0,572.0,572.0,-0.35,7031.0,4072558.7,-1
2024-12-08,2024-12-08 15:00:00,572.0,590.0,567.0,572.0,0.0,7031.0,4072558.7,0
2024-12-09,2024-12-09 11:00:00,562.0,573.5,562.0,564.0,0.36,4836.8,2766955.98,1
2024-12-09,2024-12-09 12:00:00,564.0,566.0,564.0,566.0,0.35,4836.8,2766955.98,1
2024-12-09,2024-12-09 13:00:00,566.0,568.0,566.0,568.0,0.35,4836.8,2766955.98,1
2024-12-09,2024-12-09 14:00:00,568.0,570.0,568.0,570.0,0.35,4836.8,2766955.98,1
2024-12-09,2024-12-09 15:00:00,570.0,585.0,562.0,570.0,0.0,4836.8,2766955.98,0
2024-12-10,2024-12-10 11:00:00,562.0,572.7,561.0,563.48,0.26,4874.4,2778922.62,1
2024-12-10,2024-12-10 12:00:00,563.48,564.95,563.48,564.95,0.26,4874.4,2778922.62,1
2024-12-10,2024-12-10 13:00:00,564.95,566.42,564.95,566.42,0.26,4874.4,2778922.62,1
2024-12-10,2024-12-10 14:00:00,566.42,567.9,566.42,567.9,0.26,4874.4,2778922.62,1
2024-12-10,2024-12-10 15:00:00,567.9,583.4,560.0,567.9,0.0,4874.4,2778922.62,0
2024-12-11,2024-12-11 11:00:00,557.0,583.0,557.0,568.0,1.97,15971.4,9523319.04,1
2024-12-11,2024-12-11 12:00:00,568.0,579.0,568.0,579.0,1.94,15971.4,9523319.04,1
2024-12-11,2024-12-11 13:00:00,579.0,590.0,579.0,590.0,1.9,15971.4,9523319.04,1
2024-12-11,2024-12-11 14:00:00,590.0,601.0,590.0,601.0,1.86,15971.4,9523319.04,1
2024-12-11,2024-12-11 15:00:00,601.0,609.0,557.0,601.0,0.0,15971.4,9523319.04,0
2024-12-12,2024-12-12 11:00:00,610.0,634.95,610.0,616.75,1.11,24244.6,15253245.5,1
2024-12-12,2024-12-12 12:00:00,616.75,623.5,616.75,623.5,1.09,24244.6,15253245.5,1
2024-12-12,2024-12-12 13:00:00,623.5,630.25,623.5,630.25,1.08,24244.6,15253245.5,1
2024-12-12,2024-12-12 14:00:00,630.25,637.0,630.25,637.0,1.07,24244.6,15253245.5,1
2024-12-12,2024-12-12 15:00:00,637.0,659.9,610.0,637.0,0.0,24244.6,15253245.5,0
2024-12-16,2024-12-16 11:00:00,640.0,640.0,630.0,637.5,-0.39,15202.2,9553868.02,-1
2024-12-16,2024-12-16 12:00:00,637.5,637.5,635.0,635.0,-0.39,15202.2,9553868.02,-1
2024-12-16,2024-12-16 13:00:00,635.0,635.0,632.5,632.5,-0.39,15202.2,9553868.02,-1
2024-12-16,2024-12-16 14:00:00,632.5,632.5,630.0,630.0,-0.4,15202.2,9553868.02,-1
2024-12-16,2024-12-16 15:00:00,630.0,640.0,620.0,630.0,0.0,15202.2,9553868.02,0
2024-12-17,2024-12-17 11:00:00,641.0,641.0,628.55,639.5,-0.23,7392.0,4636403.36,-1
2024-12-17,2024-12-17 12:00:00,639.5,639.5,638.0,638.0,-0.23,7392.0,4636403.36,-1
2024-12-17,2024-12-17 13:00:00,638.0,638.0,636.5,636.5,-0.24,7392.0,4636403.36,-1
2024-12-17,2024-12-17 14:00:00,636.5,636.5,635.0,635.0,-0.24,7392.0,4636403.36,-1
2024-12-17,2024-12-17 15:00:00,635.0,641.0,616.1,635.0,0.0,7392.0,4636403.36,0
2024-12-18,2024-12-18 11:00:00,627.0,646.0,627.0,635.25,1.32,14509.8,9473795.58,1
2024-12-18,2024-12-18 12:00:00,635.25,643.5,635.25,643.5,1.3,14509.8,9473795.58,1
2024-12-18,2024-12-18 13:00:00,643.5,651.75,643.5,651.75,1.28,14509.8,9473795.58,1
2024-12-18,2024-12-18 14:00:00,651.75,660.0,651.75,660.0,1.27,14509.8,9473795.58,1
2024-12-18,2024-12-18 15:00:00,660.0,665.0,627.0,660.0,0.0,14509.8,9473795.58,0
2024-12-19,2024-12-19 11:00:00,649.0,671.3,649.0,660.15,1.72,15681.4,10368771.2,1
2024-12-19,2024-12-19 12:00:00,660.15,671.3,660.15,671.3,1.69,15681.4,10368771.2,1
2024-12-19,2024-12-19 13:00:00,671.3,682.45,671.3,682.45,1.66,15681.4,10368771.2,1
2024-12-19,2024-12-19 14:00:00,682.45,693.6,682.45,693.6,1.63,15681.4,10368771.2,1
2024-12-19,2024-12-19 15:00:00,693.6,693.6,649.0,693.6,0.0,15681.4,10368771.2,0
2024-12-22,2024-12-22 11:00:00,679.8,695.75,675.9,687.77,1.17,21702.2,15091076.28,1
2024-12-22,2024-12-22 12:00:00,687.77,695.75,687.77,695.75,1.16,21702.2,15091076.28,1
2024-12-22,2024-12-22 13:00:00,695.75,703.73,695.75,703.73,1.15,21702.2,15091076.28,1
2024-12-22,2024-12-22 14:00:00,703.73,711.7,703.73,711.7,1.13,21702.2,15091076.28,1
2024-12-22,2024-12-22 15:00:00,711.7,711.7,672.0,711.7,0.0,21702.2,15091076.28,0
2024-12-23,2024-12-23 11:00:00,701.0,721.5,692.6,704.5,0.5,23076.4,16349515.3,1
2024-12-23,2024-12-23 12:00:00,704.5,708.0,704.5,708.0,0.5,23076.4,16349515.3,1
2024-12-23,2024-12-23 13:00:00,708.0,711.5,708.0,711.5,0.49,23076.4,16349515.3,1
2024-12-23,2024-12-23 14:00:00,711.5,715.0,711.5,715.0,0.49,23076.4,16349515.3,1
2024-12-23,2024-12-23 15:00:00,715.0,742.0,684.2,715.0,0.0,23076.4,16349515.3,0
2024-12-24,2024-12-24 11:00:00,729.3,736.15,723.65,732.72,0.47,13007.6,9549927.78,1
2024-12-24,2024-12-24 12:00:00,732.72,736.15,732.72,736.15,0.47,13007.6,9549927.78,1
2024-12-24,2024-12-24 13:00:00,736.15,739.58,736.15,739.58,0.47,13007.6,9549927.78,1
2024-12-24,2024-12-24 14:00:00,739.58,743.0,739.58,743.0,0.46,13007.6,9549927.78,1
2024-12-24,2024-12-24 15:00:00,743.0,743.0,718.0,743.0,0.0,13007.6,9549927.78,0
2024-12-26,2024-12-26 11:00:00,728.2,728.2,709.1,722.9,-0.73,11226.2,7960580.7,-1
2024-12-26,2024-12-26 12:00:00,722.9,722.9,717.6,717.6,-0.73,11226.2,7960580.7,-1
2024-12-26,2024-12-26 13:00:00,717.6,717.6,712.3,712.3,-0.74,11226.2,7960580.7,-1
2024-12-26,2024-12-26 14:00:00,712.3,712.3,707.0,707.0,-0.74,11226.2,7960580.7,-1
2024-12-26,2024-12-26 15:00:00,707.0,728.2,690.0,707.0,0.0,11226.2,7960580.7,0
2024-12-29,2024-12-29 11:00:00,692.9,711.45,691.45,694.42,0.22,9707.6,6821730.2,1
2024-12-29,2024-12-29 12:00:00,694.42,695.95,694.42,695.95,0.22,9707.6,6821730.2,1
2024-12-29,2024-12-29 13:00:00,695.95,697.48,695.95,697.48,0.22,9707.6,6821730.2,1
2024-12-29,2024-12-29 14:00:00,697.48,699.0,697.48,699.0,0.22,9707.6,6821730.2,1
2024-12-29,2024-12-29 15:00:00,699.0,730.0,690.0,699.0,0.0,9707.6,6821730.2,0
2024-12-31,2024-12-31 11:00:00,712.0,712.0,687.0,704.0,-1.12,9947.4,6833705.94,-1
2024-12-31,2024-12-31 12:00:00,704.0,704.0,696.0,696.0,-1.14,9947.4,6833705.94,-1
2024-12-31,2024-12-31 13:00:00,696.0,696.0,688.0,688.0,-1.15,9947.4,6833705.94,-1
2024-12-31,2024-12-31 14:00:00,688.0,688.0,680.0,680.0,-1.16,9947.4,6833705.94,-1
2024-12-31,2024-12-31 15:00:00,680.0,712.0,662.0,680.0,0.0,9947.4,6833705.94,0
2025-01-01,2025-01-01 11:00:00,690.5,705.25,685.25,696.38,0.85,6134.8,4323116.86,1
2025-01-01,2025-01-01 12:00:00,696.38,702.25,696.38,702.25,0.84,6134.8,4323116.86,1
2025-01-01,2025-01-01 13:00:00,702.25,708.12,702.25,708.12,0.84,6134.8,4323116.86,1
2025-01-01,2025-01-01 14:00:00,708.12,714.0,708.12,714.0,0.83,6134.8,4323116.86,1
2025-01-01,2025-01-01 15:00:00,714.0,720.0,680.0,714.0,0.0,6134.8,4323116.86,0
2025-01-02,2025-01-02 11:00:00,699.8,731.35,699.8,712.35,1.79,11775.4,8805990.02,1
2025-01-02,2025-01-02 12:00:00,712.35,724.9,712.35,724.9,1.76,11775.4,8805990.02,1
2025-01-02,2025-01-02 13:00:00,724.9,737.45,724.9,737.45,1.73,11775.4,8805990.02,1
2025-01-02,2025-01-02 14:00:00,737.45,750.0,737.45,750.0,1.7,11775.4,8805990.02,1
2025-01-02,2025-01-02 15:00:00,750.0,762.9,699.8,750.0,0.0,11775.4,8805990.02,0
2025-01-05,2025-01-05 11:00:00,765.0,780.3,750.5,770.73,0.75,11759.8,9204897.8,1
2025-01-05,2025-01-05 12:00:00,770.73,776.45,770.73,776.45,0.74,11759.8,9204897.8,1
2025-01-05,2025-01-05 13:00:00,776.45,782.17,776.45,782.17,0.74,11759.8,9204897.8,1
2025-01-05,2025-01-05 14:00:00,782.17,787.9,782.17,787.9,0.73,11759.8,9204897.8,1
2025-01-05,2025-01-05 15:00:00,787.9,795.6,736.0,787.9,0.0,11759.8,9204897.8,0
2025-01-06,2025-01-06 11:00:00,803.6,811.6,785.1,807.6,0.5,23343.4,18337576.94,1
2025-01-06,2025-01-06 12:00:00,807.6,811.6,807.6,811.6,0.5,23343.4,18337576.94,1
2025-01-06,2025-01-06 13:00:00,811.6,815.6,811.6,815.6,0.49,23343.4,18337576.94,1
2025-01-06,2025-01-06 14:00:00,815.6,819.6,815.6,819.6,0.49,23343.4,18337576.94,1
2025-01-06,2025-01-06 15:00:00,819.6,819.6,766.6,819.6,0.0,23343.4,18337576.94,0
2025-01-07,2025-01-07 11:00:00,803.3,803.3,770.65,789.97,-1.66,25903.8,19593768.3,-1
2025-01-07,2025-01-07 12:00:00,789.97,789.97,776.65,776.65,-1.69,25903.8,19593768.3,-1
2025-01-07,2025-01-07 13:00:00,776.65,776.65,763.33,763.33,-1.72,25903.8,19593768.3,-1
2025-01-07,2025-01-07 14:00:00,763.33,763.33,750.0,750.0,-1.75,25903.8,19593768.3,-1
2025-01-07,2025-01-07 15:00:00,750.0,803.3,738.0,750.0,0.0,25903.8,19593768.3,0
2025-01-08,2025-01-08 11:00:00,760.0,762.5,742.05,754.25,-0.76,8885.0,6536432.46,-1
2025-01-08,2025-01-08 12:00:00,754.25,754.25,748.5,748.5,-0.76,8885.0,6536432.46,-1
2025-01-08,2025-01-08 13:00:00,748.5,748.5,742.75,742.75,-0.77,8885.0,6536432.46,-1
2025-01-08,2025-01-08 14:00:00,742.75,742.75,737.0,737.0,-0.77,8885.0,6536432.46,-1
2025-01-08,2025-01-08 15:00:00,737.0,765.0,724.1,737.0,0.0,8885.0,6536432.46,0
2025-01-09,2025-01-09 11:00:00,747.0,748.5,717.5,744.5,-0.33,15645.2,11403778.02,-1
2025-01-09,2025-01-09 12:00:00,744.5,744.5,742.0,742.0,-0.34,15645.2,11403778.02,-1
2025-01-09,2025-01-09 13:00:00,742.0,742.0,739.5,739.5,-0.34,15645.2,11403778.02,-1
2025-01-09,2025-01-09 14:00:00,739.5,739.5,737.0,737.0,-0.34,15645.2,11403778.02,-1
2025-01-09,2025-01-09 15:00:00,737.0,750.0,688.0,737.0,0.0,15645.2,11403778.02,0
2025-01-12,2025-01-12 11:00:00,722.3,735.65,722.3,726.27,0.55,3517.8,2587123.32,1
2025-01-12,2025-01-12 12:00:00,726.27,730.25,726.27,730.25,0.55,3517.8,2587123.32,1
2025-01-12,2025-01-12 13:00:00,730.25,734.23,730.25,734.23,0.55,3517.8,2587123.32,1
2025-01-12,2025-01-12 14:00:00,734.23,738.2,734.23,738.2,0.54,3517.8,2587123.32,1
2025-01-12,2025-01-12 15:00:00,738.2,749.0,722.3,738.2,0.0,3517.8,2587123.32,0
2025-01-13,2025-01-13 11:00:00,723.5,736.75,714.55,728.25,0.66,10320.4,7489540.1,1
2025-01-13,2025-01-13 12:00:00,728.25,733.0,728.25,733.0,0.65,10320.4,7489540.1,1
2025-01-13,2025-01-13 13:00:00,733.0,737.75,733.0,737.75,0.65,10320.4,7489540.1,1
2025-01-13,2025-01-13 14:00:00,737.75,742.5,737.75,742.5,0.64,10320.4,7489540.1,1
2025-01-13,2025-01-13 15:00:00,742.5,750.0,705.6,742.5,0.0,10320.4,7489540.1,0
2025-01-15,2025-01-15 11:00:00,741.0,770.5,735.5,755.75,1.99,21374.8,16215364.58,1
2025-01-15,2025-01-15 12:00:00,755.75,770.5,755.75,770.5,1.95,21374.8,16215364.58,1
2025-01-15,2025-01-15 13:00:00,770.5,785.25,770.5,785.25,1.91,21374.8,16215364.58,1
2025-01-15,2025-01-15 14:00:00,785.25,800.0,785.25,800.0,1.88,21374.8,16215364.58,1
2025-01-15,2025-01-15 15:00:00,800.0,800.0,730.0,800.0,0.0,21374.8,16215364.58,0
2025-01-16,2025-01-16 11:00:00,784.0,817.0,774.55,799.75,2.01,18464.6,14550904.38,1
2025-01-16,2025-01-16 12:00:00,799.75,815.5,799.75,815.5,1.97,18464.6,14550904.38,1
2025-01-16,2025-01-16 13:00:00,815.5,831.25,815.5,831.25,1.93,18464.6,14550904.38,1
2025-01-16,2025-01-16 14:00:00,831.25,847.0,831.25,847.0,1.89,18464.6,14550904.38,1
2025-01-16,2025-01-16 15:00:00,847.0,850.0,765.1,847.0,0.0,18464.6,14550904.38,0
2025-01-19,2025-01-19 11:00:00,845.0,853.45,803.65,849.23,0.5,26010.4,20591275.12,1
2025-01-19,2025-01-19 12:00:00,849.23,853.45,849.23,853.45,0.5,26010.4,20591275.12,1
2025-01-19,2025-01-19 13:00:00,853.45,857.67,853.45,857.67,0.49,26010.4,20591275.12,1
2025-01-19,2025-01-19 14:00:00,857.67,861.9,857.67,861.9,0.49,26010.4,20591275.12,1
2025-01-19,2025-01-19 15:00:00,861.9,861.9,762.3,861.9,0.0,26010.4,20591275.12,0
2025-01-20,2025-01-20 11:00:00,859.0,859.0,817.4,838.2,-2.42,12756.2,9950577.1,-1
2025-01-20,2025-01-20 12:00:00,838.2,838.2,817.4,817.4,-2.48,12756.2,9950577.1,-1
2025-01-20,2025-01-20 13:00:00,817.4,817.4,796.6,796.6,-2.54,12756.2,9950577.1,-1
2025-01-20,2025-01-20 14:00:00,796.6,796.6,775.8,775.8,-2.61,12756.2,9950577.1,-1
2025-01-20,2025-01-20 15:00:00,775.8,859.0,775.8,775.8,0.0,12756.2,9950577.1,0
2025-01-21,2025-01-21 11:00:00,791.3,791.3,765.65,778.47,-1.62,12651.8,9541066.72,-1
2025-01-21,2025-01-21 12:00:00,778.47,778.47,765.65,765.65,-1.65,12651.8,9541066.72,-1
2025-01-21,2025-01-21 13:00:00,765.65,765.65,752.83,752.83,-1.67,12651.8,9541066.72,-1
2025-01-21,2025-01-21 14:00:00,752.83,752.83,740.0,740.0,-1.7,12651.8,9541066.72,-1
2025-01-21,2025-01-21 15:00:00,740.0,791.3,740.0,740.0,0.0,12651.8,9541066.72,0
2025-01-22,2025-01-22 11:00:00,740.0,764.0,738.1,743.38,0.46,8330.6,6351311.88,1
2025-01-22,2025-01-22 12:00:00,743.38,746.75,743.38,746.75,0.45,8330.6,6351311.88,1
2025-01-22,2025-01-22 13:00:00,746.75,750.12,746.75,750.12,0.45,8330.6,6351311.88,1
2025-01-22,2025-01-22 14:00:00,750.12,753.5,750.12,753.5,0.45,8330.6,6351311.88,1
2025-01-22,2025-01-22 15:00:00,753.5,788.0,736.2,753.5,0.0,8330.6,6351311.88,0
2025-01-23,2025-01-23 11:00:00,768.5,774.25,764.3,768.38,-0.02,13911.4,10729468.66,-1
2025-01-23,2025-01-23 12:00:00,768.38,768.38,768.25,768.25,-0.02,13911.4,10729468.66,-1
2025-01-23,2025-01-23 13:00:00,768.25,768.25,768.12,768.12,-0.02,13911.4,10729468.66,-1
2025-01-23,2025-01-23 14:00:00,768.12,768.12,768.0,768.0,-0.02,13911.4,10729468.66,-1
2025-01-23,2025-01-23 15:00:00,768.0,780.0,760.1,768.0,0.0,13911.4,10729468.66,0
2025-01-26,2025-01-26 11:00:00,779.0,795.75,760.0,781.0,0.26,18460.2,14478550.56,1
2025-01-26,2025-01-26 12:00:00,781.0,783.0,781.0,783.0,0.26,18460.2,14478550.56,1
2025-01-26,2025-01-26 13:00:00,783.0,785.0,783.0,785.0,0.26,18460.2,14478550.56,1
2025-01-26,2025-01-26 14:00:00,785.0,787.0,785.0,787.0,0.25,18460.2,14478550.56,1
2025-01-26,2025-01-26 15:00:00,787.0,812.5,741.0,787.0,0.0,18460.2,14478550.56,0
2025-01-27,2025-01-27 11:00:00,771.3,803.65,771.3,787.47,2.1,23017.6,18843168.34,1
2025-01-27,2025-01-27 12:00:00,787.47,803.65,787.47,803.65,2.05,23017.6,18843168.34,1
2025-01-27,2025-01-27 13:00:00,803.65,819.83,803.65,819.83,2.01,23017.6,18843168.34,1
2025-01-27,2025-01-27 14:00:00,819.83,836.0,819.83,836.0,1.97,23017.6,18843168.34,1
2025-01-27,2025-01-27 15:00:00,836.0,836.0,771.3,836.0,0.0,23017.6,18843168.34,0
2025-01-28,2025-01-28 11:00:00,850.0,850.0,821.9,840.5,-1.12,19628.4,16186189.56,-1
2025-01-28,2025-01-28 12:00:00,840.5,840.5,831.0,831.0,-1.13,19628.4,16186189.56,-1
2025-01-28,2025-01-28 13:00:00,831.0,831.0,821.5,821.5,-1.14,19628.4,16186189.56,-1
2025-01-28,2025-01-28 14:00:00,821.5,821.5,812.0,812.0,-1.16,19628.4,16186189.56,-1
2025-01-28,2025-01-28 15:00:00,812.0,850.0,793.8,812.0,0.0,19628.4,16186189.56,0
2025-02-02,2025-02-02 11:00:00,795.8,844.5,795.8,820.15,3.06,40482.4,34851815.44,1
2025-02-02,2025-02-02 12:00:00,820.15,844.5,820.15,844.5,2.97,40482.4,34851815.44,1
2025-02-02,2025-02-02 13:00:00,844.5,868.85,844.5,868.85,2.88,40482.4,34851815.44,1
2025-02-02,2025-02-02 14:00:00,868.85,893.2,868.85,893.2,2.8,40482.4,34851815.44,1
2025-02-02,2025-02-02 15:00:00,893.2,893.2,795.8,893.2,0.0,40482.4,34851815.44,0
2025-02-03,2025-02-03 11:00:00,911.0,946.75,911.0,928.88,1.96,36434.2,34781660.2,1
2025-02-03,2025-02-03 12:00:00,928.88,946.75,928.88,946.75,1.92,36434.2,34781660.2,1
2025-02-03,2025-02-03 13:00:00,946.75,964.62,946.75,964.62,1.89,36434.2,34781660.2,1
2025-02-03,2025-02-03 14:00:00,964.62,982.5,964.62,982.5,1.85,36434.2,34781660.2,1
2025-02-03,2025-02-03 15:00:00,982.5,982.5,911.0,982.5,0.0,36434.2,34781660.2,0
2025-02-04,2025-02-04 11:00:00,962.9,1021.45,951.45,957.92,-0.52,20912.2,20510979.82,-1
2025-02-04,2025-02-04 12:00:00,957.92,957.92,952.95,952.95,-0.52,20912.2,20510979.82,-1
2025-02-04,2025-02-04 13:00:00,952.95,952.95,947.98,947.98,-0.52,20912.2,20510979.82,-1
2025-02-04,2025-02-04 14:00:00,947.98,947.98,943.0,943.0,-0.53,20912.2,20510979.82,-1
2025-02-04,2025-02-04 15:00:00,943.0,1080.0,940.0,943.0,0.0,20912.2,20510979.82,0
2025-02-05,2025-02-05 11:00:00,955.0,991.5,930.3,973.25,1.91,20262.2,19378234.62,1
2025-02-05,2025-02-05 12:00:00,973.25,991.5,973.25,991.5,1.88,20262.2,19378234.62,1
2025-02-05,2025-02-05 13:00:00,991.5,1009.75,991.5,1009.75,1.84,20262.2,19378234.62,1
2025-02-05,2025-02-05 14:00:00,1009.75,1028.0,1009.75,1028.0,1.81,20262.2,19378234.62,1
2025-02-05,2025-02-05 15:00:00,1028.0,1028.0,905.6,1028.0,0.0,20262.2,19378234.62,0
2025-02-06,2025-02-06 11:00:00,1007.5,1007.5,966.35,992.35,-1.5,13866.4,13083007.24,-1
2025-02-06,2025-02-06 12:00:00,992.35,992.35,977.2,977.2,-1.53,13866.4,13083007.24,-1
2025-02-06,2025-02-06 13:00:00,977.2,977.2,962.05,962.05,-1.55,13866.4,13083007.24,-1
2025-02-06,2025-02-06 14:00:00,962.05,962.05,946.9,946.9,-1.57,13866.4,13083007.24,-1
2025-02-06,2025-02-06 15:00:00,946.9,1007.5,925.2,946.9,0.0,13866.4,13083007.24,0
2025-02-09,2025-02-09 11:00:00,928.0,928.0,905.0,921.75,-0.67,9294.0,8355443.58,-1
2025-02-09,2025-02-09 12:00:00,921.75,921.75,915.5,915.5,-0.68,9294.0,8355443.58,-1
2025-02-09,2025-02-09 13:00:00,915.5,915.5,909.25,909.25,-0.68,9294.0,8355443.58,-1
2025-02-09,2025-02-09 14:00:00,909.25,909.25,903.0,903.0,-0.69,9294.0,8355443.58,-1
2025-02-09,2025-02-09 15:00:00,903.0,928.0,882.0,903.0,0.0,9294.0,8355443.58,0
2025-02-10,2025-02-10 11:00:00,921.0,935.5,899.45,926.58,0.61,22349.8,20459116.88,1
2025-02-10,2025-02-10 12:00:00,926.58,932.15,926.58,932.15,0.6,22349.8,20459116.88,1
2025-02-10,2025-02-10 13:00:00,932.15,937.72,932.15,937.72,0.6,22349.8,20459116.88,1
2025-02-10,2025-02-10 14:00:00,937.72,943.3,937.72,943.3,0.6,22349.8,20459116.88,1
2025-02-10,2025-02-10 15:00:00,943.3,950.0,877.9,943.3,0.0,22349.8,20459116.88,0
2025-02-11,2025-02-11 11:00:00,924.5,967.65,886.75,905.62,-2.04,22627.8,20773792.74,-1
2025-02-11,2025-02-11 12:00:00,905.62,905.62,886.75,886.75,-2.08,22627.8,20773792.74,-1
2025-02-11,2025-02-11 13:00:00,886.75,886.75,867.88,867.88,-2.13,22627.8,20773792.74,-1
2025-02-11,2025-02-11 14:00:00,867.88,867.88,849.0,849.0,-2.18,22627.8,20773792.74,-1
2025-02-11,2025-02-11 15:00:00,849.0,1010.8,849.0,849.0,0.0,22627.8,20773792.74,0
2025-02-12,2025-02-12 11:00:00,865.9,895.9,865.9,876.92,1.27,5890.4,5334234.24,1
2025-02-12,2025-02-12 12:00:00,876.92,887.95,876.92,887.95,1.26,5890.4,5334234.24,1
2025-02-12,2025-02-12 13:00:00,887.95,898.98,887.95,898.98,1.24,5890.4,5334234.24,1
2025-02-12,2025-02-12 14:00:00,898.98,910.0,898.98,910.0,1.23,5890.4,5334234.24,1
2025-02-12,2025-02-12 15:00:00,910.0,925.9,865.9,910.0,0.0,5890.4,5334234.24,0
2025-02-13,2025-02-13 11:00:00,891.8,910.85,872.7,890.82,-0.11,11736.8,10378716.08,-1
2025-02-13,2025-02-13 12:00:00,890.82,890.82,889.85,889.85,-0.11,11736.8,10378716.08,-1
2025-02-13,2025-02-13 13:00:00,889.85,889.85,888.88,888.88,-0.11,11736.8,10378716.08,-1
2025-02-13,2025-02-13 14:00:00,888.88,888.88,887.9,887.9,-0.11,11736.8,10378716.08,-1
2025-02-13,2025-02-13 15:00:00,887.9,929.9,853.6,887.9,0.0,11736.8,10378716.08,0
2025-02-16,2025-02-16 11:00:00,887.0,894.5,863.5,882.25,-0.54,7156.8,6137676.36,-1
2025-02-16,2025-02-16 12:00:00,882.25,882.25,877.5,877.5,-0.54,7156.8,6137676.36,-1
2025-02-16,2025-02-16 13:00:00,877.5,877.5,872.75,872.75,-0.54,7156.8,6137676.36,-1
2025-02-16,2025-02-16 14:00:00,872.75,872.75,868.0,868.0,-0.54,7156.8,6137676.36,-1
2025-02-16,2025-02-16 15:00:00,868.0,902.0,840.0,868.0,0.0,7156.8,6137676.36,0
2025-02-17,2025-02-17 11:00:00,885.3,917.65,861.6,901.47,1.83,16021.0,13954052.46,1
2025-02-17,2025-02-17 12:00:00,901.47,917.65,901.47,917.65,1.79,16021.0,13954052.46,1
2025-02-17,2025-02-17 13:00:00,917.65,933.83,917.65,933.83,1.76,16021.0,13954052.46,1
2025-02-17,2025-02-17 14:00:00,933.83,950.0,933.83,950.0,1.73,16021.0,13954052.46,1
2025-02-17,2025-02-17 15:00:00,950.0,950.0,837.9,950.0,0.0,16021.0,13954052.46,0
2025-02-18,2025-02-18 11:00:00,931.0,931.0,893.0,914.5,-1.77,9075.6,7829558.46,-1
2025-02-18,2025-02-18 12:00:00,914.5,914.5,898.0,898.0,-1.8,9075.6,7829558.46,-1
2025-02-18,2025-02-18 13:00:00,898.0,898.0,881.5,881.5,-1.84,9075.6,7829558.46,-1
2025-02-18,2025-02-18 14:00:00,881.5,881.5,865.0,865.0,-1.87,9075.6,7829558.46,-1
2025-02-18,2025-02-18 15:00:00,865.0,931.0,855.0,865.0,0.0,9075.6,7829558.46,0
2025-02-20,2025-02-20 11:00:00,865.0,865.0,840.0,852.5,-1.45,5661.4,4678060.9,-1
2025-02-20,2025-02-20 12:00:00,852.5,852.5,840.0,840.0,-1.47,5661.4,4678060.9,-1
2025-02-20,2025-02-20 13:00:00,840.0,840.0,827.5,827.5,-1.49,5661.4,4678060.9,-1
2025-02-20,2025-02-20 14:00:00,827.5,827.5,815.0,815.0,-1.51,5661.4,4678060.9,-1
2025-02-20,2025-02-20 15:00:00,815.0,865.0,815.0,815.0,0.0,5661.4,4678060.9,0
2025-02-23,2025-02-23 11:00:00,801.0,828.0,799.5,808.25,0.91,8120.4,6742829.96,1
2025-02-23,2025-02-23 12:00:00,808.25,815.5,808.25,815.5,0.9,8120.4,6742829.96,1
2025-02-23,2025-02-23 13:00:00,815.5,822.75,815.5,822.75,0.89,8120.4,6742829.96,1
2025-02-23,2025-02-23 14:00:00,822.75,830.0,822.75,830.0,0.88,8120.4,6742829.96,1
2025-02-23,2025-02-23 15:00:00,830.0,855.0,798.0,830.0,0.0,8120.4,6742829.96,0
2025-02-24,2025-02-24 11:00:00,814.0,837.0,789.6,806.75,-0.89,15853.2,12723448.0,-1
2025-02-24,2025-02-24 12:00:00,806.75,806.75,799.5,799.5,-0.9,15853.2,12723448.0,-1
2025-02-24,2025-02-24 13:00:00,799.5,799.5,792.25,792.25,-0.91,15853.2,12723448.0,-1
2025-02-24,2025-02-24 14:00:00,792.25,792.25,785.0,785.0,-0.92,15853.2,12723448.0,-1
2025-02-24,2025-02-24 15:00:00,785.0,860.0,765.2,785.0,0.0,15853.2,12723448.0,0
2025-02-25,2025-02-25 11:00:00,769.3,810.15,769.3,789.72,2.65,9892.0,7964805.46,1
2025-02-25,2025-02-25 12:00:00,789.72,810.15,789.72,810.15,2.59,9892.0,7964805.46,1
2025-02-25,2025-02-25 13:00:00,810.15,830.58,810.15,830.58,2.52,9892.0,7964805.46,1
2025-02-25,2025-02-25 14:00:00,830.58,851.0,830.58,851.0,2.46,9892.0,7964805.46,1
2025-02-25,2025-02-25 15:00:00,851.0,851.0,769.3,851.0,0.0,9892.0,7964805.46,0
2025-02-27,2025-02-27 11:00:00,852.0,852.0,808.95,836.5,-1.82,16244.4,12890775.82,-1
2025-02-27,2025-02-27 12:00:00,836.5,836.5,821.0,821.0,-1.85,16244.4,12890775.82,-1
2025-02-27,2025-02-27 13:00:00,821.0,821.0,805.5,805.5,-1.89,16244.4,12890775.82,-1
2025-02-27,2025-02-27 14:00:00,805.5,805.5,790.0,790.0,-1.92,16244.4,12890775.82,-1
2025-02-27,2025-02-27 15:00:00,790.0,852.0,765.9,790.0,0.0,16244.4,12890775.82,0
2025-03-02,2025-03-02 11:00:00,805.8,805.8,782.9,795.1,-1.33,4478.0,3458545.78,-1
2025-03-02,2025-03-02 12:00:00,795.1,795.1,784.4,784.4,-1.35,4478.0,3458545.78,-1
2025-03-02,2025-03-02 13:00:00,784.4,784.4,773.7,773.7,-1.36,4478.0,3458545.78,-1
2025-03-02,2025-03-02 14:00:00,773.7,773.7,763.0,763.0,-1.38,4478.0,3458545.78,-1
2025-03-02,2025-03-02 15:00:00,763.0,805.8,760.0,763.0,0.0,4478.0,3458545.78,0
2025-03-03,2025-03-03 11:00:00,765.0,777.5,725.85,752.25,-1.67,19364.0,13995844.46,-1
2025-03-03,2025-03-03 12:00:00,752.25,752.25,739.5,739.5,-1.69,19364.0,13995844.46,-1
2025-03-03,2025-03-03 13:00:00,739.5,739.5,726.75,726.75,-1.72,19364.0,13995844.46,-1
2025-03-03,2025-03-03 14:00:00,726.75,726.75,714.0,714.0,-1.75,19364.0,13995844.46,-1
2025-03-03,2025-03-03 15:00:00,714.0,790.0,686.7,714.0,0.0,19364.0,13995844.46,0
2025-03-04,2025-03-04 11:00:00,715.0,723.5,702.55,711.83,-0.44,8274.8,5856448.66,-1
2025-03-04,2025-03-04 12:00:00,711.83,711.83,708.65,708.65,-0.45,8274.8,5856448.66,-1
2025-03-04,2025-03-04 13:00:00,708.65,708.65,705.47,705.47,-0.45,8274.8,5856448.66,-1
2025-03-04,2025-03-04 14:00:00,705.47,705.47,702.3,702.3,-0.45,8274.8,5856448.66,-1
2025-03-04,2025-03-04 15:00:00,702.3,732.0,690.1,702.3,0.0,8274.8,5856448.66,0
2025-03-05,2025-03-05 11:00:00,715.0,722.15,691.75,705.25,-1.36,9527.4,6569381.7,-1
2025-03-05,2025-03-05 12:00:00,705.25,705.25,695.5,695.5,-1.38,9527.4,6569381.7,-1
2025-03-05,2025-03-05 13:00:00,695.5,695.5,685.75,685.75,-1.4,9527.4,6569381.7,-1
2025-03-05,2025-03-05 14:00:00,685.75,685.75,676.0,676.0,-1.42,9527.4,6569381.7,-1
2025-03-05,2025-03-05 15:00:00,676.0,729.3,668.5,676.0,0.0,9527.4,6569381.7,0
2025-03-06,2025-03-06 11:00:00,682.0,712.8,680.5,697.4,2.26,13158.4,9502479.22,1
2025-03-06,2025-03-06 12:00:00,697.4,712.8,697.4,712.8,2.21,13158.4,9502479.22,1
2025-03-06,2025-03-06 13:00:00,712.8,728.2,712.8,728.2,2.16,13158.4,9502479.22,1
2025-03-06,2025-03-06 14:00:00,728.2,743.6,728.2,743.6,2.11,13158.4,9502479.22,1
2025-03-06,2025-03-06 15:00:00,743.6,743.6,679.0,743.6,0.0,13158.4,9502479.22,0
2025-03-09,2025-03-09 11:00:00,758.4,788.15,758.4,773.27,1.96,10862.2,8875288.08,1
2025-03-09,2025-03-09 12:00:00,773.27,788.15,773.27,788.15,1.92,10862.2,8875288.08,1
2025-03-09,2025-03-09 13:00:00,788.15,803.02,788.15,803.02,1.89,10862.2,8875288.08,1
2025-03-09,2025-03-09 14:00:00,803.02,817.9,803.02,817.9,1.85,10862.2,8875288.08,1
2025-03-09,2025-03-09 15:00:00,817.9,817.9,758.4,817.9,0.0,10862.2,8875288.08,0
2025-03-10,2025-03-10 11:00:00,834.2,850.6,819.1,830.65,-0.43,17108.0,14127973.24,-1
2025-03-10,2025-03-10 12:00:00,830.65,830.65,827.1,827.1,-0.43,17108.0,14127973.24,-1
2025-03-10,2025-03-10 13:00:00,827.1,827.1,823.55,823.55,-0.43,17108.0,14127973.24,-1
2025-03-10,2025-03-10 14:00:00,823.55,823.55,820.0,820.0,-0.43,17108.0,14127973.24,-1
2025-03-10,2025-03-10 15:00:00,820.0,867.0,804.0,820.0,0.0,17108.0,14127973.24,0
2025-03-11,2025-03-11 11:00:00,804.0,817.0,796.6,802.75,-0.16,7119.6,5789878.88,-1
2025-03-11,2025-03-11 12:00:00,802.75,802.75,801.5,801.5,-0.16,7119.6,5789878.88,-1
2025-03-11,2025-03-11 13:00:00,801.5,801.5,800.25,800.25,-0.16,7119.6,5789878.88,-1
2025-03-11,2025-03-11 14:00:00,800.25,800.25,799.0,799.0,-0.16,7119.6,5789878.88,-1
2025-03-11,2025-03-11 15:00:00,799.0,830.0,789.2,799.0,0.0,7119.6,5789878.88,0
2025-03-12,2025-03-12 11:00:00,784.0,802.0,783.55,790.5,0.83,6561.2,5279848.56,1
2025-03-12,2025-03-12 12:00:00,790.5,797.0,790.5,797.0,0.82,6561.2,5279848.56,1
2025-03-12,2025-03-12 13:00:00,797.0,803.5,797.0,803.5,0.82,6561.2,5279848.56,1
2025-03-12,2025-03-12 14:00:00,803.5,810.0,803.5,810.0,0.81,6561.2,5279848.56,1
2025-03-12,2025-03-12 15:00:00,810.0,820.0,783.1,810.0,0.0,6561.2,5279848.56,0
2025-03-16,2025-03-16 11:00:00,824.0,824.0,812.0,818.25,-0.7,3985.6,3232674.96,-1
2025-03-16,2025-03-16 12:00:00,818.25,818.25,812.5,812.5,-0.7,3985.6,3232674.96,-1
2025-03-16,2025-03-16 13:00:00,812.5,812.5,806.75,806.75,-0.71,3985.6,3232674.96,-1
2025-03-16,2025-03-16 14:00:00,806.75,806.75,801.0,801.0,-0.71,3985.6,3232674.96,-1
2025-03-16,2025-03-16 15:00:00,801.0,824.0,800.0,801.0,0.0,3985.6,3232674.96,0
2025-03-17,2025-03-17 11:00:00,795.0,814.85,795.0,802.25,0.91,7775.0,6374837.62,1
2025-03-17,2025-03-17 12:00:00,802.25,809.5,802.25,809.5,0.9,7775.0,6374837.62,1
2025-03-17,2025-03-17 13:00:00,809.5,816.75,809.5,816.75,0.9,7775.0,6374837.62,1
2025-03-17,2025-03-17 14:00:00,816.75,824.0,816.75,824.0,0.89,7775.0,6374837.62,1
2025-03-17,2025-03-17 15:00:00,824.0,834.7,795.0,824.0,0.0,7775.0,6374837.62,0
2025-03-18,2025-03-18 11:00:00,835.0,868.0,819.35,847.25,1.47,23838.0,20092649.34,1
2025-03-18,2025-03-18 12:00:00,847.25,859.5,847.25,859.5,1.45,23838.0,20092649.34,1
2025-03-18,2025-03-18 13:00:00,859.5,871.75,859.5,871.75,1.43,23838.0,20092649.34,1
2025-03-18,2025-03-18 14:00:00,871.75,884.0,871.75,884.0,1.41,23838.0,20092649.34,1
2025-03-18,2025-03-18 15:00:00,884.0,901.0,803.7,884.0,0.0,23838.0,20092649.34,0
2025-03-19,2025-03-19 11:00:00,866.4,913.2,832.2,886.8,2.35,24055.2,20524916.02,1
2025-03-19,2025-03-19 12:00:00,886.8,907.2,886.8,907.2,2.3,24055.2,20524916.02,1
2025-03-19,2025-03-19 13:00:00,907.2,927.6,907.2,927.6,2.25,24055.2,20524916.02,1
2025-03-19,2025-03-19 14:00:00,927.6,948.0,927.6,948.0,2.2,24055.2,20524916.02,1
2025-03-19,2025-03-19 15:00:00,948.0,960.0,798.0,948.0,0.0,24055.2,20524916.02,0
2025-03-20,2025-03-20 11:00:00,929.1,929.1,891.15,910.12,-2.04,3430.2,2929413.12,-1
2025-03-20,2025-03-20 12:00:00,910.12,910.12,891.15,891.15,-2.08,3430.2,2929413.12,-1
2025-03-20,2025-03-20 13:00:00,891.15,891.15,872.18,872.18,-2.13,3430.2,2929413.12,-1
2025-03-20,2025-03-20 14:00:00,872.18,872.18,853.2,853.2,-2.18,3430.2,2929413.12,-1
2025-03-20,2025-03-20 15:00:00,853.2,929.1,853.2,853.2,0.0,3430.2,2929413.12,0
2025-03-23,2025-03-23 11:00:00,854.0,854.0,817.0,838.3,-1.84,8259.2,6629594.84,-1
2025-03-23,2025-03-23 12:00:00,838.3,838.3,822.61,822.61,-1.87,8259.2,6629594.84,-1
2025-03-23,2025-03-23 13:00:00,822.61,822.61,806.91,806.91,-1.91,8259.2,6629594.84,-1
2025-03-23,2025-03-23 14:00:00,806.91,806.91,791.21,791.21,-1.95,8259.2,6629594.84,-1
2025-03-23,2025-03-23 15:00:00,791.21,854.0,780.0,791.21,0.0,8259.2,6629594.84,0
2025-03-24,2025-03-24 11:00:00,800.0,807.5,792.0,801.28,0.16,3498.4,2806915.78,1
2025-03-24,2025-03-24 12:00:00,801.28,802.57,801.28,802.57,0.16,3498.4,2806915.78,1
2025-03-24,2025-03-24 13:00:00,802.57,803.85,802.57,803.85,0.16,3498.4,2806915.78,1
2025-03-24,2025-03-24 14:00:00,803.85,805.13,803.85,805.13,0.16,3498.4,2806915.78,1
2025-03-24,2025-03-24 15:00:00,805.13,815.0,784.0,805.13,0.0,3498.4,2806915.78,0
2025-03-25,2025-03-25 11:00:00,790.0,791.5,777.0,784.67,-0.67,4078.6,3170806.18,-1
2025-03-25,2025-03-25 12:00:00,784.67,784.67,779.34,779.34,-0.68,4078.6,3170806.18,-1
2025-03-25,2025-03-25 13:00:00,779.34,779.34,774.01,774.01,-0.68,4078.6,3170806.18,-1
2025-03-25,2025-03-25 14:00:00,774.01,774.01,768.68,768.68,-0.69,4078.6,3170806.18,-1
2025-03-25,2025-03-25 15:00:00,768.68,793.0,764.0,768.68,0.0,4078.6,3170806.18,0
2025-03-26,2025-03-26 11:00:00,780.0,787.5,767.3,777.97,-0.26,2761.0,2141689.36,-1
2025-03-26,2025-03-26 12:00:00,777.97,777.97,775.94,775.94,-0.26,2761.0,2141689.36,-1
2025-03-26,2025-03-26 13:00:00,775.94,775.94,773.91,773.91,-0.26,2761.0,2141689.36,-1
2025-03-26,2025-03-26 14:00:00,773.91,773.91,771.88,771.88,-0.26,2761.0,2141689.36,-1
2025-03-26,2025-03-26 15:00:00,771.88,795.0,754.6,771.88,0.0,2761.0,2141689.36,0
2025-03-27,2025-03-27 11:00:00,757.1,778.55,757.1,763.26,0.81,3046.8,2383453.2,1
2025-03-27,2025-03-27 12:00:00,763.26,769.43,763.26,769.43,0.81,3046.8,2383453.2,1
2025-03-27,2025-03-27 13:00:00,769.43,775.6,769.43,775.6,0.8,3046.8,2383453.2,1
2025-03-27,2025-03-27 14:00:00,775.6,781.76,775.6,781.76,0.79,3046.8,2383453.2,1
2025-03-27,2025-03-27 15:00:00,781.76,800.0,757.1,781.76,0.0,3046.8,2383453.2,0
2025-03-30,2025-03-30 11:00:00,797.3,803.65,783.2,798.15,0.11,4864.2,3880312.2,1
2025-03-30,2025-03-30 12:00:00,798.15,799.0,798.15,799.0,0.11,4864.2,3880312.2,1
2025-03-30,2025-03-30 13:00:00,799.0,799.85,799.0,799.85,0.11,4864.2,3880312.2,1
2025-03-30,2025-03-30 14:00:00,799.85,800.7,799.85,800.7,0.11,4864.2,3880312.2,1
2025-03-30,2025-03-30 15:00:00,800.7,810.0,769.1,800.7,0.0,4864.2,3880312.2,0
2025-04-01,2025-04-01 11:00:00,816.7,816.7,799.85,810.32,-0.78,3294.2,2619537.98,-1
2025-04-01,2025-04-01 12:00:00,810.32,810.32,803.95,803.95,-0.79,3294.2,2619537.98,-1
2025-04-01,2025-04-01 13:00:00,803.95,803.95,797.57,797.57,-0.79,3294.2,2619537.98,-1
2025-04-01,2025-04-01 14:00:00,797.57,797.57,791.19,791.19,-0.8,3294.2,2619537.98,-1
2025-04-01,2025-04-01 15:00:00,791.19,816.7,783.0,791.19,0.0,3294.2,2619537.98,0
2025-04-02,2025-04-02 11:00:00,775.4,797.2,775.4,783.24,1.01,5149.8,4150556.06,1
2025-04-02,2025-04-02 12:00:00,783.24,791.08,783.24,791.08,1.0,5149.8,4150556.06,1
2025-04-02,2025-04-02 13:00:00,791.08,798.91,791.08,798.91,0.99,5149.8,4150556.06,1
2025-04-02,2025-04-02 14:00:00,798.91,806.75,798.91,806.75,0.98,5149.8,4150556.06,1
2025-04-02,2025-04-02 15:00:00,806.75,819.0,775.4,806.75,0.0,5149.8,4150556.06,0
2025-04-03,2025-04-03 11:00:00,790.7,806.35,789.35,791.16,0.06,5538.4,4430938.4,1
2025-04-03,2025-04-03 12:00:00,791.16,791.62,791.16,791.62,0.06,5538.4,4430938.4,1
2025-04-03,2025-04-03 13:00:00,791.62,792.09,791.62,792.09,0.06,5538.4,4430938.4,1
2025-04-03,2025-04-03 14:00:00,792.09,792.55,792.09,792.55,0.06,5538.4,4430938.4,1
2025-04-03,2025-04-03 15:00:00,792.55,822.0,788.0,792.55,0.0,5538.4,4430938.4,0
2025-04-07,2025-04-07 11:00:00,800.0,800.0,788.1,794.41,-0.7,2240.4,1751469.8,-1
2025-04-07,2025-04-07 12:00:00,794.41,794.41,788.82,788.82,-0.7,2240.4,1751469.8,-1
2025-04-07,2025-04-07 13:00:00,788.82,788.82,783.23,783.23,-0.71,2240.4,1751469.8,-1
2025-04-07,2025-04-07 14:00:00,783.23,783.23,777.64,777.64,-0.71,2240.4,1751469.8,-1
2025-04-07,2025-04-07 15:00:00,777.64,800.0,776.2,777.64,0.0,2240.4,1751469.8,0
2025-04-08,2025-04-08 11:00:00,779.0,779.5,771.5,778.67,-0.04,2333.4,1796192.52,-1
2025-04-08,2025-04-08 12:00:00,778.67,778.67,778.35,778.35,-0.04,2333.4,1796192.52,-1
2025-04-08,2025-04-08 13:00:00,778.35,778.35,778.03,778.03,-0.04,2333.4,1796192.52,-1
2025-04-08,2025-04-08 14:00:00,778.03,778.03,777.7,777.7,-0.04,2333.4,1796192.52,-1
2025-04-08,2025-04-08 15:00:00,777.7,780.0,764.0,777.7,0.0,2333.4,1796192.52,0
2025-04-09,2025-04-09 11:00:00,762.2,781.1,762.2,764.8,0.34,748.2,580519.16,1
2025-04-09,2025-04-09 12:00:00,764.8,767.4,764.8,767.4,0.34,748.2,580519.16,1
2025-04-09,2025-04-09 13:00:00,767.4,770.01,767.4,770.01,0.34,748.2,580519.16,1
2025-04-09,2025-04-09 14:00:00,770.01,772.61,770.01,772.61,0.34,748.2,580519.16,1
2025-04-09,2025-04-09 15:00:00,772.61,800.0,762.2,772.61,0.0,748.2,580519.16,0
2025-04-10,2025-04-10 11:00:00,775.0,781.5,762.5,770.26,-0.61,6052.2,4648318.76,-1
2025-04-10,2025-04-10 12:00:00,770.26,770.26,765.52,765.52,-0.62,6052.2,4648318.76,-1
2025-04-10,2025-04-10 13:00:00,765.52,765.52,760.79,760.79,-0.62,6052.2,4648318.76,-1
2025-04-10,2025-04-10 14:00:00,760.79,760.79,756.05,756.05,-0.62,6052.2,4648318.76,-1
2025-04-10,2025-04-10 15:00:00,756.05,788.0,750.0,756.05,0.0,6052.2,4648318.76,0
2025-04-13,2025-04-13 11:00:00,771.0,771.55,758.55,767.73,-0.42,2824.0,2141906.64,-1
2025-04-13,2025-04-13 12:00:00,767.73,767.73,764.46,764.46,-0.43,2824.0,2141906.64,-1
2025-04-13,2025-04-13 13:00:00,764.46,764.46,761.2,761.2,-0.43,2824.0,2141906.64,-1
2025-04-13,2025-04-13 14:00:00,761.2,761.2,757.93,757.93,-0.43,2824.0,2141906.64,-1
2025-04-13,2025-04-13 15:00:00,757.93,772.1,746.1,757.93,0.0,2824.0,2141906.64,0
2025-04-15,2025-04-15 11:00:00,770.0,780.0,762.5,769.63,-0.05,5326.2,4117629.7,-1
2025-04-15,2025-04-15 12:00:00,769.63,769.63,769.27,769.27,-0.05,5326.2,4117629.7,-1
2025-04-15,2025-04-15 13:00:00,769.27,769.27,768.9,768.9,-0.05,5326.2,4117629.7,-1
2025-04-15,2025-04-15 14:00:00,768.9,768.9,768.54,768.54,-0.05,5326.2,4117629.7,-1
2025-04-15,2025-04-15 15:00:00,768.54,790.0,755.0,768.54,0.0,5326.2,4117629.7,0
2025-04-16,2025-04-16 11:00:00,783.0,790.8,770.5,777.09,-0.75,3079.8,2358631.8,-1
2025-04-16,2025-04-16 12:00:00,777.09,777.09,771.18,771.18,-0.76,3079.8,2358631.8,-1
2025-04-16,2025-04-16 13:00:00,771.18,771.18,765.27,765.27,-0.77,3079.8,2358631.8,-1
2025-04-16,2025-04-16 14:00:00,765.27,765.27,759.36,759.36,-0.77,3079.8,2358631.8,-1
2025-04-16,2025-04-16 15:00:00,759.36,798.6,758.0,759.36,0.0,3079.8,2358631.8,0
2025-04-17,2025-04-17 11:00:00,773.0,773.0,750.5,766.35,-0.86,5201.8,3919848.76,-1
2025-04-17,2025-04-17 12:00:00,766.35,766.35,759.7,759.7,-0.87,5201.8,3919848.76,-1
2025-04-17,2025-04-17 13:00:00,759.7,759.7,753.05,753.05,-0.88,5201.8,3919848.76,-1
2025-04-17,2025-04-17 14:00:00,753.05,753.05,746.4,746.4,-0.88,5201.8,3919848.76,-1
2025-04-17,2025-04-17 15:00:00,746.4,773.0,728.0,746.4,0.0,5201.8,3919848.76,0
2025-04-20,2025-04-20 11:00:00,735.0,737.5,726.5,733.29,-0.23,4155.8,3022756.28,-1
2025-04-20,2025-04-20 12:00:00,733.29,733.29,731.59,731.59,-0.23,4155.8,3022756.28,-1
2025-04-20,2025-04-20 13:00:00,731.59,731.59,729.88,729.88,-0.23,4155.8,3022756.28,-1
2025-04-20,2025-04-20 14:00:00,729.88,729.88,728.18,728.18,-0.23,4155.8,3022756.28,-1
2025-04-20,2025-04-20 15:00:00,728.18,740.0,718.0,728.18,0.0,4155.8,3022756.28,0
2025-04-21,2025-04-21 11:00:00,742.7,771.35,735.85,750.33,1.03,8215.0,6237939.88,1
2025-04-21,2025-04-21 12:00:00,750.33,757.97,750.33,757.97,1.02,8215.0,6237939.88,1
2025-04-21,2025-04-21 13:00:00,757.97,765.6,757.97,765.6,1.01,8215.0,6237939.88,1
2025-04-21,2025-04-21 14:00:00,765.6,773.23,765.6,773.23,1.0,8215.0,6237939.88,1
2025-04-21,2025-04-21 15:00:00,773.23,800.0,729.0,773.23,0.0,8215.0,6237939.88,0
2025-04-22,2025-04-22 11:00:00,757.8,773.9,757.8,761.12,0.44,2576.2,2000146.38,1
2025-04-22,2025-04-22 12:00:00,761.12,764.44,761.12,764.44,0.44,2576.2,2000146.38,1
2025-04-22,2025-04-22 13:00:00,764.44,767.77,764.44,767.77,0.44,2576.2,2000146.38,1
2025-04-22,2025-04-22 14:00:00,767.77,771.09,767.77,771.09,0.43,2576.2,2000146.38,1
2025-04-22,2025-04-22 15:00:00,771.09,790.0,757.8,771.09,0.0,2576.2,2000146.38,0
2025-04-23,2025-04-23 11:00:00,781.0,781.0,770.5,775.81,-0.66,3661.6,2810485.44,-1
2025-04-23,2025-04-23 12:00:00,775.81,775.81,770.61,770.61,-0.67,3661.6,2810485.44,-1
2025-04-23,2025-04-23 13:00:00,770.61,770.61,765.41,765.41,-0.67,3661.6,2810485.44,-1
2025-04-23,2025-04-23 14:00:00,765.41,765.41,760.22,760.22,-0.68,3661.6,2810485.44,-1
2025-04-23,2025-04-23 15:00:00,760.22,781.0,760.0,760.22,0.0,3661.6,2810485.44,0
2025-04-24,2025-04-24 11:00:00,750.0,764.95,750.0,753.87,0.52,3464.8,2638394.68,1
2025-04-24,2025-04-24 12:00:00,753.87,757.73,753.87,757.73,0.51,3464.8,2638394.68,1
2025-04-24,2025-04-24 13:00:00,757.73,761.6,757.73,761.6,0.51,3464.8,2638394.68,1
2025-04-24,2025-04-24 14:00:00,761.6,765.46,761.6,765.46,0.51,3464.8,2638394.68,1
2025-04-24,2025-04-24 15:00:00,765.46,779.9,750.0,765.46,0.0,3464.8,2638394.68,0
2025-04-27,2025-04-27 11:00:00,750.2,788.1,750.2,768.62,2.46,17112.4,13466464.24,1
2025-04-27,2025-04-27 12:00:00,768.62,787.05,768.62,787.05,2.4,17112.4,13466464.24,1
2025-04-27,2025-04-27 13:00:00,787.05,805.47,787.05,805.47,2.34,17112.4,13466464.24,1
2025-04-27,2025-04-27 14:00:00,805.47,823.89,805.47,823.89,2.29,17112.4,13466464.24,1
2025-04-27,2025-04-27 15:00:00,823.89,826.0,750.2,823.89,0.0,17112.4,13466464.24,0
2025-04-28,2025-04-28 11:00:00,807.5,807.5,777.25,803.45,-0.5,5831.0,4618440.7,-1
2025-04-28,2025-04-28 12:00:00,803.45,803.45,799.4,799.4,-0.5,5831.0,4618440.7,-1
2025-04-28,2025-04-28 13:00:00,799.4,799.4,795.35,795.35,-0.51,5831.0,4618440.7,-1
2025-04-28,2025-04-28 14:00:00,795.35,795.35,791.3,791.3,-0.51,5831.0,4618440.7,-1
2025-04-28,2025-04-28 15:00:00,791.3,807.5,747.0,791.3,0.0,5831.0,4618440.7,0
2025-04-29,2025-04-29 11:00:00,775.5,822.75,765.25,797.28,2.81,19508.4,15679804.98,1
2025-04-29,2025-04-29 12:00:00,797.28,819.06,797.28,819.06,2.73,19508.4,15679804.98,1
2025-04-29,2025-04-29 13:00:00,819.06,840.84,819.06,840.84,2.66,19508.4,15679804.98,1
2025-04-29,2025-04-29 14:00:00,840.84,862.62,840.84,862.62,2.59,19508.4,15679804.98,1
2025-04-29,2025-04-29 15:00:00,862.62,870.0,755.0,862.62,0.0,19508.4,15679804.98,0
2025-04-30,2025-04-30 11:00:00,845.4,845.4,810.9,828.15,-2.04,7832.4,6111871.48,-1
2025-04-30,2025-04-30 12:00:00,828.15,828.15,810.9,810.9,-2.08,7832.4,6111871.48,-1
2025-04-30,2025-04-30 13:00:00,810.9,810.9,793.65,793.65,-2.13,7832.4,6111871.48,-1
2025-04-30,2025-04-30 14:00:00,793.65,793.65,776.4,776.4,-2.17,7832.4,6111871.48,-1
2025-04-30,2025-04-30 15:00:00,776.4,845.4,776.4,776.4,0.0,7832.4,6111871.48,0
2025-05-04,2025-05-04 11:00:00,790.0,790.0,757.5,774.65,-1.94,4021.0,2962546.08,-1
2025-05-04,2025-05-04 12:00:00,774.65,774.65,759.31,759.31,-1.98,4021.0,2962546.08,-1
2025-05-04,2025-05-04 13:00:00,759.31,759.31,743.97,743.97,-2.02,4021.0,2962546.08,-1
2025-05-04,2025-05-04 14:00:00,743.97,743.97,728.62,728.62,-2.06,4021.0,2962546.08,-1
2025-05-04,2025-05-04 15:00:00,728.62,790.0,725.0,728.62,0.0,4021.0,2962546.08,0
2025-05-05,2025-05-05 11:00:00,726.0,737.85,713.0,722.04,-0.55,2889.0,2083075.54,-1
2025-05-05,2025-05-05 12:00:00,722.04,722.04,718.09,718.09,-0.55,2889.0,2083075.54,-1
2025-05-05,2025-05-05 13:00:00,718.09,718.09,714.13,714.13,-0.55,2889.0,2083075.54,-1
2025-05-05,2025-05-05 14:00:00,714.13,714.13,710.18,710.18,-0.55,2889.0,2083075.54,-1
2025-05-05,2025-05-05 15:00:00,710.18,749.7,700.0,710.18,0.0,2889.0,2083075.54,0
2025-05-06,2025-05-06 11:00:00,707.5,710.75,699.35,707.23,-0.04,3904.4,2741098.24,-1
2025-05-06,2025-05-06 12:00:00,707.23,707.23,706.96,706.96,-0.04,3904.4,2741098.24,-1
2025-05-06,2025-05-06 13:00:00,706.96,706.96,706.7,706.7,-0.04,3904.4,2741098.24,-1
2025-05-06,2025-05-06 14:00:00,706.7,706.7,706.43,706.43,-0.04,3904.4,2741098.24,-1
2025-05-06,2025-05-06 15:00:00,706.43,714.0,691.2,706.43,0.0,3904.4,2741098.24,0
2025-05-07,2025-05-07 11:00:00,715.0,720.0,707.55,715.07,0.01,2140.4,1517680.12,1
2025-05-07,2025-05-07 12:00:00,715.07,715.13,715.07,715.13,0.01,2140.4,1517680.12,1
2025-05-07,2025-05-07 13:00:00,715.13,715.19,715.13,715.19,0.01,2140.4,1517680.12,1
2025-05-07,2025-05-07 14:00:00,715.19,715.26,715.19,715.26,0.01,2140.4,1517680.12,1
2025-05-07,2025-05-07 15:00:00,715.26,725.0,700.1,715.26,0.0,2140.4,1517680.12,0
2025-05-08,2025-05-08 11:00:00,706.1,725.05,706.1,709.02,0.41,2304.0,1663018.12,1
2025-05-08,2025-05-08 12:00:00,709.02,711.94,709.02,711.94,0.41,2304.0,1663018.12,1
2025-05-08,2025-05-08 13:00:00,711.94,714.86,711.94,714.86,0.41,2304.0,1663018.12,1
2025-05-08,2025-05-08 14:00:00,714.86,717.78,714.86,717.78,0.41,2304.0,1663018.12,1
2025-05-08,2025-05-08 15:00:00,717.78,744.0,706.1,717.78,0.0,2304.0,1663018.12,0
2025-05-11,2025-05-11 11:00:00,720.0,724.5,707.5,715.26,-0.66,9919.2,7023751.82,-1
2025-05-11,2025-05-11 12:00:00,715.26,715.26,710.52,710.52,-0.66,9919.2,7023751.82,-1
2025-05-11,2025-05-11 13:00:00,710.52,710.52,705.79,705.79,-0.67,9919.2,7023751.82,-1
2025-05-11,2025-05-11 14:00:00,705.79,705.79,701.05,701.05,-0.67,9919.2,7023751.82,-1
2025-05-11,2025-05-11 15:00:00,701.05,729.0,695.0,701.05,0.0,9919.2,7023751.82,0
2025-05-13,2025-05-13 11:00:00,715.0,717.4,702.5,709.84,-0.72,2002.2,1396775.44,-1
2025-05-13,2025-05-13 12:00:00,709.84,709.84,704.67,704.67,-0.73,2002.2,1396775.44,-1
2025-05-13,2025-05-13 13:00:00,704.67,704.67,699.5,699.5,-0.73,2002.2,1396775.44,-1
2025-05-13,2025-05-13 14:00:00,699.5,699.5,694.34,694.34,-0.74,2002.2,1396775.44,-1
2025-05-13,2025-05-13 15:00:00,694.34,719.8,690.0,694.34,0.0,2002.2,1396775.44,0
2025-05-14,2025-05-14 11:00:00,681.1,700.55,678.05,680.51,-0.09,2616.2,1791825.02,-1
2025-05-14,2025-05-14 12:00:00,680.51,680.51,679.92,679.92,-0.09,2616.2,1791825.02,-1
2025-05-14,2025-05-14 13:00:00,679.92,679.92,679.33,679.33,-0.09,2616.2,1791825.02,-1
2025-05-14,2025-05-14 14:00:00,679.33,679.33,678.74,678.74,-0.09,2616.2,1791825.02,-1
2025-05-14,2025-05-14 15:00:00,678.74,720.0,675.0,678.74,0.0,2616.2,1791825.02,0
2025-05-15,2025-05-15 11:00:00,692.3,692.3,683.8,688.64,-0.53,3080.0,2094445.76,-1
2025-05-15,2025-05-15 12:00:00,688.64,688.64,684.99,684.99,-0.53,3080.0,2094445.76,-1
2025-05-15,2025-05-15 13:00:00,684.99,684.99,681.33,681.33,-0.53,3080.0,2094445.76,-1
2025-05-15,2025-05-15 14:00:00,681.33,681.33,677.68,677.68,-0.54,3080.0,2094445.76,-1
2025-05-15,2025-05-15 15:00:00,677.68,692.3,675.3,677.68,0.0,3080.0,2094445.76,0
2025-05-18,2025-05-18 11:00:00,675.0,680.0,670.0,673.19,-0.27,1180.4,792296.8,-1
2025-05-18,2025-05-18 12:00:00,673.19,673.19,671.38,671.38,-0.27,1180.4,792296.8,-1
2025-05-18,2025-05-18 13:00:00,671.38,671.38,669.56,669.56,-0.27,1180.4,792296.8,-1
2025-05-18,2025-05-18 14:00:00,669.56,669.56,667.75,667.75,-0.27,1180.4,792296.8,-1
2025-05-18,2025-05-18 15:00:00,667.75,685.0,665.0,667.75,0.0,1180.4,792296.8,0
2025-05-19,2025-05-19 11:00:00,675.0,677.5,663.6,673.94,-0.16,3080.6,2046179.36,-1
2025-05-19,2025-05-19 12:00:00,673.94,673.94,672.88,672.88,-0.16,3080.6,2046179.36,-1
2025-05-19,2025-05-19 13:00:00,672.88,672.88,671.81,671.81,-0.16,3080.6,2046179.36,-1
2025-05-19,2025-05-19 14:00:00,671.81,671.81,670.75,670.75,-0.16,3080.6,2046179.36,-1
2025-05-19,2025-05-19 15:00:00,670.75,680.0,652.2,670.75,0.0,3080.6,2046179.36,0
2025-05-20,2025-05-20 11:00:00,680.0,688.0,676.55,682.82,0.41,2856.2,1956574.58,1
2025-05-20,2025-05-20 12:00:00,682.82,685.64,682.82,685.64,0.41,2856.2,1956574.58,1
2025-05-20,2025-05-20 13:00:00,685.64,688.47,685.64,688.47,0.41,2856.2,1956574.58,1
2025-05-20,2025-05-20 14:00:00,688.47,691.29,688.47,691.29,0.41,2856.2,1956574.58,1
2025-05-20,2025-05-20 15:00:00,691.29,696.0,673.1,691.29,0.0,2856.2,1956574.58,0
2025-05-21,2025-05-21 11:00:00,704.0,711.0,693.05,698.87,-0.73,2856.0,1983988.6,-1
2025-05-21,2025-05-21 12:00:00,698.87,698.87,693.73,693.73,-0.74,2856.0,1983988.6,-1
2025-05-21,2025-05-21 13:00:00,693.73,693.73,688.6,688.6,-0.74,2856.0,1983988.6,-1
2025-05-21,2025-05-21 14:00:00,688.6,688.6,683.46,683.46,-0.75,2856.0,1983988.6,-1
2025-05-21,2025-05-21 15:00:00,683.46,718.0,682.1,683.46,0.0,2856.0,1983988.6,0
2025-05-22,2025-05-22 11:00:00,685.1,687.0,678.05,683.05,-0.3,1148.6,777828.48,-1
2025-05-22,2025-05-22 12:00:00,683.05,683.05,680.99,680.99,-0.3,1148.6,777828.48,-1
2025-05-22,2025-05-22 13:00:00,680.99,680.99,678.93,678.93,-0.3,1148.6,777828.48,-1
2025-05-22,2025-05-22 14:00:00,678.93,678.93,676.88,676.88,-0.3,1148.6,777828.48,-1
2025-05-22,2025-05-22 15:00:00,676.88,688.9,671.0,676.88,0.0,1148.6,777828.48,0
2025-05-25,2025-05-25 11:00:00,668.0,674.0,668.0,669.24,0.19,1001.8,676074.64,1
2025-05-25,2025-05-25 12:00:00,669.24,670.48,669.24,670.48,0.19,1001.8,676074.64,1
2025-05-25,2025-05-25 13:00:00,670.48,671.72,670.48,671.72,0.18,1001.8,676074.64,1
2025-05-25,2025-05-25 14:00:00,671.72,672.96,671.72,672.96,0.18,1001.8,676074.64,1
2025-05-25,2025-05-25 15:00:00,672.96,680.0,668.0,672.96,0.0,1001.8,676074.64,0
2025-05-26,2025-05-26 11:00:00,686.4,692.65,677.75,683.14,-0.47,1297.6,875802.54,-1
2025-05-26,2025-05-26 12:00:00,683.14,683.14,679.88,679.88,-0.48,1297.6,875802.54,-1
2025-05-26,2025-05-26 13:00:00,679.88,679.88,676.63,676.63,-0.48,1297.6,875802.54,-1
2025-05-26,2025-05-26 14:00:00,676.63,676.63,673.37,673.37,-0.48,1297.6,875802.54,-1
2025-05-26,2025-05-26 15:00:00,673.37,698.9,669.1,673.37,0.0,1297.6,875802.54,0
2025-05-27,2025-05-27 11:00:00,666.0,703.35,665.5,684.67,2.8,20612.2,14778320.5,1
2025-05-27,2025-05-27 12:00:00,684.67,703.35,684.67,703.35,2.73,20612.2,14778320.5,1
2025-05-27,2025-05-27 13:00:00,703.35,722.03,703.35,722.03,2.66,20612.2,14778320.5,1
2025-05-27,2025-05-27 14:00:00,722.03,740.7,722.03,740.7,2.59,20612.2,14778320.5,1
2025-05-27,2025-05-27 15:00:00,740.7,740.7,665.0,740.7,0.0,20612.2,14778320.5,0
2025-05-28,2025-05-28 11:00:00,755.5,785.1,753.25,768.75,1.75,23097.0,18104879.2,1
2025-05-28,2025-05-28 12:00:00,768.75,781.99,768.75,781.99,1.72,23097.0,18104879.2,1
2025-05-28,2025-05-28 13:00:00,781.99,795.24,781.99,795.24,1.69,23097.0,18104879.2,1
2025-05-28,2025-05-28 14:00:00,795.24,808.48,795.24,808.48,1.66,23097.0,18104879.2,1
2025-05-28,2025-05-28 15:00:00,808.48,814.7,751.0,808.48,0.0,23097.0,18104879.2,0
2025-06-02,2025-06-02 11:00:00,792.4,792.4,769.7,783.38,-1.14,13666.6,10315474.62,-1
2025-06-02,2025-06-02 12:00:00,783.38,783.38,774.35,774.35,-1.15,13666.6,10315474.62,-1
2025-06-02,2025-06-02 13:00:00,774.35,774.35,765.32,765.32,-1.17,13666.6,10315474.62,-1
2025-06-02,2025-06-02 14:00:00,765.32,765.32,756.3,756.3,-1.18,13666.6,10315474.62,-1
2025-06-02,2025-06-02 15:00:00,756.3,792.4,747.0,756.3,0.0,13666.6,10315474.62,0
2025-06-03,2025-06-03 11:00:00,741.3,747.65,734.15,741.56,0.04,2369.4,1756450.18,1
2025-06-03,2025-06-03 12:00:00,741.56,741.83,741.56,741.83,0.04,2369.4,1756450.18,1
2025-06-03,2025-06-03 13:00:00,741.83,742.1,741.83,742.1,0.04,2369.4,1756450.18,1
2025-06-03,2025-06-03 14:00:00,742.1,742.36,742.1,742.36,0.04,2369.4,1756450.18,1
2025-06-03,2025-06-03 15:00:00,742.36,754.0,727.0,742.36,0.0,2369.4,1756450.18,0
2025-06-04,2025-06-04 11:00:00,750.0,750.0,741.0,747.46,-0.34,2636.0,1952862.06,-1
2025-06-04,2025-06-04 12:00:00,747.46,747.46,744.92,744.92,-0.34,2636.0,1952862.06,-1
2025-06-04,2025-06-04 13:00:00,744.92,744.92,742.39,742.39,-0.34,2636.0,1952862.06,-1
2025-06-04,2025-06-04 14:00:00,742.39,742.39,739.85,739.85,-0.34,2636.0,1952862.06,-1
2025-06-04,2025-06-04 15:00:00,739.85,750.0,732.0,739.85,0.0,2636.0,1952862.06,0
2025-06-05,2025-06-05 11:00:00,742.0,764.5,731.3,749.41,1.0,11441.8,8607404.36,1
2025-06-05,2025-06-05 12:00:00,749.41,756.83,749.41,756.83,0.99,11441.8,8607404.36,1
2025-06-05,2025-06-05 13:00:00,756.83,764.25,756.83,764.25,0.98,11441.8,8607404.36,1
2025-06-05,2025-06-05 14:00:00,764.25,771.66,764.25,771.66,0.97,11441.8,8607404.36,1
2025-06-05,2025-06-05 15:00:00,771.66,787.0,720.6,771.66,0.0,11441.8,8607404.36,0
2025-06-08,2025-06-08 11:00:00,756.3,778.15,728.1,763.26,0.92,14369.0,10674232.4,1
2025-06-08,2025-06-08 12:00:00,763.26,770.22,763.26,770.22,0.91,14369.0,10674232.4,1
2025-06-08,2025-06-08 13:00:00,770.22,777.18,770.22,777.18,0.9,14369.0,10674232.4,1
2025-06-08,2025-06-08 14:00:00,777.18,784.14,777.18,784.14,0.9,14369.0,10674232.4,1
2025-06-08,2025-06-08 15:00:00,784.14,800.0,699.9,784.14,0.0,14369.0,10674232.4,0
2025-06-09,2025-06-09 11:00:00,768.5,768.5,737.15,757.77,-1.4,12062.0,8717367.3,-1
2025-06-09,2025-06-09 12:00:00,757.77,757.77,747.05,747.05,-1.41,12062.0,8717367.3,-1
2025-06-09,2025-06-09 13:00:00,747.05,747.05,736.32,736.32,-1.44,12062.0,8717367.3,-1
2025-06-09,2025-06-09 14:00:00,736.32,736.32,725.59,725.59,-1.46,12062.0,8717367.3,-1
2025-06-09,2025-06-09 15:00:00,725.59,768.5,705.8,725.59,0.0,12062.0,8717367.3,0
2025-06-10,2025-06-10 11:00:00,728.0,728.0,716.5,723.46,-0.62,2327.4,1662564.3,-1
2025-06-10,2025-06-10 12:00:00,723.46,723.46,718.92,718.92,-0.63,2327.4,1662564.3,-1
2025-06-10,2025-06-10 13:00:00,718.92,718.92,714.38,714.38,-0.63,2327.4,1662564.3,-1
2025-06-10,2025-06-10 14:00:00,714.38,714.38,709.84,709.84,-0.64,2327.4,1662564.3,-1
2025-06-10,2025-06-10 15:00:00,709.84,728.0,705.0,709.84,0.0,2327.4,1662564.3,0
2025-06-11,2025-06-11 11:00:00,721.9,721.9,705.95,714.55,-1.02,2242.2,1562229.36,-1
2025-06-11,2025-06-11 12:00:00,714.55,714.55,707.21,707.21,-1.03,2242.2,1562229.36,-1
2025-06-11,2025-06-11 13:00:00,707.21,707.21,699.87,699.87,-1.04,2242.2,1562229.36,-1
2025-06-11,2025-06-11 14:00:00,699.87,699.87,692.52,692.52,-1.05,2242.2,1562229.36,-1
2025-06-11,2025-06-11 15:00:00,692.52,721.9,690.0,692.52,0.0,2242.2,1562229.36,0
2025-06-12,2025-06-12 11:00:00,695.0,709.45,688.0,693.92,-0.16,4815.4,3360850.46,-1
2025-06-12,2025-06-12 12:00:00,693.92,693.92,692.84,692.84,-0.16,4815.4,3360850.46,-1
2025-06-12,2025-06-12 13:00:00,692.84,692.84,691.76,691.76,-0.16,4815.4,3360850.46,-1
2025-06-12,2025-06-12 14:00:00,691.76,691.76,690.68,690.68,-0.16,4815.4,3360850.46,-1
2025-06-12,2025-06-12 15:00:00,690.68,723.9,681.0,690.68,0.0,4815.4,3360850.46,0
2025-06-15,2025-06-15 11:00:00,681.2,697.1,681.2,686.87,0.83,8380.0,5799585.46,1
2025-06-15,2025-06-15 12:00:00,686.87,692.53,686.87,692.53,0.82,8380.0,5799585.46,1
2025-06-15,2025-06-15 13:00:00,692.53,698.2,692.53,698.2,0.82,8380.0,5799585.46,1
2025-06-15,2025-06-15 14:00:00,698.2,703.86,698.2,703.86,0.81,8380.0,5799585.46,1
2025-06-15,2025-06-15 15:00:00,703.86,713.0,681.2,703.86,0.0,8380.0,5799585.46,0
2025-06-16,2025-06-16 11:00:00,712.0,712.0,702.45,708.35,-0.51,3000.6,2101636.12,-1
2025-06-16,2025-06-16 12:00:00,708.35,708.35,704.69,704.69,-0.52,3000.6,2101636.12,-1
2025-06-16,2025-06-16 13:00:00,704.69,704.69,701.03,701.03,-0.52,3000.6,2101636.12,-1
2025-06-16,2025-06-16 14:00:00,701.03,701.03,697.38,697.38,-0.52,3000.6,2101636.12,-1
2025-06-16,2025-06-16 15:00:00,697.38,712.0,692.9,697.38,0.0,3000.6,2101636.12,0
2025-06-17,2025-06-17 11:00:00,690.0,713.0,686.6,699.87,1.43,6855.4,4933623.62,1
2025-06-17,2025-06-17 12:00:00,699.87,709.73,699.87,709.73,1.41,6855.4,4933623.62,1
2025-06-17,2025-06-17 13:00:00,709.73,719.6,709.73,719.6,1.39,6855.4,4933623.62,1
2025-06-17,2025-06-17 14:00:00,719.6,729.46,719.6,729.46,1.37,6855.4,4933623.62,1
2025-06-17,2025-06-17 15:00:00,729.46,736.0,683.2,729.46,0.0,6855.4,4933623.62,0
2025-06-18,2025-06-18 11:00:00,714.9,742.95,694.95,726.44,1.61,23606.2,17021959.48,1
2025-06-18,2025-06-18 12:00:00,726.44,737.97,726.44,737.97,1.59,23606.2,17021959.48,1
2025-06-18,2025-06-18 13:00:00,737.97,749.51,737.97,749.51,1.56,23606.2,17021959.48,1
2025-06-18,2025-06-18 14:00:00,749.51,761.05,749.51,761.05,1.54,23606.2,17021959.48,1
2025-06-18,2025-06-18 15:00:00,761.05,771.0,675.0,761.05,0.0,23606.2,17021959.48,0
2025-06-19,2025-06-19 11:00:00,745.9,745.9,715.45,730.67,-2.04,16497.2,11362986.64,-1
2025-06-19,2025-06-19 12:00:00,730.67,730.67,715.45,715.45,-2.08,16497.2,11362986.64,-1
2025-06-19,2025-06-19 13:00:00,715.45,715.45,700.23,700.23,-2.13,16497.2,11362986.64,-1
2025-06-19,2025-06-19 14:00:00,700.23,700.23,685.0,685.0,-2.17,16497.2,11362986.64,-1
2025-06-19,2025-06-19 15:00:00,685.0,745.9,685.0,685.0,0.0,16497.2,11362986.64,0
2025-06-22,2025-06-22 11:00:00,685.0,685.0,665.5,676.24,-1.28,5595.2,3666179.62,-1
2025-06-22,2025-06-22 12:00:00,676.24,676.24,667.48,667.48,-1.3,5595.2,3666179.62,-1
2025-06-22,2025-06-22 13:00:00,667.48,667.48,658.72,658.72,-1.31,5595.2,3666179.62,-1
2025-06-22,2025-06-22 14:00:00,658.72,658.72,649.96,649.96,-1.33,5595.2,3666179.62,-1
2025-06-22,2025-06-22 15:00:00,649.96,685.0,646.0,649.96,0.0,5595.2,3666179.62,0
2025-06-23,2025-06-23 11:00:00,650.0,654.9,636.0,646.25,-0.58,3649.8,2322404.1,-1
2025-06-23,2025-06-23 12:00:00,646.25,646.25,642.5,642.5,-0.58,3649.8,2322404.1,-1
2025-06-23,2025-06-23 13:00:00,642.5,642.5,638.76,638.76,-0.58,3649.8,2322404.1,-1
2025-06-23,2025-06-23 14:00:00,638.76,638.76,635.01,635.01,-0.59,3649.8,2322404.1,-1
2025-06-23,2025-06-23 15:00:00,635.01,659.8,622.0,635.01,0.0,3649.8,2322404.1,0
2025-06-24,2025-06-24 11:00:00,640.1,646.05,634.15,638.62,-0.23,3377.0,2165165.24,-1
2025-06-24,2025-06-24 12:00:00,638.62,638.62,637.13,637.13,-0.23,3377.0,2165165.24,-1
2025-06-24,2025-06-24 13:00:00,637.13,637.13,635.64,635.64,-0.23,3377.0,2165165.24,-1
2025-06-24,2025-06-24 14:00:00,635.64,635.64,634.16,634.16,-0.23,3377.0,2165165.24,-1
2025-06-24,2025-06-24 15:00:00,634.16,652.0,628.2,634.16,0.0,3377.0,2165165.24,0
2025-06-25,2025-06-25 11:00:00,646.0,646.0,636.0,642.54,-0.54,1532.6,966404.6,-1
2025-06-25,2025-06-25 12:00:00,642.54,642.54,639.08,639.08,-0.54,1532.6,966404.6,-1
2025-06-25,2025-06-25 13:00:00,639.08,639.08,635.61,635.61,-0.54,1532.6,966404.6,-1
2025-06-25,2025-06-25 14:00:00,635.61,635.61,632.15,632.15,-0.54,1532.6,966404.6,-1
2025-06-25,2025-06-25 15:00:00,632.15,646.0,626.0,632.15,0.0,1532.6,966404.6,0
2025-06-26,2025-06-26 11:00:00,629.0,634.5,622.75,626.49,-0.4,1873.8,1170548.92,-1
2025-06-26,2025-06-26 12:00:00,626.49,626.49,623.97,623.97,-0.4,1873.8,1170548.92,-1
2025-06-26,2025-06-26 13:00:00,623.97,623.97,621.46,621.46,-0.4,1873.8,1170548.92,-1
2025-06-26,2025-06-26 14:00:00,621.46,621.46,618.94,618.94,-0.41,1873.8,1170548.92,-1
2025-06-26,2025-06-26 15:00:00,618.94,640.0,616.5,618.94,0.0,1873.8,1170548.92,0
2025-06-29,2025-06-29 11:00:00,631.3,645.65,630.65,631.75,0.07,3391.0,2165961.86,1
2025-06-29,2025-06-29 12:00:00,631.75,632.2,631.75,632.2,0.07,3391.0,2165961.86,1
2025-06-29,2025-06-29 13:00:00,632.2,632.65,632.2,632.65,0.07,3391.0,2165961.86,1
2025-06-29,2025-06-29 14:00:00,632.65,633.1,632.65,633.1,0.07,3391.0,2165961.86,1
2025-06-29,2025-06-29 15:00:00,633.1,660.0,630.0,633.1,0.0,3391.0,2165961.86,0
2025-06-30,2025-06-30 11:00:00,638.0,647.0,635.55,641.19,0.5,2573.6,1659989.22,1
2025-06-30,2025-06-30 12:00:00,641.19,644.39,641.19,644.39,0.5,2573.6,1659989.22,1
2025-06-30,2025-06-30 13:00:00,644.39,647.59,644.39,647.59,0.5,2573.6,1659989.22,1
2025-06-30,2025-06-30 14:00:00,647.59,650.78,647.59,650.78,0.49,2573.6,1659989.22,1
2025-06-30,2025-06-30 15:00:00,650.78,656.0,633.1,650.78,0.0,2573.6,1659989.22,0
2025-07-01,2025-07-01 11:00:00,663.7,663.7,655.35,661.01,-0.41,1497.8,980906.28,-1
2025-07-01,2025-07-01 12:00:00,661.01,661.01,658.32,658.32,-0.41,1497.8,980906.28,-1
2025-07-01,2025-07-01 13:00:00,658.32,658.32,655.63,655.63,-0.41,1497.8,980906.28,-1
2025-07-01,2025-07-01 14:00:00,655.63,655.63,652.94,652.94,-0.41,1497.8,980906.28,-1
2025-07-01,2025-07-01 15:00:00,652.94,663.7,647.0,652.94,0.0,1497.8,980906.28,0
2025-07-02,2025-07-02 11:00:00,665.9,668.45,653.05,665.79,-0.02,5090.8,3350336.38,-1
2025-07-02,2025-07-02 12:00:00,665.79,665.79,665.68,665.68,-0.02,5090.8,3350336.38,-1
2025-07-02,2025-07-02 13:00:00,665.68,665.68,665.57,665.57,-0.02,5090.8,3350336.38,-1
2025-07-02,2025-07-02 14:00:00,665.57,665.57,665.46,665.46,-0.02,5090.8,3350336.38,-1
2025-07-02,2025-07-02 15:00:00,665.46,671.0,640.2,665.46,0.0,5090.8,3350336.38,0
2025-07-03,2025-07-03 11:00:00,660.0,687.5,660.0,672.65,1.92,12293.0,8535145.36,1
2025-07-03,2025-07-03 12:00:00,672.65,685.3,672.65,685.3,1.88,12293.0,8535145.36,1
2025-07-03,2025-07-03 13:00:00,685.3,697.94,685.3,697.94,1.84,12293.0,8535145.36,1
2025-07-03,2025-07-03 14:00:00,697.94,710.59,697.94,710.59,1.81,12293.0,8535145.36,1
2025-07-03,2025-07-03 15:00:00,710.59,715.0,660.0,710.59,0.0,12293.0,8535145.36,0
2025-07-06,2025-07-06 11:00:00,696.4,710.2,686.05,699.9,0.5,17090.8,11933674.9,1
2025-07-06,2025-07-06 12:00:00,699.9,703.41,699.9,703.41,0.5,17090.8,11933674.9,1
2025-07-06,2025-07-06 13:00:00,703.41,706.91,703.41,706.91,0.5,17090.8,11933674.9,1
2025-07-06,2025-07-06 14:00:00,706.91,710.42,706.91,710.42,0.5,17090.8,11933674.9,1
2025-07-06,2025-07-06 15:00:00,710.42,724.0,675.7,710.42,0.0,17090.8,11933674.9,0
2025-07-07,2025-07-07 11:00:00,696.3,717.9,689.65,700.75,0.64,26890.4,19216166.98,1
2025-07-07,2025-07-07 12:00:00,700.75,705.21,700.75,705.21,0.64,26890.4,19216166.98,1
2025-07-07,2025-07-07 13:00:00,705.21,709.66,705.21,709.66,0.63,26890.4,19216166.98,1
2025-07-07,2025-07-07 14:00:00,709.66,714.12,709.66,714.12,0.63,26890.4,19216166.98,1
2025-07-07,2025-07-07 15:00:00,714.12,739.5,683.0,714.12,0.0,26890.4,19216166.98,0
2025-07-08,2025-07-08 11:00:00,700.0,707.5,690.0,696.53,-0.5,2794.6,1943939.18,-1
2025-07-08,2025-07-08 12:00:00,696.53,696.53,693.07,693.07,-0.5,2794.6,1943939.18,-1
2025-07-08,2025-07-08 13:00:00,693.07,693.07,689.6,689.6,-0.5,2794.6,1943939.18,-1
2025-07-08,2025-07-08 14:00:00,689.6,689.6,686.13,686.13,-0.5,2794.6,1943939.18,-1
2025-07-08,2025-07-08 15:00:00,686.13,715.0,680.0,686.13,0.0,2794.6,1943939.18,0
2025-07-09,2025-07-09 11:00:00,690.0,702.5,687.55,689.2,-0.12,5773.0,4005125.52,-1
2025-07-09,2025-07-09 12:00:00,689.2,689.2,688.4,688.4,-0.12,5773.0,4005125.52,-1
2025-07-09,2025-07-09 13:00:00,688.4,688.4,687.6,687.6,-0.12,5773.0,4005125.52,-1
2025-07-09,2025-07-09 14:00:00,687.6,687.6,686.8,686.8,-0.12,5773.0,4005125.52,-1
2025-07-09,2025-07-09 15:00:00,686.8,715.0,685.1,686.8,0.0,5773.0,4005125.52,0
2025-07-10,2025-07-10 11:00:00,673.1,687.05,673.1,674.35,0.19,3051.2,2082856.8,1
2025-07-10,2025-07-10 12:00:00,674.35,675.6,674.35,675.6,0.19,3051.2,2082856.8,1
2025-07-10,2025-07-10 13:00:00,675.6,676.85,675.6,676.85,0.19,3051.2,2082856.8,1
2025-07-10,2025-07-10 14:00:00,676.85,678.1,676.85,678.1,0.18,3051.2,2082856.8,1
2025-07-10,2025-07-10 15:00:00,678.1,701.0,673.1,678.1,0.0,3051.2,2082856.8,0
2025-07-13,2025-07-13 11:00:00,691.0,692.0,678.0,685.93,-0.73,3016.0,2043833.86,-1
2025-07-13,2025-07-13 12:00:00,685.93,685.93,680.87,680.87,-0.74,3016.0,2043833.86,-1
2025-07-13,2025-07-13 13:00:00,680.87,680.87,675.81,675.81,-0.74,3016.0,2043833.86,-1
2025-07-13,2025-07-13 14:00:00,675.81,675.81,670.74,670.74,-0.75,3016.0,2043833.86,-1
2025-07-13,2025-07-13 15:00:00,670.74,693.0,665.0,670.74,0.0,3016.0,2043833.86,0
2025-07-14,2025-07-14 11:00:00,684.0,684.0,667.05,676.31,-1.12,2699.4,1774016.84,-1
2025-07-14,2025-07-14 12:00:00,676.31,676.31,668.62,668.62,-1.14,2699.4,1774016.84,-1
2025-07-14,2025-07-14 13:00:00,668.62,668.62,660.93,660.93,-1.15,2699.4,1774016.84,-1
2025-07-14,2025-07-14 14:00:00,660.93,660.93,653.24,653.24,-1.16,2699.4,1774016.84,-1
2025-07-14,2025-07-14 15:00:00,653.24,684.0,650.1,653.24,0.0,2699.4,1774016.84,0
2025-07-15,2025-07-15 11:00:00,643.0,659.0,643.0,649.87,1.07,2625.2,1745759.28,1
2025-07-15,2025-07-15 12:00:00,649.87,656.73,649.87,656.73,1.06,2625.2,1745759.28,1
2025-07-15,2025-07-15 13:00:00,656.73,663.6,656.73,663.6,1.05,2625.2,1745759.28,1
2025-07-15,2025-07-15 14:00:00,663.6,670.46,663.6,670.46,1.03,2625.2,1745759.28,1
2025-07-15,2025-07-15 15:00:00,670.46,675.0,643.0,670.46,0.0,2625.2,1745759.28,0
2025-07-16,2025-07-16 11:00:00,665.0,675.75,661.05,664.76,-0.04,2860.0,1921655.26,-1
2025-07-16,2025-07-16 12:00:00,664.76,664.76,664.52,664.52,-0.04,2860.0,1921655.26,-1
2025-07-16,2025-07-16 13:00:00,664.52,664.52,664.29,664.29,-0.03,2860.0,1921655.26,-1
2025-07-16,2025-07-16 14:00:00,664.29,664.29,664.05,664.05,-0.04,2860.0,1921655.26,-1
2025-07-16,2025-07-16 15:00:00,664.05,686.5,657.1,664.05,0.0,2860.0,1921655.26,0
2025-07-17,2025-07-17 11:00:00,676.8,692.85,673.4,681.31,0.67,9243.8,6387524.6,1
2025-07-17,2025-07-17 12:00:00,681.31,685.82,681.31,685.82,0.66,9243.8,6387524.6,1
2025-07-17,2025-07-17 13:00:00,685.82,690.33,685.82,690.33,0.66,9243.8,6387524.6,1
2025-07-17,2025-07-17 14:00:00,690.33,694.84,690.33,694.84,0.65,9243.8,6387524.6,1
2025-07-17,2025-07-17 15:00:00,694.84,708.9,670.0,694.84,0.0,9243.8,6387524.6,0
2025-07-20,2025-07-20 11:00:00,699.0,726.35,692.0,704.13,0.73,14016.2,10068150.36,1
2025-07-20,2025-07-20 12:00:00,704.13,709.26,704.13,709.26,0.73,14016.2,10068150.36,1
2025-07-20,2025-07-20 13:00:00,709.26,714.39,709.26,714.39,0.72,14016.2,10068150.36,1
2025-07-20,2025-07-20 14:00:00,714.39,719.52,714.39,719.52,0.72,14016.2,10068150.36,1
2025-07-20,2025-07-20 15:00:00,719.52,753.7,685.0,719.52,0.0,14016.2,10068150.36,0
2025-07-21,2025-07-21 11:00:00,720.0,745.0,720.0,731.27,1.57,14470.6,10824702.24,1
2025-07-21,2025-07-21 12:00:00,731.27,742.55,731.27,742.55,1.54,14470.6,10824702.24,1
2025-07-21,2025-07-21 13:00:00,742.55,753.83,742.55,753.83,1.52,14470.6,10824702.24,1
2025-07-21,2025-07-21 14:00:00,753.83,765.1,753.83,765.1,1.5,14470.6,10824702.24,1
2025-07-21,2025-07-21 15:00:00,765.1,770.0,720.0,765.1,0.0,14470.6,10824702.24,0
2025-07-22,2025-07-22 11:00:00,780.4,798.7,767.7,786.6,0.79,18292.6,14282041.28,1
2025-07-22,2025-07-22 12:00:00,786.6,792.8,786.6,792.8,0.79,18292.6,14282041.28,1
2025-07-22,2025-07-22 13:00:00,792.8,799.0,792.8,799.0,0.78,18292.6,14282041.28,1
2025-07-22,2025-07-22 14:00:00,799.0,805.2,799.0,805.2,0.78,18292.6,14282041.28,1
2025-07-22,2025-07-22 15:00:00,805.2,817.0,755.0,805.2,0.0,18292.6,14282041.28,0
2025-07-23,2025-07-23 11:00:00,789.1,789.1,770.65,782.42,-0.85,7053.4,5389417.98,-1
2025-07-23,2025-07-23 12:00:00,782.42,782.42,775.74,775.74,-0.85,7053.4,5389417.98,-1
2025-07-23,2025-07-23 13:00:00,775.74,775.74,769.05,769.05,-0.86,7053.4,5389417.98,-1
2025-07-23,2025-07-23 14:00:00,769.05,769.05,762.37,762.37,-0.87,7053.4,5389417.98,-1
2025-07-23,2025-07-23 15:00:00,762.37,789.1,752.2,762.37,0.0,7053.4,5389417.98,0
2025-07-24,2025-07-24 11:00:00,760.0,764.45,752.5,758.86,-0.15,6519.0,4933842.46,-1
2025-07-24,2025-07-24 12:00:00,758.86,758.86,757.71,757.71,-0.15,6519.0,4933842.46,-1
2025-07-24,2025-07-24 13:00:00,757.71,757.71,756.57,756.57,-0.15,6519.0,4933842.46,-1
2025-07-24,2025-07-24 14:00:00,756.57,756.57,755.43,755.43,-0.15,6519.0,4933842.46,-1
2025-07-24,2025-07-24 15:00:00,755.43,768.9,745.0,755.43,0.0,6519.0,4933842.46,0
2025-07-27,2025-07-27 11:00:00,752.0,776.35,752.0,757.73,0.76,12938.8,10020753.58,1
2025-07-27,2025-07-27 12:00:00,757.73,763.45,757.73,763.45,0.75,12938.8,10020753.58,1
2025-07-27,2025-07-27 13:00:00,763.45,769.18,763.45,769.18,0.75,12938.8,10020753.58,1
2025-07-27,2025-07-27 14:00:00,769.18,774.91,769.18,774.91,0.74,12938.8,10020753.58,1
2025-07-27,2025-07-27 15:00:00,774.91,800.7,752.0,774.91,0.0,12938.8,10020753.58,0
2025-07-28,2025-07-28 11:00:00,772.0,791.0,768.6,779.72,1.0,21182.8,16825014.48,1
2025-07-28,2025-07-28 12:00:00,779.72,787.44,779.72,787.44,0.99,21182.8,16825014.48,1
2025-07-28,2025-07-28 13:00:00,787.44,795.17,787.44,795.17,0.98,21182.8,16825014.48,1
2025-07-28,2025-07-28 14:00:00,795.17,802.89,795.17,802.89,0.97,21182.8,16825014.48,1
2025-07-28,2025-07-28 15:00:00,802.89,810.0,765.2,802.89,0.0,21182.8,16825014.48,0
2025-07-29,2025-07-29 11:00:00,806.0,824.25,806.0,810.12,0.51,18790.8,15530749.86,1
2025-07-29,2025-07-29 12:00:00,810.12,814.25,810.12,814.25,0.51,18790.8,15530749.86,1
2025-07-29,2025-07-29 13:00:00,814.25,818.38,814.25,818.38,0.51,18790.8,15530749.86,1
2025-07-29,2025-07-29 14:00:00,818.38,822.5,818.38,822.5,0.5,18790.8,15530749.86,1
2025-07-29,2025-07-29 15:00:00,822.5,842.5,806.0,822.5,0.0,18790.8,15530749.86,0
2025-07-30,2025-07-30 11:00:00,838.9,855.45,813.2,842.66,0.45,15562.6,12690083.06,1
2025-07-30,2025-07-30 12:00:00,842.66,846.42,842.66,846.42,0.45,15562.6,12690083.06,1
2025-07-30,2025-07-30 13:00:00,846.42,850.19,846.42,850.19,0.45,15562.6,12690083.06,1
2025-07-30,2025-07-30 14:00:00,850.19,853.95,850.19,853.95,0.44,15562.6,12690083.06,1
2025-07-30,2025-07-30 15:00:00,853.95,872.0,787.5,853.95,0.0,15562.6,12690083.06,0
2025-07-31,2025-07-31 11:00:00,836.9,836.9,807.45,826.0,-1.3,3434.6,2737906.86,-1
2025-07-31,2025-07-31 12:00:00,826.0,826.0,815.1,815.1,-1.32,3434.6,2737906.86,-1
2025-07-31,2025-07-31 13:00:00,815.1,815.1,804.2,804.2,-1.34,3434.6,2737906.86,-1
2025-07-31,2025-07-31 14:00:00,804.2,804.2,793.3,793.3,-1.36,3434.6,2737906.86,-1
2025-07-31,2025-07-31 15:00:00,793.3,836.9,778.0,793.3,0.0,3434.6,2737906.86,0
2025-08-03,2025-08-03 11:00:00,778.0,779.0,771.5,775.37,-0.34,6178.8,4773274.8,-1
2025-08-03,2025-08-03 12:00:00,775.37,775.37,772.73,772.73,-0.34,6178.8,4773274.8,-1
2025-08-03,2025-08-03 13:00:00,772.73,772.73,770.1,770.1,-0.34,6178.8,4773274.8,-1
2025-08-03,2025-08-03 14:00:00,770.1,770.1,767.46,767.46,-0.34,6178.8,4773274.8,-1
2025-08-03,2025-08-03 15:00:00,767.46,780.0,765.0,767.46,0.0,6178.8,4773274.8,0
2025-08-04,2025-08-04 11:00:00,782.0,797.0,763.55,776.5,-0.7,4584.0,3517581.86,-1
2025-08-04,2025-08-04 12:00:00,776.5,776.5,771.0,771.0,-0.71,4584.0,3517581.86,-1
2025-08-04,2025-08-04 13:00:00,771.0,771.0,765.49,765.49,-0.71,4584.0,3517581.86,-1
2025-08-04,2025-08-04 14:00:00,765.49,765.49,759.99,759.99,-0.72,4584.0,3517581.86,-1
2025-08-04,2025-08-04 15:00:00,759.99,812.0,745.1,759.99,0.0,4584.0,3517581.86,0
2025-08-05,2025-08-05 11:00:00,745.0,767.5,745.0,747.8,0.38,12442.8,9605374.78,1
2025-08-05,2025-08-05 12:00:00,747.8,750.6,747.8,750.6,0.37,12442.8,9605374.78,1
2025-08-05,2025-08-05 13:00:00,750.6,753.4,750.6,753.4,0.37,12442.8,9605374.78,1
2025-08-05,2025-08-05 14:00:00,753.4,756.2,753.4,756.2,0.37,12442.8,9605374.78,1
2025-08-05,2025-08-05 15:00:00,756.2,790.0,745.0,756.2,0.0,12442.8,9605374.78,0
2025-08-06,2025-08-06 11:00:00,755.0,757.5,745.0,751.56,-0.46,2431.6,1815380.2,-1
2025-08-06,2025-08-06 12:00:00,751.56,751.56,748.12,748.12,-0.46,2431.6,1815380.2,-1
2025-08-06,2025-08-06 13:00:00,748.12,748.12,744.67,744.67,-0.46,2431.6,1815380.2,-1
2025-08-06,2025-08-06 14:00:00,744.67,744.67,741.23,741.23,-0.46,2431.6,1815380.2,-1
2025-08-06,2025-08-06 15:00:00,741.23,760.0,735.0,741.23,0.0,2431.6,1815380.2,0
2025-08-07,2025-08-07 11:00:00,735.0,755.0,735.0,741.39,0.87,3295.0,2522818.04,1
2025-08-07,2025-08-07 12:00:00,741.39,747.79,741.39,747.79,0.86,3295.0,2522818.04,1
2025-08-07,2025-08-07 13:00:00,747.79,754.18,747.79,754.18,0.85,3295.0,2522818.04,1
2025-08-07,2025-08-07 14:00:00,754.18,760.57,754.18,760.57,0.85,3295.0,2522818.04,1
2025-08-07,2025-08-07 15:00:00,760.57,775.0,735.0,760.57,0.0,3295.0,2522818.04,0
2025-08-11,2025-08-11 11:00:00,752.0,758.5,746.8,751.41,-0.08,3245.4,2435716.6,-1
2025-08-11,2025-08-11 12:00:00,751.41,751.41,750.82,750.82,-0.08,3245.4,2435716.6,-1
2025-08-11,2025-08-11 13:00:00,750.82,750.82,750.22,750.22,-0.08,3245.4,2435716.6,-1
2025-08-11,2025-08-11 14:00:00,750.22,750.22,749.63,749.63,-0.08,3245.4,2435716.6,-1
2025-08-11,2025-08-11 15:00:00,749.63,765.0,741.6,749.63,0.0,3245.4,2435716.6,0
2025-08-12,2025-08-12 11:00:00,735.1,742.55,735.05,736.31,0.16,3680.4,2728513.32,1
2025-08-12,2025-08-12 12:00:00,736.31,737.53,736.31,737.53,0.17,3680.4,2728513.32,1
2025-08-12,2025-08-12 13:00:00,737.53,738.74,737.53,738.74,0.16,3680.4,2728513.32,1
2025-08-12,2025-08-12 14:00:00,738.74,739.95,738.74,739.95,0.16,3680.4,2728513.32,1
2025-08-12,2025-08-12 15:00:00,739.95,750.0,735.0,739.95,0.0,3680.4,2728513.32,0
2025-08-13,2025-08-13 11:00:00,730.0,740.0,729.0,729.95,-0.01,650.8,476909.92,-1
2025-08-13,2025-08-13 12:00:00,729.95,729.95,729.9,729.9,-0.01,650.8,476909.92,-1
2025-08-13,2025-08-13 13:00:00,729.9,729.9,729.86,729.86,-0.01,650.8,476909.92,-1
2025-08-13,2025-08-13 14:00:00,729.86,729.86,729.81,729.81,-0.01,650.8,476909.92,-1
2025-08-13,2025-08-13 15:00:00,729.81,750.0,728.0,729.81,0.0,650.8,476909.92,0
2025-08-14,2025-08-14 11:00:00,743.0,751.5,729.55,746.06,0.41,2362.8,1776371.42,1
2025-08-14,2025-08-14 12:00:00,746.06,749.12,746.06,749.12,0.41,2362.8,1776371.42,1
2025-08-14,2025-08-14 13:00:00,749.12,752.18,749.12,752.18,0.41,2362.8,1776371.42,1
2025-08-14,2025-08-14 14:00:00,752.18,755.24,752.18,755.24,0.41,2362.8,1776371.42,1
2025-08-14,2025-08-14 15:00:00,755.24,760.0,716.1,755.24,0.0,2362.8,1776371.42,0
2025-08-17,2025-08-17 11:00:00,765.0,765.5,755.0,763.76,-0.16,13397.8,10179502.6,-1
2025-08-17,2025-08-17 12:00:00,763.76,763.76,762.52,762.52,-0.16,13397.8,10179502.6,-1
2025-08-17,2025-08-17 13:00:00,762.52,762.52,761.29,761.29,-0.16,13397.8,10179502.6,-1
2025-08-17,2025-08-17 14:00:00,761.29,761.29,760.05,760.05,-0.16,13397.8,10179502.6,-1
2025-08-17,2025-08-17 15:00:00,760.05,766.0,745.0,760.05,0.0,13397.8,10179502.6,0
2025-08-18,2025-08-18 11:00:00,760.0,762.5,755.65,758.66,-0.18,2614.2,1982985.42,-1
2025-08-18,2025-08-18 12:00:00,758.66,758.66,757.33,757.33,-0.18,2614.2,1982985.42,-1
2025-08-18,2025-08-18 13:00:00,757.33,757.33,756.0,756.0,-0.18,2614.2,1982985.42,-1
2025-08-18,2025-08-18 14:00:00,756.0,756.0,754.66,754.66,-0.18,2614.2,1982985.42,-1
2025-08-18,2025-08-18 15:00:00,754.66,765.0,751.3,754.66,0.0,2614.2,1982985.42,0
2025-08-19,2025-08-19 11:00:00,769.0,771.95,755.05,762.42,-0.86,562.4,420884.88,-1
2025-08-19,2025-08-19 12:00:00,762.42,762.42,755.85,755.85,-0.86,562.4,420884.88,-1
2025-08-19,2025-08-19 13:00:00,755.85,755.85,749.28,749.28,-0.87,562.4,420884.88,-1
2025-08-19,2025-08-19 14:00:00,749.28,749.28,742.7,742.7,-0.88,562.4,420884.88,-1
2025-08-19,2025-08-19 15:00:00,742.7,774.9,741.1,742.7,0.0,562.4,420884.88,0
2025-08-20,2025-08-20 11:00:00,730.0,737.45,730.0,732.01,0.28,1085.0,801023.34,1
2025-08-20,2025-08-20 12:00:00,732.01,734.01,732.01,734.01,0.27,1085.0,801023.34,1
2025-08-20,2025-08-20 13:00:00,734.01,736.02,734.01,736.02,0.27,1085.0,801023.34,1
2025-08-20,2025-08-20 14:00:00,736.02,738.03,736.02,738.03,0.27,1085.0,801023.34,1
2025-08-20,2025-08-20 15:00:00,738.03,744.9,730.0,738.03,0.0,1085.0,801023.34,0
2025-08-21,2025-08-21 11:00:00,739.9,739.95,727.45,737.58,-0.31,2955.4,2149195.36,-1
2025-08-21,2025-08-21 12:00:00,737.58,737.58,735.25,735.25,-0.32,2955.4,2149195.36,-1
2025-08-21,2025-08-21 13:00:00,735.25,735.25,732.93,732.93,-0.32,2955.4,2149195.36,-1
2025-08-21,2025-08-21 14:00:00,732.93,732.93,730.61,730.61,-0.32,2955.4,2149195.36,-1
2025-08-21,2025-08-21 15:00:00,730.61,740.0,715.0,730.61,0.0,2955.4,2149195.36,0
2025-08-24,2025-08-24 11:00:00,745.2,745.2,726.6,737.96,-0.97,1760.2,1268738.5,-1
2025-08-24,2025-08-24 12:00:00,737.96,737.96,730.72,730.72,-0.98,1760.2,1268738.5,-1
2025-08-24,2025-08-24 13:00:00,730.72,730.72,723.48,723.48,-0.99,1760.2,1268738.5,-1
2025-08-24,2025-08-24 14:00:00,723.48,723.48,716.24,716.24,-1.0,1760.2,1268738.5,-1
2025-08-24,2025-08-24 15:00:00,716.24,745.2,708.0,716.24,0.0,1760.2,1268738.5,0
2025-08-25,2025-08-25 11:00:00,702.0,715.75,702.0,707.17,0.74,1276.4,921856.62,1
2025-08-25,2025-08-25 12:00:00,707.17,712.35,707.17,712.35,0.73,1276.4,921856.62,1
2025-08-25,2025-08-25 13:00:00,712.35,717.52,712.35,717.52,0.73,1276.4,921856.62,1
2025-08-25,2025-08-25 14:00:00,717.52,722.69,717.52,722.69,0.72,1276.4,921856.62,1
2025-08-25,2025-08-25 15:00:00,722.69,729.5,702.0,722.69,0.0,1276.4,921856.62,0
2025-08-26,2025-08-26 11:00:00,725.0,731.95,717.75,724.91,-0.01,577.4,416470.2,-1
2025-08-26,2025-08-26 12:00:00,724.91,724.91,724.82,724.82,-0.01,577.4,416470.2,-1
2025-08-26,2025-08-26 13:00:00,724.82,724.82,724.72,724.72,-0.01,577.4,416470.2,-1
2025-08-26,2025-08-26 14:00:00,724.72,724.72,724.63,724.63,-0.01,577.4,416470.2,-1
2025-08-26,2025-08-26 15:00:00,724.63,738.9,710.5,724.63,0.0,577.4,416470.2,0
2025-08-27,2025-08-27 11:00:00,712.0,727.5,712.0,716.67,0.66,2885.6,2111425.02,1
2025-08-27,2025-08-27 12:00:00,716.67,721.34,716.67,721.34,0.65,2885.6,2111425.02,1
2025-08-27,2025-08-27 13:00:00,721.34,726.01,721.34,726.01,0.65,2885.6,2111425.02,1
2025-08-27,2025-08-27 14:00:00,726.01,730.68,726.01,730.68,0.64,2885.6,2111425.02,1
2025-08-27,2025-08-27 15:00:00,730.68,743.0,712.0,730.68,0.0,2885.6,2111425.02,0
2025-08-28,2025-08-28 11:00:00,716.2,723.1,713.7,715.53,-0.09,2000.2,1441611.8,-1
2025-08-28,2025-08-28 12:00:00,715.53,715.53,714.87,714.87,-0.09,2000.2,1441611.8,-1
2025-08-28,2025-08-28 13:00:00,714.87,714.87,714.2,714.2,-0.09,2000.2,1441611.8,-1
2025-08-28,2025-08-28 14:00:00,714.2,714.2,713.53,713.53,-0.09,2000.2,1441611.8,-1
2025-08-28,2025-08-28 15:00:00,713.53,730.0,711.2,713.53,0.0,2000.2,1441611.8,0
2025-08-31,2025-08-31 11:00:00,715.0,716.5,703.5,710.24,-0.67,1520.4,1065040.5,-1
2025-08-31,2025-08-31 12:00:00,710.24,710.24,705.47,705.47,-0.67,1520.4,1065040.5,-1
2025-08-31,2025-08-31 13:00:00,705.47,705.47,700.71,700.71,-0.67,1520.4,1065040.5,-1
2025-08-31,2025-08-31 14:00:00,700.71,700.71,695.94,695.94,-0.68,1520.4,1065040.5,-1
2025-08-31,2025-08-31 15:00:00,695.94,718.0,692.0,695.94,0.0,1520.4,1065040.5,0
2025-09-01,2025-09-01 11:00:00,684.1,694.5,682.55,685.75,0.24,888.6,608910.96,1
2025-09-01,2025-09-01 12:00:00,685.75,687.4,685.75,687.4,0.24,888.6,608910.96,1
2025-09-01,2025-09-01 13:00:00,687.4,689.06,687.4,689.06,0.24,888.6,608910.96,1
2025-09-01,2025-09-01 14:00:00,689.06,690.71,689.06,690.71,0.24,888.6,608910.96,1
2025-09-01,2025-09-01 15:00:00,690.71,704.9,681.0,690.71,0.0,888.6,608910.96,0
2025-09-02,2025-09-02 11:00:00,691.2,697.6,680.1,686.87,-0.63,3984.6,2740517.7,-1
2025-09-02,2025-09-02 12:00:00,686.87,686.87,682.54,682.54,-0.63,3984.6,2740517.7,-1
2025-09-02,2025-09-02 13:00:00,682.54,682.54,678.21,678.21,-0.63,3984.6,2740517.7,-1
2025-09-02,2025-09-02 14:00:00,678.21,678.21,673.88,673.88,-0.64,3984.6,2740517.7,-1
2025-09-02,2025-09-02 15:00:00,673.88,704.0,669.0,673.88,0.0,3984.6,2740517.7,0
2025-09-03,2025-09-03 11:00:00,663.0,669.0,658.35,661.63,-0.21,1466.6,969891.52,-1
2025-09-03,2025-09-03 12:00:00,661.63,661.63,660.26,660.26,-0.21,1466.6,969891.52,-1
2025-09-03,2025-09-03 13:00:00,660.26,660.26,658.9,658.9,-0.21,1466.6,969891.52,-1
2025-09-03,2025-09-03 14:00:00,658.9,658.9,657.53,657.53,-0.21,1466.6,969891.52,-1
2025-09-03,2025-09-03 15:00:00,657.53,675.0,653.7,657.53,0.0,1466.6,969891.52,0
2025-09-04,2025-09-04 11:00:00,646.0,657.95,645.45,646.39,0.06,1421.6,922558.8,1
2025-09-04,2025-09-04 12:00:00,646.39,646.79,646.39,646.79,0.06,1421.6,922558.8,1
2025-09-04,2025-09-04 13:00:00,646.79,647.19,646.79,647.19,0.06,1421.6,922558.8,1
2025-09-04,2025-09-04 14:00:00,647.19,647.58,647.19,647.58,0.06,1421.6,922558.8,1
2025-09-04,2025-09-04 15:00:00,647.58,669.9,644.9,647.58,0.0,1421.6,922558.8,0
2025-09-07,2025-09-07 11:00:00,648.0,648.0,640.5,645.22,-0.43,5307.8,3376717.48,-1
2025-09-07,2025-09-07 12:00:00,645.22,645.22,642.44,642.44,-0.43,5307.8,3376717.48,-1
2025-09-07,2025-09-07 13:00:00,642.44,642.44,639.66,639.66,-0.43,5307.8,3376717.48,-1
2025-09-07,2025-09-07 14:00:00,639.66,639.66,636.88,636.88,-0.43,5307.8,3376717.48,-1
2025-09-07,2025-09-07 15:00:00,636.88,648.0,633.0,636.88,0.0,5307.8,3376717.48,0
2025-09-08,2025-09-08 11:00:00,627.0,630.0,623.5,626.14,-0.14,1975.2,1238534.44,-1
2025-09-08,2025-09-08 12:00:00,626.14,626.14,625.29,625.29,-0.14,1975.2,1238534.44,-1
2025-09-08,2025-09-08 13:00:00,625.29,625.29,624.44,624.44,-0.14,1975.2,1238534.44,-1
2025-09-08,2025-09-08 14:00:00,624.44,624.44,623.58,623.58,-0.14,1975.2,1238534.44,-1
2025-09-08,2025-09-08 15:00:00,623.58,633.0,620.0,623.58,0.0,1975.2,1238534.44,0
2025-09-18,2025-09-18 11:00:00,611.2,611.2,594.1,602.65,-1.4,120.0,73204.8,-1
2025-09-18,2025-09-18 12:00:00,602.65,602.65,594.1,594.1,-1.42,120.0,73204.8,-1
2025-09-18,2025-09-18 13:00:00,594.1,594.1,585.55,585.55,-1.44,120.0,73204.8,-1
2025-09-18,2025-09-18 14:00:00,585.55,585.55,577.0,577.0,-1.46,120.0,73204.8,-1
2025-09-18,2025-09-18 15:00:00,577.0,611.2,577.0,577.0,0.0,120.0,73204.8,0
2025-09-21,2025-09-21 11:00:00,565.5,600.1,565.5,582.8,3.06,2277.8,1398151.7,1
2025-09-21,2025-09-21 12:00:00,582.8,600.1,582.8,600.1,2.97,2277.8,1398151.7,1
2025-09-21,2025-09-21 13:00:00,600.1,617.4,600.1,617.4,2.88,2277.8,1398151.7,1
2025-09-21,2025-09-21 14:00:00,617.4,634.7,617.4,634.7,2.8,2277.8,1398151.7,1
2025-09-21,2025-09-21 15:00:00,634.7,634.7,565.5,634.7,0.0,2277.8,1398151.7,0
2025-09-23,2025-09-23 11:00:00,647.0,672.55,647.0,659.77,1.97,3062.8,2091096.3,1
2025-09-23,2025-09-23 12:00:00,659.77,672.55,659.77,672.55,1.94,3062.8,2091096.3,1
2025-09-23,2025-09-23 13:00:00,672.55,685.33,672.55,685.33,1.9,3062.8,2091096.3,1
2025-09-23,2025-09-23 14:00:00,685.33,698.1,685.33,698.1,1.86,3062.8,2091096.3,1
2025-09-23,2025-09-23 15:00:00,698.1,698.1,647.0,698.1,0.0,3062.8,2091096.3,0
2025-09-24,2025-09-24 11:00:00,712.0,720.0,683.9,706.5,-0.77,14323.6,10272274.88,-1
2025-09-24,2025-09-24 12:00:00,706.5,706.5,701.0,701.0,-0.78,14323.6,10272274.88,-1
2025-09-24,2025-09-24 13:00:00,701.0,701.0,695.5,695.5,-0.78,14323.6,10272274.88,-1
2025-09-24,2025-09-24 14:00:00,695.5,695.5,690.0,690.0,-0.79,14323.6,10272274.88,-1
2025-09-24,2025-09-24 15:00:00,690.0,728.0,655.8,690.0,0.0,14323.6,10272274.88,0
2025-09-25,2025-09-25 11:00:00,699.0,699.0,679.5,694.67,-0.62,2916.0,1943788.84,-1
2025-09-25,2025-09-25 12:00:00,694.67,694.67,690.35,690.35,-0.62,2916.0,1943788.84,-1
2025-09-25,2025-09-25 13:00:00,690.35,690.35,686.03,686.03,-0.63,2916.0,1943788.84,-1
2025-09-25,2025-09-25 14:00:00,686.03,686.03,681.7,681.7,-0.63,2916.0,1943788.84,-1
2025-09-25,2025-09-25 15:00:00,681.7,699.0,660.0,681.7,0.0,2916.0,1943788.84,0
2025-09-28,2025-09-28 11:00:00,669.1,692.05,655.95,680.55,1.71,6557.6,4358480.2,1
2025-09-28,2025-09-28 12:00:00,680.55,692.0,680.55,692.0,1.68,6557.6,4358480.2,1
2025-09-28,2025-09-28 13:00:00,692.0,703.45,692.0,703.45,1.65,6557.6,4358480.2,1
2025-09-28,2025-09-28 14:00:00,703.45,714.9,703.45,714.9,1.63,6557.6,4358480.2,1
2025-09-28,2025-09-28 15:00:00,714.9,715.0,642.8,714.9,0.0,6557.6,4358480.2,0
2025-10-07,2025-10-07 11:00:00,700.7,700.7,672.1,686.4,-2.04,9732.0,6319250.14,-1
2025-10-07,2025-10-07 12:00:00,686.4,686.4,672.1,672.1,-2.08,9732.0,6319250.14,-1
2025-10-07,2025-10-07 13:00:00,672.1,672.1,657.8,657.8,-2.13,9732.0,6319250.14,-1
2025-10-07,2025-10-07 14:00:00,657.8,657.8,643.5,643.5,-2.17,9732.0,6319250.14,-1
2025-10-07,2025-10-07 15:00:00,643.5,700.7,643.5,643.5,0.0,9732.0,6319250.14,0
2025-10-08,2025-10-08 11:00:00,654.0,654.0,638.75,651.5,-0.38,2334.0,1471356.18,-1
2025-10-08,2025-10-08 12:00:00,651.5,651.5,649.0,649.0,-0.38,2334.0,1471356.18,-1
2025-10-08,2025-10-08 13:00:00,649.0,649.0,646.5,646.5,-0.39,2334.0,1471356.18,-1
2025-10-08,2025-10-08 14:00:00,646.5,646.5,644.0,644.0,-0.39,2334.0,1471356.18,-1
2025-10-08,2025-10-08 15:00:00,644.0,654.0,623.5,644.0,0.0,2334.0,1471356.18,0
2025-10-09,2025-10-09 11:00:00,631.2,649.1,605.4,625.65,-0.88,9500.0,5759419.62,-1
2025-10-09,2025-10-09 12:00:00,625.65,625.65,620.1,620.1,-0.89,9500.0,5759419.62,-1
2025-10-09,2025-10-09 13:00:00,620.1,620.1,614.55,614.55,-0.9,9500.0,5759419.62,-1
2025-10-09,2025-10-09 14:00:00,614.55,614.55,609.0,609.0,-0.9,9500.0,5759419.62,-1
2025-10-09,2025-10-09 15:00:00,609.0,667.0,579.6,609.0,0.0,9500.0,5759419.62,0
2025-10-12,2025-10-12 11:00:00,596.9,600.95,581.0,596.17,-0.12,3097.8,1827561.06,-1
2025-10-12,2025-10-12 12:00:00,596.17,596.17,595.45,595.45,-0.12,3097.8,1827561.06,-1
2025-10-12,2025-10-12 13:00:00,595.45,595.45,594.73,594.73,-0.12,3097.8,1827561.06,-1
2025-10-12,2025-10-12 14:00:00,594.73,594.73,594.0,594.0,-0.12,3097.8,1827561.06,-1
2025-10-12,2025-10-12 15:00:00,594.0,605.0,565.1,594.0,0.0,3097.8,1827561.06,0
2025-10-13,2025-10-13 11:00:00,582.2,594.6,576.1,587.65,0.94,3047.6,1799325.22,1
2025-10-13,2025-10-13 12:00:00,587.65,593.1,587.65,593.1,0.93,3047.6,1799325.22,1
2025-10-13,2025-10-13 13:00:00,593.1,598.55,593.1,598.55,0.92,3047.6,1799325.22,1
2025-10-13,2025-10-13 14:00:00,598.55,604.0,598.55,604.0,0.91,3047.6,1799325.22,1
2025-10-13,2025-10-13 15:00:00,604.0,607.0,570.0,604.0,0.0,3047.6,1799325.22,0
2025-10-14,2025-10-14 11:00:00,592.0,594.95,572.9,587.25,-0.8,10528.4,5989050.78,-1
2025-10-14,2025-10-14 12:00:00,587.25,587.25,582.5,582.5,-0.81,10528.4,5989050.78,-1
2025-10-14,2025-10-14 13:00:00,582.5,582.5,577.75,577.75,-0.82,10528.4,5989050.78,-1
2025-10-14,2025-10-14 14:00:00,577.75,577.75,573.0,573.0,-0.82,10528.4,5989050.78,-1
2025-10-14,2025-10-14 15:00:00,573.0,597.9,553.8,573.0,0.0,10528.4,5989050.78,0
2025-10-15,2025-10-15 11:00:00,561.6,578.3,550.55,558.7,-0.52,2975.2,1635897.62,-1
2025-10-15,2025-10-15 12:00:00,558.7,558.7,555.8,555.8,-0.52,2975.2,1635897.62,-1
2025-10-15,2025-10-15 13:00:00,555.8,555.8,552.9,552.9,-0.52,2975.2,1635897.62,-1
2025-10-15,2025-10-15 14:00:00,552.9,552.9,550.0,550.0,-0.52,2975.2,1635897.62,-1
2025-10-15,2025-10-15 15:00:00,550.0,595.0,539.5,550.0,0.0,2975.2,1635897.62,0
2025-10-16,2025-10-16 11:00:00,539.1,550.05,526.55,536.08,-0.56,4489.6,2366795.98,-1
2025-10-16,2025-10-16 12:00:00,536.08,536.08,533.05,533.05,-0.57,4489.6,2366795.98,-1
2025-10-16,2025-10-16 13:00:00,533.05,533.05,530.02,530.02,-0.57,4489.6,2366795.98,-1
2025-10-16,2025-10-16 14:00:00,530.02,530.02,527.0,527.0,-0.57,4489.6,2366795.98,-1
2025-10-16,2025-10-16 15:00:00,527.0,561.0,514.0,527.0,0.0,4489.6,2366795.98,0
2025-10-19,2025-10-19 11:00:00,519.0,528.0,510.0,519.62,0.12,1799.2,945400.3,1
2025-10-19,2025-10-19 12:00:00,519.62,520.25,519.62,520.25,0.12,1799.2,945400.3,1
2025-10-19,2025-10-19 13:00:00,520.25,520.88,520.25,520.88,0.12,1799.2,945400.3,1
2025-10-19,2025-10-19 14:00:00,520.88,521.5,520.88,521.5,0.12,1799.2,945400.3,1
2025-10-19,2025-10-19 15:00:00,521.5,537.0,501.0,521.5,0.0,1799.2,945400.3,0
2025-10-26,2025-10-26 11:00:00,511.1,532.75,511.1,520.33,1.81,5300.4,2862977.8,1
2025-10-26,2025-10-26 12:00:00,520.33,529.55,520.33,529.55,1.77,5300.4,2862977.8,1
2025-10-26,2025-10-26 13:00:00,529.55,538.77,529.55,538.77,1.74,5300.4,2862977.8,1
2025-10-26,2025-10-26 14:00:00,538.77,548.0,538.77,548.0,1.71,5300.4,2862977.8,1
2025-10-26,2025-10-26 15:00:00,548.0,554.4,511.1,548.0,0.0,5300.4,2862977.8,0
2025-10-28,2025-10-28 11:00:00,537.1,551.55,537.1,544.08,1.3,2028.0,1130283.86,1
2025-10-28,2025-10-28 12:00:00,544.08,551.05,544.08,551.05,1.28,2028.0,1130283.86,1
2025-10-28,2025-10-28 13:00:00,551.05,558.02,551.05,558.02,1.26,2028.0,1130283.86,1
2025-10-28,2025-10-28 14:00:00,558.02,565.0,558.02,565.0,1.25,2028.0,1130283.86,1
2025-10-28,2025-10-28 15:00:00,565.0,566.0,537.1,565.0,0.0,2028.0,1130283.86,0
2025-10-29,2025-10-29 11:00:00,553.7,573.85,548.35,560.3,1.19,8020.4,4652843.84,1
2025-10-29,2025-10-29 12:00:00,560.3,566.9,560.3,566.9,1.18,8020.4,4652843.84,1
2025-10-29,2025-10-29 13:00:00,566.9,573.5,566.9,573.5,1.16,8020.4,4652843.84,1
2025-10-29,2025-10-29 14:00:00,573.5,580.1,573.5,580.1,1.15,8020.4,4652843.84,1
2025-10-29,2025-10-29 15:00:00,580.1,594.0,543.0,580.1,0.0,8020.4,4652843.84,0
2025-10-30,2025-10-30 11:00:00,580.1,593.55,575.05,581.83,0.3,14504.8,8584340.6,1
2025-10-30,2025-10-30 12:00:00,581.83,583.55,581.83,583.55,0.3,14504.8,8584340.6,1
2025-10-30,2025-10-30 13:00:00,583.55,585.27,583.55,585.27,0.29,14504.8,8584340.6,1
2025-10-30,2025-10-30 14:00:00,585.27,587.0,585.27,587.0,0.3,14504.8,8584340.6,1
2025-10-30,2025-10-30 15:00:00,587.0,607.0,570.0,587.0,0.0,14504.8,8584340.6,0
2025-11-02,2025-11-02 11:00:00,598.7,598.7,582.4,595.03,-0.61,2887.0,1665914.24,-1
2025-11-02,2025-11-02 12:00:00,595.03,595.03,591.35,591.35,-0.62,2887.0,1665914.24,-1
2025-11-02,2025-11-02 13:00:00,591.35,591.35,587.67,587.67,-0.62,2887.0,1665914.24,-1
2025-11-02,2025-11-02 14:00:00,587.67,587.67,584.0,584.0,-0.62,2887.0,1665914.24,-1
2025-11-02,2025-11-02 15:00:00,584.0,598.7,566.1,584.0,0.0,2887.0,1665914.24,0
2025-11-03,2025-11-03 11:00:00,595.6,595.6,577.8,588.95,-1.12,3836.2,2172996.78,-1
2025-11-03,2025-11-03 12:00:00,588.95,588.95,582.3,582.3,-1.13,3836.2,2172996.78,-1
2025-11-03,2025-11-03 13:00:00,582.3,582.3,575.65,575.65,-1.14,3836.2,2172996.78,-1
2025-11-03,2025-11-03 14:00:00,575.65,575.65,569.0,569.0,-1.16,3836.2,2172996.78,-1
2025-11-03,2025-11-03 15:00:00,569.0,595.6,560.0,569.0,0.0,3836.2,2172996.78,0
2025-11-04,2025-11-04 11:00:00,580.3,580.3,565.15,576.5,-0.65,3488.8,1961164.86,-1
2025-11-04,2025-11-04 12:00:00,576.5,576.5,572.7,572.7,-0.66,3488.8,1961164.86,-1
2025-11-04,2025-11-04 13:00:00,572.7,572.7,568.9,568.9,-0.66,3488.8,1961164.86,-1
2025-11-04,2025-11-04 14:00:00,568.9,568.9,565.1,565.1,-0.67,3488.8,1961164.86,-1
2025-11-04,2025-11-04 15:00:00,565.1,580.3,550.0,565.1,0.0,3488.8,1961164.86,0
2025-11-05,2025-11-05 11:00:00,576.4,576.4,565.2,575.02,-0.24,2205.8,1243866.2,-1
2025-11-05,2025-11-05 12:00:00,575.02,575.02,573.65,573.65,-0.24,2205.8,1243866.2,-1
2025-11-05,2025-11-05 13:00:00,573.65,573.65,572.27,572.27,-0.24,2205.8,1243866.2,-1
2025-11-05,2025-11-05 14:00:00,572.27,572.27,570.9,570.9,-0.24,2205.8,1243866.2,-1
2025-11-05,2025-11-05 15:00:00,570.9,576.4,554.0,570.9,0.0,2205.8,1243866.2,0
2025-11-06,2025-11-06 11:00:00,570.9,575.45,565.5,569.67,-0.22,809.4,458422.2,-1
2025-11-06,2025-11-06 12:00:00,569.67,569.67,568.45,568.45,-0.21,809.4,458422.2,-1
2025-11-06,2025-11-06 13:00:00,568.45,568.45,567.23,567.23,-0.21,809.4,458422.2,-1
2025-11-06,2025-11-06 14:00:00,567.23,567.23,566.0,566.0,-0.22,809.4,458422.2,-1
2025-11-06,2025-11-06 15:00:00,566.0,580.0,560.1,566.0,0.0,809.4,458422.2,0
2025-11-09,2025-11-09 11:00:00,577.3,577.3,565.65,573.0,-0.74,3054.4,1712766.56,-1
2025-11-09,2025-11-09 12:00:00,573.0,573.0,568.7,568.7,-0.75,3054.4,1712766.56,-1
2025-11-09,2025-11-09 13:00:00,568.7,568.7,564.4,564.4,-0.76,3054.4,1712766.56,-1
2025-11-09,2025-11-09 14:00:00,564.4,564.4,560.1,560.1,-0.76,3054.4,1712766.56,-1
2025-11-09,2025-11-09 15:00:00,560.1,577.3,554.0,560.1,0.0,3054.4,1712766.56,0
2025-11-10,2025-11-10 11:00:00,570.0,588.0,565.05,578.75,1.54,13268.0,7829788.94,1
2025-11-10,2025-11-10 12:00:00,578.75,587.5,578.75,587.5,1.51,13268.0,7829788.94,1
2025-11-10,2025-11-10 13:00:00,587.5,596.25,587.5,596.25,1.49,13268.0,7829788.94,1
2025-11-10,2025-11-10 14:00:00,596.25,605.0,596.25,605.0,1.47,13268.0,7829788.94,1
2025-11-10,2025-11-10 15:00:00,605.0,606.0,560.1,605.0,0.0,13268.0,7829788.94,0
2025-11-11,2025-11-11 11:00:00,593.0,607.0,592.5,599.75,1.14,5384.6,3273242.54,1
2025-11-11,2025-11-11 12:00:00,599.75,606.5,599.75,606.5,1.13,5384.6,3273242.54,1
2025-11-11,2025-11-11 13:00:00,606.5,613.25,606.5,613.25,1.11,5384.6,3273242.54,1
2025-11-11,2025-11-11 14:00:00,613.25,620.0,613.25,620.0,1.1,5384.6,3273242.54,1
2025-11-11,2025-11-11 15:00:00,620.0,621.0,592.0,620.0,0.0,5384.6,3273242.54,0
2025-11-12,2025-11-12 11:00:00,607.6,644.8,601.55,626.2,3.06,19710.2,12877746.2,1
2025-11-12,2025-11-12 12:00:00,626.2,644.8,626.2,644.8,2.97,19710.2,12877746.2,1
2025-11-12,2025-11-12 13:00:00,644.8,663.4,644.8,663.4,2.88,19710.2,12877746.2,1
2025-11-12,2025-11-12 14:00:00,663.4,682.0,663.4,682.0,2.8,19710.2,12877746.2,1
2025-11-12,2025-11-12 15:00:00,682.0,682.0,595.5,682.0,0.0,19710.2,12877746.2,0
2025-11-13,2025-11-13 11:00:00,669.0,692.5,641.4,680.75,1.76,18612.4,11818473.92,1
2025-11-13,2025-11-13 12:00:00,680.75,692.5,680.75,692.5,1.73,18612.4,11818473.92,1
2025-11-13,2025-11-13 13:00:00,692.5,704.25,692.5,704.25,1.7,18612.4,11818473.92,1
2025-11-13,2025-11-13 14:00:00,704.25,716.0,704.25,716.0,1.67,18612.4,11818473.92,1
2025-11-13,2025-11-13 15:00:00,716.0,716.0,613.8,716.0,0.0,18612.4,11818473.92,0
2025-11-16,2025-11-16 11:00:00,701.7,701.7,673.05,687.38,-2.04,3213.0,2072691.76,-1
2025-11-16,2025-11-16 12:00:00,687.38,687.38,673.05,673.05,-2.08,3213.0,2072691.76,-1
2025-11-16,2025-11-16 13:00:00,673.05,673.05,658.73,658.73,-2.13,3213.0,2072691.76,-1
2025-11-16,2025-11-16 14:00:00,658.73,658.73,644.4,644.4,-2.18,3213.0,2072691.76,-1
2025-11-16,2025-11-16 15:00:00,644.4,701.7,644.4,644.4,0.0,3213.0,2072691.76,0
2025-11-17,2025-11-17 11:00:00,631.6,631.6,605.8,618.7,-2.04,23841.2,13995061.14,-1
2025-11-17,2025-11-17 12:00:00,618.7,618.7,605.8,605.8,-2.09,23841.2,13995061.14,-1
2025-11-17,2025-11-17 13:00:00,605.8,605.8,592.9,592.9,-2.13,23841.2,13995061.14,-1
2025-11-17,2025-11-17 14:00:00,592.9,592.9,580.0,580.0,-2.18,23841.2,13995061.14,-1
2025-11-17,2025-11-17 15:00:00,580.0,631.6,580.0,580.0,0.0,23841.2,13995061.14,0
2025-11-18,2025-11-18 11:00:00,583.4,589.25,576.75,583.8,0.07,4192.8,2448238.58,1
2025-11-18,2025-11-18 12:00:00,583.8,584.2,583.8,584.2,0.07,4192.8,2448238.58,1
2025-11-18,2025-11-18 13:00:00,584.2,584.6,584.2,584.6,0.07,4192.8,2448238.58,1
2025-11-18,2025-11-18 14:00:00,584.6,585.0,584.6,585.0,0.07,4192.8,2448238.58,1
2025-11-18,2025-11-18 15:00:00,585.0,595.1,570.1,585.0,0.0,4192.8,2448238.58,0
2025-11-19,2025-11-19 11:00:00,595.0,595.0,582.5,588.75,-1.05,3109.8,1790717.6,-1
2025-11-19,2025-11-19 12:00:00,588.75,588.75,582.5,582.5,-1.06,3109.8,1790717.6,-1
2025-11-19,2025-11-19 13:00:00,582.5,582.5,576.25,576.25,-1.07,3109.8,1790717.6,-1
2025-11-19,2025-11-19 14:00:00,576.25,576.25,570.0,570.0,-1.08,3109.8,1790717.6,-1
2025-11-19,2025-11-19 15:00:00,570.0,595.0,570.0,570.0,0.0,3109.8,1790717.6,0
2025-11-20,2025-11-20 11:00:00,581.4,581.4,570.2,577.83,-0.61,4937.0,2807583.54,-1
2025-11-20,2025-11-20 12:00:00,577.83,577.83,574.25,574.25,-0.62,4937.0,2807583.54,-1
2025-11-20,2025-11-20 13:00:00,574.25,574.25,570.67,570.67,-0.62,4937.0,2807583.54,-1
2025-11-20,2025-11-20 14:00:00,570.67,570.67,567.1,567.1,-0.63,4937.0,2807583.54,-1
2025-11-20,2025-11-20 15:00:00,567.1,581.4,559.0,567.1,0.0,4937.0,2807583.54,0
2025-11-23,2025-11-23 11:00:00,570.0,580.0,568.5,571.25,0.22,1799.0,1043018.96,1
2025-11-23,2025-11-23 12:00:00,571.25,572.5,571.25,572.5,0.22,1799.0,1043018.96,1
2025-11-23,2025-11-23 13:00:00,572.5,573.75,572.5,573.75,0.22,1799.0,1043018.96,1
2025-11-23,2025-11-23 14:00:00,573.75,575.0,573.75,575.0,0.22,1799.0,1043018.96,1
2025-11-23,2025-11-23 15:00:00,575.0,590.0,567.0,575.0,0.0,1799.0,1043018.96,0
2025-11-24,2025-11-24 11:00:00,577.0,582.5,576.0,577.98,0.17,3997.0,2321842.6,1
2025-11-24,2025-11-24 12:00:00,577.98,578.95,577.98,578.95,0.17,3997.0,2321842.6,1
2025-11-24,2025-11-24 13:00:00,578.95,579.92,578.95,579.92,0.17,3997.0,2321842.6,1
2025-11-24,2025-11-24 14:00:00,579.92,580.9,579.92,580.9,0.17,3997.0,2321842.6,1
2025-11-24,2025-11-24 15:00:00,580.9,588.0,575.0,580.9,0.0,3997.0,2321842.6,0
2025-11-25,2025-11-25 11:00:00,590.5,590.5,577.75,584.12,-1.08,4774.6,2722728.34,-1
2025-11-25,2025-11-25 12:00:00,584.12,584.12,577.75,577.75,-1.09,4774.6,2722728.34,-1
2025-11-25,2025-11-25 13:00:00,577.75,577.75,571.38,571.38,-1.1,4774.6,2722728.34,-1
2025-11-25,2025-11-25 14:00:00,571.38,571.38,565.0,565.0,-1.12,4774.6,2722728.34,-1
2025-11-25,2025-11-25 15:00:00,565.0,590.5,565.0,565.0,0.0,4774.6,2722728.34,0
2025-11-26,2025-11-26 11:00:00,571.0,575.5,570.5,572.75,0.31,4675.4,2697099.8,1
2025-11-26,2025-11-26 12:00:00,572.75,574.5,572.75,574.5,0.31,4675.4,2697099.8,1
2025-11-26,2025-11-26 13:00:00,574.5,576.25,574.5,576.25,0.3,4675.4,2697099.8,1
2025-11-26,2025-11-26 14:00:00,576.25,578.0,576.25,578.0,0.3,4675.4,2697099.8,1
2025-11-26,2025-11-26 15:00:00,578.0,580.0,570.0,578.0,0.0,4675.4,2697099.8,0
2025-11-27,2025-11-27 11:00:00,573.0,576.5,572.0,573.5,0.09,2734.0,1570889.42,1
2025-11-27,2025-11-27 12:00:00,573.5,574.0,573.5,574.0,0.09,2734.0,1570889.42,1
2025-11-27,2025-11-27 13:00:00,574.0,574.5,574.0,574.5,0.09,2734.0,1570889.42,1
2025-11-27,2025-11-27 14:00:00,574.5,575.0,574.5,575.0,0.09,2734.0,1570889.42,1
2025-11-27,2025-11-27 15:00:00,575.0,580.0,571.0,575.0,0.0,2734.0,1570889.42,0
2025-11-30,2025-11-30 11:00:00,572.0,573.0,568.5,570.5,-0.26,1592.4,906545.58,-1
2025-11-30,2025-11-30 12:00:00,570.5,570.5,569.0,569.0,-0.26,1592.4,906545.58,-1
2025-11-30,2025-11-30 13:00:00,569.0,569.0,567.5,567.5,-0.26,1592.4,906545.58,-1
2025-11-30,2025-11-30 14:00:00,567.5,567.5,566.0,566.0,-0.26,1592.4,906545.58,-1
2025-11-30,2025-11-30 15:00:00,566.0,574.0,565.0,566.0,0.0,1592.4,906545.58,0
2025-12-01,2025-12-01 11:00:00,566.0,568.0,561.0,563.5,-0.44,3260.8,1832463.38,-1
2025-12-01,2025-12-01 12:00:00,563.5,563.5,561.0,561.0,-0.44,3260.8,1832463.38,-1
2025-12-01,2025-12-01 13:00:00,561.0,561.0,558.5,558.5,-0.45,3260.8,1832463.38,-1
2025-12-01,2025-12-01 14:00:00,558.5,558.5,556.0,556.0,-0.45,3260.8,1832463.38,-1
2025-12-01,2025-12-01 15:00:00,556.0,570.0,556.0,556.0,0.0,3260.8,1832463.38,0
2025-12-02,2025-12-02 11:00:00,553.0,560.0,549.0,554.75,0.32,2151.6,1202785.86,1
2025-12-02,2025-12-02 12:00:00,554.75,556.5,554.75,556.5,0.32,2151.6,1202785.86,1
2025-12-02,2025-12-02 13:00:00,556.5,558.25,556.5,558.25,0.31,2151.6,1202785.86,1
2025-12-02,2025-12-02 14:00:00,558.25,560.0,558.25,560.0,0.31,2151.6,1202785.86,1
2025-12-02,2025-12-02 15:00:00,560.0,567.0,545.0,560.0,0.0,2151.6,1202785.86,0
2025-12-03,2025-12-03 11:00:00,571.0,571.1,556.0,568.5,-0.44,6722.2,3726626.58,-1
2025-12-03,2025-12-03 12:00:00,568.5,568.5,566.0,566.0,-0.44,6722.2,3726626.58,-1
2025-12-03,2025-12-03 13:00:00,566.0,566.0,563.5,563.5,-0.44,6722.2,3726626.58,-1
2025-12-03,2025-12-03 14:00:00,563.5,563.5,561.0,561.0,-0.44,6722.2,3726626.58,-1
2025-12-03,2025-12-03 15:00:00,561.0,571.2,541.0,561.0,0.0,6722.2,3726626.58,0
2025-12-07,2025-12-07 11:00:00,561.0,563.95,555.4,558.55,-0.44,2402.2,1328457.08,-1
2025-12-07,2025-12-07 12:00:00,558.55,558.55,556.1,556.1,-0.44,2402.2,1328457.08,-1
2025-12-07,2025-12-07 13:00:00,556.1,556.1,553.65,553.65,-0.44,2402.2,1328457.08,-1
2025-12-07,2025-12-07 14:00:00,553.65,553.65,551.2,551.2,-0.44,2402.2,1328457.08,-1
2025-12-07,2025-12-07 15:00:00,551.2,566.9,549.8,551.2,0.0,2402.2,1328457.08,0
2025-12-08,2025-12-08 11:00:00,546.0,551.5,543.1,547.0,0.18,2624.8,1431857.34,1
2025-12-08,2025-12-08 12:00:00,547.0,548.0,547.0,548.0,0.18,2624.8,1431857.34,1
2025-12-08,2025-12-08 13:00:00,548.0,549.0,548.0,549.0,0.18,2624.8,1431857.34,1
2025-12-08,2025-12-08 14:00:00,549.0,550.0,549.0,550.0,0.18,2624.8,1431857.34,1
2025-12-08,2025-12-08 15:00:00,550.0,557.0,540.2,550.0,0.0,2624.8,1431857.34,0
2025-12-09,2025-12-09 11:00:00,553.0,555.75,546.5,553.23,0.04,1373.0,757027.22,1
2025-12-09,2025-12-09 12:00:00,553.23,553.45,553.23,553.45,0.04,1373.0,757027.22,1
2025-12-09,2025-12-09 13:00:00,553.45,553.67,553.45,553.67,0.04,1373.0,757027.22,1
2025-12-09,2025-12-09 14:00:00,553.67,553.9,553.67,553.9,0.04,1373.0,757027.22,1
2025-12-09,2025-12-09 15:00:00,553.9,558.5,540.0,553.9,0.0,1373.0,757027.22,0
2025-12-10,2025-12-10 11:00:00,548.0,555.0,548.0,549.73,0.32,1784.0,990331.4,1
2025-12-10,2025-12-10 12:00:00,549.73,551.45,549.73,551.45,0.31,1784.0,990331.4,1
2025-12-10,2025-12-10 13:00:00,551.45,553.17,551.45,553.17,0.31,1784.0,990331.4,1
2025-12-10,2025-12-10 14:00:00,553.17,554.9,553.17,554.9,0.31,1784.0,990331.4,1
2025-12-10,2025-12-10 15:00:00,554.9,562.0,548.0,554.9,0.0,1784.0,990331.4,0
2025-12-11,2025-12-11 11:00:00,550.0,553.7,550.0,551.23,0.22,2129.8,1178829.48,1
2025-12-11,2025-12-11 12:00:00,551.23,552.45,551.23,552.45,0.22,2129.8,1178829.48,1
2025-12-11,2025-12-11 13:00:00,552.45,553.67,552.45,553.67,0.22,2129.8,1178829.48,1
2025-12-11,2025-12-11 14:00:00,553.67,554.9,553.67,554.9,0.22,2129.8,1178829.48,1
2025-12-11,2025-12-11 15:00:00,554.9,557.4,550.0,554.9,0.0,2129.8,1178829.48,0
2025-12-14,2025-12-14 11:00:00,555.0,557.0,550.0,552.52,-0.45,1138.6,625767.34,-1
2025-12-14,2025-12-14 12:00:00,552.52,552.52,550.05,550.05,-0.45,1138.6,625767.34,-1
2025-12-14,2025-12-14 13:00:00,550.05,550.05,547.58,547.58,-0.45,1138.6,625767.34,-1
2025-12-14,2025-12-14 14:00:00,547.58,547.58,545.1,545.1,-0.45,1138.6,625767.34,-1
2025-12-14,2025-12-14 15:00:00,545.1,559.0,545.0,545.1,0.0,1138.6,625767.34,0
2025-12-15,2025-12-15 11:00:00,539.0,544.0,539.0,539.77,0.14,770.8,418282.62,1
2025-12-15,2025-12-15 12:00:00,539.77,540.55,539.77,540.55,0.14,770.8,418282.62,1
2025-12-15,2025-12-15 13:00:00,540.55,541.33,540.55,541.33,0.14,770.8,418282.62,1
2025-12-15,2025-12-15 14:00:00,541.33,542.1,541.33,542.1,0.14,770.8,418282.62,1
2025-12-15,2025-12-15 15:00:00,542.1,549.0,539.0,542.1,0.0,770.8,418282.62,0
2025-12-16,2025-12-16 11:00:00,545.0,550.45,542.5,544.75,-0.05,964.6,528049.62,-1
2025-12-16,2025-12-16 12:00:00,544.75,544.75,544.5,544.5,-0.05,964.6,528049.62,-1
2025-12-16,2025-12-16 13:00:00,544.5,544.5,544.25,544.25,-0.05,964.6,528049.62,-1
2025-12-16,2025-12-16 14:00:00,544.25,544.25,544.0,544.0,-0.05,964.6,528049.62,-1
2025-12-16,2025-12-16 15:00:00,544.0,555.9,540.0,544.0,0.0,964.6,528049.62,0
2025-12-17,2025-12-17 11:00:00,548.0,549.5,544.5,547.0,-0.18,2060.2,1122129.56,-1
2025-12-17,2025-12-17 12:00:00,547.0,547.0,546.0,546.0,-0.18,2060.2,1122129.56,-1
2025-12-17,2025-12-17 13:00:00,546.0,546.0,545.0,545.0,-0.18,2060.2,1122129.56,-1
2025-12-17,2025-12-17 14:00:00,545.0,545.0,544.0,544.0,-0.18,2060.2,1122129.56,-1
2025-12-17,2025-12-17 15:00:00,544.0,551.0,541.0,544.0,0.0,2060.2,1122129.56,0
2025-12-18,2025-12-18 11:00:00,540.0,543.5,538.5,540.73,0.14,4732.8,2558818.1,1
2025-12-18,2025-12-18 12:00:00,540.73,541.45,540.73,541.45,0.13,4732.8,2558818.1,1
2025-12-18,2025-12-18 13:00:00,541.45,542.17,541.45,542.17,0.13,4732.8,2558818.1,1
2025-12-18,2025-12-18 14:00:00,542.17,542.9,542.17,542.9,0.13,4732.8,2558818.1,1
2025-12-18,2025-12-18 15:00:00,542.9,547.0,537.0,542.9,0.0,4732.8,2558818.1,0
2025-12-21,2025-12-21 11:00:00,541.0,541.0,535.5,538.25,-0.51,1590.8,851230.1,-1
2025-12-21,2025-12-21 12:00:00,538.25,538.25,535.5,535.5,-0.51,1590.8,851230.1,-1
2025-12-21,2025-12-21 13:00:00,535.5,535.5,532.75,532.75,-0.51,1590.8,851230.1,-1
2025-12-21,2025-12-21 14:00:00,532.75,532.75,530.0,530.0,-0.52,1590.8,851230.1,-1
2025-12-21,2025-12-21 15:00:00,530.0,541.0,530.0,530.0,0.0,1590.8,851230.1,0
2025-12-22,2025-12-22 11:00:00,530.0,535.0,525.0,528.25,-0.33,2148.4,1125948.8,-1
2025-12-22,2025-12-22 12:00:00,528.25,528.25,526.5,526.5,-0.33,2148.4,1125948.8,-1
2025-12-22,2025-12-22 13:00:00,526.5,526.5,524.75,524.75,-0.33,2148.4,1125948.8,-1
2025-12-22,2025-12-22 14:00:00,524.75,524.75,523.0,523.0,-0.33,2148.4,1125948.8,-1
2025-12-22,2025-12-22 15:00:00,523.0,540.0,520.0,523.0,0.0,2148.4,1125948.8,0
2025-12-23,2025-12-23 11:00:00,533.4,538.2,526.6,531.05,-0.44,2050.8,1071831.9,-1
2025-12-23,2025-12-23 12:00:00,531.05,531.05,528.7,528.7,-0.44,2050.8,1071831.9,-1
2025-12-23,2025-12-23 13:00:00,528.7,528.7,526.35,526.35,-0.44,2050.8,1071831.9,-1
2025-12-23,2025-12-23 14:00:00,526.35,526.35,524.0,524.0,-0.45,2050.8,1071831.9,-1
2025-12-23,2025-12-23 15:00:00,524.0,543.0,519.8,524.0,0.0,2050.8,1071831.9,0
2025-12-24,2025-12-24 11:00:00,525.0,526.5,522.0,524.25,-0.14,809.4,422401.0,-1
2025-12-24,2025-12-24 12:00:00,524.25,524.25,523.5,523.5,-0.14,809.4,422401.0,-1
2025-12-24,2025-12-24 13:00:00,523.5,523.5,522.75,522.75,-0.14,809.4,422401.0,-1
2025-12-24,2025-12-24 14:00:00,522.75,522.75,522.0,522.0,-0.14,809.4,422401.0,-1
2025-12-24,2025-12-24 15:00:00,522.0,528.0,519.0,522.0,0.0,809.4,422401.0,0
2025-12-28,2025-12-28 11:00:00,522.0,534.95,521.0,523.0,0.19,3718.4,1970514.16,1
2025-12-28,2025-12-28 12:00:00,523.0,524.0,523.0,524.0,0.19,3718.4,1970514.16,1
2025-12-28,2025-12-28 13:00:00,524.0,525.0,524.0,525.0,0.19,3718.4,1970514.16,1
2025-12-28,2025-12-28 14:00:00,525.0,526.0,525.0,526.0,0.19,3718.4,1970514.16,1
2025-12-28,2025-12-28 15:00:00,526.0,547.9,520.0,526.0,0.0,3718.4,1970514.16,0
2025-12-29,2025-12-29 11:00:00,530.0,538.5,528.15,532.45,0.46,4490.8,2436164.18,1
2025-12-29,2025-12-29 12:00:00,532.45,534.9,532.45,534.9,0.46,4490.8,2436164.18,1
2025-12-29,2025-12-29 13:00:00,534.9,537.35,534.9,537.35,0.46,4490.8,2436164.18,1
2025-12-29,2025-12-29 14:00:00,537.35,539.8,537.35,539.8,0.46,4490.8,2436164.18,1
2025-12-29,2025-12-29 15:00:00,539.8,547.0,526.3,539.8,0.0,4490.8,2436164.18,0
2025-12-31,2025-12-31 11:00:00,540.0,544.45,539.5,540.0,0.0,1435.4,779204.46,0
2025-12-31,2025-12-31 12:00:00,540.0,540.0,540.0,540.0,0.0,1435.4,779204.46,0
2025-12-31,2025-12-31 13:00:00,540.0,540.0,540.0,540.0,0.0,1435.4,779204.46,0
2025-12-31,2025-12-31 14:00:00,540.0,540.0,540.0,540.0,0.0,1435.4,779204.46,0
2025-12-31,2025-12-31 15:00:00,540.0,548.9,539.0,540.0,0.0,1435.4,779204.46,0
2026-01-01,2026-01-01 11:00:00,537.0,539.85,533.5,537.5,0.09,2631.2,1412982.22,1
2026-01-01,2026-01-01 12:00:00,537.5,538.0,537.5,538.0,0.09,2631.2,1412982.22,1
2026-01-01,2026-01-01 13:00:00,538.0,538.5,538.0,538.5,0.09,2631.2,1412982.22,1
2026-01-01,2026-01-01 14:00:00,538.5,539.0,538.5,539.0,0.09,2631.2,1412982.22,1
2026-01-01,2026-01-01 15:00:00,539.0,542.7,530.0,539.0,0.0,2631.2,1412982.22,0
2026-01-04,2026-01-04 11:00:00,537.0,537.0,533.5,535.75,-0.23,1625.4,867056.84,-1
2026-01-04,2026-01-04 12:00:00,535.75,535.75,534.5,534.5,-0.23,1625.4,867056.84,-1
2026-01-04,2026-01-04 13:00:00,534.5,534.5,533.25,533.25,-0.23,1625.4,867056.84,-1
2026-01-04,2026-01-04 14:00:00,533.25,533.25,532.0,532.0,-0.23,1625.4,867056.84,-1
2026-01-04,2026-01-04 15:00:00,532.0,537.0,530.0,532.0,0.0,1625.4,867056.84,0
2026-01-05,2026-01-05 11:00:00,539.0,543.0,534.5,537.25,-0.32,4806.0,2585130.96,-1
2026-01-05,2026-01-05 12:00:00,537.25,537.25,535.5,535.5,-0.33,4806.0,2585130.96,-1
2026-01-05,2026-01-05 13:00:00,535.5,535.5,533.75,533.75,-0.33,4806.0,2585130.96,-1
2026-01-05,2026-01-05 14:00:00,533.75,533.75,532.0,532.0,-0.33,4806.0,2585130.96,-1
2026-01-05,2026-01-05 15:00:00,532.0,547.0,530.0,532.0,0.0,4806.0,2585130.96,0
2026-01-06,2026-01-06 11:00:00,522.0,532.0,522.0,525.0,0.57,1868.2,999462.84,1
2026-01-06,2026-01-06 12:00:00,525.0,528.0,525.0,528.0,0.57,1868.2,999462.84,1
2026-01-06,2026-01-06 13:00:00,528.0,531.0,528.0,531.0,0.57,1868.2,999462.84,1
2026-01-06,2026-01-06 14:00:00,531.0,534.0,531.0,534.0,0.56,1868.2,999462.84,1
2026-01-06,2026-01-06 15:00:00,534.0,542.0,522.0,534.0,0.0,1868.2,999462.84,0
2026-01-07,2026-01-07 11:00:00,530.0,534.95,529.0,530.8,0.15,2097.0,1117140.56,1
2026-01-07,2026-01-07 12:00:00,530.8,531.6,530.8,531.6,0.15,2097.0,1117140.56,1
2026-01-07,2026-01-07 13:00:00,531.6,532.4,531.6,532.4,0.15,2097.0,1117140.56,1
2026-01-07,2026-01-07 14:00:00,532.4,533.2,532.4,533.2,0.15,2097.0,1117140.56,1
2026-01-07,2026-01-07 15:00:00,533.2,539.9,528.0,533.2,0.0,2097.0,1117140.56,0
2026-01-08,2026-01-08 11:00:00,523.0,531.4,523.0,527.2,0.8,1223.4,651264.84,1
2026-01-08,2026-01-08 12:00:00,527.2,531.4,527.2,531.4,0.8,1223.4,651264.84,1
2026-01-08,2026-01-08 13:00:00,531.4,535.6,531.4,535.6,0.79,1223.4,651264.84,1
2026-01-08,2026-01-08 14:00:00,535.6,539.8,535.6,539.8,0.78,1223.4,651264.84,1
2026-01-08,2026-01-08 15:00:00,539.8,539.8,523.0,539.8,0.0,1223.4,651264.84,0
2026-01-12,2026-01-12 11:00:00,547.0,547.0,538.5,544.5,-0.46,992.8,529983.2,-1
2026-01-12,2026-01-12 12:00:00,544.5,544.5,542.0,542.0,-0.46,992.8,529983.2,-1
2026-01-12,2026-01-12 13:00:00,542.0,542.0,539.5,539.5,-0.46,992.8,529983.2,-1
2026-01-12,2026-01-12 14:00:00,539.5,539.5,537.0,537.0,-0.46,992.8,529983.2,-1
2026-01-12,2026-01-12 15:00:00,537.0,547.0,530.0,537.0,0.0,992.8,529983.2,0
2026-01-13,2026-01-13 11:00:00,527.0,532.0,520.5,527.75,0.14,13371.4,6970342.26,1
2026-01-13,2026-01-13 12:00:00,527.75,528.5,527.75,528.5,0.14,13371.4,6970342.26,1
2026-01-13,2026-01-13 13:00:00,528.5,529.25,528.5,529.25,0.14,13371.4,6970342.26,1
2026-01-13,2026-01-13 14:00:00,529.25,530.0,529.25,530.0,0.14,13371.4,6970342.26,1
2026-01-13,2026-01-13 15:00:00,530.0,537.0,514.0,530.0,0.0,13371.4,6970342.26,0
2026-01-14,2026-01-14 11:00:00,532.0,544.0,531.05,531.75,-0.05,8652.2,4671464.68,-1
2026-01-14,2026-01-14 12:00:00,531.75,531.75,531.5,531.5,-0.05,8652.2,4671464.68,-1
2026-01-14,2026-01-14 13:00:00,531.5,531.5,531.25,531.25,-0.05,8652.2,4671464.68,-1
2026-01-14,2026-01-14 14:00:00,531.25,531.25,531.0,531.0,-0.05,8652.2,4671464.68,-1
2026-01-14,2026-01-14 15:00:00,531.0,556.0,530.1,531.0,0.0,8652.2,4671464.68,0
2026-01-18,2026-01-18 11:00:00,540.0,540.0,532.55,537.25,-0.51,3461.8,1833133.86,-1
2026-01-18,2026-01-18 12:00:00,537.25,537.25,534.5,534.5,-0.51,3461.8,1833133.86,-1
2026-01-18,2026-01-18 13:00:00,534.5,534.5,531.75,531.75,-0.51,3461.8,1833133.86,-1
2026-01-18,2026-01-18 14:00:00,531.75,531.75,529.0,529.0,-0.52,3461.8,1833133.86,-1
2026-01-18,2026-01-18 15:00:00,529.0,540.0,525.1,529.0,0.0,3461.8,1833133.86,0
2026-01-20,2026-01-20 11:00:00,539.5,541.2,534.25,537.62,-0.35,4451.8,2387333.74,-1
2026-01-20,2026-01-20 12:00:00,537.62,537.62,535.75,535.75,-0.35,4451.8,2387333.74,-1
2026-01-20,2026-01-20 13:00:00,535.75,535.75,533.88,533.88,-0.35,4451.8,2387333.74,-1
2026-01-20,2026-01-20 14:00:00,533.88,533.88,532.0,532.0,-0.35,4451.8,2387333.74,-1
2026-01-20,2026-01-20 15:00:00,532.0,542.9,529.0,532.0,0.0,4451.8,2387333.74,0
2026-01-21,2026-01-21 11:00:00,539.9,539.9,534.2,537.42,-0.46,2305.4,1225132.74,-1
2026-01-21,2026-01-21 12:00:00,537.42,537.42,534.95,534.95,-0.46,2305.4,1225132.74,-1
2026-01-21,2026-01-21 13:00:00,534.95,534.95,532.48,532.48,-0.46,2305.4,1225132.74,-1
2026-01-21,2026-01-21 14:00:00,532.48,532.48,530.0,530.0,-0.47,2305.4,1225132.74,-1
2026-01-21,2026-01-21 15:00:00,530.0,539.9,528.5,530.0,0.0,2305.4,1225132.74,0
2026-01-22,2026-01-22 11:00:00,526.0,530.95,526.0,526.62,0.12,4428.2,2338797.7,1
2026-01-22,2026-01-22 12:00:00,526.62,527.25,526.62,527.25,0.12,4428.2,2338797.7,1
2026-01-22,2026-01-22 13:00:00,527.25,527.88,527.25,527.88,0.12,4428.2,2338797.7,1
2026-01-22,2026-01-22 14:00:00,527.88,528.5,527.88,528.5,0.12,4428.2,2338797.7,1
2026-01-22,2026-01-22 15:00:00,528.5,535.9,526.0,528.5,0.0,4428.2,2338797.7,0
2026-01-25,2026-01-25 11:00:00,527.0,532.95,527.0,529.25,0.43,4215.8,2258143.74,1
2026-01-25,2026-01-25 12:00:00,529.25,531.5,529.25,531.5,0.43,4215.8,2258143.74,1
2026-01-25,2026-01-25 13:00:00,531.5,533.75,531.5,533.75,0.42,4215.8,2258143.74,1
2026-01-25,2026-01-25 14:00:00,533.75,536.0,533.75,536.0,0.42,4215.8,2258143.74,1
2026-01-25,2026-01-25 15:00:00,536.0,538.9,527.0,536.0,0.0,4215.8,2258143.74,0
2026-01-26,2026-01-26 11:00:00,540.0,545.2,538.5,541.5,0.28,6425.0,3495083.68,1
2026-01-26,2026-01-26 12:00:00,541.5,543.0,541.5,543.0,0.28,6425.0,3495083.68,1
2026-01-26,2026-01-26 13:00:00,543.0,544.5,543.0,544.5,0.28,6425.0,3495083.68,1
2026-01-26,2026-01-26 14:00:00,544.5,546.0,544.5,546.0,0.28,6425.0,3495083.68,1
2026-01-26,2026-01-26 15:00:00,546.0,550.4,537.0,546.0,0.0,6425.0,3495083.68,0
2026-01-27,2026-01-27 11:00:00,550.3,552.65,543.65,547.22,-0.56,6709.0,3684159.68,-1
2026-01-27,2026-01-27 12:00:00,547.22,547.22,544.15,544.15,-0.56,6709.0,3684159.68,-1
2026-01-27,2026-01-27 13:00:00,544.15,544.15,541.08,541.08,-0.56,6709.0,3684159.68,-1
2026-01-27,2026-01-27 14:00:00,541.08,541.08,538.0,538.0,-0.57,6709.0,3684159.68,-1
2026-01-27,2026-01-27 15:00:00,538.0,555.0,537.0,538.0,0.0,6709.0,3684159.68,0
2026-01-28,2026-01-28 11:00:00,537.0,542.75,536.0,538.5,0.28,5776.0,3129935.1,1
2026-01-28,2026-01-28 12:00:00,538.5,540.0,538.5,540.0,0.28,5776.0,3129935.1,1
2026-01-28,2026-01-28 13:00:00,540.0,541.5,540.0,541.5,0.28,5776.0,3129935.1,1
2026-01-28,2026-01-28 14:00:00,541.5,543.0,541.5,543.0,0.28,5776.0,3129935.1,1
2026-01-28,2026-01-28 15:00:00,543.0,548.5,535.0,543.0,0.0,5776.0,3129935.1,0
2026-01-29,2026-01-29 11:00:00,550.0,552.25,547.5,550.0,0.0,8757.4,4827273.36,0
2026-01-29,2026-01-29 12:00:00,550.0,550.0,550.0,550.0,0.0,8757.4,4827273.36,0
2026-01-29,2026-01-29 13:00:00,550.0,550.0,550.0,550.0,0.0,8757.4,4827273.36,0
2026-01-29,2026-01-29 14:00:00,550.0,550.0,550.0,550.0,0.0,8757.4,4827273.36,0
2026-01-29,2026-01-29 15:00:00,550.0,554.5,545.0,550.0,0.0,8757.4,4827273.36,0
2026-02-01,2026-02-01 11:00:00,555.0,558.0,549.0,554.48,-0.09,3883.0,2134863.18,-1
2026-02-01,2026-02-01 12:00:00,554.48,554.48,553.95,553.95,-0.1,3883.0,2134863.18,-1
2026-02-01,2026-02-01 13:00:00,553.95,553.95,553.42,553.42,-0.1,3883.0,2134863.18,-1
2026-02-01,2026-02-01 14:00:00,553.42,553.42,552.9,552.9,-0.09,3883.0,2134863.18,-1
2026-02-01,2026-02-01 15:00:00,552.9,561.0,543.0,552.9,0.0,3883.0,2134863.18,0
2026-02-02,2026-02-02 11:00:00,551.0,551.0,542.0,548.27,-0.5,2972.6,1616019.58,-1
2026-02-02,2026-02-02 12:00:00,548.27,548.27,545.55,545.55,-0.5,2972.6,1616019.58,-1
2026-02-02,2026-02-02 13:00:00,545.55,545.55,542.83,542.83,-0.5,2972.6,1616019.58,-1
2026-02-02,2026-02-02 14:00:00,542.83,542.83,540.1,540.1,-0.5,2972.6,1616019.58,-1
2026-02-02,2026-02-02 15:00:00,540.1,551.0,533.0,540.1,0.0,2972.6,1616019.58,0
2026-02-03,2026-02-03 11:00:00,545.0,547.0,537.5,542.5,-0.46,2857.4,1533700.96,-1
2026-02-03,2026-02-03 12:00:00,542.5,542.5,540.0,540.0,-0.46,2857.4,1533700.96,-1
2026-02-03,2026-02-03 13:00:00,540.0,540.0,537.5,537.5,-0.46,2857.4,1533700.96,-1
2026-02-03,2026-02-03 14:00:00,537.5,537.5,535.0,535.0,-0.47,2857.4,1533700.96,-1
2026-02-03,2026-02-03 15:00:00,535.0,549.0,530.0,535.0,0.0,2857.4,1533700.96,0
2026-02-04,2026-02-04 11:00:00,535.0,538.5,532.5,535.0,0.0,3982.8,2126655.66,0
2026-02-04,2026-02-04 12:00:00,535.0,535.0,535.0,535.0,0.0,3982.8,2126655.66,0
2026-02-04,2026-02-04 13:00:00,535.0,535.0,535.0,535.0,0.0,3982.8,2126655.66,0
2026-02-04,2026-02-04 14:00:00,535.0,535.0,535.0,535.0,0.0,3982.8,2126655.66,0
2026-02-04,2026-02-04 15:00:00,535.0,542.0,530.0,535.0,0.0,3982.8,2126655.66,0
2026-02-05,2026-02-05 11:00:00,535.1,540.05,534.55,535.83,0.14,3242.4,1747449.2,1
2026-02-05,2026-02-05 12:00:00,535.83,536.55,535.83,536.55,0.13,3242.4,1747449.2,1
2026-02-05,2026-02-05 13:00:00,536.55,537.27,536.55,537.27,0.13,3242.4,1747449.2,1
2026-02-05,2026-02-05 14:00:00,537.27,538.0,537.27,538.0,0.14,3242.4,1747449.2,1
2026-02-05,2026-02-05 15:00:00,538.0,545.0,534.0,538.0,0.0,3242.4,1747449.2,0
2026-02-08,2026-02-08 11:00:00,540.0,544.95,539.0,540.0,0.0,3369.0,1826360.16,0
2026-02-08,2026-02-08 12:00:00,540.0,540.0,540.0,540.0,0.0,3369.0,1826360.16,0
2026-02-08,2026-02-08 13:00:00,540.0,540.0,540.0,540.0,0.0,3369.0,1826360.16,0
2026-02-08,2026-02-08 14:00:00,540.0,540.0,540.0,540.0,0.0,3369.0,1826360.16,0
2026-02-08,2026-02-08 15:00:00,540.0,549.9,538.0,540.0,0.0,3369.0,1826360.16,0
2026-02-09,2026-02-09 11:00:00,549.5,549.5,540.35,545.12,-0.8,2805.2,1501502.62,-1
2026-02-09,2026-02-09 12:00:00,545.12,545.12,540.75,540.75,-0.8,2805.2,1501502.62,-1
2026-02-09,2026-02-09 13:00:00,540.75,540.75,536.38,536.38,-0.81,2805.2,1501502.62,-1
2026-02-09,2026-02-09 14:00:00,536.38,536.38,532.0,532.0,-0.82,2805.2,1501502.62,-1
2026-02-09,2026-02-09 15:00:00,532.0,549.5,531.2,532.0,0.0,2805.2,1501502.62,0
2026-02-10,2026-02-10 11:00:00,539.0,539.0,533.55,537.73,-0.24,2381.8,1263768.96,-1
2026-02-10,2026-02-10 12:00:00,537.73,537.73,536.45,536.45,-0.24,2381.8,1263768.96,-1
2026-02-10,2026-02-10 13:00:00,536.45,536.45,535.17,535.17,-0.24,2381.8,1263768.96,-1
2026-02-10,2026-02-10 14:00:00,535.17,535.17,533.9,533.9,-0.24,2381.8,1263768.96,-1
2026-02-10,2026-02-10 15:00:00,533.9,539.0,528.1,533.9,0.0,2381.8,1263768.96,0
2026-02-11,2026-02-11 11:00:00,531.0,535.0,527.5,530.27,-0.14,1324.2,702190.98,-1
2026-02-11,2026-02-11 12:00:00,530.27,530.27,529.55,529.55,-0.14,1324.2,702190.98,-1
2026-02-11,2026-02-11 13:00:00,529.55,529.55,528.83,528.83,-0.14,1324.2,702190.98,-1
2026-02-11,2026-02-11 14:00:00,528.83,528.83,528.1,528.1,-0.14,1324.2,702190.98,-1
2026-02-11,2026-02-11 15:00:00,528.1,539.0,524.0,528.1,0.0,1324.2,702190.98,0
2026-02-12,2026-02-12 11:00:00,525.0,527.5,522.0,523.62,-0.26,4158.2,2176148.1,-1
2026-02-12,2026-02-12 12:00:00,523.62,523.62,522.25,522.25,-0.26,4158.2,2176148.1,-1
2026-02-12,2026-02-12 13:00:00,522.25,522.25,520.88,520.88,-0.26,4158.2,2176148.1,-1
2026-02-12,2026-02-12 14:00:00,520.88,520.88,519.5,519.5,-0.26,4158.2,2176148.1,-1
2026-02-12,2026-02-12 15:00:00,519.5,530.0,519.0,519.5,0.0,4158.2,2176148.1,0
2026-02-16,2026-02-16 11:00:00,517.0,518.5,511.0,515.5,-0.29,3232.6,1651603.72,-1
2026-02-16,2026-02-16 12:00:00,515.5,515.5,514.0,514.0,-0.29,3232.6,1651603.72,-1
2026-02-16,2026-02-16 13:00:00,514.0,514.0,512.5,512.5,-0.29,3232.6,1651603.72,-1
2026-02-16,2026-02-16 14:00:00,512.5,512.5,511.0,511.0,-0.29,3232.6,1651603.72,-1
2026-02-16,2026-02-16 15:00:00,511.0,520.0,505.0,511.0,0.0,3232.6,1651603.72,0
2026-02-17,2026-02-17 11:00:00,508.0,524.0,508.0,511.5,0.69,3469.8,1804958.96,1
2026-02-17,2026-02-17 12:00:00,511.5,515.0,511.5,515.0,0.68,3469.8,1804958.96,1
2026-02-17,2026-02-17 13:00:00,515.0,518.5,515.0,518.5,0.68,3469.8,1804958.96,1
2026-02-17,2026-02-17 14:00:00,518.5,522.0,518.5,522.0,0.68,3469.8,1804958.96,1
2026-02-17,2026-02-17 15:00:00,522.0,540.0,508.0,522.0,0.0,3469.8,1804958.96,0
2026-02-22,2026-02-22 11:00:00,515.0,517.5,514.0,514.77,-0.04,1523.4,786107.1,-1
2026-02-22,2026-02-22 12:00:00,514.77,514.77,514.55,514.55,-0.04,1523.4,786107.1,-1
2026-02-22,2026-02-22 13:00:00,514.55,514.55,514.33,514.33,-0.04,1523.4,786107.1,-1
2026-02-22,2026-02-22 14:00:00,514.33,514.33,514.1,514.1,-0.04,1523.4,786107.1,-1
2026-02-22,2026-02-22 15:00:00,514.1,520.0,513.0,514.1,0.0,1523.4,786107.1,0
2026-02-23,2026-02-23 11:00:00,507.1,521.3,507.1,509.05,0.38,1332.0,686790.12,1
2026-02-23,2026-02-23 12:00:00,509.05,511.0,509.05,511.0,0.38,1332.0,686790.12,1
2026-02-23,2026-02-23 13:00:00,511.0,512.95,511.0,512.95,0.38,1332.0,686790.12,1
2026-02-23,2026-02-23 14:00:00,512.95,514.9,512.95,514.9,0.38,1332.0,686790.12,1
2026-02-23,2026-02-23 15:00:00,514.9,535.5,507.1,514.9,0.0,1332.0,686790.12,0
2026-02-24,2026-02-24 11:00:00,525.1,529.55,517.05,521.08,-0.77,1161.4,594080.14,-1
2026-02-24,2026-02-24 12:00:00,521.08,521.08,517.05,517.05,-0.77,1161.4,594080.14,-1
2026-02-24,2026-02-24 13:00:00,517.05,517.05,513.02,513.02,-0.78,1161.4,594080.14,-1
2026-02-24,2026-02-24 14:00:00,513.02,513.02,509.0,509.0,-0.78,1161.4,594080.14,-1
2026-02-24,2026-02-24 15:00:00,509.0,534.0,509.0,509.0,0.0,1161.4,594080.14,0
2026-02-25,2026-02-25 11:00:00,518.0,518.5,513.5,516.0,-0.39,1629.6,834689.94,-1
2026-02-25,2026-02-25 12:00:00,516.0,516.0,514.0,514.0,-0.39,1629.6,834689.94,-1
2026-02-25,2026-02-25 13:00:00,514.0,514.0,512.0,512.0,-0.39,1629.6,834689.94,-1
2026-02-25,2026-02-25 14:00:00,512.0,512.0,510.0,510.0,-0.39,1629.6,834689.94,-1
2026-02-25,2026-02-25 15:00:00,510.0,519.0,509.0,510.0,0.0,1629.6,834689.94,0
2026-02-26,2026-02-26 11:00:00,510.0,512.5,508.5,510.98,0.19,2952.6,1509586.96,1
2026-02-26,2026-02-26 12:00:00,510.98,511.95,510.98,511.95,0.19,2952.6,1509586.96,1
2026-02-26,2026-02-26 13:00:00,511.95,512.92,511.95,512.92,0.19,2952.6,1509586.96,1
2026-02-26,2026-02-26 14:00:00,512.92,513.9,512.92,513.9,0.19,2952.6,1509586.96,1
2026-02-26,2026-02-26 15:00:00,513.9,515.0,507.0,513.9,0.0,2952.6,1509586.96,0
2026-03-01,2026-03-01 11:00:00,510.0,513.95,510.0,511.98,0.39,1081.4,554399.02,1
2026-03-01,2026-03-01 12:00:00,511.98,513.95,511.98,513.95,0.38,1081.4,554399.02,1
2026-03-01,2026-03-01 13:00:00,513.95,515.92,513.95,515.92,0.38,1081.4,554399.02,1
2026-03-01,2026-03-01 14:00:00,515.92,517.9,515.92,517.9,0.38,1081.4,554399.02,1
2026-03-01,2026-03-01 15:00:00,517.9,517.9,510.0,517.9,0.0,1081.4,554399.02,0
2026-03-03,2026-03-03 11:00:00,508.0,516.5,504.0,511.73,0.73,865.2,447843.66,1
2026-03-03,2026-03-03 12:00:00,511.73,515.45,511.73,515.45,0.73,865.2,447843.66,1
2026-03-03,2026-03-03 13:00:00,515.45,519.17,515.45,519.17,0.72,865.2,447843.66,1
2026-03-03,2026-03-03 14:00:00,519.17,522.9,519.17,522.9,0.72,865.2,447843.66,1
2026-03-03,2026-03-03 15:00:00,522.9,525.0,500.0,522.9,0.0,865.2,447843.66,0
2026-03-09,2026-03-09 11:00:00,533.3,538.6,533.3,535.95,0.5,4.0,2154.4,1
2026-03-09,2026-03-09 12:00:00,535.95,538.6,535.95,538.6,0.49,4.0,2154.4,1
2026-03-09,2026-03-09 13:00:00,538.6,541.25,538.6,541.25,0.49,4.0,2154.4,1
2026-03-09,2026-03-09 14:00:00,541.25,543.9,541.25,543.9,0.49,4.0,2154.4,1
2026-03-09,2026-03-09 15:00:00,543.9,543.9,533.3,543.9,0.0,4.0,2154.4,0
2026-03-10,2026-03-10 11:00:00,554.7,555.15,534.85,551.28,-0.62,7119.6,3835381.76,-1
2026-03-10,2026-03-10 12:00:00,551.28,551.28,547.85,547.85,-0.62,7119.6,3835381.76,-1
2026-03-10,2026-03-10 13:00:00,547.85,547.85,544.42,544.42,-0.63,7119.6,3835381.76,-1
2026-03-10,2026-03-10 14:00:00,544.42,544.42,541.0,541.0,-0.63,7119.6,3835381.76,-1
2026-03-10,2026-03-10 15:00:00,541.0,555.6,515.0,541.0,0.0,7119.6,3835381.76,0
2026-03-11,2026-03-11 11:00:00,539.0,539.0,529.7,534.5,-0.83,2365.6,1247190.9,-1
2026-03-11,2026-03-11 12:00:00,534.5,534.5,530.0,530.0,-0.84,2365.6,1247190.9,-1
2026-03-11,2026-03-11 13:00:00,530.0,530.0,525.5,525.5,-0.85,2365.6,1247190.9,-1
2026-03-11,2026-03-11 14:00:00,525.5,525.5,521.0,521.0,-0.86,2365.6,1247190.9,-1
2026-03-11,2026-03-11 15:00:00,521.0,539.0,520.4,521.0,0.0,2365.6,1247190.9,0
2026-03-12,2026-03-12 11:00:00,520.0,525.7,520.0,522.0,0.38,3348.8,1765183.76,1
2026-03-12,2026-03-12 12:00:00,522.0,524.0,522.0,524.0,0.38,3348.8,1765183.76,1
2026-03-12,2026-03-12 13:00:00,524.0,526.0,524.0,526.0,0.38,3348.8,1765183.76,1
2026-03-12,2026-03-12 14:00:00,526.0,528.0,526.0,528.0,0.38,3348.8,1765183.76,1
2026-03-12,2026-03-12 15:00:00,528.0,531.4,520.0,528.0,0.0,3348.8,1765183.76,0
2026-03-15,2026-03-15 11:00:00,530.0,535.5,528.1,532.5,0.47,4637.6,2476300.86,1
2026-03-15,2026-03-15 12:00:00,532.5,535.0,532.5,535.0,0.47,4637.6,2476300.86,1
2026-03-15,2026-03-15 13:00:00,535.0,537.5,535.0,537.5,0.47,4637.6,2476300.86,1
2026-03-15,2026-03-15 14:00:00,537.5,540.0,537.5,540.0,0.47,4637.6,2476300.86,1
2026-03-15,2026-03-15 15:00:00,540.0,541.0,526.2,540.0,0.0,4637.6,2476300.86,0
2026-03-16,2026-03-16 11:00:00,545.0,545.2,537.0,541.75,-0.6,1207.4,646258.62,-1
2026-03-16,2026-03-16 12:00:00,541.75,541.75,538.5,538.5,-0.6,1207.4,646258.62,-1
2026-03-16,2026-03-16 13:00:00,538.5,538.5,535.25,535.25,-0.6,1207.4,646258.62,-1
2026-03-16,2026-03-16 14:00:00,535.25,535.25,532.0,532.0,-0.61,1207.4,646258.62,-1
2026-03-16,2026-03-16 15:00:00,532.0,545.4,529.0,532.0,0.0,1207.4,646258.62,0
2026-03-17,2026-03-17 11:00:00,540.0,540.0,532.5,539.62,-0.07,2976.4,1579679.34,-1
2026-03-17,2026-03-17 12:00:00,539.62,539.62,539.25,539.25,-0.07,2976.4,1579679.34,-1
2026-03-17,2026-03-17 13:00:00,539.25,539.25,538.88,538.88,-0.07,2976.4,1579679.34,-1
2026-03-17,2026-03-17 14:00:00,538.88,538.88,538.5,538.5,-0.07,2976.4,1579679.34,-1
2026-03-17,2026-03-17 15:00:00,538.5,540.0,525.0,538.5,0.0,2976.4,1579679.34,0
2026-03-19,2026-03-19 11:00:00,538.0,541.85,532.0,536.88,-0.21,6048.2,3239901.58,-1
2026-03-19,2026-03-19 12:00:00,536.88,536.88,535.75,535.75,-0.21,6048.2,3239901.58,-1
2026-03-19,2026-03-19 13:00:00,535.75,535.75,534.62,534.62,-0.21,6048.2,3239901.58,-1
2026-03-19,2026-03-19 14:00:00,534.62,534.62,533.5,533.5,-0.21,6048.2,3239901.58,-1
2026-03-19,2026-03-19 15:00:00,533.5,545.7,526.0,533.5,0.0,6048.2,3239901.58,0
2026-03-22,2026-03-22 11:00:00,533.5,538.75,529.25,534.48,0.18,5914.0,3140350.34,1
2026-03-22,2026-03-22 12:00:00,534.48,535.45,534.48,535.45,0.18,5914.0,3140350.34,1
2026-03-22,2026-03-22 13:00:00,535.45,536.42,535.45,536.42,0.18,5914.0,3140350.34,1
2026-03-22,2026-03-22 14:00:00,536.42,537.4,536.42,537.4,0.18,5914.0,3140350.34,1
2026-03-22,2026-03-22 15:00:00,537.4,544.0,525.0,537.4,0.0,5914.0,3140350.34,0
2026-03-23,2026-03-23 11:00:00,543.0,543.0,536.0,540.75,-0.41,1422.8,755932.48,-1
2026-03-23,2026-03-23 12:00:00,540.75,540.75,538.5,538.5,-0.42,1422.8,755932.48,-1
2026-03-23,2026-03-23 13:00:00,538.5,538.5,536.25,536.25,-0.42,1422.8,755932.48,-1
2026-03-23,2026-03-23 14:00:00,536.25,536.25,534.0,534.0,-0.42,1422.8,755932.48,-1
2026-03-23,2026-03-23 15:00:00,534.0,543.0,529.0,534.0,0.0,1422.8,755932.48,0
2026-03-24,2026-03-24 11:00:00,534.0,536.45,530.8,533.75,-0.05,2638.4,1398345.02,-1
2026-03-24,2026-03-24 12:00:00,533.75,533.75,533.5,533.5,-0.05,2638.4,1398345.02,-1
2026-03-24,2026-03-24 13:00:00,533.5,533.5,533.25,533.25,-0.05,2638.4,1398345.02,-1
2026-03-24,2026-03-24 14:00:00,533.25,533.25,533.0,533.0,-0.05,2638.4,1398345.02,-1
2026-03-24,2026-03-24 15:00:00,533.0,538.9,527.6,533.0,0.0,2638.4,1398345.02,0
2026-03-25,2026-03-25 11:00:00,523.2,529.1,523.2,526.15,0.56,2722.0,1439313.68,1
2026-03-25,2026-03-25 12:00:00,526.15,529.1,526.15,529.1,0.56,2722.0,1439313.68,1
2026-03-25,2026-03-25 13:00:00,529.1,532.05,529.1,532.05,0.56,2722.0,1439313.68,1
2026-03-25,2026-03-25 14:00:00,532.05,535.0,532.05,535.0,0.55,2722.0,1439313.68,1
2026-03-25,2026-03-25 15:00:00,535.0,535.0,523.2,535.0,0.0,2722.0,1439313.68,0
2026-03-26,2026-03-26 11:00:00,529.0,531.5,527.1,529.5,0.09,1371.8,724745.2,1
2026-03-26,2026-03-26 12:00:00,529.5,530.0,529.5,530.0,0.09,1371.8,724745.2,1
2026-03-26,2026-03-26 13:00:00,530.0,530.5,530.0,530.5,0.09,1371.8,724745.2,1
2026-03-26,2026-03-26 14:00:00,530.5,531.0,530.5,531.0,0.09,1371.8,724745.2,1
2026-03-26,2026-03-26 15:00:00,531.0,534.0,525.2,531.0,0.0,1371.8,724745.2,0
2026-03-29,2026-03-29 11:00:00,534.0,536.5,527.0,531.0,-0.56,1632.8,858180.0,-1
2026-03-29,2026-03-29 12:00:00,531.0,531.0,528.0,528.0,-0.56,1632.8,858180.0,-1
2026-03-29,2026-03-29 13:00:00,528.0,528.0,525.0,525.0,-0.57,1632.8,858180.0,-1
2026-03-29,2026-03-29 14:00:00,525.0,525.0,522.0,522.0,-0.57,1632.8,858180.0,-1
2026-03-29,2026-03-29 15:00:00,522.0,539.0,520.0,522.0,0.0,1632.8,858180.0,0
2026-03-30,2026-03-30 11:00:00,514.5,520.7,512.25,513.5,-0.19,2541.8,1313153.84,-1
2026-03-30,2026-03-30 12:00:00,513.5,513.5,512.5,512.5,-0.19,2541.8,1313153.84,-1
2026-03-30,2026-03-30 13:00:00,512.5,512.5,511.5,511.5,-0.2,2541.8,1313153.84,-1
2026-03-30,2026-03-30 14:00:00,511.5,511.5,510.5,510.5,-0.2,2541.8,1313153.84,-1
2026-03-30,2026-03-30 15:00:00,510.5,526.9,510.0,510.5,0.0,2541.8,1313153.84,0
2026-03-31,2026-03-31 11:00:00,510.0,512.5,496.0,509.75,-0.05,2932.6,1473305.64,-1
2026-03-31,2026-03-31 12:00:00,509.75,509.75,509.5,509.5,-0.05,2932.6,1473305.64,-1
2026-03-31,2026-03-31 13:00:00,509.5,509.5,509.25,509.25,-0.05,2932.6,1473305.64,-1
2026-03-31,2026-03-31 14:00:00,509.25,509.25,509.0,509.0,-0.05,2932.6,1473305.64,-1
2026-03-31,2026-03-31 15:00:00,509.0,515.0,482.0,509.0,0.0,2932.6,1473305.64,0
2026-04-01,2026-04-01 11:00:00,500.0,507.5,494.05,498.27,-0.35,2614.4,1290844.98,-1
2026-04-01,2026-04-01 12:00:00,498.27,498.27,496.55,496.55,-0.35,2614.4,1290844.98,-1
2026-04-01,2026-04-01 13:00:00,496.55,496.55,494.83,494.83,-0.35,2614.4,1290844.98,-1
2026-04-01,2026-04-01 14:00:00,494.83,494.83,493.1,493.1,-0.35,2614.4,1290844.98,-1
2026-04-01,2026-04-01 15:00:00,493.1,515.0,488.1,493.1,0.0,2614.4,1290844.98,0
2026-04-02,2026-04-02 11:00:00,490.0,490.0,484.0,487.0,-0.61,3726.6,1796009.46,-1
2026-04-02,2026-04-02 12:00:00,487.0,487.0,484.0,484.0,-0.62,3726.6,1796009.46,-1
2026-04-02,2026-04-02 13:00:00,484.0,484.0,481.0,481.0,-0.62,3726.6,1796009.46,-1
2026-04-02,2026-04-02 14:00:00,481.0,481.0,478.0,478.0,-0.62,3726.6,1796009.46,-1
2026-04-02,2026-04-02 15:00:00,478.0,490.0,478.0,478.0,0.0,3726.6,1796009.46,0
2026-04-05,2026-04-05 11:00:00,470.0,476.75,450.1,460.05,-2.12,4802.2,2137709.16,-1
2026-04-05,2026-04-05 12:00:00,460.05,460.05,450.1,450.1,-2.16,4802.2,2137709.16,-1
2026-04-05,2026-04-05 13:00:00,450.1,450.1,440.15,440.15,-2.21,4802.2,2137709.16,-1
2026-04-05,2026-04-05 14:00:00,440.15,440.15,430.2,430.2,-2.26,4802.2,2137709.16,-1
2026-04-05,2026-04-05 15:00:00,430.2,483.5,430.2,430.2,0.0,4802.2,2137709.16,0
2026-04-06,2026-04-06 11:00:00,424.0,444.5,424.0,430.0,1.42,2540.8,1142006.5,1
2026-04-06,2026-04-06 12:00:00,430.0,436.0,430.0,436.0,1.4,2540.8,1142006.5,1
2026-04-06,2026-04-06 13:00:00,436.0,442.0,436.0,442.0,1.38,2540.8,1142006.5,1
2026-04-06,2026-04-06 14:00:00,442.0,448.0,442.0,448.0,1.36,2540.8,1142006.5,1
2026-04-06,2026-04-06 15:00:00,448.0,465.0,424.0,448.0,0.0,2540.8,1142006.5,0
2026-04-07,2026-04-07 11:00:00,456.9,461.2,449.2,453.92,-0.65,2608.6,1176979.7,-1
2026-04-07,2026-04-07 12:00:00,453.92,453.92,450.95,450.95,-0.65,2608.6,1176979.7,-1
2026-04-07,2026-04-07 13:00:00,450.95,450.95,447.98,447.98,-0.66,2608.6,1176979.7,-1
2026-04-07,2026-04-07 14:00:00,447.98,447.98,445.0,445.0,-0.67,2608.6,1176979.7,-1
2026-04-07,2026-04-07 15:00:00,445.0,465.5,441.5,445.0,0.0,2608.6,1176979.7,0
2026-04-08,2026-04-08 11:00:00,446.0,449.5,445.75,446.15,0.03,1836.6,825297.12,1
2026-04-08,2026-04-08 12:00:00,446.15,446.3,446.15,446.3,0.03,1836.6,825297.12,1
2026-04-08,2026-04-08 13:00:00,446.3,446.45,446.3,446.45,0.03,1836.6,825297.12,1
2026-04-08,2026-04-08 14:00:00,446.45,446.6,446.45,446.6,0.03,1836.6,825297.12,1
2026-04-08,2026-04-08 15:00:00,446.6,453.0,445.5,446.6,0.0,1836.6,825297.12,0
2026-04-09,2026-04-09 11:00:00,455.0,455.0,450.5,454.93,-0.02,1745.6,786261.04,-1
2026-04-09,2026-04-09 12:00:00,454.93,454.93,454.85,454.85,-0.02,1745.6,786261.04,-1
2026-04-09,2026-04-09 13:00:00,454.85,454.85,454.77,454.77,-0.02,1745.6,786261.04,-1
2026-04-09,2026-04-09 14:00:00,454.77,454.77,454.7,454.7,-0.02,1745.6,786261.04,-1
2026-04-09,2026-04-09 15:00:00,454.7,455.0,446.0,454.7,0.0,1745.6,786261.04,0
2026-04-10,2026-04-10 11:00:00,447.0,451.45,445.5,447.95,0.21,2606.6,1167992.92,1
2026-04-10,2026-04-10 12:00:00,447.95,448.9,447.95,448.9,0.21,2606.6,1167992.92,1
2026-04-10,2026-04-10 13:00:00,448.9,449.85,448.9,449.85,0.21,2606.6,1167992.92,1
2026-04-10,2026-04-10 14:00:00,449.85,450.8,449.85,450.8,0.21,2606.6,1167992.92,1
2026-04-10,2026-04-10 15:00:00,450.8,455.9,444.0,450.8,0.0,2606.6,1167992.92,0
2026-04-13,2026-04-13 11:00:00,459.8,463.4,450.95,460.85,0.23,4332.2,1975593.76,1
2026-04-13,2026-04-13 12:00:00,460.85,461.9,460.85,461.9,0.23,4332.2,1975593.76,1
2026-04-13,2026-04-13 13:00:00,461.9,462.95,461.9,462.95,0.23,4332.2,1975593.76,1
2026-04-13,2026-04-13 14:00:00,462.95,464.0,462.95,464.0,0.23,4332.2,1975593.76,1
2026-04-13,2026-04-13 15:00:00,464.0,467.0,442.1,464.0,0.0,4332.2,1975593.76,0
2026-04-15,2026-04-15 11:00:00,464.0,469.5,462.0,466.75,0.59,2145.2,1010256.46,1
2026-04-15,2026-04-15 12:00:00,466.75,469.5,466.75,469.5,0.59,2145.2,1010256.46,1
2026-04-15,2026-04-15 13:00:00,469.5,472.25,469.5,472.25,0.59,2145.2,1010256.46,1
2026-04-15,2026-04-15 14:00:00,472.25,475.0,472.25,475.0,0.58,2145.2,1010256.46,1
2026-04-15,2026-04-15 15:00:00,475.0,475.0,460.0,475.0,0.0,2145.2,1010256.46,0
2026-04-16,2026-04-16 11:00:00,465.5,467.75,446.5,458.62,-1.48,142552.4,62225610.28,-1
2026-04-16,2026-04-16 12:00:00,458.62,458.62,451.75,451.75,-1.5,142552.4,62225610.28,-1
2026-04-16,2026-04-16 13:00:00,451.75,451.75,444.88,444.88,-1.52,142552.4,62225610.28,-1
2026-04-16,2026-04-16 14:00:00,444.88,444.88,438.0,438.0,-1.55,142552.4,62225610.28,-1
2026-04-16,2026-04-16 15:00:00,438.0,470.0,427.5,438.0,0.0,142552.4,62225610.28,0
2026-04-17,2026-04-17 11:00:00,442.0,442.0,426.0,438.4,-0.81,69848.0,29253314.92,-1
2026-04-17,2026-04-17 12:00:00,438.4,438.4,434.8,434.8,-0.82,69848.0,29253314.92,-1
2026-04-17,2026-04-17 13:00:00,434.8,434.8,431.2,431.2,-0.83,69848.0,29253314.92,-1
2026-04-17,2026-04-17 14:00:00,431.2,431.2,427.6,427.6,-0.83,69848.0,29253314.92,-1
2026-04-17,2026-04-17 15:00:00,427.6,442.0,410.0,427.6,0.0,69848.0,29253314.92,0
2026-04-20,2026-04-20 11:00:00,425.0,428.0,415.5,422.75,-0.53,45854.4,18905103.26,-1
2026-04-20,2026-04-20 12:00:00,422.75,422.75,420.5,420.5,-0.53,45854.4,18905103.26,-1
2026-04-20,2026-04-20 13:00:00,420.5,420.5,418.25,418.25,-0.54,45854.4,18905103.26,-1
2026-04-20,2026-04-20 14:00:00,418.25,418.25,416.0,416.0,-0.54,45854.4,18905103.26,-1
2026-04-20,2026-04-20 15:00:00,416.0,431.0,406.0,416.0,0.0,45854.4,18905103.26,0
2026-04-21,2026-04-21 11:00:00,435.0,435.0,418.5,427.25,-1.78,16243.0,6623160.3,-1
2026-04-21,2026-04-21 12:00:00,427.25,427.25,419.5,419.5,-1.81,16243.0,6623160.3,-1
2026-04-21,2026-04-21 13:00:00,419.5,419.5,411.75,411.75,-1.85,16243.0,6623160.3,-1
2026-04-21,2026-04-21 14:00:00,411.75,411.75,404.0,404.0,-1.88,16243.0,6623160.3,-1
2026-04-21,2026-04-21 15:00:00,404.0,435.0,402.0,404.0,0.0,16243.0,6623160.3,0
2026-04-22,2026-04-22 11:00:00,404.1,405.2,398.85,403.05,-0.26,19936.4,7919413.74,-1
2026-04-22,2026-04-22 12:00:00,403.05,403.05,402.0,402.0,-0.26,19936.4,7919413.74,-1
2026-04-22,2026-04-22 13:00:00,402.0,402.0,400.95,400.95,-0.26,19936.4,7919413.74,-1
2026-04-22,2026-04-22 14:00:00,400.95,400.95,399.9,399.9,-0.26,19936.4,7919413.74,-1
2026-04-22,2026-04-22 15:00:00,399.9,406.3,393.6,399.9,0.0,19936.4,7919413.74,0
2026-04-23,2026-04-23 11:00:00,380.0,394.0,380.0,383.75,0.99,20678.0,8196631.38,1
2026-04-23,2026-04-23 12:00:00,383.75,387.5,383.75,387.5,0.98,20678.0,8196631.38,1
2026-04-23,2026-04-23 13:00:00,387.5,391.25,387.5,391.25,0.97,20678.0,8196631.38,1
2026-04-23,2026-04-23 14:00:00,391.25,395.0,391.25,395.0,0.96,20678.0,8196631.38,1
2026-04-23,2026-04-23 15:00:00,395.0,408.0,380.0,395.0,0.0,20678.0,8196631.38,0
2026-04-24,2026-04-24 11:00:00,414.7,414.7,399.85,407.75,-1.68,12714.6,4933018.4,-1
2026-04-24,2026-04-24 12:00:00,407.75,407.75,400.8,400.8,-1.7,12714.6,4933018.4,-1
2026-04-24,2026-04-24 13:00:00,400.8,400.8,393.85,393.85,-1.73,12714.6,4933018.4,-1
2026-04-24,2026-04-24 14:00:00,393.85,393.85,386.9,386.9,-1.76,12714.6,4933018.4,-1
2026-04-24,2026-04-24 15:00:00,386.9,414.7,385.0,386.9,0.0,12714.6,4933018.4,0
2026-04-27,2026-04-27 11:00:00,406.0,406.0,396.0,401.25,-1.17,7343.4,2856858.68,-1
2026-04-27,2026-04-27 12:00:00,401.25,401.25,396.5,396.5,-1.18,7343.4,2856858.68,-1
2026-04-27,2026-04-27 13:00:00,396.5,396.5,391.75,391.75,-1.2,7343.4,2856858.68,-1
2026-04-27,2026-04-27 14:00:00,391.75,391.75,387.0,387.0,-1.21,7343.4,2856858.68,-1
2026-04-27,2026-04-27 15:00:00,387.0,406.0,386.0,387.0,0.0,7343.4,2856858.68,0
2026-04-28,2026-04-28 11:00:00,388.0,391.0,382.0,385.75,-0.58,16516.6,6300085.88,-1
2026-04-28,2026-04-28 12:00:00,385.75,385.75,383.5,383.5,-0.58,16516.6,6300085.88,-1
2026-04-28,2026-04-28 13:00:00,383.5,383.5,381.25,381.25,-0.59,16516.6,6300085.88,-1
2026-04-28,2026-04-28 14:00:00,381.25,381.25,379.0,379.0,-0.59,16516.6,6300085.88,-1
2026-04-28,2026-04-28 15:00:00,379.0,394.0,376.0,379.0,0.0,16516.6,6300085.88,0
2026-04-29,2026-04-29 11:00:00,379.0,379.5,372.0,375.5,-0.92,17185.2,6348922.7,-1
2026-04-29,2026-04-29 12:00:00,375.5,375.5,372.0,372.0,-0.93,17185.2,6348922.7,-1
2026-04-29,2026-04-29 13:00:00,372.0,372.0,368.5,368.5,-0.94,17185.2,6348922.7,-1
2026-04-29,2026-04-29 14:00:00,368.5,368.5,365.0,365.0,-0.95,17185.2,6348922.7,-1
2026-04-29,2026-04-29 15:00:00,365.0,380.0,365.0,365.0,0.0,17185.2,6348922.7,0
2026-04-30,2026-04-30 11:00:00,346.8,356.4,346.8,351.57,1.38,14268.0,5165688.14,1
2026-04-30,2026-04-30 12:00:00,351.57,356.35,351.57,356.35,1.36,14268.0,5165688.14,1
2026-04-30,2026-04-30 13:00:00,356.35,361.12,356.35,361.12,1.34,14268.0,5165688.14,1
2026-04-30,2026-04-30 14:00:00,361.12,365.9,361.12,365.9,1.32,14268.0,5165688.14,1
2026-04-30,2026-04-30 15:00:00,365.9,366.0,346.8,365.9,0.0,14268.0,5165688.14,0
2026-05-04,2026-05-04 11:00:00,366.1,368.05,360.15,364.08,-0.55,11440.4,4133203.38,-1
2026-05-04,2026-05-04 12:00:00,364.08,364.08,362.05,362.05,-0.56,11440.4,4133203.38,-1
2026-05-04,2026-05-04 13:00:00,362.05,362.05,360.02,360.02,-0.56,11440.4,4133203.38,-1
2026-05-04,2026-05-04 14:00:00,360.02,360.02,358.0,358.0,-0.56,11440.4,4133203.38,-1
2026-05-04,2026-05-04 15:00:00,358.0,370.0,354.2,358.0,0.0,11440.4,4133203.38,0
2026-05-05,2026-05-05 11:00:00,358.0,360.5,351.5,357.75,-0.07,12115.4,4271932.76,-1
2026-05-05,2026-05-05 12:00:00,357.75,357.75,357.5,357.5,-0.07,12115.4,4271932.76,-1
2026-05-05,2026-05-05 13:00:00,357.5,357.5,357.25,357.25,-0.07,12115.4,4271932.76,-1
2026-05-05,2026-05-05 14:00:00,357.25,357.25,357.0,357.0,-0.07,12115.4,4271932.76,-1
2026-05-05,2026-05-05 15:00:00,357.0,363.0,345.0,357.0,0.0,12115.4,4271932.76,0
2026-05-06,2026-05-06 11:00:00,373.5,373.5,361.8,368.38,-1.37,6154.8,2179726.76,-1
2026-05-06,2026-05-06 12:00:00,368.38,368.38,363.25,363.25,-1.39,6154.8,2179726.76,-1
2026-05-06,2026-05-06 13:00:00,363.25,363.25,358.12,358.12,-1.41,6154.8,2179726.76,-1
2026-05-06,2026-05-06 14:00:00,358.12,358.12,353.0,353.0,-1.43,6154.8,2179726.76,-1
2026-05-06,2026-05-06 15:00:00,353.0,373.5,350.1,353.0,0.0,6154.8,2179726.76,0
2026-05-07,2026-05-07 11:00:00,359.6,359.6,354.8,358.38,-0.34,4689.8,1651062.54,-1
2026-05-07,2026-05-07 12:00:00,358.38,358.38,357.15,357.15,-0.34,4689.8,1651062.54,-1
2026-05-07,2026-05-07 13:00:00,357.15,357.15,355.93,355.93,-0.34,4689.8,1651062.54,-1
2026-05-07,2026-05-07 14:00:00,355.93,355.93,354.7,354.7,-0.35,4689.8,1651062.54,-1
2026-05-07,2026-05-07 15:00:00,354.7,359.6,350.0,354.7,0.0,4689.8,1651062.54,0
2026-05-08,2026-05-08 11:00:00,356.7,358.35,354.35,357.52,0.23,5674.2,2025118.76,1
2026-05-08,2026-05-08 12:00:00,357.52,358.35,357.52,358.35,0.23,5674.2,2025118.76,1
2026-05-08,2026-05-08 13:00:00,358.35,359.18,358.35,359.18,0.23,5674.2,2025118.76,1
2026-05-08,2026-05-08 14:00:00,359.18,360.0,359.18,360.0,0.23,5674.2,2025118.76,1
2026-05-08,2026-05-08 15:00:00,360.0,360.0,352.0,360.0,0.0,5674.2,2025118.76,0
2026-05-11,2026-05-11 11:00:00,378.0,381.0,370.5,378.5,0.13,13692.0,5129177.06,1
2026-05-11,2026-05-11 12:00:00,378.5,379.0,378.5,379.0,0.13,13692.0,5129177.06,1
2026-05-11,2026-05-11 13:00:00,379.0,379.5,379.0,379.5,0.13,13692.0,5129177.06,1
2026-05-11,2026-05-11 14:00:00,379.5,380.0,379.5,380.0,0.13,13692.0,5129177.06,1
2026-05-11,2026-05-11 15:00:00,380.0,384.0,363.0,380.0,0.0,13692.0,5129177.06,0
2026-05-12,2026-05-12 11:00:00,399.0,399.0,381.5,391.38,-1.91,10756.0,4021014.72,-1
2026-05-12,2026-05-12 12:00:00,391.38,391.38,383.75,383.75,-1.95,10756.0,4021014.72,-1
2026-05-12,2026-05-12 13:00:00,383.75,383.75,376.12,376.12,-1.99,10756.0,4021014.72,-1
2026-05-12,2026-05-12 14:00:00,376.12,376.12,368.5,368.5,-2.03,10756.0,4021014.72,-1
2026-05-12,2026-05-12 15:00:00,368.5,399.0,364.0,368.5,0.0,10756.0,4021014.72,0
2026-05-13,2026-05-13 11:00:00,386.9,386.9,372.7,380.22,-1.73,5380.2,1945031.24,-1
2026-05-13,2026-05-13 12:00:00,380.22,380.22,373.55,373.55,-1.75,5380.2,1945031.24,-1
2026-05-13,2026-05-13 13:00:00,373.55,373.55,366.88,366.88,-1.79,5380.2,1945031.24,-1
2026-05-13,2026-05-13 14:00:00,366.88,366.88,360.2,360.2,-1.82,5380.2,1945031.24,-1
2026-05-13,2026-05-13 15:00:00,360.2,386.9,358.5,360.2,0.0,5380.2,1945031.24,0
2026-05-14,2026-05-14 11:00:00,377.0,377.0,366.0,373.23,-1.0,1923.6,691120.26,-1
2026-05-14,2026-05-14 12:00:00,373.23,373.23,369.45,369.45,-1.01,1923.6,691120.26,-1
2026-05-14,2026-05-14 13:00:00,369.45,369.45,365.67,365.67,-1.02,1923.6,691120.26,-1
2026-05-14,2026-05-14 14:00:00,365.67,365.67,361.9,361.9,-1.03,1923.6,691120.26,-1
2026-05-14,2026-05-14 15:00:00,361.9,377.0,355.0,361.9,0.0,1923.6,691120.26,0
2026-05-15,2026-05-15 11:00:00,343.9,356.95,343.9,348.3,1.28,2302.4,836901.7,1
2026-05-15,2026-05-15 12:00:00,348.3,352.7,348.3,352.7,1.26,2302.4,836901.7,1
2026-05-15,2026-05-15 13:00:00,352.7,357.1,352.7,357.1,1.25,2302.4,836901.7,1
2026-05-15,2026-05-15 14:00:00,357.1,361.5,357.1,361.5,1.23,2302.4,836901.7,1
2026-05-15,2026-05-15 15:00:00,361.5,370.0,343.9,361.5,0.0,2302.4,836901.7,0
2026-05-18,2026-05-18 11:00:00,379.5,379.5,365.9,375.68,-1.01,3095.4,1120852.4,-1
2026-05-18,2026-05-18 12:00:00,375.68,375.68,371.85,371.85,-1.02,3095.4,1120852.4,-1
2026-05-18,2026-05-18 13:00:00,371.85,371.85,368.02,368.02,-1.03,3095.4,1120852.4,-1
2026-05-18,2026-05-18 14:00:00,368.02,368.02,364.2,364.2,-1.04,3095.4,1120852.4,-1
2026-05-18,2026-05-18 15:00:00,364.2,379.5,352.3,364.2,0.0,3095.4,1120852.4,0
2026-05-19,2026-05-19 11:00:00,367.0,368.45,365.5,366.75,-0.07,2859.4,1048957.16,-1
2026-05-19,2026-05-19 12:00:00,366.75,366.75,366.5,366.5,-0.07,2859.4,1048957.16,-1
2026-05-19,2026-05-19 13:00:00,366.5,366.5,366.25,366.25,-0.07,2859.4,1048957.16,-1
2026-05-19,2026-05-19 14:00:00,366.25,366.25,366.0,366.0,-0.07,2859.4,1048957.16,-1
2026-05-19,2026-05-19 15:00:00,366.0,369.9,364.0,366.0,0.0,2859.4,1048957.16,0
2026-05-20,2026-05-20 11:00:00,369.9,372.45,367.45,371.17,0.34,6597.6,2447088.04,1
2026-05-20,2026-05-20 12:00:00,371.17,372.45,371.17,372.45,0.34,6597.6,2447088.04,1
2026-05-20,2026-05-20 13:00:00,372.45,373.73,372.45,373.73,0.34,6597.6,2447088.04,1
2026-05-20,2026-05-20 14:00:00,373.73,375.0,373.73,375.0,0.34,6597.6,2447088.04,1
2026-05-20,2026-05-20 15:00:00,375.0,375.0,365.0,375.0,0.0,6597.6,2447088.04,0
2026-05-21,2026-05-21 11:00:00,375.5,376.25,371.0,374.07,-0.38,5538.6,2049515.06,-1
2026-05-21,2026-05-21 12:00:00,374.07,374.07,372.65,372.65,-0.38,5538.6,2049515.06,-1
2026-05-21,2026-05-21 13:00:00,372.65,372.65,371.23,371.23,-0.38,5538.6,2049515.06,-1
2026-05-21,2026-05-21 14:00:00,371.23,371.23,369.8,369.8,-0.39,5538.6,2049515.06,-1
2026-05-21,2026-05-21 15:00:00,369.8,377.0,366.5,369.8,0.0,5538.6,2049515.06,0
2026-05-22,2026-05-22 11:00:00,374.0,375.65,370.45,374.73,0.2,8408.8,3145047.62,1
2026-05-22,2026-05-22 12:00:00,374.73,375.45,374.73,375.45,0.19,8408.8,3145047.62,1
2026-05-22,2026-05-22 13:00:00,375.45,376.17,375.45,376.17,0.19,8408.8,3145047.62,1
2026-05-22,2026-05-22 14:00:00,376.17,376.9,376.17,376.9,0.19,8408.8,3145047.62,1
2026-05-22,2026-05-22 15:00:00,376.9,377.3,366.9,376.9,0.0,8408.8,3145047.62,0
2026-05-25,2026-05-25 11:00:00,395.7,395.7,386.5,392.05,-0.92,9262.4,3535717.52,-1
2026-05-25,2026-05-25 12:00:00,392.05,392.05,388.4,388.4,-0.93,9262.4,3535717.52,-1
2026-05-25,2026-05-25 13:00:00,388.4,388.4,384.75,384.75,-0.94,9262.4,3535717.52,-1
2026-05-25,2026-05-25 14:00:00,384.75,384.75,381.1,381.1,-0.95,9262.4,3535717.52,-1
2026-05-25,2026-05-25 15:00:00,381.1,395.7,377.3,381.1,0.0,9262.4,3535717.52,0
2026-05-26,2026-05-26 11:00:00,400.0,400.0,387.5,394.23,-1.44,5456.6,2057530.78,-1
2026-05-26,2026-05-26 12:00:00,394.23,394.23,388.45,388.45,-1.47,5456.6,2057530.78,-1
2026-05-26,2026-05-26 13:00:00,388.45,388.45,382.67,382.67,-1.49,5456.6,2057530.78,-1
2026-05-26,2026-05-26 14:00:00,382.67,382.67,376.9,376.9,-1.51,5456.6,2057530.78,-1
2026-05-26,2026-05-26 15:00:00,376.9,400.0,375.0,376.9,0.0,5456.6,2057530.78,0
2026-05-27,2026-05-27 11:00:00,395.0,395.0,382.5,390.9,-1.04,4667.2,1758402.3,-1
2026-05-27,2026-05-27 12:00:00,390.9,390.9,386.8,386.8,-1.05,4667.2,1758402.3,-1
2026-05-27,2026-05-27 13:00:00,386.8,386.8,382.7,382.7,-1.06,4667.2,1758402.3,-1
2026-05-27,2026-05-27 14:00:00,382.7,382.7,378.6,378.6,-1.07,4667.2,1758402.3,-1
2026-05-27,2026-05-27 15:00:00,378.6,395.0,370.0,378.6,0.0,4667.2,1758402.3,0
2026-06-01,2026-06-01 11:00:00,380.0,380.0,373.0,377.23,-0.73,6084.2,2266585.94,-1
2026-06-01,2026-06-01 12:00:00,377.23,377.23,374.45,374.45,-0.74,6084.2,2266585.94,-1
2026-06-01,2026-06-01 13:00:00,374.45,374.45,371.67,371.67,-0.74,6084.2,2266585.94,-1
2026-06-01,2026-06-01 14:00:00,371.67,371.67,368.9,368.9,-0.75,6084.2,2266585.94,-1
2026-06-01,2026-06-01 15:00:00,368.9,380.0,366.0,368.9,0.0,6084.2,2266585.94,0
2026-06-02,2026-06-02 11:00:00,387.3,387.3,376.3,382.98,-1.12,2659.8,980613.84,-1
2026-06-02,2026-06-02 12:00:00,382.98,382.98,378.65,378.65,-1.13,2659.8,980613.84,-1
2026-06-02,2026-06-02 13:00:00,378.65,378.65,374.32,374.32,-1.14,2659.8,980613.84,-1
2026-06-02,2026-06-02 14:00:00,374.32,374.32,370.0,370.0,-1.15,2659.8,980613.84,-1
2026-06-02,2026-06-02 15:00:00,370.0,387.3,365.3,370.0,0.0,2659.8,980613.84,0
2026-06-03,2026-06-03 11:00:00,380.0,380.0,373.55,377.0,-0.79,4948.6,1831218.74,-1
2026-06-03,2026-06-03 12:00:00,377.0,377.0,374.0,374.0,-0.8,4948.6,1831218.74,-1
2026-06-03,2026-06-03 13:00:00,374.0,374.0,371.0,371.0,-0.8,4948.6,1831218.74,-1
2026-06-03,2026-06-03 14:00:00,371.0,371.0,368.0,368.0,-0.81,4948.6,1831218.74,-1
2026-06-03,2026-06-03 15:00:00,368.0,380.0,367.1,368.0,0.0,4948.6,1831218.74,0
2026-06-04,2026-06-04 11:00:00,374.0,374.0,369.0,371.5,-0.67,3636.2,1329973.34,-1
2026-06-04,2026-06-04 12:00:00,371.5,371.5,369.0,369.0,-0.67,3636.2,1329973.34,-1
2026-06-04,2026-06-04 13:00:00,369.0,369.0,366.5,366.5,-0.68,3636.2,1329973.34,-1
2026-06-04,2026-06-04 14:00:00,366.5,366.5,364.0,364.0,-0.68,3636.2,1329973.34,-1
2026-06-04,2026-06-04 15:00:00,364.0,374.0,364.0,364.0,0.0,3636.2,1329973.34,0
2026-06-05,2026-06-05 11:00:00,362.0,363.5,361.0,361.75,-0.07,3852.2,1393184.12,-1
2026-06-05,2026-06-05 12:00:00,361.75,361.75,361.5,361.5,-0.07,3852.2,1393184.12,-1
2026-06-05,2026-06-05 13:00:00,361.5,361.5,361.25,361.25,-0.07,3852.2,1393184.12,-1
2026-06-05,2026-06-05 14:00:00,361.25,361.25,361.0,361.0,-0.07,3852.2,1393184.12,-1
2026-06-05,2026-06-05 15:00:00,361.0,365.0,360.0,361.0,0.0,3852.2,1393184.12,0
2026-06-08,2026-06-08 11:00:00,360.0,360.0,358.25,359.75,-0.07,3515.2,1259088.74,-1
2026-06-08,2026-06-08 12:00:00,359.75,359.75,359.5,359.5,-0.07,3515.2,1259088.74,-1
2026-06-08,2026-06-08 13:00:00,359.5,359.5,359.25,359.25,-0.07,3515.2,1259088.74,-1
2026-06-08,2026-06-08 14:00:00,359.25,359.25,359.0,359.0,-0.07,3515.2,1259088.74,-1
2026-06-08,2026-06-08 15:00:00,359.0,360.0,356.5,359.0,0.0,3515.2,1259088.74,0
2026-06-09,2026-06-09 11:00:00,359.0,359.5,356.75,358.95,-0.01,2564.8,914111.5,-1
2026-06-09,2026-06-09 12:00:00,358.95,358.95,358.9,358.9,-0.01,2564.8,914111.5,-1
2026-06-09,2026-06-09 13:00:00,358.9,358.9,358.85,358.85,-0.01,2564.8,914111.5,-1
2026-06-09,2026-06-09 14:00:00,358.85,358.85,358.8,358.8,-0.01,2564.8,914111.5,-1
2026-06-09,2026-06-09 15:00:00,358.8,360.0,354.5,358.8,0.0,2564.8,914111.5,0
2026-06-10,2026-06-10 11:00:00,350.0,357.5,350.0,353.0,0.86,2011.4,728012.86,1
2026-06-10,2026-06-10 12:00:00,353.0,356.0,353.0,356.0,0.85,2011.4,728012.86,1
2026-06-10,2026-06-10 13:00:00,356.0,359.0,356.0,359.0,0.84,2011.4,728012.86,1
2026-06-10,2026-06-10 14:00:00,359.0,362.0,359.0,362.0,0.84,2011.4,728012.86,1
2026-06-10,2026-06-10 15:00:00,362.0,365.0,350.0,362.0,0.0,2011.4,728012.86,0
2026-06-11,2026-06-11 11:00:00,360.0,362.45,357.05,359.25,-0.21,1652.2,592114.08,-1
2026-06-11,2026-06-11 12:00:00,359.25,359.25,358.5,358.5,-0.21,1652.2,592114.08,-1
2026-06-11,2026-06-11 13:00:00,358.5,358.5,357.75,357.75,-0.21,1652.2,592114.08,-1
2026-06-11,2026-06-11 14:00:00,357.75,357.75,357.0,357.0,-0.21,1652.2,592114.08,-1
2026-06-11,2026-06-11 15:00:00,357.0,364.9,354.1,357.0,0.0,1652.2,592114.08,0
2026-06-12,2026-06-12 11:00:00,355.0,358.9,355.0,356.0,0.28,1172.6,421805.08,1
2026-06-12,2026-06-12 12:00:00,356.0,357.0,356.0,357.0,0.28,1172.6,421805.08,1
2026-06-12,2026-06-12 13:00:00,357.0,358.0,357.0,358.0,0.28,1172.6,421805.08,1
2026-06-12,2026-06-12 14:00:00,358.0,359.0,358.0,359.0,0.28,1172.6,421805.08,1
2026-06-12,2026-06-12 15:00:00,359.0,362.8,355.0,359.0,0.0,1172.6,421805.08,0
2026-06-15,2026-06-15 11:00:00,360.0,364.0,359.2,360.75,0.21,9029.0,3277517.4,1
2026-06-15,2026-06-15 12:00:00,360.75,361.5,360.75,361.5,0.21,9029.0,3277517.4,1
2026-06-15,2026-06-15 13:00:00,361.5,362.25,361.5,362.25,0.21,9029.0,3277517.4,1
2026-06-15,2026-06-15 14:00:00,362.25,363.0,362.25,363.0,0.21,9029.0,3277517.4,1
2026-06-15,2026-06-15 15:00:00,363.0,368.0,358.4,363.0,0.0,9029.0,3277517.4,0
2026-06-16,2026-06-16 11:00:00,362.0,372.0,358.5,365.75,1.04,36539.4,13557098.6,1
2026-06-16,2026-06-16 12:00:00,365.75,369.5,365.75,369.5,1.03,36539.4,13557098.6,1
2026-06-16,2026-06-16 13:00:00,369.5,373.25,369.5,373.25,1.01,36539.4,13557098.6,1
2026-06-16,2026-06-16 14:00:00,373.25,377.0,373.25,377.0,1.0,36539.4,13557098.6,1
2026-06-16,2026-06-16 15:00:00,377.0,382.0,355.0,377.0,0.0,36539.4,13557098.6,0
2026-06-17,2026-06-17 11:00:00,385.0,386.5,379.8,382.5,-0.65,18944.6,7210439.18,-1
2026-06-17,2026-06-17 12:00:00,382.5,382.5,380.0,380.0,-0.65,18944.6,7210439.18,-1
2026-06-17,2026-06-17 13:00:00,380.0,380.0,377.5,377.5,-0.66,18944.6,7210439.18,-1
2026-06-17,2026-06-17 14:00:00,377.5,377.5,375.0,375.0,-0.66,18944.6,7210439.18,-1
2026-06-17,2026-06-17 15:00:00,375.0,388.0,374.6,375.0,0.0,18944.6,7210439.18,0
2026-06-18,2026-06-18 11:00:00,375.0,375.0,368.5,372.62,-0.63,13523.6,4940719.74,-1
2026-06-18,2026-06-18 12:00:00,372.62,372.62,370.25,370.25,-0.64,13523.6,4940719.74,-1
2026-06-18,2026-06-18 13:00:00,370.25,370.25,367.88,367.88,-0.64,13523.6,4940719.74,-1
2026-06-18,2026-06-18 14:00:00,367.88,367.88,365.5,365.5,-0.65,13523.6,4940719.74,-1
2026-06-18,2026-06-18 15:00:00,365.5,375.0,362.0,365.5,0.0,13523.6,4940719.74,0
2026-06-19,2026-06-19 11:00:00,363.9,363.95,360.7,362.92,-0.27,10962.2,3944737.8,-1
2026-06-19,2026-06-19 12:00:00,362.92,362.92,361.95,361.95,-0.27,10962.2,3944737.8,-1
2026-06-19,2026-06-19 13:00:00,361.95,361.95,360.98,360.98,-0.27,10962.2,3944737.8,-1
2026-06-19,2026-06-19 14:00:00,360.98,360.98,360.0,360.0,-0.27,10962.2,3944737.8,-1
2026-06-19,2026-06-19 15:00:00,360.0,364.0,357.5,360.0,0.0,10962.2,3944737.8,0
2026-06-22,2026-06-22 11:00:00,360.0,362.5,358.5,360.48,0.13,5175.2,1871720.1,1
2026-06-22,2026-06-22 12:00:00,360.48,360.95,360.48,360.95,0.13,5175.2,1871720.1,1
2026-06-22,2026-06-22 13:00:00,360.95,361.42,360.95,361.42,0.13,5175.2,1871720.1,1
2026-06-22,2026-06-22 14:00:00,361.42,361.9,361.42,361.9,0.13,5175.2,1871720.1,1
2026-06-22,2026-06-22 15:00:00,361.9,365.0,357.0,361.9,0.0,5175.2,1871720.1,0
2026-06-23,2026-06-23 11:00:00,379.9,379.9,364.95,372.67,-1.9,7852.6,2776550.0,-1
2026-06-23,2026-06-23 12:00:00,372.67,372.67,365.45,365.45,-1.94,7852.6,2776550.0,-1
2026-06-23,2026-06-23 13:00:00,365.45,365.45,358.23,358.23,-1.98,7852.6,2776550.0,-1
2026-06-23,2026-06-23 14:00:00,358.23,358.23,351.0,351.0,-2.02,7852.6,2776550.0,-1
2026-06-23,2026-06-23 15:00:00,351.0,379.9,350.0,351.0,0.0,7852.6,2776550.0,0
2026-06-24,2026-06-24 11:00:00,359.0,359.0,350.5,355.75,-0.91,6015.4,2087907.14,-1
2026-06-24,2026-06-24 12:00:00,355.75,355.75,352.5,352.5,-0.91,6015.4,2087907.14,-1
2026-06-24,2026-06-24 13:00:00,352.5,352.5,349.25,349.25,-0.92,6015.4,2087907.14,-1
2026-06-24,2026-06-24 14:00:00,349.25,349.25,346.0,346.0,-0.93,6015.4,2087907.14,-1
2026-06-24,2026-06-24 15:00:00,346.0,359.0,342.0,346.0,0.0,6015.4,2087907.14,0
2026-06-25,2026-06-25 11:00:00,363.3,363.3,351.65,359.2,-1.13,2652.0,917440.18,-1
2026-06-25,2026-06-25 12:00:00,359.2,359.2,355.1,355.1,-1.14,2652.0,917440.18,-1
2026-06-25,2026-06-25 13:00:00,355.1,355.1,351.0,351.0,-1.15,2652.0,917440.18,-1
2026-06-25,2026-06-25 14:00:00,351.0,351.0,346.9,346.9,-1.17,2652.0,917440.18,-1
2026-06-25,2026-06-25 15:00:00,346.9,363.3,340.0,346.9,0.0,2652.0,917440.18,0
2026-06-26,2026-06-26 11:00:00,354.0,354.0,347.0,351.12,-0.81,4202.2,1450159.86,-1
2026-06-26,2026-06-26 12:00:00,351.12,351.12,348.25,348.25,-0.82,4202.2,1450159.86,-1
2026-06-26,2026-06-26 13:00:00,348.25,348.25,345.38,345.38,-0.82,4202.2,1450159.86,-1
2026-06-26,2026-06-26 14:00:00,345.38,345.38,342.5,342.5,-0.83,4202.2,1450159.86,-1
2026-06-26,2026-06-26 15:00:00,342.5,354.0,340.0,342.5,0.0,4202.2,1450159.86,0
2026-06-29,2026-06-29 11:00:00,330.0,337.5,330.0,330.35,0.11,7693.8,2575085.88,1
2026-06-29,2026-06-29 12:00:00,330.35,330.7,330.35,330.7,0.11,7693.8,2575085.88,1
2026-06-29,2026-06-29 13:00:00,330.7,331.05,330.7,331.05,0.11,7693.8,2575085.88,1
2026-06-29,2026-06-29 14:00:00,331.05,331.4,331.05,331.4,0.11,7693.8,2575085.88,1
2026-06-29,2026-06-29 15:00:00,331.4,345.0,330.0,331.4,0.0,7693.8,2575085.88,0
2026-06-30,2026-06-30 11:00:00,314.9,327.35,314.9,317.42,0.8,8388.4,2756860.26,1
2026-06-30,2026-06-30 12:00:00,317.42,319.95,317.42,319.95,0.8,8388.4,2756860.26,1
2026-06-30,2026-06-30 13:00:00,319.95,322.48,319.95,322.48,0.79,8388.4,2756860.26,1
2026-06-30,2026-06-30 14:00:00,322.48,325.0,322.48,325.0,0.78,8388.4,2756860.26,1
2026-06-30,2026-06-30 15:00:00,325.0,339.8,314.9,325.0,0.0,8388.4,2756860.26,0
2026-07-01,2026-07-01 11:00:00,325.0,331.25,325.0,328.1,0.95,4349.6,1451843.94,1
2026-07-01,2026-07-01 12:00:00,328.1,331.2,328.1,331.2,0.94,4349.6,1451843.94,1
2026-07-01,2026-07-01 13:00:00,331.2,334.3,331.2,334.3,0.94,4349.6,1451843.94,1
2026-07-01,2026-07-01 14:00:00,334.3,337.4,334.3,337.4,0.93,4349.6,1451843.94,1
2026-07-01,2026-07-01 15:00:00,337.4,337.5,325.0,337.4,0.0,4349.6,1451843.94,0
2026-07-02,2026-07-02 11:00:00,338.0,339.0,334.05,338.5,0.15,3738.0,1245848.58,1
2026-07-02,2026-07-02 12:00:00,338.5,339.0,338.5,339.0,0.15,3738.0,1245848.58,1
2026-07-02,2026-07-02 13:00:00,339.0,339.5,339.0,339.5,0.15,3738.0,1245848.58,1
2026-07-02,2026-07-02 14:00:00,339.5,340.0,339.5,340.0,0.15,3738.0,1245848.58,1
2026-07-02,2026-07-02 15:00:00,340.0,340.0,330.1,340.0,0.0,3738.0,1245848.58,0
2026-07-03,2026-07-03 11:00:00,340.0,340.0,336.5,338.5,-0.44,4354.0,1462774.6,-1
2026-07-03,2026-07-03 12:00:00,338.5,338.5,337.0,337.0,-0.44,4354.0,1462774.6,-1
2026-07-03,2026-07-03 13:00:00,337.0,337.0,335.5,335.5,-0.45,4354.0,1462774.6,-1
2026-07-03,2026-07-03 14:00:00,335.5,335.5,334.0,334.0,-0.45,4354.0,1462774.6,-1
2026-07-03,2026-07-03 15:00:00,334.0,340.0,333.0,334.0,0.0,4354.0,1462774.6,0
2026-07-06,2026-07-06 11:00:00,350.7,350.7,338.4,345.5,-1.48,4324.6,1422422.46,-1
2026-07-06,2026-07-06 12:00:00,345.5,345.5,340.3,340.3,-1.51,4324.6,1422422.46,-1
2026-07-06,2026-07-06 13:00:00,340.3,340.3,335.1,335.1,-1.53,4324.6,1422422.46,-1
2026-07-06,2026-07-06 14:00:00,335.1,335.1,329.9,329.9,-1.55,4324.6,1422422.46,-1
2026-07-06,2026-07-06 15:00:00,329.9,350.7,326.1,329.9,0.0,4324.6,1422422.46,0
2026-07-07,2026-07-07 11:00:00,332.9,334.45,330.45,332.45,-0.14,3536.6,1174664.0,-1
2026-07-07,2026-07-07 12:00:00,332.45,332.45,332.0,332.0,-0.14,3536.6,1174664.0,-1
2026-07-07,2026-07-07 13:00:00,332.0,332.0,331.55,331.55,-0.14,3536.6,1174664.0,-1
2026-07-07,2026-07-07 14:00:00,331.55,331.55,331.1,331.1,-0.14,3536.6,1174664.0,-1
2026-07-07,2026-07-07 15:00:00,331.1,336.0,328.0,331.1,0.0,3536.6,1174664.0,0
2026-07-08,2026-07-08 11:00:00,327.0,328.5,323.55,325.52,-0.45,4352.6,1415205.24,-1
2026-07-08,2026-07-08 12:00:00,325.52,325.52,324.05,324.05,-0.45,4352.6,1415205.24,-1
2026-07-08,2026-07-08 13:00:00,324.05,324.05,322.58,322.58,-0.45,4352.6,1415205.24,-1
2026-07-08,2026-07-08 14:00:00,322.58,322.58,321.1,321.1,-0.46,4352.6,1415205.24,-1
2026-07-08,2026-07-08 15:00:00,321.1,330.0,320.1,321.1,0.0,4352.6,1415205.24,0
2026-07-09,2026-07-09 11:00:00,319.0,321.95,317.0,318.73,-0.08,1848.8,587538.94,-1
2026-07-09,2026-07-09 12:00:00,318.73,318.73,318.45,318.45,-0.09,1848.8,587538.94,-1
2026-07-09,2026-07-09 13:00:00,318.45,318.45,318.17,318.17,-0.09,1848.8,587538.94,-1
2026-07-09,2026-07-09 14:00:00,318.17,318.17,317.9,317.9,-0.08,1848.8,587538.94,-1
2026-07-09,2026-07-09 15:00:00,317.9,324.9,315.0,317.9,0.0,1848.8,587538.94,0
2026-07-10,2026-07-10 11:00:00,318.0,321.5,318.0,318.02,0.01,2865.8,916831.18,1
2026-07-10,2026-07-10 12:00:00,318.02,318.05,318.02,318.05,0.01,2865.8,916831.18,1
2026-07-10,2026-07-10 13:00:00,318.05,318.08,318.05,318.08,0.01,2865.8,916831.18,1
2026-07-10,2026-07-10 14:00:00,318.08,318.1,318.08,318.1,0.01,2865.8,916831.18,1
2026-07-10,2026-07-10 15:00:00,318.1,325.0,318.0,318.1,0.0,2865.8,916831.18,0
2026-07-13,2026-07-13 11:00:00,315.0,317.5,312.55,313.77,-0.39,5383.2,1688476.04,-1
2026-07-13,2026-07-13 12:00:00,313.77,313.77,312.55,312.55,-0.39,5383.2,1688476.04,-1
2026-07-13,2026-07-13 13:00:00,312.55,312.55,311.33,311.33,-0.39,5383.2,1688476.04,-1
2026-07-13,2026-07-13 14:00:00,311.33,311.33,310.1,310.1,-0.4,5383.2,1688476.04,-1
2026-07-13,2026-07-13 15:00:00,310.1,320.0,310.1,310.1,0.0,5383.2,1688476.04,0
2026-07-14,2026-07-14 11:00:00,306.0,310.0,304.55,306.75,0.25,5639.2,1737500.42,1
2026-07-14,2026-07-14 12:00:00,306.75,307.5,306.75,307.5,0.24,5639.2,1737500.42,1
2026-07-14,2026-07-14 13:00:00,307.5,308.25,307.5,308.25,0.24,5639.2,1737500.42,1
2026-07-14,2026-07-14 14:00:00,308.25,309.0,308.25,309.0,0.24,5639.2,1737500.42,1
2026-07-14,2026-07-14 15:00:00,309.0,314.0,303.1,309.0,0.0,5639.2,1737500.42,0
2026-07-15,2026-07-15 11:00:00,315.0,315.0,312.5,314.25,-0.24,2798.6,876141.76,-1
2026-07-15,2026-07-15 12:00:00,314.25,314.25,313.5,313.5,-0.24,2798.6,876141.76,-1
2026-07-15,2026-07-15 13:00:00,313.5,313.5,312.75,312.75,-0.24,2798.6,876141.76,-1
2026-07-15,2026-07-15 14:00:00,312.75,312.75,312.0,312.0,-0.24,2798.6,876141.76,-1
2026-07-15,2026-07-15 15:00:00,312.0,315.0,310.0,312.0,0.0,2798.6,876141.76,0
2026-07-16,2026-07-16 11:00:00,315.0,315.85,311.5,313.25,-0.56,2335.8,726560.9,-1
2026-07-16,2026-07-16 12:00:00,313.25,313.25,311.5,311.5,-0.56,2335.8,726560.9,-1
2026-07-16,2026-07-16 13:00:00,311.5,311.5,309.75,309.75,-0.56,2335.8,726560.9,-1
2026-07-16,2026-07-16 14:00:00,309.75,309.75,308.0,308.0,-0.56,2335.8,726560.9,-1
2026-07-16,2026-07-16 15:00:00,308.0,316.7,308.0,308.0,0.0,2335.8,726560.9,0
2026-07-17,2026-07-17 11:00:00,317.0,324.0,316.0,320.25,1.03,8348.6,2734884.38,1
2026-07-17,2026-07-17 12:00:00,320.25,323.5,320.25,323.5,1.01,8348.6,2734884.38,1
2026-07-17,2026-07-17 13:00:00,323.5,326.75,323.5,326.75,1.0,8348.6,2734884.38,1
2026-07-17,2026-07-17 14:00:00,326.75,330.0,326.75,330.0,0.99,8348.6,2734884.38,1
2026-07-17,2026-07-17 15:00:00,330.0,331.0,315.0,330.0,0.0,8348.6,2734884.38,0
2026-07-20,2026-07-20 11:00:00,346.5,346.5,335.8,343.38,-0.9,3693.8,1225110.36,-1
2026-07-20,2026-07-20 12:00:00,343.38,343.38,340.25,340.25,-0.91,3693.8,1225110.36,-1
2026-07-20,2026-07-20 13:00:00,340.25,340.25,337.12,337.12,-0.92,3693.8,1225110.36,-1
2026-07-20,2026-07-20 14:00:00,337.12,337.12,334.0,334.0,-0.93,3693.8,1225110.36,-1
2026-07-20,2026-07-20 15:00:00,334.0,346.5,325.1,334.0,0.0,3693.8,1225110.36,0
2026-07-21,2026-07-21 11:00:00,334.0,338.5,332.0,334.12,0.04,7998.4,2668479.78,1
2026-07-21,2026-07-21 12:00:00,334.12,334.25,334.12,334.25,0.04,7998.4,2668479.78,1
2026-07-21,2026-07-21 13:00:00,334.25,334.38,334.25,334.38,0.04,7998.4,2668479.78,1
2026-07-21,2026-07-21 14:00:00,334.38,334.5,334.38,334.5,0.04,7998.4,2668479.78,1
2026-07-21,2026-07-21 15:00:00,334.5,343.0,330.0,334.5,0.0,7998.4,2668479.78,0
2026-07-22,2026-07-22 11:00:00,330.0,332.5,328.55,330.02,0.01,3538.8,1173658.5,1
2026-07-22,2026-07-22 12:00:00,330.02,330.05,330.02,330.05,0.01,3538.8,1173658.5,1
2026-07-22,2026-07-22 13:00:00,330.05,330.08,330.05,330.08,0.01,3538.8,1173658.5,1
2026-07-22,2026-07-22 14:00:00,330.08,330.1,330.08,330.1,0.01,3538.8,1173658.5,1
2026-07-22,2026-07-22 15:00:00,330.1,335.0,327.1,330.1,0.0,3538.8,1173658.5,0
2026-07-23,2026-07-23 11:00:00,340.0,340.0,332.5,337.5,-0.74,4641.2,1523109.86,-1
2026-07-23,2026-07-23 12:00:00,337.5,337.5,335.0,335.0,-0.74,4641.2,1523109.86,-1
2026-07-23,2026-07-23 13:00:00,335.0,335.0,332.5,332.5,-0.75,4641.2,1523109.86,-1
2026-07-23,2026-07-23 14:00:00,332.5,332.5,330.0,330.0,-0.75,4641.2,1523109.86,-1
2026-07-23,2026-07-23 15:00:00,330.0,340.0,325.0,330.0,0.0,4641.2,1523109.86,0
2026-07-24,2026-07-24 11:00:00,313.5,326.5,313.5,318.62,1.63,6406.2,2136939.1,1
2026-07-24,2026-07-24 12:00:00,318.62,323.75,318.62,323.75,1.61,6406.2,2136939.1,1
2026-07-24,2026-07-24 13:00:00,323.75,328.88,323.75,328.88,1.58,6406.2,2136939.1,1
2026-07-24,2026-07-24 14:00:00,328.88,334.0,328.88,334.0,1.56,6406.2,2136939.1,1
2026-07-24,2026-07-24 15:00:00,334.0,339.5,313.5,334.0,0.0,6406.2,2136939.1,0
2026-07-27,2026-07-27 11:00:00,334.0,334.45,329.5,331.85,-0.64,3754.6,1233480.4,-1
2026-07-27,2026-07-27 12:00:00,331.85,331.85,329.7,329.7,-0.65,3754.6,1233480.4,-1
2026-07-27,2026-07-27 13:00:00,329.7,329.7,327.55,327.55,-0.65,3754.6,1233480.4,-1
2026-07-27,2026-07-27 14:00:00,327.55,327.55,325.4,325.4,-0.66,3754.6,1233480.4,-1
2026-07-27,2026-07-27 15:00:00,325.4,334.9,325.0,325.4,0.0,3754.6,1233480.4,0
2026-07-28,2026-07-28 11:00:00,330.0,330.0,325.1,328.75,-0.38,2355.0,764847.28,-1
2026-07-28,2026-07-28 12:00:00,328.75,328.75,327.5,327.5,-0.38,2355.0,764847.28,-1
2026-07-28,2026-07-28 13:00:00,327.5,327.5,326.25,326.25,-0.38,2355.0,764847.28,-1
2026-07-28,2026-07-28 14:00:00,326.25,326.25,325.0,325.0,-0.38,2355.0,764847.28,-1
2026-07-28,2026-07-28 15:00:00,325.0,330.0,320.2,325.0,0.0,2355.0,764847.28,0
2026-07-29,2026-07-29 11:00:00,322.0,325.45,321.75,322.02,0.01,2265.4,731611.86,1
2026-07-29,2026-07-29 12:00:00,322.02,322.05,322.02,322.05,0.01,2265.4,731611.86,1
2026-07-29,2026-07-29 13:00:00,322.05,322.08,322.05,322.08,0.01,2265.4,731611.86,1
2026-07-29,2026-07-29 14:00:00,322.08,322.1,322.08,322.1,0.01,2265.4,731611.86,1
2026-07-29,2026-07-29 15:00:00,322.1,328.9,321.5,322.1,0.0,2265.4,731611.86,0
2026-07-30,2026-07-30 11:00:00,321.1,323.05,319.55,320.83,-0.08,2292.4,735636.22,-1
2026-07-30,2026-07-30 12:00:00,320.83,320.83,320.55,320.55,-0.09,2292.4,735636.22,-1
2026-07-30,2026-07-30 13:00:00,320.55,320.55,320.27,320.27,-0.09,2292.4,735636.22,-1
2026-07-30,2026-07-30 14:00:00,320.27,320.27,320.0,320.0,-0.08,2292.4,735636.22,-1
2026-07-30,2026-07-30 15:00:00,320.0,325.0,318.0,320.0,0.0,2292.4,735636.22,0
2026-07-31,2026-07-31 11:00:00,317.4,320.65,316.2,317.57,0.05,5191.0,1654499.32,1
2026-07-31,2026-07-31 12:00:00,317.57,317.75,317.57,317.75,0.06,5191.0,1654499.32,1
2026-07-31,2026-07-31 13:00:00,317.75,317.93,317.75,317.93,0.06,5191.0,1654499.32,1
2026-07-31,2026-07-31 14:00:00,317.93,318.1,317.93,318.1,0.05,5191.0,1654499.32,1
2026-07-31,2026-07-31 15:00:00,318.1,323.9,315.0,318.1,0.0,5191.0,1654499.32,0
2026-08-03,2026-08-03 11:00:00,324.9,325.2,322.45,324.92,0.01,3727.0,1205930.86,1
2026-08-03,2026-08-03 12:00:00,324.92,324.95,324.92,324.95,0.01,3727.0,1205930.86,1
2026-08-03,2026-08-03 13:00:00,324.95,324.98,324.95,324.98,0.01,3727.0,1205930.86,1
2026-08-03,2026-08-03 14:00:00,324.98,325.0,324.98,325.0,0.01,3727.0,1205930.86,1
2026-08-03,2026-08-03 15:00:00,325.0,325.5,320.0,325.0,0.0,3727.0,1205930.86,0
2026-08-04,2026-08-04 11:00:00,323.0,323.5,320.6,323.0,0.0,1245.6,399607.3,0
2026-08-04,2026-08-04 12:00:00,323.0,323.0,323.0,323.0,0.0,1245.6,399607.3,0
2026-08-04,2026-08-04 13:00:00,323.0,323.0,323.0,323.0,0.0,1245.6,399607.3,0
2026-08-04,2026-08-04 14:00:00,323.0,323.0,323.0,323.0,0.0,1245.6,399607.3,0
2026-08-04,2026-08-04 15:00:00,323.0,324.0,318.2,323.0,0.0,1245.6,399607.3,0
2026-08-05,2026-08-05 11:00:00,318.2,320.6,318.2,319.27,0.34,3113.4,999800.8,1
2026-08-05,2026-08-05 12:00:00,319.27,320.35,319.27,320.35,0.34,3113.4,999800.8,1
2026-08-05,2026-08-05 13:00:00,320.35,321.43,320.35,321.43,0.34,3113.4,999800.8,1
2026-08-05,2026-08-05 14:00:00,321.43,322.5,321.43,322.5,0.33,3113.4,999800.8,1
2026-08-05,2026-08-05 15:00:00,322.5,323.0,318.2,322.5,0.0,3113.4,999800.8,0
2026-08-06,2026-08-06 11:00:00,318.1,321.55,318.1,319.08,0.31,2775.2,894469.3,1
2026-08-06,2026-08-06 12:00:00,319.08,320.05,319.08,320.05,0.3,2775.2,894469.3,1
2026-08-06,2026-08-06 13:00:00,320.05,321.02,320.05,321.02,0.3,2775.2,894469.3,1
2026-08-06,2026-08-06 14:00:00,321.02,322.0,321.02,322.0,0.31,2775.2,894469.3,1
2026-08-06,2026-08-06 15:00:00,322.0,325.0,318.1,322.0,0.0,2775.2,894469.3,0
2026-08-07,2026-08-07 11:00:00,321.6,323.3,320.8,321.95,0.11,2875.6,926266.88,1
2026-08-07,2026-08-07 12:00:00,321.95,322.3,321.95,322.3,0.11,2875.6,926266.88,1
2026-08-07,2026-08-07 13:00:00,322.3,322.65,322.3,322.65,0.11,2875.6,926266.88,1
2026-08-07,2026-08-07 14:00:00,322.65,323.0,322.65,323.0,0.11,2875.6,926266.88,1
2026-08-07,2026-08-07 15:00:00,323.0,325.0,320.0,323.0,0.0,2875.6,926266.88,0
2026-08-10,2026-08-10 11:00:00,320.0,321.5,319.05,319.77,-0.07,2639.8,843310.44,-1
2026-08-10,2026-08-10 12:00:00,319.77,319.77,319.55,319.55,-0.07,2639.8,843310.44,-1
2026-08-10,2026-08-10 13:00:00,319.55,319.55,319.33,319.33,-0.07,2639.8,843310.44,-1
2026-08-10,2026-08-10 14:00:00,319.33,319.33,319.1,319.1,-0.07,2639.8,843310.44,-1
2026-08-10,2026-08-10 15:00:00,319.1,323.0,318.1,319.1,0.0,2639.8,843310.44,0
2026-08-11,2026-08-11 11:00:00,328.6,328.6,322.3,325.95,-0.81,2875.4,916046.86,-1
2026-08-11,2026-08-11 12:00:00,325.95,325.95,323.3,323.3,-0.81,2875.4,916046.86,-1
2026-08-11,2026-08-11 13:00:00,323.3,323.3,320.65,320.65,-0.82,2875.4,916046.86,-1
2026-08-11,2026-08-11 14:00:00,320.65,320.65,318.0,318.0,-0.83,2875.4,916046.86,-1
2026-08-11,2026-08-11 15:00:00,318.0,328.6,316.0,318.0,0.0,2875.4,916046.86,0
2026-08-12,2026-08-12 11:00:00,323.0,324.0,319.1,321.25,-0.54,2064.2,653171.98,-1
2026-08-12,2026-08-12 12:00:00,321.25,321.25,319.5,319.5,-0.54,2064.2,653171.98,-1
2026-08-12,2026-08-12 13:00:00,319.5,319.5,317.75,317.75,-0.55,2064.2,653171.98,-1
2026-08-12,2026-08-12 14:00:00,317.75,317.75,316.0,316.0,-0.55,2064.2,653171.98,-1
2026-08-12,2026-08-12 15:00:00,316.0,325.0,315.2,316.0,0.0,2064.2,653171.98,0
2026-08-13,2026-08-13 11:00:00,314.0,319.0,313.25,315.25,0.4,4455.4,1411270.94,1
2026-08-13,2026-08-13 12:00:00,315.25,316.5,315.25,316.5,0.4,4455.4,1411270.94,1
2026-08-13,2026-08-13 13:00:00,316.5,317.75,316.5,317.75,0.39,4455.4,1411270.94,1
2026-08-13,2026-08-13 14:00:00,317.75,319.0,317.75,319.0,0.39,4455.4,1411270.94,1
2026-08-13,2026-08-13 15:00:00,319.0,324.0,312.5,319.0,0.0,4455.4,1411270.94,0
2026-08-14,2026-08-14 11:00:00,322.7,322.7,318.85,321.88,-0.25,1793.0,570106.96,-1
2026-08-14,2026-08-14 12:00:00,321.88,321.88,321.05,321.05,-0.26,1793.0,570106.96,-1
2026-08-14,2026-08-14 13:00:00,321.05,321.05,320.22,320.22,-0.26,1793.0,570106.96,-1
2026-08-14,2026-08-14 14:00:00,320.22,320.22,319.4,319.4,-0.26,1793.0,570106.96,-1
2026-08-14,2026-08-14 15:00:00,319.4,322.7,315.0,319.4,0.0,1793.0,570106.96,0
2026-08-17,2026-08-17 11:00:00,317.0,318.0,315.65,316.98,-0.01,1721.8,542811.24,-1
2026-08-17,2026-08-17 12:00:00,316.98,316.98,316.95,316.95,-0.01,1721.8,542811.24,-1
2026-08-17,2026-08-17 13:00:00,316.95,316.95,316.92,316.92,-0.01,1721.8,542811.24,-1
2026-08-17,2026-08-17 14:00:00,316.92,316.92,316.9,316.9,-0.01,1721.8,542811.24,-1
2026-08-17,2026-08-17 15:00:00,316.9,319.0,314.3,316.9,0.0,1721.8,542811.24,0
2026-08-18,2026-08-18 11:00:00,315.0,315.5,311.5,314.62,-0.12,4846.6,1504124.62,-1
2026-08-18,2026-08-18 12:00:00,314.62,314.62,314.25,314.25,-0.12,4846.6,1504124.62,-1
2026-08-18,2026-08-18 13:00:00,314.25,314.25,313.88,313.88,-0.12,4846.6,1504124.62,-1
2026-08-18,2026-08-18 14:00:00,313.88,313.88,313.5,313.5,-0.12,4846.6,1504124.62,-1
2026-08-18,2026-08-18 15:00:00,313.5,316.0,308.0,313.5,0.0,4846.6,1504124.62,0
2026-08-19,2026-08-19 11:00:00,329.0,329.0,318.5,324.73,-1.3,1865.0,582183.72,-1
2026-08-19,2026-08-19 12:00:00,324.73,324.73,320.45,320.45,-1.32,1865.0,582183.72,-1
2026-08-19,2026-08-19 13:00:00,320.45,320.45,316.17,316.17,-1.34,1865.0,582183.72,-1
2026-08-19,2026-08-19 14:00:00,316.17,316.17,311.9,311.9,-1.35,1865.0,582183.72,-1
2026-08-19,2026-08-19 15:00:00,311.9,329.0,308.0,311.9,0.0,1865.0,582183.72,0
2026-08-20,2026-08-20 11:00:00,310.0,311.45,307.5,309.25,-0.24,3413.6,1045818.36,-1
2026-08-20,2026-08-20 12:00:00,309.25,309.25,308.5,308.5,-0.24,3413.6,1045818.36,-1
2026-08-20,2026-08-20 13:00:00,308.5,308.5,307.75,307.75,-0.24,3413.6,1045818.36,-1
2026-08-20,2026-08-20 14:00:00,307.75,307.75,307.0,307.0,-0.24,3413.6,1045818.36,-1
2026-08-20,2026-08-20 15:00:00,307.0,312.9,305.0,307.0,0.0,3413.6,1045818.36,0
2026-08-21,2026-08-21 11:00:00,307.2,309.6,306.65,307.4,0.07,3334.8,1027557.58,1
2026-08-21,2026-08-21 12:00:00,307.4,307.6,307.4,307.6,0.07,3334.8,1027557.58,1
2026-08-21,2026-08-21 13:00:00,307.6,307.8,307.6,307.8,0.07,3334.8,1027557.58,1
2026-08-21,2026-08-21 14:00:00,307.8,308.0,307.8,308.0,0.06,3334.8,1027557.58,1
2026-08-21,2026-08-21 15:00:00,308.0,312.0,306.1,308.0,0.0,3334.8,1027557.58,0
2026-08-24,2026-08-24 11:00:00,312.0,312.0,305.5,309.5,-0.8,4593.0,1388345.96,-1
2026-08-24,2026-08-24 12:00:00,309.5,309.5,307.0,307.0,-0.81,4593.0,1388345.96,-1
2026-08-24,2026-08-24 13:00:00,307.0,307.0,304.5,304.5,-0.81,4593.0,1388345.96,-1
2026-08-24,2026-08-24 14:00:00,304.5,304.5,302.0,302.0,-0.82,4593.0,1388345.96,-1
2026-08-24,2026-08-24 15:00:00,302.0,312.0,299.0,302.0,0.0,4593.0,1388345.96,0
2026-08-25,2026-08-25 12:00:00,304.0,305.0,298.0,298.0,-1.32,13742.0,4130918.2,-1
2026-08-25,2026-08-25 13:00:00,304.0,305.0,298.0,298.0,-1.32,13742.0,4130918.2,-1
2026-08-25,2026-08-25 14:00:00,304.0,305.0,298.0,298.0,-1.32,13742.0,4130918.2,-1
2026-08-26,2026-08-26 13:00:00,300.0,300.0,280.4,288.5,-3.19,33606.0,9665059.6,-1
