published_date,timestamp,open,high,low,close,per_change,traded_quantity,traded_amount,status
2021-02-07,2021-02-07 11:00:00,161.0,162.5,161.0,161.75,0.47,6.0,972.0,1
2021-02-07,2021-02-07 12:00:00,161.75,162.5,161.75,162.5,0.46,6.0,972.0,1
2021-02-07,2021-02-07 13:00:00,162.5,163.25,162.5,163.25,0.46,6.0,972.0,1
2021-02-07,2021-02-07 14:00:00,163.25,164.0,163.25,164.0,0.46,6.0,972.0,1
2021-02-07,2021-02-07 15:00:00,164.0,164.0,161.0,164.0,0.0,6.0,972.0,0
2021-02-08,2021-02-08 11:00:00,159.0,166.0,159.0,162.5,2.2,10.0,1658.8,1
2021-02-08,2021-02-08 12:00:00,162.5,166.0,162.5,166.0,2.15,10.0,1658.8,1
2021-02-08,2021-02-08 13:00:00,166.0,169.5,166.0,169.5,2.11,10.0,1658.8,1
2021-02-08,2021-02-08 14:00:00,169.5,173.0,169.5,173.0,2.06,10.0,1658.8,1
2021-02-08,2021-02-08 15:00:00,173.0,173.0,159.0,173.0,0.0,10.0,1658.8,0
2021-02-09,2021-02-09 11:00:00,168.0,172.0,168.0,170.0,1.19,6.0,1037.8,1
2021-02-09,2021-02-09 12:00:00,170.0,172.0,170.0,172.0,1.18,6.0,1037.8,1
2021-02-09,2021-02-09 13:00:00,172.0,174.0,172.0,174.0,1.16,6.0,1037.8,1
2021-02-09,2021-02-09 14:00:00,174.0,176.0,174.0,176.0,1.15,6.0,1037.8,1
2021-02-09,2021-02-09 15:00:00,176.0,176.0,168.0,176.0,0.0,6.0,1037.8,0
2021-02-10,2021-02-10 11:00:00,179.0,179.0,179.0,179.0,0.0,4.0,710.4,0
2021-02-10,2021-02-10 12:00:00,179.0,179.0,179.0,179.0,0.0,4.0,710.4,0
2021-02-10,2021-02-10 13:00:00,179.0,179.0,179.0,179.0,0.0,4.0,710.4,0
2021-02-10,2021-02-10 14:00:00,179.0,179.0,179.0,179.0,0.0,4.0,710.4,0
2021-02-10,2021-02-10 15:00:00,179.0,179.0,179.0,179.0,0.0,4.0,710.4,0
2021-02-11,2021-02-11 11:00:00,182.0,185.0,182.0,183.5,0.82,6.0,1110.0,1
2021-02-11,2021-02-11 12:00:00,183.5,185.0,183.5,185.0,0.82,6.0,1110.0,1
2021-02-11,2021-02-11 13:00:00,185.0,186.5,185.0,186.5,0.81,6.0,1110.0,1
2021-02-11,2021-02-11 14:00:00,186.5,188.0,186.5,188.0,0.8,6.0,1110.0,1
2021-02-11,2021-02-11 15:00:00,188.0,188.0,182.0,188.0,0.0,6.0,1110.0,0
2021-02-14,2021-02-14 11:00:00,191.0,192.5,191.0,191.75,0.39,4.0,770.0,1
2021-02-14,2021-02-14 12:00:00,191.75,192.5,191.75,192.5,0.39,4.0,770.0,1
2021-02-14,2021-02-14 13:00:00,192.5,193.25,192.5,193.25,0.39,4.0,770.0,1
2021-02-14,2021-02-14 14:00:00,193.25,194.0,193.25,194.0,0.39,4.0,770.0,1
2021-02-14,2021-02-14 15:00:00,194.0,194.0,191.0,194.0,0.0,4.0,770.0,0
2021-02-15,2021-02-15 11:00:00,197.0,198.5,197.0,197.75,0.38,4.0,794.0,1
2021-02-15,2021-02-15 12:00:00,197.75,198.5,197.75,198.5,0.38,4.0,794.0,1
2021-02-15,2021-02-15 13:00:00,198.5,199.25,198.5,199.25,0.38,4.0,794.0,1
2021-02-15,2021-02-15 14:00:00,199.25,200.0,199.25,200.0,0.38,4.0,794.0,1
2021-02-15,2021-02-15 15:00:00,200.0,200.0,197.0,200.0,0.0,4.0,794.0,0
2021-02-16,2021-02-16 11:00:00,204.0,212.0,204.0,208.0,1.96,20.0,4320.0,1
2021-02-16,2021-02-16 12:00:00,208.0,212.0,208.0,212.0,1.92,20.0,4320.0,1
2021-02-16,2021-02-16 13:00:00,212.0,216.0,212.0,216.0,1.89,20.0,4320.0,1
2021-02-16,2021-02-16 14:00:00,216.0,220.0,216.0,220.0,1.85,20.0,4320.0,1
2021-02-16,2021-02-16 15:00:00,220.0,220.0,204.0,220.0,0.0,20.0,4320.0,0
2021-02-17,2021-02-17 11:00:00,217.0,221.0,217.0,219.0,0.92,13.0,2857.0,1
2021-02-17,2021-02-17 12:00:00,219.0,221.0,219.0,221.0,0.91,13.0,2857.0,1
2021-02-17,2021-02-17 13:00:00,221.0,223.0,221.0,223.0,0.9,13.0,2857.0,1
2021-02-17,2021-02-17 14:00:00,223.0,225.0,223.0,225.0,0.9,13.0,2857.0,1
2021-02-17,2021-02-17 15:00:00,225.0,225.0,217.0,225.0,0.0,13.0,2857.0,0
2021-02-18,2021-02-18 11:00:00,229.0,237.0,229.0,233.0,1.75,10.0,2370.0,1
2021-02-18,2021-02-18 12:00:00,233.0,237.0,233.0,237.0,1.72,10.0,2370.0,1
2021-02-18,2021-02-18 13:00:00,237.0,241.0,237.0,241.0,1.69,10.0,2370.0,1
2021-02-18,2021-02-18 14:00:00,241.0,245.0,241.0,245.0,1.66,10.0,2370.0,1
2021-02-18,2021-02-18 15:00:00,245.0,245.0,229.0,245.0,0.0,10.0,2370.0,0
2021-02-21,2021-02-21 11:00:00,249.0,259.0,249.0,254.0,2.01,24.0,6348.0,1
2021-02-21,2021-02-21 12:00:00,254.0,259.0,254.0,259.0,1.97,24.0,6348.0,1
2021-02-21,2021-02-21 13:00:00,259.0,264.0,259.0,264.0,1.93,24.0,6348.0,1
2021-02-21,2021-02-21 14:00:00,264.0,269.0,264.0,269.0,1.89,24.0,6348.0,1
2021-02-21,2021-02-21 15:00:00,269.0,269.0,249.0,269.0,0.0,24.0,6348.0,0
2021-02-22,2021-02-22 11:00:00,280.0,287.5,280.0,283.75,1.34,10.0,2890.0,1
2021-02-22,2021-02-22 12:00:00,283.75,287.5,283.75,287.5,1.32,10.0,2890.0,1
2021-02-22,2021-02-22 13:00:00,287.5,291.25,287.5,291.25,1.3,10.0,2890.0,1
2021-02-22,2021-02-22 14:00:00,291.25,295.0,291.25,295.0,1.29,10.0,2890.0,1
2021-02-22,2021-02-22 15:00:00,295.0,295.0,280.0,295.0,0.0,10.0,2890.0,0
2021-02-23,2021-02-23 11:00:00,300.0,306.0,300.0,303.0,1.0,10.0,3084.0,1
2021-02-23,2021-02-23 12:00:00,303.0,306.0,303.0,306.0,0.99,10.0,3084.0,1
2021-02-23,2021-02-23 13:00:00,306.0,309.0,306.0,309.0,0.98,10.0,3084.0,1
2021-02-23,2021-02-23 14:00:00,309.0,312.0,309.0,312.0,0.97,10.0,3084.0,1
2021-02-23,2021-02-23 15:00:00,312.0,312.0,300.0,312.0,0.0,10.0,3084.0,0
2021-02-24,2021-02-24 11:00:00,297.0,320.0,296.0,308.5,3.87,38.0,12400.0,1
2021-02-24,2021-02-24 12:00:00,308.5,320.0,308.5,320.0,3.73,38.0,12400.0,1
2021-02-24,2021-02-24 13:00:00,320.0,331.5,320.0,331.5,3.59,38.0,12400.0,1
2021-02-24,2021-02-24 14:00:00,331.5,343.0,331.5,343.0,3.47,38.0,12400.0,1
2021-02-24,2021-02-24 15:00:00,343.0,343.0,295.0,343.0,0.0,38.0,12400.0,0
2021-02-25,2021-02-25 11:00:00,337.0,357.0,337.0,347.0,2.97,37.0,13653.0,1
2021-02-25,2021-02-25 12:00:00,347.0,357.0,347.0,357.0,2.88,37.0,13653.0,1
2021-02-25,2021-02-25 13:00:00,357.0,367.0,357.0,367.0,2.8,37.0,13653.0,1
2021-02-25,2021-02-25 14:00:00,367.0,377.0,367.0,377.0,2.72,37.0,13653.0,1
2021-02-25,2021-02-25 15:00:00,377.0,377.0,337.0,377.0,0.0,37.0,13653.0,0
2021-02-28,2021-02-28 11:00:00,395.0,404.5,395.0,399.75,1.2,30.0,12350.0,1
2021-02-28,2021-02-28 12:00:00,399.75,404.5,399.75,404.5,1.19,30.0,12350.0,1
2021-02-28,2021-02-28 13:00:00,404.5,409.25,404.5,409.25,1.17,30.0,12350.0,1
2021-02-28,2021-02-28 14:00:00,409.25,414.0,409.25,414.0,1.16,30.0,12350.0,1
2021-02-28,2021-02-28 15:00:00,414.0,414.0,395.0,414.0,0.0,30.0,12350.0,0
2021-03-01,2021-03-01 11:00:00,422.0,438.5,422.0,430.25,1.95,32.2,14378.8,1
2021-03-01,2021-03-01 12:00:00,430.25,438.5,430.25,438.5,1.92,32.2,14378.8,1
2021-03-01,2021-03-01 13:00:00,438.5,446.75,438.5,446.75,1.88,32.2,14378.8,1
2021-03-01,2021-03-01 14:00:00,446.75,455.0,446.75,455.0,1.85,32.2,14378.8,1
2021-03-01,2021-03-01 15:00:00,455.0,455.0,422.0,455.0,0.0,32.2,14378.8,0
2021-03-02,2021-03-02 11:00:00,459.0,479.5,459.0,469.25,2.23,41.0,20188.0,1
2021-03-02,2021-03-02 12:00:00,469.25,479.5,469.25,479.5,2.18,41.0,20188.0,1
2021-03-02,2021-03-02 13:00:00,479.5,489.75,479.5,489.75,2.14,41.0,20188.0,1
2021-03-02,2021-03-02 14:00:00,489.75,500.0,489.75,500.0,2.09,41.0,20188.0,1
2021-03-02,2021-03-02 15:00:00,500.0,500.0,459.0,500.0,0.0,41.0,20188.0,0
2021-03-03,2021-03-03 11:00:00,525.0,537.5,525.0,531.25,1.19,106.2,58212.6,1
2021-03-03,2021-03-03 12:00:00,531.25,537.5,531.25,537.5,1.18,106.2,58212.6,1
2021-03-03,2021-03-03 13:00:00,537.5,543.75,537.5,543.75,1.16,106.2,58212.6,1
2021-03-03,2021-03-03 14:00:00,543.75,550.0,543.75,550.0,1.15,106.2,58212.6,1
2021-03-03,2021-03-03 15:00:00,550.0,550.0,525.0,550.0,0.0,106.2,58212.6,0
2021-03-04,2021-03-04 11:00:00,577.0,591.0,577.0,584.0,1.21,143.2,86419.6,1
2021-03-04,2021-03-04 12:00:00,584.0,591.0,584.0,591.0,1.2,143.2,86419.6,1
2021-03-04,2021-03-04 13:00:00,591.0,598.0,591.0,598.0,1.18,143.2,86419.6,1
2021-03-04,2021-03-04 14:00:00,598.0,605.0,598.0,605.0,1.17,143.2,86419.6,1
2021-03-04,2021-03-04 15:00:00,605.0,605.0,577.0,605.0,0.0,143.2,86419.6,0
2021-03-07,2021-03-07 11:00:00,635.0,650.0,635.0,642.5,1.18,182.0,120607.0,1
2021-03-07,2021-03-07 12:00:00,642.5,650.0,642.5,650.0,1.17,182.0,120607.0,1
2021-03-07,2021-03-07 13:00:00,650.0,657.5,650.0,657.5,1.15,182.0,120607.0,1
2021-03-07,2021-03-07 14:00:00,657.5,665.0,657.5,665.0,1.14,182.0,120607.0,1
2021-03-07,2021-03-07 15:00:00,665.0,665.0,635.0,665.0,0.0,182.0,120607.0,0
2021-03-09,2021-03-09 11:00:00,698.0,714.5,698.0,706.25,1.18,325.8,237711.8,1
2021-03-09,2021-03-09 12:00:00,706.25,714.5,706.25,714.5,1.17,325.8,237711.8,1
2021-03-09,2021-03-09 13:00:00,714.5,722.75,714.5,722.75,1.15,325.8,237711.8,1
2021-03-09,2021-03-09 14:00:00,722.75,731.0,722.75,731.0,1.14,325.8,237711.8,1
2021-03-09,2021-03-09 15:00:00,731.0,731.0,698.0,731.0,0.0,325.8,237711.8,0
2021-03-10,2021-03-10 11:00:00,767.0,785.5,767.0,776.25,1.21,426.0,342220.0,1
2021-03-10,2021-03-10 12:00:00,776.25,785.5,776.25,785.5,1.19,426.0,342220.0,1
2021-03-10,2021-03-10 13:00:00,785.5,794.75,785.5,794.75,1.18,426.0,342220.0,1
2021-03-10,2021-03-10 14:00:00,794.75,804.0,794.75,804.0,1.16,426.0,342220.0,1
2021-03-10,2021-03-10 15:00:00,804.0,804.0,767.0,804.0,0.0,426.0,342220.0,0
2021-03-14,2021-03-14 11:00:00,844.0,864.0,844.0,854.0,1.18,768.0,677010.0,1
2021-03-14,2021-03-14 12:00:00,854.0,864.0,854.0,864.0,1.17,768.0,677010.0,1
2021-03-14,2021-03-14 13:00:00,864.0,874.0,864.0,874.0,1.16,768.0,677010.0,1
2021-03-14,2021-03-14 14:00:00,874.0,884.0,874.0,884.0,1.14,768.0,677010.0,1
2021-03-14,2021-03-14 15:00:00,884.0,884.0,844.0,884.0,0.0,768.0,677010.0,0
2021-03-15,2021-03-15 11:00:00,928.0,950.0,928.0,939.0,1.19,875.4,849886.8,1
2021-03-15,2021-03-15 12:00:00,939.0,950.0,939.0,950.0,1.17,875.4,849886.8,1
2021-03-15,2021-03-15 13:00:00,950.0,961.0,950.0,961.0,1.16,875.4,849886.8,1
2021-03-15,2021-03-15 14:00:00,961.0,972.0,961.0,972.0,1.14,875.4,849886.8,1
2021-03-15,2021-03-15 15:00:00,972.0,972.0,928.0,972.0,0.0,875.4,849886.8,0
2021-03-16,2021-03-16 11:00:00,1020.0,1044.5,1020.0,1032.25,1.2,1441.2,1539292.8,1
2021-03-16,2021-03-16 12:00:00,1032.25,1044.5,1032.25,1044.5,1.19,1441.2,1539292.8,1
2021-03-16,2021-03-16 13:00:00,1044.5,1056.75,1044.5,1056.75,1.17,1441.2,1539292.8,1
2021-03-16,2021-03-16 14:00:00,1056.75,1069.0,1056.75,1069.0,1.16,1441.2,1539292.8,1
2021-03-16,2021-03-16 15:00:00,1069.0,1069.0,1020.0,1069.0,0.0,1441.2,1539292.8,0
2021-03-17,2021-03-17 11:00:00,1122.0,1148.5,1122.0,1135.25,1.18,1018.0,1193504.0,1
2021-03-17,2021-03-17 12:00:00,1135.25,1148.5,1135.25,1148.5,1.17,1018.0,1193504.0,1
2021-03-17,2021-03-17 13:00:00,1148.5,1161.75,1148.5,1161.75,1.15,1018.0,1193504.0,1
2021-03-17,2021-03-17 14:00:00,1161.75,1175.0,1161.75,1175.0,1.14,1018.0,1193504.0,1
2021-03-17,2021-03-17 15:00:00,1175.0,1175.0,1122.0,1175.0,0.0,1018.0,1193504.0,0
2021-03-18,2021-03-18 11:00:00,1233.0,1262.5,1233.0,1247.75,1.2,1455.2,1878022.4,1
2021-03-18,2021-03-18 12:00:00,1247.75,1262.5,1247.75,1262.5,1.18,1455.2,1878022.4,1
2021-03-18,2021-03-18 13:00:00,1262.5,1277.25,1262.5,1277.25,1.17,1455.2,1878022.4,1
2021-03-18,2021-03-18 14:00:00,1277.25,1292.0,1277.25,1292.0,1.15,1455.2,1878022.4,1
2021-03-18,2021-03-18 15:00:00,1292.0,1292.0,1233.0,1292.0,0.0,1455.2,1878022.4,0
2021-03-21,2021-03-21 11:00:00,1356.0,1388.5,1356.0,1372.25,1.2,2156.8,3059828.8,1
2021-03-21,2021-03-21 12:00:00,1372.25,1388.5,1372.25,1388.5,1.18,2156.8,3059828.8,1
2021-03-21,2021-03-21 13:00:00,1388.5,1404.75,1388.5,1404.75,1.17,2156.8,3059828.8,1
2021-03-21,2021-03-21 14:00:00,1404.75,1421.0,1404.75,1421.0,1.16,2156.8,3059828.8,1
2021-03-21,2021-03-21 15:00:00,1421.0,1421.0,1356.0,1421.0,0.0,2156.8,3059828.8,0
2021-03-22,2021-03-22 11:00:00,1492.0,1527.5,1492.0,1509.75,1.19,3509.8,5483659.4,1
2021-03-22,2021-03-22 12:00:00,1509.75,1527.5,1509.75,1527.5,1.18,3509.8,5483659.4,1
2021-03-22,2021-03-22 13:00:00,1527.5,1545.25,1527.5,1545.25,1.16,3509.8,5483659.4,1
2021-03-22,2021-03-22 14:00:00,1545.25,1563.0,1545.25,1563.0,1.15,3509.8,5483659.4,1
2021-03-22,2021-03-22 15:00:00,1563.0,1563.0,1492.0,1563.0,0.0,3509.8,5483659.4,0
2021-03-23,2021-03-23 11:00:00,1641.0,1680.0,1641.0,1660.5,1.19,3959.4,6802080.6,1
2021-03-23,2021-03-23 12:00:00,1660.5,1680.0,1660.5,1680.0,1.17,3959.4,6802080.6,1
2021-03-23,2021-03-23 13:00:00,1680.0,1699.5,1680.0,1699.5,1.16,3959.4,6802080.6,1
2021-03-23,2021-03-23 14:00:00,1699.5,1719.0,1699.5,1719.0,1.15,3959.4,6802080.6,1
2021-03-23,2021-03-23 15:00:00,1719.0,1719.0,1641.0,1719.0,0.0,3959.4,6802080.6,0
2021-03-24,2021-03-24 11:00:00,1804.0,1847.0,1804.0,1825.5,1.19,3472.4,6559856.0,1
2021-03-24,2021-03-24 12:00:00,1825.5,1847.0,1825.5,1847.0,1.18,3472.4,6559856.0,1
2021-03-24,2021-03-24 13:00:00,1847.0,1868.5,1847.0,1868.5,1.16,3472.4,6559856.0,1
2021-03-24,2021-03-24 14:00:00,1868.5,1890.0,1868.5,1890.0,1.15,3472.4,6559856.0,1
2021-03-24,2021-03-24 15:00:00,1890.0,1890.0,1804.0,1890.0,0.0,3472.4,6559856.0,0
2021-03-25,2021-03-25 11:00:00,1984.0,2031.5,1984.0,2007.75,1.2,6164.0,12810646.0,1
2021-03-25,2021-03-25 12:00:00,2007.75,2031.5,2007.75,2031.5,1.18,6164.0,12810646.0,1
2021-03-25,2021-03-25 13:00:00,2031.5,2055.25,2031.5,2055.25,1.17,6164.0,12810646.0,1
2021-03-25,2021-03-25 14:00:00,2055.25,2079.0,2055.25,2079.0,1.16,6164.0,12810646.0,1
2021-03-25,2021-03-25 15:00:00,2079.0,2079.0,1984.0,2079.0,0.0,6164.0,12810646.0,0
2021-03-29,2021-03-29 11:00:00,2182.0,2234.0,2027.0,2119.0,-2.89,36724.6,74155298.0,-1
2021-03-29,2021-03-29 12:00:00,2119.0,2119.0,2056.0,2056.0,-2.97,36724.6,74155298.0,-1
2021-03-29,2021-03-29 13:00:00,2056.0,2056.0,1993.0,1993.0,-3.06,36724.6,74155298.0,-1
2021-03-29,2021-03-29 14:00:00,1993.0,1993.0,1930.0,1930.0,-3.16,36724.6,74155298.0,-1
2021-03-29,2021-03-29 15:00:00,1930.0,2286.0,1872.0,1930.0,0.0,36724.6,74155298.0,0
2021-03-30,2021-03-30 11:00:00,1900.0,1989.5,1875.0,1937.5,1.97,16985.0,32462751.0,1
2021-03-30,2021-03-30 12:00:00,1937.5,1975.0,1937.5,1975.0,1.94,16985.0,32462751.0,1
2021-03-30,2021-03-30 13:00:00,1975.0,2012.5,1975.0,2012.5,1.9,16985.0,32462751.0,1
2021-03-30,2021-03-30 14:00:00,2012.5,2050.0,2012.5,2050.0,1.86,16985.0,32462751.0,1
2021-03-30,2021-03-30 15:00:00,2050.0,2079.0,1850.0,2050.0,0.0,16985.0,32462751.0,0
2021-03-31,2021-03-31 11:00:00,2060.0,2115.0,2055.0,2075.0,0.73,6391.0,13475864.8,1
2021-03-31,2021-03-31 12:00:00,2075.0,2090.0,2075.0,2090.0,0.72,6391.0,13475864.8,1
2021-03-31,2021-03-31 13:00:00,2090.0,2105.0,2090.0,2105.0,0.72,6391.0,13475864.8,1
2021-03-31,2021-03-31 14:00:00,2105.0,2120.0,2105.0,2120.0,0.71,6391.0,13475864.8,1
2021-03-31,2021-03-31 15:00:00,2120.0,2170.0,2050.0,2120.0,0.0,6391.0,13475864.8,0
2021-04-01,2021-04-01 11:00:00,2120.0,2120.0,2078.5,2102.5,-0.83,6976.8,14419565.6,-1
2021-04-01,2021-04-01 12:00:00,2102.5,2102.5,2085.0,2085.0,-0.83,6976.8,14419565.6,-1
2021-04-01,2021-04-01 13:00:00,2085.0,2085.0,2067.5,2067.5,-0.84,6976.8,14419565.6,-1
2021-04-01,2021-04-01 14:00:00,2067.5,2067.5,2050.0,2050.0,-0.85,6976.8,14419565.6,-1
2021-04-01,2021-04-01 15:00:00,2050.0,2120.0,2037.0,2050.0,0.0,6976.8,14419565.6,0
2021-04-04,2021-04-04 11:00:00,2100.0,2100.0,2040.0,2077.25,-1.08,9156.4,18346624.6,-1
2021-04-04,2021-04-04 12:00:00,2077.25,2077.25,2054.5,2054.5,-1.1,9156.4,18346624.6,-1
2021-04-04,2021-04-04 13:00:00,2054.5,2054.5,2031.75,2031.75,-1.11,9156.4,18346624.6,-1
2021-04-04,2021-04-04 14:00:00,2031.75,2031.75,2009.0,2009.0,-1.12,9156.4,18346624.6,-1
2021-04-04,2021-04-04 15:00:00,2009.0,2100.0,1980.0,2009.0,0.0,9156.4,18346624.6,0
2021-04-05,2021-04-05 11:00:00,2009.0,2097.0,1994.5,2039.5,1.52,14502.0,30378439.2,1
2021-04-05,2021-04-05 12:00:00,2039.5,2070.0,2039.5,2070.0,1.5,14502.0,30378439.2,1
2021-04-05,2021-04-05 13:00:00,2070.0,2100.5,2070.0,2100.5,1.47,14502.0,30378439.2,1
2021-04-05,2021-04-05 14:00:00,2100.5,2131.0,2100.5,2131.0,1.45,14502.0,30378439.2,1
2021-04-05,2021-04-05 15:00:00,2131.0,2185.0,1980.0,2131.0,0.0,14502.0,30378439.2,0
2021-04-06,2021-04-06 11:00:00,2237.0,2290.5,2172.5,2263.75,1.2,11262.2,25811419.6,1
2021-04-06,2021-04-06 12:00:00,2263.75,2290.5,2263.75,2290.5,1.18,11262.2,25811419.6,1
2021-04-06,2021-04-06 13:00:00,2290.5,2317.25,2290.5,2317.25,1.17,11262.2,25811419.6,1
2021-04-06,2021-04-06 14:00:00,2317.25,2344.0,2317.25,2344.0,1.15,11262.2,25811419.6,1
2021-04-06,2021-04-06 15:00:00,2344.0,2344.0,2108.0,2344.0,0.0,11262.2,25811419.6,0
2021-04-07,2021-04-07 11:00:00,2461.0,2519.5,2408.0,2490.25,1.19,11652.4,29705705.6,1
2021-04-07,2021-04-07 12:00:00,2490.25,2519.5,2490.25,2519.5,1.17,11652.4,29705705.6,1
2021-04-07,2021-04-07 13:00:00,2519.5,2548.75,2519.5,2548.75,1.16,11652.4,29705705.6,1
2021-04-07,2021-04-07 14:00:00,2548.75,2578.0,2548.75,2578.0,1.15,11652.4,29705705.6,1
2021-04-07,2021-04-07 15:00:00,2578.0,2578.0,2355.0,2578.0,0.0,11652.4,29705705.6,0
2021-04-08,2021-04-08 11:00:00,2578.0,2689.0,2539.0,2589.75,0.46,16863.0,44882368.8,1
2021-04-08,2021-04-08 12:00:00,2589.75,2601.5,2589.75,2601.5,0.45,16863.0,44882368.8,1
2021-04-08,2021-04-08 13:00:00,2601.5,2613.25,2601.5,2613.25,0.45,16863.0,44882368.8,1
2021-04-08,2021-04-08 14:00:00,2613.25,2625.0,2613.25,2625.0,0.45,16863.0,44882368.8,1
2021-04-08,2021-04-08 15:00:00,2625.0,2800.0,2500.0,2625.0,0.0,16863.0,44882368.8,0
2021-04-12,2021-04-12 11:00:00,2675.0,2675.0,2603.5,2644.25,-1.15,11052.6,28549298.2,-1
2021-04-12,2021-04-12 12:00:00,2644.25,2644.25,2613.5,2613.5,-1.16,11052.6,28549298.2,-1
2021-04-12,2021-04-12 13:00:00,2613.5,2613.5,2582.75,2582.75,-1.18,11052.6,28549298.2,-1
2021-04-12,2021-04-12 14:00:00,2582.75,2582.75,2552.0,2552.0,-1.19,11052.6,28549298.2,-1
2021-04-12,2021-04-12 15:00:00,2552.0,2675.0,2532.0,2552.0,0.0,11052.6,28549298.2,0
2021-04-13,2021-04-13 11:00:00,2550.0,2555.0,2517.5,2533.75,-0.64,8775.6,22047338.0,-1
2021-04-13,2021-04-13 12:00:00,2533.75,2533.75,2517.5,2517.5,-0.64,8775.6,22047338.0,-1
2021-04-13,2021-04-13 13:00:00,2517.5,2517.5,2501.25,2501.25,-0.65,8775.6,22047338.0,-1
2021-04-13,2021-04-13 14:00:00,2501.25,2501.25,2485.0,2485.0,-0.65,8775.6,22047338.0,-1
2021-04-13,2021-04-13 15:00:00,2485.0,2560.0,2485.0,2485.0,0.0,8775.6,22047338.0,0
2021-04-15,2021-04-15 11:00:00,2450.0,2500.0,2427.5,2460.0,0.41,6716.8,16723470.8,1
2021-04-15,2021-04-15 12:00:00,2460.0,2470.0,2460.0,2470.0,0.41,6716.8,16723470.8,1
2021-04-15,2021-04-15 13:00:00,2470.0,2480.0,2470.0,2480.0,0.4,6716.8,16723470.8,1
2021-04-15,2021-04-15 14:00:00,2480.0,2490.0,2480.0,2490.0,0.4,6716.8,16723470.8,1
2021-04-15,2021-04-15 15:00:00,2490.0,2550.0,2405.0,2490.0,0.0,6716.8,16723470.8,0
2021-04-18,2021-04-18 11:00:00,2490.0,2505.0,2449.5,2469.75,-0.81,7714.6,18798490.2,-1
2021-04-18,2021-04-18 12:00:00,2469.75,2469.75,2449.5,2449.5,-0.82,7714.6,18798490.2,-1
2021-04-18,2021-04-18 13:00:00,2449.5,2449.5,2429.25,2429.25,-0.83,7714.6,18798490.2,-1
2021-04-18,2021-04-18 14:00:00,2429.25,2429.25,2409.0,2409.0,-0.83,7714.6,18798490.2,-1
2021-04-18,2021-04-18 15:00:00,2409.0,2520.0,2409.0,2409.0,0.0,7714.6,18798490.2,0
2021-04-19,2021-04-19 11:00:00,2300.0,2314.5,2234.5,2270.0,-1.3,19674.4,43702591.4,-1
2021-04-19,2021-04-19 12:00:00,2270.0,2270.0,2240.0,2240.0,-1.32,19674.4,43702591.4,-1
2021-04-19,2021-04-19 13:00:00,2240.0,2240.0,2210.0,2210.0,-1.34,19674.4,43702591.4,-1
2021-04-19,2021-04-19 14:00:00,2210.0,2210.0,2180.0,2180.0,-1.36,19674.4,43702591.4,-1
2021-04-19,2021-04-19 15:00:00,2180.0,2329.0,2169.0,2180.0,0.0,19674.4,43702591.4,0
2021-04-20,2021-04-20 11:00:00,2071.0,2155.5,2071.0,2102.5,1.52,6892.6,14914040.2,1
2021-04-20,2021-04-20 12:00:00,2102.5,2134.0,2102.5,2134.0,1.5,6892.6,14914040.2,1
2021-04-20,2021-04-20 13:00:00,2134.0,2165.5,2134.0,2165.5,1.48,6892.6,14914040.2,1
2021-04-20,2021-04-20 14:00:00,2165.5,2197.0,2165.5,2197.0,1.45,6892.6,14914040.2,1
2021-04-20,2021-04-20 15:00:00,2197.0,2240.0,2071.0,2197.0,0.0,6892.6,14914040.2,0
2021-04-21,2021-04-21 11:00:00,2196.0,2238.0,2178.0,2193.25,-0.13,3205.4,7085951.0,-1
2021-04-21,2021-04-21 12:00:00,2193.25,2193.25,2190.5,2190.5,-0.13,3205.4,7085951.0,-1
2021-04-21,2021-04-21 13:00:00,2190.5,2190.5,2187.75,2187.75,-0.13,3205.4,7085951.0,-1
2021-04-21,2021-04-21 14:00:00,2187.75,2187.75,2185.0,2185.0,-0.13,3205.4,7085951.0,-1
2021-04-21,2021-04-21 15:00:00,2185.0,2280.0,2160.0,2185.0,0.0,3205.4,7085951.0,0
2021-04-22,2021-04-22 11:00:00,2200.0,2214.0,2161.0,2183.75,-0.74,3411.0,7346413.6,-1
2021-04-22,2021-04-22 12:00:00,2183.75,2183.75,2167.5,2167.5,-0.74,3411.0,7346413.6,-1
2021-04-22,2021-04-22 13:00:00,2167.5,2167.5,2151.25,2151.25,-0.75,3411.0,7346413.6,-1
2021-04-22,2021-04-22 14:00:00,2151.25,2151.25,2135.0,2135.0,-0.76,3411.0,7346413.6,-1
2021-04-22,2021-04-22 15:00:00,2135.0,2228.0,2122.0,2135.0,0.0,3411.0,7346413.6,0
2021-04-25,2021-04-25 11:00:00,2093.0,2093.0,2017.0,2058.5,-1.65,10856.8,21753939.6,-1
2021-04-25,2021-04-25 12:00:00,2058.5,2058.5,2024.0,2024.0,-1.68,10856.8,21753939.6,-1
2021-04-25,2021-04-25 13:00:00,2024.0,2024.0,1989.5,1989.5,-1.7,10856.8,21753939.6,-1
2021-04-25,2021-04-25 14:00:00,1989.5,1989.5,1955.0,1955.0,-1.73,10856.8,21753939.6,-1
2021-04-25,2021-04-25 15:00:00,1955.0,2093.0,1941.0,1955.0,0.0,10856.8,21753939.6,0
2021-04-26,2021-04-26 11:00:00,1936.0,1977.5,1913.0,1933.0,-0.15,6597.6,12848948.2,-1
2021-04-26,2021-04-26 12:00:00,1933.0,1933.0,1930.0,1930.0,-0.16,6597.6,12848948.2,-1
2021-04-26,2021-04-26 13:00:00,1930.0,1930.0,1927.0,1927.0,-0.16,6597.6,12848948.2,-1
2021-04-26,2021-04-26 14:00:00,1927.0,1927.0,1924.0,1924.0,-0.16,6597.6,12848948.2,-1
2021-04-26,2021-04-26 15:00:00,1924.0,2019.0,1890.0,1924.0,0.0,6597.6,12848948.2,0
2021-04-27,2021-04-27 11:00:00,1924.0,1946.5,1910.0,1930.5,0.34,3376.6,6570573.4,1
2021-04-27,2021-04-27 12:00:00,1930.5,1937.0,1930.5,1937.0,0.34,3376.6,6570573.4,1
2021-04-27,2021-04-27 13:00:00,1937.0,1943.5,1937.0,1943.5,0.34,3376.6,6570573.4,1
2021-04-27,2021-04-27 14:00:00,1943.5,1950.0,1943.5,1950.0,0.33,3376.6,6570573.4,1
2021-04-27,2021-04-27 15:00:00,1950.0,1969.0,1896.0,1950.0,0.0,3376.6,6570573.4,0
2021-04-28,2021-04-28 11:00:00,1960.0,1975.0,1935.5,1951.75,-0.42,2708.0,5258961.0,-1
2021-04-28,2021-04-28 12:00:00,1951.75,1951.75,1943.5,1943.5,-0.42,2708.0,5258961.0,-1
2021-04-28,2021-04-28 13:00:00,1943.5,1943.5,1935.25,1935.25,-0.42,2708.0,5258961.0,-1
2021-04-28,2021-04-28 14:00:00,1935.25,1935.25,1927.0,1927.0,-0.43,2708.0,5258961.0,-1
2021-04-28,2021-04-28 15:00:00,1927.0,1990.0,1911.0,1927.0,0.0,2708.0,5258961.0,0
2021-04-29,2021-04-29 11:00:00,1927.0,1935.0,1910.5,1920.75,-0.32,3820.8,7298972.4,-1
2021-04-29,2021-04-29 12:00:00,1920.75,1920.75,1914.5,1914.5,-0.33,3820.8,7298972.4,-1
2021-04-29,2021-04-29 13:00:00,1914.5,1914.5,1908.25,1908.25,-0.33,3820.8,7298972.4,-1
2021-04-29,2021-04-29 14:00:00,1908.25,1908.25,1902.0,1902.0,-0.33,3820.8,7298972.4,-1
2021-04-29,2021-04-29 15:00:00,1902.0,1943.0,1894.0,1902.0,0.0,3820.8,7298972.4,0
2021-05-02,2021-05-02 11:00:00,1893.0,1979.5,1858.5,1916.25,1.23,9731.8,18379682.2,1
2021-05-02,2021-05-02 12:00:00,1916.25,1939.5,1916.25,1939.5,1.21,9731.8,18379682.2,1
2021-05-02,2021-05-02 13:00:00,1939.5,1962.75,1939.5,1962.75,1.2,9731.8,18379682.2,1
2021-05-02,2021-05-02 14:00:00,1962.75,1986.0,1962.75,1986.0,1.18,9731.8,18379682.2,1
2021-05-02,2021-05-02 15:00:00,1986.0,2066.0,1824.0,1986.0,0.0,9731.8,18379682.2,0
2021-05-03,2021-05-03 11:00:00,1900.0,1975.0,1900.0,1917.25,0.91,3837.8,7678908.2,1
2021-05-03,2021-05-03 12:00:00,1917.25,1934.5,1917.25,1934.5,0.9,3837.8,7678908.2,1
2021-05-03,2021-05-03 13:00:00,1934.5,1951.75,1934.5,1951.75,0.89,3837.8,7678908.2,1
2021-05-03,2021-05-03 14:00:00,1951.75,1969.0,1951.75,1969.0,0.88,3837.8,7678908.2,1
2021-05-03,2021-05-03 15:00:00,1969.0,2050.0,1900.0,1969.0,0.0,3837.8,7678908.2,0
2021-05-04,2021-05-04 11:00:00,1950.0,1975.0,1935.0,1945.0,-0.26,3409.6,6638799.2,-1
2021-05-04,2021-05-04 12:00:00,1945.0,1945.0,1940.0,1940.0,-0.26,3409.6,6638799.2,-1
2021-05-04,2021-05-04 13:00:00,1940.0,1940.0,1935.0,1935.0,-0.26,3409.6,6638799.2,-1
2021-05-04,2021-05-04 14:00:00,1935.0,1935.0,1930.0,1930.0,-0.26,3409.6,6638799.2,-1
2021-05-04,2021-05-04 15:00:00,1930.0,2000.0,1920.0,1930.0,0.0,3409.6,6638799.2,0
2021-05-05,2021-05-05 11:00:00,1911.0,1930.0,1904.5,1907.75,-0.17,3562.4,6822255.2,-1
2021-05-05,2021-05-05 12:00:00,1907.75,1907.75,1904.5,1904.5,-0.17,3562.4,6822255.2,-1
2021-05-05,2021-05-05 13:00:00,1904.5,1904.5,1901.25,1901.25,-0.17,3562.4,6822255.2,-1
2021-05-05,2021-05-05 14:00:00,1901.25,1901.25,1898.0,1898.0,-0.17,3562.4,6822255.2,-1
2021-05-05,2021-05-05 15:00:00,1898.0,1949.0,1898.0,1898.0,0.0,3562.4,6822255.2,0
2021-05-06,2021-05-06 11:00:00,1804.0,1867.0,1804.0,1820.75,0.93,3524.0,6634327.0,1
2021-05-06,2021-05-06 12:00:00,1820.75,1837.5,1820.75,1837.5,0.92,3524.0,6634327.0,1
2021-05-06,2021-05-06 13:00:00,1837.5,1854.25,1837.5,1854.25,0.91,3524.0,6634327.0,1
2021-05-06,2021-05-06 14:00:00,1854.25,1871.0,1854.25,1871.0,0.9,3524.0,6634327.0,1
2021-05-06,2021-05-06 15:00:00,1871.0,1930.0,1804.0,1871.0,0.0,3524.0,6634327.0,0
2021-05-09,2021-05-09 11:00:00,1851.0,1860.0,1838.0,1845.75,-0.28,3805.8,6997112.2,-1
2021-05-09,2021-05-09 12:00:00,1845.75,1845.75,1840.5,1840.5,-0.28,3805.8,6997112.2,-1
2021-05-09,2021-05-09 13:00:00,1840.5,1840.5,1835.25,1835.25,-0.29,3805.8,6997112.2,-1
2021-05-09,2021-05-09 14:00:00,1835.25,1835.25,1830.0,1830.0,-0.29,3805.8,6997112.2,-1
2021-05-09,2021-05-09 15:00:00,1830.0,1869.0,1825.0,1830.0,0.0,3805.8,6997112.2,0
2021-05-10,2021-05-10 11:00:00,1803.0,1837.5,1801.5,1813.5,0.58,2862.2,5268300.2,1
2021-05-10,2021-05-10 12:00:00,1813.5,1824.0,1813.5,1824.0,0.58,2862.2,5268300.2,1
2021-05-10,2021-05-10 13:00:00,1824.0,1834.5,1824.0,1834.5,0.58,2862.2,5268300.2,1
2021-05-10,2021-05-10 14:00:00,1834.5,1845.0,1834.5,1845.0,0.57,2862.2,5268300.2,1
2021-05-10,2021-05-10 15:00:00,1845.0,1872.0,1800.0,1845.0,0.0,2862.2,5268300.2,0
2021-05-11,2021-05-11 11:00:00,1856.0,1867.5,1844.0,1856.75,0.04,1822.6,3378946.8,1
2021-05-11,2021-05-11 12:00:00,1856.75,1857.5,1856.75,1857.5,0.04,1822.6,3378946.8,1
2021-05-11,2021-05-11 13:00:00,1857.5,1858.25,1857.5,1858.25,0.04,1822.6,3378946.8,1
2021-05-11,2021-05-11 14:00:00,1858.25,1859.0,1858.25,1859.0,0.04,1822.6,3378946.8,1
2021-05-11,2021-05-11 15:00:00,1859.0,1879.0,1832.0,1859.0,0.0,1822.6,3378946.8,0
2021-05-12,2021-05-12 11:00:00,1859.0,1859.5,1849.5,1856.75,-0.12,1298.4,2397401.4,-1
2021-05-12,2021-05-12 12:00:00,1856.75,1856.75,1854.5,1854.5,-0.12,1298.4,2397401.4,-1
2021-05-12,2021-05-12 13:00:00,1854.5,1854.5,1852.25,1852.25,-0.12,1298.4,2397401.4,-1
2021-05-12,2021-05-12 14:00:00,1852.25,1852.25,1850.0,1850.0,-0.12,1298.4,2397401.4,-1
2021-05-12,2021-05-12 15:00:00,1850.0,1860.0,1840.0,1850.0,0.0,1298.4,2397401.4,0
2021-05-13,2021-05-13 11:00:00,1836.0,1843.0,1827.5,1832.0,-0.22,3650.4,6684945.4,-1
2021-05-13,2021-05-13 12:00:00,1832.0,1832.0,1828.0,1828.0,-0.22,3650.4,6684945.4,-1
2021-05-13,2021-05-13 13:00:00,1828.0,1828.0,1824.0,1824.0,-0.22,3650.4,6684945.4,-1
2021-05-13,2021-05-13 14:00:00,1824.0,1824.0,1820.0,1820.0,-0.22,3650.4,6684945.4,-1
2021-05-13,2021-05-13 15:00:00,1820.0,1850.0,1819.0,1820.0,0.0,3650.4,6684945.4,0
2021-05-16,2021-05-16 11:00:00,1820.0,1835.0,1810.5,1824.5,0.25,3639.4,6612619.2,1
2021-05-16,2021-05-16 12:00:00,1824.5,1829.0,1824.5,1829.0,0.25,3639.4,6612619.2,1
2021-05-16,2021-05-16 13:00:00,1829.0,1833.5,1829.0,1833.5,0.25,3639.4,6612619.2,1
2021-05-16,2021-05-16 14:00:00,1833.5,1838.0,1833.5,1838.0,0.25,3639.4,6612619.2,1
2021-05-16,2021-05-16 15:00:00,1838.0,1850.0,1801.0,1838.0,0.0,3639.4,6612619.2,0
2021-05-17,2021-05-17 11:00:00,1838.0,1847.0,1829.0,1834.75,-0.18,1569.8,2880280.6,-1
2021-05-17,2021-05-17 12:00:00,1834.75,1834.75,1831.5,1831.5,-0.18,1569.8,2880280.6,-1
2021-05-17,2021-05-17 13:00:00,1831.5,1831.5,1828.25,1828.25,-0.18,1569.8,2880280.6,-1
2021-05-17,2021-05-17 14:00:00,1828.25,1828.25,1825.0,1825.0,-0.18,1569.8,2880280.6,-1
2021-05-17,2021-05-17 15:00:00,1825.0,1856.0,1820.0,1825.0,0.0,1569.8,2880280.6,0
2021-05-18,2021-05-18 11:00:00,1850.0,1899.5,1834.5,1858.75,0.47,4344.4,8190243.6,1
2021-05-18,2021-05-18 12:00:00,1858.75,1867.5,1858.75,1867.5,0.47,4344.4,8190243.6,1
2021-05-18,2021-05-18 13:00:00,1867.5,1876.25,1867.5,1876.25,0.47,4344.4,8190243.6,1
2021-05-18,2021-05-18 14:00:00,1876.25,1885.0,1876.25,1885.0,0.47,4344.4,8190243.6,1
2021-05-18,2021-05-18 15:00:00,1885.0,1949.0,1819.0,1885.0,0.0,4344.4,8190243.6,0
2021-05-19,2021-05-19 11:00:00,1855.0,1877.5,1850.0,1853.25,-0.09,1803.0,3364721.0,-1
2021-05-19,2021-05-19 12:00:00,1853.25,1853.25,1851.5,1851.5,-0.09,1803.0,3364721.0,-1
2021-05-19,2021-05-19 13:00:00,1851.5,1851.5,1849.75,1849.75,-0.09,1803.0,3364721.0,-1
2021-05-19,2021-05-19 14:00:00,1849.75,1849.75,1848.0,1848.0,-0.09,1803.0,3364721.0,-1
2021-05-19,2021-05-19 15:00:00,1848.0,1900.0,1845.0,1848.0,0.0,1803.0,3364721.0,0
2021-05-20,2021-05-20 11:00:00,1830.0,1840.0,1822.0,1827.5,-0.14,2946.6,5387559.4,-1
2021-05-20,2021-05-20 12:00:00,1827.5,1827.5,1825.0,1825.0,-0.14,2946.6,5387559.4,-1
2021-05-20,2021-05-20 13:00:00,1825.0,1825.0,1822.5,1822.5,-0.14,2946.6,5387559.4,-1
2021-05-20,2021-05-20 14:00:00,1822.5,1822.5,1820.0,1820.0,-0.14,2946.6,5387559.4,-1
2021-05-20,2021-05-20 15:00:00,1820.0,1850.0,1814.0,1820.0,0.0,2946.6,5387559.4,0
2021-05-23,2021-05-23 11:00:00,1800.0,1824.0,1797.5,1811.25,0.62,3229.6,5887696.0,1
2021-05-23,2021-05-23 12:00:00,1811.25,1822.5,1811.25,1822.5,0.62,3229.6,5887696.0,1
2021-05-23,2021-05-23 13:00:00,1822.5,1833.75,1822.5,1833.75,0.62,3229.6,5887696.0,1
2021-05-23,2021-05-23 14:00:00,1833.75,1845.0,1833.75,1845.0,0.61,3229.6,5887696.0,1
2021-05-23,2021-05-23 15:00:00,1845.0,1848.0,1795.0,1845.0,0.0,3229.6,5887696.0,0
2021-05-24,2021-05-24 11:00:00,1823.0,1836.5,1822.5,1825.0,0.11,3265.2,6011029.6,1
2021-05-24,2021-05-24 12:00:00,1825.0,1827.0,1825.0,1827.0,0.11,3265.2,6011029.6,1
2021-05-24,2021-05-24 13:00:00,1827.0,1829.0,1827.0,1829.0,0.11,3265.2,6011029.6,1
2021-05-24,2021-05-24 14:00:00,1829.0,1831.0,1829.0,1831.0,0.11,3265.2,6011029.6,1
2021-05-24,2021-05-24 15:00:00,1831.0,1850.0,1822.0,1831.0,0.0,3265.2,6011029.6,0
2021-05-25,2021-05-25 11:00:00,1835.0,1842.0,1823.5,1830.25,-0.26,2209.0,4025565.6,-1
2021-05-25,2021-05-25 12:00:00,1830.25,1830.25,1825.5,1825.5,-0.26,2209.0,4025565.6,-1
2021-05-25,2021-05-25 13:00:00,1825.5,1825.5,1820.75,1820.75,-0.26,2209.0,4025565.6,-1
2021-05-25,2021-05-25 14:00:00,1820.75,1820.75,1816.0,1816.0,-0.26,2209.0,4025565.6,-1
2021-05-25,2021-05-25 15:00:00,1816.0,1849.0,1812.0,1816.0,0.0,2209.0,4025565.6,0
2021-05-27,2021-05-27 11:00:00,1816.0,1817.5,1803.0,1810.75,-0.29,3353.0,6038451.4,-1
2021-05-27,2021-05-27 12:00:00,1810.75,1810.75,1805.5,1805.5,-0.29,3353.0,6038451.4,-1
2021-05-27,2021-05-27 13:00:00,1805.5,1805.5,1800.25,1800.25,-0.29,3353.0,6038451.4,-1
2021-05-27,2021-05-27 14:00:00,1800.25,1800.25,1795.0,1795.0,-0.29,3353.0,6038451.4,-1
2021-05-27,2021-05-27 15:00:00,1795.0,1819.0,1790.0,1795.0,0.0,3353.0,6038451.4,0
2021-05-30,2021-05-30 11:00:00,1815.0,1817.5,1790.0,1805.75,-0.51,4851.6,8664337.4,-1
2021-05-30,2021-05-30 12:00:00,1805.75,1805.75,1796.5,1796.5,-0.51,4851.6,8664337.4,-1
2021-05-30,2021-05-30 13:00:00,1796.5,1796.5,1787.25,1787.25,-0.51,4851.6,8664337.4,-1
2021-05-30,2021-05-30 14:00:00,1787.25,1787.25,1778.0,1778.0,-0.52,4851.6,8664337.4,-1
2021-05-30,2021-05-30 15:00:00,1778.0,1820.0,1765.0,1778.0,0.0,4851.6,8664337.4,0
2021-05-31,2021-05-31 11:00:00,1771.0,1785.5,1759.5,1765.5,-0.31,5285.4,9325061.8,-1
2021-05-31,2021-05-31 12:00:00,1765.5,1765.5,1760.0,1760.0,-0.31,5285.4,9325061.8,-1
2021-05-31,2021-05-31 13:00:00,1760.0,1760.0,1754.5,1754.5,-0.31,5285.4,9325061.8,-1
2021-05-31,2021-05-31 14:00:00,1754.5,1754.5,1749.0,1749.0,-0.31,5285.4,9325061.8,-1
2021-05-31,2021-05-31 15:00:00,1749.0,1800.0,1748.0,1749.0,0.0,5285.4,9325061.8,0
2021-06-01,2021-06-01 11:00:00,1740.0,1745.0,1720.0,1732.25,-0.45,4288.4,7353814.0,-1
2021-06-01,2021-06-01 12:00:00,1732.25,1732.25,1724.5,1724.5,-0.45,4288.4,7353814.0,-1
2021-06-01,2021-06-01 13:00:00,1724.5,1724.5,1716.75,1716.75,-0.45,4288.4,7353814.0,-1
2021-06-01,2021-06-01 14:00:00,1716.75,1716.75,1709.0,1709.0,-0.45,4288.4,7353814.0,-1
2021-06-01,2021-06-01 15:00:00,1709.0,1750.0,1700.0,1709.0,0.0,4288.4,7353814.0,0
2021-06-02,2021-06-02 11:00:00,1742.0,1794.5,1713.5,1749.25,0.42,4594.2,7943115.2,1
2021-06-02,2021-06-02 12:00:00,1749.25,1756.5,1749.25,1756.5,0.41,4594.2,7943115.2,1
2021-06-02,2021-06-02 13:00:00,1756.5,1763.75,1756.5,1763.75,0.41,4594.2,7943115.2,1
2021-06-02,2021-06-02 14:00:00,1763.75,1771.0,1763.75,1771.0,0.41,4594.2,7943115.2,1
2021-06-02,2021-06-02 15:00:00,1771.0,1847.0,1685.0,1771.0,0.0,4594.2,7943115.2,0
2021-06-03,2021-06-03 11:00:00,1800.0,1853.5,1786.0,1813.75,0.76,8224.2,15338309.2,1
2021-06-03,2021-06-03 12:00:00,1813.75,1827.5,1813.75,1827.5,0.76,8224.2,15338309.2,1
2021-06-03,2021-06-03 13:00:00,1827.5,1841.25,1827.5,1841.25,0.75,8224.2,15338309.2,1
2021-06-03,2021-06-03 14:00:00,1841.25,1855.0,1841.25,1855.0,0.75,8224.2,15338309.2,1
2021-06-03,2021-06-03 15:00:00,1855.0,1907.0,1772.0,1855.0,0.0,8224.2,15338309.2,0
2021-06-06,2021-06-06 11:00:00,1870.0,1902.5,1862.5,1867.0,-0.16,7330.8,13893008.4,-1
2021-06-06,2021-06-06 12:00:00,1867.0,1867.0,1864.0,1864.0,-0.16,7330.8,13893008.4,-1
2021-06-06,2021-06-06 13:00:00,1864.0,1864.0,1861.0,1861.0,-0.16,7330.8,13893008.4,-1
2021-06-06,2021-06-06 14:00:00,1861.0,1861.0,1858.0,1858.0,-0.16,7330.8,13893008.4,-1
2021-06-06,2021-06-06 15:00:00,1858.0,1935.0,1855.0,1858.0,0.0,7330.8,13893008.4,0
2021-06-07,2021-06-07 11:00:00,1845.0,1851.5,1828.5,1839.25,-0.31,2079.0,3808597.0,-1
2021-06-07,2021-06-07 12:00:00,1839.25,1839.25,1833.5,1833.5,-0.31,2079.0,3808597.0,-1
2021-06-07,2021-06-07 13:00:00,1833.5,1833.5,1827.75,1827.75,-0.31,2079.0,3808597.0,-1
2021-06-07,2021-06-07 14:00:00,1827.75,1827.75,1822.0,1822.0,-0.31,2079.0,3808597.0,-1
2021-06-07,2021-06-07 15:00:00,1822.0,1858.0,1812.0,1822.0,0.0,2079.0,3808597.0,0
2021-06-08,2021-06-08 11:00:00,1801.0,1828.0,1800.5,1802.5,0.08,3594.8,6536149.4,1
2021-06-08,2021-06-08 12:00:00,1802.5,1804.0,1802.5,1804.0,0.08,3594.8,6536149.4,1
2021-06-08,2021-06-08 13:00:00,1804.0,1805.5,1804.0,1805.5,0.08,3594.8,6536149.4,1
2021-06-08,2021-06-08 14:00:00,1805.5,1807.0,1805.5,1807.0,0.08,3594.8,6536149.4,1
2021-06-08,2021-06-08 15:00:00,1807.0,1855.0,1800.0,1807.0,0.0,3594.8,6536149.4,0
2021-06-09,2021-06-09 11:00:00,1819.0,1819.5,1792.5,1809.25,-0.54,3190.0,5710567.0,-1
2021-06-09,2021-06-09 12:00:00,1809.25,1809.25,1799.5,1799.5,-0.54,3190.0,5710567.0,-1
2021-06-09,2021-06-09 13:00:00,1799.5,1799.5,1789.75,1789.75,-0.54,3190.0,5710567.0,-1
2021-06-09,2021-06-09 14:00:00,1789.75,1789.75,1780.0,1780.0,-0.54,3190.0,5710567.0,-1
2021-06-09,2021-06-09 15:00:00,1780.0,1820.0,1766.0,1780.0,0.0,3190.0,5710567.0,0
2021-06-10,2021-06-10 11:00:00,1780.0,1794.5,1765.5,1778.5,-0.08,1497.6,2677195.8,-1
2021-06-10,2021-06-10 12:00:00,1778.5,1778.5,1777.0,1777.0,-0.08,1497.6,2677195.8,-1
2021-06-10,2021-06-10 13:00:00,1777.0,1777.0,1775.5,1775.5,-0.08,1497.6,2677195.8,-1
2021-06-10,2021-06-10 14:00:00,1775.5,1775.5,1774.0,1774.0,-0.08,1497.6,2677195.8,-1
2021-06-10,2021-06-10 15:00:00,1774.0,1809.0,1751.0,1774.0,0.0,1497.6,2677195.8,0
2021-06-13,2021-06-13 11:00:00,1751.0,1773.0,1751.0,1754.75,0.21,4569.6,8104947.4,1
2021-06-13,2021-06-13 12:00:00,1754.75,1758.5,1754.75,1758.5,0.21,4569.6,8104947.4,1
2021-06-13,2021-06-13 13:00:00,1758.5,1762.25,1758.5,1762.25,0.21,4569.6,8104947.4,1
2021-06-13,2021-06-13 14:00:00,1762.25,1766.0,1762.25,1766.0,0.21,4569.6,8104947.4,1
2021-06-13,2021-06-13 15:00:00,1766.0,1795.0,1751.0,1766.0,0.0,4569.6,8104947.4,0
2021-06-14,2021-06-14 11:00:00,1830.0,1830.0,1780.0,1805.25,-1.35,3068.6,5355786.4,-1
2021-06-14,2021-06-14 12:00:00,1805.25,1805.25,1780.5,1780.5,-1.37,3068.6,5355786.4,-1
2021-06-14,2021-06-14 13:00:00,1780.5,1780.5,1755.75,1755.75,-1.39,3068.6,5355786.4,-1
2021-06-14,2021-06-14 14:00:00,1755.75,1755.75,1731.0,1731.0,-1.41,3068.6,5355786.4,-1
2021-06-14,2021-06-14 15:00:00,1731.0,1830.0,1730.0,1731.0,0.0,3068.6,5355786.4,0
2021-06-15,2021-06-15 11:00:00,1817.0,1817.0,1751.0,1793.25,-1.31,7139.0,12201250.4,-1
2021-06-15,2021-06-15 12:00:00,1793.25,1793.25,1769.5,1769.5,-1.32,7139.0,12201250.4,-1
2021-06-15,2021-06-15 13:00:00,1769.5,1769.5,1745.75,1745.75,-1.34,7139.0,12201250.4,-1
2021-06-15,2021-06-15 14:00:00,1745.75,1745.75,1722.0,1722.0,-1.36,7139.0,12201250.4,-1
2021-06-15,2021-06-15 15:00:00,1722.0,1817.0,1685.0,1722.0,0.0,7139.0,12201250.4,0
2021-06-16,2021-06-16 11:00:00,1700.0,1711.0,1691.0,1696.5,-0.21,3127.6,5301054.8,-1
2021-06-16,2021-06-16 12:00:00,1696.5,1696.5,1693.0,1693.0,-0.21,3127.6,5301054.8,-1
2021-06-16,2021-06-16 13:00:00,1693.0,1693.0,1689.5,1689.5,-0.21,3127.6,5301054.8,-1
2021-06-16,2021-06-16 14:00:00,1689.5,1689.5,1686.0,1686.0,-0.21,3127.6,5301054.8,-1
2021-06-16,2021-06-16 15:00:00,1686.0,1722.0,1682.0,1686.0,0.0,3127.6,5301054.8,0
2021-06-17,2021-06-17 11:00:00,1690.0,1690.0,1667.5,1680.5,-0.56,2938.2,4885914.8,-1
2021-06-17,2021-06-17 12:00:00,1680.5,1680.5,1671.0,1671.0,-0.57,2938.2,4885914.8,-1
2021-06-17,2021-06-17 13:00:00,1671.0,1671.0,1661.5,1661.5,-0.57,2938.2,4885914.8,-1
2021-06-17,2021-06-17 14:00:00,1661.5,1661.5,1652.0,1652.0,-0.57,2938.2,4885914.8,-1
2021-06-17,2021-06-17 15:00:00,1652.0,1690.0,1645.0,1652.0,0.0,2938.2,4885914.8,0
2021-06-20,2021-06-20 11:00:00,1652.0,1668.5,1623.5,1645.0,-0.42,3829.4,6179524.4,-1
2021-06-20,2021-06-20 12:00:00,1645.0,1645.0,1638.0,1638.0,-0.43,3829.4,6179524.4,-1
2021-06-20,2021-06-20 13:00:00,1638.0,1638.0,1631.0,1631.0,-0.43,3829.4,6179524.4,-1
2021-06-20,2021-06-20 14:00:00,1631.0,1631.0,1624.0,1624.0,-0.43,3829.4,6179524.4,-1
2021-06-20,2021-06-20 15:00:00,1624.0,1685.0,1595.0,1624.0,0.0,3829.4,6179524.4,0
2021-06-21,2021-06-21 11:00:00,1620.0,1620.0,1595.0,1607.75,-0.76,2352.6,3744940.4,-1
2021-06-21,2021-06-21 12:00:00,1607.75,1607.75,1595.5,1595.5,-0.76,2352.6,3744940.4,-1
2021-06-21,2021-06-21 13:00:00,1595.5,1595.5,1583.25,1583.25,-0.77,2352.6,3744940.4,-1
2021-06-21,2021-06-21 14:00:00,1583.25,1583.25,1571.0,1571.0,-0.77,2352.6,3744940.4,-1
2021-06-21,2021-06-21 15:00:00,1571.0,1620.0,1570.0,1571.0,0.0,2352.6,3744940.4,0
2021-06-22,2021-06-22 11:00:00,1575.0,1594.5,1562.5,1576.25,0.08,2134.6,3387580.8,1
2021-06-22,2021-06-22 12:00:00,1576.25,1577.5,1576.25,1577.5,0.08,2134.6,3387580.8,1
2021-06-22,2021-06-22 13:00:00,1577.5,1578.75,1577.5,1578.75,0.08,2134.6,3387580.8,1
2021-06-22,2021-06-22 14:00:00,1578.75,1580.0,1578.75,1580.0,0.08,2134.6,3387580.8,1
2021-06-22,2021-06-22 15:00:00,1580.0,1614.0,1550.0,1580.0,0.0,2134.6,3387580.8,0
2021-06-23,2021-06-23 11:00:00,1580.0,1610.0,1565.0,1575.0,-0.32,1503.8,2376481.2,-1
2021-06-23,2021-06-23 12:00:00,1575.0,1575.0,1570.0,1570.0,-0.32,1503.8,2376481.2,-1
2021-06-23,2021-06-23 13:00:00,1570.0,1570.0,1565.0,1565.0,-0.32,1503.8,2376481.2,-1
2021-06-23,2021-06-23 14:00:00,1565.0,1565.0,1560.0,1560.0,-0.32,1503.8,2376481.2,-1
2021-06-23,2021-06-23 15:00:00,1560.0,1640.0,1550.0,1560.0,0.0,1503.8,2376481.2,0
2021-06-24,2021-06-24 11:00:00,1560.0,1590.0,1550.0,1565.0,0.32,2481.8,3918070.4,1
2021-06-24,2021-06-24 12:00:00,1565.0,1570.0,1565.0,1570.0,0.32,2481.8,3918070.4,1
2021-06-24,2021-06-24 13:00:00,1570.0,1575.0,1570.0,1575.0,0.32,2481.8,3918070.4,1
2021-06-24,2021-06-24 14:00:00,1575.0,1580.0,1575.0,1580.0,0.32,2481.8,3918070.4,1
2021-06-24,2021-06-24 15:00:00,1580.0,1620.0,1540.0,1580.0,0.0,2481.8,3918070.4,0
2021-06-27,2021-06-27 11:00:00,1610.0,1610.5,1582.5,1598.5,-0.71,1575.4,2471568.6,-1
2021-06-27,2021-06-27 12:00:00,1598.5,1598.5,1587.0,1587.0,-0.72,1575.4,2471568.6,-1
2021-06-27,2021-06-27 13:00:00,1587.0,1587.0,1575.5,1575.5,-0.72,1575.4,2471568.6,-1
2021-06-27,2021-06-27 14:00:00,1575.5,1575.5,1564.0,1564.0,-0.73,1575.4,2471568.6,-1
2021-06-27,2021-06-27 15:00:00,1564.0,1611.0,1555.0,1564.0,0.0,1575.4,2471568.6,0
2021-06-28,2021-06-28 11:00:00,1595.0,1606.5,1572.5,1588.75,-0.39,1097.6,1735299.4,-1
2021-06-28,2021-06-28 12:00:00,1588.75,1588.75,1582.5,1582.5,-0.39,1097.6,1735299.4,-1
2021-06-28,2021-06-28 13:00:00,1582.5,1582.5,1576.25,1576.25,-0.39,1097.6,1735299.4,-1
2021-06-28,2021-06-28 14:00:00,1576.25,1576.25,1570.0,1570.0,-0.4,1097.6,1735299.4,-1
2021-06-28,2021-06-28 15:00:00,1570.0,1618.0,1550.0,1570.0,0.0,1097.6,1735299.4,0
2021-06-29,2021-06-29 11:00:00,1580.0,1580.0,1559.0,1572.5,-0.47,1640.4,2546368.6,-1
2021-06-29,2021-06-29 12:00:00,1572.5,1572.5,1565.0,1565.0,-0.48,1640.4,2546368.6,-1
2021-06-29,2021-06-29 13:00:00,1565.0,1565.0,1557.5,1557.5,-0.48,1640.4,2546368.6,-1
2021-06-29,2021-06-29 14:00:00,1557.5,1557.5,1550.0,1550.0,-0.48,1640.4,2546368.6,-1
2021-06-29,2021-06-29 15:00:00,1550.0,1580.0,1538.0,1550.0,0.0,1640.4,2546368.6,0
2021-06-30,2021-06-30 11:00:00,1530.0,1545.0,1527.0,1531.25,0.08,929.0,1430574.0,1
2021-06-30,2021-06-30 12:00:00,1531.25,1532.5,1531.25,1532.5,0.08,929.0,1430574.0,1
2021-06-30,2021-06-30 13:00:00,1532.5,1533.75,1532.5,1533.75,0.08,929.0,1430574.0,1
2021-06-30,2021-06-30 14:00:00,1533.75,1535.0,1533.75,1535.0,0.08,929.0,1430574.0,1
2021-06-30,2021-06-30 15:00:00,1535.0,1560.0,1524.0,1535.0,0.0,929.0,1430574.0,0
2021-07-01,2021-07-01 11:00:00,1537.0,1548.5,1533.5,1535.25,-0.11,968.6,1493457.4,-1
2021-07-01,2021-07-01 12:00:00,1535.25,1535.25,1533.5,1533.5,-0.11,968.6,1493457.4,-1
2021-07-01,2021-07-01 13:00:00,1533.5,1533.5,1531.75,1531.75,-0.11,968.6,1493457.4,-1
2021-07-01,2021-07-01 14:00:00,1531.75,1531.75,1530.0,1530.0,-0.11,968.6,1493457.4,-1
2021-07-01,2021-07-01 15:00:00,1530.0,1560.0,1530.0,1530.0,0.0,968.6,1493457.4,0
2021-07-04,2021-07-04 11:00:00,1506.0,1560.5,1506.0,1520.0,0.93,2650.2,4182166.8,1
2021-07-04,2021-07-04 12:00:00,1520.0,1534.0,1520.0,1534.0,0.92,2650.2,4182166.8,1
2021-07-04,2021-07-04 13:00:00,1534.0,1548.0,1534.0,1548.0,0.91,2650.2,4182166.8,1
2021-07-04,2021-07-04 14:00:00,1548.0,1562.0,1548.0,1562.0,0.9,2650.2,4182166.8,1
2021-07-04,2021-07-04 15:00:00,1562.0,1615.0,1506.0,1562.0,0.0,2650.2,4182166.8,0
2021-07-05,2021-07-05 11:00:00,1560.0,1570.0,1555.0,1559.0,-0.06,677.2,1058401.8,-1
2021-07-05,2021-07-05 12:00:00,1559.0,1559.0,1558.0,1558.0,-0.06,677.2,1058401.8,-1
2021-07-05,2021-07-05 13:00:00,1558.0,1558.0,1557.0,1557.0,-0.06,677.2,1058401.8,-1
2021-07-05,2021-07-05 14:00:00,1557.0,1557.0,1556.0,1556.0,-0.06,677.2,1058401.8,-1
2021-07-05,2021-07-05 15:00:00,1556.0,1580.0,1550.0,1556.0,0.0,677.2,1058401.8,0
2021-07-06,2021-07-06 11:00:00,1535.0,1550.0,1530.0,1537.5,0.16,704.0,1085597.8,1
2021-07-06,2021-07-06 12:00:00,1537.5,1540.0,1537.5,1540.0,0.16,704.0,1085597.8,1
2021-07-06,2021-07-06 13:00:00,1540.0,1542.5,1540.0,1542.5,0.16,704.0,1085597.8,1
2021-07-06,2021-07-06 14:00:00,1542.5,1545.0,1542.5,1545.0,0.16,704.0,1085597.8,1
2021-07-06,2021-07-06 15:00:00,1545.0,1565.0,1525.0,1545.0,0.0,704.0,1085597.8,0
2021-07-07,2021-07-07 11:00:00,1523.0,1531.5,1516.5,1520.75,-0.15,946.2,1442504.0,-1
2021-07-07,2021-07-07 12:00:00,1520.75,1520.75,1518.5,1518.5,-0.15,946.2,1442504.0,-1
2021-07-07,2021-07-07 13:00:00,1518.5,1518.5,1516.25,1516.25,-0.15,946.2,1442504.0,-1
2021-07-07,2021-07-07 14:00:00,1516.25,1516.25,1514.0,1514.0,-0.15,946.2,1442504.0,-1
2021-07-07,2021-07-07 15:00:00,1514.0,1540.0,1510.0,1514.0,0.0,946.2,1442504.0,0
2021-07-08,2021-07-08 11:00:00,1505.0,1515.0,1502.5,1509.5,0.3,1364.4,2063633.6,1
2021-07-08,2021-07-08 12:00:00,1509.5,1514.0,1509.5,1514.0,0.3,1364.4,2063633.6,1
2021-07-08,2021-07-08 13:00:00,1514.0,1518.5,1514.0,1518.5,0.3,1364.4,2063633.6,1
2021-07-08,2021-07-08 14:00:00,1518.5,1523.0,1518.5,1523.0,0.3,1364.4,2063633.6,1
2021-07-08,2021-07-08 15:00:00,1523.0,1525.0,1500.0,1523.0,0.0,1364.4,2063633.6,0
2021-07-11,2021-07-11 11:00:00,1523.0,1553.5,1518.0,1529.75,0.44,1099.0,1694602.6,1
2021-07-11,2021-07-11 12:00:00,1529.75,1536.5,1529.75,1536.5,0.44,1099.0,1694602.6,1
2021-07-11,2021-07-11 13:00:00,1536.5,1543.25,1536.5,1543.25,0.44,1099.0,1694602.6,1
2021-07-11,2021-07-11 14:00:00,1543.25,1550.0,1543.25,1550.0,0.44,1099.0,1694602.6,1
2021-07-11,2021-07-11 15:00:00,1550.0,1584.0,1513.0,1550.0,0.0,1099.0,1694602.6,0
2021-07-12,2021-07-12 11:00:00,1550.0,1564.0,1530.5,1543.25,-0.44,988.0,1514192.0,-1
2021-07-12,2021-07-12 12:00:00,1543.25,1543.25,1536.5,1536.5,-0.44,988.0,1514192.0,-1
2021-07-12,2021-07-12 13:00:00,1536.5,1536.5,1529.75,1529.75,-0.44,988.0,1514192.0,-1
2021-07-12,2021-07-12 14:00:00,1529.75,1529.75,1523.0,1523.0,-0.44,988.0,1514192.0,-1
2021-07-12,2021-07-12 15:00:00,1523.0,1578.0,1511.0,1523.0,0.0,988.0,1514192.0,0
2021-07-13,2021-07-13 11:00:00,1529.0,1537.0,1521.0,1526.0,-0.2,743.4,1131443.8,-1
2021-07-13,2021-07-13 12:00:00,1526.0,1526.0,1523.0,1523.0,-0.2,743.4,1131443.8,-1
2021-07-13,2021-07-13 13:00:00,1523.0,1523.0,1520.0,1520.0,-0.2,743.4,1131443.8,-1
2021-07-13,2021-07-13 14:00:00,1520.0,1520.0,1517.0,1517.0,-0.2,743.4,1131443.8,-1
2021-07-13,2021-07-13 15:00:00,1517.0,1545.0,1513.0,1517.0,0.0,743.4,1131443.8,0
2021-07-14,2021-07-14 11:00:00,1518.0,1519.5,1510.5,1517.25,-0.05,765.2,1156165.6,-1
2021-07-14,2021-07-14 12:00:00,1517.25,1517.25,1516.5,1516.5,-0.05,765.2,1156165.6,-1
2021-07-14,2021-07-14 13:00:00,1516.5,1516.5,1515.75,1515.75,-0.05,765.2,1156165.6,-1
2021-07-14,2021-07-14 14:00:00,1515.75,1515.75,1515.0,1515.0,-0.05,765.2,1156165.6,-1
2021-07-14,2021-07-14 15:00:00,1515.0,1521.0,1503.0,1515.0,0.0,765.2,1156165.6,0
2021-07-15,2021-07-15 11:00:00,1515.0,1530.0,1509.0,1512.5,-0.17,887.2,1348086.0,-1
2021-07-15,2021-07-15 12:00:00,1512.5,1512.5,1510.0,1510.0,-0.17,887.2,1348086.0,-1
2021-07-15,2021-07-15 13:00:00,1510.0,1510.0,1507.5,1507.5,-0.17,887.2,1348086.0,-1
2021-07-15,2021-07-15 14:00:00,1507.5,1507.5,1505.0,1505.0,-0.17,887.2,1348086.0,-1
2021-07-15,2021-07-15 15:00:00,1505.0,1545.0,1503.0,1505.0,0.0,887.2,1348086.0,0
2021-07-18,2021-07-18 11:00:00,1505.0,1522.5,1503.0,1505.75,0.05,1859.8,2817936.4,1
2021-07-18,2021-07-18 12:00:00,1505.75,1506.5,1505.75,1506.5,0.05,1859.8,2817936.4,1
2021-07-18,2021-07-18 13:00:00,1506.5,1507.25,1506.5,1507.25,0.05,1859.8,2817936.4,1
2021-07-18,2021-07-18 14:00:00,1507.25,1508.0,1507.25,1508.0,0.05,1859.8,2817936.4,1
2021-07-18,2021-07-18 15:00:00,1508.0,1540.0,1501.0,1508.0,0.0,1859.8,2817936.4,0
2021-07-19,2021-07-19 11:00:00,1510.0,1525.0,1510.0,1512.5,0.17,1429.0,2171023.7,1
2021-07-19,2021-07-19 12:00:00,1512.5,1515.0,1512.5,1515.0,0.17,1429.0,2171023.7,1
2021-07-19,2021-07-19 13:00:00,1515.0,1517.5,1515.0,1517.5,0.17,1429.0,2171023.7,1
2021-07-19,2021-07-19 14:00:00,1517.5,1520.0,1517.5,1520.0,0.16,1429.0,2171023.7,1
2021-07-19,2021-07-19 15:00:00,1520.0,1540.0,1510.0,1520.0,0.0,1429.0,2171023.7,0
2021-07-20,2021-07-20 11:00:00,1550.0,1550.0,1527.5,1542.0,-0.52,906.8,1375906.0,-1
2021-07-20,2021-07-20 12:00:00,1542.0,1542.0,1534.0,1534.0,-0.52,906.8,1375906.0,-1
2021-07-20,2021-07-20 13:00:00,1534.0,1534.0,1526.0,1526.0,-0.52,906.8,1375906.0,-1
2021-07-20,2021-07-20 14:00:00,1526.0,1526.0,1518.0,1518.0,-0.52,906.8,1375906.0,-1
2021-07-20,2021-07-20 15:00:00,1518.0,1550.0,1505.0,1518.0,0.0,906.8,1375906.0,0
2021-07-22,2021-07-22 11:00:00,1515.0,1520.0,1510.0,1513.5,-0.1,1811.4,2740984.8,-1
2021-07-22,2021-07-22 12:00:00,1513.5,1513.5,1512.0,1512.0,-0.1,1811.4,2740984.8,-1
2021-07-22,2021-07-22 13:00:00,1512.0,1512.0,1510.5,1510.5,-0.1,1811.4,2740984.8,-1
2021-07-22,2021-07-22 14:00:00,1510.5,1510.5,1509.0,1509.0,-0.1,1811.4,2740984.8,-1
2021-07-22,2021-07-22 15:00:00,1509.0,1525.0,1505.0,1509.0,0.0,1811.4,2740984.8,0
2021-07-25,2021-07-25 11:00:00,1509.0,1512.0,1495.5,1505.5,-0.23,3105.4,4643110.2,-1
2021-07-25,2021-07-25 12:00:00,1505.5,1505.5,1502.0,1502.0,-0.23,3105.4,4643110.2,-1
2021-07-25,2021-07-25 13:00:00,1502.0,1502.0,1498.5,1498.5,-0.23,3105.4,4643110.2,-1
2021-07-25,2021-07-25 14:00:00,1498.5,1498.5,1495.0,1495.0,-0.23,3105.4,4643110.2,-1
2021-07-25,2021-07-25 15:00:00,1495.0,1515.0,1482.0,1495.0,0.0,3105.4,4643110.2,0
2021-07-26,2021-07-26 11:00:00,1485.0,1492.5,1480.5,1487.5,0.17,3084.0,4596278.84,1
2021-07-26,2021-07-26 12:00:00,1487.5,1490.0,1487.5,1490.0,0.17,3084.0,4596278.84,1
2021-07-26,2021-07-26 13:00:00,1490.0,1492.5,1490.0,1492.5,0.17,3084.0,4596278.84,1
2021-07-26,2021-07-26 14:00:00,1492.5,1495.0,1492.5,1495.0,0.17,3084.0,4596278.84,1
2021-07-26,2021-07-26 15:00:00,1495.0,1500.0,1476.0,1495.0,0.0,3084.0,4596278.84,0
2021-07-27,2021-07-27 11:00:00,1495.0,1504.5,1485.5,1493.5,-0.1,2164.8,3224497.94,-1
2021-07-27,2021-07-27 12:00:00,1493.5,1493.5,1492.0,1492.0,-0.1,2164.8,3224497.94,-1
2021-07-27,2021-07-27 13:00:00,1492.0,1492.0,1490.5,1490.5,-0.1,2164.8,3224497.94,-1
2021-07-27,2021-07-27 14:00:00,1490.5,1490.5,1489.0,1489.0,-0.1,2164.8,3224497.94,-1
2021-07-27,2021-07-27 15:00:00,1489.0,1514.0,1476.0,1489.0,0.0,2164.8,3224497.94,0
2021-07-28,2021-07-28 11:00:00,1482.5,1560.2,1481.25,1521.35,2.62,5427.2,8601631.86,1
2021-07-28,2021-07-28 12:00:00,1521.35,1560.2,1521.35,1560.2,2.55,5427.2,8601631.86,1
2021-07-28,2021-07-28 13:00:00,1560.2,1599.05,1560.2,1599.05,2.49,5427.2,8601631.86,1
2021-07-28,2021-07-28 14:00:00,1599.05,1637.9,1599.05,1637.9,2.43,5427.2,8601631.86,1
2021-07-28,2021-07-28 15:00:00,1637.9,1637.9,1480.0,1637.9,0.0,5427.2,8601631.86,0
2021-07-29,2021-07-29 11:00:00,1670.0,1730.0,1670.0,1686.75,1.0,8974.6,15656228.74,1
2021-07-29,2021-07-29 12:00:00,1686.75,1703.5,1686.75,1703.5,0.99,8974.6,15656228.74,1
2021-07-29,2021-07-29 13:00:00,1703.5,1720.25,1703.5,1720.25,0.98,8974.6,15656228.74,1
2021-07-29,2021-07-29 14:00:00,1720.25,1737.0,1720.25,1737.0,0.97,8974.6,15656228.74,1
2021-07-29,2021-07-29 15:00:00,1737.0,1790.0,1670.0,1737.0,0.0,8974.6,15656228.74,0
2021-08-01,2021-08-01 11:00:00,1740.5,1740.75,1697.75,1722.88,-1.01,3395.2,5694663.46,-1
2021-08-01,2021-08-01 12:00:00,1722.88,1722.88,1705.25,1705.25,-1.02,3395.2,5694663.46,-1
2021-08-01,2021-08-01 13:00:00,1705.25,1705.25,1687.62,1687.62,-1.03,3395.2,5694663.46,-1
2021-08-01,2021-08-01 14:00:00,1687.62,1687.62,1670.0,1670.0,-1.04,3395.2,5694663.46,-1
2021-08-01,2021-08-01 15:00:00,1670.0,1741.0,1655.0,1670.0,0.0,3395.2,5694663.46,0
2021-08-02,2021-08-02 11:00:00,1700.0,1700.0,1655.0,1677.5,-1.32,3015.8,4898067.06,-1
2021-08-02,2021-08-02 12:00:00,1677.5,1677.5,1655.0,1655.0,-1.34,3015.8,4898067.06,-1
2021-08-02,2021-08-02 13:00:00,1655.0,1655.0,1632.5,1632.5,-1.36,3015.8,4898067.06,-1
2021-08-02,2021-08-02 14:00:00,1632.5,1632.5,1610.0,1610.0,-1.38,3015.8,4898067.06,-1
2021-08-02,2021-08-02 15:00:00,1610.0,1700.0,1610.0,1610.0,0.0,3015.8,4898067.06,0
2021-08-03,2021-08-03 11:00:00,1642.0,1653.5,1626.5,1640.78,-0.07,2641.2,4333173.58,-1
2021-08-03,2021-08-03 12:00:00,1640.78,1640.78,1639.55,1639.55,-0.07,2641.2,4333173.58,-1
2021-08-03,2021-08-03 13:00:00,1639.55,1639.55,1638.32,1638.32,-0.08,2641.2,4333173.58,-1
2021-08-03,2021-08-03 14:00:00,1638.32,1638.32,1637.1,1637.1,-0.07,2641.2,4333173.58,-1
2021-08-03,2021-08-03 15:00:00,1637.1,1665.0,1611.0,1637.1,0.0,2641.2,4333173.58,0
2021-08-04,2021-08-04 11:00:00,1625.0,1632.5,1612.5,1622.0,-0.18,1905.0,3078388.1,-1
2021-08-04,2021-08-04 12:00:00,1622.0,1622.0,1619.0,1619.0,-0.18,1905.0,3078388.1,-1
2021-08-04,2021-08-04 13:00:00,1619.0,1619.0,1616.0,1616.0,-0.19,1905.0,3078388.1,-1
2021-08-04,2021-08-04 14:00:00,1616.0,1616.0,1613.0,1613.0,-0.19,1905.0,3078388.1,-1
2021-08-04,2021-08-04 15:00:00,1613.0,1640.0,1600.0,1613.0,0.0,1905.0,3078388.1,0
2021-08-05,2021-08-05 11:00:00,1600.0,1616.5,1591.5,1599.75,-0.02,1838.0,2957517.7,-1
2021-08-05,2021-08-05 12:00:00,1599.75,1599.75,1599.5,1599.5,-0.02,1838.0,2957517.7,-1
2021-08-05,2021-08-05 13:00:00,1599.5,1599.5,1599.25,1599.25,-0.02,1838.0,2957517.7,-1
2021-08-05,2021-08-05 14:00:00,1599.25,1599.25,1599.0,1599.0,-0.02,1838.0,2957517.7,-1
2021-08-05,2021-08-05 15:00:00,1599.0,1633.0,1583.0,1599.0,0.0,1838.0,2957517.7,0
2021-08-08,2021-08-08 11:00:00,1595.0,1602.5,1580.0,1593.25,-0.11,1767.2,2789971.36,-1
2021-08-08,2021-08-08 12:00:00,1593.25,1593.25,1591.5,1591.5,-0.11,1767.2,2789971.36,-1
2021-08-08,2021-08-08 13:00:00,1591.5,1591.5,1589.75,1589.75,-0.11,1767.2,2789971.36,-1
2021-08-08,2021-08-08 14:00:00,1589.75,1589.75,1588.0,1588.0,-0.11,1767.2,2789971.36,-1
2021-08-08,2021-08-08 15:00:00,1588.0,1610.0,1565.0,1588.0,0.0,1767.2,2789971.36,0
2021-08-09,2021-08-09 11:00:00,1556.3,1562.65,1533.15,1552.97,-0.21,2735.2,4222516.4,-1
2021-08-09,2021-08-09 12:00:00,1552.97,1552.97,1549.65,1549.65,-0.21,2735.2,4222516.4,-1
2021-08-09,2021-08-09 13:00:00,1549.65,1549.65,1546.33,1546.33,-0.21,2735.2,4222516.4,-1
2021-08-09,2021-08-09 14:00:00,1546.33,1546.33,1543.0,1543.0,-0.22,2735.2,4222516.4,-1
2021-08-09,2021-08-09 15:00:00,1543.0,1569.0,1510.0,1543.0,0.0,2735.2,4222516.4,0
2021-08-10,2021-08-10 11:00:00,1543.0,1555.0,1533.0,1540.0,-0.19,2110.8,3271864.4,-1
2021-08-10,2021-08-10 12:00:00,1540.0,1540.0,1537.0,1537.0,-0.19,2110.8,3271864.4,-1
2021-08-10,2021-08-10 13:00:00,1537.0,1537.0,1534.0,1534.0,-0.2,2110.8,3271864.4,-1
2021-08-10,2021-08-10 14:00:00,1534.0,1534.0,1531.0,1531.0,-0.2,2110.8,3271864.4,-1
2021-08-10,2021-08-10 15:00:00,1531.0,1567.0,1523.0,1531.0,0.0,2110.8,3271864.4,0
2021-08-11,2021-08-11 11:00:00,1525.0,1542.0,1523.0,1528.75,0.25,1191.0,1832919.9,1
2021-08-11,2021-08-11 12:00:00,1528.75,1532.5,1528.75,1532.5,0.25,1191.0,1832919.9,1
2021-08-11,2021-08-11 13:00:00,1532.5,1536.25,1532.5,1536.25,0.24,1191.0,1832919.9,1
2021-08-11,2021-08-11 14:00:00,1536.25,1540.0,1536.25,1540.0,0.24,1191.0,1832919.9,1
2021-08-11,2021-08-11 15:00:00,1540.0,1559.0,1521.0,1540.0,0.0,1191.0,1832919.9,0
2021-08-12,2021-08-12 11:00:00,1570.8,1570.8,1543.5,1560.6,-0.65,1905.0,2934265.4,-1
2021-08-12,2021-08-12 12:00:00,1560.6,1560.6,1550.4,1550.4,-0.65,1905.0,2934265.4,-1
2021-08-12,2021-08-12 13:00:00,1550.4,1550.4,1540.2,1540.2,-0.66,1905.0,2934265.4,-1
2021-08-12,2021-08-12 14:00:00,1540.2,1540.2,1530.0,1530.0,-0.66,1905.0,2934265.4,-1
2021-08-12,2021-08-12 15:00:00,1530.0,1570.8,1516.2,1530.0,0.0,1905.0,2934265.4,0
2021-08-15,2021-08-15 11:00:00,1515.0,1520.0,1502.5,1513.72,-0.08,2041.4,3072105.46,-1
2021-08-15,2021-08-15 12:00:00,1513.72,1513.72,1512.45,1512.45,-0.08,2041.4,3072105.46,-1
2021-08-15,2021-08-15 13:00:00,1512.45,1512.45,1511.18,1511.18,-0.08,2041.4,3072105.46,-1
2021-08-15,2021-08-15 14:00:00,1511.18,1511.18,1509.9,1509.9,-0.08,2041.4,3072105.46,-1
2021-08-15,2021-08-15 15:00:00,1509.9,1525.0,1490.0,1509.9,0.0,2041.4,3072105.46,0
2021-08-16,2021-08-16 11:00:00,1491.0,1503.0,1489.0,1492.0,0.07,1400.6,2103060.0,1
2021-08-16,2021-08-16 12:00:00,1492.0,1493.0,1492.0,1493.0,0.07,1400.6,2103060.0,1
2021-08-16,2021-08-16 13:00:00,1493.0,1494.0,1493.0,1494.0,0.07,1400.6,2103060.0,1
2021-08-16,2021-08-16 14:00:00,1494.0,1495.0,1494.0,1495.0,0.07,1400.6,2103060.0,1
2021-08-16,2021-08-16 15:00:00,1495.0,1515.0,1487.0,1495.0,0.0,1400.6,2103060.0,0
2021-08-17,2021-08-17 11:00:00,1495.0,1508.95,1488.0,1496.0,0.07,2002.2,2983038.38,1
2021-08-17,2021-08-17 12:00:00,1496.0,1497.0,1496.0,1497.0,0.07,2002.2,2983038.38,1
2021-08-17,2021-08-17 13:00:00,1497.0,1498.0,1497.0,1498.0,0.07,2002.2,2983038.38,1
2021-08-17,2021-08-17 14:00:00,1498.0,1499.0,1498.0,1499.0,0.07,2002.2,2983038.38,1
2021-08-17,2021-08-17 15:00:00,1499.0,1522.9,1481.0,1499.0,0.0,2002.2,2983038.38,0
2021-08-18,2021-08-18 11:00:00,1486.0,1523.0,1480.55,1489.5,0.24,1473.4,2215494.8,1
2021-08-18,2021-08-18 12:00:00,1489.5,1493.0,1489.5,1493.0,0.23,1473.4,2215494.8,1
2021-08-18,2021-08-18 13:00:00,1493.0,1496.5,1493.0,1496.5,0.23,1473.4,2215494.8,1
2021-08-18,2021-08-18 14:00:00,1496.5,1500.0,1496.5,1500.0,0.23,1473.4,2215494.8,1
2021-08-18,2021-08-18 15:00:00,1500.0,1560.0,1475.1,1500.0,0.0,1473.4,2215494.8,0
2021-08-19,2021-08-19 11:00:00,1500.0,1525.0,1500.0,1501.25,0.08,1901.0,2895066.0,1
2021-08-19,2021-08-19 12:00:00,1501.25,1502.5,1501.25,1502.5,0.08,1901.0,2895066.0,1
2021-08-19,2021-08-19 13:00:00,1502.5,1503.75,1502.5,1503.75,0.08,1901.0,2895066.0,1
2021-08-19,2021-08-19 14:00:00,1503.75,1505.0,1503.75,1505.0,0.08,1901.0,2895066.0,1
2021-08-19,2021-08-19 15:00:00,1505.0,1550.0,1500.0,1505.0,0.0,1901.0,2895066.0,0
2021-08-24,2021-08-24 11:00:00,1505.0,1527.5,1491.0,1503.0,-0.13,1677.6,2527620.8,-1
2021-08-24,2021-08-24 12:00:00,1503.0,1503.0,1501.0,1501.0,-0.13,1677.6,2527620.8,-1
2021-08-24,2021-08-24 13:00:00,1501.0,1501.0,1499.0,1499.0,-0.13,1677.6,2527620.8,-1
2021-08-24,2021-08-24 14:00:00,1499.0,1499.0,1497.0,1497.0,-0.13,1677.6,2527620.8,-1
2021-08-24,2021-08-24 15:00:00,1497.0,1550.0,1477.0,1497.0,0.0,1677.6,2527620.8,0
2021-08-25,2021-08-25 11:00:00,1477.0,1492.0,1477.0,1477.75,0.05,1158.0,1719267.8,1
2021-08-25,2021-08-25 12:00:00,1477.75,1478.5,1477.75,1478.5,0.05,1158.0,1719267.8,1
2021-08-25,2021-08-25 13:00:00,1478.5,1479.25,1478.5,1479.25,0.05,1158.0,1719267.8,1
2021-08-25,2021-08-25 14:00:00,1479.25,1480.0,1479.25,1480.0,0.05,1158.0,1719267.8,1
2021-08-25,2021-08-25 15:00:00,1480.0,1507.0,1477.0,1480.0,0.0,1158.0,1719267.8,0
2021-08-26,2021-08-26 11:00:00,1500.0,1529.5,1487.5,1497.75,-0.15,2832.0,4268436.8,-1
2021-08-26,2021-08-26 12:00:00,1497.75,1497.75,1495.5,1495.5,-0.15,2832.0,4268436.8,-1
2021-08-26,2021-08-26 13:00:00,1495.5,1495.5,1493.25,1493.25,-0.15,2832.0,4268436.8,-1
2021-08-26,2021-08-26 14:00:00,1493.25,1493.25,1491.0,1491.0,-0.15,2832.0,4268436.8,-1
2021-08-26,2021-08-26 15:00:00,1491.0,1559.0,1475.0,1491.0,0.0,2832.0,4268436.8,0
2021-08-29,2021-08-29 11:00:00,1520.0,1535.0,1505.0,1512.5,-0.49,3327.4,5017471.9,-1
2021-08-29,2021-08-29 12:00:00,1512.5,1512.5,1505.0,1505.0,-0.5,3327.4,5017471.9,-1
2021-08-29,2021-08-29 13:00:00,1505.0,1505.0,1497.5,1497.5,-0.5,3327.4,5017471.9,-1
2021-08-29,2021-08-29 14:00:00,1497.5,1497.5,1490.0,1490.0,-0.5,3327.4,5017471.9,-1
2021-08-29,2021-08-29 15:00:00,1490.0,1550.0,1490.0,1490.0,0.0,3327.4,5017471.9,0
2021-08-31,2021-08-31 11:00:00,1485.0,1507.5,1478.0,1483.5,-0.1,1659.4,2481556.0,-1
2021-08-31,2021-08-31 12:00:00,1483.5,1483.5,1482.0,1482.0,-0.1,1659.4,2481556.0,-1
2021-08-31,2021-08-31 13:00:00,1482.0,1482.0,1480.5,1480.5,-0.1,1659.4,2481556.0,-1
2021-08-31,2021-08-31 14:00:00,1480.5,1480.5,1479.0,1479.0,-0.1,1659.4,2481556.0,-1
2021-08-31,2021-08-31 15:00:00,1479.0,1530.0,1471.0,1479.0,0.0,1659.4,2481556.0,0
2021-09-01,2021-09-01 11:00:00,1475.0,1496.0,1470.5,1484.0,0.61,2729.8,4082994.0,1
2021-09-01,2021-09-01 12:00:00,1484.0,1493.0,1484.0,1493.0,0.61,2729.8,4082994.0,1
2021-09-01,2021-09-01 13:00:00,1493.0,1502.0,1493.0,1502.0,0.6,2729.8,4082994.0,1
2021-09-01,2021-09-01 14:00:00,1502.0,1511.0,1502.0,1511.0,0.6,2729.8,4082994.0,1
2021-09-01,2021-09-01 15:00:00,1511.0,1517.0,1466.0,1511.0,0.0,2729.8,4082994.0,0
2021-09-02,2021-09-02 11:00:00,1511.0,1580.5,1508.0,1530.75,1.31,8302.2,13109600.74,1
2021-09-02,2021-09-02 12:00:00,1530.75,1550.5,1530.75,1550.5,1.29,8302.2,13109600.74,1
2021-09-02,2021-09-02 13:00:00,1550.5,1570.25,1550.5,1570.25,1.27,8302.2,13109600.74,1
2021-09-02,2021-09-02 14:00:00,1570.25,1590.0,1570.25,1590.0,1.26,8302.2,13109600.74,1
2021-09-02,2021-09-02 15:00:00,1590.0,1650.0,1505.0,1590.0,0.0,8302.2,13109600.74,0
2021-09-05,2021-09-05 11:00:00,1620.0,1621.0,1555.5,1602.22,-1.1,4546.6,7080024.8,-1
2021-09-05,2021-09-05 12:00:00,1602.22,1602.22,1584.45,1584.45,-1.11,4546.6,7080024.8,-1
2021-09-05,2021-09-05 13:00:00,1584.45,1584.45,1566.68,1566.68,-1.12,4546.6,7080024.8,-1
2021-09-05,2021-09-05 14:00:00,1566.68,1566.68,1548.9,1548.9,-1.13,4546.6,7080024.8,-1
2021-09-05,2021-09-05 15:00:00,1548.9,1622.0,1491.0,1548.9,0.0,4546.6,7080024.8,0
2021-09-06,2021-09-06 11:00:00,1519.0,1586.5,1519.0,1539.25,1.33,4058.8,6379698.98,1
2021-09-06,2021-09-06 12:00:00,1539.25,1559.5,1539.25,1559.5,1.32,4058.8,6379698.98,1
2021-09-06,2021-09-06 13:00:00,1559.5,1579.75,1559.5,1579.75,1.3,4058.8,6379698.98,1
2021-09-06,2021-09-06 14:00:00,1579.75,1600.0,1579.75,1600.0,1.28,4058.8,6379698.98,1
2021-09-06,2021-09-06 15:00:00,1600.0,1654.0,1519.0,1600.0,0.0,4058.8,6379698.98,0
2021-09-07,2021-09-07 11:00:00,1630.0,1630.0,1579.5,1609.75,-1.24,1831.6,2853851.7,-1
2021-09-07,2021-09-07 12:00:00,1609.75,1609.75,1589.5,1589.5,-1.26,1831.6,2853851.7,-1
2021-09-07,2021-09-07 13:00:00,1589.5,1589.5,1569.25,1569.25,-1.27,1831.6,2853851.7,-1
2021-09-07,2021-09-07 14:00:00,1569.25,1569.25,1549.0,1549.0,-1.29,1831.6,2853851.7,-1
2021-09-07,2021-09-07 15:00:00,1549.0,1630.0,1529.0,1549.0,0.0,1831.6,2853851.7,0
2021-09-08,2021-09-08 11:00:00,1526.5,1536.25,1522.25,1524.38,-0.14,1101.0,1679648.8,-1
2021-09-08,2021-09-08 12:00:00,1524.38,1524.38,1522.25,1522.25,-0.14,1101.0,1679648.8,-1
2021-09-08,2021-09-08 13:00:00,1522.25,1522.25,1520.12,1520.12,-0.14,1101.0,1679648.8,-1
2021-09-08,2021-09-08 14:00:00,1520.12,1520.12,1518.0,1518.0,-0.14,1101.0,1679648.8,-1
2021-09-08,2021-09-08 15:00:00,1518.0,1546.0,1518.0,1518.0,0.0,1101.0,1679648.8,0
2021-09-09,2021-09-09 11:00:00,1518.0,1524.0,1511.5,1518.5,0.03,1069.2,1619813.6,1
2021-09-09,2021-09-09 12:00:00,1518.5,1519.0,1518.5,1519.0,0.03,1069.2,1619813.6,1
2021-09-09,2021-09-09 13:00:00,1519.0,1519.5,1519.0,1519.5,0.03,1069.2,1619813.6,1
2021-09-09,2021-09-09 14:00:00,1519.5,1520.0,1519.5,1520.0,0.03,1069.2,1619813.6,1
2021-09-09,2021-09-09 15:00:00,1520.0,1530.0,1505.0,1520.0,0.0,1069.2,1619813.6,0
2021-09-12,2021-09-12 11:00:00,1500.0,1551.0,1500.0,1518.75,1.25,5287.6,8021220.46,1
2021-09-12,2021-09-12 12:00:00,1518.75,1537.5,1518.75,1537.5,1.23,5287.6,8021220.46,1
2021-09-12,2021-09-12 13:00:00,1537.5,1556.25,1537.5,1556.25,1.22,5287.6,8021220.46,1
2021-09-12,2021-09-12 14:00:00,1556.25,1575.0,1556.25,1575.0,1.2,5287.6,8021220.46,1
2021-09-12,2021-09-12 15:00:00,1575.0,1602.0,1500.0,1575.0,0.0,5287.6,8021220.46,0
2021-09-13,2021-09-13 11:00:00,1575.0,1590.5,1562.5,1571.72,-0.21,2093.6,3309909.2,-1
2021-09-13,2021-09-13 12:00:00,1571.72,1571.72,1568.45,1568.45,-0.21,2093.6,3309909.2,-1
2021-09-13,2021-09-13 13:00:00,1568.45,1568.45,1565.18,1565.18,-0.21,2093.6,3309909.2,-1
2021-09-13,2021-09-13 14:00:00,1565.18,1565.18,1561.9,1561.9,-0.21,2093.6,3309909.2,-1
2021-09-13,2021-09-13 15:00:00,1561.9,1606.0,1550.0,1561.9,0.0,2093.6,3309909.2,0
2021-09-14,2021-09-14 11:00:00,1565.0,1565.0,1545.0,1565.0,0.0,707.2,1093032.6,0
2021-09-14,2021-09-14 12:00:00,1565.0,1565.0,1565.0,1565.0,0.0,707.2,1093032.6,0
2021-09-14,2021-09-14 13:00:00,1565.0,1565.0,1565.0,1565.0,0.0,707.2,1093032.6,0
2021-09-14,2021-09-14 14:00:00,1565.0,1565.0,1565.0,1565.0,0.0,707.2,1093032.6,0
2021-09-14,2021-09-14 15:00:00,1565.0,1565.0,1525.0,1565.0,0.0,707.2,1093032.6,0
2021-09-15,2021-09-15 11:00:00,1534.0,1539.5,1517.0,1528.0,-0.39,1403.2,2130018.8,-1
2021-09-15,2021-09-15 12:00:00,1528.0,1528.0,1522.0,1522.0,-0.39,1403.2,2130018.8,-1
2021-09-15,2021-09-15 13:00:00,1522.0,1522.0,1516.0,1516.0,-0.39,1403.2,2130018.8,-1
2021-09-15,2021-09-15 14:00:00,1516.0,1516.0,1510.0,1510.0,-0.4,1403.2,2130018.8,-1
2021-09-15,2021-09-15 15:00:00,1510.0,1545.0,1500.0,1510.0,0.0,1403.2,2130018.8,0
2021-09-16,2021-09-16 11:00:00,1488.1,1494.05,1445.05,1468.82,-1.3,4888.4,7040832.28,-1
2021-09-16,2021-09-16 12:00:00,1468.82,1468.82,1449.55,1449.55,-1.31,4888.4,7040832.28,-1
2021-09-16,2021-09-16 13:00:00,1449.55,1449.55,1430.28,1430.28,-1.33,4888.4,7040832.28,-1
2021-09-16,2021-09-16 14:00:00,1430.28,1430.28,1411.0,1411.0,-1.35,4888.4,7040832.28,-1
2021-09-16,2021-09-16 15:00:00,1411.0,1500.0,1402.0,1411.0,0.0,4888.4,7040832.28,0
2021-09-20,2021-09-20 11:00:00,1412.0,1416.0,1383.5,1401.5,-0.74,1632.0,2249640.36,-1
2021-09-20,2021-09-20 12:00:00,1401.5,1401.5,1391.0,1391.0,-0.75,1632.0,2249640.36,-1
2021-09-20,2021-09-20 13:00:00,1391.0,1391.0,1380.5,1380.5,-0.75,1632.0,2249640.36,-1
2021-09-20,2021-09-20 14:00:00,1380.5,1380.5,1370.0,1370.0,-0.76,1632.0,2249640.36,-1
2021-09-20,2021-09-20 15:00:00,1370.0,1420.0,1355.0,1370.0,0.0,1632.0,2249640.36,0
2021-09-21,2021-09-21 11:00:00,1345.2,1377.6,1323.1,1356.15,0.81,1065.0,1455007.86,1
2021-09-21,2021-09-21 12:00:00,1356.15,1367.1,1356.15,1367.1,0.81,1065.0,1455007.86,1
2021-09-21,2021-09-21 13:00:00,1367.1,1378.05,1367.1,1378.05,0.8,1065.0,1455007.86,1
2021-09-21,2021-09-21 14:00:00,1378.05,1389.0,1378.05,1389.0,0.79,1065.0,1455007.86,1
2021-09-21,2021-09-21 15:00:00,1389.0,1410.0,1301.0,1389.0,0.0,1065.0,1455007.86,0
2021-09-22,2021-09-22 11:00:00,1415.0,1424.5,1402.5,1418.0,0.21,1705.6,2400136.2,1
2021-09-22,2021-09-22 12:00:00,1418.0,1421.0,1418.0,1421.0,0.21,1705.6,2400136.2,1
2021-09-22,2021-09-22 13:00:00,1421.0,1424.0,1421.0,1424.0,0.21,1705.6,2400136.2,1
2021-09-22,2021-09-22 14:00:00,1424.0,1427.0,1424.0,1427.0,0.21,1705.6,2400136.2,1
2021-09-22,2021-09-22 15:00:00,1427.0,1434.0,1390.0,1427.0,0.0,1705.6,2400136.2,0
2021-09-23,2021-09-23 11:00:00,1429.0,1429.0,1387.5,1416.5,-0.87,2189.6,3035251.24,-1
2021-09-23,2021-09-23 12:00:00,1416.5,1416.5,1404.0,1404.0,-0.88,2189.6,3035251.24,-1
2021-09-23,2021-09-23 13:00:00,1404.0,1404.0,1391.5,1391.5,-0.89,2189.6,3035251.24,-1
2021-09-23,2021-09-23 14:00:00,1391.5,1391.5,1379.0,1379.0,-0.9,2189.6,3035251.24,-1
2021-09-23,2021-09-23 15:00:00,1379.0,1429.0,1346.0,1379.0,0.0,2189.6,3035251.24,0
2021-09-26,2021-09-26 11:00:00,1379.0,1392.5,1359.5,1369.38,-0.7,1014.2,1381384.7,-1
2021-09-26,2021-09-26 12:00:00,1369.38,1369.38,1359.75,1359.75,-0.7,1014.2,1381384.7,-1
2021-09-26,2021-09-26 13:00:00,1359.75,1359.75,1350.12,1350.12,-0.71,1014.2,1381384.7,-1
2021-09-26,2021-09-26 14:00:00,1350.12,1350.12,1340.5,1340.5,-0.71,1014.2,1381384.7,-1
2021-09-26,2021-09-26 15:00:00,1340.5,1406.0,1340.0,1340.5,0.0,1014.2,1381384.7,0
2021-09-27,2021-09-27 11:00:00,1340.0,1353.5,1318.0,1329.0,-0.82,1744.6,2293914.24,-1
2021-09-27,2021-09-27 12:00:00,1329.0,1329.0,1318.0,1318.0,-0.83,1744.6,2293914.24,-1
2021-09-27,2021-09-27 13:00:00,1318.0,1318.0,1307.0,1307.0,-0.83,1744.6,2293914.24,-1
2021-09-27,2021-09-27 14:00:00,1307.0,1307.0,1296.0,1296.0,-0.84,1744.6,2293914.24,-1
2021-09-27,2021-09-27 15:00:00,1296.0,1367.0,1296.0,1296.0,0.0,1744.6,2293914.24,0
2021-09-28,2021-09-28 11:00:00,1290.0,1317.0,1284.05,1288.75,-0.1,632.2,817218.78,-1
2021-09-28,2021-09-28 12:00:00,1288.75,1288.75,1287.5,1287.5,-0.1,632.2,817218.78,-1
2021-09-28,2021-09-28 13:00:00,1287.5,1287.5,1286.25,1286.25,-0.1,632.2,817218.78,-1
2021-09-28,2021-09-28 14:00:00,1286.25,1286.25,1285.0,1285.0,-0.1,632.2,817218.78,-1
2021-09-28,2021-09-28 15:00:00,1285.0,1344.0,1278.1,1285.0,0.0,632.2,817218.78,0
2021-09-29,2021-09-29 11:00:00,1309.0,1319.5,1274.35,1305.5,-0.27,1679.0,2141926.84,-1
2021-09-29,2021-09-29 12:00:00,1305.5,1305.5,1302.0,1302.0,-0.27,1679.0,2141926.84,-1
2021-09-29,2021-09-29 13:00:00,1302.0,1302.0,1298.5,1298.5,-0.27,1679.0,2141926.84,-1
2021-09-29,2021-09-29 14:00:00,1298.5,1298.5,1295.0,1295.0,-0.27,1679.0,2141926.84,-1
2021-09-29,2021-09-29 15:00:00,1295.0,1330.0,1239.7,1295.0,0.0,1679.0,2141926.84,0
2021-09-30,2021-09-30 11:00:00,1300.0,1309.5,1280.05,1296.75,-0.25,1178.4,1520221.26,-1
2021-09-30,2021-09-30 12:00:00,1296.75,1296.75,1293.5,1293.5,-0.25,1178.4,1520221.26,-1
2021-09-30,2021-09-30 13:00:00,1293.5,1293.5,1290.25,1290.25,-0.25,1178.4,1520221.26,-1
2021-09-30,2021-09-30 14:00:00,1290.25,1290.25,1287.0,1287.0,-0.25,1178.4,1520221.26,-1
2021-09-30,2021-09-30 15:00:00,1287.0,1319.0,1260.1,1287.0,0.0,1178.4,1520221.26,0
2021-10-03,2021-10-03 11:00:00,1287.0,1287.5,1269.0,1278.25,-0.68,1183.4,1499480.7,-1
2021-10-03,2021-10-03 12:00:00,1278.25,1278.25,1269.5,1269.5,-0.68,1183.4,1499480.7,-1
2021-10-03,2021-10-03 13:00:00,1269.5,1269.5,1260.75,1260.75,-0.69,1183.4,1499480.7,-1
2021-10-03,2021-10-03 14:00:00,1260.75,1260.75,1252.0,1252.0,-0.69,1183.4,1499480.7,-1
2021-10-03,2021-10-03 15:00:00,1252.0,1288.0,1251.0,1252.0,0.0,1183.4,1499480.7,0
2021-10-04,2021-10-04 11:00:00,1252.0,1264.5,1246.0,1255.75,0.3,776.6,973303.62,1
2021-10-04,2021-10-04 12:00:00,1255.75,1259.5,1255.75,1259.5,0.3,776.6,973303.62,1
2021-10-04,2021-10-04 13:00:00,1259.5,1263.25,1259.5,1263.25,0.3,776.6,973303.62,1
2021-10-04,2021-10-04 14:00:00,1263.25,1267.0,1263.25,1267.0,0.3,776.6,973303.62,1
2021-10-04,2021-10-04 15:00:00,1267.0,1277.0,1240.0,1267.0,0.0,776.6,973303.62,0
2021-10-05,2021-10-05 11:00:00,1242.0,1271.0,1242.0,1249.0,0.56,655.6,836252.2,1
2021-10-05,2021-10-05 12:00:00,1249.0,1256.0,1249.0,1256.0,0.56,655.6,836252.2,1
2021-10-05,2021-10-05 13:00:00,1256.0,1263.0,1256.0,1263.0,0.56,655.6,836252.2,1
2021-10-05,2021-10-05 14:00:00,1263.0,1270.0,1263.0,1270.0,0.55,655.6,836252.2,1
2021-10-05,2021-10-05 15:00:00,1270.0,1300.0,1242.0,1270.0,0.0,655.6,836252.2,0
2021-10-06,2021-10-06 11:00:00,1280.0,1292.5,1271.5,1283.75,0.29,720.6,927021.7,1
2021-10-06,2021-10-06 12:00:00,1283.75,1287.5,1283.75,1287.5,0.29,720.6,927021.7,1
2021-10-06,2021-10-06 13:00:00,1287.5,1291.25,1287.5,1291.25,0.29,720.6,927021.7,1
2021-10-06,2021-10-06 14:00:00,1291.25,1295.0,1291.25,1295.0,0.29,720.6,927021.7,1
2021-10-06,2021-10-06 15:00:00,1295.0,1305.0,1263.0,1295.0,0.0,720.6,927021.7,0
2021-10-10,2021-10-10 11:00:00,1280.0,1289.5,1268.0,1274.0,-0.47,683.8,866406.0,-1
2021-10-10,2021-10-10 12:00:00,1274.0,1274.0,1268.0,1268.0,-0.47,683.8,866406.0,-1
2021-10-10,2021-10-10 13:00:00,1268.0,1268.0,1262.0,1262.0,-0.47,683.8,866406.0,-1
2021-10-10,2021-10-10 14:00:00,1262.0,1262.0,1256.0,1256.0,-0.48,683.8,866406.0,-1
2021-10-10,2021-10-10 15:00:00,1256.0,1299.0,1256.0,1256.0,0.0,683.8,866406.0,0
2021-10-11,2021-10-11 11:00:00,1281.0,1281.0,1265.5,1276.25,-0.37,511.0,646192.4,-1
2021-10-11,2021-10-11 12:00:00,1276.25,1276.25,1271.5,1271.5,-0.37,511.0,646192.4,-1
2021-10-11,2021-10-11 13:00:00,1271.5,1271.5,1266.75,1266.75,-0.37,511.0,646192.4,-1
2021-10-11,2021-10-11 14:00:00,1266.75,1266.75,1262.0,1262.0,-0.37,511.0,646192.4,-1
2021-10-11,2021-10-11 15:00:00,1262.0,1281.0,1250.0,1262.0,0.0,511.0,646192.4,0
2021-10-17,2021-10-17 11:00:00,1253.0,1304.5,1252.55,1277.25,1.94,1219.6,1611465.2,1
2021-10-17,2021-10-17 12:00:00,1277.25,1301.5,1277.25,1301.5,1.9,1219.6,1611465.2,1
2021-10-17,2021-10-17 13:00:00,1301.5,1325.75,1301.5,1325.75,1.86,1219.6,1611465.2,1
2021-10-17,2021-10-17 14:00:00,1325.75,1350.0,1325.75,1350.0,1.83,1219.6,1611465.2,1
2021-10-17,2021-10-17 15:00:00,1350.0,1356.0,1252.1,1350.0,0.0,1219.6,1611465.2,0
2021-10-18,2021-10-18 11:00:00,1330.0,1330.0,1315.0,1322.5,-0.56,683.6,895286.5,-1
2021-10-18,2021-10-18 12:00:00,1322.5,1322.5,1315.0,1315.0,-0.57,683.6,895286.5,-1
2021-10-18,2021-10-18 13:00:00,1315.0,1315.0,1307.5,1307.5,-0.57,683.6,895286.5,-1
2021-10-18,2021-10-18 14:00:00,1307.5,1307.5,1300.0,1300.0,-0.57,683.6,895286.5,-1
2021-10-18,2021-10-18 15:00:00,1300.0,1330.0,1300.0,1300.0,0.0,683.6,895286.5,0
2021-10-19,2021-10-19 11:00:00,1282.0,1285.0,1272.0,1278.0,-0.31,738.2,939638.4,-1
2021-10-19,2021-10-19 12:00:00,1278.0,1278.0,1274.0,1274.0,-0.31,738.2,939638.4,-1
2021-10-19,2021-10-19 13:00:00,1274.0,1274.0,1270.0,1270.0,-0.31,738.2,939638.4,-1
2021-10-19,2021-10-19 14:00:00,1270.0,1270.0,1266.0,1266.0,-0.31,738.2,939638.4,-1
2021-10-19,2021-10-19 15:00:00,1266.0,1288.0,1262.0,1266.0,0.0,738.2,939638.4,0
2021-10-20,2021-10-20 11:00:00,1291.0,1303.5,1278.5,1290.75,-0.02,742.0,953543.8,-1
2021-10-20,2021-10-20 12:00:00,1290.75,1290.75,1290.5,1290.5,-0.02,742.0,953543.8,-1
2021-10-20,2021-10-20 13:00:00,1290.5,1290.5,1290.25,1290.25,-0.02,742.0,953543.8,-1
2021-10-20,2021-10-20 14:00:00,1290.25,1290.25,1290.0,1290.0,-0.02,742.0,953543.8,-1
2021-10-20,2021-10-20 15:00:00,1290.0,1316.0,1266.0,1290.0,0.0,742.0,953543.8,0
2021-10-21,2021-10-21 11:00:00,1275.0,1292.5,1272.5,1276.25,0.1,525.0,677254.4,1
2021-10-21,2021-10-21 12:00:00,1276.25,1277.5,1276.25,1277.5,0.1,525.0,677254.4,1
2021-10-21,2021-10-21 13:00:00,1277.5,1278.75,1277.5,1278.75,0.1,525.0,677254.4,1
2021-10-21,2021-10-21 14:00:00,1278.75,1280.0,1278.75,1280.0,0.1,525.0,677254.4,1
2021-10-21,2021-10-21 15:00:00,1280.0,1310.0,1270.0,1280.0,0.0,525.0,677254.4,0
2021-10-24,2021-10-24 11:00:00,1280.0,1287.0,1276.5,1280.25,0.02,525.2,676102.2,1
2021-10-24,2021-10-24 12:00:00,1280.25,1280.5,1280.25,1280.5,0.02,525.2,676102.2,1
2021-10-24,2021-10-24 13:00:00,1280.5,1280.75,1280.5,1280.75,0.02,525.2,676102.2,1
2021-10-24,2021-10-24 14:00:00,1280.75,1281.0,1280.75,1281.0,0.02,525.2,676102.2,1
2021-10-24,2021-10-24 15:00:00,1281.0,1294.0,1273.0,1281.0,0.0,525.2,676102.2,0
2021-10-25,2021-10-25 11:00:00,1290.0,1305.0,1290.0,1297.5,0.58,694.2,908920.0,1
2021-10-25,2021-10-25 12:00:00,1297.5,1305.0,1297.5,1305.0,0.58,694.2,908920.0,1
2021-10-25,2021-10-25 13:00:00,1305.0,1312.5,1305.0,1312.5,0.57,694.2,908920.0,1
2021-10-25,2021-10-25 14:00:00,1312.5,1320.0,1312.5,1320.0,0.57,694.2,908920.0,1
2021-10-25,2021-10-25 15:00:00,1320.0,1320.0,1290.0,1320.0,0.0,694.2,908920.0,0
2021-10-26,2021-10-26 11:00:00,1294.0,1373.0,1294.0,1333.5,3.05,3210.8,4519581.68,1
2021-10-26,2021-10-26 12:00:00,1333.5,1373.0,1333.5,1373.0,2.96,3210.8,4519581.68,1
2021-10-26,2021-10-26 13:00:00,1373.0,1412.5,1373.0,1412.5,2.88,3210.8,4519581.68,1
2021-10-26,2021-10-26 14:00:00,1412.5,1452.0,1412.5,1452.0,2.8,3210.8,4519581.68,1
2021-10-26,2021-10-26 15:00:00,1452.0,1452.0,1294.0,1452.0,0.0,3210.8,4519581.68,0
2021-10-27,2021-10-27 11:00:00,1460.0,1495.0,1430.0,1465.25,0.36,3118.0,4621111.8,1
2021-10-27,2021-10-27 12:00:00,1465.25,1470.5,1465.25,1470.5,0.36,3118.0,4621111.8,1
2021-10-27,2021-10-27 13:00:00,1470.5,1475.75,1470.5,1475.75,0.36,3118.0,4621111.8,1
2021-10-27,2021-10-27 14:00:00,1475.75,1481.0,1475.75,1481.0,0.36,3118.0,4621111.8,1
2021-10-27,2021-10-27 15:00:00,1481.0,1530.0,1400.0,1481.0,0.0,3118.0,4621111.8,0
2021-10-28,2021-10-28 11:00:00,1481.1,1485.15,1454.55,1475.82,-0.36,787.4,1148433.2,-1
2021-10-28,2021-10-28 12:00:00,1475.82,1475.82,1470.55,1470.55,-0.36,787.4,1148433.2,-1
2021-10-28,2021-10-28 13:00:00,1470.55,1470.55,1465.28,1465.28,-0.36,787.4,1148433.2,-1
2021-10-28,2021-10-28 14:00:00,1465.28,1465.28,1460.0,1460.0,-0.36,787.4,1148433.2,-1
2021-10-28,2021-10-28 15:00:00,1460.0,1489.2,1428.0,1460.0,0.0,787.4,1148433.2,0
2021-10-31,2021-10-31 11:00:00,1489.2,1547.6,1481.1,1518.4,1.96,4658.6,7324316.54,1
2021-10-31,2021-10-31 12:00:00,1518.4,1547.6,1518.4,1547.6,1.92,4658.6,7324316.54,1
2021-10-31,2021-10-31 13:00:00,1547.6,1576.8,1547.6,1576.8,1.89,4658.6,7324316.54,1
2021-10-31,2021-10-31 14:00:00,1576.8,1606.0,1576.8,1606.0,1.85,4658.6,7324316.54,1
2021-10-31,2021-10-31 15:00:00,1606.0,1606.0,1473.0,1606.0,0.0,4658.6,7324316.54,0
2021-11-01,2021-11-01 11:00:00,1638.0,1687.5,1619.0,1633.25,-0.29,5174.0,8528308.46,-1
2021-11-01,2021-11-01 12:00:00,1633.25,1633.25,1628.5,1628.5,-0.29,5174.0,8528308.46,-1
2021-11-01,2021-11-01 13:00:00,1628.5,1628.5,1623.75,1623.75,-0.29,5174.0,8528308.46,-1
2021-11-01,2021-11-01 14:00:00,1623.75,1623.75,1619.0,1619.0,-0.29,5174.0,8528308.46,-1
2021-11-01,2021-11-01 15:00:00,1619.0,1737.0,1600.0,1619.0,0.0,5174.0,8528308.46,0
2021-11-02,2021-11-02 11:00:00,1590.0,1645.0,1588.0,1608.5,1.16,2992.0,4931489.68,1
2021-11-02,2021-11-02 12:00:00,1608.5,1627.0,1608.5,1627.0,1.15,2992.0,4931489.68,1
2021-11-02,2021-11-02 13:00:00,1627.0,1645.5,1627.0,1645.5,1.14,2992.0,4931489.68,1
2021-11-02,2021-11-02 14:00:00,1645.5,1664.0,1645.5,1664.0,1.12,2992.0,4931489.68,1
2021-11-02,2021-11-02 15:00:00,1664.0,1700.0,1586.0,1664.0,0.0,2992.0,4931489.68,0
2021-11-03,2021-11-03 11:00:00,1690.0,1690.0,1657.5,1673.78,-0.96,1841.0,3022861.52,-1
2021-11-03,2021-11-03 12:00:00,1673.78,1673.78,1657.55,1657.55,-0.97,1841.0,3022861.52,-1
2021-11-03,2021-11-03 13:00:00,1657.55,1657.55,1641.32,1641.32,-0.98,1841.0,3022861.52,-1
2021-11-03,2021-11-03 14:00:00,1641.32,1641.32,1625.1,1625.1,-0.99,1841.0,3022861.52,-1
2021-11-03,2021-11-03 15:00:00,1625.1,1690.0,1625.0,1625.1,0.0,1841.0,3022861.52,0
2021-11-08,2021-11-08 11:00:00,1595.0,1619.0,1592.0,1594.28,-0.05,979.0,1571095.3,-1
2021-11-08,2021-11-08 12:00:00,1594.28,1594.28,1593.55,1593.55,-0.05,979.0,1571095.3,-1
2021-11-08,2021-11-08 13:00:00,1593.55,1593.55,1592.82,1592.82,-0.05,979.0,1571095.3,-1
2021-11-08,2021-11-08 14:00:00,1592.82,1592.82,1592.1,1592.1,-0.05,979.0,1571095.3,-1
2021-11-08,2021-11-08 15:00:00,1592.1,1643.0,1589.0,1592.1,0.0,979.0,1571095.3,0
2021-11-09,2021-11-09 11:00:00,1571.1,1577.05,1550.95,1562.12,-0.57,1902.0,2957912.42,-1
2021-11-09,2021-11-09 12:00:00,1562.12,1562.12,1553.15,1553.15,-0.57,1902.0,2957912.42,-1
2021-11-09,2021-11-09 13:00:00,1553.15,1553.15,1544.17,1544.17,-0.58,1902.0,2957912.42,-1
2021-11-09,2021-11-09 14:00:00,1544.17,1544.17,1535.2,1535.2,-0.58,1902.0,2957912.42,-1
2021-11-09,2021-11-09 15:00:00,1535.2,1583.0,1530.8,1535.2,0.0,1902.0,2957912.42,0
2021-11-11,2021-11-11 11:00:00,1515.0,1526.0,1495.0,1508.25,-0.45,706.6,1061524.02,-1
2021-11-11,2021-11-11 12:00:00,1508.25,1508.25,1501.5,1501.5,-0.45,706.6,1061524.02,-1
2021-11-11,2021-11-11 13:00:00,1501.5,1501.5,1494.75,1494.75,-0.45,706.6,1061524.02,-1
2021-11-11,2021-11-11 14:00:00,1494.75,1494.75,1488.0,1488.0,-0.45,706.6,1061524.02,-1
2021-11-11,2021-11-11 15:00:00,1488.0,1537.0,1475.0,1488.0,0.0,706.6,1061524.02,0
2021-11-14,2021-11-14 11:00:00,1488.0,1513.5,1474.5,1497.0,0.6,714.4,1072997.04,1
2021-11-14,2021-11-14 12:00:00,1497.0,1506.0,1497.0,1506.0,0.6,714.4,1072997.04,1
2021-11-14,2021-11-14 13:00:00,1506.0,1515.0,1506.0,1515.0,0.6,714.4,1072997.04,1
2021-11-14,2021-11-14 14:00:00,1515.0,1524.0,1515.0,1524.0,0.59,714.4,1072997.04,1
2021-11-14,2021-11-14 15:00:00,1524.0,1539.0,1461.0,1524.0,0.0,714.4,1072997.04,0
2021-11-15,2021-11-15 11:00:00,1550.0,1557.85,1536.5,1547.5,-0.16,799.6,1239873.0,-1
2021-11-15,2021-11-15 12:00:00,1547.5,1547.5,1545.0,1545.0,-0.16,799.6,1239873.0,-1
2021-11-15,2021-11-15 13:00:00,1545.0,1545.0,1542.5,1542.5,-0.16,799.6,1239873.0,-1
2021-11-15,2021-11-15 14:00:00,1542.5,1542.5,1540.0,1540.0,-0.16,799.6,1239873.0,-1
2021-11-15,2021-11-15 15:00:00,1540.0,1565.7,1523.0,1540.0,0.0,799.6,1239873.0,0
2021-11-16,2021-11-16 11:00:00,1541.1,1560.55,1531.05,1546.32,0.34,1079.0,1682206.0,1
2021-11-16,2021-11-16 12:00:00,1546.32,1551.55,1546.32,1551.55,0.34,1079.0,1682206.0,1
2021-11-16,2021-11-16 13:00:00,1551.55,1556.78,1551.55,1556.78,0.34,1079.0,1682206.0,1
2021-11-16,2021-11-16 14:00:00,1556.78,1562.0,1556.78,1562.0,0.34,1079.0,1682206.0,1
2021-11-16,2021-11-16 15:00:00,1562.0,1580.0,1521.0,1562.0,0.0,1079.0,1682206.0,0
2021-11-17,2021-11-17 11:00:00,1562.0,1600.0,1556.0,1572.0,0.64,2689.2,4332271.4,1
2021-11-17,2021-11-17 12:00:00,1572.0,1582.0,1572.0,1582.0,0.64,2689.2,4332271.4,1
2021-11-17,2021-11-17 13:00:00,1582.0,1592.0,1582.0,1592.0,0.63,2689.2,4332271.4,1
2021-11-17,2021-11-17 14:00:00,1592.0,1602.0,1592.0,1602.0,0.63,2689.2,4332271.4,1
2021-11-17,2021-11-17 15:00:00,1602.0,1638.0,1550.0,1602.0,0.0,2689.2,4332271.4,0
2021-11-18,2021-11-18 11:00:00,1570.0,1590.0,1562.5,1571.0,0.06,904.0,1425737.0,1
2021-11-18,2021-11-18 12:00:00,1571.0,1572.0,1571.0,1572.0,0.06,904.0,1425737.0,1
2021-11-18,2021-11-18 13:00:00,1572.0,1573.0,1572.0,1573.0,0.06,904.0,1425737.0,1
2021-11-18,2021-11-18 14:00:00,1573.0,1574.0,1573.0,1574.0,0.06,904.0,1425737.0,1
2021-11-18,2021-11-18 15:00:00,1574.0,1610.0,1555.0,1574.0,0.0,904.0,1425737.0,0
2021-11-21,2021-11-21 11:00:00,1605.0,1605.2,1577.0,1591.0,-0.87,764.8,1202937.2,-1
2021-11-21,2021-11-21 12:00:00,1591.0,1591.0,1577.0,1577.0,-0.88,764.8,1202937.2,-1
2021-11-21,2021-11-21 13:00:00,1577.0,1577.0,1563.0,1563.0,-0.89,764.8,1202937.2,-1
2021-11-21,2021-11-21 14:00:00,1563.0,1563.0,1549.0,1549.0,-0.9,764.8,1202937.2,-1
2021-11-21,2021-11-21 15:00:00,1549.0,1605.4,1549.0,1549.0,0.0,764.8,1202937.2,0
2021-11-22,2021-11-22 11:00:00,1547.0,1624.5,1540.0,1585.25,2.47,6063.8,10014191.4,1
2021-11-22,2021-11-22 12:00:00,1585.25,1623.5,1585.25,1623.5,2.41,6063.8,10014191.4,1
2021-11-22,2021-11-22 13:00:00,1623.5,1661.75,1623.5,1661.75,2.36,6063.8,10014191.4,1
2021-11-22,2021-11-22 14:00:00,1661.75,1700.0,1661.75,1700.0,2.3,6063.8,10014191.4,1
2021-11-22,2021-11-22 15:00:00,1700.0,1702.0,1533.0,1700.0,0.0,6063.8,10014191.4,0
2021-11-23,2021-11-23 11:00:00,1734.0,1734.0,1688.0,1711.0,-1.33,2914.8,4860593.04,-1
2021-11-23,2021-11-23 12:00:00,1711.0,1711.0,1688.0,1688.0,-1.34,2914.8,4860593.04,-1
2021-11-23,2021-11-23 13:00:00,1688.0,1688.0,1665.0,1665.0,-1.36,2914.8,4860593.04,-1
2021-11-23,2021-11-23 14:00:00,1665.0,1665.0,1642.0,1642.0,-1.38,2914.8,4860593.04,-1
2021-11-23,2021-11-23 15:00:00,1642.0,1734.0,1642.0,1642.0,0.0,2914.8,4860593.04,0
2021-11-24,2021-11-24 11:00:00,1617.0,1645.5,1597.45,1620.25,0.2,4741.2,7660434.8,1
2021-11-24,2021-11-24 12:00:00,1620.25,1623.5,1620.25,1623.5,0.2,4741.2,7660434.8,1
2021-11-24,2021-11-24 13:00:00,1623.5,1626.75,1623.5,1626.75,0.2,4741.2,7660434.8,1
2021-11-24,2021-11-24 14:00:00,1626.75,1630.0,1626.75,1630.0,0.2,4741.2,7660434.8,1
2021-11-24,2021-11-24 15:00:00,1630.0,1674.0,1577.9,1630.0,0.0,4741.2,7660434.8,0
2021-11-25,2021-11-25 11:00:00,1600.0,1616.0,1534.05,1595.25,-0.3,11678.4,17839155.14,-1
2021-11-25,2021-11-25 12:00:00,1595.25,1595.25,1590.5,1590.5,-0.3,11678.4,17839155.14,-1
2021-11-25,2021-11-25 13:00:00,1590.5,1590.5,1585.75,1585.75,-0.3,11678.4,17839155.14,-1
2021-11-25,2021-11-25 14:00:00,1585.75,1585.75,1581.0,1581.0,-0.3,11678.4,17839155.14,-1
2021-11-25,2021-11-25 15:00:00,1581.0,1632.0,1468.1,1581.0,0.0,11678.4,17839155.14,0
2021-11-28,2021-11-28 11:00:00,1549.4,1549.4,1486.15,1537.05,-0.8,5912.2,8760229.64,-1
2021-11-28,2021-11-28 12:00:00,1537.05,1537.05,1524.7,1524.7,-0.8,5912.2,8760229.64,-1
2021-11-28,2021-11-28 13:00:00,1524.7,1524.7,1512.35,1512.35,-0.81,5912.2,8760229.64,-1
2021-11-28,2021-11-28 14:00:00,1512.35,1512.35,1500.0,1500.0,-0.82,5912.2,8760229.64,-1
2021-11-28,2021-11-28 15:00:00,1500.0,1549.4,1422.9,1500.0,0.0,5912.2,8760229.64,0
2021-11-29,2021-11-29 11:00:00,1475.0,1481.0,1432.5,1461.75,-0.9,4076.2,5847991.1,-1
2021-11-29,2021-11-29 12:00:00,1461.75,1461.75,1448.5,1448.5,-0.91,4076.2,5847991.1,-1
2021-11-29,2021-11-29 13:00:00,1448.5,1448.5,1435.25,1435.25,-0.91,4076.2,5847991.1,-1
2021-11-29,2021-11-29 14:00:00,1435.25,1435.25,1422.0,1422.0,-0.92,4076.2,5847991.1,-1
2021-11-29,2021-11-29 15:00:00,1422.0,1487.0,1390.0,1422.0,0.0,4076.2,5847991.1,0
2021-11-30,2021-11-30 11:00:00,1450.0,1450.0,1420.0,1443.75,-0.43,1476.0,2071850.84,-1
2021-11-30,2021-11-30 12:00:00,1443.75,1443.75,1437.5,1437.5,-0.43,1476.0,2071850.84,-1
2021-11-30,2021-11-30 13:00:00,1437.5,1437.5,1431.25,1431.25,-0.43,1476.0,2071850.84,-1
2021-11-30,2021-11-30 14:00:00,1431.25,1431.25,1425.0,1425.0,-0.44,1476.0,2071850.84,-1
2021-11-30,2021-11-30 15:00:00,1425.0,1450.0,1390.0,1425.0,0.0,1476.0,2071850.84,0
2021-12-01,2021-12-01 11:00:00,1425.0,1437.0,1417.0,1422.5,-0.18,1089.8,1551033.0,-1
2021-12-01,2021-12-01 12:00:00,1422.5,1422.5,1420.0,1420.0,-0.18,1089.8,1551033.0,-1
2021-12-01,2021-12-01 13:00:00,1420.0,1420.0,1417.5,1417.5,-0.18,1089.8,1551033.0,-1
2021-12-01,2021-12-01 14:00:00,1417.5,1417.5,1415.0,1415.0,-0.18,1089.8,1551033.0,-1
2021-12-01,2021-12-01 15:00:00,1415.0,1449.0,1409.0,1415.0,0.0,1089.8,1551033.0,0
2021-12-02,2021-12-02 11:00:00,1443.0,1451.5,1416.55,1430.25,-0.88,2083.0,2928493.82,-1
2021-12-02,2021-12-02 12:00:00,1430.25,1430.25,1417.5,1417.5,-0.89,2083.0,2928493.82,-1
2021-12-02,2021-12-02 13:00:00,1417.5,1417.5,1404.75,1404.75,-0.9,2083.0,2928493.82,-1
2021-12-02,2021-12-02 14:00:00,1404.75,1404.75,1392.0,1392.0,-0.91,2083.0,2928493.82,-1
2021-12-02,2021-12-02 15:00:00,1392.0,1460.0,1390.1,1392.0,0.0,2083.0,2928493.82,0
2021-12-05,2021-12-05 11:00:00,1392.0,1405.5,1369.75,1384.0,-0.57,1207.6,1654902.6,-1
2021-12-05,2021-12-05 12:00:00,1384.0,1384.0,1376.0,1376.0,-0.58,1207.6,1654902.6,-1
2021-12-05,2021-12-05 13:00:00,1376.0,1376.0,1368.0,1368.0,-0.58,1207.6,1654902.6,-1
2021-12-05,2021-12-05 14:00:00,1368.0,1368.0,1360.0,1360.0,-0.58,1207.6,1654902.6,-1
2021-12-05,2021-12-05 15:00:00,1360.0,1419.0,1347.5,1360.0,0.0,1207.6,1654902.6,0
2021-12-06,2021-12-06 11:00:00,1340.0,1384.0,1327.5,1347.25,0.54,1393.4,1876294.7,1
2021-12-06,2021-12-06 12:00:00,1347.25,1354.5,1347.25,1354.5,0.54,1393.4,1876294.7,1
2021-12-06,2021-12-06 13:00:00,1354.5,1361.75,1354.5,1361.75,0.54,1393.4,1876294.7,1
2021-12-06,2021-12-06 14:00:00,1361.75,1369.0,1361.75,1369.0,0.53,1393.4,1876294.7,1
2021-12-06,2021-12-06 15:00:00,1369.0,1428.0,1315.0,1369.0,0.0,1393.4,1876294.7,0
2021-12-07,2021-12-07 11:00:00,1396.3,1403.65,1360.65,1384.72,-0.83,973.8,1331810.8,-1
2021-12-07,2021-12-07 12:00:00,1384.72,1384.72,1373.15,1373.15,-0.84,973.8,1331810.8,-1
2021-12-07,2021-12-07 13:00:00,1373.15,1373.15,1361.58,1361.58,-0.84,973.8,1331810.8,-1
2021-12-07,2021-12-07 14:00:00,1361.58,1361.58,1350.0,1350.0,-0.85,973.8,1331810.8,-1
2021-12-07,2021-12-07 15:00:00,1350.0,1411.0,1325.0,1350.0,0.0,973.8,1331810.8,0
2021-12-08,2021-12-08 11:00:00,1324.0,1347.5,1319.5,1323.08,-0.07,731.4,970804.0,-1
2021-12-08,2021-12-08 12:00:00,1323.08,1323.08,1322.15,1322.15,-0.07,731.4,970804.0,-1
2021-12-08,2021-12-08 13:00:00,1322.15,1322.15,1321.22,1321.22,-0.07,731.4,970804.0,-1
2021-12-08,2021-12-08 14:00:00,1321.22,1321.22,1320.3,1320.3,-0.07,731.4,970804.0,-1
2021-12-08,2021-12-08 15:00:00,1320.3,1371.0,1315.0,1320.3,0.0,731.4,970804.0,0
2021-12-09,2021-12-09 11:00:00,1310.0,1328.35,1308.15,1316.25,0.48,700.8,928686.72,1
2021-12-09,2021-12-09 12:00:00,1316.25,1322.5,1316.25,1322.5,0.47,700.8,928686.72,1
2021-12-09,2021-12-09 13:00:00,1322.5,1328.75,1322.5,1328.75,0.47,700.8,928686.72,1
2021-12-09,2021-12-09 14:00:00,1328.75,1335.0,1328.75,1335.0,0.47,700.8,928686.72,1
2021-12-09,2021-12-09 15:00:00,1335.0,1346.7,1306.3,1335.0,0.0,700.8,928686.72,0
2021-12-12,2021-12-12 11:00:00,1336.0,1340.5,1311.0,1323.5,-0.94,1198.4,1560085.9,-1
2021-12-12,2021-12-12 12:00:00,1323.5,1323.5,1311.0,1311.0,-0.94,1198.4,1560085.9,-1
2021-12-12,2021-12-12 13:00:00,1311.0,1311.0,1298.5,1298.5,-0.95,1198.4,1560085.9,-1
2021-12-12,2021-12-12 14:00:00,1298.5,1298.5,1286.0,1286.0,-0.96,1198.4,1560085.9,-1
2021-12-12,2021-12-12 15:00:00,1286.0,1345.0,1286.0,1286.0,0.0,1198.4,1560085.9,0
2021-12-13,2021-12-13 11:00:00,1261.0,1280.5,1249.0,1264.5,0.28,1824.0,2332245.84,1
2021-12-13,2021-12-13 12:00:00,1264.5,1268.0,1264.5,1268.0,0.28,1824.0,2332245.84,1
2021-12-13,2021-12-13 13:00:00,1268.0,1271.5,1268.0,1271.5,0.28,1824.0,2332245.84,1
2021-12-13,2021-12-13 14:00:00,1271.5,1275.0,1271.5,1275.0,0.28,1824.0,2332245.84,1
2021-12-13,2021-12-13 15:00:00,1275.0,1300.0,1237.0,1275.0,0.0,1824.0,2332245.84,0
2021-12-14,2021-12-14 11:00:00,1300.0,1323.5,1299.5,1311.75,0.9,327.0,434257.6,1
2021-12-14,2021-12-14 12:00:00,1311.75,1323.5,1311.75,1323.5,0.9,327.0,434257.6,1
2021-12-14,2021-12-14 13:00:00,1323.5,1335.25,1323.5,1335.25,0.89,327.0,434257.6,1
2021-12-14,2021-12-14 14:00:00,1335.25,1347.0,1335.25,1347.0,0.88,327.0,434257.6,1
2021-12-14,2021-12-14 15:00:00,1347.0,1347.0,1299.0,1347.0,0.0,327.0,434257.6,0
2021-12-15,2021-12-15 11:00:00,1373.0,1385.5,1337.5,1357.5,-1.13,1717.6,2290163.2,-1
2021-12-15,2021-12-15 12:00:00,1357.5,1357.5,1342.0,1342.0,-1.14,1717.6,2290163.2,-1
2021-12-15,2021-12-15 13:00:00,1342.0,1342.0,1326.5,1326.5,-1.15,1717.6,2290163.2,-1
2021-12-15,2021-12-15 14:00:00,1326.5,1326.5,1311.0,1311.0,-1.17,1717.6,2290163.2,-1
2021-12-15,2021-12-15 15:00:00,1311.0,1398.0,1302.0,1311.0,0.0,1717.6,2290163.2,0
2021-12-16,2021-12-16 11:00:00,1300.0,1310.0,1292.5,1297.75,-0.17,1261.2,1633264.0,-1
2021-12-16,2021-12-16 12:00:00,1297.75,1297.75,1295.5,1295.5,-0.17,1261.2,1633264.0,-1
2021-12-16,2021-12-16 13:00:00,1295.5,1295.5,1293.25,1293.25,-0.17,1261.2,1633264.0,-1
2021-12-16,2021-12-16 14:00:00,1293.25,1293.25,1291.0,1291.0,-0.17,1261.2,1633264.0,-1
2021-12-16,2021-12-16 15:00:00,1291.0,1320.0,1285.0,1291.0,0.0,1261.2,1633264.0,0
2021-12-20,2021-12-20 11:00:00,1270.0,1290.0,1262.0,1267.75,-0.18,1672.4,2131141.7,-1
2021-12-20,2021-12-20 12:00:00,1267.75,1267.75,1265.5,1265.5,-0.18,1672.4,2131141.7,-1
2021-12-20,2021-12-20 13:00:00,1265.5,1265.5,1263.25,1263.25,-0.18,1672.4,2131141.7,-1
2021-12-20,2021-12-20 14:00:00,1263.25,1263.25,1261.0,1261.0,-0.18,1672.4,2131141.7,-1
2021-12-20,2021-12-20 15:00:00,1261.0,1310.0,1254.0,1261.0,0.0,1672.4,2131141.7,0
2021-12-21,2021-12-21 11:00:00,1286.2,1295.55,1283.1,1287.15,0.07,534.0,691758.3,1
2021-12-21,2021-12-21 12:00:00,1287.15,1288.1,1287.15,1288.1,0.07,534.0,691758.3,1
2021-12-21,2021-12-21 13:00:00,1288.1,1289.05,1288.1,1289.05,0.07,534.0,691758.3,1
2021-12-21,2021-12-21 14:00:00,1289.05,1290.0,1289.05,1290.0,0.07,534.0,691758.3,1
2021-12-21,2021-12-21 15:00:00,1290.0,1304.9,1280.0,1290.0,0.0,534.0,691758.3,0
2021-12-22,2021-12-22 11:00:00,1300.0,1331.2,1300.0,1312.53,0.96,1461.0,1961124.0,1
2021-12-22,2021-12-22 12:00:00,1312.53,1325.05,1312.53,1325.05,0.95,1461.0,1961124.0,1
2021-12-22,2021-12-22 13:00:00,1325.05,1337.57,1325.05,1337.57,0.94,1461.0,1961124.0,1
2021-12-22,2021-12-22 14:00:00,1337.57,1350.1,1337.57,1350.1,0.94,1461.0,1961124.0,1
2021-12-22,2021-12-22 15:00:00,1350.1,1362.4,1300.0,1350.1,0.0,1461.0,1961124.0,0
2021-12-23,2021-12-23 11:00:00,1331.0,1371.5,1327.05,1337.25,0.47,1732.8,2366315.94,1
2021-12-23,2021-12-23 12:00:00,1337.25,1343.5,1337.25,1343.5,0.47,1732.8,2366315.94,1
2021-12-23,2021-12-23 13:00:00,1343.5,1349.75,1343.5,1349.75,0.47,1732.8,2366315.94,1
2021-12-23,2021-12-23 14:00:00,1349.75,1356.0,1349.75,1356.0,0.46,1732.8,2366315.94,1
2021-12-23,2021-12-23 15:00:00,1356.0,1412.0,1323.1,1356.0,0.0,1732.8,2366315.94,0
2021-12-26,2021-12-26 11:00:00,1360.0,1385.0,1360.0,1368.75,0.64,1312.6,1832216.86,1
2021-12-26,2021-12-26 12:00:00,1368.75,1377.5,1368.75,1377.5,0.64,1312.6,1832216.86,1
2021-12-26,2021-12-26 13:00:00,1377.5,1386.25,1377.5,1386.25,0.64,1312.6,1832216.86,1
2021-12-26,2021-12-26 14:00:00,1386.25,1395.0,1386.25,1395.0,0.63,1312.6,1832216.86,1
2021-12-26,2021-12-26 15:00:00,1395.0,1410.0,1360.0,1395.0,0.0,1312.6,1832216.86,0
2021-12-27,2021-12-27 11:00:00,1385.0,1405.95,1367.5,1378.75,-0.45,2931.2,4087657.12,-1
2021-12-27,2021-12-27 12:00:00,1378.75,1378.75,1372.5,1372.5,-0.45,2931.2,4087657.12,-1
2021-12-27,2021-12-27 13:00:00,1372.5,1372.5,1366.25,1366.25,-0.46,2931.2,4087657.12,-1
2021-12-27,2021-12-27 14:00:00,1366.25,1366.25,1360.0,1360.0,-0.46,2931.2,4087657.12,-1
2021-12-27,2021-12-27 15:00:00,1360.0,1426.9,1350.0,1360.0,0.0,2931.2,4087657.12,0
2021-12-28,2021-12-28 11:00:00,1370.0,1377.5,1355.5,1371.0,0.07,558.0,761928.8,1
2021-12-28,2021-12-28 12:00:00,1371.0,1372.0,1371.0,1372.0,0.07,558.0,761928.8,1
2021-12-28,2021-12-28 13:00:00,1372.0,1373.0,1372.0,1373.0,0.07,558.0,761928.8,1
2021-12-28,2021-12-28 14:00:00,1373.0,1374.0,1373.0,1374.0,0.07,558.0,761928.8,1
2021-12-28,2021-12-28 15:00:00,1374.0,1385.0,1341.0,1374.0,0.0,558.0,761928.8,0
2021-12-29,2021-12-29 11:00:00,1400.0,1400.0,1383.0,1394.75,-0.38,950.2,1314479.3,-1
2021-12-29,2021-12-29 12:00:00,1394.75,1394.75,1389.5,1389.5,-0.38,950.2,1314479.3,-1
2021-12-29,2021-12-29 13:00:00,1389.5,1389.5,1384.25,1384.25,-0.38,950.2,1314479.3,-1
2021-12-29,2021-12-29 14:00:00,1384.25,1384.25,1379.0,1379.0,-0.38,950.2,1314479.3,-1
2021-12-29,2021-12-29 15:00:00,1379.0,1400.0,1366.0,1379.0,0.0,950.2,1314479.3,0
2022-01-02,2022-01-02 11:00:00,1405.0,1419.5,1395.0,1410.25,0.37,2037.8,2900094.98,1
2022-01-02,2022-01-02 12:00:00,1410.25,1415.5,1410.25,1415.5,0.37,2037.8,2900094.98,1
2022-01-02,2022-01-02 13:00:00,1415.5,1420.75,1415.5,1420.75,0.37,2037.8,2900094.98,1
2022-01-02,2022-01-02 14:00:00,1420.75,1426.0,1420.75,1426.0,0.37,2037.8,2900094.98,1
2022-01-02,2022-01-02 15:00:00,1426.0,1434.0,1385.0,1426.0,0.0,2037.8,2900094.98,0
2022-01-03,2022-01-03 11:00:00,1450.0,1457.5,1437.5,1447.0,-0.21,1754.4,2538994.24,-1
2022-01-03,2022-01-03 12:00:00,1447.0,1447.0,1444.0,1444.0,-0.21,1754.4,2538994.24,-1
2022-01-03,2022-01-03 13:00:00,1444.0,1444.0,1441.0,1441.0,-0.21,1754.4,2538994.24,-1
2022-01-03,2022-01-03 14:00:00,1441.0,1441.0,1438.0,1438.0,-0.21,1754.4,2538994.24,-1
2022-01-03,2022-01-03 15:00:00,1438.0,1465.0,1425.0,1438.0,0.0,1754.4,2538994.24,0
2022-01-04,2022-01-04 11:00:00,1438.0,1459.0,1429.5,1448.25,0.71,1264.8,1851222.82,1
2022-01-04,2022-01-04 12:00:00,1448.25,1458.5,1448.25,1458.5,0.71,1264.8,1851222.82,1
2022-01-04,2022-01-04 13:00:00,1458.5,1468.75,1458.5,1468.75,0.7,1264.8,1851222.82,1
2022-01-04,2022-01-04 14:00:00,1468.75,1479.0,1468.75,1479.0,0.7,1264.8,1851222.82,1
2022-01-04,2022-01-04 15:00:00,1479.0,1480.0,1421.0,1479.0,0.0,1264.8,1851222.82,0
2022-01-05,2022-01-05 11:00:00,1480.0,1480.0,1457.5,1471.0,-0.61,1485.2,2172175.2,-1
2022-01-05,2022-01-05 12:00:00,1471.0,1471.0,1462.0,1462.0,-0.61,1485.2,2172175.2,-1
2022-01-05,2022-01-05 13:00:00,1462.0,1462.0,1453.0,1453.0,-0.62,1485.2,2172175.2,-1
2022-01-05,2022-01-05 14:00:00,1453.0,1453.0,1444.0,1444.0,-0.62,1485.2,2172175.2,-1
2022-01-05,2022-01-05 15:00:00,1444.0,1480.0,1435.0,1444.0,0.0,1485.2,2172175.2,0
2022-01-06,2022-01-06 11:00:00,1449.0,1507.0,1446.5,1465.5,1.14,3093.4,4651307.4,1
2022-01-06,2022-01-06 12:00:00,1465.5,1482.0,1465.5,1482.0,1.13,3093.4,4651307.4,1
2022-01-06,2022-01-06 13:00:00,1482.0,1498.5,1482.0,1498.5,1.11,3093.4,4651307.4,1
2022-01-06,2022-01-06 14:00:00,1498.5,1515.0,1498.5,1515.0,1.1,3093.4,4651307.4,1
2022-01-06,2022-01-06 15:00:00,1515.0,1565.0,1444.0,1515.0,0.0,3093.4,4651307.4,0
2022-01-09,2022-01-09 11:00:00,1525.0,1540.0,1507.5,1520.0,-0.33,2511.4,3811078.36,-1
2022-01-09,2022-01-09 12:00:00,1520.0,1520.0,1515.0,1515.0,-0.33,2511.4,3811078.36,-1
2022-01-09,2022-01-09 13:00:00,1515.0,1515.0,1510.0,1510.0,-0.33,2511.4,3811078.36,-1
2022-01-09,2022-01-09 14:00:00,1510.0,1510.0,1505.0,1505.0,-0.33,2511.4,3811078.36,-1
2022-01-09,2022-01-09 15:00:00,1505.0,1555.0,1490.0,1505.0,0.0,2511.4,3811078.36,0
2022-01-10,2022-01-10 11:00:00,1492.0,1496.0,1475.5,1484.0,-0.54,2876.4,4247809.38,-1
2022-01-10,2022-01-10 12:00:00,1484.0,1484.0,1476.0,1476.0,-0.54,2876.4,4247809.38,-1
2022-01-10,2022-01-10 13:00:00,1476.0,1476.0,1468.0,1468.0,-0.54,2876.4,4247809.38,-1
2022-01-10,2022-01-10 14:00:00,1468.0,1468.0,1460.0,1460.0,-0.54,2876.4,4247809.38,-1
2022-01-10,2022-01-10 15:00:00,1460.0,1500.0,1459.0,1460.0,0.0,2876.4,4247809.38,0
2022-01-11,2022-01-11 11:00:00,1460.0,1474.6,1451.0,1459.0,-0.07,2954.8,4333014.96,-1
2022-01-11,2022-01-11 12:00:00,1459.0,1459.0,1458.0,1458.0,-0.07,2954.8,4333014.96,-1
2022-01-11,2022-01-11 13:00:00,1458.0,1458.0,1457.0,1457.0,-0.07,2954.8,4333014.96,-1
2022-01-11,2022-01-11 14:00:00,1457.0,1457.0,1456.0,1456.0,-0.07,2954.8,4333014.96,-1
2022-01-11,2022-01-11 15:00:00,1456.0,1489.2,1442.0,1456.0,0.0,2954.8,4333014.96,0
2022-01-12,2022-01-12 11:00:00,1456.0,1470.0,1448.0,1453.25,-0.19,1945.0,2845556.08,-1
2022-01-12,2022-01-12 12:00:00,1453.25,1453.25,1450.5,1450.5,-0.19,1945.0,2845556.08,-1
2022-01-12,2022-01-12 13:00:00,1450.5,1450.5,1447.75,1447.75,-0.19,1945.0,2845556.08,-1
2022-01-12,2022-01-12 14:00:00,1447.75,1447.75,1445.0,1445.0,-0.19,1945.0,2845556.08,-1
2022-01-12,2022-01-12 15:00:00,1445.0,1484.0,1440.0,1445.0,0.0,1945.0,2845556.08,0
2022-01-13,2022-01-13 11:00:00,1468.0,1468.0,1454.55,1467.0,-0.07,1298.6,1888370.2,-1
2022-01-13,2022-01-13 12:00:00,1467.0,1467.0,1466.0,1466.0,-0.07,1298.6,1888370.2,-1
2022-01-13,2022-01-13 13:00:00,1466.0,1466.0,1465.0,1465.0,-0.07,1298.6,1888370.2,-1
2022-01-13,2022-01-13 14:00:00,1465.0,1465.0,1464.0,1464.0,-0.07,1298.6,1888370.2,-1
2022-01-13,2022-01-13 15:00:00,1464.0,1468.0,1441.1,1464.0,0.0,1298.6,1888370.2,0
2022-01-16,2022-01-16 11:00:00,1493.0,1504.0,1484.0,1494.75,0.12,3438.2,5143308.0,1
2022-01-16,2022-01-16 12:00:00,1494.75,1496.5,1494.75,1496.5,0.12,3438.2,5143308.0,1
2022-01-16,2022-01-16 13:00:00,1496.5,1498.25,1496.5,1498.25,0.12,3438.2,5143308.0,1
2022-01-16,2022-01-16 14:00:00,1498.25,1500.0,1498.25,1500.0,0.12,3438.2,5143308.0,1
2022-01-16,2022-01-16 15:00:00,1500.0,1515.0,1475.0,1500.0,0.0,3438.2,5143308.0,0
2022-01-17,2022-01-17 11:00:00,1528.0,1528.0,1499.5,1522.25,-0.38,1591.0,2380060.14,-1
2022-01-17,2022-01-17 12:00:00,1522.25,1522.25,1516.5,1516.5,-0.38,1591.0,2380060.14,-1
2022-01-17,2022-01-17 13:00:00,1516.5,1516.5,1510.75,1510.75,-0.38,1591.0,2380060.14,-1
2022-01-17,2022-01-17 14:00:00,1510.75,1510.75,1505.0,1505.0,-0.38,1591.0,2380060.14,-1
2022-01-17,2022-01-17 15:00:00,1505.0,1528.0,1471.0,1505.0,0.0,1591.0,2380060.14,0
2022-01-18,2022-01-18 11:00:00,1478.0,1520.0,1478.0,1480.25,0.15,2730.8,4170942.16,1
2022-01-18,2022-01-18 12:00:00,1480.25,1482.5,1480.25,1482.5,0.15,2730.8,4170942.16,1
2022-01-18,2022-01-18 13:00:00,1482.5,1484.75,1482.5,1484.75,0.15,2730.8,4170942.16,1
2022-01-18,2022-01-18 14:00:00,1484.75,1487.0,1484.75,1487.0,0.15,2730.8,4170942.16,1
2022-01-18,2022-01-18 15:00:00,1487.0,1562.0,1478.0,1487.0,0.0,2730.8,4170942.16,0
2022-01-19,2022-01-19 11:00:00,1516.0,1531.0,1493.0,1504.5,-0.76,1143.4,1702728.8,-1
2022-01-19,2022-01-19 12:00:00,1504.5,1504.5,1493.0,1493.0,-0.76,1143.4,1702728.8,-1
2022-01-19,2022-01-19 13:00:00,1493.0,1493.0,1481.5,1481.5,-0.77,1143.4,1702728.8,-1
2022-01-19,2022-01-19 14:00:00,1481.5,1481.5,1470.0,1470.0,-0.78,1143.4,1702728.8,-1
2022-01-19,2022-01-19 15:00:00,1470.0,1546.0,1470.0,1470.0,0.0,1143.4,1702728.8,0
2022-01-20,2022-01-20 11:00:00,1452.0,1470.5,1452.0,1459.05,0.49,527.6,776077.9,1
2022-01-20,2022-01-20 12:00:00,1459.05,1466.1,1459.05,1466.1,0.48,527.6,776077.9,1
2022-01-20,2022-01-20 13:00:00,1466.1,1473.15,1466.1,1473.15,0.48,527.6,776077.9,1
2022-01-20,2022-01-20 14:00:00,1473.15,1480.2,1473.15,1480.2,0.48,527.6,776077.9,1
2022-01-20,2022-01-20 15:00:00,1480.2,1489.0,1452.0,1480.2,0.0,527.6,776077.9,0
2022-01-23,2022-01-23 11:00:00,1480.0,1492.5,1470.75,1475.38,-0.31,744.8,1102181.58,-1
2022-01-23,2022-01-23 12:00:00,1475.38,1475.38,1470.75,1470.75,-0.31,744.8,1102181.58,-1
2022-01-23,2022-01-23 13:00:00,1470.75,1470.75,1466.12,1466.12,-0.31,744.8,1102181.58,-1
2022-01-23,2022-01-23 14:00:00,1466.12,1466.12,1461.5,1461.5,-0.32,744.8,1102181.58,-1
2022-01-23,2022-01-23 15:00:00,1461.5,1505.0,1461.5,1461.5,0.0,744.8,1102181.58,0
2022-01-24,2022-01-24 11:00:00,1460.0,1461.0,1425.0,1451.75,-0.57,1894.6,2690319.8,-1
2022-01-24,2022-01-24 12:00:00,1451.75,1451.75,1443.5,1443.5,-0.57,1894.6,2690319.8,-1
2022-01-24,2022-01-24 13:00:00,1443.5,1443.5,1435.25,1435.25,-0.57,1894.6,2690319.8,-1
2022-01-24,2022-01-24 14:00:00,1435.25,1435.25,1427.0,1427.0,-0.57,1894.6,2690319.8,-1
2022-01-24,2022-01-24 15:00:00,1427.0,1462.0,1390.0,1427.0,0.0,1894.6,2690319.8,0
2022-01-25,2022-01-25 11:00:00,1405.0,1430.0,1396.5,1400.75,-0.3,1059.8,1492677.98,-1
2022-01-25,2022-01-25 12:00:00,1400.75,1400.75,1396.5,1396.5,-0.3,1059.8,1492677.98,-1
2022-01-25,2022-01-25 13:00:00,1396.5,1396.5,1392.25,1392.25,-0.3,1059.8,1492677.98,-1
2022-01-25,2022-01-25 14:00:00,1392.25,1392.25,1388.0,1388.0,-0.31,1059.8,1492677.98,-1
2022-01-25,2022-01-25 15:00:00,1388.0,1455.0,1388.0,1388.0,0.0,1059.8,1492677.98,0
2022-01-26,2022-01-26 11:00:00,1381.0,1408.5,1376.55,1387.25,0.45,1598.8,2234304.1,1
2022-01-26,2022-01-26 12:00:00,1387.25,1393.5,1387.25,1393.5,0.45,1598.8,2234304.1,1
2022-01-26,2022-01-26 13:00:00,1393.5,1399.75,1393.5,1399.75,0.45,1598.8,2234304.1,1
2022-01-26,2022-01-26 14:00:00,1399.75,1406.0,1399.75,1406.0,0.45,1598.8,2234304.1,1
2022-01-26,2022-01-26 15:00:00,1406.0,1436.0,1372.1,1406.0,0.0,1598.8,2234304.1,0
2022-01-27,2022-01-27 11:00:00,1420.0,1420.0,1405.0,1413.75,-0.44,626.8,877279.4,-1
2022-01-27,2022-01-27 12:00:00,1413.75,1413.75,1407.5,1407.5,-0.44,626.8,877279.4,-1
2022-01-27,2022-01-27 13:00:00,1407.5,1407.5,1401.25,1401.25,-0.44,626.8,877279.4,-1
2022-01-27,2022-01-27 14:00:00,1401.25,1401.25,1395.0,1395.0,-0.45,626.8,877279.4,-1
2022-01-27,2022-01-27 15:00:00,1395.0,1420.0,1390.0,1395.0,0.0,626.8,877279.4,0
2022-01-30,2022-01-30 11:00:00,1422.9,1444.05,1422.9,1432.18,0.65,1331.6,1933794.72,1
2022-01-30,2022-01-30 12:00:00,1432.18,1441.45,1432.18,1441.45,0.65,1331.6,1933794.72,1
2022-01-30,2022-01-30 13:00:00,1441.45,1450.72,1441.45,1450.72,0.64,1331.6,1933794.72,1
2022-01-30,2022-01-30 14:00:00,1450.72,1460.0,1450.72,1460.0,0.64,1331.6,1933794.72,1
2022-01-30,2022-01-30 15:00:00,1460.0,1465.2,1422.9,1460.0,0.0,1331.6,1933794.72,0
2022-01-31,2022-01-31 11:00:00,1489.2,1489.2,1464.9,1481.65,-0.51,1437.8,2094299.56,-1
2022-01-31,2022-01-31 12:00:00,1481.65,1481.65,1474.1,1474.1,-0.51,1437.8,2094299.56,-1
2022-01-31,2022-01-31 13:00:00,1474.1,1474.1,1466.55,1466.55,-0.51,1437.8,2094299.56,-1
2022-01-31,2022-01-31 14:00:00,1466.55,1466.55,1459.0,1459.0,-0.51,1437.8,2094299.56,-1
2022-01-31,2022-01-31 15:00:00,1459.0,1489.2,1440.6,1459.0,0.0,1437.8,2094299.56,0
2022-02-01,2022-02-01 11:00:00,1432.2,1456.1,1432.2,1437.9,0.4,1053.6,1539262.8,1
2022-02-01,2022-02-01 12:00:00,1437.9,1443.6,1437.9,1443.6,0.4,1053.6,1539262.8,1
2022-02-01,2022-02-01 13:00:00,1443.6,1449.3,1443.6,1449.3,0.39,1053.6,1539262.8,1
2022-02-01,2022-02-01 14:00:00,1449.3,1455.0,1449.3,1455.0,0.39,1053.6,1539262.8,1
2022-02-01,2022-02-01 15:00:00,1455.0,1480.0,1432.2,1455.0,0.0,1053.6,1539262.8,0
2022-02-03,2022-02-03 11:00:00,1470.0,1470.0,1447.5,1459.0,-0.75,2307.8,3338558.42,-1
2022-02-03,2022-02-03 12:00:00,1459.0,1459.0,1448.0,1448.0,-0.75,2307.8,3338558.42,-1
2022-02-03,2022-02-03 13:00:00,1448.0,1448.0,1437.0,1437.0,-0.76,2307.8,3338558.42,-1
2022-02-03,2022-02-03 14:00:00,1437.0,1437.0,1426.0,1426.0,-0.77,2307.8,3338558.42,-1
2022-02-03,2022-02-03 15:00:00,1426.0,1470.0,1425.0,1426.0,0.0,2307.8,3338558.42,0
2022-02-06,2022-02-06 11:00:00,1405.0,1426.5,1405.0,1408.75,0.27,802.0,1139593.26,1
2022-02-06,2022-02-06 12:00:00,1408.75,1412.5,1408.75,1412.5,0.27,802.0,1139593.26,1
2022-02-06,2022-02-06 13:00:00,1412.5,1416.25,1412.5,1416.25,0.27,802.0,1139593.26,1
2022-02-06,2022-02-06 14:00:00,1416.25,1420.0,1416.25,1420.0,0.26,802.0,1139593.26,1
2022-02-06,2022-02-06 15:00:00,1420.0,1448.0,1405.0,1420.0,0.0,802.0,1139593.26,0
2022-02-07,2022-02-07 11:00:00,1405.0,1425.5,1405.0,1408.5,0.25,360.4,512989.8,1
2022-02-07,2022-02-07 12:00:00,1408.5,1412.0,1408.5,1412.0,0.25,360.4,512989.8,1
2022-02-07,2022-02-07 13:00:00,1412.0,1415.5,1412.0,1415.5,0.25,360.4,512989.8,1
2022-02-07,2022-02-07 14:00:00,1415.5,1419.0,1415.5,1419.0,0.25,360.4,512989.8,1
2022-02-07,2022-02-07 15:00:00,1419.0,1446.0,1405.0,1419.0,0.0,360.4,512989.8,0
2022-02-08,2022-02-08 11:00:00,1447.3,1461.15,1432.2,1441.22,-0.42,1601.6,2297914.4,-1
2022-02-08,2022-02-08 12:00:00,1441.22,1441.22,1435.15,1435.15,-0.42,1601.6,2297914.4,-1
2022-02-08,2022-02-08 13:00:00,1435.15,1435.15,1429.08,1429.08,-0.42,1601.6,2297914.4,-1
2022-02-08,2022-02-08 14:00:00,1429.08,1429.08,1423.0,1423.0,-0.43,1601.6,2297914.4,-1
2022-02-08,2022-02-08 15:00:00,1423.0,1475.0,1417.1,1423.0,0.0,1601.6,2297914.4,0
2022-02-09,2022-02-09 11:00:00,1420.0,1428.9,1415.05,1420.25,0.02,556.0,790323.16,1
2022-02-09,2022-02-09 12:00:00,1420.25,1420.5,1420.25,1420.5,0.02,556.0,790323.16,1
2022-02-09,2022-02-09 13:00:00,1420.5,1420.75,1420.5,1420.75,0.02,556.0,790323.16,1
2022-02-09,2022-02-09 14:00:00,1420.75,1421.0,1420.75,1421.0,0.02,556.0,790323.16,1
2022-02-09,2022-02-09 15:00:00,1421.0,1437.8,1410.1,1421.0,0.0,556.0,790323.16,0
2022-02-10,2022-02-10 11:00:00,1410.0,1424.95,1410.0,1413.75,0.27,554.6,787344.7,1
2022-02-10,2022-02-10 12:00:00,1413.75,1417.5,1413.75,1417.5,0.27,554.6,787344.7,1
2022-02-10,2022-02-10 13:00:00,1417.5,1421.25,1417.5,1421.25,0.26,554.6,787344.7,1
2022-02-10,2022-02-10 14:00:00,1421.25,1425.0,1421.25,1425.0,0.26,554.6,787344.7,1
2022-02-10,2022-02-10 15:00:00,1425.0,1439.9,1410.0,1425.0,0.0,554.6,787344.7,0
2022-02-13,2022-02-13 11:00:00,1405.0,1405.0,1388.0,1397.55,-0.53,1013.2,1400970.6,-1
2022-02-13,2022-02-13 12:00:00,1397.55,1397.55,1390.1,1390.1,-0.53,1013.2,1400970.6,-1
2022-02-13,2022-02-13 13:00:00,1390.1,1390.1,1382.65,1382.65,-0.54,1013.2,1400970.6,-1
2022-02-13,2022-02-13 14:00:00,1382.65,1382.65,1375.2,1375.2,-0.54,1013.2,1400970.6,-1
2022-02-13,2022-02-13 15:00:00,1375.2,1405.0,1371.0,1375.2,0.0,1013.2,1400970.6,0
2022-02-14,2022-02-14 11:00:00,1375.2,1394.85,1368.1,1380.15,0.36,1237.2,1724251.1,1
2022-02-14,2022-02-14 12:00:00,1380.15,1385.1,1380.15,1385.1,0.36,1237.2,1724251.1,1
2022-02-14,2022-02-14 13:00:00,1385.1,1390.05,1385.1,1390.05,0.36,1237.2,1724251.1,1
2022-02-14,2022-02-14 14:00:00,1390.05,1395.0,1390.05,1395.0,0.36,1237.2,1724251.1,1
2022-02-14,2022-02-14 15:00:00,1395.0,1414.5,1361.0,1395.0,0.0,1237.2,1724251.1,0
2022-02-15,2022-02-15 11:00:00,1420.0,1420.0,1400.0,1417.25,-0.19,804.0,1117947.0,-1
2022-02-15,2022-02-15 12:00:00,1417.25,1417.25,1414.5,1414.5,-0.19,804.0,1117947.0,-1
2022-02-15,2022-02-15 13:00:00,1414.5,1414.5,1411.75,1411.75,-0.19,804.0,1117947.0,-1
2022-02-15,2022-02-15 14:00:00,1411.75,1411.75,1409.0,1409.0,-0.19,804.0,1117947.0,-1
2022-02-15,2022-02-15 15:00:00,1409.0,1420.0,1380.0,1409.0,0.0,804.0,1117947.0,0
2022-02-16,2022-02-16 11:00:00,1400.0,1404.0,1387.55,1399.97,-0.0,602.2,838202.56,-1
2022-02-16,2022-02-16 12:00:00,1399.97,1399.97,1399.95,1399.95,-0.0,602.2,838202.56,-1
2022-02-16,2022-02-16 13:00:00,1399.95,1399.95,1399.93,1399.93,-0.0,602.2,838202.56,-1
2022-02-16,2022-02-16 14:00:00,1399.93,1399.93,1399.9,1399.9,-0.0,602.2,838202.56,-1
2022-02-16,2022-02-16 15:00:00,1399.9,1408.0,1375.1,1399.9,0.0,602.2,838202.56,0
2022-02-17,2022-02-17 11:00:00,1400.0,1400.0,1386.0,1396.6,-0.24,361.0,501023.4,-1
2022-02-17,2022-02-17 12:00:00,1396.6,1396.6,1393.2,1393.2,-0.24,361.0,501023.4,-1
2022-02-17,2022-02-17 13:00:00,1393.2,1393.2,1389.8,1389.8,-0.24,361.0,501023.4,-1
2022-02-17,2022-02-17 14:00:00,1389.8,1389.8,1386.4,1386.4,-0.24,361.0,501023.4,-1
2022-02-17,2022-02-17 15:00:00,1386.4,1400.0,1372.0,1386.4,0.0,361.0,501023.4,0
2022-02-20,2022-02-20 11:00:00,1386.4,1386.4,1368.2,1383.55,-0.21,473.0,647648.7,-1
2022-02-20,2022-02-20 12:00:00,1383.55,1383.55,1380.7,1380.7,-0.21,473.0,647648.7,-1
2022-02-20,2022-02-20 13:00:00,1380.7,1380.7,1377.85,1377.85,-0.21,473.0,647648.7,-1
2022-02-20,2022-02-20 14:00:00,1377.85,1377.85,1375.0,1375.0,-0.21,473.0,647648.7,-1
2022-02-20,2022-02-20 15:00:00,1375.0,1386.4,1350.0,1375.0,0.0,473.0,647648.7,0
2022-02-21,2022-02-21 11:00:00,1399.9,1399.9,1387.45,1395.68,-0.3,630.0,875348.0,-1
2022-02-21,2022-02-21 12:00:00,1395.68,1395.68,1391.45,1391.45,-0.3,630.0,875348.0,-1
2022-02-21,2022-02-21 13:00:00,1391.45,1391.45,1387.22,1387.22,-0.3,630.0,875348.0,-1
2022-02-21,2022-02-21 14:00:00,1387.22,1387.22,1383.0,1383.0,-0.3,630.0,875348.0,-1
2022-02-21,2022-02-21 15:00:00,1383.0,1399.9,1375.0,1383.0,0.0,630.0,875348.0,0
2022-02-22,2022-02-22 11:00:00,1407.6,1408.8,1393.8,1403.7,-0.28,560.0,781587.7,-1
2022-02-22,2022-02-22 12:00:00,1403.7,1403.7,1399.8,1399.8,-0.28,560.0,781587.7,-1
2022-02-22,2022-02-22 13:00:00,1399.8,1399.8,1395.9,1395.9,-0.28,560.0,781587.7,-1
2022-02-22,2022-02-22 14:00:00,1395.9,1395.9,1392.0,1392.0,-0.28,560.0,781587.7,-1
2022-02-22,2022-02-22 15:00:00,1392.0,1410.0,1380.0,1392.0,0.0,560.0,781587.7,0
2022-02-23,2022-02-23 11:00:00,1419.0,1419.0,1396.0,1407.5,-0.81,652.2,906495.48,-1
2022-02-23,2022-02-23 12:00:00,1407.5,1407.5,1396.0,1396.0,-0.82,652.2,906495.48,-1
2022-02-23,2022-02-23 13:00:00,1396.0,1396.0,1384.5,1384.5,-0.82,652.2,906495.48,-1
2022-02-23,2022-02-23 14:00:00,1384.5,1384.5,1373.0,1373.0,-0.83,652.2,906495.48,-1
2022-02-23,2022-02-23 15:00:00,1373.0,1419.0,1373.0,1373.0,0.0,652.2,906495.48,0
2022-02-24,2022-02-24 11:00:00,1356.0,1362.5,1352.0,1354.0,-0.15,698.8,947309.76,-1
2022-02-24,2022-02-24 12:00:00,1354.0,1354.0,1352.0,1352.0,-0.15,698.8,947309.76,-1
2022-02-24,2022-02-24 13:00:00,1352.0,1352.0,1350.0,1350.0,-0.15,698.8,947309.76,-1
2022-02-24,2022-02-24 14:00:00,1350.0,1350.0,1348.0,1348.0,-0.15,698.8,947309.76,-1
2022-02-24,2022-02-24 15:00:00,1348.0,1369.0,1348.0,1348.0,0.0,698.8,947309.76,0
2022-02-27,2022-02-27 11:00:00,1345.0,1357.5,1345.0,1347.25,0.17,369.2,500479.36,1
2022-02-27,2022-02-27 12:00:00,1347.25,1349.5,1347.25,1349.5,0.17,369.2,500479.36,1
2022-02-27,2022-02-27 13:00:00,1349.5,1351.75,1349.5,1351.75,0.17,369.2,500479.36,1
2022-02-27,2022-02-27 14:00:00,1351.75,1354.0,1351.75,1354.0,0.17,369.2,500479.36,1
2022-02-27,2022-02-27 15:00:00,1354.0,1370.0,1345.0,1354.0,0.0,369.2,500479.36,0
2022-02-28,2022-02-28 11:00:00,1381.0,1381.0,1358.0,1369.5,-0.83,704.2,951514.2,-1
2022-02-28,2022-02-28 12:00:00,1369.5,1369.5,1358.0,1358.0,-0.84,704.2,951514.2,-1
2022-02-28,2022-02-28 13:00:00,1358.0,1358.0,1346.5,1346.5,-0.85,704.2,951514.2,-1
2022-02-28,2022-02-28 14:00:00,1346.5,1346.5,1335.0,1335.0,-0.85,704.2,951514.2,-1
2022-02-28,2022-02-28 15:00:00,1335.0,1381.0,1335.0,1335.0,0.0,704.2,951514.2,0
2022-03-02,2022-03-02 11:00:00,1311.0,1336.35,1311.0,1312.3,0.1,719.0,952496.0,1
2022-03-02,2022-03-02 12:00:00,1312.3,1313.6,1312.3,1313.6,0.1,719.0,952496.0,1
2022-03-02,2022-03-02 13:00:00,1313.6,1314.9,1313.6,1314.9,0.1,719.0,952496.0,1
2022-03-02,2022-03-02 14:00:00,1314.9,1316.2,1314.9,1316.2,0.1,719.0,952496.0,1
2022-03-02,2022-03-02 15:00:00,1316.2,1361.7,1311.0,1316.2,0.0,719.0,952496.0,0
2022-03-06,2022-03-06 11:00:00,1316.2,1332.6,1308.6,1318.4,0.17,593.0,785664.6,1
2022-03-06,2022-03-06 12:00:00,1318.4,1320.6,1318.4,1320.6,0.17,593.0,785664.6,1
2022-03-06,2022-03-06 13:00:00,1320.6,1322.8,1320.6,1322.8,0.17,593.0,785664.6,1
2022-03-06,2022-03-06 14:00:00,1322.8,1325.0,1322.8,1325.0,0.17,593.0,785664.6,1
2022-03-06,2022-03-06 15:00:00,1325.0,1349.0,1301.0,1325.0,0.0,593.0,785664.6,0
2022-03-07,2022-03-07 11:00:00,1306.0,1333.0,1305.5,1313.53,0.58,681.0,912421.2,1
2022-03-07,2022-03-07 12:00:00,1313.53,1321.05,1313.53,1321.05,0.57,681.0,912421.2,1
2022-03-07,2022-03-07 13:00:00,1321.05,1328.57,1321.05,1328.57,0.57,681.0,912421.2,1
2022-03-07,2022-03-07 14:00:00,1328.57,1336.1,1328.57,1336.1,0.57,681.0,912421.2,1
2022-03-07,2022-03-07 15:00:00,1336.1,1360.0,1305.0,1336.1,0.0,681.0,912421.2,0
2022-03-09,2022-03-09 11:00:00,1320.0,1328.0,1317.0,1324.0,0.3,520.8,689561.0,1
2022-03-09,2022-03-09 12:00:00,1324.0,1328.0,1324.0,1328.0,0.3,520.8,689561.0,1
2022-03-09,2022-03-09 13:00:00,1328.0,1332.0,1328.0,1332.0,0.3,520.8,689561.0,1
2022-03-09,2022-03-09 14:00:00,1332.0,1336.0,1332.0,1336.0,0.3,520.8,689561.0,1
2022-03-09,2022-03-09 15:00:00,1336.0,1336.0,1314.0,1336.0,0.0,520.8,689561.0,0
2022-03-10,2022-03-10 11:00:00,1315.0,1334.0,1313.5,1321.25,0.48,580.0,776669.0,1
2022-03-10,2022-03-10 12:00:00,1321.25,1327.5,1321.25,1327.5,0.47,580.0,776669.0,1
2022-03-10,2022-03-10 13:00:00,1327.5,1333.75,1327.5,1333.75,0.47,580.0,776669.0,1
2022-03-10,2022-03-10 14:00:00,1333.75,1340.0,1333.75,1340.0,0.47,580.0,776669.0,1
2022-03-10,2022-03-10 15:00:00,1340.0,1353.0,1312.0,1340.0,0.0,580.0,776669.0,0
2022-03-13,2022-03-13 11:00:00,1366.0,1397.0,1353.0,1374.5,0.62,1419.8,1969266.5,1
2022-03-13,2022-03-13 12:00:00,1374.5,1383.0,1374.5,1383.0,0.62,1419.8,1969266.5,1
2022-03-13,2022-03-13 13:00:00,1383.0,1391.5,1383.0,1391.5,0.61,1419.8,1969266.5,1
2022-03-13,2022-03-13 14:00:00,1391.5,1400.0,1391.5,1400.0,0.61,1419.8,1969266.5,1
2022-03-13,2022-03-13 15:00:00,1400.0,1428.0,1340.0,1400.0,0.0,1419.8,1969266.5,0
2022-03-14,2022-03-14 11:00:00,1400.0,1400.0,1388.0,1399.75,-0.02,124.0,171885.0,-1
2022-03-14,2022-03-14 12:00:00,1399.75,1399.75,1399.5,1399.5,-0.02,124.0,171885.0,-1
2022-03-14,2022-03-14 13:00:00,1399.5,1399.5,1399.25,1399.25,-0.02,124.0,171885.0,-1
2022-03-14,2022-03-14 14:00:00,1399.25,1399.25,1399.0,1399.0,-0.02,124.0,171885.0,-1
2022-03-14,2022-03-14 15:00:00,1399.0,1400.0,1376.0,1399.0,0.0,124.0,171885.0,0
2022-03-15,2022-03-15 11:00:00,1426.0,1439.5,1400.5,1421.5,-0.32,2550.6,3631668.4,-1
2022-03-15,2022-03-15 12:00:00,1421.5,1421.5,1417.0,1417.0,-0.32,2550.6,3631668.4,-1
2022-03-15,2022-03-15 13:00:00,1417.0,1417.0,1412.5,1412.5,-0.32,2550.6,3631668.4,-1
2022-03-15,2022-03-15 14:00:00,1412.5,1412.5,1408.0,1408.0,-0.32,2550.6,3631668.4,-1
2022-03-15,2022-03-15 15:00:00,1408.0,1453.0,1375.0,1408.0,0.0,2550.6,3631668.4,0
2022-03-16,2022-03-16 11:00:00,1415.0,1424.0,1401.05,1412.75,-0.16,1330.6,1885044.7,-1
2022-03-16,2022-03-16 12:00:00,1412.75,1412.75,1410.5,1410.5,-0.16,1330.6,1885044.7,-1
2022-03-16,2022-03-16 13:00:00,1410.5,1410.5,1408.25,1408.25,-0.16,1330.6,1885044.7,-1
2022-03-16,2022-03-16 14:00:00,1408.25,1408.25,1406.0,1406.0,-0.16,1330.6,1885044.7,-1
2022-03-16,2022-03-16 15:00:00,1406.0,1433.0,1387.1,1406.0,0.0,1330.6,1885044.7,0
2022-03-20,2022-03-20 11:00:00,1410.0,1410.0,1395.0,1405.0,-0.35,1460.2,2027007.5,-1
2022-03-20,2022-03-20 12:00:00,1405.0,1405.0,1400.0,1400.0,-0.36,1460.2,2027007.5,-1
2022-03-20,2022-03-20 13:00:00,1400.0,1400.0,1395.0,1395.0,-0.36,1460.2,2027007.5,-1
2022-03-20,2022-03-20 14:00:00,1395.0,1395.0,1390.0,1390.0,-0.36,1460.2,2027007.5,-1
2022-03-20,2022-03-20 15:00:00,1390.0,1410.0,1380.0,1390.0,0.0,1460.2,2027007.5,0
2022-03-21,2022-03-21 11:00:00,1369.0,1383.2,1369.0,1374.25,0.38,524.0,724295.2,1
2022-03-21,2022-03-21 12:00:00,1374.25,1379.5,1374.25,1379.5,0.38,524.0,724295.2,1
2022-03-21,2022-03-21 13:00:00,1379.5,1384.75,1379.5,1384.75,0.38,524.0,724295.2,1
2022-03-21,2022-03-21 14:00:00,1384.75,1390.0,1384.75,1390.0,0.38,524.0,724295.2,1
2022-03-21,2022-03-21 15:00:00,1390.0,1397.4,1369.0,1390.0,0.0,524.0,724295.2,0
2022-03-22,2022-03-22 11:00:00,1390.0,1399.5,1385.0,1392.25,0.16,432.8,604966.6,1
2022-03-22,2022-03-22 12:00:00,1392.25,1394.5,1392.25,1394.5,0.16,432.8,604966.6,1
2022-03-22,2022-03-22 13:00:00,1394.5,1396.75,1394.5,1396.75,0.16,432.8,604966.6,1
2022-03-22,2022-03-22 14:00:00,1396.75,1399.0,1396.75,1399.0,0.16,432.8,604966.6,1
2022-03-22,2022-03-22 15:00:00,1399.0,1409.0,1380.0,1399.0,0.0,432.8,604966.6,0
2022-03-23,2022-03-23 11:00:00,1375.0,1387.0,1375.0,1378.75,0.27,389.4,539442.4,1
2022-03-23,2022-03-23 12:00:00,1378.75,1382.5,1378.75,1382.5,0.27,389.4,539442.4,1
2022-03-23,2022-03-23 13:00:00,1382.5,1386.25,1382.5,1386.25,0.27,389.4,539442.4,1
2022-03-23,2022-03-23 14:00:00,1386.25,1390.0,1386.25,1390.0,0.27,389.4,539442.4,1
2022-03-23,2022-03-23 15:00:00,1390.0,1399.0,1375.0,1390.0,0.0,389.4,539442.4,0
2022-03-24,2022-03-24 11:00:00,1375.1,1386.5,1373.05,1376.32,0.09,472.8,650959.44,1
2022-03-24,2022-03-24 12:00:00,1376.32,1377.55,1376.32,1377.55,0.09,472.8,650959.44,1
2022-03-24,2022-03-24 13:00:00,1377.55,1378.78,1377.55,1378.78,0.09,472.8,650959.44,1
2022-03-24,2022-03-24 14:00:00,1378.78,1380.0,1378.78,1380.0,0.09,472.8,650959.44,1
2022-03-24,2022-03-24 15:00:00,1380.0,1397.9,1371.0,1380.0,0.0,472.8,650959.44,0
2022-03-27,2022-03-27 11:00:00,1395.0,1395.0,1370.0,1386.25,-0.63,830.0,1128422.7,-1
2022-03-27,2022-03-27 12:00:00,1386.25,1386.25,1377.5,1377.5,-0.63,830.0,1128422.7,-1
2022-03-27,2022-03-27 13:00:00,1377.5,1377.5,1368.75,1368.75,-0.64,830.0,1128422.7,-1
2022-03-27,2022-03-27 14:00:00,1368.75,1368.75,1360.0,1360.0,-0.64,830.0,1128422.7,-1
2022-03-27,2022-03-27 15:00:00,1360.0,1395.0,1345.0,1360.0,0.0,830.0,1128422.7,0
2022-03-28,2022-03-28 11:00:00,1340.1,1353.05,1331.55,1340.07,-0.0,736.2,983433.88,-1
2022-03-28,2022-03-28 12:00:00,1340.07,1340.07,1340.05,1340.05,-0.0,736.2,983433.88,-1
2022-03-28,2022-03-28 13:00:00,1340.05,1340.05,1340.03,1340.03,-0.0,736.2,983433.88,-1
2022-03-28,2022-03-28 14:00:00,1340.03,1340.03,1340.0,1340.0,-0.0,736.2,983433.88,-1
2022-03-28,2022-03-28 15:00:00,1340.0,1366.0,1323.0,1340.0,0.0,736.2,983433.88,0
2022-03-29,2022-03-29 11:00:00,1339.0,1347.0,1326.0,1339.75,0.06,998.8,1322660.74,1
2022-03-29,2022-03-29 12:00:00,1339.75,1340.5,1339.75,1340.5,0.06,998.8,1322660.74,1
2022-03-29,2022-03-29 13:00:00,1340.5,1341.25,1340.5,1341.25,0.06,998.8,1322660.74,1
2022-03-29,2022-03-29 14:00:00,1341.25,1342.0,1341.25,1342.0,0.06,998.8,1322660.74,1
2022-03-29,2022-03-29 15:00:00,1342.0,1355.0,1313.0,1342.0,0.0,998.8,1322660.74,0
2022-03-30,2022-03-30 11:00:00,1331.0,1350.5,1327.0,1340.75,0.73,532.2,717450.56,1
2022-03-30,2022-03-30 12:00:00,1340.75,1350.5,1340.75,1350.5,0.73,532.2,717450.56,1
2022-03-30,2022-03-30 13:00:00,1350.5,1360.25,1350.5,1360.25,0.72,532.2,717450.56,1
2022-03-30,2022-03-30 14:00:00,1360.25,1370.0,1360.25,1370.0,0.72,532.2,717450.56,1
2022-03-30,2022-03-30 15:00:00,1370.0,1370.0,1323.0,1370.0,0.0,532.2,717450.56,0
2022-03-31,2022-03-31 11:00:00,1360.0,1369.5,1342.5,1351.25,-0.64,765.0,1027076.4,-1
2022-03-31,2022-03-31 12:00:00,1351.25,1351.25,1342.5,1342.5,-0.65,765.0,1027076.4,-1
2022-03-31,2022-03-31 13:00:00,1342.5,1342.5,1333.75,1333.75,-0.65,765.0,1027076.4,-1
2022-03-31,2022-03-31 14:00:00,1333.75,1333.75,1325.0,1325.0,-0.66,765.0,1027076.4,-1
2022-03-31,2022-03-31 15:00:00,1325.0,1379.0,1325.0,1325.0,0.0,765.0,1027076.4,0
2022-04-03,2022-04-03 11:00:00,1325.0,1325.0,1318.6,1323.75,-0.09,403.0,532515.18,-1
2022-04-03,2022-04-03 12:00:00,1323.75,1323.75,1322.5,1322.5,-0.09,403.0,532515.18,-1
2022-04-03,2022-04-03 13:00:00,1322.5,1322.5,1321.25,1321.25,-0.09,403.0,532515.18,-1
2022-04-03,2022-04-03 14:00:00,1321.25,1321.25,1320.0,1320.0,-0.09,403.0,532515.18,-1
2022-04-03,2022-04-03 15:00:00,1320.0,1325.0,1312.2,1320.0,0.0,403.0,532515.18,0
2022-04-04,2022-04-04 11:00:00,1320.0,1330.0,1315.0,1317.5,-0.19,621.4,820358.6,-1
2022-04-04,2022-04-04 12:00:00,1317.5,1317.5,1315.0,1315.0,-0.19,621.4,820358.6,-1
2022-04-04,2022-04-04 13:00:00,1315.0,1315.0,1312.5,1312.5,-0.19,621.4,820358.6,-1
2022-04-04,2022-04-04 14:00:00,1312.5,1312.5,1310.0,1310.0,-0.19,621.4,820358.6,-1
2022-04-04,2022-04-04 15:00:00,1310.0,1340.0,1310.0,1310.0,0.0,621.4,820358.6,0
2022-04-05,2022-04-05 11:00:00,1289.69,1302.35,1289.69,1293.77,0.32,599.8,780509.21,1
2022-04-05,2022-04-05 12:00:00,1293.77,1297.85,1293.77,1297.85,0.32,599.8,780509.21,1
2022-04-05,2022-04-05 13:00:00,1297.85,1301.92,1297.85,1301.92,0.31,599.8,780509.21,1
2022-04-05,2022-04-05 14:00:00,1301.92,1306.0,1301.92,1306.0,0.31,599.8,780509.21,1
2022-04-05,2022-04-05 15:00:00,1306.0,1315.0,1289.69,1306.0,0.0,599.8,780509.21,0
2022-04-06,2022-04-06 11:00:00,1290.0,1311.0,1290.0,1292.75,0.21,1089.4,1425254.94,1
2022-04-06,2022-04-06 12:00:00,1292.75,1295.5,1292.75,1295.5,0.21,1089.4,1425254.94,1
2022-04-06,2022-04-06 13:00:00,1295.5,1298.25,1295.5,1298.25,0.21,1089.4,1425254.94,1
2022-04-06,2022-04-06 14:00:00,1298.25,1301.0,1298.25,1301.0,0.21,1089.4,1425254.94,1
2022-04-06,2022-04-06 15:00:00,1301.0,1332.0,1290.0,1301.0,0.0,1089.4,1425254.94,0
2022-04-07,2022-04-07 11:00:00,1315.0,1335.0,1309.0,1318.75,0.29,1631.6,2176406.28,1
2022-04-07,2022-04-07 12:00:00,1318.75,1322.5,1318.75,1322.5,0.28,1631.6,2176406.28,1
2022-04-07,2022-04-07 13:00:00,1322.5,1326.25,1322.5,1326.25,0.28,1631.6,2176406.28,1
2022-04-07,2022-04-07 14:00:00,1326.25,1330.0,1326.25,1330.0,0.28,1631.6,2176406.28,1
2022-04-07,2022-04-07 15:00:00,1330.0,1355.0,1303.0,1330.0,0.0,1631.6,2176406.28,0
2022-04-11,2022-04-11 11:00:00,1335.0,1359.35,1322.0,1328.5,-0.49,991.0,1325811.6,-1
2022-04-11,2022-04-11 12:00:00,1328.5,1328.5,1322.0,1322.0,-0.49,991.0,1325811.6,-1
2022-04-11,2022-04-11 13:00:00,1322.0,1322.0,1315.5,1315.5,-0.49,991.0,1325811.6,-1
2022-04-11,2022-04-11 14:00:00,1315.5,1315.5,1309.0,1309.0,-0.49,991.0,1325811.6,-1
2022-04-11,2022-04-11 15:00:00,1309.0,1383.7,1309.0,1309.0,0.0,991.0,1325811.6,0
2022-04-12,2022-04-12 11:00:00,1288.1,1308.55,1288.1,1294.82,0.52,407.2,535808.4,1
2022-04-12,2022-04-12 12:00:00,1294.82,1301.55,1294.82,1301.55,0.52,407.2,535808.4,1
2022-04-12,2022-04-12 13:00:00,1301.55,1308.28,1301.55,1308.28,0.52,407.2,535808.4,1
2022-04-12,2022-04-12 14:00:00,1308.28,1315.0,1308.28,1315.0,0.51,407.2,535808.4,1
2022-04-12,2022-04-12 15:00:00,1315.0,1329.0,1288.1,1315.0,0.0,407.2,535808.4,0
2022-04-13,2022-04-13 11:00:00,1315.0,1331.5,1308.25,1322.0,0.53,1064.6,1418670.8,1
2022-04-13,2022-04-13 12:00:00,1322.0,1329.0,1322.0,1329.0,0.53,1064.6,1418670.8,1
2022-04-13,2022-04-13 13:00:00,1329.0,1336.0,1329.0,1336.0,0.53,1064.6,1418670.8,1
2022-04-13,2022-04-13 14:00:00,1336.0,1343.0,1336.0,1343.0,0.52,1064.6,1418670.8,1
2022-04-13,2022-04-13 15:00:00,1343.0,1348.0,1301.5,1343.0,0.0,1064.6,1418670.8,0
2022-04-17,2022-04-17 11:00:00,1321.0,1332.0,1314.5,1320.75,-0.02,587.2,775809.6,-1
2022-04-17,2022-04-17 12:00:00,1320.75,1320.75,1320.5,1320.5,-0.02,587.2,775809.6,-1
2022-04-17,2022-04-17 13:00:00,1320.5,1320.5,1320.25,1320.25,-0.02,587.2,775809.6,-1
2022-04-17,2022-04-17 14:00:00,1320.25,1320.25,1320.0,1320.0,-0.02,587.2,775809.6,-1
2022-04-17,2022-04-17 15:00:00,1320.0,1343.0,1308.0,1320.0,0.0,587.2,775809.6,0
2022-04-18,2022-04-18 11:00:00,1297.0,1303.0,1294.0,1296.28,-0.06,699.0,906653.4,-1
2022-04-18,2022-04-18 12:00:00,1296.28,1296.28,1295.55,1295.55,-0.06,699.0,906653.4,-1
2022-04-18,2022-04-18 13:00:00,1295.55,1295.55,1294.82,1294.82,-0.06,699.0,906653.4,-1
2022-04-18,2022-04-18 14:00:00,1294.82,1294.82,1294.1,1294.1,-0.06,699.0,906653.4,-1
2022-04-18,2022-04-18 15:00:00,1294.1,1309.0,1291.0,1294.1,0.0,699.0,906653.4,0
2022-04-19,2022-04-19 11:00:00,1280.0,1299.5,1280.0,1285.0,0.39,209.8,272469.68,1
2022-04-19,2022-04-19 12:00:00,1285.0,1290.0,1285.0,1290.0,0.39,209.8,272469.68,1
2022-04-19,2022-04-19 13:00:00,1290.0,1295.0,1290.0,1295.0,0.39,209.8,272469.68,1
2022-04-19,2022-04-19 14:00:00,1295.0,1300.0,1295.0,1300.0,0.39,209.8,272469.68,1
2022-04-19,2022-04-19 15:00:00,1300.0,1319.0,1280.0,1300.0,0.0,209.8,272469.68,0
2022-04-20,2022-04-20 11:00:00,1285.0,1304.5,1275.6,1280.5,-0.35,682.6,874914.44,-1
2022-04-20,2022-04-20 12:00:00,1280.5,1280.5,1276.0,1276.0,-0.35,682.6,874914.44,-1
2022-04-20,2022-04-20 13:00:00,1276.0,1276.0,1271.5,1271.5,-0.35,682.6,874914.44,-1
2022-04-20,2022-04-20 14:00:00,1271.5,1271.5,1267.0,1267.0,-0.35,682.6,874914.44,-1
2022-04-20,2022-04-20 15:00:00,1267.0,1324.0,1266.2,1267.0,0.0,682.6,874914.44,0
2022-04-21,2022-04-21 11:00:00,1265.0,1282.5,1260.5,1272.75,0.61,548.0,697749.0,1
2022-04-21,2022-04-21 12:00:00,1272.75,1280.5,1272.75,1280.5,0.61,548.0,697749.0,1
2022-04-21,2022-04-21 13:00:00,1280.5,1288.25,1280.5,1288.25,0.61,548.0,697749.0,1
2022-04-21,2022-04-21 14:00:00,1288.25,1296.0,1288.25,1296.0,0.6,548.0,697749.0,1
2022-04-21,2022-04-21 15:00:00,1296.0,1300.0,1256.0,1296.0,0.0,548.0,697749.0,0
2022-04-24,2022-04-24 11:00:00,1296.0,1310.5,1286.5,1302.0,0.46,528.0,694662.4,1
2022-04-24,2022-04-24 12:00:00,1302.0,1308.0,1302.0,1308.0,0.46,528.0,694662.4,1
2022-04-24,2022-04-24 13:00:00,1308.0,1314.0,1308.0,1314.0,0.46,528.0,694662.4,1
2022-04-24,2022-04-24 14:00:00,1314.0,1320.0,1314.0,1320.0,0.46,528.0,694662.4,1
2022-04-24,2022-04-24 15:00:00,1320.0,1325.0,1277.0,1320.0,0.0,528.0,694662.4,0
2022-04-25,2022-04-25 11:00:00,1346.0,1346.0,1324.7,1340.75,-0.39,935.2,1238683.42,-1
2022-04-25,2022-04-25 12:00:00,1340.75,1340.75,1335.5,1335.5,-0.39,935.2,1238683.42,-1
2022-04-25,2022-04-25 13:00:00,1335.5,1335.5,1330.25,1330.25,-0.39,935.2,1238683.42,-1
2022-04-25,2022-04-25 14:00:00,1330.25,1330.25,1325.0,1325.0,-0.39,935.2,1238683.42,-1
2022-04-25,2022-04-25 15:00:00,1325.0,1346.0,1303.4,1325.0,0.0,935.2,1238683.42,0
2022-04-26,2022-04-26 11:00:00,1310.0,1323.5,1305.0,1315.0,0.38,734.0,960495.4,1
2022-04-26,2022-04-26 12:00:00,1315.0,1320.0,1315.0,1320.0,0.38,734.0,960495.4,1
2022-04-26,2022-04-26 13:00:00,1320.0,1325.0,1320.0,1325.0,0.38,734.0,960495.4,1
2022-04-26,2022-04-26 14:00:00,1325.0,1330.0,1325.0,1330.0,0.38,734.0,960495.4,1
2022-04-26,2022-04-26 15:00:00,1330.0,1337.0,1300.0,1330.0,0.0,734.0,960495.4,0
2022-04-27,2022-04-27 11:00:00,1347.0,1347.0,1321.05,1345.25,-0.13,819.0,1073343.1,-1
2022-04-27,2022-04-27 12:00:00,1345.25,1345.25,1343.5,1343.5,-0.13,819.0,1073343.1,-1
2022-04-27,2022-04-27 13:00:00,1343.5,1343.5,1341.75,1341.75,-0.13,819.0,1073343.1,-1
2022-04-27,2022-04-27 14:00:00,1341.75,1341.75,1340.0,1340.0,-0.13,819.0,1073343.1,-1
2022-04-27,2022-04-27 15:00:00,1340.0,1347.0,1295.1,1340.0,0.0,819.0,1073343.1,0
2022-04-28,2022-04-28 11:00:00,1339.0,1339.4,1317.0,1338.97,-0.0,663.6,871932.56,-1
2022-04-28,2022-04-28 12:00:00,1338.97,1338.97,1338.95,1338.95,-0.0,663.6,871932.56,-1
2022-04-28,2022-04-28 13:00:00,1338.95,1338.95,1338.93,1338.93,-0.0,663.6,871932.56,-1
2022-04-28,2022-04-28 14:00:00,1338.93,1338.93,1338.9,1338.9,-0.0,663.6,871932.56,-1
2022-04-28,2022-04-28 15:00:00,1338.9,1339.8,1295.0,1338.9,0.0,663.6,871932.56,0
2022-05-02,2022-05-02 11:00:00,1315.0,1321.5,1296.5,1306.25,-0.67,806.8,1039301.4,-1
2022-05-02,2022-05-02 12:00:00,1306.25,1306.25,1297.5,1297.5,-0.67,806.8,1039301.4,-1
2022-05-02,2022-05-02 13:00:00,1297.5,1297.5,1288.75,1288.75,-0.67,806.8,1039301.4,-1
2022-05-02,2022-05-02 14:00:00,1288.75,1288.75,1280.0,1280.0,-0.68,806.8,1039301.4,-1
2022-05-02,2022-05-02 15:00:00,1280.0,1328.0,1278.0,1280.0,0.0,806.8,1039301.4,0
2022-05-04,2022-05-04 11:00:00,1260.0,1270.0,1257.5,1262.25,0.18,269.2,339742.56,1
2022-05-04,2022-05-04 12:00:00,1262.25,1264.5,1262.25,1264.5,0.18,269.2,339742.56,1
2022-05-04,2022-05-04 13:00:00,1264.5,1266.75,1264.5,1266.75,0.18,269.2,339742.56,1
2022-05-04,2022-05-04 14:00:00,1266.75,1269.0,1266.75,1269.0,0.18,269.2,339742.56,1
2022-05-04,2022-05-04 15:00:00,1269.0,1280.0,1255.0,1269.0,0.0,269.2,339742.56,0
2022-05-05,2022-05-05 11:00:00,1250.0,1250.0,1226.0,1242.47,-0.6,1236.2,1509034.92,-1
2022-05-05,2022-05-05 12:00:00,1242.47,1242.47,1234.95,1234.95,-0.61,1236.2,1509034.92,-1
2022-05-05,2022-05-05 13:00:00,1234.95,1234.95,1227.43,1227.43,-0.61,1236.2,1509034.92,-1
2022-05-05,2022-05-05 14:00:00,1227.43,1227.43,1219.9,1219.9,-0.61,1236.2,1509034.92,-1
2022-05-05,2022-05-05 15:00:00,1219.9,1250.0,1202.0,1219.9,0.0,1236.2,1509034.92,0
2022-05-08,2022-05-08 11:00:00,1218.0,1237.0,1208.0,1227.5,0.78,558.2,674773.8,1
2022-05-08,2022-05-08 12:00:00,1227.5,1237.0,1227.5,1237.0,0.77,558.2,674773.8,1
2022-05-08,2022-05-08 13:00:00,1237.0,1246.5,1237.0,1246.5,0.77,558.2,674773.8,1
2022-05-08,2022-05-08 14:00:00,1246.5,1256.0,1246.5,1256.0,0.76,558.2,674773.8,1
2022-05-08,2022-05-08 15:00:00,1256.0,1256.0,1198.0,1256.0,0.0,558.2,674773.8,0
2022-05-09,2022-05-09 11:00:00,1277.0,1277.0,1251.0,1264.0,-1.02,310.0,384136.4,-1
2022-05-09,2022-05-09 12:00:00,1264.0,1264.0,1251.0,1251.0,-1.03,310.0,384136.4,-1
2022-05-09,2022-05-09 13:00:00,1251.0,1251.0,1238.0,1238.0,-1.04,310.0,384136.4,-1
2022-05-09,2022-05-09 14:00:00,1238.0,1238.0,1225.0,1225.0,-1.05,310.0,384136.4,-1
2022-05-09,2022-05-09 15:00:00,1225.0,1277.0,1225.0,1225.0,0.0,310.0,384136.4,0
2022-05-10,2022-05-10 11:00:00,1220.0,1238.0,1218.0,1228.5,0.7,373.8,464733.92,1
2022-05-10,2022-05-10 12:00:00,1228.5,1237.0,1228.5,1237.0,0.69,373.8,464733.92,1
2022-05-10,2022-05-10 13:00:00,1237.0,1245.5,1237.0,1245.5,0.69,373.8,464733.92,1
2022-05-10,2022-05-10 14:00:00,1245.5,1254.0,1245.5,1254.0,0.68,373.8,464733.92,1
2022-05-10,2022-05-10 15:00:00,1254.0,1256.0,1216.0,1254.0,0.0,373.8,464733.92,0
2022-05-11,2022-05-11 11:00:00,1254.0,1265.5,1247.0,1259.0,0.4,1028.4,1291097.64,1
2022-05-11,2022-05-11 12:00:00,1259.0,1264.0,1259.0,1264.0,0.4,1028.4,1291097.64,1
2022-05-11,2022-05-11 13:00:00,1264.0,1269.0,1264.0,1269.0,0.4,1028.4,1291097.64,1
2022-05-11,2022-05-11 14:00:00,1269.0,1274.0,1269.0,1274.0,0.39,1028.4,1291097.64,1
2022-05-11,2022-05-11 15:00:00,1274.0,1277.0,1240.0,1274.0,0.0,1028.4,1291097.64,0
2022-05-12,2022-05-12 11:00:00,1299.0,1299.0,1270.0,1289.0,-0.77,522.4,655271.84,-1
2022-05-12,2022-05-12 12:00:00,1289.0,1289.0,1279.0,1279.0,-0.78,522.4,655271.84,-1
2022-05-12,2022-05-12 13:00:00,1279.0,1279.0,1269.0,1269.0,-0.78,522.4,655271.84,-1
2022-05-12,2022-05-12 14:00:00,1269.0,1269.0,1259.0,1259.0,-0.79,522.4,655271.84,-1
2022-05-12,2022-05-12 15:00:00,1259.0,1299.0,1241.0,1259.0,0.0,522.4,655271.84,0
2022-05-17,2022-05-17 11:00:00,1269.0,1269.0,1230.5,1254.5,-1.14,542.2,655847.5,-1
2022-05-17,2022-05-17 12:00:00,1254.5,1254.5,1240.0,1240.0,-1.16,542.2,655847.5,-1
2022-05-17,2022-05-17 13:00:00,1240.0,1240.0,1225.5,1225.5,-1.17,542.2,655847.5,-1
2022-05-17,2022-05-17 14:00:00,1225.5,1225.5,1211.0,1211.0,-1.18,542.2,655847.5,-1
2022-05-17,2022-05-17 15:00:00,1211.0,1269.0,1192.0,1211.0,0.0,542.2,655847.5,0
2022-05-18,2022-05-18 11:00:00,1200.0,1212.0,1196.5,1201.25,0.1,207.4,250034.6,1
2022-05-18,2022-05-18 12:00:00,1201.25,1202.5,1201.25,1202.5,0.1,207.4,250034.6,1
2022-05-18,2022-05-18 13:00:00,1202.5,1203.75,1202.5,1203.75,0.1,207.4,250034.6,1
2022-05-18,2022-05-18 14:00:00,1203.75,1205.0,1203.75,1205.0,0.1,207.4,250034.6,1
2022-05-18,2022-05-18 15:00:00,1205.0,1224.0,1193.0,1205.0,0.0,207.4,250034.6,0
2022-05-19,2022-05-19 11:00:00,1205.0,1215.5,1197.5,1206.0,0.08,516.6,618210.5,1
2022-05-19,2022-05-19 12:00:00,1206.0,1207.0,1206.0,1207.0,0.08,516.6,618210.5,1
2022-05-19,2022-05-19 13:00:00,1207.0,1208.0,1207.0,1208.0,0.08,516.6,618210.5,1
2022-05-19,2022-05-19 14:00:00,1208.0,1209.0,1208.0,1209.0,0.08,516.6,618210.5,1
2022-05-19,2022-05-19 15:00:00,1209.0,1226.0,1190.0,1209.0,0.0,516.6,618210.5,0
2022-05-20,2022-05-20 11:00:00,1205.0,1212.5,1190.5,1203.5,-0.12,759.0,900366.4,-1
2022-05-20,2022-05-20 12:00:00,1203.5,1203.5,1202.0,1202.0,-0.12,759.0,900366.4,-1
2022-05-20,2022-05-20 13:00:00,1202.0,1202.0,1200.5,1200.5,-0.12,759.0,900366.4,-1
2022-05-20,2022-05-20 14:00:00,1200.5,1200.5,1199.0,1199.0,-0.12,759.0,900366.4,-1
2022-05-20,2022-05-20 15:00:00,1199.0,1220.0,1176.0,1199.0,0.0,759.0,900366.4,0
2022-05-23,2022-05-23 11:00:00,1200.0,1200.0,1173.0,1190.0,-0.83,606.2,703498.3,-1
2022-05-23,2022-05-23 12:00:00,1190.0,1190.0,1180.0,1180.0,-0.84,606.2,703498.3,-1
2022-05-23,2022-05-23 13:00:00,1180.0,1180.0,1170.0,1170.0,-0.85,606.2,703498.3,-1
2022-05-23,2022-05-23 14:00:00,1170.0,1170.0,1160.0,1160.0,-0.85,606.2,703498.3,-1
2022-05-23,2022-05-23 15:00:00,1160.0,1200.0,1146.0,1160.0,0.0,606.2,703498.3,0
2022-05-24,2022-05-24 11:00:00,1150.0,1172.0,1150.0,1153.5,0.3,216.0,252389.6,1
2022-05-24,2022-05-24 12:00:00,1153.5,1157.0,1153.5,1157.0,0.3,216.0,252389.6,1
2022-05-24,2022-05-24 13:00:00,1157.0,1160.5,1157.0,1160.5,0.3,216.0,252389.6,1
2022-05-24,2022-05-24 14:00:00,1160.5,1164.0,1160.5,1164.0,0.3,216.0,252389.6,1
2022-05-24,2022-05-24 15:00:00,1164.0,1194.0,1150.0,1164.0,0.0,216.0,252389.6,0
2022-05-25,2022-05-25 11:00:00,1170.0,1177.5,1165.5,1168.75,-0.11,251.4,294365.6,-1
2022-05-25,2022-05-25 12:00:00,1168.75,1168.75,1167.5,1167.5,-0.11,251.4,294365.6,-1
2022-05-25,2022-05-25 13:00:00,1167.5,1167.5,1166.25,1166.25,-0.11,251.4,294365.6,-1
2022-05-25,2022-05-25 14:00:00,1166.25,1166.25,1165.0,1165.0,-0.11,251.4,294365.6,-1
2022-05-25,2022-05-25 15:00:00,1165.0,1185.0,1161.0,1165.0,0.0,251.4,294365.6,0
2022-05-26,2022-05-26 11:00:00,1155.0,1166.5,1155.0,1156.75,0.15,255.8,297926.0,1
2022-05-26,2022-05-26 12:00:00,1156.75,1158.5,1156.75,1158.5,0.15,255.8,297926.0,1
2022-05-26,2022-05-26 13:00:00,1158.5,1160.25,1158.5,1160.25,0.15,255.8,297926.0,1
2022-05-26,2022-05-26 14:00:00,1160.25,1162.0,1160.25,1162.0,0.15,255.8,297926.0,1
2022-05-26,2022-05-26 15:00:00,1162.0,1178.0,1155.0,1162.0,0.0,255.8,297926.0,0
2022-05-27,2022-05-27 11:00:00,1183.5,1183.5,1165.25,1178.62,-0.41,297.0,343535.6,-1
2022-05-27,2022-05-27 12:00:00,1178.62,1178.62,1173.75,1173.75,-0.41,297.0,343535.6,-1
2022-05-27,2022-05-27 13:00:00,1173.75,1173.75,1168.88,1168.88,-0.41,297.0,343535.6,-1
2022-05-27,2022-05-27 14:00:00,1168.88,1168.88,1164.0,1164.0,-0.42,297.0,343535.6,-1
2022-05-27,2022-05-27 15:00:00,1164.0,1183.5,1147.0,1164.0,0.0,297.0,343535.6,0
2022-05-30,2022-05-30 11:00:00,1164.0,1177.0,1152.0,1160.0,-0.34,615.2,713587.3,-1
2022-05-30,2022-05-30 12:00:00,1160.0,1160.0,1156.0,1156.0,-0.34,615.2,713587.3,-1
2022-05-30,2022-05-30 13:00:00,1156.0,1156.0,1152.0,1152.0,-0.35,615.2,713587.3,-1
2022-05-30,2022-05-30 14:00:00,1152.0,1152.0,1148.0,1148.0,-0.35,615.2,713587.3,-1
2022-05-30,2022-05-30 15:00:00,1148.0,1190.0,1140.0,1148.0,0.0,615.2,713587.3,0
2022-05-31,2022-05-31 11:00:00,1126.0,1137.0,1119.0,1125.75,-0.02,633.4,712353.1,-1
2022-05-31,2022-05-31 12:00:00,1125.75,1125.75,1125.5,1125.5,-0.02,633.4,712353.1,-1
2022-05-31,2022-05-31 13:00:00,1125.5,1125.5,1125.25,1125.25,-0.02,633.4,712353.1,-1
2022-05-31,2022-05-31 14:00:00,1125.25,1125.25,1125.0,1125.0,-0.02,633.4,712353.1,-1
2022-05-31,2022-05-31 15:00:00,1125.0,1148.0,1112.0,1125.0,0.0,633.4,712353.1,0
2022-06-01,2022-06-01 11:00:00,1147.0,1147.0,1123.5,1135.38,-1.01,487.0,540842.5,-1
2022-06-01,2022-06-01 12:00:00,1135.38,1135.38,1123.75,1123.75,-1.02,487.0,540842.5,-1
2022-06-01,2022-06-01 13:00:00,1123.75,1123.75,1112.12,1112.12,-1.03,487.0,540842.5,-1
2022-06-01,2022-06-01 14:00:00,1112.12,1112.12,1100.5,1100.5,-1.04,487.0,540842.5,-1
2022-06-01,2022-06-01 15:00:00,1100.5,1147.0,1100.0,1100.5,0.0,487.0,540842.5,0
2022-06-02,2022-06-02 11:00:00,1114.0,1123.0,1107.85,1110.95,-0.27,221.6,246268.74,-1
2022-06-02,2022-06-02 12:00:00,1110.95,1110.95,1107.9,1107.9,-0.27,221.6,246268.74,-1
2022-06-02,2022-06-02 13:00:00,1107.9,1107.9,1104.85,1104.85,-0.28,221.6,246268.74,-1
2022-06-02,2022-06-02 14:00:00,1104.85,1104.85,1101.8,1101.8,-0.28,221.6,246268.74,-1
2022-06-02,2022-06-02 15:00:00,1101.8,1132.0,1101.7,1101.8,0.0,221.6,246268.74,0
2022-06-03,2022-06-03 11:00:00,1105.0,1116.0,1095.0,1102.5,-0.23,399.0,436919.8,-1
2022-06-03,2022-06-03 12:00:00,1102.5,1102.5,1100.0,1100.0,-0.23,399.0,436919.8,-1
2022-06-03,2022-06-03 13:00:00,1100.0,1100.0,1097.5,1097.5,-0.23,399.0,436919.8,-1
2022-06-03,2022-06-03 14:00:00,1097.5,1097.5,1095.0,1095.0,-0.23,399.0,436919.8,-1
2022-06-03,2022-06-03 15:00:00,1095.0,1127.0,1085.0,1095.0,0.0,399.0,436919.8,0
2022-06-06,2022-06-06 11:00:00,1110.0,1113.45,1092.0,1103.5,-0.59,494.8,535975.2,-1
2022-06-06,2022-06-06 12:00:00,1103.5,1103.5,1097.0,1097.0,-0.59,494.8,535975.2,-1
2022-06-06,2022-06-06 13:00:00,1097.0,1097.0,1090.5,1090.5,-0.59,494.8,535975.2,-1
2022-06-06,2022-06-06 14:00:00,1090.5,1090.5,1084.0,1084.0,-0.6,494.8,535975.2,-1
2022-06-06,2022-06-06 15:00:00,1084.0,1116.9,1074.0,1084.0,0.0,494.8,535975.2,0
2022-06-07,2022-06-07 11:00:00,1063.0,1067.0,1049.0,1056.25,-0.63,750.4,786968.14,-1
2022-06-07,2022-06-07 12:00:00,1056.25,1056.25,1049.5,1049.5,-0.64,750.4,786968.14,-1
2022-06-07,2022-06-07 13:00:00,1049.5,1049.5,1042.75,1042.75,-0.64,750.4,786968.14,-1
2022-06-07,2022-06-07 14:00:00,1042.75,1042.75,1036.0,1036.0,-0.65,750.4,786968.14,-1
2022-06-07,2022-06-07 15:00:00,1036.0,1071.0,1035.0,1036.0,0.0,750.4,786968.14,0
2022-06-08,2022-06-08 11:00:00,1056.0,1088.0,1043.05,1067.0,1.04,527.2,568871.0,1
2022-06-08,2022-06-08 12:00:00,1067.0,1078.0,1067.0,1078.0,1.03,527.2,568871.0,1
2022-06-08,2022-06-08 13:00:00,1078.0,1089.0,1078.0,1089.0,1.02,527.2,568871.0,1
2022-06-08,2022-06-08 14:00:00,1089.0,1100.0,1089.0,1100.0,1.01,527.2,568871.0,1
2022-06-08,2022-06-08 15:00:00,1100.0,1120.0,1030.1,1100.0,0.0,527.2,568871.0,0
2022-06-09,2022-06-09 11:00:00,1099.9,1109.95,1080.45,1094.93,-0.45,404.4,439353.6,-1
2022-06-09,2022-06-09 12:00:00,1094.93,1094.93,1089.95,1089.95,-0.45,404.4,439353.6,-1
2022-06-09,2022-06-09 13:00:00,1089.95,1089.95,1084.97,1084.97,-0.46,404.4,439353.6,-1
2022-06-09,2022-06-09 14:00:00,1084.97,1084.97,1080.0,1080.0,-0.46,404.4,439353.6,-1
2022-06-09,2022-06-09 15:00:00,1080.0,1120.0,1061.0,1080.0,0.0,404.4,439353.6,0
2022-06-10,2022-06-10 11:00:00,1060.0,1065.0,1055.0,1057.5,-0.24,462.0,487558.8,-1
2022-06-10,2022-06-10 12:00:00,1057.5,1057.5,1055.0,1055.0,-0.24,462.0,487558.8,-1
2022-06-10,2022-06-10 13:00:00,1055.0,1055.0,1052.5,1052.5,-0.24,462.0,487558.8,-1
2022-06-10,2022-06-10 14:00:00,1052.5,1052.5,1050.0,1050.0,-0.24,462.0,487558.8,-1
2022-06-10,2022-06-10 15:00:00,1050.0,1070.0,1050.0,1050.0,0.0,462.0,487558.8,0
2022-06-13,2022-06-13 11:00:00,1050.0,1050.0,1032.2,1047.0,-0.29,614.0,631189.2,-1
2022-06-13,2022-06-13 12:00:00,1047.0,1047.0,1044.0,1044.0,-0.29,614.0,631189.2,-1
2022-06-13,2022-06-13 13:00:00,1044.0,1044.0,1041.0,1041.0,-0.29,614.0,631189.2,-1
2022-06-13,2022-06-13 14:00:00,1041.0,1041.0,1038.0,1038.0,-0.29,614.0,631189.2,-1
2022-06-13,2022-06-13 15:00:00,1038.0,1050.0,1014.4,1038.0,0.0,614.0,631189.2,0
2022-06-14,2022-06-14 11:00:00,1025.0,1032.5,1015.0,1021.0,-0.39,617.0,625679.0,-1
2022-06-14,2022-06-14 12:00:00,1021.0,1021.0,1017.0,1017.0,-0.39,617.0,625679.0,-1
2022-06-14,2022-06-14 13:00:00,1017.0,1017.0,1013.0,1013.0,-0.39,617.0,625679.0,-1
2022-06-14,2022-06-14 14:00:00,1013.0,1013.0,1009.0,1009.0,-0.39,617.0,625679.0,-1
2022-06-14,2022-06-14 15:00:00,1009.0,1040.0,1005.0,1009.0,0.0,617.0,625679.0,0
2022-06-15,2022-06-15 11:00:00,997.6,1007.3,997.6,1002.45,0.49,1111.8,1113088.7,1
2022-06-15,2022-06-15 12:00:00,1002.45,1007.3,1002.45,1007.3,0.48,1111.8,1113088.7,1
2022-06-15,2022-06-15 13:00:00,1007.3,1012.15,1007.3,1012.15,0.48,1111.8,1113088.7,1
2022-06-15,2022-06-15 14:00:00,1012.15,1017.0,1012.15,1017.0,0.48,1111.8,1113088.7,1
2022-06-15,2022-06-15 15:00:00,1017.0,1017.0,997.6,1017.0,0.0,1111.8,1113088.7,0
2022-06-16,2022-06-16 11:00:00,1015.0,1025.75,1007.0,1012.5,-0.25,459.6,464960.8,-1
2022-06-16,2022-06-16 12:00:00,1012.5,1012.5,1010.0,1010.0,-0.25,459.6,464960.8,-1
2022-06-16,2022-06-16 13:00:00,1010.0,1010.0,1007.5,1007.5,-0.25,459.6,464960.8,-1
2022-06-16,2022-06-16 14:00:00,1007.5,1007.5,1005.0,1005.0,-0.25,459.6,464960.8,-1
2022-06-16,2022-06-16 15:00:00,1005.0,1036.5,999.0,1005.0,0.0,459.6,464960.8,0
2022-06-17,2022-06-17 11:00:00,1000.1,1015.05,1000.1,1001.33,0.12,325.4,330808.42,1
2022-06-17,2022-06-17 12:00:00,1001.33,1002.55,1001.33,1002.55,0.12,325.4,330808.42,1
2022-06-17,2022-06-17 13:00:00,1002.55,1003.77,1002.55,1003.77,0.12,325.4,330808.42,1
2022-06-17,2022-06-17 14:00:00,1003.77,1005.0,1003.77,1005.0,0.12,325.4,330808.42,1
2022-06-17,2022-06-17 15:00:00,1005.0,1030.0,1000.1,1005.0,0.0,325.4,330808.42,0
2022-06-19,2022-06-19 11:00:00,1002.0,1002.0,995.5,998.75,-0.32,662.8,660600.32,-1
2022-06-19,2022-06-19 12:00:00,998.75,998.75,995.5,995.5,-0.33,662.8,660600.32,-1
2022-06-19,2022-06-19 13:00:00,995.5,995.5,992.25,992.25,-0.33,662.8,660600.32,-1
2022-06-19,2022-06-19 14:00:00,992.25,992.25,989.0,989.0,-0.33,662.8,660600.32,-1
2022-06-19,2022-06-19 15:00:00,989.0,1002.0,989.0,989.0,0.0,662.8,660600.32,0
2022-06-20,2022-06-20 11:00:00,985.0,985.0,968.0,976.75,-0.84,807.4,777805.3,-1
2022-06-20,2022-06-20 12:00:00,976.75,976.75,968.5,968.5,-0.84,807.4,777805.3,-1
2022-06-20,2022-06-20 13:00:00,968.5,968.5,960.25,960.25,-0.85,807.4,777805.3,-1
2022-06-20,2022-06-20 14:00:00,960.25,960.25,952.0,952.0,-0.86,807.4,777805.3,-1
2022-06-20,2022-06-20 15:00:00,952.0,985.0,951.0,952.0,0.0,807.4,777805.3,0
2022-06-21,2022-06-21 11:00:00,971.0,979.95,960.5,974.25,0.33,389.4,378808.8,1
2022-06-21,2022-06-21 12:00:00,974.25,977.5,974.25,977.5,0.33,389.4,378808.8,1
2022-06-21,2022-06-21 13:00:00,977.5,980.75,977.5,980.75,0.33,389.4,378808.8,1
2022-06-21,2022-06-21 14:00:00,980.75,984.0,980.75,984.0,0.33,389.4,378808.8,1
2022-06-21,2022-06-21 15:00:00,984.0,988.9,950.0,984.0,0.0,389.4,378808.8,0
2022-06-22,2022-06-22 11:00:00,965.0,974.0,960.0,963.25,-0.18,211.0,203977.08,-1
2022-06-22,2022-06-22 12:00:00,963.25,963.25,961.5,961.5,-0.18,211.0,203977.08,-1
2022-06-22,2022-06-22 13:00:00,961.5,961.5,959.75,959.75,-0.18,211.0,203977.08,-1
2022-06-22,2022-06-22 14:00:00,959.75,959.75,958.0,958.0,-0.18,211.0,203977.08,-1
2022-06-22,2022-06-22 15:00:00,958.0,983.0,955.0,958.0,0.0,211.0,203977.08,0
2022-06-23,2022-06-23 11:00:00,940.0,945.0,930.5,936.0,-0.43,442.0,411831.2,-1
2022-06-23,2022-06-23 12:00:00,936.0,936.0,932.0,932.0,-0.43,442.0,411831.2,-1
2022-06-23,2022-06-23 13:00:00,932.0,932.0,928.0,928.0,-0.43,442.0,411831.2,-1
2022-06-23,2022-06-23 14:00:00,928.0,928.0,924.0,924.0,-0.43,442.0,411831.2,-1
2022-06-23,2022-06-23 15:00:00,924.0,950.0,921.0,924.0,0.0,442.0,411831.2,0
2022-06-24,2022-06-24 11:00:00,907.0,924.5,903.6,915.5,0.94,271.6,249820.36,1
2022-06-24,2022-06-24 12:00:00,915.5,924.0,915.5,924.0,0.93,271.6,249820.36,1
2022-06-24,2022-06-24 13:00:00,924.0,932.5,924.0,932.5,0.92,271.6,249820.36,1
2022-06-24,2022-06-24 14:00:00,932.5,941.0,932.5,941.0,0.91,271.6,249820.36,1
2022-06-24,2022-06-24 15:00:00,941.0,942.0,900.2,941.0,0.0,271.6,249820.36,0
2022-06-26,2022-06-26 11:00:00,959.0,973.5,954.5,965.5,0.68,656.4,639437.98,1
2022-06-26,2022-06-26 12:00:00,965.5,972.0,965.5,972.0,0.67,656.4,639437.98,1
2022-06-26,2022-06-26 13:00:00,972.0,978.5,972.0,978.5,0.67,656.4,639437.98,1
2022-06-26,2022-06-26 14:00:00,978.5,985.0,978.5,985.0,0.66,656.4,639437.98,1
2022-06-26,2022-06-26 15:00:00,985.0,988.0,950.0,985.0,0.0,656.4,639437.98,0
2022-06-27,2022-06-27 11:00:00,985.0,988.5,970.0,977.75,-0.74,465.4,453638.08,-1
2022-06-27,2022-06-27 12:00:00,977.75,977.75,970.5,970.5,-0.74,465.4,453638.08,-1
2022-06-27,2022-06-27 13:00:00,970.5,970.5,963.25,963.25,-0.75,465.4,453638.08,-1
2022-06-27,2022-06-27 14:00:00,963.25,963.25,956.0,956.0,-0.75,465.4,453638.08,-1
2022-06-27,2022-06-27 15:00:00,956.0,992.0,955.0,956.0,0.0,465.4,453638.08,0
2022-06-28,2022-06-28 11:00:00,945.0,952.0,938.5,947.5,0.26,563.8,531854.6,1
2022-06-28,2022-06-28 12:00:00,947.5,950.0,947.5,950.0,0.26,563.8,531854.6,1
2022-06-28,2022-06-28 13:00:00,950.0,952.5,950.0,952.5,0.26,563.8,531854.6,1
2022-06-28,2022-06-28 14:00:00,952.5,955.0,952.5,955.0,0.26,563.8,531854.6,1
2022-06-28,2022-06-28 15:00:00,955.0,959.0,932.0,955.0,0.0,563.8,531854.6,0
2022-06-29,2022-06-29 11:00:00,955.0,980.0,946.0,965.0,1.05,369.8,359712.7,1
2022-06-29,2022-06-29 12:00:00,965.0,975.0,965.0,975.0,1.04,369.8,359712.7,1
2022-06-29,2022-06-29 13:00:00,975.0,985.0,975.0,985.0,1.03,369.8,359712.7,1
2022-06-29,2022-06-29 14:00:00,985.0,995.0,985.0,995.0,1.02,369.8,359712.7,1
2022-06-29,2022-06-29 15:00:00,995.0,1005.0,937.0,995.0,0.0,369.8,359712.7,0
2022-06-30,2022-06-30 11:00:00,1012.0,1043.5,1002.0,1024.25,1.21,1180.6,1240056.28,1
2022-06-30,2022-06-30 12:00:00,1024.25,1036.5,1024.25,1036.5,1.2,1180.6,1240056.28,1
2022-06-30,2022-06-30 13:00:00,1036.5,1048.75,1036.5,1048.75,1.18,1180.6,1240056.28,1
2022-06-30,2022-06-30 14:00:00,1048.75,1061.0,1048.75,1061.0,1.17,1180.6,1240056.28,1
2022-06-30,2022-06-30 15:00:00,1061.0,1075.0,992.0,1061.0,0.0,1180.6,1240056.28,0
2022-07-01,2022-07-01 11:00:00,1040.0,1057.5,1025.0,1042.5,0.24,227.0,236578.4,1
2022-07-01,2022-07-01 12:00:00,1042.5,1045.0,1042.5,1045.0,0.24,227.0,236578.4,1
2022-07-01,2022-07-01 13:00:00,1045.0,1047.5,1045.0,1047.5,0.24,227.0,236578.4,1
2022-07-01,2022-07-01 14:00:00,1047.5,1050.0,1047.5,1050.0,0.24,227.0,236578.4,1
2022-07-01,2022-07-01 15:00:00,1050.0,1075.0,1010.0,1050.0,0.0,227.0,236578.4,0
2022-07-03,2022-07-03 11:00:00,1029.0,1080.5,1022.0,1054.75,2.5,820.6,890279.9,1
2022-07-03,2022-07-03 12:00:00,1054.75,1080.5,1054.75,1080.5,2.44,820.6,890279.9,1
2022-07-03,2022-07-03 13:00:00,1080.5,1106.25,1080.5,1106.25,2.38,820.6,890279.9,1
2022-07-03,2022-07-03 14:00:00,1106.25,1132.0,1106.25,1132.0,2.33,820.6,890279.9,1
2022-07-03,2022-07-03 15:00:00,1132.0,1132.0,1015.0,1132.0,0.0,820.6,890279.9,0
2022-07-04,2022-07-04 11:00:00,1151.0,1169.0,1105.5,1137.0,-1.22,1990.8,2265437.84,-1
2022-07-04,2022-07-04 12:00:00,1137.0,1137.0,1123.0,1123.0,-1.23,1990.8,2265437.84,-1
2022-07-04,2022-07-04 13:00:00,1123.0,1123.0,1109.0,1109.0,-1.25,1990.8,2265437.84,-1
2022-07-04,2022-07-04 14:00:00,1109.0,1109.0,1095.0,1095.0,-1.26,1990.8,2265437.84,-1
2022-07-04,2022-07-04 15:00:00,1095.0,1187.0,1060.0,1095.0,0.0,1990.8,2265437.84,0
2022-07-05,2022-07-05 11:00:00,1075.0,1095.0,1057.4,1069.0,-0.56,1072.4,1141129.2,-1
2022-07-05,2022-07-05 12:00:00,1069.0,1069.0,1063.0,1063.0,-0.56,1072.4,1141129.2,-1
2022-07-05,2022-07-05 13:00:00,1063.0,1063.0,1057.0,1057.0,-0.56,1072.4,1141129.2,-1
2022-07-05,2022-07-05 14:00:00,1057.0,1057.0,1051.0,1051.0,-0.57,1072.4,1141129.2,-1
2022-07-05,2022-07-05 15:00:00,1051.0,1115.0,1039.8,1051.0,0.0,1072.4,1141129.2,0
2022-07-06,2022-07-06 11:00:00,1033.4,1076.7,1026.7,1044.55,1.08,494.4,519683.8,1
2022-07-06,2022-07-06 12:00:00,1044.55,1055.7,1044.55,1055.7,1.07,494.4,519683.8,1
2022-07-06,2022-07-06 13:00:00,1055.7,1066.85,1055.7,1066.85,1.06,494.4,519683.8,1
2022-07-06,2022-07-06 14:00:00,1066.85,1078.0,1066.85,1078.0,1.05,494.4,519683.8,1
2022-07-06,2022-07-06 15:00:00,1078.0,1120.0,1020.0,1078.0,0.0,494.4,519683.8,0
2022-07-07,2022-07-07 11:00:00,1099.5,1099.5,1072.75,1089.12,-0.94,414.8,440635.4,-1
2022-07-07,2022-07-07 12:00:00,1089.12,1089.12,1078.75,1078.75,-0.95,414.8,440635.4,-1
2022-07-07,2022-07-07 13:00:00,1078.75,1078.75,1068.38,1068.38,-0.96,414.8,440635.4,-1
2022-07-07,2022-07-07 14:00:00,1068.38,1068.38,1058.0,1058.0,-0.97,414.8,440635.4,-1
2022-07-07,2022-07-07 15:00:00,1058.0,1099.5,1046.0,1058.0,0.0,414.8,440635.4,0
2022-07-08,2022-07-08 11:00:00,1036.9,1036.9,1025.45,1031.68,-0.5,523.0,533226.9,-1
2022-07-08,2022-07-08 12:00:00,1031.68,1031.68,1026.45,1026.45,-0.51,523.0,533226.9,-1
2022-07-08,2022-07-08 13:00:00,1026.45,1026.45,1021.23,1021.23,-0.51,523.0,533226.9,-1
2022-07-08,2022-07-08 14:00:00,1021.23,1021.23,1016.0,1016.0,-0.51,523.0,533226.9,-1
2022-07-08,2022-07-08 15:00:00,1016.0,1036.9,1014.0,1016.0,0.0,523.0,533226.9,0
2022-07-11,2022-07-11 11:00:00,995.7,995.7,972.85,984.28,-1.15,913.6,882084.66,-1
2022-07-11,2022-07-11 12:00:00,984.28,984.28,972.85,972.85,-1.16,913.6,882084.66,-1
2022-07-11,2022-07-11 13:00:00,972.85,972.85,961.42,961.42,-1.17,913.6,882084.66,-1
2022-07-11,2022-07-11 14:00:00,961.42,961.42,950.0,950.0,-1.19,913.6,882084.66,-1
2022-07-11,2022-07-11 15:00:00,950.0,995.7,950.0,950.0,0.0,913.6,882084.66,0
2022-07-12,2022-07-12 11:00:00,969.0,981.0,960.0,969.0,0.0,581.0,561546.22,0
2022-07-12,2022-07-12 12:00:00,969.0,969.0,969.0,969.0,0.0,581.0,561546.22,0
2022-07-12,2022-07-12 13:00:00,969.0,969.0,969.0,969.0,0.0,581.0,561546.22,0
2022-07-12,2022-07-12 14:00:00,969.0,969.0,969.0,969.0,0.0,581.0,561546.22,0
2022-07-12,2022-07-12 15:00:00,969.0,993.0,951.0,969.0,0.0,581.0,561546.22,0
2022-07-13,2022-07-13 11:00:00,988.3,1018.65,979.25,1003.22,1.51,613.2,618042.56,1
2022-07-13,2022-07-13 12:00:00,1003.22,1018.15,1003.22,1018.15,1.49,613.2,618042.56,1
2022-07-13,2022-07-13 13:00:00,1018.15,1033.08,1018.15,1033.08,1.47,613.2,618042.56,1
2022-07-13,2022-07-13 14:00:00,1033.08,1048.0,1033.08,1048.0,1.44,613.2,618042.56,1
2022-07-13,2022-07-13 15:00:00,1048.0,1049.0,970.2,1048.0,0.0,613.2,618042.56,0
2022-07-14,2022-07-14 11:00:00,1062.0,1072.0,1045.5,1059.0,-0.28,444.0,464964.2,-1
2022-07-14,2022-07-14 12:00:00,1059.0,1059.0,1056.0,1056.0,-0.28,444.0,464964.2,-1
2022-07-14,2022-07-14 13:00:00,1056.0,1056.0,1053.0,1053.0,-0.28,444.0,464964.2,-1
2022-07-14,2022-07-14 14:00:00,1053.0,1053.0,1050.0,1050.0,-0.28,444.0,464964.2,-1
2022-07-14,2022-07-14 15:00:00,1050.0,1082.0,1029.0,1050.0,0.0,444.0,464964.2,0
2022-07-15,2022-07-15 11:00:00,1029.0,1039.45,1024.5,1034.22,0.51,241.4,249651.06,1
2022-07-15,2022-07-15 12:00:00,1034.22,1039.45,1034.22,1039.45,0.51,241.4,249651.06,1
2022-07-15,2022-07-15 13:00:00,1039.45,1044.68,1039.45,1044.68,0.5,241.4,249651.06,1
2022-07-15,2022-07-15 14:00:00,1044.68,1049.9,1044.68,1049.9,0.5,241.4,249651.06,1
2022-07-15,2022-07-15 15:00:00,1049.9,1049.9,1020.0,1049.9,0.0,241.4,249651.06,0
2022-07-17,2022-07-17 11:00:00,1032.0,1045.95,1026.0,1029.5,-0.24,248.0,256444.0,-1
2022-07-17,2022-07-17 12:00:00,1029.5,1029.5,1027.0,1027.0,-0.24,248.0,256444.0,-1
2022-07-17,2022-07-17 13:00:00,1027.0,1027.0,1024.5,1024.5,-0.24,248.0,256444.0,-1
2022-07-17,2022-07-17 14:00:00,1024.5,1024.5,1022.0,1022.0,-0.24,248.0,256444.0,-1
2022-07-17,2022-07-17 15:00:00,1022.0,1059.9,1020.0,1022.0,0.0,248.0,256444.0,0
2022-07-18,2022-07-18 11:00:00,1040.0,1069.5,1032.5,1050.97,1.05,1188.0,1278265.7,1
2022-07-18,2022-07-18 12:00:00,1050.97,1061.95,1050.97,1061.95,1.04,1188.0,1278265.7,1
2022-07-18,2022-07-18 13:00:00,1061.95,1072.93,1061.95,1072.93,1.03,1188.0,1278265.7,1
2022-07-18,2022-07-18 14:00:00,1072.93,1083.9,1072.93,1083.9,1.02,1188.0,1278265.7,1
2022-07-18,2022-07-18 15:00:00,1083.9,1099.0,1025.0,1083.9,0.0,1188.0,1278265.7,0
2022-07-19,2022-07-19 11:00:00,1105.0,1114.75,1095.0,1108.0,0.27,1098.2,1221309.3,1
2022-07-19,2022-07-19 12:00:00,1108.0,1111.0,1108.0,1111.0,0.27,1098.2,1221309.3,1
2022-07-19,2022-07-19 13:00:00,1111.0,1114.0,1111.0,1114.0,0.27,1098.2,1221309.3,1
2022-07-19,2022-07-19 14:00:00,1114.0,1117.0,1114.0,1117.0,0.27,1098.2,1221309.3,1
2022-07-19,2022-07-19 15:00:00,1117.0,1124.5,1085.0,1117.0,0.0,1098.2,1221309.3,0
2022-07-20,2022-07-20 11:00:00,1130.0,1130.0,1102.5,1124.0,-0.53,450.4,500530.6,-1
2022-07-20,2022-07-20 12:00:00,1124.0,1124.0,1118.0,1118.0,-0.53,450.4,500530.6,-1
2022-07-20,2022-07-20 13:00:00,1118.0,1118.0,1112.0,1112.0,-0.54,450.4,500530.6,-1
2022-07-20,2022-07-20 14:00:00,1112.0,1112.0,1106.0,1106.0,-0.54,450.4,500530.6,-1
2022-07-20,2022-07-20 15:00:00,1106.0,1130.0,1075.0,1106.0,0.0,450.4,500530.6,0
2022-07-21,2022-07-21 11:00:00,1090.0,1103.0,1086.95,1091.25,0.11,697.2,762035.38,1
2022-07-21,2022-07-21 12:00:00,1091.25,1092.5,1091.25,1092.5,0.11,697.2,762035.38,1
2022-07-21,2022-07-21 13:00:00,1092.5,1093.75,1092.5,1093.75,0.11,697.2,762035.38,1
2022-07-21,2022-07-21 14:00:00,1093.75,1095.0,1093.75,1095.0,0.11,697.2,762035.38,1
2022-07-21,2022-07-21 15:00:00,1095.0,1116.0,1083.9,1095.0,0.0,697.2,762035.38,0
2022-07-22,2022-07-22 11:00:00,1075.0,1082.45,1070.0,1072.5,-0.23,396.0,424987.4,-1
2022-07-22,2022-07-22 12:00:00,1072.5,1072.5,1070.0,1070.0,-0.23,396.0,424987.4,-1
2022-07-22,2022-07-22 13:00:00,1070.0,1070.0,1067.5,1067.5,-0.23,396.0,424987.4,-1
2022-07-22,2022-07-22 14:00:00,1067.5,1067.5,1065.0,1065.0,-0.23,396.0,424987.4,-1
2022-07-22,2022-07-22 15:00:00,1065.0,1089.9,1065.0,1065.0,0.0,396.0,424987.4,0
2022-07-24,2022-07-24 11:00:00,1086.3,1100.15,1078.15,1093.22,0.64,507.6,552612.1,1
2022-07-24,2022-07-24 12:00:00,1093.22,1100.15,1093.22,1100.15,0.63,507.6,552612.1,1
2022-07-24,2022-07-24 13:00:00,1100.15,1107.08,1100.15,1107.08,0.63,507.6,552612.1,1
2022-07-24,2022-07-24 14:00:00,1107.08,1114.0,1107.08,1114.0,0.63,507.6,552612.1,1
2022-07-24,2022-07-24 15:00:00,1114.0,1114.0,1070.0,1114.0,0.0,507.6,552612.1,0
2022-07-25,2022-07-25 11:00:00,1114.0,1129.5,1107.0,1121.5,0.67,1796.4,2027181.6,1
2022-07-25,2022-07-25 12:00:00,1121.5,1129.0,1121.5,1129.0,0.67,1796.4,2027181.6,1
2022-07-25,2022-07-25 13:00:00,1129.0,1136.5,1129.0,1136.5,0.66,1796.4,2027181.6,1
2022-07-25,2022-07-25 14:00:00,1136.5,1144.0,1136.5,1144.0,0.66,1796.4,2027181.6,1
2022-07-25,2022-07-25 15:00:00,1144.0,1145.0,1100.0,1144.0,0.0,1796.4,2027181.6,0
2022-07-26,2022-07-26 11:00:00,1140.0,1142.5,1119.5,1131.25,-0.77,1670.8,1869382.0,-1
2022-07-26,2022-07-26 12:00:00,1131.25,1131.25,1122.5,1122.5,-0.77,1670.8,1869382.0,-1
2022-07-26,2022-07-26 13:00:00,1122.5,1122.5,1113.75,1113.75,-0.78,1670.8,1869382.0,-1
2022-07-26,2022-07-26 14:00:00,1113.75,1113.75,1105.0,1105.0,-0.79,1670.8,1869382.0,-1
2022-07-26,2022-07-26 15:00:00,1105.0,1145.0,1099.0,1105.0,0.0,1670.8,1869382.0,0
2022-07-27,2022-07-27 11:00:00,1106.0,1118.0,1098.5,1111.75,0.52,494.4,549241.82,1
2022-07-27,2022-07-27 12:00:00,1111.75,1117.5,1111.75,1117.5,0.52,494.4,549241.82,1
2022-07-27,2022-07-27 13:00:00,1117.5,1123.25,1117.5,1123.25,0.51,494.4,549241.82,1
2022-07-27,2022-07-27 14:00:00,1123.25,1129.0,1123.25,1129.0,0.51,494.4,549241.82,1
2022-07-27,2022-07-27 15:00:00,1129.0,1130.0,1091.0,1129.0,0.0,494.4,549241.82,0
2022-07-28,2022-07-28 11:00:00,1148.6,1154.3,1134.9,1146.45,-0.19,1493.4,1711988.6,-1
2022-07-28,2022-07-28 12:00:00,1146.45,1146.45,1144.3,1144.3,-0.19,1493.4,1711988.6,-1
2022-07-28,2022-07-28 13:00:00,1144.3,1144.3,1142.15,1142.15,-0.19,1493.4,1711988.6,-1
2022-07-28,2022-07-28 14:00:00,1142.15,1142.15,1140.0,1140.0,-0.19,1493.4,1711988.6,-1
2022-07-28,2022-07-28 15:00:00,1140.0,1160.0,1121.2,1140.0,0.0,1493.4,1711988.6,0
2022-07-29,2022-07-29 11:00:00,1120.0,1162.0,1112.5,1131.0,0.98,1086.6,1258670.6,1
2022-07-29,2022-07-29 12:00:00,1131.0,1142.0,1131.0,1142.0,0.97,1086.6,1258670.6,1
2022-07-29,2022-07-29 13:00:00,1142.0,1153.0,1142.0,1153.0,0.96,1086.6,1258670.6,1
2022-07-29,2022-07-29 14:00:00,1153.0,1164.0,1153.0,1164.0,0.95,1086.6,1258670.6,1
2022-07-29,2022-07-29 15:00:00,1164.0,1204.0,1105.0,1164.0,0.0,1086.6,1258670.6,0
2022-07-31,2022-07-31 11:00:00,1160.0,1182.5,1160.0,1168.5,0.73,1036.0,1226244.8,1
2022-07-31,2022-07-31 12:00:00,1168.5,1177.0,1168.5,1177.0,0.73,1036.0,1226244.8,1
2022-07-31,2022-07-31 13:00:00,1177.0,1185.5,1177.0,1185.5,0.72,1036.0,1226244.8,1
2022-07-31,2022-07-31 14:00:00,1185.5,1194.0,1185.5,1194.0,0.72,1036.0,1226244.8,1
2022-07-31,2022-07-31 15:00:00,1194.0,1205.0,1160.0,1194.0,0.0,1036.0,1226244.8,0
2022-08-01,2022-08-01 11:00:00,1170.3,1185.15,1165.65,1168.22,-0.18,1274.4,1505951.3,-1
2022-08-01,2022-08-01 12:00:00,1168.22,1168.22,1166.15,1166.15,-0.18,1274.4,1505951.3,-1
2022-08-01,2022-08-01 13:00:00,1166.15,1166.15,1164.08,1164.08,-0.18,1274.4,1505951.3,-1
2022-08-01,2022-08-01 14:00:00,1164.08,1164.08,1162.0,1162.0,-0.18,1274.4,1505951.3,-1
2022-08-01,2022-08-01 15:00:00,1162.0,1200.0,1161.0,1162.0,0.0,1274.4,1505951.3,0
2022-08-02,2022-08-02 11:00:00,1185.0,1186.5,1164.0,1180.0,-0.42,595.6,688821.88,-1
2022-08-02,2022-08-02 12:00:00,1180.0,1180.0,1175.0,1175.0,-0.42,595.6,688821.88,-1
2022-08-02,2022-08-02 13:00:00,1175.0,1175.0,1170.0,1170.0,-0.43,595.6,688821.88,-1
2022-08-02,2022-08-02 14:00:00,1170.0,1170.0,1165.0,1165.0,-0.43,595.6,688821.88,-1
2022-08-02,2022-08-02 15:00:00,1165.0,1188.0,1143.0,1165.0,0.0,595.6,688821.88,0
2022-08-03,2022-08-03 11:00:00,1147.0,1161.5,1146.5,1147.0,0.0,521.4,601981.7,0
2022-08-03,2022-08-03 12:00:00,1147.0,1147.0,1147.0,1147.0,0.0,521.4,601981.7,0
2022-08-03,2022-08-03 13:00:00,1147.0,1147.0,1147.0,1147.0,0.0,521.4,601981.7,0
2022-08-03,2022-08-03 14:00:00,1147.0,1147.0,1147.0,1147.0,0.0,521.4,601981.7,0
2022-08-03,2022-08-03 15:00:00,1147.0,1176.0,1146.0,1147.0,0.0,521.4,601981.7,0
2022-08-04,2022-08-04 11:00:00,1146.0,1146.0,1125.25,1135.62,-0.91,660.0,744657.1,-1
2022-08-04,2022-08-04 12:00:00,1135.62,1135.62,1125.25,1125.25,-0.91,660.0,744657.1,-1
2022-08-04,2022-08-04 13:00:00,1125.25,1125.25,1114.88,1114.88,-0.92,660.0,744657.1,-1
2022-08-04,2022-08-04 14:00:00,1114.88,1114.88,1104.5,1104.5,-0.93,660.0,744657.1,-1
2022-08-04,2022-08-04 15:00:00,1104.5,1146.0,1104.5,1104.5,0.0,660.0,744657.1,0
2022-08-05,2022-08-05 11:00:00,1105.0,1107.5,1091.5,1100.25,-0.43,479.2,522904.48,-1
2022-08-05,2022-08-05 12:00:00,1100.25,1100.25,1095.5,1095.5,-0.43,479.2,522904.48,-1
2022-08-05,2022-08-05 13:00:00,1095.5,1095.5,1090.75,1090.75,-0.43,479.2,522904.48,-1
2022-08-05,2022-08-05 14:00:00,1090.75,1090.75,1086.0,1086.0,-0.44,479.2,522904.48,-1
2022-08-05,2022-08-05 15:00:00,1086.0,1110.0,1078.0,1086.0,0.0,479.2,522904.48,0
2022-08-07,2022-08-07 11:00:00,1107.7,1129.35,1107.7,1109.03,0.12,1352.2,1535126.78,1
2022-08-07,2022-08-07 12:00:00,1109.03,1110.35,1109.03,1110.35,0.12,1352.2,1535126.78,1
2022-08-07,2022-08-07 13:00:00,1110.35,1111.67,1110.35,1111.67,0.12,1352.2,1535126.78,1
2022-08-07,2022-08-07 14:00:00,1111.67,1113.0,1111.67,1113.0,0.12,1352.2,1535126.78,1
2022-08-07,2022-08-07 15:00:00,1113.0,1151.0,1107.7,1113.0,0.0,1352.2,1535126.78,0
2022-08-08,2022-08-08 11:00:00,1100.0,1110.0,1100.0,1100.0,0.0,607.0,674073.16,0
2022-08-08,2022-08-08 12:00:00,1100.0,1100.0,1100.0,1100.0,0.0,607.0,674073.16,0
2022-08-08,2022-08-08 13:00:00,1100.0,1100.0,1100.0,1100.0,0.0,607.0,674073.16,0
2022-08-08,2022-08-08 14:00:00,1100.0,1100.0,1100.0,1100.0,0.0,607.0,674073.16,0
2022-08-08,2022-08-08 15:00:00,1100.0,1120.0,1100.0,1100.0,0.0,607.0,674073.16,0
2022-08-09,2022-08-09 11:00:00,1110.0,1110.0,1087.5,1099.0,-0.99,688.8,744036.7,-1
2022-08-09,2022-08-09 12:00:00,1099.0,1099.0,1088.0,1088.0,-1.0,688.8,744036.7,-1
2022-08-09,2022-08-09 13:00:00,1088.0,1088.0,1077.0,1077.0,-1.01,688.8,744036.7,-1
2022-08-09,2022-08-09 14:00:00,1077.0,1077.0,1066.0,1066.0,-1.02,688.8,744036.7,-1
2022-08-09,2022-08-09 15:00:00,1066.0,1110.0,1065.0,1066.0,0.0,688.8,744036.7,0
2022-08-10,2022-08-10 11:00:00,1052.0,1067.0,1052.0,1054.0,0.19,505.8,541941.76,1
2022-08-10,2022-08-10 12:00:00,1054.0,1056.0,1054.0,1056.0,0.19,505.8,541941.76,1
2022-08-10,2022-08-10 13:00:00,1056.0,1058.0,1056.0,1058.0,0.19,505.8,541941.76,1
2022-08-10,2022-08-10 14:00:00,1058.0,1060.0,1058.0,1060.0,0.19,505.8,541941.76,1
2022-08-10,2022-08-10 15:00:00,1060.0,1082.0,1052.0,1060.0,0.0,505.8,541941.76,0
2022-08-11,2022-08-11 11:00:00,1081.2,1081.2,1063.65,1072.42,-0.81,420.0,443096.2,-1
2022-08-11,2022-08-11 12:00:00,1072.42,1072.42,1063.65,1063.65,-0.82,420.0,443096.2,-1
2022-08-11,2022-08-11 13:00:00,1063.65,1063.65,1054.88,1054.88,-0.82,420.0,443096.2,-1
2022-08-11,2022-08-11 14:00:00,1054.88,1054.88,1046.1,1046.1,-0.83,420.0,443096.2,-1
2022-08-11,2022-08-11 15:00:00,1046.1,1081.2,1046.1,1046.1,0.0,420.0,443096.2,0
2022-08-14,2022-08-14 11:00:00,1033.0,1041.5,1033.0,1033.0,0.0,240.4,250211.4,0
2022-08-14,2022-08-14 12:00:00,1033.0,1033.0,1033.0,1033.0,0.0,240.4,250211.4,0
2022-08-14,2022-08-14 13:00:00,1033.0,1033.0,1033.0,1033.0,0.0,240.4,250211.4,0
2022-08-14,2022-08-14 14:00:00,1033.0,1033.0,1033.0,1033.0,0.0,240.4,250211.4,0
2022-08-14,2022-08-14 15:00:00,1033.0,1050.0,1033.0,1033.0,0.0,240.4,250211.4,0
2022-08-15,2022-08-15 11:00:00,1033.0,1053.0,1033.0,1041.25,0.8,307.0,324923.96,1
2022-08-15,2022-08-15 12:00:00,1041.25,1049.5,1041.25,1049.5,0.79,307.0,324923.96,1
2022-08-15,2022-08-15 13:00:00,1049.5,1057.75,1049.5,1057.75,0.79,307.0,324923.96,1
2022-08-15,2022-08-15 14:00:00,1057.75,1066.0,1057.75,1066.0,0.78,307.0,324923.96,1
2022-08-15,2022-08-15 15:00:00,1066.0,1073.0,1033.0,1066.0,0.0,307.0,324923.96,0
2022-08-16,2022-08-16 11:00:00,1061.0,1074.0,1053.5,1061.22,0.02,835.8,887978.1,1
2022-08-16,2022-08-16 12:00:00,1061.22,1061.45,1061.22,1061.45,0.02,835.8,887978.1,1
2022-08-16,2022-08-16 13:00:00,1061.45,1061.68,1061.45,1061.68,0.02,835.8,887978.1,1
2022-08-16,2022-08-16 14:00:00,1061.68,1061.9,1061.68,1061.9,0.02,835.8,887978.1,1
2022-08-16,2022-08-16 15:00:00,1061.9,1087.0,1046.0,1061.9,0.0,835.8,887978.1,0
2022-08-17,2022-08-17 11:00:00,1043.0,1050.5,1043.0,1046.75,0.36,374.4,391942.2,1
2022-08-17,2022-08-17 12:00:00,1046.75,1050.5,1046.75,1050.5,0.36,374.4,391942.2,1
2022-08-17,2022-08-17 13:00:00,1050.5,1054.25,1050.5,1054.25,0.36,374.4,391942.2,1
2022-08-17,2022-08-17 14:00:00,1054.25,1058.0,1054.25,1058.0,0.36,374.4,391942.2,1
2022-08-17,2022-08-17 15:00:00,1058.0,1058.0,1043.0,1058.0,0.0,374.4,391942.2,0
2022-08-18,2022-08-18 11:00:00,1042.0,1058.5,1042.0,1047.75,0.55,227.0,241006.0,1
2022-08-18,2022-08-18 12:00:00,1047.75,1053.5,1047.75,1053.5,0.55,227.0,241006.0,1
2022-08-18,2022-08-18 13:00:00,1053.5,1059.25,1053.5,1059.25,0.55,227.0,241006.0,1
2022-08-18,2022-08-18 14:00:00,1059.25,1065.0,1059.25,1065.0,0.54,227.0,241006.0,1
2022-08-18,2022-08-18 15:00:00,1065.0,1075.0,1042.0,1065.0,0.0,227.0,241006.0,0
2022-08-21,2022-08-21 11:00:00,1086.0,1086.0,1073.0,1082.0,-0.37,609.6,652381.2,-1
2022-08-21,2022-08-21 12:00:00,1082.0,1082.0,1078.0,1078.0,-0.37,609.6,652381.2,-1
2022-08-21,2022-08-21 13:00:00,1078.0,1078.0,1074.0,1074.0,-0.37,609.6,652381.2,-1
2022-08-21,2022-08-21 14:00:00,1074.0,1074.0,1070.0,1070.0,-0.37,609.6,652381.2,-1
2022-08-21,2022-08-21 15:00:00,1070.0,1086.0,1060.0,1070.0,0.0,609.6,652381.2,0
2022-08-22,2022-08-22 11:00:00,1051.0,1058.0,1045.5,1053.25,0.21,183.2,192796.8,1
2022-08-22,2022-08-22 12:00:00,1053.25,1055.5,1053.25,1055.5,0.21,183.2,192796.8,1
2022-08-22,2022-08-22 13:00:00,1055.5,1057.75,1055.5,1057.75,0.21,183.2,192796.8,1
2022-08-22,2022-08-22 14:00:00,1057.75,1060.0,1057.75,1060.0,0.21,183.2,192796.8,1
2022-08-22,2022-08-22 15:00:00,1060.0,1065.0,1040.0,1060.0,0.0,183.2,192796.8,0
2022-08-23,2022-08-23 11:00:00,1060.0,1065.0,1053.7,1057.03,-0.28,332.0,349554.96,-1
2022-08-23,2022-08-23 12:00:00,1057.03,1057.03,1054.05,1054.05,-0.28,332.0,349554.96,-1
2022-08-23,2022-08-23 13:00:00,1054.05,1054.05,1051.07,1051.07,-0.28,332.0,349554.96,-1
2022-08-23,2022-08-23 14:00:00,1051.07,1051.07,1048.1,1048.1,-0.28,332.0,349554.96,-1
2022-08-23,2022-08-23 15:00:00,1048.1,1070.0,1047.4,1048.1,0.0,332.0,349554.96,0
2022-08-24,2022-08-24 11:00:00,1069.0,1069.0,1060.05,1065.0,-0.37,303.6,320655.14,-1
2022-08-24,2022-08-24 12:00:00,1065.0,1065.0,1061.0,1061.0,-0.38,303.6,320655.14,-1
2022-08-24,2022-08-24 13:00:00,1061.0,1061.0,1057.0,1057.0,-0.38,303.6,320655.14,-1
2022-08-24,2022-08-24 14:00:00,1057.0,1057.0,1053.0,1053.0,-0.38,303.6,320655.14,-1
2022-08-24,2022-08-24 15:00:00,1053.0,1069.0,1051.1,1053.0,0.0,303.6,320655.14,0
2022-08-25,2022-08-25 11:00:00,1050.0,1054.0,1044.0,1047.0,-0.29,542.6,567606.16,-1
2022-08-25,2022-08-25 12:00:00,1047.0,1047.0,1044.0,1044.0,-0.29,542.6,567606.16,-1
2022-08-25,2022-08-25 13:00:00,1044.0,1044.0,1041.0,1041.0,-0.29,542.6,567606.16,-1
2022-08-25,2022-08-25 14:00:00,1041.0,1041.0,1038.0,1038.0,-0.29,542.6,567606.16,-1
2022-08-25,2022-08-25 15:00:00,1038.0,1058.0,1038.0,1038.0,0.0,542.6,567606.16,0
2022-08-26,2022-08-26 11:00:00,1028.5,1036.75,1026.75,1031.88,0.33,611.0,627532.2,1
2022-08-26,2022-08-26 12:00:00,1031.88,1035.25,1031.88,1035.25,0.33,611.0,627532.2,1
2022-08-26,2022-08-26 13:00:00,1035.25,1038.62,1035.25,1038.62,0.33,611.0,627532.2,1
2022-08-26,2022-08-26 14:00:00,1038.62,1042.0,1038.62,1042.0,0.33,611.0,627532.2,1
2022-08-26,2022-08-26 15:00:00,1042.0,1045.0,1025.0,1042.0,0.0,611.0,627532.2,0
2022-08-28,2022-08-28 11:00:00,1040.0,1042.0,1025.0,1032.75,-0.7,460.2,468379.44,-1
2022-08-28,2022-08-28 12:00:00,1032.75,1032.75,1025.5,1025.5,-0.7,460.2,468379.44,-1
2022-08-28,2022-08-28 13:00:00,1025.5,1025.5,1018.25,1018.25,-0.71,460.2,468379.44,-1
2022-08-28,2022-08-28 14:00:00,1018.25,1018.25,1011.0,1011.0,-0.71,460.2,468379.44,-1
2022-08-28,2022-08-28 15:00:00,1011.0,1044.0,1010.0,1011.0,0.0,460.2,468379.44,0
2022-08-29,2022-08-29 11:00:00,995.0,1009.5,995.0,1002.25,0.73,139.0,140198.8,1
2022-08-29,2022-08-29 12:00:00,1002.25,1009.5,1002.25,1009.5,0.72,139.0,140198.8,1
2022-08-29,2022-08-29 13:00:00,1009.5,1016.75,1009.5,1016.75,0.72,139.0,140198.8,1
2022-08-29,2022-08-29 14:00:00,1016.75,1024.0,1016.75,1024.0,0.71,139.0,140198.8,1
2022-08-29,2022-08-29 15:00:00,1024.0,1024.0,995.0,1024.0,0.0,139.0,140198.8,0
2022-08-30,2022-08-30 11:00:00,1020.0,1022.5,1017.25,1018.75,-0.12,109.4,111113.18,-1
2022-08-30,2022-08-30 12:00:00,1018.75,1018.75,1017.5,1017.5,-0.12,109.4,111113.18,-1
2022-08-30,2022-08-30 13:00:00,1017.5,1017.5,1016.25,1016.25,-0.12,109.4,111113.18,-1
2022-08-30,2022-08-30 14:00:00,1016.25,1016.25,1015.0,1015.0,-0.12,109.4,111113.18,-1
2022-08-30,2022-08-30 15:00:00,1015.0,1025.0,1014.5,1015.0,0.0,109.4,111113.18,0
2022-08-31,2022-08-31 11:00:00,1020.0,1020.0,1008.0,1016.25,-0.37,316.6,317675.32,-1
2022-08-31,2022-08-31 12:00:00,1016.25,1016.25,1012.5,1012.5,-0.37,316.6,317675.32,-1
2022-08-31,2022-08-31 13:00:00,1012.5,1012.5,1008.75,1008.75,-0.37,316.6,317675.32,-1
2022-08-31,2022-08-31 14:00:00,1008.75,1008.75,1005.0,1005.0,-0.37,316.6,317675.32,-1
2022-08-31,2022-08-31 15:00:00,1005.0,1020.0,996.0,1005.0,0.0,316.6,317675.32,0
2022-09-01,2022-09-01 11:00:00,1001.1,1010.5,998.05,1005.8,0.47,241.6,243345.4,1
2022-09-01,2022-09-01 12:00:00,1005.8,1010.5,1005.8,1010.5,0.47,241.6,243345.4,1
2022-09-01,2022-09-01 13:00:00,1010.5,1015.2,1010.5,1015.2,0.47,241.6,243345.4,1
2022-09-01,2022-09-01 14:00:00,1015.2,1019.9,1015.2,1019.9,0.46,241.6,243345.4,1
2022-09-01,2022-09-01 15:00:00,1019.9,1019.9,995.0,1019.9,0.0,241.6,243345.4,0
2022-09-02,2022-09-02 11:00:00,1035.0,1035.0,1017.3,1027.5,-0.72,248.6,248796.72,-1
2022-09-02,2022-09-02 12:00:00,1027.5,1027.5,1020.0,1020.0,-0.73,248.6,248796.72,-1
2022-09-02,2022-09-02 13:00:00,1020.0,1020.0,1012.5,1012.5,-0.74,248.6,248796.72,-1
2022-09-02,2022-09-02 14:00:00,1012.5,1012.5,1005.0,1005.0,-0.74,248.6,248796.72,-1
2022-09-02,2022-09-02 15:00:00,1005.0,1035.0,999.6,1005.0,0.0,248.6,248796.72,0
2022-09-04,2022-09-04 11:00:00,1015.0,1015.0,1005.0,1013.0,-0.2,366.8,368515.36,-1
2022-09-04,2022-09-04 12:00:00,1013.0,1013.0,1011.0,1011.0,-0.2,366.8,368515.36,-1
2022-09-04,2022-09-04 13:00:00,1011.0,1011.0,1009.0,1009.0,-0.2,366.8,368515.36,-1
2022-09-04,2022-09-04 14:00:00,1009.0,1009.0,1007.0,1007.0,-0.2,366.8,368515.36,-1
2022-09-04,2022-09-04 15:00:00,1007.0,1015.0,995.0,1007.0,0.0,366.8,368515.36,0
2022-09-05,2022-09-05 11:00:00,997.0,1005.5,995.0,999.0,0.2,827.2,825861.4,1
2022-09-05,2022-09-05 12:00:00,999.0,1001.0,999.0,1001.0,0.2,827.2,825861.4,1
2022-09-05,2022-09-05 13:00:00,1001.0,1003.0,1001.0,1003.0,0.2,827.2,825861.4,1
2022-09-05,2022-09-05 14:00:00,1003.0,1005.0,1003.0,1005.0,0.2,827.2,825861.4,1
2022-09-05,2022-09-05 15:00:00,1005.0,1014.0,993.0,1005.0,0.0,827.2,825861.4,0
2022-09-06,2022-09-06 11:00:00,1001.0,1007.95,1000.0,1004.48,0.35,608.4,609134.8,1
2022-09-06,2022-09-06 12:00:00,1004.48,1007.95,1004.48,1007.95,0.35,608.4,609134.8,1
2022-09-06,2022-09-06 13:00:00,1007.95,1011.42,1007.95,1011.42,0.34,608.4,609134.8,1
2022-09-06,2022-09-06 14:00:00,1011.42,1014.9,1011.42,1014.9,0.34,608.4,609134.8,1
2022-09-06,2022-09-06 15:00:00,1014.9,1014.9,999.0,1014.9,0.0,608.4,609134.8,0
2022-09-07,2022-09-07 11:00:00,1000.0,1004.45,997.0,1002.23,0.22,218.0,217471.3,1
2022-09-07,2022-09-07 12:00:00,1002.23,1004.45,1002.23,1004.45,0.22,218.0,217471.3,1
2022-09-07,2022-09-07 13:00:00,1004.45,1006.67,1004.45,1006.67,0.22,218.0,217471.3,1
2022-09-07,2022-09-07 14:00:00,1006.67,1008.9,1006.67,1008.9,0.22,218.0,217471.3,1
2022-09-07,2022-09-07 15:00:00,1008.9,1008.9,994.0,1008.9,0.0,218.0,217471.3,0
2022-09-08,2022-09-08 11:00:00,989.0,999.0,989.0,991.5,0.25,263.0,262269.8,1
2022-09-08,2022-09-08 12:00:00,991.5,994.0,991.5,994.0,0.25,263.0,262269.8,1
2022-09-08,2022-09-08 13:00:00,994.0,996.5,994.0,996.5,0.25,263.0,262269.8,1
2022-09-08,2022-09-08 14:00:00,996.5,999.0,996.5,999.0,0.25,263.0,262269.8,1
2022-09-08,2022-09-08 15:00:00,999.0,1009.0,989.0,999.0,0.0,263.0,262269.8,0
2022-09-11,2022-09-11 11:00:00,990.0,995.0,985.5,989.38,-0.06,184.4,182765.7,-1
2022-09-11,2022-09-11 12:00:00,989.38,989.38,988.75,988.75,-0.06,184.4,182765.7,-1
2022-09-11,2022-09-11 13:00:00,988.75,988.75,988.12,988.12,-0.06,184.4,182765.7,-1
2022-09-11,2022-09-11 14:00:00,988.12,988.12,987.5,987.5,-0.06,184.4,182765.7,-1
2022-09-11,2022-09-11 15:00:00,987.5,1000.0,981.0,987.5,0.0,184.4,182765.7,0
2022-09-12,2022-09-12 11:00:00,995.0,995.0,987.5,991.25,-0.38,144.0,141339.86,-1
2022-09-12,2022-09-12 12:00:00,991.25,991.25,987.5,987.5,-0.38,144.0,141339.86,-1
2022-09-12,2022-09-12 13:00:00,987.5,987.5,983.75,983.75,-0.38,144.0,141339.86,-1
2022-09-12,2022-09-12 14:00:00,983.75,983.75,980.0,980.0,-0.38,144.0,141339.86,-1
2022-09-12,2022-09-12 15:00:00,980.0,995.0,980.0,980.0,0.0,144.0,141339.86,0
2022-09-13,2022-09-13 11:00:00,996.0,1000.5,989.1,993.02,-0.3,358.2,356522.86,-1
2022-09-13,2022-09-13 12:00:00,993.02,993.02,990.05,990.05,-0.3,358.2,356522.86,-1
2022-09-13,2022-09-13 13:00:00,990.05,990.05,987.08,987.08,-0.3,358.2,356522.86,-1
2022-09-13,2022-09-13 14:00:00,987.08,987.08,984.1,984.1,-0.3,358.2,356522.86,-1
2022-09-13,2022-09-13 15:00:00,984.1,1005.0,982.2,984.1,0.0,358.2,356522.86,0
2022-09-14,2022-09-14 11:00:00,984.0,998.0,984.0,991.0,0.71,180.0,180742.2,1
2022-09-14,2022-09-14 12:00:00,991.0,998.0,991.0,998.0,0.71,180.0,180742.2,1
2022-09-14,2022-09-14 13:00:00,998.0,1005.0,998.0,1005.0,0.7,180.0,180742.2,1
2022-09-14,2022-09-14 14:00:00,1005.0,1012.0,1005.0,1012.0,0.7,180.0,180742.2,1
2022-09-14,2022-09-14 15:00:00,1012.0,1012.0,984.0,1012.0,0.0,180.0,180742.2,0
2022-09-15,2022-09-15 11:00:00,991.8,991.8,981.9,987.6,-0.42,339.6,332483.0,-1
2022-09-15,2022-09-15 12:00:00,987.6,987.6,983.4,983.4,-0.43,339.6,332483.0,-1
2022-09-15,2022-09-15 13:00:00,983.4,983.4,979.2,979.2,-0.43,339.6,332483.0,-1
2022-09-15,2022-09-15 14:00:00,979.2,979.2,975.0,975.0,-0.43,339.6,332483.0,-1
2022-09-15,2022-09-15 15:00:00,975.0,991.8,972.0,975.0,0.0,339.6,332483.0,0
2022-09-16,2022-09-16 11:00:00,955.5,972.25,955.5,961.62,0.64,196.8,191568.7,1
2022-09-16,2022-09-16 12:00:00,961.62,967.75,961.62,967.75,0.64,196.8,191568.7,1
2022-09-16,2022-09-16 13:00:00,967.75,973.88,967.75,973.88,0.63,196.8,191568.7,1
2022-09-16,2022-09-16 14:00:00,973.88,980.0,973.88,980.0,0.63,196.8,191568.7,1
2022-09-16,2022-09-16 15:00:00,980.0,989.0,955.5,980.0,0.0,196.8,191568.7,0
2022-09-18,2022-09-18 11:00:00,960.4,965.2,955.2,962.55,0.22,360.0,345106.8,1
2022-09-18,2022-09-18 12:00:00,962.55,964.7,962.55,964.7,0.22,360.0,345106.8,1
2022-09-18,2022-09-18 13:00:00,964.7,966.85,964.7,966.85,0.22,360.0,345106.8,1
2022-09-18,2022-09-18 14:00:00,966.85,969.0,966.85,969.0,0.22,360.0,345106.8,1
2022-09-18,2022-09-18 15:00:00,969.0,970.0,950.0,969.0,0.0,360.0,345106.8,0
2022-09-20,2022-09-20 11:00:00,950.1,953.55,945.05,951.83,0.18,254.0,240801.44,1
2022-09-20,2022-09-20 12:00:00,951.83,953.55,951.83,953.55,0.18,254.0,240801.44,1
2022-09-20,2022-09-20 13:00:00,953.55,955.27,953.55,955.27,0.18,254.0,240801.44,1
2022-09-20,2022-09-20 14:00:00,955.27,957.0,955.27,957.0,0.18,254.0,240801.44,1
2022-09-20,2022-09-20 15:00:00,957.0,957.0,940.0,957.0,0.0,254.0,240801.44,0
2022-09-21,2022-09-21 11:00:00,950.0,963.1,950.0,956.25,0.66,208.0,201457.1,1
2022-09-21,2022-09-21 12:00:00,956.25,962.5,956.25,962.5,0.65,208.0,201457.1,1
2022-09-21,2022-09-21 13:00:00,962.5,968.75,962.5,968.75,0.65,208.0,201457.1,1
2022-09-21,2022-09-21 14:00:00,968.75,975.0,968.75,975.0,0.65,208.0,201457.1,1
2022-09-21,2022-09-21 15:00:00,975.0,976.2,950.0,975.0,0.0,208.0,201457.1,0
2022-09-22,2022-09-22 11:00:00,994.0,994.0,975.5,988.5,-0.55,126.6,122916.0,-1
2022-09-22,2022-09-22 12:00:00,988.5,988.5,983.0,983.0,-0.56,126.6,122916.0,-1
2022-09-22,2022-09-22 13:00:00,983.0,983.0,977.5,977.5,-0.56,126.6,122916.0,-1
2022-09-22,2022-09-22 14:00:00,977.5,977.5,972.0,972.0,-0.56,126.6,122916.0,-1
2022-09-22,2022-09-22 15:00:00,972.0,994.0,957.0,972.0,0.0,126.6,122916.0,0
2022-09-25,2022-09-25 11:00:00,960.0,961.75,955.5,960.0,0.0,88.4,84470.0,0
2022-09-25,2022-09-25 12:00:00,960.0,960.0,960.0,960.0,0.0,88.4,84470.0,0
2022-09-25,2022-09-25 13:00:00,960.0,960.0,960.0,960.0,0.0,88.4,84470.0,0
2022-09-25,2022-09-25 14:00:00,960.0,960.0,960.0,960.0,0.0,88.4,84470.0,0
2022-09-25,2022-09-25 15:00:00,960.0,963.5,951.0,960.0,0.0,88.4,84470.0,0
2022-09-27,2022-09-27 11:00:00,950.0,964.5,948.0,950.0,0.0,896.0,851439.4,0
2022-09-27,2022-09-27 12:00:00,950.0,950.0,950.0,950.0,0.0,896.0,851439.4,0
2022-09-27,2022-09-27 13:00:00,950.0,950.0,950.0,950.0,0.0,896.0,851439.4,0
2022-09-27,2022-09-27 14:00:00,950.0,950.0,950.0,950.0,0.0,896.0,851439.4,0
2022-09-27,2022-09-27 15:00:00,950.0,979.0,946.0,950.0,0.0,896.0,851439.4,0
2022-09-28,2022-09-28 11:00:00,951.0,960.0,951.0,953.25,0.24,165.6,158840.06,1
2022-09-28,2022-09-28 12:00:00,953.25,955.5,953.25,955.5,0.24,165.6,158840.06,1
2022-09-28,2022-09-28 13:00:00,955.5,957.75,955.5,957.75,0.24,165.6,158840.06,1
2022-09-28,2022-09-28 14:00:00,957.75,960.0,957.75,960.0,0.23,165.6,158840.06,1
2022-09-28,2022-09-28 15:00:00,960.0,969.0,951.0,960.0,0.0,165.6,158840.06,0
2022-09-29,2022-09-29 11:00:00,975.0,975.0,969.5,972.25,-0.28,87.0,84031.2,-1
2022-09-29,2022-09-29 12:00:00,972.25,972.25,969.5,969.5,-0.28,87.0,84031.2,-1
2022-09-29,2022-09-29 13:00:00,969.5,969.5,966.75,966.75,-0.28,87.0,84031.2,-1
2022-09-29,2022-09-29 14:00:00,966.75,966.75,964.0,964.0,-0.28,87.0,84031.2,-1
2022-09-29,2022-09-29 15:00:00,964.0,975.0,964.0,964.0,0.0,87.0,84031.2,0
2022-10-09,2022-10-09 11:00:00,983.0,983.0,974.05,982.75,-0.03,122.4,119494.36,-1
2022-10-09,2022-10-09 12:00:00,982.75,982.75,982.5,982.5,-0.03,122.4,119494.36,-1
2022-10-09,2022-10-09 13:00:00,982.5,982.5,982.25,982.25,-0.03,122.4,119494.36,-1
2022-10-09,2022-10-09 14:00:00,982.25,982.25,982.0,982.0,-0.03,122.4,119494.36,-1
2022-10-09,2022-10-09 15:00:00,982.0,983.0,965.1,982.0,0.0,122.4,119494.36,0
2022-10-10,2022-10-10 11:00:00,982.0,982.05,974.0,978.5,-0.36,195.0,190165.6,-1
2022-10-10,2022-10-10 12:00:00,978.5,978.5,975.0,975.0,-0.36,195.0,190165.6,-1
2022-10-10,2022-10-10 13:00:00,975.0,975.0,971.5,971.5,-0.36,195.0,190165.6,-1
2022-10-10,2022-10-10 14:00:00,971.5,971.5,968.0,968.0,-0.36,195.0,190165.6,-1
2022-10-10,2022-10-10 15:00:00,968.0,982.1,966.0,968.0,0.0,195.0,190165.6,0
2022-10-11,2022-10-11 11:00:00,965.0,965.0,957.5,963.75,-0.13,621.8,591367.3,-1
2022-10-11,2022-10-11 12:00:00,963.75,963.75,962.5,962.5,-0.13,621.8,591367.3,-1
2022-10-11,2022-10-11 13:00:00,962.5,962.5,961.25,961.25,-0.13,621.8,591367.3,-1
2022-10-11,2022-10-11 14:00:00,961.25,961.25,960.0,960.0,-0.13,621.8,591367.3,-1
2022-10-11,2022-10-11 15:00:00,960.0,965.0,950.0,960.0,0.0,621.8,591367.3,0
2022-10-12,2022-10-12 11:00:00,946.0,960.5,946.0,953.25,0.77,83.6,80769.0,1
2022-10-12,2022-10-12 12:00:00,953.25,960.5,953.25,960.5,0.76,83.6,80769.0,1
2022-10-12,2022-10-12 13:00:00,960.5,967.75,960.5,967.75,0.75,83.6,80769.0,1
2022-10-12,2022-10-12 14:00:00,967.75,975.0,967.75,975.0,0.75,83.6,80769.0,1
2022-10-12,2022-10-12 15:00:00,975.0,975.0,946.0,975.0,0.0,83.6,80769.0,0
2022-10-13,2022-10-13 11:00:00,975.0,975.0,967.5,974.75,-0.03,100.0,97038.6,-1
2022-10-13,2022-10-13 12:00:00,974.75,974.75,974.5,974.5,-0.03,100.0,97038.6,-1
2022-10-13,2022-10-13 13:00:00,974.5,974.5,974.25,974.25,-0.03,100.0,97038.6,-1
2022-10-13,2022-10-13 14:00:00,974.25,974.25,974.0,974.0,-0.03,100.0,97038.6,-1
2022-10-13,2022-10-13 15:00:00,974.0,975.0,960.0,974.0,0.0,100.0,97038.6,0
2022-10-16,2022-10-16 11:00:00,962.0,965.0,960.0,961.0,-0.1,166.0,159296.0,-1
2022-10-16,2022-10-16 12:00:00,961.0,961.0,960.0,960.0,-0.1,166.0,159296.0,-1
2022-10-16,2022-10-16 13:00:00,960.0,960.0,959.0,959.0,-0.1,166.0,159296.0,-1
2022-10-16,2022-10-16 14:00:00,959.0,959.0,958.0,958.0,-0.1,166.0,159296.0,-1
2022-10-16,2022-10-16 15:00:00,958.0,968.0,958.0,958.0,0.0,166.0,159296.0,0
2022-10-17,2022-10-17 11:00:00,950.0,960.0,950.0,950.75,0.08,373.6,356994.4,1
2022-10-17,2022-10-17 12:00:00,950.75,951.5,950.75,951.5,0.08,373.6,356994.4,1
2022-10-17,2022-10-17 13:00:00,951.5,952.25,951.5,952.25,0.08,373.6,356994.4,1
2022-10-17,2022-10-17 14:00:00,952.25,953.0,952.25,953.0,0.08,373.6,356994.4,1
2022-10-17,2022-10-17 15:00:00,953.0,970.0,950.0,953.0,0.0,373.6,356994.4,0
2022-10-19,2022-10-19 11:00:00,945.0,954.0,945.0,947.5,0.26,171.0,162673.9,1
2022-10-19,2022-10-19 12:00:00,947.5,950.0,947.5,950.0,0.26,171.0,162673.9,1
2022-10-19,2022-10-19 13:00:00,950.0,952.5,950.0,952.5,0.26,171.0,162673.9,1
2022-10-19,2022-10-19 14:00:00,952.5,955.0,952.5,955.0,0.26,171.0,162673.9,1
2022-10-19,2022-10-19 15:00:00,955.0,963.0,945.0,955.0,0.0,171.0,162673.9,0
2022-10-20,2022-10-20 11:00:00,945.0,954.45,945.0,948.75,0.4,686.0,653937.2,1
2022-10-20,2022-10-20 12:00:00,948.75,952.5,948.75,952.5,0.4,686.0,653937.2,1
2022-10-20,2022-10-20 13:00:00,952.5,956.25,952.5,956.25,0.39,686.0,653937.2,1
2022-10-20,2022-10-20 14:00:00,956.25,960.0,956.25,960.0,0.39,686.0,653937.2,1
2022-10-20,2022-10-20 15:00:00,960.0,963.9,945.0,960.0,0.0,686.0,653937.2,0
2022-10-23,2022-10-23 11:00:00,965.0,969.5,960.55,966.48,0.15,147.2,141924.0,1
2022-10-23,2022-10-23 12:00:00,966.48,967.95,966.48,967.95,0.15,147.2,141924.0,1
2022-10-23,2022-10-23 13:00:00,967.95,969.42,967.95,969.42,0.15,147.2,141924.0,1
2022-10-23,2022-10-23 14:00:00,969.42,970.9,969.42,970.9,0.15,147.2,141924.0,1
2022-10-23,2022-10-23 15:00:00,970.9,974.0,956.1,970.9,0.0,147.2,141924.0,0
2022-10-31,2022-10-31 11:00:00,952.0,970.5,952.0,957.75,0.6,117.8,114986.2,1
2022-10-31,2022-10-31 12:00:00,957.75,963.5,957.75,963.5,0.6,117.8,114986.2,1
2022-10-31,2022-10-31 13:00:00,963.5,969.25,963.5,969.25,0.6,117.8,114986.2,1
2022-10-31,2022-10-31 14:00:00,969.25,975.0,969.25,975.0,0.59,117.8,114986.2,1
2022-10-31,2022-10-31 15:00:00,975.0,989.0,952.0,975.0,0.0,117.8,114986.2,0
2022-11-01,2022-11-01 11:00:00,980.0,996.9,973.0,985.0,0.51,288.2,287032.76,1
2022-11-01,2022-11-01 12:00:00,985.0,990.0,985.0,990.0,0.51,288.2,287032.76,1
2022-11-01,2022-11-01 13:00:00,990.0,995.0,990.0,995.0,0.51,288.2,287032.76,1
2022-11-01,2022-11-01 14:00:00,995.0,1000.0,995.0,1000.0,0.5,288.2,287032.76,1
2022-11-01,2022-11-01 15:00:00,1000.0,1013.8,966.0,1000.0,0.0,288.2,287032.76,0
2022-11-02,2022-11-02 11:00:00,984.0,997.9,984.0,989.98,0.61,900.6,902395.0,1
2022-11-02,2022-11-02 12:00:00,989.98,995.95,989.98,995.95,0.6,900.6,902395.0,1
2022-11-02,2022-11-02 13:00:00,995.95,1001.92,995.95,1001.92,0.6,900.6,902395.0,1
2022-11-02,2022-11-02 14:00:00,1001.92,1007.9,1001.92,1007.9,0.6,900.6,902395.0,1
2022-11-02,2022-11-02 15:00:00,1007.9,1011.8,984.0,1007.9,0.0,900.6,902395.0,0
2022-11-03,2022-11-03 11:00:00,1013.0,1013.0,1004.0,1010.5,-0.25,128.0,128199.6,-1
2022-11-03,2022-11-03 12:00:00,1010.5,1010.5,1008.0,1008.0,-0.25,128.0,128199.6,-1
2022-11-03,2022-11-03 13:00:00,1008.0,1008.0,1005.5,1005.5,-0.25,128.0,128199.6,-1
2022-11-03,2022-11-03 14:00:00,1005.5,1005.5,1003.0,1003.0,-0.25,128.0,128199.6,-1
2022-11-03,2022-11-03 15:00:00,1003.0,1013.0,995.0,1003.0,0.0,128.0,128199.6,0
2022-11-06,2022-11-06 11:00:00,1000.0,1025.3,996.05,1008.5,0.85,719.8,734381.66,1
2022-11-06,2022-11-06 12:00:00,1008.5,1017.0,1008.5,1017.0,0.84,719.8,734381.66,1
2022-11-06,2022-11-06 13:00:00,1017.0,1025.5,1017.0,1025.5,0.84,719.8,734381.66,1
2022-11-06,2022-11-06 14:00:00,1025.5,1034.0,1025.5,1034.0,0.83,719.8,734381.66,1
2022-11-06,2022-11-06 15:00:00,1034.0,1050.6,992.1,1034.0,0.0,719.8,734381.66,0
2022-11-07,2022-11-07 11:00:00,1043.0,1049.5,1032.0,1040.75,-0.22,524.8,547424.6,-1
2022-11-07,2022-11-07 12:00:00,1040.75,1040.75,1038.5,1038.5,-0.22,524.8,547424.6,-1
2022-11-07,2022-11-07 13:00:00,1038.5,1038.5,1036.25,1036.25,-0.22,524.8,547424.6,-1
2022-11-07,2022-11-07 14:00:00,1036.25,1036.25,1034.0,1034.0,-0.22,524.8,547424.6,-1
2022-11-07,2022-11-07 15:00:00,1034.0,1056.0,1021.0,1034.0,0.0,524.8,547424.6,0
2022-11-08,2022-11-08 11:00:00,1040.0,1040.0,1020.05,1037.5,-0.24,212.0,216654.6,-1
2022-11-08,2022-11-08 12:00:00,1037.5,1037.5,1035.0,1035.0,-0.24,212.0,216654.6,-1
2022-11-08,2022-11-08 13:00:00,1035.0,1035.0,1032.5,1032.5,-0.24,212.0,216654.6,-1
2022-11-08,2022-11-08 14:00:00,1032.5,1032.5,1030.0,1030.0,-0.24,212.0,216654.6,-1
2022-11-08,2022-11-08 15:00:00,1030.0,1040.0,1000.1,1030.0,0.0,212.0,216654.6,0
2022-11-09,2022-11-09 11:00:00,1015.0,1027.5,1005.5,1013.73,-0.13,185.2,186873.24,-1
2022-11-09,2022-11-09 12:00:00,1013.73,1013.73,1012.45,1012.45,-0.13,185.2,186873.24,-1
2022-11-09,2022-11-09 13:00:00,1012.45,1012.45,1011.17,1011.17,-0.13,185.2,186873.24,-1
2022-11-09,2022-11-09 14:00:00,1011.17,1011.17,1009.9,1009.9,-0.13,185.2,186873.24,-1
2022-11-09,2022-11-09 15:00:00,1009.9,1040.0,996.0,1009.9,0.0,185.2,186873.24,0
2022-11-10,2022-11-10 11:00:00,990.1,1002.55,990.05,990.12,0.0,322.2,320470.08,1
2022-11-10,2022-11-10 12:00:00,990.12,990.15,990.12,990.15,0.0,322.2,320470.08,1
2022-11-10,2022-11-10 13:00:00,990.15,990.18,990.15,990.18,0.0,322.2,320470.08,1
2022-11-10,2022-11-10 14:00:00,990.18,990.2,990.18,990.2,0.0,322.2,320470.08,1
2022-11-10,2022-11-10 15:00:00,990.2,1015.0,990.0,990.2,0.0,322.2,320470.08,0
2022-11-13,2022-11-13 11:00:00,1010.0,1010.0,994.0,1002.5,-0.74,731.0,724367.0,-1
2022-11-13,2022-11-13 12:00:00,1002.5,1002.5,995.0,995.0,-0.75,731.0,724367.0,-1
2022-11-13,2022-11-13 13:00:00,995.0,995.0,987.5,987.5,-0.75,731.0,724367.0,-1
2022-11-13,2022-11-13 14:00:00,987.5,987.5,980.0,980.0,-0.76,731.0,724367.0,-1
2022-11-13,2022-11-13 15:00:00,980.0,1010.0,978.0,980.0,0.0,731.0,724367.0,0
2022-11-14,2022-11-14 11:00:00,999.0,999.0,990.0,996.75,-0.23,261.0,257539.98,-1
2022-11-14,2022-11-14 12:00:00,996.75,996.75,994.5,994.5,-0.23,261.0,257539.98,-1
2022-11-14,2022-11-14 13:00:00,994.5,994.5,992.25,992.25,-0.23,261.0,257539.98,-1
2022-11-14,2022-11-14 14:00:00,992.25,992.25,990.0,990.0,-0.23,261.0,257539.98,-1
2022-11-14,2022-11-14 15:00:00,990.0,999.0,981.0,990.0,0.0,261.0,257539.98,0
2022-11-15,2022-11-15 11:00:00,985.0,992.0,982.65,987.75,0.28,180.2,178302.4,1
2022-11-15,2022-11-15 12:00:00,987.75,990.5,987.75,990.5,0.28,180.2,178302.4,1
2022-11-15,2022-11-15 13:00:00,990.5,993.25,990.5,993.25,0.28,180.2,178302.4,1
2022-11-15,2022-11-15 14:00:00,993.25,996.0,993.25,996.0,0.28,180.2,178302.4,1
2022-11-15,2022-11-15 15:00:00,996.0,999.0,980.3,996.0,0.0,180.2,178302.4,0
2022-11-16,2022-11-16 11:00:00,996.0,1004.0,996.0,1000.0,0.4,261.6,263177.0,1
2022-11-16,2022-11-16 12:00:00,1000.0,1004.0,1000.0,1004.0,0.4,261.6,263177.0,1
2022-11-16,2022-11-16 13:00:00,1004.0,1008.0,1004.0,1008.0,0.4,261.6,263177.0,1
2022-11-16,2022-11-16 14:00:00,1008.0,1012.0,1008.0,1012.0,0.4,261.6,263177.0,1
2022-11-16,2022-11-16 15:00:00,1012.0,1012.0,996.0,1012.0,0.0,261.6,263177.0,0
2022-11-17,2022-11-17 11:00:00,993.1,1011.55,993.1,1000.33,0.73,430.4,439368.8,1
2022-11-17,2022-11-17 12:00:00,1000.33,1007.55,1000.33,1007.55,0.72,430.4,439368.8,1
2022-11-17,2022-11-17 13:00:00,1007.55,1014.77,1007.55,1014.77,0.72,430.4,439368.8,1
2022-11-17,2022-11-17 14:00:00,1014.77,1022.0,1014.77,1022.0,0.71,430.4,439368.8,1
2022-11-17,2022-11-17 15:00:00,1022.0,1030.0,993.1,1022.0,0.0,430.4,439368.8,0
2022-11-22,2022-11-22 11:00:00,1006.0,1010.5,1004.0,1005.0,-0.1,229.2,230162.0,-1
2022-11-22,2022-11-22 12:00:00,1005.0,1005.0,1004.0,1004.0,-0.1,229.2,230162.0,-1
2022-11-22,2022-11-22 13:00:00,1004.0,1004.0,1003.0,1003.0,-0.1,229.2,230162.0,-1
2022-11-22,2022-11-22 14:00:00,1003.0,1003.0,1002.0,1002.0,-0.1,229.2,230162.0,-1
2022-11-22,2022-11-22 15:00:00,1002.0,1015.0,1002.0,1002.0,0.0,229.2,230162.0,0
2022-11-23,2022-11-23 11:00:00,1002.0,1004.5,998.5,1001.5,-0.05,391.0,391651.62,-1
2022-11-23,2022-11-23 12:00:00,1001.5,1001.5,1001.0,1001.0,-0.05,391.0,391651.62,-1
2022-11-23,2022-11-23 13:00:00,1001.0,1001.0,1000.5,1000.5,-0.05,391.0,391651.62,-1
2022-11-23,2022-11-23 14:00:00,1000.5,1000.5,1000.0,1000.0,-0.05,391.0,391651.62,-1
2022-11-23,2022-11-23 15:00:00,1000.0,1007.0,995.0,1000.0,0.0,391.0,391651.62,0
2022-11-24,2022-11-24 11:00:00,1000.0,1009.45,998.05,1000.0,0.0,266.6,267242.8,0
2022-11-24,2022-11-24 12:00:00,1000.0,1000.0,1000.0,1000.0,0.0,266.6,267242.8,0
2022-11-24,2022-11-24 13:00:00,1000.0,1000.0,1000.0,1000.0,0.0,266.6,267242.8,0
2022-11-24,2022-11-24 14:00:00,1000.0,1000.0,1000.0,1000.0,0.0,266.6,267242.8,0
2022-11-24,2022-11-24 15:00:00,1000.0,1018.9,996.1,1000.0,0.0,266.6,267242.8,0
2022-11-27,2022-11-27 11:00:00,1000.0,1009.5,1000.0,1004.75,0.47,308.0,312067.6,1
2022-11-27,2022-11-27 12:00:00,1004.75,1009.5,1004.75,1009.5,0.47,308.0,312067.6,1
2022-11-27,2022-11-27 13:00:00,1009.5,1014.25,1009.5,1014.25,0.47,308.0,312067.6,1
2022-11-27,2022-11-27 14:00:00,1014.25,1019.0,1014.25,1019.0,0.47,308.0,312067.6,1
2022-11-27,2022-11-27 15:00:00,1019.0,1019.0,1000.0,1019.0,0.0,308.0,312067.6,0
2022-11-28,2022-11-28 11:00:00,1030.0,1040.0,1015.0,1027.47,-0.25,349.2,356448.04,-1
2022-11-28,2022-11-28 12:00:00,1027.47,1027.47,1024.95,1024.95,-0.25,349.2,356448.04,-1
2022-11-28,2022-11-28 13:00:00,1024.95,1024.95,1022.42,1022.42,-0.25,349.2,356448.04,-1
2022-11-28,2022-11-28 14:00:00,1022.42,1022.42,1019.9,1019.9,-0.25,349.2,356448.04,-1
2022-11-28,2022-11-28 15:00:00,1019.9,1050.0,1000.0,1019.9,0.0,349.2,356448.04,0
2022-11-29,2022-11-29 11:00:00,1015.5,1017.75,1010.25,1014.12,-0.14,216.2,218413.6,-1
2022-11-29,2022-11-29 12:00:00,1014.12,1014.12,1012.75,1012.75,-0.14,216.2,218413.6,-1
2022-11-29,2022-11-29 13:00:00,1012.75,1012.75,1011.38,1011.38,-0.14,216.2,218413.6,-1
2022-11-29,2022-11-29 14:00:00,1011.38,1011.38,1010.0,1010.0,-0.14,216.2,218413.6,-1
2022-11-29,2022-11-29 15:00:00,1010.0,1020.0,1005.0,1010.0,0.0,216.2,218413.6,0
2022-11-30,2022-11-30 11:00:00,1008.0,1008.0,999.0,1008.0,0.0,629.6,626974.68,0
2022-11-30,2022-11-30 12:00:00,1008.0,1008.0,1008.0,1008.0,0.0,629.6,626974.68,0
2022-11-30,2022-11-30 13:00:00,1008.0,1008.0,1008.0,1008.0,0.0,629.6,626974.68,0
2022-11-30,2022-11-30 14:00:00,1008.0,1008.0,1008.0,1008.0,0.0,629.6,626974.68,0
2022-11-30,2022-11-30 15:00:00,1008.0,1008.0,990.0,1008.0,0.0,629.6,626974.68,0
2022-12-01,2022-12-01 11:00:00,990.0,1002.5,990.0,993.0,0.3,155.6,156143.6,1
2022-12-01,2022-12-01 12:00:00,993.0,996.0,993.0,996.0,0.3,155.6,156143.6,1
2022-12-01,2022-12-01 13:00:00,996.0,999.0,996.0,999.0,0.3,155.6,156143.6,1
2022-12-01,2022-12-01 14:00:00,999.0,1002.0,999.0,1002.0,0.3,155.6,156143.6,1
2022-12-01,2022-12-01 15:00:00,1002.0,1015.0,990.0,1002.0,0.0,155.6,156143.6,0
2022-12-04,2022-12-04 11:00:00,1000.0,1009.0,999.05,1002.55,0.25,278.0,282361.6,1
2022-12-04,2022-12-04 12:00:00,1002.55,1005.1,1002.55,1005.1,0.25,278.0,282361.6,1
2022-12-04,2022-12-04 13:00:00,1005.1,1007.65,1005.1,1007.65,0.25,278.0,282361.6,1
2022-12-04,2022-12-04 14:00:00,1007.65,1010.2,1007.65,1010.2,0.25,278.0,282361.6,1
2022-12-04,2022-12-04 15:00:00,1010.2,1018.0,998.1,1010.2,0.0,278.0,282361.6,0
2022-12-05,2022-12-05 11:00:00,1005.0,1012.0,1002.5,1003.75,-0.12,421.8,424340.4,-1
2022-12-05,2022-12-05 12:00:00,1003.75,1003.75,1002.5,1002.5,-0.12,421.8,424340.4,-1
2022-12-05,2022-12-05 13:00:00,1002.5,1002.5,1001.25,1001.25,-0.12,421.8,424340.4,-1
2022-12-05,2022-12-05 14:00:00,1001.25,1001.25,1000.0,1000.0,-0.12,421.8,424340.4,-1
2022-12-05,2022-12-05 15:00:00,1000.0,1019.0,1000.0,1000.0,0.0,421.8,424340.4,0
2022-12-06,2022-12-06 11:00:00,1000.0,1005.0,997.5,1000.5,0.05,95.2,95346.4,1
2022-12-06,2022-12-06 12:00:00,1000.5,1001.0,1000.5,1001.0,0.05,95.2,95346.4,1
2022-12-06,2022-12-06 13:00:00,1001.0,1001.5,1001.0,1001.5,0.05,95.2,95346.4,1
2022-12-06,2022-12-06 14:00:00,1001.5,1002.0,1001.5,1002.0,0.05,95.2,95346.4,1
2022-12-06,2022-12-06 15:00:00,1002.0,1010.0,995.0,1002.0,0.0,95.2,95346.4,0
2022-12-07,2022-12-07 11:00:00,995.0,1007.5,995.0,997.5,0.25,555.0,560630.82,1
2022-12-07,2022-12-07 12:00:00,997.5,1000.0,997.5,1000.0,0.25,555.0,560630.82,1
2022-12-07,2022-12-07 13:00:00,1000.0,1002.5,1000.0,1002.5,0.25,555.0,560630.82,1
2022-12-07,2022-12-07 14:00:00,1002.5,1005.0,1002.5,1005.0,0.25,555.0,560630.82,1
2022-12-07,2022-12-07 15:00:00,1005.0,1020.0,995.0,1005.0,0.0,555.0,560630.82,0
2022-12-11,2022-12-11 11:00:00,991.0,995.5,988.0,991.0,0.0,224.0,222280.2,0
2022-12-11,2022-12-11 12:00:00,991.0,991.0,991.0,991.0,0.0,224.0,222280.2,0
2022-12-11,2022-12-11 13:00:00,991.0,991.0,991.0,991.0,0.0,224.0,222280.2,0
2022-12-11,2022-12-11 14:00:00,991.0,991.0,991.0,991.0,0.0,224.0,222280.2,0
2022-12-11,2022-12-11 15:00:00,991.0,1000.0,985.0,991.0,0.0,224.0,222280.2,0
2022-12-12,2022-12-12 11:00:00,1009.0,1009.5,998.0,1009.25,0.02,709.2,712802.0,1
2022-12-12,2022-12-12 12:00:00,1009.25,1009.5,1009.25,1009.5,0.02,709.2,712802.0,1
2022-12-12,2022-12-12 13:00:00,1009.5,1009.75,1009.5,1009.75,0.02,709.2,712802.0,1
2022-12-12,2022-12-12 14:00:00,1009.75,1010.0,1009.75,1010.0,0.02,709.2,712802.0,1
2022-12-12,2022-12-12 15:00:00,1010.0,1010.0,987.0,1010.0,0.0,709.2,712802.0,0
2022-12-13,2022-12-13 11:00:00,995.0,1002.5,995.0,996.5,0.15,363.2,364782.78,1
2022-12-13,2022-12-13 12:00:00,996.5,998.0,996.5,998.0,0.15,363.2,364782.78,1
2022-12-13,2022-12-13 13:00:00,998.0,999.5,998.0,999.5,0.15,363.2,364782.78,1
2022-12-13,2022-12-13 14:00:00,999.5,1001.0,999.5,1001.0,0.15,363.2,364782.78,1
2022-12-13,2022-12-13 15:00:00,1001.0,1010.0,995.0,1001.0,0.0,363.2,364782.78,0
2022-12-14,2022-12-14 11:00:00,995.0,1002.0,995.0,997.5,0.25,287.0,288228.2,1
2022-12-14,2022-12-14 12:00:00,997.5,1000.0,997.5,1000.0,0.25,287.0,288228.2,1
2022-12-14,2022-12-14 13:00:00,1000.0,1002.5,1000.0,1002.5,0.25,287.0,288228.2,1
2022-12-14,2022-12-14 14:00:00,1002.5,1005.0,1002.5,1005.0,0.25,287.0,288228.2,1
2022-12-14,2022-12-14 15:00:00,1005.0,1009.0,995.0,1005.0,0.0,287.0,288228.2,0
2022-12-15,2022-12-15 11:00:00,987.0,996.35,986.5,987.12,0.01,454.8,451882.48,1
2022-12-15,2022-12-15 12:00:00,987.12,987.25,987.12,987.25,0.01,454.8,451882.48,1
2022-12-15,2022-12-15 13:00:00,987.25,987.38,987.25,987.38,0.01,454.8,451882.48,1
2022-12-15,2022-12-15 14:00:00,987.38,987.5,987.38,987.5,0.01,454.8,451882.48,1
2022-12-15,2022-12-15 15:00:00,987.5,1005.7,986.0,987.5,0.0,454.8,451882.48,0
2022-12-18,2022-12-18 11:00:00,1007.2,1007.2,994.2,1001.45,-0.57,284.0,279752.6,-1
2022-12-18,2022-12-18 12:00:00,1001.45,1001.45,995.7,995.7,-0.57,284.0,279752.6,-1
2022-12-18,2022-12-18 13:00:00,995.7,995.7,989.95,989.95,-0.58,284.0,279752.6,-1
2022-12-18,2022-12-18 14:00:00,989.95,989.95,984.2,984.2,-0.58,284.0,279752.6,-1
2022-12-18,2022-12-18 15:00:00,984.2,1007.2,981.2,984.2,0.0,284.0,279752.6,0
2022-12-19,2022-12-19 11:00:00,1000.0,1001.5,990.0,995.0,-0.5,285.0,280572.2,-1
2022-12-19,2022-12-19 12:00:00,995.0,995.0,990.0,990.0,-0.5,285.0,280572.2,-1
2022-12-19,2022-12-19 13:00:00,990.0,990.0,985.0,985.0,-0.51,285.0,280572.2,-1
2022-12-19,2022-12-19 14:00:00,985.0,985.0,980.0,980.0,-0.51,285.0,280572.2,-1
2022-12-19,2022-12-19 15:00:00,980.0,1003.0,980.0,980.0,0.0,285.0,280572.2,0
2022-12-20,2022-12-20 11:00:00,998.0,998.35,988.5,998.0,0.0,236.0,232121.4,0
2022-12-20,2022-12-20 12:00:00,998.0,998.0,998.0,998.0,0.0,236.0,232121.4,0
2022-12-20,2022-12-20 13:00:00,998.0,998.0,998.0,998.0,0.0,236.0,232121.4,0
2022-12-20,2022-12-20 14:00:00,998.0,998.0,998.0,998.0,0.0,236.0,232121.4,0
2022-12-20,2022-12-20 15:00:00,998.0,998.7,979.0,998.0,0.0,236.0,232121.4,0
2022-12-21,2022-12-21 11:00:00,998.0,998.5,991.5,998.25,0.03,49.6,49165.24,1
2022-12-21,2022-12-21 12:00:00,998.25,998.5,998.25,998.5,0.03,49.6,49165.24,1
2022-12-21,2022-12-21 13:00:00,998.5,998.75,998.5,998.75,0.03,49.6,49165.24,1
2022-12-21,2022-12-21 14:00:00,998.75,999.0,998.75,999.0,0.03,49.6,49165.24,1
2022-12-21,2022-12-21 15:00:00,999.0,999.0,985.0,999.0,0.0,49.6,49165.24,0
2022-12-22,2022-12-22 11:00:00,980.1,985.05,980.05,982.58,0.25,199.8,196245.6,1
2022-12-22,2022-12-22 12:00:00,982.58,985.05,982.58,985.05,0.25,199.8,196245.6,1
2022-12-22,2022-12-22 13:00:00,985.05,987.52,985.05,987.52,0.25,199.8,196245.6,1
2022-12-22,2022-12-22 14:00:00,987.52,990.0,987.52,990.0,0.25,199.8,196245.6,1
2022-12-22,2022-12-22 15:00:00,990.0,990.0,980.0,990.0,0.0,199.8,196245.6,0
2022-12-26,2022-12-26 11:00:00,990.0,1005.0,990.0,995.0,0.51,414.4,418513.6,1
2022-12-26,2022-12-26 12:00:00,995.0,1000.0,995.0,1000.0,0.5,414.4,418513.6,1
2022-12-26,2022-12-26 13:00:00,1000.0,1005.0,1000.0,1005.0,0.5,414.4,418513.6,1
2022-12-26,2022-12-26 14:00:00,1005.0,1010.0,1005.0,1010.0,0.5,414.4,418513.6,1
2022-12-26,2022-12-26 15:00:00,1010.0,1020.0,990.0,1010.0,0.0,414.4,418513.6,0
2022-12-27,2022-12-27 11:00:00,1028.0,1041.85,1022.5,1034.75,0.66,1506.4,1570680.46,1
2022-12-27,2022-12-27 12:00:00,1034.75,1041.5,1034.75,1041.5,0.65,1506.4,1570680.46,1
2022-12-27,2022-12-27 13:00:00,1041.5,1048.25,1041.5,1048.25,0.65,1506.4,1570680.46,1
2022-12-27,2022-12-27 14:00:00,1048.25,1055.0,1048.25,1055.0,0.64,1506.4,1570680.46,1
2022-12-27,2022-12-27 15:00:00,1055.0,1055.7,1017.0,1055.0,0.0,1506.4,1570680.46,0
2022-12-28,2022-12-28 11:00:00,1034.0,1044.0,1025.5,1031.25,-0.27,305.0,312898.0,-1
2022-12-28,2022-12-28 12:00:00,1031.25,1031.25,1028.5,1028.5,-0.27,305.0,312898.0,-1
2022-12-28,2022-12-28 13:00:00,1028.5,1028.5,1025.75,1025.75,-0.27,305.0,312898.0,-1
2022-12-28,2022-12-28 14:00:00,1025.75,1025.75,1023.0,1023.0,-0.27,305.0,312898.0,-1
2022-12-28,2022-12-28 15:00:00,1023.0,1054.0,1017.0,1023.0,0.0,305.0,312898.0,0
2022-12-29,2022-12-29 11:00:00,1039.9,1044.45,1029.95,1041.93,0.2,1025.4,1058912.12,1
2022-12-29,2022-12-29 12:00:00,1041.93,1043.95,1041.93,1043.95,0.19,1025.4,1058912.12,1
2022-12-29,2022-12-29 13:00:00,1043.95,1045.97,1043.95,1045.97,0.19,1025.4,1058912.12,1
2022-12-29,2022-12-29 14:00:00,1045.97,1048.0,1045.97,1048.0,0.19,1025.4,1058912.12,1
2022-12-29,2022-12-29 15:00:00,1048.0,1049.0,1020.0,1048.0,0.0,1025.4,1058912.12,0
2023-01-01,2023-01-01 11:00:00,1050.1,1075.05,1042.55,1057.32,0.69,1839.6,1977374.54,1
2023-01-01,2023-01-01 12:00:00,1057.32,1064.55,1057.32,1064.55,0.68,1839.6,1977374.54,1
2023-01-01,2023-01-01 13:00:00,1064.55,1071.78,1064.55,1071.78,0.68,1839.6,1977374.54,1
2023-01-01,2023-01-01 14:00:00,1071.78,1079.0,1071.78,1079.0,0.67,1839.6,1977374.54,1
2023-01-01,2023-01-01 15:00:00,1079.0,1100.0,1035.0,1079.0,0.0,1839.6,1977374.54,0
2023-01-02,2023-01-02 11:00:00,1058.0,1109.0,1058.0,1081.0,2.17,1508.2,1683368.2,1
2023-01-02,2023-01-02 12:00:00,1081.0,1104.0,1081.0,1104.0,2.13,1508.2,1683368.2,1
2023-01-02,2023-01-02 13:00:00,1104.0,1127.0,1104.0,1127.0,2.08,1508.2,1683368.2,1
2023-01-02,2023-01-02 14:00:00,1127.0,1150.0,1127.0,1150.0,2.04,1508.2,1683368.2,1
2023-01-02,2023-01-02 15:00:00,1150.0,1160.0,1058.0,1150.0,0.0,1508.2,1683368.2,0
2023-01-03,2023-01-03 11:00:00,1150.0,1170.0,1143.0,1157.0,0.61,805.0,943405.14,1
2023-01-03,2023-01-03 12:00:00,1157.0,1164.0,1157.0,1164.0,0.61,805.0,943405.14,1
2023-01-03,2023-01-03 13:00:00,1164.0,1171.0,1164.0,1171.0,0.6,805.0,943405.14,1
2023-01-03,2023-01-03 14:00:00,1171.0,1178.0,1171.0,1178.0,0.6,805.0,943405.14,1
2023-01-03,2023-01-03 15:00:00,1178.0,1190.0,1136.0,1178.0,0.0,805.0,943405.14,0
2023-01-04,2023-01-04 11:00:00,1160.0,1181.8,1148.0,1164.75,0.41,2226.6,2595214.6,1
2023-01-04,2023-01-04 12:00:00,1164.75,1169.5,1164.75,1169.5,0.41,2226.6,2595214.6,1
2023-01-04,2023-01-04 13:00:00,1169.5,1174.25,1169.5,1174.25,0.41,2226.6,2595214.6,1
2023-01-04,2023-01-04 14:00:00,1174.25,1179.0,1174.25,1179.0,0.4,2226.6,2595214.6,1
2023-01-04,2023-01-04 15:00:00,1179.0,1203.6,1136.0,1179.0,0.0,2226.6,2595214.6,0
2023-01-05,2023-01-05 11:00:00,1175.0,1235.95,1165.0,1205.47,2.59,4003.2,5002611.34,1
2023-01-05,2023-01-05 12:00:00,1205.47,1235.95,1205.47,1235.95,2.53,4003.2,5002611.34,1
2023-01-05,2023-01-05 13:00:00,1235.95,1266.43,1235.95,1266.43,2.47,4003.2,5002611.34,1
2023-01-05,2023-01-05 14:00:00,1266.43,1296.9,1266.43,1296.9,2.41,4003.2,5002611.34,1
2023-01-05,2023-01-05 15:00:00,1296.9,1296.9,1155.0,1296.9,0.0,4003.2,5002611.34,0
2023-01-08,2023-01-08 11:00:00,1300.0,1362.0,1287.55,1326.42,2.03,3990.2,5432016.04,1
2023-01-08,2023-01-08 12:00:00,1326.42,1352.85,1326.42,1352.85,1.99,3990.2,5432016.04,1
2023-01-08,2023-01-08 13:00:00,1352.85,1379.28,1352.85,1379.28,1.95,3990.2,5432016.04,1
2023-01-08,2023-01-08 14:00:00,1379.28,1405.7,1379.28,1405.7,1.92,3990.2,5432016.04,1
2023-01-08,2023-01-08 15:00:00,1405.7,1424.0,1275.1,1405.7,0.0,3990.2,5432016.04,0
2023-01-09,2023-01-09 11:00:00,1409.0,1423.5,1394.85,1404.25,-0.34,2584.8,3620624.76,-1
2023-01-09,2023-01-09 12:00:00,1404.25,1404.25,1399.5,1399.5,-0.34,2584.8,3620624.76,-1
2023-01-09,2023-01-09 13:00:00,1399.5,1399.5,1394.75,1394.75,-0.34,2584.8,3620624.76,-1
2023-01-09,2023-01-09 14:00:00,1394.75,1394.75,1390.0,1390.0,-0.34,2584.8,3620624.76,-1
2023-01-09,2023-01-09 15:00:00,1390.0,1438.0,1380.7,1390.0,0.0,2584.8,3620624.76,0
2023-01-10,2023-01-10 11:00:00,1390.0,1438.5,1370.0,1386.0,-0.29,3739.0,5227037.82,-1
2023-01-10,2023-01-10 12:00:00,1386.0,1386.0,1382.0,1382.0,-0.29,3739.0,5227037.82,-1
2023-01-10,2023-01-10 13:00:00,1382.0,1382.0,1378.0,1378.0,-0.29,3739.0,5227037.82,-1
2023-01-10,2023-01-10 14:00:00,1378.0,1378.0,1374.0,1374.0,-0.29,3739.0,5227037.82,-1
2023-01-10,2023-01-10 15:00:00,1374.0,1487.0,1350.0,1374.0,0.0,3739.0,5227037.82,0
2023-01-12,2023-01-12 11:00:00,1400.0,1414.0,1346.0,1376.0,-1.71,1813.2,2452634.04,-1
2023-01-12,2023-01-12 12:00:00,1376.0,1376.0,1352.0,1352.0,-1.74,1813.2,2452634.04,-1
2023-01-12,2023-01-12 13:00:00,1352.0,1352.0,1328.0,1328.0,-1.78,1813.2,2452634.04,-1
2023-01-12,2023-01-12 14:00:00,1328.0,1328.0,1304.0,1304.0,-1.81,1813.2,2452634.04,-1
2023-01-12,2023-01-12 15:00:00,1304.0,1428.0,1292.0,1304.0,0.0,1813.2,2452634.04,0
2023-01-17,2023-01-17 11:00:00,1330.0,1379.0,1304.0,1347.5,1.32,1832.0,2490095.28,1
2023-01-17,2023-01-17 12:00:00,1347.5,1365.0,1347.5,1365.0,1.3,1832.0,2490095.28,1
2023-01-17,2023-01-17 13:00:00,1365.0,1382.5,1365.0,1382.5,1.28,1832.0,2490095.28,1
2023-01-17,2023-01-17 14:00:00,1382.5,1400.0,1382.5,1400.0,1.27,1832.0,2490095.28,1
2023-01-17,2023-01-17 15:00:00,1400.0,1428.0,1278.0,1400.0,0.0,1832.0,2490095.28,0
2023-01-18,2023-01-18 11:00:00,1380.2,1395.1,1370.35,1380.15,-0.0,1126.4,1558700.0,-1
2023-01-18,2023-01-18 12:00:00,1380.15,1380.15,1380.1,1380.1,-0.0,1126.4,1558700.0,-1
2023-01-18,2023-01-18 13:00:00,1380.1,1380.1,1380.05,1380.05,-0.0,1126.4,1558700.0,-1
2023-01-18,2023-01-18 14:00:00,1380.05,1380.05,1380.0,1380.0,-0.0,1126.4,1558700.0,-1
2023-01-18,2023-01-18 15:00:00,1380.0,1410.0,1360.5,1380.0,0.0,1126.4,1558700.0,0
2023-01-19,2023-01-19 11:00:00,1360.0,1369.5,1356.2,1363.25,0.24,403.4,551629.6,1
2023-01-19,2023-01-19 12:00:00,1363.25,1366.5,1363.25,1366.5,0.24,403.4,551629.6,1
2023-01-19,2023-01-19 13:00:00,1366.5,1369.75,1366.5,1369.75,0.24,403.4,551629.6,1
2023-01-19,2023-01-19 14:00:00,1369.75,1373.0,1369.75,1373.0,0.24,403.4,551629.6,1
2023-01-19,2023-01-19 15:00:00,1373.0,1379.0,1352.4,1373.0,0.0,403.4,551629.6,0
2023-01-23,2023-01-23 11:00:00,1350.0,1358.0,1330.0,1340.53,-0.7,1640.4,2186689.7,-1
2023-01-23,2023-01-23 12:00:00,1340.53,1340.53,1331.05,1331.05,-0.71,1640.4,2186689.7,-1
2023-01-23,2023-01-23 13:00:00,1331.05,1331.05,1321.57,1321.57,-0.71,1640.4,2186689.7,-1
2023-01-23,2023-01-23 14:00:00,1321.57,1321.57,1312.1,1312.1,-0.72,1640.4,2186689.7,-1
2023-01-23,2023-01-23 15:00:00,1312.1,1366.0,1310.0,1312.1,0.0,1640.4,2186689.7,0
2023-01-24,2023-01-24 11:00:00,1287.0,1326.0,1287.0,1289.0,0.16,995.8,1295606.6,1
2023-01-24,2023-01-24 12:00:00,1289.0,1291.0,1289.0,1291.0,0.16,995.8,1295606.6,1
2023-01-24,2023-01-24 13:00:00,1291.0,1293.0,1291.0,1293.0,0.15,995.8,1295606.6,1
2023-01-24,2023-01-24 14:00:00,1293.0,1295.0,1293.0,1295.0,0.15,995.8,1295606.6,1
2023-01-24,2023-01-24 15:00:00,1295.0,1365.0,1287.0,1295.0,0.0,995.8,1295606.6,0
2023-01-25,2023-01-25 11:00:00,1300.0,1338.0,1300.0,1319.0,1.46,1559.4,2101212.04,1
2023-01-25,2023-01-25 12:00:00,1319.0,1338.0,1319.0,1338.0,1.44,1559.4,2101212.04,1
2023-01-25,2023-01-25 13:00:00,1338.0,1357.0,1338.0,1357.0,1.42,1559.4,2101212.04,1
2023-01-25,2023-01-25 14:00:00,1357.0,1376.0,1357.0,1376.0,1.4,1559.4,2101212.04,1
2023-01-25,2023-01-25 15:00:00,1376.0,1376.0,1300.0,1376.0,0.0,1559.4,2101212.04,0
2023-01-26,2023-01-26 11:00:00,1379.0,1394.5,1364.0,1378.5,-0.04,1711.0,2362191.52,-1
2023-01-26,2023-01-26 12:00:00,1378.5,1378.5,1378.0,1378.0,-0.04,1711.0,2362191.52,-1
2023-01-26,2023-01-26 13:00:00,1378.0,1378.0,1377.5,1377.5,-0.04,1711.0,2362191.52,-1
2023-01-26,2023-01-26 14:00:00,1377.5,1377.5,1377.0,1377.0,-0.04,1711.0,2362191.52,-1
2023-01-26,2023-01-26 15:00:00,1377.0,1410.0,1349.0,1377.0,0.0,1711.0,2362191.52,0
2023-01-29,2023-01-29 11:00:00,1351.0,1365.45,1337.5,1350.75,-0.02,1379.8,1863304.8,-1
2023-01-29,2023-01-29 12:00:00,1350.75,1350.75,1350.5,1350.5,-0.02,1379.8,1863304.8,-1
2023-01-29,2023-01-29 13:00:00,1350.5,1350.5,1350.25,1350.25,-0.02,1379.8,1863304.8,-1
2023-01-29,2023-01-29 14:00:00,1350.25,1350.25,1350.0,1350.0,-0.02,1379.8,1863304.8,-1
2023-01-29,2023-01-29 15:00:00,1350.0,1379.9,1324.0,1350.0,0.0,1379.8,1863304.8,0
2023-01-30,2023-01-30 11:00:00,1327.0,1335.5,1310.5,1320.25,-0.51,1046.8,1366907.7,-1
2023-01-30,2023-01-30 12:00:00,1320.25,1320.25,1313.5,1313.5,-0.51,1046.8,1366907.7,-1
2023-01-30,2023-01-30 13:00:00,1313.5,1313.5,1306.75,1306.75,-0.51,1046.8,1366907.7,-1
2023-01-30,2023-01-30 14:00:00,1306.75,1306.75,1300.0,1300.0,-0.52,1046.8,1366907.7,-1
2023-01-30,2023-01-30 15:00:00,1300.0,1344.0,1294.0,1300.0,0.0,1046.8,1366907.7,0
2023-01-31,2023-01-31 11:00:00,1301.0,1308.0,1294.85,1298.28,-0.21,445.0,579707.2,-1
2023-01-31,2023-01-31 12:00:00,1298.28,1298.28,1295.55,1295.55,-0.21,445.0,579707.2,-1
2023-01-31,2023-01-31 13:00:00,1295.55,1295.55,1292.82,1292.82,-0.21,445.0,579707.2,-1
2023-01-31,2023-01-31 14:00:00,1292.82,1292.82,1290.1,1290.1,-0.21,445.0,579707.2,-1
2023-01-31,2023-01-31 15:00:00,1290.1,1315.0,1288.7,1290.1,0.0,445.0,579707.2,0
2023-02-01,2023-02-01 11:00:00,1295.0,1307.5,1292.65,1298.5,0.27,483.0,628357.5,1
2023-02-01,2023-02-01 12:00:00,1298.5,1302.0,1298.5,1302.0,0.27,483.0,628357.5,1
2023-02-01,2023-02-01 13:00:00,1302.0,1305.5,1302.0,1305.5,0.27,483.0,628357.5,1
2023-02-01,2023-02-01 14:00:00,1305.5,1309.0,1305.5,1309.0,0.27,483.0,628357.5,1
2023-02-01,2023-02-01 15:00:00,1309.0,1320.0,1290.3,1309.0,0.0,483.0,628357.5,0
2023-02-02,2023-02-02 11:00:00,1295.1,1320.75,1285.05,1297.57,0.19,987.8,1289172.44,1
2023-02-02,2023-02-02 12:00:00,1297.57,1300.05,1297.57,1300.05,0.19,987.8,1289172.44,1
2023-02-02,2023-02-02 13:00:00,1300.05,1302.53,1300.05,1302.53,0.19,987.8,1289172.44,1
2023-02-02,2023-02-02 14:00:00,1302.53,1305.0,1302.53,1305.0,0.19,987.8,1289172.44,1
2023-02-02,2023-02-02 15:00:00,1305.0,1346.4,1275.0,1305.0,0.0,987.8,1289172.44,0
2023-02-05,2023-02-05 11:00:00,1319.0,1332.0,1304.55,1318.0,-0.08,959.0,1261794.8,-1
2023-02-05,2023-02-05 12:00:00,1318.0,1318.0,1317.0,1317.0,-0.08,959.0,1261794.8,-1
2023-02-05,2023-02-05 13:00:00,1317.0,1317.0,1316.0,1316.0,-0.08,959.0,1261794.8,-1
2023-02-05,2023-02-05 14:00:00,1316.0,1316.0,1315.0,1315.0,-0.08,959.0,1261794.8,-1
2023-02-05,2023-02-05 15:00:00,1315.0,1345.0,1290.1,1315.0,0.0,959.0,1261794.8,0
2023-02-06,2023-02-06 11:00:00,1320.0,1320.0,1305.05,1316.75,-0.25,563.2,732482.82,-1
2023-02-06,2023-02-06 12:00:00,1316.75,1316.75,1313.5,1313.5,-0.25,563.2,732482.82,-1
2023-02-06,2023-02-06 13:00:00,1313.5,1313.5,1310.25,1310.25,-0.25,563.2,732482.82,-1
2023-02-06,2023-02-06 14:00:00,1310.25,1310.25,1307.0,1307.0,-0.25,563.2,732482.82,-1
2023-02-06,2023-02-06 15:00:00,1307.0,1320.0,1290.1,1307.0,0.0,563.2,732482.82,0
2023-02-07,2023-02-07 11:00:00,1320.0,1344.5,1315.5,1331.2,0.85,1378.4,1842323.24,1
2023-02-07,2023-02-07 12:00:00,1331.2,1342.4,1331.2,1342.4,0.84,1378.4,1842323.24,1
2023-02-07,2023-02-07 13:00:00,1342.4,1353.6,1342.4,1353.6,0.83,1378.4,1842323.24,1
2023-02-07,2023-02-07 14:00:00,1353.6,1364.8,1353.6,1364.8,0.83,1378.4,1842323.24,1
2023-02-07,2023-02-07 15:00:00,1364.8,1369.0,1311.0,1364.8,0.0,1378.4,1842323.24,0
2023-02-08,2023-02-08 11:00:00,1389.0,1389.0,1356.0,1376.25,-0.92,1220.8,1646458.2,-1
2023-02-08,2023-02-08 12:00:00,1376.25,1376.25,1363.5,1363.5,-0.93,1220.8,1646458.2,-1
2023-02-08,2023-02-08 13:00:00,1363.5,1363.5,1350.75,1350.75,-0.94,1220.8,1646458.2,-1
2023-02-08,2023-02-08 14:00:00,1350.75,1350.75,1338.0,1338.0,-0.94,1220.8,1646458.2,-1
2023-02-08,2023-02-08 15:00:00,1338.0,1389.0,1323.0,1338.0,0.0,1220.8,1646458.2,0
2023-02-09,2023-02-09 11:00:00,1364.7,1364.7,1342.35,1357.53,-0.53,558.4,745771.44,-1
2023-02-09,2023-02-09 12:00:00,1357.53,1357.53,1350.35,1350.35,-0.53,558.4,745771.44,-1
2023-02-09,2023-02-09 13:00:00,1350.35,1350.35,1343.17,1343.17,-0.53,558.4,745771.44,-1
2023-02-09,2023-02-09 14:00:00,1343.17,1343.17,1336.0,1336.0,-0.53,558.4,745771.44,-1
2023-02-09,2023-02-09 15:00:00,1336.0,1364.7,1320.0,1336.0,0.0,558.4,745771.44,0
2023-02-12,2023-02-12 11:00:00,1310.0,1315.0,1297.5,1306.25,-0.29,1637.8,2122776.34,-1
2023-02-12,2023-02-12 12:00:00,1306.25,1306.25,1302.5,1302.5,-0.29,1637.8,2122776.34,-1
2023-02-12,2023-02-12 13:00:00,1302.5,1302.5,1298.75,1298.75,-0.29,1637.8,2122776.34,-1
2023-02-12,2023-02-12 14:00:00,1298.75,1298.75,1295.0,1295.0,-0.29,1637.8,2122776.34,-1
2023-02-12,2023-02-12 15:00:00,1295.0,1320.0,1285.0,1295.0,0.0,1637.8,2122776.34,0
2023-02-14,2023-02-14 11:00:00,1300.0,1300.0,1276.5,1293.5,-0.5,1189.2,1510234.48,-1
2023-02-14,2023-02-14 12:00:00,1293.5,1293.5,1287.0,1287.0,-0.5,1189.2,1510234.48,-1
2023-02-14,2023-02-14 13:00:00,1287.0,1287.0,1280.5,1280.5,-0.51,1189.2,1510234.48,-1
2023-02-14,2023-02-14 14:00:00,1280.5,1280.5,1274.0,1274.0,-0.51,1189.2,1510234.48,-1
2023-02-14,2023-02-14 15:00:00,1274.0,1300.0,1253.0,1274.0,0.0,1189.2,1510234.48,0
2023-02-15,2023-02-15 11:00:00,1260.0,1277.45,1255.5,1258.75,-0.1,527.8,669473.82,-1
2023-02-15,2023-02-15 12:00:00,1258.75,1258.75,1257.5,1257.5,-0.1,527.8,669473.82,-1
2023-02-15,2023-02-15 13:00:00,1257.5,1257.5,1256.25,1256.25,-0.1,527.8,669473.82,-1
2023-02-15,2023-02-15 14:00:00,1256.25,1256.25,1255.0,1255.0,-0.1,527.8,669473.82,-1
2023-02-15,2023-02-15 15:00:00,1255.0,1294.9,1251.0,1255.0,0.0,527.8,669473.82,0
2023-02-16,2023-02-16 11:00:00,1245.0,1255.0,1235.0,1242.5,-0.2,789.0,980984.28,-1
2023-02-16,2023-02-16 12:00:00,1242.5,1242.5,1240.0,1240.0,-0.2,789.0,980984.28,-1
2023-02-16,2023-02-16 13:00:00,1240.0,1240.0,1237.5,1237.5,-0.2,789.0,980984.28,-1
2023-02-16,2023-02-16 14:00:00,1237.5,1237.5,1235.0,1235.0,-0.2,789.0,980984.28,-1
2023-02-16,2023-02-16 15:00:00,1235.0,1265.0,1225.0,1235.0,0.0,789.0,980984.28,0
2023-02-20,2023-02-20 11:00:00,1231.0,1243.0,1225.5,1228.25,-0.22,722.0,886457.3,-1
2023-02-20,2023-02-20 12:00:00,1228.25,1228.25,1225.5,1225.5,-0.22,722.0,886457.3,-1
2023-02-20,2023-02-20 13:00:00,1225.5,1225.5,1222.75,1222.75,-0.22,722.0,886457.3,-1
2023-02-20,2023-02-20 14:00:00,1222.75,1222.75,1220.0,1220.0,-0.22,722.0,886457.3,-1
2023-02-20,2023-02-20 15:00:00,1220.0,1255.0,1220.0,1220.0,0.0,722.0,886457.3,0
2023-02-22,2023-02-22 11:00:00,1206.0,1237.0,1206.0,1217.0,0.91,459.0,562942.1,1
2023-02-22,2023-02-22 12:00:00,1217.0,1228.0,1217.0,1228.0,0.9,459.0,562942.1,1
2023-02-22,2023-02-22 13:00:00,1228.0,1239.0,1228.0,1239.0,0.9,459.0,562942.1,1
2023-02-22,2023-02-22 14:00:00,1239.0,1250.0,1239.0,1250.0,0.89,459.0,562942.1,1
2023-02-22,2023-02-22 15:00:00,1250.0,1268.0,1206.0,1250.0,0.0,459.0,562942.1,0
2023-02-23,2023-02-23 11:00:00,1225.0,1225.0,1207.5,1219.5,-0.45,824.0,990131.2,-1
2023-02-23,2023-02-23 12:00:00,1219.5,1219.5,1214.0,1214.0,-0.45,824.0,990131.2,-1
2023-02-23,2023-02-23 13:00:00,1214.0,1214.0,1208.5,1208.5,-0.45,824.0,990131.2,-1
2023-02-23,2023-02-23 14:00:00,1208.5,1208.5,1203.0,1203.0,-0.46,824.0,990131.2,-1
2023-02-23,2023-02-23 15:00:00,1203.0,1225.0,1190.0,1203.0,0.0,824.0,990131.2,0
2023-02-26,2023-02-26 11:00:00,1179.0,1203.95,1169.5,1191.47,1.06,668.6,795436.8,1
2023-02-26,2023-02-26 12:00:00,1191.47,1203.95,1191.47,1203.95,1.05,668.6,795436.8,1
2023-02-26,2023-02-26 13:00:00,1203.95,1216.43,1203.95,1216.43,1.04,668.6,795436.8,1
2023-02-26,2023-02-26 14:00:00,1216.43,1228.9,1216.43,1228.9,1.03,668.6,795436.8,1
2023-02-26,2023-02-26 15:00:00,1228.9,1228.9,1160.0,1228.9,0.0,668.6,795436.8,0
2023-02-27,2023-02-27 11:00:00,1228.0,1234.0,1204.6,1221.5,-0.53,565.0,677583.6,-1
2023-02-27,2023-02-27 12:00:00,1221.5,1221.5,1215.0,1215.0,-0.53,565.0,677583.6,-1
2023-02-27,2023-02-27 13:00:00,1215.0,1215.0,1208.5,1208.5,-0.53,565.0,677583.6,-1
2023-02-27,2023-02-27 14:00:00,1208.5,1208.5,1202.0,1202.0,-0.54,565.0,677583.6,-1
2023-02-27,2023-02-27 15:00:00,1202.0,1240.0,1181.2,1202.0,0.0,565.0,677583.6,0
2023-02-28,2023-02-28 11:00:00,1202.0,1213.5,1196.0,1201.5,-0.04,525.4,629700.4,-1
2023-02-28,2023-02-28 12:00:00,1201.5,1201.5,1201.0,1201.0,-0.04,525.4,629700.4,-1
2023-02-28,2023-02-28 13:00:00,1201.0,1201.0,1200.5,1200.5,-0.04,525.4,629700.4,-1
2023-02-28,2023-02-28 14:00:00,1200.5,1200.5,1200.0,1200.0,-0.04,525.4,629700.4,-1
2023-02-28,2023-02-28 15:00:00,1200.0,1225.0,1190.0,1200.0,0.0,525.4,629700.4,0
2023-03-01,2023-03-01 11:00:00,1182.4,1191.2,1181.8,1183.55,0.1,189.8,224783.82,1
2023-03-01,2023-03-01 12:00:00,1183.55,1184.7,1183.55,1184.7,0.1,189.8,224783.82,1
2023-03-01,2023-03-01 13:00:00,1184.7,1185.85,1184.7,1185.85,0.1,189.8,224783.82,1
2023-03-01,2023-03-01 14:00:00,1185.85,1187.0,1185.85,1187.0,0.1,189.8,224783.82,1
2023-03-01,2023-03-01 15:00:00,1187.0,1200.0,1181.2,1187.0,0.0,189.8,224783.82,0
2023-03-02,2023-03-02 11:00:00,1185.0,1186.0,1177.5,1185.0,0.0,173.2,203997.16,0
2023-03-02,2023-03-02 12:00:00,1185.0,1185.0,1185.0,1185.0,0.0,173.2,203997.16,0
2023-03-02,2023-03-02 13:00:00,1185.0,1185.0,1185.0,1185.0,0.0,173.2,203997.16,0
2023-03-02,2023-03-02 14:00:00,1185.0,1185.0,1185.0,1185.0,0.0,173.2,203997.16,0
2023-03-02,2023-03-02 15:00:00,1185.0,1187.0,1170.0,1185.0,0.0,173.2,203997.16,0
2023-03-05,2023-03-05 11:00:00,1170.0,1170.0,1157.6,1164.5,-0.47,430.0,495802.8,-1
2023-03-05,2023-03-05 12:00:00,1164.5,1164.5,1159.0,1159.0,-0.47,430.0,495802.8,-1
2023-03-05,2023-03-05 13:00:00,1159.0,1159.0,1153.5,1153.5,-0.47,430.0,495802.8,-1
2023-03-05,2023-03-05 14:00:00,1153.5,1153.5,1148.0,1148.0,-0.48,430.0,495802.8,-1
2023-03-05,2023-03-05 15:00:00,1148.0,1170.0,1145.2,1148.0,0.0,430.0,495802.8,0
2023-03-07,2023-03-07 11:00:00,1150.0,1175.0,1150.0,1151.75,0.15,252.2,296438.2,1
2023-03-07,2023-03-07 12:00:00,1151.75,1153.5,1151.75,1153.5,0.15,252.2,296438.2,1
2023-03-07,2023-03-07 13:00:00,1153.5,1155.25,1153.5,1155.25,0.15,252.2,296438.2,1
2023-03-07,2023-03-07 14:00:00,1155.25,1157.0,1155.25,1157.0,0.15,252.2,296438.2,1
2023-03-07,2023-03-07 15:00:00,1157.0,1200.0,1150.0,1157.0,0.0,252.2,296438.2,0
2023-03-09,2023-03-09 11:00:00,1160.0,1172.5,1157.55,1162.5,0.22,418.8,491170.02,1
2023-03-09,2023-03-09 12:00:00,1162.5,1165.0,1162.5,1165.0,0.22,418.8,491170.02,1
2023-03-09,2023-03-09 13:00:00,1165.0,1167.5,1165.0,1167.5,0.21,418.8,491170.02,1
2023-03-09,2023-03-09 14:00:00,1167.5,1170.0,1167.5,1170.0,0.21,418.8,491170.02,1
2023-03-09,2023-03-09 15:00:00,1170.0,1185.0,1155.1,1170.0,0.0,418.8,491170.02,0
2023-03-12,2023-03-12 11:00:00,1152.0,1172.7,1150.5,1151.5,-0.04,277.6,322839.88,-1
2023-03-12,2023-03-12 12:00:00,1151.5,1151.5,1151.0,1151.0,-0.04,277.6,322839.88,-1
2023-03-12,2023-03-12 13:00:00,1151.0,1151.0,1150.5,1150.5,-0.04,277.6,322839.88,-1
2023-03-12,2023-03-12 14:00:00,1150.5,1150.5,1150.0,1150.0,-0.04,277.6,322839.88,-1
2023-03-12,2023-03-12 15:00:00,1150.0,1193.4,1149.0,1150.0,0.0,277.6,322839.88,0
2023-03-13,2023-03-13 11:00:00,1145.0,1153.5,1138.05,1142.5,-0.22,188.8,215152.78,-1
2023-03-13,2023-03-13 12:00:00,1142.5,1142.5,1140.0,1140.0,-0.22,188.8,215152.78,-1
2023-03-13,2023-03-13 13:00:00,1140.0,1140.0,1137.5,1137.5,-0.22,188.8,215152.78,-1
2023-03-13,2023-03-13 14:00:00,1137.5,1137.5,1135.0,1135.0,-0.22,188.8,215152.78,-1
2023-03-13,2023-03-13 15:00:00,1135.0,1162.0,1131.1,1135.0,0.0,188.8,215152.78,0
2023-03-14,2023-03-14 11:00:00,1135.0,1152.5,1135.0,1136.25,0.11,265.8,306176.6,1
2023-03-14,2023-03-14 12:00:00,1136.25,1137.5,1136.25,1137.5,0.11,265.8,306176.6,1
2023-03-14,2023-03-14 13:00:00,1137.5,1138.75,1137.5,1138.75,0.11,265.8,306176.6,1
2023-03-14,2023-03-14 14:00:00,1138.75,1140.0,1138.75,1140.0,0.11,265.8,306176.6,1
2023-03-14,2023-03-14 15:00:00,1140.0,1170.0,1135.0,1140.0,0.0,265.8,306176.6,0
2023-03-15,2023-03-15 11:00:00,1130.0,1137.5,1125.5,1133.5,0.31,706.0,799919.52,1
2023-03-15,2023-03-15 12:00:00,1133.5,1137.0,1133.5,1137.0,0.31,706.0,799919.52,1
2023-03-15,2023-03-15 13:00:00,1137.0,1140.5,1137.0,1140.5,0.31,706.0,799919.52,1
2023-03-15,2023-03-15 14:00:00,1140.5,1144.0,1140.5,1144.0,0.31,706.0,799919.52,1
2023-03-15,2023-03-15 15:00:00,1144.0,1145.0,1121.0,1144.0,0.0,706.0,799919.52,0
2023-03-16,2023-03-16 11:00:00,1145.0,1152.5,1133.25,1141.0,-0.35,397.0,450762.2,-1
2023-03-16,2023-03-16 12:00:00,1141.0,1141.0,1137.0,1137.0,-0.35,397.0,450762.2,-1
2023-03-16,2023-03-16 13:00:00,1137.0,1137.0,1133.0,1133.0,-0.35,397.0,450762.2,-1
2023-03-16,2023-03-16 14:00:00,1133.0,1133.0,1129.0,1129.0,-0.35,397.0,450762.2,-1
2023-03-16,2023-03-16 15:00:00,1129.0,1160.0,1121.5,1129.0,0.0,397.0,450762.2,0
2023-03-19,2023-03-19 11:00:00,1120.0,1137.5,1120.0,1127.0,0.62,146.2,166826.0,1
2023-03-19,2023-03-19 12:00:00,1127.0,1134.0,1127.0,1134.0,0.62,146.2,166826.0,1
2023-03-19,2023-03-19 13:00:00,1134.0,1141.0,1134.0,1141.0,0.62,146.2,166826.0,1
2023-03-19,2023-03-19 14:00:00,1141.0,1148.0,1141.0,1148.0,0.61,146.2,166826.0,1
2023-03-19,2023-03-19 15:00:00,1148.0,1155.0,1120.0,1148.0,0.0,146.2,166826.0,0
2023-03-20,2023-03-20 11:00:00,1132.0,1158.5,1131.5,1144.0,1.06,362.0,424424.2,1
2023-03-20,2023-03-20 12:00:00,1144.0,1156.0,1144.0,1156.0,1.05,362.0,424424.2,1
2023-03-20,2023-03-20 13:00:00,1156.0,1168.0,1156.0,1168.0,1.04,362.0,424424.2,1
2023-03-20,2023-03-20 14:00:00,1168.0,1180.0,1168.0,1180.0,1.03,362.0,424424.2,1
2023-03-20,2023-03-20 15:00:00,1180.0,1185.0,1131.0,1180.0,0.0,362.0,424424.2,0
2023-03-22,2023-03-22 11:00:00,1165.0,1175.0,1157.5,1161.25,-0.32,302.0,351164.8,-1
2023-03-22,2023-03-22 12:00:00,1161.25,1161.25,1157.5,1157.5,-0.32,302.0,351164.8,-1
2023-03-22,2023-03-22 13:00:00,1157.5,1157.5,1153.75,1153.75,-0.32,302.0,351164.8,-1
2023-03-22,2023-03-22 14:00:00,1153.75,1153.75,1150.0,1150.0,-0.33,302.0,351164.8,-1
2023-03-22,2023-03-22 15:00:00,1150.0,1185.0,1150.0,1150.0,0.0,302.0,351164.8,0
2023-03-23,2023-03-23 11:00:00,1136.0,1143.0,1133.0,1135.75,-0.02,479.0,545724.9,-1
2023-03-23,2023-03-23 12:00:00,1135.75,1135.75,1135.5,1135.5,-0.02,479.0,545724.9,-1
2023-03-23,2023-03-23 13:00:00,1135.5,1135.5,1135.25,1135.25,-0.02,479.0,545724.9,-1
2023-03-23,2023-03-23 14:00:00,1135.25,1135.25,1135.0,1135.0,-0.02,479.0,545724.9,-1
2023-03-23,2023-03-23 15:00:00,1135.0,1150.0,1130.0,1135.0,0.0,479.0,545724.9,0
2023-03-26,2023-03-26 11:00:00,1121.1,1130.55,1119.55,1125.07,0.35,504.0,567991.0,1
2023-03-26,2023-03-26 12:00:00,1125.07,1129.05,1125.07,1129.05,0.35,504.0,567991.0,1
2023-03-26,2023-03-26 13:00:00,1129.05,1133.03,1129.05,1133.03,0.35,504.0,567991.0,1
2023-03-26,2023-03-26 14:00:00,1133.03,1137.0,1133.03,1137.0,0.35,504.0,567991.0,1
2023-03-26,2023-03-26 15:00:00,1137.0,1140.0,1118.0,1137.0,0.0,504.0,567991.0,0
2023-03-27,2023-03-27 11:00:00,1114.3,1123.65,1106.65,1118.97,0.42,876.2,967563.72,1
2023-03-27,2023-03-27 12:00:00,1118.97,1123.65,1118.97,1123.65,0.42,876.2,967563.72,1
2023-03-27,2023-03-27 13:00:00,1123.65,1128.33,1123.65,1128.33,0.42,876.2,967563.72,1
2023-03-27,2023-03-27 14:00:00,1128.33,1133.0,1128.33,1133.0,0.41,876.2,967563.72,1
2023-03-27,2023-03-27 15:00:00,1133.0,1133.0,1099.0,1133.0,0.0,876.2,967563.72,0
2023-03-28,2023-03-28 11:00:00,1152.0,1156.0,1141.0,1150.25,-0.15,658.4,754973.8,-1
2023-03-28,2023-03-28 12:00:00,1150.25,1150.25,1148.5,1148.5,-0.15,658.4,754973.8,-1
2023-03-28,2023-03-28 13:00:00,1148.5,1148.5,1146.75,1146.75,-0.15,658.4,754973.8,-1
2023-03-28,2023-03-28 14:00:00,1146.75,1146.75,1145.0,1145.0,-0.15,658.4,754973.8,-1
2023-03-28,2023-03-28 15:00:00,1145.0,1160.0,1130.0,1145.0,0.0,658.4,754973.8,0
2023-03-29,2023-03-29 11:00:00,1126.0,1137.25,1126.0,1129.5,0.31,284.0,324872.8,1
2023-03-29,2023-03-29 12:00:00,1129.5,1133.0,1129.5,1133.0,0.31,284.0,324872.8,1
2023-03-29,2023-03-29 13:00:00,1133.0,1136.5,1133.0,1136.5,0.31,284.0,324872.8,1
2023-03-29,2023-03-29 14:00:00,1136.5,1140.0,1136.5,1140.0,0.31,284.0,324872.8,1
2023-03-29,2023-03-29 15:00:00,1140.0,1148.5,1126.0,1140.0,0.0,284.0,324872.8,0
2023-03-30,2023-03-30 11:00:00,1119.0,1130.0,1118.5,1124.25,0.47,346.0,389598.2,1
2023-03-30,2023-03-30 12:00:00,1124.25,1129.5,1124.25,1129.5,0.47,346.0,389598.2,1
2023-03-30,2023-03-30 13:00:00,1129.5,1134.75,1129.5,1134.75,0.46,346.0,389598.2,1
2023-03-30,2023-03-30 14:00:00,1134.75,1140.0,1134.75,1140.0,0.46,346.0,389598.2,1
2023-03-30,2023-03-30 15:00:00,1140.0,1141.0,1118.0,1140.0,0.0,346.0,389598.2,0
2023-04-02,2023-04-02 11:00:00,1136.0,1141.0,1129.2,1132.75,-0.29,143.0,161413.7,-1
2023-04-02,2023-04-02 12:00:00,1132.75,1132.75,1129.5,1129.5,-0.29,143.0,161413.7,-1
2023-04-02,2023-04-02 13:00:00,1129.5,1129.5,1126.25,1126.25,-0.29,143.0,161413.7,-1
2023-04-02,2023-04-02 14:00:00,1126.25,1126.25,1123.0,1123.0,-0.29,143.0,161413.7,-1
2023-04-02,2023-04-02 15:00:00,1123.0,1146.0,1122.4,1123.0,0.0,143.0,161413.7,0
2023-04-03,2023-04-03 11:00:00,1120.1,1128.5,1111.05,1118.82,-0.11,381.2,423282.6,-1
2023-04-03,2023-04-03 12:00:00,1118.82,1118.82,1117.55,1117.55,-0.11,381.2,423282.6,-1
2023-04-03,2023-04-03 13:00:00,1117.55,1117.55,1116.28,1116.28,-0.11,381.2,423282.6,-1
2023-04-03,2023-04-03 14:00:00,1116.28,1116.28,1115.0,1115.0,-0.11,381.2,423282.6,-1
2023-04-03,2023-04-03 15:00:00,1115.0,1136.9,1102.0,1115.0,0.0,381.2,423282.6,0
2023-04-04,2023-04-04 11:00:00,1101.1,1110.55,1100.55,1102.32,0.11,178.6,197830.0,1
2023-04-04,2023-04-04 12:00:00,1102.32,1103.55,1102.32,1103.55,0.11,178.6,197830.0,1
2023-04-04,2023-04-04 13:00:00,1103.55,1104.78,1103.55,1104.78,0.11,178.6,197830.0,1
2023-04-04,2023-04-04 14:00:00,1104.78,1106.0,1104.78,1106.0,0.11,178.6,197830.0,1
2023-04-04,2023-04-04 15:00:00,1106.0,1120.0,1100.0,1106.0,0.0,178.6,197830.0,0
2023-04-05,2023-04-05 11:00:00,1106.0,1111.45,1103.5,1108.5,0.23,104.0,115383.2,1
2023-04-05,2023-04-05 12:00:00,1108.5,1111.0,1108.5,1111.0,0.23,104.0,115383.2,1
2023-04-05,2023-04-05 13:00:00,1111.0,1113.5,1111.0,1113.5,0.23,104.0,115383.2,1
2023-04-05,2023-04-05 14:00:00,1113.5,1116.0,1113.5,1116.0,0.22,104.0,115383.2,1
2023-04-05,2023-04-05 15:00:00,1116.0,1116.9,1101.0,1116.0,0.0,104.0,115383.2,0
2023-04-06,2023-04-06 11:00:00,1100.0,1113.0,1100.0,1101.1,0.1,408.0,453060.4,1
2023-04-06,2023-04-06 12:00:00,1101.1,1102.2,1101.1,1102.2,0.1,408.0,453060.4,1
2023-04-06,2023-04-06 13:00:00,1102.2,1103.3,1102.2,1103.3,0.1,408.0,453060.4,1
2023-04-06,2023-04-06 14:00:00,1103.3,1104.4,1103.3,1104.4,0.1,408.0,453060.4,1
2023-04-06,2023-04-06 15:00:00,1104.4,1126.0,1100.0,1104.4,0.0,408.0,453060.4,0
2023-04-09,2023-04-09 11:00:00,1100.0,1105.0,1094.0,1100.0,0.0,482.2,528282.0,0
2023-04-09,2023-04-09 12:00:00,1100.0,1100.0,1100.0,1100.0,0.0,482.2,528282.0,0
2023-04-09,2023-04-09 13:00:00,1100.0,1100.0,1100.0,1100.0,0.0,482.2,528282.0,0
2023-04-09,2023-04-09 14:00:00,1100.0,1100.0,1100.0,1100.0,0.0,482.2,528282.0,0
2023-04-09,2023-04-09 15:00:00,1100.0,1110.0,1088.0,1100.0,0.0,482.2,528282.0,0
2023-04-10,2023-04-10 11:00:00,1118.6,1120.3,1108.1,1118.45,-0.01,242.0,267544.8,-1
2023-04-10,2023-04-10 12:00:00,1118.45,1118.45,1118.3,1118.3,-0.01,242.0,267544.8,-1
2023-04-10,2023-04-10 13:00:00,1118.3,1118.3,1118.15,1118.15,-0.01,242.0,267544.8,-1
2023-04-10,2023-04-10 14:00:00,1118.15,1118.15,1118.0,1118.0,-0.01,242.0,267544.8,-1
2023-04-10,2023-04-10 15:00:00,1118.0,1122.0,1097.6,1118.0,0.0,242.0,267544.8,0
2023-04-11,2023-04-11 11:00:00,1096.0,1113.5,1096.0,1104.75,0.8,302.0,336554.5,1
2023-04-11,2023-04-11 12:00:00,1104.75,1113.5,1104.75,1113.5,0.79,302.0,336554.5,1
2023-04-11,2023-04-11 13:00:00,1113.5,1122.25,1113.5,1122.25,0.79,302.0,336554.5,1
2023-04-11,2023-04-11 14:00:00,1122.25,1131.0,1122.25,1131.0,0.78,302.0,336554.5,1
2023-04-11,2023-04-11 15:00:00,1131.0,1131.0,1096.0,1131.0,0.0,302.0,336554.5,0
2023-04-12,2023-04-12 11:00:00,1130.0,1152.5,1125.05,1141.25,1.0,887.8,1029028.6,1
2023-04-12,2023-04-12 12:00:00,1141.25,1152.5,1141.25,1152.5,0.99,887.8,1029028.6,1
2023-04-12,2023-04-12 13:00:00,1152.5,1163.75,1152.5,1163.75,0.98,887.8,1029028.6,1
2023-04-12,2023-04-12 14:00:00,1163.75,1175.0,1163.75,1175.0,0.97,887.8,1029028.6,1
2023-04-12,2023-04-12 15:00:00,1175.0,1175.0,1120.1,1175.0,0.0,887.8,1029028.6,0
2023-04-13,2023-04-13 11:00:00,1190.0,1190.0,1165.5,1180.28,-0.82,368.0,424431.6,-1
2023-04-13,2023-04-13 12:00:00,1180.28,1180.28,1170.55,1170.55,-0.82,368.0,424431.6,-1
2023-04-13,2023-04-13 13:00:00,1170.55,1170.55,1160.82,1160.82,-0.83,368.0,424431.6,-1
2023-04-13,2023-04-13 14:00:00,1160.82,1160.82,1151.1,1151.1,-0.84,368.0,424431.6,-1
2023-04-13,2023-04-13 15:00:00,1151.1,1190.0,1141.0,1151.1,0.0,368.0,424431.6,0
2023-04-16,2023-04-16 11:00:00,1173.0,1192.0,1159.5,1173.25,0.02,1255.2,1485809.52,1
2023-04-16,2023-04-16 12:00:00,1173.25,1173.5,1173.25,1173.5,0.02,1255.2,1485809.52,1
2023-04-16,2023-04-16 13:00:00,1173.5,1173.75,1173.5,1173.75,0.02,1255.2,1485809.52,1
2023-04-16,2023-04-16 14:00:00,1173.75,1174.0,1173.75,1174.0,0.02,1255.2,1485809.52,1
2023-04-16,2023-04-16 15:00:00,1174.0,1211.0,1146.0,1174.0,0.0,1255.2,1485809.52,0
2023-04-17,2023-04-17 11:00:00,1177.7,1185.85,1168.85,1175.5,-0.19,494.2,581092.0,-1
2023-04-17,2023-04-17 12:00:00,1175.5,1175.5,1173.3,1173.3,-0.19,494.2,581092.0,-1
2023-04-17,2023-04-17 13:00:00,1173.3,1173.3,1171.1,1171.1,-0.19,494.2,581092.0,-1
2023-04-17,2023-04-17 14:00:00,1171.1,1171.1,1168.9,1168.9,-0.19,494.2,581092.0,-1
2023-04-17,2023-04-17 15:00:00,1168.9,1194.0,1160.0,1168.9,0.0,494.2,581092.0,0
2023-04-18,2023-04-18 11:00:00,1170.0,1170.0,1155.65,1162.83,-0.61,289.0,332047.4,-1
2023-04-18,2023-04-18 12:00:00,1162.83,1162.83,1155.65,1155.65,-0.62,289.0,332047.4,-1
2023-04-18,2023-04-18 13:00:00,1155.65,1155.65,1148.47,1148.47,-0.62,289.0,332047.4,-1
2023-04-18,2023-04-18 14:00:00,1148.47,1148.47,1141.3,1141.3,-0.62,289.0,332047.4,-1
2023-04-18,2023-04-18 15:00:00,1141.3,1170.0,1141.3,1141.3,0.0,289.0,332047.4,0
2023-04-19,2023-04-19 11:00:00,1146.1,1149.55,1138.05,1145.82,-0.02,537.6,611848.8,-1
2023-04-19,2023-04-19 12:00:00,1145.82,1145.82,1145.55,1145.55,-0.02,537.6,611848.8,-1
2023-04-19,2023-04-19 13:00:00,1145.55,1145.55,1145.28,1145.28,-0.02,537.6,611848.8,-1
2023-04-19,2023-04-19 14:00:00,1145.28,1145.28,1145.0,1145.0,-0.02,537.6,611848.8,-1
2023-04-19,2023-04-19 15:00:00,1145.0,1153.0,1130.0,1145.0,0.0,537.6,611848.8,0
2023-04-20,2023-04-20 11:00:00,1130.0,1145.0,1130.0,1131.25,0.11,455.8,519261.94,1
2023-04-20,2023-04-20 12:00:00,1131.25,1132.5,1131.25,1132.5,0.11,455.8,519261.94,1
2023-04-20,2023-04-20 13:00:00,1132.5,1133.75,1132.5,1133.75,0.11,455.8,519261.94,1
2023-04-20,2023-04-20 14:00:00,1133.75,1135.0,1133.75,1135.0,0.11,455.8,519261.94,1
2023-04-20,2023-04-20 15:00:00,1135.0,1160.0,1130.0,1135.0,0.0,455.8,519261.94,0
2023-04-23,2023-04-23 11:00:00,1120.0,1127.5,1119.5,1122.25,0.2,267.0,299287.8,1
2023-04-23,2023-04-23 12:00:00,1122.25,1124.5,1122.25,1124.5,0.2,267.0,299287.8,1
2023-04-23,2023-04-23 13:00:00,1124.5,1126.75,1124.5,1126.75,0.2,267.0,299287.8,1
2023-04-23,2023-04-23 14:00:00,1126.75,1129.0,1126.75,1129.0,0.2,267.0,299287.8,1
2023-04-23,2023-04-23 15:00:00,1129.0,1135.0,1119.0,1129.0,0.0,267.0,299287.8,0
2023-04-24,2023-04-24 11:00:00,1118.0,1124.0,1115.05,1119.25,0.11,251.0,280631.4,1
2023-04-24,2023-04-24 12:00:00,1119.25,1120.5,1119.25,1120.5,0.11,251.0,280631.4,1
2023-04-24,2023-04-24 13:00:00,1120.5,1121.75,1120.5,1121.75,0.11,251.0,280631.4,1
2023-04-24,2023-04-24 14:00:00,1121.75,1123.0,1121.75,1123.0,0.11,251.0,280631.4,1
2023-04-24,2023-04-24 15:00:00,1123.0,1130.0,1112.1,1123.0,0.0,251.0,280631.4,0
2023-04-25,2023-04-25 11:00:00,1111.0,1119.0,1111.0,1113.25,0.2,118.4,132496.6,1
2023-04-25,2023-04-25 12:00:00,1113.25,1115.5,1113.25,1115.5,0.2,118.4,132496.6,1
2023-04-25,2023-04-25 13:00:00,1115.5,1117.75,1115.5,1117.75,0.2,118.4,132496.6,1
2023-04-25,2023-04-25 14:00:00,1117.75,1120.0,1117.75,1120.0,0.2,118.4,132496.6,1
2023-04-25,2023-04-25 15:00:00,1120.0,1127.0,1111.0,1120.0,0.0,118.4,132496.6,0
2023-04-26,2023-04-26 11:00:00,1120.0,1128.45,1115.0,1117.5,-0.22,374.6,419950.6,-1
2023-04-26,2023-04-26 12:00:00,1117.5,1117.5,1115.0,1115.0,-0.22,374.6,419950.6,-1
2023-04-26,2023-04-26 13:00:00,1115.0,1115.0,1112.5,1112.5,-0.22,374.6,419950.6,-1
2023-04-26,2023-04-26 14:00:00,1112.5,1112.5,1110.0,1110.0,-0.22,374.6,419950.6,-1
2023-04-26,2023-04-26 15:00:00,1110.0,1136.9,1110.0,1110.0,0.0,374.6,419950.6,0
2023-04-27,2023-04-27 11:00:00,1110.1,1115.1,1106.1,1111.32,0.11,354.2,393974.0,1
2023-04-27,2023-04-27 12:00:00,1111.32,1112.55,1111.32,1112.55,0.11,354.2,393974.0,1
2023-04-27,2023-04-27 13:00:00,1112.55,1113.78,1112.55,1113.78,0.11,354.2,393974.0,1
2023-04-27,2023-04-27 14:00:00,1113.78,1115.0,1113.78,1115.0,0.11,354.2,393974.0,1
2023-04-27,2023-04-27 15:00:00,1115.0,1120.1,1102.1,1115.0,0.0,354.2,393974.0,0
2023-04-30,2023-04-30 11:00:00,1101.1,1112.55,1089.55,1095.32,-0.52,1044.2,1141814.24,-1
2023-04-30,2023-04-30 12:00:00,1095.32,1095.32,1089.55,1089.55,-0.53,1044.2,1141814.24,-1
2023-04-30,2023-04-30 13:00:00,1089.55,1089.55,1083.78,1083.78,-0.53,1044.2,1141814.24,-1
2023-04-30,2023-04-30 14:00:00,1083.78,1083.78,1078.0,1078.0,-0.53,1044.2,1141814.24,-1
2023-04-30,2023-04-30 15:00:00,1078.0,1124.0,1078.0,1078.0,0.0,1044.2,1141814.24,0
2023-05-02,2023-05-02 11:00:00,1085.0,1090.0,1074.5,1083.78,-0.11,291.4,313614.0,-1
2023-05-02,2023-05-02 12:00:00,1083.78,1083.78,1082.55,1082.55,-0.11,291.4,313614.0,-1
2023-05-02,2023-05-02 13:00:00,1082.55,1082.55,1081.32,1081.32,-0.11,291.4,313614.0,-1
2023-05-02,2023-05-02 14:00:00,1081.32,1081.32,1080.1,1080.1,-0.11,291.4,313614.0,-1
2023-05-02,2023-05-02 15:00:00,1080.1,1095.0,1064.0,1080.1,0.0,291.4,313614.0,0
2023-05-03,2023-05-03 11:00:00,1067.0,1073.5,1066.55,1069.75,0.26,103.0,110256.5,1
2023-05-03,2023-05-03 12:00:00,1069.75,1072.5,1069.75,1072.5,0.26,103.0,110256.5,1
2023-05-03,2023-05-03 13:00:00,1072.5,1075.25,1072.5,1075.25,0.26,103.0,110256.5,1
2023-05-03,2023-05-03 14:00:00,1075.25,1078.0,1075.25,1078.0,0.26,103.0,110256.5,1
2023-05-03,2023-05-03 15:00:00,1078.0,1080.0,1066.1,1078.0,0.0,103.0,110256.5,0
2023-05-04,2023-05-04 11:00:00,1060.1,1079.8,1060.05,1068.32,0.78,232.4,248691.3,1
2023-05-04,2023-05-04 12:00:00,1068.32,1076.55,1068.32,1076.55,0.77,232.4,248691.3,1
2023-05-04,2023-05-04 13:00:00,1076.55,1084.78,1076.55,1084.78,0.76,232.4,248691.3,1
2023-05-04,2023-05-04 14:00:00,1084.78,1093.0,1084.78,1093.0,0.76,232.4,248691.3,1
2023-05-04,2023-05-04 15:00:00,1093.0,1099.5,1060.0,1093.0,0.0,232.4,248691.3,0
2023-05-07,2023-05-07 11:00:00,1072.1,1073.55,1061.35,1070.07,-0.19,242.0,256124.28,-1
2023-05-07,2023-05-07 12:00:00,1070.07,1070.07,1068.05,1068.05,-0.19,242.0,256124.28,-1
2023-05-07,2023-05-07 13:00:00,1068.05,1068.05,1066.03,1066.03,-0.19,242.0,256124.28,-1
2023-05-07,2023-05-07 14:00:00,1066.03,1066.03,1064.0,1064.0,-0.19,242.0,256124.28,-1
2023-05-07,2023-05-07 15:00:00,1064.0,1075.0,1050.6,1064.0,0.0,242.0,256124.28,0
2023-05-08,2023-05-08 11:00:00,1042.8,1046.4,1033.15,1037.97,-0.46,386.0,399116.2,-1
2023-05-08,2023-05-08 12:00:00,1037.97,1037.97,1033.15,1033.15,-0.46,386.0,399116.2,-1
2023-05-08,2023-05-08 13:00:00,1033.15,1033.15,1028.33,1028.33,-0.47,386.0,399116.2,-1
2023-05-08,2023-05-08 14:00:00,1028.33,1028.33,1023.5,1023.5,-0.47,386.0,399116.2,-1
2023-05-08,2023-05-08 15:00:00,1023.5,1050.0,1023.5,1023.5,0.0,386.0,399116.2,0
2023-05-09,2023-05-09 11:00:00,1003.1,1031.55,1003.1,1011.58,0.85,306.0,315626.8,1
2023-05-09,2023-05-09 12:00:00,1011.58,1020.05,1011.58,1020.05,0.84,306.0,315626.8,1
2023-05-09,2023-05-09 13:00:00,1020.05,1028.53,1020.05,1028.53,0.83,306.0,315626.8,1
2023-05-09,2023-05-09 14:00:00,1028.53,1037.0,1028.53,1037.0,0.82,306.0,315626.8,1
2023-05-09,2023-05-09 15:00:00,1037.0,1060.0,1003.1,1037.0,0.0,306.0,315626.8,0
2023-05-10,2023-05-10 11:00:00,1021.1,1028.05,1015.55,1018.33,-0.27,222.0,225358.1,-1
2023-05-10,2023-05-10 12:00:00,1018.33,1018.33,1015.55,1015.55,-0.27,222.0,225358.1,-1
2023-05-10,2023-05-10 13:00:00,1015.55,1015.55,1012.77,1012.77,-0.27,222.0,225358.1,-1
2023-05-10,2023-05-10 14:00:00,1012.77,1012.77,1010.0,1010.0,-0.27,222.0,225358.1,-1
2023-05-10,2023-05-10 15:00:00,1010.0,1035.0,1010.0,1010.0,0.0,222.0,225358.1,0
2023-05-11,2023-05-11 11:00:00,1010.0,1015.0,1005.0,1009.5,-0.05,180.0,182260.2,-1
2023-05-11,2023-05-11 12:00:00,1009.5,1009.5,1009.0,1009.0,-0.05,180.0,182260.2,-1
2023-05-11,2023-05-11 13:00:00,1009.0,1009.0,1008.5,1008.5,-0.05,180.0,182260.2,-1
2023-05-11,2023-05-11 14:00:00,1008.5,1008.5,1008.0,1008.0,-0.05,180.0,182260.2,-1
2023-05-11,2023-05-11 15:00:00,1008.0,1020.0,1000.0,1008.0,0.0,180.0,182260.2,0
2023-05-14,2023-05-14 11:00:00,1025.0,1032.5,1019.0,1022.5,-0.24,144.2,147614.0,-1
2023-05-14,2023-05-14 12:00:00,1022.5,1022.5,1020.0,1020.0,-0.24,144.2,147614.0,-1
2023-05-14,2023-05-14 13:00:00,1020.0,1020.0,1017.5,1017.5,-0.25,144.2,147614.0,-1
2023-05-14,2023-05-14 14:00:00,1017.5,1017.5,1015.0,1015.0,-0.25,144.2,147614.0,-1
2023-05-14,2023-05-14 15:00:00,1015.0,1040.0,1013.0,1015.0,0.0,144.2,147614.0,0
2023-05-15,2023-05-15 11:00:00,1006.3,1015.65,1006.25,1008.47,0.22,166.8,169210.6,1
2023-05-15,2023-05-15 12:00:00,1008.47,1010.65,1008.47,1010.65,0.22,166.8,169210.6,1
2023-05-15,2023-05-15 13:00:00,1010.65,1012.83,1010.65,1012.83,0.22,166.8,169210.6,1
2023-05-15,2023-05-15 14:00:00,1012.83,1015.0,1012.83,1015.0,0.21,166.8,169210.6,1
2023-05-15,2023-05-15 15:00:00,1015.0,1025.0,1006.2,1015.0,0.0,166.8,169210.6,0
2023-05-16,2023-05-16 11:00:00,1003.0,1014.0,1003.0,1007.25,0.42,170.2,173215.4,1
2023-05-16,2023-05-16 12:00:00,1007.25,1011.5,1007.25,1011.5,0.42,170.2,173215.4,1
2023-05-16,2023-05-16 13:00:00,1011.5,1015.75,1011.5,1015.75,0.42,170.2,173215.4,1
2023-05-16,2023-05-16 14:00:00,1015.75,1020.0,1015.75,1020.0,0.42,170.2,173215.4,1
2023-05-16,2023-05-16 15:00:00,1020.0,1025.0,1003.0,1020.0,0.0,170.2,173215.4,0
2023-05-17,2023-05-17 11:00:00,1024.9,1029.45,1021.95,1023.68,-0.12,118.0,121168.8,-1
2023-05-17,2023-05-17 12:00:00,1023.68,1023.68,1022.45,1022.45,-0.12,118.0,121168.8,-1
2023-05-17,2023-05-17 13:00:00,1022.45,1022.45,1021.23,1021.23,-0.12,118.0,121168.8,-1
2023-05-17,2023-05-17 14:00:00,1021.23,1021.23,1020.0,1020.0,-0.12,118.0,121168.8,-1
2023-05-17,2023-05-17 15:00:00,1020.0,1034.0,1019.0,1020.0,0.0,118.0,121168.8,0
2023-05-18,2023-05-18 11:00:00,1040.0,1062.5,1038.5,1045.0,0.48,289.8,307667.9,1
2023-05-18,2023-05-18 12:00:00,1045.0,1050.0,1045.0,1050.0,0.48,289.8,307667.9,1
2023-05-18,2023-05-18 13:00:00,1050.0,1055.0,1050.0,1055.0,0.48,289.8,307667.9,1
2023-05-18,2023-05-18 14:00:00,1055.0,1060.0,1055.0,1060.0,0.47,289.8,307667.9,1
2023-05-18,2023-05-18 15:00:00,1060.0,1085.0,1037.0,1060.0,0.0,289.8,307667.9,0
2023-05-21,2023-05-21 11:00:00,1079.9,1083.95,1059.95,1073.43,-0.6,695.0,737131.2,-1
2023-05-21,2023-05-21 12:00:00,1073.43,1073.43,1066.95,1066.95,-0.6,695.0,737131.2,-1
2023-05-21,2023-05-21 13:00:00,1066.95,1066.95,1060.47,1060.47,-0.61,695.0,737131.2,-1
2023-05-21,2023-05-21 14:00:00,1060.47,1060.47,1054.0,1054.0,-0.61,695.0,737131.2,-1
2023-05-21,2023-05-21 15:00:00,1054.0,1088.0,1040.0,1054.0,0.0,695.0,737131.2,0
2023-05-22,2023-05-22 11:00:00,1034.0,1067.0,1034.0,1044.25,0.99,501.0,538920.4,1
2023-05-22,2023-05-22 12:00:00,1044.25,1054.5,1044.25,1054.5,0.98,501.0,538920.4,1
2023-05-22,2023-05-22 13:00:00,1054.5,1064.75,1054.5,1064.75,0.97,501.0,538920.4,1
2023-05-22,2023-05-22 14:00:00,1064.75,1075.0,1064.75,1075.0,0.96,501.0,538920.4,1
2023-05-22,2023-05-22 15:00:00,1075.0,1100.0,1034.0,1075.0,0.0,501.0,538920.4,0
2023-05-23,2023-05-23 11:00:00,1096.0,1122.0,1090.5,1104.5,0.78,1348.6,1509231.32,1
2023-05-23,2023-05-23 12:00:00,1104.5,1113.0,1104.5,1113.0,0.77,1348.6,1509231.32,1
2023-05-23,2023-05-23 13:00:00,1113.0,1121.5,1113.0,1121.5,0.76,1348.6,1509231.32,1
2023-05-23,2023-05-23 14:00:00,1121.5,1130.0,1121.5,1130.0,0.76,1348.6,1509231.32,1
2023-05-23,2023-05-23 15:00:00,1130.0,1148.0,1085.0,1130.0,0.0,1348.6,1509231.32,0
2023-05-24,2023-05-24 11:00:00,1111.0,1150.5,1111.0,1127.75,1.51,1137.0,1318459.24,1
2023-05-24,2023-05-24 12:00:00,1127.75,1144.5,1127.75,1144.5,1.49,1137.0,1318459.24,1
2023-05-24,2023-05-24 13:00:00,1144.5,1161.25,1144.5,1161.25,1.46,1137.0,1318459.24,1
2023-05-24,2023-05-24 14:00:00,1161.25,1178.0,1161.25,1178.0,1.44,1137.0,1318459.24,1
2023-05-24,2023-05-24 15:00:00,1178.0,1190.0,1111.0,1178.0,0.0,1137.0,1318459.24,0
2023-05-28,2023-05-28 11:00:00,1165.0,1177.15,1148.5,1157.75,-0.62,2319.4,2666806.34,-1
2023-05-28,2023-05-28 12:00:00,1157.75,1157.75,1150.5,1150.5,-0.63,2319.4,2666806.34,-1
2023-05-28,2023-05-28 13:00:00,1150.5,1150.5,1143.25,1143.25,-0.63,2319.4,2666806.34,-1
2023-05-28,2023-05-28 14:00:00,1143.25,1143.25,1136.0,1136.0,-0.63,2319.4,2666806.34,-1
2023-05-28,2023-05-28 15:00:00,1136.0,1189.3,1132.0,1136.0,0.0,2319.4,2666806.34,0
2023-05-30,2023-05-30 11:00:00,1114.0,1119.5,1102.0,1113.25,-0.07,1536.0,1692546.44,-1
2023-05-30,2023-05-30 12:00:00,1113.25,1113.25,1112.5,1112.5,-0.07,1536.0,1692546.44,-1
2023-05-30,2023-05-30 13:00:00,1112.5,1112.5,1111.75,1111.75,-0.07,1536.0,1692546.44,-1
2023-05-30,2023-05-30 14:00:00,1111.75,1111.75,1111.0,1111.0,-0.07,1536.0,1692546.44,-1
2023-05-30,2023-05-30 15:00:00,1111.0,1125.0,1090.0,1111.0,0.0,1536.0,1692546.44,0
2023-05-31,2023-05-31 11:00:00,1133.2,1133.2,1096.6,1122.4,-0.95,910.6,988303.58,-1
2023-05-31,2023-05-31 12:00:00,1122.4,1122.4,1111.6,1111.6,-0.96,910.6,988303.58,-1
2023-05-31,2023-05-31 13:00:00,1111.6,1111.6,1100.8,1100.8,-0.97,910.6,988303.58,-1
2023-05-31,2023-05-31 14:00:00,1100.8,1100.8,1090.0,1090.0,-0.98,910.6,988303.58,-1
2023-05-31,2023-05-31 15:00:00,1090.0,1133.2,1060.0,1090.0,0.0,910.6,988303.58,0
2023-06-01,2023-06-01 11:00:00,1104.0,1107.0,1083.05,1100.25,-0.34,432.4,472906.9,-1
2023-06-01,2023-06-01 12:00:00,1100.25,1100.25,1096.5,1096.5,-0.34,432.4,472906.9,-1
2023-06-01,2023-06-01 13:00:00,1096.5,1096.5,1092.75,1092.75,-0.34,432.4,472906.9,-1
2023-06-01,2023-06-01 14:00:00,1092.75,1092.75,1089.0,1089.0,-0.34,432.4,472906.9,-1
2023-06-01,2023-06-01 15:00:00,1089.0,1110.0,1062.1,1089.0,0.0,432.4,472906.9,0
2023-06-04,2023-06-04 11:00:00,1110.0,1128.0,1105.0,1113.78,0.34,512.4,574020.26,1
2023-06-04,2023-06-04 12:00:00,1113.78,1117.55,1113.78,1117.55,0.34,512.4,574020.26,1
2023-06-04,2023-06-04 13:00:00,1117.55,1121.32,1117.55,1121.32,0.34,512.4,574020.26,1
2023-06-04,2023-06-04 14:00:00,1121.32,1125.1,1121.32,1125.1,0.34,512.4,574020.26,1
2023-06-04,2023-06-04 15:00:00,1125.1,1146.0,1100.0,1125.1,0.0,512.4,574020.26,0
2023-06-05,2023-06-05 11:00:00,1125.1,1138.55,1114.55,1120.35,-0.42,483.2,539307.2,-1
2023-06-05,2023-06-05 12:00:00,1120.35,1120.35,1115.6,1115.6,-0.42,483.2,539307.2,-1
2023-06-05,2023-06-05 13:00:00,1115.6,1115.6,1110.85,1110.85,-0.43,483.2,539307.2,-1
2023-06-05,2023-06-05 14:00:00,1110.85,1110.85,1106.1,1106.1,-0.43,483.2,539307.2,-1
2023-06-05,2023-06-05 15:00:00,1106.1,1152.0,1104.0,1106.1,0.0,483.2,539307.2,0
2023-06-06,2023-06-06 11:00:00,1087.0,1118.5,1087.0,1100.25,1.22,662.6,752395.6,1
2023-06-06,2023-06-06 12:00:00,1100.25,1113.5,1100.25,1113.5,1.2,662.6,752395.6,1
2023-06-06,2023-06-06 13:00:00,1113.5,1126.75,1113.5,1126.75,1.19,662.6,752395.6,1
2023-06-06,2023-06-06 14:00:00,1126.75,1140.0,1126.75,1140.0,1.18,662.6,752395.6,1
2023-06-06,2023-06-06 15:00:00,1140.0,1150.0,1087.0,1140.0,0.0,662.6,752395.6,0
2023-06-07,2023-06-07 11:00:00,1135.0,1152.5,1135.0,1139.25,0.37,587.8,678446.16,1
2023-06-07,2023-06-07 12:00:00,1139.25,1143.5,1139.25,1143.5,0.37,587.8,678446.16,1
2023-06-07,2023-06-07 13:00:00,1143.5,1147.75,1143.5,1147.75,0.37,587.8,678446.16,1
2023-06-07,2023-06-07 14:00:00,1147.75,1152.0,1147.75,1152.0,0.37,587.8,678446.16,1
2023-06-07,2023-06-07 15:00:00,1152.0,1170.0,1135.0,1152.0,0.0,587.8,678446.16,0
2023-06-08,2023-06-08 11:00:00,1129.0,1137.0,1127.05,1129.78,0.07,418.6,474401.3,1
2023-06-08,2023-06-08 12:00:00,1129.78,1130.55,1129.78,1130.55,0.07,418.6,474401.3,1
2023-06-08,2023-06-08 13:00:00,1130.55,1131.32,1130.55,1131.32,0.07,418.6,474401.3,1
2023-06-08,2023-06-08 14:00:00,1131.32,1132.1,1131.32,1132.1,0.07,418.6,474401.3,1
2023-06-08,2023-06-08 15:00:00,1132.1,1145.0,1125.1,1132.1,0.0,418.6,474401.3,0
2023-06-11,2023-06-11 11:00:00,1112.0,1133.5,1112.0,1119.5,0.67,825.6,940208.3,1
2023-06-11,2023-06-11 12:00:00,1119.5,1127.0,1119.5,1127.0,0.67,825.6,940208.3,1
2023-06-11,2023-06-11 13:00:00,1127.0,1134.5,1127.0,1134.5,0.67,825.6,940208.3,1
2023-06-11,2023-06-11 14:00:00,1134.5,1142.0,1134.5,1142.0,0.66,825.6,940208.3,1
2023-06-11,2023-06-11 15:00:00,1142.0,1155.0,1112.0,1142.0,0.0,825.6,940208.3,0
2023-06-12,2023-06-12 11:00:00,1140.0,1198.0,1131.0,1169.0,2.54,2812.4,3313954.48,1
2023-06-12,2023-06-12 12:00:00,1169.0,1198.0,1169.0,1198.0,2.48,2812.4,3313954.48,1
2023-06-12,2023-06-12 13:00:00,1198.0,1227.0,1198.0,1227.0,2.42,2812.4,3313954.48,1
2023-06-12,2023-06-12 14:00:00,1227.0,1256.0,1227.0,1256.0,2.36,2812.4,3313954.48,1
2023-06-12,2023-06-12 15:00:00,1256.0,1256.0,1122.0,1256.0,0.0,2812.4,3313954.48,0
2023-06-13,2023-06-13 11:00:00,1260.0,1293.0,1237.5,1262.5,0.2,3137.2,4044892.02,1
2023-06-13,2023-06-13 12:00:00,1262.5,1265.0,1262.5,1265.0,0.2,3137.2,4044892.02,1
2023-06-13,2023-06-13 13:00:00,1265.0,1267.5,1265.0,1267.5,0.2,3137.2,4044892.02,1
2023-06-13,2023-06-13 14:00:00,1267.5,1270.0,1267.5,1270.0,0.2,3137.2,4044892.02,1
2023-06-13,2023-06-13 15:00:00,1270.0,1326.0,1215.0,1270.0,0.0,3137.2,4044892.02,0
2023-06-14,2023-06-14 11:00:00,1250.0,1274.0,1232.5,1252.0,0.16,1936.0,2423475.22,1
2023-06-14,2023-06-14 12:00:00,1252.0,1254.0,1252.0,1254.0,0.16,1936.0,2423475.22,1
2023-06-14,2023-06-14 13:00:00,1254.0,1256.0,1254.0,1256.0,0.16,1936.0,2423475.22,1
2023-06-14,2023-06-14 14:00:00,1256.0,1258.0,1256.0,1258.0,0.16,1936.0,2423475.22,1
2023-06-14,2023-06-14 15:00:00,1258.0,1298.0,1215.0,1258.0,0.0,1936.0,2423475.22,0
2023-06-15,2023-06-15 11:00:00,1258.0,1271.5,1235.0,1263.47,0.43,1938.2,2401490.9,1
2023-06-15,2023-06-15 12:00:00,1263.47,1268.95,1263.47,1268.95,0.43,1938.2,2401490.9,1
2023-06-15,2023-06-15 13:00:00,1268.95,1274.43,1268.95,1274.43,0.43,1938.2,2401490.9,1
2023-06-15,2023-06-15 14:00:00,1274.43,1279.9,1274.43,1279.9,0.43,1938.2,2401490.9,1
2023-06-15,2023-06-15 15:00:00,1279.9,1285.0,1212.0,1279.9,0.0,1938.2,2401490.9,0
2023-06-18,2023-06-18 11:00:00,1300.0,1307.5,1285.0,1300.25,0.02,2724.0,3519584.86,1
2023-06-18,2023-06-18 12:00:00,1300.25,1300.5,1300.25,1300.5,0.02,2724.0,3519584.86,1
2023-06-18,2023-06-18 13:00:00,1300.5,1300.75,1300.5,1300.75,0.02,2724.0,3519584.86,1
2023-06-18,2023-06-18 14:00:00,1300.75,1301.0,1300.75,1301.0,0.02,2724.0,3519584.86,1
2023-06-18,2023-06-18 15:00:00,1301.0,1315.0,1270.0,1301.0,0.0,2724.0,3519584.86,0
2023-06-19,2023-06-19 11:00:00,1282.0,1294.5,1273.5,1282.62,0.05,1120.6,1434613.0,1
2023-06-19,2023-06-19 12:00:00,1282.62,1283.25,1282.62,1283.25,0.05,1120.6,1434613.0,1
2023-06-19,2023-06-19 13:00:00,1283.25,1283.88,1283.25,1283.88,0.05,1120.6,1434613.0,1
2023-06-19,2023-06-19 14:00:00,1283.88,1284.5,1283.88,1284.5,0.05,1120.6,1434613.0,1
2023-06-19,2023-06-19 15:00:00,1284.5,1307.0,1265.0,1284.5,0.0,1120.6,1434613.0,0
2023-06-20,2023-06-20 11:00:00,1265.0,1285.0,1235.5,1255.0,-0.79,1596.6,1990032.28,-1
2023-06-20,2023-06-20 12:00:00,1255.0,1255.0,1245.0,1245.0,-0.8,1596.6,1990032.28,-1
2023-06-20,2023-06-20 13:00:00,1245.0,1245.0,1235.0,1235.0,-0.8,1596.6,1990032.28,-1
2023-06-20,2023-06-20 14:00:00,1235.0,1235.0,1225.0,1225.0,-0.81,1596.6,1990032.28,-1
2023-06-20,2023-06-20 15:00:00,1225.0,1305.0,1206.0,1225.0,0.0,1596.6,1990032.28,0
2023-06-21,2023-06-21 11:00:00,1216.0,1250.0,1214.0,1223.0,0.58,1407.0,1752511.5,1
2023-06-21,2023-06-21 12:00:00,1223.0,1230.0,1223.0,1230.0,0.57,1407.0,1752511.5,1
2023-06-21,2023-06-21 13:00:00,1230.0,1237.0,1230.0,1237.0,0.57,1407.0,1752511.5,1
2023-06-21,2023-06-21 14:00:00,1237.0,1244.0,1237.0,1244.0,0.57,1407.0,1752511.5,1
2023-06-21,2023-06-21 15:00:00,1244.0,1284.0,1212.0,1244.0,0.0,1407.0,1752511.5,0
2023-06-22,2023-06-22 11:00:00,1223.1,1281.05,1223.05,1247.32,1.98,3856.8,5032564.56,1
2023-06-22,2023-06-22 12:00:00,1247.32,1271.55,1247.32,1271.55,1.94,3856.8,5032564.56,1
2023-06-22,2023-06-22 13:00:00,1271.55,1295.78,1271.55,1295.78,1.91,3856.8,5032564.56,1
2023-06-22,2023-06-22 14:00:00,1295.78,1320.0,1295.78,1320.0,1.87,3856.8,5032564.56,1
2023-06-22,2023-06-22 15:00:00,1320.0,1339.0,1223.0,1320.0,0.0,3856.8,5032564.56,0
2023-06-25,2023-06-25 11:00:00,1320.1,1347.55,1318.05,1327.57,0.57,5533.4,7470466.16,1
2023-06-25,2023-06-25 12:00:00,1327.57,1335.05,1327.57,1335.05,0.56,5533.4,7470466.16,1
2023-06-25,2023-06-25 13:00:00,1335.05,1342.53,1335.05,1342.53,0.56,5533.4,7470466.16,1
2023-06-25,2023-06-25 14:00:00,1342.53,1350.0,1342.53,1350.0,0.56,5533.4,7470466.16,1
2023-06-25,2023-06-25 15:00:00,1350.0,1375.0,1316.0,1350.0,0.0,5533.4,7470466.16,0
2023-06-26,2023-06-26 11:00:00,1350.0,1358.5,1328.0,1339.0,-0.81,2041.4,2715282.3,-1
2023-06-26,2023-06-26 12:00:00,1339.0,1339.0,1328.0,1328.0,-0.82,2041.4,2715282.3,-1
2023-06-26,2023-06-26 13:00:00,1328.0,1328.0,1317.0,1317.0,-0.83,2041.4,2715282.3,-1
2023-06-26,2023-06-26 14:00:00,1317.0,1317.0,1306.0,1306.0,-0.84,2041.4,2715282.3,-1
2023-06-26,2023-06-26 15:00:00,1306.0,1367.0,1306.0,1306.0,0.0,2041.4,2715282.3,0
2023-06-27,2023-06-27 11:00:00,1300.0,1327.5,1300.0,1305.0,0.38,5038.8,6665031.72,1
2023-06-27,2023-06-27 12:00:00,1305.0,1310.0,1305.0,1310.0,0.38,5038.8,6665031.72,1
2023-06-27,2023-06-27 13:00:00,1310.0,1315.0,1310.0,1315.0,0.38,5038.8,6665031.72,1
2023-06-27,2023-06-27 14:00:00,1315.0,1320.0,1315.0,1320.0,0.38,5038.8,6665031.72,1
2023-06-27,2023-06-27 15:00:00,1320.0,1355.0,1300.0,1320.0,0.0,5038.8,6665031.72,0
2023-06-28,2023-06-28 11:00:00,1304.0,1309.5,1290.0,1297.25,-0.52,2486.2,3204307.74,-1
2023-06-28,2023-06-28 12:00:00,1297.25,1297.25,1290.5,1290.5,-0.52,2486.2,3204307.74,-1
2023-06-28,2023-06-28 13:00:00,1290.5,1290.5,1283.75,1283.75,-0.52,2486.2,3204307.74,-1
2023-06-28,2023-06-28 14:00:00,1283.75,1283.75,1277.0,1277.0,-0.53,2486.2,3204307.74,-1
2023-06-28,2023-06-28 15:00:00,1277.0,1315.0,1276.0,1277.0,0.0,2486.2,3204307.74,0
2023-07-02,2023-07-02 11:00:00,1277.0,1288.0,1263.0,1270.0,-0.55,1580.6,2001519.36,-1
2023-07-02,2023-07-02 12:00:00,1270.0,1270.0,1263.0,1263.0,-0.55,1580.6,2001519.36,-1
2023-07-02,2023-07-02 13:00:00,1263.0,1263.0,1256.0,1256.0,-0.55,1580.6,2001519.36,-1
2023-07-02,2023-07-02 14:00:00,1256.0,1256.0,1249.0,1249.0,-0.56,1580.6,2001519.36,-1
2023-07-02,2023-07-02 15:00:00,1249.0,1299.0,1249.0,1249.0,0.0,1580.6,2001519.36,0
2023-07-03,2023-07-03 11:00:00,1250.0,1272.5,1238.0,1261.25,0.9,1566.6,1972724.64,1
2023-07-03,2023-07-03 12:00:00,1261.25,1272.5,1261.25,1272.5,0.89,1566.6,1972724.64,1
2023-07-03,2023-07-03 13:00:00,1272.5,1283.75,1272.5,1283.75,0.88,1566.6,1972724.64,1
2023-07-03,2023-07-03 14:00:00,1283.75,1295.0,1283.75,1295.0,0.88,1566.6,1972724.64,1
2023-07-03,2023-07-03 15:00:00,1295.0,1295.0,1226.0,1295.0,0.0,1566.6,1972724.64,0
2023-07-04,2023-07-04 11:00:00,1300.0,1305.5,1280.0,1299.25,-0.06,1323.4,1693218.54,-1
2023-07-04,2023-07-04 12:00:00,1299.25,1299.25,1298.5,1298.5,-0.06,1323.4,1693218.54,-1
2023-07-04,2023-07-04 13:00:00,1298.5,1298.5,1297.75,1297.75,-0.06,1323.4,1693218.54,-1
2023-07-04,2023-07-04 14:00:00,1297.75,1297.75,1297.0,1297.0,-0.06,1323.4,1693218.54,-1
2023-07-04,2023-07-04 15:00:00,1297.0,1311.0,1260.0,1297.0,0.0,1323.4,1693218.54,0
2023-07-05,2023-07-05 11:00:00,1286.0,1286.5,1268.0,1284.5,-0.12,630.4,801697.46,-1
2023-07-05,2023-07-05 12:00:00,1284.5,1284.5,1283.0,1283.0,-0.12,630.4,801697.46,-1
2023-07-05,2023-07-05 13:00:00,1283.0,1283.0,1281.5,1281.5,-0.12,630.4,801697.46,-1
2023-07-05,2023-07-05 14:00:00,1281.5,1281.5,1280.0,1280.0,-0.12,630.4,801697.46,-1
2023-07-05,2023-07-05 15:00:00,1280.0,1287.0,1250.0,1280.0,0.0,630.4,801697.46,0
2023-07-06,2023-07-06 11:00:00,1289.0,1303.5,1264.5,1286.75,-0.17,894.0,1149920.32,-1
2023-07-06,2023-07-06 12:00:00,1286.75,1286.75,1284.5,1284.5,-0.17,894.0,1149920.32,-1
2023-07-06,2023-07-06 13:00:00,1284.5,1284.5,1282.25,1282.25,-0.18,894.0,1149920.32,-1
2023-07-06,2023-07-06 14:00:00,1282.25,1282.25,1280.0,1280.0,-0.18,894.0,1149920.32,-1
2023-07-06,2023-07-06 15:00:00,1280.0,1318.0,1240.0,1280.0,0.0,894.0,1149920.32,0
2023-07-09,2023-07-09 11:00:00,1280.0,1316.0,1270.0,1297.5,1.37,1891.4,2456326.96,1
2023-07-09,2023-07-09 12:00:00,1297.5,1315.0,1297.5,1315.0,1.35,1891.4,2456326.96,1
2023-07-09,2023-07-09 13:00:00,1315.0,1332.5,1315.0,1332.5,1.33,1891.4,2456326.96,1
2023-07-09,2023-07-09 14:00:00,1332.5,1350.0,1332.5,1350.0,1.31,1891.4,2456326.96,1
2023-07-09,2023-07-09 15:00:00,1350.0,1352.0,1260.0,1350.0,0.0,1891.4,2456326.96,0
2023-07-10,2023-07-10 11:00:00,1350.0,1362.5,1325.5,1346.5,-0.26,1361.0,1811168.14,-1
2023-07-10,2023-07-10 12:00:00,1346.5,1346.5,1343.0,1343.0,-0.26,1361.0,1811168.14,-1
2023-07-10,2023-07-10 13:00:00,1343.0,1343.0,1339.5,1339.5,-0.26,1361.0,1811168.14,-1
2023-07-10,2023-07-10 14:00:00,1339.5,1339.5,1336.0,1336.0,-0.26,1361.0,1811168.14,-1
2023-07-10,2023-07-10 15:00:00,1336.0,1375.0,1301.0,1336.0,0.0,1361.0,1811168.14,0
2023-07-11,2023-07-11 11:00:00,1312.0,1318.5,1301.6,1307.0,-0.38,846.8,1104518.76,-1
2023-07-11,2023-07-11 12:00:00,1307.0,1307.0,1302.0,1302.0,-0.38,846.8,1104518.76,-1
2023-07-11,2023-07-11 13:00:00,1302.0,1302.0,1297.0,1297.0,-0.38,846.8,1104518.76,-1
2023-07-11,2023-07-11 14:00:00,1297.0,1297.0,1292.0,1292.0,-0.39,846.8,1104518.76,-1
2023-07-11,2023-07-11 15:00:00,1292.0,1325.0,1291.2,1292.0,0.0,846.8,1104518.76,0
2023-07-12,2023-07-12 11:00:00,1310.0,1310.0,1297.1,1304.5,-0.42,303.6,391691.6,-1
2023-07-12,2023-07-12 12:00:00,1304.5,1304.5,1299.0,1299.0,-0.42,303.6,391691.6,-1
2023-07-12,2023-07-12 13:00:00,1299.0,1299.0,1293.5,1293.5,-0.42,303.6,391691.6,-1
2023-07-12,2023-07-12 14:00:00,1293.5,1293.5,1288.0,1288.0,-0.43,303.6,391691.6,-1
2023-07-12,2023-07-12 15:00:00,1288.0,1310.0,1284.2,1288.0,0.0,303.6,391691.6,0
2023-07-13,2023-07-13 11:00:00,1312.0,1312.5,1286.0,1306.5,-0.42,554.6,710202.6,-1
2023-07-13,2023-07-13 12:00:00,1306.5,1306.5,1301.0,1301.0,-0.42,554.6,710202.6,-1
2023-07-13,2023-07-13 13:00:00,1301.0,1301.0,1295.5,1295.5,-0.42,554.6,710202.6,-1
2023-07-13,2023-07-13 14:00:00,1295.5,1295.5,1290.0,1290.0,-0.42,554.6,710202.6,-1
2023-07-13,2023-07-13 15:00:00,1290.0,1313.0,1260.0,1290.0,0.0,554.6,710202.6,0
2023-07-16,2023-07-16 11:00:00,1300.0,1300.0,1280.55,1295.0,-0.38,289.0,369717.8,-1
2023-07-16,2023-07-16 12:00:00,1295.0,1295.0,1290.0,1290.0,-0.39,289.0,369717.8,-1
2023-07-16,2023-07-16 13:00:00,1290.0,1290.0,1285.0,1285.0,-0.39,289.0,369717.8,-1
2023-07-16,2023-07-16 14:00:00,1285.0,1285.0,1280.0,1280.0,-0.39,289.0,369717.8,-1
2023-07-16,2023-07-16 15:00:00,1280.0,1300.0,1261.1,1280.0,0.0,289.0,369717.8,0
2023-07-17,2023-07-17 11:00:00,1256.0,1291.5,1255.2,1273.5,1.39,1801.8,2362485.48,1
2023-07-17,2023-07-17 12:00:00,1273.5,1291.0,1273.5,1291.0,1.37,1801.8,2362485.48,1
2023-07-17,2023-07-17 13:00:00,1291.0,1308.5,1291.0,1308.5,1.36,1801.8,2362485.48,1
2023-07-17,2023-07-17 14:00:00,1308.5,1326.0,1308.5,1326.0,1.34,1801.8,2362485.48,1
2023-07-17,2023-07-17 15:00:00,1326.0,1327.0,1254.4,1326.0,0.0,1801.8,2362485.48,0
2023-07-18,2023-07-18 11:00:00,1331.9,1331.9,1315.95,1324.93,-0.52,451.2,590387.1,-1
2023-07-18,2023-07-18 12:00:00,1324.93,1324.93,1317.95,1317.95,-0.53,451.2,590387.1,-1
2023-07-18,2023-07-18 13:00:00,1317.95,1317.95,1310.97,1310.97,-0.53,451.2,590387.1,-1
2023-07-18,2023-07-18 14:00:00,1310.97,1310.97,1304.0,1304.0,-0.53,451.2,590387.1,-1
2023-07-18,2023-07-18 15:00:00,1304.0,1331.9,1300.0,1304.0,0.0,451.2,590387.1,0
2023-07-19,2023-07-19 11:00:00,1304.0,1316.0,1302.0,1303.25,-0.06,927.0,1215897.5,-1
2023-07-19,2023-07-19 12:00:00,1303.25,1303.25,1302.5,1302.5,-0.06,927.0,1215897.5,-1
2023-07-19,2023-07-19 13:00:00,1302.5,1302.5,1301.75,1301.75,-0.06,927.0,1215897.5,-1
2023-07-19,2023-07-19 14:00:00,1301.75,1301.75,1301.0,1301.0,-0.06,927.0,1215897.5,-1
2023-07-19,2023-07-19 15:00:00,1301.0,1328.0,1300.0,1301.0,0.0,927.0,1215897.5,0
2023-07-20,2023-07-20 11:00:00,1327.0,1340.0,1305.1,1322.5,-0.34,525.4,686535.2,-1
2023-07-20,2023-07-20 12:00:00,1322.5,1322.5,1318.0,1318.0,-0.34,525.4,686535.2,-1
2023-07-20,2023-07-20 13:00:00,1318.0,1318.0,1313.5,1313.5,-0.34,525.4,686535.2,-1
2023-07-20,2023-07-20 14:00:00,1313.5,1313.5,1309.0,1309.0,-0.34,525.4,686535.2,-1
2023-07-20,2023-07-20 15:00:00,1309.0,1353.0,1283.2,1309.0,0.0,525.4,686535.2,0
2023-07-23,2023-07-23 11:00:00,1335.0,1387.45,1335.0,1361.22,1.96,12756.4,17937825.02,1
2023-07-23,2023-07-23 12:00:00,1361.22,1387.45,1361.22,1387.45,1.93,12756.4,17937825.02,1
2023-07-23,2023-07-23 13:00:00,1387.45,1413.68,1387.45,1413.68,1.89,12756.4,17937825.02,1
2023-07-23,2023-07-23 14:00:00,1413.68,1439.9,1413.68,1439.9,1.85,12756.4,17937825.02,1
2023-07-23,2023-07-23 15:00:00,1439.9,1439.9,1335.0,1439.9,0.0,12756.4,17937825.02,0
2023-07-24,2023-07-24 11:00:00,1468.0,1494.0,1428.0,1468.5,0.03,5471.4,8108307.9,1
2023-07-24,2023-07-24 12:00:00,1468.5,1469.0,1468.5,1469.0,0.03,5471.4,8108307.9,1
2023-07-24,2023-07-24 13:00:00,1469.0,1469.5,1469.0,1469.5,0.03,5471.4,8108307.9,1
2023-07-24,2023-07-24 14:00:00,1469.5,1470.0,1469.5,1470.0,0.03,5471.4,8108307.9,1
2023-07-24,2023-07-24 15:00:00,1470.0,1520.0,1388.0,1470.0,0.0,5471.4,8108307.9,0
2023-07-25,2023-07-25 11:00:00,1499.0,1499.0,1454.5,1483.75,-1.02,2945.8,4225651.12,-1
2023-07-25,2023-07-25 12:00:00,1483.75,1483.75,1468.5,1468.5,-1.03,2945.8,4225651.12,-1
2023-07-25,2023-07-25 13:00:00,1468.5,1468.5,1453.25,1453.25,-1.04,2945.8,4225651.12,-1
2023-07-25,2023-07-25 14:00:00,1453.25,1453.25,1438.0,1438.0,-1.05,2945.8,4225651.12,-1
2023-07-25,2023-07-25 15:00:00,1438.0,1499.0,1410.0,1438.0,0.0,2945.8,4225651.12,0
2023-07-26,2023-07-26 11:00:00,1420.0,1429.5,1391.1,1416.25,-0.26,4798.4,6737457.58,-1
2023-07-26,2023-07-26 12:00:00,1416.25,1416.25,1412.5,1412.5,-0.26,4798.4,6737457.58,-1
2023-07-26,2023-07-26 13:00:00,1412.5,1412.5,1408.75,1408.75,-0.27,4798.4,6737457.58,-1
2023-07-26,2023-07-26 14:00:00,1408.75,1408.75,1405.0,1405.0,-0.27,4798.4,6737457.58,-1
2023-07-26,2023-07-26 15:00:00,1405.0,1439.0,1362.2,1405.0,0.0,4798.4,6737457.58,0
2023-07-27,2023-07-27 11:00:00,1419.0,1419.0,1384.5,1407.5,-0.81,1566.6,2146922.58,-1
2023-07-27,2023-07-27 12:00:00,1407.5,1407.5,1396.0,1396.0,-0.82,1566.6,2146922.58,-1
2023-07-27,2023-07-27 13:00:00,1396.0,1396.0,1384.5,1384.5,-0.82,1566.6,2146922.58,-1
2023-07-27,2023-07-27 14:00:00,1384.5,1384.5,1373.0,1373.0,-0.83,1566.6,2146922.58,-1
2023-07-27,2023-07-27 15:00:00,1373.0,1419.0,1350.0,1373.0,0.0,1566.6,2146922.58,0
2023-07-30,2023-07-30 11:00:00,1389.9,1389.9,1357.5,1374.18,-1.13,1942.4,2614105.84,-1
2023-07-30,2023-07-30 12:00:00,1374.18,1374.18,1358.45,1358.45,-1.14,1942.4,2614105.84,-1
2023-07-30,2023-07-30 13:00:00,1358.45,1358.45,1342.72,1342.72,-1.16,1942.4,2614105.84,-1
2023-07-30,2023-07-30 14:00:00,1342.72,1342.72,1327.0,1327.0,-1.17,1942.4,2614105.84,-1
2023-07-30,2023-07-30 15:00:00,1327.0,1389.9,1325.1,1327.0,0.0,1942.4,2614105.84,0
2023-07-31,2023-07-31 11:00:00,1320.0,1345.5,1320.0,1325.0,0.38,1810.8,2446014.2,1
2023-07-31,2023-07-31 12:00:00,1325.0,1330.0,1325.0,1330.0,0.38,1810.8,2446014.2,1
2023-07-31,2023-07-31 13:00:00,1330.0,1335.0,1330.0,1335.0,0.38,1810.8,2446014.2,1
2023-07-31,2023-07-31 14:00:00,1335.0,1340.0,1335.0,1340.0,0.37,1810.8,2446014.2,1
2023-07-31,2023-07-31 15:00:00,1340.0,1371.0,1320.0,1340.0,0.0,1810.8,2446014.2,0
2023-08-01,2023-08-01 11:00:00,1340.0,1363.0,1332.6,1341.25,0.09,1504.4,2041078.62,1
2023-08-01,2023-08-01 12:00:00,1341.25,1342.5,1341.25,1342.5,0.09,1504.4,2041078.62,1
2023-08-01,2023-08-01 13:00:00,1342.5,1343.75,1342.5,1343.75,0.09,1504.4,2041078.62,1
2023-08-01,2023-08-01 14:00:00,1343.75,1345.0,1343.75,1345.0,0.09,1504.4,2041078.62,1
2023-08-01,2023-08-01 15:00:00,1345.0,1386.0,1325.2,1345.0,0.0,1504.4,2041078.62,0
2023-08-02,2023-08-02 11:00:00,1328.0,1344.0,1325.5,1334.75,0.51,939.4,1264655.52,1
2023-08-02,2023-08-02 12:00:00,1334.75,1341.5,1334.75,1341.5,0.51,939.4,1264655.52,1
2023-08-02,2023-08-02 13:00:00,1341.5,1348.25,1341.5,1348.25,0.5,939.4,1264655.52,1
2023-08-02,2023-08-02 14:00:00,1348.25,1355.0,1348.25,1355.0,0.5,939.4,1264655.52,1
2023-08-02,2023-08-02 15:00:00,1355.0,1360.0,1323.0,1355.0,0.0,939.4,1264655.52,0
2023-08-03,2023-08-03 11:00:00,1355.0,1357.5,1333.5,1352.5,-0.18,1998.6,2660707.52,-1
2023-08-03,2023-08-03 12:00:00,1352.5,1352.5,1350.0,1350.0,-0.18,1998.6,2660707.52,-1
2023-08-03,2023-08-03 13:00:00,1350.0,1350.0,1347.5,1347.5,-0.19,1998.6,2660707.52,-1
2023-08-03,2023-08-03 14:00:00,1347.5,1347.5,1345.0,1345.0,-0.19,1998.6,2660707.52,-1
2023-08-03,2023-08-03 15:00:00,1345.0,1360.0,1312.0,1345.0,0.0,1998.6,2660707.52,0
2023-08-06,2023-08-06 11:00:00,1345.0,1350.0,1297.5,1327.5,-1.3,3016.4,3901583.12,-1
2023-08-06,2023-08-06 12:00:00,1327.5,1327.5,1310.0,1310.0,-1.32,3016.4,3901583.12,-1
2023-08-06,2023-08-06 13:00:00,1310.0,1310.0,1292.5,1292.5,-1.34,3016.4,3901583.12,-1
2023-08-06,2023-08-06 14:00:00,1292.5,1292.5,1275.0,1275.0,-1.35,3016.4,3901583.12,-1
2023-08-06,2023-08-06 15:00:00,1275.0,1355.0,1250.0,1275.0,0.0,3016.4,3901583.12,0
2023-08-07,2023-08-07 11:00:00,1298.0,1304.0,1285.5,1297.25,-0.06,656.6,845556.3,-1
2023-08-07,2023-08-07 12:00:00,1297.25,1297.25,1296.5,1296.5,-0.06,656.6,845556.3,-1
2023-08-07,2023-08-07 13:00:00,1296.5,1296.5,1295.75,1295.75,-0.06,656.6,845556.3,-1
2023-08-07,2023-08-07 14:00:00,1295.75,1295.75,1295.0,1295.0,-0.06,656.6,845556.3,-1
2023-08-07,2023-08-07 15:00:00,1295.0,1310.0,1273.0,1295.0,0.0,656.6,845556.3,0
2023-08-08,2023-08-08 11:00:00,1285.0,1295.0,1261.45,1281.25,-0.29,1273.6,1607808.2,-1
2023-08-08,2023-08-08 12:00:00,1281.25,1281.25,1277.5,1277.5,-0.29,1273.6,1607808.2,-1
2023-08-08,2023-08-08 13:00:00,1277.5,1277.5,1273.75,1273.75,-0.29,1273.6,1607808.2,-1
2023-08-08,2023-08-08 14:00:00,1273.75,1273.75,1270.0,1270.0,-0.29,1273.6,1607808.2,-1
2023-08-08,2023-08-08 15:00:00,1270.0,1305.0,1237.9,1270.0,0.0,1273.6,1607808.2,0
2023-08-09,2023-08-09 11:00:00,1246.0,1280.5,1246.0,1263.25,1.38,1137.6,1469431.04,1
2023-08-09,2023-08-09 12:00:00,1263.25,1280.5,1263.25,1280.5,1.37,1137.6,1469431.04,1
2023-08-09,2023-08-09 13:00:00,1280.5,1297.75,1280.5,1297.75,1.35,1137.6,1469431.04,1
2023-08-09,2023-08-09 14:00:00,1297.75,1315.0,1297.75,1315.0,1.33,1137.6,1469431.04,1
2023-08-09,2023-08-09 15:00:00,1315.0,1315.0,1246.0,1315.0,0.0,1137.6,1469431.04,0
2023-08-10,2023-08-10 11:00:00,1314.0,1327.0,1303.05,1309.28,-0.36,1306.2,1718240.84,-1
2023-08-10,2023-08-10 12:00:00,1309.28,1309.28,1304.55,1304.55,-0.36,1306.2,1718240.84,-1
2023-08-10,2023-08-10 13:00:00,1304.55,1304.55,1299.82,1299.82,-0.36,1306.2,1718240.84,-1
2023-08-10,2023-08-10 14:00:00,1299.82,1299.82,1295.1,1295.1,-0.36,1306.2,1718240.84,-1
2023-08-10,2023-08-10 15:00:00,1295.1,1340.0,1292.1,1295.1,0.0,1306.2,1718240.84,0
2023-08-13,2023-08-13 11:00:00,1290.0,1302.5,1285.5,1293.25,0.25,1548.0,2019425.5,1
2023-08-13,2023-08-13 12:00:00,1293.25,1296.5,1293.25,1296.5,0.25,1548.0,2019425.5,1
2023-08-13,2023-08-13 13:00:00,1296.5,1299.75,1296.5,1299.75,0.25,1548.0,2019425.5,1
2023-08-13,2023-08-13 14:00:00,1299.75,1303.0,1299.75,1303.0,0.25,1548.0,2019425.5,1
2023-08-13,2023-08-13 15:00:00,1303.0,1315.0,1281.0,1303.0,0.0,1548.0,2019425.5,0
2023-08-14,2023-08-14 11:00:00,1303.0,1315.5,1296.5,1302.22,-0.06,707.0,915388.54,-1
2023-08-14,2023-08-14 12:00:00,1302.22,1302.22,1301.45,1301.45,-0.06,707.0,915388.54,-1
2023-08-14,2023-08-14 13:00:00,1301.45,1301.45,1300.68,1300.68,-0.06,707.0,915388.54,-1
2023-08-14,2023-08-14 14:00:00,1300.68,1300.68,1299.9,1299.9,-0.06,707.0,915388.54,-1
2023-08-14,2023-08-14 15:00:00,1299.9,1328.0,1290.0,1299.9,0.0,707.0,915388.54,0
2023-08-15,2023-08-15 11:00:00,1320.0,1335.5,1307.5,1315.53,-0.34,1944.4,2557063.3,-1
2023-08-15,2023-08-15 12:00:00,1315.53,1315.53,1311.05,1311.05,-0.34,1944.4,2557063.3,-1
2023-08-15,2023-08-15 13:00:00,1311.05,1311.05,1306.57,1306.57,-0.34,1944.4,2557063.3,-1
2023-08-15,2023-08-15 14:00:00,1306.57,1306.57,1302.1,1302.1,-0.34,1944.4,2557063.3,-1
2023-08-15,2023-08-15 15:00:00,1302.1,1351.0,1295.0,1302.1,0.0,1944.4,2557063.3,0
2023-08-16,2023-08-16 11:00:00,1303.0,1312.65,1290.0,1304.0,0.08,1854.2,2415922.16,1
2023-08-16,2023-08-16 12:00:00,1304.0,1305.0,1304.0,1305.0,0.08,1854.2,2415922.16,1
2023-08-16,2023-08-16 13:00:00,1305.0,1306.0,1305.0,1306.0,0.08,1854.2,2415922.16,1
2023-08-16,2023-08-16 14:00:00,1306.0,1307.0,1306.0,1307.0,0.08,1854.2,2415922.16,1
2023-08-16,2023-08-16 15:00:00,1307.0,1322.3,1277.0,1307.0,0.0,1854.2,2415922.16,0
2023-08-17,2023-08-17 11:00:00,1308.0,1313.65,1299.0,1308.5,0.04,412.8,538589.5,1
2023-08-17,2023-08-17 12:00:00,1308.5,1309.0,1308.5,1309.0,0.04,412.8,538589.5,1
2023-08-17,2023-08-17 13:00:00,1309.0,1309.5,1309.0,1309.5,0.04,412.8,538589.5,1
2023-08-17,2023-08-17 14:00:00,1309.5,1310.0,1309.5,1310.0,0.04,412.8,538589.5,1
2023-08-17,2023-08-17 15:00:00,1310.0,1319.3,1290.0,1310.0,0.0,412.8,538589.5,0
2023-08-20,2023-08-20 11:00:00,1290.0,1304.5,1280.0,1287.5,-0.19,1164.8,1498709.4,-1
2023-08-20,2023-08-20 12:00:00,1287.5,1287.5,1285.0,1285.0,-0.19,1164.8,1498709.4,-1
2023-08-20,2023-08-20 13:00:00,1285.0,1285.0,1282.5,1282.5,-0.19,1164.8,1498709.4,-1
2023-08-20,2023-08-20 14:00:00,1282.5,1282.5,1280.0,1280.0,-0.19,1164.8,1498709.4,-1
2023-08-20,2023-08-20 15:00:00,1280.0,1319.0,1270.0,1280.0,0.0,1164.8,1498709.4,0
2023-08-21,2023-08-21 11:00:00,1264.0,1278.0,1264.0,1264.6,0.05,322.8,410478.4,1
2023-08-21,2023-08-21 12:00:00,1264.6,1265.2,1264.6,1265.2,0.05,322.8,410478.4,1
2023-08-21,2023-08-21 13:00:00,1265.2,1265.8,1265.2,1265.8,0.05,322.8,410478.4,1
2023-08-21,2023-08-21 14:00:00,1265.8,1266.4,1265.8,1266.4,0.05,322.8,410478.4,1
2023-08-21,2023-08-21 15:00:00,1266.4,1292.0,1264.0,1266.4,0.0,322.8,410478.4,0
2023-08-22,2023-08-22 11:00:00,1290.0,1290.0,1278.5,1288.75,-0.1,918.0,1176644.4,-1
2023-08-22,2023-08-22 12:00:00,1288.75,1288.75,1287.5,1287.5,-0.1,918.0,1176644.4,-1
2023-08-22,2023-08-22 13:00:00,1287.5,1287.5,1286.25,1286.25,-0.1,918.0,1176644.4,-1
2023-08-22,2023-08-22 14:00:00,1286.25,1286.25,1285.0,1285.0,-0.1,918.0,1176644.4,-1
2023-08-22,2023-08-22 15:00:00,1285.0,1290.0,1267.0,1285.0,0.0,918.0,1176644.4,0
2023-08-23,2023-08-23 11:00:00,1289.0,1294.0,1281.5,1290.5,0.12,903.6,1168030.76,1
2023-08-23,2023-08-23 12:00:00,1290.5,1292.0,1290.5,1292.0,0.12,903.6,1168030.76,1
2023-08-23,2023-08-23 13:00:00,1292.0,1293.5,1292.0,1293.5,0.12,903.6,1168030.76,1
2023-08-23,2023-08-23 14:00:00,1293.5,1295.0,1293.5,1295.0,0.12,903.6,1168030.76,1
2023-08-23,2023-08-23 15:00:00,1295.0,1299.0,1274.0,1295.0,0.0,903.6,1168030.76,0
2023-08-24,2023-08-24 11:00:00,1295.0,1297.5,1281.5,1288.25,-0.52,533.4,684362.8,-1
2023-08-24,2023-08-24 12:00:00,1288.25,1288.25,1281.5,1281.5,-0.52,533.4,684362.8,-1
2023-08-24,2023-08-24 13:00:00,1281.5,1281.5,1274.75,1274.75,-0.53,533.4,684362.8,-1
2023-08-24,2023-08-24 14:00:00,1274.75,1274.75,1268.0,1268.0,-0.53,533.4,684362.8,-1
2023-08-24,2023-08-24 15:00:00,1268.0,1300.0,1268.0,1268.0,0.0,533.4,684362.8,0
2023-08-27,2023-08-27 11:00:00,1255.0,1264.95,1253.5,1258.62,0.29,947.8,1202738.34,1
2023-08-27,2023-08-27 12:00:00,1258.62,1262.25,1258.62,1262.25,0.29,947.8,1202738.34,1
2023-08-27,2023-08-27 13:00:00,1262.25,1265.88,1262.25,1265.88,0.29,947.8,1202738.34,1
2023-08-27,2023-08-27 14:00:00,1265.88,1269.5,1265.88,1269.5,0.29,947.8,1202738.34,1
2023-08-27,2023-08-27 15:00:00,1269.5,1274.9,1252.0,1269.5,0.0,947.8,1202738.34,0
2023-08-28,2023-08-28 11:00:00,1246.0,1265.0,1246.0,1248.25,0.18,334.4,422068.72,1
2023-08-28,2023-08-28 12:00:00,1248.25,1250.5,1248.25,1250.5,0.18,334.4,422068.72,1
2023-08-28,2023-08-28 13:00:00,1250.5,1252.75,1250.5,1252.75,0.18,334.4,422068.72,1
2023-08-28,2023-08-28 14:00:00,1252.75,1255.0,1252.75,1255.0,0.18,334.4,422068.72,1
2023-08-28,2023-08-28 15:00:00,1255.0,1284.0,1246.0,1255.0,0.0,334.4,422068.72,0
2023-08-29,2023-08-29 11:00:00,1251.3,1258.15,1248.65,1251.97,0.05,839.2,1053613.2,1
2023-08-29,2023-08-29 12:00:00,1251.97,1252.65,1251.97,1252.65,0.05,839.2,1053613.2,1
2023-08-29,2023-08-29 13:00:00,1252.65,1253.33,1252.65,1253.33,0.05,839.2,1053613.2,1
2023-08-29,2023-08-29 14:00:00,1253.33,1254.0,1253.33,1254.0,0.05,839.2,1053613.2,1
2023-08-29,2023-08-29 15:00:00,1254.0,1265.0,1246.0,1254.0,0.0,839.2,1053613.2,0
2023-08-30,2023-08-30 11:00:00,1255.0,1262.5,1248.0,1254.5,-0.04,896.6,1125057.58,-1
2023-08-30,2023-08-30 12:00:00,1254.5,1254.5,1254.0,1254.0,-0.04,896.6,1125057.58,-1
2023-08-30,2023-08-30 13:00:00,1254.0,1254.0,1253.5,1253.5,-0.04,896.6,1125057.58,-1
2023-08-30,2023-08-30 14:00:00,1253.5,1253.5,1253.0,1253.0,-0.04,896.6,1125057.58,-1
2023-08-30,2023-08-30 15:00:00,1253.0,1270.0,1241.0,1253.0,0.0,896.6,1125057.58,0
2023-09-03,2023-09-03 11:00:00,1240.0,1240.5,1230.0,1238.75,-0.1,473.8,583402.5,-1
2023-09-03,2023-09-03 12:00:00,1238.75,1238.75,1237.5,1237.5,-0.1,473.8,583402.5,-1
2023-09-03,2023-09-03 13:00:00,1237.5,1237.5,1236.25,1236.25,-0.1,473.8,583402.5,-1
2023-09-03,2023-09-03 14:00:00,1236.25,1236.25,1235.0,1235.0,-0.1,473.8,583402.5,-1
2023-09-03,2023-09-03 15:00:00,1235.0,1241.0,1220.0,1235.0,0.0,473.8,583402.5,0
2023-09-04,2023-09-04 11:00:00,1259.0,1259.35,1239.8,1252.0,-0.56,1475.2,1825020.84,-1
2023-09-04,2023-09-04 12:00:00,1252.0,1252.0,1245.0,1245.0,-0.56,1475.2,1825020.84,-1
2023-09-04,2023-09-04 13:00:00,1245.0,1245.0,1238.0,1238.0,-0.56,1475.2,1825020.84,-1
2023-09-04,2023-09-04 14:00:00,1238.0,1238.0,1231.0,1231.0,-0.57,1475.2,1825020.84,-1
2023-09-04,2023-09-04 15:00:00,1231.0,1259.7,1220.6,1231.0,0.0,1475.2,1825020.84,0
2023-09-05,2023-09-05 11:00:00,1223.0,1223.5,1219.55,1223.25,0.02,521.2,636039.46,1
2023-09-05,2023-09-05 12:00:00,1223.25,1223.5,1223.25,1223.5,0.02,521.2,636039.46,1
2023-09-05,2023-09-05 13:00:00,1223.5,1223.75,1223.5,1223.75,0.02,521.2,636039.46,1
2023-09-05,2023-09-05 14:00:00,1223.75,1224.0,1223.75,1224.0,0.02,521.2,636039.46,1
2023-09-05,2023-09-05 15:00:00,1224.0,1224.0,1216.1,1224.0,0.0,521.2,636039.46,0
2023-09-07,2023-09-07 11:00:00,1205.0,1210.55,1202.5,1204.0,-0.08,824.0,994862.46,-1
2023-09-07,2023-09-07 12:00:00,1204.0,1204.0,1203.0,1203.0,-0.08,824.0,994862.46,-1
2023-09-07,2023-09-07 13:00:00,1203.0,1203.0,1202.0,1202.0,-0.08,824.0,994862.46,-1
2023-09-07,2023-09-07 14:00:00,1202.0,1202.0,1201.0,1201.0,-0.08,824.0,994862.46,-1
2023-09-07,2023-09-07 15:00:00,1201.0,1216.1,1200.0,1201.0,0.0,824.0,994862.46,0
2023-09-10,2023-09-10 11:00:00,1205.0,1215.0,1204.5,1209.97,0.41,209.2,254449.6,1
2023-09-10,2023-09-10 12:00:00,1209.97,1214.95,1209.97,1214.95,0.41,209.2,254449.6,1
2023-09-10,2023-09-10 13:00:00,1214.95,1219.93,1214.95,1219.93,0.41,209.2,254449.6,1
2023-09-10,2023-09-10 14:00:00,1219.93,1224.9,1219.93,1224.9,0.41,209.2,254449.6,1
2023-09-10,2023-09-10 15:00:00,1224.9,1225.0,1204.0,1224.9,0.0,209.2,254449.6,0
2023-09-11,2023-09-11 11:00:00,1206.2,1240.6,1206.2,1223.4,1.43,418.4,522469.18,1
2023-09-11,2023-09-11 12:00:00,1223.4,1240.6,1223.4,1240.6,1.41,418.4,522469.18,1
2023-09-11,2023-09-11 13:00:00,1240.6,1257.8,1240.6,1257.8,1.39,418.4,522469.18,1
2023-09-11,2023-09-11 14:00:00,1257.8,1275.0,1257.8,1275.0,1.37,418.4,522469.18,1
2023-09-11,2023-09-11 15:00:00,1275.0,1275.0,1206.2,1275.0,0.0,418.4,522469.18,0
2023-09-12,2023-09-12 11:00:00,1250.0,1250.5,1237.5,1247.5,-0.2,362.4,446425.2,-1
2023-09-12,2023-09-12 12:00:00,1247.5,1247.5,1245.0,1245.0,-0.2,362.4,446425.2,-1
2023-09-12,2023-09-12 13:00:00,1245.0,1245.0,1242.5,1242.5,-0.2,362.4,446425.2,-1
2023-09-12,2023-09-12 14:00:00,1242.5,1242.5,1240.0,1240.0,-0.2,362.4,446425.2,-1
2023-09-12,2023-09-12 15:00:00,1240.0,1251.0,1225.0,1240.0,0.0,362.4,446425.2,0
2023-09-13,2023-09-13 11:00:00,1216.5,1238.25,1216.5,1227.38,0.89,731.6,912110.34,1
2023-09-13,2023-09-13 12:00:00,1227.38,1238.25,1227.38,1238.25,0.89,731.6,912110.34,1
2023-09-13,2023-09-13 13:00:00,1238.25,1249.12,1238.25,1249.12,0.88,731.6,912110.34,1
2023-09-13,2023-09-13 14:00:00,1249.12,1260.0,1249.12,1260.0,0.87,731.6,912110.34,1
2023-09-13,2023-09-13 15:00:00,1260.0,1260.0,1216.5,1260.0,0.0,731.6,912110.34,0
2023-09-17,2023-09-17 11:00:00,1250.0,1267.5,1235.5,1243.25,-0.54,536.2,660334.8,-1
2023-09-17,2023-09-17 12:00:00,1243.25,1243.25,1236.5,1236.5,-0.54,536.2,660334.8,-1
2023-09-17,2023-09-17 13:00:00,1236.5,1236.5,1229.75,1229.75,-0.55,536.2,660334.8,-1
2023-09-17,2023-09-17 14:00:00,1229.75,1229.75,1223.0,1223.0,-0.55,536.2,660334.8,-1
2023-09-17,2023-09-17 15:00:00,1223.0,1285.0,1221.0,1223.0,0.0,536.2,660334.8,0
2023-09-18,2023-09-18 11:00:00,1223.0,1230.0,1219.0,1221.75,-0.1,1153.4,1404703.2,-1
2023-09-18,2023-09-18 12:00:00,1221.75,1221.75,1220.5,1220.5,-0.1,1153.4,1404703.2,-1
2023-09-18,2023-09-18 13:00:00,1220.5,1220.5,1219.25,1219.25,-0.1,1153.4,1404703.2,-1
2023-09-18,2023-09-18 14:00:00,1219.25,1219.25,1218.0,1218.0,-0.1,1153.4,1404703.2,-1
2023-09-18,2023-09-18 15:00:00,1218.0,1237.0,1215.0,1218.0,0.0,1153.4,1404703.2,0
2023-09-19,2023-09-19 11:00:00,1242.0,1242.0,1228.65,1241.0,-0.08,267.8,327838.0,-1
2023-09-19,2023-09-19 12:00:00,1241.0,1241.0,1240.0,1240.0,-0.08,267.8,327838.0,-1
2023-09-19,2023-09-19 13:00:00,1240.0,1240.0,1239.0,1239.0,-0.08,267.8,327838.0,-1
2023-09-19,2023-09-19 14:00:00,1239.0,1239.0,1238.0,1238.0,-0.08,267.8,327838.0,-1
2023-09-19,2023-09-19 15:00:00,1238.0,1242.0,1215.3,1238.0,0.0,267.8,327838.0,0
2023-09-21,2023-09-21 11:00:00,1260.0,1263.95,1249.0,1258.75,-0.1,928.4,1161089.5,-1
2023-09-21,2023-09-21 12:00:00,1258.75,1258.75,1257.5,1257.5,-0.1,928.4,1161089.5,-1
2023-09-21,2023-09-21 13:00:00,1257.5,1257.5,1256.25,1256.25,-0.1,928.4,1161089.5,-1
2023-09-21,2023-09-21 14:00:00,1256.25,1256.25,1255.0,1255.0,-0.1,928.4,1161089.5,-1
2023-09-21,2023-09-21 15:00:00,1255.0,1267.9,1238.0,1255.0,0.0,928.4,1161089.5,0
2023-09-24,2023-09-24 11:00:00,1250.0,1250.0,1237.5,1248.0,-0.16,510.4,630917.8,-1
2023-09-24,2023-09-24 12:00:00,1248.0,1248.0,1246.0,1246.0,-0.16,510.4,630917.8,-1
2023-09-24,2023-09-24 13:00:00,1246.0,1246.0,1244.0,1244.0,-0.16,510.4,630917.8,-1
2023-09-24,2023-09-24 14:00:00,1244.0,1244.0,1242.0,1242.0,-0.16,510.4,630917.8,-1
2023-09-24,2023-09-24 15:00:00,1242.0,1250.0,1225.0,1242.0,0.0,510.4,630917.8,0
2023-09-25,2023-09-25 11:00:00,1240.0,1244.0,1224.0,1235.0,-0.4,904.0,1101043.4,-1
2023-09-25,2023-09-25 12:00:00,1235.0,1235.0,1230.0,1230.0,-0.4,904.0,1101043.4,-1
2023-09-25,2023-09-25 13:00:00,1230.0,1230.0,1225.0,1225.0,-0.41,904.0,1101043.4,-1
2023-09-25,2023-09-25 14:00:00,1225.0,1225.0,1220.0,1220.0,-0.41,904.0,1101043.4,-1
2023-09-25,2023-09-25 15:00:00,1220.0,1248.0,1208.0,1220.0,0.0,904.0,1101043.4,0
2023-09-26,2023-09-26 11:00:00,1244.4,1244.4,1222.7,1233.55,-0.87,1531.2,1857811.56,-1
2023-09-26,2023-09-26 12:00:00,1233.55,1233.55,1222.7,1222.7,-0.88,1531.2,1857811.56,-1
2023-09-26,2023-09-26 13:00:00,1222.7,1222.7,1211.85,1211.85,-0.89,1531.2,1857811.56,-1
2023-09-26,2023-09-26 14:00:00,1211.85,1211.85,1201.0,1201.0,-0.9,1531.2,1857811.56,-1
2023-09-26,2023-09-26 15:00:00,1201.0,1244.4,1201.0,1201.0,0.0,1531.2,1857811.56,0
2023-09-27,2023-09-27 11:00:00,1208.0,1212.5,1200.5,1206.5,-0.12,644.2,774335.9,-1
2023-09-27,2023-09-27 12:00:00,1206.5,1206.5,1205.0,1205.0,-0.12,644.2,774335.9,-1
2023-09-27,2023-09-27 13:00:00,1205.0,1205.0,1203.5,1203.5,-0.12,644.2,774335.9,-1
2023-09-27,2023-09-27 14:00:00,1203.5,1203.5,1202.0,1202.0,-0.12,644.2,774335.9,-1
2023-09-27,2023-09-27 15:00:00,1202.0,1217.0,1193.0,1202.0,0.0,644.2,774335.9,0
2023-10-01,2023-10-01 11:00:00,1195.0,1197.5,1184.0,1195.75,0.06,759.2,896069.88,1
2023-10-01,2023-10-01 12:00:00,1195.75,1196.5,1195.75,1196.5,0.06,759.2,896069.88,1
2023-10-01,2023-10-01 13:00:00,1196.5,1197.25,1196.5,1197.25,0.06,759.2,896069.88,1
2023-10-01,2023-10-01 14:00:00,1197.25,1198.0,1197.25,1198.0,0.06,759.2,896069.88,1
2023-10-01,2023-10-01 15:00:00,1198.0,1200.0,1173.0,1198.0,0.0,759.2,896069.88,0
2023-10-02,2023-10-02 11:00:00,1187.0,1196.0,1178.5,1190.0,0.25,749.8,885144.4,1
2023-10-02,2023-10-02 12:00:00,1190.0,1193.0,1190.0,1193.0,0.25,749.8,885144.4,1
2023-10-02,2023-10-02 13:00:00,1193.0,1196.0,1193.0,1196.0,0.25,749.8,885144.4,1
2023-10-02,2023-10-02 14:00:00,1196.0,1199.0,1196.0,1199.0,0.25,749.8,885144.4,1
2023-10-02,2023-10-02 15:00:00,1199.0,1205.0,1170.0,1199.0,0.0,749.8,885144.4,0
2023-10-03,2023-10-03 11:00:00,1190.0,1190.0,1177.85,1183.92,-0.51,344.8,406059.5,-1
2023-10-03,2023-10-03 12:00:00,1183.92,1183.92,1177.85,1177.85,-0.51,344.8,406059.5,-1
2023-10-03,2023-10-03 13:00:00,1177.85,1177.85,1171.78,1171.78,-0.52,344.8,406059.5,-1
2023-10-03,2023-10-03 14:00:00,1171.78,1171.78,1165.7,1165.7,-0.52,344.8,406059.5,-1
2023-10-03,2023-10-03 15:00:00,1165.7,1190.0,1165.7,1165.7,0.0,344.8,406059.5,0
2023-10-04,2023-10-04 11:00:00,1161.2,1170.6,1161.2,1164.65,0.3,352.2,411835.96,1
2023-10-04,2023-10-04 12:00:00,1164.65,1168.1,1164.65,1168.1,0.3,352.2,411835.96,1
2023-10-04,2023-10-04 13:00:00,1168.1,1171.55,1168.1,1171.55,0.3,352.2,411835.96,1
2023-10-04,2023-10-04 14:00:00,1171.55,1175.0,1171.55,1175.0,0.29,352.2,411835.96,1
2023-10-04,2023-10-04 15:00:00,1175.0,1180.0,1161.2,1175.0,0.0,352.2,411835.96,0
2023-10-05,2023-10-05 11:00:00,1190.0,1190.0,1171.5,1181.25,-0.74,335.8,388731.34,-1
2023-10-05,2023-10-05 12:00:00,1181.25,1181.25,1172.5,1172.5,-0.74,335.8,388731.34,-1
2023-10-05,2023-10-05 13:00:00,1172.5,1172.5,1163.75,1163.75,-0.75,335.8,388731.34,-1
2023-10-05,2023-10-05 14:00:00,1163.75,1163.75,1155.0,1155.0,-0.75,335.8,388731.34,-1
2023-10-05,2023-10-05 15:00:00,1155.0,1190.0,1153.0,1155.0,0.0,335.8,388731.34,0
2023-10-08,2023-10-08 11:00:00,1162.0,1162.0,1136.0,1153.0,-0.77,1035.8,1164037.68,-1
2023-10-08,2023-10-08 12:00:00,1153.0,1153.0,1144.0,1144.0,-0.78,1035.8,1164037.68,-1
2023-10-08,2023-10-08 13:00:00,1144.0,1144.0,1135.0,1135.0,-0.79,1035.8,1164037.68,-1
2023-10-08,2023-10-08 14:00:00,1135.0,1135.0,1126.0,1126.0,-0.79,1035.8,1164037.68,-1
2023-10-08,2023-10-08 15:00:00,1126.0,1162.0,1110.0,1126.0,0.0,1035.8,1164037.68,0
2023-10-09,2023-10-09 11:00:00,1110.0,1115.0,1103.1,1106.55,-0.31,452.0,499513.6,-1
2023-10-09,2023-10-09 12:00:00,1106.55,1106.55,1103.1,1103.1,-0.31,452.0,499513.6,-1
2023-10-09,2023-10-09 13:00:00,1103.1,1103.1,1099.65,1099.65,-0.31,452.0,499513.6,-1
2023-10-09,2023-10-09 14:00:00,1099.65,1099.65,1096.2,1096.2,-0.31,452.0,499513.6,-1
2023-10-09,2023-10-09 15:00:00,1096.2,1120.0,1096.2,1096.2,0.0,452.0,499513.6,0
2023-10-10,2023-10-10 11:00:00,1090.0,1095.0,1080.5,1087.5,-0.23,482.8,521117.6,-1
2023-10-10,2023-10-10 12:00:00,1087.5,1087.5,1085.0,1085.0,-0.23,482.8,521117.6,-1
2023-10-10,2023-10-10 13:00:00,1085.0,1085.0,1082.5,1082.5,-0.23,482.8,521117.6,-1
2023-10-10,2023-10-10 14:00:00,1082.5,1082.5,1080.0,1080.0,-0.23,482.8,521117.6,-1
2023-10-10,2023-10-10 15:00:00,1080.0,1100.0,1071.0,1080.0,0.0,482.8,521117.6,0
2023-10-11,2023-10-11 11:00:00,1088.0,1092.75,1084.5,1088.5,0.05,308.8,335700.6,1
2023-10-11,2023-10-11 12:00:00,1088.5,1089.0,1088.5,1089.0,0.05,308.8,335700.6,1
2023-10-11,2023-10-11 13:00:00,1089.0,1089.5,1089.0,1089.5,0.05,308.8,335700.6,1
2023-10-11,2023-10-11 14:00:00,1089.5,1090.0,1089.5,1090.0,0.05,308.8,335700.6,1
2023-10-11,2023-10-11 15:00:00,1090.0,1097.5,1081.0,1090.0,0.0,308.8,335700.6,0
2023-10-12,2023-10-12 11:00:00,1111.8,1111.8,1091.65,1101.72,-0.91,393.0,424242.7,-1
2023-10-12,2023-10-12 12:00:00,1101.72,1101.72,1091.65,1091.65,-0.91,393.0,424242.7,-1
2023-10-12,2023-10-12 13:00:00,1091.65,1091.65,1081.58,1081.58,-0.92,393.0,424242.7,-1
2023-10-12,2023-10-12 14:00:00,1081.58,1081.58,1071.5,1071.5,-0.93,393.0,424242.7,-1
2023-10-12,2023-10-12 15:00:00,1071.5,1111.8,1071.5,1071.5,0.0,393.0,424242.7,0
2023-10-16,2023-10-16 11:00:00,1056.1,1066.05,1048.05,1055.57,-0.05,200.8,211712.2,-1
2023-10-16,2023-10-16 12:00:00,1055.57,1055.57,1055.05,1055.05,-0.05,200.8,211712.2,-1
2023-10-16,2023-10-16 13:00:00,1055.05,1055.05,1054.53,1054.53,-0.05,200.8,211712.2,-1
2023-10-16,2023-10-16 14:00:00,1054.53,1054.53,1054.0,1054.0,-0.05,200.8,211712.2,-1
2023-10-16,2023-10-16 15:00:00,1054.0,1076.0,1040.0,1054.0,0.0,200.8,211712.2,0
2023-10-17,2023-10-17 11:00:00,1075.0,1075.0,1062.5,1072.75,-0.21,372.6,394827.8,-1
2023-10-17,2023-10-17 12:00:00,1072.75,1072.75,1070.5,1070.5,-0.21,372.6,394827.8,-1
2023-10-17,2023-10-17 13:00:00,1070.5,1070.5,1068.25,1068.25,-0.21,372.6,394827.8,-1
2023-10-17,2023-10-17 14:00:00,1068.25,1068.25,1066.0,1066.0,-0.21,372.6,394827.8,-1
2023-10-17,2023-10-17 15:00:00,1066.0,1075.0,1050.0,1066.0,0.0,372.6,394827.8,0
2023-10-18,2023-10-18 11:00:00,1060.0,1080.0,1060.0,1067.5,0.71,153.0,166835.2,1
2023-10-18,2023-10-18 12:00:00,1067.5,1075.0,1067.5,1075.0,0.7,153.0,166835.2,1
2023-10-18,2023-10-18 13:00:00,1075.0,1082.5,1075.0,1082.5,0.7,153.0,166835.2,1
2023-10-18,2023-10-18 14:00:00,1082.5,1090.0,1082.5,1090.0,0.69,153.0,166835.2,1
2023-10-18,2023-10-18 15:00:00,1090.0,1100.0,1060.0,1090.0,0.0,153.0,166835.2,0
2023-10-19,2023-10-19 11:00:00,1070.0,1085.0,1069.1,1076.92,0.65,488.0,528985.6,1
2023-10-19,2023-10-19 12:00:00,1076.92,1083.85,1076.92,1083.85,0.64,488.0,528985.6,1
2023-10-19,2023-10-19 13:00:00,1083.85,1090.78,1083.85,1090.78,0.64,488.0,528985.6,1
2023-10-19,2023-10-19 14:00:00,1090.78,1097.7,1090.78,1097.7,0.63,488.0,528985.6,1
2023-10-19,2023-10-19 15:00:00,1097.7,1100.0,1068.2,1097.7,0.0,488.0,528985.6,0
2023-10-29,2023-10-29 11:00:00,1076.0,1076.0,1058.0,1072.5,-0.33,254.4,268212.98,-1
2023-10-29,2023-10-29 12:00:00,1072.5,1072.5,1069.0,1069.0,-0.33,254.4,268212.98,-1
2023-10-29,2023-10-29 13:00:00,1069.0,1069.0,1065.5,1065.5,-0.33,254.4,268212.98,-1
2023-10-29,2023-10-29 14:00:00,1065.5,1065.5,1062.0,1062.0,-0.33,254.4,268212.98,-1
2023-10-29,2023-10-29 15:00:00,1062.0,1076.0,1040.0,1062.0,0.0,254.4,268212.98,0
2023-10-30,2023-10-30 11:00:00,1046.2,1058.1,1046.2,1049.4,0.31,115.6,122044.4,1
2023-10-30,2023-10-30 12:00:00,1049.4,1052.6,1049.4,1052.6,0.3,115.6,122044.4,1
2023-10-30,2023-10-30 13:00:00,1052.6,1055.8,1052.6,1055.8,0.3,115.6,122044.4,1
2023-10-30,2023-10-30 14:00:00,1055.8,1059.0,1055.8,1059.0,0.3,115.6,122044.4,1
2023-10-30,2023-10-30 15:00:00,1059.0,1070.0,1046.2,1059.0,0.0,115.6,122044.4,0
2023-10-31,2023-10-31 11:00:00,1045.0,1050.5,1042.0,1047.75,0.26,300.2,314242.4,1
2023-10-31,2023-10-31 12:00:00,1047.75,1050.5,1047.75,1050.5,0.26,300.2,314242.4,1
2023-10-31,2023-10-31 13:00:00,1050.5,1053.25,1050.5,1053.25,0.26,300.2,314242.4,1
2023-10-31,2023-10-31 14:00:00,1053.25,1056.0,1053.25,1056.0,0.26,300.2,314242.4,1
2023-10-31,2023-10-31 15:00:00,1056.0,1056.0,1039.0,1056.0,0.0,300.2,314242.4,0
2023-11-01,2023-11-01 11:00:00,1041.2,1051.6,1041.2,1045.9,0.45,182.0,191722.6,1
2023-11-01,2023-11-01 12:00:00,1045.9,1050.6,1045.9,1050.6,0.45,182.0,191722.6,1
2023-11-01,2023-11-01 13:00:00,1050.6,1055.3,1050.6,1055.3,0.45,182.0,191722.6,1
2023-11-01,2023-11-01 14:00:00,1055.3,1060.0,1055.3,1060.0,0.45,182.0,191722.6,1
2023-11-01,2023-11-01 15:00:00,1060.0,1062.0,1041.2,1060.0,0.0,182.0,191722.6,0
2023-11-02,2023-11-02 11:00:00,1055.0,1089.5,1050.0,1072.25,1.64,269.2,287188.8,1
2023-11-02,2023-11-02 12:00:00,1072.25,1089.5,1072.25,1089.5,1.61,269.2,287188.8,1
2023-11-02,2023-11-02 13:00:00,1089.5,1106.75,1089.5,1106.75,1.58,269.2,287188.8,1
2023-11-02,2023-11-02 14:00:00,1106.75,1124.0,1106.75,1124.0,1.56,269.2,287188.8,1
2023-11-02,2023-11-02 15:00:00,1124.0,1124.0,1045.0,1124.0,0.0,269.2,287188.8,0
2023-11-05,2023-11-05 11:00:00,1101.6,1101.6,1085.8,1097.3,-0.39,276.6,298817.8,-1
2023-11-05,2023-11-05 12:00:00,1097.3,1097.3,1093.0,1093.0,-0.39,276.6,298817.8,-1
2023-11-05,2023-11-05 13:00:00,1093.0,1093.0,1088.7,1088.7,-0.39,276.6,298817.8,-1
2023-11-05,2023-11-05 14:00:00,1088.7,1088.7,1084.4,1084.4,-0.39,276.6,298817.8,-1
2023-11-05,2023-11-05 15:00:00,1084.4,1101.6,1070.0,1084.4,0.0,276.6,298817.8,0
2023-11-06,2023-11-06 11:00:00,1085.0,1092.5,1082.5,1086.5,0.14,407.8,445491.26,1
2023-11-06,2023-11-06 12:00:00,1086.5,1088.0,1086.5,1088.0,0.14,407.8,445491.26,1
2023-11-06,2023-11-06 13:00:00,1088.0,1089.5,1088.0,1089.5,0.14,407.8,445491.26,1
2023-11-06,2023-11-06 14:00:00,1089.5,1091.0,1089.5,1091.0,0.14,407.8,445491.26,1
2023-11-06,2023-11-06 15:00:00,1091.0,1100.0,1080.0,1091.0,0.0,407.8,445491.26,0
2023-11-07,2023-11-07 11:00:00,1100.0,1108.0,1094.0,1097.75,-0.2,277.0,304639.2,-1
2023-11-07,2023-11-07 12:00:00,1097.75,1097.75,1095.5,1095.5,-0.2,277.0,304639.2,-1
2023-11-07,2023-11-07 13:00:00,1095.5,1095.5,1093.25,1093.25,-0.21,277.0,304639.2,-1
2023-11-07,2023-11-07 14:00:00,1093.25,1093.25,1091.0,1091.0,-0.21,277.0,304639.2,-1
2023-11-07,2023-11-07 15:00:00,1091.0,1116.0,1088.0,1091.0,0.0,277.0,304639.2,0
2023-11-08,2023-11-08 11:00:00,1091.0,1100.0,1089.0,1090.0,-0.09,139.2,152118.2,-1
2023-11-08,2023-11-08 12:00:00,1090.0,1090.0,1089.0,1089.0,-0.09,139.2,152118.2,-1
2023-11-08,2023-11-08 13:00:00,1089.0,1089.0,1088.0,1088.0,-0.09,139.2,152118.2,-1
2023-11-08,2023-11-08 14:00:00,1088.0,1088.0,1087.0,1087.0,-0.09,139.2,152118.2,-1
2023-11-08,2023-11-08 15:00:00,1087.0,1109.0,1087.0,1087.0,0.0,139.2,152118.2,0
2023-11-09,2023-11-09 11:00:00,1077.0,1082.0,1077.0,1077.0,0.0,130.2,140361.4,0
2023-11-09,2023-11-09 12:00:00,1077.0,1077.0,1077.0,1077.0,0.0,130.2,140361.4,0
2023-11-09,2023-11-09 13:00:00,1077.0,1077.0,1077.0,1077.0,0.0,130.2,140361.4,0
2023-11-09,2023-11-09 14:00:00,1077.0,1077.0,1077.0,1077.0,0.0,130.2,140361.4,0
2023-11-09,2023-11-09 15:00:00,1077.0,1087.0,1077.0,1077.0,0.0,130.2,140361.4,0
2023-11-20,2023-11-20 11:00:00,1098.0,1099.0,1079.25,1093.25,-0.43,387.4,420634.24,-1
2023-11-20,2023-11-20 12:00:00,1093.25,1093.25,1088.5,1088.5,-0.43,387.4,420634.24,-1
2023-11-20,2023-11-20 13:00:00,1088.5,1088.5,1083.75,1083.75,-0.44,387.4,420634.24,-1
2023-11-20,2023-11-20 14:00:00,1083.75,1083.75,1079.0,1079.0,-0.44,387.4,420634.24,-1
2023-11-20,2023-11-20 15:00:00,1079.0,1100.0,1060.5,1079.0,0.0,387.4,420634.24,0
2023-11-21,2023-11-21 11:00:00,1075.0,1081.5,1063.0,1069.0,-0.56,181.4,192276.28,-1
2023-11-21,2023-11-21 12:00:00,1069.0,1069.0,1063.0,1063.0,-0.56,181.4,192276.28,-1
2023-11-21,2023-11-21 13:00:00,1063.0,1063.0,1057.0,1057.0,-0.56,181.4,192276.28,-1
2023-11-21,2023-11-21 14:00:00,1057.0,1057.0,1051.0,1051.0,-0.57,181.4,192276.28,-1
2023-11-21,2023-11-21 15:00:00,1051.0,1088.0,1051.0,1051.0,0.0,181.4,192276.28,0
2023-11-22,2023-11-22 11:00:00,1040.0,1066.0,1040.0,1052.25,1.18,271.4,292706.0,1
2023-11-22,2023-11-22 12:00:00,1052.25,1064.5,1052.25,1064.5,1.16,271.4,292706.0,1
2023-11-22,2023-11-22 13:00:00,1064.5,1076.75,1064.5,1076.75,1.15,271.4,292706.0,1
2023-11-22,2023-11-22 14:00:00,1076.75,1089.0,1076.75,1089.0,1.14,271.4,292706.0,1
2023-11-22,2023-11-22 15:00:00,1089.0,1092.0,1040.0,1089.0,0.0,271.4,292706.0,0
2023-11-23,2023-11-23 11:00:00,1080.0,1090.0,1080.0,1083.12,0.29,153.6,167799.28,1
2023-11-23,2023-11-23 12:00:00,1083.12,1086.25,1083.12,1086.25,0.29,153.6,167799.28,1
2023-11-23,2023-11-23 13:00:00,1086.25,1089.38,1086.25,1089.38,0.29,153.6,167799.28,1
2023-11-23,2023-11-23 14:00:00,1089.38,1092.5,1089.38,1092.5,0.29,153.6,167799.28,1
2023-11-23,2023-11-23 15:00:00,1092.5,1100.0,1080.0,1092.5,0.0,153.6,167799.28,0
2023-11-26,2023-11-26 11:00:00,1113.0,1116.0,1105.0,1113.0,0.0,513.0,568100.8,0
2023-11-26,2023-11-26 12:00:00,1113.0,1113.0,1113.0,1113.0,0.0,513.0,568100.8,0
2023-11-26,2023-11-26 13:00:00,1113.0,1113.0,1113.0,1113.0,0.0,513.0,568100.8,0
2023-11-26,2023-11-26 14:00:00,1113.0,1113.0,1113.0,1113.0,0.0,513.0,568100.8,0
2023-11-26,2023-11-26 15:00:00,1113.0,1119.0,1097.0,1113.0,0.0,513.0,568100.8,0
2023-11-27,2023-11-27 11:00:00,1100.0,1110.0,1100.0,1101.25,0.11,422.6,468290.6,1
2023-11-27,2023-11-27 12:00:00,1101.25,1102.5,1101.25,1102.5,0.11,422.6,468290.6,1
2023-11-27,2023-11-27 13:00:00,1102.5,1103.75,1102.5,1103.75,0.11,422.6,468290.6,1
2023-11-27,2023-11-27 14:00:00,1103.75,1105.0,1103.75,1105.0,0.11,422.6,468290.6,1
2023-11-27,2023-11-27 15:00:00,1105.0,1120.0,1100.0,1105.0,0.0,422.6,468290.6,0
2023-11-28,2023-11-28 11:00:00,1126.0,1126.0,1106.05,1121.75,-0.38,505.0,556522.1,-1
2023-11-28,2023-11-28 12:00:00,1121.75,1121.75,1117.5,1117.5,-0.38,505.0,556522.1,-1
2023-11-28,2023-11-28 13:00:00,1117.5,1117.5,1113.25,1113.25,-0.38,505.0,556522.1,-1
2023-11-28,2023-11-28 14:00:00,1113.25,1113.25,1109.0,1109.0,-0.38,505.0,556522.1,-1
2023-11-28,2023-11-28 15:00:00,1109.0,1126.0,1086.1,1109.0,0.0,505.0,556522.1,0
2023-11-29,2023-11-29 11:00:00,1130.0,1140.0,1120.0,1125.25,-0.42,580.8,649790.76,-1
2023-11-29,2023-11-29 12:00:00,1125.25,1125.25,1120.5,1120.5,-0.42,580.8,649790.76,-1
2023-11-29,2023-11-29 13:00:00,1120.5,1120.5,1115.75,1115.75,-0.42,580.8,649790.76,-1
2023-11-29,2023-11-29 14:00:00,1115.75,1115.75,1111.0,1111.0,-0.43,580.8,649790.76,-1
2023-11-29,2023-11-29 15:00:00,1111.0,1150.0,1110.0,1111.0,0.0,580.8,649790.76,0
2023-11-30,2023-11-30 11:00:00,1100.0,1111.0,1089.0,1099.5,-0.05,311.4,339611.8,-1
2023-11-30,2023-11-30 12:00:00,1099.5,1099.5,1099.0,1099.0,-0.05,311.4,339611.8,-1
2023-11-30,2023-11-30 13:00:00,1099.0,1099.0,1098.5,1098.5,-0.05,311.4,339611.8,-1
2023-11-30,2023-11-30 14:00:00,1098.5,1098.5,1098.0,1098.0,-0.05,311.4,339611.8,-1
2023-11-30,2023-11-30 15:00:00,1098.0,1122.0,1078.0,1098.0,0.0,311.4,339611.8,0
2023-12-03,2023-12-03 11:00:00,1089.0,1089.0,1079.6,1084.3,-0.43,685.2,739292.3,-1
2023-12-03,2023-12-03 12:00:00,1084.3,1084.3,1079.6,1079.6,-0.43,685.2,739292.3,-1
2023-12-03,2023-12-03 13:00:00,1079.6,1079.6,1074.9,1074.9,-0.44,685.2,739292.3,-1
2023-12-03,2023-12-03 14:00:00,1074.9,1074.9,1070.2,1070.2,-0.44,685.2,739292.3,-1
2023-12-03,2023-12-03 15:00:00,1070.2,1089.0,1070.2,1070.2,0.0,685.2,739292.3,0
2023-12-04,2023-12-04 11:00:00,1067.0,1078.0,1060.7,1064.25,-0.26,527.6,560779.08,-1
2023-12-04,2023-12-04 12:00:00,1064.25,1064.25,1061.5,1061.5,-0.26,527.6,560779.08,-1
2023-12-04,2023-12-04 13:00:00,1061.5,1061.5,1058.75,1058.75,-0.26,527.6,560779.08,-1
2023-12-04,2023-12-04 14:00:00,1058.75,1058.75,1056.0,1056.0,-0.26,527.6,560779.08,-1
2023-12-04,2023-12-04 15:00:00,1056.0,1089.0,1054.4,1056.0,0.0,527.6,560779.08,0
2023-12-05,2023-12-05 11:00:00,1040.1,1057.05,1023.55,1031.82,-0.8,1359.4,1401833.06,-1
2023-12-05,2023-12-05 12:00:00,1031.82,1031.82,1023.55,1023.55,-0.8,1359.4,1401833.06,-1
2023-12-05,2023-12-05 13:00:00,1023.55,1023.55,1015.27,1015.27,-0.81,1359.4,1401833.06,-1
2023-12-05,2023-12-05 14:00:00,1015.27,1015.27,1007.0,1007.0,-0.81,1359.4,1401833.06,-1
2023-12-05,2023-12-05 15:00:00,1007.0,1074.0,1007.0,1007.0,0.0,1359.4,1401833.06,0
2023-12-06,2023-12-06 11:00:00,996.0,1006.5,991.65,999.5,0.35,750.0,749237.24,1
2023-12-06,2023-12-06 12:00:00,999.5,1003.0,999.5,1003.0,0.35,750.0,749237.24,1
2023-12-06,2023-12-06 13:00:00,1003.0,1006.5,1003.0,1006.5,0.35,750.0,749237.24,1
2023-12-06,2023-12-06 14:00:00,1006.5,1010.0,1006.5,1010.0,0.35,750.0,749237.24,1
2023-12-06,2023-12-06 15:00:00,1010.0,1017.0,987.3,1010.0,0.0,750.0,749237.24,0
2023-12-07,2023-12-07 11:00:00,1010.0,1021.45,1000.75,1010.77,0.08,887.8,904040.96,1
2023-12-07,2023-12-07 12:00:00,1010.77,1011.55,1010.77,1011.55,0.08,887.8,904040.96,1
2023-12-07,2023-12-07 13:00:00,1011.55,1012.33,1011.55,1012.33,0.08,887.8,904040.96,1
2023-12-07,2023-12-07 14:00:00,1012.33,1013.1,1012.33,1013.1,0.08,887.8,904040.96,1
2023-12-07,2023-12-07 15:00:00,1013.1,1032.9,991.5,1013.1,0.0,887.8,904040.96,0
2023-12-10,2023-12-10 11:00:00,1033.0,1073.5,1033.0,1053.25,1.96,174.0,187711.6,1
2023-12-10,2023-12-10 12:00:00,1053.25,1073.5,1053.25,1073.5,1.92,174.0,187711.6,1
2023-12-10,2023-12-10 13:00:00,1073.5,1093.75,1073.5,1093.75,1.89,174.0,187711.6,1
2023-12-10,2023-12-10 14:00:00,1093.75,1114.0,1093.75,1114.0,1.85,174.0,187711.6,1
2023-12-10,2023-12-10 15:00:00,1114.0,1114.0,1033.0,1114.0,0.0,174.0,187711.6,0
2023-12-11,2023-12-11 11:00:00,1136.2,1136.2,1103.1,1122.12,-1.24,2349.2,2580262.54,-1
2023-12-11,2023-12-11 12:00:00,1122.12,1122.12,1108.05,1108.05,-1.25,2349.2,2580262.54,-1
2023-12-11,2023-12-11 13:00:00,1108.05,1108.05,1093.98,1093.98,-1.27,2349.2,2580262.54,-1
2023-12-11,2023-12-11 14:00:00,1093.98,1093.98,1079.9,1079.9,-1.29,2349.2,2580262.54,-1
2023-12-11,2023-12-11 15:00:00,1079.9,1136.2,1070.0,1079.9,0.0,2349.2,2580262.54,0
2023-12-12,2023-12-12 11:00:00,1080.0,1088.0,1063.85,1078.75,-0.12,2247.4,2410692.6,-1
2023-12-12,2023-12-12 12:00:00,1078.75,1078.75,1077.5,1077.5,-0.12,2247.4,2410692.6,-1
2023-12-12,2023-12-12 13:00:00,1077.5,1077.5,1076.25,1076.25,-0.12,2247.4,2410692.6,-1
2023-12-12,2023-12-12 14:00:00,1076.25,1076.25,1075.0,1075.0,-0.12,2247.4,2410692.6,-1
2023-12-12,2023-12-12 15:00:00,1075.0,1096.0,1047.7,1075.0,0.0,2247.4,2410692.6,0
2023-12-13,2023-12-13 11:00:00,1060.2,1067.6,1052.6,1057.65,-0.24,2213.8,2340949.68,-1
2023-12-13,2023-12-13 12:00:00,1057.65,1057.65,1055.1,1055.1,-0.24,2213.8,2340949.68,-1
2023-12-13,2023-12-13 13:00:00,1055.1,1055.1,1052.55,1052.55,-0.24,2213.8,2340949.68,-1
2023-12-13,2023-12-13 14:00:00,1052.55,1052.55,1050.0,1050.0,-0.24,2213.8,2340949.68,-1
2023-12-13,2023-12-13 15:00:00,1050.0,1075.0,1045.0,1050.0,0.0,2213.8,2340949.68,0
2023-12-14,2023-12-14 11:00:00,1035.0,1052.45,1035.0,1038.83,0.37,1004.8,1057966.68,1
2023-12-14,2023-12-14 12:00:00,1038.83,1042.65,1038.83,1042.65,0.37,1004.8,1057966.68,1
2023-12-14,2023-12-14 13:00:00,1042.65,1046.47,1042.65,1046.47,0.37,1004.8,1057966.68,1
2023-12-14,2023-12-14 14:00:00,1046.47,1050.3,1046.47,1050.3,0.37,1004.8,1057966.68,1
2023-12-14,2023-12-14 15:00:00,1050.3,1069.9,1035.0,1050.3,0.0,1004.8,1057966.68,0
2023-12-17,2023-12-17 11:00:00,1045.0,1055.0,1037.5,1043.75,-0.12,1768.0,1852404.12,-1
2023-12-17,2023-12-17 12:00:00,1043.75,1043.75,1042.5,1042.5,-0.12,1768.0,1852404.12,-1
2023-12-17,2023-12-17 13:00:00,1042.5,1042.5,1041.25,1041.25,-0.12,1768.0,1852404.12,-1
2023-12-17,2023-12-17 14:00:00,1041.25,1041.25,1040.0,1040.0,-0.12,1768.0,1852404.12,-1
2023-12-17,2023-12-17 15:00:00,1040.0,1065.0,1030.0,1040.0,0.0,1768.0,1852404.12,0
2023-12-18,2023-12-18 11:00:00,1048.1,1078.4,1048.1,1056.32,0.78,3004.4,3263416.8,1
2023-12-18,2023-12-18 12:00:00,1056.32,1064.55,1056.32,1064.55,0.78,3004.4,3263416.8,1
2023-12-18,2023-12-18 13:00:00,1064.55,1072.78,1064.55,1072.78,0.77,3004.4,3263416.8,1
2023-12-18,2023-12-18 14:00:00,1072.78,1081.0,1072.78,1081.0,0.77,3004.4,3263416.8,1
2023-12-18,2023-12-18 15:00:00,1081.0,1108.7,1048.1,1081.0,0.0,3004.4,3263416.8,0
2023-12-19,2023-12-19 11:00:00,1102.0,1130.85,1091.55,1114.0,1.09,3028.8,3397819.28,1
2023-12-19,2023-12-19 12:00:00,1114.0,1126.0,1114.0,1126.0,1.08,3028.8,3397819.28,1
2023-12-19,2023-12-19 13:00:00,1126.0,1138.0,1126.0,1138.0,1.07,3028.8,3397819.28,1
2023-12-19,2023-12-19 14:00:00,1138.0,1150.0,1138.0,1150.0,1.05,3028.8,3397819.28,1
2023-12-19,2023-12-19 15:00:00,1150.0,1159.7,1081.1,1150.0,0.0,3028.8,3397819.28,0
2023-12-20,2023-12-20 11:00:00,1127.0,1138.5,1113.45,1125.25,-0.16,2311.6,2603987.76,-1
2023-12-20,2023-12-20 12:00:00,1125.25,1125.25,1123.5,1123.5,-0.16,2311.6,2603987.76,-1
2023-12-20,2023-12-20 13:00:00,1123.5,1123.5,1121.75,1121.75,-0.16,2311.6,2603987.76,-1
2023-12-20,2023-12-20 14:00:00,1121.75,1121.75,1120.0,1120.0,-0.16,2311.6,2603987.76,-1
2023-12-20,2023-12-20 15:00:00,1120.0,1150.0,1099.9,1120.0,0.0,2311.6,2603987.76,0
2023-12-21,2023-12-21 11:00:00,1120.0,1127.5,1107.5,1114.0,-0.54,2272.8,2529455.9,-1
2023-12-21,2023-12-21 12:00:00,1114.0,1114.0,1108.0,1108.0,-0.54,2272.8,2529455.9,-1
2023-12-21,2023-12-21 13:00:00,1108.0,1108.0,1102.0,1102.0,-0.54,2272.8,2529455.9,-1
2023-12-21,2023-12-21 14:00:00,1102.0,1102.0,1096.0,1096.0,-0.54,2272.8,2529455.9,-1
2023-12-21,2023-12-21 15:00:00,1096.0,1135.0,1095.0,1096.0,0.0,2272.8,2529455.9,0
2023-12-24,2023-12-24 11:00:00,1085.9,1085.9,1043.45,1071.68,-1.31,4545.6,4724999.22,-1
2023-12-24,2023-12-24 12:00:00,1071.68,1071.68,1057.45,1057.45,-1.33,4545.6,4724999.22,-1
2023-12-24,2023-12-24 13:00:00,1057.45,1057.45,1043.22,1043.22,-1.35,4545.6,4724999.22,-1
2023-12-24,2023-12-24 14:00:00,1043.22,1043.22,1029.0,1029.0,-1.36,4545.6,4724999.22,-1
2023-12-24,2023-12-24 15:00:00,1029.0,1085.9,1001.0,1029.0,0.0,4545.6,4724999.22,0
2023-12-27,2023-12-27 11:00:00,1049.0,1054.0,1008.5,1031.75,-1.64,6948.0,6892727.12,-1
2023-12-27,2023-12-27 12:00:00,1031.75,1031.75,1014.5,1014.5,-1.67,6948.0,6892727.12,-1
2023-12-27,2023-12-27 13:00:00,1014.5,1014.5,997.25,997.25,-1.7,6948.0,6892727.12,-1
2023-12-27,2023-12-27 14:00:00,997.25,997.25,980.0,980.0,-1.73,6948.0,6892727.12,-1
2023-12-27,2023-12-27 15:00:00,980.0,1059.0,968.0,980.0,0.0,6948.0,6892727.12,0
2023-12-28,2023-12-28 11:00:00,999.0,999.5,984.8,994.27,-0.47,3006.2,2965063.32,-1
2023-12-28,2023-12-28 12:00:00,994.27,994.27,989.55,989.55,-0.47,3006.2,2965063.32,-1
2023-12-28,2023-12-28 13:00:00,989.55,989.55,984.83,984.83,-0.48,3006.2,2965063.32,-1
2023-12-28,2023-12-28 14:00:00,984.83,984.83,980.1,980.1,-0.48,3006.2,2965063.32,-1
2023-12-28,2023-12-28 15:00:00,980.1,1000.0,970.6,980.1,0.0,3006.2,2965063.32,0
2024-01-01,2024-01-01 11:00:00,980.0,982.45,967.0,974.25,-0.59,3245.6,3139663.44,-1
2024-01-01,2024-01-01 12:00:00,974.25,974.25,968.5,968.5,-0.59,3245.6,3139663.44,-1
2024-01-01,2024-01-01 13:00:00,968.5,968.5,962.75,962.75,-0.59,3245.6,3139663.44,-1
2024-01-01,2024-01-01 14:00:00,962.75,962.75,957.0,957.0,-0.6,3245.6,3139663.44,-1
2024-01-01,2024-01-01 15:00:00,957.0,984.9,954.0,957.0,0.0,3245.6,3139663.44,0
2024-01-02,2024-01-02 11:00:00,958.0,959.0,946.55,952.27,-0.6,2418.8,2284775.5,-1
2024-01-02,2024-01-02 12:00:00,952.27,952.27,946.55,946.55,-0.6,2418.8,2284775.5,-1
2024-01-02,2024-01-02 13:00:00,946.55,946.55,940.83,940.83,-0.6,2418.8,2284775.5,-1
2024-01-02,2024-01-02 14:00:00,940.83,940.83,935.1,935.1,-0.61,2418.8,2284775.5,-1
2024-01-02,2024-01-02 15:00:00,935.1,960.0,935.1,935.1,0.0,2418.8,2284775.5,0
2024-01-03,2024-01-03 11:00:00,950.2,956.1,945.1,953.15,0.31,1752.8,1667674.12,1
2024-01-03,2024-01-03 12:00:00,953.15,956.1,953.15,956.1,0.31,1752.8,1667674.12,1
2024-01-03,2024-01-03 13:00:00,956.1,959.05,956.1,959.05,0.31,1752.8,1667674.12,1
2024-01-03,2024-01-03 14:00:00,959.05,962.0,959.05,962.0,0.31,1752.8,1667674.12,1
2024-01-03,2024-01-03 15:00:00,962.0,962.0,940.0,962.0,0.0,1752.8,1667674.12,0
2024-01-04,2024-01-04 11:00:00,981.0,1000.0,968.55,974.77,-0.64,1947.4,1882398.26,-1
2024-01-04,2024-01-04 12:00:00,974.77,974.77,968.55,968.55,-0.64,1947.4,1882398.26,-1
2024-01-04,2024-01-04 13:00:00,968.55,968.55,962.33,962.33,-0.64,1947.4,1882398.26,-1
2024-01-04,2024-01-04 14:00:00,962.33,962.33,956.1,956.1,-0.65,1947.4,1882398.26,-1
2024-01-04,2024-01-04 15:00:00,956.1,1019.0,956.1,956.1,0.0,1947.4,1882398.26,0
2024-01-07,2024-01-07 11:00:00,956.0,959.0,941.5,952.0,-0.42,2520.8,2375841.08,-1
2024-01-07,2024-01-07 12:00:00,952.0,952.0,948.0,948.0,-0.42,2520.8,2375841.08,-1
2024-01-07,2024-01-07 13:00:00,948.0,948.0,944.0,944.0,-0.42,2520.8,2375841.08,-1
2024-01-07,2024-01-07 14:00:00,944.0,944.0,940.0,940.0,-0.42,2520.8,2375841.08,-1
2024-01-07,2024-01-07 15:00:00,940.0,962.0,927.0,940.0,0.0,2520.8,2375841.08,0
2024-01-08,2024-01-08 11:00:00,930.0,935.0,916.05,925.75,-0.46,3487.0,3187189.98,-1
2024-01-08,2024-01-08 12:00:00,925.75,925.75,921.5,921.5,-0.46,3487.0,3187189.98,-1
2024-01-08,2024-01-08 13:00:00,921.5,921.5,917.25,917.25,-0.46,3487.0,3187189.98,-1
2024-01-08,2024-01-08 14:00:00,917.25,917.25,913.0,913.0,-0.46,3487.0,3187189.98,-1
2024-01-08,2024-01-08 15:00:00,913.0,940.0,902.1,913.0,0.0,3487.0,3187189.98,0
2024-01-09,2024-01-09 11:00:00,901.0,925.5,901.0,911.5,1.17,2996.4,2768432.12,1
2024-01-09,2024-01-09 12:00:00,911.5,922.0,911.5,922.0,1.15,2996.4,2768432.12,1
2024-01-09,2024-01-09 13:00:00,922.0,932.5,922.0,932.5,1.14,2996.4,2768432.12,1
2024-01-09,2024-01-09 14:00:00,932.5,943.0,932.5,943.0,1.13,2996.4,2768432.12,1
2024-01-09,2024-01-09 15:00:00,943.0,950.0,901.0,943.0,0.0,2996.4,2768432.12,0
2024-01-10,2024-01-10 11:00:00,950.0,955.0,932.55,943.5,-0.68,1747.4,1628186.5,-1
2024-01-10,2024-01-10 12:00:00,943.5,943.5,937.0,937.0,-0.69,1747.4,1628186.5,-1
2024-01-10,2024-01-10 13:00:00,937.0,937.0,930.5,930.5,-0.69,1747.4,1628186.5,-1
2024-01-10,2024-01-10 14:00:00,930.5,930.5,924.0,924.0,-0.7,1747.4,1628186.5,-1
2024-01-10,2024-01-10 15:00:00,924.0,960.0,915.1,924.0,0.0,1747.4,1628186.5,0
2024-01-11,2024-01-11 11:00:00,924.0,932.0,917.5,924.0,0.0,1212.2,1117956.3,0
2024-01-11,2024-01-11 12:00:00,924.0,924.0,924.0,924.0,0.0,1212.2,1117956.3,0
2024-01-11,2024-01-11 13:00:00,924.0,924.0,924.0,924.0,0.0,1212.2,1117956.3,0
2024-01-11,2024-01-11 14:00:00,924.0,924.0,924.0,924.0,0.0,1212.2,1117956.3,0
2024-01-11,2024-01-11 15:00:00,924.0,940.0,911.0,924.0,0.0,1212.2,1117956.3,0
2024-01-14,2024-01-14 11:00:00,930.0,932.5,922.5,926.4,-0.39,1955.4,1801412.1,-1
2024-01-14,2024-01-14 12:00:00,926.4,926.4,922.8,922.8,-0.39,1955.4,1801412.1,-1
2024-01-14,2024-01-14 13:00:00,922.8,922.8,919.2,919.2,-0.39,1955.4,1801412.1,-1
2024-01-14,2024-01-14 14:00:00,919.2,919.2,915.6,915.6,-0.39,1955.4,1801412.1,-1
2024-01-14,2024-01-14 15:00:00,915.6,935.0,915.0,915.6,0.0,1955.4,1801412.1,0
2024-01-16,2024-01-16 11:00:00,920.0,922.5,915.25,919.5,-0.05,3603.2,3303877.48,-1
2024-01-16,2024-01-16 12:00:00,919.5,919.5,919.0,919.0,-0.05,3603.2,3303877.48,-1
2024-01-16,2024-01-16 13:00:00,919.0,919.0,918.5,918.5,-0.05,3603.2,3303877.48,-1
2024-01-16,2024-01-16 14:00:00,918.5,918.5,918.0,918.0,-0.05,3603.2,3303877.48,-1
2024-01-16,2024-01-16 15:00:00,918.0,925.0,910.5,918.0,0.0,3603.2,3303877.48,0
2024-01-17,2024-01-17 11:00:00,935.0,935.0,925.05,930.75,-0.45,3488.0,3215250.1,-1
2024-01-17,2024-01-17 12:00:00,930.75,930.75,926.5,926.5,-0.46,3488.0,3215250.1,-1
2024-01-17,2024-01-17 13:00:00,926.5,926.5,922.25,922.25,-0.46,3488.0,3215250.1,-1
2024-01-17,2024-01-17 14:00:00,922.25,922.25,918.0,918.0,-0.46,3488.0,3215250.1,-1
2024-01-17,2024-01-17 15:00:00,918.0,935.0,915.1,918.0,0.0,3488.0,3215250.1,0
2024-01-18,2024-01-18 11:00:00,910.0,917.5,907.5,912.5,0.27,1865.4,1714810.84,1
2024-01-18,2024-01-18 12:00:00,912.5,915.0,912.5,915.0,0.27,1865.4,1714810.84,1
2024-01-18,2024-01-18 13:00:00,915.0,917.5,915.0,917.5,0.27,1865.4,1714810.84,1
2024-01-18,2024-01-18 14:00:00,917.5,920.0,917.5,920.0,0.27,1865.4,1714810.84,1
2024-01-18,2024-01-18 15:00:00,920.0,925.0,905.0,920.0,0.0,1865.4,1714810.84,0
2024-01-21,2024-01-21 11:00:00,920.0,920.0,910.8,916.25,-0.41,3421.0,3100946.38,-1
2024-01-21,2024-01-21 12:00:00,916.25,916.25,912.5,912.5,-0.41,3421.0,3100946.38,-1
2024-01-21,2024-01-21 13:00:00,912.5,912.5,908.75,908.75,-0.41,3421.0,3100946.38,-1
2024-01-21,2024-01-21 14:00:00,908.75,908.75,905.0,905.0,-0.41,3421.0,3100946.38,-1
2024-01-21,2024-01-21 15:00:00,905.0,920.0,901.6,905.0,0.0,3421.0,3100946.38,0
2024-01-22,2024-01-22 11:00:00,886.9,905.95,863.45,880.92,-0.67,6189.6,5541699.86,-1
2024-01-22,2024-01-22 12:00:00,880.92,880.92,874.95,874.95,-0.68,6189.6,5541699.86,-1
2024-01-22,2024-01-22 13:00:00,874.95,874.95,868.98,868.98,-0.68,6189.6,5541699.86,-1
2024-01-22,2024-01-22 14:00:00,868.98,868.98,863.0,863.0,-0.69,6189.6,5541699.86,-1
2024-01-22,2024-01-22 15:00:00,863.0,925.0,840.0,863.0,0.0,6189.6,5541699.86,0
2024-01-23,2024-01-23 11:00:00,845.8,897.55,821.0,871.67,3.06,10707.8,9457840.42,1
2024-01-23,2024-01-23 12:00:00,871.67,897.55,871.67,897.55,2.97,10707.8,9457840.42,1
2024-01-23,2024-01-23 13:00:00,897.55,923.42,897.55,923.42,2.88,10707.8,9457840.42,1
2024-01-23,2024-01-23 14:00:00,923.42,949.3,923.42,949.3,2.8,10707.8,9457840.42,1
2024-01-23,2024-01-23 15:00:00,949.3,949.3,796.2,949.3,0.0,10707.8,9457840.42,0
2024-01-24,2024-01-24 11:00:00,968.2,1006.2,968.2,987.2,1.96,11711.0,12036885.92,1
2024-01-24,2024-01-24 12:00:00,987.2,1006.2,987.2,1006.2,1.92,11711.0,12036885.92,1
2024-01-24,2024-01-24 13:00:00,1006.2,1025.2,1006.2,1025.2,1.89,11711.0,12036885.92,1
2024-01-24,2024-01-24 14:00:00,1025.2,1044.2,1025.2,1044.2,1.85,11711.0,12036885.92,1
2024-01-24,2024-01-24 15:00:00,1044.2,1044.2,968.2,1044.2,0.0,11711.0,12036885.92,0
2024-01-25,2024-01-25 11:00:00,1065.0,1105.0,1042.1,1060.0,-0.47,9591.8,10363737.7,-1
2024-01-25,2024-01-25 12:00:00,1060.0,1060.0,1055.0,1055.0,-0.47,9591.8,10363737.7,-1
2024-01-25,2024-01-25 13:00:00,1055.0,1055.0,1050.0,1050.0,-0.47,9591.8,10363737.7,-1
2024-01-25,2024-01-25 14:00:00,1050.0,1050.0,1045.0,1045.0,-0.48,9591.8,10363737.7,-1
2024-01-25,2024-01-25 15:00:00,1045.0,1145.0,1019.2,1045.0,0.0,9591.8,10363737.7,0
2024-01-28,2024-01-28 11:00:00,1045.0,1045.0,993.0,1019.25,-2.46,14700.2,14125973.96,-1
2024-01-28,2024-01-28 12:00:00,1019.25,1019.25,993.5,993.5,-2.53,14700.2,14125973.96,-1
2024-01-28,2024-01-28 13:00:00,993.5,993.5,967.75,967.75,-2.59,14700.2,14125973.96,-1
2024-01-28,2024-01-28 14:00:00,967.75,967.75,942.0,942.0,-2.66,14700.2,14125973.96,-1
2024-01-28,2024-01-28 15:00:00,942.0,1045.0,941.0,942.0,0.0,14700.2,14125973.96,0
2024-01-29,2024-01-29 11:00:00,940.0,940.25,923.5,933.52,-0.69,8470.4,7768388.06,-1
2024-01-29,2024-01-29 12:00:00,933.52,933.52,927.05,927.05,-0.69,8470.4,7768388.06,-1
2024-01-29,2024-01-29 13:00:00,927.05,927.05,920.58,920.58,-0.7,8470.4,7768388.06,-1
2024-01-29,2024-01-29 14:00:00,920.58,920.58,914.1,914.1,-0.7,8470.4,7768388.06,-1
2024-01-29,2024-01-29 15:00:00,914.1,940.5,907.0,914.1,0.0,8470.4,7768388.06,0
2024-01-30,2024-01-30 11:00:00,914.1,959.8,897.1,936.95,2.5,27589.6,25797470.2,1
2024-01-30,2024-01-30 12:00:00,936.95,959.8,936.95,959.8,2.44,27589.6,25797470.2,1
2024-01-30,2024-01-30 13:00:00,959.8,982.65,959.8,982.65,2.38,27589.6,25797470.2,1
2024-01-30,2024-01-30 14:00:00,982.65,1005.5,982.65,1005.5,2.33,27589.6,25797470.2,1
2024-01-30,2024-01-30 15:00:00,1005.5,1005.5,880.1,1005.5,0.0,27589.6,25797470.2,0
2024-01-31,2024-01-31 11:00:00,1019.0,1027.0,989.5,1004.25,-1.45,8922.8,8788422.62,-1
2024-01-31,2024-01-31 12:00:00,1004.25,1004.25,989.5,989.5,-1.47,8922.8,8788422.62,-1
2024-01-31,2024-01-31 13:00:00,989.5,989.5,974.75,974.75,-1.49,8922.8,8788422.62,-1
2024-01-31,2024-01-31 14:00:00,974.75,974.75,960.0,960.0,-1.51,8922.8,8788422.62,-1
2024-01-31,2024-01-31 15:00:00,960.0,1035.0,960.0,960.0,0.0,8922.8,8788422.62,0
2024-02-01,2024-02-01 11:00:00,940.8,961.85,939.9,942.35,0.16,6919.2,6545033.78,1
2024-02-01,2024-02-01 12:00:00,942.35,943.9,942.35,943.9,0.16,6919.2,6545033.78,1
2024-02-01,2024-02-01 13:00:00,943.9,945.45,943.9,945.45,0.16,6919.2,6545033.78,1
2024-02-01,2024-02-01 14:00:00,945.45,947.0,945.45,947.0,0.16,6919.2,6545033.78,1
2024-02-01,2024-02-01 15:00:00,947.0,982.9,939.0,947.0,0.0,6919.2,6545033.78,0
2024-02-04,2024-02-04 11:00:00,950.0,950.0,932.5,947.25,-0.29,9023.0,8380542.24,-1
2024-02-04,2024-02-04 12:00:00,947.25,947.25,944.5,944.5,-0.29,9023.0,8380542.24,-1
2024-02-04,2024-02-04 13:00:00,944.5,944.5,941.75,941.75,-0.29,9023.0,8380542.24,-1
2024-02-04,2024-02-04 14:00:00,941.75,941.75,939.0,939.0,-0.29,9023.0,8380542.24,-1
2024-02-04,2024-02-04 15:00:00,939.0,950.0,915.0,939.0,0.0,9023.0,8380542.24,0
2024-02-05,2024-02-05 11:00:00,925.0,932.5,912.5,919.5,-0.59,13150.8,11994780.08,-1
2024-02-05,2024-02-05 12:00:00,919.5,919.5,914.0,914.0,-0.6,13150.8,11994780.08,-1
2024-02-05,2024-02-05 13:00:00,914.0,914.0,908.5,908.5,-0.6,13150.8,11994780.08,-1
2024-02-05,2024-02-05 14:00:00,908.5,908.5,903.0,903.0,-0.61,13150.8,11994780.08,-1
2024-02-05,2024-02-05 15:00:00,903.0,940.0,900.0,903.0,0.0,13150.8,11994780.08,0
2024-02-06,2024-02-06 11:00:00,905.0,915.0,905.0,905.25,0.03,5408.6,4918450.2,1
2024-02-06,2024-02-06 12:00:00,905.25,905.5,905.25,905.5,0.03,5408.6,4918450.2,1
2024-02-06,2024-02-06 13:00:00,905.5,905.75,905.5,905.75,0.03,5408.6,4918450.2,1
2024-02-06,2024-02-06 14:00:00,905.75,906.0,905.75,906.0,0.03,5408.6,4918450.2,1
2024-02-06,2024-02-06 15:00:00,906.0,925.0,905.0,906.0,0.0,5408.6,4918450.2,0
2024-02-07,2024-02-07 11:00:00,903.0,924.95,903.0,908.75,0.64,10349.0,9518870.2,1
2024-02-07,2024-02-07 12:00:00,908.75,914.5,908.75,914.5,0.63,10349.0,9518870.2,1
2024-02-07,2024-02-07 13:00:00,914.5,920.25,914.5,920.25,0.63,10349.0,9518870.2,1
2024-02-07,2024-02-07 14:00:00,920.25,926.0,920.25,926.0,0.62,10349.0,9518870.2,1
2024-02-07,2024-02-07 15:00:00,926.0,946.9,903.0,926.0,0.0,10349.0,9518870.2,0
2024-02-08,2024-02-08 11:00:00,908.0,918.95,908.0,911.0,0.33,19241.2,17530527.88,1
2024-02-08,2024-02-08 12:00:00,911.0,914.0,911.0,914.0,0.33,19241.2,17530527.88,1
2024-02-08,2024-02-08 13:00:00,914.0,917.0,914.0,917.0,0.33,19241.2,17530527.88,1
2024-02-08,2024-02-08 14:00:00,917.0,920.0,917.0,920.0,0.33,19241.2,17530527.88,1
2024-02-08,2024-02-08 15:00:00,920.0,929.9,908.0,920.0,0.0,19241.2,17530527.88,0
2024-02-11,2024-02-11 11:00:00,938.4,938.4,920.2,930.55,-0.84,6757.6,6163367.96,-1
2024-02-11,2024-02-11 12:00:00,930.55,930.55,922.7,922.7,-0.84,6757.6,6163367.96,-1
2024-02-11,2024-02-11 13:00:00,922.7,922.7,914.85,914.85,-0.85,6757.6,6163367.96,-1
2024-02-11,2024-02-11 14:00:00,914.85,914.85,907.0,907.0,-0.86,6757.6,6163367.96,-1
2024-02-11,2024-02-11 15:00:00,907.0,938.4,902.0,907.0,0.0,6757.6,6163367.96,0
2024-02-12,2024-02-12 11:00:00,918.0,918.9,908.5,915.75,-0.25,9907.8,8971964.38,-1
2024-02-12,2024-02-12 12:00:00,915.75,915.75,913.5,913.5,-0.25,9907.8,8971964.38,-1
2024-02-12,2024-02-12 13:00:00,913.5,913.5,911.25,911.25,-0.25,9907.8,8971964.38,-1
2024-02-12,2024-02-12 14:00:00,911.25,911.25,909.0,909.0,-0.25,9907.8,8971964.38,-1
2024-02-12,2024-02-12 15:00:00,909.0,919.8,899.0,909.0,0.0,9907.8,8971964.38,0
2024-02-13,2024-02-13 11:00:00,927.1,927.1,903.6,916.08,-1.19,7963.6,7096811.68,-1
2024-02-13,2024-02-13 12:00:00,916.08,916.08,905.05,905.05,-1.2,7963.6,7096811.68,-1
2024-02-13,2024-02-13 13:00:00,905.05,905.05,894.02,894.02,-1.22,7963.6,7096811.68,-1
2024-02-13,2024-02-13 14:00:00,894.02,894.02,883.0,883.0,-1.23,7963.6,7096811.68,-1
2024-02-13,2024-02-13 15:00:00,883.0,927.1,880.1,883.0,0.0,7963.6,7096811.68,0
2024-02-14,2024-02-14 11:00:00,900.0,900.0,886.5,897.0,-0.33,6700.0,5888734.64,-1
2024-02-14,2024-02-14 12:00:00,897.0,897.0,894.0,894.0,-0.33,6700.0,5888734.64,-1
2024-02-14,2024-02-14 13:00:00,894.0,894.0,891.0,891.0,-0.34,6700.0,5888734.64,-1
2024-02-14,2024-02-14 14:00:00,891.0,891.0,888.0,888.0,-0.34,6700.0,5888734.64,-1
2024-02-14,2024-02-14 15:00:00,888.0,900.0,873.0,888.0,0.0,6700.0,5888734.64,0
2024-02-15,2024-02-15 11:00:00,873.0,884.5,872.75,872.88,-0.01,2881.0,2535036.7,-1
2024-02-15,2024-02-15 12:00:00,872.88,872.88,872.75,872.75,-0.01,2881.0,2535036.7,-1
2024-02-15,2024-02-15 13:00:00,872.75,872.75,872.62,872.62,-0.01,2881.0,2535036.7,-1
2024-02-15,2024-02-15 14:00:00,872.62,872.62,872.5,872.5,-0.01,2881.0,2535036.7,-1
2024-02-15,2024-02-15 15:00:00,872.5,896.0,872.5,872.5,0.0,2881.0,2535036.7,0
2024-02-18,2024-02-18 11:00:00,882.0,885.5,867.3,876.5,-0.62,4296.2,3700753.18,-1
2024-02-18,2024-02-18 12:00:00,876.5,876.5,871.0,871.0,-0.63,4296.2,3700753.18,-1
2024-02-18,2024-02-18 13:00:00,871.0,871.0,865.5,865.5,-0.63,4296.2,3700753.18,-1
2024-02-18,2024-02-18 14:00:00,865.5,865.5,860.0,860.0,-0.64,4296.2,3700753.18,-1
2024-02-18,2024-02-18 15:00:00,860.0,889.0,852.6,860.0,0.0,4296.2,3700753.18,0
2024-02-20,2024-02-20 11:00:00,860.0,868.5,857.5,859.75,-0.03,1208.6,1041707.98,-1
2024-02-20,2024-02-20 12:00:00,859.75,859.75,859.5,859.5,-0.03,1208.6,1041707.98,-1
2024-02-20,2024-02-20 13:00:00,859.5,859.5,859.25,859.25,-0.03,1208.6,1041707.98,-1
2024-02-20,2024-02-20 14:00:00,859.25,859.25,859.0,859.0,-0.03,1208.6,1041707.98,-1
2024-02-20,2024-02-20 15:00:00,859.0,877.0,855.0,859.0,0.0,1208.6,1041707.98,0
2024-02-21,2024-02-21 11:00:00,855.0,862.5,845.0,853.0,-0.23,3102.2,2627934.22,-1
2024-02-21,2024-02-21 12:00:00,853.0,853.0,851.0,851.0,-0.23,3102.2,2627934.22,-1
2024-02-21,2024-02-21 13:00:00,851.0,851.0,849.0,849.0,-0.24,3102.2,2627934.22,-1
2024-02-21,2024-02-21 14:00:00,849.0,849.0,847.0,847.0,-0.24,3102.2,2627934.22,-1
2024-02-21,2024-02-21 15:00:00,847.0,870.0,835.0,847.0,0.0,3102.2,2627934.22,0
2024-02-22,2024-02-22 11:00:00,863.9,863.9,846.45,855.42,-0.98,2861.6,2391093.58,-1
2024-02-22,2024-02-22 12:00:00,855.42,855.42,846.95,846.95,-0.99,2861.6,2391093.58,-1
2024-02-22,2024-02-22 13:00:00,846.95,846.95,838.48,838.48,-1.0,2861.6,2391093.58,-1
2024-02-22,2024-02-22 14:00:00,838.48,838.48,830.0,830.0,-1.01,2861.6,2391093.58,-1
2024-02-22,2024-02-22 15:00:00,830.0,863.9,829.0,830.0,0.0,2861.6,2391093.58,0
2024-02-25,2024-02-25 11:00:00,846.6,846.6,830.8,839.7,-0.82,2861.4,2352416.22,-1
2024-02-25,2024-02-25 12:00:00,839.7,839.7,832.8,832.8,-0.82,2861.4,2352416.22,-1
2024-02-25,2024-02-25 13:00:00,832.8,832.8,825.9,825.9,-0.83,2861.4,2352416.22,-1
2024-02-25,2024-02-25 14:00:00,825.9,825.9,819.0,819.0,-0.84,2861.4,2352416.22,-1
2024-02-25,2024-02-25 15:00:00,819.0,846.6,815.0,819.0,0.0,2861.4,2352416.22,0
2024-02-26,2024-02-26 11:00:00,819.0,825.45,814.0,820.25,0.15,3391.4,2783347.7,1
2024-02-26,2024-02-26 12:00:00,820.25,821.5,820.25,821.5,0.15,3391.4,2783347.7,1
2024-02-26,2024-02-26 13:00:00,821.5,822.75,821.5,822.75,0.15,3391.4,2783347.7,1
2024-02-26,2024-02-26 14:00:00,822.75,824.0,822.75,824.0,0.15,3391.4,2783347.7,1
2024-02-26,2024-02-26 15:00:00,824.0,831.9,809.0,824.0,0.0,3391.4,2783347.7,0
2024-02-27,2024-02-27 11:00:00,824.0,829.0,817.0,824.0,0.0,2199.8,1793527.7,0
2024-02-27,2024-02-27 12:00:00,824.0,824.0,824.0,824.0,0.0,2199.8,1793527.7,0
2024-02-27,2024-02-27 13:00:00,824.0,824.0,824.0,824.0,0.0,2199.8,1793527.7,0
2024-02-27,2024-02-27 14:00:00,824.0,824.0,824.0,824.0,0.0,2199.8,1793527.7,0
2024-02-27,2024-02-27 15:00:00,824.0,834.0,810.0,824.0,0.0,2199.8,1793527.7,0
2024-02-28,2024-02-28 11:00:00,840.4,840.4,825.2,834.8,-0.67,3291.0,2685320.88,-1
2024-02-28,2024-02-28 12:00:00,834.8,834.8,829.2,829.2,-0.67,3291.0,2685320.88,-1
2024-02-28,2024-02-28 13:00:00,829.2,829.2,823.6,823.6,-0.68,3291.0,2685320.88,-1
2024-02-28,2024-02-28 14:00:00,823.6,823.6,818.0,818.0,-0.68,3291.0,2685320.88,-1
2024-02-28,2024-02-28 15:00:00,818.0,840.4,810.0,818.0,0.0,3291.0,2685320.88,0
2024-02-29,2024-02-29 11:00:00,834.2,834.2,816.45,826.9,-0.88,5097.4,4107467.04,-1
2024-02-29,2024-02-29 12:00:00,826.9,826.9,819.6,819.6,-0.88,5097.4,4107467.04,-1
2024-02-29,2024-02-29 13:00:00,819.6,819.6,812.3,812.3,-0.89,5097.4,4107467.04,-1
2024-02-29,2024-02-29 14:00:00,812.3,812.3,805.0,805.0,-0.9,5097.4,4107467.04,-1
2024-02-29,2024-02-29 15:00:00,805.0,834.2,798.7,805.0,0.0,5097.4,4107467.04,0
2024-03-03,2024-03-03 11:00:00,805.0,811.0,801.5,806.5,0.19,2890.4,2323871.84,1
2024-03-03,2024-03-03 12:00:00,806.5,808.0,806.5,808.0,0.19,2890.4,2323871.84,1
2024-03-03,2024-03-03 13:00:00,808.0,809.5,808.0,809.5,0.19,2890.4,2323871.84,1
2024-03-03,2024-03-03 14:00:00,809.5,811.0,809.5,811.0,0.19,2890.4,2323871.84,1
2024-03-03,2024-03-03 15:00:00,811.0,817.0,798.0,811.0,0.0,2890.4,2323871.84,0
2024-03-04,2024-03-04 11:00:00,827.0,851.95,827.0,839.48,1.51,184.0,156696.8,1
2024-03-04,2024-03-04 12:00:00,839.48,851.95,839.48,851.95,1.49,184.0,156696.8,1
2024-03-04,2024-03-04 13:00:00,851.95,864.42,851.95,864.42,1.46,184.0,156696.8,1
2024-03-04,2024-03-04 14:00:00,864.42,876.9,864.42,876.9,1.44,184.0,156696.8,1
2024-03-04,2024-03-04 15:00:00,876.9,876.9,827.0,876.9,0.0,184.0,156696.8,0
2024-03-05,2024-03-05 11:00:00,877.0,878.5,850.1,864.5,-1.43,4274.4,3587749.32,-1
2024-03-05,2024-03-05 12:00:00,864.5,864.5,852.0,852.0,-1.45,4274.4,3587749.32,-1
2024-03-05,2024-03-05 13:00:00,852.0,852.0,839.5,839.5,-1.47,4274.4,3587749.32,-1
2024-03-05,2024-03-05 14:00:00,839.5,839.5,827.0,827.0,-1.49,4274.4,3587749.32,-1
2024-03-05,2024-03-05 15:00:00,827.0,880.0,823.2,827.0,0.0,4274.4,3587749.32,0
2024-03-06,2024-03-06 11:00:00,815.1,828.0,811.55,817.8,0.33,3235.0,2650682.06,1
2024-03-06,2024-03-06 12:00:00,817.8,820.5,817.8,820.5,0.33,3235.0,2650682.06,1
2024-03-06,2024-03-06 13:00:00,820.5,823.2,820.5,823.2,0.33,3235.0,2650682.06,1
2024-03-06,2024-03-06 14:00:00,823.2,825.9,823.2,825.9,0.33,3235.0,2650682.06,1
2024-03-06,2024-03-06 15:00:00,825.9,840.9,808.0,825.9,0.0,3235.0,2650682.06,0
2024-03-07,2024-03-07 11:00:00,842.4,842.4,826.2,836.3,-0.72,3090.0,2543107.64,-1
2024-03-07,2024-03-07 12:00:00,836.3,836.3,830.2,830.2,-0.73,3090.0,2543107.64,-1
2024-03-07,2024-03-07 13:00:00,830.2,830.2,824.1,824.1,-0.73,3090.0,2543107.64,-1
2024-03-07,2024-03-07 14:00:00,824.1,824.1,818.0,818.0,-0.74,3090.0,2543107.64,-1
2024-03-07,2024-03-07 15:00:00,818.0,842.4,810.0,818.0,0.0,3090.0,2543107.64,0
2024-03-10,2024-03-10 11:00:00,834.0,834.0,826.0,831.55,-0.29,2890.6,2387493.48,-1
2024-03-10,2024-03-10 12:00:00,831.55,831.55,829.1,829.1,-0.29,2890.6,2387493.48,-1
2024-03-10,2024-03-10 13:00:00,829.1,829.1,826.65,826.65,-0.3,2890.6,2387493.48,-1
2024-03-10,2024-03-10 14:00:00,826.65,826.65,824.2,824.2,-0.3,2890.6,2387493.48,-1
2024-03-10,2024-03-10 15:00:00,824.2,834.0,818.0,824.2,0.0,2890.6,2387493.48,0
2024-03-12,2024-03-12 11:00:00,840.6,849.0,832.8,844.17,0.42,5106.6,4287784.84,1
2024-03-12,2024-03-12 12:00:00,844.17,847.75,844.17,847.75,0.42,5106.6,4287784.84,1
2024-03-12,2024-03-12 13:00:00,847.75,851.33,847.75,851.33,0.42,5106.6,4287784.84,1
2024-03-12,2024-03-12 14:00:00,851.33,854.9,851.33,854.9,0.42,5106.6,4287784.84,1
2024-03-12,2024-03-12 15:00:00,854.9,857.4,825.0,854.9,0.0,5106.6,4287784.84,0
2024-03-13,2024-03-13 11:00:00,871.9,871.9,855.95,864.67,-0.83,4015.6,3411252.64,-1
2024-03-13,2024-03-13 12:00:00,864.67,864.67,857.45,857.45,-0.84,4015.6,3411252.64,-1
2024-03-13,2024-03-13 13:00:00,857.45,857.45,850.23,850.23,-0.84,4015.6,3411252.64,-1
2024-03-13,2024-03-13 14:00:00,850.23,850.23,843.0,843.0,-0.85,4015.6,3411252.64,-1
2024-03-13,2024-03-13 15:00:00,843.0,871.9,840.0,843.0,0.0,4015.6,3411252.64,0
2024-03-14,2024-03-14 11:00:00,859.8,859.8,844.9,852.35,-0.87,4070.8,3419563.46,-1
2024-03-14,2024-03-14 12:00:00,852.35,852.35,844.9,844.9,-0.87,4070.8,3419563.46,-1
2024-03-14,2024-03-14 13:00:00,844.9,844.9,837.45,837.45,-0.88,4070.8,3419563.46,-1
2024-03-14,2024-03-14 14:00:00,837.45,837.45,830.0,830.0,-0.89,4070.8,3419563.46,-1
2024-03-14,2024-03-14 15:00:00,830.0,859.8,830.0,830.0,0.0,4070.8,3419563.46,0
2024-03-17,2024-03-17 11:00:00,846.6,846.6,835.8,841.7,-0.58,2031.0,1687794.26,-1
2024-03-17,2024-03-17 12:00:00,841.7,841.7,836.8,836.8,-0.58,2031.0,1687794.26,-1
2024-03-17,2024-03-17 13:00:00,836.8,836.8,831.9,831.9,-0.59,2031.0,1687794.26,-1
2024-03-17,2024-03-17 14:00:00,831.9,831.9,827.0,827.0,-0.59,2031.0,1687794.26,-1
2024-03-17,2024-03-17 15:00:00,827.0,846.6,825.0,827.0,0.0,2031.0,1687794.26,0
2024-03-18,2024-03-18 11:00:00,843.5,843.5,831.85,840.62,-0.34,2386.0,1982136.46,-1
2024-03-18,2024-03-18 12:00:00,840.62,840.62,837.75,837.75,-0.34,2386.0,1982136.46,-1
2024-03-18,2024-03-18 13:00:00,837.75,837.75,834.88,834.88,-0.34,2386.0,1982136.46,-1
2024-03-18,2024-03-18 14:00:00,834.88,834.88,832.0,832.0,-0.34,2386.0,1982136.46,-1
2024-03-18,2024-03-18 15:00:00,832.0,843.5,820.2,832.0,0.0,2386.0,1982136.46,0
2024-03-19,2024-03-19 11:00:00,848.6,848.6,839.3,843.95,-0.55,2138.8,1786547.46,-1
2024-03-19,2024-03-19 12:00:00,843.95,843.95,839.3,839.3,-0.55,2138.8,1786547.46,-1
2024-03-19,2024-03-19 13:00:00,839.3,839.3,834.65,834.65,-0.55,2138.8,1786547.46,-1
2024-03-19,2024-03-19 14:00:00,834.65,834.65,830.0,830.0,-0.56,2138.8,1786547.46,-1
2024-03-19,2024-03-19 15:00:00,830.0,848.6,830.0,830.0,0.0,2138.8,1786547.46,0
2024-03-20,2024-03-20 11:00:00,846.6,846.6,833.8,843.2,-0.4,1732.2,1441183.82,-1
2024-03-20,2024-03-20 12:00:00,843.2,843.2,839.8,839.8,-0.4,1732.2,1441183.82,-1
2024-03-20,2024-03-20 13:00:00,839.8,839.8,836.4,836.4,-0.4,1732.2,1441183.82,-1
2024-03-20,2024-03-20 14:00:00,836.4,836.4,833.0,833.0,-0.41,1732.2,1441183.82,-1
2024-03-20,2024-03-20 15:00:00,833.0,846.6,821.0,833.0,0.0,1732.2,1441183.82,0
2024-03-21,2024-03-21 11:00:00,849.6,849.6,833.85,842.7,-0.81,2168.8,1787507.02,-1
2024-03-21,2024-03-21 12:00:00,842.7,842.7,835.8,835.8,-0.82,2168.8,1787507.02,-1
2024-03-21,2024-03-21 13:00:00,835.8,835.8,828.9,828.9,-0.83,2168.8,1787507.02,-1
2024-03-21,2024-03-21 14:00:00,828.9,828.9,822.0,822.0,-0.83,2168.8,1787507.02,-1
2024-03-21,2024-03-21 15:00:00,822.0,849.6,818.1,822.0,0.0,2168.8,1787507.02,0
2024-03-25,2024-03-25 11:00:00,830.0,830.0,822.5,826.88,-0.38,1357.2,1112493.76,-1
2024-03-25,2024-03-25 12:00:00,826.88,826.88,823.75,823.75,-0.38,1357.2,1112493.76,-1
2024-03-25,2024-03-25 13:00:00,823.75,823.75,820.62,820.62,-0.38,1357.2,1112493.76,-1
2024-03-25,2024-03-25 14:00:00,820.62,820.62,817.5,817.5,-0.38,1357.2,1112493.76,-1
2024-03-25,2024-03-25 15:00:00,817.5,830.0,815.0,817.5,0.0,1357.2,1112493.76,0
2024-03-26,2024-03-26 11:00:00,821.0,826.5,820.55,821.5,0.06,783.2,645365.12,1
2024-03-26,2024-03-26 12:00:00,821.5,822.0,821.5,822.0,0.06,783.2,645365.12,1
2024-03-26,2024-03-26 13:00:00,822.0,822.5,822.0,822.5,0.06,783.2,645365.12,1
2024-03-26,2024-03-26 14:00:00,822.5,823.0,822.5,823.0,0.06,783.2,645365.12,1
2024-03-26,2024-03-26 15:00:00,823.0,832.0,820.1,823.0,0.0,783.2,645365.12,0
2024-03-27,2024-03-27 11:00:00,820.0,824.0,819.5,820.02,0.0,1423.4,1169025.46,1
2024-03-27,2024-03-27 12:00:00,820.02,820.05,820.02,820.05,0.0,1423.4,1169025.46,1
2024-03-27,2024-03-27 13:00:00,820.05,820.08,820.05,820.08,0.0,1423.4,1169025.46,1
2024-03-27,2024-03-27 14:00:00,820.08,820.1,820.08,820.1,0.0,1423.4,1169025.46,1
2024-03-27,2024-03-27 15:00:00,820.1,828.0,819.0,820.1,0.0,1423.4,1169025.46,0
2024-03-28,2024-03-28 11:00:00,825.0,826.0,819.55,823.3,-0.21,1826.6,1494714.92,-1
2024-03-28,2024-03-28 12:00:00,823.3,823.3,821.6,821.6,-0.21,1826.6,1494714.92,-1
2024-03-28,2024-03-28 13:00:00,821.6,821.6,819.9,819.9,-0.21,1826.6,1494714.92,-1
2024-03-28,2024-03-28 14:00:00,819.9,819.9,818.2,818.2,-0.21,1826.6,1494714.92,-1
2024-03-28,2024-03-28 15:00:00,818.2,827.0,814.1,818.2,0.0,1826.6,1494714.92,0
2024-03-31,2024-03-31 11:00:00,818.2,824.1,814.1,817.03,-0.14,1752.6,1434707.5,-1
2024-03-31,2024-03-31 12:00:00,817.03,817.03,815.85,815.85,-0.14,1752.6,1434707.5,-1
2024-03-31,2024-03-31 13:00:00,815.85,815.85,814.67,814.67,-0.14,1752.6,1434707.5,-1
2024-03-31,2024-03-31 14:00:00,814.67,814.67,813.5,813.5,-0.14,1752.6,1434707.5,-1
2024-03-31,2024-03-31 15:00:00,813.5,830.0,810.0,813.5,0.0,1752.6,1434707.5,0
2024-04-01,2024-04-01 11:00:00,807.0,813.5,806.75,807.75,0.09,955.2,776824.42,1
2024-04-01,2024-04-01 12:00:00,807.75,808.5,807.75,808.5,0.09,955.2,776824.42,1
2024-04-01,2024-04-01 13:00:00,808.5,809.25,808.5,809.25,0.09,955.2,776824.42,1
2024-04-01,2024-04-01 14:00:00,809.25,810.0,809.25,810.0,0.09,955.2,776824.42,1
2024-04-01,2024-04-01 15:00:00,810.0,820.0,806.5,810.0,0.0,955.2,776824.42,0
2024-04-02,2024-04-02 11:00:00,826.0,826.0,817.5,822.25,-0.45,2144.8,1738592.04,-1
2024-04-02,2024-04-02 12:00:00,822.25,822.25,818.5,818.5,-0.46,2144.8,1738592.04,-1
2024-04-02,2024-04-02 13:00:00,818.5,818.5,814.75,814.75,-0.46,2144.8,1738592.04,-1
2024-04-02,2024-04-02 14:00:00,814.75,814.75,811.0,811.0,-0.46,2144.8,1738592.04,-1
2024-04-02,2024-04-02 15:00:00,811.0,826.0,809.0,811.0,0.0,2144.8,1738592.04,0
2024-04-03,2024-04-03 11:00:00,810.0,814.0,810.0,810.38,0.05,1134.0,920978.4,1
2024-04-03,2024-04-03 12:00:00,810.38,810.75,810.38,810.75,0.05,1134.0,920978.4,1
2024-04-03,2024-04-03 13:00:00,810.75,811.12,810.75,811.12,0.05,1134.0,920978.4,1
2024-04-03,2024-04-03 14:00:00,811.12,811.5,811.12,811.5,0.05,1134.0,920978.4,1
2024-04-03,2024-04-03 15:00:00,811.5,818.0,810.0,811.5,0.0,1134.0,920978.4,0
2024-04-04,2024-04-04 11:00:00,819.0,819.0,813.5,816.5,-0.31,1283.8,1040392.9,-1
2024-04-04,2024-04-04 12:00:00,816.5,816.5,814.0,814.0,-0.31,1283.8,1040392.9,-1
2024-04-04,2024-04-04 13:00:00,814.0,814.0,811.5,811.5,-0.31,1283.8,1040392.9,-1
2024-04-04,2024-04-04 14:00:00,811.5,811.5,809.0,809.0,-0.31,1283.8,1040392.9,-1
2024-04-04,2024-04-04 15:00:00,809.0,819.0,808.0,809.0,0.0,1283.8,1040392.9,0
2024-04-07,2024-04-07 11:00:00,804.0,812.5,804.0,808.0,0.5,1735.0,1414955.72,1
2024-04-07,2024-04-07 12:00:00,808.0,812.0,808.0,812.0,0.5,1735.0,1414955.72,1
2024-04-07,2024-04-07 13:00:00,812.0,816.0,812.0,816.0,0.49,1735.0,1414955.72,1
2024-04-07,2024-04-07 14:00:00,816.0,820.0,816.0,820.0,0.49,1735.0,1414955.72,1
2024-04-07,2024-04-07 15:00:00,820.0,821.0,804.0,820.0,0.0,1735.0,1414955.72,0
2024-04-09,2024-04-09 11:00:00,820.0,827.5,817.5,820.0,0.0,1630.4,1338477.66,0
2024-04-09,2024-04-09 12:00:00,820.0,820.0,820.0,820.0,0.0,1630.4,1338477.66,0
2024-04-09,2024-04-09 13:00:00,820.0,820.0,820.0,820.0,0.0,1630.4,1338477.66,0
2024-04-09,2024-04-09 14:00:00,820.0,820.0,820.0,820.0,0.0,1630.4,1338477.66,0
2024-04-09,2024-04-09 15:00:00,820.0,835.0,815.0,820.0,0.0,1630.4,1338477.66,0
2024-04-10,2024-04-10 11:00:00,820.0,820.0,814.0,817.0,-0.37,1455.2,1184151.46,-1
2024-04-10,2024-04-10 12:00:00,817.0,817.0,814.0,814.0,-0.37,1455.2,1184151.46,-1
2024-04-10,2024-04-10 13:00:00,814.0,814.0,811.0,811.0,-0.37,1455.2,1184151.46,-1
2024-04-10,2024-04-10 14:00:00,811.0,811.0,808.0,808.0,-0.37,1455.2,1184151.46,-1
2024-04-10,2024-04-10 15:00:00,808.0,820.0,808.0,808.0,0.0,1455.2,1184151.46,0
2024-04-14,2024-04-14 11:00:00,801.0,812.5,801.0,805.75,0.59,1007.4,816782.08,1
2024-04-14,2024-04-14 12:00:00,805.75,810.5,805.75,810.5,0.59,1007.4,816782.08,1
2024-04-14,2024-04-14 13:00:00,810.5,815.25,810.5,815.25,0.59,1007.4,816782.08,1
2024-04-14,2024-04-14 14:00:00,815.25,820.0,815.25,820.0,0.58,1007.4,816782.08,1
2024-04-14,2024-04-14 15:00:00,820.0,824.0,801.0,820.0,0.0,1007.4,816782.08,0
2024-04-15,2024-04-15 11:00:00,812.0,813.5,807.8,810.25,-0.22,2065.0,1664087.8,-1
2024-04-15,2024-04-15 12:00:00,810.25,810.25,808.5,808.5,-0.22,2065.0,1664087.8,-1
2024-04-15,2024-04-15 13:00:00,808.5,808.5,806.75,806.75,-0.22,2065.0,1664087.8,-1
2024-04-15,2024-04-15 14:00:00,806.75,806.75,805.0,805.0,-0.22,2065.0,1664087.8,-1
2024-04-15,2024-04-15 15:00:00,805.0,815.0,803.6,805.0,0.0,2065.0,1664087.8,0
2024-04-16,2024-04-16 11:00:00,805.0,805.0,801.0,803.25,-0.22,2759.4,2210075.18,-1
2024-04-16,2024-04-16 12:00:00,803.25,803.25,801.5,801.5,-0.22,2759.4,2210075.18,-1
2024-04-16,2024-04-16 13:00:00,801.5,801.5,799.75,799.75,-0.22,2759.4,2210075.18,-1
2024-04-16,2024-04-16 14:00:00,799.75,799.75,798.0,798.0,-0.22,2759.4,2210075.18,-1
2024-04-16,2024-04-16 15:00:00,798.0,805.0,797.0,798.0,0.0,2759.4,2210075.18,0
2024-04-18,2024-04-18 11:00:00,799.0,800.5,794.5,796.75,-0.28,1993.4,1582267.3,-1
2024-04-18,2024-04-18 12:00:00,796.75,796.75,794.5,794.5,-0.28,1993.4,1582267.3,-1
2024-04-18,2024-04-18 13:00:00,794.5,794.5,792.25,792.25,-0.28,1993.4,1582267.3,-1
2024-04-18,2024-04-18 14:00:00,792.25,792.25,790.0,790.0,-0.28,1993.4,1582267.3,-1
2024-04-18,2024-04-18 15:00:00,790.0,802.0,790.0,790.0,0.0,1993.4,1582267.3,0
2024-04-21,2024-04-21 11:00:00,793.5,794.25,783.25,790.38,-0.39,2851.0,2227477.32,-1
2024-04-21,2024-04-21 12:00:00,790.38,790.38,787.25,787.25,-0.4,2851.0,2227477.32,-1
2024-04-21,2024-04-21 13:00:00,787.25,787.25,784.12,784.12,-0.4,2851.0,2227477.32,-1
2024-04-21,2024-04-21 14:00:00,784.12,784.12,781.0,781.0,-0.4,2851.0,2227477.32,-1
2024-04-21,2024-04-21 15:00:00,781.0,795.0,773.0,781.0,0.0,2851.0,2227477.32,0
2024-04-22,2024-04-22 11:00:00,781.0,785.5,779.0,782.75,0.22,945.6,742378.06,1
2024-04-22,2024-04-22 12:00:00,782.75,784.5,782.75,784.5,0.22,945.6,742378.06,1
2024-04-22,2024-04-22 13:00:00,784.5,786.25,784.5,786.25,0.22,945.6,742378.06,1
2024-04-22,2024-04-22 14:00:00,786.25,788.0,786.25,788.0,0.22,945.6,742378.06,1
2024-04-22,2024-04-22 15:00:00,788.0,790.0,777.0,788.0,0.0,945.6,742378.06,0
2024-04-24,2024-04-24 11:00:00,788.0,788.0,780.5,786.0,-0.25,1102.6,857995.1,-1
2024-04-24,2024-04-24 12:00:00,786.0,786.0,784.0,784.0,-0.25,1102.6,857995.1,-1
2024-04-24,2024-04-24 13:00:00,784.0,784.0,782.0,782.0,-0.26,1102.6,857995.1,-1
2024-04-24,2024-04-24 14:00:00,782.0,782.0,780.0,780.0,-0.26,1102.6,857995.1,-1
2024-04-24,2024-04-24 15:00:00,780.0,788.0,773.0,780.0,0.0,1102.6,857995.1,0
2024-04-25,2024-04-25 11:00:00,773.0,776.5,772.75,773.15,0.02,1085.8,841545.32,1
2024-04-25,2024-04-25 12:00:00,773.15,773.3,773.15,773.3,0.02,1085.8,841545.32,1
2024-04-25,2024-04-25 13:00:00,773.3,773.45,773.3,773.45,0.02,1085.8,841545.32,1
2024-04-25,2024-04-25 14:00:00,773.45,773.6,773.45,773.6,0.02,1085.8,841545.32,1
2024-04-25,2024-04-25 15:00:00,773.6,780.0,772.5,773.6,0.0,1085.8,841545.32,0
2024-04-28,2024-04-28 11:00:00,780.0,782.5,777.45,780.0,0.0,2210.8,1723480.48,0
2024-04-28,2024-04-28 12:00:00,780.0,780.0,780.0,780.0,0.0,2210.8,1723480.48,0
2024-04-28,2024-04-28 13:00:00,780.0,780.0,780.0,780.0,0.0,2210.8,1723480.48,0
2024-04-28,2024-04-28 14:00:00,780.0,780.0,780.0,780.0,0.0,2210.8,1723480.48,0
2024-04-28,2024-04-28 15:00:00,780.0,785.0,774.9,780.0,0.0,2210.8,1723480.48,0
2024-04-29,2024-04-29 11:00:00,780.0,782.5,775.0,778.0,-0.26,1539.6,1192958.72,-1
2024-04-29,2024-04-29 12:00:00,778.0,778.0,776.0,776.0,-0.26,1539.6,1192958.72,-1
2024-04-29,2024-04-29 13:00:00,776.0,776.0,774.0,774.0,-0.26,1539.6,1192958.72,-1
2024-04-29,2024-04-29 14:00:00,774.0,774.0,772.0,772.0,-0.26,1539.6,1192958.72,-1
2024-04-29,2024-04-29 15:00:00,772.0,785.0,770.0,772.0,0.0,1539.6,1192958.72,0
2024-04-30,2024-04-30 11:00:00,772.0,782.0,770.5,775.23,0.42,1648.8,1286019.86,1
2024-04-30,2024-04-30 12:00:00,775.23,778.45,775.23,778.45,0.42,1648.8,1286019.86,1
2024-04-30,2024-04-30 13:00:00,778.45,781.67,778.45,781.67,0.41,1648.8,1286019.86,1
2024-04-30,2024-04-30 14:00:00,781.67,784.9,781.67,784.9,0.41,1648.8,1286019.86,1
2024-04-30,2024-04-30 15:00:00,784.9,792.0,769.0,784.9,0.0,1648.8,1286019.86,0
2024-05-02,2024-05-02 11:00:00,800.5,800.5,790.25,795.4,-0.64,2017.2,1588471.74,-1
2024-05-02,2024-05-02 12:00:00,795.4,795.4,790.3,790.3,-0.64,2017.2,1588471.74,-1
2024-05-02,2024-05-02 13:00:00,790.3,790.3,785.2,785.2,-0.65,2017.2,1588471.74,-1
2024-05-02,2024-05-02 14:00:00,785.2,785.2,780.1,780.1,-0.65,2017.2,1588471.74,-1
2024-05-02,2024-05-02 15:00:00,780.1,800.5,780.0,780.1,0.0,2017.2,1588471.74,0
2024-05-05,2024-05-05 11:00:00,780.0,785.0,773.55,777.0,-0.38,1704.4,1316992.92,-1
2024-05-05,2024-05-05 12:00:00,777.0,777.0,774.0,774.0,-0.39,1704.4,1316992.92,-1
2024-05-05,2024-05-05 13:00:00,774.0,774.0,771.0,771.0,-0.39,1704.4,1316992.92,-1
2024-05-05,2024-05-05 14:00:00,771.0,771.0,768.0,768.0,-0.39,1704.4,1316992.92,-1
2024-05-05,2024-05-05 15:00:00,768.0,790.0,767.1,768.0,0.0,1704.4,1316992.92,0
2024-05-06,2024-05-06 11:00:00,780.0,780.0,770.0,775.5,-0.58,2293.6,1757108.04,-1
2024-05-06,2024-05-06 12:00:00,775.5,775.5,771.0,771.0,-0.58,2293.6,1757108.04,-1
2024-05-06,2024-05-06 13:00:00,771.0,771.0,766.5,766.5,-0.58,2293.6,1757108.04,-1
2024-05-06,2024-05-06 14:00:00,766.5,766.5,762.0,762.0,-0.59,2293.6,1757108.04,-1
2024-05-06,2024-05-06 15:00:00,762.0,780.0,760.0,762.0,0.0,2293.6,1757108.04,0
2024-05-07,2024-05-07 11:00:00,770.0,785.0,766.0,768.33,-0.22,629.2,484466.3,-1
2024-05-07,2024-05-07 12:00:00,768.33,768.33,766.65,766.65,-0.22,629.2,484466.3,-1
2024-05-07,2024-05-07 13:00:00,766.65,766.65,764.97,764.97,-0.22,629.2,484466.3,-1
2024-05-07,2024-05-07 14:00:00,764.97,764.97,763.3,763.3,-0.22,629.2,484466.3,-1
2024-05-07,2024-05-07 15:00:00,763.3,800.0,762.0,763.3,0.0,629.2,484466.3,0
2024-05-08,2024-05-08 11:00:00,769.9,770.95,765.95,768.67,-0.16,837.8,642269.0,-1
2024-05-08,2024-05-08 12:00:00,768.67,768.67,767.45,767.45,-0.16,837.8,642269.0,-1
2024-05-08,2024-05-08 13:00:00,767.45,767.45,766.23,766.23,-0.16,837.8,642269.0,-1
2024-05-08,2024-05-08 14:00:00,766.23,766.23,765.0,765.0,-0.16,837.8,642269.0,-1
2024-05-08,2024-05-08 15:00:00,765.0,772.0,762.0,765.0,0.0,837.8,642269.0,0
2024-05-09,2024-05-09 11:00:00,767.0,793.5,766.65,777.25,1.34,6600.0,5266761.42,1
2024-05-09,2024-05-09 12:00:00,777.25,787.5,777.25,787.5,1.32,6600.0,5266761.42,1
2024-05-09,2024-05-09 13:00:00,787.5,797.75,787.5,797.75,1.3,6600.0,5266761.42,1
2024-05-09,2024-05-09 14:00:00,797.75,808.0,797.75,808.0,1.28,6600.0,5266761.42,1
2024-05-09,2024-05-09 15:00:00,808.0,820.0,766.3,808.0,0.0,6600.0,5266761.42,0
2024-05-12,2024-05-12 11:00:00,824.1,824.55,807.05,816.7,-0.9,1818.6,1460254.44,-1
2024-05-12,2024-05-12 12:00:00,816.7,816.7,809.3,809.3,-0.91,1818.6,1460254.44,-1
2024-05-12,2024-05-12 13:00:00,809.3,809.3,801.9,801.9,-0.91,1818.6,1460254.44,-1
2024-05-12,2024-05-12 14:00:00,801.9,801.9,794.5,794.5,-0.92,1818.6,1460254.44,-1
2024-05-12,2024-05-12 15:00:00,794.5,825.0,790.0,794.5,0.0,1818.6,1460254.44,0
2024-05-13,2024-05-13 11:00:00,809.0,809.0,794.5,803.0,-0.74,1007.6,794562.04,-1
2024-05-13,2024-05-13 12:00:00,803.0,803.0,797.0,797.0,-0.75,1007.6,794562.04,-1
2024-05-13,2024-05-13 13:00:00,797.0,797.0,791.0,791.0,-0.75,1007.6,794562.04,-1
2024-05-13,2024-05-13 14:00:00,791.0,791.0,785.0,785.0,-0.76,1007.6,794562.04,-1
2024-05-13,2024-05-13 15:00:00,785.0,809.0,780.0,785.0,0.0,1007.6,794562.04,0
2024-05-14,2024-05-14 11:00:00,775.0,787.45,775.0,780.12,0.66,1514.8,1198348.44,1
2024-05-14,2024-05-14 12:00:00,780.12,785.25,780.12,785.25,0.66,1514.8,1198348.44,1
2024-05-14,2024-05-14 13:00:00,785.25,790.38,785.25,790.38,0.65,1514.8,1198348.44,1
2024-05-14,2024-05-14 14:00:00,790.38,795.5,790.38,795.5,0.65,1514.8,1198348.44,1
2024-05-14,2024-05-14 15:00:00,795.5,799.9,775.0,795.5,0.0,1514.8,1198348.44,0
2024-05-15,2024-05-15 11:00:00,796.0,802.0,791.5,793.75,-0.28,2186.6,1738202.46,-1
2024-05-15,2024-05-15 12:00:00,793.75,793.75,791.5,791.5,-0.28,2186.6,1738202.46,-1
2024-05-15,2024-05-15 13:00:00,791.5,791.5,789.25,789.25,-0.28,2186.6,1738202.46,-1
2024-05-15,2024-05-15 14:00:00,789.25,789.25,787.0,787.0,-0.29,2186.6,1738202.46,-1
2024-05-15,2024-05-15 15:00:00,787.0,808.0,787.0,787.0,0.0,2186.6,1738202.46,0
2024-05-16,2024-05-16 11:00:00,795.0,795.0,790.0,793.75,-0.16,1216.6,958750.88,-1
2024-05-16,2024-05-16 12:00:00,793.75,793.75,792.5,792.5,-0.16,1216.6,958750.88,-1
2024-05-16,2024-05-16 13:00:00,792.5,792.5,791.25,791.25,-0.16,1216.6,958750.88,-1
2024-05-16,2024-05-16 14:00:00,791.25,791.25,790.0,790.0,-0.16,1216.6,958750.88,-1
2024-05-16,2024-05-16 15:00:00,790.0,795.0,785.0,790.0,0.0,1216.6,958750.88,0
2024-05-19,2024-05-19 11:00:00,790.0,802.5,789.0,791.5,0.19,1711.8,1374442.12,1
2024-05-19,2024-05-19 12:00:00,791.5,793.0,791.5,793.0,0.19,1711.8,1374442.12,1
2024-05-19,2024-05-19 13:00:00,793.0,794.5,793.0,794.5,0.19,1711.8,1374442.12,1
2024-05-19,2024-05-19 14:00:00,794.5,796.0,794.5,796.0,0.19,1711.8,1374442.12,1
2024-05-19,2024-05-19 15:00:00,796.0,815.0,788.0,796.0,0.0,1711.8,1374442.12,0
2024-05-20,2024-05-20 11:00:00,811.0,811.0,802.5,808.25,-0.34,3132.4,2510535.32,-1
2024-05-20,2024-05-20 12:00:00,808.25,808.25,805.5,805.5,-0.34,3132.4,2510535.32,-1
2024-05-20,2024-05-20 13:00:00,805.5,805.5,802.75,802.75,-0.34,3132.4,2510535.32,-1
2024-05-20,2024-05-20 14:00:00,802.75,802.75,800.0,800.0,-0.34,3132.4,2510535.32,-1
2024-05-20,2024-05-20 15:00:00,800.0,811.0,794.0,800.0,0.0,3132.4,2510535.32,0
2024-05-21,2024-05-21 11:00:00,795.1,802.55,793.1,796.83,0.22,2629.0,2107078.66,1
2024-05-21,2024-05-21 12:00:00,796.83,798.55,796.83,798.55,0.22,2629.0,2107078.66,1
2024-05-21,2024-05-21 13:00:00,798.55,800.27,798.55,800.27,0.22,2629.0,2107078.66,1
2024-05-21,2024-05-21 14:00:00,800.27,802.0,800.27,802.0,0.22,2629.0,2107078.66,1
2024-05-21,2024-05-21 15:00:00,802.0,810.0,791.1,802.0,0.0,2629.0,2107078.66,0
2024-05-22,2024-05-22 11:00:00,803.0,831.5,803.0,814.75,1.46,8703.8,7294062.64,1
2024-05-22,2024-05-22 12:00:00,814.75,826.5,814.75,826.5,1.44,8703.8,7294062.64,1
2024-05-22,2024-05-22 13:00:00,826.5,838.25,826.5,838.25,1.42,8703.8,7294062.64,1
2024-05-22,2024-05-22 14:00:00,838.25,850.0,838.25,850.0,1.4,8703.8,7294062.64,1
2024-05-22,2024-05-22 15:00:00,850.0,860.0,803.0,850.0,0.0,8703.8,7294062.64,0
2024-05-26,2024-05-26 11:00:00,850.0,869.5,848.0,856.75,0.79,10068.0,8779688.18,1
2024-05-26,2024-05-26 12:00:00,856.75,863.5,856.75,863.5,0.79,10068.0,8779688.18,1
2024-05-26,2024-05-26 13:00:00,863.5,870.25,863.5,870.25,0.78,10068.0,8779688.18,1
2024-05-26,2024-05-26 14:00:00,870.25,877.0,870.25,877.0,0.78,10068.0,8779688.18,1
2024-05-26,2024-05-26 15:00:00,877.0,889.0,846.0,877.0,0.0,10068.0,8779688.18,0
2024-05-27,2024-05-27 11:00:00,894.5,897.75,880.8,890.88,-0.4,8780.4,7790083.04,-1
2024-05-27,2024-05-27 12:00:00,890.88,890.88,887.25,887.25,-0.41,8780.4,7790083.04,-1
2024-05-27,2024-05-27 13:00:00,887.25,887.25,883.62,883.62,-0.41,8780.4,7790083.04,-1
2024-05-27,2024-05-27 14:00:00,883.62,883.62,880.0,880.0,-0.41,8780.4,7790083.04,-1
2024-05-27,2024-05-27 15:00:00,880.0,901.0,867.1,880.0,0.0,8780.4,7790083.04,0
2024-05-29,2024-05-29 11:00:00,897.6,911.3,893.8,895.7,-0.21,9309.2,8451071.96,-1
2024-05-29,2024-05-29 12:00:00,895.7,895.7,893.8,893.8,-0.21,9309.2,8451071.96,-1
2024-05-29,2024-05-29 13:00:00,893.8,893.8,891.9,891.9,-0.21,9309.2,8451071.96,-1
2024-05-29,2024-05-29 14:00:00,891.9,891.9,890.0,890.0,-0.21,9309.2,8451071.96,-1
2024-05-29,2024-05-29 15:00:00,890.0,925.0,890.0,890.0,0.0,9309.2,8451071.96,0
2024-05-30,2024-05-30 11:00:00,890.0,890.5,872.5,883.38,-0.74,5797.4,5031104.92,-1
2024-05-30,2024-05-30 12:00:00,883.38,883.38,876.75,876.75,-0.75,5797.4,5031104.92,-1
2024-05-30,2024-05-30 13:00:00,876.75,876.75,870.12,870.12,-0.76,5797.4,5031104.92,-1
2024-05-30,2024-05-30 14:00:00,870.12,870.12,863.5,863.5,-0.76,5797.4,5031104.92,-1
2024-05-30,2024-05-30 15:00:00,863.5,891.0,855.0,863.5,0.0,5797.4,5031104.92,0
2024-06-02,2024-06-02 11:00:00,864.0,865.0,854.5,859.25,-0.55,5581.8,4772681.62,-1
2024-06-02,2024-06-02 12:00:00,859.25,859.25,854.5,854.5,-0.55,5581.8,4772681.62,-1
2024-06-02,2024-06-02 13:00:00,854.5,854.5,849.75,849.75,-0.56,5581.8,4772681.62,-1
2024-06-02,2024-06-02 14:00:00,849.75,849.75,845.0,845.0,-0.56,5581.8,4772681.62,-1
2024-06-02,2024-06-02 15:00:00,845.0,866.0,845.0,845.0,0.0,5581.8,4772681.62,0
2024-06-03,2024-06-03 11:00:00,860.0,868.5,851.05,857.75,-0.26,3459.8,2967406.72,-1
2024-06-03,2024-06-03 12:00:00,857.75,857.75,855.5,855.5,-0.26,3459.8,2967406.72,-1
2024-06-03,2024-06-03 13:00:00,855.5,855.5,853.25,853.25,-0.26,3459.8,2967406.72,-1
2024-06-03,2024-06-03 14:00:00,853.25,853.25,851.0,851.0,-0.26,3459.8,2967406.72,-1
2024-06-03,2024-06-03 15:00:00,851.0,877.0,842.1,851.0,0.0,3459.8,2967406.72,0
2024-06-04,2024-06-04 11:00:00,855.0,860.0,855.0,855.45,0.05,2498.6,2149582.84,1
2024-06-04,2024-06-04 12:00:00,855.45,855.9,855.45,855.9,0.05,2498.6,2149582.84,1
2024-06-04,2024-06-04 13:00:00,855.9,856.35,855.9,856.35,0.05,2498.6,2149582.84,1
2024-06-04,2024-06-04 14:00:00,856.35,856.8,856.35,856.8,0.05,2498.6,2149582.84,1
2024-06-04,2024-06-04 15:00:00,856.8,865.0,855.0,856.8,0.0,2498.6,2149582.84,0
2024-06-05,2024-06-05 11:00:00,869.0,869.05,859.5,866.0,-0.35,2916.8,2499854.18,-1
2024-06-05,2024-06-05 12:00:00,866.0,866.0,863.0,863.0,-0.35,2916.8,2499854.18,-1
2024-06-05,2024-06-05 13:00:00,863.0,863.0,860.0,860.0,-0.35,2916.8,2499854.18,-1
2024-06-05,2024-06-05 14:00:00,860.0,860.0,857.0,857.0,-0.35,2916.8,2499854.18,-1
2024-06-05,2024-06-05 15:00:00,857.0,869.1,850.0,857.0,0.0,2916.8,2499854.18,0
2024-06-06,2024-06-06 11:00:00,865.0,869.45,861.05,863.75,-0.14,3489.8,3015490.04,-1
2024-06-06,2024-06-06 12:00:00,863.75,863.75,862.5,862.5,-0.14,3489.8,3015490.04,-1
2024-06-06,2024-06-06 13:00:00,862.5,862.5,861.25,861.25,-0.14,3489.8,3015490.04,-1
2024-06-06,2024-06-06 14:00:00,861.25,861.25,860.0,860.0,-0.15,3489.8,3015490.04,-1
2024-06-06,2024-06-06 15:00:00,860.0,873.9,857.1,860.0,0.0,3489.8,3015490.04,0
2024-06-09,2024-06-09 11:00:00,861.0,881.45,861.0,867.0,0.7,8076.2,7209033.3,1
2024-06-09,2024-06-09 12:00:00,867.0,873.0,867.0,873.0,0.69,8076.2,7209033.3,1
2024-06-09,2024-06-09 13:00:00,873.0,879.0,873.0,879.0,0.69,8076.2,7209033.3,1
2024-06-09,2024-06-09 14:00:00,879.0,885.0,879.0,885.0,0.68,8076.2,7209033.3,1
2024-06-09,2024-06-09 15:00:00,885.0,901.9,861.0,885.0,0.0,8076.2,7209033.3,0
2024-06-10,2024-06-10 11:00:00,900.0,901.35,887.5,893.75,-0.69,2535.2,2239432.52,-1
2024-06-10,2024-06-10 12:00:00,893.75,893.75,887.5,887.5,-0.7,2535.2,2239432.52,-1
2024-06-10,2024-06-10 13:00:00,887.5,887.5,881.25,881.25,-0.7,2535.2,2239432.52,-1
2024-06-10,2024-06-10 14:00:00,881.25,881.25,875.0,875.0,-0.71,2535.2,2239432.52,-1
2024-06-10,2024-06-10 15:00:00,875.0,902.7,875.0,875.0,0.0,2535.2,2239432.52,0
2024-06-11,2024-06-11 11:00:00,888.0,888.0,877.15,885.73,-0.26,2324.8,2035867.7,-1
2024-06-11,2024-06-11 12:00:00,885.73,885.73,883.45,883.45,-0.26,2324.8,2035867.7,-1
2024-06-11,2024-06-11 13:00:00,883.45,883.45,881.17,881.17,-0.26,2324.8,2035867.7,-1
2024-06-11,2024-06-11 14:00:00,881.17,881.17,878.9,878.9,-0.26,2324.8,2035867.7,-1
2024-06-11,2024-06-11 15:00:00,878.9,888.0,866.3,878.9,0.0,2324.8,2035867.7,0
2024-06-12,2024-06-12 11:00:00,894.0,894.0,878.5,886.75,-0.81,3251.4,2831591.3,-1
2024-06-12,2024-06-12 12:00:00,886.75,886.75,879.5,879.5,-0.82,3251.4,2831591.3,-1
2024-06-12,2024-06-12 13:00:00,879.5,879.5,872.25,872.25,-0.82,3251.4,2831591.3,-1
2024-06-12,2024-06-12 14:00:00,872.25,872.25,865.0,865.0,-0.83,3251.4,2831591.3,-1
2024-06-12,2024-06-12 15:00:00,865.0,894.0,863.0,865.0,0.0,3251.4,2831591.3,0
2024-06-13,2024-06-13 11:00:00,870.0,875.0,862.0,866.0,-0.46,3230.8,2796603.8,-1
2024-06-13,2024-06-13 12:00:00,866.0,866.0,862.0,862.0,-0.46,3230.8,2796603.8,-1
2024-06-13,2024-06-13 13:00:00,862.0,862.0,858.0,858.0,-0.46,3230.8,2796603.8,-1
2024-06-13,2024-06-13 14:00:00,858.0,858.0,854.0,854.0,-0.47,3230.8,2796603.8,-1
2024-06-13,2024-06-13 15:00:00,854.0,880.0,854.0,854.0,0.0,3230.8,2796603.8,0
2024-06-16,2024-06-16 11:00:00,855.0,863.0,854.55,856.25,0.15,2271.8,1964536.04,1
2024-06-16,2024-06-16 12:00:00,856.25,857.5,856.25,857.5,0.15,2271.8,1964536.04,1
2024-06-16,2024-06-16 13:00:00,857.5,858.75,857.5,858.75,0.15,2271.8,1964536.04,1
2024-06-16,2024-06-16 14:00:00,858.75,860.0,858.75,860.0,0.15,2271.8,1964536.04,1
2024-06-16,2024-06-16 15:00:00,860.0,871.0,854.1,860.0,0.0,2271.8,1964536.04,0
2024-06-18,2024-06-18 11:00:00,850.1,857.05,849.05,850.8,0.08,1820.2,1555699.34,1
2024-06-18,2024-06-18 12:00:00,850.8,851.5,850.8,851.5,0.08,1820.2,1555699.34,1
2024-06-18,2024-06-18 13:00:00,851.5,852.2,851.5,852.2,0.08,1820.2,1555699.34,1
2024-06-18,2024-06-18 14:00:00,852.2,852.9,852.2,852.9,0.08,1820.2,1555699.34,1
2024-06-18,2024-06-18 15:00:00,852.9,864.0,848.0,852.9,0.0,1820.2,1555699.34,0
2024-06-19,2024-06-19 11:00:00,853.0,857.0,852.5,854.7,0.2,1912.8,1639594.8,1
2024-06-19,2024-06-19 12:00:00,854.7,856.4,854.7,856.4,0.2,1912.8,1639594.8,1
2024-06-19,2024-06-19 13:00:00,856.4,858.1,856.4,858.1,0.2,1912.8,1639594.8,1
2024-06-19,2024-06-19 14:00:00,858.1,859.8,858.1,859.8,0.2,1912.8,1639594.8,1
2024-06-19,2024-06-19 15:00:00,859.8,861.0,852.0,859.8,0.0,1912.8,1639594.8,0
2024-06-20,2024-06-20 11:00:00,875.0,875.0,862.55,868.77,-0.71,2535.0,2178734.54,-1
2024-06-20,2024-06-20 12:00:00,868.77,868.77,862.55,862.55,-0.72,2535.0,2178734.54,-1
2024-06-20,2024-06-20 13:00:00,862.55,862.55,856.33,856.33,-0.72,2535.0,2178734.54,-1
2024-06-20,2024-06-20 14:00:00,856.33,856.33,850.1,850.1,-0.73,2535.0,2178734.54,-1
2024-06-20,2024-06-20 15:00:00,850.1,875.0,850.1,850.1,0.0,2535.0,2178734.54,0
2024-06-23,2024-06-23 11:00:00,847.0,853.45,842.0,845.25,-0.21,2148.0,1815969.0,-1
2024-06-23,2024-06-23 12:00:00,845.25,845.25,843.5,843.5,-0.21,2148.0,1815969.0,-1
2024-06-23,2024-06-23 13:00:00,843.5,843.5,841.75,841.75,-0.21,2148.0,1815969.0,-1
2024-06-23,2024-06-23 14:00:00,841.75,841.75,840.0,840.0,-0.21,2148.0,1815969.0,-1
2024-06-23,2024-06-23 15:00:00,840.0,859.9,837.0,840.0,0.0,2148.0,1815969.0,0
2024-06-24,2024-06-24 11:00:00,838.0,846.45,838.0,838.5,0.06,1585.6,1335785.42,1
2024-06-24,2024-06-24 12:00:00,838.5,839.0,838.5,839.0,0.06,1585.6,1335785.42,1
2024-06-24,2024-06-24 13:00:00,839.0,839.5,839.0,839.5,0.06,1585.6,1335785.42,1
2024-06-24,2024-06-24 14:00:00,839.5,840.0,839.5,840.0,0.06,1585.6,1335785.42,1
2024-06-24,2024-06-24 15:00:00,840.0,854.9,838.0,840.0,0.0,1585.6,1335785.42,0
2024-06-25,2024-06-25 11:00:00,845.0,852.5,843.0,846.52,0.18,1766.4,1502531.68,1
2024-06-25,2024-06-25 12:00:00,846.52,848.05,846.52,848.05,0.18,1766.4,1502531.68,1
2024-06-25,2024-06-25 13:00:00,848.05,849.58,848.05,849.58,0.18,1766.4,1502531.68,1
2024-06-25,2024-06-25 14:00:00,849.58,851.1,849.58,851.1,0.18,1766.4,1502531.68,1
2024-06-25,2024-06-25 15:00:00,851.1,860.0,841.0,851.1,0.0,1766.4,1502531.68,0
2024-06-26,2024-06-26 11:00:00,859.9,860.2,850.0,856.17,-0.43,1301.0,1107297.26,-1
2024-06-26,2024-06-26 12:00:00,856.17,856.17,852.45,852.45,-0.43,1301.0,1107297.26,-1
2024-06-26,2024-06-26 13:00:00,852.45,852.45,848.73,848.73,-0.44,1301.0,1107297.26,-1
2024-06-26,2024-06-26 14:00:00,848.73,848.73,845.0,845.0,-0.44,1301.0,1107297.26,-1
2024-06-26,2024-06-26 15:00:00,845.0,860.5,840.1,845.0,0.0,1301.0,1107297.26,0
2024-06-27,2024-06-27 11:00:00,841.0,843.5,839.55,840.27,-0.09,1273.0,1070782.06,-1
2024-06-27,2024-06-27 12:00:00,840.27,840.27,839.55,839.55,-0.09,1273.0,1070782.06,-1
2024-06-27,2024-06-27 13:00:00,839.55,839.55,838.83,838.83,-0.09,1273.0,1070782.06,-1
2024-06-27,2024-06-27 14:00:00,838.83,838.83,838.1,838.1,-0.09,1273.0,1070782.06,-1
2024-06-27,2024-06-27 15:00:00,838.1,846.0,838.1,838.1,0.0,1273.0,1070782.06,0
2024-06-30,2024-06-30 11:00:00,833.0,838.9,833.0,833.02,0.0,893.6,745659.88,1
2024-06-30,2024-06-30 12:00:00,833.02,833.05,833.02,833.05,0.0,893.6,745659.88,1
2024-06-30,2024-06-30 13:00:00,833.05,833.08,833.05,833.08,0.0,893.6,745659.88,1
2024-06-30,2024-06-30 14:00:00,833.08,833.1,833.08,833.1,0.0,893.6,745659.88,1
2024-06-30,2024-06-30 15:00:00,833.1,844.8,833.0,833.1,0.0,893.6,745659.88,0
2024-07-01,2024-07-01 11:00:00,835.0,840.0,835.0,836.0,0.12,1631.8,1366279.2,1
2024-07-01,2024-07-01 12:00:00,836.0,837.0,836.0,837.0,0.12,1631.8,1366279.2,1
2024-07-01,2024-07-01 13:00:00,837.0,838.0,837.0,838.0,0.12,1631.8,1366279.2,1
2024-07-01,2024-07-01 14:00:00,838.0,839.0,838.0,839.0,0.12,1631.8,1366279.2,1
2024-07-01,2024-07-01 15:00:00,839.0,845.0,835.0,839.0,0.0,1631.8,1366279.2,0
2024-07-02,2024-07-02 11:00:00,855.7,863.85,852.85,855.53,-0.02,1928.4,1652075.62,-1
2024-07-02,2024-07-02 12:00:00,855.53,855.53,855.35,855.35,-0.02,1928.4,1652075.62,-1
2024-07-02,2024-07-02 13:00:00,855.35,855.35,855.17,855.17,-0.02,1928.4,1652075.62,-1
2024-07-02,2024-07-02 14:00:00,855.17,855.17,855.0,855.0,-0.02,1928.4,1652075.62,-1
2024-07-02,2024-07-02 15:00:00,855.0,872.0,850.0,855.0,0.0,1928.4,1652075.62,0
2024-07-03,2024-07-03 11:00:00,848.2,853.1,843.6,846.15,-0.24,1567.8,1323366.56,-1
2024-07-03,2024-07-03 12:00:00,846.15,846.15,844.1,844.1,-0.24,1567.8,1323366.56,-1
2024-07-03,2024-07-03 13:00:00,844.1,844.1,842.05,842.05,-0.24,1567.8,1323366.56,-1
2024-07-03,2024-07-03 14:00:00,842.05,842.05,840.0,840.0,-0.24,1567.8,1323366.56,-1
2024-07-03,2024-07-03 15:00:00,840.0,858.0,839.0,840.0,0.0,1567.8,1323366.56,0
2024-07-04,2024-07-04 11:00:00,856.0,859.65,848.05,856.38,0.04,2897.2,2471773.12,1
2024-07-04,2024-07-04 12:00:00,856.38,856.75,856.38,856.75,0.04,2897.2,2471773.12,1
2024-07-04,2024-07-04 13:00:00,856.75,857.12,856.75,857.12,0.04,2897.2,2471773.12,1
2024-07-04,2024-07-04 14:00:00,857.12,857.5,857.12,857.5,0.04,2897.2,2471773.12,1
2024-07-04,2024-07-04 15:00:00,857.5,863.3,840.1,857.5,0.0,2897.2,2471773.12,0
2024-07-07,2024-07-07 11:00:00,852.0,879.5,852.0,859.75,0.91,5640.2,4984345.92,1
2024-07-07,2024-07-07 12:00:00,859.75,867.5,859.75,867.5,0.9,5640.2,4984345.92,1
2024-07-07,2024-07-07 13:00:00,867.5,875.25,867.5,875.25,0.89,5640.2,4984345.92,1
2024-07-07,2024-07-07 14:00:00,875.25,883.0,875.25,883.0,0.89,5640.2,4984345.92,1
2024-07-07,2024-07-07 15:00:00,883.0,907.0,852.0,883.0,0.0,5640.2,4984345.92,0
2024-07-08,2024-07-08 11:00:00,899.0,899.0,882.35,890.9,-0.9,2413.6,2110845.66,-1
2024-07-08,2024-07-08 12:00:00,890.9,890.9,882.8,882.8,-0.91,2413.6,2110845.66,-1
2024-07-08,2024-07-08 13:00:00,882.8,882.8,874.7,874.7,-0.92,2413.6,2110845.66,-1
2024-07-08,2024-07-08 14:00:00,874.7,874.7,866.6,866.6,-0.93,2413.6,2110845.66,-1
2024-07-08,2024-07-08 15:00:00,866.6,899.0,865.7,866.6,0.0,2413.6,2110845.66,0
2024-07-09,2024-07-09 11:00:00,883.9,884.35,876.95,880.92,-0.34,1790.2,1567506.42,-1
2024-07-09,2024-07-09 12:00:00,880.92,880.92,877.95,877.95,-0.34,1790.2,1567506.42,-1
2024-07-09,2024-07-09 13:00:00,877.95,877.95,874.98,874.98,-0.34,1790.2,1567506.42,-1
2024-07-09,2024-07-09 14:00:00,874.98,874.98,872.0,872.0,-0.34,1790.2,1567506.42,-1
2024-07-09,2024-07-09 15:00:00,872.0,884.8,870.0,872.0,0.0,1790.2,1567506.42,0
2024-07-10,2024-07-10 11:00:00,881.0,884.45,876.5,880.8,-0.02,3692.4,3250771.0,-1
2024-07-10,2024-07-10 12:00:00,880.8,880.8,880.6,880.6,-0.02,3692.4,3250771.0,-1
2024-07-10,2024-07-10 13:00:00,880.6,880.6,880.4,880.4,-0.02,3692.4,3250771.0,-1
2024-07-10,2024-07-10 14:00:00,880.4,880.4,880.2,880.2,-0.02,3692.4,3250771.0,-1
2024-07-10,2024-07-10 15:00:00,880.2,887.9,872.0,880.2,0.0,3692.4,3250771.0,0
2024-07-11,2024-07-11 11:00:00,897.0,897.75,891.55,894.75,-0.25,5060.0,4513900.02,-1
2024-07-11,2024-07-11 12:00:00,894.75,894.75,892.5,892.5,-0.25,5060.0,4513900.02,-1
2024-07-11,2024-07-11 13:00:00,892.5,892.5,890.25,890.25,-0.25,5060.0,4513900.02,-1
2024-07-11,2024-07-11 14:00:00,890.25,890.25,888.0,888.0,-0.25,5060.0,4513900.02,-1
2024-07-11,2024-07-11 15:00:00,888.0,898.5,886.1,888.0,0.0,5060.0,4513900.02,0
2024-07-14,2024-07-14 11:00:00,905.7,915.85,902.85,908.03,0.26,5514.6,5022450.08,1
2024-07-14,2024-07-14 12:00:00,908.03,910.35,908.03,910.35,0.26,5514.6,5022450.08,1
2024-07-14,2024-07-14 13:00:00,910.35,912.67,910.35,912.67,0.25,5514.6,5022450.08,1
2024-07-14,2024-07-14 14:00:00,912.67,915.0,912.67,915.0,0.26,5514.6,5022450.08,1
2024-07-14,2024-07-14 15:00:00,915.0,926.0,900.0,915.0,0.0,5514.6,5022450.08,0
2024-07-15,2024-07-15 11:00:00,930.0,930.0,915.0,924.5,-0.59,3729.4,3398351.0,-1
2024-07-15,2024-07-15 12:00:00,924.5,924.5,919.0,919.0,-0.59,3729.4,3398351.0,-1
2024-07-15,2024-07-15 13:00:00,919.0,919.0,913.5,913.5,-0.6,3729.4,3398351.0,-1
2024-07-15,2024-07-15 14:00:00,913.5,913.5,908.0,908.0,-0.6,3729.4,3398351.0,-1
2024-07-15,2024-07-15 15:00:00,908.0,930.0,900.0,908.0,0.0,3729.4,3398351.0,0
2024-07-16,2024-07-16 11:00:00,907.1,936.05,907.1,920.33,1.46,10467.8,9798884.7,1
2024-07-16,2024-07-16 12:00:00,920.33,933.55,920.33,933.55,1.44,10467.8,9798884.7,1
2024-07-16,2024-07-16 13:00:00,933.55,946.77,933.55,946.77,1.42,10467.8,9798884.7,1
2024-07-16,2024-07-16 14:00:00,946.77,960.0,946.77,960.0,1.4,10467.8,9798884.7,1
2024-07-16,2024-07-16 15:00:00,960.0,965.0,907.1,960.0,0.0,10467.8,9798884.7,0
2024-07-17,2024-07-17 11:00:00,960.0,980.0,960.0,968.75,0.91,10134.8,9995753.36,1
2024-07-17,2024-07-17 12:00:00,968.75,977.5,968.75,977.5,0.9,10134.8,9995753.36,1
2024-07-17,2024-07-17 13:00:00,977.5,986.25,977.5,986.25,0.9,10134.8,9995753.36,1
2024-07-17,2024-07-17 14:00:00,986.25,995.0,986.25,995.0,0.89,10134.8,9995753.36,1
2024-07-17,2024-07-17 15:00:00,995.0,1000.0,960.0,995.0,0.0,10134.8,9995753.36,0
2024-07-18,2024-07-18 11:00:00,1000.0,1005.0,988.1,994.27,-0.57,7241.4,7197932.28,-1
2024-07-18,2024-07-18 12:00:00,994.27,994.27,988.55,988.55,-0.58,7241.4,7197932.28,-1
2024-07-18,2024-07-18 13:00:00,988.55,988.55,982.83,982.83,-0.58,7241.4,7197932.28,-1
2024-07-18,2024-07-18 14:00:00,982.83,982.83,977.1,977.1,-0.58,7241.4,7197932.28,-1
2024-07-18,2024-07-18 15:00:00,977.1,1010.0,976.2,977.1,0.0,7241.4,7197932.28,0
2024-07-21,2024-07-21 11:00:00,985.0,1001.5,980.0,990.75,0.58,10008.0,10042015.6,1
2024-07-21,2024-07-21 12:00:00,990.75,996.5,990.75,996.5,0.58,10008.0,10042015.6,1
2024-07-21,2024-07-21 13:00:00,996.5,1002.25,996.5,1002.25,0.58,10008.0,10042015.6,1
2024-07-21,2024-07-21 14:00:00,1002.25,1008.0,1002.25,1008.0,0.57,10008.0,10042015.6,1
2024-07-21,2024-07-21 15:00:00,1008.0,1018.0,975.0,1008.0,0.0,10008.0,10042015.6,0
2024-07-22,2024-07-22 11:00:00,1008.0,1013.0,998.0,1006.0,-0.2,7754.4,7741592.4,-1
2024-07-22,2024-07-22 12:00:00,1006.0,1006.0,1004.0,1004.0,-0.2,7754.4,7741592.4,-1
2024-07-22,2024-07-22 13:00:00,1004.0,1004.0,1002.0,1002.0,-0.2,7754.4,7741592.4,-1
2024-07-22,2024-07-22 14:00:00,1002.0,1002.0,1000.0,1000.0,-0.2,7754.4,7741592.4,-1
2024-07-22,2024-07-22 15:00:00,1000.0,1018.0,988.0,1000.0,0.0,7754.4,7741592.4,0
2024-07-23,2024-07-23 11:00:00,1000.0,1045.0,996.05,1020.75,2.08,11235.2,11913819.92,1
2024-07-23,2024-07-23 12:00:00,1020.75,1041.5,1020.75,1041.5,2.03,11235.2,11913819.92,1
2024-07-23,2024-07-23 13:00:00,1041.5,1062.25,1041.5,1062.25,1.99,11235.2,11913819.92,1
2024-07-23,2024-07-23 14:00:00,1062.25,1083.0,1062.25,1083.0,1.95,11235.2,11913819.92,1
2024-07-23,2024-07-23 15:00:00,1083.0,1090.0,992.1,1083.0,0.0,11235.2,11913819.92,0
2024-07-24,2024-07-24 11:00:00,1100.0,1145.65,1100.0,1122.75,2.07,25202.2,29652155.9,1
2024-07-24,2024-07-24 12:00:00,1122.75,1145.5,1122.75,1145.5,2.03,25202.2,29652155.9,1
2024-07-24,2024-07-24 13:00:00,1145.5,1168.25,1145.5,1168.25,1.99,25202.2,29652155.9,1
2024-07-24,2024-07-24 14:00:00,1168.25,1191.0,1168.25,1191.0,1.95,25202.2,29652155.9,1
2024-07-24,2024-07-24 15:00:00,1191.0,1191.3,1100.0,1191.0,0.0,25202.2,29652155.9,0
2024-07-25,2024-07-25 11:00:00,1214.8,1226.9,1190.55,1203.85,-0.9,9034.0,10672871.06,-1
2024-07-25,2024-07-25 12:00:00,1203.85,1203.85,1192.9,1192.9,-0.91,9034.0,10672871.06,-1
2024-07-25,2024-07-25 13:00:00,1192.9,1192.9,1181.95,1181.95,-0.92,9034.0,10672871.06,-1
2024-07-25,2024-07-25 14:00:00,1181.95,1181.95,1171.0,1171.0,-0.93,9034.0,10672871.06,-1
2024-07-25,2024-07-25 15:00:00,1171.0,1239.0,1166.3,1171.0,0.0,9034.0,10672871.06,0
2024-07-28,2024-07-28 11:00:00,1194.0,1206.0,1172.0,1189.25,-0.4,8495.0,9927555.32,-1
2024-07-28,2024-07-28 12:00:00,1189.25,1189.25,1184.5,1184.5,-0.4,8495.0,9927555.32,-1
2024-07-28,2024-07-28 13:00:00,1184.5,1184.5,1179.75,1179.75,-0.4,8495.0,9927555.32,-1
2024-07-28,2024-07-28 14:00:00,1179.75,1179.75,1175.0,1175.0,-0.4,8495.0,9927555.32,-1
2024-07-28,2024-07-28 15:00:00,1175.0,1218.0,1150.0,1175.0,0.0,8495.0,9927555.32,0
2024-07-29,2024-07-29 11:00:00,1175.0,1197.85,1173.0,1177.75,0.23,12521.6,15000953.52,1
2024-07-29,2024-07-29 12:00:00,1177.75,1180.5,1177.75,1180.5,0.23,12521.6,15000953.52,1
2024-07-29,2024-07-29 13:00:00,1180.5,1183.25,1180.5,1183.25,0.23,12521.6,15000953.52,1
2024-07-29,2024-07-29 14:00:00,1183.25,1186.0,1183.25,1186.0,0.23,12521.6,15000953.52,1
2024-07-29,2024-07-29 15:00:00,1186.0,1220.7,1171.0,1186.0,0.0,12521.6,15000953.52,0
2024-07-30,2024-07-30 11:00:00,1186.0,1227.0,1178.5,1200.5,1.22,14618.4,17791338.3,1
2024-07-30,2024-07-30 12:00:00,1200.5,1215.0,1200.5,1215.0,1.21,14618.4,17791338.3,1
2024-07-30,2024-07-30 13:00:00,1215.0,1229.5,1215.0,1229.5,1.19,14618.4,17791338.3,1
2024-07-30,2024-07-30 14:00:00,1229.5,1244.0,1229.5,1244.0,1.18,14618.4,17791338.3,1
2024-07-30,2024-07-30 15:00:00,1244.0,1268.0,1171.0,1244.0,0.0,14618.4,17791338.3,0
2024-07-31,2024-07-31 11:00:00,1244.0,1302.0,1244.0,1257.95,1.12,9243.2,12167382.0,1
2024-07-31,2024-07-31 12:00:00,1257.95,1271.9,1257.95,1271.9,1.11,9243.2,12167382.0,1
2024-07-31,2024-07-31 13:00:00,1271.9,1285.85,1271.9,1285.85,1.1,9243.2,12167382.0,1
2024-07-31,2024-07-31 14:00:00,1285.85,1299.8,1285.85,1299.8,1.08,9243.2,12167382.0,1
2024-07-31,2024-07-31 15:00:00,1299.8,1360.0,1244.0,1299.8,0.0,9243.2,12167382.0,0
2024-08-01,2024-08-01 11:00:00,1300.0,1307.5,1270.35,1286.25,-1.06,11315.4,14456425.54,-1
2024-08-01,2024-08-01 12:00:00,1286.25,1286.25,1272.5,1272.5,-1.07,11315.4,14456425.54,-1
2024-08-01,2024-08-01 13:00:00,1272.5,1272.5,1258.75,1258.75,-1.08,11315.4,14456425.54,-1
2024-08-01,2024-08-01 14:00:00,1258.75,1258.75,1245.0,1245.0,-1.09,11315.4,14456425.54,-1
2024-08-01,2024-08-01 15:00:00,1245.0,1315.0,1240.7,1245.0,0.0,11315.4,14456425.54,0
2024-08-05,2024-08-05 11:00:00,1269.0,1294.5,1247.0,1281.75,1.0,13385.2,17083998.22,1
2024-08-05,2024-08-05 12:00:00,1281.75,1294.5,1281.75,1294.5,0.99,13385.2,17083998.22,1
2024-08-05,2024-08-05 13:00:00,1294.5,1307.25,1294.5,1307.25,0.98,13385.2,17083998.22,1
2024-08-05,2024-08-05 14:00:00,1307.25,1320.0,1307.25,1320.0,0.98,13385.2,17083998.22,1
2024-08-05,2024-08-05 15:00:00,1320.0,1320.0,1225.0,1320.0,0.0,13385.2,17083998.22,0
2024-08-06,2024-08-06 11:00:00,1320.0,1334.5,1265.5,1293.5,-2.01,11772.6,14892753.64,-1
2024-08-06,2024-08-06 12:00:00,1293.5,1293.5,1267.0,1267.0,-2.05,11772.6,14892753.64,-1
2024-08-06,2024-08-06 13:00:00,1267.0,1267.0,1240.5,1240.5,-2.09,11772.6,14892753.64,-1
2024-08-06,2024-08-06 14:00:00,1240.5,1240.5,1214.0,1214.0,-2.14,11772.6,14892753.64,-1
2024-08-06,2024-08-06 15:00:00,1214.0,1349.0,1211.0,1214.0,0.0,11772.6,14892753.64,0
2024-08-07,2024-08-07 11:00:00,1189.8,1232.4,1189.4,1210.83,1.77,7363.6,9169583.16,1
2024-08-07,2024-08-07 12:00:00,1210.83,1231.85,1210.83,1231.85,1.74,7363.6,9169583.16,1
2024-08-07,2024-08-07 13:00:00,1231.85,1252.88,1231.85,1252.88,1.71,7363.6,9169583.16,1
2024-08-07,2024-08-07 14:00:00,1252.88,1273.9,1252.88,1273.9,1.68,7363.6,9169583.16,1
2024-08-07,2024-08-07 15:00:00,1273.9,1275.0,1189.0,1273.9,0.0,7363.6,9169583.16,0
2024-08-08,2024-08-08 11:00:00,1298.0,1298.65,1264.0,1286.0,-0.92,9595.6,12082148.7,-1
2024-08-08,2024-08-08 12:00:00,1286.0,1286.0,1274.0,1274.0,-0.93,9595.6,12082148.7,-1
2024-08-08,2024-08-08 13:00:00,1274.0,1274.0,1262.0,1262.0,-0.94,9595.6,12082148.7,-1
2024-08-08,2024-08-08 14:00:00,1262.0,1262.0,1250.0,1250.0,-0.95,9595.6,12082148.7,-1
2024-08-08,2024-08-08 15:00:00,1250.0,1299.3,1230.0,1250.0,0.0,9595.6,12082148.7,0
2024-08-11,2024-08-11 11:00:00,1275.0,1275.0,1254.5,1268.75,-0.49,6379.6,7997402.86,-1
2024-08-11,2024-08-11 12:00:00,1268.75,1268.75,1262.5,1262.5,-0.49,6379.6,7997402.86,-1
2024-08-11,2024-08-11 13:00:00,1262.5,1262.5,1256.25,1256.25,-0.5,6379.6,7997402.86,-1
2024-08-11,2024-08-11 14:00:00,1256.25,1256.25,1250.0,1250.0,-0.5,6379.6,7997402.86,-1
2024-08-11,2024-08-11 15:00:00,1250.0,1275.0,1234.0,1250.0,0.0,6379.6,7997402.86,0
2024-08-12,2024-08-12 11:00:00,1258.0,1274.0,1248.5,1259.25,0.1,9162.4,11622877.52,1
2024-08-12,2024-08-12 12:00:00,1259.25,1260.5,1259.25,1260.5,0.1,9162.4,11622877.52,1
2024-08-12,2024-08-12 13:00:00,1260.5,1261.75,1260.5,1261.75,0.1,9162.4,11622877.52,1
2024-08-12,2024-08-12 14:00:00,1261.75,1263.0,1261.75,1263.0,0.1,9162.4,11622877.52,1
2024-08-12,2024-08-12 15:00:00,1263.0,1290.0,1239.0,1263.0,0.0,9162.4,11622877.52,0
2024-08-13,2024-08-13 11:00:00,1263.0,1271.5,1249.05,1256.75,-0.49,9750.4,12198671.42,-1
2024-08-13,2024-08-13 12:00:00,1256.75,1256.75,1250.5,1250.5,-0.5,9750.4,12198671.42,-1
2024-08-13,2024-08-13 13:00:00,1250.5,1250.5,1244.25,1244.25,-0.5,9750.4,12198671.42,-1
2024-08-13,2024-08-13 14:00:00,1244.25,1244.25,1238.0,1238.0,-0.5,9750.4,12198671.42,-1
2024-08-13,2024-08-13 15:00:00,1238.0,1280.0,1235.1,1238.0,0.0,9750.4,12198671.42,0
2024-08-14,2024-08-14 11:00:00,1260.0,1260.0,1238.5,1254.75,-0.42,6639.0,8211427.32,-1
2024-08-14,2024-08-14 12:00:00,1254.75,1254.75,1249.5,1249.5,-0.42,6639.0,8211427.32,-1
2024-08-14,2024-08-14 13:00:00,1249.5,1249.5,1244.25,1244.25,-0.42,6639.0,8211427.32,-1
2024-08-14,2024-08-14 14:00:00,1244.25,1244.25,1239.0,1239.0,-0.42,6639.0,8211427.32,-1
2024-08-14,2024-08-14 15:00:00,1239.0,1260.0,1217.0,1239.0,0.0,6639.0,8211427.32,0
2024-08-15,2024-08-15 11:00:00,1263.7,1294.35,1256.85,1263.53,-0.01,41669.8,53447159.2,-1
2024-08-15,2024-08-15 12:00:00,1263.53,1263.53,1263.35,1263.35,-0.01,41669.8,53447159.2,-1
2024-08-15,2024-08-15 13:00:00,1263.35,1263.35,1263.17,1263.17,-0.01,41669.8,53447159.2,-1
2024-08-15,2024-08-15 14:00:00,1263.17,1263.17,1263.0,1263.0,-0.01,41669.8,53447159.2,-1
2024-08-15,2024-08-15 15:00:00,1263.0,1325.0,1250.0,1263.0,0.0,41669.8,53447159.2,0
2024-08-18,2024-08-18 11:00:00,1280.0,1280.0,1240.0,1261.25,-1.46,10311.6,12621857.4,-1
2024-08-18,2024-08-18 12:00:00,1261.25,1261.25,1242.5,1242.5,-1.49,10311.6,12621857.4,-1
2024-08-18,2024-08-18 13:00:00,1242.5,1242.5,1223.75,1223.75,-1.51,10311.6,12621857.4,-1
2024-08-18,2024-08-18 14:00:00,1223.75,1223.75,1205.0,1205.0,-1.53,10311.6,12621857.4,-1
2024-08-18,2024-08-18 15:00:00,1205.0,1280.0,1200.0,1205.0,0.0,10311.6,12621857.4,0
2024-08-21,2024-08-21 11:00:00,1205.0,1214.5,1189.5,1197.5,-0.62,8661.4,10329094.62,-1
2024-08-21,2024-08-21 12:00:00,1197.5,1197.5,1190.0,1190.0,-0.63,8661.4,10329094.62,-1
2024-08-21,2024-08-21 13:00:00,1190.0,1190.0,1182.5,1182.5,-0.63,8661.4,10329094.62,-1
2024-08-21,2024-08-21 14:00:00,1182.5,1182.5,1175.0,1175.0,-0.63,8661.4,10329094.62,-1
2024-08-21,2024-08-21 15:00:00,1175.0,1224.0,1174.0,1175.0,0.0,8661.4,10329094.62,0
2024-08-22,2024-08-22 11:00:00,1175.0,1180.5,1156.0,1168.0,-0.6,13787.2,15877909.54,-1
2024-08-22,2024-08-22 12:00:00,1168.0,1168.0,1161.0,1161.0,-0.6,13787.2,15877909.54,-1
2024-08-22,2024-08-22 13:00:00,1161.0,1161.0,1154.0,1154.0,-0.6,13787.2,15877909.54,-1
2024-08-22,2024-08-22 14:00:00,1154.0,1154.0,1147.0,1147.0,-0.61,13787.2,15877909.54,-1
2024-08-22,2024-08-22 15:00:00,1147.0,1186.0,1137.0,1147.0,0.0,13787.2,15877909.54,0
2024-08-25,2024-08-25 11:00:00,1150.0,1152.5,1116.45,1134.75,-1.33,12001.6,13317362.78,-1
2024-08-25,2024-08-25 12:00:00,1134.75,1134.75,1119.5,1119.5,-1.34,12001.6,13317362.78,-1
2024-08-25,2024-08-25 13:00:00,1119.5,1119.5,1104.25,1104.25,-1.36,12001.6,13317362.78,-1
2024-08-25,2024-08-25 14:00:00,1104.25,1104.25,1089.0,1089.0,-1.38,12001.6,13317362.78,-1
2024-08-25,2024-08-25 15:00:00,1089.0,1155.0,1082.9,1089.0,0.0,12001.6,13317362.78,0
2024-08-27,2024-08-27 11:00:00,1089.0,1110.5,1044.5,1076.72,-1.13,24245.0,25389734.96,-1
2024-08-27,2024-08-27 12:00:00,1076.72,1076.72,1064.45,1064.45,-1.14,24245.0,25389734.96,-1
2024-08-27,2024-08-27 13:00:00,1064.45,1064.45,1052.18,1052.18,-1.15,24245.0,25389734.96,-1
2024-08-27,2024-08-27 14:00:00,1052.18,1052.18,1039.9,1039.9,-1.17,24245.0,25389734.96,-1
2024-08-27,2024-08-27 15:00:00,1039.9,1132.0,1000.0,1039.9,0.0,24245.0,25389734.96,0
2024-08-28,2024-08-28 11:00:00,1040.0,1060.0,1019.9,1036.25,-0.36,85342.2,86157389.92,-1
2024-08-28,2024-08-28 12:00:00,1036.25,1036.25,1032.5,1032.5,-0.36,85342.2,86157389.92,-1
2024-08-28,2024-08-28 13:00:00,1032.5,1032.5,1028.75,1028.75,-0.36,85342.2,86157389.92,-1
2024-08-28,2024-08-28 14:00:00,1028.75,1028.75,1025.0,1025.0,-0.36,85342.2,86157389.92,-1
2024-08-28,2024-08-28 15:00:00,1025.0,1080.0,999.8,1025.0,0.0,85342.2,86157389.92,0
2024-08-29,2024-08-29 11:00:00,1042.0,1043.5,1020.9,1031.5,-1.01,34112.6,34275207.88,-1
2024-08-29,2024-08-29 12:00:00,1031.5,1031.5,1021.0,1021.0,-1.02,34112.6,34275207.88,-1
2024-08-29,2024-08-29 13:00:00,1021.0,1021.0,1010.5,1010.5,-1.03,34112.6,34275207.88,-1
2024-08-29,2024-08-29 14:00:00,1010.5,1010.5,1000.0,1000.0,-1.04,34112.6,34275207.88,-1
2024-08-29,2024-08-29 15:00:00,1000.0,1045.0,999.8,1000.0,0.0,34112.6,34275207.88,0
2024-09-01,2024-09-01 11:00:00,990.0,1002.5,987.5,989.5,-0.05,18066.0,18045282.62,-1
2024-09-01,2024-09-01 12:00:00,989.5,989.5,989.0,989.0,-0.05,18066.0,18045282.62,-1
2024-09-01,2024-09-01 13:00:00,989.0,989.0,988.5,988.5,-0.05,18066.0,18045282.62,-1
2024-09-01,2024-09-01 14:00:00,988.5,988.5,988.0,988.0,-0.05,18066.0,18045282.62,-1
2024-09-01,2024-09-01 15:00:00,988.0,1015.0,985.0,988.0,0.0,18066.0,18045282.62,0
2024-09-02,2024-09-02 11:00:00,988.0,1003.5,985.5,995.75,0.78,29129.8,29197482.08,1
2024-09-02,2024-09-02 12:00:00,995.75,1003.5,995.75,1003.5,0.78,29129.8,29197482.08,1
2024-09-02,2024-09-02 13:00:00,1003.5,1011.25,1003.5,1011.25,0.77,29129.8,29197482.08,1
2024-09-02,2024-09-02 14:00:00,1011.25,1019.0,1011.25,1019.0,0.77,29129.8,29197482.08,1
2024-09-02,2024-09-02 15:00:00,1019.0,1019.0,983.0,1019.0,0.0,29129.8,29197482.08,0
2024-09-03,2024-09-03 11:00:00,1030.0,1062.5,1015.0,1042.5,1.21,38046.2,39787470.58,1
2024-09-03,2024-09-03 12:00:00,1042.5,1055.0,1042.5,1055.0,1.2,38046.2,39787470.58,1
2024-09-03,2024-09-03 13:00:00,1055.0,1067.5,1055.0,1067.5,1.18,38046.2,39787470.58,1
2024-09-03,2024-09-03 14:00:00,1067.5,1080.0,1067.5,1080.0,1.17,38046.2,39787470.58,1
2024-09-03,2024-09-03 15:00:00,1080.0,1095.0,1000.0,1080.0,0.0,38046.2,39787470.58,0
2024-09-04,2024-09-04 11:00:00,1090.0,1090.0,1056.5,1074.25,-1.44,13768.2,14424350.9,-1
2024-09-04,2024-09-04 12:00:00,1074.25,1074.25,1058.5,1058.5,-1.47,13768.2,14424350.9,-1
2024-09-04,2024-09-04 13:00:00,1058.5,1058.5,1042.75,1042.75,-1.49,13768.2,14424350.9,-1
2024-09-04,2024-09-04 14:00:00,1042.75,1042.75,1027.0,1027.0,-1.51,13768.2,14424350.9,-1
2024-09-04,2024-09-04 15:00:00,1027.0,1090.0,1023.0,1027.0,0.0,13768.2,14424350.9,0
2024-09-05,2024-09-05 11:00:00,1010.0,1017.5,1002.75,1013.0,0.3,13647.0,13744607.46,1
2024-09-05,2024-09-05 12:00:00,1013.0,1016.0,1013.0,1016.0,0.3,13647.0,13744607.46,1
2024-09-05,2024-09-05 13:00:00,1016.0,1019.0,1016.0,1019.0,0.3,13647.0,13744607.46,1
2024-09-05,2024-09-05 14:00:00,1019.0,1022.0,1019.0,1022.0,0.29,13647.0,13744607.46,1
2024-09-05,2024-09-05 15:00:00,1022.0,1025.0,995.5,1022.0,0.0,13647.0,13744607.46,0
2024-09-08,2024-09-08 11:00:00,1042.0,1042.0,1021.0,1032.0,-0.96,10257.2,10353350.12,-1
2024-09-08,2024-09-08 12:00:00,1032.0,1032.0,1022.0,1022.0,-0.97,10257.2,10353350.12,-1
2024-09-08,2024-09-08 13:00:00,1022.0,1022.0,1012.0,1012.0,-0.98,10257.2,10353350.12,-1
2024-09-08,2024-09-08 14:00:00,1012.0,1012.0,1002.0,1002.0,-0.99,10257.2,10353350.12,-1
2024-09-08,2024-09-08 15:00:00,1002.0,1042.0,1000.0,1002.0,0.0,10257.2,10353350.12,0
2024-09-09,2024-09-09 11:00:00,1002.0,1002.5,987.0,995.0,-0.7,15379.6,15119505.34,-1
2024-09-09,2024-09-09 12:00:00,995.0,995.0,988.0,988.0,-0.7,15379.6,15119505.34,-1
2024-09-09,2024-09-09 13:00:00,988.0,988.0,981.0,981.0,-0.71,15379.6,15119505.34,-1
2024-09-09,2024-09-09 14:00:00,981.0,981.0,974.0,974.0,-0.71,15379.6,15119505.34,-1
2024-09-09,2024-09-09 15:00:00,974.0,1003.0,972.0,974.0,0.0,15379.6,15119505.34,0
2024-09-10,2024-09-10 11:00:00,993.0,996.0,980.0,987.73,-0.53,9975.6,9763863.74,-1
2024-09-10,2024-09-10 12:00:00,987.73,987.73,982.45,982.45,-0.53,9975.6,9763863.74,-1
2024-09-10,2024-09-10 13:00:00,982.45,982.45,977.17,977.17,-0.54,9975.6,9763863.74,-1
2024-09-10,2024-09-10 14:00:00,977.17,977.17,971.9,971.9,-0.54,9975.6,9763863.74,-1
2024-09-10,2024-09-10 15:00:00,971.9,999.0,967.0,971.9,0.0,9975.6,9763863.74,0
2024-09-11,2024-09-11 11:00:00,972.3,980.15,966.15,969.72,-0.27,6563.0,6361796.14,-1
2024-09-11,2024-09-11 12:00:00,969.72,969.72,967.15,967.15,-0.27,6563.0,6361796.14,-1
2024-09-11,2024-09-11 13:00:00,967.15,967.15,964.58,964.58,-0.27,6563.0,6361796.14,-1
2024-09-11,2024-09-11 14:00:00,964.58,964.58,962.0,962.0,-0.27,6563.0,6361796.14,-1
2024-09-11,2024-09-11 15:00:00,962.0,988.0,960.0,962.0,0.0,6563.0,6361796.14,0
2024-09-12,2024-09-12 11:00:00,980.0,987.0,967.5,982.33,0.24,9721.8,9423780.12,1
2024-09-12,2024-09-12 12:00:00,982.33,984.65,982.33,984.65,0.24,9721.8,9423780.12,1
2024-09-12,2024-09-12 13:00:00,984.65,986.97,984.65,986.97,0.24,9721.8,9423780.12,1
2024-09-12,2024-09-12 14:00:00,986.97,989.3,986.97,989.3,0.24,9721.8,9423780.12,1
2024-09-12,2024-09-12 15:00:00,989.3,994.0,955.0,989.3,0.0,9721.8,9423780.12,0
2024-09-15,2024-09-15 11:00:00,1008.0,1008.5,985.2,997.0,-1.09,10493.0,10283699.04,-1
2024-09-15,2024-09-15 12:00:00,997.0,997.0,986.0,986.0,-1.1,10493.0,10283699.04,-1
2024-09-15,2024-09-15 13:00:00,986.0,986.0,975.0,975.0,-1.12,10493.0,10283699.04,-1
2024-09-15,2024-09-15 14:00:00,975.0,975.0,964.0,964.0,-1.13,10493.0,10283699.04,-1
2024-09-15,2024-09-15 15:00:00,964.0,1009.0,962.4,964.0,0.0,10493.0,10283699.04,0
2024-09-16,2024-09-16 11:00:00,954.1,959.05,937.55,946.83,-0.76,10651.6,10000112.7,-1
2024-09-16,2024-09-16 12:00:00,946.83,946.83,939.55,939.55,-0.77,10651.6,10000112.7,-1
2024-09-16,2024-09-16 13:00:00,939.55,939.55,932.27,932.27,-0.77,10651.6,10000112.7,-1
2024-09-16,2024-09-16 14:00:00,932.27,932.27,925.0,925.0,-0.78,10651.6,10000112.7,-1
2024-09-16,2024-09-16 15:00:00,925.0,964.0,921.0,925.0,0.0,10651.6,10000112.7,0
2024-09-18,2024-09-18 11:00:00,942.0,942.0,926.0,936.0,-0.64,6451.4,5945512.94,-1
2024-09-18,2024-09-18 12:00:00,936.0,936.0,930.0,930.0,-0.64,6451.4,5945512.94,-1
2024-09-18,2024-09-18 13:00:00,930.0,930.0,924.0,924.0,-0.65,6451.4,5945512.94,-1
2024-09-18,2024-09-18 14:00:00,924.0,924.0,918.0,918.0,-0.65,6451.4,5945512.94,-1
2024-09-18,2024-09-18 15:00:00,918.0,942.0,910.0,918.0,0.0,6451.4,5945512.94,0
2024-09-22,2024-09-22 11:00:00,936.0,945.5,916.5,929.5,-0.69,8676.0,7923406.62,-1
2024-09-22,2024-09-22 12:00:00,929.5,929.5,923.0,923.0,-0.7,8676.0,7923406.62,-1
2024-09-22,2024-09-22 13:00:00,923.0,923.0,916.5,916.5,-0.7,8676.0,7923406.62,-1
2024-09-22,2024-09-22 14:00:00,916.5,916.5,910.0,910.0,-0.71,8676.0,7923406.62,-1
2024-09-22,2024-09-22 15:00:00,910.0,955.0,897.0,910.0,0.0,8676.0,7923406.62,0
2024-09-23,2024-09-23 11:00:00,925.0,925.0,903.5,914.5,-1.14,5803.8,5167785.86,-1
2024-09-23,2024-09-23 12:00:00,914.5,914.5,904.0,904.0,-1.15,5803.8,5167785.86,-1
2024-09-23,2024-09-23 13:00:00,904.0,904.0,893.5,893.5,-1.16,5803.8,5167785.86,-1
2024-09-23,2024-09-23 14:00:00,893.5,893.5,883.0,883.0,-1.18,5803.8,5167785.86,-1
2024-09-23,2024-09-23 15:00:00,883.0,925.0,882.0,883.0,0.0,5803.8,5167785.86,0
2024-09-24,2024-09-24 11:00:00,885.0,892.5,874.5,880.0,-0.56,5642.6,4938413.4,-1
2024-09-24,2024-09-24 12:00:00,880.0,880.0,875.0,875.0,-0.57,5642.6,4938413.4,-1
2024-09-24,2024-09-24 13:00:00,875.0,875.0,870.0,870.0,-0.57,5642.6,4938413.4,-1
2024-09-24,2024-09-24 14:00:00,870.0,870.0,865.0,865.0,-0.57,5642.6,4938413.4,-1
2024-09-24,2024-09-24 15:00:00,865.0,900.0,864.0,865.0,0.0,5642.6,4938413.4,0
2024-09-25,2024-09-25 11:00:00,859.0,879.5,854.55,869.0,1.16,5999.2,5246373.7,1
2024-09-25,2024-09-25 12:00:00,869.0,879.0,869.0,879.0,1.15,5999.2,5246373.7,1
2024-09-25,2024-09-25 13:00:00,879.0,889.0,879.0,889.0,1.14,5999.2,5246373.7,1
2024-09-25,2024-09-25 14:00:00,889.0,899.0,889.0,899.0,1.12,5999.2,5246373.7,1
2024-09-25,2024-09-25 15:00:00,899.0,900.0,850.1,899.0,0.0,5999.2,5246373.7,0
2024-09-26,2024-09-26 11:00:00,909.0,909.0,889.35,900.75,-0.91,5147.2,4547970.18,-1
2024-09-26,2024-09-26 12:00:00,900.75,900.75,892.5,892.5,-0.92,5147.2,4547970.18,-1
2024-09-26,2024-09-26 13:00:00,892.5,892.5,884.25,884.25,-0.92,5147.2,4547970.18,-1
2024-09-26,2024-09-26 14:00:00,884.25,884.25,876.0,876.0,-0.93,5147.2,4547970.18,-1
2024-09-26,2024-09-26 15:00:00,876.0,909.0,869.7,876.0,0.0,5147.2,4547970.18,0
2024-09-29,2024-09-29 11:00:00,870.0,880.0,864.25,868.75,-0.14,4969.2,4319317.42,-1
2024-09-29,2024-09-29 12:00:00,868.75,868.75,867.5,867.5,-0.14,4969.2,4319317.42,-1
2024-09-29,2024-09-29 13:00:00,867.5,867.5,866.25,866.25,-0.14,4969.2,4319317.42,-1
2024-09-29,2024-09-29 14:00:00,866.25,866.25,865.0,865.0,-0.14,4969.2,4319317.42,-1
2024-09-29,2024-09-29 15:00:00,865.0,890.0,858.5,865.0,0.0,4969.2,4319317.42,0
2024-09-30,2024-09-30 11:00:00,880.0,890.0,875.5,885.0,0.57,3661.8,3247967.3,1
2024-09-30,2024-09-30 12:00:00,885.0,890.0,885.0,890.0,0.56,3661.8,3247967.3,1
2024-09-30,2024-09-30 13:00:00,890.0,895.0,890.0,895.0,0.56,3661.8,3247967.3,1
2024-09-30,2024-09-30 14:00:00,895.0,900.0,895.0,900.0,0.56,3661.8,3247967.3,1
2024-09-30,2024-09-30 15:00:00,900.0,900.0,871.0,900.0,0.0,3661.8,3247967.3,0
2024-10-01,2024-10-01 11:00:00,918.0,933.5,911.5,921.75,0.41,16029.0,14890199.8,1
2024-10-01,2024-10-01 12:00:00,921.75,925.5,921.75,925.5,0.41,16029.0,14890199.8,1
2024-10-01,2024-10-01 13:00:00,925.5,929.25,925.5,929.25,0.41,16029.0,14890199.8,1
2024-10-01,2024-10-01 14:00:00,929.25,933.0,929.25,933.0,0.4,16029.0,14890199.8,1
2024-10-01,2024-10-01 15:00:00,933.0,949.0,905.0,933.0,0.0,16029.0,14890199.8,0
2024-10-02,2024-10-02 11:00:00,940.0,948.5,915.0,931.25,-0.93,16719.0,15226970.8,-1
2024-10-02,2024-10-02 12:00:00,931.25,931.25,922.5,922.5,-0.94,16719.0,15226970.8,-1
2024-10-02,2024-10-02 13:00:00,922.5,922.5,913.75,913.75,-0.95,16719.0,15226970.8,-1
2024-10-02,2024-10-02 14:00:00,913.75,913.75,905.0,905.0,-0.96,16719.0,15226970.8,-1
2024-10-02,2024-10-02 15:00:00,905.0,957.0,890.0,905.0,0.0,16719.0,15226970.8,0
2024-10-06,2024-10-06 11:00:00,906.0,913.0,897.0,905.75,-0.03,15501.2,13994592.3,-1
2024-10-06,2024-10-06 12:00:00,905.75,905.75,905.5,905.5,-0.03,15501.2,13994592.3,-1
2024-10-06,2024-10-06 13:00:00,905.5,905.5,905.25,905.25,-0.03,15501.2,13994592.3,-1
2024-10-06,2024-10-06 14:00:00,905.25,905.25,905.0,905.0,-0.03,15501.2,13994592.3,-1
2024-10-06,2024-10-06 15:00:00,905.0,920.0,888.0,905.0,0.0,15501.2,13994592.3,0
2024-10-07,2024-10-07 11:00:00,920.0,944.5,910.0,928.0,0.87,57242.6,52463534.22,1
2024-10-07,2024-10-07 12:00:00,928.0,936.0,928.0,936.0,0.86,57242.6,52463534.22,1
2024-10-07,2024-10-07 13:00:00,936.0,944.0,936.0,944.0,0.85,57242.6,52463534.22,1
2024-10-07,2024-10-07 14:00:00,944.0,952.0,944.0,952.0,0.85,57242.6,52463534.22,1
2024-10-07,2024-10-07 15:00:00,952.0,969.0,900.0,952.0,0.0,57242.6,52463534.22,0
2024-10-08,2024-10-08 11:00:00,970.0,970.25,951.0,965.25,-0.49,9169.2,8716218.22,-1
2024-10-08,2024-10-08 12:00:00,965.25,965.25,960.5,960.5,-0.49,9169.2,8716218.22,-1
2024-10-08,2024-10-08 13:00:00,960.5,960.5,955.75,955.75,-0.49,9169.2,8716218.22,-1
2024-10-08,2024-10-08 14:00:00,955.75,955.75,951.0,951.0,-0.5,9169.2,8716218.22,-1
2024-10-08,2024-10-08 15:00:00,951.0,970.5,932.0,951.0,0.0,9169.2,8716218.22,0
2024-10-09,2024-10-09 11:00:00,963.0,963.0,949.25,958.25,-0.49,5541.2,5212916.06,-1
2024-10-09,2024-10-09 12:00:00,958.25,958.25,953.5,953.5,-0.5,5541.2,5212916.06,-1
2024-10-09,2024-10-09 13:00:00,953.5,953.5,948.75,948.75,-0.5,5541.2,5212916.06,-1
2024-10-09,2024-10-09 14:00:00,948.75,948.75,944.0,944.0,-0.5,5541.2,5212916.06,-1
2024-10-09,2024-10-09 15:00:00,944.0,963.0,935.5,944.0,0.0,5541.2,5212916.06,0
2024-10-15,2024-10-15 11:00:00,944.0,944.0,934.5,942.27,-0.18,8905.4,8300483.62,-1
2024-10-15,2024-10-15 12:00:00,942.27,942.27,940.55,940.55,-0.18,8905.4,8300483.62,-1
2024-10-15,2024-10-15 13:00:00,940.55,940.55,938.83,938.83,-0.18,8905.4,8300483.62,-1
2024-10-15,2024-10-15 14:00:00,938.83,938.83,937.1,937.1,-0.18,8905.4,8300483.62,-1
2024-10-15,2024-10-15 15:00:00,937.1,944.0,925.0,937.1,0.0,8905.4,8300483.62,0
2024-10-16,2024-10-16 11:00:00,955.8,955.8,946.4,953.85,-0.2,11981.0,11317571.1,-1
2024-10-16,2024-10-16 12:00:00,953.85,953.85,951.9,951.9,-0.2,11981.0,11317571.1,-1
2024-10-16,2024-10-16 13:00:00,951.9,951.9,949.95,949.95,-0.2,11981.0,11317571.1,-1
2024-10-16,2024-10-16 14:00:00,949.95,949.95,948.0,948.0,-0.21,11981.0,11317571.1,-1
2024-10-16,2024-10-16 15:00:00,948.0,955.8,937.0,948.0,0.0,11981.0,11317571.1,0
2024-10-17,2024-10-17 11:00:00,966.9,966.9,951.95,960.15,-0.7,10731.6,10200431.42,-1
2024-10-17,2024-10-17 12:00:00,960.15,960.15,953.4,953.4,-0.7,10731.6,10200431.42,-1
2024-10-17,2024-10-17 13:00:00,953.4,953.4,946.65,946.65,-0.71,10731.6,10200431.42,-1
2024-10-17,2024-10-17 14:00:00,946.65,946.65,939.9,939.9,-0.71,10731.6,10200431.42,-1
2024-10-17,2024-10-17 15:00:00,939.9,966.9,937.0,939.9,0.0,10731.6,10200431.42,0
2024-10-20,2024-10-20 11:00:00,935.0,939.0,926.0,933.0,-0.21,12834.8,11899697.46,-1
2024-10-20,2024-10-20 12:00:00,933.0,933.0,931.0,931.0,-0.21,12834.8,11899697.46,-1
2024-10-20,2024-10-20 13:00:00,931.0,931.0,929.0,929.0,-0.21,12834.8,11899697.46,-1
2024-10-20,2024-10-20 14:00:00,929.0,929.0,927.0,927.0,-0.22,12834.8,11899697.46,-1
2024-10-20,2024-10-20 15:00:00,927.0,943.0,917.0,927.0,0.0,12834.8,11899697.46,0
2024-10-21,2024-10-21 11:00:00,916.3,921.65,905.65,914.72,-0.17,10702.2,9698645.62,-1
2024-10-21,2024-10-21 12:00:00,914.72,914.72,913.15,913.15,-0.17,10702.2,9698645.62,-1
2024-10-21,2024-10-21 13:00:00,913.15,913.15,911.58,911.58,-0.17,10702.2,9698645.62,-1
2024-10-21,2024-10-21 14:00:00,911.58,911.58,910.0,910.0,-0.17,10702.2,9698645.62,-1
2024-10-21,2024-10-21 15:00:00,910.0,927.0,895.0,910.0,0.0,10702.2,9698645.62,0
2024-10-22,2024-10-22 11:00:00,910.0,915.5,906.6,911.0,0.11,7419.0,6757709.42,1
2024-10-22,2024-10-22 12:00:00,911.0,912.0,911.0,912.0,0.11,7419.0,6757709.42,1
2024-10-22,2024-10-22 13:00:00,912.0,913.0,912.0,913.0,0.11,7419.0,6757709.42,1
2024-10-22,2024-10-22 14:00:00,913.0,914.0,913.0,914.0,0.11,7419.0,6757709.42,1
2024-10-22,2024-10-22 15:00:00,914.0,921.0,903.2,914.0,0.0,7419.0,6757709.42,0
2024-10-23,2024-10-23 11:00:00,910.1,917.55,907.6,910.08,-0.0,6207.2,5674424.08,-1
2024-10-23,2024-10-23 12:00:00,910.08,910.08,910.05,910.05,-0.0,6207.2,5674424.08,-1
2024-10-23,2024-10-23 13:00:00,910.05,910.05,910.02,910.02,-0.0,6207.2,5674424.08,-1
2024-10-23,2024-10-23 14:00:00,910.02,910.02,910.0,910.0,-0.0,6207.2,5674424.08,-1
2024-10-23,2024-10-23 15:00:00,910.0,925.0,905.1,910.0,0.0,6207.2,5674424.08,0
2024-10-24,2024-10-24 11:00:00,910.0,913.0,906.0,908.4,-0.18,4477.2,4061980.14,-1
2024-10-24,2024-10-24 12:00:00,908.4,908.4,906.8,906.8,-0.18,4477.2,4061980.14,-1
2024-10-24,2024-10-24 13:00:00,906.8,906.8,905.2,905.2,-0.18,4477.2,4061980.14,-1
2024-10-24,2024-10-24 14:00:00,905.2,905.2,903.6,903.6,-0.18,4477.2,4061980.14,-1
2024-10-24,2024-10-24 15:00:00,903.6,916.0,902.0,903.6,0.0,4477.2,4061980.14,0
2024-10-27,2024-10-27 11:00:00,904.0,909.5,904.0,904.5,0.06,5135.0,4677082.36,1
2024-10-27,2024-10-27 12:00:00,904.5,905.0,904.5,905.0,0.06,5135.0,4677082.36,1
2024-10-27,2024-10-27 13:00:00,905.0,905.5,905.0,905.5,0.06,5135.0,4677082.36,1
2024-10-27,2024-10-27 14:00:00,905.5,906.0,905.5,906.0,0.06,5135.0,4677082.36,1
2024-10-27,2024-10-27 15:00:00,906.0,915.0,904.0,906.0,0.0,5135.0,4677082.36,0
2024-10-28,2024-10-28 11:00:00,924.0,924.0,917.0,921.75,-0.24,3857.4,3529042.7,-1
2024-10-28,2024-10-28 12:00:00,921.75,921.75,919.5,919.5,-0.24,3857.4,3529042.7,-1
2024-10-28,2024-10-28 13:00:00,919.5,919.5,917.25,917.25,-0.24,3857.4,3529042.7,-1
2024-10-28,2024-10-28 14:00:00,917.25,917.25,915.0,915.0,-0.25,3857.4,3529042.7,-1
2024-10-28,2024-10-28 15:00:00,915.0,924.0,910.0,915.0,0.0,3857.4,3529042.7,0
2024-10-29,2024-10-29 11:00:00,925.0,932.5,921.5,927.98,0.32,9368.8,8717946.88,1
2024-10-29,2024-10-29 12:00:00,927.98,930.95,927.98,930.95,0.32,9368.8,8717946.88,1
2024-10-29,2024-10-29 13:00:00,930.95,933.92,930.95,933.92,0.32,9368.8,8717946.88,1
2024-10-29,2024-10-29 14:00:00,933.92,936.9,933.92,936.9,0.32,9368.8,8717946.88,1
2024-10-29,2024-10-29 15:00:00,936.9,940.0,918.0,936.9,0.0,9368.8,8717946.88,0
2024-10-30,2024-10-30 11:00:00,942.0,951.0,938.5,940.88,-0.12,6185.0,5828984.58,-1
2024-10-30,2024-10-30 12:00:00,940.88,940.88,939.75,939.75,-0.12,6185.0,5828984.58,-1
2024-10-30,2024-10-30 13:00:00,939.75,939.75,938.62,938.62,-0.12,6185.0,5828984.58,-1
2024-10-30,2024-10-30 14:00:00,938.62,938.62,937.5,937.5,-0.12,6185.0,5828984.58,-1
2024-10-30,2024-10-30 15:00:00,937.5,960.0,935.0,937.5,0.0,6185.0,5828984.58,0
2024-11-05,2024-11-05 11:00:00,940.0,944.75,934.0,938.5,-0.16,4215.4,3955899.52,-1
2024-11-05,2024-11-05 12:00:00,938.5,938.5,937.0,937.0,-0.16,4215.4,3955899.52,-1
2024-11-05,2024-11-05 13:00:00,937.0,937.0,935.5,935.5,-0.16,4215.4,3955899.52,-1
2024-11-05,2024-11-05 14:00:00,935.5,935.5,934.0,934.0,-0.16,4215.4,3955899.52,-1
2024-11-05,2024-11-05 15:00:00,934.0,949.5,928.0,934.0,0.0,4215.4,3955899.52,0
2024-11-06,2024-11-06 11:00:00,925.0,929.0,924.15,925.0,0.0,3448.4,3195809.2,0
2024-11-06,2024-11-06 12:00:00,925.0,925.0,925.0,925.0,0.0,3448.4,3195809.2,0
2024-11-06,2024-11-06 13:00:00,925.0,925.0,925.0,925.0,0.0,3448.4,3195809.2,0
2024-11-06,2024-11-06 14:00:00,925.0,925.0,925.0,925.0,0.0,3448.4,3195809.2,0
2024-11-06,2024-11-06 15:00:00,925.0,933.0,923.3,925.0,0.0,3448.4,3195809.2,0
2024-11-10,2024-11-10 11:00:00,930.0,937.85,925.05,933.48,0.37,8235.2,7756856.8,1
2024-11-10,2024-11-10 12:00:00,933.48,936.95,933.48,936.95,0.37,8235.2,7756856.8,1
2024-11-10,2024-11-10 13:00:00,936.95,940.42,936.95,940.42,0.37,8235.2,7756856.8,1
2024-11-10,2024-11-10 14:00:00,940.42,943.9,940.42,943.9,0.37,8235.2,7756856.8,1
2024-11-10,2024-11-10 15:00:00,943.9,945.7,920.1,943.9,0.0,8235.2,7756856.8,0
2024-11-11,2024-11-11 11:00:00,962.7,962.7,953.85,959.5,-0.33,8656.2,8250441.62,-1
2024-11-11,2024-11-11 12:00:00,959.5,959.5,956.3,956.3,-0.33,8656.2,8250441.62,-1
2024-11-11,2024-11-11 13:00:00,956.3,956.3,953.1,953.1,-0.33,8656.2,8250441.62,-1
2024-11-11,2024-11-11 14:00:00,953.1,953.1,949.9,949.9,-0.34,8656.2,8250441.62,-1
2024-11-11,2024-11-11 15:00:00,949.9,962.7,945.0,949.9,0.0,8656.2,8250441.62,0
2024-11-12,2024-11-12 11:00:00,968.8,968.8,954.4,963.35,-0.56,6788.2,6452087.94,-1
2024-11-12,2024-11-12 12:00:00,963.35,963.35,957.9,957.9,-0.57,6788.2,6452087.94,-1
2024-11-12,2024-11-12 13:00:00,957.9,957.9,952.45,952.45,-0.57,6788.2,6452087.94,-1
2024-11-12,2024-11-12 14:00:00,952.45,952.45,947.0,947.0,-0.57,6788.2,6452087.94,-1
2024-11-12,2024-11-12 15:00:00,947.0,968.8,940.0,947.0,0.0,6788.2,6452087.94,0
2024-11-13,2024-11-13 11:00:00,946.0,955.0,945.5,947.25,0.13,7781.6,7417533.12,1
2024-11-13,2024-11-13 12:00:00,947.25,948.5,947.25,948.5,0.13,7781.6,7417533.12,1
2024-11-13,2024-11-13 13:00:00,948.5,949.75,948.5,949.75,0.13,7781.6,7417533.12,1
2024-11-13,2024-11-13 14:00:00,949.75,951.0,949.75,951.0,0.13,7781.6,7417533.12,1
2024-11-13,2024-11-13 15:00:00,951.0,964.0,945.0,951.0,0.0,7781.6,7417533.12,0
2024-11-14,2024-11-14 11:00:00,962.0,980.25,960.0,966.5,0.47,14739.4,14424509.94,1
2024-11-14,2024-11-14 12:00:00,966.5,971.0,966.5,971.0,0.47,14739.4,14424509.94,1
2024-11-14,2024-11-14 13:00:00,971.0,975.5,971.0,975.5,0.46,14739.4,14424509.94,1
2024-11-14,2024-11-14 14:00:00,975.5,980.0,975.5,980.0,0.46,14739.4,14424509.94,1
2024-11-14,2024-11-14 15:00:00,980.0,998.5,958.0,980.0,0.0,14739.4,14424509.94,0
2024-11-17,2024-11-17 11:00:00,999.6,1014.85,997.3,1002.45,0.29,27057.6,27466909.08,1
2024-11-17,2024-11-17 12:00:00,1002.45,1005.3,1002.45,1005.3,0.28,27057.6,27466909.08,1
2024-11-17,2024-11-17 13:00:00,1005.3,1008.15,1005.3,1008.15,0.28,27057.6,27466909.08,1
2024-11-17,2024-11-17 14:00:00,1008.15,1011.0,1008.15,1011.0,0.28,27057.6,27466909.08,1
2024-11-17,2024-11-17 15:00:00,1011.0,1030.1,995.0,1011.0,0.0,27057.6,27466909.08,0
2024-11-19,2024-11-19 11:00:00,1020.0,1029.5,996.0,1009.75,-1.0,23995.0,23880468.64,-1
2024-11-19,2024-11-19 12:00:00,1009.75,1009.75,999.5,999.5,-1.02,23995.0,23880468.64,-1
2024-11-19,2024-11-19 13:00:00,999.5,999.5,989.25,989.25,-1.03,23995.0,23880468.64,-1
2024-11-19,2024-11-19 14:00:00,989.25,989.25,979.0,979.0,-1.04,23995.0,23880468.64,-1
2024-11-19,2024-11-19 15:00:00,979.0,1039.0,972.0,979.0,0.0,23995.0,23880468.64,0
2024-11-20,2024-11-20 11:00:00,998.5,998.5,986.55,992.62,-0.59,11874.6,11626407.66,-1
2024-11-20,2024-11-20 12:00:00,992.62,992.62,986.75,986.75,-0.59,11874.6,11626407.66,-1
2024-11-20,2024-11-20 13:00:00,986.75,986.75,980.88,980.88,-0.59,11874.6,11626407.66,-1
2024-11-20,2024-11-20 14:00:00,980.88,980.88,975.0,975.0,-0.6,11874.6,11626407.66,-1
2024-11-20,2024-11-20 15:00:00,975.0,998.5,974.6,975.0,0.0,11874.6,11626407.66,0
2024-11-21,2024-11-21 11:00:00,989.0,989.0,965.0,978.0,-1.11,16090.0,15431369.62,-1
2024-11-21,2024-11-21 12:00:00,978.0,978.0,967.0,967.0,-1.12,16090.0,15431369.62,-1
2024-11-21,2024-11-21 13:00:00,967.0,967.0,956.0,956.0,-1.14,16090.0,15431369.62,-1
2024-11-21,2024-11-21 14:00:00,956.0,956.0,945.0,945.0,-1.15,16090.0,15431369.62,-1
2024-11-21,2024-11-21 15:00:00,945.0,989.0,941.0,945.0,0.0,16090.0,15431369.62,0
2024-11-24,2024-11-24 11:00:00,945.0,952.5,939.0,942.0,-0.32,6399.8,6058292.18,-1
2024-11-24,2024-11-24 12:00:00,942.0,942.0,939.0,939.0,-0.32,6399.8,6058292.18,-1
2024-11-24,2024-11-24 13:00:00,939.0,939.0,936.0,936.0,-0.32,6399.8,6058292.18,-1
2024-11-24,2024-11-24 14:00:00,936.0,936.0,933.0,933.0,-0.32,6399.8,6058292.18,-1
2024-11-24,2024-11-24 15:00:00,933.0,960.0,933.0,933.0,0.0,6399.8,6058292.18,0
2024-11-25,2024-11-25 11:00:00,940.0,949.5,935.0,941.58,0.17,6611.2,6246192.5,1
2024-11-25,2024-11-25 12:00:00,941.58,943.15,941.58,943.15,0.17,6611.2,6246192.5,1
2024-11-25,2024-11-25 13:00:00,943.15,944.72,943.15,944.72,0.17,6611.2,6246192.5,1
2024-11-25,2024-11-25 14:00:00,944.72,946.3,944.72,946.3,0.17,6611.2,6246192.5,1
2024-11-25,2024-11-25 15:00:00,946.3,959.0,930.0,946.3,0.0,6611.2,6246192.5,0
2024-11-26,2024-11-26 11:00:00,927.4,944.7,927.4,934.3,0.74,7733.6,7324371.32,1
2024-11-26,2024-11-26 12:00:00,934.3,941.2,934.3,941.2,0.74,7733.6,7324371.32,1
2024-11-26,2024-11-26 13:00:00,941.2,948.1,941.2,948.1,0.73,7733.6,7324371.32,1
2024-11-26,2024-11-26 14:00:00,948.1,955.0,948.1,955.0,0.73,7733.6,7324371.32,1
2024-11-26,2024-11-26 15:00:00,955.0,962.0,927.4,955.0,0.0,7733.6,7324371.32,0
2024-11-27,2024-11-27 11:00:00,956.0,968.0,954.25,961.25,0.55,11486.2,11097238.54,1
2024-11-27,2024-11-27 12:00:00,961.25,966.5,961.25,966.5,0.55,11486.2,11097238.54,1
2024-11-27,2024-11-27 13:00:00,966.5,971.75,966.5,971.75,0.54,11486.2,11097238.54,1
2024-11-27,2024-11-27 14:00:00,971.75,977.0,971.75,977.0,0.54,11486.2,11097238.54,1
2024-11-27,2024-11-27 15:00:00,977.0,980.0,952.5,977.0,0.0,11486.2,11097238.54,0
2024-11-28,2024-11-28 11:00:00,977.0,977.4,966.75,974.5,-0.26,8166.2,7868486.16,-1
2024-11-28,2024-11-28 12:00:00,974.5,974.5,972.0,972.0,-0.26,8166.2,7868486.16,-1
2024-11-28,2024-11-28 13:00:00,972.0,972.0,969.5,969.5,-0.26,8166.2,7868486.16,-1
2024-11-28,2024-11-28 14:00:00,969.5,969.5,967.0,967.0,-0.26,8166.2,7868486.16,-1
2024-11-28,2024-11-28 15:00:00,967.0,977.8,956.5,967.0,0.0,8166.2,7868486.16,0
2024-12-01,2024-12-01 11:00:00,967.0,967.0,952.5,962.42,-0.47,5547.8,5280693.96,-1
2024-12-01,2024-12-01 12:00:00,962.42,962.42,957.85,957.85,-0.47,5547.8,5280693.96,-1
2024-12-01,2024-12-01 13:00:00,957.85,957.85,953.28,953.28,-0.48,5547.8,5280693.96,-1
2024-12-01,2024-12-01 14:00:00,953.28,953.28,948.7,948.7,-0.48,5547.8,5280693.96,-1
2024-12-01,2024-12-01 15:00:00,948.7,967.0,938.0,948.7,0.0,5547.8,5280693.96,0
2024-12-02,2024-12-02 11:00:00,929.8,964.9,929.8,940.85,1.19,15275.6,14908228.54,1
2024-12-02,2024-12-02 12:00:00,940.85,951.9,940.85,951.9,1.17,15275.6,14908228.54,1
2024-12-02,2024-12-02 13:00:00,951.9,962.95,951.9,962.95,1.16,15275.6,14908228.54,1
2024-12-02,2024-12-02 14:00:00,962.95,974.0,962.95,974.0,1.15,15275.6,14908228.54,1
2024-12-02,2024-12-02 15:00:00,974.0,1000.0,929.8,974.0,0.0,15275.6,14908228.54,0
2024-12-03,2024-12-03 11:00:00,993.4,993.4,977.95,988.05,-0.54,5861.2,5697412.3,-1
2024-12-03,2024-12-03 12:00:00,988.05,988.05,982.7,982.7,-0.54,5861.2,5697412.3,-1
2024-12-03,2024-12-03 13:00:00,982.7,982.7,977.35,977.35,-0.54,5861.2,5697412.3,-1
2024-12-03,2024-12-03 14:00:00,977.35,977.35,972.0,972.0,-0.55,5861.2,5697412.3,-1
2024-12-03,2024-12-03 15:00:00,972.0,993.4,962.5,972.0,0.0,5861.2,5697412.3,0
2024-12-04,2024-12-04 11:00:00,960.0,969.5,956.5,958.25,-0.18,5865.8,5670150.84,-1
2024-12-04,2024-12-04 12:00:00,958.25,958.25,956.5,956.5,-0.18,5865.8,5670150.84,-1
2024-12-04,2024-12-04 13:00:00,956.5,956.5,954.75,954.75,-0.18,5865.8,5670150.84,-1
2024-12-04,2024-12-04 14:00:00,954.75,954.75,953.0,953.0,-0.18,5865.8,5670150.84,-1
2024-12-04,2024-12-04 15:00:00,953.0,979.0,953.0,953.0,0.0,5865.8,5670150.84,0
2024-12-05,2024-12-05 11:00:00,955.0,960.0,945.0,950.08,-0.52,7361.0,6948555.1,-1
2024-12-05,2024-12-05 12:00:00,950.08,950.08,945.15,945.15,-0.52,7361.0,6948555.1,-1
2024-12-05,2024-12-05 13:00:00,945.15,945.15,940.22,940.22,-0.52,7361.0,6948555.1,-1
2024-12-05,2024-12-05 14:00:00,940.22,940.22,935.3,935.3,-0.52,7361.0,6948555.1,-1
2024-12-05,2024-12-05 15:00:00,935.3,965.0,935.0,935.3,0.0,7361.0,6948555.1,0
2024-12-08,2024-12-08 11:00:00,937.2,943.6,929.1,936.65,-0.06,5032.4,4685543.72,-1
2024-12-08,2024-12-08 12:00:00,936.65,936.65,936.1,936.1,-0.06,5032.4,4685543.72,-1
2024-12-08,2024-12-08 13:00:00,936.1,936.1,935.55,935.55,-0.06,5032.4,4685543.72,-1
2024-12-08,2024-12-08 14:00:00,935.55,935.55,935.0,935.0,-0.06,5032.4,4685543.72,-1
2024-12-08,2024-12-08 15:00:00,935.0,950.0,921.0,935.0,0.0,5032.4,4685543.72,0
2024-12-09,2024-12-09 11:00:00,948.0,948.0,936.5,942.5,-0.58,2987.2,2775260.06,-1
2024-12-09,2024-12-09 12:00:00,942.5,942.5,937.0,937.0,-0.58,2987.2,2775260.06,-1
2024-12-09,2024-12-09 13:00:00,937.0,937.0,931.5,931.5,-0.59,2987.2,2775260.06,-1
2024-12-09,2024-12-09 14:00:00,931.5,931.5,926.0,926.0,-0.59,2987.2,2775260.06,-1
2024-12-09,2024-12-09 15:00:00,926.0,948.0,925.0,926.0,0.0,2987.2,2775260.06,0
2024-12-10,2024-12-10 11:00:00,927.0,934.7,922.5,925.75,-0.13,3289.6,3039433.62,-1
2024-12-10,2024-12-10 12:00:00,925.75,925.75,924.5,924.5,-0.14,3289.6,3039433.62,-1
2024-12-10,2024-12-10 13:00:00,924.5,924.5,923.25,923.25,-0.14,3289.6,3039433.62,-1
2024-12-10,2024-12-10 14:00:00,923.25,923.25,922.0,922.0,-0.14,3289.6,3039433.62,-1
2024-12-10,2024-12-10 15:00:00,922.0,942.4,918.0,922.0,0.0,3289.6,3039433.62,0
2024-12-11,2024-12-11 11:00:00,922.1,928.55,921.55,924.83,0.3,1550.6,1434927.4,1
2024-12-11,2024-12-11 12:00:00,924.83,927.55,924.83,927.55,0.29,1550.6,1434927.4,1
2024-12-11,2024-12-11 13:00:00,927.55,930.27,927.55,930.27,0.29,1550.6,1434927.4,1
2024-12-11,2024-12-11 14:00:00,930.27,933.0,930.27,933.0,0.29,1550.6,1434927.4,1
2024-12-11,2024-12-11 15:00:00,933.0,935.0,921.0,933.0,0.0,1550.6,1434927.4,0
2024-12-12,2024-12-12 11:00:00,947.9,947.95,932.55,940.67,-0.76,4778.6,4439297.44,-1
2024-12-12,2024-12-12 12:00:00,940.67,940.67,933.45,933.45,-0.77,4778.6,4439297.44,-1
2024-12-12,2024-12-12 13:00:00,933.45,933.45,926.23,926.23,-0.77,4778.6,4439297.44,-1
2024-12-12,2024-12-12 14:00:00,926.23,926.23,919.0,919.0,-0.78,4778.6,4439297.44,-1
2024-12-12,2024-12-12 15:00:00,919.0,948.0,917.2,919.0,0.0,4778.6,4439297.44,0
2024-12-16,2024-12-16 11:00:00,920.0,922.0,915.0,918.0,-0.22,4259.0,3889002.2,-1
2024-12-16,2024-12-16 12:00:00,918.0,918.0,916.0,916.0,-0.22,4259.0,3889002.2,-1
2024-12-16,2024-12-16 13:00:00,916.0,916.0,914.0,914.0,-0.22,4259.0,3889002.2,-1
2024-12-16,2024-12-16 14:00:00,914.0,914.0,912.0,912.0,-0.22,4259.0,3889002.2,-1
2024-12-16,2024-12-16 15:00:00,912.0,924.0,910.0,912.0,0.0,4259.0,3889002.2,0
2024-12-17,2024-12-17 11:00:00,925.0,925.0,916.0,922.25,-0.3,2127.0,1945322.96,-1
2024-12-17,2024-12-17 12:00:00,922.25,922.25,919.5,919.5,-0.3,2127.0,1945322.96,-1
2024-12-17,2024-12-17 13:00:00,919.5,919.5,916.75,916.75,-0.3,2127.0,1945322.96,-1
2024-12-17,2024-12-17 14:00:00,916.75,916.75,914.0,914.0,-0.3,2127.0,1945322.96,-1
2024-12-17,2024-12-17 15:00:00,914.0,925.0,907.0,914.0,0.0,2127.0,1945322.96,0
2024-12-18,2024-12-18 11:00:00,915.0,920.0,913.0,914.3,-0.08,1932.8,1767092.14,-1
2024-12-18,2024-12-18 12:00:00,914.3,914.3,913.6,913.6,-0.08,1932.8,1767092.14,-1
2024-12-18,2024-12-18 13:00:00,913.6,913.6,912.9,912.9,-0.08,1932.8,1767092.14,-1
2024-12-18,2024-12-18 14:00:00,912.9,912.9,912.2,912.2,-0.08,1932.8,1767092.14,-1
2024-12-18,2024-12-18 15:00:00,912.2,925.0,911.0,912.2,0.0,1932.8,1767092.14,0
2024-12-19,2024-12-19 11:00:00,912.3,921.15,908.7,910.5,-0.2,4926.4,4492780.1,-1
2024-12-19,2024-12-19 12:00:00,910.5,910.5,908.7,908.7,-0.2,4926.4,4492780.1,-1
2024-12-19,2024-12-19 13:00:00,908.7,908.7,906.9,906.9,-0.2,4926.4,4492780.1,-1
2024-12-19,2024-12-19 14:00:00,906.9,906.9,905.1,905.1,-0.2,4926.4,4492780.1,-1
2024-12-19,2024-12-19 15:00:00,905.1,930.0,905.1,905.1,0.0,4926.4,4492780.1,0
2024-12-22,2024-12-22 11:00:00,914.9,914.95,909.05,912.92,-0.22,4078.4,3699746.54,-1
2024-12-22,2024-12-22 12:00:00,912.92,912.92,910.95,910.95,-0.22,4078.4,3699746.54,-1
2024-12-22,2024-12-22 13:00:00,910.95,910.95,908.98,908.98,-0.22,4078.4,3699746.54,-1
2024-12-22,2024-12-22 14:00:00,908.98,908.98,907.0,907.0,-0.22,4078.4,3699746.54,-1
2024-12-22,2024-12-22 15:00:00,907.0,915.0,903.2,907.0,0.0,4078.4,3699746.54,0
2024-12-23,2024-12-23 11:00:00,925.1,925.1,915.05,921.33,-0.41,2257.6,2053173.32,-1
2024-12-23,2024-12-23 12:00:00,921.33,921.33,917.55,917.55,-0.41,2257.6,2053173.32,-1
2024-12-23,2024-12-23 13:00:00,917.55,917.55,913.77,913.77,-0.41,2257.6,2053173.32,-1
2024-12-23,2024-12-23 14:00:00,913.77,913.77,910.0,910.0,-0.41,2257.6,2053173.32,-1
2024-12-23,2024-12-23 15:00:00,910.0,925.1,905.0,910.0,0.0,2257.6,2053173.32,0
2024-12-24,2024-12-24 11:00:00,907.2,916.1,903.6,909.9,0.3,3088.8,2831859.34,1
2024-12-24,2024-12-24 12:00:00,909.9,912.6,909.9,912.6,0.3,3088.8,2831859.34,1
2024-12-24,2024-12-24 13:00:00,912.6,915.3,912.6,915.3,0.3,3088.8,2831859.34,1
2024-12-24,2024-12-24 14:00:00,915.3,918.0,915.3,918.0,0.29,3088.8,2831859.34,1
2024-12-24,2024-12-24 15:00:00,918.0,925.0,900.0,918.0,0.0,3088.8,2831859.34,0
2024-12-26,2024-12-26 11:00:00,918.0,918.0,911.65,914.85,-0.34,3441.4,3130058.62,-1
2024-12-26,2024-12-26 12:00:00,914.85,914.85,911.7,911.7,-0.34,3441.4,3130058.62,-1
2024-12-26,2024-12-26 13:00:00,911.7,911.7,908.55,908.55,-0.35,3441.4,3130058.62,-1
2024-12-26,2024-12-26 14:00:00,908.55,908.55,905.4,905.4,-0.35,3441.4,3130058.62,-1
2024-12-26,2024-12-26 15:00:00,905.4,918.0,905.3,905.4,0.0,3441.4,3130058.62,0
2024-12-29,2024-12-29 11:00:00,906.0,909.75,903.0,904.5,-0.17,3546.4,3207920.54,-1
2024-12-29,2024-12-29 12:00:00,904.5,904.5,903.0,903.0,-0.17,3546.4,3207920.54,-1
2024-12-29,2024-12-29 13:00:00,903.0,903.0,901.5,901.5,-0.17,3546.4,3207920.54,-1
2024-12-29,2024-12-29 14:00:00,901.5,901.5,900.0,900.0,-0.17,3546.4,3207920.54,-1
2024-12-29,2024-12-29 15:00:00,900.0,913.5,900.0,900.0,0.0,3546.4,3207920.54,0
2024-12-31,2024-12-31 11:00:00,900.0,902.45,891.05,897.25,-0.31,3976.0,3550943.02,-1
2024-12-31,2024-12-31 12:00:00,897.25,897.25,894.5,894.5,-0.31,3976.0,3550943.02,-1
2024-12-31,2024-12-31 13:00:00,894.5,894.5,891.75,891.75,-0.31,3976.0,3550943.02,-1
2024-12-31,2024-12-31 14:00:00,891.75,891.75,889.0,889.0,-0.31,3976.0,3550943.02,-1
2024-12-31,2024-12-31 15:00:00,889.0,904.9,882.1,889.0,0.0,3976.0,3550943.02,0
2025-01-01,2025-01-01 11:00:00,885.0,890.0,883.5,884.75,-0.03,1663.0,1474031.46,-1
2025-01-01,2025-01-01 12:00:00,884.75,884.75,884.5,884.5,-0.03,1663.0,1474031.46,-1
2025-01-01,2025-01-01 13:00:00,884.5,884.5,884.25,884.25,-0.03,1663.0,1474031.46,-1
2025-01-01,2025-01-01 14:00:00,884.25,884.25,884.0,884.0,-0.03,1663.0,1474031.46,-1
2025-01-01,2025-01-01 15:00:00,884.0,895.0,882.0,884.0,0.0,1663.0,1474031.46,0
2025-01-02,2025-01-02 11:00:00,880.0,885.0,880.0,881.85,0.21,3489.2,3088978.0,1
2025-01-02,2025-01-02 12:00:00,881.85,883.7,881.85,883.7,0.21,3489.2,3088978.0,1
2025-01-02,2025-01-02 13:00:00,883.7,885.55,883.7,885.55,0.21,3489.2,3088978.0,1
2025-01-02,2025-01-02 14:00:00,885.55,887.4,885.55,887.4,0.21,3489.2,3088978.0,1
2025-01-02,2025-01-02 15:00:00,887.4,890.0,880.0,887.4,0.0,3489.2,3088978.0,0
2025-01-05,2025-01-05 11:00:00,890.0,897.0,885.0,893.0,0.34,2287.6,2047739.16,1
2025-01-05,2025-01-05 12:00:00,893.0,896.0,893.0,896.0,0.34,2287.6,2047739.16,1
2025-01-05,2025-01-05 13:00:00,896.0,899.0,896.0,899.0,0.33,2287.6,2047739.16,1
2025-01-05,2025-01-05 14:00:00,899.0,902.0,899.0,902.0,0.33,2287.6,2047739.16,1
2025-01-05,2025-01-05 15:00:00,902.0,904.0,880.0,902.0,0.0,2287.6,2047739.16,0
2025-01-06,2025-01-06 11:00:00,902.0,910.95,899.5,905.98,0.44,2949.4,2680115.0,1
2025-01-06,2025-01-06 12:00:00,905.98,909.95,905.98,909.95,0.44,2949.4,2680115.0,1
2025-01-06,2025-01-06 13:00:00,909.95,913.92,909.95,913.92,0.44,2949.4,2680115.0,1
2025-01-06,2025-01-06 14:00:00,913.92,917.9,913.92,917.9,0.44,2949.4,2680115.0,1
2025-01-06,2025-01-06 15:00:00,917.9,919.9,897.0,917.9,0.0,2949.4,2680115.0,0
2025-01-07,2025-01-07 11:00:00,919.0,921.5,913.0,917.75,-0.14,2256.2,2066064.06,-1
2025-01-07,2025-01-07 12:00:00,917.75,917.75,916.5,916.5,-0.14,2256.2,2066064.06,-1
2025-01-07,2025-01-07 13:00:00,916.5,916.5,915.25,915.25,-0.14,2256.2,2066064.06,-1
2025-01-07,2025-01-07 14:00:00,915.25,915.25,914.0,914.0,-0.14,2256.2,2066064.06,-1
2025-01-07,2025-01-07 15:00:00,914.0,924.0,907.0,914.0,0.0,2256.2,2066064.06,0
2025-01-08,2025-01-08 11:00:00,910.1,911.3,908.05,909.33,-0.08,2001.0,1821022.94,-1
2025-01-08,2025-01-08 12:00:00,909.33,909.33,908.55,908.55,-0.09,2001.0,1821022.94,-1
2025-01-08,2025-01-08 13:00:00,908.55,908.55,907.77,907.77,-0.09,2001.0,1821022.94,-1
2025-01-08,2025-01-08 14:00:00,907.77,907.77,907.0,907.0,-0.08,2001.0,1821022.94,-1
2025-01-08,2025-01-08 15:00:00,907.0,912.5,906.0,907.0,0.0,2001.0,1821022.94,0
2025-01-09,2025-01-09 11:00:00,910.0,916.0,905.5,909.73,-0.03,4856.2,4412851.86,-1
2025-01-09,2025-01-09 12:00:00,909.73,909.73,909.45,909.45,-0.03,4856.2,4412851.86,-1
2025-01-09,2025-01-09 13:00:00,909.45,909.45,909.17,909.17,-0.03,4856.2,4412851.86,-1
2025-01-09,2025-01-09 14:00:00,909.17,909.17,908.9,908.9,-0.03,4856.2,4412851.86,-1
2025-01-09,2025-01-09 15:00:00,908.9,922.0,901.0,908.9,0.0,4856.2,4412851.86,0
2025-01-12,2025-01-12 11:00:00,893.0,901.4,889.0,892.75,-0.03,3885.0,3476937.24,-1
2025-01-12,2025-01-12 12:00:00,892.75,892.75,892.5,892.5,-0.03,3885.0,3476937.24,-1
2025-01-12,2025-01-12 13:00:00,892.5,892.5,892.25,892.25,-0.03,3885.0,3476937.24,-1
2025-01-12,2025-01-12 14:00:00,892.25,892.25,892.0,892.0,-0.03,3885.0,3476937.24,-1
2025-01-12,2025-01-12 15:00:00,892.0,909.8,885.0,892.0,0.0,3885.0,3476937.24,0
2025-01-13,2025-01-13 11:00:00,892.0,895.5,884.3,889.75,-0.25,6094.4,5390084.96,-1
2025-01-13,2025-01-13 12:00:00,889.75,889.75,887.5,887.5,-0.25,6094.4,5390084.96,-1
2025-01-13,2025-01-13 13:00:00,887.5,887.5,885.25,885.25,-0.25,6094.4,5390084.96,-1
2025-01-13,2025-01-13 14:00:00,885.25,885.25,883.0,883.0,-0.25,6094.4,5390084.96,-1
2025-01-13,2025-01-13 15:00:00,883.0,899.0,876.6,883.0,0.0,6094.4,5390084.96,0
2025-01-15,2025-01-15 11:00:00,884.0,892.0,881.0,883.0,-0.11,2664.0,2357664.88,-1
2025-01-15,2025-01-15 12:00:00,883.0,883.0,882.0,882.0,-0.11,2664.0,2357664.88,-1
2025-01-15,2025-01-15 13:00:00,882.0,882.0,881.0,881.0,-0.11,2664.0,2357664.88,-1
2025-01-15,2025-01-15 14:00:00,881.0,881.0,880.0,880.0,-0.11,2664.0,2357664.88,-1
2025-01-15,2025-01-15 15:00:00,880.0,900.0,878.0,880.0,0.0,2664.0,2357664.88,0
2025-01-16,2025-01-16 11:00:00,882.0,886.0,876.0,880.75,-0.14,3746.2,3284180.96,-1
2025-01-16,2025-01-16 12:00:00,880.75,880.75,879.5,879.5,-0.14,3746.2,3284180.96,-1
2025-01-16,2025-01-16 13:00:00,879.5,879.5,878.25,878.25,-0.14,3746.2,3284180.96,-1
2025-01-16,2025-01-16 14:00:00,878.25,878.25,877.0,877.0,-0.14,3746.2,3284180.96,-1
2025-01-16,2025-01-16 15:00:00,877.0,890.0,870.0,877.0,0.0,3746.2,3284180.96,0
2025-01-19,2025-01-19 11:00:00,877.0,888.5,876.75,880.25,0.37,4614.0,4088230.96,1
2025-01-19,2025-01-19 12:00:00,880.25,883.5,880.25,883.5,0.37,4614.0,4088230.96,1
2025-01-19,2025-01-19 13:00:00,883.5,886.75,883.5,886.75,0.37,4614.0,4088230.96,1
2025-01-19,2025-01-19 14:00:00,886.75,890.0,886.75,890.0,0.37,4614.0,4088230.96,1
2025-01-19,2025-01-19 15:00:00,890.0,900.0,876.5,890.0,0.0,4614.0,4088230.96,0
2025-01-20,2025-01-20 11:00:00,899.4,899.4,889.7,895.3,-0.46,4195.6,3712798.1,-1
2025-01-20,2025-01-20 12:00:00,895.3,895.3,891.2,891.2,-0.46,4195.6,3712798.1,-1
2025-01-20,2025-01-20 13:00:00,891.2,891.2,887.1,887.1,-0.46,4195.6,3712798.1,-1
2025-01-20,2025-01-20 14:00:00,887.1,887.1,883.0,883.0,-0.46,4195.6,3712798.1,-1
2025-01-20,2025-01-20 15:00:00,883.0,899.4,880.0,883.0,0.0,4195.6,3712798.1,0
2025-01-21,2025-01-21 11:00:00,881.0,888.0,878.6,882.5,0.17,2540.2,2253884.16,1
2025-01-21,2025-01-21 12:00:00,882.5,884.0,882.5,884.0,0.17,2540.2,2253884.16,1
2025-01-21,2025-01-21 13:00:00,884.0,885.5,884.0,885.5,0.17,2540.2,2253884.16,1
2025-01-21,2025-01-21 14:00:00,885.5,887.0,885.5,887.0,0.17,2540.2,2253884.16,1
2025-01-21,2025-01-21 15:00:00,887.0,895.0,876.2,887.0,0.0,2540.2,2253884.16,0
2025-01-22,2025-01-22 11:00:00,904.7,912.35,895.85,905.03,0.04,7569.6,6878789.2,1
2025-01-22,2025-01-22 12:00:00,905.03,905.35,905.03,905.35,0.04,7569.6,6878789.2,1
2025-01-22,2025-01-22 13:00:00,905.35,905.67,905.35,905.67,0.04,7569.6,6878789.2,1
2025-01-22,2025-01-22 14:00:00,905.67,906.0,905.67,906.0,0.04,7569.6,6878789.2,1
2025-01-22,2025-01-22 15:00:00,906.0,920.0,887.0,906.0,0.0,7569.6,6878789.2,0
2025-01-23,2025-01-23 11:00:00,924.1,924.1,907.05,918.05,-0.65,3786.4,3402494.9,-1
2025-01-23,2025-01-23 12:00:00,918.05,918.05,912.0,912.0,-0.66,3786.4,3402494.9,-1
2025-01-23,2025-01-23 13:00:00,912.0,912.0,905.95,905.95,-0.66,3786.4,3402494.9,-1
2025-01-23,2025-01-23 14:00:00,905.95,905.95,899.9,899.9,-0.67,3786.4,3402494.9,-1
2025-01-23,2025-01-23 15:00:00,899.9,924.1,890.0,899.9,0.0,3786.4,3402494.9,0
2025-01-26,2025-01-26 11:00:00,899.9,900.95,894.6,898.42,-0.16,4396.8,3922556.6,-1
2025-01-26,2025-01-26 12:00:00,898.42,898.42,896.95,896.95,-0.16,4396.8,3922556.6,-1
2025-01-26,2025-01-26 13:00:00,896.95,896.95,895.48,895.48,-0.16,4396.8,3922556.6,-1
2025-01-26,2025-01-26 14:00:00,895.48,895.48,894.0,894.0,-0.17,4396.8,3922556.6,-1
2025-01-26,2025-01-26 15:00:00,894.0,902.0,889.3,894.0,0.0,4396.8,3922556.6,0
2025-01-27,2025-01-27 11:00:00,910.0,910.0,901.0,905.98,-0.44,3423.4,3062596.5,-1
2025-01-27,2025-01-27 12:00:00,905.98,905.98,901.95,901.95,-0.44,3423.4,3062596.5,-1
2025-01-27,2025-01-27 13:00:00,901.95,901.95,897.92,897.92,-0.45,3423.4,3062596.5,-1
2025-01-27,2025-01-27 14:00:00,897.92,897.92,893.9,893.9,-0.45,3423.4,3062596.5,-1
2025-01-27,2025-01-27 15:00:00,893.9,910.0,892.0,893.9,0.0,3423.4,3062596.5,0
2025-01-28,2025-01-28 11:00:00,884.0,891.5,882.75,886.0,0.23,6368.4,5661733.46,1
2025-01-28,2025-01-28 12:00:00,886.0,888.0,886.0,888.0,0.23,6368.4,5661733.46,1
2025-01-28,2025-01-28 13:00:00,888.0,890.0,888.0,890.0,0.23,6368.4,5661733.46,1
2025-01-28,2025-01-28 14:00:00,890.0,892.0,890.0,892.0,0.22,6368.4,5661733.46,1
2025-01-28,2025-01-28 15:00:00,892.0,899.0,881.5,892.0,0.0,6368.4,5661733.46,0
2025-02-02,2025-02-02 11:00:00,899.0,907.0,896.1,902.5,0.39,7811.6,7083325.76,1
2025-02-02,2025-02-02 12:00:00,902.5,906.0,902.5,906.0,0.39,7811.6,7083325.76,1
2025-02-02,2025-02-02 13:00:00,906.0,909.5,906.0,909.5,0.39,7811.6,7083325.76,1
2025-02-02,2025-02-02 14:00:00,909.5,913.0,909.5,913.0,0.38,7811.6,7083325.76,1
2025-02-02,2025-02-02 15:00:00,913.0,915.0,893.2,913.0,0.0,7811.6,7083325.76,0
2025-02-03,2025-02-03 11:00:00,910.1,916.05,907.6,912.08,0.22,7344.2,6725323.14,1
2025-02-03,2025-02-03 12:00:00,912.08,914.05,912.08,914.05,0.22,7344.2,6725323.14,1
2025-02-03,2025-02-03 13:00:00,914.05,916.02,914.05,916.02,0.22,7344.2,6725323.14,1
2025-02-03,2025-02-03 14:00:00,916.02,918.0,916.02,918.0,0.22,7344.2,6725323.14,1
2025-02-03,2025-02-03 15:00:00,918.0,922.0,905.1,918.0,0.0,7344.2,6725323.14,0
2025-02-04,2025-02-04 11:00:00,936.3,936.3,915.7,926.47,-1.05,7501.4,6784286.86,-1
2025-02-04,2025-02-04 12:00:00,926.47,926.47,916.65,916.65,-1.06,7501.4,6784286.86,-1
2025-02-04,2025-02-04 13:00:00,916.65,916.65,906.83,906.83,-1.07,7501.4,6784286.86,-1
2025-02-04,2025-02-04 14:00:00,906.83,906.83,897.0,897.0,-1.08,7501.4,6784286.86,-1
2025-02-04,2025-02-04 15:00:00,897.0,936.3,895.1,897.0,0.0,7501.4,6784286.86,0
2025-02-05,2025-02-05 11:00:00,897.2,904.05,897.1,897.9,0.08,4724.4,4257545.92,1
2025-02-05,2025-02-05 12:00:00,897.9,898.6,897.9,898.6,0.08,4724.4,4257545.92,1
2025-02-05,2025-02-05 13:00:00,898.6,899.3,898.6,899.3,0.08,4724.4,4257545.92,1
2025-02-05,2025-02-05 14:00:00,899.3,900.0,899.3,900.0,0.08,4724.4,4257545.92,1
2025-02-05,2025-02-05 15:00:00,900.0,910.9,897.0,900.0,0.0,4724.4,4257545.92,0
2025-02-06,2025-02-06 11:00:00,914.0,914.0,902.0,909.0,-0.55,5228.8,4685449.86,-1
2025-02-06,2025-02-06 12:00:00,909.0,909.0,904.0,904.0,-0.55,5228.8,4685449.86,-1
2025-02-06,2025-02-06 13:00:00,904.0,904.0,899.0,899.0,-0.55,5228.8,4685449.86,-1
2025-02-06,2025-02-06 14:00:00,899.0,899.0,894.0,894.0,-0.56,5228.8,4685449.86,-1
2025-02-06,2025-02-06 15:00:00,894.0,914.0,890.0,894.0,0.0,5228.8,4685449.86,0
2025-02-09,2025-02-09 11:00:00,908.0,908.0,898.9,904.0,-0.44,7286.2,6509029.1,-1
2025-02-09,2025-02-09 12:00:00,904.0,904.0,900.0,900.0,-0.44,7286.2,6509029.1,-1
2025-02-09,2025-02-09 13:00:00,900.0,900.0,896.0,896.0,-0.44,7286.2,6509029.1,-1
2025-02-09,2025-02-09 14:00:00,896.0,896.0,892.0,892.0,-0.45,7286.2,6509029.1,-1
2025-02-09,2025-02-09 15:00:00,892.0,908.0,889.8,892.0,0.0,7286.2,6509029.1,0
2025-02-10,2025-02-10 11:00:00,875.1,892.75,875.1,878.08,0.34,4637.6,4124446.1,1
2025-02-10,2025-02-10 12:00:00,878.08,881.05,878.08,881.05,0.34,4637.6,4124446.1,1
2025-02-10,2025-02-10 13:00:00,881.05,884.02,881.05,884.02,0.34,4637.6,4124446.1,1
2025-02-10,2025-02-10 14:00:00,884.02,887.0,884.02,887.0,0.34,4637.6,4124446.1,1
2025-02-10,2025-02-10 15:00:00,887.0,910.4,875.1,887.0,0.0,4637.6,4124446.1,0
2025-02-11,2025-02-11 11:00:00,869.3,894.65,869.3,873.22,0.45,4128.6,3668284.14,1
2025-02-11,2025-02-11 12:00:00,873.22,877.15,873.22,877.15,0.45,4128.6,3668284.14,1
2025-02-11,2025-02-11 13:00:00,877.15,881.08,877.15,881.08,0.45,4128.6,3668284.14,1
2025-02-11,2025-02-11 14:00:00,881.08,885.0,881.08,885.0,0.44,4128.6,3668284.14,1
2025-02-11,2025-02-11 15:00:00,885.0,920.0,869.3,885.0,0.0,4128.6,3668284.14,0
2025-02-12,2025-02-12 11:00:00,888.0,889.0,884.0,887.25,-0.08,6392.6,5649296.02,-1
2025-02-12,2025-02-12 12:00:00,887.25,887.25,886.5,886.5,-0.08,6392.6,5649296.02,-1
2025-02-12,2025-02-12 13:00:00,886.5,886.5,885.75,885.75,-0.08,6392.6,5649296.02,-1
2025-02-12,2025-02-12 14:00:00,885.75,885.75,885.0,885.0,-0.08,6392.6,5649296.02,-1
2025-02-12,2025-02-12 15:00:00,885.0,890.0,880.0,885.0,0.0,6392.6,5649296.02,0
2025-02-13,2025-02-13 11:00:00,900.0,900.0,890.05,896.0,-0.44,4266.6,3774331.16,-1
2025-02-13,2025-02-13 12:00:00,896.0,896.0,892.0,892.0,-0.45,4266.6,3774331.16,-1
2025-02-13,2025-02-13 13:00:00,892.0,892.0,888.0,888.0,-0.45,4266.6,3774331.16,-1
2025-02-13,2025-02-13 14:00:00,888.0,888.0,884.0,884.0,-0.45,4266.6,3774331.16,-1
2025-02-13,2025-02-13 15:00:00,884.0,900.0,880.1,884.0,0.0,4266.6,3774331.16,0
2025-02-16,2025-02-16 11:00:00,883.0,887.5,883.0,884.25,0.14,3550.8,3155496.2,1
2025-02-16,2025-02-16 12:00:00,884.25,885.5,884.25,885.5,0.14,3550.8,3155496.2,1
2025-02-16,2025-02-16 13:00:00,885.5,886.75,885.5,886.75,0.14,3550.8,3155496.2,1
2025-02-16,2025-02-16 14:00:00,886.75,888.0,886.75,888.0,0.14,3550.8,3155496.2,1
2025-02-16,2025-02-16 15:00:00,888.0,892.0,883.0,888.0,0.0,3550.8,3155496.2,0
2025-02-17,2025-02-17 11:00:00,890.0,897.25,887.5,891.0,0.11,7026.8,6292876.3,1
2025-02-17,2025-02-17 12:00:00,891.0,892.0,891.0,892.0,0.11,7026.8,6292876.3,1
2025-02-17,2025-02-17 13:00:00,892.0,893.0,892.0,893.0,0.11,7026.8,6292876.3,1
2025-02-17,2025-02-17 14:00:00,893.0,894.0,893.0,894.0,0.11,7026.8,6292876.3,1
2025-02-17,2025-02-17 15:00:00,894.0,904.5,885.0,894.0,0.0,7026.8,6292876.3,0
2025-02-18,2025-02-18 11:00:00,894.0,897.5,889.5,891.75,-0.25,11213.6,10002939.7,-1
2025-02-18,2025-02-18 12:00:00,891.75,891.75,889.5,889.5,-0.25,11213.6,10002939.7,-1
2025-02-18,2025-02-18 13:00:00,889.5,889.5,887.25,887.25,-0.25,11213.6,10002939.7,-1
2025-02-18,2025-02-18 14:00:00,887.25,887.25,885.0,885.0,-0.25,11213.6,10002939.7,-1
2025-02-18,2025-02-18 15:00:00,885.0,901.0,885.0,885.0,0.0,11213.6,10002939.7,0
2025-02-20,2025-02-20 11:00:00,885.0,888.5,885.0,885.08,0.01,4263.0,3784725.92,1
2025-02-20,2025-02-20 12:00:00,885.08,885.15,885.08,885.15,0.01,4263.0,3784725.92,1
2025-02-20,2025-02-20 13:00:00,885.15,885.22,885.15,885.22,0.01,4263.0,3784725.92,1
2025-02-20,2025-02-20 14:00:00,885.22,885.3,885.22,885.3,0.01,4263.0,3784725.92,1
2025-02-20,2025-02-20 15:00:00,885.3,892.0,885.0,885.3,0.0,4263.0,3784725.92,0
2025-02-23,2025-02-23 11:00:00,880.1,887.05,878.55,881.75,0.19,7855.2,6955136.06,1
2025-02-23,2025-02-23 12:00:00,881.75,883.4,881.75,883.4,0.19,7855.2,6955136.06,1
2025-02-23,2025-02-23 13:00:00,883.4,885.05,883.4,885.05,0.19,7855.2,6955136.06,1
2025-02-23,2025-02-23 14:00:00,885.05,886.7,885.05,886.7,0.19,7855.2,6955136.06,1
2025-02-23,2025-02-23 15:00:00,886.7,894.0,877.0,886.7,0.0,7855.2,6955136.06,0
2025-02-24,2025-02-24 11:00:00,888.1,896.05,888.1,888.6,0.06,4950.8,4438060.26,1
2025-02-24,2025-02-24 12:00:00,888.6,889.1,888.6,889.1,0.06,4950.8,4438060.26,1
2025-02-24,2025-02-24 13:00:00,889.1,889.6,889.1,889.6,0.06,4950.8,4438060.26,1
2025-02-24,2025-02-24 14:00:00,889.6,890.1,889.6,890.1,0.06,4950.8,4438060.26,1
2025-02-24,2025-02-24 15:00:00,890.1,904.0,888.1,890.1,0.0,4950.8,4438060.26,0
2025-02-25,2025-02-25 11:00:00,899.7,899.7,894.85,898.25,-0.16,3741.6,3346228.52,-1
2025-02-25,2025-02-25 12:00:00,898.25,898.25,896.8,896.8,-0.16,3741.6,3346228.52,-1
2025-02-25,2025-02-25 13:00:00,896.8,896.8,895.35,895.35,-0.16,3741.6,3346228.52,-1
2025-02-25,2025-02-25 14:00:00,895.35,895.35,893.9,893.9,-0.16,3741.6,3346228.52,-1
2025-02-25,2025-02-25 15:00:00,893.9,899.7,890.0,893.9,0.0,3741.6,3346228.52,0
2025-02-27,2025-02-27 11:00:00,910.0,922.5,903.0,915.25,0.58,15107.0,13842410.52,1
2025-02-27,2025-02-27 12:00:00,915.25,920.5,915.25,920.5,0.57,15107.0,13842410.52,1
2025-02-27,2025-02-27 13:00:00,920.5,925.75,920.5,925.75,0.57,15107.0,13842410.52,1
2025-02-27,2025-02-27 14:00:00,925.75,931.0,925.75,931.0,0.57,15107.0,13842410.52,1
2025-02-27,2025-02-27 15:00:00,931.0,935.0,896.0,931.0,0.0,15107.0,13842410.52,0
2025-03-02,2025-03-02 11:00:00,949.6,958.7,944.8,954.15,0.48,13390.6,12798890.14,1
2025-03-02,2025-03-02 12:00:00,954.15,958.7,954.15,958.7,0.48,13390.6,12798890.14,1
2025-03-02,2025-03-02 13:00:00,958.7,963.25,958.7,963.25,0.47,13390.6,12798890.14,1
2025-03-02,2025-03-02 14:00:00,963.25,967.8,963.25,967.8,0.47,13390.6,12798890.14,1
2025-03-02,2025-03-02 15:00:00,967.8,967.8,940.0,967.8,0.0,13390.6,12798890.14,0
2025-03-03,2025-03-03 11:00:00,975.0,978.25,958.0,966.5,-0.87,9908.4,9481905.04,-1
2025-03-03,2025-03-03 12:00:00,966.5,966.5,958.0,958.0,-0.88,9908.4,9481905.04,-1
2025-03-03,2025-03-03 13:00:00,958.0,958.0,949.5,949.5,-0.89,9908.4,9481905.04,-1
2025-03-03,2025-03-03 14:00:00,949.5,949.5,941.0,941.0,-0.9,9908.4,9481905.04,-1
2025-03-03,2025-03-03 15:00:00,941.0,981.5,941.0,941.0,0.0,9908.4,9481905.04,0
2025-03-04,2025-03-04 11:00:00,955.0,955.0,938.0,947.25,-0.81,10658.2,10009113.24,-1
2025-03-04,2025-03-04 12:00:00,947.25,947.25,939.5,939.5,-0.82,10658.2,10009113.24,-1
2025-03-04,2025-03-04 13:00:00,939.5,939.5,931.75,931.75,-0.82,10658.2,10009113.24,-1
2025-03-04,2025-03-04 14:00:00,931.75,931.75,924.0,924.0,-0.83,10658.2,10009113.24,-1
2025-03-04,2025-03-04 15:00:00,924.0,955.0,921.0,924.0,0.0,10658.2,10009113.24,0
2025-03-05,2025-03-05 11:00:00,924.0,928.0,917.55,922.25,-0.19,7579.8,6971989.22,-1
2025-03-05,2025-03-05 12:00:00,922.25,922.25,920.5,920.5,-0.19,7579.8,6971989.22,-1
2025-03-05,2025-03-05 13:00:00,920.5,920.5,918.75,918.75,-0.19,7579.8,6971989.22,-1
2025-03-05,2025-03-05 14:00:00,918.75,918.75,917.0,917.0,-0.19,7579.8,6971989.22,-1
2025-03-05,2025-03-05 15:00:00,917.0,932.0,911.1,917.0,0.0,7579.8,6971989.22,0
2025-03-06,2025-03-06 11:00:00,935.3,935.3,922.65,930.22,-0.54,7951.0,7293302.16,-1
2025-03-06,2025-03-06 12:00:00,930.22,930.22,925.15,925.15,-0.55,7951.0,7293302.16,-1
2025-03-06,2025-03-06 13:00:00,925.15,925.15,920.08,920.08,-0.55,7951.0,7293302.16,-1
2025-03-06,2025-03-06 14:00:00,920.08,920.08,915.0,915.0,-0.55,7951.0,7293302.16,-1
2025-03-06,2025-03-06 15:00:00,915.0,935.3,910.0,915.0,0.0,7951.0,7293302.16,0
2025-03-09,2025-03-09 11:00:00,911.0,917.5,902.55,907.5,-0.38,8270.2,7494502.72,-1
2025-03-09,2025-03-09 12:00:00,907.5,907.5,904.0,904.0,-0.39,8270.2,7494502.72,-1
2025-03-09,2025-03-09 13:00:00,904.0,904.0,900.5,900.5,-0.39,8270.2,7494502.72,-1
2025-03-09,2025-03-09 14:00:00,900.5,900.5,897.0,897.0,-0.39,8270.2,7494502.72,-1
2025-03-09,2025-03-09 15:00:00,897.0,924.0,894.1,897.0,0.0,8270.2,7494502.72,0
2025-03-10,2025-03-10 11:00:00,900.0,905.0,895.05,899.5,-0.06,4952.4,4454215.98,-1
2025-03-10,2025-03-10 12:00:00,899.5,899.5,899.0,899.0,-0.06,4952.4,4454215.98,-1
2025-03-10,2025-03-10 13:00:00,899.0,899.0,898.5,898.5,-0.06,4952.4,4454215.98,-1
2025-03-10,2025-03-10 14:00:00,898.5,898.5,898.0,898.0,-0.06,4952.4,4454215.98,-1
2025-03-10,2025-03-10 15:00:00,898.0,910.0,890.1,898.0,0.0,4952.4,4454215.98,0
2025-03-11,2025-03-11 11:00:00,889.0,896.0,887.0,888.0,-0.11,5355.2,4776475.3,-1
2025-03-11,2025-03-11 12:00:00,888.0,888.0,887.0,887.0,-0.11,5355.2,4776475.3,-1
2025-03-11,2025-03-11 13:00:00,887.0,887.0,886.0,886.0,-0.11,5355.2,4776475.3,-1
2025-03-11,2025-03-11 14:00:00,886.0,886.0,885.0,885.0,-0.11,5355.2,4776475.3,-1
2025-03-11,2025-03-11 15:00:00,885.0,903.0,885.0,885.0,0.0,5355.2,4776475.3,0
2025-03-12,2025-03-12 11:00:00,885.1,892.55,885.05,888.08,0.34,3809.4,3403777.2,1
2025-03-12,2025-03-12 12:00:00,888.08,891.05,888.08,891.05,0.33,3809.4,3403777.2,1
2025-03-12,2025-03-12 13:00:00,891.05,894.02,891.05,894.02,0.33,3809.4,3403777.2,1
2025-03-12,2025-03-12 14:00:00,894.02,897.0,894.02,897.0,0.33,3809.4,3403777.2,1
2025-03-12,2025-03-12 15:00:00,897.0,900.0,885.0,897.0,0.0,3809.4,3403777.2,0
2025-03-16,2025-03-16 11:00:00,912.0,913.45,901.0,907.12,-0.54,3863.6,3463516.9,-1
2025-03-16,2025-03-16 12:00:00,907.12,907.12,902.25,902.25,-0.54,3863.6,3463516.9,-1
2025-03-16,2025-03-16 13:00:00,902.25,902.25,897.38,897.38,-0.54,3863.6,3463516.9,-1
2025-03-16,2025-03-16 14:00:00,897.38,897.38,892.5,892.5,-0.54,3863.6,3463516.9,-1
2025-03-16,2025-03-16 15:00:00,892.5,914.9,890.0,892.5,0.0,3863.6,3463516.9,0
2025-03-17,2025-03-17 11:00:00,899.0,899.5,893.0,896.35,-0.29,3257.2,2905154.08,-1
2025-03-17,2025-03-17 12:00:00,896.35,896.35,893.7,893.7,-0.3,3257.2,2905154.08,-1
2025-03-17,2025-03-17 13:00:00,893.7,893.7,891.05,891.05,-0.3,3257.2,2905154.08,-1
2025-03-17,2025-03-17 14:00:00,891.05,891.05,888.4,888.4,-0.3,3257.2,2905154.08,-1
2025-03-17,2025-03-17 15:00:00,888.4,900.0,887.0,888.4,0.0,3257.2,2905154.08,0
2025-03-18,2025-03-18 11:00:00,904.0,904.0,895.5,900.5,-0.39,2906.0,2585523.88,-1
2025-03-18,2025-03-18 12:00:00,900.5,900.5,897.0,897.0,-0.39,2906.0,2585523.88,-1
2025-03-18,2025-03-18 13:00:00,897.0,897.0,893.5,893.5,-0.39,2906.0,2585523.88,-1
2025-03-18,2025-03-18 14:00:00,893.5,893.5,890.0,890.0,-0.39,2906.0,2585523.88,-1
2025-03-18,2025-03-18 15:00:00,890.0,904.0,887.0,890.0,0.0,2906.0,2585523.88,0
2025-03-19,2025-03-19 11:00:00,890.0,894.9,887.65,889.0,-0.11,3300.2,2931965.34,-1
2025-03-19,2025-03-19 12:00:00,889.0,889.0,888.0,888.0,-0.11,3300.2,2931965.34,-1
2025-03-19,2025-03-19 13:00:00,888.0,888.0,887.0,887.0,-0.11,3300.2,2931965.34,-1
2025-03-19,2025-03-19 14:00:00,887.0,887.0,886.0,886.0,-0.11,3300.2,2931965.34,-1
2025-03-19,2025-03-19 15:00:00,886.0,899.8,885.3,886.0,0.0,3300.2,2931965.34,0
2025-03-20,2025-03-20 11:00:00,880.5,887.75,880.5,882.05,0.18,3232.8,2866281.68,1
2025-03-20,2025-03-20 12:00:00,882.05,883.61,882.05,883.61,0.18,3232.8,2866281.68,1
2025-03-20,2025-03-20 13:00:00,883.61,885.16,883.61,885.16,0.18,3232.8,2866281.68,1
2025-03-20,2025-03-20 14:00:00,885.16,886.71,885.16,886.71,0.18,3232.8,2866281.68,1
2025-03-20,2025-03-20 15:00:00,886.71,895.0,880.5,886.71,0.0,3232.8,2866281.68,0
2025-03-23,2025-03-23 11:00:00,882.1,884.55,876.05,879.4,-0.31,5052.0,4429441.0,-1
2025-03-23,2025-03-23 12:00:00,879.4,879.4,876.7,876.7,-0.31,5052.0,4429441.0,-1
2025-03-23,2025-03-23 13:00:00,876.7,876.7,874.0,874.0,-0.31,5052.0,4429441.0,-1
2025-03-23,2025-03-23 14:00:00,874.0,874.0,871.3,871.3,-0.31,5052.0,4429441.0,-1
2025-03-23,2025-03-23 15:00:00,871.3,887.0,870.0,871.3,0.0,5052.0,4429441.0,0
2025-03-24,2025-03-24 11:00:00,879.0,879.5,867.5,878.61,-0.04,5158.8,4487316.74,-1
2025-03-24,2025-03-24 12:00:00,878.61,878.61,878.21,878.21,-0.05,5158.8,4487316.74,-1
2025-03-24,2025-03-24 13:00:00,878.21,878.21,877.81,877.81,-0.05,5158.8,4487316.74,-1
2025-03-24,2025-03-24 14:00:00,877.81,877.81,877.42,877.42,-0.04,5158.8,4487316.74,-1
2025-03-24,2025-03-24 15:00:00,877.42,880.0,856.0,877.42,0.0,5158.8,4487316.74,0
2025-03-25,2025-03-25 11:00:00,877.0,877.0,866.05,872.48,-0.52,3743.2,3224902.24,-1
2025-03-25,2025-03-25 12:00:00,872.48,872.48,867.96,867.96,-0.52,3743.2,3224902.24,-1
2025-03-25,2025-03-25 13:00:00,867.96,867.96,863.45,863.45,-0.52,3743.2,3224902.24,-1
2025-03-25,2025-03-25 14:00:00,863.45,863.45,858.93,858.93,-0.52,3743.2,3224902.24,-1
2025-03-25,2025-03-25 15:00:00,858.93,877.0,855.1,858.93,0.0,3743.2,3224902.24,0
2025-03-26,2025-03-26 11:00:00,857.1,863.35,856.05,858.88,0.21,3380.2,2915956.1,1
2025-03-26,2025-03-26 12:00:00,858.88,860.67,858.88,860.67,0.21,3380.2,2915956.1,1
2025-03-26,2025-03-26 13:00:00,860.67,862.46,860.67,862.46,0.21,3380.2,2915956.1,1
2025-03-26,2025-03-26 14:00:00,862.46,864.24,862.46,864.24,0.21,3380.2,2915956.1,1
2025-03-26,2025-03-26 15:00:00,864.24,869.6,855.0,864.24,0.0,3380.2,2915956.1,0
2025-03-27,2025-03-27 11:00:00,874.0,874.0,867.0,872.37,-0.19,5622.4,4855705.3,-1
2025-03-27,2025-03-27 12:00:00,872.37,872.37,870.74,870.74,-0.19,5622.4,4855705.3,-1
2025-03-27,2025-03-27 13:00:00,870.74,870.74,869.1,869.1,-0.19,5622.4,4855705.3,-1
2025-03-27,2025-03-27 14:00:00,869.1,869.1,867.47,867.47,-0.19,5622.4,4855705.3,-1
2025-03-27,2025-03-27 15:00:00,867.47,874.0,860.0,867.47,0.0,5622.4,4855705.3,0
2025-03-30,2025-03-30 11:00:00,868.0,876.5,864.05,870.98,0.34,5779.4,5063504.08,1
2025-03-30,2025-03-30 12:00:00,870.98,873.96,870.98,873.96,0.34,5779.4,5063504.08,1
2025-03-30,2025-03-30 13:00:00,873.96,876.94,873.96,876.94,0.34,5779.4,5063504.08,1
2025-03-30,2025-03-30 14:00:00,876.94,879.92,876.94,879.92,0.34,5779.4,5063504.08,1
2025-03-30,2025-03-30 15:00:00,879.92,885.0,860.1,879.92,0.0,5779.4,5063504.08,0
2025-04-01,2025-04-01 11:00:00,879.0,879.5,869.5,874.74,-0.48,4999.6,4329737.92,-1
2025-04-01,2025-04-01 12:00:00,874.74,874.74,870.48,870.48,-0.49,4999.6,4329737.92,-1
2025-04-01,2025-04-01 13:00:00,870.48,870.48,866.22,866.22,-0.49,4999.6,4329737.92,-1
2025-04-01,2025-04-01 14:00:00,866.22,866.22,861.96,861.96,-0.49,4999.6,4329737.92,-1
2025-04-01,2025-04-01 15:00:00,861.96,880.0,860.0,861.96,0.0,4999.6,4329737.92,0
2025-04-02,2025-04-02 11:00:00,865.0,869.95,862.55,865.54,0.06,4556.0,3947584.16,1
2025-04-02,2025-04-02 12:00:00,865.54,866.09,865.54,866.09,0.06,4556.0,3947584.16,1
2025-04-02,2025-04-02 13:00:00,866.09,866.63,866.09,866.63,0.06,4556.0,3947584.16,1
2025-04-02,2025-04-02 14:00:00,866.63,867.17,866.63,867.17,0.06,4556.0,3947584.16,1
2025-04-02,2025-04-02 15:00:00,867.17,874.9,860.1,867.17,0.0,4556.0,3947584.16,0
2025-04-03,2025-04-03 11:00:00,870.0,875.0,865.0,869.81,-0.02,5743.6,4991632.64,-1
2025-04-03,2025-04-03 12:00:00,869.81,869.81,869.62,869.62,-0.02,5743.6,4991632.64,-1
2025-04-03,2025-04-03 13:00:00,869.62,869.62,869.44,869.44,-0.02,5743.6,4991632.64,-1
2025-04-03,2025-04-03 14:00:00,869.44,869.44,869.25,869.25,-0.02,5743.6,4991632.64,-1
2025-04-03,2025-04-03 15:00:00,869.25,880.0,860.0,869.25,0.0,5743.6,4991632.64,0
2025-04-07,2025-04-07 11:00:00,869.0,877.0,863.65,866.57,-0.28,5648.4,4874937.38,-1
2025-04-07,2025-04-07 12:00:00,866.57,866.57,864.13,864.13,-0.28,5648.4,4874937.38,-1
2025-04-07,2025-04-07 13:00:00,864.13,864.13,861.7,861.7,-0.28,5648.4,4874937.38,-1
2025-04-07,2025-04-07 14:00:00,861.7,861.7,859.27,859.27,-0.28,5648.4,4874937.38,-1
2025-04-07,2025-04-07 15:00:00,859.27,885.0,858.3,859.27,0.0,5648.4,4874937.38,0
2025-04-08,2025-04-08 11:00:00,855.3,861.9,852.65,855.63,0.04,7067.8,6036913.9,1
2025-04-08,2025-04-08 12:00:00,855.63,855.95,855.63,855.95,0.04,7067.8,6036913.9,1
2025-04-08,2025-04-08 13:00:00,855.95,856.28,855.95,856.28,0.04,7067.8,6036913.9,1
2025-04-08,2025-04-08 14:00:00,856.28,856.61,856.28,856.61,0.04,7067.8,6036913.9,1
2025-04-08,2025-04-08 15:00:00,856.61,868.5,850.0,856.61,0.0,7067.8,6036913.9,0
2025-04-09,2025-04-09 11:00:00,860.1,865.05,855.05,858.71,-0.16,3344.6,2867024.66,-1
2025-04-09,2025-04-09 12:00:00,858.71,858.71,857.33,857.33,-0.16,3344.6,2867024.66,-1
2025-04-09,2025-04-09 13:00:00,857.33,857.33,855.94,855.94,-0.16,3344.6,2867024.66,-1
2025-04-09,2025-04-09 14:00:00,855.94,855.94,854.55,854.55,-0.16,3344.6,2867024.66,-1
2025-04-09,2025-04-09 15:00:00,854.55,870.0,850.0,854.55,0.0,3344.6,2867024.66,0
2025-04-10,2025-04-10 11:00:00,856.0,860.45,853.0,855.05,-0.11,5065.0,4316014.5,-1
2025-04-10,2025-04-10 12:00:00,855.05,855.05,854.1,854.1,-0.11,5065.0,4316014.5,-1
2025-04-10,2025-04-10 13:00:00,854.1,854.1,853.15,853.15,-0.11,5065.0,4316014.5,-1
2025-04-10,2025-04-10 14:00:00,853.15,853.15,852.2,852.2,-0.11,5065.0,4316014.5,-1
2025-04-10,2025-04-10 15:00:00,852.2,864.9,850.0,852.2,0.0,5065.0,4316014.5,0
2025-04-13,2025-04-13 11:00:00,850.2,852.9,850.1,850.9,0.08,3651.6,3115372.38,1
2025-04-13,2025-04-13 12:00:00,850.9,851.61,850.9,851.61,0.08,3651.6,3115372.38,1
2025-04-13,2025-04-13 13:00:00,851.61,852.31,851.61,852.31,0.08,3651.6,3115372.38,1
2025-04-13,2025-04-13 14:00:00,852.31,853.01,852.31,853.01,0.08,3651.6,3115372.38,1
2025-04-13,2025-04-13 15:00:00,853.01,855.6,850.0,853.01,0.0,3651.6,3115372.38,0
2025-04-15,2025-04-15 11:00:00,860.0,868.6,857.5,862.23,0.26,2071.2,1803341.2,1
2025-04-15,2025-04-15 12:00:00,862.23,864.45,862.23,864.45,0.26,2071.2,1803341.2,1
2025-04-15,2025-04-15 13:00:00,864.45,866.67,864.45,866.67,0.26,2071.2,1803341.2,1
2025-04-15,2025-04-15 14:00:00,866.67,868.9,866.67,868.9,0.26,2071.2,1803341.2,1
2025-04-15,2025-04-15 15:00:00,868.9,877.2,855.0,868.9,0.0,2071.2,1803341.2,0
2025-04-16,2025-04-16 11:00:00,870.0,871.5,868.0,869.95,-0.01,1700.8,1481474.8,-1
2025-04-16,2025-04-16 12:00:00,869.95,869.95,869.89,869.89,-0.01,1700.8,1481474.8,-1
2025-04-16,2025-04-16 13:00:00,869.89,869.89,869.84,869.84,-0.01,1700.8,1481474.8,-1
2025-04-16,2025-04-16 14:00:00,869.84,869.84,869.79,869.79,-0.01,1700.8,1481474.8,-1
2025-04-16,2025-04-16 15:00:00,869.79,873.0,866.0,869.79,0.0,1700.8,1481474.8,0
2025-04-17,2025-04-17 11:00:00,875.0,877.5,870.05,874.75,-0.03,3592.2,3140115.04,-1
2025-04-17,2025-04-17 12:00:00,874.75,874.75,874.51,874.51,-0.03,3592.2,3140115.04,-1
2025-04-17,2025-04-17 13:00:00,874.51,874.51,874.26,874.26,-0.03,3592.2,3140115.04,-1
2025-04-17,2025-04-17 14:00:00,874.26,874.26,874.02,874.02,-0.03,3592.2,3140115.04,-1
2025-04-17,2025-04-17 15:00:00,874.02,880.0,865.1,874.02,0.0,3592.2,3140115.04,0
2025-04-20,2025-04-20 11:00:00,870.0,875.0,870.0,870.79,0.09,3046.8,2666779.26,1
2025-04-20,2025-04-20 12:00:00,870.79,871.59,870.79,871.59,0.09,3046.8,2666779.26,1
2025-04-20,2025-04-20 13:00:00,871.59,872.38,871.59,872.38,0.09,3046.8,2666779.26,1
2025-04-20,2025-04-20 14:00:00,872.38,873.17,872.38,873.17,0.09,3046.8,2666779.26,1
2025-04-20,2025-04-20 15:00:00,873.17,880.0,870.0,873.17,0.0,3046.8,2666779.26,0
2025-04-21,2025-04-21 11:00:00,870.0,873.95,870.0,870.65,0.07,2563.0,2238503.86,1
2025-04-21,2025-04-21 12:00:00,870.65,871.31,870.65,871.31,0.08,2563.0,2238503.86,1
2025-04-21,2025-04-21 13:00:00,871.31,871.97,871.31,871.97,0.08,2563.0,2238503.86,1
2025-04-21,2025-04-21 14:00:00,871.97,872.62,871.97,872.62,0.07,2563.0,2238503.86,1
2025-04-21,2025-04-21 15:00:00,872.62,877.9,870.0,872.62,0.0,2563.0,2238503.86,0
2025-04-22,2025-04-22 11:00:00,865.0,873.5,865.0,867.06,0.24,1793.0,1569041.2,1
2025-04-22,2025-04-22 12:00:00,867.06,869.12,867.06,869.12,0.24,1793.0,1569041.2,1
2025-04-22,2025-04-22 13:00:00,869.12,871.18,869.12,871.18,0.24,1793.0,1569041.2,1
2025-04-22,2025-04-22 14:00:00,871.18,873.24,871.18,873.24,0.24,1793.0,1569041.2,1
2025-04-22,2025-04-22 15:00:00,873.24,882.0,865.0,873.24,0.0,1793.0,1569041.2,0
2025-04-23,2025-04-23 11:00:00,873.0,873.0,870.0,871.97,-0.12,1382.4,1200895.24,-1
2025-04-23,2025-04-23 12:00:00,871.97,871.97,870.93,870.93,-0.12,1382.4,1200895.24,-1
2025-04-23,2025-04-23 13:00:00,870.93,870.93,869.89,869.89,-0.12,1382.4,1200895.24,-1
2025-04-23,2025-04-23 14:00:00,869.89,869.89,868.86,868.86,-0.12,1382.4,1200895.24,-1
2025-04-23,2025-04-23 15:00:00,868.86,873.0,867.0,868.86,0.0,1382.4,1200895.24,0
2025-04-24,2025-04-24 11:00:00,867.0,869.5,864.25,865.83,-0.13,3496.8,3027779.14,-1
2025-04-24,2025-04-24 12:00:00,865.83,865.83,864.66,864.66,-0.14,3496.8,3027779.14,-1
2025-04-24,2025-04-24 13:00:00,864.66,864.66,863.5,863.5,-0.13,3496.8,3027779.14,-1
2025-04-24,2025-04-24 14:00:00,863.5,863.5,862.33,862.33,-0.14,3496.8,3027779.14,-1
2025-04-24,2025-04-24 15:00:00,862.33,872.0,861.5,862.33,0.0,3496.8,3027779.14,0
2025-04-27,2025-04-27 11:00:00,862.3,866.15,857.25,861.84,-0.05,2381.2,2054449.92,-1
2025-04-27,2025-04-27 12:00:00,861.84,861.84,861.38,861.38,-0.05,2381.2,2054449.92,-1
2025-04-27,2025-04-27 13:00:00,861.38,861.38,860.93,860.93,-0.05,2381.2,2054449.92,-1
2025-04-27,2025-04-27 14:00:00,860.93,860.93,860.47,860.47,-0.05,2381.2,2054449.92,-1
2025-04-27,2025-04-27 15:00:00,860.47,870.0,852.2,860.47,0.0,2381.2,2054449.92,0
2025-04-28,2025-04-28 11:00:00,856.1,860.55,856.1,856.68,0.07,2098.0,1804316.76,1
2025-04-28,2025-04-28 12:00:00,856.68,857.25,856.68,857.25,0.07,2098.0,1804316.76,1
2025-04-28,2025-04-28 13:00:00,857.25,857.83,857.25,857.83,0.07,2098.0,1804316.76,1
2025-04-28,2025-04-28 14:00:00,857.83,858.41,857.83,858.41,0.07,2098.0,1804316.76,1
2025-04-28,2025-04-28 15:00:00,858.41,865.0,856.1,858.41,0.0,2098.0,1804316.76,0
2025-04-29,2025-04-29 11:00:00,860.0,860.0,855.0,857.67,-0.27,1959.6,1673745.98,-1
2025-04-29,2025-04-29 12:00:00,857.67,857.67,855.34,855.34,-0.27,1959.6,1673745.98,-1
2025-04-29,2025-04-29 13:00:00,855.34,855.34,853.01,853.01,-0.27,1959.6,1673745.98,-1
2025-04-29,2025-04-29 14:00:00,853.01,853.01,850.68,850.68,-0.27,1959.6,1673745.98,-1
2025-04-29,2025-04-29 15:00:00,850.68,860.0,850.0,850.68,0.0,1959.6,1673745.98,0
2025-04-30,2025-04-30 11:00:00,845.0,849.5,844.5,845.05,0.01,2479.8,2099594.22,1
2025-04-30,2025-04-30 12:00:00,845.05,845.1,845.05,845.1,0.01,2479.8,2099594.22,1
2025-04-30,2025-04-30 13:00:00,845.1,845.14,845.1,845.14,0.0,2479.8,2099594.22,1
2025-04-30,2025-04-30 14:00:00,845.14,845.19,845.14,845.19,0.01,2479.8,2099594.22,1
2025-04-30,2025-04-30 15:00:00,845.19,854.0,844.0,845.19,0.0,2479.8,2099594.22,0
2025-05-04,2025-05-04 11:00:00,850.0,855.0,847.7,851.12,0.13,3091.0,2634371.14,1
2025-05-04,2025-05-04 12:00:00,851.12,852.25,851.12,852.25,0.13,3091.0,2634371.14,1
2025-05-04,2025-05-04 13:00:00,852.25,853.38,852.25,853.38,0.13,3091.0,2634371.14,1
2025-05-04,2025-05-04 14:00:00,853.38,854.5,853.38,854.5,0.13,3091.0,2634371.14,1
2025-05-04,2025-05-04 15:00:00,854.5,860.0,845.4,854.5,0.0,3091.0,2634371.14,0
2025-05-05,2025-05-05 11:00:00,855.0,856.75,853.0,854.31,-0.08,2321.0,1977894.34,-1
2025-05-05,2025-05-05 12:00:00,854.31,854.31,853.62,853.62,-0.08,2321.0,1977894.34,-1
2025-05-05,2025-05-05 13:00:00,853.62,853.62,852.94,852.94,-0.08,2321.0,1977894.34,-1
2025-05-05,2025-05-05 14:00:00,852.94,852.94,852.25,852.25,-0.08,2321.0,1977894.34,-1
2025-05-05,2025-05-05 15:00:00,852.25,858.5,851.0,852.25,0.0,2321.0,1977894.34,0
2025-05-06,2025-05-06 11:00:00,842.1,846.55,842.1,843.32,0.14,1746.8,1481019.0,1
2025-05-06,2025-05-06 12:00:00,843.32,844.53,843.32,844.53,0.14,1746.8,1481019.0,1
2025-05-06,2025-05-06 13:00:00,844.53,845.75,844.53,845.75,0.14,1746.8,1481019.0,1
2025-05-06,2025-05-06 14:00:00,845.75,846.96,845.75,846.96,0.14,1746.8,1481019.0,1
2025-05-06,2025-05-06 15:00:00,846.96,851.0,842.1,846.96,0.0,1746.8,1481019.0,0
2025-05-07,2025-05-07 11:00:00,850.0,859.0,847.5,852.91,0.34,1849.6,1578952.76,1
2025-05-07,2025-05-07 12:00:00,852.91,855.82,852.91,855.82,0.34,1849.6,1578952.76,1
2025-05-07,2025-05-07 13:00:00,855.82,858.72,855.82,858.72,0.34,1849.6,1578952.76,1
2025-05-07,2025-05-07 14:00:00,858.72,861.63,858.72,861.63,0.34,1849.6,1578952.76,1
2025-05-07,2025-05-07 15:00:00,861.63,868.0,845.0,861.63,0.0,1849.6,1578952.76,0
2025-05-08,2025-05-08 11:00:00,865.0,867.5,858.15,862.76,-0.26,3179.2,2727513.46,-1
2025-05-08,2025-05-08 12:00:00,862.76,862.76,860.53,860.53,-0.26,3179.2,2727513.46,-1
2025-05-08,2025-05-08 13:00:00,860.53,860.53,858.29,858.29,-0.26,3179.2,2727513.46,-1
2025-05-08,2025-05-08 14:00:00,858.29,858.29,856.06,856.06,-0.26,3179.2,2727513.46,-1
2025-05-08,2025-05-08 15:00:00,856.06,870.0,851.3,856.06,0.0,3179.2,2727513.46,0
2025-05-11,2025-05-11 11:00:00,861.2,876.75,859.15,868.28,0.82,11297.6,9912429.16,1
2025-05-11,2025-05-11 12:00:00,868.28,875.36,868.28,875.36,0.82,11297.6,9912429.16,1
2025-05-11,2025-05-11 13:00:00,875.36,882.44,875.36,882.44,0.81,11297.6,9912429.16,1
2025-05-11,2025-05-11 14:00:00,882.44,889.52,882.44,889.52,0.8,11297.6,9912429.16,1
2025-05-11,2025-05-11 15:00:00,889.52,892.3,857.1,889.52,0.0,11297.6,9912429.16,0
2025-05-13,2025-05-13 11:00:00,892.0,892.5,876.25,884.54,-0.84,4517.4,3954384.06,-1
2025-05-13,2025-05-13 12:00:00,884.54,884.54,877.08,877.08,-0.84,4517.4,3954384.06,-1
2025-05-13,2025-05-13 13:00:00,877.08,877.08,869.62,869.62,-0.85,4517.4,3954384.06,-1
2025-05-13,2025-05-13 14:00:00,869.62,869.62,862.16,862.16,-0.86,4517.4,3954384.06,-1
2025-05-13,2025-05-13 15:00:00,862.16,893.0,860.5,862.16,0.0,4517.4,3954384.06,0
2025-05-14,2025-05-14 11:00:00,863.0,868.5,859.75,861.71,-0.15,1277.8,1102216.84,-1
2025-05-14,2025-05-14 12:00:00,861.71,861.71,860.41,860.41,-0.15,1277.8,1102216.84,-1
2025-05-14,2025-05-14 13:00:00,860.41,860.41,859.12,859.12,-0.15,1277.8,1102216.84,-1
2025-05-14,2025-05-14 14:00:00,859.12,859.12,857.83,857.83,-0.15,1277.8,1102216.84,-1
2025-05-14,2025-05-14 15:00:00,857.83,874.0,856.5,857.83,0.0,1277.8,1102216.84,0
2025-05-15,2025-05-15 11:00:00,858.0,866.0,854.0,859.13,0.13,3755.2,3240706.76,1
2025-05-15,2025-05-15 12:00:00,859.13,860.27,859.13,860.27,0.13,3755.2,3240706.76,1
2025-05-15,2025-05-15 13:00:00,860.27,861.4,860.27,861.4,0.13,3755.2,3240706.76,1
2025-05-15,2025-05-15 14:00:00,861.4,862.54,861.4,862.54,0.13,3755.2,3240706.76,1
2025-05-15,2025-05-15 15:00:00,862.54,874.0,850.0,862.54,0.0,3755.2,3240706.76,0
2025-05-18,2025-05-18 11:00:00,865.3,879.15,865.3,868.29,0.35,29285.2,25962236.7,1
2025-05-18,2025-05-18 12:00:00,868.29,871.28,868.29,871.28,0.34,29285.2,25962236.7,1
2025-05-18,2025-05-18 13:00:00,871.28,874.27,871.28,874.27,0.34,29285.2,25962236.7,1
2025-05-18,2025-05-18 14:00:00,874.27,877.26,874.27,877.26,0.34,29285.2,25962236.7,1
2025-05-18,2025-05-18 15:00:00,877.26,893.0,865.3,877.26,0.0,29285.2,25962236.7,0
2025-05-19,2025-05-19 11:00:00,892.0,906.0,886.0,893.07,0.12,53249.2,47350930.16,1
2025-05-19,2025-05-19 12:00:00,893.07,894.14,893.07,894.14,0.12,53249.2,47350930.16,1
2025-05-19,2025-05-19 13:00:00,894.14,895.21,894.14,895.21,0.12,53249.2,47350930.16,1
2025-05-19,2025-05-19 14:00:00,895.21,896.28,895.21,896.28,0.12,53249.2,47350930.16,1
2025-05-19,2025-05-19 15:00:00,896.28,920.0,880.0,896.28,0.0,53249.2,47350930.16,0
2025-05-20,2025-05-20 11:00:00,914.2,917.0,903.0,915.27,0.12,52171.4,47095769.16,1
2025-05-20,2025-05-20 12:00:00,915.27,916.34,915.27,916.34,0.12,52171.4,47095769.16,1
2025-05-20,2025-05-20 13:00:00,916.34,917.41,916.34,917.41,0.12,52171.4,47095769.16,1
2025-05-20,2025-05-20 14:00:00,917.41,918.48,917.41,918.48,0.12,52171.4,47095769.16,1
2025-05-20,2025-05-20 15:00:00,918.48,919.8,891.8,918.48,0.0,52171.4,47095769.16,0
2025-05-21,2025-05-21 11:00:00,936.8,945.9,917.4,927.63,-0.98,26339.0,24271662.2,-1
2025-05-21,2025-05-21 12:00:00,927.63,927.63,918.46,918.46,-0.99,26339.0,24271662.2,-1
2025-05-21,2025-05-21 13:00:00,918.46,918.46,909.3,909.3,-1.0,26339.0,24271662.2,-1
2025-05-21,2025-05-21 14:00:00,909.3,909.3,900.13,900.13,-1.01,26339.0,24271662.2,-1
2025-05-21,2025-05-21 15:00:00,900.13,955.0,898.0,900.13,0.0,26339.0,24271662.2,0
2025-05-22,2025-05-22 11:00:00,882.3,896.05,882.3,883.71,0.16,5304.8,4734835.54,1
2025-05-22,2025-05-22 12:00:00,883.71,885.13,883.71,885.13,0.16,5304.8,4734835.54,1
2025-05-22,2025-05-22 13:00:00,885.13,886.55,885.13,886.55,0.16,5304.8,4734835.54,1
2025-05-22,2025-05-22 14:00:00,886.55,887.96,886.55,887.96,0.16,5304.8,4734835.54,1
2025-05-22,2025-05-22 15:00:00,887.96,909.8,882.3,887.96,0.0,5304.8,4734835.54,0
2025-05-25,2025-05-25 11:00:00,890.1,890.1,883.05,886.76,-0.38,5089.4,4476663.2,-1
2025-05-25,2025-05-25 12:00:00,886.76,886.76,883.42,883.42,-0.38,5089.4,4476663.2,-1
2025-05-25,2025-05-25 13:00:00,883.42,883.42,880.09,880.09,-0.38,5089.4,4476663.2,-1
2025-05-25,2025-05-25 14:00:00,880.09,880.09,876.75,876.75,-0.38,5089.4,4476663.2,-1
2025-05-25,2025-05-25 15:00:00,876.75,890.1,876.0,876.75,0.0,5089.4,4476663.2,0
2025-05-26,2025-05-26 11:00:00,894.0,894.1,877.5,886.81,-0.8,5344.4,4662710.9,-1
2025-05-26,2025-05-26 12:00:00,886.81,886.81,879.62,879.62,-0.81,5344.4,4662710.9,-1
2025-05-26,2025-05-26 13:00:00,879.62,879.62,872.43,872.43,-0.82,5344.4,4662710.9,-1
2025-05-26,2025-05-26 14:00:00,872.43,872.43,865.24,865.24,-0.82,5344.4,4662710.9,-1
2025-05-26,2025-05-26 15:00:00,865.24,894.2,861.0,865.24,0.0,5344.4,4662710.9,0
2025-05-27,2025-05-27 11:00:00,866.0,868.0,863.0,864.99,-0.12,3709.2,3203374.08,-1
2025-05-27,2025-05-27 12:00:00,864.99,864.99,863.99,863.99,-0.12,3709.2,3203374.08,-1
2025-05-27,2025-05-27 13:00:00,863.99,863.99,862.98,862.98,-0.12,3709.2,3203374.08,-1
2025-05-27,2025-05-27 14:00:00,862.98,862.98,861.97,861.97,-0.12,3709.2,3203374.08,-1
2025-05-27,2025-05-27 15:00:00,861.97,870.0,860.0,861.97,0.0,3709.2,3203374.08,0
2025-05-28,2025-05-28 11:00:00,871.0,875.0,863.05,870.5,-0.06,2364.2,2049711.1,-1
2025-05-28,2025-05-28 12:00:00,870.5,870.5,870.0,870.0,-0.06,2364.2,2049711.1,-1
2025-05-28,2025-05-28 13:00:00,870.0,870.0,869.49,869.49,-0.06,2364.2,2049711.1,-1
2025-05-28,2025-05-28 14:00:00,869.49,869.49,868.99,868.99,-0.06,2364.2,2049711.1,-1
2025-05-28,2025-05-28 15:00:00,868.99,879.0,855.1,868.99,0.0,2364.2,2049711.1,0
2025-06-02,2025-06-02 11:00:00,886.3,895.15,878.15,884.55,-0.2,5594.2,4921396.46,-1
2025-06-02,2025-06-02 12:00:00,884.55,884.55,882.79,882.79,-0.2,5594.2,4921396.46,-1
2025-06-02,2025-06-02 13:00:00,882.79,882.79,881.04,881.04,-0.2,5594.2,4921396.46,-1
2025-06-02,2025-06-02 14:00:00,881.04,881.04,879.29,879.29,-0.2,5594.2,4921396.46,-1
2025-06-02,2025-06-02 15:00:00,879.29,904.0,870.0,879.29,0.0,5594.2,4921396.46,0
2025-06-03,2025-06-03 11:00:00,885.0,885.0,875.0,880.22,-0.54,3225.0,2806655.08,-1
2025-06-03,2025-06-03 12:00:00,880.22,880.22,875.44,875.44,-0.54,3225.0,2806655.08,-1
2025-06-03,2025-06-03 13:00:00,875.44,875.44,870.67,870.67,-0.54,3225.0,2806655.08,-1
2025-06-03,2025-06-03 14:00:00,870.67,870.67,865.89,865.89,-0.55,3225.0,2806655.08,-1
2025-06-03,2025-06-03 15:00:00,865.89,885.0,865.0,865.89,0.0,3225.0,2806655.08,0
2025-06-04,2025-06-04 11:00:00,879.5,879.5,869.75,876.02,-0.4,2836.4,2449362.8,-1
2025-06-04,2025-06-04 12:00:00,876.02,876.02,872.54,872.54,-0.4,2836.4,2449362.8,-1
2025-06-04,2025-06-04 13:00:00,872.54,872.54,869.06,869.06,-0.4,2836.4,2449362.8,-1
2025-06-04,2025-06-04 14:00:00,869.06,869.06,865.58,865.58,-0.4,2836.4,2449362.8,-1
2025-06-04,2025-06-04 15:00:00,865.58,879.5,860.0,865.58,0.0,2836.4,2449362.8,0
2025-06-05,2025-06-05 11:00:00,860.1,882.55,855.05,869.8,1.13,36956.4,31879104.52,1
2025-06-05,2025-06-05 12:00:00,869.8,879.5,869.8,879.5,1.12,36956.4,31879104.52,1
2025-06-05,2025-06-05 13:00:00,879.5,889.21,879.5,889.21,1.1,36956.4,31879104.52,1
2025-06-05,2025-06-05 14:00:00,889.21,898.91,889.21,898.91,1.09,36956.4,31879104.52,1
2025-06-05,2025-06-05 15:00:00,898.91,905.0,850.0,898.91,0.0,36956.4,31879104.52,0
2025-06-08,2025-06-08 11:00:00,899.0,908.5,897.5,899.62,0.07,13747.2,12431007.36,1
2025-06-08,2025-06-08 12:00:00,899.62,900.24,899.62,900.24,0.07,13747.2,12431007.36,1
2025-06-08,2025-06-08 13:00:00,900.24,900.85,900.24,900.85,0.07,13747.2,12431007.36,1
2025-06-08,2025-06-08 14:00:00,900.85,901.47,900.85,901.47,0.07,13747.2,12431007.36,1
2025-06-08,2025-06-08 15:00:00,901.47,918.0,896.0,901.47,0.0,13747.2,12431007.36,0
2025-06-09,2025-06-09 11:00:00,896.0,901.5,889.75,897.02,0.11,24141.6,21460905.26,1
2025-06-09,2025-06-09 12:00:00,897.02,898.04,897.02,898.04,0.11,24141.6,21460905.26,1
2025-06-09,2025-06-09 13:00:00,898.04,899.06,898.04,899.06,0.11,24141.6,21460905.26,1
2025-06-09,2025-06-09 14:00:00,899.06,900.08,899.06,900.08,0.11,24141.6,21460905.26,1
2025-06-09,2025-06-09 15:00:00,900.08,907.0,883.5,900.08,0.0,24141.6,21460905.26,0
2025-06-10,2025-06-10 11:00:00,910.0,911.0,900.0,905.02,-0.55,4338.8,3890177.56,-1
2025-06-10,2025-06-10 12:00:00,905.02,905.02,900.05,900.05,-0.55,4338.8,3890177.56,-1
2025-06-10,2025-06-10 13:00:00,900.05,900.05,895.08,895.08,-0.55,4338.8,3890177.56,-1
2025-06-10,2025-06-10 14:00:00,895.08,895.08,890.1,890.1,-0.56,4338.8,3890177.56,-1
2025-06-10,2025-06-10 15:00:00,890.1,912.0,890.0,890.1,0.0,4338.8,3890177.56,0
2025-06-11,2025-06-11 11:00:00,890.0,910.0,890.0,897.36,0.83,22512.8,20639310.02,1
2025-06-11,2025-06-11 12:00:00,897.36,904.71,897.36,904.71,0.82,22512.8,20639310.02,1
2025-06-11,2025-06-11 13:00:00,904.71,912.07,904.71,912.07,0.81,22512.8,20639310.02,1
2025-06-11,2025-06-11 14:00:00,912.07,919.43,912.07,919.43,0.81,22512.8,20639310.02,1
2025-06-11,2025-06-11 15:00:00,919.43,930.0,890.0,919.43,0.0,22512.8,20639310.02,0
2025-06-12,2025-06-12 11:00:00,929.0,964.0,924.5,942.19,1.42,46632.4,44938732.86,1
2025-06-12,2025-06-12 12:00:00,942.19,955.38,942.19,955.38,1.4,46632.4,44938732.86,1
2025-06-12,2025-06-12 13:00:00,955.38,968.56,955.38,968.56,1.38,46632.4,44938732.86,1
2025-06-12,2025-06-12 14:00:00,968.56,981.75,968.56,981.75,1.36,46632.4,44938732.86,1
2025-06-12,2025-06-12 15:00:00,981.75,999.0,920.0,981.75,0.0,46632.4,44938732.86,0
2025-06-15,2025-06-15 11:00:00,990.0,1009.55,976.15,995.92,0.6,43649.8,43380723.34,1
2025-06-15,2025-06-15 12:00:00,995.92,1001.84,995.92,1001.84,0.59,43649.8,43380723.34,1
2025-06-15,2025-06-15 13:00:00,1001.84,1007.75,1001.84,1007.75,0.59,43649.8,43380723.34,1
2025-06-15,2025-06-15 14:00:00,1007.75,1013.67,1007.75,1013.67,0.59,43649.8,43380723.34,1
2025-06-15,2025-06-15 15:00:00,1013.67,1029.1,962.3,1013.67,0.0,43649.8,43380723.34,0
2025-06-16,2025-06-16 11:00:00,1013.0,1041.2,1010.25,1021.46,0.84,54318.6,56692694.82,1
2025-06-16,2025-06-16 12:00:00,1021.46,1029.92,1021.46,1029.92,0.83,54318.6,56692694.82,1
2025-06-16,2025-06-16 13:00:00,1029.92,1038.38,1029.92,1038.38,0.82,54318.6,56692694.82,1
2025-06-16,2025-06-16 14:00:00,1038.38,1046.84,1038.38,1046.84,0.81,54318.6,56692694.82,1
2025-06-16,2025-06-16 15:00:00,1046.84,1069.4,1007.5,1046.84,0.0,54318.6,56692694.82,0
2025-06-17,2025-06-17 11:00:00,1050.0,1057.5,1032.75,1043.3,-0.64,26677.8,27705022.5,-1
2025-06-17,2025-06-17 12:00:00,1043.3,1043.3,1036.59,1036.59,-0.64,26677.8,27705022.5,-1
2025-06-17,2025-06-17 13:00:00,1036.59,1036.59,1029.88,1029.88,-0.65,26677.8,27705022.5,-1
2025-06-17,2025-06-17 14:00:00,1029.88,1029.88,1023.18,1023.18,-0.65,26677.8,27705022.5,-1
2025-06-17,2025-06-17 15:00:00,1023.18,1065.0,1015.5,1023.18,0.0,26677.8,27705022.5,0
2025-06-18,2025-06-18 11:00:00,1043.5,1043.5,1009.8,1031.84,-1.12,40590.4,41180950.3,-1
2025-06-18,2025-06-18 12:00:00,1031.84,1031.84,1020.17,1020.17,-1.13,40590.4,41180950.3,-1
2025-06-18,2025-06-18 13:00:00,1020.17,1020.17,1008.5,1008.5,-1.14,40590.4,41180950.3,-1
2025-06-18,2025-06-18 14:00:00,1008.5,1008.5,996.84,996.84,-1.16,40590.4,41180950.3,-1
2025-06-18,2025-06-18 15:00:00,996.84,1043.5,976.1,996.84,0.0,40590.4,41180950.3,0
2025-06-19,2025-06-19 11:00:00,990.0,1009.55,985.5,991.3,0.13,31792.6,31965863.62,1
2025-06-19,2025-06-19 12:00:00,991.3,992.6,991.3,992.6,0.13,31792.6,31965863.62,1
2025-06-19,2025-06-19 13:00:00,992.6,993.9,992.6,993.9,0.13,31792.6,31965863.62,1
2025-06-19,2025-06-19 14:00:00,993.9,995.2,993.9,995.2,0.13,31792.6,31965863.62,1
2025-06-19,2025-06-19 15:00:00,995.2,1029.1,981.0,995.2,0.0,31792.6,31965863.62,0
2025-06-22,2025-06-22 11:00:00,982.1,991.05,963.6,974.65,-0.76,18529.4,17943187.46,-1
2025-06-22,2025-06-22 12:00:00,974.65,974.65,967.21,967.21,-0.76,18529.4,17943187.46,-1
2025-06-22,2025-06-22 13:00:00,967.21,967.21,959.77,959.77,-0.77,18529.4,17943187.46,-1
2025-06-22,2025-06-22 14:00:00,959.77,959.77,952.32,952.32,-0.78,18529.4,17943187.46,-1
2025-06-22,2025-06-22 15:00:00,952.32,1000.0,945.1,952.32,0.0,18529.4,17943187.46,0
2025-06-23,2025-06-23 11:00:00,955.0,962.5,943.0,957.47,0.26,11184.0,10619649.06,1
2025-06-23,2025-06-23 12:00:00,957.47,959.93,957.47,959.93,0.26,11184.0,10619649.06,1
2025-06-23,2025-06-23 13:00:00,959.93,962.39,959.93,962.39,0.26,11184.0,10619649.06,1
2025-06-23,2025-06-23 14:00:00,962.39,964.86,962.39,964.86,0.26,11184.0,10619649.06,1
2025-06-23,2025-06-23 15:00:00,964.86,970.0,931.0,964.86,0.0,11184.0,10619649.06,0
2025-06-24,2025-06-24 11:00:00,974.0,981.5,959.5,967.53,-0.66,9612.6,9302651.48,-1
2025-06-24,2025-06-24 12:00:00,967.53,967.53,961.06,961.06,-0.67,9612.6,9302651.48,-1
2025-06-24,2025-06-24 13:00:00,961.06,961.06,954.58,954.58,-0.67,9612.6,9302651.48,-1
2025-06-24,2025-06-24 14:00:00,954.58,954.58,948.11,948.11,-0.68,9612.6,9302651.48,-1
2025-06-24,2025-06-24 15:00:00,948.11,989.0,945.0,948.11,0.0,9612.6,9302651.48,0
2025-06-25,2025-06-25 11:00:00,955.0,977.5,948.0,964.98,1.05,36389.0,35008400.18,1
2025-06-25,2025-06-25 12:00:00,964.98,974.95,964.98,974.95,1.03,36389.0,35008400.18,1
2025-06-25,2025-06-25 13:00:00,974.95,984.92,974.95,984.92,1.02,36389.0,35008400.18,1
2025-06-25,2025-06-25 14:00:00,984.92,994.9,984.92,994.9,1.01,36389.0,35008400.18,1
2025-06-25,2025-06-25 15:00:00,994.9,1000.0,941.0,994.9,0.0,36389.0,35008400.18,0
2025-06-26,2025-06-26 11:00:00,995.0,997.5,978.0,987.75,-0.73,11188.8,10984841.88,-1
2025-06-26,2025-06-26 12:00:00,987.75,987.75,980.5,980.5,-0.73,11188.8,10984841.88,-1
2025-06-26,2025-06-26 13:00:00,980.5,980.5,973.25,973.25,-0.74,11188.8,10984841.88,-1
2025-06-26,2025-06-26 14:00:00,973.25,973.25,966.0,966.0,-0.74,11188.8,10984841.88,-1
2025-06-26,2025-06-26 15:00:00,966.0,1000.0,961.0,966.0,0.0,11188.8,10984841.88,0
2025-06-29,2025-06-29 11:00:00,972.0,972.0,956.0,966.71,-0.54,28326.8,27093072.9,-1
2025-06-29,2025-06-29 12:00:00,966.71,966.71,961.42,961.42,-0.55,28326.8,27093072.9,-1
2025-06-29,2025-06-29 13:00:00,961.42,961.42,956.13,956.13,-0.55,28326.8,27093072.9,-1
2025-06-29,2025-06-29 14:00:00,956.13,956.13,950.84,950.84,-0.55,28326.8,27093072.9,-1
2025-06-29,2025-06-29 15:00:00,950.84,972.0,940.0,950.84,0.0,28326.8,27093072.9,0
2025-06-30,2025-06-30 11:00:00,968.9,974.4,959.45,964.96,-0.41,14748.8,14136151.34,-1
2025-06-30,2025-06-30 12:00:00,964.96,964.96,961.01,961.01,-0.41,14748.8,14136151.34,-1
2025-06-30,2025-06-30 13:00:00,961.01,961.01,957.07,957.07,-0.41,14748.8,14136151.34,-1
2025-06-30,2025-06-30 14:00:00,957.07,957.07,953.13,953.13,-0.41,14748.8,14136151.34,-1
2025-06-30,2025-06-30 15:00:00,953.13,979.9,950.0,953.13,0.0,14748.8,14136151.34,0
2025-07-01,2025-07-01 11:00:00,972.1,972.1,961.05,967.12,-0.51,7788.8,7432201.92,-1
2025-07-01,2025-07-01 12:00:00,967.12,967.12,962.15,962.15,-0.51,7788.8,7432201.92,-1
2025-07-01,2025-07-01 13:00:00,962.15,962.15,957.18,957.18,-0.52,7788.8,7432201.92,-1
2025-07-01,2025-07-01 14:00:00,957.18,957.18,952.2,952.2,-0.52,7788.8,7432201.92,-1
2025-07-01,2025-07-01 15:00:00,952.2,972.1,950.0,952.2,0.0,7788.8,7432201.92,0
2025-07-02,2025-07-02 11:00:00,965.0,968.1,956.0,962.4,-0.27,12116.6,11555547.6,-1
2025-07-02,2025-07-02 12:00:00,962.4,962.4,959.81,959.81,-0.27,12116.6,11555547.6,-1
2025-07-02,2025-07-02 13:00:00,959.81,959.81,957.22,957.22,-0.27,12116.6,11555547.6,-1
2025-07-02,2025-07-02 14:00:00,957.22,957.22,954.62,954.62,-0.27,12116.6,11555547.6,-1
2025-07-02,2025-07-02 15:00:00,954.62,971.2,947.0,954.62,0.0,12116.6,11555547.6,0
2025-07-03,2025-07-03 11:00:00,973.7,973.7,960.85,967.57,-0.63,11293.0,10742652.74,-1
2025-07-03,2025-07-03 12:00:00,967.57,967.57,961.44,961.44,-0.63,11293.0,10742652.74,-1
2025-07-03,2025-07-03 13:00:00,961.44,961.44,955.31,955.31,-0.64,11293.0,10742652.74,-1
2025-07-03,2025-07-03 14:00:00,955.31,955.31,949.18,949.18,-0.64,11293.0,10742652.74,-1
2025-07-03,2025-07-03 15:00:00,949.18,973.7,948.0,949.18,0.0,11293.0,10742652.74,0
2025-07-06,2025-07-06 11:00:00,968.1,968.1,953.5,961.26,-0.71,7201.2,6814582.98,-1
2025-07-06,2025-07-06 12:00:00,961.26,961.26,954.43,954.43,-0.71,7201.2,6814582.98,-1
2025-07-06,2025-07-06 13:00:00,954.43,954.43,947.6,947.6,-0.72,7201.2,6814582.98,-1
2025-07-06,2025-07-06 14:00:00,947.6,947.6,940.76,940.76,-0.72,7201.2,6814582.98,-1
2025-07-06,2025-07-06 15:00:00,940.76,968.1,938.9,940.76,0.0,7201.2,6814582.98,0
2025-07-07,2025-07-07 11:00:00,935.9,954.45,935.9,939.36,0.37,24471.2,23342806.78,1
2025-07-07,2025-07-07 12:00:00,939.36,942.81,939.36,942.81,0.37,24471.2,23342806.78,1
2025-07-07,2025-07-07 13:00:00,942.81,946.26,942.81,946.26,0.37,24471.2,23342806.78,1
2025-07-07,2025-07-07 14:00:00,946.26,949.72,946.26,949.72,0.37,24471.2,23342806.78,1
2025-07-07,2025-07-07 15:00:00,949.72,973.0,935.9,949.72,0.0,24471.2,23342806.78,0
2025-07-08,2025-07-08 11:00:00,942.0,953.5,942.0,944.88,0.31,12742.2,12094876.28,1
2025-07-08,2025-07-08 12:00:00,944.88,947.76,944.88,947.76,0.3,12742.2,12094876.28,1
2025-07-08,2025-07-08 13:00:00,947.76,950.64,947.76,950.64,0.3,12742.2,12094876.28,1
2025-07-08,2025-07-08 14:00:00,950.64,953.52,950.64,953.52,0.3,12742.2,12094876.28,1
2025-07-08,2025-07-08 15:00:00,953.52,965.0,942.0,953.52,0.0,12742.2,12094876.28,0
2025-07-09,2025-07-09 11:00:00,945.0,952.5,945.0,947.93,0.31,7217.6,6898540.04,1
2025-07-09,2025-07-09 12:00:00,947.93,950.86,947.93,950.86,0.31,7217.6,6898540.04,1
2025-07-09,2025-07-09 13:00:00,950.86,953.79,950.86,953.79,0.31,7217.6,6898540.04,1
2025-07-09,2025-07-09 14:00:00,953.79,956.72,953.79,956.72,0.31,7217.6,6898540.04,1
2025-07-09,2025-07-09 15:00:00,956.72,960.0,945.0,956.72,0.0,7217.6,6898540.04,0
2025-07-10,2025-07-10 11:00:00,960.0,965.0,955.0,958.84,-0.12,10289.8,9872007.06,-1
2025-07-10,2025-07-10 12:00:00,958.84,958.84,957.68,957.68,-0.12,10289.8,9872007.06,-1
2025-07-10,2025-07-10 13:00:00,957.68,957.68,956.53,956.53,-0.12,10289.8,9872007.06,-1
2025-07-10,2025-07-10 14:00:00,956.53,956.53,955.37,955.37,-0.12,10289.8,9872007.06,-1
2025-07-10,2025-07-10 15:00:00,955.37,970.0,950.0,955.37,0.0,10289.8,9872007.06,0
2025-07-13,2025-07-13 11:00:00,974.4,982.2,962.4,968.82,-0.57,12377.2,11876555.44,-1
2025-07-13,2025-07-13 12:00:00,968.82,968.82,963.24,963.24,-0.58,12377.2,11876555.44,-1
2025-07-13,2025-07-13 13:00:00,963.24,963.24,957.65,957.65,-0.58,12377.2,11876555.44,-1
2025-07-13,2025-07-13 14:00:00,957.65,957.65,952.07,952.07,-0.58,12377.2,11876555.44,-1
2025-07-13,2025-07-13 15:00:00,952.07,990.0,950.4,952.07,0.0,12377.2,11876555.44,0
2025-07-14,2025-07-14 11:00:00,965.0,965.0,956.0,961.05,-0.41,6330.4,6033821.96,-1
2025-07-14,2025-07-14 12:00:00,961.05,961.05,957.1,957.1,-0.41,6330.4,6033821.96,-1
2025-07-14,2025-07-14 13:00:00,957.1,957.1,953.14,953.14,-0.41,6330.4,6033821.96,-1
2025-07-14,2025-07-14 14:00:00,953.14,953.14,949.19,949.19,-0.41,6330.4,6033821.96,-1
2025-07-14,2025-07-14 15:00:00,949.19,965.0,947.0,949.19,0.0,6330.4,6033821.96,0
2025-07-15,2025-07-15 11:00:00,946.0,958.0,946.0,949.61,0.38,8222.4,7904414.14,1
2025-07-15,2025-07-15 12:00:00,949.61,953.23,949.61,953.23,0.38,8222.4,7904414.14,1
2025-07-15,2025-07-15 13:00:00,953.23,956.84,953.23,956.84,0.38,8222.4,7904414.14,1
2025-07-15,2025-07-15 14:00:00,956.84,960.45,956.84,960.45,0.38,8222.4,7904414.14,1
2025-07-15,2025-07-15 15:00:00,960.45,970.0,946.0,960.45,0.0,8222.4,7904414.14,0
2025-07-16,2025-07-16 11:00:00,969.0,969.5,960.0,965.75,-0.34,10155.6,9775622.22,-1
2025-07-16,2025-07-16 12:00:00,965.75,965.75,962.51,962.51,-0.34,10155.6,9775622.22,-1
2025-07-16,2025-07-16 13:00:00,962.51,962.51,959.26,959.26,-0.34,10155.6,9775622.22,-1
2025-07-16,2025-07-16 14:00:00,959.26,959.26,956.02,956.02,-0.34,10155.6,9775622.22,-1
2025-07-16,2025-07-16 15:00:00,956.02,970.0,951.0,956.02,0.0,10155.6,9775622.22,0
2025-07-17,2025-07-17 11:00:00,973.0,991.0,969.0,978.66,0.58,17194.2,17032930.26,1
2025-07-17,2025-07-17 12:00:00,978.66,984.32,978.66,984.32,0.58,17194.2,17032930.26,1
2025-07-17,2025-07-17 13:00:00,984.32,989.98,984.32,989.98,0.58,17194.2,17032930.26,1
2025-07-17,2025-07-17 14:00:00,989.98,995.64,989.98,995.64,0.57,17194.2,17032930.26,1
2025-07-17,2025-07-17 15:00:00,995.64,1009.0,965.0,995.64,0.0,17194.2,17032930.26,0
2025-07-20,2025-07-20 11:00:00,1015.5,1026.75,1002.75,1015.39,-0.01,30933.4,31412139.18,-1
2025-07-20,2025-07-20 12:00:00,1015.39,1015.39,1015.28,1015.28,-0.01,30933.4,31412139.18,-1
2025-07-20,2025-07-20 13:00:00,1015.28,1015.28,1015.17,1015.17,-0.01,30933.4,31412139.18,-1
2025-07-20,2025-07-20 14:00:00,1015.17,1015.17,1015.06,1015.06,-0.01,30933.4,31412139.18,-1
2025-07-20,2025-07-20 15:00:00,1015.06,1038.0,990.0,1015.06,0.0,30933.4,31412139.18,0
2025-07-21,2025-07-21 11:00:00,1014.9,1039.95,1008.0,1026.55,1.15,55185.0,57747662.94,1
2025-07-21,2025-07-21 12:00:00,1026.55,1038.19,1026.55,1038.19,1.13,55185.0,57747662.94,1
2025-07-21,2025-07-21 13:00:00,1038.19,1049.84,1038.19,1049.84,1.12,55185.0,57747662.94,1
2025-07-21,2025-07-21 14:00:00,1049.84,1061.48,1049.84,1061.48,1.11,55185.0,57747662.94,1
2025-07-21,2025-07-21 15:00:00,1061.48,1065.0,1001.1,1061.48,0.0,55185.0,57747662.94,0
2025-07-22,2025-07-22 11:00:00,1080.0,1089.95,1076.5,1084.04,0.37,39194.2,42598672.22,1
2025-07-22,2025-07-22 12:00:00,1084.04,1088.09,1084.04,1088.09,0.37,39194.2,42598672.22,1
2025-07-22,2025-07-22 13:00:00,1088.09,1092.13,1088.09,1092.13,0.37,39194.2,42598672.22,1
2025-07-22,2025-07-22 14:00:00,1092.13,1096.17,1092.13,1096.17,0.37,39194.2,42598672.22,1
2025-07-22,2025-07-22 15:00:00,1096.17,1099.9,1073.0,1096.17,0.0,39194.2,42598672.22,0
2025-07-23,2025-07-23 11:00:00,1118.0,1121.5,1091.5,1117.74,-0.02,39872.2,43650285.22,-1
2025-07-23,2025-07-23 12:00:00,1117.74,1117.74,1117.47,1117.47,-0.02,39872.2,43650285.22,-1
2025-07-23,2025-07-23 13:00:00,1117.47,1117.47,1117.2,1117.2,-0.02,39872.2,43650285.22,-1
2025-07-23,2025-07-23 14:00:00,1117.2,1117.2,1116.94,1116.94,-0.02,39872.2,43650285.22,-1
2025-07-23,2025-07-23 15:00:00,1116.94,1125.0,1065.0,1116.94,0.0,39872.2,43650285.22,0
2025-07-24,2025-07-24 11:00:00,1120.0,1130.0,1110.0,1122.43,0.22,37385.8,41923548.92,1
2025-07-24,2025-07-24 12:00:00,1122.43,1124.87,1122.43,1124.87,0.22,37385.8,41923548.92,1
2025-07-24,2025-07-24 13:00:00,1124.87,1127.3,1124.87,1127.3,0.22,37385.8,41923548.92,1
2025-07-24,2025-07-24 14:00:00,1127.3,1129.73,1127.3,1129.73,0.22,37385.8,41923548.92,1
2025-07-24,2025-07-24 15:00:00,1129.73,1140.0,1100.0,1129.73,0.0,37385.8,41923548.92,0
2025-07-27,2025-07-27 11:00:00,1129.0,1139.5,1097.0,1119.46,-0.84,45074.4,49896854.42,-1
2025-07-27,2025-07-27 12:00:00,1119.46,1119.46,1109.93,1109.93,-0.85,45074.4,49896854.42,-1
2025-07-27,2025-07-27 13:00:00,1109.93,1109.93,1100.39,1100.39,-0.86,45074.4,49896854.42,-1
2025-07-27,2025-07-27 14:00:00,1100.39,1100.39,1090.86,1090.86,-0.87,45074.4,49896854.42,-1
2025-07-27,2025-07-27 15:00:00,1090.86,1150.0,1065.0,1090.86,0.0,45074.4,49896854.42,0
2025-07-28,2025-07-28 11:00:00,1072.2,1093.6,1072.2,1079.36,0.67,36625.2,39907517.44,1
2025-07-28,2025-07-28 12:00:00,1079.36,1086.52,1079.36,1086.52,0.66,36625.2,39907517.44,1
2025-07-28,2025-07-28 13:00:00,1086.52,1093.68,1086.52,1093.68,0.66,36625.2,39907517.44,1
2025-07-28,2025-07-28 14:00:00,1093.68,1100.84,1093.68,1100.84,0.65,36625.2,39907517.44,1
2025-07-28,2025-07-28 15:00:00,1100.84,1115.0,1072.2,1100.84,0.0,36625.2,39907517.44,0
2025-07-29,2025-07-29 11:00:00,1109.0,1114.6,1099.5,1106.05,-0.27,20879.4,23066371.22,-1
2025-07-29,2025-07-29 12:00:00,1106.05,1106.05,1103.1,1103.1,-0.27,20879.4,23066371.22,-1
2025-07-29,2025-07-29 13:00:00,1103.1,1103.1,1100.14,1100.14,-0.27,20879.4,23066371.22,-1
2025-07-29,2025-07-29 14:00:00,1100.14,1100.14,1097.19,1097.19,-0.27,20879.4,23066371.22,-1
2025-07-29,2025-07-29 15:00:00,1097.19,1120.2,1090.0,1097.19,0.0,20879.4,23066371.22,0
2025-07-30,2025-07-30 11:00:00,1109.0,1109.0,1084.8,1097.71,-1.02,26685.2,28739933.24,-1
2025-07-30,2025-07-30 12:00:00,1097.71,1097.71,1086.43,1086.43,-1.03,26685.2,28739933.24,-1
2025-07-30,2025-07-30 13:00:00,1086.43,1086.43,1075.14,1075.14,-1.04,26685.2,28739933.24,-1
2025-07-30,2025-07-30 14:00:00,1075.14,1075.14,1063.86,1063.86,-1.05,26685.2,28739933.24,-1
2025-07-30,2025-07-30 15:00:00,1063.86,1109.0,1060.6,1063.86,0.0,26685.2,28739933.24,0
2025-07-31,2025-07-31 11:00:00,1063.0,1071.5,1046.55,1057.05,-0.56,24981.0,26307308.58,-1
2025-07-31,2025-07-31 12:00:00,1057.05,1057.05,1051.1,1051.1,-0.56,24981.0,26307308.58,-1
2025-07-31,2025-07-31 13:00:00,1051.1,1051.1,1045.15,1045.15,-0.57,24981.0,26307308.58,-1
2025-07-31,2025-07-31 14:00:00,1045.15,1045.15,1039.2,1039.2,-0.57,24981.0,26307308.58,-1
2025-07-31,2025-07-31 15:00:00,1039.2,1080.0,1030.1,1039.2,0.0,24981.0,26307308.58,0
2025-08-03,2025-08-03 11:00:00,1038.0,1044.0,1018.0,1028.52,-0.91,39359.8,39914947.68,-1
2025-08-03,2025-08-03 12:00:00,1028.52,1028.52,1019.04,1019.04,-0.92,39359.8,39914947.68,-1
2025-08-03,2025-08-03 13:00:00,1019.04,1019.04,1009.56,1009.56,-0.93,39359.8,39914947.68,-1
2025-08-03,2025-08-03 14:00:00,1009.56,1009.56,1000.08,1000.08,-0.94,39359.8,39914947.68,-1
2025-08-03,2025-08-03 15:00:00,1000.08,1050.0,998.0,1000.08,0.0,39359.8,39914947.68,0
2025-08-04,2025-08-04 11:00:00,1000.2,1007.1,995.2,1000.86,0.07,24211.2,24261082.72,1
2025-08-04,2025-08-04 12:00:00,1000.86,1001.51,1000.86,1001.51,0.06,24211.2,24261082.72,1
2025-08-04,2025-08-04 13:00:00,1001.51,1002.17,1001.51,1002.17,0.07,24211.2,24261082.72,1
2025-08-04,2025-08-04 14:00:00,1002.17,1002.82,1002.17,1002.82,0.06,24211.2,24261082.72,1
2025-08-04,2025-08-04 15:00:00,1002.82,1014.0,990.2,1002.82,0.0,24211.2,24261082.72,0
2025-08-05,2025-08-05 11:00:00,1004.0,1016.05,997.5,1002.56,-0.14,14509.6,14584609.06,-1
2025-08-05,2025-08-05 12:00:00,1002.56,1002.56,1001.12,1001.12,-0.14,14509.6,14584609.06,-1
2025-08-05,2025-08-05 13:00:00,1001.12,1001.12,999.68,999.68,-0.14,14509.6,14584609.06,-1
2025-08-05,2025-08-05 14:00:00,999.68,999.68,998.24,998.24,-0.14,14509.6,14584609.06,-1
2025-08-05,2025-08-05 15:00:00,998.24,1028.1,991.0,998.24,0.0,14509.6,14584609.06,0
2025-08-06,2025-08-06 11:00:00,1000.0,1001.0,992.8,997.55,-0.25,6919.4,6865049.3,-1
2025-08-06,2025-08-06 12:00:00,997.55,997.55,995.11,995.11,-0.24,6919.4,6865049.3,-1
2025-08-06,2025-08-06 13:00:00,995.11,995.11,992.66,992.66,-0.25,6919.4,6865049.3,-1
2025-08-06,2025-08-06 14:00:00,992.66,992.66,990.21,990.21,-0.25,6919.4,6865049.3,-1
2025-08-06,2025-08-06 15:00:00,990.21,1002.0,985.6,990.21,0.0,6919.4,6865049.3,0
2025-08-07,2025-08-07 11:00:00,997.5,1003.25,994.3,999.0,0.15,7952.6,7965966.6,1
2025-08-07,2025-08-07 12:00:00,999.0,1000.5,999.0,1000.5,0.15,7952.6,7965966.6,1
2025-08-07,2025-08-07 13:00:00,1000.5,1001.99,1000.5,1001.99,0.15,7952.6,7965966.6,1
2025-08-07,2025-08-07 14:00:00,1001.99,1003.49,1001.99,1003.49,0.15,7952.6,7965966.6,1
2025-08-07,2025-08-07 15:00:00,1003.49,1009.0,991.1,1003.49,0.0,7952.6,7965966.6,0
2025-08-11,2025-08-11 11:00:00,1006.9,1008.95,990.55,1001.49,-0.54,10351.0,10270634.98,-1
2025-08-11,2025-08-11 12:00:00,1001.49,1001.49,996.09,996.09,-0.54,10351.0,10270634.98,-1
2025-08-11,2025-08-11 13:00:00,996.09,996.09,990.68,990.68,-0.54,10351.0,10270634.98,-1
2025-08-11,2025-08-11 14:00:00,990.68,990.68,985.27,985.27,-0.55,10351.0,10270634.98,-1
2025-08-11,2025-08-11 15:00:00,985.27,1011.0,974.2,985.27,0.0,10351.0,10270634.98,0
2025-08-12,2025-08-12 11:00:00,990.0,991.9,982.65,987.42,-0.26,6050.2,5936523.54,-1
2025-08-12,2025-08-12 12:00:00,987.42,987.42,984.84,984.84,-0.26,6050.2,5936523.54,-1
2025-08-12,2025-08-12 13:00:00,984.84,984.84,982.26,982.26,-0.26,6050.2,5936523.54,-1
2025-08-12,2025-08-12 14:00:00,982.26,982.26,979.68,979.68,-0.26,6050.2,5936523.54,-1
2025-08-12,2025-08-12 15:00:00,979.68,993.8,975.3,979.68,0.0,6050.2,5936523.54,0
2025-08-13,2025-08-13 11:00:00,971.0,985.0,971.0,973.1,0.22,5649.6,5556915.04,1
2025-08-13,2025-08-13 12:00:00,973.1,975.19,973.1,975.19,0.21,5649.6,5556915.04,1
2025-08-13,2025-08-13 13:00:00,975.19,977.29,975.19,977.29,0.22,5649.6,5556915.04,1
2025-08-13,2025-08-13 14:00:00,977.29,979.39,977.29,979.39,0.21,5649.6,5556915.04,1
2025-08-13,2025-08-13 15:00:00,979.39,999.0,971.0,979.39,0.0,5649.6,5556915.04,0
2025-08-14,2025-08-14 11:00:00,975.0,986.0,975.0,976.62,0.17,7252.0,7147181.42,1
2025-08-14,2025-08-14 12:00:00,976.62,978.25,976.62,978.25,0.17,7252.0,7147181.42,1
2025-08-14,2025-08-14 13:00:00,978.25,979.88,978.25,979.88,0.17,7252.0,7147181.42,1
2025-08-14,2025-08-14 14:00:00,979.88,981.5,979.88,981.5,0.17,7252.0,7147181.42,1
2025-08-14,2025-08-14 15:00:00,981.5,997.0,975.0,981.5,0.0,7252.0,7147181.42,0
2025-08-17,2025-08-17 11:00:00,996.0,1015.5,989.0,994.89,-0.11,5980.0,5922553.92,-1
2025-08-17,2025-08-17 12:00:00,994.89,994.89,993.79,993.79,-0.11,5980.0,5922553.92,-1
2025-08-17,2025-08-17 13:00:00,993.79,993.79,992.69,992.69,-0.11,5980.0,5922553.92,-1
2025-08-17,2025-08-17 14:00:00,992.69,992.69,991.58,991.58,-0.11,5980.0,5922553.92,-1
2025-08-17,2025-08-17 15:00:00,991.58,1035.0,982.0,991.58,0.0,5980.0,5922553.92,0
2025-08-18,2025-08-18 11:00:00,985.1,995.05,985.1,986.47,0.14,6464.6,6418215.62,1
2025-08-18,2025-08-18 12:00:00,986.47,987.85,986.47,987.85,0.14,6464.6,6418215.62,1
2025-08-18,2025-08-18 13:00:00,987.85,989.22,987.85,989.22,0.14,6464.6,6418215.62,1
2025-08-18,2025-08-18 14:00:00,989.22,990.59,989.22,990.59,0.14,6464.6,6418215.62,1
2025-08-18,2025-08-18 15:00:00,990.59,1005.0,985.1,990.59,0.0,6464.6,6418215.62,0
2025-08-19,2025-08-19 11:00:00,991.0,995.0,984.05,988.61,-0.24,5904.8,5812020.2,-1
2025-08-19,2025-08-19 12:00:00,988.61,988.61,986.22,986.22,-0.24,5904.8,5812020.2,-1
2025-08-19,2025-08-19 13:00:00,986.22,986.22,983.83,983.83,-0.24,5904.8,5812020.2,-1
2025-08-19,2025-08-19 14:00:00,983.83,983.83,981.44,981.44,-0.24,5904.8,5812020.2,-1
2025-08-19,2025-08-19 15:00:00,981.44,999.0,977.1,981.44,0.0,5904.8,5812020.2,0
2025-08-20,2025-08-20 11:00:00,982.1,1022.55,982.1,1000.15,1.84,37555.8,38813362.62,1
2025-08-20,2025-08-20 12:00:00,1000.15,1018.2,1000.15,1018.2,1.8,37555.8,38813362.62,1
2025-08-20,2025-08-20 13:00:00,1018.2,1036.25,1018.2,1036.25,1.77,37555.8,38813362.62,1
2025-08-20,2025-08-20 14:00:00,1036.25,1054.3,1036.25,1054.3,1.74,37555.8,38813362.62,1
2025-08-20,2025-08-20 15:00:00,1054.3,1063.0,982.1,1054.3,0.0,37555.8,38813362.62,0
2025-08-21,2025-08-21 11:00:00,1065.0,1066.5,1053.0,1063.26,-0.16,19255.0,20303514.14,-1
2025-08-21,2025-08-21 12:00:00,1063.26,1063.26,1061.53,1061.53,-0.16,19255.0,20303514.14,-1
2025-08-21,2025-08-21 13:00:00,1061.53,1061.53,1059.8,1059.8,-0.16,19255.0,20303514.14,-1
2025-08-21,2025-08-21 14:00:00,1059.8,1059.8,1058.06,1058.06,-0.16,19255.0,20303514.14,-1
2025-08-21,2025-08-21 15:00:00,1058.06,1068.0,1041.0,1058.06,0.0,19255.0,20303514.14,0
2025-08-24,2025-08-24 11:00:00,1058.5,1058.5,1039.75,1049.98,-0.8,18981.8,19607751.6,-1
2025-08-24,2025-08-24 12:00:00,1049.98,1049.98,1041.45,1041.45,-0.81,18981.8,19607751.6,-1
2025-08-24,2025-08-24 13:00:00,1041.45,1041.45,1032.93,1032.93,-0.82,18981.8,19607751.6,-1
2025-08-24,2025-08-24 14:00:00,1032.93,1032.93,1024.41,1024.41,-0.82,18981.8,19607751.6,-1
2025-08-24,2025-08-24 15:00:00,1024.41,1058.5,1021.0,1024.41,0.0,18981.8,19607751.6,0
2025-08-25,2025-08-25 11:00:00,1025.0,1040.0,1017.5,1028.76,0.37,24965.8,25932777.72,1
2025-08-25,2025-08-25 12:00:00,1028.76,1032.52,1028.76,1032.52,0.37,24965.8,25932777.72,1
2025-08-25,2025-08-25 13:00:00,1032.52,1036.28,1032.52,1036.28,0.36,24965.8,25932777.72,1
2025-08-25,2025-08-25 14:00:00,1036.28,1040.04,1036.28,1040.04,0.36,24965.8,25932777.72,1
2025-08-25,2025-08-25 15:00:00,1040.04,1055.0,1010.0,1040.04,0.0,24965.8,25932777.72,0
2025-08-26,2025-08-26 11:00:00,1035.0,1039.5,1032.5,1035.79,0.08,4439.0,4593342.24,1
2025-08-26,2025-08-26 12:00:00,1035.79,1036.58,1035.79,1036.58,0.08,4439.0,4593342.24,1
2025-08-26,2025-08-26 13:00:00,1036.58,1037.36,1036.58,1037.36,0.08,4439.0,4593342.24,1
2025-08-26,2025-08-26 14:00:00,1037.36,1038.15,1037.36,1038.15,0.08,4439.0,4593342.24,1
2025-08-26,2025-08-26 15:00:00,1038.15,1044.0,1030.0,1038.15,0.0,4439.0,4593342.24,0
2025-08-27,2025-08-27 11:00:00,1058.9,1064.8,1048.45,1059.84,0.09,23225.4,24513259.58,1
2025-08-27,2025-08-27 12:00:00,1059.84,1060.78,1059.84,1060.78,0.09,23225.4,24513259.58,1
2025-08-27,2025-08-27 13:00:00,1060.78,1061.72,1060.78,1061.72,0.09,23225.4,24513259.58,1
2025-08-27,2025-08-27 14:00:00,1061.72,1062.66,1061.72,1062.66,0.09,23225.4,24513259.58,1
2025-08-27,2025-08-27 15:00:00,1062.66,1070.7,1038.0,1062.66,0.0,23225.4,24513259.58,0
2025-08-28,2025-08-28 11:00:00,1055.0,1079.5,1048.7,1055.37,0.04,35606.2,37804726.8,1
2025-08-28,2025-08-28 12:00:00,1055.37,1055.74,1055.37,1055.74,0.04,35606.2,37804726.8,1
2025-08-28,2025-08-28 13:00:00,1055.74,1056.12,1055.74,1056.12,0.04,35606.2,37804726.8,1
2025-08-28,2025-08-28 14:00:00,1056.12,1056.49,1056.12,1056.49,0.04,35606.2,37804726.8,1
2025-08-28,2025-08-28 15:00:00,1056.49,1104.0,1042.4,1056.49,0.0,35606.2,37804726.8,0
2025-08-31,2025-08-31 11:00:00,1046.6,1051.05,1035.8,1041.8,-0.46,7603.0,7886950.68,-1
2025-08-31,2025-08-31 12:00:00,1041.8,1041.8,1036.99,1036.99,-0.46,7603.0,7886950.68,-1
2025-08-31,2025-08-31 13:00:00,1036.99,1036.99,1032.18,1032.18,-0.46,7603.0,7886950.68,-1
2025-08-31,2025-08-31 14:00:00,1032.18,1032.18,1027.38,1027.38,-0.47,7603.0,7886950.68,-1
2025-08-31,2025-08-31 15:00:00,1027.38,1055.5,1025.0,1027.38,0.0,7603.0,7886950.68,0
2025-09-01,2025-09-01 11:00:00,1042.0,1046.0,1031.75,1042.22,0.02,10124.8,10434731.04,1
2025-09-01,2025-09-01 12:00:00,1042.22,1042.43,1042.22,1042.43,0.02,10124.8,10434731.04,1
2025-09-01,2025-09-01 13:00:00,1042.43,1042.65,1042.43,1042.65,0.02,10124.8,10434731.04,1
2025-09-01,2025-09-01 14:00:00,1042.65,1042.87,1042.65,1042.87,0.02,10124.8,10434731.04,1
2025-09-01,2025-09-01 15:00:00,1042.87,1050.0,1021.5,1042.87,0.0,10124.8,10434731.04,0
2025-09-02,2025-09-02 11:00:00,1060.0,1060.0,1041.0,1050.8,-0.87,5924.0,6107026.74,-1
2025-09-02,2025-09-02 12:00:00,1050.8,1050.8,1041.6,1041.6,-0.88,5924.0,6107026.74,-1
2025-09-02,2025-09-02 13:00:00,1041.6,1041.6,1032.4,1032.4,-0.88,5924.0,6107026.74,-1
2025-09-02,2025-09-02 14:00:00,1032.4,1032.4,1023.2,1023.2,-0.89,5924.0,6107026.74,-1
2025-09-02,2025-09-02 15:00:00,1023.2,1060.0,1022.0,1023.2,0.0,5924.0,6107026.74,0
2025-09-03,2025-09-03 11:00:00,1035.0,1035.0,1020.5,1029.07,-0.57,4935.8,5030966.82,-1
2025-09-03,2025-09-03 12:00:00,1029.07,1029.07,1023.14,1023.14,-0.58,4935.8,5030966.82,-1
2025-09-03,2025-09-03 13:00:00,1023.14,1023.14,1017.21,1017.21,-0.58,4935.8,5030966.82,-1
2025-09-03,2025-09-03 14:00:00,1017.21,1017.21,1011.28,1011.28,-0.58,4935.8,5030966.82,-1
2025-09-03,2025-09-03 15:00:00,1011.28,1035.0,1006.0,1011.28,0.0,4935.8,5030966.82,0
2025-09-04,2025-09-04 11:00:00,1003.0,1011.5,1002.75,1005.56,0.26,5978.0,6034746.14,1
2025-09-04,2025-09-04 12:00:00,1005.56,1008.12,1005.56,1008.12,0.25,5978.0,6034746.14,1
2025-09-04,2025-09-04 13:00:00,1008.12,1010.68,1008.12,1010.68,0.25,5978.0,6034746.14,1
2025-09-04,2025-09-04 14:00:00,1010.68,1013.24,1010.68,1013.24,0.25,5978.0,6034746.14,1
2025-09-04,2025-09-04 15:00:00,1013.24,1020.0,1002.5,1013.24,0.0,5978.0,6034746.14,0
2025-09-07,2025-09-07 11:00:00,1012.0,1020.5,1006.0,1011.58,-0.04,4471.4,4512344.8,-1
2025-09-07,2025-09-07 12:00:00,1011.58,1011.58,1011.15,1011.15,-0.04,4471.4,4512344.8,-1
2025-09-07,2025-09-07 13:00:00,1011.15,1011.15,1010.73,1010.73,-0.04,4471.4,4512344.8,-1
2025-09-07,2025-09-07 14:00:00,1010.73,1010.73,1010.31,1010.31,-0.04,4471.4,4512344.8,-1
2025-09-07,2025-09-07 15:00:00,1010.31,1029.0,1000.0,1010.31,0.0,4471.4,4512344.8,0
2025-09-08,2025-09-08 11:00:00,1018.9,1018.9,1000.45,1010.79,-0.8,5636.0,5584244.18,-1
2025-09-08,2025-09-08 12:00:00,1010.79,1010.79,1002.68,1002.68,-0.8,5636.0,5584244.18,-1
2025-09-08,2025-09-08 13:00:00,1002.68,1002.68,994.58,994.58,-0.81,5636.0,5584244.18,-1
2025-09-08,2025-09-08 14:00:00,994.58,994.58,986.47,986.47,-0.82,5636.0,5584244.18,-1
2025-09-08,2025-09-08 15:00:00,986.47,1018.9,982.0,986.47,0.0,5636.0,5584244.18,0
2025-09-18,2025-09-18 11:00:00,1005.0,1005.0,946.5,975.75,-2.91,561.6,526089.1,-1
2025-09-18,2025-09-18 12:00:00,975.75,975.75,946.5,946.5,-3.0,561.6,526089.1,-1
2025-09-18,2025-09-18 13:00:00,946.5,946.5,917.25,917.25,-3.09,561.6,526089.1,-1
2025-09-18,2025-09-18 14:00:00,917.25,917.25,888.0,888.0,-3.19,561.6,526089.1,-1
2025-09-18,2025-09-18 15:00:00,888.0,1005.0,888.0,888.0,0.0,561.6,526089.1,0
2025-09-21,2025-09-21 11:00:00,870.3,905.15,836.65,875.75,0.63,24747.4,21295087.72,1
2025-09-21,2025-09-21 12:00:00,875.75,881.19,875.75,881.19,0.62,24747.4,21295087.72,1
2025-09-21,2025-09-21 13:00:00,881.19,886.63,881.19,886.63,0.62,24747.4,21295087.72,1
2025-09-21,2025-09-21 14:00:00,886.63,892.08,886.63,892.08,0.61,24747.4,21295087.72,1
2025-09-21,2025-09-21 15:00:00,892.08,940.0,803.0,892.08,0.0,24747.4,21295087.72,0
2025-09-23,2025-09-23 11:00:00,898.1,916.05,891.55,906.83,0.97,10201.0,9308600.36,1
2025-09-23,2025-09-23 12:00:00,906.83,915.55,906.83,915.55,0.96,10201.0,9308600.36,1
2025-09-23,2025-09-23 13:00:00,915.55,924.27,915.55,924.27,0.95,10201.0,9308600.36,1
2025-09-23,2025-09-23 14:00:00,924.27,933.0,924.27,933.0,0.94,10201.0,9308600.36,1
2025-09-23,2025-09-23 15:00:00,933.0,934.0,885.0,933.0,0.0,10201.0,9308600.36,0
2025-09-24,2025-09-24 11:00:00,933.0,939.0,924.3,933.23,0.02,5594.0,5166070.34,1
2025-09-24,2025-09-24 12:00:00,933.23,933.45,933.23,933.45,0.02,5594.0,5166070.34,1
2025-09-24,2025-09-24 13:00:00,933.45,933.67,933.45,933.67,0.02,5594.0,5166070.34,1
2025-09-24,2025-09-24 14:00:00,933.67,933.9,933.67,933.9,0.02,5594.0,5166070.34,1
2025-09-24,2025-09-24 15:00:00,933.9,945.0,915.6,933.9,0.0,5594.0,5166070.34,0
2025-09-25,2025-09-25 11:00:00,920.0,927.45,912.5,923.73,0.41,5986.4,5508608.54,1
2025-09-25,2025-09-25 12:00:00,923.73,927.45,923.73,927.45,0.4,5986.4,5508608.54,1
2025-09-25,2025-09-25 13:00:00,927.45,931.17,927.45,931.17,0.4,5986.4,5508608.54,1
2025-09-25,2025-09-25 14:00:00,931.17,934.9,931.17,934.9,0.4,5986.4,5508608.54,1
2025-09-25,2025-09-25 15:00:00,934.9,934.9,905.0,934.9,0.0,5986.4,5508608.54,0
2025-09-28,2025-09-28 11:00:00,917.1,923.05,908.6,913.08,-0.44,3309.8,3005963.02,-1
2025-09-28,2025-09-28 12:00:00,913.08,913.08,909.05,909.05,-0.44,3309.8,3005963.02,-1
2025-09-28,2025-09-28 13:00:00,909.05,909.05,905.02,905.02,-0.44,3309.8,3005963.02,-1
2025-09-28,2025-09-28 14:00:00,905.02,905.02,901.0,901.0,-0.44,3309.8,3005963.02,-1
2025-09-28,2025-09-28 15:00:00,901.0,929.0,900.1,901.0,0.0,3309.8,3005963.02,0
2025-10-07,2025-10-07 11:00:00,917.8,917.8,892.4,905.38,-1.35,7212.0,6337172.74,-1
2025-10-07,2025-10-07 12:00:00,905.38,905.38,892.95,892.95,-1.37,7212.0,6337172.74,-1
2025-10-07,2025-10-07 13:00:00,892.95,892.95,880.52,880.52,-1.39,7212.0,6337172.74,-1
2025-10-07,2025-10-07 14:00:00,880.52,880.52,868.1,868.1,-1.41,7212.0,6337172.74,-1
2025-10-07,2025-10-07 15:00:00,868.1,917.8,867.0,868.1,0.0,7212.0,6337172.74,0
2025-10-08,2025-10-08 11:00:00,885.0,892.0,867.5,878.75,-0.71,4784.2,4100048.44,-1
2025-10-08,2025-10-08 12:00:00,878.75,878.75,872.5,872.5,-0.71,4784.2,4100048.44,-1
2025-10-08,2025-10-08 13:00:00,872.5,872.5,866.25,866.25,-0.72,4784.2,4100048.44,-1
2025-10-08,2025-10-08 14:00:00,866.25,866.25,860.0,860.0,-0.72,4784.2,4100048.44,-1
2025-10-08,2025-10-08 15:00:00,860.0,899.0,850.0,860.0,0.0,4784.2,4100048.44,0
2025-10-09,2025-10-09 11:00:00,877.2,901.1,870.6,873.9,-0.38,5257.6,4603628.96,-1
2025-10-09,2025-10-09 12:00:00,873.9,873.9,870.6,870.6,-0.38,5257.6,4603628.96,-1
2025-10-09,2025-10-09 13:00:00,870.6,870.6,867.3,867.3,-0.38,5257.6,4603628.96,-1
2025-10-09,2025-10-09 14:00:00,867.3,867.3,864.0,864.0,-0.38,5257.6,4603628.96,-1
2025-10-09,2025-10-09 15:00:00,864.0,925.0,864.0,864.0,0.0,5257.6,4603628.96,0
2025-10-12,2025-10-12 11:00:00,864.0,864.0,837.0,853.0,-1.27,8920.2,7427837.46,-1
2025-10-12,2025-10-12 12:00:00,853.0,853.0,842.0,842.0,-1.29,8920.2,7427837.46,-1
2025-10-12,2025-10-12 13:00:00,842.0,842.0,831.0,831.0,-1.31,8920.2,7427837.46,-1
2025-10-12,2025-10-12 14:00:00,831.0,831.0,820.0,820.0,-1.32,8920.2,7427837.46,-1
2025-10-12,2025-10-12 15:00:00,820.0,864.0,810.0,820.0,0.0,8920.2,7427837.46,0
2025-10-13,2025-10-13 11:00:00,810.0,832.0,806.5,821.0,1.36,5449.6,4538055.66,1
2025-10-13,2025-10-13 12:00:00,821.0,832.0,821.0,832.0,1.34,5449.6,4538055.66,1
2025-10-13,2025-10-13 13:00:00,832.0,843.0,832.0,843.0,1.32,5449.6,4538055.66,1
2025-10-13,2025-10-13 14:00:00,843.0,854.0,843.0,854.0,1.3,5449.6,4538055.66,1
2025-10-13,2025-10-13 15:00:00,854.0,854.0,803.0,854.0,0.0,5449.6,4538055.66,0
2025-10-14,2025-10-14 11:00:00,856.8,856.9,843.4,852.1,-0.55,3781.4,3179681.48,-1
2025-10-14,2025-10-14 12:00:00,852.1,852.1,847.4,847.4,-0.55,3781.4,3179681.48,-1
2025-10-14,2025-10-14 13:00:00,847.4,847.4,842.7,842.7,-0.55,3781.4,3179681.48,-1
2025-10-14,2025-10-14 14:00:00,842.7,842.7,838.0,838.0,-0.56,3781.4,3179681.48,-1
2025-10-14,2025-10-14 15:00:00,838.0,857.0,830.0,838.0,0.0,3781.4,3179681.48,0
2025-10-15,2025-10-15 11:00:00,854.0,854.0,839.0,847.25,-0.79,2772.8,2292596.92,-1
2025-10-15,2025-10-15 12:00:00,847.25,847.25,840.5,840.5,-0.8,2772.8,2292596.92,-1
2025-10-15,2025-10-15 13:00:00,840.5,840.5,833.75,833.75,-0.8,2772.8,2292596.92,-1
2025-10-15,2025-10-15 14:00:00,833.75,833.75,827.0,827.0,-0.81,2772.8,2292596.92,-1
2025-10-15,2025-10-15 15:00:00,827.0,854.0,824.0,827.0,0.0,2772.8,2292596.92,0
2025-10-16,2025-10-16 11:00:00,827.0,828.5,816.0,826.2,-0.1,4139.2,3361396.28,-1
2025-10-16,2025-10-16 12:00:00,826.2,826.2,825.4,825.4,-0.1,4139.2,3361396.28,-1
2025-10-16,2025-10-16 13:00:00,825.4,825.4,824.6,824.6,-0.1,4139.2,3361396.28,-1
2025-10-16,2025-10-16 14:00:00,824.6,824.6,823.8,823.8,-0.1,4139.2,3361396.28,-1
2025-10-16,2025-10-16 15:00:00,823.8,830.0,805.0,823.8,0.0,4139.2,3361396.28,0
2025-10-19,2025-10-19 11:00:00,820.0,826.5,818.75,821.75,0.21,1202.6,988782.42,1
2025-10-19,2025-10-19 12:00:00,821.75,823.5,821.75,823.5,0.21,1202.6,988782.42,1
2025-10-19,2025-10-19 13:00:00,823.5,825.25,823.5,825.25,0.21,1202.6,988782.42,1
2025-10-19,2025-10-19 14:00:00,825.25,827.0,825.25,827.0,0.21,1202.6,988782.42,1
2025-10-19,2025-10-19 15:00:00,827.0,833.0,817.5,827.0,0.0,1202.6,988782.42,0
2025-10-26,2025-10-26 11:00:00,811.0,820.5,805.6,815.75,0.59,3418.6,2770953.04,1
2025-10-26,2025-10-26 12:00:00,815.75,820.5,815.75,820.5,0.58,3418.6,2770953.04,1
2025-10-26,2025-10-26 13:00:00,820.5,825.25,820.5,825.25,0.58,3418.6,2770953.04,1
2025-10-26,2025-10-26 14:00:00,825.25,830.0,825.25,830.0,0.58,3418.6,2770953.04,1
2025-10-26,2025-10-26 15:00:00,830.0,830.0,800.2,830.0,0.0,3418.6,2770953.04,0
2025-10-28,2025-10-28 11:00:00,815.0,837.5,815.0,822.5,0.92,4311.2,3611520.52,1
2025-10-28,2025-10-28 12:00:00,822.5,830.0,822.5,830.0,0.91,4311.2,3611520.52,1
2025-10-28,2025-10-28 13:00:00,830.0,837.5,830.0,837.5,0.9,4311.2,3611520.52,1
2025-10-28,2025-10-28 14:00:00,837.5,845.0,837.5,845.0,0.9,4311.2,3611520.52,1
2025-10-28,2025-10-28 15:00:00,845.0,860.0,815.0,845.0,0.0,4311.2,3611520.52,0
2025-10-29,2025-10-29 11:00:00,847.0,879.95,843.05,846.0,-0.12,2990.2,2554709.3,-1
2025-10-29,2025-10-29 12:00:00,846.0,846.0,845.0,845.0,-0.12,2990.2,2554709.3,-1
2025-10-29,2025-10-29 13:00:00,845.0,845.0,844.0,844.0,-0.12,2990.2,2554709.3,-1
2025-10-29,2025-10-29 14:00:00,844.0,844.0,843.0,843.0,-0.12,2990.2,2554709.3,-1
2025-10-29,2025-10-29 15:00:00,843.0,912.9,839.1,843.0,0.0,2990.2,2554709.3,0
2025-10-30,2025-10-30 11:00:00,840.0,880.5,835.55,847.0,0.83,5800.2,4959401.18,1
2025-10-30,2025-10-30 12:00:00,847.0,854.0,847.0,854.0,0.83,5800.2,4959401.18,1
2025-10-30,2025-10-30 13:00:00,854.0,861.0,854.0,861.0,0.82,5800.2,4959401.18,1
2025-10-30,2025-10-30 14:00:00,861.0,868.0,861.0,868.0,0.81,5800.2,4959401.18,1
2025-10-30,2025-10-30 15:00:00,868.0,921.0,831.1,868.0,0.0,5800.2,4959401.18,0
2025-11-02,2025-11-02 11:00:00,860.0,885.0,856.0,872.5,1.45,37937.8,33375427.94,1
2025-11-02,2025-11-02 12:00:00,872.5,885.0,872.5,885.0,1.43,37937.8,33375427.94,1
2025-11-02,2025-11-02 13:00:00,885.0,897.5,885.0,897.5,1.41,37937.8,33375427.94,1
2025-11-02,2025-11-02 14:00:00,897.5,910.0,897.5,910.0,1.39,37937.8,33375427.94,1
2025-11-02,2025-11-02 15:00:00,910.0,910.0,852.0,910.0,0.0,37937.8,33375427.94,0
2025-11-03,2025-11-03 11:00:00,892.0,902.5,891.9,896.5,0.5,9841.8,8837307.94,1
2025-11-03,2025-11-03 12:00:00,896.5,901.0,896.5,901.0,0.5,9841.8,8837307.94,1
2025-11-03,2025-11-03 13:00:00,901.0,905.5,901.0,905.5,0.5,9841.8,8837307.94,1
2025-11-03,2025-11-03 14:00:00,905.5,910.0,905.5,910.0,0.5,9841.8,8837307.94,1
2025-11-03,2025-11-03 15:00:00,910.0,913.0,891.8,910.0,0.0,9841.8,8837307.94,0
2025-11-04,2025-11-04 11:00:00,891.8,937.4,891.8,900.07,0.93,33895.2,30626486.1,1
2025-11-04,2025-11-04 12:00:00,900.07,908.35,900.07,908.35,0.92,33895.2,30626486.1,1
2025-11-04,2025-11-04 13:00:00,908.35,916.62,908.35,916.62,0.91,33895.2,30626486.1,1
2025-11-04,2025-11-04 14:00:00,916.62,924.9,916.62,924.9,0.9,33895.2,30626486.1,1
2025-11-04,2025-11-04 15:00:00,924.9,983.0,891.8,924.9,0.0,33895.2,30626486.1,0
2025-11-05,2025-11-05 11:00:00,926.0,926.0,909.0,919.55,-0.7,4872.4,4416064.52,-1
2025-11-05,2025-11-05 12:00:00,919.55,919.55,913.1,913.1,-0.7,4872.4,4416064.52,-1
2025-11-05,2025-11-05 13:00:00,913.1,913.1,906.65,906.65,-0.71,4872.4,4416064.52,-1
2025-11-05,2025-11-05 14:00:00,906.65,906.65,900.2,900.2,-0.71,4872.4,4416064.52,-1
2025-11-05,2025-11-05 15:00:00,900.2,926.0,892.0,900.2,0.0,4872.4,4416064.52,0
2025-11-06,2025-11-06 11:00:00,918.0,936.35,909.0,918.25,0.03,10533.4,9607358.42,1
2025-11-06,2025-11-06 12:00:00,918.25,918.5,918.25,918.5,0.03,10533.4,9607358.42,1
2025-11-06,2025-11-06 13:00:00,918.5,918.75,918.5,918.75,0.03,10533.4,9607358.42,1
2025-11-06,2025-11-06 14:00:00,918.75,919.0,918.75,919.0,0.03,10533.4,9607358.42,1
2025-11-06,2025-11-06 15:00:00,919.0,954.7,900.0,919.0,0.0,10533.4,9607358.42,0
2025-11-09,2025-11-09 11:00:00,937.3,937.3,916.65,927.97,-1.0,7165.4,6503687.0,-1
2025-11-09,2025-11-09 12:00:00,927.97,927.97,918.65,918.65,-1.0,7165.4,6503687.0,-1
2025-11-09,2025-11-09 13:00:00,918.65,918.65,909.33,909.33,-1.01,7165.4,6503687.0,-1
2025-11-09,2025-11-09 14:00:00,909.33,909.33,900.0,900.0,-1.03,7165.4,6503687.0,-1
2025-11-09,2025-11-09 15:00:00,900.0,937.3,896.0,900.0,0.0,7165.4,6503687.0,0
2025-11-10,2025-11-10 11:00:00,905.0,907.5,896.0,901.25,-0.41,5247.2,4700153.8,-1
2025-11-10,2025-11-10 12:00:00,901.25,901.25,897.5,897.5,-0.42,5247.2,4700153.8,-1
2025-11-10,2025-11-10 13:00:00,897.5,897.5,893.75,893.75,-0.42,5247.2,4700153.8,-1
2025-11-10,2025-11-10 14:00:00,893.75,893.75,890.0,890.0,-0.42,5247.2,4700153.8,-1
2025-11-10,2025-11-10 15:00:00,890.0,910.0,887.0,890.0,0.0,5247.2,4700153.8,0
2025-11-11,2025-11-11 11:00:00,907.8,907.8,890.15,900.35,-0.82,3644.6,3226188.04,-1
2025-11-11,2025-11-11 12:00:00,900.35,900.35,892.9,892.9,-0.83,3644.6,3226188.04,-1
2025-11-11,2025-11-11 13:00:00,892.9,892.9,885.45,885.45,-0.83,3644.6,3226188.04,-1
2025-11-11,2025-11-11 14:00:00,885.45,885.45,878.0,878.0,-0.84,3644.6,3226188.04,-1
2025-11-11,2025-11-11 15:00:00,878.0,907.8,872.5,878.0,0.0,3644.6,3226188.04,0
2025-11-12,2025-11-12 11:00:00,874.0,880.95,848.5,870.5,-0.4,9260.4,7947620.56,-1
2025-11-12,2025-11-12 12:00:00,870.5,870.5,867.0,867.0,-0.4,9260.4,7947620.56,-1
2025-11-12,2025-11-12 13:00:00,867.0,867.0,863.5,863.5,-0.4,9260.4,7947620.56,-1
2025-11-12,2025-11-12 14:00:00,863.5,863.5,860.0,860.0,-0.41,9260.4,7947620.56,-1
2025-11-12,2025-11-12 15:00:00,860.0,887.9,823.0,860.0,0.0,9260.4,7947620.56,0
2025-11-13,2025-11-13 11:00:00,842.8,859.9,842.8,850.85,0.96,4340.2,3754405.3,1
2025-11-13,2025-11-13 12:00:00,850.85,858.9,850.85,858.9,0.95,4340.2,3754405.3,1
2025-11-13,2025-11-13 13:00:00,858.9,866.95,858.9,866.95,0.94,4340.2,3754405.3,1
2025-11-13,2025-11-13 14:00:00,866.95,875.0,866.95,875.0,0.93,4340.2,3754405.3,1
2025-11-13,2025-11-13 15:00:00,875.0,877.0,842.8,875.0,0.0,4340.2,3754405.3,0
2025-11-16,2025-11-16 11:00:00,875.0,876.5,860.0,871.25,-0.43,3883.2,3328083.58,-1
2025-11-16,2025-11-16 12:00:00,871.25,871.25,867.5,867.5,-0.43,3883.2,3328083.58,-1
2025-11-16,2025-11-16 13:00:00,867.5,867.5,863.75,863.75,-0.43,3883.2,3328083.58,-1
2025-11-16,2025-11-16 14:00:00,863.75,863.75,860.0,860.0,-0.43,3883.2,3328083.58,-1
2025-11-16,2025-11-16 15:00:00,860.0,878.0,845.0,860.0,0.0,3883.2,3328083.58,0
2025-11-17,2025-11-17 11:00:00,858.0,862.5,854.5,857.77,-0.03,1168.6,1000102.8,-1
2025-11-17,2025-11-17 12:00:00,857.77,857.77,857.55,857.55,-0.03,1168.6,1000102.8,-1
2025-11-17,2025-11-17 13:00:00,857.55,857.55,857.33,857.33,-0.03,1168.6,1000102.8,-1
2025-11-17,2025-11-17 14:00:00,857.33,857.33,857.1,857.1,-0.03,1168.6,1000102.8,-1
2025-11-17,2025-11-17 15:00:00,857.1,867.0,851.0,857.1,0.0,1168.6,1000102.8,0
2025-11-18,2025-11-18 11:00:00,860.0,864.95,855.0,860.25,0.03,3807.8,3276862.78,1
2025-11-18,2025-11-18 12:00:00,860.25,860.5,860.25,860.5,0.03,3807.8,3276862.78,1
2025-11-18,2025-11-18 13:00:00,860.5,860.75,860.5,860.75,0.03,3807.8,3276862.78,1
2025-11-18,2025-11-18 14:00:00,860.75,861.0,860.75,861.0,0.03,3807.8,3276862.78,1
2025-11-18,2025-11-18 15:00:00,861.0,869.9,850.0,861.0,0.0,3807.8,3276862.78,0
2025-11-19,2025-11-19 11:00:00,863.0,865.5,859.0,862.48,-0.06,3870.8,3316885.56,-1
2025-11-19,2025-11-19 12:00:00,862.48,862.48,861.95,861.95,-0.06,3870.8,3316885.56,-1
2025-11-19,2025-11-19 13:00:00,861.95,861.95,861.42,861.42,-0.06,3870.8,3316885.56,-1
2025-11-19,2025-11-19 14:00:00,861.42,861.42,860.9,860.9,-0.06,3870.8,3316885.56,-1
2025-11-19,2025-11-19 15:00:00,860.9,868.0,855.0,860.9,0.0,3870.8,3316885.56,0
2025-11-20,2025-11-20 11:00:00,861.0,861.5,854.5,859.25,-0.2,3965.6,3379322.42,-1
2025-11-20,2025-11-20 12:00:00,859.25,859.25,857.5,857.5,-0.2,3965.6,3379322.42,-1
2025-11-20,2025-11-20 13:00:00,857.5,857.5,855.75,855.75,-0.2,3965.6,3379322.42,-1
2025-11-20,2025-11-20 14:00:00,855.75,855.75,854.0,854.0,-0.2,3965.6,3379322.42,-1
2025-11-20,2025-11-20 15:00:00,854.0,862.0,848.0,854.0,0.0,3965.6,3379322.42,0
2025-11-23,2025-11-23 11:00:00,861.0,876.5,860.5,865.25,0.49,5567.2,4892349.12,1
2025-11-23,2025-11-23 12:00:00,865.25,869.5,865.25,869.5,0.49,5567.2,4892349.12,1
2025-11-23,2025-11-23 13:00:00,869.5,873.75,869.5,873.75,0.49,5567.2,4892349.12,1
2025-11-23,2025-11-23 14:00:00,873.75,878.0,873.75,878.0,0.49,5567.2,4892349.12,1
2025-11-23,2025-11-23 15:00:00,878.0,892.0,860.0,878.0,0.0,5567.2,4892349.12,0
2025-11-24,2025-11-24 11:00:00,887.9,890.35,884.0,885.98,-0.22,4159.4,3687420.16,-1
2025-11-24,2025-11-24 12:00:00,885.98,885.98,884.05,884.05,-0.22,4159.4,3687420.16,-1
2025-11-24,2025-11-24 13:00:00,884.05,884.05,882.12,882.12,-0.22,4159.4,3687420.16,-1
2025-11-24,2025-11-24 14:00:00,882.12,882.12,880.2,880.2,-0.22,4159.4,3687420.16,-1
2025-11-24,2025-11-24 15:00:00,880.2,892.8,880.1,880.2,0.0,4159.4,3687420.16,0
2025-11-25,2025-11-25 11:00:00,890.0,890.0,885.0,889.25,-0.08,1875.4,1657035.8,-1
2025-11-25,2025-11-25 12:00:00,889.25,889.25,888.5,888.5,-0.08,1875.4,1657035.8,-1
2025-11-25,2025-11-25 13:00:00,888.5,888.5,887.75,887.75,-0.08,1875.4,1657035.8,-1
2025-11-25,2025-11-25 14:00:00,887.75,887.75,887.0,887.0,-0.08,1875.4,1657035.8,-1
2025-11-25,2025-11-25 15:00:00,887.0,890.0,880.0,887.0,0.0,1875.4,1657035.8,0
2025-11-26,2025-11-26 11:00:00,899.9,901.45,890.95,895.45,-0.49,5468.6,4883822.02,-1
2025-11-26,2025-11-26 12:00:00,895.45,895.45,891.0,891.0,-0.5,5468.6,4883822.02,-1
2025-11-26,2025-11-26 13:00:00,891.0,891.0,886.55,886.55,-0.5,5468.6,4883822.02,-1
2025-11-26,2025-11-26 14:00:00,886.55,886.55,882.1,882.1,-0.5,5468.6,4883822.02,-1
2025-11-26,2025-11-26 15:00:00,882.1,903.0,882.0,882.1,0.0,5468.6,4883822.02,0
2025-11-27,2025-11-27 11:00:00,880.1,889.45,877.75,880.6,0.06,5352.4,4717650.16,1
2025-11-27,2025-11-27 12:00:00,880.6,881.1,880.6,881.1,0.06,5352.4,4717650.16,1
2025-11-27,2025-11-27 13:00:00,881.1,881.6,881.1,881.6,0.06,5352.4,4717650.16,1
2025-11-27,2025-11-27 14:00:00,881.6,882.1,881.6,882.1,0.06,5352.4,4717650.16,1
2025-11-27,2025-11-27 15:00:00,882.1,898.8,875.4,882.1,0.0,5352.4,4717650.16,0
2025-11-30,2025-11-30 11:00:00,882.5,886.75,876.25,879.88,-0.3,4542.6,4002188.8,-1
2025-11-30,2025-11-30 12:00:00,879.88,879.88,877.25,877.25,-0.3,4542.6,4002188.8,-1
2025-11-30,2025-11-30 13:00:00,877.25,877.25,874.62,874.62,-0.3,4542.6,4002188.8,-1
2025-11-30,2025-11-30 14:00:00,874.62,874.62,872.0,872.0,-0.3,4542.6,4002188.8,-1
2025-11-30,2025-11-30 15:00:00,872.0,891.0,870.0,872.0,0.0,4542.6,4002188.8,0
2025-12-01,2025-12-01 11:00:00,867.2,872.1,867.1,867.48,0.03,3446.6,3005942.76,1
2025-12-01,2025-12-01 12:00:00,867.48,867.75,867.48,867.75,0.03,3446.6,3005942.76,1
2025-12-01,2025-12-01 13:00:00,867.75,868.02,867.75,868.02,0.03,3446.6,3005942.76,1
2025-12-01,2025-12-01 14:00:00,868.02,868.3,868.02,868.3,0.03,3446.6,3005942.76,1
2025-12-01,2025-12-01 15:00:00,868.3,877.0,867.0,868.3,0.0,3446.6,3005942.76,0
2025-12-02,2025-12-02 11:00:00,866.0,881.5,866.0,869.45,0.4,1717.2,1511408.8,1
2025-12-02,2025-12-02 12:00:00,869.45,872.9,869.45,872.9,0.4,1717.2,1511408.8,1
2025-12-02,2025-12-02 13:00:00,872.9,876.35,872.9,876.35,0.4,1717.2,1511408.8,1
2025-12-02,2025-12-02 14:00:00,876.35,879.8,876.35,879.8,0.39,1717.2,1511408.8,1
2025-12-02,2025-12-02 15:00:00,879.8,897.0,866.0,879.8,0.0,1717.2,1511408.8,0
2025-12-03,2025-12-03 11:00:00,885.0,889.5,881.5,886.25,0.14,6530.4,5797996.98,1
2025-12-03,2025-12-03 12:00:00,886.25,887.5,886.25,887.5,0.14,6530.4,5797996.98,1
2025-12-03,2025-12-03 13:00:00,887.5,888.75,887.5,888.75,0.14,6530.4,5797996.98,1
2025-12-03,2025-12-03 14:00:00,888.75,890.0,888.75,890.0,0.14,6530.4,5797996.98,1
2025-12-03,2025-12-03 15:00:00,890.0,894.0,878.0,890.0,0.0,6530.4,5797996.98,0
2025-12-07,2025-12-07 11:00:00,907.8,907.8,893.55,901.15,-0.73,2098.6,1850416.68,-1
2025-12-07,2025-12-07 12:00:00,901.15,901.15,894.5,894.5,-0.74,2098.6,1850416.68,-1
2025-12-07,2025-12-07 13:00:00,894.5,894.5,887.85,887.85,-0.74,2098.6,1850416.68,-1
2025-12-07,2025-12-07 14:00:00,887.85,887.85,881.2,881.2,-0.75,2098.6,1850416.68,-1
2025-12-07,2025-12-07 15:00:00,881.2,907.8,879.3,881.2,0.0,2098.6,1850416.68,0
2025-12-08,2025-12-08 11:00:00,871.0,875.5,870.5,870.75,-0.03,2503.8,2183671.4,-1
2025-12-08,2025-12-08 12:00:00,870.75,870.75,870.5,870.5,-0.03,2503.8,2183671.4,-1
2025-12-08,2025-12-08 13:00:00,870.5,870.5,870.25,870.25,-0.03,2503.8,2183671.4,-1
2025-12-08,2025-12-08 14:00:00,870.25,870.25,870.0,870.0,-0.03,2503.8,2183671.4,-1
2025-12-08,2025-12-08 15:00:00,870.0,880.0,870.0,870.0,0.0,2503.8,2183671.4,0
2025-12-09,2025-12-09 11:00:00,879.0,883.2,871.5,880.5,0.17,2258.2,1985094.6,1
2025-12-09,2025-12-09 12:00:00,880.5,882.0,880.5,882.0,0.17,2258.2,1985094.6,1
2025-12-09,2025-12-09 13:00:00,882.0,883.5,882.0,883.5,0.17,2258.2,1985094.6,1
2025-12-09,2025-12-09 14:00:00,883.5,885.0,883.5,885.0,0.17,2258.2,1985094.6,1
2025-12-09,2025-12-09 15:00:00,885.0,887.4,864.0,885.0,0.0,2258.2,1985094.6,0
2025-12-10,2025-12-10 11:00:00,889.5,891.25,884.25,889.35,-0.02,4328.0,3823896.22,-1
2025-12-10,2025-12-10 12:00:00,889.35,889.35,889.2,889.2,-0.02,4328.0,3823896.22,-1
2025-12-10,2025-12-10 13:00:00,889.2,889.2,889.05,889.05,-0.02,4328.0,3823896.22,-1
2025-12-10,2025-12-10 14:00:00,889.05,889.05,888.9,888.9,-0.02,4328.0,3823896.22,-1
2025-12-10,2025-12-10 15:00:00,888.9,893.0,879.0,888.9,0.0,4328.0,3823896.22,0
2025-12-11,2025-12-11 11:00:00,882.0,891.0,881.0,882.12,0.01,3673.6,3264546.62,1
2025-12-11,2025-12-11 12:00:00,882.12,882.25,882.12,882.25,0.01,3673.6,3264546.62,1
2025-12-11,2025-12-11 13:00:00,882.25,882.38,882.25,882.38,0.01,3673.6,3264546.62,1
2025-12-11,2025-12-11 14:00:00,882.38,882.5,882.38,882.5,0.01,3673.6,3264546.62,1
2025-12-11,2025-12-11 15:00:00,882.5,900.0,880.0,882.5,0.0,3673.6,3264546.62,0
2025-12-14,2025-12-14 11:00:00,882.0,885.55,876.0,879.27,-0.31,3632.6,3172446.94,-1
2025-12-14,2025-12-14 12:00:00,879.27,879.27,876.55,876.55,-0.31,3632.6,3172446.94,-1
2025-12-14,2025-12-14 13:00:00,876.55,876.55,873.83,873.83,-0.31,3632.6,3172446.94,-1
2025-12-14,2025-12-14 14:00:00,873.83,873.83,871.1,871.1,-0.31,3632.6,3172446.94,-1
2025-12-14,2025-12-14 15:00:00,871.1,889.1,870.0,871.1,0.0,3632.6,3172446.94,0
2025-12-15,2025-12-15 11:00:00,870.0,872.5,867.55,869.25,-0.09,1104.8,959561.0,-1
2025-12-15,2025-12-15 12:00:00,869.25,869.25,868.5,868.5,-0.09,1104.8,959561.0,-1
2025-12-15,2025-12-15 13:00:00,868.5,868.5,867.75,867.75,-0.09,1104.8,959561.0,-1
2025-12-15,2025-12-15 14:00:00,867.75,867.75,867.0,867.0,-0.09,1104.8,959561.0,-1
2025-12-15,2025-12-15 15:00:00,867.0,875.0,865.1,867.0,0.0,1104.8,959561.0,0
2025-12-16,2025-12-16 11:00:00,884.3,899.65,884.3,889.47,0.58,11440.2,10294027.48,1
2025-12-16,2025-12-16 12:00:00,889.47,894.65,889.47,894.65,0.58,11440.2,10294027.48,1
2025-12-16,2025-12-16 13:00:00,894.65,899.83,894.65,899.83,0.58,11440.2,10294027.48,1
2025-12-16,2025-12-16 14:00:00,899.83,905.0,899.83,905.0,0.57,11440.2,10294027.48,1
2025-12-16,2025-12-16 15:00:00,905.0,915.0,884.3,905.0,0.0,11440.2,10294027.48,0
2025-12-17,2025-12-17 11:00:00,923.1,923.1,909.55,917.33,-0.63,3798.2,3426824.18,-1
2025-12-17,2025-12-17 12:00:00,917.33,917.33,911.55,911.55,-0.63,3798.2,3426824.18,-1
2025-12-17,2025-12-17 13:00:00,911.55,911.55,905.77,905.77,-0.63,3798.2,3426824.18,-1
2025-12-17,2025-12-17 14:00:00,905.77,905.77,900.0,900.0,-0.64,3798.2,3426824.18,-1
2025-12-17,2025-12-17 15:00:00,900.0,923.1,896.0,900.0,0.0,3798.2,3426824.18,0
2025-12-18,2025-12-18 11:00:00,918.0,918.0,904.1,912.0,-0.65,2912.2,2613651.16,-1
2025-12-18,2025-12-18 12:00:00,912.0,912.0,906.0,906.0,-0.66,2912.2,2613651.16,-1
2025-12-18,2025-12-18 13:00:00,906.0,906.0,900.0,900.0,-0.66,2912.2,2613651.16,-1
2025-12-18,2025-12-18 14:00:00,900.0,900.0,894.0,894.0,-0.67,2912.2,2613651.16,-1
2025-12-18,2025-12-18 15:00:00,894.0,918.0,890.2,894.0,0.0,2912.2,2613651.16,0
2025-12-21,2025-12-21 11:00:00,908.0,908.0,897.0,902.52,-0.6,2395.2,2134224.0,-1
2025-12-21,2025-12-21 12:00:00,902.52,902.52,897.05,897.05,-0.61,2395.2,2134224.0,-1
2025-12-21,2025-12-21 13:00:00,897.05,897.05,891.58,891.58,-0.61,2395.2,2134224.0,-1
2025-12-21,2025-12-21 14:00:00,891.58,891.58,886.1,886.1,-0.61,2395.2,2134224.0,-1
2025-12-21,2025-12-21 15:00:00,886.1,908.0,886.0,886.1,0.0,2395.2,2134224.0,0
2025-12-22,2025-12-22 11:00:00,887.0,888.5,883.5,885.8,-0.14,3411.0,3010843.26,-1
2025-12-22,2025-12-22 12:00:00,885.8,885.8,884.6,884.6,-0.14,3411.0,3010843.26,-1
2025-12-22,2025-12-22 13:00:00,884.6,884.6,883.4,883.4,-0.14,3411.0,3010843.26,-1
2025-12-22,2025-12-22 14:00:00,883.4,883.4,882.2,882.2,-0.14,3411.0,3010843.26,-1
2025-12-22,2025-12-22 15:00:00,882.2,890.0,880.0,882.2,0.0,3411.0,3010843.26,0
2025-12-23,2025-12-23 11:00:00,882.2,883.6,881.6,882.9,0.08,2889.0,2548987.44,1
2025-12-23,2025-12-23 12:00:00,882.9,883.6,882.9,883.6,0.08,2889.0,2548987.44,1
2025-12-23,2025-12-23 13:00:00,883.6,884.3,883.6,884.3,0.08,2889.0,2548987.44,1
2025-12-23,2025-12-23 14:00:00,884.3,885.0,884.3,885.0,0.08,2889.0,2548987.44,1
2025-12-23,2025-12-23 15:00:00,885.0,885.0,881.0,885.0,0.0,2889.0,2548987.44,0
2025-12-24,2025-12-24 11:00:00,899.0,899.0,892.0,895.75,-0.36,2379.4,2115996.02,-1
2025-12-24,2025-12-24 12:00:00,895.75,895.75,892.5,892.5,-0.36,2379.4,2115996.02,-1
2025-12-24,2025-12-24 13:00:00,892.5,892.5,889.25,889.25,-0.36,2379.4,2115996.02,-1
2025-12-24,2025-12-24 14:00:00,889.25,889.25,886.0,886.0,-0.37,2379.4,2115996.02,-1
2025-12-24,2025-12-24 15:00:00,886.0,899.0,885.0,886.0,0.0,2379.4,2115996.02,0
2025-12-28,2025-12-28 11:00:00,860.0,862.45,857.0,859.0,-0.12,3068.6,2633216.26,-1
2025-12-28,2025-12-28 12:00:00,859.0,859.0,858.0,858.0,-0.12,3068.6,2633216.26,-1
2025-12-28,2025-12-28 13:00:00,858.0,858.0,857.0,857.0,-0.12,3068.6,2633216.26,-1
2025-12-28,2025-12-28 14:00:00,857.0,857.0,856.0,856.0,-0.12,3068.6,2633216.26,-1
2025-12-28,2025-12-28 15:00:00,856.0,864.9,854.0,856.0,0.0,3068.6,2633216.26,0
2025-12-29,2025-12-29 11:00:00,860.0,865.0,857.5,858.75,-0.15,4536.8,3904043.58,-1
2025-12-29,2025-12-29 12:00:00,858.75,858.75,857.5,857.5,-0.15,4536.8,3904043.58,-1
2025-12-29,2025-12-29 13:00:00,857.5,857.5,856.25,856.25,-0.15,4536.8,3904043.58,-1
2025-12-29,2025-12-29 14:00:00,856.25,856.25,855.0,855.0,-0.15,4536.8,3904043.58,-1
2025-12-29,2025-12-29 15:00:00,855.0,870.0,855.0,855.0,0.0,4536.8,3904043.58,0
2025-12-31,2025-12-31 11:00:00,865.0,867.5,864.0,865.0,0.0,2735.6,2367743.28,0
2025-12-31,2025-12-31 12:00:00,865.0,865.0,865.0,865.0,0.0,2735.6,2367743.28,0
2025-12-31,2025-12-31 13:00:00,865.0,865.0,865.0,865.0,0.0,2735.6,2367743.28,0
2025-12-31,2025-12-31 14:00:00,865.0,865.0,865.0,865.0,0.0,2735.6,2367743.28,0
2025-12-31,2025-12-31 15:00:00,865.0,870.0,863.0,865.0,0.0,2735.6,2367743.28,0
2026-01-01,2026-01-01 11:00:00,865.0,867.5,856.5,863.5,-0.17,2345.0,2015889.0,-1
2026-01-01,2026-01-01 12:00:00,863.5,863.5,862.0,862.0,-0.17,2345.0,2015889.0,-1
2026-01-01,2026-01-01 13:00:00,862.0,862.0,860.5,860.5,-0.17,2345.0,2015889.0,-1
2026-01-01,2026-01-01 14:00:00,860.5,860.5,859.0,859.0,-0.17,2345.0,2015889.0,-1
2026-01-01,2026-01-01 15:00:00,859.0,870.0,848.0,859.0,0.0,2345.0,2015889.0,0
2026-01-04,2026-01-04 11:00:00,869.0,869.0,860.55,865.5,-0.4,842.4,721703.04,-1
2026-01-04,2026-01-04 12:00:00,865.5,865.5,862.0,862.0,-0.4,842.4,721703.04,-1
2026-01-04,2026-01-04 13:00:00,862.0,862.0,858.5,858.5,-0.41,842.4,721703.04,-1
2026-01-04,2026-01-04 14:00:00,858.5,858.5,855.0,855.0,-0.41,842.4,721703.04,-1
2026-01-04,2026-01-04 15:00:00,855.0,869.0,852.1,855.0,0.0,842.4,721703.04,0
2026-01-05,2026-01-05 11:00:00,850.0,859.6,850.0,852.5,0.29,2638.6,2276471.06,1
2026-01-05,2026-01-05 12:00:00,852.5,855.0,852.5,855.0,0.29,2638.6,2276471.06,1
2026-01-05,2026-01-05 13:00:00,855.0,857.5,855.0,857.5,0.29,2638.6,2276471.06,1
2026-01-05,2026-01-05 14:00:00,857.5,860.0,857.5,860.0,0.29,2638.6,2276471.06,1
2026-01-05,2026-01-05 15:00:00,860.0,869.2,850.0,860.0,0.0,2638.6,2276471.06,0
2026-01-06,2026-01-06 11:00:00,877.0,877.0,868.5,873.75,-0.37,1754.8,1518033.88,-1
2026-01-06,2026-01-06 12:00:00,873.75,873.75,870.5,870.5,-0.37,1754.8,1518033.88,-1
2026-01-06,2026-01-06 13:00:00,870.5,870.5,867.25,867.25,-0.37,1754.8,1518033.88,-1
2026-01-06,2026-01-06 14:00:00,867.25,867.25,864.0,864.0,-0.37,1754.8,1518033.88,-1
2026-01-06,2026-01-06 15:00:00,864.0,877.0,860.0,864.0,0.0,1754.8,1518033.88,0
2026-01-07,2026-01-07 11:00:00,881.2,881.2,866.6,873.9,-0.83,2983.8,2555148.5,-1
2026-01-07,2026-01-07 12:00:00,873.9,873.9,866.6,866.6,-0.84,2983.8,2555148.5,-1
2026-01-07,2026-01-07 13:00:00,866.6,866.6,859.3,859.3,-0.84,2983.8,2555148.5,-1
2026-01-07,2026-01-07 14:00:00,859.3,859.3,852.0,852.0,-0.85,2983.8,2555148.5,-1
2026-01-07,2026-01-07 15:00:00,852.0,881.2,852.0,852.0,0.0,2983.8,2555148.5,0
2026-01-08,2026-01-08 11:00:00,856.0,857.85,853.25,855.0,-0.12,1457.6,1244556.7,-1
2026-01-08,2026-01-08 12:00:00,855.0,855.0,854.0,854.0,-0.12,1457.6,1244556.7,-1
2026-01-08,2026-01-08 13:00:00,854.0,854.0,853.0,853.0,-0.12,1457.6,1244556.7,-1
2026-01-08,2026-01-08 14:00:00,853.0,853.0,852.0,852.0,-0.12,1457.6,1244556.7,-1
2026-01-08,2026-01-08 15:00:00,852.0,859.7,850.5,852.0,0.0,1457.6,1244556.7,0
2026-01-12,2026-01-12 11:00:00,869.0,869.0,859.65,864.33,-0.54,3126.4,2664600.72,-1
2026-01-12,2026-01-12 12:00:00,864.33,864.33,859.65,859.65,-0.54,3126.4,2664600.72,-1
2026-01-12,2026-01-12 13:00:00,859.65,859.65,854.97,854.97,-0.54,3126.4,2664600.72,-1
2026-01-12,2026-01-12 14:00:00,854.97,854.97,850.3,850.3,-0.55,3126.4,2664600.72,-1
2026-01-12,2026-01-12 15:00:00,850.3,869.0,850.3,850.3,0.0,3126.4,2664600.72,0
2026-01-13,2026-01-13 11:00:00,850.3,855.15,847.65,850.05,-0.03,4552.0,3874107.64,-1
2026-01-13,2026-01-13 12:00:00,850.05,850.05,849.8,849.8,-0.03,4552.0,3874107.64,-1
2026-01-13,2026-01-13 13:00:00,849.8,849.8,849.55,849.55,-0.03,4552.0,3874107.64,-1
2026-01-13,2026-01-13 14:00:00,849.55,849.55,849.3,849.3,-0.03,4552.0,3874107.64,-1
2026-01-13,2026-01-13 15:00:00,849.3,860.0,845.0,849.3,0.0,4552.0,3874107.64,0
2026-01-14,2026-01-14 11:00:00,849.0,852.0,848.0,849.5,0.06,3467.6,2946599.12,1
2026-01-14,2026-01-14 12:00:00,849.5,850.0,849.5,850.0,0.06,3467.6,2946599.12,1
2026-01-14,2026-01-14 13:00:00,850.0,850.5,850.0,850.5,0.06,3467.6,2946599.12,1
2026-01-14,2026-01-14 14:00:00,850.5,851.0,850.5,851.0,0.06,3467.6,2946599.12,1
2026-01-14,2026-01-14 15:00:00,851.0,855.0,847.0,851.0,0.0,3467.6,2946599.12,0
2026-01-18,2026-01-18 11:00:00,851.1,860.55,850.8,855.83,0.56,10174.8,8757422.56,1
2026-01-18,2026-01-18 12:00:00,855.83,860.55,855.83,860.55,0.55,10174.8,8757422.56,1
2026-01-18,2026-01-18 13:00:00,860.55,865.27,860.55,865.27,0.55,10174.8,8757422.56,1
2026-01-18,2026-01-18 14:00:00,865.27,870.0,865.27,870.0,0.55,10174.8,8757422.56,1
2026-01-18,2026-01-18 15:00:00,870.0,870.0,850.5,870.0,0.0,10174.8,8757422.56,0
2026-01-20,2026-01-20 11:00:00,887.4,891.2,879.7,885.8,-0.18,5076.0,4490315.6,-1
2026-01-20,2026-01-20 12:00:00,885.8,885.8,884.2,884.2,-0.18,5076.0,4490315.6,-1
2026-01-20,2026-01-20 13:00:00,884.2,884.2,882.6,882.6,-0.18,5076.0,4490315.6,-1
2026-01-20,2026-01-20 14:00:00,882.6,882.6,881.0,881.0,-0.18,5076.0,4490315.6,-1
2026-01-20,2026-01-20 15:00:00,881.0,895.0,872.0,881.0,0.0,5076.0,4490315.6,0
2026-01-21,2026-01-21 11:00:00,890.0,892.0,880.5,887.23,-0.31,2776.0,2440512.04,-1
2026-01-21,2026-01-21 12:00:00,887.23,887.23,884.45,884.45,-0.31,2776.0,2440512.04,-1
2026-01-21,2026-01-21 13:00:00,884.45,884.45,881.67,881.67,-0.31,2776.0,2440512.04,-1
2026-01-21,2026-01-21 14:00:00,881.67,881.67,878.9,878.9,-0.31,2776.0,2440512.04,-1
2026-01-21,2026-01-21 15:00:00,878.9,894.0,871.0,878.9,0.0,2776.0,2440512.04,0
2026-01-22,2026-01-22 11:00:00,896.4,896.4,883.2,891.67,-0.53,4918.8,4319402.36,-1
2026-01-22,2026-01-22 12:00:00,891.67,891.67,886.95,886.95,-0.53,4918.8,4319402.36,-1
2026-01-22,2026-01-22 13:00:00,886.95,886.95,882.23,882.23,-0.53,4918.8,4319402.36,-1
2026-01-22,2026-01-22 14:00:00,882.23,882.23,877.5,877.5,-0.54,4918.8,4319402.36,-1
2026-01-22,2026-01-22 15:00:00,877.5,896.4,870.0,877.5,0.0,4918.8,4319402.36,0
2026-01-25,2026-01-25 11:00:00,880.0,897.5,880.0,887.38,0.84,9408.0,8456126.6,1
2026-01-25,2026-01-25 12:00:00,887.38,894.75,887.38,894.75,0.83,9408.0,8456126.6,1
2026-01-25,2026-01-25 13:00:00,894.75,902.12,894.75,902.12,0.82,9408.0,8456126.6,1
2026-01-25,2026-01-25 14:00:00,902.12,909.5,902.12,909.5,0.82,9408.0,8456126.6,1
2026-01-25,2026-01-25 15:00:00,909.5,915.0,880.0,909.5,0.0,9408.0,8456126.6,0
2026-01-26,2026-01-26 11:00:00,920.0,920.0,905.55,914.48,-0.6,10466.6,9405548.0,-1
2026-01-26,2026-01-26 12:00:00,914.48,914.48,908.95,908.95,-0.6,10466.6,9405548.0,-1
2026-01-26,2026-01-26 13:00:00,908.95,908.95,903.42,903.42,-0.61,10466.6,9405548.0,-1
2026-01-26,2026-01-26 14:00:00,903.42,903.42,897.9,897.9,-0.61,10466.6,9405548.0,-1
2026-01-26,2026-01-26 15:00:00,897.9,920.0,891.1,897.9,0.0,10466.6,9405548.0,0
2026-01-27,2026-01-27 11:00:00,882.0,906.0,882.0,885.67,0.42,24260.8,22087649.16,1
2026-01-27,2026-01-27 12:00:00,885.67,889.35,885.67,889.35,0.42,24260.8,22087649.16,1
2026-01-27,2026-01-27 13:00:00,889.35,893.03,889.35,893.03,0.41,24260.8,22087649.16,1
2026-01-27,2026-01-27 14:00:00,893.03,896.7,893.03,896.7,0.41,24260.8,22087649.16,1
2026-01-27,2026-01-27 15:00:00,896.7,930.0,882.0,896.7,0.0,24260.8,22087649.16,0
2026-01-28,2026-01-28 11:00:00,900.0,900.5,891.0,899.0,-0.11,6058.4,5385155.74,-1
2026-01-28,2026-01-28 12:00:00,899.0,899.0,898.0,898.0,-0.11,6058.4,5385155.74,-1
2026-01-28,2026-01-28 13:00:00,898.0,898.0,897.0,897.0,-0.11,6058.4,5385155.74,-1
2026-01-28,2026-01-28 14:00:00,897.0,897.0,896.0,896.0,-0.11,6058.4,5385155.74,-1
2026-01-28,2026-01-28 15:00:00,896.0,901.0,882.0,896.0,0.0,6058.4,5385155.74,0
2026-01-29,2026-01-29 11:00:00,913.0,913.0,898.0,905.75,-0.79,6577.6,5856123.06,-1
2026-01-29,2026-01-29 12:00:00,905.75,905.75,898.5,898.5,-0.8,6577.6,5856123.06,-1
2026-01-29,2026-01-29 13:00:00,898.5,898.5,891.25,891.25,-0.81,6577.6,5856123.06,-1
2026-01-29,2026-01-29 14:00:00,891.25,891.25,884.0,884.0,-0.81,6577.6,5856123.06,-1
2026-01-29,2026-01-29 15:00:00,884.0,913.0,883.0,884.0,0.0,6577.6,5856123.06,0
2026-02-01,2026-02-01 11:00:00,870.0,876.0,866.0,869.0,-0.11,7088.6,6172578.88,-1
2026-02-01,2026-02-01 12:00:00,869.0,869.0,868.0,868.0,-0.12,7088.6,6172578.88,-1
2026-02-01,2026-02-01 13:00:00,868.0,868.0,867.0,867.0,-0.12,7088.6,6172578.88,-1
2026-02-01,2026-02-01 14:00:00,867.0,867.0,866.0,866.0,-0.12,7088.6,6172578.88,-1
2026-02-01,2026-02-01 15:00:00,866.0,882.0,862.0,866.0,0.0,7088.6,6172578.88,0
2026-02-02,2026-02-02 11:00:00,866.0,870.5,864.5,866.5,0.06,2274.6,1977038.64,1
2026-02-02,2026-02-02 12:00:00,866.5,867.0,866.5,867.0,0.06,2274.6,1977038.64,1
2026-02-02,2026-02-02 13:00:00,867.0,867.5,867.0,867.5,0.06,2274.6,1977038.64,1
2026-02-02,2026-02-02 14:00:00,867.5,868.0,867.5,868.0,0.06,2274.6,1977038.64,1
2026-02-02,2026-02-02 15:00:00,868.0,875.0,863.0,868.0,0.0,2274.6,1977038.64,0
2026-02-03,2026-02-03 11:00:00,885.0,893.5,874.5,886.5,0.17,9077.2,8047598.28,1
2026-02-03,2026-02-03 12:00:00,886.5,888.0,886.5,888.0,0.17,9077.2,8047598.28,1
2026-02-03,2026-02-03 13:00:00,888.0,889.5,888.0,889.5,0.17,9077.2,8047598.28,1
2026-02-03,2026-02-03 14:00:00,889.5,891.0,889.5,891.0,0.17,9077.2,8047598.28,1
2026-02-03,2026-02-03 15:00:00,891.0,902.0,864.0,891.0,0.0,9077.2,8047598.28,0
2026-02-04,2026-02-04 11:00:00,908.8,908.8,894.4,903.32,-0.6,5504.0,4898781.28,-1
2026-02-04,2026-02-04 12:00:00,903.32,903.32,897.85,897.85,-0.61,5504.0,4898781.28,-1
2026-02-04,2026-02-04 13:00:00,897.85,897.85,892.38,892.38,-0.61,5504.0,4898781.28,-1
2026-02-04,2026-02-04 14:00:00,892.38,892.38,886.9,886.9,-0.61,5504.0,4898781.28,-1
2026-02-04,2026-02-04 15:00:00,886.9,908.8,880.0,886.9,0.0,5504.0,4898781.28,0
2026-02-05,2026-02-05 11:00:00,885.0,890.0,877.5,882.5,-0.28,7933.2,6971666.6,-1
2026-02-05,2026-02-05 12:00:00,882.5,882.5,880.0,880.0,-0.28,7933.2,6971666.6,-1
2026-02-05,2026-02-05 13:00:00,880.0,880.0,877.5,877.5,-0.28,7933.2,6971666.6,-1
2026-02-05,2026-02-05 14:00:00,877.5,877.5,875.0,875.0,-0.28,7933.2,6971666.6,-1
2026-02-05,2026-02-05 15:00:00,875.0,895.0,870.0,875.0,0.0,7933.2,6971666.6,0
2026-02-08,2026-02-08 11:00:00,872.5,879.75,863.75,869.35,-0.36,26662.4,22967141.02,-1
2026-02-08,2026-02-08 12:00:00,869.35,869.35,866.2,866.2,-0.36,26662.4,22967141.02,-1
2026-02-08,2026-02-08 13:00:00,866.2,866.2,863.05,863.05,-0.36,26662.4,22967141.02,-1
2026-02-08,2026-02-08 14:00:00,863.05,863.05,859.9,859.9,-0.36,26662.4,22967141.02,-1
2026-02-08,2026-02-08 15:00:00,859.9,887.0,855.0,859.9,0.0,26662.4,22967141.02,0
2026-02-09,2026-02-09 11:00:00,860.0,864.0,851.5,857.0,-0.35,15072.6,12795247.02,-1
2026-02-09,2026-02-09 12:00:00,857.0,857.0,854.0,854.0,-0.35,15072.6,12795247.02,-1
2026-02-09,2026-02-09 13:00:00,854.0,854.0,851.0,851.0,-0.35,15072.6,12795247.02,-1
2026-02-09,2026-02-09 14:00:00,851.0,851.0,848.0,848.0,-0.35,15072.6,12795247.02,-1
2026-02-09,2026-02-09 15:00:00,848.0,868.0,843.0,848.0,0.0,15072.6,12795247.02,0
2026-02-10,2026-02-10 11:00:00,840.0,845.0,838.0,841.0,0.12,6806.6,5733653.58,1
2026-02-10,2026-02-10 12:00:00,841.0,842.0,841.0,842.0,0.12,6806.6,5733653.58,1
2026-02-10,2026-02-10 13:00:00,842.0,843.0,842.0,843.0,0.12,6806.6,5733653.58,1
2026-02-10,2026-02-10 14:00:00,843.0,844.0,843.0,844.0,0.12,6806.6,5733653.58,1
2026-02-10,2026-02-10 15:00:00,844.0,850.0,836.0,844.0,0.0,6806.6,5733653.58,0
2026-02-11,2026-02-11 11:00:00,848.0,853.45,841.5,845.5,-0.29,5149.0,4319283.36,-1
2026-02-11,2026-02-11 12:00:00,845.5,845.5,843.0,843.0,-0.3,5149.0,4319283.36,-1
2026-02-11,2026-02-11 13:00:00,843.0,843.0,840.5,840.5,-0.3,5149.0,4319283.36,-1
2026-02-11,2026-02-11 14:00:00,840.5,840.5,838.0,838.0,-0.3,5149.0,4319283.36,-1
2026-02-11,2026-02-11 15:00:00,838.0,858.9,835.0,838.0,0.0,5149.0,4319283.36,0
2026-02-12,2026-02-12 11:00:00,836.0,837.0,828.0,833.25,-0.33,18423.6,15191811.02,-1
2026-02-12,2026-02-12 12:00:00,833.25,833.25,830.5,830.5,-0.33,18423.6,15191811.02,-1
2026-02-12,2026-02-12 13:00:00,830.5,830.5,827.75,827.75,-0.33,18423.6,15191811.02,-1
2026-02-12,2026-02-12 14:00:00,827.75,827.75,825.0,825.0,-0.33,18423.6,15191811.02,-1
2026-02-12,2026-02-12 15:00:00,825.0,838.0,820.0,825.0,0.0,18423.6,15191811.02,0
2026-02-16,2026-02-16 11:00:00,830.0,840.0,830.0,831.25,0.15,5731.4,4814712.76,1
2026-02-16,2026-02-16 12:00:00,831.25,832.5,831.25,832.5,0.15,5731.4,4814712.76,1
2026-02-16,2026-02-16 13:00:00,832.5,833.75,832.5,833.75,0.15,5731.4,4814712.76,1
2026-02-16,2026-02-16 14:00:00,833.75,835.0,833.75,835.0,0.15,5731.4,4814712.76,1
2026-02-16,2026-02-16 15:00:00,835.0,850.0,830.0,835.0,0.0,5731.4,4814712.76,0
2026-02-17,2026-02-17 11:00:00,849.0,849.0,831.2,842.02,-0.82,12645.4,10384776.08,-1
2026-02-17,2026-02-17 12:00:00,842.02,842.02,835.05,835.05,-0.83,12645.4,10384776.08,-1
2026-02-17,2026-02-17 13:00:00,835.05,835.05,828.08,828.08,-0.83,12645.4,10384776.08,-1
2026-02-17,2026-02-17 14:00:00,828.08,828.08,821.1,821.1,-0.84,12645.4,10384776.08,-1
2026-02-17,2026-02-17 15:00:00,821.1,849.0,813.4,821.1,0.0,12645.4,10384776.08,0
2026-02-22,2026-02-22 11:00:00,832.8,832.8,821.9,827.97,-0.58,3056.4,2494874.66,-1
2026-02-22,2026-02-22 12:00:00,827.97,827.97,823.15,823.15,-0.58,3056.4,2494874.66,-1
2026-02-22,2026-02-22 13:00:00,823.15,823.15,818.33,818.33,-0.59,3056.4,2494874.66,-1
2026-02-22,2026-02-22 14:00:00,818.33,818.33,813.5,813.5,-0.59,3056.4,2494874.66,-1
2026-02-22,2026-02-22 15:00:00,813.5,832.8,811.0,813.5,0.0,3056.4,2494874.66,0
2026-02-23,2026-02-23 11:00:00,827.5,827.5,818.75,824.38,-0.38,3624.4,2947400.64,-1
2026-02-23,2026-02-23 12:00:00,824.38,824.38,821.25,821.25,-0.38,3624.4,2947400.64,-1
2026-02-23,2026-02-23 13:00:00,821.25,821.25,818.12,818.12,-0.38,3624.4,2947400.64,-1
2026-02-23,2026-02-23 14:00:00,818.12,818.12,815.0,815.0,-0.38,3624.4,2947400.64,-1
2026-02-23,2026-02-23 15:00:00,815.0,827.5,810.0,815.0,0.0,3624.4,2947400.64,0
2026-02-24,2026-02-24 11:00:00,815.0,819.5,809.5,813.9,-0.13,5340.0,4342627.42,-1
2026-02-24,2026-02-24 12:00:00,813.9,813.9,812.8,812.8,-0.14,5340.0,4342627.42,-1
2026-02-24,2026-02-24 13:00:00,812.8,812.8,811.7,811.7,-0.14,5340.0,4342627.42,-1
2026-02-24,2026-02-24 14:00:00,811.7,811.7,810.6,810.6,-0.14,5340.0,4342627.42,-1
2026-02-24,2026-02-24 15:00:00,810.6,824.0,804.0,810.6,0.0,5340.0,4342627.42,0
2026-02-25,2026-02-25 11:00:00,815.1,822.55,815.1,817.6,0.31,2338.0,1924064.94,1
2026-02-25,2026-02-25 12:00:00,817.6,820.1,817.6,820.1,0.31,2338.0,1924064.94,1
2026-02-25,2026-02-25 13:00:00,820.1,822.6,820.1,822.6,0.3,2338.0,1924064.94,1
2026-02-25,2026-02-25 14:00:00,822.6,825.1,822.6,825.1,0.3,2338.0,1924064.94,1
2026-02-25,2026-02-25 15:00:00,825.1,830.0,815.1,825.1,0.0,2338.0,1924064.94,0
2026-02-26,2026-02-26 11:00:00,820.0,825.0,818.8,821.5,0.18,1277.4,1054373.18,1
2026-02-26,2026-02-26 12:00:00,821.5,823.0,821.5,823.0,0.18,1277.4,1054373.18,1
2026-02-26,2026-02-26 13:00:00,823.0,824.5,823.0,824.5,0.18,1277.4,1054373.18,1
2026-02-26,2026-02-26 14:00:00,824.5,826.0,824.5,826.0,0.18,1277.4,1054373.18,1
2026-02-26,2026-02-26 15:00:00,826.0,830.0,817.6,826.0,0.0,1277.4,1054373.18,0
2026-03-01,2026-03-01 11:00:00,815.2,821.6,815.2,818.35,0.39,2665.8,2198243.9,1
2026-03-01,2026-03-01 12:00:00,818.35,821.5,818.35,821.5,0.38,2665.8,2198243.9,1
2026-03-01,2026-03-01 13:00:00,821.5,824.65,821.5,824.65,0.38,2665.8,2198243.9,1
2026-03-01,2026-03-01 14:00:00,824.65,827.8,824.65,827.8,0.38,2665.8,2198243.9,1
2026-03-01,2026-03-01 15:00:00,827.8,828.0,815.2,827.8,0.0,2665.8,2198243.9,0
2026-03-03,2026-03-03 11:00:00,843.1,843.1,831.55,841.58,-0.18,2119.8,1769428.26,-1
2026-03-03,2026-03-03 12:00:00,841.58,841.58,840.05,840.05,-0.18,2119.8,1769428.26,-1
2026-03-03,2026-03-03 13:00:00,840.05,840.05,838.52,838.52,-0.18,2119.8,1769428.26,-1
2026-03-03,2026-03-03 14:00:00,838.52,838.52,837.0,837.0,-0.18,2119.8,1769428.26,-1
2026-03-03,2026-03-03 15:00:00,837.0,843.1,820.0,837.0,0.0,2119.8,1769428.26,0
2026-03-09,2026-03-09 11:00:00,853.7,876.85,853.7,865.28,1.36,352.6,304271.46,1
2026-03-09,2026-03-09 12:00:00,865.28,876.85,865.28,876.85,1.34,352.6,304271.46,1
2026-03-09,2026-03-09 13:00:00,876.85,888.42,876.85,888.42,1.32,352.6,304271.46,1
2026-03-09,2026-03-09 14:00:00,888.42,900.0,888.42,900.0,1.3,352.6,304271.46,1
2026-03-09,2026-03-09 15:00:00,900.0,900.0,853.7,900.0,0.0,352.6,304271.46,0
2026-03-10,2026-03-10 11:00:00,918.0,918.0,891.0,907.75,-1.12,17326.8,15234177.68,-1
2026-03-10,2026-03-10 12:00:00,907.75,907.75,897.5,897.5,-1.13,17326.8,15234177.68,-1
2026-03-10,2026-03-10 13:00:00,897.5,897.5,887.25,887.25,-1.14,17326.8,15234177.68,-1
2026-03-10,2026-03-10 14:00:00,887.25,887.25,877.0,877.0,-1.16,17326.8,15234177.68,-1
2026-03-10,2026-03-10 15:00:00,877.0,918.0,864.0,877.0,0.0,17326.8,15234177.68,0
2026-03-11,2026-03-11 11:00:00,877.0,882.0,872.0,874.52,-0.28,3682.4,3209052.16,-1
2026-03-11,2026-03-11 12:00:00,874.52,874.52,872.05,872.05,-0.28,3682.4,3209052.16,-1
2026-03-11,2026-03-11 13:00:00,872.05,872.05,869.58,869.58,-0.28,3682.4,3209052.16,-1
2026-03-11,2026-03-11 14:00:00,869.58,869.58,867.1,867.1,-0.29,3682.4,3209052.16,-1
2026-03-11,2026-03-11 15:00:00,867.1,887.0,867.0,867.1,0.0,3682.4,3209052.16,0
2026-03-12,2026-03-12 11:00:00,867.0,874.5,863.5,867.75,0.09,5803.0,5049648.98,1
2026-03-12,2026-03-12 12:00:00,867.75,868.5,867.75,868.5,0.09,5803.0,5049648.98,1
2026-03-12,2026-03-12 13:00:00,868.5,869.25,868.5,869.25,0.09,5803.0,5049648.98,1
2026-03-12,2026-03-12 14:00:00,869.25,870.0,869.25,870.0,0.09,5803.0,5049648.98,1
2026-03-12,2026-03-12 15:00:00,870.0,882.0,860.0,870.0,0.0,5803.0,5049648.98,0
2026-03-15,2026-03-15 11:00:00,873.0,876.0,865.0,869.5,-0.4,7955.4,6875940.76,-1
2026-03-15,2026-03-15 12:00:00,869.5,869.5,866.0,866.0,-0.4,7955.4,6875940.76,-1
2026-03-15,2026-03-15 13:00:00,866.0,866.0,862.5,862.5,-0.4,7955.4,6875940.76,-1
2026-03-15,2026-03-15 14:00:00,862.5,862.5,859.0,859.0,-0.41,7955.4,6875940.76,-1
2026-03-15,2026-03-15 15:00:00,859.0,879.0,857.0,859.0,0.0,7955.4,6875940.76,0
2026-03-16,2026-03-16 11:00:00,859.0,859.5,854.5,857.73,-0.15,4422.0,3772671.68,-1
2026-03-16,2026-03-16 12:00:00,857.73,857.73,856.45,856.45,-0.15,4422.0,3772671.68,-1
2026-03-16,2026-03-16 13:00:00,856.45,856.45,855.17,855.17,-0.15,4422.0,3772671.68,-1
2026-03-16,2026-03-16 14:00:00,855.17,855.17,853.9,853.9,-0.15,4422.0,3772671.68,-1
2026-03-16,2026-03-16 15:00:00,853.9,860.0,850.0,853.9,0.0,4422.0,3772671.68,0
2026-03-17,2026-03-17 11:00:00,855.0,855.25,850.0,854.05,-0.11,3327.6,2831444.82,-1
2026-03-17,2026-03-17 12:00:00,854.05,854.05,853.1,853.1,-0.11,3327.6,2831444.82,-1
2026-03-17,2026-03-17 13:00:00,853.1,853.1,852.15,852.15,-0.11,3327.6,2831444.82,-1
2026-03-17,2026-03-17 14:00:00,852.15,852.15,851.2,851.2,-0.11,3327.6,2831444.82,-1
2026-03-17,2026-03-17 15:00:00,851.2,855.5,845.0,851.2,0.0,3327.6,2831444.82,0
2026-03-19,2026-03-19 11:00:00,852.1,863.55,851.7,853.7,0.19,11524.6,9960418.54,1
2026-03-19,2026-03-19 12:00:00,853.7,855.3,853.7,855.3,0.19,11524.6,9960418.54,1
2026-03-19,2026-03-19 13:00:00,855.3,856.9,855.3,856.9,0.19,11524.6,9960418.54,1
2026-03-19,2026-03-19 14:00:00,856.9,858.5,856.9,858.5,0.19,11524.6,9960418.54,1
2026-03-19,2026-03-19 15:00:00,858.5,875.0,851.3,858.5,0.0,11524.6,9960418.54,0
2026-03-22,2026-03-22 11:00:00,862.2,881.6,862.2,871.9,1.13,12093.8,10679409.38,1
2026-03-22,2026-03-22 12:00:00,871.9,881.6,871.9,881.6,1.11,12093.8,10679409.38,1
2026-03-22,2026-03-22 13:00:00,881.6,891.3,881.6,891.3,1.1,12093.8,10679409.38,1
2026-03-22,2026-03-22 14:00:00,891.3,901.0,891.3,901.0,1.09,12093.8,10679409.38,1
2026-03-22,2026-03-22 15:00:00,901.0,901.0,862.2,901.0,0.0,12093.8,10679409.38,0
2026-03-23,2026-03-23 11:00:00,899.0,901.0,891.5,896.25,-0.31,6772.6,6018857.14,-1
2026-03-23,2026-03-23 12:00:00,896.25,896.25,893.5,893.5,-0.31,6772.6,6018857.14,-1
2026-03-23,2026-03-23 13:00:00,893.5,893.5,890.75,890.75,-0.31,6772.6,6018857.14,-1
2026-03-23,2026-03-23 14:00:00,890.75,890.75,888.0,888.0,-0.31,6772.6,6018857.14,-1
2026-03-23,2026-03-23 15:00:00,888.0,903.0,884.0,888.0,0.0,6772.6,6018857.14,0
2026-03-24,2026-03-24 11:00:00,885.0,892.35,882.0,885.5,0.06,7493.4,6636439.1,1
2026-03-24,2026-03-24 12:00:00,885.5,886.0,885.5,886.0,0.06,7493.4,6636439.1,1
2026-03-24,2026-03-24 13:00:00,886.0,886.5,886.0,886.5,0.06,7493.4,6636439.1,1
2026-03-24,2026-03-24 14:00:00,886.5,887.0,886.5,887.0,0.06,7493.4,6636439.1,1
2026-03-24,2026-03-24 15:00:00,887.0,899.7,879.0,887.0,0.0,7493.4,6636439.1,0
2026-03-25,2026-03-25 11:00:00,895.0,895.0,885.05,890.02,-0.56,6001.4,5276983.6,-1
2026-03-25,2026-03-25 12:00:00,890.02,890.02,885.05,885.05,-0.56,6001.4,5276983.6,-1
2026-03-25,2026-03-25 13:00:00,885.05,885.05,880.08,880.08,-0.56,6001.4,5276983.6,-1
2026-03-25,2026-03-25 14:00:00,880.08,880.08,875.1,875.1,-0.57,6001.4,5276983.6,-1
2026-03-25,2026-03-25 15:00:00,875.1,895.0,875.1,875.1,0.0,6001.4,5276983.6,0
2026-03-26,2026-03-26 11:00:00,875.0,877.5,873.55,875.62,0.07,2330.2,2040212.54,1
2026-03-26,2026-03-26 12:00:00,875.62,876.25,875.62,876.25,0.07,2330.2,2040212.54,1
2026-03-26,2026-03-26 13:00:00,876.25,876.88,876.25,876.88,0.07,2330.2,2040212.54,1
2026-03-26,2026-03-26 14:00:00,876.88,877.5,876.88,877.5,0.07,2330.2,2040212.54,1
2026-03-26,2026-03-26 15:00:00,877.5,880.0,872.1,877.5,0.0,2330.2,2040212.54,0
2026-03-29,2026-03-29 11:00:00,868.1,873.1,859.05,865.08,-0.35,6168.8,5315338.26,-1
2026-03-29,2026-03-29 12:00:00,865.08,865.08,862.05,862.05,-0.35,6168.8,5315338.26,-1
2026-03-29,2026-03-29 13:00:00,862.05,862.05,859.02,859.02,-0.35,6168.8,5315338.26,-1
2026-03-29,2026-03-29 14:00:00,859.02,859.02,856.0,856.0,-0.35,6168.8,5315338.26,-1
2026-03-29,2026-03-29 15:00:00,856.0,878.1,850.0,856.0,0.0,6168.8,5315338.26,0
2026-03-30,2026-03-30 11:00:00,856.0,858.5,848.5,852.27,-0.44,6112.6,5176101.04,-1
2026-03-30,2026-03-30 12:00:00,852.27,852.27,848.55,848.55,-0.44,6112.6,5176101.04,-1
2026-03-30,2026-03-30 13:00:00,848.55,848.55,844.83,844.83,-0.44,6112.6,5176101.04,-1
2026-03-30,2026-03-30 14:00:00,844.83,844.83,841.1,841.1,-0.44,6112.6,5176101.04,-1
2026-03-30,2026-03-30 15:00:00,841.1,861.0,841.0,841.1,0.0,6112.6,5176101.04,0
2026-03-31,2026-03-31 11:00:00,841.0,845.5,835.5,840.75,-0.03,6428.0,5382225.44,-1
2026-03-31,2026-03-31 12:00:00,840.75,840.75,840.5,840.5,-0.03,6428.0,5382225.44,-1
2026-03-31,2026-03-31 13:00:00,840.5,840.5,840.25,840.25,-0.03,6428.0,5382225.44,-1
2026-03-31,2026-03-31 14:00:00,840.25,840.25,840.0,840.0,-0.03,6428.0,5382225.44,-1
2026-03-31,2026-03-31 15:00:00,840.0,850.0,830.0,840.0,0.0,6428.0,5382225.44,0
2026-04-01,2026-04-01 11:00:00,840.0,848.0,828.05,835.02,-0.59,11436.0,9448390.1,-1
2026-04-01,2026-04-01 12:00:00,835.02,835.02,830.05,830.05,-0.6,11436.0,9448390.1,-1
2026-04-01,2026-04-01 13:00:00,830.05,830.05,825.08,825.08,-0.6,11436.0,9448390.1,-1
2026-04-01,2026-04-01 14:00:00,825.08,825.08,820.1,820.1,-0.6,11436.0,9448390.1,-1
2026-04-01,2026-04-01 15:00:00,820.1,856.0,816.1,820.1,0.0,11436.0,9448390.1,0
2026-04-02,2026-04-02 11:00:00,815.0,822.5,810.55,817.25,0.28,3622.2,2978400.88,1
2026-04-02,2026-04-02 12:00:00,817.25,819.5,817.25,819.5,0.28,3622.2,2978400.88,1
2026-04-02,2026-04-02 13:00:00,819.5,821.75,819.5,821.75,0.27,3622.2,2978400.88,1
2026-04-02,2026-04-02 14:00:00,821.75,824.0,821.75,824.0,0.27,3622.2,2978400.88,1
2026-04-02,2026-04-02 15:00:00,824.0,830.0,806.1,824.0,0.0,3622.2,2978400.88,0
2026-04-05,2026-04-05 11:00:00,815.2,817.6,811.15,813.65,-0.19,8933.8,7255466.42,-1
2026-04-05,2026-04-05 12:00:00,813.65,813.65,812.1,812.1,-0.19,8933.8,7255466.42,-1
2026-04-05,2026-04-05 13:00:00,812.1,812.1,810.55,810.55,-0.19,8933.8,7255466.42,-1
2026-04-05,2026-04-05 14:00:00,810.55,810.55,809.0,809.0,-0.19,8933.8,7255466.42,-1
2026-04-05,2026-04-05 15:00:00,809.0,820.0,807.1,809.0,0.0,8933.8,7255466.42,0
2026-04-06,2026-04-06 11:00:00,800.0,816.0,799.0,807.23,0.9,7540.8,6164368.3,1
2026-04-06,2026-04-06 12:00:00,807.23,814.45,807.23,814.45,0.89,7540.8,6164368.3,1
2026-04-06,2026-04-06 13:00:00,814.45,821.67,814.45,821.67,0.89,7540.8,6164368.3,1
2026-04-06,2026-04-06 14:00:00,821.67,828.9,821.67,828.9,0.88,7540.8,6164368.3,1
2026-04-06,2026-04-06 15:00:00,828.9,832.0,798.0,828.9,0.0,7540.8,6164368.3,0
2026-04-07,2026-04-07 11:00:00,828.9,832.95,822.45,828.17,-0.09,2117.0,1752054.38,-1
2026-04-07,2026-04-07 12:00:00,828.17,828.17,827.45,827.45,-0.09,2117.0,1752054.38,-1
2026-04-07,2026-04-07 13:00:00,827.45,827.45,826.73,826.73,-0.09,2117.0,1752054.38,-1
2026-04-07,2026-04-07 14:00:00,826.73,826.73,826.0,826.0,-0.09,2117.0,1752054.38,-1
2026-04-07,2026-04-07 15:00:00,826.0,837.0,816.0,826.0,0.0,2117.0,1752054.38,0
2026-04-08,2026-04-08 11:00:00,826.0,830.5,823.0,827.23,0.15,4279.8,3544103.76,1
2026-04-08,2026-04-08 12:00:00,827.23,828.45,827.23,828.45,0.15,4279.8,3544103.76,1
2026-04-08,2026-04-08 13:00:00,828.45,829.67,828.45,829.67,0.15,4279.8,3544103.76,1
2026-04-08,2026-04-08 14:00:00,829.67,830.9,829.67,830.9,0.15,4279.8,3544103.76,1
2026-04-08,2026-04-08 15:00:00,830.9,835.0,820.0,830.9,0.0,4279.8,3544103.76,0
2026-04-09,2026-04-09 11:00:00,832.3,838.15,830.65,833.22,0.11,5064.0,4229992.44,1
2026-04-09,2026-04-09 12:00:00,833.22,834.15,833.22,834.15,0.11,5064.0,4229992.44,1
2026-04-09,2026-04-09 13:00:00,834.15,835.08,834.15,835.08,0.11,5064.0,4229992.44,1
2026-04-09,2026-04-09 14:00:00,835.08,836.0,835.08,836.0,0.11,5064.0,4229992.44,1
2026-04-09,2026-04-09 15:00:00,836.0,844.0,829.0,836.0,0.0,5064.0,4229992.44,0
2026-04-10,2026-04-10 11:00:00,825.0,830.0,825.0,825.25,0.03,4917.4,4077515.22,1
2026-04-10,2026-04-10 12:00:00,825.25,825.5,825.25,825.5,0.03,4917.4,4077515.22,1
2026-04-10,2026-04-10 13:00:00,825.5,825.75,825.5,825.75,0.03,4917.4,4077515.22,1
2026-04-10,2026-04-10 14:00:00,825.75,826.0,825.75,826.0,0.03,4917.4,4077515.22,1
2026-04-10,2026-04-10 15:00:00,826.0,835.0,825.0,826.0,0.0,4917.4,4077515.22,0
2026-04-13,2026-04-13 11:00:00,830.0,832.5,826.15,829.25,-0.09,2147.8,1776956.58,-1
2026-04-13,2026-04-13 12:00:00,829.25,829.25,828.5,828.5,-0.09,2147.8,1776956.58,-1
2026-04-13,2026-04-13 13:00:00,828.5,828.5,827.75,827.75,-0.09,2147.8,1776956.58,-1
2026-04-13,2026-04-13 14:00:00,827.75,827.75,827.0,827.0,-0.09,2147.8,1776956.58,-1
2026-04-13,2026-04-13 15:00:00,827.0,835.0,822.3,827.0,0.0,2147.8,1776956.58,0
2026-04-15,2026-04-15 11:00:00,820.0,830.4,820.0,824.0,0.49,3619.6,3024356.1,1
2026-04-15,2026-04-15 12:00:00,824.0,828.0,824.0,828.0,0.49,3619.6,3024356.1,1
2026-04-15,2026-04-15 13:00:00,828.0,832.0,828.0,832.0,0.48,3619.6,3024356.1,1
2026-04-15,2026-04-15 14:00:00,832.0,836.0,832.0,836.0,0.48,3619.6,3024356.1,1
2026-04-15,2026-04-15 15:00:00,836.0,840.8,820.0,836.0,0.0,3619.6,3024356.1,0
2026-04-16,2026-04-16 11:00:00,830.0,832.5,826.0,828.75,-0.15,2447.2,2021347.2,-1
2026-04-16,2026-04-16 12:00:00,828.75,828.75,827.5,827.5,-0.15,2447.2,2021347.2,-1
2026-04-16,2026-04-16 13:00:00,827.5,827.5,826.25,826.25,-0.15,2447.2,2021347.2,-1
2026-04-16,2026-04-16 14:00:00,826.25,826.25,825.0,825.0,-0.15,2447.2,2021347.2,-1
2026-04-16,2026-04-16 15:00:00,825.0,835.0,822.0,825.0,0.0,2447.2,2021347.2,0
2026-04-17,2026-04-17 11:00:00,825.0,826.5,823.5,825.25,0.03,1638.0,1350025.04,1
2026-04-17,2026-04-17 12:00:00,825.25,825.5,825.25,825.5,0.03,1638.0,1350025.04,1
2026-04-17,2026-04-17 13:00:00,825.5,825.75,825.5,825.75,0.03,1638.0,1350025.04,1
2026-04-17,2026-04-17 14:00:00,825.75,826.0,825.75,826.0,0.03,1638.0,1350025.04,1
2026-04-17,2026-04-17 15:00:00,826.0,828.0,822.0,826.0,0.0,1638.0,1350025.04,0
2026-04-20,2026-04-20 11:00:00,820.0,823.45,818.2,819.75,-0.03,1610.0,1320521.0,-1
2026-04-20,2026-04-20 12:00:00,819.75,819.75,819.5,819.5,-0.03,1610.0,1320521.0,-1
2026-04-20,2026-04-20 13:00:00,819.5,819.5,819.25,819.25,-0.03,1610.0,1320521.0,-1
2026-04-20,2026-04-20 14:00:00,819.25,819.25,819.0,819.0,-0.03,1610.0,1320521.0,-1
2026-04-20,2026-04-20 15:00:00,819.0,826.9,816.4,819.0,0.0,1610.0,1320521.0,0
2026-04-21,2026-04-21 11:00:00,810.0,817.5,810.0,812.5,0.31,2537.2,2077483.18,1
2026-04-21,2026-04-21 12:00:00,812.5,815.0,812.5,815.0,0.31,2537.2,2077483.18,1
2026-04-21,2026-04-21 13:00:00,815.0,817.5,815.0,817.5,0.31,2537.2,2077483.18,1
2026-04-21,2026-04-21 14:00:00,817.5,820.0,817.5,820.0,0.31,2537.2,2077483.18,1
2026-04-21,2026-04-21 15:00:00,820.0,825.0,810.0,820.0,0.0,2537.2,2077483.18,0
2026-04-22,2026-04-22 11:00:00,815.0,819.5,814.5,816.25,0.15,2819.6,2299835.46,1
2026-04-22,2026-04-22 12:00:00,816.25,817.5,816.25,817.5,0.15,2819.6,2299835.46,1
2026-04-22,2026-04-22 13:00:00,817.5,818.75,817.5,818.75,0.15,2819.6,2299835.46,1
2026-04-22,2026-04-22 14:00:00,818.75,820.0,818.75,820.0,0.15,2819.6,2299835.46,1
2026-04-22,2026-04-22 15:00:00,820.0,824.0,814.0,820.0,0.0,2819.6,2299835.46,0
2026-04-23,2026-04-23 11:00:00,820.0,822.5,817.5,819.0,-0.12,1657.0,1353835.28,-1
2026-04-23,2026-04-23 12:00:00,819.0,819.0,818.0,818.0,-0.12,1657.0,1353835.28,-1
2026-04-23,2026-04-23 13:00:00,818.0,818.0,817.0,817.0,-0.12,1657.0,1353835.28,-1
2026-04-23,2026-04-23 14:00:00,817.0,817.0,816.0,816.0,-0.12,1657.0,1353835.28,-1
2026-04-23,2026-04-23 15:00:00,816.0,825.0,815.0,816.0,0.0,1657.0,1353835.28,0
2026-04-24,2026-04-24 11:00:00,810.0,813.5,810.0,810.75,0.09,860.6,699978.06,1
2026-04-24,2026-04-24 12:00:00,810.75,811.5,810.75,811.5,0.09,860.6,699978.06,1
2026-04-24,2026-04-24 13:00:00,811.5,812.25,811.5,812.25,0.09,860.6,699978.06,1
2026-04-24,2026-04-24 14:00:00,812.25,813.0,812.25,813.0,0.09,860.6,699978.06,1
2026-04-24,2026-04-24 15:00:00,813.0,817.0,810.0,813.0,0.0,860.6,699978.06,0
2026-04-27,2026-04-27 11:00:00,813.0,816.45,813.0,813.5,0.06,1427.0,1164582.84,1
2026-04-27,2026-04-27 12:00:00,813.5,814.0,813.5,814.0,0.06,1427.0,1164582.84,1
2026-04-27,2026-04-27 13:00:00,814.0,814.5,814.0,814.5,0.06,1427.0,1164582.84,1
2026-04-27,2026-04-27 14:00:00,814.5,815.0,814.5,815.0,0.06,1427.0,1164582.84,1
2026-04-27,2026-04-27 15:00:00,815.0,819.9,815.0,815.0,0.0,1427.0,1164582.84,0
2026-04-28,2026-04-28 11:00:00,815.0,822.5,813.5,814.25,-0.09,1837.0,1496448.12,-1
2026-04-28,2026-04-28 12:00:00,814.25,814.25,813.5,813.5,-0.09,1837.0,1496448.12,-1
2026-04-28,2026-04-28 13:00:00,813.5,813.5,812.75,812.75,-0.09,1837.0,1496448.12,-1
2026-04-28,2026-04-28 14:00:00,812.75,812.75,812.0,812.0,-0.09,1837.0,1496448.12,-1
2026-04-28,2026-04-28 15:00:00,812.0,830.0,812.0,812.0,0.0,1837.0,1496448.12,0
2026-04-29,2026-04-29 11:00:00,812.0,813.5,808.5,811.25,-0.09,2831.0,2285312.6,-1
2026-04-29,2026-04-29 12:00:00,811.25,811.25,810.5,810.5,-0.09,2831.0,2285312.6,-1
2026-04-29,2026-04-29 13:00:00,810.5,810.5,809.75,809.75,-0.09,2831.0,2285312.6,-1
2026-04-29,2026-04-29 14:00:00,809.75,809.75,809.0,809.0,-0.09,2831.0,2285312.6,-1
2026-04-29,2026-04-29 15:00:00,809.0,815.0,805.0,809.0,0.0,2831.0,2285312.6,0
2026-04-30,2026-04-30 11:00:00,809.0,810.45,805.5,808.62,-0.05,1372.2,1107344.08,-1
2026-04-30,2026-04-30 12:00:00,808.62,808.62,808.25,808.25,-0.05,1372.2,1107344.08,-1
2026-04-30,2026-04-30 13:00:00,808.25,808.25,807.88,807.88,-0.05,1372.2,1107344.08,-1
2026-04-30,2026-04-30 14:00:00,807.88,807.88,807.5,807.5,-0.05,1372.2,1107344.08,-1
2026-04-30,2026-04-30 15:00:00,807.5,811.9,802.0,807.5,0.0,1372.2,1107344.08,0
2026-05-04,2026-05-04 11:00:00,802.1,809.55,802.1,802.85,0.09,2335.6,1883100.52,1
2026-05-04,2026-05-04 12:00:00,802.85,803.6,802.85,803.6,0.09,2335.6,1883100.52,1
2026-05-04,2026-05-04 13:00:00,803.6,804.35,803.6,804.35,0.09,2335.6,1883100.52,1
2026-05-04,2026-05-04 14:00:00,804.35,805.1,804.35,805.1,0.09,2335.6,1883100.52,1
2026-05-04,2026-05-04 15:00:00,805.1,817.0,802.1,805.1,0.0,2335.6,1883100.52,0
2026-05-05,2026-05-05 11:00:00,802.5,805.75,801.3,802.62,0.01,1837.2,1477601.0,1
2026-05-05,2026-05-05 12:00:00,802.62,802.75,802.62,802.75,0.02,1837.2,1477601.0,1
2026-05-05,2026-05-05 13:00:00,802.75,802.88,802.75,802.88,0.02,1837.2,1477601.0,1
2026-05-05,2026-05-05 14:00:00,802.88,803.0,802.88,803.0,0.01,1837.2,1477601.0,1
2026-05-05,2026-05-05 15:00:00,803.0,809.0,800.1,803.0,0.0,1837.2,1477601.0,0
2026-05-06,2026-05-06 11:00:00,801.2,807.6,801.2,801.4,0.02,1211.6,972876.08,1
2026-05-06,2026-05-06 12:00:00,801.4,801.6,801.4,801.6,0.02,1211.6,972876.08,1
2026-05-06,2026-05-06 13:00:00,801.6,801.8,801.6,801.8,0.02,1211.6,972876.08,1
2026-05-06,2026-05-06 14:00:00,801.8,802.0,801.8,802.0,0.02,1211.6,972876.08,1
2026-05-06,2026-05-06 15:00:00,802.0,814.0,801.2,802.0,0.0,1211.6,972876.08,0
2026-05-07,2026-05-07 11:00:00,802.3,806.15,801.15,802.57,0.03,959.8,770152.42,1
2026-05-07,2026-05-07 12:00:00,802.57,802.85,802.57,802.85,0.03,959.8,770152.42,1
2026-05-07,2026-05-07 13:00:00,802.85,803.12,802.85,803.12,0.03,959.8,770152.42,1
2026-05-07,2026-05-07 14:00:00,803.12,803.4,803.12,803.4,0.03,959.8,770152.42,1
2026-05-07,2026-05-07 15:00:00,803.4,810.0,800.0,803.4,0.0,959.8,770152.42,0
2026-05-08,2026-05-08 11:00:00,801.0,804.5,801.0,801.5,0.06,2842.2,2285690.22,1
2026-05-08,2026-05-08 12:00:00,801.5,802.0,801.5,802.0,0.06,2842.2,2285690.22,1
2026-05-08,2026-05-08 13:00:00,802.0,802.5,802.0,802.5,0.06,2842.2,2285690.22,1
2026-05-08,2026-05-08 14:00:00,802.5,803.0,802.5,803.0,0.06,2842.2,2285690.22,1
2026-05-08,2026-05-08 15:00:00,803.0,808.0,801.0,803.0,0.0,2842.2,2285690.22,0
2026-05-11,2026-05-11 11:00:00,805.0,812.5,805.0,807.05,0.25,2094.2,1696756.98,1
2026-05-11,2026-05-11 12:00:00,807.05,809.1,807.05,809.1,0.25,2094.2,1696756.98,1
2026-05-11,2026-05-11 13:00:00,809.1,811.15,809.1,811.15,0.25,2094.2,1696756.98,1
2026-05-11,2026-05-11 14:00:00,811.15,813.2,811.15,813.2,0.25,2094.2,1696756.98,1
2026-05-11,2026-05-11 15:00:00,813.2,820.0,805.0,813.2,0.0,2094.2,1696756.98,0
2026-05-12,2026-05-12 11:00:00,815.0,815.05,809.0,812.25,-0.34,1982.0,1602504.78,-1
2026-05-12,2026-05-12 12:00:00,812.25,812.25,809.5,809.5,-0.34,1982.0,1602504.78,-1
2026-05-12,2026-05-12 13:00:00,809.5,809.5,806.75,806.75,-0.34,1982.0,1602504.78,-1
2026-05-12,2026-05-12 14:00:00,806.75,806.75,804.0,804.0,-0.34,1982.0,1602504.78,-1
2026-05-12,2026-05-12 15:00:00,804.0,815.1,803.0,804.0,0.0,1982.0,1602504.78,0
2026-05-13,2026-05-13 11:00:00,805.0,805.5,803.65,804.48,-0.06,1409.8,1133352.38,-1
2026-05-13,2026-05-13 12:00:00,804.48,804.48,803.95,803.95,-0.07,1409.8,1133352.38,-1
2026-05-13,2026-05-13 13:00:00,803.95,803.95,803.42,803.42,-0.07,1409.8,1133352.38,-1
2026-05-13,2026-05-13 14:00:00,803.42,803.42,802.9,802.9,-0.06,1409.8,1133352.38,-1
2026-05-13,2026-05-13 15:00:00,802.9,806.0,802.3,802.9,0.0,1409.8,1133352.38,0
2026-05-14,2026-05-14 11:00:00,802.9,803.45,799.5,801.98,-0.11,2418.6,1935457.32,-1
2026-05-14,2026-05-14 12:00:00,801.98,801.98,801.05,801.05,-0.12,2418.6,1935457.32,-1
2026-05-14,2026-05-14 13:00:00,801.05,801.05,800.12,800.12,-0.12,2418.6,1935457.32,-1
2026-05-14,2026-05-14 14:00:00,800.12,800.12,799.2,799.2,-0.11,2418.6,1935457.32,-1
2026-05-14,2026-05-14 15:00:00,799.2,804.0,796.1,799.2,0.0,2418.6,1935457.32,0
2026-05-15,2026-05-15 11:00:00,799.3,800.9,798.65,798.97,-0.04,2581.0,2063752.34,-1
2026-05-15,2026-05-15 12:00:00,798.97,798.97,798.65,798.65,-0.04,2581.0,2063752.34,-1
2026-05-15,2026-05-15 13:00:00,798.65,798.65,798.33,798.33,-0.04,2581.0,2063752.34,-1
2026-05-15,2026-05-15 14:00:00,798.33,798.33,798.0,798.0,-0.04,2581.0,2063752.34,-1
2026-05-15,2026-05-15 15:00:00,798.0,802.5,798.0,798.0,0.0,2581.0,2063752.34,0
2026-05-18,2026-05-18 11:00:00,799.0,803.0,797.65,799.0,0.0,1171.2,935478.98,0
2026-05-18,2026-05-18 12:00:00,799.0,799.0,799.0,799.0,0.0,1171.2,935478.98,0
2026-05-18,2026-05-18 13:00:00,799.0,799.0,799.0,799.0,0.0,1171.2,935478.98,0
2026-05-18,2026-05-18 14:00:00,799.0,799.0,799.0,799.0,0.0,1171.2,935478.98,0
2026-05-18,2026-05-18 15:00:00,799.0,807.0,796.3,799.0,0.0,1171.2,935478.98,0
2026-05-19,2026-05-19 11:00:00,799.0,801.0,798.0,798.6,-0.05,1662.0,1328063.1,-1
2026-05-19,2026-05-19 12:00:00,798.6,798.6,798.2,798.2,-0.05,1662.0,1328063.1,-1
2026-05-19,2026-05-19 13:00:00,798.2,798.2,797.8,797.8,-0.05,1662.0,1328063.1,-1
2026-05-19,2026-05-19 14:00:00,797.8,797.8,797.4,797.4,-0.05,1662.0,1328063.1,-1
2026-05-19,2026-05-19 15:00:00,797.4,803.0,797.0,797.4,0.0,1662.0,1328063.1,0
2026-05-20,2026-05-20 11:00:00,819.0,819.0,807.55,815.2,-0.46,2152.8,1722134.16,-1
2026-05-20,2026-05-20 12:00:00,815.2,815.2,811.4,811.4,-0.47,2152.8,1722134.16,-1
2026-05-20,2026-05-20 13:00:00,811.4,811.4,807.6,807.6,-0.47,2152.8,1722134.16,-1
2026-05-20,2026-05-20 14:00:00,807.6,807.6,803.8,803.8,-0.47,2152.8,1722134.16,-1
2026-05-20,2026-05-20 15:00:00,803.8,819.0,796.1,803.8,0.0,2152.8,1722134.16,0
2026-05-21,2026-05-21 11:00:00,796.0,802.0,796.0,797.95,0.24,1821.8,1457944.06,1
2026-05-21,2026-05-21 12:00:00,797.95,799.9,797.95,799.9,0.24,1821.8,1457944.06,1
2026-05-21,2026-05-21 13:00:00,799.9,801.85,799.9,801.85,0.24,1821.8,1457944.06,1
2026-05-21,2026-05-21 14:00:00,801.85,803.8,801.85,803.8,0.24,1821.8,1457944.06,1
2026-05-21,2026-05-21 15:00:00,803.8,808.0,796.0,803.8,0.0,1821.8,1457944.06,0
2026-05-22,2026-05-22 11:00:00,814.7,814.7,803.5,811.98,-0.33,4362.4,3483215.06,-1
2026-05-22,2026-05-22 12:00:00,811.98,811.98,809.25,809.25,-0.34,4362.4,3483215.06,-1
2026-05-22,2026-05-22 13:00:00,809.25,809.25,806.52,806.52,-0.34,4362.4,3483215.06,-1
2026-05-22,2026-05-22 14:00:00,806.52,806.52,803.8,803.8,-0.34,4362.4,3483215.06,-1
2026-05-22,2026-05-22 15:00:00,803.8,814.7,792.3,803.8,0.0,4362.4,3483215.06,0
2026-05-25,2026-05-25 11:00:00,799.0,806.85,797.0,800.25,0.16,7147.4,5724050.44,1
2026-05-25,2026-05-25 12:00:00,800.25,801.5,800.25,801.5,0.16,7147.4,5724050.44,1
2026-05-25,2026-05-25 13:00:00,801.5,802.75,801.5,802.75,0.16,7147.4,5724050.44,1
2026-05-25,2026-05-25 14:00:00,802.75,804.0,802.75,804.0,0.16,7147.4,5724050.44,1
2026-05-25,2026-05-25 15:00:00,804.0,814.7,795.0,804.0,0.0,7147.4,5724050.44,0
2026-05-26,2026-05-26 11:00:00,800.7,807.95,799.85,801.12,0.05,4813.8,3853230.18,1
2026-05-26,2026-05-26 12:00:00,801.12,801.55,801.12,801.55,0.05,4813.8,3853230.18,1
2026-05-26,2026-05-26 13:00:00,801.55,801.98,801.55,801.98,0.05,4813.8,3853230.18,1
2026-05-26,2026-05-26 14:00:00,801.98,802.4,801.98,802.4,0.05,4813.8,3853230.18,1
2026-05-26,2026-05-26 15:00:00,802.4,815.2,799.0,802.4,0.0,4813.8,3853230.18,0
2026-05-27,2026-05-27 11:00:00,800.0,805.0,797.5,801.23,0.15,3695.6,2945796.38,1
2026-05-27,2026-05-27 12:00:00,801.23,802.45,801.23,802.45,0.15,3695.6,2945796.38,1
2026-05-27,2026-05-27 13:00:00,802.45,803.67,802.45,803.67,0.15,3695.6,2945796.38,1
2026-05-27,2026-05-27 14:00:00,803.67,804.9,803.67,804.9,0.15,3695.6,2945796.38,1
2026-05-27,2026-05-27 15:00:00,804.9,810.0,795.0,804.9,0.0,3695.6,2945796.38,0
2026-06-01,2026-06-01 11:00:00,803.0,804.0,796.5,801.5,-0.19,4472.6,3553922.4,-1
2026-06-01,2026-06-01 12:00:00,801.5,801.5,800.0,800.0,-0.19,4472.6,3553922.4,-1
2026-06-01,2026-06-01 13:00:00,800.0,800.0,798.5,798.5,-0.19,4472.6,3553922.4,-1
2026-06-01,2026-06-01 14:00:00,798.5,798.5,797.0,797.0,-0.19,4472.6,3553922.4,-1
2026-06-01,2026-06-01 15:00:00,797.0,805.0,790.0,797.0,0.0,4472.6,3553922.4,0
2026-06-02,2026-06-02 11:00:00,793.3,798.25,791.15,794.82,0.19,4975.0,3941420.0,1
2026-06-02,2026-06-02 12:00:00,794.82,796.35,794.82,796.35,0.19,4975.0,3941420.0,1
2026-06-02,2026-06-02 13:00:00,796.35,797.88,796.35,797.88,0.19,4975.0,3941420.0,1
2026-06-02,2026-06-02 14:00:00,797.88,799.4,797.88,799.4,0.19,4975.0,3941420.0,1
2026-06-02,2026-06-02 15:00:00,799.4,803.2,789.0,799.4,0.0,4975.0,3941420.0,0
2026-06-03,2026-06-03 11:00:00,790.3,795.65,790.3,791.97,0.21,2684.6,2142014.06,1
2026-06-03,2026-06-03 12:00:00,791.97,793.65,791.97,793.65,0.21,2684.6,2142014.06,1
2026-06-03,2026-06-03 13:00:00,793.65,795.33,793.65,795.33,0.21,2684.6,2142014.06,1
2026-06-03,2026-06-03 14:00:00,795.33,797.0,795.33,797.0,0.21,2684.6,2142014.06,1
2026-06-03,2026-06-03 15:00:00,797.0,801.0,790.3,797.0,0.0,2684.6,2142014.06,0
2026-06-04,2026-06-04 11:00:00,800.9,803.95,795.45,798.45,-0.31,10597.0,8404616.32,-1
2026-06-04,2026-06-04 12:00:00,798.45,798.45,796.0,796.0,-0.31,10597.0,8404616.32,-1
2026-06-04,2026-06-04 13:00:00,796.0,796.0,793.55,793.55,-0.31,10597.0,8404616.32,-1
2026-06-04,2026-06-04 14:00:00,793.55,793.55,791.1,791.1,-0.31,10597.0,8404616.32,-1
2026-06-04,2026-06-04 15:00:00,791.1,807.0,790.0,791.1,0.0,10597.0,8404616.32,0
2026-06-05,2026-06-05 11:00:00,795.0,796.0,792.0,794.25,-0.09,2824.4,2233853.16,-1
2026-06-05,2026-06-05 12:00:00,794.25,794.25,793.5,793.5,-0.09,2824.4,2233853.16,-1
2026-06-05,2026-06-05 13:00:00,793.5,793.5,792.75,792.75,-0.09,2824.4,2233853.16,-1
2026-06-05,2026-06-05 14:00:00,792.75,792.75,792.0,792.0,-0.09,2824.4,2233853.16,-1
2026-06-05,2026-06-05 15:00:00,792.0,797.0,789.0,792.0,0.0,2824.4,2233853.16,0
2026-06-08,2026-06-08 11:00:00,803.0,803.0,795.0,799.75,-0.4,1678.2,1326464.92,-1
2026-06-08,2026-06-08 12:00:00,799.75,799.75,796.5,796.5,-0.41,1678.2,1326464.92,-1
2026-06-08,2026-06-08 13:00:00,796.5,796.5,793.25,793.25,-0.41,1678.2,1326464.92,-1
2026-06-08,2026-06-08 14:00:00,793.25,793.25,790.0,790.0,-0.41,1678.2,1326464.92,-1
2026-06-08,2026-06-08 15:00:00,790.0,803.0,787.0,790.0,0.0,1678.2,1326464.92,0
2026-06-09,2026-06-09 11:00:00,790.0,792.5,785.0,790.0,0.0,3333.2,2614457.32,0
2026-06-09,2026-06-09 12:00:00,790.0,790.0,790.0,790.0,0.0,3333.2,2614457.32,0
2026-06-09,2026-06-09 13:00:00,790.0,790.0,790.0,790.0,0.0,3333.2,2614457.32,0
2026-06-09,2026-06-09 14:00:00,790.0,790.0,790.0,790.0,0.0,3333.2,2614457.32,0
2026-06-09,2026-06-09 15:00:00,790.0,795.0,780.0,790.0,0.0,3333.2,2614457.32,0
2026-06-10,2026-06-10 11:00:00,796.0,796.0,788.0,792.5,-0.44,9611.4,7523893.16,-1
2026-06-10,2026-06-10 12:00:00,792.5,792.5,789.0,789.0,-0.44,9611.4,7523893.16,-1
2026-06-10,2026-06-10 13:00:00,789.0,789.0,785.5,785.5,-0.44,9611.4,7523893.16,-1
2026-06-10,2026-06-10 14:00:00,785.5,785.5,782.0,782.0,-0.45,9611.4,7523893.16,-1
2026-06-10,2026-06-10 15:00:00,782.0,796.0,780.0,782.0,0.0,9611.4,7523893.16,0
2026-06-11,2026-06-11 11:00:00,780.0,787.0,780.0,781.25,0.16,1820.6,1429903.78,1
2026-06-11,2026-06-11 12:00:00,781.25,782.5,781.25,782.5,0.16,1820.6,1429903.78,1
2026-06-11,2026-06-11 13:00:00,782.5,783.75,782.5,783.75,0.16,1820.6,1429903.78,1
2026-06-11,2026-06-11 14:00:00,783.75,785.0,783.75,785.0,0.16,1820.6,1429903.78,1
2026-06-11,2026-06-11 15:00:00,785.0,794.0,780.0,785.0,0.0,1820.6,1429903.78,0
2026-06-12,2026-06-12 11:00:00,780.0,789.45,780.0,781.8,0.23,9881.6,7778796.74,1
2026-06-12,2026-06-12 12:00:00,781.8,783.6,781.8,783.6,0.23,9881.6,7778796.74,1
2026-06-12,2026-06-12 13:00:00,783.6,785.4,783.6,785.4,0.23,9881.6,7778796.74,1
2026-06-12,2026-06-12 14:00:00,785.4,787.2,785.4,787.2,0.23,9881.6,7778796.74,1
2026-06-12,2026-06-12 15:00:00,787.2,798.9,780.0,787.2,0.0,9881.6,7778796.74,0
2026-06-15,2026-06-15 11:00:00,748.0,774.0,748.0,756.77,1.17,1540.0,1212064.72,1
2026-06-15,2026-06-15 12:00:00,756.77,765.55,756.77,765.55,1.16,1540.0,1212064.72,1
2026-06-15,2026-06-15 13:00:00,765.55,774.33,765.55,774.33,1.15,1540.0,1212064.72,1
2026-06-15,2026-06-15 14:00:00,774.33,783.1,774.33,783.1,1.13,1540.0,1212064.72,1
2026-06-15,2026-06-15 15:00:00,783.1,800.0,748.0,783.1,0.0,1540.0,1212064.72,0
2026-06-16,2026-06-16 11:00:00,783.1,786.55,781.3,783.2,0.01,909.4,711859.94,1
2026-06-16,2026-06-16 12:00:00,783.2,783.3,783.2,783.3,0.01,909.4,711859.94,1
2026-06-16,2026-06-16 13:00:00,783.3,783.4,783.3,783.4,0.01,909.4,711859.94,1
2026-06-16,2026-06-16 14:00:00,783.4,783.5,783.4,783.5,0.01,909.4,711859.94,1
2026-06-16,2026-06-16 15:00:00,783.5,790.0,779.5,783.5,0.0,909.4,711859.94,0
2026-06-17,2026-06-17 11:00:00,781.0,785.5,780.5,780.88,-0.02,1976.4,1544257.26,-1
2026-06-17,2026-06-17 12:00:00,780.88,780.88,780.75,780.75,-0.02,1976.4,1544257.26,-1
2026-06-17,2026-06-17 13:00:00,780.75,780.75,780.62,780.62,-0.02,1976.4,1544257.26,-1
2026-06-17,2026-06-17 14:00:00,780.62,780.62,780.5,780.5,-0.02,1976.4,1544257.26,-1
2026-06-17,2026-06-17 15:00:00,780.5,790.0,780.0,780.5,0.0,1976.4,1544257.26,0
2026-06-18,2026-06-18 11:00:00,780.0,786.5,780.0,781.0,0.13,983.2,767730.14,1
2026-06-18,2026-06-18 12:00:00,781.0,782.0,781.0,782.0,0.13,983.2,767730.14,1
2026-06-18,2026-06-18 13:00:00,782.0,783.0,782.0,783.0,0.13,983.2,767730.14,1
2026-06-18,2026-06-18 14:00:00,783.0,784.0,783.0,784.0,0.13,983.2,767730.14,1
2026-06-18,2026-06-18 15:00:00,784.0,793.0,780.0,784.0,0.0,983.2,767730.14,0
2026-06-19,2026-06-19 11:00:00,780.2,783.1,780.1,780.4,0.03,1863.8,1455377.68,1
2026-06-19,2026-06-19 12:00:00,780.4,780.6,780.4,780.6,0.03,1863.8,1455377.68,1
2026-06-19,2026-06-19 13:00:00,780.6,780.8,780.6,780.8,0.03,1863.8,1455377.68,1
2026-06-19,2026-06-19 14:00:00,780.8,781.0,780.8,781.0,0.03,1863.8,1455377.68,1
2026-06-19,2026-06-19 15:00:00,781.0,786.0,780.0,781.0,0.0,1863.8,1455377.68,0
2026-06-22,2026-06-22 11:00:00,795.0,795.0,787.0,791.25,-0.47,2404.0,1878774.64,-1
2026-06-22,2026-06-22 12:00:00,791.25,791.25,787.5,787.5,-0.47,2404.0,1878774.64,-1
2026-06-22,2026-06-22 13:00:00,787.5,787.5,783.75,783.75,-0.48,2404.0,1878774.64,-1
2026-06-22,2026-06-22 14:00:00,783.75,783.75,780.0,780.0,-0.48,2404.0,1878774.64,-1
2026-06-22,2026-06-22 15:00:00,780.0,795.0,779.0,780.0,0.0,2404.0,1878774.64,0
2026-06-23,2026-06-23 11:00:00,780.0,781.0,775.1,777.55,-0.31,4017.0,3124793.44,-1
2026-06-23,2026-06-23 12:00:00,777.55,777.55,775.1,775.1,-0.32,4017.0,3124793.44,-1
2026-06-23,2026-06-23 13:00:00,775.1,775.1,772.65,772.65,-0.32,4017.0,3124793.44,-1
2026-06-23,2026-06-23 14:00:00,772.65,772.65,770.2,770.2,-0.32,4017.0,3124793.44,-1
2026-06-23,2026-06-23 15:00:00,770.2,782.0,770.2,770.2,0.0,4017.0,3124793.44,0
2026-06-24,2026-06-24 11:00:00,770.2,775.1,766.6,768.68,-0.2,4500.8,3459741.12,-1
2026-06-24,2026-06-24 12:00:00,768.68,768.68,767.15,767.15,-0.2,4500.8,3459741.12,-1
2026-06-24,2026-06-24 13:00:00,767.15,767.15,765.62,765.62,-0.2,4500.8,3459741.12,-1
2026-06-24,2026-06-24 14:00:00,765.62,765.62,764.1,764.1,-0.2,4500.8,3459741.12,-1
2026-06-24,2026-06-24 15:00:00,764.1,780.0,763.0,764.1,0.0,4500.8,3459741.12,0
2026-06-25,2026-06-25 11:00:00,765.0,770.0,764.55,766.25,0.16,3778.6,2911268.62,1
2026-06-25,2026-06-25 12:00:00,766.25,767.5,766.25,767.5,0.16,3778.6,2911268.62,1
2026-06-25,2026-06-25 13:00:00,767.5,768.75,767.5,768.75,0.16,3778.6,2911268.62,1
2026-06-25,2026-06-25 14:00:00,768.75,770.0,768.75,770.0,0.16,3778.6,2911268.62,1
2026-06-25,2026-06-25 15:00:00,770.0,775.0,764.1,770.0,0.0,3778.6,2911268.62,0
2026-06-26,2026-06-26 11:00:00,770.0,770.0,767.0,768.5,-0.19,1323.4,1013478.82,-1
2026-06-26,2026-06-26 12:00:00,768.5,768.5,767.0,767.0,-0.2,1323.4,1013478.82,-1
2026-06-26,2026-06-26 13:00:00,767.0,767.0,765.5,765.5,-0.2,1323.4,1013478.82,-1
2026-06-26,2026-06-26 14:00:00,765.5,765.5,764.0,764.0,-0.2,1323.4,1013478.82,-1
2026-06-26,2026-06-26 15:00:00,764.0,770.0,764.0,764.0,0.0,1323.4,1013478.82,0
2026-06-29,2026-06-29 11:00:00,775.0,775.0,768.55,773.25,-0.23,4288.8,3283044.62,-1
2026-06-29,2026-06-29 12:00:00,773.25,773.25,771.5,771.5,-0.23,4288.8,3283044.62,-1
2026-06-29,2026-06-29 13:00:00,771.5,771.5,769.75,769.75,-0.23,4288.8,3283044.62,-1
2026-06-29,2026-06-29 14:00:00,769.75,769.75,768.0,768.0,-0.23,4288.8,3283044.62,-1
2026-06-29,2026-06-29 15:00:00,768.0,775.0,762.1,768.0,0.0,4288.8,3283044.62,0
2026-06-30,2026-06-30 11:00:00,765.0,767.5,763.0,764.75,-0.03,1423.6,1090505.98,-1
2026-06-30,2026-06-30 12:00:00,764.75,764.75,764.5,764.5,-0.03,1423.6,1090505.98,-1
2026-06-30,2026-06-30 13:00:00,764.5,764.5,764.25,764.25,-0.03,1423.6,1090505.98,-1
2026-06-30,2026-06-30 14:00:00,764.25,764.25,764.0,764.0,-0.03,1423.6,1090505.98,-1
2026-06-30,2026-06-30 15:00:00,764.0,770.0,761.0,764.0,0.0,1423.6,1090505.98,0
2026-07-01,2026-07-01 11:00:00,764.0,769.5,764.0,766.5,0.33,7433.2,5715631.66,1
2026-07-01,2026-07-01 12:00:00,766.5,769.0,766.5,769.0,0.33,7433.2,5715631.66,1
2026-07-01,2026-07-01 13:00:00,769.0,771.5,769.0,771.5,0.33,7433.2,5715631.66,1
2026-07-01,2026-07-01 14:00:00,771.5,774.0,771.5,774.0,0.32,7433.2,5715631.66,1
2026-07-01,2026-07-01 15:00:00,774.0,775.0,764.0,774.0,0.0,7433.2,5715631.66,0
2026-07-02,2026-07-02 11:00:00,766.0,770.0,765.5,766.6,0.08,3913.0,3012124.3,1
2026-07-02,2026-07-02 12:00:00,766.6,767.2,766.6,767.2,0.08,3913.0,3012124.3,1
2026-07-02,2026-07-02 13:00:00,767.2,767.8,767.2,767.8,0.08,3913.0,3012124.3,1
2026-07-02,2026-07-02 14:00:00,767.8,768.4,767.8,768.4,0.08,3913.0,3012124.3,1
2026-07-02,2026-07-02 15:00:00,768.4,774.0,765.0,768.4,0.0,3913.0,3012124.3,0
2026-07-03,2026-07-03 11:00:00,776.0,777.0,773.0,775.05,-0.12,1407.6,1088444.28,-1
2026-07-03,2026-07-03 12:00:00,775.05,775.05,774.1,774.1,-0.12,1407.6,1088444.28,-1
2026-07-03,2026-07-03 13:00:00,774.1,774.1,773.15,773.15,-0.12,1407.6,1088444.28,-1
2026-07-03,2026-07-03 14:00:00,773.15,773.15,772.2,772.2,-0.12,1407.6,1088444.28,-1
2026-07-03,2026-07-03 15:00:00,772.2,778.0,770.0,772.2,0.0,1407.6,1088444.28,0
2026-07-06,2026-07-06 11:00:00,774.9,774.9,767.5,774.17,-0.09,2363.6,1815829.82,-1
2026-07-06,2026-07-06 12:00:00,774.17,774.17,773.45,773.45,-0.09,2363.6,1815829.82,-1
2026-07-06,2026-07-06 13:00:00,773.45,773.45,772.73,772.73,-0.09,2363.6,1815829.82,-1
2026-07-06,2026-07-06 14:00:00,772.73,772.73,772.0,772.0,-0.09,2363.6,1815829.82,-1
2026-07-06,2026-07-06 15:00:00,772.0,774.9,760.1,772.0,0.0,2363.6,1815829.82,0
2026-07-07,2026-07-07 11:00:00,778.0,780.0,776.45,778.5,0.06,9067.0,7044399.68,1
2026-07-07,2026-07-07 12:00:00,778.5,779.0,778.5,779.0,0.06,9067.0,7044399.68,1
2026-07-07,2026-07-07 13:00:00,779.0,779.5,779.0,779.5,0.06,9067.0,7044399.68,1
2026-07-07,2026-07-07 14:00:00,779.5,780.0,779.5,780.0,0.06,9067.0,7044399.68,1
2026-07-07,2026-07-07 15:00:00,780.0,782.0,774.9,780.0,0.0,9067.0,7044399.68,0
2026-07-08,2026-07-08 11:00:00,776.5,778.25,773.25,776.48,-0.0,783.8,607128.3,-1
2026-07-08,2026-07-08 12:00:00,776.48,776.48,776.45,776.45,-0.0,783.8,607128.3,-1
2026-07-08,2026-07-08 13:00:00,776.45,776.45,776.42,776.42,-0.0,783.8,607128.3,-1
2026-07-08,2026-07-08 14:00:00,776.42,776.42,776.4,776.4,-0.0,783.8,607128.3,-1
2026-07-08,2026-07-08 15:00:00,776.4,780.0,770.0,776.4,0.0,783.8,607128.3,0
2026-07-09,2026-07-09 11:00:00,766.0,770.5,766.0,768.25,0.29,725.6,559744.14,1
2026-07-09,2026-07-09 12:00:00,768.25,770.5,768.25,770.5,0.29,725.6,559744.14,1
2026-07-09,2026-07-09 13:00:00,770.5,772.75,770.5,772.75,0.29,725.6,559744.14,1
2026-07-09,2026-07-09 14:00:00,772.75,775.0,772.75,775.0,0.29,725.6,559744.14,1
2026-07-09,2026-07-09 15:00:00,775.0,775.0,766.0,775.0,0.0,725.6,559744.14,0
2026-07-10,2026-07-10 11:00:00,775.0,778.0,775.0,775.0,0.0,22791.4,17670684.62,0
2026-07-10,2026-07-10 12:00:00,775.0,775.0,775.0,775.0,0.0,22791.4,17670684.62,0
2026-07-10,2026-07-10 13:00:00,775.0,775.0,775.0,775.0,0.0,22791.4,17670684.62,0
2026-07-10,2026-07-10 14:00:00,775.0,775.0,775.0,775.0,0.0,22791.4,17670684.62,0
2026-07-10,2026-07-10 15:00:00,775.0,781.0,775.0,775.0,0.0,22791.4,17670684.62,0
2026-07-13,2026-07-13 11:00:00,778.0,778.0,769.0,773.5,-0.58,2092.2,1604279.8,-1
2026-07-13,2026-07-13 12:00:00,773.5,773.5,769.0,769.0,-0.58,2092.2,1604279.8,-1
2026-07-13,2026-07-13 13:00:00,769.0,769.0,764.5,764.5,-0.59,2092.2,1604279.8,-1
2026-07-13,2026-07-13 14:00:00,764.5,764.5,760.0,760.0,-0.59,2092.2,1604279.8,-1
2026-07-13,2026-07-13 15:00:00,760.0,778.0,760.0,760.0,0.0,2092.2,1604279.8,0
2026-07-14,2026-07-14 11:00:00,751.1,757.55,751.1,754.05,0.39,2797.8,2116467.12,1
2026-07-14,2026-07-14 12:00:00,754.05,757.0,754.05,757.0,0.39,2797.8,2116467.12,1
2026-07-14,2026-07-14 13:00:00,757.0,759.95,757.0,759.95,0.39,2797.8,2116467.12,1
2026-07-14,2026-07-14 14:00:00,759.95,762.9,759.95,762.9,0.39,2797.8,2116467.12,1
2026-07-14,2026-07-14 15:00:00,762.9,764.0,751.1,762.9,0.0,2797.8,2116467.12,0
2026-07-15,2026-07-15 11:00:00,770.0,771.9,764.05,770.0,0.0,13759.2,10565785.58,0
2026-07-15,2026-07-15 12:00:00,770.0,770.0,770.0,770.0,0.0,13759.2,10565785.58,0
2026-07-15,2026-07-15 13:00:00,770.0,770.0,770.0,770.0,0.0,13759.2,10565785.58,0
2026-07-15,2026-07-15 14:00:00,770.0,770.0,770.0,770.0,0.0,13759.2,10565785.58,0
2026-07-15,2026-07-15 15:00:00,770.0,773.8,758.1,770.0,0.0,13759.2,10565785.58,0
2026-07-16,2026-07-16 11:00:00,808.5,808.5,781.85,795.17,-1.65,1334.8,1025963.04,-1
2026-07-16,2026-07-16 12:00:00,795.17,795.17,781.85,781.85,-1.68,1334.8,1025963.04,-1
2026-07-16,2026-07-16 13:00:00,781.85,781.85,768.53,768.53,-1.7,1334.8,1025963.04,-1
2026-07-16,2026-07-16 14:00:00,768.53,768.53,755.2,755.2,-1.73,1334.8,1025963.04,-1
2026-07-16,2026-07-16 15:00:00,755.2,808.5,755.2,755.2,0.0,1334.8,1025963.04,0
2026-07-17,2026-07-17 11:00:00,765.0,774.95,764.5,767.0,0.26,1468.4,1135663.48,1
2026-07-17,2026-07-17 12:00:00,767.0,769.0,767.0,769.0,0.26,1468.4,1135663.48,1
2026-07-17,2026-07-17 13:00:00,769.0,771.0,769.0,771.0,0.26,1468.4,1135663.48,1
2026-07-17,2026-07-17 14:00:00,771.0,773.0,771.0,773.0,0.26,1468.4,1135663.48,1
2026-07-17,2026-07-17 15:00:00,773.0,784.9,764.0,773.0,0.0,1468.4,1135663.48,0
2026-07-20,2026-07-20 11:00:00,772.0,783.0,772.0,775.25,0.42,2359.8,1850739.66,1
2026-07-20,2026-07-20 12:00:00,775.25,778.5,775.25,778.5,0.42,2359.8,1850739.66,1
2026-07-20,2026-07-20 13:00:00,778.5,781.75,778.5,781.75,0.42,2359.8,1850739.66,1
2026-07-20,2026-07-20 14:00:00,781.75,785.0,781.75,785.0,0.42,2359.8,1850739.66,1
2026-07-20,2026-07-20 15:00:00,785.0,794.0,772.0,785.0,0.0,2359.8,1850739.66,0
2026-07-21,2026-07-21 11:00:00,786.0,789.5,784.5,785.3,-0.09,1315.2,1036210.4,-1
2026-07-21,2026-07-21 12:00:00,785.3,785.3,784.6,784.6,-0.09,1315.2,1036210.4,-1
2026-07-21,2026-07-21 13:00:00,784.6,784.6,783.9,783.9,-0.09,1315.2,1036210.4,-1
2026-07-21,2026-07-21 14:00:00,783.9,783.9,783.2,783.2,-0.09,1315.2,1036210.4,-1
2026-07-21,2026-07-21 15:00:00,783.2,793.0,783.0,783.2,0.0,1315.2,1036210.4,0
2026-07-22,2026-07-22 11:00:00,794.8,794.8,785.65,792.35,-0.31,1274.4,995296.14,-1
2026-07-22,2026-07-22 12:00:00,792.35,792.35,789.9,789.9,-0.31,1274.4,995296.14,-1
2026-07-22,2026-07-22 13:00:00,789.9,789.9,787.45,787.45,-0.31,1274.4,995296.14,-1
2026-07-22,2026-07-22 14:00:00,787.45,787.45,785.0,785.0,-0.31,1274.4,995296.14,-1
2026-07-22,2026-07-22 15:00:00,785.0,794.8,776.5,785.0,0.0,1274.4,995296.14,0
2026-07-23,2026-07-23 11:00:00,785.0,788.5,779.0,786.75,0.22,3810.0,2967099.74,1
2026-07-23,2026-07-23 12:00:00,786.75,788.5,786.75,788.5,0.22,3810.0,2967099.74,1
2026-07-23,2026-07-23 13:00:00,788.5,790.25,788.5,790.25,0.22,3810.0,2967099.74,1
2026-07-23,2026-07-23 14:00:00,790.25,792.0,790.25,792.0,0.22,3810.0,2967099.74,1
2026-07-23,2026-07-23 15:00:00,792.0,792.0,773.0,792.0,0.0,3810.0,2967099.74,0
2026-07-24,2026-07-24 11:00:00,793.0,793.0,789.0,791.5,-0.19,1574.6,1238966.2,-1
2026-07-24,2026-07-24 12:00:00,791.5,791.5,790.0,790.0,-0.19,1574.6,1238966.2,-1
2026-07-24,2026-07-24 13:00:00,790.0,790.0,788.5,788.5,-0.19,1574.6,1238966.2,-1
2026-07-24,2026-07-24 14:00:00,788.5,788.5,787.0,787.0,-0.19,1574.6,1238966.2,-1
2026-07-24,2026-07-24 15:00:00,787.0,793.0,785.0,787.0,0.0,1574.6,1238966.2,0
2026-07-27,2026-07-27 11:00:00,785.0,787.0,782.5,784.25,-0.1,12714.0,9925884.6,-1
2026-07-27,2026-07-27 12:00:00,784.25,784.25,783.5,783.5,-0.1,12714.0,9925884.6,-1
2026-07-27,2026-07-27 13:00:00,783.5,783.5,782.75,782.75,-0.1,12714.0,9925884.6,-1
2026-07-27,2026-07-27 14:00:00,782.75,782.75,782.0,782.0,-0.1,12714.0,9925884.6,-1
2026-07-27,2026-07-27 15:00:00,782.0,789.0,780.0,782.0,0.0,12714.0,9925884.6,0
2026-07-28,2026-07-28 11:00:00,782.0,786.0,779.25,783.65,0.21,3839.4,2996289.08,1
2026-07-28,2026-07-28 12:00:00,783.65,785.3,783.65,785.3,0.21,3839.4,2996289.08,1
2026-07-28,2026-07-28 13:00:00,785.3,786.95,785.3,786.95,0.21,3839.4,2996289.08,1
2026-07-28,2026-07-28 14:00:00,786.95,788.6,786.95,788.6,0.21,3839.4,2996289.08,1
2026-07-28,2026-07-28 15:00:00,788.6,790.0,776.5,788.6,0.0,3839.4,2996289.08,0
2026-07-29,2026-07-29 11:00:00,789.0,793.0,788.0,789.25,0.03,2417.0,1908929.74,1
2026-07-29,2026-07-29 12:00:00,789.25,789.5,789.25,789.5,0.03,2417.0,1908929.74,1
2026-07-29,2026-07-29 13:00:00,789.5,789.75,789.5,789.75,0.03,2417.0,1908929.74,1
2026-07-29,2026-07-29 14:00:00,789.75,790.0,789.75,790.0,0.03,2417.0,1908929.74,1
2026-07-29,2026-07-29 15:00:00,790.0,797.0,787.0,790.0,0.0,2417.0,1908929.74,0
2026-07-30,2026-07-30 11:00:00,790.0,790.0,787.5,789.0,-0.13,738.0,580812.54,-1
2026-07-30,2026-07-30 12:00:00,789.0,789.0,788.0,788.0,-0.13,738.0,580812.54,-1
2026-07-30,2026-07-30 13:00:00,788.0,788.0,787.0,787.0,-0.13,738.0,580812.54,-1
2026-07-30,2026-07-30 14:00:00,787.0,787.0,786.0,786.0,-0.13,738.0,580812.54,-1
2026-07-30,2026-07-30 15:00:00,786.0,790.0,785.0,786.0,0.0,738.0,580812.54,0
2026-07-31,2026-07-31 11:00:00,780.0,784.5,778.55,781.0,0.13,1714.2,1338484.24,1
2026-07-31,2026-07-31 12:00:00,781.0,782.0,781.0,782.0,0.13,1714.2,1338484.24,1
2026-07-31,2026-07-31 13:00:00,782.0,783.0,782.0,783.0,0.13,1714.2,1338484.24,1
2026-07-31,2026-07-31 14:00:00,783.0,784.0,783.0,784.0,0.13,1714.2,1338484.24,1
2026-07-31,2026-07-31 15:00:00,784.0,789.0,777.1,784.0,0.0,1714.2,1338484.24,0
2026-08-03,2026-08-03 11:00:00,771.1,781.55,771.1,775.55,0.58,1624.2,1281177.24,1
2026-08-03,2026-08-03 12:00:00,775.55,780.0,775.55,780.0,0.57,1624.2,1281177.24,1
2026-08-03,2026-08-03 13:00:00,780.0,784.45,780.0,784.45,0.57,1624.2,1281177.24,1
2026-08-03,2026-08-03 14:00:00,784.45,788.9,784.45,788.9,0.57,1624.2,1281177.24,1
2026-08-03,2026-08-03 15:00:00,788.9,792.0,771.1,788.9,0.0,1624.2,1281177.24,0
2026-08-04,2026-08-04 11:00:00,780.0,784.5,777.5,780.5,0.06,587.4,458785.86,1
2026-08-04,2026-08-04 12:00:00,780.5,781.0,780.5,781.0,0.06,587.4,458785.86,1
2026-08-04,2026-08-04 13:00:00,781.0,781.5,781.0,781.5,0.06,587.4,458785.86,1
2026-08-04,2026-08-04 14:00:00,781.5,782.0,781.5,782.0,0.06,587.4,458785.86,1
2026-08-04,2026-08-04 15:00:00,782.0,789.0,775.0,782.0,0.0,587.4,458785.86,0
2026-08-05,2026-08-05 11:00:00,782.0,785.45,776.6,781.12,-0.11,1065.0,827036.3,-1
2026-08-05,2026-08-05 12:00:00,781.12,781.12,780.25,780.25,-0.11,1065.0,827036.3,-1
2026-08-05,2026-08-05 13:00:00,780.25,780.25,779.38,779.38,-0.11,1065.0,827036.3,-1
2026-08-05,2026-08-05 14:00:00,779.38,779.38,778.5,778.5,-0.11,1065.0,827036.3,-1
2026-08-05,2026-08-05 15:00:00,778.5,788.9,771.2,778.5,0.0,1065.0,827036.3,0
2026-08-06,2026-08-06 11:00:00,790.0,790.0,784.15,787.08,-0.37,3340.4,2602642.82,-1
2026-08-06,2026-08-06 12:00:00,787.08,787.08,784.15,784.15,-0.37,3340.4,2602642.82,-1
2026-08-06,2026-08-06 13:00:00,784.15,784.15,781.22,781.22,-0.37,3340.4,2602642.82,-1
2026-08-06,2026-08-06 14:00:00,781.22,781.22,778.3,778.3,-0.37,3340.4,2602642.82,-1
2026-08-06,2026-08-06 15:00:00,778.3,790.0,778.3,778.3,0.0,3340.4,2602642.82,0
2026-08-07,2026-08-07 11:00:00,778.0,788.5,778.0,779.77,0.23,12043.6,9467087.66,1
2026-08-07,2026-08-07 12:00:00,779.77,781.55,779.77,781.55,0.23,12043.6,9467087.66,1
2026-08-07,2026-08-07 13:00:00,781.55,783.33,781.55,783.33,0.23,12043.6,9467087.66,1
2026-08-07,2026-08-07 14:00:00,783.33,785.1,783.33,785.1,0.23,12043.6,9467087.66,1
2026-08-07,2026-08-07 15:00:00,785.1,799.0,778.0,785.1,0.0,12043.6,9467087.66,0
2026-08-10,2026-08-10 11:00:00,778.0,781.5,776.5,778.48,0.06,1084.0,842321.6,1
2026-08-10,2026-08-10 12:00:00,778.48,778.95,778.48,778.95,0.06,1084.0,842321.6,1
2026-08-10,2026-08-10 13:00:00,778.95,779.42,778.95,779.42,0.06,1084.0,842321.6,1
2026-08-10,2026-08-10 14:00:00,779.42,779.9,779.42,779.9,0.06,1084.0,842321.6,1
2026-08-10,2026-08-10 15:00:00,779.9,785.0,775.0,779.9,0.0,1084.0,842321.6,0
2026-08-11,2026-08-11 11:00:00,779.9,787.5,777.45,779.0,-0.12,641.4,500187.44,-1
2026-08-11,2026-08-11 12:00:00,779.0,779.0,778.1,778.1,-0.12,641.4,500187.44,-1
2026-08-11,2026-08-11 13:00:00,778.1,778.1,777.2,777.2,-0.12,641.4,500187.44,-1
2026-08-11,2026-08-11 14:00:00,777.2,777.2,776.3,776.3,-0.12,641.4,500187.44,-1
2026-08-11,2026-08-11 15:00:00,776.3,795.1,775.0,776.3,0.0,641.4,500187.44,0
2026-08-12,2026-08-12 11:00:00,775.0,777.5,774.2,775.75,0.1,1250.2,970296.38,1
2026-08-12,2026-08-12 12:00:00,775.75,776.5,775.75,776.5,0.1,1250.2,970296.38,1
2026-08-12,2026-08-12 13:00:00,776.5,777.25,776.5,777.25,0.1,1250.2,970296.38,1
2026-08-12,2026-08-12 14:00:00,777.25,778.0,777.25,778.0,0.1,1250.2,970296.38,1
2026-08-12,2026-08-12 15:00:00,778.0,780.0,773.4,778.0,0.0,1250.2,970296.38,0
2026-08-13,2026-08-13 11:00:00,790.9,790.9,783.45,789.35,-0.2,1031.8,805437.74,-1
2026-08-13,2026-08-13 12:00:00,789.35,789.35,787.8,787.8,-0.2,1031.8,805437.74,-1
2026-08-13,2026-08-13 13:00:00,787.8,787.8,786.25,786.25,-0.2,1031.8,805437.74,-1
2026-08-13,2026-08-13 14:00:00,786.25,786.25,784.7,784.7,-0.2,1031.8,805437.74,-1
2026-08-13,2026-08-13 15:00:00,784.7,790.9,776.0,784.7,0.0,1031.8,805437.74,0
2026-08-14,2026-08-14 11:00:00,778.0,781.5,777.5,777.92,-0.01,1504.0,1170852.9,-1
2026-08-14,2026-08-14 12:00:00,777.92,777.92,777.85,777.85,-0.01,1504.0,1170852.9,-1
2026-08-14,2026-08-14 13:00:00,777.85,777.85,777.78,777.78,-0.01,1504.0,1170852.9,-1
2026-08-14,2026-08-14 14:00:00,777.78,777.78,777.7,777.7,-0.01,1504.0,1170852.9,-1
2026-08-14,2026-08-14 15:00:00,777.7,785.0,777.0,777.7,0.0,1504.0,1170852.9,0
2026-08-17,2026-08-17 11:00:00,777.7,781.85,777.7,778.05,0.05,732.8,571199.58,1
2026-08-17,2026-08-17 12:00:00,778.05,778.4,778.05,778.4,0.04,732.8,571199.58,1
2026-08-17,2026-08-17 13:00:00,778.4,778.75,778.4,778.75,0.04,732.8,571199.58,1
2026-08-17,2026-08-17 14:00:00,778.75,779.1,778.75,779.1,0.04,732.8,571199.58,1
2026-08-17,2026-08-17 15:00:00,779.1,786.0,777.7,779.1,0.0,732.8,571199.58,0
2026-08-18,2026-08-18 11:00:00,775.0,777.0,773.0,774.5,-0.06,1148.6,886686.88,-1
2026-08-18,2026-08-18 12:00:00,774.5,774.5,774.0,774.0,-0.06,1148.6,886686.88,-1
2026-08-18,2026-08-18 13:00:00,774.0,774.0,773.5,773.5,-0.06,1148.6,886686.88,-1
2026-08-18,2026-08-18 14:00:00,773.5,773.5,773.0,773.0,-0.06,1148.6,886686.88,-1
2026-08-18,2026-08-18 15:00:00,773.0,779.0,771.0,773.0,0.0,1148.6,886686.88,0
2026-08-19,2026-08-19 11:00:00,773.0,779.5,769.5,772.25,-0.1,1335.8,1032099.1,-1
2026-08-19,2026-08-19 12:00:00,772.25,772.25,771.5,771.5,-0.1,1335.8,1032099.1,-1
2026-08-19,2026-08-19 13:00:00,771.5,771.5,770.75,770.75,-0.1,1335.8,1032099.1,-1
2026-08-19,2026-08-19 14:00:00,770.75,770.75,770.0,770.0,-0.1,1335.8,1032099.1,-1
2026-08-19,2026-08-19 15:00:00,770.0,786.0,766.0,770.0,0.0,1335.8,1032099.1,0
2026-08-20,2026-08-20 11:00:00,769.0,772.0,768.0,769.5,0.07,878.8,677819.6,1
2026-08-20,2026-08-20 12:00:00,769.5,770.0,769.5,770.0,0.06,878.8,677819.6,1
2026-08-20,2026-08-20 13:00:00,770.0,770.5,770.0,770.5,0.06,878.8,677819.6,1
2026-08-20,2026-08-20 14:00:00,770.5,771.0,770.5,771.0,0.06,878.8,677819.6,1
2026-08-20,2026-08-20 15:00:00,771.0,775.0,767.0,771.0,0.0,878.8,677819.6,0
2026-08-21,2026-08-21 11:00:00,771.5,776.25,771.5,771.7,0.03,3246.2,2527174.4,1
2026-08-21,2026-08-21 12:00:00,771.7,771.9,771.7,771.9,0.03,3246.2,2527174.4,1
2026-08-21,2026-08-21 13:00:00,771.9,772.1,771.9,772.1,0.03,3246.2,2527174.4,1
2026-08-21,2026-08-21 14:00:00,772.1,772.3,772.1,772.3,0.03,3246.2,2527174.4,1
2026-08-21,2026-08-21 15:00:00,772.3,781.0,771.5,772.3,0.0,3246.2,2527174.4,0
2026-08-24,2026-08-24 11:00:00,771.0,775.5,770.05,772.0,0.13,2418.0,1869068.26,1
2026-08-24,2026-08-24 12:00:00,772.0,773.0,772.0,773.0,0.13,2418.0,1869068.26,1
2026-08-24,2026-08-24 13:00:00,773.0,774.0,773.0,774.0,0.13,2418.0,1869068.26,1
2026-08-24,2026-08-24 14:00:00,774.0,775.0,774.0,775.0,0.13,2418.0,1869068.26,1
2026-08-24,2026-08-24 15:00:00,775.0,780.0,769.1,775.0,0.0,2418.0,1869068.26,0
2026-08-25,2026-08-25 12:00:00,770.0,779.0,770.0,775.0,0.0,100526.0,77419721.2,1
2026-08-25,2026-08-25 13:00:00,770.0,779.0,770.0,775.0,0.0,100526.0,77419721.2,1
2026-08-25,2026-08-25 14:00:00,770.0,779.0,770.0,775.0,0.0,100526.0,77419721.2,1
2026-08-26,2026-08-26 13:00:00,770.0,773.0,765.0,770.0,-0.65,14827.0,11388641.2,0
2026-08-27,2026-08-27 20:00:00,761.0,782.0,754.0,770.0,0.0,6632.0,5111073.0,1
2026-08-31,2026-08-31 11:00:00,761.0,765.5,761.0,761.52,0.07,1033.4,791873.7,1
2026-08-31,2026-08-31 12:00:00,761.52,762.05,761.52,762.05,0.07,1033.4,791873.7,1
2026-08-31,2026-08-31 13:00:00,762.05,762.58,762.05,762.58,0.07,1033.4,791873.7,1
2026-08-31,2026-08-31 14:00:00,762.58,763.1,762.58,763.1,0.07,1033.4,791873.7,1
2026-08-31,2026-08-31 15:00:00,763.1,770.0,761.0,763.1,0.0,1033.4,791873.7,0
2026-09-01,2026-09-01 03:00:00,760.0,771.9,760.0,771.9,1.15,7760.0,5925054.0,1
2026-09-02,2026-09-02 14:00:00,771.0,771.0,760.0,768.0,-0.51,8912.0,6796461.3,-1
