published_date,timestamp,open,high,low,close,per_change,traded_quantity,traded_amount,status
2023-06-04,2023-06-04 11:00:00,378.2,393.05,378.2,385.62,1.96,4123.2,1681707.08,1
2023-06-04,2023-06-04 12:00:00,385.62,393.05,385.62,393.05,1.93,4123.2,1681707.08,1
2023-06-04,2023-06-04 13:00:00,393.05,400.47,393.05,400.47,1.89,4123.2,1681707.08,1
2023-06-04,2023-06-04 14:00:00,400.47,407.9,400.47,407.9,1.86,4123.2,1681707.08,1
2023-06-04,2023-06-04 15:00:00,407.9,407.9,378.2,407.9,0.0,4123.2,1681707.08,0
2023-06-05,2023-06-05 11:00:00,416.0,432.0,416.0,417.75,0.42,46394.4,19969156.82,1
2023-06-05,2023-06-05 12:00:00,417.75,419.5,417.75,419.5,0.42,46394.4,19969156.82,1
2023-06-05,2023-06-05 13:00:00,419.5,421.25,419.5,421.25,0.42,46394.4,19969156.82,1
2023-06-05,2023-06-05 14:00:00,421.25,423.0,421.25,423.0,0.42,46394.4,19969156.82,1
2023-06-05,2023-06-05 15:00:00,423.0,448.0,416.0,423.0,0.0,46394.4,19969156.82,0
2023-06-06,2023-06-06 11:00:00,430.0,442.0,424.5,434.75,1.1,29504.8,12882674.46,1
2023-06-06,2023-06-06 12:00:00,434.75,439.5,434.75,439.5,1.09,29504.8,12882674.46,1
2023-06-06,2023-06-06 13:00:00,439.5,444.25,439.5,444.25,1.08,29504.8,12882674.46,1
2023-06-06,2023-06-06 14:00:00,444.25,449.0,444.25,449.0,1.07,29504.8,12882674.46,1
2023-06-06,2023-06-06 15:00:00,449.0,454.0,419.0,449.0,0.0,29504.8,12882674.46,0
2023-06-07,2023-06-07 11:00:00,449.0,457.0,445.5,448.0,-0.22,24938.0,11354231.02,-1
2023-06-07,2023-06-07 12:00:00,448.0,448.0,447.0,447.0,-0.22,24938.0,11354231.02,-1
2023-06-07,2023-06-07 13:00:00,447.0,447.0,446.0,446.0,-0.22,24938.0,11354231.02,-1
2023-06-07,2023-06-07 14:00:00,446.0,446.0,445.0,445.0,-0.22,24938.0,11354231.02,-1
2023-06-07,2023-06-07 15:00:00,445.0,465.0,442.0,445.0,0.0,24938.0,11354231.02,0
2023-06-08,2023-06-08 11:00:00,440.0,460.0,438.05,448.5,1.93,44339.6,20537542.64,1
2023-06-08,2023-06-08 12:00:00,448.5,457.0,448.5,457.0,1.9,44339.6,20537542.64,1
2023-06-08,2023-06-08 13:00:00,457.0,465.5,457.0,465.5,1.86,44339.6,20537542.64,1
2023-06-08,2023-06-08 14:00:00,465.5,474.0,465.5,474.0,1.83,44339.6,20537542.64,1
2023-06-08,2023-06-08 15:00:00,474.0,480.0,436.1,474.0,0.0,44339.6,20537542.64,0
2023-06-11,2023-06-11 11:00:00,474.0,481.9,470.5,476.0,0.42,44953.0,21370126.3,1
2023-06-11,2023-06-11 12:00:00,476.0,478.0,476.0,478.0,0.42,44953.0,21370126.3,1
2023-06-11,2023-06-11 13:00:00,478.0,480.0,478.0,480.0,0.42,44953.0,21370126.3,1
2023-06-11,2023-06-11 14:00:00,480.0,482.0,480.0,482.0,0.42,44953.0,21370126.3,1
2023-06-11,2023-06-11 15:00:00,482.0,489.8,467.0,482.0,0.0,44953.0,21370126.3,0
2023-06-12,2023-06-12 11:00:00,485.0,485.5,476.6,482.98,-0.42,29206.8,13909624.4,-1
2023-06-12,2023-06-12 12:00:00,482.98,482.98,480.95,480.95,-0.42,29206.8,13909624.4,-1
2023-06-12,2023-06-12 13:00:00,480.95,480.95,478.92,478.92,-0.42,29206.8,13909624.4,-1
2023-06-12,2023-06-12 14:00:00,478.92,478.92,476.9,476.9,-0.42,29206.8,13909624.4,-1
2023-06-12,2023-06-12 15:00:00,476.9,486.0,468.2,476.9,0.0,29206.8,13909624.4,0
2023-06-13,2023-06-13 11:00:00,470.2,492.1,470.15,477.6,1.57,65187.4,32535768.72,1
2023-06-13,2023-06-13 12:00:00,477.6,485.0,477.6,485.0,1.55,65187.4,32535768.72,1
2023-06-13,2023-06-13 13:00:00,485.0,492.4,485.0,492.4,1.53,65187.4,32535768.72,1
2023-06-13,2023-06-13 14:00:00,492.4,499.8,492.4,499.8,1.5,65187.4,32535768.72,1
2023-06-13,2023-06-13 15:00:00,499.8,514.0,470.1,499.8,0.0,65187.4,32535768.72,0
2023-06-14,2023-06-14 11:00:00,500.0,506.0,495.0,498.3,-0.34,53117.4,26686381.78,-1
2023-06-14,2023-06-14 12:00:00,498.3,498.3,496.6,496.6,-0.34,53117.4,26686381.78,-1
2023-06-14,2023-06-14 13:00:00,496.6,496.6,494.9,494.9,-0.34,53117.4,26686381.78,-1
2023-06-14,2023-06-14 14:00:00,494.9,494.9,493.2,493.2,-0.34,53117.4,26686381.78,-1
2023-06-14,2023-06-14 15:00:00,493.2,512.0,490.0,493.2,0.0,53117.4,26686381.78,0
2023-06-15,2023-06-15 11:00:00,493.0,506.45,491.0,499.5,1.32,46174.6,23237460.38,1
2023-06-15,2023-06-15 12:00:00,499.5,506.0,499.5,506.0,1.3,46174.6,23237460.38,1
2023-06-15,2023-06-15 13:00:00,506.0,512.5,506.0,512.5,1.28,46174.6,23237460.38,1
2023-06-15,2023-06-15 14:00:00,512.5,519.0,512.5,519.0,1.27,46174.6,23237460.38,1
2023-06-15,2023-06-15 15:00:00,519.0,519.9,489.0,519.0,0.0,46174.6,23237460.38,0
2023-06-18,2023-06-18 11:00:00,529.1,549.55,523.05,539.08,1.89,61992.4,33871755.14,1
2023-06-18,2023-06-18 12:00:00,539.08,549.05,539.08,549.05,1.85,61992.4,33871755.14,1
2023-06-18,2023-06-18 13:00:00,549.05,559.02,549.05,559.02,1.82,61992.4,33871755.14,1
2023-06-18,2023-06-18 14:00:00,559.02,569.0,559.02,569.0,1.79,61992.4,33871755.14,1
2023-06-18,2023-06-18 15:00:00,569.0,570.0,517.0,569.0,0.0,61992.4,33871755.14,0
2023-06-19,2023-06-19 11:00:00,580.2,580.2,562.6,572.65,-1.3,61663.2,34413799.88,-1
2023-06-19,2023-06-19 12:00:00,572.65,572.65,565.1,565.1,-1.32,61663.2,34413799.88,-1
2023-06-19,2023-06-19 13:00:00,565.1,565.1,557.55,557.55,-1.34,61663.2,34413799.88,-1
2023-06-19,2023-06-19 14:00:00,557.55,557.55,550.0,550.0,-1.35,61663.2,34413799.88,-1
2023-06-19,2023-06-19 15:00:00,550.0,580.2,545.0,550.0,0.0,61663.2,34413799.88,0
2023-06-20,2023-06-20 11:00:00,554.0,560.0,544.55,550.5,-0.63,45875.6,25213837.22,-1
2023-06-20,2023-06-20 12:00:00,550.5,550.5,547.0,547.0,-0.64,45875.6,25213837.22,-1
2023-06-20,2023-06-20 13:00:00,547.0,547.0,543.5,543.5,-0.64,45875.6,25213837.22,-1
2023-06-20,2023-06-20 14:00:00,543.5,543.5,540.0,540.0,-0.64,45875.6,25213837.22,-1
2023-06-20,2023-06-20 15:00:00,540.0,566.0,535.1,540.0,0.0,45875.6,25213837.22,0
2023-06-21,2023-06-21 11:00:00,540.0,550.0,536.0,541.75,0.32,46686.0,25634118.5,1
2023-06-21,2023-06-21 12:00:00,541.75,543.5,541.75,543.5,0.32,46686.0,25634118.5,1
2023-06-21,2023-06-21 13:00:00,543.5,545.25,543.5,545.25,0.32,46686.0,25634118.5,1
2023-06-21,2023-06-21 14:00:00,545.25,547.0,545.25,547.0,0.32,46686.0,25634118.5,1
2023-06-21,2023-06-21 15:00:00,547.0,560.0,532.0,547.0,0.0,46686.0,25634118.5,0
2023-06-22,2023-06-22 11:00:00,557.9,561.35,551.25,558.67,0.14,47544.2,26470957.4,1
2023-06-22,2023-06-22 12:00:00,558.67,559.45,558.67,559.45,0.14,47544.2,26470957.4,1
2023-06-22,2023-06-22 13:00:00,559.45,560.23,559.45,560.23,0.14,47544.2,26470957.4,1
2023-06-22,2023-06-22 14:00:00,560.23,561.0,560.23,561.0,0.14,47544.2,26470957.4,1
2023-06-22,2023-06-22 15:00:00,561.0,564.8,544.6,561.0,0.0,47544.2,26470957.4,0
2023-06-25,2023-06-25 11:00:00,572.0,588.55,569.5,578.75,1.18,72612.2,43064054.12,1
2023-06-25,2023-06-25 12:00:00,578.75,585.5,578.75,585.5,1.17,72612.2,43064054.12,1
2023-06-25,2023-06-25 13:00:00,585.5,592.25,585.5,592.25,1.15,72612.2,43064054.12,1
2023-06-25,2023-06-25 14:00:00,592.25,599.0,592.25,599.0,1.14,72612.2,43064054.12,1
2023-06-25,2023-06-25 15:00:00,599.0,605.1,567.0,599.0,0.0,72612.2,43064054.12,0
2023-06-26,2023-06-26 11:00:00,610.0,611.5,597.5,604.25,-0.94,52072.4,30999292.84,-1
2023-06-26,2023-06-26 12:00:00,604.25,604.25,598.5,598.5,-0.95,52072.4,30999292.84,-1
2023-06-26,2023-06-26 13:00:00,598.5,598.5,592.75,592.75,-0.96,52072.4,30999292.84,-1
2023-06-26,2023-06-26 14:00:00,592.75,592.75,587.0,587.0,-0.97,52072.4,30999292.84,-1
2023-06-26,2023-06-26 15:00:00,587.0,613.0,585.0,587.0,0.0,52072.4,30999292.84,0
2023-06-27,2023-06-27 11:00:00,598.0,598.5,589.0,597.0,-0.17,44686.8,26284055.72,-1
2023-06-27,2023-06-27 12:00:00,597.0,597.0,596.0,596.0,-0.17,44686.8,26284055.72,-1
2023-06-27,2023-06-27 13:00:00,596.0,596.0,595.0,595.0,-0.17,44686.8,26284055.72,-1
2023-06-27,2023-06-27 14:00:00,595.0,595.0,594.0,594.0,-0.17,44686.8,26284055.72,-1
2023-06-27,2023-06-27 15:00:00,594.0,599.0,580.0,594.0,0.0,44686.8,26284055.72,0
2023-06-28,2023-06-28 11:00:00,605.8,610.4,594.4,604.1,-0.28,57773.8,34555254.82,-1
2023-06-28,2023-06-28 12:00:00,604.1,604.1,602.4,602.4,-0.28,57773.8,34555254.82,-1
2023-06-28,2023-06-28 13:00:00,602.4,602.4,600.7,600.7,-0.28,57773.8,34555254.82,-1
2023-06-28,2023-06-28 14:00:00,600.7,600.7,599.0,599.0,-0.28,57773.8,34555254.82,-1
2023-06-28,2023-06-28 15:00:00,599.0,615.0,583.0,599.0,0.0,57773.8,34555254.82,0
2023-07-02,2023-07-02 11:00:00,593.0,601.5,590.0,591.75,-0.21,49113.0,29376373.94,-1
2023-07-02,2023-07-02 12:00:00,591.75,591.75,590.5,590.5,-0.21,49113.0,29376373.94,-1
2023-07-02,2023-07-02 13:00:00,590.5,590.5,589.25,589.25,-0.21,49113.0,29376373.94,-1
2023-07-02,2023-07-02 14:00:00,589.25,589.25,588.0,588.0,-0.21,49113.0,29376373.94,-1
2023-07-02,2023-07-02 15:00:00,588.0,610.0,587.0,588.0,0.0,49113.0,29376373.94,0
2023-07-03,2023-07-03 11:00:00,586.0,594.5,583.55,585.25,-0.13,44515.4,26350143.72,-1
2023-07-03,2023-07-03 12:00:00,585.25,585.25,584.5,584.5,-0.13,44515.4,26350143.72,-1
2023-07-03,2023-07-03 13:00:00,584.5,584.5,583.75,583.75,-0.13,44515.4,26350143.72,-1
2023-07-03,2023-07-03 14:00:00,583.75,583.75,583.0,583.0,-0.13,44515.4,26350143.72,-1
2023-07-03,2023-07-03 15:00:00,583.0,603.0,581.1,583.0,0.0,44515.4,26350143.72,0
2023-07-04,2023-07-04 11:00:00,594.6,595.3,582.05,591.95,-0.45,24700.0,14319109.88,-1
2023-07-04,2023-07-04 12:00:00,591.95,591.95,589.3,589.3,-0.45,24700.0,14319109.88,-1
2023-07-04,2023-07-04 13:00:00,589.3,589.3,586.65,586.65,-0.45,24700.0,14319109.88,-1
2023-07-04,2023-07-04 14:00:00,586.65,586.65,584.0,584.0,-0.45,24700.0,14319109.88,-1
2023-07-04,2023-07-04 15:00:00,584.0,596.0,569.5,584.0,0.0,24700.0,14319109.88,0
2023-07-05,2023-07-05 11:00:00,589.8,589.9,572.45,582.1,-1.31,23942.0,13581119.3,-1
2023-07-05,2023-07-05 12:00:00,582.1,582.1,574.4,574.4,-1.32,23942.0,13581119.3,-1
2023-07-05,2023-07-05 13:00:00,574.4,574.4,566.7,566.7,-1.34,23942.0,13581119.3,-1
2023-07-05,2023-07-05 14:00:00,566.7,566.7,559.0,559.0,-1.36,23942.0,13581119.3,-1
2023-07-05,2023-07-05 15:00:00,559.0,590.0,555.1,559.0,0.0,23942.0,13581119.3,0
2023-07-06,2023-07-06 11:00:00,557.0,567.5,553.55,559.5,0.45,19732.0,11120570.8,1
2023-07-06,2023-07-06 12:00:00,559.5,562.0,559.5,562.0,0.45,19732.0,11120570.8,1
2023-07-06,2023-07-06 13:00:00,562.0,564.5,562.0,564.5,0.44,19732.0,11120570.8,1
2023-07-06,2023-07-06 14:00:00,564.5,567.0,564.5,567.0,0.44,19732.0,11120570.8,1
2023-07-06,2023-07-06 15:00:00,567.0,578.0,550.1,567.0,0.0,19732.0,11120570.8,0
2023-07-09,2023-07-09 11:00:00,570.0,576.7,567.5,572.23,0.39,19867.6,11460383.08,1
2023-07-09,2023-07-09 12:00:00,572.23,574.45,572.23,574.45,0.39,19867.6,11460383.08,1
2023-07-09,2023-07-09 13:00:00,574.45,576.67,574.45,576.67,0.39,19867.6,11460383.08,1
2023-07-09,2023-07-09 14:00:00,576.67,578.9,576.67,578.9,0.39,19867.6,11460383.08,1
2023-07-09,2023-07-09 15:00:00,578.9,583.4,565.0,578.9,0.0,19867.6,11460383.08,0
2023-07-10,2023-07-10 11:00:00,589.9,589.95,580.45,585.25,-0.79,18623.0,10795144.5,-1
2023-07-10,2023-07-10 12:00:00,585.25,585.25,580.6,580.6,-0.79,18623.0,10795144.5,-1
2023-07-10,2023-07-10 13:00:00,580.6,580.6,575.95,575.95,-0.8,18623.0,10795144.5,-1
2023-07-10,2023-07-10 14:00:00,575.95,575.95,571.3,571.3,-0.81,18623.0,10795144.5,-1
2023-07-10,2023-07-10 15:00:00,571.3,590.0,571.0,571.3,0.0,18623.0,10795144.5,0
2023-07-11,2023-07-11 11:00:00,570.0,574.5,567.5,568.77,-0.22,12943.0,7387570.6,-1
2023-07-11,2023-07-11 12:00:00,568.77,568.77,567.55,567.55,-0.21,12943.0,7387570.6,-1
2023-07-11,2023-07-11 13:00:00,567.55,567.55,566.33,566.33,-0.21,12943.0,7387570.6,-1
2023-07-11,2023-07-11 14:00:00,566.33,566.33,565.1,565.1,-0.22,12943.0,7387570.6,-1
2023-07-11,2023-07-11 15:00:00,565.1,579.0,565.0,565.1,0.0,12943.0,7387570.6,0
2023-07-12,2023-07-12 11:00:00,560.0,567.5,560.0,562.5,0.45,11878.6,6783956.04,1
2023-07-12,2023-07-12 12:00:00,562.5,565.0,562.5,565.0,0.44,11878.6,6783956.04,1
2023-07-12,2023-07-12 13:00:00,565.0,567.5,565.0,567.5,0.44,11878.6,6783956.04,1
2023-07-12,2023-07-12 14:00:00,567.5,570.0,567.5,570.0,0.44,11878.6,6783956.04,1
2023-07-12,2023-07-12 15:00:00,570.0,575.0,560.0,570.0,0.0,11878.6,6783956.04,0
2023-07-13,2023-07-13 11:00:00,580.0,580.5,568.0,574.5,-0.95,22784.6,12884198.3,-1
2023-07-13,2023-07-13 12:00:00,574.5,574.5,569.0,569.0,-0.96,22784.6,12884198.3,-1
2023-07-13,2023-07-13 13:00:00,569.0,569.0,563.5,563.5,-0.97,22784.6,12884198.3,-1
2023-07-13,2023-07-13 14:00:00,563.5,563.5,558.0,558.0,-0.98,22784.6,12884198.3,-1
2023-07-13,2023-07-13 15:00:00,558.0,581.0,556.0,558.0,0.0,22784.6,12884198.3,0
2023-07-16,2023-07-16 11:00:00,565.0,567.5,561.0,563.75,-0.22,13315.8,7493687.8,-1
2023-07-16,2023-07-16 12:00:00,563.75,563.75,562.5,562.5,-0.22,13315.8,7493687.8,-1
2023-07-16,2023-07-16 13:00:00,562.5,562.5,561.25,561.25,-0.22,13315.8,7493687.8,-1
2023-07-16,2023-07-16 14:00:00,561.25,561.25,560.0,560.0,-0.22,13315.8,7493687.8,-1
2023-07-16,2023-07-16 15:00:00,560.0,570.0,557.0,560.0,0.0,13315.8,7493687.8,0
2023-07-17,2023-07-17 11:00:00,559.1,571.35,559.05,564.83,1.02,17752.8,10235232.62,1
2023-07-17,2023-07-17 12:00:00,564.83,570.55,564.83,570.55,1.01,17752.8,10235232.62,1
2023-07-17,2023-07-17 13:00:00,570.55,576.27,570.55,576.27,1.0,17752.8,10235232.62,1
2023-07-17,2023-07-17 14:00:00,576.27,582.0,576.27,582.0,0.99,17752.8,10235232.62,1
2023-07-17,2023-07-17 15:00:00,582.0,583.6,559.0,582.0,0.0,17752.8,10235232.62,0
2023-07-18,2023-07-18 11:00:00,585.0,592.5,582.5,584.8,-0.03,23130.8,13655975.5,-1
2023-07-18,2023-07-18 12:00:00,584.8,584.8,584.6,584.6,-0.03,23130.8,13655975.5,-1
2023-07-18,2023-07-18 13:00:00,584.6,584.6,584.4,584.4,-0.03,23130.8,13655975.5,-1
2023-07-18,2023-07-18 14:00:00,584.4,584.4,584.2,584.2,-0.03,23130.8,13655975.5,-1
2023-07-18,2023-07-18 15:00:00,584.2,600.0,580.0,584.2,0.0,23130.8,13655975.5,0
2023-07-19,2023-07-19 11:00:00,577.3,585.4,576.85,579.22,0.33,17437.6,10205915.88,1
2023-07-19,2023-07-19 12:00:00,579.22,581.15,579.22,581.15,0.33,17437.6,10205915.88,1
2023-07-19,2023-07-19 13:00:00,581.15,583.08,581.15,583.08,0.33,17437.6,10205915.88,1
2023-07-19,2023-07-19 14:00:00,583.08,585.0,583.08,585.0,0.33,17437.6,10205915.88,1
2023-07-19,2023-07-19 15:00:00,585.0,593.5,576.4,585.0,0.0,17437.6,10205915.88,0
2023-07-20,2023-07-20 11:00:00,583.3,583.6,576.7,580.0,-0.57,10634.4,6136851.34,-1
2023-07-20,2023-07-20 12:00:00,580.0,580.0,576.7,576.7,-0.57,10634.4,6136851.34,-1
2023-07-20,2023-07-20 13:00:00,576.7,576.7,573.4,573.4,-0.57,10634.4,6136851.34,-1
2023-07-20,2023-07-20 14:00:00,573.4,573.4,570.1,570.1,-0.58,10634.4,6136851.34,-1
2023-07-20,2023-07-20 15:00:00,570.1,583.9,570.1,570.1,0.0,10634.4,6136851.34,0
2023-07-23,2023-07-23 11:00:00,575.0,584.5,572.5,577.12,0.37,14011.2,8117318.32,1
2023-07-23,2023-07-23 12:00:00,577.12,579.25,577.12,579.25,0.37,14011.2,8117318.32,1
2023-07-23,2023-07-23 13:00:00,579.25,581.38,579.25,581.38,0.37,14011.2,8117318.32,1
2023-07-23,2023-07-23 14:00:00,581.38,583.5,581.38,583.5,0.36,14011.2,8117318.32,1
2023-07-23,2023-07-23 15:00:00,583.5,594.0,570.0,583.5,0.0,14011.2,8117318.32,0
2023-07-24,2023-07-24 11:00:00,580.0,584.0,575.0,577.65,-0.41,18475.0,10661191.4,-1
2023-07-24,2023-07-24 12:00:00,577.65,577.65,575.3,575.3,-0.41,18475.0,10661191.4,-1
2023-07-24,2023-07-24 13:00:00,575.3,575.3,572.95,572.95,-0.41,18475.0,10661191.4,-1
2023-07-24,2023-07-24 14:00:00,572.95,572.95,570.6,570.6,-0.41,18475.0,10661191.4,-1
2023-07-24,2023-07-24 15:00:00,570.6,588.0,570.0,570.6,0.0,18475.0,10661191.4,0
2023-07-25,2023-07-25 11:00:00,571.3,575.15,566.65,569.0,-0.4,10151.2,5742192.58,-1
2023-07-25,2023-07-25 12:00:00,569.0,569.0,566.7,566.7,-0.4,10151.2,5742192.58,-1
2023-07-25,2023-07-25 13:00:00,566.7,566.7,564.4,564.4,-0.41,10151.2,5742192.58,-1
2023-07-25,2023-07-25 14:00:00,564.4,564.4,562.1,562.1,-0.41,10151.2,5742192.58,-1
2023-07-25,2023-07-25 15:00:00,562.1,579.0,562.0,562.1,0.0,10151.2,5742192.58,0
2023-07-26,2023-07-26 11:00:00,556.0,563.0,554.0,557.48,0.27,11528.2,6480969.6,1
2023-07-26,2023-07-26 12:00:00,557.48,558.95,557.48,558.95,0.26,11528.2,6480969.6,1
2023-07-26,2023-07-26 13:00:00,558.95,560.42,558.95,560.42,0.26,11528.2,6480969.6,1
2023-07-26,2023-07-26 14:00:00,560.42,561.9,560.42,561.9,0.26,11528.2,6480969.6,1
2023-07-26,2023-07-26 15:00:00,561.9,570.0,552.0,561.9,0.0,11528.2,6480969.6,0
2023-07-27,2023-07-27 11:00:00,552.0,559.45,551.75,552.62,0.11,11257.0,6279524.2,1
2023-07-27,2023-07-27 12:00:00,552.62,553.25,552.62,553.25,0.11,11257.0,6279524.2,1
2023-07-27,2023-07-27 13:00:00,553.25,553.88,553.25,553.88,0.11,11257.0,6279524.2,1
2023-07-27,2023-07-27 14:00:00,553.88,554.5,553.88,554.5,0.11,11257.0,6279524.2,1
2023-07-27,2023-07-27 15:00:00,554.5,566.9,551.5,554.5,0.0,11257.0,6279524.2,0
2023-07-30,2023-07-30 11:00:00,560.0,562.0,548.7,555.0,-0.89,18260.0,9973969.28,-1
2023-07-30,2023-07-30 12:00:00,555.0,555.0,550.0,550.0,-0.9,18260.0,9973969.28,-1
2023-07-30,2023-07-30 13:00:00,550.0,550.0,545.0,545.0,-0.91,18260.0,9973969.28,-1
2023-07-30,2023-07-30 14:00:00,545.0,545.0,540.0,540.0,-0.92,18260.0,9973969.28,-1
2023-07-30,2023-07-30 15:00:00,540.0,564.0,537.4,540.0,0.0,18260.0,9973969.28,0
2023-07-31,2023-07-31 11:00:00,532.0,543.2,532.0,535.25,0.61,8235.4,4515887.08,1
2023-07-31,2023-07-31 12:00:00,535.25,538.5,535.25,538.5,0.61,8235.4,4515887.08,1
2023-07-31,2023-07-31 13:00:00,538.5,541.75,538.5,541.75,0.6,8235.4,4515887.08,1
2023-07-31,2023-07-31 14:00:00,541.75,545.0,541.75,545.0,0.6,8235.4,4515887.08,1
2023-07-31,2023-07-31 15:00:00,545.0,554.4,532.0,545.0,0.0,8235.4,4515887.08,0
2023-08-01,2023-08-01 11:00:00,545.0,547.25,535.5,540.25,-0.87,7755.6,4158398.18,-1
2023-08-01,2023-08-01 12:00:00,540.25,540.25,535.5,535.5,-0.88,7755.6,4158398.18,-1
2023-08-01,2023-08-01 13:00:00,535.5,535.5,530.75,530.75,-0.89,7755.6,4158398.18,-1
2023-08-01,2023-08-01 14:00:00,530.75,530.75,526.0,526.0,-0.89,7755.6,4158398.18,-1
2023-08-01,2023-08-01 15:00:00,526.0,549.5,526.0,526.0,0.0,7755.6,4158398.18,0
2023-08-02,2023-08-02 11:00:00,520.0,527.5,520.0,523.23,0.62,6042.2,3181164.32,1
2023-08-02,2023-08-02 12:00:00,523.23,526.45,523.23,526.45,0.62,6042.2,3181164.32,1
2023-08-02,2023-08-02 13:00:00,526.45,529.67,526.45,529.67,0.61,6042.2,3181164.32,1
2023-08-02,2023-08-02 14:00:00,529.67,532.9,529.67,532.9,0.61,6042.2,3181164.32,1
2023-08-02,2023-08-02 15:00:00,532.9,535.0,520.0,532.9,0.0,6042.2,3181164.32,0
2023-08-03,2023-08-03 11:00:00,532.0,535.95,530.0,532.0,0.0,7092.4,3784300.36,0
2023-08-03,2023-08-03 12:00:00,532.0,532.0,532.0,532.0,0.0,7092.4,3784300.36,0
2023-08-03,2023-08-03 13:00:00,532.0,532.0,532.0,532.0,0.0,7092.4,3784300.36,0
2023-08-03,2023-08-03 14:00:00,532.0,532.0,532.0,532.0,0.0,7092.4,3784300.36,0
2023-08-03,2023-08-03 15:00:00,532.0,539.9,528.0,532.0,0.0,7092.4,3784300.36,0
2023-08-06,2023-08-06 11:00:00,530.0,530.05,522.0,527.25,-0.52,7334.0,3802631.58,-1
2023-08-06,2023-08-06 12:00:00,527.25,527.25,524.5,524.5,-0.52,7334.0,3802631.58,-1
2023-08-06,2023-08-06 13:00:00,524.5,524.5,521.75,521.75,-0.52,7334.0,3802631.58,-1
2023-08-06,2023-08-06 14:00:00,521.75,521.75,519.0,519.0,-0.53,7334.0,3802631.58,-1
2023-08-06,2023-08-06 15:00:00,519.0,530.1,514.0,519.0,0.0,7334.0,3802631.58,0
2023-08-07,2023-08-07 11:00:00,510.0,519.0,509.5,511.12,0.22,7197.4,3717155.4,1
2023-08-07,2023-08-07 12:00:00,511.12,512.25,511.12,512.25,0.22,7197.4,3717155.4,1
2023-08-07,2023-08-07 13:00:00,512.25,513.38,512.25,513.38,0.22,7197.4,3717155.4,1
2023-08-07,2023-08-07 14:00:00,513.38,514.5,513.38,514.5,0.22,7197.4,3717155.4,1
2023-08-07,2023-08-07 15:00:00,514.5,528.0,509.0,514.5,0.0,7197.4,3717155.4,0
2023-08-08,2023-08-08 11:00:00,515.0,518.0,507.0,511.62,-0.66,8663.8,4387457.86,-1
2023-08-08,2023-08-08 12:00:00,511.62,511.62,508.25,508.25,-0.66,8663.8,4387457.86,-1
2023-08-08,2023-08-08 13:00:00,508.25,508.25,504.88,504.88,-0.66,8663.8,4387457.86,-1
2023-08-08,2023-08-08 14:00:00,504.88,504.88,501.5,501.5,-0.67,8663.8,4387457.86,-1
2023-08-08,2023-08-08 15:00:00,501.5,521.0,499.0,501.5,0.0,8663.8,4387457.86,0
2023-08-09,2023-08-09 11:00:00,493.3,510.65,493.3,500.48,1.46,10510.4,5378753.86,1
2023-08-09,2023-08-09 12:00:00,500.48,507.65,500.48,507.65,1.43,10510.4,5378753.86,1
2023-08-09,2023-08-09 13:00:00,507.65,514.83,507.65,514.83,1.41,10510.4,5378753.86,1
2023-08-09,2023-08-09 14:00:00,514.83,522.0,514.83,522.0,1.39,10510.4,5378753.86,1
2023-08-09,2023-08-09 15:00:00,522.0,528.0,493.3,522.0,0.0,10510.4,5378753.86,0
2023-08-10,2023-08-10 11:00:00,522.0,529.5,517.0,523.25,0.24,9516.0,5040559.4,1
2023-08-10,2023-08-10 12:00:00,523.25,524.5,523.25,524.5,0.24,9516.0,5040559.4,1
2023-08-10,2023-08-10 13:00:00,524.5,525.75,524.5,525.75,0.24,9516.0,5040559.4,1
2023-08-10,2023-08-10 14:00:00,525.75,527.0,525.75,527.0,0.24,9516.0,5040559.4,1
2023-08-10,2023-08-10 15:00:00,527.0,537.0,512.0,527.0,0.0,9516.0,5040559.4,0
2023-08-13,2023-08-13 11:00:00,530.0,532.45,525.6,530.62,0.12,9555.8,5057716.76,1
2023-08-13,2023-08-13 12:00:00,530.62,531.25,530.62,531.25,0.12,9555.8,5057716.76,1
2023-08-13,2023-08-13 13:00:00,531.25,531.88,531.25,531.88,0.12,9555.8,5057716.76,1
2023-08-13,2023-08-13 14:00:00,531.88,532.5,531.88,532.5,0.12,9555.8,5057716.76,1
2023-08-13,2023-08-13 15:00:00,532.5,534.9,521.2,532.5,0.0,9555.8,5057716.76,0
2023-08-14,2023-08-14 11:00:00,540.0,540.0,532.5,536.75,-0.6,9725.2,5170886.12,-1
2023-08-14,2023-08-14 12:00:00,536.75,536.75,533.5,533.5,-0.61,9725.2,5170886.12,-1
2023-08-14,2023-08-14 13:00:00,533.5,533.5,530.25,530.25,-0.61,9725.2,5170886.12,-1
2023-08-14,2023-08-14 14:00:00,530.25,530.25,527.0,527.0,-0.61,9725.2,5170886.12,-1
2023-08-14,2023-08-14 15:00:00,527.0,540.0,525.0,527.0,0.0,9725.2,5170886.12,0
2023-08-15,2023-08-15 11:00:00,521.0,525.0,518.0,520.0,-0.19,4264.8,2210766.46,-1
2023-08-15,2023-08-15 12:00:00,520.0,520.0,519.0,519.0,-0.19,4264.8,2210766.46,-1
2023-08-15,2023-08-15 13:00:00,519.0,519.0,518.0,518.0,-0.19,4264.8,2210766.46,-1
2023-08-15,2023-08-15 14:00:00,518.0,518.0,517.0,517.0,-0.19,4264.8,2210766.46,-1
2023-08-15,2023-08-15 15:00:00,517.0,529.0,515.0,517.0,0.0,4264.8,2210766.46,0
2023-08-16,2023-08-16 11:00:00,513.0,515.0,509.85,512.12,-0.17,5551.8,2829882.94,-1
2023-08-16,2023-08-16 12:00:00,512.12,512.12,511.25,511.25,-0.17,5551.8,2829882.94,-1
2023-08-16,2023-08-16 13:00:00,511.25,511.25,510.38,510.38,-0.17,5551.8,2829882.94,-1
2023-08-16,2023-08-16 14:00:00,510.38,510.38,509.5,509.5,-0.17,5551.8,2829882.94,-1
2023-08-16,2023-08-16 15:00:00,509.5,517.0,506.7,509.5,0.0,5551.8,2829882.94,0
2023-08-17,2023-08-17 11:00:00,519.6,521.75,514.35,517.7,-0.37,4396.6,2263360.5,-1
2023-08-17,2023-08-17 12:00:00,517.7,517.7,515.8,515.8,-0.37,4396.6,2263360.5,-1
2023-08-17,2023-08-17 13:00:00,515.8,515.8,513.9,513.9,-0.37,4396.6,2263360.5,-1
2023-08-17,2023-08-17 14:00:00,513.9,513.9,512.0,512.0,-0.37,4396.6,2263360.5,-1
2023-08-17,2023-08-17 15:00:00,512.0,523.9,509.1,512.0,0.0,4396.6,2263360.5,0
2023-08-20,2023-08-20 11:00:00,510.0,512.5,505.55,507.77,-0.44,5493.6,2800443.32,-1
2023-08-20,2023-08-20 12:00:00,507.77,507.77,505.55,505.55,-0.44,5493.6,2800443.32,-1
2023-08-20,2023-08-20 13:00:00,505.55,505.55,503.33,503.33,-0.44,5493.6,2800443.32,-1
2023-08-20,2023-08-20 14:00:00,503.33,503.33,501.1,501.1,-0.44,5493.6,2800443.32,-1
2023-08-20,2023-08-20 15:00:00,501.1,515.0,501.1,501.1,0.0,5493.6,2800443.32,0
2023-08-21,2023-08-21 11:00:00,505.0,510.0,500.5,504.15,-0.17,3713.8,1868094.56,-1
2023-08-21,2023-08-21 12:00:00,504.15,504.15,503.3,503.3,-0.17,3713.8,1868094.56,-1
2023-08-21,2023-08-21 13:00:00,503.3,503.3,502.45,502.45,-0.17,3713.8,1868094.56,-1
2023-08-21,2023-08-21 14:00:00,502.45,502.45,501.6,501.6,-0.17,3713.8,1868094.56,-1
2023-08-21,2023-08-21 15:00:00,501.6,515.0,496.0,501.6,0.0,3713.8,1868094.56,0
2023-08-22,2023-08-22 11:00:00,501.0,508.0,498.05,503.25,0.45,3665.0,1853966.04,1
2023-08-22,2023-08-22 12:00:00,503.25,505.5,503.25,505.5,0.45,3665.0,1853966.04,1
2023-08-22,2023-08-22 13:00:00,505.5,507.75,505.5,507.75,0.45,3665.0,1853966.04,1
2023-08-22,2023-08-22 14:00:00,507.75,510.0,507.75,510.0,0.44,3665.0,1853966.04,1
2023-08-22,2023-08-22 15:00:00,510.0,515.0,495.1,510.0,0.0,3665.0,1853966.04,0
2023-08-23,2023-08-23 11:00:00,516.0,520.5,514.5,517.0,0.19,4889.0,2541980.34,1
2023-08-23,2023-08-23 12:00:00,517.0,518.0,517.0,518.0,0.19,4889.0,2541980.34,1
2023-08-23,2023-08-23 13:00:00,518.0,519.0,518.0,519.0,0.19,4889.0,2541980.34,1
2023-08-23,2023-08-23 14:00:00,519.0,520.0,519.0,520.0,0.19,4889.0,2541980.34,1
2023-08-23,2023-08-23 15:00:00,520.0,525.0,513.0,520.0,0.0,4889.0,2541980.34,0
2023-08-24,2023-08-24 11:00:00,525.8,526.9,514.05,520.35,-1.04,5146.2,2638235.04,-1
2023-08-24,2023-08-24 12:00:00,520.35,520.35,514.9,514.9,-1.05,5146.2,2638235.04,-1
2023-08-24,2023-08-24 13:00:00,514.9,514.9,509.45,509.45,-1.06,5146.2,2638235.04,-1
2023-08-24,2023-08-24 14:00:00,509.45,509.45,504.0,504.0,-1.07,5146.2,2638235.04,-1
2023-08-24,2023-08-24 15:00:00,504.0,528.0,502.3,504.0,0.0,5146.2,2638235.04,0
2023-08-27,2023-08-27 11:00:00,504.0,504.5,499.5,503.98,-0.0,5912.4,2959674.24,-1
2023-08-27,2023-08-27 12:00:00,503.98,503.98,503.95,503.95,-0.01,5912.4,2959674.24,-1
2023-08-27,2023-08-27 13:00:00,503.95,503.95,503.92,503.92,-0.01,5912.4,2959674.24,-1
2023-08-27,2023-08-27 14:00:00,503.92,503.92,503.9,503.9,-0.0,5912.4,2959674.24,-1
2023-08-27,2023-08-27 15:00:00,503.9,505.0,495.0,503.9,0.0,5912.4,2959674.24,0
2023-08-28,2023-08-28 11:00:00,500.0,507.5,499.75,500.0,0.0,6289.8,3174236.7,0
2023-08-28,2023-08-28 12:00:00,500.0,500.0,500.0,500.0,0.0,6289.8,3174236.7,0
2023-08-28,2023-08-28 13:00:00,500.0,500.0,500.0,500.0,0.0,6289.8,3174236.7,0
2023-08-28,2023-08-28 14:00:00,500.0,500.0,500.0,500.0,0.0,6289.8,3174236.7,0
2023-08-28,2023-08-28 15:00:00,500.0,515.0,499.5,500.0,0.0,6289.8,3174236.7,0
2023-08-29,2023-08-29 11:00:00,493.0,501.5,493.0,494.0,0.2,3575.4,1781084.88,1
2023-08-29,2023-08-29 12:00:00,494.0,495.0,494.0,495.0,0.2,3575.4,1781084.88,1
2023-08-29,2023-08-29 13:00:00,495.0,496.0,495.0,496.0,0.2,3575.4,1781084.88,1
2023-08-29,2023-08-29 14:00:00,496.0,497.0,496.0,497.0,0.2,3575.4,1781084.88,1
2023-08-29,2023-08-29 15:00:00,497.0,510.0,493.0,497.0,0.0,3575.4,1781084.88,0
2023-08-30,2023-08-30 11:00:00,498.5,499.25,497.25,497.88,-0.12,2125.8,1058520.26,-1
2023-08-30,2023-08-30 12:00:00,497.88,497.88,497.25,497.25,-0.13,2125.8,1058520.26,-1
2023-08-30,2023-08-30 13:00:00,497.25,497.25,496.62,496.62,-0.13,2125.8,1058520.26,-1
2023-08-30,2023-08-30 14:00:00,496.62,496.62,496.0,496.0,-0.12,2125.8,1058520.26,-1
2023-08-30,2023-08-30 15:00:00,496.0,500.0,496.0,496.0,0.0,2125.8,1058520.26,0
2023-09-03,2023-09-03 11:00:00,494.0,496.95,487.5,491.0,-0.61,5118.4,2501111.02,-1
2023-09-03,2023-09-03 12:00:00,491.0,491.0,488.0,488.0,-0.61,5118.4,2501111.02,-1
2023-09-03,2023-09-03 13:00:00,488.0,488.0,485.0,485.0,-0.61,5118.4,2501111.02,-1
2023-09-03,2023-09-03 14:00:00,485.0,485.0,482.0,482.0,-0.62,5118.4,2501111.02,-1
2023-09-03,2023-09-03 15:00:00,482.0,499.9,481.0,482.0,0.0,5118.4,2501111.02,0
2023-09-04,2023-09-04 11:00:00,491.6,499.75,486.0,490.2,-0.28,3054.0,1488527.06,-1
2023-09-04,2023-09-04 12:00:00,490.2,490.2,488.8,488.8,-0.29,3054.0,1488527.06,-1
2023-09-04,2023-09-04 13:00:00,488.8,488.8,487.4,487.4,-0.29,3054.0,1488527.06,-1
2023-09-04,2023-09-04 14:00:00,487.4,487.4,486.0,486.0,-0.29,3054.0,1488527.06,-1
2023-09-04,2023-09-04 15:00:00,486.0,507.9,480.4,486.0,0.0,3054.0,1488527.06,0
2023-09-05,2023-09-05 11:00:00,486.0,488.5,484.0,485.27,-0.15,823.6,399413.36,-1
2023-09-05,2023-09-05 12:00:00,485.27,485.27,484.55,484.55,-0.15,823.6,399413.36,-1
2023-09-05,2023-09-05 13:00:00,484.55,484.55,483.83,483.83,-0.15,823.6,399413.36,-1
2023-09-05,2023-09-05 14:00:00,483.83,483.83,483.1,483.1,-0.15,823.6,399413.36,-1
2023-09-05,2023-09-05 15:00:00,483.1,491.0,482.0,483.1,0.0,823.6,399413.36,0
2023-09-07,2023-09-07 11:00:00,475.0,476.5,474.0,474.5,-0.11,4863.0,2310426.52,-1
2023-09-07,2023-09-07 12:00:00,474.5,474.5,474.0,474.0,-0.11,4863.0,2310426.52,-1
2023-09-07,2023-09-07 13:00:00,474.0,474.0,473.5,473.5,-0.11,4863.0,2310426.52,-1
2023-09-07,2023-09-07 14:00:00,473.5,473.5,473.0,473.0,-0.11,4863.0,2310426.52,-1
2023-09-07,2023-09-07 15:00:00,473.0,478.0,473.0,473.0,0.0,4863.0,2310426.52,0
2023-09-10,2023-09-10 11:00:00,480.0,480.0,478.0,479.05,-0.2,1932.2,923674.32,-1
2023-09-10,2023-09-10 12:00:00,479.05,479.05,478.1,478.1,-0.2,1932.2,923674.32,-1
2023-09-10,2023-09-10 13:00:00,478.1,478.1,477.15,477.15,-0.2,1932.2,923674.32,-1
2023-09-10,2023-09-10 14:00:00,477.15,477.15,476.2,476.2,-0.2,1932.2,923674.32,-1
2023-09-10,2023-09-10 15:00:00,476.2,480.0,476.0,476.2,0.0,1932.2,923674.32,0
2023-09-11,2023-09-11 11:00:00,480.0,490.0,480.0,484.0,0.83,6132.6,3025680.56,1
2023-09-11,2023-09-11 12:00:00,484.0,488.0,484.0,488.0,0.83,6132.6,3025680.56,1
2023-09-11,2023-09-11 13:00:00,488.0,492.0,488.0,492.0,0.82,6132.6,3025680.56,1
2023-09-11,2023-09-11 14:00:00,492.0,496.0,492.0,496.0,0.81,6132.6,3025680.56,1
2023-09-11,2023-09-11 15:00:00,496.0,500.0,480.0,496.0,0.0,6132.6,3025680.56,0
2023-09-12,2023-09-12 11:00:00,500.0,502.95,492.5,496.5,-0.7,4577.0,2262839.84,-1
2023-09-12,2023-09-12 12:00:00,496.5,496.5,493.0,493.0,-0.7,4577.0,2262839.84,-1
2023-09-12,2023-09-12 13:00:00,493.0,493.0,489.5,489.5,-0.71,4577.0,2262839.84,-1
2023-09-12,2023-09-12 14:00:00,489.5,489.5,486.0,486.0,-0.72,4577.0,2262839.84,-1
2023-09-12,2023-09-12 15:00:00,486.0,505.9,485.0,486.0,0.0,4577.0,2262839.84,0
2023-09-13,2023-09-13 11:00:00,494.9,506.45,492.45,500.67,1.17,7404.6,3724825.42,1
2023-09-13,2023-09-13 12:00:00,500.67,506.45,500.67,506.45,1.15,7404.6,3724825.42,1
2023-09-13,2023-09-13 13:00:00,506.45,512.23,506.45,512.23,1.14,7404.6,3724825.42,1
2023-09-13,2023-09-13 14:00:00,512.23,518.0,512.23,518.0,1.13,7404.6,3724825.42,1
2023-09-13,2023-09-13 15:00:00,518.0,518.0,490.0,518.0,0.0,7404.6,3724825.42,0
2023-09-17,2023-09-17 11:00:00,515.0,516.5,503.1,510.0,-0.97,8012.0,4037260.38,-1
2023-09-17,2023-09-17 12:00:00,510.0,510.0,505.0,505.0,-0.98,8012.0,4037260.38,-1
2023-09-17,2023-09-17 13:00:00,505.0,505.0,500.0,500.0,-0.99,8012.0,4037260.38,-1
2023-09-17,2023-09-17 14:00:00,500.0,500.0,495.0,495.0,-1.0,8012.0,4037260.38,-1
2023-09-17,2023-09-17 15:00:00,495.0,518.0,491.2,495.0,0.0,8012.0,4037260.38,0
2023-09-18,2023-09-18 11:00:00,488.0,498.5,488.0,492.75,0.97,3739.0,1877029.32,1
2023-09-18,2023-09-18 12:00:00,492.75,497.5,492.75,497.5,0.96,3739.0,1877029.32,1
2023-09-18,2023-09-18 13:00:00,497.5,502.25,497.5,502.25,0.95,3739.0,1877029.32,1
2023-09-18,2023-09-18 14:00:00,502.25,507.0,502.25,507.0,0.95,3739.0,1877029.32,1
2023-09-18,2023-09-18 15:00:00,507.0,509.0,488.0,507.0,0.0,3739.0,1877029.32,0
2023-09-19,2023-09-19 11:00:00,510.0,510.0,504.5,508.5,-0.29,2421.0,1222723.82,-1
2023-09-19,2023-09-19 12:00:00,508.5,508.5,507.0,507.0,-0.29,2421.0,1222723.82,-1
2023-09-19,2023-09-19 13:00:00,507.0,507.0,505.5,505.5,-0.3,2421.0,1222723.82,-1
2023-09-19,2023-09-19 14:00:00,505.5,505.5,504.0,504.0,-0.3,2421.0,1222723.82,-1
2023-09-19,2023-09-19 15:00:00,504.0,510.0,499.0,504.0,0.0,2421.0,1222723.82,0
2023-09-21,2023-09-21 11:00:00,513.0,520.0,511.5,514.98,0.39,9533.8,4959049.82,1
2023-09-21,2023-09-21 12:00:00,514.98,516.95,514.98,516.95,0.38,9533.8,4959049.82,1
2023-09-21,2023-09-21 13:00:00,516.95,518.92,516.95,518.92,0.38,9533.8,4959049.82,1
2023-09-21,2023-09-21 14:00:00,518.92,520.9,518.92,520.9,0.38,9533.8,4959049.82,1
2023-09-21,2023-09-21 15:00:00,520.9,527.0,510.0,520.9,0.0,9533.8,4959049.82,0
2023-09-24,2023-09-24 11:00:00,512.0,518.5,509.05,512.0,0.0,4181.0,2151595.02,0
2023-09-24,2023-09-24 12:00:00,512.0,512.0,512.0,512.0,0.0,4181.0,2151595.02,0
2023-09-24,2023-09-24 13:00:00,512.0,512.0,512.0,512.0,0.0,4181.0,2151595.02,0
2023-09-24,2023-09-24 14:00:00,512.0,512.0,512.0,512.0,0.0,4181.0,2151595.02,0
2023-09-24,2023-09-24 15:00:00,512.0,525.0,506.1,512.0,0.0,4181.0,2151595.02,0
2023-09-25,2023-09-25 11:00:00,509.0,515.45,506.5,509.0,0.0,3628.4,1855161.34,0
2023-09-25,2023-09-25 12:00:00,509.0,509.0,509.0,509.0,0.0,3628.4,1855161.34,0
2023-09-25,2023-09-25 13:00:00,509.0,509.0,509.0,509.0,0.0,3628.4,1855161.34,0
2023-09-25,2023-09-25 14:00:00,509.0,509.0,509.0,509.0,0.0,3628.4,1855161.34,0
2023-09-25,2023-09-25 15:00:00,509.0,521.9,504.0,509.0,0.0,3628.4,1855161.34,0
2023-09-26,2023-09-26 11:00:00,517.9,518.95,511.95,516.45,-0.28,6172.6,3163183.86,-1
2023-09-26,2023-09-26 12:00:00,516.45,516.45,515.0,515.0,-0.28,6172.6,3163183.86,-1
2023-09-26,2023-09-26 13:00:00,515.0,515.0,513.55,513.55,-0.28,6172.6,3163183.86,-1
2023-09-26,2023-09-26 14:00:00,513.55,513.55,512.1,512.1,-0.28,6172.6,3163183.86,-1
2023-09-26,2023-09-26 15:00:00,512.1,520.0,506.0,512.1,0.0,6172.6,3163183.86,0
2023-09-27,2023-09-27 11:00:00,511.0,514.4,507.55,509.8,-0.23,4321.2,2199507.1,-1
2023-09-27,2023-09-27 12:00:00,509.8,509.8,508.6,508.6,-0.24,4321.2,2199507.1,-1
2023-09-27,2023-09-27 13:00:00,508.6,508.6,507.4,507.4,-0.24,4321.2,2199507.1,-1
2023-09-27,2023-09-27 14:00:00,507.4,507.4,506.2,506.2,-0.24,4321.2,2199507.1,-1
2023-09-27,2023-09-27 15:00:00,506.2,517.8,504.1,506.2,0.0,4321.2,2199507.1,0
2023-10-01,2023-10-01 11:00:00,498.0,501.95,496.6,497.5,-0.1,3003.6,1498561.0,-1
2023-10-01,2023-10-01 12:00:00,497.5,497.5,497.0,497.0,-0.1,3003.6,1498561.0,-1
2023-10-01,2023-10-01 13:00:00,497.0,497.0,496.5,496.5,-0.1,3003.6,1498561.0,-1
2023-10-01,2023-10-01 14:00:00,496.5,496.5,496.0,496.0,-0.1,3003.6,1498561.0,-1
2023-10-01,2023-10-01 15:00:00,496.0,505.9,495.2,496.0,0.0,3003.6,1498561.0,0
2023-10-02,2023-10-02 11:00:00,496.0,500.45,495.5,497.02,0.21,4662.0,2333647.28,1
2023-10-02,2023-10-02 12:00:00,497.02,498.05,497.02,498.05,0.21,4662.0,2333647.28,1
2023-10-02,2023-10-02 13:00:00,498.05,499.08,498.05,499.08,0.21,4662.0,2333647.28,1
2023-10-02,2023-10-02 14:00:00,499.08,500.1,499.08,500.1,0.2,4662.0,2333647.28,1
2023-10-02,2023-10-02 15:00:00,500.1,504.9,495.0,500.1,0.0,4662.0,2333647.28,0
2023-10-03,2023-10-03 11:00:00,500.0,502.0,497.6,498.82,-0.24,2187.6,1087713.9,-1
2023-10-03,2023-10-03 12:00:00,498.82,498.82,497.65,497.65,-0.23,2187.6,1087713.9,-1
2023-10-03,2023-10-03 13:00:00,497.65,497.65,496.48,496.48,-0.24,2187.6,1087713.9,-1
2023-10-03,2023-10-03 14:00:00,496.48,496.48,495.3,495.3,-0.24,2187.6,1087713.9,-1
2023-10-03,2023-10-03 15:00:00,495.3,504.0,495.2,495.3,0.0,2187.6,1087713.9,0
2023-10-04,2023-10-04 11:00:00,492.2,498.6,492.15,495.15,0.6,4203.4,2107350.2,1
2023-10-04,2023-10-04 12:00:00,495.15,498.1,495.15,498.1,0.6,4203.4,2107350.2,1
2023-10-04,2023-10-04 13:00:00,498.1,501.05,498.1,501.05,0.59,4203.4,2107350.2,1
2023-10-04,2023-10-04 14:00:00,501.05,504.0,501.05,504.0,0.59,4203.4,2107350.2,1
2023-10-04,2023-10-04 15:00:00,504.0,505.0,492.1,504.0,0.0,4203.4,2107350.2,0
2023-10-05,2023-10-05 11:00:00,497.1,498.8,496.6,497.08,-0.0,1730.8,863020.52,-1
2023-10-05,2023-10-05 12:00:00,497.08,497.08,497.05,497.05,-0.01,1730.8,863020.52,-1
2023-10-05,2023-10-05 13:00:00,497.05,497.05,497.02,497.02,-0.01,1730.8,863020.52,-1
2023-10-05,2023-10-05 14:00:00,497.02,497.02,497.0,497.0,-0.0,1730.8,863020.52,-1
2023-10-05,2023-10-05 15:00:00,497.0,500.5,496.1,497.0,0.0,1730.8,863020.52,0
2023-10-08,2023-10-08 11:00:00,498.0,498.0,490.0,494.25,-0.75,6075.8,2963233.2,-1
2023-10-08,2023-10-08 12:00:00,494.25,494.25,490.5,490.5,-0.76,6075.8,2963233.2,-1
2023-10-08,2023-10-08 13:00:00,490.5,490.5,486.75,486.75,-0.76,6075.8,2963233.2,-1
2023-10-08,2023-10-08 14:00:00,486.75,486.75,483.0,483.0,-0.77,6075.8,2963233.2,-1
2023-10-08,2023-10-08 15:00:00,483.0,498.0,482.0,483.0,0.0,6075.8,2963233.2,0
2023-10-09,2023-10-09 11:00:00,478.0,484.95,477.6,479.25,0.26,2919.6,1410839.04,1
2023-10-09,2023-10-09 12:00:00,479.25,480.5,479.25,480.5,0.26,2919.6,1410839.04,1
2023-10-09,2023-10-09 13:00:00,480.5,481.75,480.5,481.75,0.26,2919.6,1410839.04,1
2023-10-09,2023-10-09 14:00:00,481.75,483.0,481.75,483.0,0.26,2919.6,1410839.04,1
2023-10-09,2023-10-09 15:00:00,483.0,491.9,477.2,483.0,0.0,2919.6,1410839.04,0
2023-10-10,2023-10-10 11:00:00,477.0,483.5,474.0,476.75,-0.05,3583.4,1705776.82,-1
2023-10-10,2023-10-10 12:00:00,476.75,476.75,476.5,476.5,-0.05,3583.4,1705776.82,-1
2023-10-10,2023-10-10 13:00:00,476.5,476.5,476.25,476.25,-0.05,3583.4,1705776.82,-1
2023-10-10,2023-10-10 14:00:00,476.25,476.25,476.0,476.0,-0.05,3583.4,1705776.82,-1
2023-10-10,2023-10-10 15:00:00,476.0,490.0,471.0,476.0,0.0,3583.4,1705776.82,0
2023-10-11,2023-10-11 11:00:00,466.5,478.05,466.5,469.88,0.72,1732.6,824803.46,1
2023-10-11,2023-10-11 12:00:00,469.88,473.25,469.88,473.25,0.72,1732.6,824803.46,1
2023-10-11,2023-10-11 13:00:00,473.25,476.62,473.25,476.62,0.71,1732.6,824803.46,1
2023-10-11,2023-10-11 14:00:00,476.62,480.0,476.62,480.0,0.71,1732.6,824803.46,1
2023-10-11,2023-10-11 15:00:00,480.0,489.6,466.5,480.0,0.0,1732.6,824803.46,0
2023-10-12,2023-10-12 11:00:00,475.0,477.5,470.5,473.02,-0.42,3311.0,1558419.7,-1
2023-10-12,2023-10-12 12:00:00,473.02,473.02,471.05,471.05,-0.42,3311.0,1558419.7,-1
2023-10-12,2023-10-12 13:00:00,471.05,471.05,469.08,469.08,-0.42,3311.0,1558419.7,-1
2023-10-12,2023-10-12 14:00:00,469.08,469.08,467.1,467.1,-0.42,3311.0,1558419.7,-1
2023-10-12,2023-10-12 15:00:00,467.1,480.0,466.0,467.1,0.0,3311.0,1558419.7,0
2023-10-16,2023-10-16 11:00:00,470.0,470.0,463.5,468.75,-0.27,2714.6,1253622.76,-1
2023-10-16,2023-10-16 12:00:00,468.75,468.75,467.5,467.5,-0.27,2714.6,1253622.76,-1
2023-10-16,2023-10-16 13:00:00,467.5,467.5,466.25,466.25,-0.27,2714.6,1253622.76,-1
2023-10-16,2023-10-16 14:00:00,466.25,466.25,465.0,465.0,-0.27,2714.6,1253622.76,-1
2023-10-16,2023-10-16 15:00:00,465.0,470.0,457.0,465.0,0.0,2714.6,1253622.76,0
2023-10-17,2023-10-17 11:00:00,469.0,472.0,466.0,469.0,0.0,2320.4,1086116.58,0
2023-10-17,2023-10-17 12:00:00,469.0,469.0,469.0,469.0,0.0,2320.4,1086116.58,0
2023-10-17,2023-10-17 13:00:00,469.0,469.0,469.0,469.0,0.0,2320.4,1086116.58,0
2023-10-17,2023-10-17 14:00:00,469.0,469.0,469.0,469.0,0.0,2320.4,1086116.58,0
2023-10-17,2023-10-17 15:00:00,469.0,475.0,463.0,469.0,0.0,2320.4,1086116.58,0
2023-10-18,2023-10-18 11:00:00,472.0,479.75,470.95,475.0,0.64,3354.0,1612039.1,1
2023-10-18,2023-10-18 12:00:00,475.0,478.0,475.0,478.0,0.63,3354.0,1612039.1,1
2023-10-18,2023-10-18 13:00:00,478.0,481.0,478.0,481.0,0.63,3354.0,1612039.1,1
2023-10-18,2023-10-18 14:00:00,481.0,484.0,481.0,484.0,0.62,3354.0,1612039.1,1
2023-10-18,2023-10-18 15:00:00,484.0,487.5,469.9,484.0,0.0,3354.0,1612039.1,0
2023-10-19,2023-10-19 11:00:00,485.0,487.2,479.5,482.5,-0.52,2336.4,1119048.46,-1
2023-10-19,2023-10-19 12:00:00,482.5,482.5,480.0,480.0,-0.52,2336.4,1119048.46,-1
2023-10-19,2023-10-19 13:00:00,480.0,480.0,477.5,477.5,-0.52,2336.4,1119048.46,-1
2023-10-19,2023-10-19 14:00:00,477.5,477.5,475.0,475.0,-0.52,2336.4,1119048.46,-1
2023-10-19,2023-10-19 15:00:00,475.0,489.4,474.0,475.0,0.0,2336.4,1119048.46,0
2023-10-29,2023-10-29 11:00:00,471.0,471.0,468.0,470.43,-0.12,3029.0,1417367.18,-1
2023-10-29,2023-10-29 12:00:00,470.43,470.43,469.85,469.85,-0.12,3029.0,1417367.18,-1
2023-10-29,2023-10-29 13:00:00,469.85,469.85,469.27,469.27,-0.12,3029.0,1417367.18,-1
2023-10-29,2023-10-29 14:00:00,469.27,469.27,468.7,468.7,-0.12,3029.0,1417367.18,-1
2023-10-29,2023-10-29 15:00:00,468.7,471.0,465.0,468.7,0.0,3029.0,1417367.18,0
2023-10-30,2023-10-30 11:00:00,460.3,468.65,460.15,464.48,0.91,2599.6,1214152.06,1
2023-10-30,2023-10-30 12:00:00,464.48,468.65,464.48,468.65,0.9,2599.6,1214152.06,1
2023-10-30,2023-10-30 13:00:00,468.65,472.82,468.65,472.82,0.89,2599.6,1214152.06,1
2023-10-30,2023-10-30 14:00:00,472.82,477.0,472.82,477.0,0.88,2599.6,1214152.06,1
2023-10-30,2023-10-30 15:00:00,477.0,477.0,460.0,477.0,0.0,2599.6,1214152.06,0
2023-10-31,2023-10-31 11:00:00,473.0,473.0,469.0,472.75,-0.05,1177.6,552883.6,-1
2023-10-31,2023-10-31 12:00:00,472.75,472.75,472.5,472.5,-0.05,1177.6,552883.6,-1
2023-10-31,2023-10-31 13:00:00,472.5,472.5,472.25,472.25,-0.05,1177.6,552883.6,-1
2023-10-31,2023-10-31 14:00:00,472.25,472.25,472.0,472.0,-0.05,1177.6,552883.6,-1
2023-10-31,2023-10-31 15:00:00,472.0,473.0,465.0,472.0,0.0,1177.6,552883.6,0
2023-11-01,2023-11-01 11:00:00,472.0,473.0,466.0,469.0,-0.64,1584.4,733610.1,-1
2023-11-01,2023-11-01 12:00:00,469.0,469.0,466.0,466.0,-0.64,1584.4,733610.1,-1
2023-11-01,2023-11-01 13:00:00,466.0,466.0,463.0,463.0,-0.64,1584.4,733610.1,-1
2023-11-01,2023-11-01 14:00:00,463.0,463.0,460.0,460.0,-0.65,1584.4,733610.1,-1
2023-11-01,2023-11-01 15:00:00,460.0,474.0,460.0,460.0,0.0,1584.4,733610.1,0
2023-11-02,2023-11-02 11:00:00,460.0,461.0,456.55,459.38,-0.13,2644.2,1216053.08,-1
2023-11-02,2023-11-02 12:00:00,459.38,459.38,458.75,458.75,-0.14,2644.2,1216053.08,-1
2023-11-02,2023-11-02 13:00:00,458.75,458.75,458.12,458.12,-0.14,2644.2,1216053.08,-1
2023-11-02,2023-11-02 14:00:00,458.12,458.12,457.5,457.5,-0.14,2644.2,1216053.08,-1
2023-11-02,2023-11-02 15:00:00,457.5,462.0,453.1,457.5,0.0,2644.2,1216053.08,0
2023-11-05,2023-11-05 11:00:00,455.0,455.5,448.0,453.12,-0.41,2481.6,1108133.8,-1
2023-11-05,2023-11-05 12:00:00,453.12,453.12,451.25,451.25,-0.41,2481.6,1108133.8,-1
2023-11-05,2023-11-05 13:00:00,451.25,451.25,449.38,449.38,-0.41,2481.6,1108133.8,-1
2023-11-05,2023-11-05 14:00:00,449.38,449.38,447.5,447.5,-0.42,2481.6,1108133.8,-1
2023-11-05,2023-11-05 15:00:00,447.5,456.0,441.0,447.5,0.0,2481.6,1108133.8,0
2023-11-06,2023-11-06 11:00:00,456.0,461.0,448.5,457.0,0.22,2411.8,1100673.92,1
2023-11-06,2023-11-06 12:00:00,457.0,458.0,457.0,458.0,0.22,2411.8,1100673.92,1
2023-11-06,2023-11-06 13:00:00,458.0,459.0,458.0,459.0,0.22,2411.8,1100673.92,1
2023-11-06,2023-11-06 14:00:00,459.0,460.0,459.0,460.0,0.22,2411.8,1100673.92,1
2023-11-06,2023-11-06 15:00:00,460.0,466.0,441.0,460.0,0.0,2411.8,1100673.92,0
2023-11-07,2023-11-07 11:00:00,460.0,466.9,459.3,460.5,0.11,1273.6,592046.0,1
2023-11-07,2023-11-07 12:00:00,460.5,461.0,460.5,461.0,0.11,1273.6,592046.0,1
2023-11-07,2023-11-07 13:00:00,461.0,461.5,461.0,461.5,0.11,1273.6,592046.0,1
2023-11-07,2023-11-07 14:00:00,461.5,462.0,461.5,462.0,0.11,1273.6,592046.0,1
2023-11-07,2023-11-07 15:00:00,462.0,473.8,458.6,462.0,0.0,1273.6,592046.0,0
2023-11-08,2023-11-08 11:00:00,471.2,471.2,464.1,468.9,-0.49,895.8,414928.22,-1
2023-11-08,2023-11-08 12:00:00,468.9,468.9,466.6,466.6,-0.49,895.8,414928.22,-1
2023-11-08,2023-11-08 13:00:00,466.6,466.6,464.3,464.3,-0.49,895.8,414928.22,-1
2023-11-08,2023-11-08 14:00:00,464.3,464.3,462.0,462.0,-0.5,895.8,414928.22,-1
2023-11-08,2023-11-08 15:00:00,462.0,471.2,457.0,462.0,0.0,895.8,414928.22,0
2023-11-09,2023-11-09 11:00:00,470.0,470.0,460.5,466.25,-0.8,2039.4,932079.7,-1
2023-11-09,2023-11-09 12:00:00,466.25,466.25,462.5,462.5,-0.8,2039.4,932079.7,-1
2023-11-09,2023-11-09 13:00:00,462.5,462.5,458.75,458.75,-0.81,2039.4,932079.7,-1
2023-11-09,2023-11-09 14:00:00,458.75,458.75,455.0,455.0,-0.82,2039.4,932079.7,-1
2023-11-09,2023-11-09 15:00:00,455.0,470.0,451.0,455.0,0.0,2039.4,932079.7,0
2023-11-20,2023-11-20 11:00:00,464.1,464.55,457.65,462.58,-0.33,2461.6,1128461.68,-1
2023-11-20,2023-11-20 12:00:00,462.58,462.58,461.05,461.05,-0.33,2461.6,1128461.68,-1
2023-11-20,2023-11-20 13:00:00,461.05,461.05,459.52,459.52,-0.33,2461.6,1128461.68,-1
2023-11-20,2023-11-20 14:00:00,459.52,459.52,458.0,458.0,-0.33,2461.6,1128461.68,-1
2023-11-20,2023-11-20 15:00:00,458.0,465.0,451.2,458.0,0.0,2461.6,1128461.68,0
2023-11-21,2023-11-21 11:00:00,453.0,453.25,446.5,452.25,-0.17,3515.4,1572833.2,-1
2023-11-21,2023-11-21 12:00:00,452.25,452.25,451.5,451.5,-0.17,3515.4,1572833.2,-1
2023-11-21,2023-11-21 13:00:00,451.5,451.5,450.75,450.75,-0.17,3515.4,1572833.2,-1
2023-11-21,2023-11-21 14:00:00,450.75,450.75,450.0,450.0,-0.17,3515.4,1572833.2,-1
2023-11-21,2023-11-21 15:00:00,450.0,453.5,440.0,450.0,0.0,3515.4,1572833.2,0
2023-11-22,2023-11-22 11:00:00,441.0,448.0,437.1,443.62,0.59,3935.6,1748394.5,1
2023-11-22,2023-11-22 12:00:00,443.62,446.25,443.62,446.25,0.59,3935.6,1748394.5,1
2023-11-22,2023-11-22 13:00:00,446.25,448.88,446.25,448.88,0.59,3935.6,1748394.5,1
2023-11-22,2023-11-22 14:00:00,448.88,451.5,448.88,451.5,0.58,3935.6,1748394.5,1
2023-11-22,2023-11-22 15:00:00,451.5,455.0,433.2,451.5,0.0,3935.6,1748394.5,0
2023-11-23,2023-11-23 11:00:00,460.0,466.0,450.9,462.25,0.49,4825.4,2229493.98,1
2023-11-23,2023-11-23 12:00:00,462.25,464.5,462.25,464.5,0.49,4825.4,2229493.98,1
2023-11-23,2023-11-23 13:00:00,464.5,466.75,464.5,466.75,0.48,4825.4,2229493.98,1
2023-11-23,2023-11-23 14:00:00,466.75,469.0,466.75,469.0,0.48,4825.4,2229493.98,1
2023-11-23,2023-11-23 15:00:00,469.0,472.0,441.8,469.0,0.0,4825.4,2229493.98,0
2023-11-26,2023-11-26 11:00:00,465.0,485.0,465.0,474.75,2.1,10247.0,5022968.84,1
2023-11-26,2023-11-26 12:00:00,474.75,484.5,474.75,484.5,2.05,10247.0,5022968.84,1
2023-11-26,2023-11-26 13:00:00,484.5,494.25,484.5,494.25,2.01,10247.0,5022968.84,1
2023-11-26,2023-11-26 14:00:00,494.25,504.0,494.25,504.0,1.97,10247.0,5022968.84,1
2023-11-26,2023-11-26 15:00:00,504.0,505.0,465.0,504.0,0.0,10247.0,5022968.84,0
2023-11-27,2023-11-27 11:00:00,514.0,514.0,504.05,510.25,-0.73,6468.8,3227856.74,-1
2023-11-27,2023-11-27 12:00:00,510.25,510.25,506.5,506.5,-0.73,6468.8,3227856.74,-1
2023-11-27,2023-11-27 13:00:00,506.5,506.5,502.75,502.75,-0.74,6468.8,3227856.74,-1
2023-11-27,2023-11-27 14:00:00,502.75,502.75,499.0,499.0,-0.75,6468.8,3227856.74,-1
2023-11-27,2023-11-27 15:00:00,499.0,514.0,494.1,499.0,0.0,6468.8,3227856.74,0
2023-11-28,2023-11-28 11:00:00,499.0,501.0,494.5,499.2,0.04,2716.4,1342573.06,1
2023-11-28,2023-11-28 12:00:00,499.2,499.4,499.2,499.4,0.04,2716.4,1342573.06,1
2023-11-28,2023-11-28 13:00:00,499.4,499.6,499.4,499.6,0.04,2716.4,1342573.06,1
2023-11-28,2023-11-28 14:00:00,499.6,499.8,499.6,499.8,0.04,2716.4,1342573.06,1
2023-11-28,2023-11-28 15:00:00,499.8,503.0,490.0,499.8,0.0,2716.4,1342573.06,0
2023-11-29,2023-11-29 11:00:00,502.0,502.5,492.55,498.23,-0.75,4500.6,2198533.3,-1
2023-11-29,2023-11-29 12:00:00,498.23,498.23,494.45,494.45,-0.76,4500.6,2198533.3,-1
2023-11-29,2023-11-29 13:00:00,494.45,494.45,490.67,490.67,-0.76,4500.6,2198533.3,-1
2023-11-29,2023-11-29 14:00:00,490.67,490.67,486.9,486.9,-0.77,4500.6,2198533.3,-1
2023-11-29,2023-11-29 15:00:00,486.9,503.0,483.1,486.9,0.0,4500.6,2198533.3,0
2023-11-30,2023-11-30 11:00:00,492.0,492.45,481.8,487.0,-1.02,3479.0,1661010.78,-1
2023-11-30,2023-11-30 12:00:00,487.0,487.0,482.0,482.0,-1.03,3479.0,1661010.78,-1
2023-11-30,2023-11-30 13:00:00,482.0,482.0,477.0,477.0,-1.04,3479.0,1661010.78,-1
2023-11-30,2023-11-30 14:00:00,477.0,477.0,472.0,472.0,-1.05,3479.0,1661010.78,-1
2023-11-30,2023-11-30 15:00:00,472.0,492.9,471.6,472.0,0.0,3479.0,1661010.78,0
2023-12-03,2023-12-03 11:00:00,480.8,480.8,473.4,478.35,-0.51,1922.2,909960.08,-1
2023-12-03,2023-12-03 12:00:00,478.35,478.35,475.9,475.9,-0.51,1922.2,909960.08,-1
2023-12-03,2023-12-03 13:00:00,475.9,475.9,473.45,473.45,-0.51,1922.2,909960.08,-1
2023-12-03,2023-12-03 14:00:00,473.45,473.45,471.0,471.0,-0.52,1922.2,909960.08,-1
2023-12-03,2023-12-03 15:00:00,471.0,480.8,466.0,471.0,0.0,1922.2,909960.08,0
2023-12-04,2023-12-04 11:00:00,480.0,482.9,475.0,480.0,0.0,2411.8,1159857.6,0
2023-12-04,2023-12-04 12:00:00,480.0,480.0,480.0,480.0,0.0,2411.8,1159857.6,0
2023-12-04,2023-12-04 13:00:00,480.0,480.0,480.0,480.0,0.0,2411.8,1159857.6,0
2023-12-04,2023-12-04 14:00:00,480.0,480.0,480.0,480.0,0.0,2411.8,1159857.6,0
2023-12-04,2023-12-04 15:00:00,480.0,485.8,470.0,480.0,0.0,2411.8,1159857.6,0
2023-12-05,2023-12-05 11:00:00,480.0,483.0,477.65,480.0,0.0,2552.8,1225694.6,0
2023-12-05,2023-12-05 12:00:00,480.0,480.0,480.0,480.0,0.0,2552.8,1225694.6,0
2023-12-05,2023-12-05 13:00:00,480.0,480.0,480.0,480.0,0.0,2552.8,1225694.6,0
2023-12-05,2023-12-05 14:00:00,480.0,480.0,480.0,480.0,0.0,2552.8,1225694.6,0
2023-12-05,2023-12-05 15:00:00,480.0,486.0,475.3,480.0,0.0,2552.8,1225694.6,0
2023-12-06,2023-12-06 11:00:00,471.4,479.65,471.4,473.8,0.51,4097.0,1975258.56,1
2023-12-06,2023-12-06 12:00:00,473.8,476.2,473.8,476.2,0.51,4097.0,1975258.56,1
2023-12-06,2023-12-06 13:00:00,476.2,478.6,476.2,478.6,0.5,4097.0,1975258.56,1
2023-12-06,2023-12-06 14:00:00,478.6,481.0,478.6,481.0,0.5,4097.0,1975258.56,1
2023-12-06,2023-12-06 15:00:00,481.0,487.9,471.4,481.0,0.0,4097.0,1975258.56,0
2023-12-07,2023-12-07 11:00:00,478.0,488.95,477.0,481.0,0.63,13544.6,6614665.34,1
2023-12-07,2023-12-07 12:00:00,481.0,484.0,481.0,484.0,0.62,13544.6,6614665.34,1
2023-12-07,2023-12-07 13:00:00,484.0,487.0,484.0,487.0,0.62,13544.6,6614665.34,1
2023-12-07,2023-12-07 14:00:00,487.0,490.0,487.0,490.0,0.62,13544.6,6614665.34,1
2023-12-07,2023-12-07 15:00:00,490.0,499.9,476.0,490.0,0.0,13544.6,6614665.34,0
2023-12-10,2023-12-10 11:00:00,499.8,512.0,499.8,505.6,1.16,1453.0,757253.2,1
2023-12-10,2023-12-10 12:00:00,505.6,511.4,505.6,511.4,1.15,1453.0,757253.2,1
2023-12-10,2023-12-10 13:00:00,511.4,517.2,511.4,517.2,1.13,1453.0,757253.2,1
2023-12-10,2023-12-10 14:00:00,517.2,523.0,517.2,523.0,1.12,1453.0,757253.2,1
2023-12-10,2023-12-10 15:00:00,523.0,524.2,499.8,523.0,0.0,1453.0,757253.2,0
2023-12-11,2023-12-11 11:00:00,533.0,541.0,521.3,536.98,0.75,36220.8,19331212.84,1
2023-12-11,2023-12-11 12:00:00,536.98,540.95,536.98,540.95,0.74,36220.8,19331212.84,1
2023-12-11,2023-12-11 13:00:00,540.95,544.92,540.95,544.92,0.73,36220.8,19331212.84,1
2023-12-11,2023-12-11 14:00:00,544.92,548.9,544.92,548.9,0.73,36220.8,19331212.84,1
2023-12-11,2023-12-11 15:00:00,548.9,549.0,509.6,548.9,0.0,36220.8,19331212.84,0
2023-12-12,2023-12-12 11:00:00,559.8,561.85,545.9,558.6,-0.21,14136.0,7839700.32,-1
2023-12-12,2023-12-12 12:00:00,558.6,558.6,557.4,557.4,-0.21,14136.0,7839700.32,-1
2023-12-12,2023-12-12 13:00:00,557.4,557.4,556.2,556.2,-0.22,14136.0,7839700.32,-1
2023-12-12,2023-12-12 14:00:00,556.2,556.2,555.0,555.0,-0.22,14136.0,7839700.32,-1
2023-12-12,2023-12-12 15:00:00,555.0,563.9,532.0,555.0,0.0,14136.0,7839700.32,0
2023-12-13,2023-12-13 11:00:00,566.1,566.1,553.1,559.62,-1.14,11879.0,6490184.94,-1
2023-12-13,2023-12-13 12:00:00,559.62,559.62,553.15,553.15,-1.16,11879.0,6490184.94,-1
2023-12-13,2023-12-13 13:00:00,553.15,553.15,546.68,546.68,-1.17,11879.0,6490184.94,-1
2023-12-13,2023-12-13 14:00:00,546.68,546.68,540.2,540.2,-1.19,11879.0,6490184.94,-1
2023-12-13,2023-12-13 15:00:00,540.2,566.1,540.1,540.2,0.0,11879.0,6490184.94,0
2023-12-14,2023-12-14 11:00:00,535.0,540.5,535.0,537.75,0.51,13507.4,7300979.2,1
2023-12-14,2023-12-14 12:00:00,537.75,540.5,537.75,540.5,0.51,13507.4,7300979.2,1
2023-12-14,2023-12-14 13:00:00,540.5,543.25,540.5,543.25,0.51,13507.4,7300979.2,1
2023-12-14,2023-12-14 14:00:00,543.25,546.0,543.25,546.0,0.51,13507.4,7300979.2,1
2023-12-14,2023-12-14 15:00:00,546.0,546.0,535.0,546.0,0.0,13507.4,7300979.2,0
2023-12-17,2023-12-17 11:00:00,536.0,546.95,531.05,541.48,1.02,21019.8,11485028.6,1
2023-12-17,2023-12-17 12:00:00,541.48,546.95,541.48,546.95,1.01,21019.8,11485028.6,1
2023-12-17,2023-12-17 13:00:00,546.95,552.42,546.95,552.42,1.0,21019.8,11485028.6,1
2023-12-17,2023-12-17 14:00:00,552.42,557.9,552.42,557.9,0.99,21019.8,11485028.6,1
2023-12-17,2023-12-17 15:00:00,557.9,557.9,526.1,557.9,0.0,21019.8,11485028.6,0
2023-12-18,2023-12-18 11:00:00,569.0,569.0,559.5,566.75,-0.4,27847.6,15600158.62,-1
2023-12-18,2023-12-18 12:00:00,566.75,566.75,564.5,564.5,-0.4,27847.6,15600158.62,-1
2023-12-18,2023-12-18 13:00:00,564.5,564.5,562.25,562.25,-0.4,27847.6,15600158.62,-1
2023-12-18,2023-12-18 14:00:00,562.25,562.25,560.0,560.0,-0.4,27847.6,15600158.62,-1
2023-12-18,2023-12-18 15:00:00,560.0,569.0,550.0,560.0,0.0,27847.6,15600158.62,0
2023-12-19,2023-12-19 11:00:00,571.2,586.05,564.1,575.4,0.74,29590.0,16916176.86,1
2023-12-19,2023-12-19 12:00:00,575.4,579.6,575.4,579.6,0.73,29590.0,16916176.86,1
2023-12-19,2023-12-19 13:00:00,579.6,583.8,579.6,583.8,0.72,29590.0,16916176.86,1
2023-12-19,2023-12-19 14:00:00,583.8,588.0,583.8,588.0,0.72,29590.0,16916176.86,1
2023-12-19,2023-12-19 15:00:00,588.0,600.9,557.0,588.0,0.0,29590.0,16916176.86,0
2023-12-20,2023-12-20 11:00:00,595.0,597.35,585.5,590.83,-0.7,26434.0,15466340.44,-1
2023-12-20,2023-12-20 12:00:00,590.83,590.83,586.65,586.65,-0.71,26434.0,15466340.44,-1
2023-12-20,2023-12-20 13:00:00,586.65,586.65,582.47,582.47,-0.71,26434.0,15466340.44,-1
2023-12-20,2023-12-20 14:00:00,582.47,582.47,578.3,578.3,-0.72,26434.0,15466340.44,-1
2023-12-20,2023-12-20 15:00:00,578.3,599.7,576.0,578.3,0.0,26434.0,15466340.44,0
2023-12-21,2023-12-21 11:00:00,589.8,589.8,572.4,581.6,-1.39,18629.0,10582548.82,-1
2023-12-21,2023-12-21 12:00:00,581.6,581.6,573.4,573.4,-1.41,18629.0,10582548.82,-1
2023-12-21,2023-12-21 13:00:00,573.4,573.4,565.2,565.2,-1.43,18629.0,10582548.82,-1
2023-12-21,2023-12-21 14:00:00,565.2,565.2,557.0,557.0,-1.45,18629.0,10582548.82,-1
2023-12-21,2023-12-21 15:00:00,557.0,589.8,555.0,557.0,0.0,18629.0,10582548.82,0
2023-12-24,2023-12-24 11:00:00,566.0,578.5,563.0,567.98,0.35,39225.6,22612368.92,1
2023-12-24,2023-12-24 12:00:00,567.98,569.95,567.98,569.95,0.35,39225.6,22612368.92,1
2023-12-24,2023-12-24 13:00:00,569.95,571.92,569.95,571.92,0.35,39225.6,22612368.92,1
2023-12-24,2023-12-24 14:00:00,571.92,573.9,571.92,573.9,0.35,39225.6,22612368.92,1
2023-12-24,2023-12-24 15:00:00,573.9,591.0,560.0,573.9,0.0,39225.6,22612368.92,0
2023-12-27,2023-12-27 11:00:00,578.0,583.5,572.0,577.0,-0.17,20841.0,12058280.9,-1
2023-12-27,2023-12-27 12:00:00,577.0,577.0,576.0,576.0,-0.17,20841.0,12058280.9,-1
2023-12-27,2023-12-27 13:00:00,576.0,576.0,575.0,575.0,-0.17,20841.0,12058280.9,-1
2023-12-27,2023-12-27 14:00:00,575.0,575.0,574.0,574.0,-0.17,20841.0,12058280.9,-1
2023-12-27,2023-12-27 15:00:00,574.0,589.0,566.0,574.0,0.0,20841.0,12058280.9,0
2023-12-28,2023-12-28 11:00:00,580.0,585.95,578.0,580.75,0.13,32433.8,18986205.82,1
2023-12-28,2023-12-28 12:00:00,580.75,581.5,580.75,581.5,0.13,32433.8,18986205.82,1
2023-12-28,2023-12-28 13:00:00,581.5,582.25,581.5,582.25,0.13,32433.8,18986205.82,1
2023-12-28,2023-12-28 14:00:00,582.25,583.0,582.25,583.0,0.13,32433.8,18986205.82,1
2023-12-28,2023-12-28 15:00:00,583.0,591.9,576.0,583.0,0.0,32433.8,18986205.82,0
2024-01-01,2024-01-01 11:00:00,587.9,590.95,579.7,585.17,-0.46,25028.4,14584027.86,-1
2024-01-01,2024-01-01 12:00:00,585.17,585.17,582.45,582.45,-0.46,25028.4,14584027.86,-1
2024-01-01,2024-01-01 13:00:00,582.45,582.45,579.73,579.73,-0.47,25028.4,14584027.86,-1
2024-01-01,2024-01-01 14:00:00,579.73,579.73,577.0,577.0,-0.47,25028.4,14584027.86,-1
2024-01-01,2024-01-01 15:00:00,577.0,594.0,571.5,577.0,0.0,25028.4,14584027.86,0
2024-01-02,2024-01-02 11:00:00,568.0,571.0,559.5,566.0,-0.35,15716.4,8808930.62,-1
2024-01-02,2024-01-02 12:00:00,566.0,566.0,564.0,564.0,-0.35,15716.4,8808930.62,-1
2024-01-02,2024-01-02 13:00:00,564.0,564.0,562.0,562.0,-0.35,15716.4,8808930.62,-1
2024-01-02,2024-01-02 14:00:00,562.0,562.0,560.0,560.0,-0.36,15716.4,8808930.62,-1
2024-01-02,2024-01-02 15:00:00,560.0,574.0,551.0,560.0,0.0,15716.4,8808930.62,0
2024-01-03,2024-01-03 11:00:00,563.0,565.5,557.75,562.0,-0.18,9554.8,5344827.08,-1
2024-01-03,2024-01-03 12:00:00,562.0,562.0,561.0,561.0,-0.18,9554.8,5344827.08,-1
2024-01-03,2024-01-03 13:00:00,561.0,561.0,560.0,560.0,-0.18,9554.8,5344827.08,-1
2024-01-03,2024-01-03 14:00:00,560.0,560.0,559.0,559.0,-0.18,9554.8,5344827.08,-1
2024-01-03,2024-01-03 15:00:00,559.0,568.0,552.5,559.0,0.0,9554.8,5344827.08,0
2024-01-04,2024-01-04 11:00:00,570.0,575.0,561.0,565.5,-0.79,18451.2,10411636.38,-1
2024-01-04,2024-01-04 12:00:00,565.5,565.5,561.0,561.0,-0.8,18451.2,10411636.38,-1
2024-01-04,2024-01-04 13:00:00,561.0,561.0,556.5,556.5,-0.8,18451.2,10411636.38,-1
2024-01-04,2024-01-04 14:00:00,556.5,556.5,552.0,552.0,-0.81,18451.2,10411636.38,-1
2024-01-04,2024-01-04 15:00:00,552.0,580.0,552.0,552.0,0.0,18451.2,10411636.38,0
2024-01-07,2024-01-07 11:00:00,552.0,555.0,547.0,550.5,-0.27,8266.8,4536850.82,-1
2024-01-07,2024-01-07 12:00:00,550.5,550.5,549.0,549.0,-0.27,8266.8,4536850.82,-1
2024-01-07,2024-01-07 13:00:00,549.0,549.0,547.5,547.5,-0.27,8266.8,4536850.82,-1
2024-01-07,2024-01-07 14:00:00,547.5,547.5,546.0,546.0,-0.27,8266.8,4536850.82,-1
2024-01-07,2024-01-07 15:00:00,546.0,558.0,542.0,546.0,0.0,8266.8,4536850.82,0
2024-01-08,2024-01-08 11:00:00,556.9,562.95,552.45,559.67,0.5,13944.0,7772548.04,1
2024-01-08,2024-01-08 12:00:00,559.67,562.45,559.67,562.45,0.5,13944.0,7772548.04,1
2024-01-08,2024-01-08 13:00:00,562.45,565.23,562.45,565.23,0.49,13944.0,7772548.04,1
2024-01-08,2024-01-08 14:00:00,565.23,568.0,565.23,568.0,0.49,13944.0,7772548.04,1
2024-01-08,2024-01-08 15:00:00,568.0,569.0,548.0,568.0,0.0,13944.0,7772548.04,0
2024-01-09,2024-01-09 11:00:00,575.0,575.0,567.5,572.0,-0.52,14700.4,8360884.48,-1
2024-01-09,2024-01-09 12:00:00,572.0,572.0,569.0,569.0,-0.52,14700.4,8360884.48,-1
2024-01-09,2024-01-09 13:00:00,569.0,569.0,566.0,566.0,-0.53,14700.4,8360884.48,-1
2024-01-09,2024-01-09 14:00:00,566.0,566.0,563.0,563.0,-0.53,14700.4,8360884.48,-1
2024-01-09,2024-01-09 15:00:00,563.0,575.0,560.0,563.0,0.0,14700.4,8360884.48,0
2024-01-10,2024-01-10 11:00:00,572.0,572.0,562.5,567.25,-0.83,7666.0,4295142.98,-1
2024-01-10,2024-01-10 12:00:00,567.25,567.25,562.5,562.5,-0.84,7666.0,4295142.98,-1
2024-01-10,2024-01-10 13:00:00,562.5,562.5,557.75,557.75,-0.84,7666.0,4295142.98,-1
2024-01-10,2024-01-10 14:00:00,557.75,557.75,553.0,553.0,-0.85,7666.0,4295142.98,-1
2024-01-10,2024-01-10 15:00:00,553.0,572.0,553.0,553.0,0.0,7666.0,4295142.98,0
2024-01-11,2024-01-11 11:00:00,560.0,560.0,552.5,556.25,-0.67,12665.0,6984765.32,-1
2024-01-11,2024-01-11 12:00:00,556.25,556.25,552.5,552.5,-0.67,12665.0,6984765.32,-1
2024-01-11,2024-01-11 13:00:00,552.5,552.5,548.75,548.75,-0.68,12665.0,6984765.32,-1
2024-01-11,2024-01-11 14:00:00,548.75,548.75,545.0,545.0,-0.68,12665.0,6984765.32,-1
2024-01-11,2024-01-11 15:00:00,545.0,560.0,545.0,545.0,0.0,12665.0,6984765.32,0
2024-01-14,2024-01-14 11:00:00,540.0,545.5,537.5,540.77,0.14,15467.2,8424658.4,1
2024-01-14,2024-01-14 12:00:00,540.77,541.55,540.77,541.55,0.14,15467.2,8424658.4,1
2024-01-14,2024-01-14 13:00:00,541.55,542.33,541.55,542.33,0.14,15467.2,8424658.4,1
2024-01-14,2024-01-14 14:00:00,542.33,543.1,542.33,543.1,0.14,15467.2,8424658.4,1
2024-01-14,2024-01-14 15:00:00,543.1,551.0,535.0,543.1,0.0,15467.2,8424658.4,0
2024-01-16,2024-01-16 11:00:00,550.9,560.45,545.45,553.75,0.52,13803.0,7708505.3,1
2024-01-16,2024-01-16 12:00:00,553.75,556.6,553.75,556.6,0.51,13803.0,7708505.3,1
2024-01-16,2024-01-16 13:00:00,556.6,559.45,556.6,559.45,0.51,13803.0,7708505.3,1
2024-01-16,2024-01-16 14:00:00,559.45,562.3,559.45,562.3,0.51,13803.0,7708505.3,1
2024-01-16,2024-01-16 15:00:00,562.3,570.0,540.0,562.3,0.0,13803.0,7708505.3,0
2024-01-17,2024-01-17 11:00:00,564.0,570.0,562.0,563.15,-0.15,23358.2,13274351.2,-1
2024-01-17,2024-01-17 12:00:00,563.15,563.15,562.3,562.3,-0.15,23358.2,13274351.2,-1
2024-01-17,2024-01-17 13:00:00,562.3,562.3,561.45,561.45,-0.15,23358.2,13274351.2,-1
2024-01-17,2024-01-17 14:00:00,561.45,561.45,560.6,560.6,-0.15,23358.2,13274351.2,-1
2024-01-17,2024-01-17 15:00:00,560.6,576.0,560.0,560.6,0.0,23358.2,13274351.2,0
2024-01-18,2024-01-18 11:00:00,559.0,561.0,554.5,558.55,-0.08,20144.6,11241918.88,-1
2024-01-18,2024-01-18 12:00:00,558.55,558.55,558.1,558.1,-0.08,20144.6,11241918.88,-1
2024-01-18,2024-01-18 13:00:00,558.1,558.1,557.65,557.65,-0.08,20144.6,11241918.88,-1
2024-01-18,2024-01-18 14:00:00,557.65,557.65,557.2,557.2,-0.08,20144.6,11241918.88,-1
2024-01-18,2024-01-18 15:00:00,557.2,563.0,550.0,557.2,0.0,20144.6,11241918.88,0
2024-01-21,2024-01-21 11:00:00,558.0,561.0,552.05,555.73,-0.41,12485.2,6921771.0,-1
2024-01-21,2024-01-21 12:00:00,555.73,555.73,553.45,553.45,-0.41,12485.2,6921771.0,-1
2024-01-21,2024-01-21 13:00:00,553.45,553.45,551.17,551.17,-0.41,12485.2,6921771.0,-1
2024-01-21,2024-01-21 14:00:00,551.17,551.17,548.9,548.9,-0.41,12485.2,6921771.0,-1
2024-01-21,2024-01-21 15:00:00,548.9,564.0,546.1,548.9,0.0,12485.2,6921771.0,0
2024-01-22,2024-01-22 11:00:00,544.0,549.5,542.0,543.25,-0.14,9732.2,5328273.42,-1
2024-01-22,2024-01-22 12:00:00,543.25,543.25,542.5,542.5,-0.14,9732.2,5328273.42,-1
2024-01-22,2024-01-22 13:00:00,542.5,542.5,541.75,541.75,-0.14,9732.2,5328273.42,-1
2024-01-22,2024-01-22 14:00:00,541.75,541.75,541.0,541.0,-0.14,9732.2,5328273.42,-1
2024-01-22,2024-01-22 15:00:00,541.0,555.0,540.0,541.0,0.0,9732.2,5328273.42,0
2024-01-23,2024-01-23 11:00:00,550.0,565.0,546.0,557.5,1.36,15120.2,8353475.44,1
2024-01-23,2024-01-23 12:00:00,557.5,565.0,557.5,565.0,1.35,15120.2,8353475.44,1
2024-01-23,2024-01-23 13:00:00,565.0,572.5,565.0,572.5,1.33,15120.2,8353475.44,1
2024-01-23,2024-01-23 14:00:00,572.5,580.0,572.5,580.0,1.31,15120.2,8353475.44,1
2024-01-23,2024-01-23 15:00:00,580.0,580.0,542.0,580.0,0.0,15120.2,8353475.44,0
2024-01-24,2024-01-24 11:00:00,570.0,575.0,566.5,570.62,0.11,34442.2,19621235.58,1
2024-01-24,2024-01-24 12:00:00,570.62,571.25,570.62,571.25,0.11,34442.2,19621235.58,1
2024-01-24,2024-01-24 13:00:00,571.25,571.88,571.25,571.88,0.11,34442.2,19621235.58,1
2024-01-24,2024-01-24 14:00:00,571.88,572.5,571.88,572.5,0.11,34442.2,19621235.58,1
2024-01-24,2024-01-24 15:00:00,572.5,580.0,563.0,572.5,0.0,34442.2,19621235.58,0
2024-01-25,2024-01-25 11:00:00,583.9,583.9,570.3,577.92,-1.02,15317.8,8645147.44,-1
2024-01-25,2024-01-25 12:00:00,577.92,577.92,571.95,571.95,-1.03,15317.8,8645147.44,-1
2024-01-25,2024-01-25 13:00:00,571.95,571.95,565.98,565.98,-1.04,15317.8,8645147.44,-1
2024-01-25,2024-01-25 14:00:00,565.98,565.98,560.0,560.0,-1.06,15317.8,8645147.44,-1
2024-01-25,2024-01-25 15:00:00,560.0,583.9,556.7,560.0,0.0,15317.8,8645147.44,0
2024-01-28,2024-01-28 11:00:00,570.9,570.9,562.95,569.42,-0.26,12191.8,6839790.44,-1
2024-01-28,2024-01-28 12:00:00,569.42,569.42,567.95,567.95,-0.26,12191.8,6839790.44,-1
2024-01-28,2024-01-28 13:00:00,567.95,567.95,566.48,566.48,-0.26,12191.8,6839790.44,-1
2024-01-28,2024-01-28 14:00:00,566.48,566.48,565.0,565.0,-0.26,12191.8,6839790.44,-1
2024-01-28,2024-01-28 15:00:00,565.0,570.9,555.0,565.0,0.0,12191.8,6839790.44,0
2024-01-29,2024-01-29 11:00:00,565.0,570.5,565.0,567.45,0.43,22081.6,12632858.64,1
2024-01-29,2024-01-29 12:00:00,567.45,569.9,567.45,569.9,0.43,22081.6,12632858.64,1
2024-01-29,2024-01-29 13:00:00,569.9,572.35,569.9,572.35,0.43,22081.6,12632858.64,1
2024-01-29,2024-01-29 14:00:00,572.35,574.8,572.35,574.8,0.43,22081.6,12632858.64,1
2024-01-29,2024-01-29 15:00:00,574.8,576.0,565.0,574.8,0.0,22081.6,12632858.64,0
2024-01-30,2024-01-30 11:00:00,586.0,588.5,581.05,585.75,-0.04,34614.4,20238040.94,-1
2024-01-30,2024-01-30 12:00:00,585.75,585.75,585.5,585.5,-0.04,34614.4,20238040.94,-1
2024-01-30,2024-01-30 13:00:00,585.5,585.5,585.25,585.25,-0.04,34614.4,20238040.94,-1
2024-01-30,2024-01-30 14:00:00,585.25,585.25,585.0,585.0,-0.04,34614.4,20238040.94,-1
2024-01-30,2024-01-30 15:00:00,585.0,591.0,576.1,585.0,0.0,34614.4,20238040.94,0
2024-01-31,2024-01-31 11:00:00,590.0,595.5,577.25,587.05,-0.5,27256.6,15816607.0,-1
2024-01-31,2024-01-31 12:00:00,587.05,587.05,584.1,584.1,-0.5,27256.6,15816607.0,-1
2024-01-31,2024-01-31 13:00:00,584.1,584.1,581.15,581.15,-0.51,27256.6,15816607.0,-1
2024-01-31,2024-01-31 14:00:00,581.15,581.15,578.2,578.2,-0.51,27256.6,15816607.0,-1
2024-01-31,2024-01-31 15:00:00,578.2,601.0,564.5,578.2,0.0,27256.6,15816607.0,0
2024-02-01,2024-02-01 11:00:00,568.0,572.5,564.0,568.75,0.13,24992.0,14188635.76,1
2024-02-01,2024-02-01 12:00:00,568.75,569.5,568.75,569.5,0.13,24992.0,14188635.76,1
2024-02-01,2024-02-01 13:00:00,569.5,570.25,569.5,570.25,0.13,24992.0,14188635.76,1
2024-02-01,2024-02-01 14:00:00,570.25,571.0,570.25,571.0,0.13,24992.0,14188635.76,1
2024-02-01,2024-02-01 15:00:00,571.0,577.0,560.0,571.0,0.0,24992.0,14188635.76,0
2024-02-04,2024-02-04 11:00:00,582.4,582.4,569.3,576.8,-0.96,13280.8,7513559.3,-1
2024-02-04,2024-02-04 12:00:00,576.8,576.8,571.2,571.2,-0.97,13280.8,7513559.3,-1
2024-02-04,2024-02-04 13:00:00,571.2,571.2,565.6,565.6,-0.98,13280.8,7513559.3,-1
2024-02-04,2024-02-04 14:00:00,565.6,565.6,560.0,560.0,-0.99,13280.8,7513559.3,-1
2024-02-04,2024-02-04 15:00:00,560.0,582.4,556.2,560.0,0.0,13280.8,7513559.3,0
2024-02-05,2024-02-05 11:00:00,571.0,571.0,563.4,568.0,-0.53,5822.2,3255635.56,-1
2024-02-05,2024-02-05 12:00:00,568.0,568.0,565.0,565.0,-0.53,5822.2,3255635.56,-1
2024-02-05,2024-02-05 13:00:00,565.0,565.0,562.0,562.0,-0.53,5822.2,3255635.56,-1
2024-02-05,2024-02-05 14:00:00,562.0,562.0,559.0,559.0,-0.53,5822.2,3255635.56,-1
2024-02-05,2024-02-05 15:00:00,559.0,571.0,555.8,559.0,0.0,5822.2,3255635.56,0
2024-02-06,2024-02-06 11:00:00,570.0,570.0,565.0,568.0,-0.35,15338.2,8633233.52,-1
2024-02-06,2024-02-06 12:00:00,568.0,568.0,566.0,566.0,-0.35,15338.2,8633233.52,-1
2024-02-06,2024-02-06 13:00:00,566.0,566.0,564.0,564.0,-0.35,15338.2,8633233.52,-1
2024-02-06,2024-02-06 14:00:00,564.0,564.0,562.0,562.0,-0.35,15338.2,8633233.52,-1
2024-02-06,2024-02-06 15:00:00,562.0,570.0,560.0,562.0,0.0,15338.2,8633233.52,0
2024-02-07,2024-02-07 11:00:00,550.8,561.9,550.8,553.38,0.47,11814.6,6677873.7,1
2024-02-07,2024-02-07 12:00:00,553.38,555.95,553.38,555.95,0.46,11814.6,6677873.7,1
2024-02-07,2024-02-07 13:00:00,555.95,558.52,555.95,558.52,0.46,11814.6,6677873.7,1
2024-02-07,2024-02-07 14:00:00,558.52,561.1,558.52,561.1,0.46,11814.6,6677873.7,1
2024-02-07,2024-02-07 15:00:00,561.1,573.0,550.8,561.1,0.0,11814.6,6677873.7,0
2024-02-08,2024-02-08 11:00:00,565.0,568.0,562.5,565.25,0.04,8836.2,4986933.98,1
2024-02-08,2024-02-08 12:00:00,565.25,565.5,565.25,565.5,0.04,8836.2,4986933.98,1
2024-02-08,2024-02-08 13:00:00,565.5,565.75,565.5,565.75,0.04,8836.2,4986933.98,1
2024-02-08,2024-02-08 14:00:00,565.75,566.0,565.75,566.0,0.04,8836.2,4986933.98,1
2024-02-08,2024-02-08 15:00:00,566.0,571.0,560.0,566.0,0.0,8836.2,4986933.98,0
2024-02-11,2024-02-11 11:00:00,571.0,572.9,567.05,569.75,-0.22,5996.2,3414542.18,-1
2024-02-11,2024-02-11 12:00:00,569.75,569.75,568.5,568.5,-0.22,5996.2,3414542.18,-1
2024-02-11,2024-02-11 13:00:00,568.5,568.5,567.25,567.25,-0.22,5996.2,3414542.18,-1
2024-02-11,2024-02-11 14:00:00,567.25,567.25,566.0,566.0,-0.22,5996.2,3414542.18,-1
2024-02-11,2024-02-11 15:00:00,566.0,574.8,563.1,566.0,0.0,5996.2,3414542.18,0
2024-02-12,2024-02-12 11:00:00,575.0,575.0,569.6,573.0,-0.35,9021.8,5128736.64,-1
2024-02-12,2024-02-12 12:00:00,573.0,573.0,571.0,571.0,-0.35,9021.8,5128736.64,-1
2024-02-12,2024-02-12 13:00:00,571.0,571.0,569.0,569.0,-0.35,9021.8,5128736.64,-1
2024-02-12,2024-02-12 14:00:00,569.0,569.0,567.0,567.0,-0.35,9021.8,5128736.64,-1
2024-02-12,2024-02-12 15:00:00,567.0,575.0,564.2,567.0,0.0,9021.8,5128736.64,0
2024-02-13,2024-02-13 11:00:00,560.0,565.0,560.0,561.75,0.31,21545.2,12174088.42,1
2024-02-13,2024-02-13 12:00:00,561.75,563.5,561.75,563.5,0.31,21545.2,12174088.42,1
2024-02-13,2024-02-13 13:00:00,563.5,565.25,563.5,565.25,0.31,21545.2,12174088.42,1
2024-02-13,2024-02-13 14:00:00,565.25,567.0,565.25,567.0,0.31,21545.2,12174088.42,1
2024-02-13,2024-02-13 15:00:00,567.0,570.0,560.0,567.0,0.0,21545.2,12174088.42,0
2024-02-14,2024-02-14 11:00:00,561.0,564.5,560.5,561.75,0.13,8252.0,4640910.42,1
2024-02-14,2024-02-14 12:00:00,561.75,562.5,561.75,562.5,0.13,8252.0,4640910.42,1
2024-02-14,2024-02-14 13:00:00,562.5,563.25,562.5,563.25,0.13,8252.0,4640910.42,1
2024-02-14,2024-02-14 14:00:00,563.25,564.0,563.25,564.0,0.13,8252.0,4640910.42,1
2024-02-14,2024-02-14 15:00:00,564.0,568.0,560.0,564.0,0.0,8252.0,4640910.42,0
2024-02-15,2024-02-15 11:00:00,563.0,565.45,561.0,563.0,0.0,6430.2,3620495.28,0
2024-02-15,2024-02-15 12:00:00,563.0,563.0,563.0,563.0,0.0,6430.2,3620495.28,0
2024-02-15,2024-02-15 13:00:00,563.0,563.0,563.0,563.0,0.0,6430.2,3620495.28,0
2024-02-15,2024-02-15 14:00:00,563.0,563.0,563.0,563.0,0.0,6430.2,3620495.28,0
2024-02-15,2024-02-15 15:00:00,563.0,567.9,559.0,563.0,0.0,6430.2,3620495.28,0
2024-02-18,2024-02-18 11:00:00,560.0,560.0,555.15,557.77,-0.4,8078.8,4480457.04,-1
2024-02-18,2024-02-18 12:00:00,557.77,557.77,555.55,555.55,-0.4,8078.8,4480457.04,-1
2024-02-18,2024-02-18 13:00:00,555.55,555.55,553.33,553.33,-0.4,8078.8,4480457.04,-1
2024-02-18,2024-02-18 14:00:00,553.33,553.33,551.1,551.1,-0.4,8078.8,4480457.04,-1
2024-02-18,2024-02-18 15:00:00,551.1,560.0,550.3,551.1,0.0,8078.8,4480457.04,0
2024-02-20,2024-02-20 11:00:00,555.0,555.95,552.5,554.0,-0.18,4893.0,2698226.26,-1
2024-02-20,2024-02-20 12:00:00,554.0,554.0,553.0,553.0,-0.18,4893.0,2698226.26,-1
2024-02-20,2024-02-20 13:00:00,553.0,553.0,552.0,552.0,-0.18,4893.0,2698226.26,-1
2024-02-20,2024-02-20 14:00:00,552.0,552.0,551.0,551.0,-0.18,4893.0,2698226.26,-1
2024-02-20,2024-02-20 15:00:00,551.0,556.9,550.0,551.0,0.0,4893.0,2698226.26,0
2024-02-21,2024-02-21 11:00:00,557.9,557.9,548.95,553.45,-0.8,6265.4,3417138.14,-1
2024-02-21,2024-02-21 12:00:00,553.45,553.45,549.0,549.0,-0.8,6265.4,3417138.14,-1
2024-02-21,2024-02-21 13:00:00,549.0,549.0,544.55,544.55,-0.81,6265.4,3417138.14,-1
2024-02-21,2024-02-21 14:00:00,544.55,544.55,540.1,540.1,-0.82,6265.4,3417138.14,-1
2024-02-21,2024-02-21 15:00:00,540.1,557.9,540.0,540.1,0.0,6265.4,3417138.14,0
2024-02-22,2024-02-22 11:00:00,540.1,547.05,537.65,539.33,-0.14,4820.6,2612255.72,-1
2024-02-22,2024-02-22 12:00:00,539.33,539.33,538.55,538.55,-0.14,4820.6,2612255.72,-1
2024-02-22,2024-02-22 13:00:00,538.55,538.55,537.77,537.77,-0.14,4820.6,2612255.72,-1
2024-02-22,2024-02-22 14:00:00,537.77,537.77,537.0,537.0,-0.14,4820.6,2612255.72,-1
2024-02-22,2024-02-22 15:00:00,537.0,554.0,535.2,537.0,0.0,4820.6,2612255.72,0
2024-02-25,2024-02-25 11:00:00,546.9,546.9,533.45,542.42,-0.82,3970.2,2108688.36,-1
2024-02-25,2024-02-25 12:00:00,542.42,542.42,537.95,537.95,-0.82,3970.2,2108688.36,-1
2024-02-25,2024-02-25 13:00:00,537.95,537.95,533.48,533.48,-0.83,3970.2,2108688.36,-1
2024-02-25,2024-02-25 14:00:00,533.48,533.48,529.0,529.0,-0.84,3970.2,2108688.36,-1
2024-02-25,2024-02-25 15:00:00,529.0,546.9,520.0,529.0,0.0,3970.2,2108688.36,0
2024-02-26,2024-02-26 11:00:00,532.9,536.45,529.45,531.92,-0.18,6059.6,3203433.92,-1
2024-02-26,2024-02-26 12:00:00,531.92,531.92,530.95,530.95,-0.18,6059.6,3203433.92,-1
2024-02-26,2024-02-26 13:00:00,530.95,530.95,529.98,529.98,-0.18,6059.6,3203433.92,-1
2024-02-26,2024-02-26 14:00:00,529.98,529.98,529.0,529.0,-0.18,6059.6,3203433.92,-1
2024-02-26,2024-02-26 15:00:00,529.0,540.0,526.0,529.0,0.0,6059.6,3203433.92,0
2024-02-27,2024-02-27 11:00:00,539.5,539.75,533.85,537.83,-0.31,3821.4,2037919.66,-1
2024-02-27,2024-02-27 12:00:00,537.83,537.83,536.15,536.15,-0.31,3821.4,2037919.66,-1
2024-02-27,2024-02-27 13:00:00,536.15,536.15,534.47,534.47,-0.31,3821.4,2037919.66,-1
2024-02-27,2024-02-27 14:00:00,534.47,534.47,532.8,532.8,-0.31,3821.4,2037919.66,-1
2024-02-27,2024-02-27 15:00:00,532.8,540.0,528.2,532.8,0.0,3821.4,2037919.66,0
2024-02-28,2024-02-28 11:00:00,540.0,541.5,533.0,539.5,-0.09,5884.4,3156073.72,-1
2024-02-28,2024-02-28 12:00:00,539.5,539.5,539.0,539.0,-0.09,5884.4,3156073.72,-1
2024-02-28,2024-02-28 13:00:00,539.0,539.0,538.5,538.5,-0.09,5884.4,3156073.72,-1
2024-02-28,2024-02-28 14:00:00,538.5,538.5,538.0,538.0,-0.09,5884.4,3156073.72,-1
2024-02-28,2024-02-28 15:00:00,538.0,543.0,526.0,538.0,0.0,5884.4,3156073.72,0
2024-02-29,2024-02-29 11:00:00,530.0,534.5,525.05,528.75,-0.24,4271.8,2241407.1,-1
2024-02-29,2024-02-29 12:00:00,528.75,528.75,527.5,527.5,-0.24,4271.8,2241407.1,-1
2024-02-29,2024-02-29 13:00:00,527.5,527.5,526.25,526.25,-0.24,4271.8,2241407.1,-1
2024-02-29,2024-02-29 14:00:00,526.25,526.25,525.0,525.0,-0.24,4271.8,2241407.1,-1
2024-02-29,2024-02-29 15:00:00,525.0,539.0,520.1,525.0,0.0,4271.8,2241407.1,0
2024-03-03,2024-03-03 11:00:00,515.0,522.5,511.0,515.92,0.18,13776.6,7069138.58,1
2024-03-03,2024-03-03 12:00:00,515.92,516.85,515.92,516.85,0.18,13776.6,7069138.58,1
2024-03-03,2024-03-03 13:00:00,516.85,517.78,516.85,517.78,0.18,13776.6,7069138.58,1
2024-03-03,2024-03-03 14:00:00,517.78,518.7,517.78,518.7,0.18,13776.6,7069138.58,1
2024-03-03,2024-03-03 15:00:00,518.7,530.0,507.0,518.7,0.0,13776.6,7069138.58,0
2024-03-04,2024-03-04 11:00:00,529.0,544.0,529.0,536.5,1.42,353.4,191941.4,1
2024-03-04,2024-03-04 12:00:00,536.5,544.0,536.5,544.0,1.4,353.4,191941.4,1
2024-03-04,2024-03-04 13:00:00,544.0,551.5,544.0,551.5,1.38,353.4,191941.4,1
2024-03-04,2024-03-04 14:00:00,551.5,559.0,551.5,559.0,1.36,353.4,191941.4,1
2024-03-04,2024-03-04 15:00:00,559.0,559.0,529.0,559.0,0.0,353.4,191941.4,0
2024-03-05,2024-03-05 11:00:00,559.0,559.0,539.5,552.73,-1.12,15785.2,8401733.5,-1
2024-03-05,2024-03-05 12:00:00,552.73,552.73,546.45,546.45,-1.14,15785.2,8401733.5,-1
2024-03-05,2024-03-05 13:00:00,546.45,546.45,540.17,540.17,-1.15,15785.2,8401733.5,-1
2024-03-05,2024-03-05 14:00:00,540.17,540.17,533.9,533.9,-1.16,15785.2,8401733.5,-1
2024-03-05,2024-03-05 15:00:00,533.9,559.0,520.0,533.9,0.0,15785.2,8401733.5,0
2024-03-06,2024-03-06 11:00:00,525.0,533.4,520.0,526.25,0.24,19383.6,10172335.8,1
2024-03-06,2024-03-06 12:00:00,526.25,527.5,526.25,527.5,0.24,19383.6,10172335.8,1
2024-03-06,2024-03-06 13:00:00,527.5,528.75,527.5,528.75,0.24,19383.6,10172335.8,1
2024-03-06,2024-03-06 14:00:00,528.75,530.0,528.75,530.0,0.24,19383.6,10172335.8,1
2024-03-06,2024-03-06 15:00:00,530.0,541.8,515.0,530.0,0.0,19383.6,10172335.8,0
2024-03-07,2024-03-07 11:00:00,524.1,534.3,524.1,529.02,0.94,5933.2,3193866.46,1
2024-03-07,2024-03-07 12:00:00,529.02,533.95,529.02,533.95,0.93,5933.2,3193866.46,1
2024-03-07,2024-03-07 13:00:00,533.95,538.88,533.95,538.88,0.92,5933.2,3193866.46,1
2024-03-07,2024-03-07 14:00:00,538.88,543.8,538.88,543.8,0.91,5933.2,3193866.46,1
2024-03-07,2024-03-07 15:00:00,543.8,544.5,524.1,543.8,0.0,5933.2,3193866.46,0
2024-03-10,2024-03-10 11:00:00,543.8,551.9,541.9,545.35,0.29,9458.6,5225506.48,1
2024-03-10,2024-03-10 12:00:00,545.35,546.9,545.35,546.9,0.28,9458.6,5225506.48,1
2024-03-10,2024-03-10 13:00:00,546.9,548.45,546.9,548.45,0.28,9458.6,5225506.48,1
2024-03-10,2024-03-10 14:00:00,548.45,550.0,548.45,550.0,0.28,9458.6,5225506.48,1
2024-03-10,2024-03-10 15:00:00,550.0,560.0,540.0,550.0,0.0,9458.6,5225506.48,0
2024-03-12,2024-03-12 11:00:00,560.0,564.95,556.0,562.25,0.4,14784.2,8298832.18,1
2024-03-12,2024-03-12 12:00:00,562.25,564.5,562.25,564.5,0.4,14784.2,8298832.18,1
2024-03-12,2024-03-12 13:00:00,564.5,566.75,564.5,566.75,0.4,14784.2,8298832.18,1
2024-03-12,2024-03-12 14:00:00,566.75,569.0,566.75,569.0,0.4,14784.2,8298832.18,1
2024-03-12,2024-03-12 15:00:00,569.0,569.9,552.0,569.0,0.0,14784.2,8298832.18,0
2024-03-13,2024-03-13 11:00:00,580.3,580.3,568.7,575.47,-0.83,11142.4,6278001.12,-1
2024-03-13,2024-03-13 12:00:00,575.47,575.47,570.65,570.65,-0.84,11142.4,6278001.12,-1
2024-03-13,2024-03-13 13:00:00,570.65,570.65,565.83,565.83,-0.84,11142.4,6278001.12,-1
2024-03-13,2024-03-13 14:00:00,565.83,565.83,561.0,561.0,-0.85,11142.4,6278001.12,-1
2024-03-13,2024-03-13 15:00:00,561.0,580.3,557.1,561.0,0.0,11142.4,6278001.12,0
2024-03-14,2024-03-14 11:00:00,561.0,563.5,553.0,558.5,-0.45,9236.8,5110648.84,-1
2024-03-14,2024-03-14 12:00:00,558.5,558.5,556.0,556.0,-0.45,9236.8,5110648.84,-1
2024-03-14,2024-03-14 13:00:00,556.0,556.0,553.5,553.5,-0.45,9236.8,5110648.84,-1
2024-03-14,2024-03-14 14:00:00,553.5,553.5,551.0,551.0,-0.45,9236.8,5110648.84,-1
2024-03-14,2024-03-14 15:00:00,551.0,566.0,545.0,551.0,0.0,9236.8,5110648.84,0
2024-03-17,2024-03-17 11:00:00,550.1,555.05,547.7,550.05,-0.01,6555.6,3617211.32,-1
2024-03-17,2024-03-17 12:00:00,550.05,550.05,550.0,550.0,-0.01,6555.6,3617211.32,-1
2024-03-17,2024-03-17 13:00:00,550.0,550.0,549.95,549.95,-0.01,6555.6,3617211.32,-1
2024-03-17,2024-03-17 14:00:00,549.95,549.95,549.9,549.9,-0.01,6555.6,3617211.32,-1
2024-03-17,2024-03-17 15:00:00,549.9,560.0,545.3,549.9,0.0,6555.6,3617211.32,0
2024-03-18,2024-03-18 11:00:00,554.0,554.5,549.5,551.83,-0.39,4751.2,2599903.4,-1
2024-03-18,2024-03-18 12:00:00,551.83,551.83,549.65,549.65,-0.4,4751.2,2599903.4,-1
2024-03-18,2024-03-18 13:00:00,549.65,549.65,547.47,547.47,-0.4,4751.2,2599903.4,-1
2024-03-18,2024-03-18 14:00:00,547.47,547.47,545.3,545.3,-0.4,4751.2,2599903.4,-1
2024-03-18,2024-03-18 15:00:00,545.3,555.0,545.0,545.3,0.0,4751.2,2599903.4,0
2024-03-19,2024-03-19 11:00:00,555.0,555.0,548.65,552.25,-0.5,6029.8,3312987.74,-1
2024-03-19,2024-03-19 12:00:00,552.25,552.25,549.5,549.5,-0.5,6029.8,3312987.74,-1
2024-03-19,2024-03-19 13:00:00,549.5,549.5,546.75,546.75,-0.5,6029.8,3312987.74,-1
2024-03-19,2024-03-19 14:00:00,546.75,546.75,544.0,544.0,-0.5,6029.8,3312987.74,-1
2024-03-19,2024-03-19 15:00:00,544.0,555.0,542.3,544.0,0.0,6029.8,3312987.74,0
2024-03-20,2024-03-20 11:00:00,553.0,553.0,547.0,550.7,-0.42,3624.2,1973770.12,-1
2024-03-20,2024-03-20 12:00:00,550.7,550.7,548.4,548.4,-0.42,3624.2,1973770.12,-1
2024-03-20,2024-03-20 13:00:00,548.4,548.4,546.1,546.1,-0.42,3624.2,1973770.12,-1
2024-03-20,2024-03-20 14:00:00,546.1,546.1,543.8,543.8,-0.42,3624.2,1973770.12,-1
2024-03-20,2024-03-20 15:00:00,543.8,553.0,541.0,543.8,0.0,3624.2,1973770.12,0
2024-03-21,2024-03-21 11:00:00,554.6,554.6,544.8,551.9,-0.49,4913.2,2657783.12,-1
2024-03-21,2024-03-21 12:00:00,551.9,551.9,549.2,549.2,-0.49,4913.2,2657783.12,-1
2024-03-21,2024-03-21 13:00:00,549.2,549.2,546.5,546.5,-0.49,4913.2,2657783.12,-1
2024-03-21,2024-03-21 14:00:00,546.5,546.5,543.8,543.8,-0.49,4913.2,2657783.12,-1
2024-03-21,2024-03-21 15:00:00,543.8,554.6,535.0,543.8,0.0,4913.2,2657783.12,0
2024-03-25,2024-03-25 11:00:00,535.0,540.0,535.0,537.25,0.42,4415.8,2382932.44,1
2024-03-25,2024-03-25 12:00:00,537.25,539.5,537.25,539.5,0.42,4415.8,2382932.44,1
2024-03-25,2024-03-25 13:00:00,539.5,541.75,539.5,541.75,0.42,4415.8,2382932.44,1
2024-03-25,2024-03-25 14:00:00,541.75,544.0,541.75,544.0,0.42,4415.8,2382932.44,1
2024-03-25,2024-03-25 15:00:00,544.0,545.0,535.0,544.0,0.0,4415.8,2382932.44,0
2024-03-26,2024-03-26 11:00:00,552.0,552.0,543.6,549.73,-0.41,4188.8,2265266.92,-1
2024-03-26,2024-03-26 12:00:00,549.73,549.73,547.45,547.45,-0.41,4188.8,2265266.92,-1
2024-03-26,2024-03-26 13:00:00,547.45,547.45,545.17,545.17,-0.42,4188.8,2265266.92,-1
2024-03-26,2024-03-26 14:00:00,545.17,545.17,542.9,542.9,-0.42,4188.8,2265266.92,-1
2024-03-26,2024-03-26 15:00:00,542.9,552.0,535.2,542.9,0.0,4188.8,2265266.92,0
2024-03-27,2024-03-27 11:00:00,533.7,539.35,533.7,534.48,0.15,4912.2,2640982.8,1
2024-03-27,2024-03-27 12:00:00,534.48,535.25,534.48,535.25,0.14,4912.2,2640982.8,1
2024-03-27,2024-03-27 13:00:00,535.25,536.02,535.25,536.02,0.14,4912.2,2640982.8,1
2024-03-27,2024-03-27 14:00:00,536.02,536.8,536.02,536.8,0.15,4912.2,2640982.8,1
2024-03-27,2024-03-27 15:00:00,536.8,545.0,533.7,536.8,0.0,4912.2,2640982.8,0
2024-03-28,2024-03-28 11:00:00,536.0,540.5,533.5,535.27,-0.14,7318.0,3914981.68,-1
2024-03-28,2024-03-28 12:00:00,535.27,535.27,534.55,534.55,-0.13,7318.0,3914981.68,-1
2024-03-28,2024-03-28 13:00:00,534.55,534.55,533.83,533.83,-0.13,7318.0,3914981.68,-1
2024-03-28,2024-03-28 14:00:00,533.83,533.83,533.1,533.1,-0.14,7318.0,3914981.68,-1
2024-03-28,2024-03-28 15:00:00,533.1,545.0,531.0,533.1,0.0,7318.0,3914981.68,0
2024-03-31,2024-03-31 11:00:00,535.0,538.0,533.7,536.25,0.23,2369.4,1268298.62,1
2024-03-31,2024-03-31 12:00:00,536.25,537.5,536.25,537.5,0.23,2369.4,1268298.62,1
2024-03-31,2024-03-31 13:00:00,537.5,538.75,537.5,538.75,0.23,2369.4,1268298.62,1
2024-03-31,2024-03-31 14:00:00,538.75,540.0,538.75,540.0,0.23,2369.4,1268298.62,1
2024-03-31,2024-03-31 15:00:00,540.0,541.0,532.4,540.0,0.0,2369.4,1268298.62,0
2024-04-01,2024-04-01 11:00:00,529.2,534.45,529.1,530.62,0.27,3077.0,1635750.16,1
2024-04-01,2024-04-01 12:00:00,530.62,532.05,530.62,532.05,0.27,3077.0,1635750.16,1
2024-04-01,2024-04-01 13:00:00,532.05,533.48,532.05,533.48,0.27,3077.0,1635750.16,1
2024-04-01,2024-04-01 14:00:00,533.48,534.9,533.48,534.9,0.27,3077.0,1635750.16,1
2024-04-01,2024-04-01 15:00:00,534.9,539.7,529.0,534.9,0.0,3077.0,1635750.16,0
2024-04-02,2024-04-02 11:00:00,545.5,545.5,536.75,541.17,-0.79,1589.6,843113.66,-1
2024-04-02,2024-04-02 12:00:00,541.17,541.17,536.85,536.85,-0.8,1589.6,843113.66,-1
2024-04-02,2024-04-02 13:00:00,536.85,536.85,532.53,532.53,-0.8,1589.6,843113.66,-1
2024-04-02,2024-04-02 14:00:00,532.53,532.53,528.2,528.2,-0.81,1589.6,843113.66,-1
2024-04-02,2024-04-02 15:00:00,528.2,545.5,528.0,528.2,0.0,1589.6,843113.66,0
2024-04-03,2024-04-03 11:00:00,538.7,538.7,531.6,535.28,-0.63,3302.0,1743272.18,-1
2024-04-03,2024-04-03 12:00:00,535.28,535.28,531.85,531.85,-0.64,3302.0,1743272.18,-1
2024-04-03,2024-04-03 13:00:00,531.85,531.85,528.42,528.42,-0.64,3302.0,1743272.18,-1
2024-04-03,2024-04-03 14:00:00,528.42,528.42,525.0,525.0,-0.65,3302.0,1743272.18,-1
2024-04-03,2024-04-03 15:00:00,525.0,538.7,524.5,525.0,0.0,3302.0,1743272.18,0
2024-04-04,2024-04-04 11:00:00,526.0,527.5,522.6,525.58,-0.08,6196.6,3240729.46,-1
2024-04-04,2024-04-04 12:00:00,525.58,525.58,525.15,525.15,-0.08,6196.6,3240729.46,-1
2024-04-04,2024-04-04 13:00:00,525.15,525.15,524.72,524.72,-0.08,6196.6,3240729.46,-1
2024-04-04,2024-04-04 14:00:00,524.72,524.72,524.3,524.3,-0.08,6196.6,3240729.46,-1
2024-04-04,2024-04-04 15:00:00,524.3,529.0,519.2,524.3,0.0,6196.6,3240729.46,0
2024-04-07,2024-04-07 11:00:00,520.3,529.1,520.3,524.35,0.78,9540.0,5092044.06,1
2024-04-07,2024-04-07 12:00:00,524.35,528.4,524.35,528.4,0.77,9540.0,5092044.06,1
2024-04-07,2024-04-07 13:00:00,528.4,532.45,528.4,532.45,0.77,9540.0,5092044.06,1
2024-04-07,2024-04-07 14:00:00,532.45,536.5,532.45,536.5,0.76,9540.0,5092044.06,1
2024-04-07,2024-04-07 15:00:00,536.5,537.9,520.3,536.5,0.0,9540.0,5092044.06,0
2024-04-09,2024-04-09 11:00:00,537.0,544.5,535.5,539.08,0.39,13565.2,7364916.72,1
2024-04-09,2024-04-09 12:00:00,539.08,541.15,539.08,541.15,0.38,13565.2,7364916.72,1
2024-04-09,2024-04-09 13:00:00,541.15,543.22,541.15,543.22,0.38,13565.2,7364916.72,1
2024-04-09,2024-04-09 14:00:00,543.22,545.3,543.22,545.3,0.38,13565.2,7364916.72,1
2024-04-09,2024-04-09 15:00:00,545.3,552.0,534.0,545.3,0.0,13565.2,7364916.72,0
2024-04-10,2024-04-10 11:00:00,554.8,554.8,545.4,550.38,-0.8,4079.8,2214714.42,-1
2024-04-10,2024-04-10 12:00:00,550.38,550.38,545.95,545.95,-0.8,4079.8,2214714.42,-1
2024-04-10,2024-04-10 13:00:00,545.95,545.95,541.52,541.52,-0.81,4079.8,2214714.42,-1
2024-04-10,2024-04-10 14:00:00,541.52,541.52,537.1,537.1,-0.82,4079.8,2214714.42,-1
2024-04-10,2024-04-10 15:00:00,537.1,554.8,536.0,537.1,0.0,4079.8,2214714.42,0
2024-04-14,2024-04-14 11:00:00,535.1,537.5,529.7,533.33,-0.33,8039.8,4264462.56,-1
2024-04-14,2024-04-14 12:00:00,533.33,533.33,531.55,531.55,-0.33,8039.8,4264462.56,-1
2024-04-14,2024-04-14 13:00:00,531.55,531.55,529.77,529.77,-0.33,8039.8,4264462.56,-1
2024-04-14,2024-04-14 14:00:00,529.77,529.77,528.0,528.0,-0.33,8039.8,4264462.56,-1
2024-04-14,2024-04-14 15:00:00,528.0,539.9,524.3,528.0,0.0,8039.8,4264462.56,0
2024-04-15,2024-04-15 11:00:00,529.0,529.55,524.6,526.8,-0.42,1685.2,886425.88,-1
2024-04-15,2024-04-15 12:00:00,526.8,526.8,524.6,524.6,-0.42,1685.2,886425.88,-1
2024-04-15,2024-04-15 13:00:00,524.6,524.6,522.4,522.4,-0.42,1685.2,886425.88,-1
2024-04-15,2024-04-15 14:00:00,522.4,522.4,520.2,520.2,-0.42,1685.2,886425.88,-1
2024-04-15,2024-04-15 15:00:00,520.2,530.1,520.2,520.2,0.0,1685.2,886425.88,0
2024-04-16,2024-04-16 11:00:00,520.2,522.6,519.1,519.78,-0.08,2771.8,1446674.38,-1
2024-04-16,2024-04-16 12:00:00,519.78,519.78,519.35,519.35,-0.08,2771.8,1446674.38,-1
2024-04-16,2024-04-16 13:00:00,519.35,519.35,518.92,518.92,-0.08,2771.8,1446674.38,-1
2024-04-16,2024-04-16 14:00:00,518.92,518.92,518.5,518.5,-0.08,2771.8,1446674.38,-1
2024-04-16,2024-04-16 15:00:00,518.5,525.0,518.0,518.5,0.0,2771.8,1446674.38,0
2024-04-18,2024-04-18 11:00:00,510.1,518.05,510.05,512.95,0.56,2326.6,1206623.86,1
2024-04-18,2024-04-18 12:00:00,512.95,515.8,512.95,515.8,0.56,2326.6,1206623.86,1
2024-04-18,2024-04-18 13:00:00,515.8,518.65,515.8,518.65,0.55,2326.6,1206623.86,1
2024-04-18,2024-04-18 14:00:00,518.65,521.5,518.65,521.5,0.55,2326.6,1206623.86,1
2024-04-18,2024-04-18 15:00:00,521.5,526.0,510.0,521.5,0.0,2326.6,1206623.86,0
2024-04-21,2024-04-21 11:00:00,517.1,523.55,516.05,519.08,0.38,6259.2,3289437.76,1
2024-04-21,2024-04-21 12:00:00,519.08,521.05,519.08,521.05,0.38,6259.2,3289437.76,1
2024-04-21,2024-04-21 13:00:00,521.05,523.02,521.05,523.02,0.38,6259.2,3289437.76,1
2024-04-21,2024-04-21 14:00:00,523.02,525.0,523.02,525.0,0.38,6259.2,3289437.76,1
2024-04-21,2024-04-21 15:00:00,525.0,530.0,515.0,525.0,0.0,6259.2,3289437.76,0
2024-04-22,2024-04-22 11:00:00,528.0,528.0,523.15,526.0,-0.38,1504.2,783943.38,-1
2024-04-22,2024-04-22 12:00:00,526.0,526.0,524.0,524.0,-0.38,1504.2,783943.38,-1
2024-04-22,2024-04-22 13:00:00,524.0,524.0,522.0,522.0,-0.38,1504.2,783943.38,-1
2024-04-22,2024-04-22 14:00:00,522.0,522.0,520.0,520.0,-0.38,1504.2,783943.38,-1
2024-04-22,2024-04-22 15:00:00,520.0,528.0,518.3,520.0,0.0,1504.2,783943.38,0
2024-04-24,2024-04-24 11:00:00,520.0,521.9,519.05,519.52,-0.09,1488.2,775110.04,-1
2024-04-24,2024-04-24 12:00:00,519.52,519.52,519.05,519.05,-0.09,1488.2,775110.04,-1
2024-04-24,2024-04-24 13:00:00,519.05,519.05,518.58,518.58,-0.09,1488.2,775110.04,-1
2024-04-24,2024-04-24 14:00:00,518.58,518.58,518.1,518.1,-0.09,1488.2,775110.04,-1
2024-04-24,2024-04-24 15:00:00,518.1,523.8,518.1,518.1,0.0,1488.2,775110.04,0
2024-04-25,2024-04-25 11:00:00,521.0,523.5,518.1,519.67,-0.26,3480.0,1807683.04,-1
2024-04-25,2024-04-25 12:00:00,519.67,519.67,518.35,518.35,-0.25,3480.0,1807683.04,-1
2024-04-25,2024-04-25 13:00:00,518.35,518.35,517.03,517.03,-0.25,3480.0,1807683.04,-1
2024-04-25,2024-04-25 14:00:00,517.03,517.03,515.7,515.7,-0.26,3480.0,1807683.04,-1
2024-04-25,2024-04-25 15:00:00,515.7,526.0,515.2,515.7,0.0,3480.0,1807683.04,0
2024-04-28,2024-04-28 11:00:00,521.0,525.45,519.15,522.0,0.19,3023.4,1588005.68,1
2024-04-28,2024-04-28 12:00:00,522.0,523.0,522.0,523.0,0.19,3023.4,1588005.68,1
2024-04-28,2024-04-28 13:00:00,523.0,524.0,523.0,524.0,0.19,3023.4,1588005.68,1
2024-04-28,2024-04-28 14:00:00,524.0,525.0,524.0,525.0,0.19,3023.4,1588005.68,1
2024-04-28,2024-04-28 15:00:00,525.0,529.9,517.3,525.0,0.0,3023.4,1588005.68,0
2024-04-29,2024-04-29 11:00:00,525.0,527.5,521.7,524.75,-0.05,1896.8,995751.36,-1
2024-04-29,2024-04-29 12:00:00,524.75,524.75,524.5,524.5,-0.05,1896.8,995751.36,-1
2024-04-29,2024-04-29 13:00:00,524.5,524.5,524.25,524.25,-0.05,1896.8,995751.36,-1
2024-04-29,2024-04-29 14:00:00,524.25,524.25,524.0,524.0,-0.05,1896.8,995751.36,-1
2024-04-29,2024-04-29 15:00:00,524.0,530.0,518.4,524.0,0.0,1896.8,995751.36,0
2024-04-30,2024-04-30 11:00:00,522.0,532.5,522.0,526.0,0.77,5536.2,2952799.96,1
2024-04-30,2024-04-30 12:00:00,526.0,530.0,526.0,530.0,0.76,5536.2,2952799.96,1
2024-04-30,2024-04-30 13:00:00,530.0,534.0,530.0,534.0,0.75,5536.2,2952799.96,1
2024-04-30,2024-04-30 14:00:00,534.0,538.0,534.0,538.0,0.75,5536.2,2952799.96,1
2024-04-30,2024-04-30 15:00:00,538.0,543.0,522.0,538.0,0.0,5536.2,2952799.96,0
2024-05-02,2024-05-02 11:00:00,548.7,554.1,541.9,545.53,-0.58,8418.6,4568270.76,-1
2024-05-02,2024-05-02 12:00:00,545.53,545.53,542.35,542.35,-0.58,8418.6,4568270.76,-1
2024-05-02,2024-05-02 13:00:00,542.35,542.35,539.17,539.17,-0.59,8418.6,4568270.76,-1
2024-05-02,2024-05-02 14:00:00,539.17,539.17,536.0,536.0,-0.59,8418.6,4568270.76,-1
2024-05-02,2024-05-02 15:00:00,536.0,559.5,535.1,536.0,0.0,8418.6,4568270.76,0
2024-05-05,2024-05-05 11:00:00,546.0,546.0,536.65,543.0,-0.55,5767.4,3085383.76,-1
2024-05-05,2024-05-05 12:00:00,543.0,543.0,540.0,540.0,-0.55,5767.4,3085383.76,-1
2024-05-05,2024-05-05 13:00:00,540.0,540.0,537.0,537.0,-0.56,5767.4,3085383.76,-1
2024-05-05,2024-05-05 14:00:00,537.0,537.0,534.0,534.0,-0.56,5767.4,3085383.76,-1
2024-05-05,2024-05-05 15:00:00,534.0,546.0,527.3,534.0,0.0,5767.4,3085383.76,0
2024-05-06,2024-05-06 11:00:00,534.0,534.6,529.15,531.58,-0.45,2657.2,1400113.02,-1
2024-05-06,2024-05-06 12:00:00,531.58,531.58,529.15,529.15,-0.46,2657.2,1400113.02,-1
2024-05-06,2024-05-06 13:00:00,529.15,529.15,526.72,526.72,-0.46,2657.2,1400113.02,-1
2024-05-06,2024-05-06 14:00:00,526.72,526.72,524.3,524.3,-0.46,2657.2,1400113.02,-1
2024-05-06,2024-05-06 15:00:00,524.3,535.2,524.3,524.3,0.0,2657.2,1400113.02,0
2024-05-07,2024-05-07 11:00:00,534.0,534.0,528.5,531.38,-0.49,2265.8,1191770.92,-1
2024-05-07,2024-05-07 12:00:00,531.38,531.38,528.75,528.75,-0.49,2265.8,1191770.92,-1
2024-05-07,2024-05-07 13:00:00,528.75,528.75,526.12,526.12,-0.5,2265.8,1191770.92,-1
2024-05-07,2024-05-07 14:00:00,526.12,526.12,523.5,523.5,-0.5,2265.8,1191770.92,-1
2024-05-07,2024-05-07 15:00:00,523.5,534.0,523.0,523.5,0.0,2265.8,1191770.92,0
2024-05-08,2024-05-08 11:00:00,523.8,527.9,522.9,524.35,0.11,3633.8,1912191.12,1
2024-05-08,2024-05-08 12:00:00,524.35,524.9,524.35,524.9,0.1,3633.8,1912191.12,1
2024-05-08,2024-05-08 13:00:00,524.9,525.45,524.9,525.45,0.1,3633.8,1912191.12,1
2024-05-08,2024-05-08 14:00:00,525.45,526.0,525.45,526.0,0.1,3633.8,1912191.12,1
2024-05-08,2024-05-08 15:00:00,526.0,532.0,522.0,526.0,0.0,3633.8,1912191.12,0
2024-05-09,2024-05-09 11:00:00,530.0,530.5,527.55,530.0,0.0,2121.6,1120452.68,0
2024-05-09,2024-05-09 12:00:00,530.0,530.0,530.0,530.0,0.0,2121.6,1120452.68,0
2024-05-09,2024-05-09 13:00:00,530.0,530.0,530.0,530.0,0.0,2121.6,1120452.68,0
2024-05-09,2024-05-09 14:00:00,530.0,530.0,530.0,530.0,0.0,2121.6,1120452.68,0
2024-05-09,2024-05-09 15:00:00,530.0,531.0,525.1,530.0,0.0,2121.6,1120452.68,0
2024-05-12,2024-05-12 11:00:00,540.6,543.3,535.3,539.45,-0.21,6453.0,3484189.3,-1
2024-05-12,2024-05-12 12:00:00,539.45,539.45,538.3,538.3,-0.21,6453.0,3484189.3,-1
2024-05-12,2024-05-12 13:00:00,538.3,538.3,537.15,537.15,-0.21,6453.0,3484189.3,-1
2024-05-12,2024-05-12 14:00:00,537.15,537.15,536.0,536.0,-0.21,6453.0,3484189.3,-1
2024-05-12,2024-05-12 15:00:00,536.0,546.0,530.0,536.0,0.0,6453.0,3484189.3,0
2024-05-13,2024-05-13 11:00:00,533.2,537.6,529.25,532.65,-0.1,3698.2,1967137.88,-1
2024-05-13,2024-05-13 12:00:00,532.65,532.65,532.1,532.1,-0.1,3698.2,1967137.88,-1
2024-05-13,2024-05-13 13:00:00,532.1,532.1,531.55,531.55,-0.1,3698.2,1967137.88,-1
2024-05-13,2024-05-13 14:00:00,531.55,531.55,531.0,531.0,-0.1,3698.2,1967137.88,-1
2024-05-13,2024-05-13 15:00:00,531.0,542.0,525.3,531.0,0.0,3698.2,1967137.88,0
2024-05-14,2024-05-14 11:00:00,527.1,535.3,527.1,530.1,0.57,6138.4,3314990.2,1
2024-05-14,2024-05-14 12:00:00,530.1,533.1,530.1,533.1,0.57,6138.4,3314990.2,1
2024-05-14,2024-05-14 13:00:00,533.1,536.1,533.1,536.1,0.56,6138.4,3314990.2,1
2024-05-14,2024-05-14 14:00:00,536.1,539.1,536.1,539.1,0.56,6138.4,3314990.2,1
2024-05-14,2024-05-14 15:00:00,539.1,543.5,527.1,539.1,0.0,6138.4,3314990.2,0
2024-05-15,2024-05-15 11:00:00,536.0,542.5,535.6,535.85,-0.03,7517.6,4073162.4,-1
2024-05-15,2024-05-15 12:00:00,535.85,535.85,535.7,535.7,-0.03,7517.6,4073162.4,-1
2024-05-15,2024-05-15 13:00:00,535.7,535.7,535.55,535.55,-0.03,7517.6,4073162.4,-1
2024-05-15,2024-05-15 14:00:00,535.55,535.55,535.4,535.4,-0.03,7517.6,4073162.4,-1
2024-05-15,2024-05-15 15:00:00,535.4,549.0,535.2,535.4,0.0,7517.6,4073162.4,0
2024-05-16,2024-05-16 11:00:00,531.0,535.45,530.25,532.0,0.19,4677.4,2487913.08,1
2024-05-16,2024-05-16 12:00:00,532.0,533.0,532.0,533.0,0.19,4677.4,2487913.08,1
2024-05-16,2024-05-16 13:00:00,533.0,534.0,533.0,534.0,0.19,4677.4,2487913.08,1
2024-05-16,2024-05-16 14:00:00,534.0,535.0,534.0,535.0,0.19,4677.4,2487913.08,1
2024-05-16,2024-05-16 15:00:00,535.0,539.9,529.5,535.0,0.0,4677.4,2487913.08,0
2024-05-19,2024-05-19 11:00:00,545.7,556.1,541.85,550.03,0.79,32826.4,18362829.76,1
2024-05-19,2024-05-19 12:00:00,550.03,554.35,550.03,554.35,0.79,32826.4,18362829.76,1
2024-05-19,2024-05-19 13:00:00,554.35,558.67,554.35,558.67,0.78,32826.4,18362829.76,1
2024-05-19,2024-05-19 14:00:00,558.67,563.0,558.67,563.0,0.78,32826.4,18362829.76,1
2024-05-19,2024-05-19 15:00:00,563.0,566.5,538.0,563.0,0.0,32826.4,18362829.76,0
2024-05-20,2024-05-20 11:00:00,571.9,575.95,561.45,567.3,-0.8,18391.2,10377634.42,-1
2024-05-20,2024-05-20 12:00:00,567.3,567.3,562.7,562.7,-0.81,18391.2,10377634.42,-1
2024-05-20,2024-05-20 13:00:00,562.7,562.7,558.1,558.1,-0.82,18391.2,10377634.42,-1
2024-05-20,2024-05-20 14:00:00,558.1,558.1,553.5,553.5,-0.82,18391.2,10377634.42,-1
2024-05-20,2024-05-20 15:00:00,553.5,580.0,551.0,553.5,0.0,18391.2,10377634.42,0
2024-05-21,2024-05-21 11:00:00,553.5,556.75,551.75,554.12,0.11,8445.0,4680654.7,1
2024-05-21,2024-05-21 12:00:00,554.12,554.75,554.12,554.75,0.11,8445.0,4680654.7,1
2024-05-21,2024-05-21 13:00:00,554.75,555.38,554.75,555.38,0.11,8445.0,4680654.7,1
2024-05-21,2024-05-21 14:00:00,555.38,556.0,555.38,556.0,0.11,8445.0,4680654.7,1
2024-05-21,2024-05-21 15:00:00,556.0,560.0,550.0,556.0,0.0,8445.0,4680654.7,0
2024-05-22,2024-05-22 11:00:00,564.0,564.0,557.0,561.0,-0.53,12096.2,6690245.14,-1
2024-05-22,2024-05-22 12:00:00,561.0,561.0,558.0,558.0,-0.53,12096.2,6690245.14,-1
2024-05-22,2024-05-22 13:00:00,558.0,558.0,555.0,555.0,-0.54,12096.2,6690245.14,-1
2024-05-22,2024-05-22 14:00:00,555.0,555.0,552.0,552.0,-0.54,12096.2,6690245.14,-1
2024-05-22,2024-05-22 15:00:00,552.0,564.0,550.0,552.0,0.0,12096.2,6690245.14,0
2024-05-26,2024-05-26 11:00:00,555.0,555.0,550.0,552.5,-0.45,4032.6,2213182.82,-1
2024-05-26,2024-05-26 12:00:00,552.5,552.5,550.0,550.0,-0.45,4032.6,2213182.82,-1
2024-05-26,2024-05-26 13:00:00,550.0,550.0,547.5,547.5,-0.45,4032.6,2213182.82,-1
2024-05-26,2024-05-26 14:00:00,547.5,547.5,545.0,545.0,-0.46,4032.6,2213182.82,-1
2024-05-26,2024-05-26 15:00:00,545.0,555.0,545.0,545.0,0.0,4032.6,2213182.82,0
2024-05-27,2024-05-27 11:00:00,542.0,545.5,541.0,542.12,0.02,6976.4,3796457.54,1
2024-05-27,2024-05-27 12:00:00,542.12,542.25,542.12,542.25,0.02,6976.4,3796457.54,1
2024-05-27,2024-05-27 13:00:00,542.25,542.38,542.25,542.38,0.02,6976.4,3796457.54,1
2024-05-27,2024-05-27 14:00:00,542.38,542.5,542.38,542.5,0.02,6976.4,3796457.54,1
2024-05-27,2024-05-27 15:00:00,542.5,549.0,540.0,542.5,0.0,6976.4,3796457.54,0
2024-05-29,2024-05-29 11:00:00,553.3,553.3,544.15,548.72,-0.83,5987.8,3225740.6,-1
2024-05-29,2024-05-29 12:00:00,548.72,548.72,544.15,544.15,-0.83,5987.8,3225740.6,-1
2024-05-29,2024-05-29 13:00:00,544.15,544.15,539.58,539.58,-0.84,5987.8,3225740.6,-1
2024-05-29,2024-05-29 14:00:00,539.58,539.58,535.0,535.0,-0.85,5987.8,3225740.6,-1
2024-05-29,2024-05-29 15:00:00,535.0,553.3,535.0,535.0,0.0,5987.8,3225740.6,0
2024-05-30,2024-05-30 11:00:00,535.0,535.0,531.0,533.75,-0.23,7222.6,3830284.62,-1
2024-05-30,2024-05-30 12:00:00,533.75,533.75,532.5,532.5,-0.23,7222.6,3830284.62,-1
2024-05-30,2024-05-30 13:00:00,532.5,532.5,531.25,531.25,-0.23,7222.6,3830284.62,-1
2024-05-30,2024-05-30 14:00:00,531.25,531.25,530.0,530.0,-0.24,7222.6,3830284.62,-1
2024-05-30,2024-05-30 15:00:00,530.0,535.0,527.0,530.0,0.0,7222.6,3830284.62,0
2024-06-02,2024-06-02 11:00:00,536.0,541.0,531.1,535.0,-0.19,4020.4,2132159.92,-1
2024-06-02,2024-06-02 12:00:00,535.0,535.0,534.0,534.0,-0.19,4020.4,2132159.92,-1
2024-06-02,2024-06-02 13:00:00,534.0,534.0,533.0,533.0,-0.19,4020.4,2132159.92,-1
2024-06-02,2024-06-02 14:00:00,533.0,533.0,532.0,532.0,-0.19,4020.4,2132159.92,-1
2024-06-02,2024-06-02 15:00:00,532.0,546.0,526.2,532.0,0.0,4020.4,2132159.92,0
2024-06-03,2024-06-03 11:00:00,542.6,542.6,533.8,539.42,-0.59,6306.2,3326969.06,-1
2024-06-03,2024-06-03 12:00:00,539.42,539.42,536.25,536.25,-0.59,6306.2,3326969.06,-1
2024-06-03,2024-06-03 13:00:00,536.25,536.25,533.08,533.08,-0.59,6306.2,3326969.06,-1
2024-06-03,2024-06-03 14:00:00,533.08,533.08,529.9,529.9,-0.6,6306.2,3326969.06,-1
2024-06-03,2024-06-03 15:00:00,529.9,542.6,525.0,529.9,0.0,6306.2,3326969.06,0
2024-06-04,2024-06-04 11:00:00,540.4,540.4,532.9,537.8,-0.48,10259.8,5432413.96,-1
2024-06-04,2024-06-04 12:00:00,537.8,537.8,535.2,535.2,-0.48,10259.8,5432413.96,-1
2024-06-04,2024-06-04 13:00:00,535.2,535.2,532.6,532.6,-0.49,10259.8,5432413.96,-1
2024-06-04,2024-06-04 14:00:00,532.6,532.6,530.0,530.0,-0.49,10259.8,5432413.96,-1
2024-06-04,2024-06-04 15:00:00,530.0,540.4,525.4,530.0,0.0,10259.8,5432413.96,0
2024-06-05,2024-06-05 11:00:00,530.0,533.5,525.2,529.6,-0.08,3132.8,1654587.12,-1
2024-06-05,2024-06-05 12:00:00,529.6,529.6,529.2,529.2,-0.08,3132.8,1654587.12,-1
2024-06-05,2024-06-05 13:00:00,529.2,529.2,528.8,528.8,-0.08,3132.8,1654587.12,-1
2024-06-05,2024-06-05 14:00:00,528.8,528.8,528.4,528.4,-0.08,3132.8,1654587.12,-1
2024-06-05,2024-06-05 15:00:00,528.4,537.0,520.4,528.4,0.0,3132.8,1654587.12,0
2024-06-06,2024-06-06 11:00:00,534.9,534.9,529.35,532.85,-0.38,3229.0,1695843.44,-1
2024-06-06,2024-06-06 12:00:00,532.85,532.85,530.8,530.8,-0.38,3229.0,1695843.44,-1
2024-06-06,2024-06-06 13:00:00,530.8,530.8,528.75,528.75,-0.39,3229.0,1695843.44,-1
2024-06-06,2024-06-06 14:00:00,528.75,528.75,526.7,526.7,-0.39,3229.0,1695843.44,-1
2024-06-06,2024-06-06 15:00:00,526.7,534.9,523.8,526.7,0.0,3229.0,1695843.44,0
2024-06-09,2024-06-09 11:00:00,526.0,527.45,523.05,524.75,-0.24,6918.0,3615738.92,-1
2024-06-09,2024-06-09 12:00:00,524.75,524.75,523.5,523.5,-0.24,6918.0,3615738.92,-1
2024-06-09,2024-06-09 13:00:00,523.5,523.5,522.25,522.25,-0.24,6918.0,3615738.92,-1
2024-06-09,2024-06-09 14:00:00,522.25,522.25,521.0,521.0,-0.24,6918.0,3615738.92,-1
2024-06-09,2024-06-09 15:00:00,521.0,528.9,520.1,521.0,0.0,6918.0,3615738.92,0
2024-06-10,2024-06-10 11:00:00,521.0,525.95,520.0,522.75,0.34,8738.8,4581623.56,1
2024-06-10,2024-06-10 12:00:00,522.75,524.5,522.75,524.5,0.33,8738.8,4581623.56,1
2024-06-10,2024-06-10 13:00:00,524.5,526.25,524.5,526.25,0.33,8738.8,4581623.56,1
2024-06-10,2024-06-10 14:00:00,526.25,528.0,526.25,528.0,0.33,8738.8,4581623.56,1
2024-06-10,2024-06-10 15:00:00,528.0,530.9,519.0,528.0,0.0,8738.8,4581623.56,0
2024-06-11,2024-06-11 11:00:00,534.0,541.5,530.55,536.25,0.42,11787.2,6358553.36,1
2024-06-11,2024-06-11 12:00:00,536.25,538.5,536.25,538.5,0.42,11787.2,6358553.36,1
2024-06-11,2024-06-11 13:00:00,538.5,540.75,538.5,540.75,0.42,11787.2,6358553.36,1
2024-06-11,2024-06-11 14:00:00,540.75,543.0,540.75,543.0,0.42,11787.2,6358553.36,1
2024-06-11,2024-06-11 15:00:00,543.0,549.0,527.1,543.0,0.0,11787.2,6358553.36,0
2024-06-12,2024-06-12 11:00:00,550.0,550.95,542.55,547.25,-0.5,9163.0,4987050.38,-1
2024-06-12,2024-06-12 12:00:00,547.25,547.25,544.5,544.5,-0.5,9163.0,4987050.38,-1
2024-06-12,2024-06-12 13:00:00,544.5,544.5,541.75,541.75,-0.51,9163.0,4987050.38,-1
2024-06-12,2024-06-12 14:00:00,541.75,541.75,539.0,539.0,-0.51,9163.0,4987050.38,-1
2024-06-12,2024-06-12 15:00:00,539.0,551.9,535.1,539.0,0.0,9163.0,4987050.38,0
2024-06-13,2024-06-13 11:00:00,535.2,537.1,532.75,534.4,-0.15,5735.2,3056117.56,-1
2024-06-13,2024-06-13 12:00:00,534.4,534.4,533.6,533.6,-0.15,5735.2,3056117.56,-1
2024-06-13,2024-06-13 13:00:00,533.6,533.6,532.8,532.8,-0.15,5735.2,3056117.56,-1
2024-06-13,2024-06-13 14:00:00,532.8,532.8,532.0,532.0,-0.15,5735.2,3056117.56,-1
2024-06-13,2024-06-13 15:00:00,532.0,539.0,530.3,532.0,0.0,5735.2,3056117.56,0
2024-06-16,2024-06-16 11:00:00,535.0,537.5,531.05,533.05,-0.36,4811.4,2555337.52,-1
2024-06-16,2024-06-16 12:00:00,533.05,533.05,531.1,531.1,-0.37,4811.4,2555337.52,-1
2024-06-16,2024-06-16 13:00:00,531.1,531.1,529.15,529.15,-0.37,4811.4,2555337.52,-1
2024-06-16,2024-06-16 14:00:00,529.15,529.15,527.2,527.2,-0.37,4811.4,2555337.52,-1
2024-06-16,2024-06-16 15:00:00,527.2,540.0,527.1,527.2,0.0,4811.4,2555337.52,0
2024-06-18,2024-06-18 11:00:00,535.0,535.0,529.05,532.12,-0.54,4330.2,2276185.86,-1
2024-06-18,2024-06-18 12:00:00,532.12,532.12,529.25,529.25,-0.54,4330.2,2276185.86,-1
2024-06-18,2024-06-18 13:00:00,529.25,529.25,526.38,526.38,-0.54,4330.2,2276185.86,-1
2024-06-18,2024-06-18 14:00:00,526.38,526.38,523.5,523.5,-0.55,4330.2,2276185.86,-1
2024-06-18,2024-06-18 15:00:00,523.5,535.0,523.1,523.5,0.0,4330.2,2276185.86,0
2024-06-19,2024-06-19 11:00:00,523.0,527.0,522.1,523.5,0.1,3646.4,1910187.58,1
2024-06-19,2024-06-19 12:00:00,523.5,524.0,523.5,524.0,0.1,3646.4,1910187.58,1
2024-06-19,2024-06-19 13:00:00,524.0,524.5,524.0,524.5,0.1,3646.4,1910187.58,1
2024-06-19,2024-06-19 14:00:00,524.5,525.0,524.5,525.0,0.1,3646.4,1910187.58,1
2024-06-19,2024-06-19 15:00:00,525.0,531.0,521.2,525.0,0.0,3646.4,1910187.58,0
2024-06-20,2024-06-20 11:00:00,526.0,526.5,523.0,525.0,-0.19,5219.0,2728956.72,-1
2024-06-20,2024-06-20 12:00:00,525.0,525.0,524.0,524.0,-0.19,5219.0,2728956.72,-1
2024-06-20,2024-06-20 13:00:00,524.0,524.0,523.0,523.0,-0.19,5219.0,2728956.72,-1
2024-06-20,2024-06-20 14:00:00,523.0,523.0,522.0,522.0,-0.19,5219.0,2728956.72,-1
2024-06-20,2024-06-20 15:00:00,522.0,527.0,520.0,522.0,0.0,5219.0,2728956.72,0
2024-06-23,2024-06-23 11:00:00,532.0,532.0,525.6,529.7,-0.43,6071.6,3166709.44,-1
2024-06-23,2024-06-23 12:00:00,529.7,529.7,527.4,527.4,-0.43,6071.6,3166709.44,-1
2024-06-23,2024-06-23 13:00:00,527.4,527.4,525.1,525.1,-0.44,6071.6,3166709.44,-1
2024-06-23,2024-06-23 14:00:00,525.1,525.1,522.8,522.8,-0.44,6071.6,3166709.44,-1
2024-06-23,2024-06-23 15:00:00,522.8,532.0,519.2,522.8,0.0,6071.6,3166709.44,0
2024-06-24,2024-06-24 11:00:00,527.9,527.9,524.1,526.9,-0.19,5239.4,2737451.28,-1
2024-06-24,2024-06-24 12:00:00,526.9,526.9,525.9,525.9,-0.19,5239.4,2737451.28,-1
2024-06-24,2024-06-24 13:00:00,525.9,525.9,524.9,524.9,-0.19,5239.4,2737451.28,-1
2024-06-24,2024-06-24 14:00:00,524.9,524.9,523.9,523.9,-0.19,5239.4,2737451.28,-1
2024-06-24,2024-06-24 15:00:00,523.9,527.9,520.3,523.9,0.0,5239.4,2737451.28,0
2024-06-25,2024-06-25 11:00:00,525.0,526.45,521.5,524.0,-0.19,5945.4,3094604.46,-1
2024-06-25,2024-06-25 12:00:00,524.0,524.0,523.0,523.0,-0.19,5945.4,3094604.46,-1
2024-06-25,2024-06-25 13:00:00,523.0,523.0,522.0,522.0,-0.19,5945.4,3094604.46,-1
2024-06-25,2024-06-25 14:00:00,522.0,522.0,521.0,521.0,-0.19,5945.4,3094604.46,-1
2024-06-25,2024-06-25 15:00:00,521.0,527.9,518.0,521.0,0.0,5945.4,3094604.46,0
2024-06-26,2024-06-26 11:00:00,524.0,524.0,519.8,522.5,-0.29,4106.0,2128666.0,-1
2024-06-26,2024-06-26 12:00:00,522.5,522.5,521.0,521.0,-0.29,4106.0,2128666.0,-1
2024-06-26,2024-06-26 13:00:00,521.0,521.0,519.5,519.5,-0.29,4106.0,2128666.0,-1
2024-06-26,2024-06-26 14:00:00,519.5,519.5,518.0,518.0,-0.29,4106.0,2128666.0,-1
2024-06-26,2024-06-26 15:00:00,518.0,524.0,515.6,518.0,0.0,4106.0,2128666.0,0
2024-06-27,2024-06-27 11:00:00,508.0,517.5,508.0,510.23,0.44,2923.2,1510815.22,1
2024-06-27,2024-06-27 12:00:00,510.23,512.45,510.23,512.45,0.44,2923.2,1510815.22,1
2024-06-27,2024-06-27 13:00:00,512.45,514.67,512.45,514.67,0.43,2923.2,1510815.22,1
2024-06-27,2024-06-27 14:00:00,514.67,516.9,514.67,516.9,0.43,2923.2,1510815.22,1
2024-06-27,2024-06-27 15:00:00,516.9,527.0,508.0,516.9,0.0,2923.2,1510815.22,0
2024-06-30,2024-06-30 11:00:00,517.1,520.55,514.75,515.92,-0.23,5815.2,3005204.14,-1
2024-06-30,2024-06-30 12:00:00,515.92,515.92,514.75,514.75,-0.23,5815.2,3005204.14,-1
2024-06-30,2024-06-30 13:00:00,514.75,514.75,513.58,513.58,-0.23,5815.2,3005204.14,-1
2024-06-30,2024-06-30 14:00:00,513.58,513.58,512.4,512.4,-0.23,5815.2,3005204.14,-1
2024-06-30,2024-06-30 15:00:00,512.4,524.0,512.4,512.4,0.0,5815.2,3005204.14,0
2024-07-01,2024-07-01 11:00:00,513.0,517.75,513.0,514.5,0.29,3413.8,1766791.7,1
2024-07-01,2024-07-01 12:00:00,514.5,516.0,514.5,516.0,0.29,3413.8,1766791.7,1
2024-07-01,2024-07-01 13:00:00,516.0,517.5,516.0,517.5,0.29,3413.8,1766791.7,1
2024-07-01,2024-07-01 14:00:00,517.5,519.0,517.5,519.0,0.29,3413.8,1766791.7,1
2024-07-01,2024-07-01 15:00:00,519.0,522.5,513.0,519.0,0.0,3413.8,1766791.7,0
2024-07-02,2024-07-02 11:00:00,529.3,539.9,526.65,529.6,0.06,9629.0,5113089.38,1
2024-07-02,2024-07-02 12:00:00,529.6,529.9,529.6,529.9,0.06,9629.0,5113089.38,1
2024-07-02,2024-07-02 13:00:00,529.9,530.2,529.9,530.2,0.06,9629.0,5113089.38,1
2024-07-02,2024-07-02 14:00:00,530.2,530.5,530.2,530.5,0.06,9629.0,5113089.38,1
2024-07-02,2024-07-02 15:00:00,530.5,550.5,524.0,530.5,0.0,9629.0,5113089.38,0
2024-07-03,2024-07-03 11:00:00,522.0,526.0,522.0,524.0,0.38,6608.4,3485565.0,1
2024-07-03,2024-07-03 12:00:00,524.0,526.0,524.0,526.0,0.38,6608.4,3485565.0,1
2024-07-03,2024-07-03 13:00:00,526.0,528.0,526.0,528.0,0.38,6608.4,3485565.0,1
2024-07-03,2024-07-03 14:00:00,528.0,530.0,528.0,530.0,0.38,6608.4,3485565.0,1
2024-07-03,2024-07-03 15:00:00,530.0,530.0,522.0,530.0,0.0,6608.4,3485565.0,0
2024-07-04,2024-07-04 11:00:00,531.9,534.4,527.95,531.92,0.0,9387.8,4985616.3,1
2024-07-04,2024-07-04 12:00:00,531.92,531.95,531.92,531.95,0.01,9387.8,4985616.3,1
2024-07-04,2024-07-04 13:00:00,531.95,531.98,531.95,531.98,0.01,9387.8,4985616.3,1
2024-07-04,2024-07-04 14:00:00,531.98,532.0,531.98,532.0,0.0,9387.8,4985616.3,1
2024-07-04,2024-07-04 15:00:00,532.0,536.9,524.0,532.0,0.0,9387.8,4985616.3,0
2024-07-07,2024-07-07 11:00:00,533.0,540.5,533.0,535.75,0.52,13809.4,7479350.86,1
2024-07-07,2024-07-07 12:00:00,535.75,538.5,535.75,538.5,0.51,13809.4,7479350.86,1
2024-07-07,2024-07-07 13:00:00,538.5,541.25,538.5,541.25,0.51,13809.4,7479350.86,1
2024-07-07,2024-07-07 14:00:00,541.25,544.0,541.25,544.0,0.51,13809.4,7479350.86,1
2024-07-07,2024-07-07 15:00:00,544.0,548.0,533.0,544.0,0.0,13809.4,7479350.86,0
2024-07-08,2024-07-08 11:00:00,535.0,540.0,534.0,537.5,0.47,7191.2,3867604.78,1
2024-07-08,2024-07-08 12:00:00,537.5,540.0,537.5,540.0,0.47,7191.2,3867604.78,1
2024-07-08,2024-07-08 13:00:00,540.0,542.5,540.0,542.5,0.46,7191.2,3867604.78,1
2024-07-08,2024-07-08 14:00:00,542.5,545.0,542.5,545.0,0.46,7191.2,3867604.78,1
2024-07-08,2024-07-08 15:00:00,545.0,545.0,533.0,545.0,0.0,7191.2,3867604.78,0
2024-07-09,2024-07-09 11:00:00,544.0,544.0,538.0,542.38,-0.3,7402.4,3978117.2,-1
2024-07-09,2024-07-09 12:00:00,542.38,542.38,540.75,540.75,-0.3,7402.4,3978117.2,-1
2024-07-09,2024-07-09 13:00:00,540.75,540.75,539.12,539.12,-0.3,7402.4,3978117.2,-1
2024-07-09,2024-07-09 14:00:00,539.12,539.12,537.5,537.5,-0.3,7402.4,3978117.2,-1
2024-07-09,2024-07-09 15:00:00,537.5,544.0,532.0,537.5,0.0,7402.4,3978117.2,0
2024-07-10,2024-07-10 11:00:00,539.0,544.45,538.0,541.73,0.51,14199.8,7714776.3,1
2024-07-10,2024-07-10 12:00:00,541.73,544.45,541.73,544.45,0.5,14199.8,7714776.3,1
2024-07-10,2024-07-10 13:00:00,544.45,547.17,544.45,547.17,0.5,14199.8,7714776.3,1
2024-07-10,2024-07-10 14:00:00,547.17,549.9,547.17,549.9,0.5,14199.8,7714776.3,1
2024-07-10,2024-07-10 15:00:00,549.9,549.9,537.0,549.9,0.0,14199.8,7714776.3,0
2024-07-11,2024-07-11 11:00:00,551.0,555.5,548.1,552.48,0.27,15981.2,8856200.42,1
2024-07-11,2024-07-11 12:00:00,552.48,553.95,552.48,553.95,0.27,15981.2,8856200.42,1
2024-07-11,2024-07-11 13:00:00,553.95,555.42,553.95,555.42,0.27,15981.2,8856200.42,1
2024-07-11,2024-07-11 14:00:00,555.42,556.9,555.42,556.9,0.27,15981.2,8856200.42,1
2024-07-11,2024-07-11 15:00:00,556.9,560.0,545.2,556.9,0.0,15981.2,8856200.42,0
2024-07-14,2024-07-14 11:00:00,568.0,578.5,563.0,568.25,0.04,11706.0,6600919.88,1
2024-07-14,2024-07-14 12:00:00,568.25,568.5,568.25,568.5,0.04,11706.0,6600919.88,1
2024-07-14,2024-07-14 13:00:00,568.5,568.75,568.5,568.75,0.04,11706.0,6600919.88,1
2024-07-14,2024-07-14 14:00:00,568.75,569.0,568.75,569.0,0.04,11706.0,6600919.88,1
2024-07-14,2024-07-14 15:00:00,569.0,589.0,558.0,569.0,0.0,11706.0,6600919.88,0
2024-07-15,2024-07-15 11:00:00,580.3,580.3,568.2,574.72,-0.96,12971.0,7265643.62,-1
2024-07-15,2024-07-15 12:00:00,574.72,574.72,569.15,569.15,-0.97,12971.0,7265643.62,-1
2024-07-15,2024-07-15 13:00:00,569.15,569.15,563.58,563.58,-0.98,12971.0,7265643.62,-1
2024-07-15,2024-07-15 14:00:00,563.58,563.58,558.0,558.0,-0.99,12971.0,7265643.62,-1
2024-07-15,2024-07-15 15:00:00,558.0,580.3,556.1,558.0,0.0,12971.0,7265643.62,0
2024-07-16,2024-07-16 11:00:00,557.0,562.0,553.5,559.5,0.45,10550.8,5915977.22,1
2024-07-16,2024-07-16 12:00:00,559.5,562.0,559.5,562.0,0.45,10550.8,5915977.22,1
2024-07-16,2024-07-16 13:00:00,562.0,564.5,562.0,564.5,0.44,10550.8,5915977.22,1
2024-07-16,2024-07-16 14:00:00,564.5,567.0,564.5,567.0,0.44,10550.8,5915977.22,1
2024-07-16,2024-07-16 15:00:00,567.0,567.0,550.0,567.0,0.0,10550.8,5915977.22,0
2024-07-17,2024-07-17 11:00:00,578.3,579.15,569.2,577.97,-0.06,22780.2,13056812.48,-1
2024-07-17,2024-07-17 12:00:00,577.97,577.97,577.65,577.65,-0.06,22780.2,13056812.48,-1
2024-07-17,2024-07-17 13:00:00,577.65,577.65,577.33,577.33,-0.06,22780.2,13056812.48,-1
2024-07-17,2024-07-17 14:00:00,577.33,577.33,577.0,577.0,-0.06,22780.2,13056812.48,-1
2024-07-17,2024-07-17 15:00:00,577.0,580.0,560.1,577.0,0.0,22780.2,13056812.48,0
2024-07-18,2024-07-18 11:00:00,580.0,585.0,575.0,578.75,-0.22,43854.4,25403249.2,-1
2024-07-18,2024-07-18 12:00:00,578.75,578.75,577.5,577.5,-0.22,43854.4,25403249.2,-1
2024-07-18,2024-07-18 13:00:00,577.5,577.5,576.25,576.25,-0.22,43854.4,25403249.2,-1
2024-07-18,2024-07-18 14:00:00,576.25,576.25,575.0,575.0,-0.22,43854.4,25403249.2,-1
2024-07-18,2024-07-18 15:00:00,575.0,590.0,570.0,575.0,0.0,43854.4,25403249.2,0
2024-07-21,2024-07-21 11:00:00,585.0,588.8,578.0,583.75,-0.21,33785.4,19778177.48,-1
2024-07-21,2024-07-21 12:00:00,583.75,583.75,582.5,582.5,-0.21,33785.4,19778177.48,-1
2024-07-21,2024-07-21 13:00:00,582.5,582.5,581.25,581.25,-0.21,33785.4,19778177.48,-1
2024-07-21,2024-07-21 14:00:00,581.25,581.25,580.0,580.0,-0.22,33785.4,19778177.48,-1
2024-07-21,2024-07-21 15:00:00,580.0,592.6,571.0,580.0,0.0,33785.4,19778177.48,0
2024-07-22,2024-07-22 11:00:00,589.0,589.5,581.0,586.75,-0.38,21097.0,12227497.98,-1
2024-07-22,2024-07-22 12:00:00,586.75,586.75,584.5,584.5,-0.38,21097.0,12227497.98,-1
2024-07-22,2024-07-22 13:00:00,584.5,584.5,582.25,582.25,-0.38,21097.0,12227497.98,-1
2024-07-22,2024-07-22 14:00:00,582.25,582.25,580.0,580.0,-0.39,21097.0,12227497.98,-1
2024-07-22,2024-07-22 15:00:00,580.0,590.0,573.0,580.0,0.0,21097.0,12227497.98,0
2024-07-23,2024-07-23 11:00:00,585.0,602.4,582.5,593.7,1.49,37408.0,22637148.36,1
2024-07-23,2024-07-23 12:00:00,593.7,602.4,593.7,602.4,1.47,37408.0,22637148.36,1
2024-07-23,2024-07-23 13:00:00,602.4,611.1,602.4,611.1,1.44,37408.0,22637148.36,1
2024-07-23,2024-07-23 14:00:00,611.1,619.8,611.1,619.8,1.42,37408.0,22637148.36,1
2024-07-23,2024-07-23 15:00:00,619.8,619.8,580.0,619.8,0.0,37408.0,22637148.36,0
2024-07-24,2024-07-24 11:00:00,632.0,632.5,616.0,628.25,-0.59,35145.8,21673966.34,-1
2024-07-24,2024-07-24 12:00:00,628.25,628.25,624.5,624.5,-0.6,35145.8,21673966.34,-1
2024-07-24,2024-07-24 13:00:00,624.5,624.5,620.75,620.75,-0.6,35145.8,21673966.34,-1
2024-07-24,2024-07-24 14:00:00,620.75,620.75,617.0,617.0,-0.6,35145.8,21673966.34,-1
2024-07-24,2024-07-24 15:00:00,617.0,633.0,600.0,617.0,0.0,35145.8,21673966.34,0
2024-07-25,2024-07-25 11:00:00,617.0,628.5,613.0,621.38,0.71,60522.2,38007168.04,1
2024-07-25,2024-07-25 12:00:00,621.38,625.75,621.38,625.75,0.7,60522.2,38007168.04,1
2024-07-25,2024-07-25 13:00:00,625.75,630.12,625.75,630.12,0.7,60522.2,38007168.04,1
2024-07-25,2024-07-25 14:00:00,630.12,634.5,630.12,634.5,0.7,60522.2,38007168.04,1
2024-07-25,2024-07-25 15:00:00,634.5,640.0,609.0,634.5,0.0,60522.2,38007168.04,0
2024-07-28,2024-07-28 11:00:00,647.1,653.55,634.55,649.95,0.44,42967.2,27533817.64,1
2024-07-28,2024-07-28 12:00:00,649.95,652.8,649.95,652.8,0.44,42967.2,27533817.64,1
2024-07-28,2024-07-28 13:00:00,652.8,655.65,652.8,655.65,0.44,42967.2,27533817.64,1
2024-07-28,2024-07-28 14:00:00,655.65,658.5,655.65,658.5,0.43,42967.2,27533817.64,1
2024-07-28,2024-07-28 15:00:00,658.5,660.0,622.0,658.5,0.0,42967.2,27533817.64,0
2024-07-29,2024-07-29 11:00:00,658.6,664.8,646.8,652.73,-0.89,36293.8,23511976.32,-1
2024-07-29,2024-07-29 12:00:00,652.73,652.73,646.85,646.85,-0.9,36293.8,23511976.32,-1
2024-07-29,2024-07-29 13:00:00,646.85,646.85,640.98,640.98,-0.91,36293.8,23511976.32,-1
2024-07-29,2024-07-29 14:00:00,640.98,640.98,635.1,635.1,-0.92,36293.8,23511976.32,-1
2024-07-29,2024-07-29 15:00:00,635.1,671.0,635.0,635.1,0.0,36293.8,23511976.32,0
2024-07-30,2024-07-30 11:00:00,630.3,639.0,626.65,631.97,0.26,35947.0,22782550.94,1
2024-07-30,2024-07-30 12:00:00,631.97,633.65,631.97,633.65,0.27,35947.0,22782550.94,1
2024-07-30,2024-07-30 13:00:00,633.65,635.33,633.65,635.33,0.27,35947.0,22782550.94,1
2024-07-30,2024-07-30 14:00:00,635.33,637.0,635.33,637.0,0.26,35947.0,22782550.94,1
2024-07-30,2024-07-30 15:00:00,637.0,647.7,623.0,637.0,0.0,35947.0,22782550.94,0
2024-07-31,2024-07-31 11:00:00,649.7,656.35,643.95,650.03,0.05,36192.6,23653059.54,1
2024-07-31,2024-07-31 12:00:00,650.03,650.35,650.03,650.35,0.05,36192.6,23653059.54,1
2024-07-31,2024-07-31 13:00:00,650.35,650.67,650.35,650.67,0.05,36192.6,23653059.54,1
2024-07-31,2024-07-31 14:00:00,650.67,651.0,650.67,651.0,0.05,36192.6,23653059.54,1
2024-07-31,2024-07-31 15:00:00,651.0,663.0,638.2,651.0,0.0,36192.6,23653059.54,0
2024-08-01,2024-08-01 11:00:00,651.0,671.5,650.5,655.12,0.63,46227.2,31256148.66,1
2024-08-01,2024-08-01 12:00:00,655.12,659.25,655.12,659.25,0.63,46227.2,31256148.66,1
2024-08-01,2024-08-01 13:00:00,659.25,663.38,659.25,663.38,0.63,46227.2,31256148.66,1
2024-08-01,2024-08-01 14:00:00,663.38,667.5,663.38,667.5,0.62,46227.2,31256148.66,1
2024-08-01,2024-08-01 15:00:00,667.5,692.0,650.0,667.5,0.0,46227.2,31256148.66,0
2024-08-05,2024-08-05 11:00:00,675.0,681.0,669.75,674.25,-0.11,46499.2,31336569.54,-1
2024-08-05,2024-08-05 12:00:00,674.25,674.25,673.5,673.5,-0.11,46499.2,31336569.54,-1
2024-08-05,2024-08-05 13:00:00,673.5,673.5,672.75,672.75,-0.11,46499.2,31336569.54,-1
2024-08-05,2024-08-05 14:00:00,672.75,672.75,672.0,672.0,-0.11,46499.2,31336569.54,-1
2024-08-05,2024-08-05 15:00:00,672.0,687.0,664.5,672.0,0.0,46499.2,31336569.54,0
2024-08-06,2024-08-06 11:00:00,676.0,677.0,653.0,664.75,-1.66,54855.6,35528626.18,-1
2024-08-06,2024-08-06 12:00:00,664.75,664.75,653.5,653.5,-1.69,54855.6,35528626.18,-1
2024-08-06,2024-08-06 13:00:00,653.5,653.5,642.25,642.25,-1.72,54855.6,35528626.18,-1
2024-08-06,2024-08-06 14:00:00,642.25,642.25,631.0,631.0,-1.75,54855.6,35528626.18,-1
2024-08-06,2024-08-06 15:00:00,631.0,678.0,630.0,631.0,0.0,54855.6,35528626.18,0
2024-08-07,2024-08-07 11:00:00,631.0,643.85,626.05,637.25,0.99,23116.6,14908178.8,1
2024-08-07,2024-08-07 12:00:00,637.25,643.5,637.25,643.5,0.98,23116.6,14908178.8,1
2024-08-07,2024-08-07 13:00:00,643.5,649.75,643.5,649.75,0.97,23116.6,14908178.8,1
2024-08-07,2024-08-07 14:00:00,649.75,656.0,649.75,656.0,0.96,23116.6,14908178.8,1
2024-08-07,2024-08-07 15:00:00,656.0,656.7,621.1,656.0,0.0,23116.6,14908178.8,0
2024-08-08,2024-08-08 11:00:00,668.9,673.45,662.45,667.17,-0.26,63411.4,42165948.5,-1
2024-08-08,2024-08-08 12:00:00,667.17,667.17,665.45,665.45,-0.26,63411.4,42165948.5,-1
2024-08-08,2024-08-08 13:00:00,665.45,665.45,663.73,663.73,-0.26,63411.4,42165948.5,-1
2024-08-08,2024-08-08 14:00:00,663.73,663.73,662.0,662.0,-0.26,63411.4,42165948.5,-1
2024-08-08,2024-08-08 15:00:00,662.0,678.0,656.0,662.0,0.0,63411.4,42165948.5,0
2024-08-11,2024-08-11 11:00:00,673.9,685.45,669.45,679.42,0.82,58566.8,39836409.3,1
2024-08-11,2024-08-11 12:00:00,679.42,684.95,679.42,684.95,0.81,58566.8,39836409.3,1
2024-08-11,2024-08-11 13:00:00,684.95,690.48,684.95,690.48,0.81,58566.8,39836409.3,1
2024-08-11,2024-08-11 14:00:00,690.48,696.0,690.48,696.0,0.8,58566.8,39836409.3,1
2024-08-11,2024-08-11 15:00:00,696.0,697.0,665.0,696.0,0.0,58566.8,39836409.3,0
2024-08-12,2024-08-12 11:00:00,709.8,734.9,709.8,713.75,0.56,49730.4,36185934.04,1
2024-08-12,2024-08-12 12:00:00,713.75,717.7,713.75,717.7,0.55,49730.4,36185934.04,1
2024-08-12,2024-08-12 13:00:00,717.7,721.65,717.7,721.65,0.55,49730.4,36185934.04,1
2024-08-12,2024-08-12 14:00:00,721.65,725.6,721.65,725.6,0.55,49730.4,36185934.04,1
2024-08-12,2024-08-12 15:00:00,725.6,760.0,709.8,725.6,0.0,49730.4,36185934.04,0
2024-08-13,2024-08-13 11:00:00,740.0,740.0,723.0,734.5,-0.74,35087.2,25269994.64,-1
2024-08-13,2024-08-13 12:00:00,734.5,734.5,729.0,729.0,-0.75,35087.2,25269994.64,-1
2024-08-13,2024-08-13 13:00:00,729.0,729.0,723.5,723.5,-0.75,35087.2,25269994.64,-1
2024-08-13,2024-08-13 14:00:00,723.5,723.5,718.0,718.0,-0.76,35087.2,25269994.64,-1
2024-08-13,2024-08-13 15:00:00,718.0,740.0,706.0,718.0,0.0,35087.2,25269994.64,0
2024-08-14,2024-08-14 11:00:00,718.0,718.95,709.35,716.5,-0.21,30417.6,21576547.42,-1
2024-08-14,2024-08-14 12:00:00,716.5,716.5,715.0,715.0,-0.21,30417.6,21576547.42,-1
2024-08-14,2024-08-14 13:00:00,715.0,715.0,713.5,713.5,-0.21,30417.6,21576547.42,-1
2024-08-14,2024-08-14 14:00:00,713.5,713.5,712.0,712.0,-0.21,30417.6,21576547.42,-1
2024-08-14,2024-08-14 15:00:00,712.0,719.9,700.7,712.0,0.0,30417.6,21576547.42,0
2024-08-15,2024-08-15 11:00:00,720.0,722.0,711.5,717.5,-0.35,38044.6,27121131.24,-1
2024-08-15,2024-08-15 12:00:00,717.5,717.5,715.0,715.0,-0.35,38044.6,27121131.24,-1
2024-08-15,2024-08-15 13:00:00,715.0,715.0,712.5,712.5,-0.35,38044.6,27121131.24,-1
2024-08-15,2024-08-15 14:00:00,712.5,712.5,710.0,710.0,-0.35,38044.6,27121131.24,-1
2024-08-15,2024-08-15 15:00:00,710.0,724.0,703.0,710.0,0.0,38044.6,27121131.24,0
2024-08-18,2024-08-18 11:00:00,712.0,715.5,700.6,707.0,-0.7,48022.8,33644934.54,-1
2024-08-18,2024-08-18 12:00:00,707.0,707.0,702.0,702.0,-0.71,48022.8,33644934.54,-1
2024-08-18,2024-08-18 13:00:00,702.0,702.0,697.0,697.0,-0.71,48022.8,33644934.54,-1
2024-08-18,2024-08-18 14:00:00,697.0,697.0,692.0,692.0,-0.72,48022.8,33644934.54,-1
2024-08-18,2024-08-18 15:00:00,692.0,719.0,689.2,692.0,0.0,48022.8,33644934.54,0
2024-08-21,2024-08-21 11:00:00,692.0,698.5,688.0,693.02,0.15,29193.4,20290466.96,1
2024-08-21,2024-08-21 12:00:00,693.02,694.05,693.02,694.05,0.15,29193.4,20290466.96,1
2024-08-21,2024-08-21 13:00:00,694.05,695.08,694.05,695.08,0.15,29193.4,20290466.96,1
2024-08-21,2024-08-21 14:00:00,695.08,696.1,695.08,696.1,0.15,29193.4,20290466.96,1
2024-08-21,2024-08-21 15:00:00,696.1,705.0,684.0,696.1,0.0,29193.4,20290466.96,0
2024-08-22,2024-08-22 11:00:00,700.1,704.05,696.05,699.12,-0.14,28031.6,19618563.62,-1
2024-08-22,2024-08-22 12:00:00,699.12,699.12,698.15,698.15,-0.14,28031.6,19618563.62,-1
2024-08-22,2024-08-22 13:00:00,698.15,698.15,697.18,697.18,-0.14,28031.6,19618563.62,-1
2024-08-22,2024-08-22 14:00:00,697.18,697.18,696.2,696.2,-0.14,28031.6,19618563.62,-1
2024-08-22,2024-08-22 15:00:00,696.2,708.0,692.0,696.2,0.0,28031.6,19618563.62,0
2024-08-25,2024-08-25 11:00:00,691.2,696.05,681.6,687.65,-0.51,21809.6,14904365.68,-1
2024-08-25,2024-08-25 12:00:00,687.65,687.65,684.1,684.1,-0.52,21809.6,14904365.68,-1
2024-08-25,2024-08-25 13:00:00,684.1,684.1,680.55,680.55,-0.52,21809.6,14904365.68,-1
2024-08-25,2024-08-25 14:00:00,680.55,680.55,677.0,677.0,-0.52,21809.6,14904365.68,-1
2024-08-25,2024-08-25 15:00:00,677.0,700.9,672.0,677.0,0.0,21809.6,14904365.68,0
2024-08-27,2024-08-27 11:00:00,665.2,671.1,659.1,662.15,-0.46,28405.0,18865676.2,-1
2024-08-27,2024-08-27 12:00:00,662.15,662.15,659.1,659.1,-0.46,28405.0,18865676.2,-1
2024-08-27,2024-08-27 13:00:00,659.1,659.1,656.05,656.05,-0.46,28405.0,18865676.2,-1
2024-08-27,2024-08-27 14:00:00,656.05,656.05,653.0,653.0,-0.46,28405.0,18865676.2,-1
2024-08-27,2024-08-27 15:00:00,653.0,677.0,653.0,653.0,0.0,28405.0,18865676.2,0
2024-08-28,2024-08-28 11:00:00,660.0,667.5,649.0,655.05,-0.75,18338.4,11960281.96,-1
2024-08-28,2024-08-28 12:00:00,655.05,655.05,650.1,650.1,-0.76,18338.4,11960281.96,-1
2024-08-28,2024-08-28 13:00:00,650.1,650.1,645.15,645.15,-0.76,18338.4,11960281.96,-1
2024-08-28,2024-08-28 14:00:00,645.15,645.15,640.2,640.2,-0.77,18338.4,11960281.96,-1
2024-08-28,2024-08-28 15:00:00,640.2,675.0,638.0,640.2,0.0,18338.4,11960281.96,0
2024-08-29,2024-08-29 11:00:00,653.0,653.0,641.45,647.23,-0.88,13920.4,8823133.62,-1
2024-08-29,2024-08-29 12:00:00,647.23,647.23,641.45,641.45,-0.89,13920.4,8823133.62,-1
2024-08-29,2024-08-29 13:00:00,641.45,641.45,635.67,635.67,-0.9,13920.4,8823133.62,-1
2024-08-29,2024-08-29 14:00:00,635.67,635.67,629.9,629.9,-0.91,13920.4,8823133.62,-1
2024-08-29,2024-08-29 15:00:00,629.9,653.0,629.9,629.9,0.0,13920.4,8823133.62,0
2024-09-01,2024-09-01 11:00:00,623.0,635.0,616.5,619.75,-0.52,15325.8,9494978.28,-1
2024-09-01,2024-09-01 12:00:00,619.75,619.75,616.5,616.5,-0.52,15325.8,9494978.28,-1
2024-09-01,2024-09-01 13:00:00,616.5,616.5,613.25,613.25,-0.53,15325.8,9494978.28,-1
2024-09-01,2024-09-01 14:00:00,613.25,613.25,610.0,610.0,-0.53,15325.8,9494978.28,-1
2024-09-01,2024-09-01 15:00:00,610.0,647.0,610.0,610.0,0.0,15325.8,9494978.28,0
2024-09-02,2024-09-02 11:00:00,615.0,628.5,610.5,621.75,1.1,15960.4,10054717.66,1
2024-09-02,2024-09-02 12:00:00,621.75,628.5,621.75,628.5,1.09,15960.4,10054717.66,1
2024-09-02,2024-09-02 13:00:00,628.5,635.25,628.5,635.25,1.07,15960.4,10054717.66,1
2024-09-02,2024-09-02 14:00:00,635.25,642.0,635.25,642.0,1.06,15960.4,10054717.66,1
2024-09-02,2024-09-02 15:00:00,642.0,642.0,606.0,642.0,0.0,15960.4,10054717.66,0
2024-09-03,2024-09-03 11:00:00,640.0,662.2,640.0,648.25,1.29,32047.0,21316384.12,1
2024-09-03,2024-09-03 12:00:00,648.25,656.5,648.25,656.5,1.27,32047.0,21316384.12,1
2024-09-03,2024-09-03 13:00:00,656.5,664.75,656.5,664.75,1.26,32047.0,21316384.12,1
2024-09-03,2024-09-03 14:00:00,664.75,673.0,664.75,673.0,1.24,32047.0,21316384.12,1
2024-09-03,2024-09-03 15:00:00,673.0,684.4,640.0,673.0,0.0,32047.0,21316384.12,0
2024-09-04,2024-09-04 11:00:00,686.4,688.2,666.7,676.55,-1.44,29231.8,19353925.86,-1
2024-09-04,2024-09-04 12:00:00,676.55,676.55,666.7,666.7,-1.46,29231.8,19353925.86,-1
2024-09-04,2024-09-04 13:00:00,666.7,666.7,656.85,656.85,-1.48,29231.8,19353925.86,-1
2024-09-04,2024-09-04 14:00:00,656.85,656.85,647.0,647.0,-1.5,29231.8,19353925.86,-1
2024-09-04,2024-09-04 15:00:00,647.0,690.0,647.0,647.0,0.0,29231.8,19353925.86,0
2024-09-05,2024-09-05 11:00:00,647.2,648.55,638.6,644.9,-0.36,14691.0,9400217.36,-1
2024-09-05,2024-09-05 12:00:00,644.9,644.9,642.6,642.6,-0.36,14691.0,9400217.36,-1
2024-09-05,2024-09-05 13:00:00,642.6,642.6,640.3,640.3,-0.36,14691.0,9400217.36,-1
2024-09-05,2024-09-05 14:00:00,640.3,640.3,638.0,638.0,-0.36,14691.0,9400217.36,-1
2024-09-05,2024-09-05 15:00:00,638.0,649.9,630.0,638.0,0.0,14691.0,9400217.36,0
2024-09-08,2024-09-08 11:00:00,644.9,646.45,633.95,640.3,-0.71,14213.2,9012306.96,-1
2024-09-08,2024-09-08 12:00:00,640.3,640.3,635.7,635.7,-0.72,14213.2,9012306.96,-1
2024-09-08,2024-09-08 13:00:00,635.7,635.7,631.1,631.1,-0.72,14213.2,9012306.96,-1
2024-09-08,2024-09-08 14:00:00,631.1,631.1,626.5,626.5,-0.73,14213.2,9012306.96,-1
2024-09-08,2024-09-08 15:00:00,626.5,648.0,623.0,626.5,0.0,14213.2,9012306.96,0
2024-09-09,2024-09-09 11:00:00,630.0,630.0,622.0,626.5,-0.56,11527.4,7127487.6,-1
2024-09-09,2024-09-09 12:00:00,626.5,626.5,623.0,623.0,-0.56,11527.4,7127487.6,-1
2024-09-09,2024-09-09 13:00:00,623.0,623.0,619.5,619.5,-0.56,11527.4,7127487.6,-1
2024-09-09,2024-09-09 14:00:00,619.5,619.5,616.0,616.0,-0.56,11527.4,7127487.6,-1
2024-09-09,2024-09-09 15:00:00,616.0,630.0,614.0,616.0,0.0,11527.4,7127487.6,0
2024-09-10,2024-09-10 11:00:00,628.0,630.0,616.5,625.2,-0.45,10746.2,6582495.28,-1
2024-09-10,2024-09-10 12:00:00,625.2,625.2,622.4,622.4,-0.45,10746.2,6582495.28,-1
2024-09-10,2024-09-10 13:00:00,622.4,622.4,619.6,619.6,-0.45,10746.2,6582495.28,-1
2024-09-10,2024-09-10 14:00:00,619.6,619.6,616.8,616.8,-0.45,10746.2,6582495.28,-1
2024-09-10,2024-09-10 15:00:00,616.8,632.0,605.0,616.8,0.0,10746.2,6582495.28,0
2024-09-11,2024-09-11 11:00:00,612.1,616.05,606.55,610.33,-0.29,6026.6,3686259.58,-1
2024-09-11,2024-09-11 12:00:00,610.33,610.33,608.55,608.55,-0.29,6026.6,3686259.58,-1
2024-09-11,2024-09-11 13:00:00,608.55,608.55,606.77,606.77,-0.29,6026.6,3686259.58,-1
2024-09-11,2024-09-11 14:00:00,606.77,606.77,605.0,605.0,-0.29,6026.6,3686259.58,-1
2024-09-11,2024-09-11 15:00:00,605.0,620.0,601.0,605.0,0.0,6026.6,3686259.58,0
2024-09-12,2024-09-12 11:00:00,615.0,623.0,607.5,618.25,0.53,7622.2,4712962.64,1
2024-09-12,2024-09-12 12:00:00,618.25,621.5,618.25,621.5,0.53,7622.2,4712962.64,1
2024-09-12,2024-09-12 13:00:00,621.5,624.75,621.5,624.75,0.52,7622.2,4712962.64,1
2024-09-12,2024-09-12 14:00:00,624.75,628.0,624.75,628.0,0.52,7622.2,4712962.64,1
2024-09-12,2024-09-12 15:00:00,628.0,631.0,600.0,628.0,0.0,7622.2,4712962.64,0
2024-09-15,2024-09-15 11:00:00,628.0,633.0,615.65,624.0,-0.64,10357.0,6460256.16,-1
2024-09-15,2024-09-15 12:00:00,624.0,624.0,620.0,620.0,-0.64,10357.0,6460256.16,-1
2024-09-15,2024-09-15 13:00:00,620.0,620.0,616.0,616.0,-0.65,10357.0,6460256.16,-1
2024-09-15,2024-09-15 14:00:00,616.0,616.0,612.0,612.0,-0.65,10357.0,6460256.16,-1
2024-09-15,2024-09-15 15:00:00,612.0,638.0,603.3,612.0,0.0,10357.0,6460256.16,0
2024-09-16,2024-09-16 11:00:00,612.0,614.0,606.0,609.25,-0.45,10343.2,6258695.34,-1
2024-09-16,2024-09-16 12:00:00,609.25,609.25,606.5,606.5,-0.45,10343.2,6258695.34,-1
2024-09-16,2024-09-16 13:00:00,606.5,606.5,603.75,603.75,-0.45,10343.2,6258695.34,-1
2024-09-16,2024-09-16 14:00:00,603.75,603.75,601.0,601.0,-0.46,10343.2,6258695.34,-1
2024-09-16,2024-09-16 15:00:00,601.0,616.0,600.0,601.0,0.0,10343.2,6258695.34,0
2024-09-18,2024-09-18 11:00:00,591.1,600.05,590.55,594.27,0.54,6698.2,4020514.32,1
2024-09-18,2024-09-18 12:00:00,594.27,597.45,594.27,597.45,0.54,6698.2,4020514.32,1
2024-09-18,2024-09-18 13:00:00,597.45,600.62,597.45,600.62,0.53,6698.2,4020514.32,1
2024-09-18,2024-09-18 14:00:00,600.62,603.8,600.62,603.8,0.53,6698.2,4020514.32,1
2024-09-18,2024-09-18 15:00:00,603.8,609.0,590.0,603.8,0.0,6698.2,4020514.32,0
2024-09-22,2024-09-22 11:00:00,611.0,617.0,605.0,608.25,-0.45,4232.2,2574289.96,-1
2024-09-22,2024-09-22 12:00:00,608.25,608.25,605.5,605.5,-0.45,4232.2,2574289.96,-1
2024-09-22,2024-09-22 13:00:00,605.5,605.5,602.75,602.75,-0.45,4232.2,2574289.96,-1
2024-09-22,2024-09-22 14:00:00,602.75,602.75,600.0,600.0,-0.46,4232.2,2574289.96,-1
2024-09-22,2024-09-22 15:00:00,600.0,623.0,599.0,600.0,0.0,4232.2,2574289.96,0
2024-09-23,2024-09-23 11:00:00,610.0,610.0,597.55,603.8,-1.02,9619.6,5707797.08,-1
2024-09-23,2024-09-23 12:00:00,603.8,603.8,597.6,597.6,-1.03,9619.6,5707797.08,-1
2024-09-23,2024-09-23 13:00:00,597.6,597.6,591.4,591.4,-1.04,9619.6,5707797.08,-1
2024-09-23,2024-09-23 14:00:00,591.4,591.4,585.2,585.2,-1.05,9619.6,5707797.08,-1
2024-09-23,2024-09-23 15:00:00,585.2,610.0,585.1,585.2,0.0,9619.6,5707797.08,0
2024-09-24,2024-09-24 11:00:00,585.0,590.5,577.55,581.77,-0.55,8481.4,4911726.96,-1
2024-09-24,2024-09-24 12:00:00,581.77,581.77,578.55,578.55,-0.55,8481.4,4911726.96,-1
2024-09-24,2024-09-24 13:00:00,578.55,578.55,575.33,575.33,-0.56,8481.4,4911726.96,-1
2024-09-24,2024-09-24 14:00:00,575.33,575.33,572.1,572.1,-0.56,8481.4,4911726.96,-1
2024-09-24,2024-09-24 15:00:00,572.1,596.0,570.1,572.1,0.0,8481.4,4911726.96,0
2024-09-25,2024-09-25 11:00:00,575.0,586.85,572.55,578.75,0.65,6597.2,3862628.02,1
2024-09-25,2024-09-25 12:00:00,578.75,582.5,578.75,582.5,0.65,6597.2,3862628.02,1
2024-09-25,2024-09-25 13:00:00,582.5,586.25,582.5,586.25,0.64,6597.2,3862628.02,1
2024-09-25,2024-09-25 14:00:00,586.25,590.0,586.25,590.0,0.64,6597.2,3862628.02,1
2024-09-25,2024-09-25 15:00:00,590.0,598.7,570.1,590.0,0.0,6597.2,3862628.02,0
2024-09-26,2024-09-26 11:00:00,598.5,604.25,590.8,597.33,-0.2,7001.4,4164114.2,-1
2024-09-26,2024-09-26 12:00:00,597.33,597.33,596.15,596.15,-0.2,7001.4,4164114.2,-1
2024-09-26,2024-09-26 13:00:00,596.15,596.15,594.97,594.97,-0.2,7001.4,4164114.2,-1
2024-09-26,2024-09-26 14:00:00,594.97,594.97,593.8,593.8,-0.2,7001.4,4164114.2,-1
2024-09-26,2024-09-26 15:00:00,593.8,610.0,583.1,593.8,0.0,7001.4,4164114.2,0
2024-09-29,2024-09-29 11:00:00,590.0,597.5,584.5,592.5,0.42,5427.6,3230004.1,1
2024-09-29,2024-09-29 12:00:00,592.5,595.0,592.5,595.0,0.42,5427.6,3230004.1,1
2024-09-29,2024-09-29 13:00:00,595.0,597.5,595.0,597.5,0.42,5427.6,3230004.1,1
2024-09-29,2024-09-29 14:00:00,597.5,600.0,597.5,600.0,0.42,5427.6,3230004.1,1
2024-09-29,2024-09-29 15:00:00,600.0,605.0,579.0,600.0,0.0,5427.6,3230004.1,0
2024-09-30,2024-09-30 11:00:00,590.0,595.5,588.0,592.75,0.47,4240.4,2532224.74,1
2024-09-30,2024-09-30 12:00:00,592.75,595.5,592.75,595.5,0.46,4240.4,2532224.74,1
2024-09-30,2024-09-30 13:00:00,595.5,598.25,595.5,598.25,0.46,4240.4,2532224.74,1
2024-09-30,2024-09-30 14:00:00,598.25,601.0,598.25,601.0,0.46,4240.4,2532224.74,1
2024-09-30,2024-09-30 15:00:00,601.0,601.0,586.0,601.0,0.0,4240.4,2532224.74,0
2024-10-01,2024-10-01 11:00:00,605.0,616.5,601.5,608.75,0.62,11918.6,7301623.24,1
2024-10-01,2024-10-01 12:00:00,608.75,612.5,608.75,612.5,0.62,11918.6,7301623.24,1
2024-10-01,2024-10-01 13:00:00,612.5,616.25,612.5,616.25,0.61,11918.6,7301623.24,1
2024-10-01,2024-10-01 14:00:00,616.25,620.0,616.25,620.0,0.61,11918.6,7301623.24,1
2024-10-01,2024-10-01 15:00:00,620.0,628.0,598.0,620.0,0.0,11918.6,7301623.24,0
2024-10-02,2024-10-02 11:00:00,632.4,632.4,618.7,625.67,-1.06,7459.2,4573641.54,-1
2024-10-02,2024-10-02 12:00:00,625.67,625.67,618.95,618.95,-1.07,7459.2,4573641.54,-1
2024-10-02,2024-10-02 13:00:00,618.95,618.95,612.23,612.23,-1.09,7459.2,4573641.54,-1
2024-10-02,2024-10-02 14:00:00,612.23,612.23,605.5,605.5,-1.1,7459.2,4573641.54,-1
2024-10-02,2024-10-02 15:00:00,605.5,632.4,605.0,605.5,0.0,7459.2,4573641.54,0
2024-10-06,2024-10-06 11:00:00,607.0,612.0,598.55,609.0,0.33,7285.2,4414486.9,1
2024-10-06,2024-10-06 12:00:00,609.0,611.0,609.0,611.0,0.33,7285.2,4414486.9,1
2024-10-06,2024-10-06 13:00:00,611.0,613.0,611.0,613.0,0.33,7285.2,4414486.9,1
2024-10-06,2024-10-06 14:00:00,613.0,615.0,613.0,615.0,0.33,7285.2,4414486.9,1
2024-10-06,2024-10-06 15:00:00,615.0,617.0,590.1,615.0,0.0,7285.2,4414486.9,0
2024-10-07,2024-10-07 11:00:00,621.0,624.0,618.0,620.75,-0.04,5494.0,3421683.08,-1
2024-10-07,2024-10-07 12:00:00,620.75,620.75,620.5,620.5,-0.04,5494.0,3421683.08,-1
2024-10-07,2024-10-07 13:00:00,620.5,620.5,620.25,620.25,-0.04,5494.0,3421683.08,-1
2024-10-07,2024-10-07 14:00:00,620.25,620.25,620.0,620.0,-0.04,5494.0,3421683.08,-1
2024-10-07,2024-10-07 15:00:00,620.0,627.0,615.0,620.0,0.0,5494.0,3421683.08,0
2024-10-08,2024-10-08 11:00:00,620.0,624.45,613.8,617.07,-0.47,3109.0,1911342.3,-1
2024-10-08,2024-10-08 12:00:00,617.07,617.07,614.14,614.14,-0.47,3109.0,1911342.3,-1
2024-10-08,2024-10-08 13:00:00,614.14,614.14,611.22,611.22,-0.48,3109.0,1911342.3,-1
2024-10-08,2024-10-08 14:00:00,611.22,611.22,608.29,608.29,-0.48,3109.0,1911342.3,-1
2024-10-08,2024-10-08 15:00:00,608.29,628.9,607.6,608.29,0.0,3109.0,1911342.3,0
2024-10-09,2024-10-09 11:00:00,608.0,610.75,605.8,608.25,0.04,3272.0,1987163.52,1
2024-10-09,2024-10-09 12:00:00,608.25,608.5,608.25,608.5,0.04,3272.0,1987163.52,1
2024-10-09,2024-10-09 13:00:00,608.5,608.75,608.5,608.75,0.04,3272.0,1987163.52,1
2024-10-09,2024-10-09 14:00:00,608.75,609.0,608.75,609.0,0.04,3272.0,1987163.52,1
2024-10-09,2024-10-09 15:00:00,609.0,613.5,603.6,609.0,0.0,3272.0,1987163.52,0
2024-10-15,2024-10-15 11:00:00,619.9,619.9,612.95,618.67,-0.2,1829.8,1119331.6,-1
2024-10-15,2024-10-15 12:00:00,618.67,618.67,617.45,617.45,-0.2,1829.8,1119331.6,-1
2024-10-15,2024-10-15 13:00:00,617.45,617.45,616.23,616.23,-0.2,1829.8,1119331.6,-1
2024-10-15,2024-10-15 14:00:00,616.23,616.23,615.0,615.0,-0.2,1829.8,1119331.6,-1
2024-10-15,2024-10-15 15:00:00,615.0,619.9,606.0,615.0,0.0,1829.8,1119331.6,0
2024-10-16,2024-10-16 11:00:00,616.0,622.9,613.5,617.75,0.28,5119.2,3193876.02,1
2024-10-16,2024-10-16 12:00:00,617.75,619.5,617.75,619.5,0.28,5119.2,3193876.02,1
2024-10-16,2024-10-16 13:00:00,619.5,621.25,619.5,621.25,0.28,5119.2,3193876.02,1
2024-10-16,2024-10-16 14:00:00,621.25,623.0,621.25,623.0,0.28,5119.2,3193876.02,1
2024-10-16,2024-10-16 15:00:00,623.0,629.8,611.0,623.0,0.0,5119.2,3193876.02,0
2024-10-17,2024-10-17 11:00:00,634.9,634.9,625.95,632.17,-0.43,5194.2,3248593.38,-1
2024-10-17,2024-10-17 12:00:00,632.17,632.17,629.45,629.45,-0.43,5194.2,3248593.38,-1
2024-10-17,2024-10-17 13:00:00,629.45,629.45,626.73,626.73,-0.43,5194.2,3248593.38,-1
2024-10-17,2024-10-17 14:00:00,626.73,626.73,624.0,624.0,-0.44,5194.2,3248593.38,-1
2024-10-17,2024-10-17 15:00:00,624.0,634.9,617.0,624.0,0.0,5194.2,3248593.38,0
2024-10-20,2024-10-20 11:00:00,611.6,617.8,605.8,612.45,0.14,6139.0,3778159.24,1
2024-10-20,2024-10-20 12:00:00,612.45,613.3,612.45,613.3,0.14,6139.0,3778159.24,1
2024-10-20,2024-10-20 13:00:00,613.3,614.15,613.3,614.15,0.14,6139.0,3778159.24,1
2024-10-20,2024-10-20 14:00:00,614.15,615.0,614.15,615.0,0.14,6139.0,3778159.24,1
2024-10-20,2024-10-20 15:00:00,615.0,624.0,600.0,615.0,0.0,6139.0,3778159.24,0
2024-10-21,2024-10-21 11:00:00,611.0,613.0,605.5,608.27,-0.45,8273.2,4997882.96,-1
2024-10-21,2024-10-21 12:00:00,608.27,608.27,605.55,605.55,-0.45,8273.2,4997882.96,-1
2024-10-21,2024-10-21 13:00:00,605.55,605.55,602.83,602.83,-0.45,8273.2,4997882.96,-1
2024-10-21,2024-10-21 14:00:00,602.83,602.83,600.1,600.1,-0.45,8273.2,4997882.96,-1
2024-10-21,2024-10-21 15:00:00,600.1,615.0,600.0,600.1,0.0,8273.2,4997882.96,0
2024-10-22,2024-10-22 11:00:00,604.0,606.0,601.5,604.0,0.0,4078.0,2459942.96,0
2024-10-22,2024-10-22 12:00:00,604.0,604.0,604.0,604.0,0.0,4078.0,2459942.96,0
2024-10-22,2024-10-22 13:00:00,604.0,604.0,604.0,604.0,0.0,4078.0,2459942.96,0
2024-10-22,2024-10-22 14:00:00,604.0,604.0,604.0,604.0,0.0,4078.0,2459942.96,0
2024-10-22,2024-10-22 15:00:00,604.0,608.0,599.0,604.0,0.0,4078.0,2459942.96,0
2024-10-23,2024-10-23 11:00:00,615.0,615.0,605.65,611.62,-0.55,3975.0,2393105.16,-1
2024-10-23,2024-10-23 12:00:00,611.62,611.62,608.25,608.25,-0.55,3975.0,2393105.16,-1
2024-10-23,2024-10-23 13:00:00,608.25,608.25,604.88,604.88,-0.55,3975.0,2393105.16,-1
2024-10-23,2024-10-23 14:00:00,604.88,604.88,601.5,601.5,-0.56,3975.0,2393105.16,-1
2024-10-23,2024-10-23 15:00:00,601.5,615.0,596.3,601.5,0.0,3975.0,2393105.16,0
2024-10-24,2024-10-24 11:00:00,608.0,608.0,600.0,604.75,-0.53,3732.8,2225517.34,-1
2024-10-24,2024-10-24 12:00:00,604.75,604.75,601.5,601.5,-0.54,3732.8,2225517.34,-1
2024-10-24,2024-10-24 13:00:00,601.5,601.5,598.25,598.25,-0.54,3732.8,2225517.34,-1
2024-10-24,2024-10-24 14:00:00,598.25,598.25,595.0,595.0,-0.54,3732.8,2225517.34,-1
2024-10-24,2024-10-24 15:00:00,595.0,608.0,592.0,595.0,0.0,3732.8,2225517.34,0
2024-10-27,2024-10-27 11:00:00,586.3,593.15,586.3,587.9,0.27,3671.4,2176131.6,1
2024-10-27,2024-10-27 12:00:00,587.9,589.5,587.9,589.5,0.27,3671.4,2176131.6,1
2024-10-27,2024-10-27 13:00:00,589.5,591.1,589.5,591.1,0.27,3671.4,2176131.6,1
2024-10-27,2024-10-27 14:00:00,591.1,592.7,591.1,592.7,0.27,3671.4,2176131.6,1
2024-10-27,2024-10-27 15:00:00,592.7,600.0,586.3,592.7,0.0,3671.4,2176131.6,0
2024-10-28,2024-10-28 11:00:00,595.0,599.5,595.0,595.77,0.13,1896.2,1135529.54,1
2024-10-28,2024-10-28 12:00:00,595.77,596.55,595.77,596.55,0.13,1896.2,1135529.54,1
2024-10-28,2024-10-28 13:00:00,596.55,597.33,596.55,597.33,0.13,1896.2,1135529.54,1
2024-10-28,2024-10-28 14:00:00,597.33,598.1,597.33,598.1,0.13,1896.2,1135529.54,1
2024-10-28,2024-10-28 15:00:00,598.1,604.0,595.0,598.1,0.0,1896.2,1135529.54,0
2024-10-29,2024-10-29 11:00:00,604.0,623.0,604.0,611.48,1.24,13633.6,8547274.82,1
2024-10-29,2024-10-29 12:00:00,611.48,618.95,611.48,618.95,1.22,13633.6,8547274.82,1
2024-10-29,2024-10-29 13:00:00,618.95,626.42,618.95,626.42,1.21,13633.6,8547274.82,1
2024-10-29,2024-10-29 14:00:00,626.42,633.9,626.42,633.9,1.19,13633.6,8547274.82,1
2024-10-29,2024-10-29 15:00:00,633.9,642.0,604.0,633.9,0.0,13633.6,8547274.82,0
2024-10-30,2024-10-30 11:00:00,643.9,643.9,635.95,639.92,-0.62,6849.2,4327754.0,-1
2024-10-30,2024-10-30 12:00:00,639.92,639.92,635.95,635.95,-0.62,6849.2,4327754.0,-1
2024-10-30,2024-10-30 13:00:00,635.95,635.95,631.98,631.98,-0.62,6849.2,4327754.0,-1
2024-10-30,2024-10-30 14:00:00,631.98,631.98,628.0,628.0,-0.63,6849.2,4327754.0,-1
2024-10-30,2024-10-30 15:00:00,628.0,643.9,628.0,628.0,0.0,6849.2,4327754.0,0
2024-11-05,2024-11-05 11:00:00,640.0,665.4,633.0,645.2,0.81,34906.8,23224568.02,1
2024-11-05,2024-11-05 12:00:00,645.2,650.4,645.2,650.4,0.81,34906.8,23224568.02,1
2024-11-05,2024-11-05 13:00:00,650.4,655.6,650.4,655.6,0.8,34906.8,23224568.02,1
2024-11-05,2024-11-05 14:00:00,655.6,660.8,655.6,660.8,0.79,34906.8,23224568.02,1
2024-11-05,2024-11-05 15:00:00,660.8,690.8,626.0,660.8,0.0,34906.8,23224568.02,0
2024-11-06,2024-11-06 11:00:00,670.0,670.0,660.0,667.45,-0.38,13484.2,8881455.24,-1
2024-11-06,2024-11-06 12:00:00,667.45,667.45,664.9,664.9,-0.38,13484.2,8881455.24,-1
2024-11-06,2024-11-06 13:00:00,664.9,664.9,662.35,662.35,-0.38,13484.2,8881455.24,-1
2024-11-06,2024-11-06 14:00:00,662.35,662.35,659.8,659.8,-0.38,13484.2,8881455.24,-1
2024-11-06,2024-11-06 15:00:00,659.8,670.0,650.0,659.8,0.0,13484.2,8881455.24,0
2024-11-10,2024-11-10 11:00:00,672.9,672.9,663.95,670.7,-0.33,14546.2,9644732.56,-1
2024-11-10,2024-11-10 12:00:00,670.7,670.7,668.5,668.5,-0.33,14546.2,9644732.56,-1
2024-11-10,2024-11-10 13:00:00,668.5,668.5,666.3,666.3,-0.33,14546.2,9644732.56,-1
2024-11-10,2024-11-10 14:00:00,666.3,666.3,664.1,664.1,-0.33,14546.2,9644732.56,-1
2024-11-10,2024-11-10 15:00:00,664.1,672.9,655.0,664.1,0.0,14546.2,9644732.56,0
2024-11-11,2024-11-11 11:00:00,668.0,670.95,659.0,663.5,-0.67,19113.6,12651175.02,-1
2024-11-11,2024-11-11 12:00:00,663.5,663.5,659.0,659.0,-0.68,19113.6,12651175.02,-1
2024-11-11,2024-11-11 13:00:00,659.0,659.0,654.5,654.5,-0.68,19113.6,12651175.02,-1
2024-11-11,2024-11-11 14:00:00,654.5,654.5,650.0,650.0,-0.69,19113.6,12651175.02,-1
2024-11-11,2024-11-11 15:00:00,650.0,673.9,650.0,650.0,0.0,19113.6,12651175.02,0
2024-11-12,2024-11-12 11:00:00,661.9,662.45,651.95,657.17,-0.71,8798.6,5709630.26,-1
2024-11-12,2024-11-12 12:00:00,657.17,657.17,652.45,652.45,-0.72,8798.6,5709630.26,-1
2024-11-12,2024-11-12 13:00:00,652.45,652.45,647.73,647.73,-0.72,8798.6,5709630.26,-1
2024-11-12,2024-11-12 14:00:00,647.73,647.73,643.0,643.0,-0.73,8798.6,5709630.26,-1
2024-11-12,2024-11-12 15:00:00,643.0,663.0,642.0,643.0,0.0,8798.6,5709630.26,0
2024-11-13,2024-11-13 11:00:00,655.8,655.8,642.2,650.22,-0.85,11410.4,7233312.8,-1
2024-11-13,2024-11-13 12:00:00,650.22,650.22,644.65,644.65,-0.86,11410.4,7233312.8,-1
2024-11-13,2024-11-13 13:00:00,644.65,644.65,639.08,639.08,-0.86,11410.4,7233312.8,-1
2024-11-13,2024-11-13 14:00:00,639.08,639.08,633.5,633.5,-0.87,11410.4,7233312.8,-1
2024-11-13,2024-11-13 15:00:00,633.5,655.8,628.6,633.5,0.0,11410.4,7233312.8,0
2024-11-14,2024-11-14 11:00:00,646.0,646.0,638.0,643.5,-0.39,9717.6,6165556.48,-1
2024-11-14,2024-11-14 12:00:00,643.5,643.5,641.0,641.0,-0.39,9717.6,6165556.48,-1
2024-11-14,2024-11-14 13:00:00,641.0,641.0,638.5,638.5,-0.39,9717.6,6165556.48,-1
2024-11-14,2024-11-14 14:00:00,638.5,638.5,636.0,636.0,-0.39,9717.6,6165556.48,-1
2024-11-14,2024-11-14 15:00:00,636.0,646.0,630.0,636.0,0.0,9717.6,6165556.48,0
2024-11-17,2024-11-17 11:00:00,636.2,643.1,633.1,636.9,0.11,9970.4,6389172.7,1
2024-11-17,2024-11-17 12:00:00,636.9,637.6,636.9,637.6,0.11,9970.4,6389172.7,1
2024-11-17,2024-11-17 13:00:00,637.6,638.3,637.6,638.3,0.11,9970.4,6389172.7,1
2024-11-17,2024-11-17 14:00:00,638.3,639.0,638.3,639.0,0.11,9970.4,6389172.7,1
2024-11-17,2024-11-17 15:00:00,639.0,650.0,630.0,639.0,0.0,9970.4,6389172.7,0
2024-11-19,2024-11-19 11:00:00,639.0,641.5,629.5,634.75,-0.67,7451.6,4672779.44,-1
2024-11-19,2024-11-19 12:00:00,634.75,634.75,630.5,630.5,-0.67,7451.6,4672779.44,-1
2024-11-19,2024-11-19 13:00:00,630.5,630.5,626.25,626.25,-0.67,7451.6,4672779.44,-1
2024-11-19,2024-11-19 14:00:00,626.25,626.25,622.0,622.0,-0.68,7451.6,4672779.44,-1
2024-11-19,2024-11-19 15:00:00,622.0,644.0,620.0,622.0,0.0,7451.6,4672779.44,0
2024-11-20,2024-11-20 11:00:00,622.0,624.85,619.5,621.5,-0.08,6131.6,3805939.98,-1
2024-11-20,2024-11-20 12:00:00,621.5,621.5,621.0,621.0,-0.08,6131.6,3805939.98,-1
2024-11-20,2024-11-20 13:00:00,621.0,621.0,620.5,620.5,-0.08,6131.6,3805939.98,-1
2024-11-20,2024-11-20 14:00:00,620.5,620.5,620.0,620.0,-0.08,6131.6,3805939.98,-1
2024-11-20,2024-11-20 15:00:00,620.0,627.7,617.0,620.0,0.0,6131.6,3805939.98,0
2024-11-21,2024-11-21 11:00:00,629.9,629.9,618.95,624.48,-0.86,6846.6,4206458.76,-1
2024-11-21,2024-11-21 12:00:00,624.48,624.48,619.05,619.05,-0.87,6846.6,4206458.76,-1
2024-11-21,2024-11-21 13:00:00,619.05,619.05,613.62,613.62,-0.88,6846.6,4206458.76,-1
2024-11-21,2024-11-21 14:00:00,613.62,613.62,608.2,608.2,-0.88,6846.6,4206458.76,-1
2024-11-21,2024-11-21 15:00:00,608.2,629.9,608.0,608.2,0.0,6846.6,4206458.76,0
2024-11-24,2024-11-24 11:00:00,610.0,615.15,606.5,609.48,-0.09,6961.2,4247091.42,-1
2024-11-24,2024-11-24 12:00:00,609.48,609.48,608.95,608.95,-0.09,6961.2,4247091.42,-1
2024-11-24,2024-11-24 13:00:00,608.95,608.95,608.42,608.42,-0.09,6961.2,4247091.42,-1
2024-11-24,2024-11-24 14:00:00,608.42,608.42,607.9,607.9,-0.09,6961.2,4247091.42,-1
2024-11-24,2024-11-24 15:00:00,607.9,620.3,603.0,607.9,0.0,6961.2,4247091.42,0
2024-11-25,2024-11-25 11:00:00,618.0,619.0,613.25,617.73,-0.04,5494.4,3381844.3,-1
2024-11-25,2024-11-25 12:00:00,617.73,617.73,617.45,617.45,-0.05,5494.4,3381844.3,-1
2024-11-25,2024-11-25 13:00:00,617.45,617.45,617.17,617.17,-0.05,5494.4,3381844.3,-1
2024-11-25,2024-11-25 14:00:00,617.17,617.17,616.9,616.9,-0.04,5494.4,3381844.3,-1
2024-11-25,2024-11-25 15:00:00,616.9,620.0,608.5,616.9,0.0,5494.4,3381844.3,0
2024-11-26,2024-11-26 11:00:00,620.0,621.8,615.5,620.75,0.12,5630.6,3487428.64,1
2024-11-26,2024-11-26 12:00:00,620.75,621.5,620.75,621.5,0.12,5630.6,3487428.64,1
2024-11-26,2024-11-26 13:00:00,621.5,622.25,621.5,622.25,0.12,5630.6,3487428.64,1
2024-11-26,2024-11-26 14:00:00,622.25,623.0,622.25,623.0,0.12,5630.6,3487428.64,1
2024-11-26,2024-11-26 15:00:00,623.0,623.6,611.0,623.0,0.0,5630.6,3487428.64,0
2024-11-27,2024-11-27 11:00:00,631.0,633.0,625.5,630.08,-0.15,6263.0,3934543.88,-1
2024-11-27,2024-11-27 12:00:00,630.08,630.08,629.15,629.15,-0.15,6263.0,3934543.88,-1
2024-11-27,2024-11-27 13:00:00,629.15,629.15,628.22,628.22,-0.15,6263.0,3934543.88,-1
2024-11-27,2024-11-27 14:00:00,628.22,628.22,627.3,627.3,-0.15,6263.0,3934543.88,-1
2024-11-27,2024-11-27 15:00:00,627.3,635.0,620.0,627.3,0.0,6263.0,3934543.88,0
2024-11-28,2024-11-28 11:00:00,636.6,636.6,627.3,632.7,-0.61,6808.6,4256018.42,-1
2024-11-28,2024-11-28 12:00:00,632.7,632.7,628.8,628.8,-0.62,6808.6,4256018.42,-1
2024-11-28,2024-11-28 13:00:00,628.8,628.8,624.9,624.9,-0.62,6808.6,4256018.42,-1
2024-11-28,2024-11-28 14:00:00,624.9,624.9,621.0,621.0,-0.62,6808.6,4256018.42,-1
2024-11-28,2024-11-28 15:00:00,621.0,636.6,618.0,621.0,0.0,6808.6,4256018.42,0
2024-12-01,2024-12-01 11:00:00,610.0,617.45,610.0,610.67,0.11,6789.2,4187751.88,1
2024-12-01,2024-12-01 12:00:00,610.67,611.35,610.67,611.35,0.11,6789.2,4187751.88,1
2024-12-01,2024-12-01 13:00:00,611.35,612.03,611.35,612.03,0.11,6789.2,4187751.88,1
2024-12-01,2024-12-01 14:00:00,612.03,612.7,612.03,612.7,0.11,6789.2,4187751.88,1
2024-12-01,2024-12-01 15:00:00,612.7,624.9,610.0,612.7,0.0,6789.2,4187751.88,0
2024-12-02,2024-12-02 11:00:00,617.0,624.0,616.0,618.0,0.16,8478.8,5269321.76,1
2024-12-02,2024-12-02 12:00:00,618.0,619.0,618.0,619.0,0.16,8478.8,5269321.76,1
2024-12-02,2024-12-02 13:00:00,619.0,620.0,619.0,620.0,0.16,8478.8,5269321.76,1
2024-12-02,2024-12-02 14:00:00,620.0,621.0,620.0,621.0,0.16,8478.8,5269321.76,1
2024-12-02,2024-12-02 15:00:00,621.0,631.0,615.0,621.0,0.0,8478.8,5269321.76,0
2024-12-03,2024-12-03 11:00:00,623.0,626.5,619.0,621.73,-0.2,3993.0,2474231.28,-1
2024-12-03,2024-12-03 12:00:00,621.73,621.73,620.45,620.45,-0.21,3993.0,2474231.28,-1
2024-12-03,2024-12-03 13:00:00,620.45,620.45,619.17,619.17,-0.21,3993.0,2474231.28,-1
2024-12-03,2024-12-03 14:00:00,619.17,619.17,617.9,617.9,-0.21,3993.0,2474231.28,-1
2024-12-03,2024-12-03 15:00:00,617.9,630.0,615.0,617.9,0.0,3993.0,2474231.28,0
2024-12-04,2024-12-04 11:00:00,617.0,621.0,616.0,616.58,-0.07,5499.0,3397020.16,-1
2024-12-04,2024-12-04 12:00:00,616.58,616.58,616.15,616.15,-0.07,5499.0,3397020.16,-1
2024-12-04,2024-12-04 13:00:00,616.15,616.15,615.72,615.72,-0.07,5499.0,3397020.16,-1
2024-12-04,2024-12-04 14:00:00,615.72,615.72,615.3,615.3,-0.07,5499.0,3397020.16,-1
2024-12-04,2024-12-04 15:00:00,615.3,625.0,615.0,615.3,0.0,5499.0,3397020.16,0
2024-12-05,2024-12-05 11:00:00,615.3,617.55,610.2,612.97,-0.38,5277.6,3216866.44,-1
2024-12-05,2024-12-05 12:00:00,612.97,612.97,610.65,610.65,-0.38,5277.6,3216866.44,-1
2024-12-05,2024-12-05 13:00:00,610.65,610.65,608.33,608.33,-0.38,5277.6,3216866.44,-1
2024-12-05,2024-12-05 14:00:00,608.33,608.33,606.0,606.0,-0.38,5277.6,3216866.44,-1
2024-12-05,2024-12-05 15:00:00,606.0,619.8,605.1,606.0,0.0,5277.6,3216866.44,0
2024-12-08,2024-12-08 11:00:00,607.0,607.95,601.1,605.25,-0.29,5856.2,3521280.8,-1
2024-12-08,2024-12-08 12:00:00,605.25,605.25,603.5,603.5,-0.29,5856.2,3521280.8,-1
2024-12-08,2024-12-08 13:00:00,603.5,603.5,601.75,601.75,-0.29,5856.2,3521280.8,-1
2024-12-08,2024-12-08 14:00:00,601.75,601.75,600.0,600.0,-0.29,5856.2,3521280.8,-1
2024-12-08,2024-12-08 15:00:00,600.0,608.9,595.2,600.0,0.0,5856.2,3521280.8,0
2024-12-09,2024-12-09 11:00:00,596.0,604.0,596.0,597.48,0.25,3796.0,2289459.06,1
2024-12-09,2024-12-09 12:00:00,597.48,598.95,597.48,598.95,0.25,3796.0,2289459.06,1
2024-12-09,2024-12-09 13:00:00,598.95,600.42,598.95,600.42,0.25,3796.0,2289459.06,1
2024-12-09,2024-12-09 14:00:00,600.42,601.9,600.42,601.9,0.25,3796.0,2289459.06,1
2024-12-09,2024-12-09 15:00:00,601.9,612.0,596.0,601.9,0.0,3796.0,2289459.06,0
2024-12-10,2024-12-10 11:00:00,613.0,613.0,604.15,609.25,-0.61,2852.2,1708409.7,-1
2024-12-10,2024-12-10 12:00:00,609.25,609.25,605.5,605.5,-0.62,2852.2,1708409.7,-1
2024-12-10,2024-12-10 13:00:00,605.5,605.5,601.75,601.75,-0.62,2852.2,1708409.7,-1
2024-12-10,2024-12-10 14:00:00,601.75,601.75,598.0,598.0,-0.62,2852.2,1708409.7,-1
2024-12-10,2024-12-10 15:00:00,598.0,613.0,595.3,598.0,0.0,2852.2,1708409.7,0
2024-12-11,2024-12-11 11:00:00,603.0,606.5,600.7,604.25,0.21,3031.4,1836241.62,1
2024-12-11,2024-12-11 12:00:00,604.25,605.5,604.25,605.5,0.21,3031.4,1836241.62,1
2024-12-11,2024-12-11 13:00:00,605.5,606.75,605.5,606.75,0.21,3031.4,1836241.62,1
2024-12-11,2024-12-11 14:00:00,606.75,608.0,606.75,608.0,0.21,3031.4,1836241.62,1
2024-12-11,2024-12-11 15:00:00,608.0,610.0,598.4,608.0,0.0,3031.4,1836241.62,0
2024-12-12,2024-12-12 11:00:00,610.0,611.5,604.0,607.25,-0.45,4082.4,2464476.46,-1
2024-12-12,2024-12-12 12:00:00,607.25,607.25,604.5,604.5,-0.45,4082.4,2464476.46,-1
2024-12-12,2024-12-12 13:00:00,604.5,604.5,601.75,601.75,-0.45,4082.4,2464476.46,-1
2024-12-12,2024-12-12 14:00:00,601.75,601.75,599.0,599.0,-0.46,4082.4,2464476.46,-1
2024-12-12,2024-12-12 15:00:00,599.0,613.0,598.0,599.0,0.0,4082.4,2464476.46,0
2024-12-16,2024-12-16 11:00:00,610.9,610.9,598.1,605.42,-0.9,5608.8,3313419.62,-1
2024-12-16,2024-12-16 12:00:00,605.42,605.42,599.95,599.95,-0.9,5608.8,3313419.62,-1
2024-12-16,2024-12-16 13:00:00,599.95,599.95,594.48,594.48,-0.91,5608.8,3313419.62,-1
2024-12-16,2024-12-16 14:00:00,594.48,594.48,589.0,589.0,-0.92,5608.8,3313419.62,-1
2024-12-16,2024-12-16 15:00:00,589.0,610.9,585.3,589.0,0.0,5608.8,3313419.62,0
2024-12-17,2024-12-17 11:00:00,590.0,593.0,590.0,590.73,0.12,2710.6,1606047.9,1
2024-12-17,2024-12-17 12:00:00,590.73,591.45,590.73,591.45,0.12,2710.6,1606047.9,1
2024-12-17,2024-12-17 13:00:00,591.45,592.17,591.45,592.17,0.12,2710.6,1606047.9,1
2024-12-17,2024-12-17 14:00:00,592.17,592.9,592.17,592.9,0.12,2710.6,1606047.9,1
2024-12-17,2024-12-17 15:00:00,592.9,596.0,590.0,592.9,0.0,2710.6,1606047.9,0
2024-12-18,2024-12-18 11:00:00,595.0,595.45,592.0,594.0,-0.17,2186.6,1293051.76,-1
2024-12-18,2024-12-18 12:00:00,594.0,594.0,593.0,593.0,-0.17,2186.6,1293051.76,-1
2024-12-18,2024-12-18 13:00:00,593.0,593.0,592.0,592.0,-0.17,2186.6,1293051.76,-1
2024-12-18,2024-12-18 14:00:00,592.0,592.0,591.0,591.0,-0.17,2186.6,1293051.76,-1
2024-12-18,2024-12-18 15:00:00,591.0,595.9,589.0,591.0,0.0,2186.6,1293051.76,0
2024-12-19,2024-12-19 11:00:00,588.0,588.0,582.0,585.25,-0.47,6292.4,3667361.66,-1
2024-12-19,2024-12-19 12:00:00,585.25,585.25,582.5,582.5,-0.47,6292.4,3667361.66,-1
2024-12-19,2024-12-19 13:00:00,582.5,582.5,579.75,579.75,-0.47,6292.4,3667361.66,-1
2024-12-19,2024-12-19 14:00:00,579.75,579.75,577.0,577.0,-0.47,6292.4,3667361.66,-1
2024-12-19,2024-12-19 15:00:00,577.0,588.0,576.0,577.0,0.0,6292.4,3667361.66,0
2024-12-22,2024-12-22 11:00:00,575.3,576.65,570.65,573.22,-0.36,4567.8,2603770.64,-1
2024-12-22,2024-12-22 12:00:00,573.22,573.22,571.15,571.15,-0.36,4567.8,2603770.64,-1
2024-12-22,2024-12-22 13:00:00,571.15,571.15,569.08,569.08,-0.36,4567.8,2603770.64,-1
2024-12-22,2024-12-22 14:00:00,569.08,569.08,567.0,567.0,-0.37,4567.8,2603770.64,-1
2024-12-22,2024-12-22 15:00:00,567.0,578.0,566.0,567.0,0.0,4567.8,2603770.64,0
2024-12-23,2024-12-23 11:00:00,573.0,574.0,569.0,573.25,0.04,2753.4,1570914.66,1
2024-12-23,2024-12-23 12:00:00,573.25,573.5,573.25,573.5,0.04,2753.4,1570914.66,1
2024-12-23,2024-12-23 13:00:00,573.5,573.75,573.5,573.75,0.04,2753.4,1570914.66,1
2024-12-23,2024-12-23 14:00:00,573.75,574.0,573.75,574.0,0.04,2753.4,1570914.66,1
2024-12-23,2024-12-23 15:00:00,574.0,575.0,565.0,574.0,0.0,2753.4,1570914.66,0
2024-12-24,2024-12-24 11:00:00,575.0,582.5,575.0,578.75,0.65,3736.0,2187091.54,1
2024-12-24,2024-12-24 12:00:00,578.75,582.5,578.75,582.5,0.65,3736.0,2187091.54,1
2024-12-24,2024-12-24 13:00:00,582.5,586.25,582.5,586.25,0.64,3736.0,2187091.54,1
2024-12-24,2024-12-24 14:00:00,586.25,590.0,586.25,590.0,0.64,3736.0,2187091.54,1
2024-12-24,2024-12-24 15:00:00,590.0,590.0,575.0,590.0,0.0,3736.0,2187091.54,0
2024-12-26,2024-12-26 11:00:00,591.0,593.0,585.05,588.02,-0.5,2246.8,1305591.42,-1
2024-12-26,2024-12-26 12:00:00,588.02,588.02,585.05,585.05,-0.51,2246.8,1305591.42,-1
2024-12-26,2024-12-26 13:00:00,585.05,585.05,582.08,582.08,-0.51,2246.8,1305591.42,-1
2024-12-26,2024-12-26 14:00:00,582.08,582.08,579.1,579.1,-0.51,2246.8,1305591.42,-1
2024-12-26,2024-12-26 15:00:00,579.1,595.0,579.1,579.1,0.0,2246.8,1305591.42,0
2024-12-29,2024-12-29 11:00:00,572.0,577.0,571.0,571.77,-0.04,2047.0,1176994.5,-1
2024-12-29,2024-12-29 12:00:00,571.77,571.77,571.55,571.55,-0.04,2047.0,1176994.5,-1
2024-12-29,2024-12-29 13:00:00,571.55,571.55,571.33,571.33,-0.04,2047.0,1176994.5,-1
2024-12-29,2024-12-29 14:00:00,571.33,571.33,571.1,571.1,-0.04,2047.0,1176994.5,-1
2024-12-29,2024-12-29 15:00:00,571.1,582.0,570.0,571.1,0.0,2047.0,1176994.5,0
2024-12-31,2024-12-31 11:00:00,562.1,567.65,562.05,562.83,0.13,2297.4,1297224.24,1
2024-12-31,2024-12-31 12:00:00,562.83,563.55,562.83,563.55,0.13,2297.4,1297224.24,1
2024-12-31,2024-12-31 13:00:00,563.55,564.27,563.55,564.27,0.13,2297.4,1297224.24,1
2024-12-31,2024-12-31 14:00:00,564.27,565.0,564.27,565.0,0.13,2297.4,1297224.24,1
2024-12-31,2024-12-31 15:00:00,565.0,573.2,562.0,565.0,0.0,2297.4,1297224.24,0
2025-01-01,2025-01-01 11:00:00,576.0,576.0,570.3,574.05,-0.34,1220.2,695617.88,-1
2025-01-01,2025-01-01 12:00:00,574.05,574.05,572.1,572.1,-0.34,1220.2,695617.88,-1
2025-01-01,2025-01-01 13:00:00,572.1,572.1,570.15,570.15,-0.34,1220.2,695617.88,-1
2025-01-01,2025-01-01 14:00:00,570.15,570.15,568.2,568.2,-0.34,1220.2,695617.88,-1
2025-01-01,2025-01-01 15:00:00,568.2,576.0,564.6,568.2,0.0,1220.2,695617.88,0
2025-01-02,2025-01-02 11:00:00,568.0,572.0,567.55,568.9,0.16,2183.6,1250210.72,1
2025-01-02,2025-01-02 12:00:00,568.9,569.8,568.9,569.8,0.16,2183.6,1250210.72,1
2025-01-02,2025-01-02 13:00:00,569.8,570.7,569.8,570.7,0.16,2183.6,1250210.72,1
2025-01-02,2025-01-02 14:00:00,570.7,571.6,570.7,571.6,0.16,2183.6,1250210.72,1
2025-01-02,2025-01-02 15:00:00,571.6,576.0,567.1,571.6,0.0,2183.6,1250210.72,0
2025-01-05,2025-01-05 11:00:00,570.0,573.5,569.5,570.75,0.13,2700.0,1551805.48,1
2025-01-05,2025-01-05 12:00:00,570.75,571.5,570.75,571.5,0.13,2700.0,1551805.48,1
2025-01-05,2025-01-05 13:00:00,571.5,572.25,571.5,572.25,0.13,2700.0,1551805.48,1
2025-01-05,2025-01-05 14:00:00,572.25,573.0,572.25,573.0,0.13,2700.0,1551805.48,1
2025-01-05,2025-01-05 15:00:00,573.0,577.0,569.0,573.0,0.0,2700.0,1551805.48,0
2025-01-06,2025-01-06 11:00:00,573.0,579.0,573.0,575.27,0.4,3054.6,1774115.28,1
2025-01-06,2025-01-06 12:00:00,575.27,577.55,575.27,577.55,0.4,3054.6,1774115.28,1
2025-01-06,2025-01-06 13:00:00,577.55,579.83,577.55,579.83,0.39,3054.6,1774115.28,1
2025-01-06,2025-01-06 14:00:00,579.83,582.1,579.83,582.1,0.39,3054.6,1774115.28,1
2025-01-06,2025-01-06 15:00:00,582.1,585.0,573.0,582.1,0.0,3054.6,1774115.28,0
2025-01-07,2025-01-07 11:00:00,590.0,595.9,585.0,592.95,0.5,5078.6,2992108.72,1
2025-01-07,2025-01-07 12:00:00,592.95,595.9,592.95,595.9,0.5,5078.6,2992108.72,1
2025-01-07,2025-01-07 13:00:00,595.9,598.85,595.9,598.85,0.5,5078.6,2992108.72,1
2025-01-07,2025-01-07 14:00:00,598.85,601.8,598.85,601.8,0.49,5078.6,2992108.72,1
2025-01-07,2025-01-07 15:00:00,601.8,601.8,580.0,601.8,0.0,5078.6,2992108.72,0
2025-01-08,2025-01-08 11:00:00,613.8,613.8,601.9,607.85,-0.97,4749.6,2821729.28,-1
2025-01-08,2025-01-08 12:00:00,607.85,607.85,601.9,601.9,-0.98,4749.6,2821729.28,-1
2025-01-08,2025-01-08 13:00:00,601.9,601.9,595.95,595.95,-0.99,4749.6,2821729.28,-1
2025-01-08,2025-01-08 14:00:00,595.95,595.95,590.0,590.0,-1.0,4749.6,2821729.28,-1
2025-01-08,2025-01-08 15:00:00,590.0,613.8,590.0,590.0,0.0,4749.6,2821729.28,0
2025-01-09,2025-01-09 11:00:00,590.0,590.0,585.0,587.5,-0.42,5342.2,3115110.24,-1
2025-01-09,2025-01-09 12:00:00,587.5,587.5,585.0,585.0,-0.43,5342.2,3115110.24,-1
2025-01-09,2025-01-09 13:00:00,585.0,585.0,582.5,582.5,-0.43,5342.2,3115110.24,-1
2025-01-09,2025-01-09 14:00:00,582.5,582.5,580.0,580.0,-0.43,5342.2,3115110.24,-1
2025-01-09,2025-01-09 15:00:00,580.0,590.0,580.0,580.0,0.0,5342.2,3115110.24,0
2025-01-12,2025-01-12 11:00:00,575.5,577.75,573.05,574.27,-0.21,2466.0,1414427.0,-1
2025-01-12,2025-01-12 12:00:00,574.27,574.27,573.05,573.05,-0.21,2466.0,1414427.0,-1
2025-01-12,2025-01-12 13:00:00,573.05,573.05,571.83,571.83,-0.21,2466.0,1414427.0,-1
2025-01-12,2025-01-12 14:00:00,571.83,571.83,570.6,570.6,-0.22,2466.0,1414427.0,-1
2025-01-12,2025-01-12 15:00:00,570.6,580.0,570.6,570.6,0.0,2466.0,1414427.0,0
2025-01-13,2025-01-13 11:00:00,577.8,577.9,569.95,576.97,-0.14,4823.6,2746618.42,-1
2025-01-13,2025-01-13 12:00:00,576.97,576.97,576.15,576.15,-0.14,4823.6,2746618.42,-1
2025-01-13,2025-01-13 13:00:00,576.15,576.15,575.33,575.33,-0.14,4823.6,2746618.42,-1
2025-01-13,2025-01-13 14:00:00,575.33,575.33,574.5,574.5,-0.14,4823.6,2746618.42,-1
2025-01-13,2025-01-13 15:00:00,574.5,578.0,562.1,574.5,0.0,4823.6,2746618.42,0
2025-01-15,2025-01-15 11:00:00,575.0,576.95,570.0,572.75,-0.39,2557.2,1457033.74,-1
2025-01-15,2025-01-15 12:00:00,572.75,572.75,570.5,570.5,-0.39,2557.2,1457033.74,-1
2025-01-15,2025-01-15 13:00:00,570.5,570.5,568.25,568.25,-0.39,2557.2,1457033.74,-1
2025-01-15,2025-01-15 14:00:00,568.25,568.25,566.0,566.0,-0.4,2557.2,1457033.74,-1
2025-01-15,2025-01-15 15:00:00,566.0,578.9,565.0,566.0,0.0,2557.2,1457033.74,0
2025-01-16,2025-01-16 11:00:00,566.0,577.4,564.45,565.5,-0.09,2225.6,1259547.16,-1
2025-01-16,2025-01-16 12:00:00,565.5,565.5,565.0,565.0,-0.09,2225.6,1259547.16,-1
2025-01-16,2025-01-16 13:00:00,565.0,565.0,564.5,564.5,-0.09,2225.6,1259547.16,-1
2025-01-16,2025-01-16 14:00:00,564.5,564.5,564.0,564.0,-0.09,2225.6,1259547.16,-1
2025-01-16,2025-01-16 15:00:00,564.0,588.8,562.9,564.0,0.0,2225.6,1259547.16,0
2025-01-19,2025-01-19 11:00:00,572.0,577.5,568.0,574.75,0.48,6286.2,3611461.08,1
2025-01-19,2025-01-19 12:00:00,574.75,577.5,574.75,577.5,0.48,6286.2,3611461.08,1
2025-01-19,2025-01-19 13:00:00,577.5,580.25,577.5,580.25,0.48,6286.2,3611461.08,1
2025-01-19,2025-01-19 14:00:00,580.25,583.0,580.25,583.0,0.47,6286.2,3611461.08,1
2025-01-19,2025-01-19 15:00:00,583.0,583.0,564.0,583.0,0.0,6286.2,3611461.08,0
2025-01-20,2025-01-20 11:00:00,585.0,585.5,579.0,583.55,-0.25,2087.0,1204875.34,-1
2025-01-20,2025-01-20 12:00:00,583.55,583.55,582.1,582.1,-0.25,2087.0,1204875.34,-1
2025-01-20,2025-01-20 13:00:00,582.1,582.1,580.65,580.65,-0.25,2087.0,1204875.34,-1
2025-01-20,2025-01-20 14:00:00,580.65,580.65,579.2,579.2,-0.25,2087.0,1204875.34,-1
2025-01-20,2025-01-20 15:00:00,579.2,586.0,573.0,579.2,0.0,2087.0,1204875.34,0
2025-01-21,2025-01-21 11:00:00,570.2,588.05,570.2,576.2,1.05,9376.2,5578348.18,1
2025-01-21,2025-01-21 12:00:00,576.2,582.2,576.2,582.2,1.04,9376.2,5578348.18,1
2025-01-21,2025-01-21 13:00:00,582.2,588.2,582.2,588.2,1.03,9376.2,5578348.18,1
2025-01-21,2025-01-21 14:00:00,588.2,594.2,588.2,594.2,1.02,9376.2,5578348.18,1
2025-01-21,2025-01-21 15:00:00,594.2,605.9,570.2,594.2,0.0,9376.2,5578348.18,0
2025-01-22,2025-01-22 11:00:00,598.0,602.25,594.7,599.75,0.29,10300.2,6184094.66,1
2025-01-22,2025-01-22 12:00:00,599.75,601.5,599.75,601.5,0.29,10300.2,6184094.66,1
2025-01-22,2025-01-22 13:00:00,601.5,603.25,601.5,603.25,0.29,10300.2,6184094.66,1
2025-01-22,2025-01-22 14:00:00,603.25,605.0,603.25,605.0,0.29,10300.2,6184094.66,1
2025-01-22,2025-01-22 15:00:00,605.0,606.5,591.4,605.0,0.0,10300.2,6184094.66,0
2025-01-23,2025-01-23 11:00:00,604.0,605.5,598.0,601.25,-0.46,3907.0,2333745.02,-1
2025-01-23,2025-01-23 12:00:00,601.25,601.25,598.5,598.5,-0.46,3907.0,2333745.02,-1
2025-01-23,2025-01-23 13:00:00,598.5,598.5,595.75,595.75,-0.46,3907.0,2333745.02,-1
2025-01-23,2025-01-23 14:00:00,595.75,595.75,593.0,593.0,-0.46,3907.0,2333745.02,-1
2025-01-23,2025-01-23 15:00:00,593.0,607.0,592.0,593.0,0.0,3907.0,2333745.02,0
2025-01-26,2025-01-26 11:00:00,593.0,595.0,590.0,591.75,-0.21,3593.4,2121753.22,-1
2025-01-26,2025-01-26 12:00:00,591.75,591.75,590.5,590.5,-0.21,3593.4,2121753.22,-1
2025-01-26,2025-01-26 13:00:00,590.5,590.5,589.25,589.25,-0.21,3593.4,2121753.22,-1
2025-01-26,2025-01-26 14:00:00,589.25,589.25,588.0,588.0,-0.21,3593.4,2121753.22,-1
2025-01-26,2025-01-26 15:00:00,588.0,597.0,587.0,588.0,0.0,3593.4,2121753.22,0
2025-01-27,2025-01-27 11:00:00,580.8,583.9,578.4,580.35,-0.08,5767.4,3349154.44,-1
2025-01-27,2025-01-27 12:00:00,580.35,580.35,579.9,579.9,-0.08,5767.4,3349154.44,-1
2025-01-27,2025-01-27 13:00:00,579.9,579.9,579.45,579.45,-0.08,5767.4,3349154.44,-1
2025-01-27,2025-01-27 14:00:00,579.45,579.45,579.0,579.0,-0.08,5767.4,3349154.44,-1
2025-01-27,2025-01-27 15:00:00,579.0,587.0,576.0,579.0,0.0,5767.4,3349154.44,0
2025-01-28,2025-01-28 11:00:00,586.0,586.5,580.5,586.0,0.0,2684.0,1559980.22,0
2025-01-28,2025-01-28 12:00:00,586.0,586.0,586.0,586.0,0.0,2684.0,1559980.22,0
2025-01-28,2025-01-28 13:00:00,586.0,586.0,586.0,586.0,0.0,2684.0,1559980.22,0
2025-01-28,2025-01-28 14:00:00,586.0,586.0,586.0,586.0,0.0,2684.0,1559980.22,0
2025-01-28,2025-01-28 15:00:00,586.0,587.0,575.0,586.0,0.0,2684.0,1559980.22,0
2025-02-02,2025-02-02 11:00:00,586.0,596.45,586.0,589.5,0.6,7836.0,4683829.5,1
2025-02-02,2025-02-02 12:00:00,589.5,593.0,589.5,593.0,0.59,7836.0,4683829.5,1
2025-02-02,2025-02-02 13:00:00,593.0,596.5,593.0,596.5,0.59,7836.0,4683829.5,1
2025-02-02,2025-02-02 14:00:00,596.5,600.0,596.5,600.0,0.59,7836.0,4683829.5,1
2025-02-02,2025-02-02 15:00:00,600.0,606.9,586.0,600.0,0.0,7836.0,4683829.5,0
2025-02-03,2025-02-03 11:00:00,607.9,624.95,605.95,611.42,0.58,28101.0,17682349.86,1
2025-02-03,2025-02-03 12:00:00,611.42,614.95,611.42,614.95,0.58,28101.0,17682349.86,1
2025-02-03,2025-02-03 13:00:00,614.95,618.48,614.95,618.48,0.57,28101.0,17682349.86,1
2025-02-03,2025-02-03 14:00:00,618.48,622.0,618.48,622.0,0.57,28101.0,17682349.86,1
2025-02-03,2025-02-03 15:00:00,622.0,642.0,604.0,622.0,0.0,28101.0,17682349.86,0
2025-02-04,2025-02-04 11:00:00,634.4,634.4,621.95,628.3,-0.96,7106.0,4373717.68,-1
2025-02-04,2025-02-04 12:00:00,628.3,628.3,622.2,622.2,-0.97,7106.0,4373717.68,-1
2025-02-04,2025-02-04 13:00:00,622.2,622.2,616.1,616.1,-0.98,7106.0,4373717.68,-1
2025-02-04,2025-02-04 14:00:00,616.1,616.1,610.0,610.0,-0.99,7106.0,4373717.68,-1
2025-02-04,2025-02-04 15:00:00,610.0,634.4,609.5,610.0,0.0,7106.0,4373717.68,0
2025-02-05,2025-02-05 11:00:00,606.0,610.0,604.5,605.5,-0.08,5159.4,3132232.76,-1
2025-02-05,2025-02-05 12:00:00,605.5,605.5,605.0,605.0,-0.08,5159.4,3132232.76,-1
2025-02-05,2025-02-05 13:00:00,605.0,605.0,604.5,604.5,-0.08,5159.4,3132232.76,-1
2025-02-05,2025-02-05 14:00:00,604.5,604.5,604.0,604.0,-0.08,5159.4,3132232.76,-1
2025-02-05,2025-02-05 15:00:00,604.0,614.0,603.0,604.0,0.0,5159.4,3132232.76,0
2025-02-06,2025-02-06 11:00:00,600.0,606.0,594.0,597.75,-0.38,15071.2,8976114.78,-1
2025-02-06,2025-02-06 12:00:00,597.75,597.75,595.5,595.5,-0.38,15071.2,8976114.78,-1
2025-02-06,2025-02-06 13:00:00,595.5,595.5,593.25,593.25,-0.38,15071.2,8976114.78,-1
2025-02-06,2025-02-06 14:00:00,593.25,593.25,591.0,591.0,-0.38,15071.2,8976114.78,-1
2025-02-06,2025-02-06 15:00:00,591.0,612.0,588.0,591.0,0.0,15071.2,8976114.78,0
2025-02-09,2025-02-09 11:00:00,602.8,602.8,592.4,597.82,-0.83,6725.2,3962483.84,-1
2025-02-09,2025-02-09 12:00:00,597.82,597.82,592.85,592.85,-0.83,6725.2,3962483.84,-1
2025-02-09,2025-02-09 13:00:00,592.85,592.85,587.88,587.88,-0.84,6725.2,3962483.84,-1
2025-02-09,2025-02-09 14:00:00,587.88,587.88,582.9,582.9,-0.85,6725.2,3962483.84,-1
2025-02-09,2025-02-09 15:00:00,582.9,602.8,582.0,582.9,0.0,6725.2,3962483.84,0
2025-02-10,2025-02-10 11:00:00,592.9,592.9,587.5,591.42,-0.25,4855.2,2854486.8,-1
2025-02-10,2025-02-10 12:00:00,591.42,591.42,589.95,589.95,-0.25,4855.2,2854486.8,-1
2025-02-10,2025-02-10 13:00:00,589.95,589.95,588.48,588.48,-0.25,4855.2,2854486.8,-1
2025-02-10,2025-02-10 14:00:00,588.48,588.48,587.0,587.0,-0.25,4855.2,2854486.8,-1
2025-02-10,2025-02-10 15:00:00,587.0,592.9,582.1,587.0,0.0,4855.2,2854486.8,0
2025-02-11,2025-02-11 11:00:00,598.0,598.0,590.5,597.5,-0.08,7130.4,4192689.08,-1
2025-02-11,2025-02-11 12:00:00,597.5,597.5,597.0,597.0,-0.08,7130.4,4192689.08,-1
2025-02-11,2025-02-11 13:00:00,597.0,597.0,596.5,596.5,-0.08,7130.4,4192689.08,-1
2025-02-11,2025-02-11 14:00:00,596.5,596.5,596.0,596.0,-0.08,7130.4,4192689.08,-1
2025-02-11,2025-02-11 15:00:00,596.0,598.0,583.0,596.0,0.0,7130.4,4192689.08,0
2025-02-12,2025-02-12 11:00:00,607.9,607.9,598.95,606.67,-0.2,10397.6,6225689.14,-1
2025-02-12,2025-02-12 12:00:00,606.67,606.67,605.45,605.45,-0.2,10397.6,6225689.14,-1
2025-02-12,2025-02-12 13:00:00,605.45,605.45,604.23,604.23,-0.2,10397.6,6225689.14,-1
2025-02-12,2025-02-12 14:00:00,604.23,604.23,603.0,603.0,-0.2,10397.6,6225689.14,-1
2025-02-12,2025-02-12 15:00:00,603.0,607.9,590.0,603.0,0.0,10397.6,6225689.14,0
2025-02-13,2025-02-13 11:00:00,600.0,607.0,598.0,601.75,0.29,11354.2,6871288.36,1
2025-02-13,2025-02-13 12:00:00,601.75,603.5,601.75,603.5,0.29,11354.2,6871288.36,1
2025-02-13,2025-02-13 13:00:00,603.5,605.25,603.5,605.25,0.29,11354.2,6871288.36,1
2025-02-13,2025-02-13 14:00:00,605.25,607.0,605.25,607.0,0.29,11354.2,6871288.36,1
2025-02-13,2025-02-13 15:00:00,607.0,614.0,596.0,607.0,0.0,11354.2,6871288.36,0
2025-02-16,2025-02-16 11:00:00,619.1,619.55,610.3,619.33,0.04,9964.2,6106543.86,1
2025-02-16,2025-02-16 12:00:00,619.33,619.55,619.33,619.55,0.04,9964.2,6106543.86,1
2025-02-16,2025-02-16 13:00:00,619.55,619.77,619.55,619.77,0.04,9964.2,6106543.86,1
2025-02-16,2025-02-16 14:00:00,619.77,620.0,619.77,620.0,0.04,9964.2,6106543.86,1
2025-02-16,2025-02-16 15:00:00,620.0,620.0,601.5,620.0,0.0,9964.2,6106543.86,0
2025-02-17,2025-02-17 11:00:00,621.0,626.5,620.5,621.25,0.04,17387.4,10894068.72,1
2025-02-17,2025-02-17 12:00:00,621.25,621.5,621.25,621.5,0.04,17387.4,10894068.72,1
2025-02-17,2025-02-17 13:00:00,621.5,621.75,621.5,621.75,0.04,17387.4,10894068.72,1
2025-02-17,2025-02-17 14:00:00,621.75,622.0,621.75,622.0,0.04,17387.4,10894068.72,1
2025-02-17,2025-02-17 15:00:00,622.0,632.0,620.0,622.0,0.0,17387.4,10894068.72,0
2025-02-18,2025-02-18 11:00:00,615.1,620.05,613.55,615.08,-0.0,7723.8,4779429.28,-1
2025-02-18,2025-02-18 12:00:00,615.08,615.08,615.05,615.05,-0.0,7723.8,4779429.28,-1
2025-02-18,2025-02-18 13:00:00,615.05,615.05,615.02,615.02,-0.0,7723.8,4779429.28,-1
2025-02-18,2025-02-18 14:00:00,615.02,615.02,615.0,615.0,-0.0,7723.8,4779429.28,-1
2025-02-18,2025-02-18 15:00:00,615.0,625.0,612.0,615.0,0.0,7723.8,4779429.28,0
2025-02-20,2025-02-20 11:00:00,615.0,618.5,607.0,611.0,-0.65,13605.8,8327356.2,-1
2025-02-20,2025-02-20 12:00:00,611.0,611.0,607.0,607.0,-0.65,13605.8,8327356.2,-1
2025-02-20,2025-02-20 13:00:00,607.0,607.0,603.0,603.0,-0.66,13605.8,8327356.2,-1
2025-02-20,2025-02-20 14:00:00,603.0,603.0,599.0,599.0,-0.66,13605.8,8327356.2,-1
2025-02-20,2025-02-20 15:00:00,599.0,622.0,599.0,599.0,0.0,13605.8,8327356.2,0
2025-02-23,2025-02-23 11:00:00,591.0,600.4,591.0,594.0,0.51,11223.2,6760531.88,1
2025-02-23,2025-02-23 12:00:00,594.0,597.0,594.0,597.0,0.51,11223.2,6760531.88,1
2025-02-23,2025-02-23 13:00:00,597.0,600.0,597.0,600.0,0.5,11223.2,6760531.88,1
2025-02-23,2025-02-23 14:00:00,600.0,603.0,600.0,603.0,0.5,11223.2,6760531.88,1
2025-02-23,2025-02-23 15:00:00,603.0,609.8,591.0,603.0,0.0,11223.2,6760531.88,0
2025-02-24,2025-02-24 11:00:00,605.0,607.95,600.0,605.75,0.12,13054.0,7881748.12,1
2025-02-24,2025-02-24 12:00:00,605.75,606.5,605.75,606.5,0.12,13054.0,7881748.12,1
2025-02-24,2025-02-24 13:00:00,606.5,607.25,606.5,607.25,0.12,13054.0,7881748.12,1
2025-02-24,2025-02-24 14:00:00,607.25,608.0,607.25,608.0,0.12,13054.0,7881748.12,1
2025-02-24,2025-02-24 15:00:00,608.0,610.9,595.0,608.0,0.0,13054.0,7881748.12,0
2025-02-25,2025-02-25 11:00:00,617.6,619.3,612.3,616.73,-0.14,12717.8,7830750.46,-1
2025-02-25,2025-02-25 12:00:00,616.73,616.73,615.85,615.85,-0.14,12717.8,7830750.46,-1
2025-02-25,2025-02-25 13:00:00,615.85,615.85,614.98,614.98,-0.14,12717.8,7830750.46,-1
2025-02-25,2025-02-25 14:00:00,614.98,614.98,614.1,614.1,-0.14,12717.8,7830750.46,-1
2025-02-25,2025-02-25 15:00:00,614.1,621.0,607.0,614.1,0.0,12717.8,7830750.46,0
2025-02-27,2025-02-27 11:00:00,624.8,628.5,617.4,626.62,0.29,14566.8,9084567.4,1
2025-02-27,2025-02-27 12:00:00,626.62,628.45,626.62,628.45,0.29,14566.8,9084567.4,1
2025-02-27,2025-02-27 13:00:00,628.45,630.27,628.45,630.27,0.29,14566.8,9084567.4,1
2025-02-27,2025-02-27 14:00:00,630.27,632.1,630.27,632.1,0.29,14566.8,9084567.4,1
2025-02-27,2025-02-27 15:00:00,632.1,632.2,610.0,632.1,0.0,14566.8,9084567.4,0
2025-03-02,2025-03-02 11:00:00,635.1,644.45,635.1,639.12,0.63,27632.0,17902348.54,1
2025-03-02,2025-03-02 12:00:00,639.12,643.15,639.12,643.15,0.63,27632.0,17902348.54,1
2025-03-02,2025-03-02 13:00:00,643.15,647.18,643.15,647.18,0.63,27632.0,17902348.54,1
2025-03-02,2025-03-02 14:00:00,647.18,651.2,647.18,651.2,0.62,27632.0,17902348.54,1
2025-03-02,2025-03-02 15:00:00,651.2,653.8,635.1,651.2,0.0,27632.0,17902348.54,0
2025-03-03,2025-03-03 11:00:00,663.8,664.0,652.4,658.4,-0.81,13813.8,8985356.96,-1
2025-03-03,2025-03-03 12:00:00,658.4,658.4,653.0,653.0,-0.82,13813.8,8985356.96,-1
2025-03-03,2025-03-03 13:00:00,653.0,653.0,647.6,647.6,-0.83,13813.8,8985356.96,-1
2025-03-03,2025-03-03 14:00:00,647.6,647.6,642.2,642.2,-0.83,13813.8,8985356.96,-1
2025-03-03,2025-03-03 15:00:00,642.2,664.2,641.0,642.2,0.0,13813.8,8985356.96,0
2025-03-04,2025-03-04 11:00:00,643.0,646.5,634.5,639.5,-0.54,10470.8,6677375.12,-1
2025-03-04,2025-03-04 12:00:00,639.5,639.5,636.0,636.0,-0.55,10470.8,6677375.12,-1
2025-03-04,2025-03-04 13:00:00,636.0,636.0,632.5,632.5,-0.55,10470.8,6677375.12,-1
2025-03-04,2025-03-04 14:00:00,632.5,632.5,629.0,629.0,-0.55,10470.8,6677375.12,-1
2025-03-04,2025-03-04 15:00:00,629.0,650.0,626.0,629.0,0.0,10470.8,6677375.12,0
2025-03-05,2025-03-05 11:00:00,634.0,634.0,624.5,630.5,-0.55,10973.0,6808414.64,-1
2025-03-05,2025-03-05 12:00:00,630.5,630.5,627.0,627.0,-0.56,10973.0,6808414.64,-1
2025-03-05,2025-03-05 13:00:00,627.0,627.0,623.5,623.5,-0.56,10973.0,6808414.64,-1
2025-03-05,2025-03-05 14:00:00,623.5,623.5,620.0,620.0,-0.56,10973.0,6808414.64,-1
2025-03-05,2025-03-05 15:00:00,620.0,634.0,615.0,620.0,0.0,10973.0,6808414.64,0
2025-03-06,2025-03-06 11:00:00,620.0,627.0,620.0,623.5,0.56,9647.8,6045604.22,1
2025-03-06,2025-03-06 12:00:00,623.5,627.0,623.5,627.0,0.56,9647.8,6045604.22,1
2025-03-06,2025-03-06 13:00:00,627.0,630.5,627.0,630.5,0.56,9647.8,6045604.22,1
2025-03-06,2025-03-06 14:00:00,630.5,634.0,630.5,634.0,0.56,9647.8,6045604.22,1
2025-03-06,2025-03-06 15:00:00,634.0,634.0,620.0,634.0,0.0,9647.8,6045604.22,0
2025-03-09,2025-03-09 11:00:00,630.0,632.5,622.5,628.0,-0.32,18394.0,11541260.54,-1
2025-03-09,2025-03-09 12:00:00,628.0,628.0,626.0,626.0,-0.32,18394.0,11541260.54,-1
2025-03-09,2025-03-09 13:00:00,626.0,626.0,624.0,624.0,-0.32,18394.0,11541260.54,-1
2025-03-09,2025-03-09 14:00:00,624.0,624.0,622.0,622.0,-0.32,18394.0,11541260.54,-1
2025-03-09,2025-03-09 15:00:00,622.0,635.0,615.0,622.0,0.0,18394.0,11541260.54,0
2025-03-10,2025-03-10 11:00:00,625.0,629.45,616.0,623.25,-0.28,9697.2,5994059.58,-1
2025-03-10,2025-03-10 12:00:00,623.25,623.25,621.5,621.5,-0.28,9697.2,5994059.58,-1
2025-03-10,2025-03-10 13:00:00,621.5,621.5,619.75,619.75,-0.28,9697.2,5994059.58,-1
2025-03-10,2025-03-10 14:00:00,619.75,619.75,618.0,618.0,-0.28,9697.2,5994059.58,-1
2025-03-10,2025-03-10 15:00:00,618.0,633.9,607.0,618.0,0.0,9697.2,5994059.58,0
2025-03-11,2025-03-11 11:00:00,615.1,619.05,610.6,612.88,-0.36,7335.6,4513094.32,-1
2025-03-11,2025-03-11 12:00:00,612.88,612.88,610.65,610.65,-0.36,7335.6,4513094.32,-1
2025-03-11,2025-03-11 13:00:00,610.65,610.65,608.43,608.43,-0.36,7335.6,4513094.32,-1
2025-03-11,2025-03-11 14:00:00,608.43,608.43,606.2,606.2,-0.37,7335.6,4513094.32,-1
2025-03-11,2025-03-11 15:00:00,606.2,623.0,606.1,606.2,0.0,7335.6,4513094.32,0
2025-03-12,2025-03-12 11:00:00,607.0,611.5,606.65,607.25,0.04,5078.4,3097755.32,1
2025-03-12,2025-03-12 12:00:00,607.25,607.5,607.25,607.5,0.04,5078.4,3097755.32,1
2025-03-12,2025-03-12 13:00:00,607.5,607.75,607.5,607.75,0.04,5078.4,3097755.32,1
2025-03-12,2025-03-12 14:00:00,607.75,608.0,607.75,608.0,0.04,5078.4,3097755.32,1
2025-03-12,2025-03-12 15:00:00,608.0,616.0,606.3,608.0,0.0,5078.4,3097755.32,0
2025-03-16,2025-03-16 11:00:00,618.0,619.0,609.1,614.62,-0.55,4017.0,2425888.14,-1
2025-03-16,2025-03-16 12:00:00,614.62,614.62,611.25,611.25,-0.55,4017.0,2425888.14,-1
2025-03-16,2025-03-16 13:00:00,611.25,611.25,607.88,607.88,-0.55,4017.0,2425888.14,-1
2025-03-16,2025-03-16 14:00:00,607.88,607.88,604.5,604.5,-0.56,4017.0,2425888.14,-1
2025-03-16,2025-03-16 15:00:00,604.5,620.0,600.2,604.5,0.0,4017.0,2425888.14,0
2025-03-17,2025-03-17 11:00:00,609.0,609.4,605.5,608.5,-0.08,4857.6,2945808.18,-1
2025-03-17,2025-03-17 12:00:00,608.5,608.5,608.0,608.0,-0.08,4857.6,2945808.18,-1
2025-03-17,2025-03-17 13:00:00,608.0,608.0,607.5,607.5,-0.08,4857.6,2945808.18,-1
2025-03-17,2025-03-17 14:00:00,607.5,607.5,607.0,607.0,-0.08,4857.6,2945808.18,-1
2025-03-17,2025-03-17 15:00:00,607.0,609.8,602.0,607.0,0.0,4857.6,2945808.18,0
2025-03-18,2025-03-18 11:00:00,615.0,615.0,608.55,612.25,-0.45,4444.0,2704910.22,-1
2025-03-18,2025-03-18 12:00:00,612.25,612.25,609.5,609.5,-0.45,4444.0,2704910.22,-1
2025-03-18,2025-03-18 13:00:00,609.5,609.5,606.75,606.75,-0.45,4444.0,2704910.22,-1
2025-03-18,2025-03-18 14:00:00,606.75,606.75,604.0,604.0,-0.45,4444.0,2704910.22,-1
2025-03-18,2025-03-18 15:00:00,604.0,615.0,602.1,604.0,0.0,4444.0,2704910.22,0
2025-03-19,2025-03-19 11:00:00,603.0,604.95,596.5,601.5,-0.25,6367.8,3798634.26,-1
2025-03-19,2025-03-19 12:00:00,601.5,601.5,600.0,600.0,-0.25,6367.8,3798634.26,-1
2025-03-19,2025-03-19 13:00:00,600.0,600.0,598.5,598.5,-0.25,6367.8,3798634.26,-1
2025-03-19,2025-03-19 14:00:00,598.5,598.5,597.0,597.0,-0.25,6367.8,3798634.26,-1
2025-03-19,2025-03-19 15:00:00,597.0,606.9,590.0,597.0,0.0,6367.8,3798634.26,0
2025-03-20,2025-03-20 11:00:00,588.2,594.05,588.2,588.83,0.11,3006.0,1780036.74,1
2025-03-20,2025-03-20 12:00:00,588.83,589.47,588.83,589.47,0.11,3006.0,1780036.74,1
2025-03-20,2025-03-20 13:00:00,589.47,590.1,589.47,590.1,0.11,3006.0,1780036.74,1
2025-03-20,2025-03-20 14:00:00,590.1,590.73,590.1,590.73,0.11,3006.0,1780036.74,1
2025-03-20,2025-03-20 15:00:00,590.73,599.9,588.2,590.73,0.0,3006.0,1780036.74,0
2025-03-23,2025-03-23 11:00:00,591.0,591.0,580.5,586.07,-0.83,9092.8,5261527.98,-1
2025-03-23,2025-03-23 12:00:00,586.07,586.07,581.14,581.14,-0.84,9092.8,5261527.98,-1
2025-03-23,2025-03-23 13:00:00,581.14,581.14,576.21,576.21,-0.85,9092.8,5261527.98,-1
2025-03-23,2025-03-23 14:00:00,576.21,576.21,571.28,571.28,-0.86,9092.8,5261527.98,-1
2025-03-23,2025-03-23 15:00:00,571.28,591.0,570.0,571.28,0.0,9092.8,5261527.98,0
2025-03-24,2025-03-24 11:00:00,568.2,577.6,568.2,570.17,0.35,3710.8,2131938.98,1
2025-03-24,2025-03-24 12:00:00,570.17,572.14,570.17,572.14,0.35,3710.8,2131938.98,1
2025-03-24,2025-03-24 13:00:00,572.14,574.12,572.14,574.12,0.35,3710.8,2131938.98,1
2025-03-24,2025-03-24 14:00:00,574.12,576.09,574.12,576.09,0.34,3710.8,2131938.98,1
2025-03-24,2025-03-24 15:00:00,576.09,587.0,568.2,576.09,0.0,3710.8,2131938.98,0
2025-03-25,2025-03-25 11:00:00,570.0,572.0,562.5,567.39,-0.46,8113.0,4538504.12,-1
2025-03-25,2025-03-25 12:00:00,567.39,567.39,564.79,564.79,-0.46,8113.0,4538504.12,-1
2025-03-25,2025-03-25 13:00:00,564.79,564.79,562.18,562.18,-0.46,8113.0,4538504.12,-1
2025-03-25,2025-03-25 14:00:00,562.18,562.18,559.57,559.57,-0.46,8113.0,4538504.12,-1
2025-03-25,2025-03-25 15:00:00,559.57,574.0,555.0,559.57,0.0,8113.0,4538504.12,0
2025-03-26,2025-03-26 11:00:00,555.1,564.0,553.05,558.55,0.62,4921.2,2775583.52,1
2025-03-26,2025-03-26 12:00:00,558.55,562.0,558.55,562.0,0.62,4921.2,2775583.52,1
2025-03-26,2025-03-26 13:00:00,562.0,565.44,562.0,565.44,0.61,4921.2,2775583.52,1
2025-03-26,2025-03-26 14:00:00,565.44,568.89,565.44,568.89,0.61,4921.2,2775583.52,1
2025-03-26,2025-03-26 15:00:00,568.89,572.9,551.0,568.89,0.0,4921.2,2775583.52,0
2025-03-27,2025-03-27 11:00:00,579.9,582.45,570.0,580.87,0.17,4154.6,2394259.16,1
2025-03-27,2025-03-27 12:00:00,580.87,581.84,580.87,581.84,0.17,4154.6,2394259.16,1
2025-03-27,2025-03-27 13:00:00,581.84,582.8,581.84,582.8,0.16,4154.6,2394259.16,1
2025-03-27,2025-03-27 14:00:00,582.8,583.77,582.8,583.77,0.17,4154.6,2394259.16,1
2025-03-27,2025-03-27 15:00:00,583.77,585.0,560.1,583.77,0.0,4154.6,2394259.16,0
2025-03-30,2025-03-30 11:00:00,580.0,586.0,580.0,581.06,0.18,5873.8,3457765.76,1
2025-03-30,2025-03-30 12:00:00,581.06,582.12,581.06,582.12,0.18,5873.8,3457765.76,1
2025-03-30,2025-03-30 13:00:00,582.12,583.17,582.12,583.17,0.18,5873.8,3457765.76,1
2025-03-30,2025-03-30 14:00:00,583.17,584.23,583.17,584.23,0.18,5873.8,3457765.76,1
2025-03-30,2025-03-30 15:00:00,584.23,592.0,580.0,584.23,0.0,5873.8,3457765.76,0
2025-04-01,2025-04-01 11:00:00,582.0,582.0,576.2,579.5,-0.43,4096.0,2349160.6,-1
2025-04-01,2025-04-01 12:00:00,579.5,579.5,577.0,577.0,-0.43,4096.0,2349160.6,-1
2025-04-01,2025-04-01 13:00:00,577.0,577.0,574.5,574.5,-0.43,4096.0,2349160.6,-1
2025-04-01,2025-04-01 14:00:00,574.5,574.5,572.0,572.0,-0.44,4096.0,2349160.6,-1
2025-04-01,2025-04-01 15:00:00,572.0,582.0,570.4,572.0,0.0,4096.0,2349160.6,0
2025-04-02,2025-04-02 11:00:00,580.5,580.5,575.25,577.94,-0.44,4029.4,2308320.64,-1
2025-04-02,2025-04-02 12:00:00,577.94,577.94,575.39,575.39,-0.44,4029.4,2308320.64,-1
2025-04-02,2025-04-02 13:00:00,575.39,575.39,572.84,572.84,-0.44,4029.4,2308320.64,-1
2025-04-02,2025-04-02 14:00:00,572.84,572.84,570.28,570.28,-0.45,4029.4,2308320.64,-1
2025-04-02,2025-04-02 15:00:00,570.28,580.5,570.0,570.28,0.0,4029.4,2308320.64,0
2025-04-03,2025-04-03 11:00:00,578.0,578.0,573.5,576.14,-0.32,3264.0,1866801.76,-1
2025-04-03,2025-04-03 12:00:00,576.14,576.14,574.28,574.28,-0.32,3264.0,1866801.76,-1
2025-04-03,2025-04-03 13:00:00,574.28,574.28,572.42,572.42,-0.32,3264.0,1866801.76,-1
2025-04-03,2025-04-03 14:00:00,572.42,572.42,570.56,570.56,-0.32,3264.0,1866801.76,-1
2025-04-03,2025-04-03 15:00:00,570.56,578.0,569.0,570.56,0.0,3264.0,1866801.76,0
2025-04-07,2025-04-07 11:00:00,570.2,574.0,565.6,568.72,-0.26,3482.6,1975769.14,-1
2025-04-07,2025-04-07 12:00:00,568.72,568.72,567.24,567.24,-0.26,3482.6,1975769.14,-1
2025-04-07,2025-04-07 13:00:00,567.24,567.24,565.75,565.75,-0.26,3482.6,1975769.14,-1
2025-04-07,2025-04-07 14:00:00,565.75,565.75,564.27,564.27,-0.26,3482.6,1975769.14,-1
2025-04-07,2025-04-07 15:00:00,564.27,577.8,561.0,564.27,0.0,3482.6,1975769.14,0
2025-04-08,2025-04-08 11:00:00,564.27,569.13,558.68,563.98,-0.05,4065.6,2273420.12,-1
2025-04-08,2025-04-08 12:00:00,563.98,563.98,563.68,563.68,-0.05,4065.6,2273420.12,-1
2025-04-08,2025-04-08 13:00:00,563.68,563.68,563.39,563.39,-0.05,4065.6,2273420.12,-1
2025-04-08,2025-04-08 14:00:00,563.39,563.39,563.1,563.1,-0.05,4065.6,2273420.12,-1
2025-04-08,2025-04-08 15:00:00,563.1,574.0,553.1,563.1,0.0,4065.6,2273420.12,0
2025-04-09,2025-04-09 11:00:00,569.0,569.5,565.25,567.31,-0.3,2534.8,1435152.9,-1
2025-04-09,2025-04-09 12:00:00,567.31,567.31,565.62,565.62,-0.3,2534.8,1435152.9,-1
2025-04-09,2025-04-09 13:00:00,565.62,565.62,563.92,563.92,-0.3,2534.8,1435152.9,-1
2025-04-09,2025-04-09 14:00:00,563.92,563.92,562.23,562.23,-0.3,2534.8,1435152.9,-1
2025-04-09,2025-04-09 15:00:00,562.23,570.0,561.5,562.23,0.0,2534.8,1435152.9,0
2025-04-10,2025-04-10 11:00:00,571.0,571.0,566.5,569.15,-0.32,3694.0,2090985.4,-1
2025-04-10,2025-04-10 12:00:00,569.15,569.15,567.31,567.31,-0.32,3694.0,2090985.4,-1
2025-04-10,2025-04-10 13:00:00,567.31,567.31,565.46,565.46,-0.33,3694.0,2090985.4,-1
2025-04-10,2025-04-10 14:00:00,565.46,565.46,563.61,563.61,-0.33,3694.0,2090985.4,-1
2025-04-10,2025-04-10 15:00:00,563.61,571.0,562.0,563.61,0.0,3694.0,2090985.4,0
2025-04-13,2025-04-13 11:00:00,559.0,566.45,557.05,560.53,0.27,2968.4,1670343.98,1
2025-04-13,2025-04-13 12:00:00,560.53,562.07,560.53,562.07,0.27,2968.4,1670343.98,1
2025-04-13,2025-04-13 13:00:00,562.07,563.61,562.07,563.61,0.27,2968.4,1670343.98,1
2025-04-13,2025-04-13 14:00:00,563.61,565.14,563.61,565.14,0.27,2968.4,1670343.98,1
2025-04-13,2025-04-13 15:00:00,565.14,573.9,555.1,565.14,0.0,2968.4,1670343.98,0
2025-04-15,2025-04-15 11:00:00,565.0,570.7,565.0,566.64,0.29,4236.8,2422349.84,1
2025-04-15,2025-04-15 12:00:00,566.64,568.28,566.64,568.28,0.29,4236.8,2422349.84,1
2025-04-15,2025-04-15 13:00:00,568.28,569.92,568.28,569.92,0.29,4236.8,2422349.84,1
2025-04-15,2025-04-15 14:00:00,569.92,571.56,569.92,571.56,0.29,4236.8,2422349.84,1
2025-04-15,2025-04-15 15:00:00,571.56,576.4,565.0,571.56,0.0,4236.8,2422349.84,0
2025-04-16,2025-04-16 11:00:00,578.0,579.0,574.25,577.17,-0.14,3133.6,1802195.48,-1
2025-04-16,2025-04-16 12:00:00,577.17,577.17,576.35,576.35,-0.14,3133.6,1802195.48,-1
2025-04-16,2025-04-16 13:00:00,576.35,576.35,575.52,575.52,-0.14,3133.6,1802195.48,-1
2025-04-16,2025-04-16 14:00:00,575.52,575.52,574.69,574.69,-0.14,3133.6,1802195.48,-1
2025-04-16,2025-04-16 15:00:00,574.69,580.0,570.5,574.69,0.0,3133.6,1802195.48,0
2025-04-17,2025-04-17 11:00:00,580.0,585.0,574.55,580.74,0.13,4312.0,2525013.56,1
2025-04-17,2025-04-17 12:00:00,580.74,581.48,580.74,581.48,0.13,4312.0,2525013.56,1
2025-04-17,2025-04-17 13:00:00,581.48,582.22,581.48,582.22,0.13,4312.0,2525013.56,1
2025-04-17,2025-04-17 14:00:00,582.22,582.96,582.22,582.96,0.13,4312.0,2525013.56,1
2025-04-17,2025-04-17 15:00:00,582.96,590.0,569.1,582.96,0.0,4312.0,2525013.56,0
2025-04-20,2025-04-20 11:00:00,577.1,582.55,574.3,575.84,-0.22,2275.6,1311070.26,-1
2025-04-20,2025-04-20 12:00:00,575.84,575.84,574.58,574.58,-0.22,2275.6,1311070.26,-1
2025-04-20,2025-04-20 13:00:00,574.58,574.58,573.32,573.32,-0.22,2275.6,1311070.26,-1
2025-04-20,2025-04-20 14:00:00,573.32,573.32,572.06,572.06,-0.22,2275.6,1311070.26,-1
2025-04-20,2025-04-20 15:00:00,572.06,588.0,571.5,572.06,0.0,2275.6,1311070.26,0
2025-04-21,2025-04-21 11:00:00,567.3,571.15,567.25,568.11,0.14,1390.4,794816.48,1
2025-04-21,2025-04-21 12:00:00,568.11,568.92,568.11,568.92,0.14,1390.4,794816.48,1
2025-04-21,2025-04-21 13:00:00,568.92,569.74,568.92,569.74,0.14,1390.4,794816.48,1
2025-04-21,2025-04-21 14:00:00,569.74,570.55,569.74,570.55,0.14,1390.4,794816.48,1
2025-04-21,2025-04-21 15:00:00,570.55,575.0,567.2,570.55,0.0,1390.4,794816.48,0
2025-04-22,2025-04-22 11:00:00,568.0,572.5,566.5,568.46,0.08,3107.0,1767202.06,1
2025-04-22,2025-04-22 12:00:00,568.46,568.91,568.46,568.91,0.08,3107.0,1767202.06,1
2025-04-22,2025-04-22 13:00:00,568.91,569.37,568.91,569.37,0.08,3107.0,1767202.06,1
2025-04-22,2025-04-22 14:00:00,569.37,569.82,569.37,569.82,0.08,3107.0,1767202.06,1
2025-04-22,2025-04-22 15:00:00,569.82,577.0,565.0,569.82,0.0,3107.0,1767202.06,0
2025-04-23,2025-04-23 11:00:00,560.6,564.7,557.85,560.98,0.07,6341.2,3554266.5,1
2025-04-23,2025-04-23 12:00:00,560.98,561.36,560.98,561.36,0.07,6341.2,3554266.5,1
2025-04-23,2025-04-23 13:00:00,561.36,561.73,561.36,561.73,0.07,6341.2,3554266.5,1
2025-04-23,2025-04-23 14:00:00,561.73,562.11,561.73,562.11,0.07,6341.2,3554266.5,1
2025-04-23,2025-04-23 15:00:00,562.11,568.8,555.1,562.11,0.0,6341.2,3554266.5,0
2025-04-24,2025-04-24 11:00:00,560.0,560.0,555.0,559.45,-0.1,6440.6,3576102.96,-1
2025-04-24,2025-04-24 12:00:00,559.45,559.45,558.9,558.9,-0.1,6440.6,3576102.96,-1
2025-04-24,2025-04-24 13:00:00,558.9,558.9,558.36,558.36,-0.1,6440.6,3576102.96,-1
2025-04-24,2025-04-24 14:00:00,558.36,558.36,557.81,557.81,-0.1,6440.6,3576102.96,-1
2025-04-24,2025-04-24 15:00:00,557.81,560.0,550.0,557.81,0.0,6440.6,3576102.96,0
2025-04-27,2025-04-27 11:00:00,560.0,570.1,555.5,558.43,-0.28,4154.8,2323523.74,-1
2025-04-27,2025-04-27 12:00:00,558.43,558.43,556.87,556.87,-0.28,4154.8,2323523.74,-1
2025-04-27,2025-04-27 13:00:00,556.87,556.87,555.3,555.3,-0.28,4154.8,2323523.74,-1
2025-04-27,2025-04-27 14:00:00,555.3,555.3,553.73,553.73,-0.28,4154.8,2323523.74,-1
2025-04-27,2025-04-27 15:00:00,553.73,580.2,551.0,553.73,0.0,4154.8,2323523.74,0
2025-04-28,2025-04-28 11:00:00,560.0,560.0,556.5,558.53,-0.26,3567.8,1978529.7,-1
2025-04-28,2025-04-28 12:00:00,558.53,558.53,557.07,557.07,-0.26,3567.8,1978529.7,-1
2025-04-28,2025-04-28 13:00:00,557.07,557.07,555.61,555.61,-0.26,3567.8,1978529.7,-1
2025-04-28,2025-04-28 14:00:00,555.61,555.61,554.14,554.14,-0.26,3567.8,1978529.7,-1
2025-04-28,2025-04-28 15:00:00,554.14,560.0,553.0,554.14,0.0,3567.8,1978529.7,0
2025-04-29,2025-04-29 11:00:00,553.2,556.1,550.6,552.12,-0.2,6306.6,3471683.76,-1
2025-04-29,2025-04-29 12:00:00,552.12,552.12,551.04,551.04,-0.2,6306.6,3471683.76,-1
2025-04-29,2025-04-29 13:00:00,551.04,551.04,549.95,549.95,-0.2,6306.6,3471683.76,-1
2025-04-29,2025-04-29 14:00:00,549.95,549.95,548.87,548.87,-0.2,6306.6,3471683.76,-1
2025-04-29,2025-04-29 15:00:00,548.87,559.0,548.0,548.87,0.0,6306.6,3471683.76,0
2025-04-30,2025-04-30 11:00:00,549.2,554.5,547.6,549.31,0.02,4892.8,2701643.38,1
2025-04-30,2025-04-30 12:00:00,549.31,549.41,549.31,549.41,0.02,4892.8,2701643.38,1
2025-04-30,2025-04-30 13:00:00,549.41,549.52,549.41,549.52,0.02,4892.8,2701643.38,1
2025-04-30,2025-04-30 14:00:00,549.52,549.63,549.52,549.63,0.02,4892.8,2701643.38,1
2025-04-30,2025-04-30 15:00:00,549.63,559.8,546.0,549.63,0.0,4892.8,2701643.38,0
2025-05-04,2025-05-04 11:00:00,560.0,560.0,554.4,557.48,-0.45,3114.2,1712892.8,-1
2025-05-04,2025-05-04 12:00:00,557.48,557.48,554.96,554.96,-0.45,3114.2,1712892.8,-1
2025-05-04,2025-05-04 13:00:00,554.96,554.96,552.44,552.44,-0.45,3114.2,1712892.8,-1
2025-05-04,2025-05-04 14:00:00,552.44,552.44,549.92,549.92,-0.46,3114.2,1712892.8,-1
2025-05-04,2025-05-04 15:00:00,549.92,560.0,548.8,549.92,0.0,3114.2,1712892.8,0
2025-05-05,2025-05-05 11:00:00,558.0,558.0,551.5,554.79,-0.58,2213.4,1211172.7,-1
2025-05-05,2025-05-05 12:00:00,554.79,554.79,551.59,551.59,-0.58,2213.4,1211172.7,-1
2025-05-05,2025-05-05 13:00:00,551.59,551.59,548.38,548.38,-0.58,2213.4,1211172.7,-1
2025-05-05,2025-05-05 14:00:00,548.38,548.38,545.18,545.18,-0.58,2213.4,1211172.7,-1
2025-05-05,2025-05-05 15:00:00,545.18,558.0,545.0,545.18,0.0,2213.4,1211172.7,0
2025-05-06,2025-05-06 11:00:00,540.0,546.0,540.0,540.65,0.12,3443.0,1877507.84,1
2025-05-06,2025-05-06 12:00:00,540.65,541.3,540.65,541.3,0.12,3443.0,1877507.84,1
2025-05-06,2025-05-06 13:00:00,541.3,541.94,541.3,541.94,0.12,3443.0,1877507.84,1
2025-05-06,2025-05-06 14:00:00,541.94,542.59,541.94,542.59,0.12,3443.0,1877507.84,1
2025-05-06,2025-05-06 15:00:00,542.59,552.0,540.0,542.59,0.0,3443.0,1877507.84,0
2025-05-07,2025-05-07 11:00:00,548.0,554.5,545.9,550.04,0.37,4948.6,2736682.88,1
2025-05-07,2025-05-07 12:00:00,550.04,552.09,550.04,552.09,0.37,4948.6,2736682.88,1
2025-05-07,2025-05-07 13:00:00,552.09,554.13,552.09,554.13,0.37,4948.6,2736682.88,1
2025-05-07,2025-05-07 14:00:00,554.13,556.18,554.13,556.18,0.37,4948.6,2736682.88,1
2025-05-07,2025-05-07 15:00:00,556.18,561.0,543.8,556.18,0.0,4948.6,2736682.88,0
2025-05-08,2025-05-08 11:00:00,559.0,559.95,554.5,558.26,-0.13,3453.6,1922952.74,-1
2025-05-08,2025-05-08 12:00:00,558.26,558.26,557.52,557.52,-0.13,3453.6,1922952.74,-1
2025-05-08,2025-05-08 13:00:00,557.52,557.52,556.79,556.79,-0.13,3453.6,1922952.74,-1
2025-05-08,2025-05-08 14:00:00,556.79,556.79,556.05,556.05,-0.13,3453.6,1922952.74,-1
2025-05-08,2025-05-08 15:00:00,556.05,560.9,550.0,556.05,0.0,3453.6,1922952.74,0
2025-05-11,2025-05-11 11:00:00,557.0,557.0,551.5,555.21,-0.32,5419.8,2995274.68,-1
2025-05-11,2025-05-11 12:00:00,555.21,555.21,553.41,553.41,-0.32,5419.8,2995274.68,-1
2025-05-11,2025-05-11 13:00:00,553.41,553.41,551.62,551.62,-0.32,5419.8,2995274.68,-1
2025-05-11,2025-05-11 14:00:00,551.62,551.62,549.83,549.83,-0.32,5419.8,2995274.68,-1
2025-05-11,2025-05-11 15:00:00,549.83,557.0,546.0,549.83,0.0,5419.8,2995274.68,0
2025-05-13,2025-05-13 11:00:00,552.0,552.5,545.5,550.14,-0.34,6123.0,3337896.66,-1
2025-05-13,2025-05-13 12:00:00,550.14,550.14,548.29,548.29,-0.34,6123.0,3337896.66,-1
2025-05-13,2025-05-13 13:00:00,548.29,548.29,546.44,546.44,-0.34,6123.0,3337896.66,-1
2025-05-13,2025-05-13 14:00:00,546.44,546.44,544.58,544.58,-0.34,6123.0,3337896.66,-1
2025-05-13,2025-05-13 15:00:00,544.58,553.0,539.0,544.58,0.0,6123.0,3337896.66,0
2025-05-14,2025-05-14 11:00:00,555.0,555.0,547.5,551.48,-0.63,3728.0,2023788.46,-1
2025-05-14,2025-05-14 12:00:00,551.48,551.48,547.95,547.95,-0.64,3728.0,2023788.46,-1
2025-05-14,2025-05-14 13:00:00,547.95,547.95,544.42,544.42,-0.64,3728.0,2023788.46,-1
2025-05-14,2025-05-14 14:00:00,544.42,544.42,540.9,540.9,-0.65,3728.0,2023788.46,-1
2025-05-14,2025-05-14 15:00:00,540.9,555.0,540.0,540.9,0.0,3728.0,2023788.46,0
2025-05-15,2025-05-15 11:00:00,540.0,543.5,537.5,539.11,-0.16,2274.4,1225465.76,-1
2025-05-15,2025-05-15 12:00:00,539.11,539.11,538.21,538.21,-0.17,2274.4,1225465.76,-1
2025-05-15,2025-05-15 13:00:00,538.21,538.21,537.32,537.32,-0.17,2274.4,1225465.76,-1
2025-05-15,2025-05-15 14:00:00,537.32,537.32,536.43,536.43,-0.17,2274.4,1225465.76,-1
2025-05-15,2025-05-15 15:00:00,536.43,547.0,535.0,536.43,0.0,2274.4,1225465.76,0
2025-05-18,2025-05-18 11:00:00,533.1,536.05,530.55,532.17,-0.17,4152.8,2212121.5,-1
2025-05-18,2025-05-18 12:00:00,532.17,532.17,531.24,531.24,-0.17,4152.8,2212121.5,-1
2025-05-18,2025-05-18 13:00:00,531.24,531.24,530.31,530.31,-0.18,4152.8,2212121.5,-1
2025-05-18,2025-05-18 14:00:00,530.31,530.31,529.38,529.38,-0.18,4152.8,2212121.5,-1
2025-05-18,2025-05-18 15:00:00,529.38,539.0,528.0,529.38,0.0,4152.8,2212121.5,0
2025-05-19,2025-05-19 11:00:00,539.9,546.35,535.5,542.79,0.54,5304.6,2883217.68,1
2025-05-19,2025-05-19 12:00:00,542.79,545.69,542.79,545.69,0.53,5304.6,2883217.68,1
2025-05-19,2025-05-19 13:00:00,545.69,548.59,545.69,548.59,0.53,5304.6,2883217.68,1
2025-05-19,2025-05-19 14:00:00,548.59,551.48,548.59,551.48,0.53,5304.6,2883217.68,1
2025-05-19,2025-05-19 15:00:00,551.48,552.8,531.1,551.48,0.0,5304.6,2883217.68,0
2025-05-20,2025-05-20 11:00:00,545.2,556.6,542.6,550.13,0.9,4485.4,2496710.68,1
2025-05-20,2025-05-20 12:00:00,550.13,555.06,550.13,555.06,0.9,4485.4,2496710.68,1
2025-05-20,2025-05-20 13:00:00,555.06,559.98,555.06,559.98,0.89,4485.4,2496710.68,1
2025-05-20,2025-05-20 14:00:00,559.98,564.91,559.98,564.91,0.88,4485.4,2496710.68,1
2025-05-20,2025-05-20 15:00:00,564.91,568.0,540.0,564.91,0.0,4485.4,2496710.68,0
2025-05-21,2025-05-21 11:00:00,576.0,581.85,566.0,571.6,-0.76,6528.4,3690789.38,-1
2025-05-21,2025-05-21 12:00:00,571.6,571.6,567.2,567.2,-0.77,6528.4,3690789.38,-1
2025-05-21,2025-05-21 13:00:00,567.2,567.2,562.81,562.81,-0.77,6528.4,3690789.38,-1
2025-05-21,2025-05-21 14:00:00,562.81,562.81,558.41,558.41,-0.78,6528.4,3690789.38,-1
2025-05-21,2025-05-21 15:00:00,558.41,587.7,556.0,558.41,0.0,6528.4,3690789.38,0
2025-05-22,2025-05-22 11:00:00,554.0,557.0,553.5,553.96,-0.01,2104.8,1165729.94,-1
2025-05-22,2025-05-22 12:00:00,553.96,553.96,553.92,553.92,-0.01,2104.8,1165729.94,-1
2025-05-22,2025-05-22 13:00:00,553.92,553.92,553.88,553.88,-0.01,2104.8,1165729.94,-1
2025-05-22,2025-05-22 14:00:00,553.88,553.88,553.84,553.84,-0.01,2104.8,1165729.94,-1
2025-05-22,2025-05-22 15:00:00,553.84,560.0,553.0,553.84,0.0,2104.8,1165729.94,0
2025-05-25,2025-05-25 11:00:00,560.7,560.7,552.35,557.6,-0.55,5551.6,3040469.44,-1
2025-05-25,2025-05-25 12:00:00,557.6,557.6,554.49,554.49,-0.56,5551.6,3040469.44,-1
2025-05-25,2025-05-25 13:00:00,554.49,554.49,551.38,551.38,-0.56,5551.6,3040469.44,-1
2025-05-25,2025-05-25 14:00:00,551.38,551.38,548.28,548.28,-0.56,5551.6,3040469.44,-1
2025-05-25,2025-05-25 15:00:00,548.28,560.7,544.0,548.28,0.0,5551.6,3040469.44,0
2025-05-26,2025-05-26 11:00:00,559.0,560.5,553.5,556.44,-0.46,2860.8,1583936.44,-1
2025-05-26,2025-05-26 12:00:00,556.44,556.44,553.89,553.89,-0.46,2860.8,1583936.44,-1
2025-05-26,2025-05-26 13:00:00,553.89,553.89,551.34,551.34,-0.46,2860.8,1583936.44,-1
2025-05-26,2025-05-26 14:00:00,551.34,551.34,548.78,548.78,-0.46,2860.8,1583936.44,-1
2025-05-26,2025-05-26 15:00:00,548.78,562.0,548.0,548.78,0.0,2860.8,1583936.44,0
2025-05-27,2025-05-27 11:00:00,545.0,545.95,544.7,544.96,-0.01,1897.2,1035284.74,-1
2025-05-27,2025-05-27 12:00:00,544.96,544.96,544.91,544.91,-0.01,1897.2,1035284.74,-1
2025-05-27,2025-05-27 13:00:00,544.91,544.91,544.87,544.87,-0.01,1897.2,1035284.74,-1
2025-05-27,2025-05-27 14:00:00,544.87,544.87,544.83,544.83,-0.01,1897.2,1035284.74,-1
2025-05-27,2025-05-27 15:00:00,544.83,546.9,544.4,544.83,0.0,1897.2,1035284.74,0
2025-05-28,2025-05-28 11:00:00,538.0,543.5,538.0,540.35,0.44,2119.0,1152697.46,1
2025-05-28,2025-05-28 12:00:00,540.35,542.69,540.35,542.69,0.43,2119.0,1152697.46,1
2025-05-28,2025-05-28 13:00:00,542.69,545.03,542.69,545.03,0.43,2119.0,1152697.46,1
2025-05-28,2025-05-28 14:00:00,545.03,547.38,545.03,547.38,0.43,2119.0,1152697.46,1
2025-05-28,2025-05-28 15:00:00,547.38,549.0,538.0,547.38,0.0,2119.0,1152697.46,0
2025-06-02,2025-06-02 11:00:00,558.3,560.15,553.15,555.82,-0.44,2947.8,1625772.74,-1
2025-06-02,2025-06-02 12:00:00,555.82,555.82,553.35,553.35,-0.44,2947.8,1625772.74,-1
2025-06-02,2025-06-02 13:00:00,553.35,553.35,550.88,550.88,-0.45,2947.8,1625772.74,-1
2025-06-02,2025-06-02 14:00:00,550.88,550.88,548.4,548.4,-0.45,2947.8,1625772.74,-1
2025-06-02,2025-06-02 15:00:00,548.4,562.0,548.0,548.4,0.0,2947.8,1625772.74,0
2025-06-03,2025-06-03 11:00:00,542.1,547.35,538.55,541.27,-0.15,4427.8,2394846.88,-1
2025-06-03,2025-06-03 12:00:00,541.27,541.27,540.44,540.44,-0.15,4427.8,2394846.88,-1
2025-06-03,2025-06-03 13:00:00,540.44,540.44,539.61,539.61,-0.15,4427.8,2394846.88,-1
2025-06-03,2025-06-03 14:00:00,539.61,539.61,538.78,538.78,-0.15,4427.8,2394846.88,-1
2025-06-03,2025-06-03 15:00:00,538.78,552.6,535.0,538.78,0.0,4427.8,2394846.88,0
2025-06-04,2025-06-04 11:00:00,531.0,535.5,530.5,531.02,0.0,5518.4,2940252.74,1
2025-06-04,2025-06-04 12:00:00,531.02,531.05,531.02,531.05,0.01,5518.4,2940252.74,1
2025-06-04,2025-06-04 13:00:00,531.05,531.07,531.05,531.07,0.0,5518.4,2940252.74,1
2025-06-04,2025-06-04 14:00:00,531.07,531.09,531.07,531.09,0.0,5518.4,2940252.74,1
2025-06-04,2025-06-04 15:00:00,531.09,540.0,530.0,531.09,0.0,5518.4,2940252.74,0
2025-06-05,2025-06-05 11:00:00,530.0,532.5,527.55,529.53,-0.09,3242.2,1714011.52,-1
2025-06-05,2025-06-05 12:00:00,529.53,529.53,529.07,529.07,-0.09,3242.2,1714011.52,-1
2025-06-05,2025-06-05 13:00:00,529.07,529.07,528.6,528.6,-0.09,3242.2,1714011.52,-1
2025-06-05,2025-06-05 14:00:00,528.6,528.6,528.13,528.13,-0.09,3242.2,1714011.52,-1
2025-06-05,2025-06-05 15:00:00,528.13,535.0,525.1,528.13,0.0,3242.2,1714011.52,0
2025-06-08,2025-06-08 11:00:00,538.0,538.0,532.0,535.17,-0.53,2144.0,1132074.72,-1
2025-06-08,2025-06-08 12:00:00,535.17,535.17,532.34,532.34,-0.53,2144.0,1132074.72,-1
2025-06-08,2025-06-08 13:00:00,532.34,532.34,529.51,529.51,-0.53,2144.0,1132074.72,-1
2025-06-08,2025-06-08 14:00:00,529.51,529.51,526.68,526.68,-0.53,2144.0,1132074.72,-1
2025-06-08,2025-06-08 15:00:00,526.68,538.0,526.0,526.68,0.0,2144.0,1132074.72,0
2025-06-09,2025-06-09 11:00:00,537.0,537.0,532.0,536.56,-0.08,928.0,495136.84,-1
2025-06-09,2025-06-09 12:00:00,536.56,536.56,536.12,536.12,-0.08,928.0,495136.84,-1
2025-06-09,2025-06-09 13:00:00,536.12,536.12,535.68,535.68,-0.08,928.0,495136.84,-1
2025-06-09,2025-06-09 14:00:00,535.68,535.68,535.24,535.24,-0.08,928.0,495136.84,-1
2025-06-09,2025-06-09 15:00:00,535.24,537.0,527.0,535.24,0.0,928.0,495136.84,0
2025-06-10,2025-06-10 11:00:00,545.0,548.5,540.0,542.54,-0.45,2490.4,1338410.96,-1
2025-06-10,2025-06-10 12:00:00,542.54,542.54,540.09,540.09,-0.45,2490.4,1338410.96,-1
2025-06-10,2025-06-10 13:00:00,540.09,540.09,537.63,537.63,-0.46,2490.4,1338410.96,-1
2025-06-10,2025-06-10 14:00:00,537.63,537.63,535.18,535.18,-0.46,2490.4,1338410.96,-1
2025-06-10,2025-06-10 15:00:00,535.18,552.0,535.0,535.18,0.0,2490.4,1338410.96,0
2025-06-11,2025-06-11 11:00:00,536.0,540.0,533.5,534.77,-0.23,3857.2,2062745.42,-1
2025-06-11,2025-06-11 12:00:00,534.77,534.77,533.55,533.55,-0.23,3857.2,2062745.42,-1
2025-06-11,2025-06-11 13:00:00,533.55,533.55,532.33,532.33,-0.23,3857.2,2062745.42,-1
2025-06-11,2025-06-11 14:00:00,532.33,532.33,531.1,531.1,-0.23,3857.2,2062745.42,-1
2025-06-11,2025-06-11 15:00:00,531.1,544.0,531.0,531.1,0.0,3857.2,2062745.42,0
2025-06-12,2025-06-12 11:00:00,535.0,535.0,531.65,533.65,-0.25,2859.0,1515106.14,-1
2025-06-12,2025-06-12 12:00:00,533.65,533.65,532.3,532.3,-0.25,2859.0,1515106.14,-1
2025-06-12,2025-06-12 13:00:00,532.3,532.3,530.95,530.95,-0.25,2859.0,1515106.14,-1
2025-06-12,2025-06-12 14:00:00,530.95,530.95,529.6,529.6,-0.25,2859.0,1515106.14,-1
2025-06-12,2025-06-12 15:00:00,529.6,535.0,528.3,529.6,0.0,2859.0,1515106.14,0
2025-06-15,2025-06-15 11:00:00,529.5,534.8,527.3,528.54,-0.18,6177.6,3256864.94,-1
2025-06-15,2025-06-15 12:00:00,528.54,528.54,527.59,527.59,-0.18,6177.6,3256864.94,-1
2025-06-15,2025-06-15 13:00:00,527.59,527.59,526.63,526.63,-0.18,6177.6,3256864.94,-1
2025-06-15,2025-06-15 14:00:00,526.63,526.63,525.67,525.67,-0.18,6177.6,3256864.94,-1
2025-06-15,2025-06-15 15:00:00,525.67,540.1,525.1,525.67,0.0,6177.6,3256864.94,0
2025-06-16,2025-06-16 11:00:00,525.0,532.5,522.6,525.63,0.12,5319.6,2831069.56,1
2025-06-16,2025-06-16 12:00:00,525.63,526.26,525.63,526.26,0.12,5319.6,2831069.56,1
2025-06-16,2025-06-16 13:00:00,526.26,526.89,526.26,526.89,0.12,5319.6,2831069.56,1
2025-06-16,2025-06-16 14:00:00,526.89,527.52,526.89,527.52,0.12,5319.6,2831069.56,1
2025-06-16,2025-06-16 15:00:00,527.52,540.0,520.2,527.52,0.0,5319.6,2831069.56,0
2025-06-17,2025-06-17 11:00:00,526.1,529.0,524.05,526.34,0.05,5960.2,3125823.88,1
2025-06-17,2025-06-17 12:00:00,526.34,526.57,526.34,526.57,0.04,5960.2,3125823.88,1
2025-06-17,2025-06-17 13:00:00,526.57,526.8,526.57,526.8,0.04,5960.2,3125823.88,1
2025-06-17,2025-06-17 14:00:00,526.8,527.04,526.8,527.04,0.05,5960.2,3125823.88,1
2025-06-17,2025-06-17 15:00:00,527.04,531.9,522.0,527.04,0.0,5960.2,3125823.88,0
2025-06-18,2025-06-18 11:00:00,535.0,535.0,527.55,532.14,-0.53,1929.6,1011053.74,-1
2025-06-18,2025-06-18 12:00:00,532.14,532.14,529.28,529.28,-0.54,1929.6,1011053.74,-1
2025-06-18,2025-06-18 13:00:00,529.28,529.28,526.42,526.42,-0.54,1929.6,1011053.74,-1
2025-06-18,2025-06-18 14:00:00,526.42,526.42,523.56,523.56,-0.54,1929.6,1011053.74,-1
2025-06-18,2025-06-18 15:00:00,523.56,535.0,520.1,523.56,0.0,1929.6,1011053.74,0
2025-06-19,2025-06-19 11:00:00,523.0,525.5,521.0,522.45,-0.11,8130.6,4246939.08,-1
2025-06-19,2025-06-19 12:00:00,522.45,522.45,521.9,521.9,-0.11,8130.6,4246939.08,-1
2025-06-19,2025-06-19 13:00:00,521.9,521.9,521.36,521.36,-0.1,8130.6,4246939.08,-1
2025-06-19,2025-06-19 14:00:00,521.36,521.36,520.81,520.81,-0.11,8130.6,4246939.08,-1
2025-06-19,2025-06-19 15:00:00,520.81,528.0,519.0,520.81,0.0,8130.6,4246939.08,0
2025-06-22,2025-06-22 11:00:00,517.1,519.05,516.8,517.27,0.03,2224.6,1152878.18,1
2025-06-22,2025-06-22 12:00:00,517.27,517.44,517.27,517.44,0.03,2224.6,1152878.18,1
2025-06-22,2025-06-22 13:00:00,517.44,517.61,517.44,517.61,0.03,2224.6,1152878.18,1
2025-06-22,2025-06-22 14:00:00,517.61,517.78,517.61,517.78,0.03,2224.6,1152878.18,1
2025-06-22,2025-06-22 15:00:00,517.78,521.0,516.5,517.78,0.0,2224.6,1152878.18,0
2025-06-23,2025-06-23 11:00:00,525.3,525.3,520.75,523.19,-0.4,1007.6,521772.3,-1
2025-06-23,2025-06-23 12:00:00,523.19,523.19,521.09,521.09,-0.4,1007.6,521772.3,-1
2025-06-23,2025-06-23 13:00:00,521.09,521.09,518.98,518.98,-0.4,1007.6,521772.3,-1
2025-06-23,2025-06-23 14:00:00,518.98,518.98,516.87,516.87,-0.41,1007.6,521772.3,-1
2025-06-23,2025-06-23 15:00:00,516.87,525.3,516.2,516.87,0.0,1007.6,521772.3,0
2025-06-24,2025-06-24 11:00:00,527.2,527.2,521.1,524.52,-0.51,3230.0,1672003.04,-1
2025-06-24,2025-06-24 12:00:00,524.52,524.52,521.84,521.84,-0.51,3230.0,1672003.04,-1
2025-06-24,2025-06-24 13:00:00,521.84,521.84,519.16,519.16,-0.51,3230.0,1672003.04,-1
2025-06-24,2025-06-24 14:00:00,519.16,519.16,516.48,516.48,-0.52,3230.0,1672003.04,-1
2025-06-24,2025-06-24 15:00:00,516.48,527.2,515.0,516.48,0.0,3230.0,1672003.04,0
2025-06-25,2025-06-25 11:00:00,516.0,517.25,514.5,515.61,-0.08,2195.0,1131997.36,-1
2025-06-25,2025-06-25 12:00:00,515.61,515.61,515.21,515.21,-0.08,2195.0,1131997.36,-1
2025-06-25,2025-06-25 13:00:00,515.21,515.21,514.82,514.82,-0.08,2195.0,1131997.36,-1
2025-06-25,2025-06-25 14:00:00,514.82,514.82,514.43,514.43,-0.08,2195.0,1131997.36,-1
2025-06-25,2025-06-25 15:00:00,514.43,518.5,513.0,514.43,0.0,2195.0,1131997.36,0
2025-06-26,2025-06-26 11:00:00,518.1,521.55,516.55,517.58,-0.1,12935.2,6672608.02,-1
2025-06-26,2025-06-26 12:00:00,517.58,517.58,517.07,517.07,-0.1,12935.2,6672608.02,-1
2025-06-26,2025-06-26 13:00:00,517.07,517.07,516.55,516.55,-0.1,12935.2,6672608.02,-1
2025-06-26,2025-06-26 14:00:00,516.55,516.55,516.03,516.03,-0.1,12935.2,6672608.02,-1
2025-06-26,2025-06-26 15:00:00,516.03,525.0,515.0,516.03,0.0,12935.2,6672608.02,0
2025-06-29,2025-06-29 11:00:00,524.0,524.0,517.0,522.31,-0.32,2715.6,1401663.1,-1
2025-06-29,2025-06-29 12:00:00,522.31,522.31,520.62,520.62,-0.32,2715.6,1401663.1,-1
2025-06-29,2025-06-29 13:00:00,520.62,520.62,518.93,518.93,-0.32,2715.6,1401663.1,-1
2025-06-29,2025-06-29 14:00:00,518.93,518.93,517.24,517.24,-0.33,2715.6,1401663.1,-1
2025-06-29,2025-06-29 15:00:00,517.24,524.0,510.0,517.24,0.0,2715.6,1401663.1,0
2025-06-30,2025-06-30 11:00:00,519.8,523.15,518.4,519.87,0.01,3050.6,1590292.56,1
2025-06-30,2025-06-30 12:00:00,519.87,519.93,519.87,519.93,0.01,3050.6,1590292.56,1
2025-06-30,2025-06-30 13:00:00,519.93,520.0,519.93,520.0,0.01,3050.6,1590292.56,1
2025-06-30,2025-06-30 14:00:00,520.0,520.07,520.0,520.07,0.01,3050.6,1590292.56,1
2025-06-30,2025-06-30 15:00:00,520.07,526.5,517.0,520.07,0.0,3050.6,1590292.56,0
2025-07-01,2025-07-01 11:00:00,529.0,530.5,523.6,529.0,0.0,5795.0,3033267.96,0
2025-07-01,2025-07-01 12:00:00,529.0,529.01,529.0,529.01,0.0,5795.0,3033267.96,1
2025-07-01,2025-07-01 13:00:00,529.01,529.01,529.01,529.01,0.0,5795.0,3033267.96,0
2025-07-01,2025-07-01 14:00:00,529.01,529.02,529.01,529.02,0.0,5795.0,3033267.96,1
2025-07-01,2025-07-01 15:00:00,529.02,532.0,518.2,529.02,0.0,5795.0,3033267.96,0
2025-07-02,2025-07-02 11:00:00,524.0,538.9,524.0,529.9,1.13,9836.0,5353863.18,1
2025-07-02,2025-07-02 12:00:00,529.9,535.8,529.9,535.8,1.11,9836.0,5353863.18,1
2025-07-02,2025-07-02 13:00:00,535.8,541.7,535.8,541.7,1.1,9836.0,5353863.18,1
2025-07-02,2025-07-02 14:00:00,541.7,547.6,541.7,547.6,1.09,9836.0,5353863.18,1
2025-07-02,2025-07-02 15:00:00,547.6,553.8,524.0,547.6,0.0,9836.0,5353863.18,0
2025-07-03,2025-07-03 11:00:00,553.0,557.5,545.05,554.3,0.24,17789.0,9832118.0,1
2025-07-03,2025-07-03 12:00:00,554.3,555.6,554.3,555.6,0.23,17789.0,9832118.0,1
2025-07-03,2025-07-03 13:00:00,555.6,556.9,555.6,556.9,0.23,17789.0,9832118.0,1
2025-07-03,2025-07-03 14:00:00,556.9,558.2,556.9,558.2,0.23,17789.0,9832118.0,1
2025-07-03,2025-07-03 15:00:00,558.2,562.0,537.1,558.2,0.0,17789.0,9832118.0,0
2025-07-06,2025-07-06 11:00:00,550.0,556.0,548.0,549.34,-0.12,7419.0,4101352.7,-1
2025-07-06,2025-07-06 12:00:00,549.34,549.34,548.67,548.67,-0.12,7419.0,4101352.7,-1
2025-07-06,2025-07-06 13:00:00,548.67,548.67,548.01,548.01,-0.12,7419.0,4101352.7,-1
2025-07-06,2025-07-06 14:00:00,548.01,548.01,547.35,547.35,-0.12,7419.0,4101352.7,-1
2025-07-06,2025-07-06 15:00:00,547.35,562.0,546.0,547.35,0.0,7419.0,4101352.7,0
2025-07-07,2025-07-07 11:00:00,539.0,545.0,538.5,540.85,0.34,6571.6,3571266.96,1
2025-07-07,2025-07-07 12:00:00,540.85,542.69,540.85,542.69,0.34,6571.6,3571266.96,1
2025-07-07,2025-07-07 13:00:00,542.69,544.53,542.69,544.53,0.34,6571.6,3571266.96,1
2025-07-07,2025-07-07 14:00:00,544.53,546.38,544.53,546.38,0.34,6571.6,3571266.96,1
2025-07-07,2025-07-07 15:00:00,546.38,551.0,538.0,546.38,0.0,6571.6,3571266.96,0
2025-07-08,2025-07-08 11:00:00,545.0,545.0,541.6,543.61,-0.26,2699.8,1460085.18,-1
2025-07-08,2025-07-08 12:00:00,543.61,543.61,542.21,542.21,-0.26,2699.8,1460085.18,-1
2025-07-08,2025-07-08 13:00:00,542.21,542.21,540.82,540.82,-0.26,2699.8,1460085.18,-1
2025-07-08,2025-07-08 14:00:00,540.82,540.82,539.43,539.43,-0.26,2699.8,1460085.18,-1
2025-07-08,2025-07-08 15:00:00,539.43,545.0,538.2,539.43,0.0,2699.8,1460085.18,0
2025-07-09,2025-07-09 11:00:00,548.0,550.95,542.6,547.13,-0.16,2840.2,1549070.66,-1
2025-07-09,2025-07-09 12:00:00,547.13,547.13,546.27,546.27,-0.16,2840.2,1549070.66,-1
2025-07-09,2025-07-09 13:00:00,546.27,546.27,545.4,545.4,-0.16,2840.2,1549070.66,-1
2025-07-09,2025-07-09 14:00:00,545.4,545.4,544.54,544.54,-0.16,2840.2,1549070.66,-1
2025-07-09,2025-07-09 15:00:00,544.54,553.9,537.2,544.54,0.0,2840.2,1549070.66,0
2025-07-10,2025-07-10 11:00:00,555.0,555.0,549.0,553.04,-0.35,4270.4,2339986.02,-1
2025-07-10,2025-07-10 12:00:00,553.04,553.04,551.08,551.08,-0.35,4270.4,2339986.02,-1
2025-07-10,2025-07-10 13:00:00,551.08,551.08,549.12,549.12,-0.36,4270.4,2339986.02,-1
2025-07-10,2025-07-10 14:00:00,549.12,549.12,547.16,547.16,-0.36,4270.4,2339986.02,-1
2025-07-10,2025-07-10 15:00:00,547.16,555.0,543.0,547.16,0.0,4270.4,2339986.02,0
2025-07-13,2025-07-13 11:00:00,558.1,563.65,549.15,555.36,-0.49,5012.0,2753071.4,-1
2025-07-13,2025-07-13 12:00:00,555.36,555.36,552.62,552.62,-0.49,5012.0,2753071.4,-1
2025-07-13,2025-07-13 13:00:00,552.62,552.62,549.87,549.87,-0.5,5012.0,2753071.4,-1
2025-07-13,2025-07-13 14:00:00,549.87,549.87,547.13,547.13,-0.5,5012.0,2753071.4,-1
2025-07-13,2025-07-13 15:00:00,547.13,569.2,540.2,547.13,0.0,5012.0,2753071.4,0
2025-07-14,2025-07-14 11:00:00,555.0,555.0,546.0,550.88,-0.74,3756.4,2030956.74,-1
2025-07-14,2025-07-14 12:00:00,550.88,550.88,546.76,546.76,-0.75,3756.4,2030956.74,-1
2025-07-14,2025-07-14 13:00:00,546.76,546.76,542.64,542.64,-0.75,3756.4,2030956.74,-1
2025-07-14,2025-07-14 14:00:00,542.64,542.64,538.52,538.52,-0.76,3756.4,2030956.74,-1
2025-07-14,2025-07-14 15:00:00,538.52,555.0,537.0,538.52,0.0,3756.4,2030956.74,0
2025-07-15,2025-07-15 11:00:00,543.0,544.0,540.5,542.96,-0.01,6277.0,3402912.68,-1
2025-07-15,2025-07-15 12:00:00,542.96,542.96,542.92,542.92,-0.01,6277.0,3402912.68,-1
2025-07-15,2025-07-15 13:00:00,542.92,542.92,542.88,542.88,-0.01,6277.0,3402912.68,-1
2025-07-15,2025-07-15 14:00:00,542.88,542.88,542.84,542.84,-0.01,6277.0,3402912.68,-1
2025-07-15,2025-07-15 15:00:00,542.84,545.0,538.0,542.84,0.0,6277.0,3402912.68,0
2025-07-16,2025-07-16 11:00:00,550.0,555.5,545.1,551.75,0.32,6148.2,3391034.9,1
2025-07-16,2025-07-16 12:00:00,551.75,553.5,551.75,553.5,0.32,6148.2,3391034.9,1
2025-07-16,2025-07-16 13:00:00,553.5,555.24,553.5,555.24,0.31,6148.2,3391034.9,1
2025-07-16,2025-07-16 14:00:00,555.24,556.99,555.24,556.99,0.32,6148.2,3391034.9,1
2025-07-16,2025-07-16 15:00:00,556.99,561.0,540.2,556.99,0.0,6148.2,3391034.9,0
2025-07-17,2025-07-17 11:00:00,566.0,572.0,565.5,567.23,0.22,9162.6,5221707.98,1
2025-07-17,2025-07-17 12:00:00,567.23,568.45,567.23,568.45,0.22,9162.6,5221707.98,1
2025-07-17,2025-07-17 13:00:00,568.45,569.68,568.45,569.68,0.22,9162.6,5221707.98,1
2025-07-17,2025-07-17 14:00:00,569.68,570.91,569.68,570.91,0.22,9162.6,5221707.98,1
2025-07-17,2025-07-17 15:00:00,570.91,578.0,565.0,570.91,0.0,9162.6,5221707.98,0
2025-07-20,2025-07-20 11:00:00,582.3,582.3,571.15,578.03,-0.73,11997.4,6894500.92,-1
2025-07-20,2025-07-20 12:00:00,578.03,578.03,573.75,573.75,-0.74,11997.4,6894500.92,-1
2025-07-20,2025-07-20 13:00:00,573.75,573.75,569.48,569.48,-0.74,11997.4,6894500.92,-1
2025-07-20,2025-07-20 14:00:00,569.48,569.48,565.21,565.21,-0.75,11997.4,6894500.92,-1
2025-07-20,2025-07-20 15:00:00,565.21,582.3,560.0,565.21,0.0,11997.4,6894500.92,0
2025-07-21,2025-07-21 11:00:00,569.9,574.4,564.25,571.03,0.2,10332.4,5899082.9,1
2025-07-21,2025-07-21 12:00:00,571.03,572.17,571.03,572.17,0.2,10332.4,5899082.9,1
2025-07-21,2025-07-21 13:00:00,572.17,573.31,572.17,573.31,0.2,10332.4,5899082.9,1
2025-07-21,2025-07-21 14:00:00,573.31,574.44,573.31,574.44,0.2,10332.4,5899082.9,1
2025-07-21,2025-07-21 15:00:00,574.44,578.9,558.6,574.44,0.0,10332.4,5899082.9,0
2025-07-22,2025-07-22 11:00:00,585.5,592.75,581.0,588.28,0.47,18171.0,10790690.14,1
2025-07-22,2025-07-22 12:00:00,588.28,591.07,588.28,591.07,0.47,18171.0,10790690.14,1
2025-07-22,2025-07-22 13:00:00,591.07,593.85,591.07,593.85,0.47,18171.0,10790690.14,1
2025-07-22,2025-07-22 14:00:00,593.85,596.63,593.85,596.63,0.47,18171.0,10790690.14,1
2025-07-22,2025-07-22 15:00:00,596.63,600.0,576.5,596.63,0.0,18171.0,10790690.14,0
2025-07-23,2025-07-23 11:00:00,594.0,596.5,589.35,593.23,-0.13,11445.8,6736153.76,-1
2025-07-23,2025-07-23 12:00:00,593.23,593.23,592.46,592.46,-0.13,11445.8,6736153.76,-1
2025-07-23,2025-07-23 13:00:00,592.46,592.46,591.69,591.69,-0.13,11445.8,6736153.76,-1
2025-07-23,2025-07-23 14:00:00,591.69,591.69,590.92,590.92,-0.13,11445.8,6736153.76,-1
2025-07-23,2025-07-23 15:00:00,590.92,599.0,584.7,590.92,0.0,11445.8,6736153.76,0
2025-07-24,2025-07-24 11:00:00,590.0,595.0,586.0,589.22,-0.13,9969.6,5854126.32,-1
2025-07-24,2025-07-24 12:00:00,589.22,589.22,588.43,588.43,-0.13,9969.6,5854126.32,-1
2025-07-24,2025-07-24 13:00:00,588.43,588.43,587.64,587.64,-0.13,9969.6,5854126.32,-1
2025-07-24,2025-07-24 14:00:00,587.64,587.64,586.86,586.86,-0.13,9969.6,5854126.32,-1
2025-07-24,2025-07-24 15:00:00,586.86,600.0,582.0,586.86,0.0,9969.6,5854126.32,0
2025-07-27,2025-07-27 11:00:00,585.1,588.55,580.05,583.26,-0.31,14093.6,8225375.7,-1
2025-07-27,2025-07-27 12:00:00,583.26,583.26,581.41,581.41,-0.32,14093.6,8225375.7,-1
2025-07-27,2025-07-27 13:00:00,581.41,581.41,579.57,579.57,-0.32,14093.6,8225375.7,-1
2025-07-27,2025-07-27 14:00:00,579.57,579.57,577.73,577.73,-0.32,14093.6,8225375.7,-1
2025-07-27,2025-07-27 15:00:00,577.73,592.0,575.0,577.73,0.0,14093.6,8225375.7,0
2025-07-28,2025-07-28 11:00:00,570.0,575.95,563.45,571.88,0.33,7078.6,4044610.78,1
2025-07-28,2025-07-28 12:00:00,571.88,573.75,571.88,573.75,0.33,7078.6,4044610.78,1
2025-07-28,2025-07-28 13:00:00,573.75,575.62,573.75,575.62,0.33,7078.6,4044610.78,1
2025-07-28,2025-07-28 14:00:00,575.62,577.5,575.62,577.5,0.33,7078.6,4044610.78,1
2025-07-28,2025-07-28 15:00:00,577.5,581.9,556.9,577.5,0.0,7078.6,4044610.78,0
2025-07-29,2025-07-29 11:00:00,587.9,588.95,581.45,586.0,-0.32,9600.0,5608088.7,-1
2025-07-29,2025-07-29 12:00:00,586.0,586.0,584.1,584.1,-0.32,9600.0,5608088.7,-1
2025-07-29,2025-07-29 13:00:00,584.1,584.1,582.19,582.19,-0.33,9600.0,5608088.7,-1
2025-07-29,2025-07-29 14:00:00,582.19,582.19,580.29,580.29,-0.33,9600.0,5608088.7,-1
2025-07-29,2025-07-29 15:00:00,580.29,590.0,575.0,580.29,0.0,9600.0,5608088.7,0
2025-07-30,2025-07-30 11:00:00,585.0,585.0,575.0,580.29,-0.81,5215.8,2978024.64,-1
2025-07-30,2025-07-30 12:00:00,580.29,580.29,575.58,575.58,-0.81,5215.8,2978024.64,-1
2025-07-30,2025-07-30 13:00:00,575.58,575.58,570.87,570.87,-0.82,5215.8,2978024.64,-1
2025-07-30,2025-07-30 14:00:00,570.87,570.87,566.16,566.16,-0.83,5215.8,2978024.64,-1
2025-07-30,2025-07-30 15:00:00,566.16,585.0,565.0,566.16,0.0,5215.8,2978024.64,0
2025-07-31,2025-07-31 11:00:00,577.0,577.0,565.5,572.05,-0.86,6355.6,3551763.32,-1
2025-07-31,2025-07-31 12:00:00,572.05,572.05,567.1,567.1,-0.87,6355.6,3551763.32,-1
2025-07-31,2025-07-31 13:00:00,567.1,567.1,562.15,562.15,-0.87,6355.6,3551763.32,-1
2025-07-31,2025-07-31 14:00:00,562.15,562.15,557.2,557.2,-0.88,6355.6,3551763.32,-1
2025-07-31,2025-07-31 15:00:00,557.2,577.0,554.0,557.2,0.0,6355.6,3551763.32,0
2025-08-03,2025-08-03 11:00:00,555.5,559.75,553.3,554.54,-0.17,6202.8,3444490.72,-1
2025-08-03,2025-08-03 12:00:00,554.54,554.54,553.59,553.59,-0.17,6202.8,3444490.72,-1
2025-08-03,2025-08-03 13:00:00,553.59,553.59,552.63,552.63,-0.17,6202.8,3444490.72,-1
2025-08-03,2025-08-03 14:00:00,552.63,552.63,551.67,551.67,-0.17,6202.8,3444490.72,-1
2025-08-03,2025-08-03 15:00:00,551.67,564.0,551.1,551.67,0.0,6202.8,3444490.72,0
2025-08-04,2025-08-04 11:00:00,540.7,550.25,540.7,543.83,0.58,5894.8,3253560.3,1
2025-08-04,2025-08-04 12:00:00,543.83,546.96,543.83,546.96,0.58,5894.8,3253560.3,1
2025-08-04,2025-08-04 13:00:00,546.96,550.08,546.96,550.08,0.57,5894.8,3253560.3,1
2025-08-04,2025-08-04 14:00:00,550.08,553.21,550.08,553.21,0.57,5894.8,3253560.3,1
2025-08-04,2025-08-04 15:00:00,553.21,559.8,540.7,553.21,0.0,5894.8,3253560.3,0
2025-08-05,2025-08-05 11:00:00,542.2,552.1,542.2,543.26,0.2,4321.8,2372171.3,1
2025-08-05,2025-08-05 12:00:00,543.26,544.32,543.26,544.32,0.2,4321.8,2372171.3,1
2025-08-05,2025-08-05 13:00:00,544.32,545.38,544.32,545.38,0.19,4321.8,2372171.3,1
2025-08-05,2025-08-05 14:00:00,545.38,546.44,545.38,546.44,0.19,4321.8,2372171.3,1
2025-08-05,2025-08-05 15:00:00,546.44,562.0,542.2,546.44,0.0,4321.8,2372171.3,0
2025-08-06,2025-08-06 11:00:00,556.0,556.0,549.55,553.33,-0.48,2130.6,1162442.0,-1
2025-08-06,2025-08-06 12:00:00,553.33,553.33,550.65,550.65,-0.48,2130.6,1162442.0,-1
2025-08-06,2025-08-06 13:00:00,550.65,550.65,547.98,547.98,-0.48,2130.6,1162442.0,-1
2025-08-06,2025-08-06 14:00:00,547.98,547.98,545.31,545.31,-0.49,2130.6,1162442.0,-1
2025-08-06,2025-08-06 15:00:00,545.31,556.0,543.1,545.31,0.0,2130.6,1162442.0,0
2025-08-07,2025-08-07 11:00:00,545.1,548.55,544.55,545.84,0.14,5171.6,2829262.0,1
2025-08-07,2025-08-07 12:00:00,545.84,546.58,545.84,546.58,0.14,5171.6,2829262.0,1
2025-08-07,2025-08-07 13:00:00,546.58,547.31,546.58,547.31,0.13,5171.6,2829262.0,1
2025-08-07,2025-08-07 14:00:00,547.31,548.05,547.31,548.05,0.14,5171.6,2829262.0,1
2025-08-07,2025-08-07 15:00:00,548.05,552.0,544.0,548.05,0.0,5171.6,2829262.0,0
2025-08-11,2025-08-11 11:00:00,546.0,550.5,540.6,543.44,-0.47,6239.6,3376191.28,-1
2025-08-11,2025-08-11 12:00:00,543.44,543.44,540.88,540.88,-0.47,6239.6,3376191.28,-1
2025-08-11,2025-08-11 13:00:00,540.88,540.88,538.33,538.33,-0.47,6239.6,3376191.28,-1
2025-08-11,2025-08-11 14:00:00,538.33,538.33,535.77,535.77,-0.48,6239.6,3376191.28,-1
2025-08-11,2025-08-11 15:00:00,535.77,555.0,535.2,535.77,0.0,6239.6,3376191.28,0
2025-08-12,2025-08-12 11:00:00,530.1,539.5,530.1,531.38,0.24,4255.2,2281374.02,1
2025-08-12,2025-08-12 12:00:00,531.38,532.67,531.38,532.67,0.24,4255.2,2281374.02,1
2025-08-12,2025-08-12 13:00:00,532.67,533.96,532.67,533.96,0.24,4255.2,2281374.02,1
2025-08-12,2025-08-12 14:00:00,533.96,535.24,533.96,535.24,0.24,4255.2,2281374.02,1
2025-08-12,2025-08-12 15:00:00,535.24,548.9,530.1,535.24,0.0,4255.2,2281374.02,0
2025-08-13,2025-08-13 11:00:00,535.0,539.0,533.1,534.67,-0.06,2504.0,1342082.88,-1
2025-08-13,2025-08-13 12:00:00,534.67,534.67,534.34,534.34,-0.06,2504.0,1342082.88,-1
2025-08-13,2025-08-13 13:00:00,534.34,534.34,534.0,534.0,-0.06,2504.0,1342082.88,-1
2025-08-13,2025-08-13 14:00:00,534.0,534.0,533.67,533.67,-0.06,2504.0,1342082.88,-1
2025-08-13,2025-08-13 15:00:00,533.67,543.0,531.2,533.67,0.0,2504.0,1342082.88,0
2025-08-14,2025-08-14 11:00:00,533.67,535.73,531.34,533.02,-0.12,3365.4,1791796.2,-1
2025-08-14,2025-08-14 12:00:00,533.02,533.02,532.37,532.37,-0.12,3365.4,1791796.2,-1
2025-08-14,2025-08-14 13:00:00,532.37,532.37,531.71,531.71,-0.12,3365.4,1791796.2,-1
2025-08-14,2025-08-14 14:00:00,531.71,531.71,531.06,531.06,-0.12,3365.4,1791796.2,-1
2025-08-14,2025-08-14 15:00:00,531.06,537.8,529.0,531.06,0.0,3365.4,1791796.2,0
2025-08-17,2025-08-17 11:00:00,528.1,532.55,526.65,527.72,-0.07,5367.8,2836776.18,-1
2025-08-17,2025-08-17 12:00:00,527.72,527.72,527.35,527.35,-0.07,5367.8,2836776.18,-1
2025-08-17,2025-08-17 13:00:00,527.35,527.35,526.97,526.97,-0.07,5367.8,2836776.18,-1
2025-08-17,2025-08-17 14:00:00,526.97,526.97,526.59,526.59,-0.07,5367.8,2836776.18,-1
2025-08-17,2025-08-17 15:00:00,526.59,537.0,525.2,526.59,0.0,5367.8,2836776.18,0
2025-08-18,2025-08-18 11:00:00,516.1,522.5,516.1,518.49,0.46,3126.4,1646155.28,1
2025-08-18,2025-08-18 12:00:00,518.49,520.88,518.49,520.88,0.46,3126.4,1646155.28,1
2025-08-18,2025-08-18 13:00:00,520.88,523.28,520.88,523.28,0.46,3126.4,1646155.28,1
2025-08-18,2025-08-18 14:00:00,523.28,525.67,523.28,525.67,0.46,3126.4,1646155.28,1
2025-08-18,2025-08-18 15:00:00,525.67,528.9,516.1,525.67,0.0,3126.4,1646155.28,0
2025-08-19,2025-08-19 11:00:00,515.2,523.6,515.2,518.09,0.56,3008.2,1585982.0,1
2025-08-19,2025-08-19 12:00:00,518.09,520.97,518.09,520.97,0.56,3008.2,1585982.0,1
2025-08-19,2025-08-19 13:00:00,520.97,523.86,520.97,523.86,0.55,3008.2,1585982.0,1
2025-08-19,2025-08-19 14:00:00,523.86,526.74,523.86,526.74,0.55,3008.2,1585982.0,1
2025-08-19,2025-08-19 15:00:00,526.74,532.0,515.2,526.74,0.0,3008.2,1585982.0,0
2025-08-20,2025-08-20 11:00:00,516.3,524.65,516.3,519.35,0.59,1779.8,944995.2,1
2025-08-20,2025-08-20 12:00:00,519.35,522.39,519.35,522.39,0.59,1779.8,944995.2,1
2025-08-20,2025-08-20 13:00:00,522.39,525.44,522.39,525.44,0.58,1779.8,944995.2,1
2025-08-20,2025-08-20 14:00:00,525.44,528.49,525.44,528.49,0.58,1779.8,944995.2,1
2025-08-20,2025-08-20 15:00:00,528.49,533.0,516.3,528.49,0.0,1779.8,944995.2,0
2025-08-21,2025-08-21 11:00:00,518.0,527.0,518.0,520.47,0.48,2538.2,1341324.4,1
2025-08-21,2025-08-21 12:00:00,520.47,522.93,520.47,522.93,0.47,2538.2,1341324.4,1
2025-08-21,2025-08-21 13:00:00,522.93,525.4,522.93,525.4,0.47,2538.2,1341324.4,1
2025-08-21,2025-08-21 14:00:00,525.4,527.87,525.4,527.87,0.47,2538.2,1341324.4,1
2025-08-21,2025-08-21 15:00:00,527.87,536.0,518.0,527.87,0.0,2538.2,1341324.4,0
2025-08-24,2025-08-24 11:00:00,535.0,535.0,530.1,533.53,-0.27,1921.6,1015727.62,-1
2025-08-24,2025-08-24 12:00:00,533.53,533.53,532.06,532.06,-0.28,1921.6,1015727.62,-1
2025-08-24,2025-08-24 13:00:00,532.06,532.06,530.59,530.59,-0.28,1921.6,1015727.62,-1
2025-08-24,2025-08-24 14:00:00,530.59,530.59,529.12,529.12,-0.28,1921.6,1015727.62,-1
2025-08-24,2025-08-24 15:00:00,529.12,535.0,525.2,529.12,0.0,1921.6,1015727.62,0
2025-08-25,2025-08-25 11:00:00,528.2,529.6,528.1,528.77,0.11,1240.8,657498.34,1
2025-08-25,2025-08-25 12:00:00,528.77,529.34,528.77,529.34,0.11,1240.8,657498.34,1
2025-08-25,2025-08-25 13:00:00,529.34,529.91,529.34,529.91,0.11,1240.8,657498.34,1
2025-08-25,2025-08-25 14:00:00,529.91,530.48,529.91,530.48,0.11,1240.8,657498.34,1
2025-08-25,2025-08-25 15:00:00,530.48,531.0,528.0,530.48,0.0,1240.8,657498.34,0
2025-08-26,2025-08-26 11:00:00,537.0,537.0,532.0,534.74,-0.42,1256.4,664262.82,-1
2025-08-26,2025-08-26 12:00:00,534.74,534.74,532.47,532.47,-0.42,1256.4,664262.82,-1
2025-08-26,2025-08-26 13:00:00,532.47,532.47,530.21,530.21,-0.42,1256.4,664262.82,-1
2025-08-26,2025-08-26 14:00:00,530.21,530.21,527.94,527.94,-0.43,1256.4,664262.82,-1
2025-08-26,2025-08-26 15:00:00,527.94,537.0,527.0,527.94,0.0,1256.4,664262.82,0
2025-08-27,2025-08-27 11:00:00,535.0,537.5,531.15,535.72,0.13,4086.8,2187598.14,1
2025-08-27,2025-08-27 12:00:00,535.72,536.43,535.72,536.43,0.13,4086.8,2187598.14,1
2025-08-27,2025-08-27 13:00:00,536.43,537.14,536.43,537.14,0.13,4086.8,2187598.14,1
2025-08-27,2025-08-27 14:00:00,537.14,537.86,537.14,537.86,0.13,4086.8,2187598.14,1
2025-08-27,2025-08-27 15:00:00,537.86,540.0,527.3,537.86,0.0,4086.8,2187598.14,0
2025-08-28,2025-08-28 11:00:00,540.0,541.95,534.6,537.66,-0.43,2832.6,1520445.28,-1
2025-08-28,2025-08-28 12:00:00,537.66,537.66,535.33,535.33,-0.43,2832.6,1520445.28,-1
2025-08-28,2025-08-28 13:00:00,535.33,535.33,532.99,532.99,-0.44,2832.6,1520445.28,-1
2025-08-28,2025-08-28 14:00:00,532.99,532.99,530.65,530.65,-0.44,2832.6,1520445.28,-1
2025-08-28,2025-08-28 15:00:00,530.65,543.9,529.2,530.65,0.0,2832.6,1520445.28,0
2025-08-31,2025-08-31 11:00:00,530.6,533.8,528.3,529.73,-0.16,1957.4,1033584.52,-1
2025-08-31,2025-08-31 12:00:00,529.73,529.73,528.86,528.86,-0.16,1957.4,1033584.52,-1
2025-08-31,2025-08-31 13:00:00,528.86,528.86,527.99,527.99,-0.16,1957.4,1033584.52,-1
2025-08-31,2025-08-31 14:00:00,527.99,527.99,527.12,527.12,-0.16,1957.4,1033584.52,-1
2025-08-31,2025-08-31 15:00:00,527.12,537.0,526.0,527.12,0.0,1957.4,1033584.52,0
2025-09-01,2025-09-01 11:00:00,526.0,528.45,524.15,526.51,0.1,1499.0,787575.72,1
2025-09-01,2025-09-01 12:00:00,526.51,527.02,526.51,527.02,0.1,1499.0,787575.72,1
2025-09-01,2025-09-01 13:00:00,527.02,527.54,527.02,527.54,0.1,1499.0,787575.72,1
2025-09-01,2025-09-01 14:00:00,527.54,528.05,527.54,528.05,0.1,1499.0,787575.72,1
2025-09-01,2025-09-01 15:00:00,528.05,530.9,522.3,528.05,0.0,1499.0,787575.72,0
2025-09-02,2025-09-02 11:00:00,528.05,530.52,525.22,526.78,-0.24,1321.2,692291.68,-1
2025-09-02,2025-09-02 12:00:00,526.78,526.78,525.51,525.51,-0.24,1321.2,692291.68,-1
2025-09-02,2025-09-02 13:00:00,525.51,525.51,524.24,524.24,-0.24,1321.2,692291.68,-1
2025-09-02,2025-09-02 14:00:00,524.24,524.24,522.97,522.97,-0.24,1321.2,692291.68,-1
2025-09-02,2025-09-02 15:00:00,522.97,533.0,522.4,522.97,0.0,1321.2,692291.68,0
2025-09-03,2025-09-03 11:00:00,525.0,525.5,522.5,524.19,-0.15,2586.2,1350287.8,-1
2025-09-03,2025-09-03 12:00:00,524.19,524.19,523.38,523.38,-0.15,2586.2,1350287.8,-1
2025-09-03,2025-09-03 13:00:00,523.38,523.38,522.58,522.58,-0.15,2586.2,1350287.8,-1
2025-09-03,2025-09-03 14:00:00,522.58,522.58,521.77,521.77,-0.16,2586.2,1350287.8,-1
2025-09-03,2025-09-03 15:00:00,521.77,526.0,520.0,521.77,0.0,2586.2,1350287.8,0
2025-09-04,2025-09-04 11:00:00,523.5,523.75,520.8,523.21,-0.06,1939.2,1009493.05,-1
2025-09-04,2025-09-04 12:00:00,523.21,523.21,522.91,522.91,-0.06,1939.2,1009493.05,-1
2025-09-04,2025-09-04 13:00:00,522.91,522.91,522.62,522.62,-0.06,1939.2,1009493.05,-1
2025-09-04,2025-09-04 14:00:00,522.62,522.62,522.32,522.32,-0.06,1939.2,1009493.05,-1
2025-09-04,2025-09-04 15:00:00,522.32,524.0,518.09,522.32,0.0,1939.2,1009493.05,0
2025-09-07,2025-09-07 11:00:00,519.0,523.5,519.0,519.26,0.05,864.8,449754.1,1
2025-09-07,2025-09-07 12:00:00,519.26,519.52,519.26,519.52,0.05,864.8,449754.1,1
2025-09-07,2025-09-07 13:00:00,519.52,519.78,519.52,519.78,0.05,864.8,449754.1,1
2025-09-07,2025-09-07 14:00:00,519.78,520.04,519.78,520.04,0.05,864.8,449754.1,1
2025-09-07,2025-09-07 15:00:00,520.04,528.0,519.0,520.04,0.0,864.8,449754.1,0
2025-09-08,2025-09-08 11:00:00,518.0,524.15,515.1,517.11,-0.17,2225.0,1155310.9,-1
2025-09-08,2025-09-08 12:00:00,517.11,517.11,516.21,516.21,-0.17,2225.0,1155310.9,-1
2025-09-08,2025-09-08 13:00:00,516.21,516.21,515.31,515.31,-0.17,2225.0,1155310.9,-1
2025-09-08,2025-09-08 14:00:00,515.31,515.31,514.42,514.42,-0.17,2225.0,1155310.9,-1
2025-09-08,2025-09-08 15:00:00,514.42,530.3,512.2,514.42,0.0,2225.0,1155310.9,0
2025-09-18,2025-09-18 11:00:00,524.7,524.7,493.85,509.28,-2.94,144.4,69791.28,-1
2025-09-18,2025-09-18 12:00:00,509.28,509.28,493.85,493.85,-3.03,144.4,69791.28,-1
2025-09-18,2025-09-18 13:00:00,493.85,493.85,478.43,478.43,-3.12,144.4,69791.28,-1
2025-09-18,2025-09-18 14:00:00,478.43,478.43,463.0,463.0,-3.23,144.4,69791.28,-1
2025-09-18,2025-09-18 15:00:00,463.0,524.7,463.0,463.0,0.0,144.4,69791.28,0
2025-09-21,2025-09-21 11:00:00,453.8,458.4,435.4,451.42,-0.52,23663.0,10283428.8,-1
2025-09-21,2025-09-21 12:00:00,451.42,451.42,449.04,449.04,-0.53,23663.0,10283428.8,-1
2025-09-21,2025-09-21 13:00:00,449.04,449.04,446.66,446.66,-0.53,23663.0,10283428.8,-1
2025-09-21,2025-09-21 14:00:00,446.66,446.66,444.28,444.28,-0.53,23663.0,10283428.8,-1
2025-09-21,2025-09-21 15:00:00,444.28,463.0,417.0,444.28,0.0,23663.0,10283428.8,0
2025-09-23,2025-09-23 11:00:00,450.0,456.5,449.5,452.5,0.56,6639.8,3029130.48,1
2025-09-23,2025-09-23 12:00:00,452.5,455.0,452.5,455.0,0.55,6639.8,3029130.48,1
2025-09-23,2025-09-23 13:00:00,455.0,457.5,455.0,457.5,0.55,6639.8,3029130.48,1
2025-09-23,2025-09-23 14:00:00,457.5,460.0,457.5,460.0,0.55,6639.8,3029130.48,1
2025-09-23,2025-09-23 15:00:00,460.0,463.0,449.0,460.0,0.0,6639.8,3029130.48,0
2025-09-24,2025-09-24 11:00:00,467.0,467.0,456.5,462.0,-1.07,2823.2,1274104.24,-1
2025-09-24,2025-09-24 12:00:00,462.0,462.0,457.0,457.0,-1.08,2823.2,1274104.24,-1
2025-09-24,2025-09-24 13:00:00,457.0,457.0,452.0,452.0,-1.09,2823.2,1274104.24,-1
2025-09-24,2025-09-24 14:00:00,452.0,452.0,447.0,447.0,-1.11,2823.2,1274104.24,-1
2025-09-24,2025-09-24 15:00:00,447.0,467.0,446.0,447.0,0.0,2823.2,1274104.24,0
2025-09-25,2025-09-25 11:00:00,445.0,447.0,441.3,446.0,0.22,4393.8,1943268.92,1
2025-09-25,2025-09-25 12:00:00,446.0,447.0,446.0,447.0,0.22,4393.8,1943268.92,1
2025-09-25,2025-09-25 13:00:00,447.0,448.0,447.0,448.0,0.22,4393.8,1943268.92,1
2025-09-25,2025-09-25 14:00:00,448.0,449.0,448.0,449.0,0.22,4393.8,1943268.92,1
2025-09-25,2025-09-25 15:00:00,449.0,449.0,437.6,449.0,0.0,4393.8,1943268.92,0
2025-09-28,2025-09-28 11:00:00,455.0,456.45,448.5,453.2,-0.4,2679.6,1196214.18,-1
2025-09-28,2025-09-28 12:00:00,453.2,453.2,451.4,451.4,-0.4,2679.6,1196214.18,-1
2025-09-28,2025-09-28 13:00:00,451.4,451.4,449.6,449.6,-0.4,2679.6,1196214.18,-1
2025-09-28,2025-09-28 14:00:00,449.6,449.6,447.8,447.8,-0.4,2679.6,1196214.18,-1
2025-09-28,2025-09-28 15:00:00,447.8,457.9,442.0,447.8,0.0,2679.6,1196214.18,0
2025-10-07,2025-10-07 11:00:00,450.0,450.0,441.05,446.75,-0.72,2672.6,1173332.72,-1
2025-10-07,2025-10-07 12:00:00,446.75,446.75,443.5,443.5,-0.73,2672.6,1173332.72,-1
2025-10-07,2025-10-07 13:00:00,443.5,443.5,440.25,440.25,-0.73,2672.6,1173332.72,-1
2025-10-07,2025-10-07 14:00:00,440.25,440.25,437.0,437.0,-0.74,2672.6,1173332.72,-1
2025-10-07,2025-10-07 15:00:00,437.0,450.0,432.1,437.0,0.0,2672.6,1173332.72,0
2025-10-08,2025-10-08 11:00:00,430.0,430.9,423.0,428.75,-0.29,4807.2,2036386.38,-1
2025-10-08,2025-10-08 12:00:00,428.75,428.75,427.5,427.5,-0.29,4807.2,2036386.38,-1
2025-10-08,2025-10-08 13:00:00,427.5,427.5,426.25,426.25,-0.29,4807.2,2036386.38,-1
2025-10-08,2025-10-08 14:00:00,426.25,426.25,425.0,425.0,-0.29,4807.2,2036386.38,-1
2025-10-08,2025-10-08 15:00:00,425.0,431.8,416.0,425.0,0.0,4807.2,2036386.38,0
2025-10-09,2025-10-09 11:00:00,433.5,440.75,426.75,431.12,-0.55,3706.8,1593685.4,-1
2025-10-09,2025-10-09 12:00:00,431.12,431.12,428.75,428.75,-0.55,3706.8,1593685.4,-1
2025-10-09,2025-10-09 13:00:00,428.75,428.75,426.38,426.38,-0.55,3706.8,1593685.4,-1
2025-10-09,2025-10-09 14:00:00,426.38,426.38,424.0,424.0,-0.56,3706.8,1593685.4,-1
2025-10-09,2025-10-09 15:00:00,424.0,448.0,420.0,424.0,0.0,3706.8,1593685.4,0
2025-10-12,2025-10-12 11:00:00,420.0,420.0,408.95,418.2,-0.43,9226.6,3763538.06,-1
2025-10-12,2025-10-12 12:00:00,418.2,418.2,416.4,416.4,-0.43,9226.6,3763538.06,-1
2025-10-12,2025-10-12 13:00:00,416.4,416.4,414.6,414.6,-0.43,9226.6,3763538.06,-1
2025-10-12,2025-10-12 14:00:00,414.6,414.6,412.8,412.8,-0.43,9226.6,3763538.06,-1
2025-10-12,2025-10-12 15:00:00,412.8,420.0,397.9,412.8,0.0,9226.6,3763538.06,0
2025-10-13,2025-10-13 11:00:00,405.0,411.5,401.55,407.75,0.68,2447.6,1013492.2,1
2025-10-13,2025-10-13 12:00:00,407.75,410.5,407.75,410.5,0.67,2447.6,1013492.2,1
2025-10-13,2025-10-13 13:00:00,410.5,413.25,410.5,413.25,0.67,2447.6,1013492.2,1
2025-10-13,2025-10-13 14:00:00,413.25,416.0,413.25,416.0,0.67,2447.6,1013492.2,1
2025-10-13,2025-10-13 15:00:00,416.0,418.0,398.1,416.0,0.0,2447.6,1013492.2,0
2025-10-14,2025-10-14 11:00:00,412.0,413.0,407.35,410.25,-0.42,4290.2,1747456.84,-1
2025-10-14,2025-10-14 12:00:00,410.25,410.25,408.5,408.5,-0.43,4290.2,1747456.84,-1
2025-10-14,2025-10-14 13:00:00,408.5,408.5,406.75,406.75,-0.43,4290.2,1747456.84,-1
2025-10-14,2025-10-14 14:00:00,406.75,406.75,405.0,405.0,-0.43,4290.2,1747456.84,-1
2025-10-14,2025-10-14 15:00:00,405.0,414.0,402.7,405.0,0.0,4290.2,1747456.84,0
2025-10-15,2025-10-15 11:00:00,403.0,406.4,401.0,402.25,-0.19,3767.2,1516829.78,-1
2025-10-15,2025-10-15 12:00:00,402.25,402.25,401.5,401.5,-0.19,3767.2,1516829.78,-1
2025-10-15,2025-10-15 13:00:00,401.5,401.5,400.75,400.75,-0.19,3767.2,1516829.78,-1
2025-10-15,2025-10-15 14:00:00,400.75,400.75,400.0,400.0,-0.19,3767.2,1516829.78,-1
2025-10-15,2025-10-15 15:00:00,400.0,409.8,399.0,400.0,0.0,3767.2,1516829.78,0
2025-10-16,2025-10-16 11:00:00,399.2,402.6,397.1,398.15,-0.26,3105.2,1241162.9,-1
2025-10-16,2025-10-16 12:00:00,398.15,398.15,397.1,397.1,-0.26,3105.2,1241162.9,-1
2025-10-16,2025-10-16 13:00:00,397.1,397.1,396.05,396.05,-0.26,3105.2,1241162.9,-1
2025-10-16,2025-10-16 14:00:00,396.05,396.05,395.0,395.0,-0.27,3105.2,1241162.9,-1
2025-10-16,2025-10-16 15:00:00,395.0,406.0,395.0,395.0,0.0,3105.2,1241162.9,0
2025-10-19,2025-10-19 11:00:00,397.0,402.5,394.5,397.0,0.0,2972.2,1182955.1,0
2025-10-19,2025-10-19 12:00:00,397.0,397.0,397.0,397.0,0.0,2972.2,1182955.1,0
2025-10-19,2025-10-19 13:00:00,397.0,397.0,397.0,397.0,0.0,2972.2,1182955.1,0
2025-10-19,2025-10-19 14:00:00,397.0,397.0,397.0,397.0,0.0,2972.2,1182955.1,0
2025-10-19,2025-10-19 15:00:00,397.0,408.0,392.0,397.0,0.0,2972.2,1182955.1,0
2025-10-26,2025-10-26 11:00:00,403.0,403.0,399.0,401.3,-0.42,2682.2,1067922.08,-1
2025-10-26,2025-10-26 12:00:00,401.3,401.3,399.6,399.6,-0.42,2682.2,1067922.08,-1
2025-10-26,2025-10-26 13:00:00,399.6,399.6,397.9,397.9,-0.43,2682.2,1067922.08,-1
2025-10-26,2025-10-26 14:00:00,397.9,397.9,396.2,396.2,-0.43,2682.2,1067922.08,-1
2025-10-26,2025-10-26 15:00:00,396.2,403.0,395.0,396.2,0.0,2682.2,1067922.08,0
2025-10-28,2025-10-28 11:00:00,401.0,409.0,401.0,404.25,0.81,3440.4,1418580.78,1
2025-10-28,2025-10-28 12:00:00,404.25,407.5,404.25,407.5,0.8,3440.4,1418580.78,1
2025-10-28,2025-10-28 13:00:00,407.5,410.75,407.5,410.75,0.8,3440.4,1418580.78,1
2025-10-28,2025-10-28 14:00:00,410.75,414.0,410.75,414.0,0.79,3440.4,1418580.78,1
2025-10-28,2025-10-28 15:00:00,414.0,417.0,401.0,414.0,0.0,3440.4,1418580.78,0
2025-10-29,2025-10-29 11:00:00,405.8,415.4,405.8,407.85,0.51,3836.2,1608363.84,1
2025-10-29,2025-10-29 12:00:00,407.85,409.9,407.85,409.9,0.5,3836.2,1608363.84,1
2025-10-29,2025-10-29 13:00:00,409.9,411.95,409.9,411.95,0.5,3836.2,1608363.84,1
2025-10-29,2025-10-29 14:00:00,411.95,414.0,411.95,414.0,0.5,3836.2,1608363.84,1
2025-10-29,2025-10-29 15:00:00,414.0,425.0,405.8,414.0,0.0,3836.2,1608363.84,0
2025-10-30,2025-10-30 11:00:00,415.9,421.1,412.95,418.38,0.6,3882.8,1626493.2,1
2025-10-30,2025-10-30 12:00:00,418.38,420.85,418.38,420.85,0.59,3882.8,1626493.2,1
2025-10-30,2025-10-30 13:00:00,420.85,423.32,420.85,423.32,0.59,3882.8,1626493.2,1
2025-10-30,2025-10-30 14:00:00,423.32,425.8,423.32,425.8,0.59,3882.8,1626493.2,1
2025-10-30,2025-10-30 15:00:00,425.8,426.3,410.0,425.8,0.0,3882.8,1626493.2,0
2025-11-02,2025-11-02 11:00:00,425.8,432.35,425.8,428.6,0.66,5451.8,2362723.66,1
2025-11-02,2025-11-02 12:00:00,428.6,431.4,428.6,431.4,0.65,5451.8,2362723.66,1
2025-11-02,2025-11-02 13:00:00,431.4,434.2,431.4,434.2,0.65,5451.8,2362723.66,1
2025-11-02,2025-11-02 14:00:00,434.2,437.0,434.2,437.0,0.64,5451.8,2362723.66,1
2025-11-02,2025-11-02 15:00:00,437.0,438.9,425.8,437.0,0.0,5451.8,2362723.66,0
2025-11-03,2025-11-03 11:00:00,435.0,439.3,430.0,434.73,-0.06,7097.6,3065920.34,-1
2025-11-03,2025-11-03 12:00:00,434.73,434.73,434.45,434.45,-0.06,7097.6,3065920.34,-1
2025-11-03,2025-11-03 13:00:00,434.45,434.45,434.17,434.17,-0.06,7097.6,3065920.34,-1
2025-11-03,2025-11-03 14:00:00,434.17,434.17,433.9,433.9,-0.06,7097.6,3065920.34,-1
2025-11-03,2025-11-03 15:00:00,433.9,443.6,425.0,433.9,0.0,7097.6,3065920.34,0
2025-11-04,2025-11-04 11:00:00,431.0,431.0,425.6,430.48,-0.12,4527.0,1925945.04,-1
2025-11-04,2025-11-04 12:00:00,430.48,430.48,429.95,429.95,-0.12,4527.0,1925945.04,-1
2025-11-04,2025-11-04 13:00:00,429.95,429.95,429.42,429.42,-0.12,4527.0,1925945.04,-1
2025-11-04,2025-11-04 14:00:00,429.42,429.42,428.9,428.9,-0.12,4527.0,1925945.04,-1
2025-11-04,2025-11-04 15:00:00,428.9,431.0,420.2,428.9,0.0,4527.0,1925945.04,0
2025-11-05,2025-11-05 11:00:00,421.0,425.5,421.0,422.25,0.3,2120.6,898714.48,1
2025-11-05,2025-11-05 12:00:00,422.25,423.5,422.25,423.5,0.3,2120.6,898714.48,1
2025-11-05,2025-11-05 13:00:00,423.5,424.75,423.5,424.75,0.3,2120.6,898714.48,1
2025-11-05,2025-11-05 14:00:00,424.75,426.0,424.75,426.0,0.29,2120.6,898714.48,1
2025-11-05,2025-11-05 15:00:00,426.0,430.0,421.0,426.0,0.0,2120.6,898714.48,0
2025-11-06,2025-11-06 11:00:00,420.1,427.55,420.1,420.58,0.11,2185.0,932360.96,1
2025-11-06,2025-11-06 12:00:00,420.58,421.05,420.58,421.05,0.11,2185.0,932360.96,1
2025-11-06,2025-11-06 13:00:00,421.05,421.52,421.05,421.52,0.11,2185.0,932360.96,1
2025-11-06,2025-11-06 14:00:00,421.52,422.0,421.52,422.0,0.11,2185.0,932360.96,1
2025-11-06,2025-11-06 15:00:00,422.0,435.0,420.1,422.0,0.0,2185.0,932360.96,0
2025-11-09,2025-11-09 11:00:00,422.0,422.0,418.5,420.25,-0.41,1595.6,666386.28,-1
2025-11-09,2025-11-09 12:00:00,420.25,420.25,418.5,418.5,-0.42,1595.6,666386.28,-1
2025-11-09,2025-11-09 13:00:00,418.5,418.5,416.75,416.75,-0.42,1595.6,666386.28,-1
2025-11-09,2025-11-09 14:00:00,416.75,416.75,415.0,415.0,-0.42,1595.6,666386.28,-1
2025-11-09,2025-11-09 15:00:00,415.0,422.0,415.0,415.0,0.0,1595.6,666386.28,0
2025-11-10,2025-11-10 11:00:00,420.0,421.45,418.75,419.5,-0.12,1167.6,490283.68,-1
2025-11-10,2025-11-10 12:00:00,419.5,419.5,419.0,419.0,-0.12,1167.6,490283.68,-1
2025-11-10,2025-11-10 13:00:00,419.0,419.0,418.5,418.5,-0.12,1167.6,490283.68,-1
2025-11-10,2025-11-10 14:00:00,418.5,418.5,418.0,418.0,-0.12,1167.6,490283.68,-1
2025-11-10,2025-11-10 15:00:00,418.0,422.9,417.5,418.0,0.0,1167.6,490283.68,0
2025-11-11,2025-11-11 11:00:00,415.3,417.65,415.3,415.73,0.1,579.0,242098.68,1
2025-11-11,2025-11-11 12:00:00,415.73,416.15,415.73,416.15,0.1,579.0,242098.68,1
2025-11-11,2025-11-11 13:00:00,416.15,416.57,416.15,416.57,0.1,579.0,242098.68,1
2025-11-11,2025-11-11 14:00:00,416.57,417.0,416.57,417.0,0.1,579.0,242098.68,1
2025-11-11,2025-11-11 15:00:00,417.0,420.0,415.3,417.0,0.0,579.0,242098.68,0
2025-11-12,2025-11-12 11:00:00,424.0,424.0,416.5,421.0,-0.71,3968.6,1639579.94,-1
2025-11-12,2025-11-12 12:00:00,421.0,421.0,418.0,418.0,-0.71,3968.6,1639579.94,-1
2025-11-12,2025-11-12 13:00:00,418.0,418.0,415.0,415.0,-0.72,3968.6,1639579.94,-1
2025-11-12,2025-11-12 14:00:00,415.0,415.0,412.0,412.0,-0.72,3968.6,1639579.94,-1
2025-11-12,2025-11-12 15:00:00,412.0,424.0,409.0,412.0,0.0,3968.6,1639579.94,0
2025-11-13,2025-11-13 11:00:00,410.0,413.95,408.0,409.75,-0.06,1551.4,637175.0,-1
2025-11-13,2025-11-13 12:00:00,409.75,409.75,409.5,409.5,-0.06,1551.4,637175.0,-1
2025-11-13,2025-11-13 13:00:00,409.5,409.5,409.25,409.25,-0.06,1551.4,637175.0,-1
2025-11-13,2025-11-13 14:00:00,409.25,409.25,409.0,409.0,-0.06,1551.4,637175.0,-1
2025-11-13,2025-11-13 15:00:00,409.0,417.9,406.0,409.0,0.0,1551.4,637175.0,0
2025-11-16,2025-11-16 11:00:00,405.0,407.5,405.0,405.25,0.06,2921.8,1186740.36,1
2025-11-16,2025-11-16 12:00:00,405.25,405.5,405.25,405.5,0.06,2921.8,1186740.36,1
2025-11-16,2025-11-16 13:00:00,405.5,405.75,405.5,405.75,0.06,2921.8,1186740.36,1
2025-11-16,2025-11-16 14:00:00,405.75,406.0,405.75,406.0,0.06,2921.8,1186740.36,1
2025-11-16,2025-11-16 15:00:00,406.0,410.0,405.0,406.0,0.0,2921.8,1186740.36,0
2025-11-17,2025-11-17 11:00:00,409.0,411.0,407.0,408.5,-0.12,1154.8,470242.64,-1
2025-11-17,2025-11-17 12:00:00,408.5,408.5,408.0,408.0,-0.12,1154.8,470242.64,-1
2025-11-17,2025-11-17 13:00:00,408.0,408.0,407.5,407.5,-0.12,1154.8,470242.64,-1
2025-11-17,2025-11-17 14:00:00,407.5,407.5,407.0,407.0,-0.12,1154.8,470242.64,-1
2025-11-17,2025-11-17 15:00:00,407.0,413.0,405.0,407.0,0.0,1154.8,470242.64,0
2025-11-18,2025-11-18 11:00:00,413.9,413.9,410.45,412.92,-0.24,1550.4,635298.26,-1
2025-11-18,2025-11-18 12:00:00,412.92,412.92,411.95,411.95,-0.23,1550.4,635298.26,-1
2025-11-18,2025-11-18 13:00:00,411.95,411.95,410.98,410.98,-0.24,1550.4,635298.26,-1
2025-11-18,2025-11-18 14:00:00,410.98,410.98,410.0,410.0,-0.24,1550.4,635298.26,-1
2025-11-18,2025-11-18 15:00:00,410.0,413.9,407.0,410.0,0.0,1550.4,635298.26,0
2025-11-19,2025-11-19 11:00:00,410.0,411.8,408.25,409.25,-0.18,642.2,262223.6,-1
2025-11-19,2025-11-19 12:00:00,409.25,409.25,408.5,408.5,-0.18,642.2,262223.6,-1
2025-11-19,2025-11-19 13:00:00,408.5,408.5,407.75,407.75,-0.18,642.2,262223.6,-1
2025-11-19,2025-11-19 14:00:00,407.75,407.75,407.0,407.0,-0.18,642.2,262223.6,-1
2025-11-19,2025-11-19 15:00:00,407.0,413.6,406.5,407.0,0.0,642.2,262223.6,0
2025-11-20,2025-11-20 11:00:00,410.0,410.0,406.7,408.75,-0.3,1243.6,505565.02,-1
2025-11-20,2025-11-20 12:00:00,408.75,408.75,407.5,407.5,-0.31,1243.6,505565.02,-1
2025-11-20,2025-11-20 13:00:00,407.5,407.5,406.25,406.25,-0.31,1243.6,505565.02,-1
2025-11-20,2025-11-20 14:00:00,406.25,406.25,405.0,405.0,-0.31,1243.6,505565.02,-1
2025-11-20,2025-11-20 15:00:00,405.0,410.0,403.4,405.0,0.0,1243.6,505565.02,0
2025-11-23,2025-11-23 11:00:00,409.0,417.0,408.0,410.88,0.46,3170.0,1315369.28,1
2025-11-23,2025-11-23 12:00:00,410.88,412.75,410.88,412.75,0.46,3170.0,1315369.28,1
2025-11-23,2025-11-23 13:00:00,412.75,414.62,412.75,414.62,0.45,3170.0,1315369.28,1
2025-11-23,2025-11-23 14:00:00,414.62,416.5,414.62,416.5,0.45,3170.0,1315369.28,1
2025-11-23,2025-11-23 15:00:00,416.5,425.0,407.0,416.5,0.0,3170.0,1315369.28,0
2025-11-24,2025-11-24 11:00:00,423.0,431.5,422.55,425.25,0.53,5025.0,2161636.3,1
2025-11-24,2025-11-24 12:00:00,425.25,427.5,425.25,427.5,0.53,5025.0,2161636.3,1
2025-11-24,2025-11-24 13:00:00,427.5,429.75,427.5,429.75,0.53,5025.0,2161636.3,1
2025-11-24,2025-11-24 14:00:00,429.75,432.0,429.75,432.0,0.52,5025.0,2161636.3,1
2025-11-24,2025-11-24 15:00:00,432.0,440.0,422.1,432.0,0.0,5025.0,2161636.3,0
2025-11-25,2025-11-25 11:00:00,430.1,432.2,426.75,430.08,-0.0,4050.6,1735119.3,-1
2025-11-25,2025-11-25 12:00:00,430.08,430.08,430.05,430.05,-0.01,4050.6,1735119.3,-1
2025-11-25,2025-11-25 13:00:00,430.05,430.05,430.02,430.02,-0.01,4050.6,1735119.3,-1
2025-11-25,2025-11-25 14:00:00,430.02,430.02,430.0,430.0,-0.0,4050.6,1735119.3,-1
2025-11-25,2025-11-25 15:00:00,430.0,434.3,423.4,430.0,0.0,4050.6,1735119.3,0
2025-11-26,2025-11-26 11:00:00,429.0,431.35,428.0,429.23,0.05,2975.0,1275944.84,1
2025-11-26,2025-11-26 12:00:00,429.23,429.45,429.23,429.45,0.05,2975.0,1275944.84,1
2025-11-26,2025-11-26 13:00:00,429.45,429.67,429.45,429.67,0.05,2975.0,1275944.84,1
2025-11-26,2025-11-26 14:00:00,429.67,429.9,429.67,429.9,0.05,2975.0,1275944.84,1
2025-11-26,2025-11-26 15:00:00,429.9,433.7,427.0,429.9,0.0,2975.0,1275944.84,0
2025-11-27,2025-11-27 11:00:00,428.7,430.35,426.4,428.52,-0.04,2176.0,932648.22,-1
2025-11-27,2025-11-27 12:00:00,428.52,428.52,428.35,428.35,-0.04,2176.0,932648.22,-1
2025-11-27,2025-11-27 13:00:00,428.35,428.35,428.18,428.18,-0.04,2176.0,932648.22,-1
2025-11-27,2025-11-27 14:00:00,428.18,428.18,428.0,428.0,-0.04,2176.0,932648.22,-1
2025-11-27,2025-11-27 15:00:00,428.0,432.0,424.1,428.0,0.0,2176.0,932648.22,0
2025-11-30,2025-11-30 11:00:00,429.1,439.55,429.1,429.4,0.07,7919.8,3474813.38,1
2025-11-30,2025-11-30 12:00:00,429.4,429.7,429.4,429.7,0.07,7919.8,3474813.38,1
2025-11-30,2025-11-30 13:00:00,429.7,430.0,429.7,430.0,0.07,7919.8,3474813.38,1
2025-11-30,2025-11-30 14:00:00,430.0,430.3,430.0,430.3,0.07,7919.8,3474813.38,1
2025-11-30,2025-11-30 15:00:00,430.3,450.0,429.1,430.3,0.0,7919.8,3474813.38,0
2025-12-01,2025-12-01 11:00:00,433.0,433.0,428.0,431.25,-0.4,3935.0,1680663.84,-1
2025-12-01,2025-12-01 12:00:00,431.25,431.25,429.5,429.5,-0.41,3935.0,1680663.84,-1
2025-12-01,2025-12-01 13:00:00,429.5,429.5,427.75,427.75,-0.41,3935.0,1680663.84,-1
2025-12-01,2025-12-01 14:00:00,427.75,427.75,426.0,426.0,-0.41,3935.0,1680663.84,-1
2025-12-01,2025-12-01 15:00:00,426.0,433.0,423.0,426.0,0.0,3935.0,1680663.84,0
2025-12-02,2025-12-02 11:00:00,422.4,427.6,422.4,423.3,0.21,1730.2,742245.06,1
2025-12-02,2025-12-02 12:00:00,423.3,424.2,423.3,424.2,0.21,1730.2,742245.06,1
2025-12-02,2025-12-02 13:00:00,424.2,425.1,424.2,425.1,0.21,1730.2,742245.06,1
2025-12-02,2025-12-02 14:00:00,425.1,426.0,425.1,426.0,0.21,1730.2,742245.06,1
2025-12-02,2025-12-02 15:00:00,426.0,432.8,422.4,426.0,0.0,1730.2,742245.06,0
2025-12-03,2025-12-03 11:00:00,427.0,427.5,422.35,426.25,-0.18,6025.2,2534580.82,-1
2025-12-03,2025-12-03 12:00:00,426.25,426.25,425.5,425.5,-0.18,6025.2,2534580.82,-1
2025-12-03,2025-12-03 13:00:00,425.5,425.5,424.75,424.75,-0.18,6025.2,2534580.82,-1
2025-12-03,2025-12-03 14:00:00,424.75,424.75,424.0,424.0,-0.18,6025.2,2534580.82,-1
2025-12-03,2025-12-03 15:00:00,424.0,428.0,417.7,424.0,0.0,6025.2,2534580.82,0
2025-12-07,2025-12-07 11:00:00,421.0,421.5,418.55,419.82,-0.28,1286.0,537765.48,-1
2025-12-07,2025-12-07 12:00:00,419.82,419.82,418.65,418.65,-0.28,1286.0,537765.48,-1
2025-12-07,2025-12-07 13:00:00,418.65,418.65,417.48,417.48,-0.28,1286.0,537765.48,-1
2025-12-07,2025-12-07 14:00:00,417.48,417.48,416.3,416.3,-0.28,1286.0,537765.48,-1
2025-12-07,2025-12-07 15:00:00,416.3,422.0,416.1,416.3,0.0,1286.0,537765.48,0
2025-12-08,2025-12-08 11:00:00,414.0,418.4,413.05,415.95,0.47,3109.0,1304189.02,1
2025-12-08,2025-12-08 12:00:00,415.95,417.9,415.95,417.9,0.47,3109.0,1304189.02,1
2025-12-08,2025-12-08 13:00:00,417.9,419.85,417.9,419.85,0.47,3109.0,1304189.02,1
2025-12-08,2025-12-08 14:00:00,419.85,421.8,419.85,421.8,0.46,3109.0,1304189.02,1
2025-12-08,2025-12-08 15:00:00,421.8,422.8,412.1,421.8,0.0,3109.0,1304189.02,0
2025-12-09,2025-12-09 11:00:00,424.9,424.9,420.85,424.15,-0.18,1729.0,726072.84,-1
2025-12-09,2025-12-09 12:00:00,424.15,424.15,423.4,423.4,-0.18,1729.0,726072.84,-1
2025-12-09,2025-12-09 13:00:00,423.4,423.4,422.65,422.65,-0.18,1729.0,726072.84,-1
2025-12-09,2025-12-09 14:00:00,422.65,422.65,421.9,421.9,-0.18,1729.0,726072.84,-1
2025-12-09,2025-12-09 15:00:00,421.9,424.9,416.8,421.9,0.0,1729.0,726072.84,0
2025-12-10,2025-12-10 11:00:00,420.0,424.0,418.5,419.25,-0.18,1750.6,734303.04,-1
2025-12-10,2025-12-10 12:00:00,419.25,419.25,418.5,418.5,-0.18,1750.6,734303.04,-1
2025-12-10,2025-12-10 13:00:00,418.5,418.5,417.75,417.75,-0.18,1750.6,734303.04,-1
2025-12-10,2025-12-10 14:00:00,417.75,417.75,417.0,417.0,-0.18,1750.6,734303.04,-1
2025-12-10,2025-12-10 15:00:00,417.0,428.0,417.0,417.0,0.0,1750.6,734303.04,0
2025-12-11,2025-12-11 11:00:00,415.0,417.75,415.0,416.38,0.33,1559.6,651839.72,1
2025-12-11,2025-12-11 12:00:00,416.38,417.75,416.38,417.75,0.33,1559.6,651839.72,1
2025-12-11,2025-12-11 13:00:00,417.75,419.12,417.75,419.12,0.33,1559.6,651839.72,1
2025-12-11,2025-12-11 14:00:00,419.12,420.5,419.12,420.5,0.33,1559.6,651839.72,1
2025-12-11,2025-12-11 15:00:00,420.5,420.5,415.0,420.5,0.0,1559.6,651839.72,0
2025-12-14,2025-12-14 11:00:00,420.9,421.95,416.95,419.55,-0.32,2686.2,1119774.98,-1
2025-12-14,2025-12-14 12:00:00,419.55,419.55,418.2,418.2,-0.32,2686.2,1119774.98,-1
2025-12-14,2025-12-14 13:00:00,418.2,418.2,416.85,416.85,-0.32,2686.2,1119774.98,-1
2025-12-14,2025-12-14 14:00:00,416.85,416.85,415.5,415.5,-0.32,2686.2,1119774.98,-1
2025-12-14,2025-12-14 15:00:00,415.5,423.0,413.0,415.5,0.0,2686.2,1119774.98,0
2025-12-15,2025-12-15 11:00:00,419.9,421.8,417.45,420.38,0.11,2514.8,1056836.86,1
2025-12-15,2025-12-15 12:00:00,420.38,420.85,420.38,420.85,0.11,2514.8,1056836.86,1
2025-12-15,2025-12-15 13:00:00,420.85,421.32,420.85,421.32,0.11,2514.8,1056836.86,1
2025-12-15,2025-12-15 14:00:00,421.32,421.8,421.32,421.8,0.11,2514.8,1056836.86,1
2025-12-15,2025-12-15 15:00:00,421.8,423.7,415.0,421.8,0.0,2514.8,1056836.86,0
2025-12-16,2025-12-16 11:00:00,421.8,422.4,418.7,421.43,-0.09,839.6,352254.94,-1
2025-12-16,2025-12-16 12:00:00,421.43,421.43,421.05,421.05,-0.09,839.6,352254.94,-1
2025-12-16,2025-12-16 13:00:00,421.05,421.05,420.68,420.68,-0.09,839.6,352254.94,-1
2025-12-16,2025-12-16 14:00:00,420.68,420.68,420.3,420.3,-0.09,839.6,352254.94,-1
2025-12-16,2025-12-16 15:00:00,420.3,423.0,415.6,420.3,0.0,839.6,352254.94,0
2025-12-17,2025-12-17 11:00:00,421.0,422.0,418.5,420.5,-0.12,1773.2,746295.06,-1
2025-12-17,2025-12-17 12:00:00,420.5,420.5,420.0,420.0,-0.12,1773.2,746295.06,-1
2025-12-17,2025-12-17 13:00:00,420.0,420.0,419.5,419.5,-0.12,1773.2,746295.06,-1
2025-12-17,2025-12-17 14:00:00,419.5,419.5,419.0,419.0,-0.12,1773.2,746295.06,-1
2025-12-17,2025-12-17 15:00:00,419.0,423.0,416.0,419.0,0.0,1773.2,746295.06,0
2025-12-18,2025-12-18 11:00:00,415.2,417.1,415.1,415.4,0.05,2088.2,867720.96,1
2025-12-18,2025-12-18 12:00:00,415.4,415.6,415.4,415.6,0.05,2088.2,867720.96,1
2025-12-18,2025-12-18 13:00:00,415.6,415.8,415.6,415.8,0.05,2088.2,867720.96,1
2025-12-18,2025-12-18 14:00:00,415.8,416.0,415.8,416.0,0.05,2088.2,867720.96,1
2025-12-18,2025-12-18 15:00:00,416.0,419.0,415.0,416.0,0.0,2088.2,867720.96,0
2025-12-21,2025-12-21 11:00:00,413.2,414.05,410.85,412.62,-0.14,1775.8,729667.7,-1
2025-12-21,2025-12-21 12:00:00,412.62,412.62,412.05,412.05,-0.14,1775.8,729667.7,-1
2025-12-21,2025-12-21 13:00:00,412.05,412.05,411.47,411.47,-0.14,1775.8,729667.7,-1
2025-12-21,2025-12-21 14:00:00,411.47,411.47,410.9,410.9,-0.14,1775.8,729667.7,-1
2025-12-21,2025-12-21 15:00:00,410.9,414.9,408.5,410.9,0.0,1775.8,729667.7,0
2025-12-22,2025-12-22 11:00:00,411.0,415.0,409.75,413.0,0.49,2624.4,1083036.76,1
2025-12-22,2025-12-22 12:00:00,413.0,415.0,413.0,415.0,0.48,2624.4,1083036.76,1
2025-12-22,2025-12-22 13:00:00,415.0,417.0,415.0,417.0,0.48,2624.4,1083036.76,1
2025-12-22,2025-12-22 14:00:00,417.0,419.0,417.0,419.0,0.48,2624.4,1083036.76,1
2025-12-22,2025-12-22 15:00:00,419.0,419.0,408.5,419.0,0.0,2624.4,1083036.76,0
2025-12-23,2025-12-23 11:00:00,414.2,414.6,412.1,413.77,-0.1,1541.0,633898.4,-1
2025-12-23,2025-12-23 12:00:00,413.77,413.77,413.35,413.35,-0.1,1541.0,633898.4,-1
2025-12-23,2025-12-23 13:00:00,413.35,413.35,412.93,412.93,-0.1,1541.0,633898.4,-1
2025-12-23,2025-12-23 14:00:00,412.93,412.93,412.5,412.5,-0.1,1541.0,633898.4,-1
2025-12-23,2025-12-23 15:00:00,412.5,415.0,410.0,412.5,0.0,1541.0,633898.4,0
2025-12-24,2025-12-24 11:00:00,416.8,416.8,413.4,416.1,-0.17,1632.6,673578.58,-1
2025-12-24,2025-12-24 12:00:00,416.1,416.1,415.4,415.4,-0.17,1632.6,673578.58,-1
2025-12-24,2025-12-24 13:00:00,415.4,415.4,414.7,414.7,-0.17,1632.6,673578.58,-1
2025-12-24,2025-12-24 14:00:00,414.7,414.7,414.0,414.0,-0.17,1632.6,673578.58,-1
2025-12-24,2025-12-24 15:00:00,414.0,416.8,410.0,414.0,0.0,1632.6,673578.58,0
2025-12-28,2025-12-28 11:00:00,415.0,419.0,415.0,416.98,0.48,1516.6,635464.02,1
2025-12-28,2025-12-28 12:00:00,416.98,418.95,416.98,418.95,0.47,1516.6,635464.02,1
2025-12-28,2025-12-28 13:00:00,418.95,420.92,418.95,420.92,0.47,1516.6,635464.02,1
2025-12-28,2025-12-28 14:00:00,420.92,422.9,420.92,422.9,0.47,1516.6,635464.02,1
2025-12-28,2025-12-28 15:00:00,422.9,423.0,415.0,422.9,0.0,1516.6,635464.02,0
2025-12-29,2025-12-29 11:00:00,429.5,429.5,423.25,426.5,-0.7,3753.2,1579348.94,-1
2025-12-29,2025-12-29 12:00:00,426.5,426.5,423.5,423.5,-0.7,3753.2,1579348.94,-1
2025-12-29,2025-12-29 13:00:00,423.5,423.5,420.5,420.5,-0.71,3753.2,1579348.94,-1
2025-12-29,2025-12-29 14:00:00,420.5,420.5,417.5,417.5,-0.71,3753.2,1579348.94,-1
2025-12-29,2025-12-29 15:00:00,417.5,429.5,417.0,417.5,0.0,3753.2,1579348.94,0
2025-12-31,2025-12-31 11:00:00,422.5,423.1,419.25,421.62,-0.21,1491.8,627060.4,-1
2025-12-31,2025-12-31 12:00:00,421.62,421.62,420.75,420.75,-0.21,1491.8,627060.4,-1
2025-12-31,2025-12-31 13:00:00,420.75,420.75,419.88,419.88,-0.21,1491.8,627060.4,-1
2025-12-31,2025-12-31 14:00:00,419.88,419.88,419.0,419.0,-0.21,1491.8,627060.4,-1
2025-12-31,2025-12-31 15:00:00,419.0,423.7,416.0,419.0,0.0,1491.8,627060.4,0
2026-01-01,2026-01-01 11:00:00,415.0,417.5,415.0,415.0,0.0,1731.0,721614.6,0
2026-01-01,2026-01-01 12:00:00,415.0,415.0,415.0,415.0,0.0,1731.0,721614.6,0
2026-01-01,2026-01-01 13:00:00,415.0,415.0,415.0,415.0,0.0,1731.0,721614.6,0
2026-01-01,2026-01-01 14:00:00,415.0,415.0,415.0,415.0,0.0,1731.0,721614.6,0
2026-01-01,2026-01-01 15:00:00,415.0,420.0,415.0,415.0,0.0,1731.0,721614.6,0
2026-01-04,2026-01-04 11:00:00,415.0,417.45,414.3,414.75,-0.06,1964.6,816231.42,-1
2026-01-04,2026-01-04 12:00:00,414.75,414.75,414.5,414.5,-0.06,1964.6,816231.42,-1
2026-01-04,2026-01-04 13:00:00,414.5,414.5,414.25,414.25,-0.06,1964.6,816231.42,-1
2026-01-04,2026-01-04 14:00:00,414.25,414.25,414.0,414.0,-0.06,1964.6,816231.42,-1
2026-01-04,2026-01-04 15:00:00,414.0,419.9,413.6,414.0,0.0,1964.6,816231.42,0
2026-01-05,2026-01-05 11:00:00,413.5,416.25,413.25,414.45,0.23,2356.6,977845.94,1
2026-01-05,2026-01-05 12:00:00,414.45,415.4,414.45,415.4,0.23,2356.6,977845.94,1
2026-01-05,2026-01-05 13:00:00,415.4,416.35,415.4,416.35,0.23,2356.6,977845.94,1
2026-01-05,2026-01-05 14:00:00,416.35,417.3,416.35,417.3,0.23,2356.6,977845.94,1
2026-01-05,2026-01-05 15:00:00,417.3,419.0,413.0,417.3,0.0,2356.6,977845.94,0
2026-01-06,2026-01-06 11:00:00,420.0,421.4,419.25,419.75,-0.06,1395.6,586634.08,-1
2026-01-06,2026-01-06 12:00:00,419.75,419.75,419.5,419.5,-0.06,1395.6,586634.08,-1
2026-01-06,2026-01-06 13:00:00,419.5,419.5,419.25,419.25,-0.06,1395.6,586634.08,-1
2026-01-06,2026-01-06 14:00:00,419.25,419.25,419.0,419.0,-0.06,1395.6,586634.08,-1
2026-01-06,2026-01-06 15:00:00,419.0,422.8,418.5,419.0,0.0,1395.6,586634.08,0
2026-01-07,2026-01-07 11:00:00,421.9,423.2,419.05,420.47,-0.34,2055.0,866387.0,-1
2026-01-07,2026-01-07 12:00:00,420.47,420.47,419.05,419.05,-0.34,2055.0,866387.0,-1
2026-01-07,2026-01-07 13:00:00,419.05,419.05,417.62,417.62,-0.34,2055.0,866387.0,-1
2026-01-07,2026-01-07 14:00:00,417.62,417.62,416.2,416.2,-0.34,2055.0,866387.0,-1
2026-01-07,2026-01-07 15:00:00,416.2,424.5,416.2,416.2,0.0,2055.0,866387.0,0
2026-01-08,2026-01-08 11:00:00,417.0,419.5,416.5,417.75,0.18,1427.0,595260.3,1
2026-01-08,2026-01-08 12:00:00,417.75,418.5,417.75,418.5,0.18,1427.0,595260.3,1
2026-01-08,2026-01-08 13:00:00,418.5,419.25,418.5,419.25,0.18,1427.0,595260.3,1
2026-01-08,2026-01-08 14:00:00,419.25,420.0,419.25,420.0,0.18,1427.0,595260.3,1
2026-01-08,2026-01-08 15:00:00,420.0,422.0,416.0,420.0,0.0,1427.0,595260.3,0
2026-01-12,2026-01-12 11:00:00,423.0,423.0,420.05,422.23,-0.18,1930.6,808384.76,-1
2026-01-12,2026-01-12 12:00:00,422.23,422.23,421.45,421.45,-0.18,1930.6,808384.76,-1
2026-01-12,2026-01-12 13:00:00,421.45,421.45,420.67,420.67,-0.19,1930.6,808384.76,-1
2026-01-12,2026-01-12 14:00:00,420.67,420.67,419.9,419.9,-0.18,1930.6,808384.76,-1
2026-01-12,2026-01-12 15:00:00,419.9,423.0,417.1,419.9,0.0,1930.6,808384.76,0
2026-01-13,2026-01-13 11:00:00,416.0,419.0,415.55,416.75,0.18,2108.4,882836.28,1
2026-01-13,2026-01-13 12:00:00,416.75,417.5,416.75,417.5,0.18,2108.4,882836.28,1
2026-01-13,2026-01-13 13:00:00,417.5,418.25,417.5,418.25,0.18,2108.4,882836.28,1
2026-01-13,2026-01-13 14:00:00,418.25,419.0,418.25,419.0,0.18,2108.4,882836.28,1
2026-01-13,2026-01-13 15:00:00,419.0,422.0,415.1,419.0,0.0,2108.4,882836.28,0
2026-01-14,2026-01-14 11:00:00,423.0,423.0,419.5,422.48,-0.12,2094.0,875539.58,-1
2026-01-14,2026-01-14 12:00:00,422.48,422.48,421.95,421.95,-0.13,2094.0,875539.58,-1
2026-01-14,2026-01-14 13:00:00,421.95,421.95,421.42,421.42,-0.13,2094.0,875539.58,-1
2026-01-14,2026-01-14 14:00:00,421.42,421.42,420.9,420.9,-0.12,2094.0,875539.58,-1
2026-01-14,2026-01-14 15:00:00,420.9,423.0,416.0,420.9,0.0,2094.0,875539.58,0
2026-01-18,2026-01-18 11:00:00,425.0,425.0,422.5,423.75,-0.29,3009.6,1269806.12,-1
2026-01-18,2026-01-18 12:00:00,423.75,423.75,422.5,422.5,-0.29,3009.6,1269806.12,-1
2026-01-18,2026-01-18 13:00:00,422.5,422.5,421.25,421.25,-0.3,3009.6,1269806.12,-1
2026-01-18,2026-01-18 14:00:00,421.25,421.25,420.0,420.0,-0.3,3009.6,1269806.12,-1
2026-01-18,2026-01-18 15:00:00,420.0,425.0,420.0,420.0,0.0,3009.6,1269806.12,0
2026-01-20,2026-01-20 11:00:00,427.0,433.5,425.25,429.25,0.53,6178.8,2683126.0,1
2026-01-20,2026-01-20 12:00:00,429.25,431.5,429.25,431.5,0.52,6178.8,2683126.0,1
2026-01-20,2026-01-20 13:00:00,431.5,433.75,431.5,433.75,0.52,6178.8,2683126.0,1
2026-01-20,2026-01-20 14:00:00,433.75,436.0,433.75,436.0,0.52,6178.8,2683126.0,1
2026-01-20,2026-01-20 15:00:00,436.0,440.0,423.5,436.0,0.0,6178.8,2683126.0,0
2026-01-21,2026-01-21 11:00:00,440.7,440.7,434.35,438.02,-0.61,3320.4,1433127.32,-1
2026-01-21,2026-01-21 12:00:00,438.02,438.02,435.35,435.35,-0.61,3320.4,1433127.32,-1
2026-01-21,2026-01-21 13:00:00,435.35,435.35,432.68,432.68,-0.61,3320.4,1433127.32,-1
2026-01-21,2026-01-21 14:00:00,432.68,432.68,430.0,430.0,-0.62,3320.4,1433127.32,-1
2026-01-21,2026-01-21 15:00:00,430.0,440.7,428.0,430.0,0.0,3320.4,1433127.32,0
2026-01-22,2026-01-22 11:00:00,429.0,433.5,428.0,430.75,0.41,4137.4,1793569.04,1
2026-01-22,2026-01-22 12:00:00,430.75,432.5,430.75,432.5,0.41,4137.4,1793569.04,1
2026-01-22,2026-01-22 13:00:00,432.5,434.25,432.5,434.25,0.4,4137.4,1793569.04,1
2026-01-22,2026-01-22 14:00:00,434.25,436.0,434.25,436.0,0.4,4137.4,1793569.04,1
2026-01-22,2026-01-22 15:00:00,436.0,438.0,427.0,436.0,0.0,4137.4,1793569.04,0
2026-01-25,2026-01-25 11:00:00,444.0,449.5,441.1,446.52,0.57,9268.2,4141991.56,1
2026-01-25,2026-01-25 12:00:00,446.52,449.05,446.52,449.05,0.57,9268.2,4141991.56,1
2026-01-25,2026-01-25 13:00:00,449.05,451.58,449.05,451.58,0.56,9268.2,4141991.56,1
2026-01-25,2026-01-25 14:00:00,451.58,454.1,451.58,454.1,0.56,9268.2,4141991.56,1
2026-01-25,2026-01-25 15:00:00,454.1,455.0,438.2,454.1,0.0,9268.2,4141991.56,0
2026-01-26,2026-01-26 11:00:00,454.0,454.0,448.5,451.5,-0.55,7214.4,3229513.52,-1
2026-01-26,2026-01-26 12:00:00,451.5,451.5,449.0,449.0,-0.55,7214.4,3229513.52,-1
2026-01-26,2026-01-26 13:00:00,449.0,449.0,446.5,446.5,-0.56,7214.4,3229513.52,-1
2026-01-26,2026-01-26 14:00:00,446.5,446.5,444.0,444.0,-0.56,7214.4,3229513.52,-1
2026-01-26,2026-01-26 15:00:00,444.0,454.0,443.0,444.0,0.0,7214.4,3229513.52,0
2026-01-27,2026-01-27 11:00:00,440.0,444.5,434.0,439.25,-0.17,7424.4,3266186.4,-1
2026-01-27,2026-01-27 12:00:00,439.25,439.25,438.5,438.5,-0.17,7424.4,3266186.4,-1
2026-01-27,2026-01-27 13:00:00,438.5,438.5,437.75,437.75,-0.17,7424.4,3266186.4,-1
2026-01-27,2026-01-27 14:00:00,437.75,437.75,437.0,437.0,-0.17,7424.4,3266186.4,-1
2026-01-27,2026-01-27 15:00:00,437.0,449.0,428.0,437.0,0.0,7424.4,3266186.4,0
2026-01-28,2026-01-28 11:00:00,432.7,435.85,429.85,433.77,0.25,4938.0,2139114.96,1
2026-01-28,2026-01-28 12:00:00,433.77,434.85,433.77,434.85,0.25,4938.0,2139114.96,1
2026-01-28,2026-01-28 13:00:00,434.85,435.93,434.85,435.93,0.25,4938.0,2139114.96,1
2026-01-28,2026-01-28 14:00:00,435.93,437.0,435.93,437.0,0.25,4938.0,2139114.96,1
2026-01-28,2026-01-28 15:00:00,437.0,439.0,427.0,437.0,0.0,4938.0,2139114.96,0
2026-01-29,2026-01-29 11:00:00,435.2,440.1,433.1,435.1,-0.02,4161.4,1817078.26,-1
2026-01-29,2026-01-29 12:00:00,435.1,435.1,435.0,435.0,-0.02,4161.4,1817078.26,-1
2026-01-29,2026-01-29 13:00:00,435.0,435.0,434.9,434.9,-0.02,4161.4,1817078.26,-1
2026-01-29,2026-01-29 14:00:00,434.9,434.9,434.8,434.8,-0.02,4161.4,1817078.26,-1
2026-01-29,2026-01-29 15:00:00,434.8,445.0,431.0,434.8,0.0,4161.4,1817078.26,0
2026-02-01,2026-02-01 11:00:00,439.0,439.5,433.6,436.75,-0.51,4047.8,1756616.08,-1
2026-02-01,2026-02-01 12:00:00,436.75,436.75,434.5,434.5,-0.52,4047.8,1756616.08,-1
2026-02-01,2026-02-01 13:00:00,434.5,434.5,432.25,432.25,-0.52,4047.8,1756616.08,-1
2026-02-01,2026-02-01 14:00:00,432.25,432.25,430.0,430.0,-0.52,4047.8,1756616.08,-1
2026-02-01,2026-02-01 15:00:00,430.0,440.0,428.2,430.0,0.0,4047.8,1756616.08,0
2026-02-02,2026-02-02 11:00:00,430.1,432.55,427.55,430.08,-0.0,3685.8,1578230.3,-1
2026-02-02,2026-02-02 12:00:00,430.08,430.08,430.05,430.05,-0.01,3685.8,1578230.3,-1
2026-02-02,2026-02-02 13:00:00,430.05,430.05,430.02,430.02,-0.01,3685.8,1578230.3,-1
2026-02-02,2026-02-02 14:00:00,430.02,430.02,430.0,430.0,-0.0,3685.8,1578230.3,-1
2026-02-02,2026-02-02 15:00:00,430.0,435.0,425.0,430.0,0.0,3685.8,1578230.3,0
2026-02-03,2026-02-03 11:00:00,435.0,435.0,430.85,433.5,-0.34,1381.8,592812.06,-1
2026-02-03,2026-02-03 12:00:00,433.5,433.5,432.0,432.0,-0.35,1381.8,592812.06,-1
2026-02-03,2026-02-03 13:00:00,432.0,432.0,430.5,430.5,-0.35,1381.8,592812.06,-1
2026-02-03,2026-02-03 14:00:00,430.5,430.5,429.0,429.0,-0.35,1381.8,592812.06,-1
2026-02-03,2026-02-03 15:00:00,429.0,435.0,426.7,429.0,0.0,1381.8,592812.06,0
2026-02-04,2026-02-04 11:00:00,437.5,437.5,430.3,434.38,-0.71,3077.2,1311479.2,-1
2026-02-04,2026-02-04 12:00:00,434.38,434.38,431.25,431.25,-0.72,3077.2,1311479.2,-1
2026-02-04,2026-02-04 13:00:00,431.25,431.25,428.12,428.12,-0.73,3077.2,1311479.2,-1
2026-02-04,2026-02-04 14:00:00,428.12,428.12,425.0,425.0,-0.73,3077.2,1311479.2,-1
2026-02-04,2026-02-04 15:00:00,425.0,437.5,423.1,425.0,0.0,3077.2,1311479.2,0
2026-02-05,2026-02-05 11:00:00,423.0,431.5,422.0,427.25,1.0,5622.2,2433934.76,1
2026-02-05,2026-02-05 12:00:00,427.25,431.5,427.25,431.5,0.99,5622.2,2433934.76,1
2026-02-05,2026-02-05 13:00:00,431.5,435.75,431.5,435.75,0.98,5622.2,2433934.76,1
2026-02-05,2026-02-05 14:00:00,435.75,440.0,435.75,440.0,0.98,5622.2,2433934.76,1
2026-02-05,2026-02-05 15:00:00,440.0,440.0,421.0,440.0,0.0,5622.2,2433934.76,0
2026-02-08,2026-02-08 11:00:00,448.7,448.7,441.35,446.5,-0.49,5799.6,2555202.4,-1
2026-02-08,2026-02-08 12:00:00,446.5,446.5,444.3,444.3,-0.49,5799.6,2555202.4,-1
2026-02-08,2026-02-08 13:00:00,444.3,444.3,442.1,442.1,-0.5,5799.6,2555202.4,-1
2026-02-08,2026-02-08 14:00:00,442.1,442.1,439.9,439.9,-0.5,5799.6,2555202.4,-1
2026-02-08,2026-02-08 15:00:00,439.9,448.7,434.0,439.9,0.0,5799.6,2555202.4,0
2026-02-09,2026-02-09 11:00:00,437.1,437.1,433.55,435.4,-0.39,3141.2,1357179.3,-1
2026-02-09,2026-02-09 12:00:00,435.4,435.4,433.7,433.7,-0.39,3141.2,1357179.3,-1
2026-02-09,2026-02-09 13:00:00,433.7,433.7,432.0,432.0,-0.39,3141.2,1357179.3,-1
2026-02-09,2026-02-09 14:00:00,432.0,432.0,430.3,430.3,-0.39,3141.2,1357179.3,-1
2026-02-09,2026-02-09 15:00:00,430.3,437.1,430.0,430.3,0.0,3141.2,1357179.3,0
2026-02-10,2026-02-10 11:00:00,431.0,434.0,428.55,430.0,-0.23,1914.2,819513.3,-1
2026-02-10,2026-02-10 12:00:00,430.0,430.0,429.0,429.0,-0.23,1914.2,819513.3,-1
2026-02-10,2026-02-10 13:00:00,429.0,429.0,428.0,428.0,-0.23,1914.2,819513.3,-1
2026-02-10,2026-02-10 14:00:00,428.0,428.0,427.0,427.0,-0.23,1914.2,819513.3,-1
2026-02-10,2026-02-10 15:00:00,427.0,437.0,426.1,427.0,0.0,1914.2,819513.3,0
2026-02-11,2026-02-11 11:00:00,435.5,435.5,431.0,433.52,-0.45,1872.6,801863.62,-1
2026-02-11,2026-02-11 12:00:00,433.52,433.52,431.55,431.55,-0.45,1872.6,801863.62,-1
2026-02-11,2026-02-11 13:00:00,431.55,431.55,429.58,429.58,-0.46,1872.6,801863.62,-1
2026-02-11,2026-02-11 14:00:00,429.58,429.58,427.6,427.6,-0.46,1872.6,801863.62,-1
2026-02-11,2026-02-11 15:00:00,427.6,435.5,426.5,427.6,0.0,1872.6,801863.62,0
2026-02-12,2026-02-12 11:00:00,427.4,428.7,425.4,426.95,-0.11,3502.6,1494414.08,-1
2026-02-12,2026-02-12 12:00:00,426.95,426.95,426.5,426.5,-0.11,3502.6,1494414.08,-1
2026-02-12,2026-02-12 13:00:00,426.5,426.5,426.05,426.05,-0.11,3502.6,1494414.08,-1
2026-02-12,2026-02-12 14:00:00,426.05,426.05,425.6,425.6,-0.11,3502.6,1494414.08,-1
2026-02-12,2026-02-12 15:00:00,425.6,430.0,423.4,425.6,0.0,3502.6,1494414.08,0
2026-02-16,2026-02-16 11:00:00,425.0,427.0,422.5,424.9,-0.02,5218.8,2209874.94,-1
2026-02-16,2026-02-16 12:00:00,424.9,424.9,424.8,424.8,-0.02,5218.8,2209874.94,-1
2026-02-16,2026-02-16 13:00:00,424.8,424.8,424.7,424.7,-0.02,5218.8,2209874.94,-1
2026-02-16,2026-02-16 14:00:00,424.7,424.7,424.6,424.6,-0.02,5218.8,2209874.94,-1
2026-02-16,2026-02-16 15:00:00,424.6,429.0,420.0,424.6,0.0,5218.8,2209874.94,0
2026-02-17,2026-02-17 11:00:00,420.5,423.95,416.35,420.3,-0.05,7802.8,3256224.12,-1
2026-02-17,2026-02-17 12:00:00,420.3,420.3,420.1,420.1,-0.05,7802.8,3256224.12,-1
2026-02-17,2026-02-17 13:00:00,420.1,420.1,419.9,419.9,-0.05,7802.8,3256224.12,-1
2026-02-17,2026-02-17 14:00:00,419.9,419.9,419.7,419.7,-0.05,7802.8,3256224.12,-1
2026-02-17,2026-02-17 15:00:00,419.7,427.4,412.2,419.7,0.0,7802.8,3256224.12,0
2026-02-22,2026-02-22 11:00:00,419.0,419.5,414.5,418.25,-0.18,4361.4,1811810.66,-1
2026-02-22,2026-02-22 12:00:00,418.25,418.25,417.5,417.5,-0.18,4361.4,1811810.66,-1
2026-02-22,2026-02-22 13:00:00,417.5,417.5,416.75,416.75,-0.18,4361.4,1811810.66,-1
2026-02-22,2026-02-22 14:00:00,416.75,416.75,416.0,416.0,-0.18,4361.4,1811810.66,-1
2026-02-22,2026-02-22 15:00:00,416.0,420.0,410.0,416.0,0.0,4361.4,1811810.66,0
2026-02-23,2026-02-23 11:00:00,412.0,416.0,412.0,413.75,0.42,1620.6,677006.8,1
2026-02-23,2026-02-23 12:00:00,413.75,415.5,413.75,415.5,0.42,1620.6,677006.8,1
2026-02-23,2026-02-23 13:00:00,415.5,417.25,415.5,417.25,0.42,1620.6,677006.8,1
2026-02-23,2026-02-23 14:00:00,417.25,419.0,417.25,419.0,0.42,1620.6,677006.8,1
2026-02-23,2026-02-23 15:00:00,419.0,420.0,412.0,419.0,0.0,1620.6,677006.8,0
2026-02-24,2026-02-24 11:00:00,421.9,421.9,418.45,421.17,-0.17,2900.2,1212433.56,-1
2026-02-24,2026-02-24 12:00:00,421.17,421.17,420.45,420.45,-0.17,2900.2,1212433.56,-1
2026-02-24,2026-02-24 13:00:00,420.45,420.45,419.73,419.73,-0.17,2900.2,1212433.56,-1
2026-02-24,2026-02-24 14:00:00,419.73,419.73,419.0,419.0,-0.17,2900.2,1212433.56,-1
2026-02-24,2026-02-24 15:00:00,419.0,421.9,415.0,419.0,0.0,2900.2,1212433.56,0
2026-02-25,2026-02-25 11:00:00,422.0,422.0,418.55,421.5,-0.12,1198.8,502591.24,-1
2026-02-25,2026-02-25 12:00:00,421.5,421.5,421.0,421.0,-0.12,1198.8,502591.24,-1
2026-02-25,2026-02-25 13:00:00,421.0,421.0,420.5,420.5,-0.12,1198.8,502591.24,-1
2026-02-25,2026-02-25 14:00:00,420.5,420.5,420.0,420.0,-0.12,1198.8,502591.24,-1
2026-02-25,2026-02-25 15:00:00,420.0,422.0,415.1,420.0,0.0,1198.8,502591.24,0
2026-02-26,2026-02-26 11:00:00,418.0,424.0,418.0,420.62,0.63,4371.8,1856876.88,1
2026-02-26,2026-02-26 12:00:00,420.62,423.25,420.62,423.25,0.63,4371.8,1856876.88,1
2026-02-26,2026-02-26 13:00:00,423.25,425.88,423.25,425.88,0.62,4371.8,1856876.88,1
2026-02-26,2026-02-26 14:00:00,425.88,428.5,425.88,428.5,0.62,4371.8,1856876.88,1
2026-02-26,2026-02-26 15:00:00,428.5,430.0,418.0,428.5,0.0,4371.8,1856876.88,0
2026-03-01,2026-03-01 11:00:00,422.0,425.0,422.0,423.48,0.35,2931.8,1241726.6,1
2026-03-01,2026-03-01 12:00:00,423.48,424.95,423.48,424.95,0.35,2931.8,1241726.6,1
2026-03-01,2026-03-01 13:00:00,424.95,426.42,424.95,426.42,0.35,2931.8,1241726.6,1
2026-03-01,2026-03-01 14:00:00,426.42,427.9,426.42,427.9,0.35,2931.8,1241726.6,1
2026-03-01,2026-03-01 15:00:00,427.9,428.0,422.0,427.9,0.0,2931.8,1241726.6,0
2026-03-03,2026-03-03 11:00:00,436.4,436.4,432.05,436.02,-0.09,3162.8,1364161.12,-1
2026-03-03,2026-03-03 12:00:00,436.02,436.02,435.65,435.65,-0.08,3162.8,1364161.12,-1
2026-03-03,2026-03-03 13:00:00,435.65,435.65,435.27,435.27,-0.09,3162.8,1364161.12,-1
2026-03-03,2026-03-03 14:00:00,435.27,435.27,434.9,434.9,-0.09,3162.8,1364161.12,-1
2026-03-03,2026-03-03 15:00:00,434.9,436.4,427.7,434.9,0.0,3162.8,1364161.12,0
2026-03-09,2026-03-09 11:00:00,443.5,456.75,443.5,450.12,1.49,86.0,38247.2,1
2026-03-09,2026-03-09 12:00:00,450.12,456.75,450.12,456.75,1.47,86.0,38247.2,1
2026-03-09,2026-03-09 13:00:00,456.75,463.38,456.75,463.38,1.45,86.0,38247.2,1
2026-03-09,2026-03-09 14:00:00,463.38,470.0,463.38,470.0,1.43,86.0,38247.2,1
2026-03-09,2026-03-09 15:00:00,470.0,470.0,443.5,470.0,0.0,86.0,38247.2,0
2026-03-10,2026-03-10 11:00:00,479.0,479.0,464.5,475.0,-0.84,10962.6,5055213.8,-1
2026-03-10,2026-03-10 12:00:00,475.0,475.0,471.0,471.0,-0.84,10962.6,5055213.8,-1
2026-03-10,2026-03-10 13:00:00,471.0,471.0,467.0,467.0,-0.85,10962.6,5055213.8,-1
2026-03-10,2026-03-10 14:00:00,467.0,467.0,463.0,463.0,-0.86,10962.6,5055213.8,-1
2026-03-10,2026-03-10 15:00:00,463.0,479.0,450.0,463.0,0.0,10962.6,5055213.8,0
2026-03-11,2026-03-11 11:00:00,471.0,471.0,461.0,468.25,-0.58,6632.0,3028313.46,-1
2026-03-11,2026-03-11 12:00:00,468.25,468.25,465.5,465.5,-0.59,6632.0,3028313.46,-1
2026-03-11,2026-03-11 13:00:00,465.5,465.5,462.75,462.75,-0.59,6632.0,3028313.46,-1
2026-03-11,2026-03-11 14:00:00,462.75,462.75,460.0,460.0,-0.59,6632.0,3028313.46,-1
2026-03-11,2026-03-11 15:00:00,460.0,471.0,451.0,460.0,0.0,6632.0,3028313.46,0
2026-03-12,2026-03-12 11:00:00,469.2,469.2,457.1,465.68,-0.75,5764.0,2612879.52,-1
2026-03-12,2026-03-12 12:00:00,465.68,465.68,462.15,462.15,-0.76,5764.0,2612879.52,-1
2026-03-12,2026-03-12 13:00:00,462.15,462.15,458.62,458.62,-0.76,5764.0,2612879.52,-1
2026-03-12,2026-03-12 14:00:00,458.62,458.62,455.1,455.1,-0.77,5764.0,2612879.52,-1
2026-03-12,2026-03-12 15:00:00,455.1,469.2,445.0,455.1,0.0,5764.0,2612879.52,0
2026-03-15,2026-03-15 11:00:00,457.0,458.5,453.0,457.0,0.0,4598.4,2098430.42,0
2026-03-15,2026-03-15 12:00:00,457.0,457.0,457.0,457.0,0.0,4598.4,2098430.42,0
2026-03-15,2026-03-15 13:00:00,457.0,457.0,457.0,457.0,0.0,4598.4,2098430.42,0
2026-03-15,2026-03-15 14:00:00,457.0,457.0,457.0,457.0,0.0,4598.4,2098430.42,0
2026-03-15,2026-03-15 15:00:00,457.0,460.0,449.0,457.0,0.0,4598.4,2098430.42,0
2026-03-16,2026-03-16 11:00:00,459.0,459.0,453.5,457.75,-0.27,7002.4,3153653.96,-1
2026-03-16,2026-03-16 12:00:00,457.75,457.75,456.5,456.5,-0.27,7002.4,3153653.96,-1
2026-03-16,2026-03-16 13:00:00,456.5,456.5,455.25,455.25,-0.27,7002.4,3153653.96,-1
2026-03-16,2026-03-16 14:00:00,455.25,455.25,454.0,454.0,-0.27,7002.4,3153653.96,-1
2026-03-16,2026-03-16 15:00:00,454.0,459.0,448.0,454.0,0.0,7002.4,3153653.96,0
2026-03-17,2026-03-17 11:00:00,447.0,454.95,447.0,448.75,0.39,3477.2,1588493.12,1
2026-03-17,2026-03-17 12:00:00,448.75,450.5,448.75,450.5,0.39,3477.2,1588493.12,1
2026-03-17,2026-03-17 13:00:00,450.5,452.25,450.5,452.25,0.39,3477.2,1588493.12,1
2026-03-17,2026-03-17 14:00:00,452.25,454.0,452.25,454.0,0.39,3477.2,1588493.12,1
2026-03-17,2026-03-17 15:00:00,454.0,462.9,447.0,454.0,0.0,3477.2,1588493.12,0
2026-03-19,2026-03-19 11:00:00,453.0,460.6,450.0,455.07,0.46,13124.6,6075488.5,1
2026-03-19,2026-03-19 12:00:00,455.07,457.15,455.07,457.15,0.46,13124.6,6075488.5,1
2026-03-19,2026-03-19 13:00:00,457.15,459.23,457.15,459.23,0.45,13124.6,6075488.5,1
2026-03-19,2026-03-19 14:00:00,459.23,461.3,459.23,461.3,0.45,13124.6,6075488.5,1
2026-03-19,2026-03-19 15:00:00,461.3,468.2,447.0,461.3,0.0,13124.6,6075488.5,0
2026-03-22,2026-03-22 11:00:00,470.0,482.0,470.0,475.75,1.22,18806.8,9103255.94,1
2026-03-22,2026-03-22 12:00:00,475.75,481.5,475.75,481.5,1.21,18806.8,9103255.94,1
2026-03-22,2026-03-22 13:00:00,481.5,487.25,481.5,487.25,1.19,18806.8,9103255.94,1
2026-03-22,2026-03-22 14:00:00,487.25,493.0,487.25,493.0,1.18,18806.8,9103255.94,1
2026-03-22,2026-03-22 15:00:00,493.0,494.0,470.0,493.0,0.0,18806.8,9103255.94,0
2026-03-23,2026-03-23 11:00:00,498.0,498.0,491.5,496.5,-0.3,11148.6,5464388.42,-1
2026-03-23,2026-03-23 12:00:00,496.5,496.5,495.0,495.0,-0.3,11148.6,5464388.42,-1
2026-03-23,2026-03-23 13:00:00,495.0,495.0,493.5,493.5,-0.3,11148.6,5464388.42,-1
2026-03-23,2026-03-23 14:00:00,493.5,493.5,492.0,492.0,-0.3,11148.6,5464388.42,-1
2026-03-23,2026-03-23 15:00:00,492.0,498.0,485.0,492.0,0.0,11148.6,5464388.42,0
2026-03-24,2026-03-24 11:00:00,501.0,501.0,492.95,498.48,-0.5,3912.8,1913907.88,-1
2026-03-24,2026-03-24 12:00:00,498.48,498.48,495.95,495.95,-0.51,3912.8,1913907.88,-1
2026-03-24,2026-03-24 13:00:00,495.95,495.95,493.42,493.42,-0.51,3912.8,1913907.88,-1
2026-03-24,2026-03-24 14:00:00,493.42,493.42,490.9,490.9,-0.51,3912.8,1913907.88,-1
2026-03-24,2026-03-24 15:00:00,490.9,501.0,484.9,490.9,0.0,3912.8,1913907.88,0
2026-03-25,2026-03-25 11:00:00,490.9,490.9,482.95,487.67,-0.66,8533.6,4088680.66,-1
2026-03-25,2026-03-25 12:00:00,487.67,487.67,484.45,484.45,-0.66,8533.6,4088680.66,-1
2026-03-25,2026-03-25 13:00:00,484.45,484.45,481.23,481.23,-0.66,8533.6,4088680.66,-1
2026-03-25,2026-03-25 14:00:00,481.23,481.23,478.0,478.0,-0.67,8533.6,4088680.66,-1
2026-03-25,2026-03-25 15:00:00,478.0,490.9,475.0,478.0,0.0,8533.6,4088680.66,0
2026-03-26,2026-03-26 11:00:00,471.0,481.5,470.5,474.75,0.8,6386.4,3062125.9,1
2026-03-26,2026-03-26 12:00:00,474.75,478.5,474.75,478.5,0.79,6386.4,3062125.9,1
2026-03-26,2026-03-26 13:00:00,478.5,482.25,478.5,482.25,0.78,6386.4,3062125.9,1
2026-03-26,2026-03-26 14:00:00,482.25,486.0,482.25,486.0,0.78,6386.4,3062125.9,1
2026-03-26,2026-03-26 15:00:00,486.0,492.0,470.0,486.0,0.0,6386.4,3062125.9,0
2026-03-29,2026-03-29 11:00:00,486.0,486.0,476.0,482.0,-0.82,5567.2,2632801.42,-1
2026-03-29,2026-03-29 12:00:00,482.0,482.0,478.0,478.0,-0.83,5567.2,2632801.42,-1
2026-03-29,2026-03-29 13:00:00,478.0,478.0,474.0,474.0,-0.84,5567.2,2632801.42,-1
2026-03-29,2026-03-29 14:00:00,474.0,474.0,470.0,470.0,-0.84,5567.2,2632801.42,-1
2026-03-29,2026-03-29 15:00:00,470.0,486.0,466.0,470.0,0.0,5567.2,2632801.42,0
2026-03-30,2026-03-30 11:00:00,461.3,465.65,457.65,460.95,-0.08,5113.6,2352169.08,-1
2026-03-30,2026-03-30 12:00:00,460.95,460.95,460.6,460.6,-0.08,5113.6,2352169.08,-1
2026-03-30,2026-03-30 13:00:00,460.6,460.6,460.25,460.25,-0.08,5113.6,2352169.08,-1
2026-03-30,2026-03-30 14:00:00,460.25,460.25,459.9,459.9,-0.08,5113.6,2352169.08,-1
2026-03-30,2026-03-30 15:00:00,459.9,470.0,454.0,459.9,0.0,5113.6,2352169.08,0
2026-03-31,2026-03-31 11:00:00,465.0,465.0,455.95,463.75,-0.27,5167.6,2341485.64,-1
2026-03-31,2026-03-31 12:00:00,463.75,463.75,462.5,462.5,-0.27,5167.6,2341485.64,-1
2026-03-31,2026-03-31 13:00:00,462.5,462.5,461.25,461.25,-0.27,5167.6,2341485.64,-1
2026-03-31,2026-03-31 14:00:00,461.25,461.25,460.0,460.0,-0.27,5167.6,2341485.64,-1
2026-03-31,2026-03-31 15:00:00,460.0,465.0,446.9,460.0,0.0,5167.6,2341485.64,0
2026-04-01,2026-04-01 11:00:00,451.1,454.45,447.05,450.33,-0.17,6746.4,3016001.84,-1
2026-04-01,2026-04-01 12:00:00,450.33,450.33,449.55,449.55,-0.17,6746.4,3016001.84,-1
2026-04-01,2026-04-01 13:00:00,449.55,449.55,448.77,448.77,-0.17,6746.4,3016001.84,-1
2026-04-01,2026-04-01 14:00:00,448.77,448.77,448.0,448.0,-0.17,6746.4,3016001.84,-1
2026-04-01,2026-04-01 15:00:00,448.0,457.8,443.0,448.0,0.0,6746.4,3016001.84,0
2026-04-02,2026-04-02 11:00:00,441.0,445.45,439.05,442.0,0.23,3556.6,1571024.54,1
2026-04-02,2026-04-02 12:00:00,442.0,443.0,442.0,443.0,0.23,3556.6,1571024.54,1
2026-04-02,2026-04-02 13:00:00,443.0,444.0,443.0,444.0,0.23,3556.6,1571024.54,1
2026-04-02,2026-04-02 14:00:00,444.0,445.0,444.0,445.0,0.23,3556.6,1571024.54,1
2026-04-02,2026-04-02 15:00:00,445.0,449.9,437.1,445.0,0.0,3556.6,1571024.54,0
2026-04-05,2026-04-05 11:00:00,437.0,443.45,429.05,433.02,-0.91,5155.2,2200715.62,-1
2026-04-05,2026-04-05 12:00:00,433.02,433.02,429.05,429.05,-0.92,5155.2,2200715.62,-1
2026-04-05,2026-04-05 13:00:00,429.05,429.05,425.08,425.08,-0.93,5155.2,2200715.62,-1
2026-04-05,2026-04-05 14:00:00,425.08,425.08,421.1,421.1,-0.94,5155.2,2200715.62,-1
2026-04-05,2026-04-05 15:00:00,421.1,449.9,421.1,421.1,0.0,5155.2,2200715.62,0
2026-04-06,2026-04-06 11:00:00,422.0,430.5,422.0,425.25,0.77,3875.8,1669430.6,1
2026-04-06,2026-04-06 12:00:00,425.25,428.5,425.25,428.5,0.76,3875.8,1669430.6,1
2026-04-06,2026-04-06 13:00:00,428.5,431.75,428.5,431.75,0.76,3875.8,1669430.6,1
2026-04-06,2026-04-06 14:00:00,431.75,435.0,431.75,435.0,0.75,3875.8,1669430.6,1
2026-04-06,2026-04-06 15:00:00,435.0,439.0,422.0,435.0,0.0,3875.8,1669430.6,0
2026-04-07,2026-04-07 11:00:00,437.0,442.5,434.5,436.38,-0.14,5302.8,2324289.08,-1
2026-04-07,2026-04-07 12:00:00,436.38,436.38,435.75,435.75,-0.14,5302.8,2324289.08,-1
2026-04-07,2026-04-07 13:00:00,435.75,435.75,435.12,435.12,-0.14,5302.8,2324289.08,-1
2026-04-07,2026-04-07 14:00:00,435.12,435.12,434.5,434.5,-0.14,5302.8,2324289.08,-1
2026-04-07,2026-04-07 15:00:00,434.5,448.0,432.0,434.5,0.0,5302.8,2324289.08,0
2026-04-08,2026-04-08 11:00:00,443.0,444.0,439.05,441.85,-0.26,5858.2,2588268.56,-1
2026-04-08,2026-04-08 12:00:00,441.85,441.85,440.7,440.7,-0.26,5858.2,2588268.56,-1
2026-04-08,2026-04-08 13:00:00,440.7,440.7,439.55,439.55,-0.26,5858.2,2588268.56,-1
2026-04-08,2026-04-08 14:00:00,439.55,439.55,438.4,438.4,-0.26,5858.2,2588268.56,-1
2026-04-08,2026-04-08 15:00:00,438.4,445.0,435.1,438.4,0.0,5858.2,2588268.56,0
2026-04-09,2026-04-09 11:00:00,440.0,447.5,438.0,443.25,0.74,5885.2,2640396.96,1
2026-04-09,2026-04-09 12:00:00,443.25,446.5,443.25,446.5,0.73,5885.2,2640396.96,1
2026-04-09,2026-04-09 13:00:00,446.5,449.75,446.5,449.75,0.73,5885.2,2640396.96,1
2026-04-09,2026-04-09 14:00:00,449.75,453.0,449.75,453.0,0.72,5885.2,2640396.96,1
2026-04-09,2026-04-09 15:00:00,453.0,455.0,436.0,453.0,0.0,5885.2,2640396.96,0
2026-04-10,2026-04-10 11:00:00,446.0,448.5,441.5,446.95,0.21,5739.4,2555638.12,1
2026-04-10,2026-04-10 12:00:00,446.95,447.9,446.95,447.9,0.21,5739.4,2555638.12,1
2026-04-10,2026-04-10 13:00:00,447.9,448.85,447.9,448.85,0.21,5739.4,2555638.12,1
2026-04-10,2026-04-10 14:00:00,448.85,449.8,448.85,449.8,0.21,5739.4,2555638.12,1
2026-04-10,2026-04-10 15:00:00,449.8,451.0,437.0,449.8,0.0,5739.4,2555638.12,0
2026-04-13,2026-04-13 11:00:00,450.0,450.0,445.0,448.25,-0.39,1338.6,592226.22,-1
2026-04-13,2026-04-13 12:00:00,448.25,448.25,446.5,446.5,-0.39,1338.6,592226.22,-1
2026-04-13,2026-04-13 13:00:00,446.5,446.5,444.75,444.75,-0.39,1338.6,592226.22,-1
2026-04-13,2026-04-13 14:00:00,444.75,444.75,443.0,443.0,-0.39,1338.6,592226.22,-1
2026-04-13,2026-04-13 15:00:00,443.0,450.0,440.0,443.0,0.0,1338.6,592226.22,0
2026-04-15,2026-04-15 11:00:00,445.0,450.5,445.0,446.0,0.22,4531.2,2049609.56,1
2026-04-15,2026-04-15 12:00:00,446.0,447.0,446.0,447.0,0.22,4531.2,2049609.56,1
2026-04-15,2026-04-15 13:00:00,447.0,448.0,447.0,448.0,0.22,4531.2,2049609.56,1
2026-04-15,2026-04-15 14:00:00,448.0,449.0,448.0,449.0,0.22,4531.2,2049609.56,1
2026-04-15,2026-04-15 15:00:00,449.0,456.0,445.0,449.0,0.0,4531.2,2049609.56,0
2026-04-16,2026-04-16 11:00:00,453.5,453.5,446.8,450.65,-0.63,5225.6,2319138.0,-1
2026-04-16,2026-04-16 12:00:00,450.65,450.65,447.8,447.8,-0.63,5225.6,2319138.0,-1
2026-04-16,2026-04-16 13:00:00,447.8,447.8,444.95,444.95,-0.64,5225.6,2319138.0,-1
2026-04-16,2026-04-16 14:00:00,444.95,444.95,442.1,442.1,-0.64,5225.6,2319138.0,-1
2026-04-16,2026-04-16 15:00:00,442.1,453.5,440.1,442.1,0.0,5225.6,2319138.0,0
2026-04-17,2026-04-17 11:00:00,437.0,441.35,436.6,437.75,0.17,1639.4,719119.5,1
2026-04-17,2026-04-17 12:00:00,437.75,438.5,437.75,438.5,0.17,1639.4,719119.5,1
2026-04-17,2026-04-17 13:00:00,438.5,439.25,438.5,439.25,0.17,1639.4,719119.5,1
2026-04-17,2026-04-17 14:00:00,439.25,440.0,439.25,440.0,0.17,1639.4,719119.5,1
2026-04-17,2026-04-17 15:00:00,440.0,445.7,436.2,440.0,0.0,1639.4,719119.5,0
2026-04-20,2026-04-20 11:00:00,450.0,450.0,444.1,449.45,-0.12,1408.2,622819.92,-1
2026-04-20,2026-04-20 12:00:00,449.45,449.45,448.9,448.9,-0.12,1408.2,622819.92,-1
2026-04-20,2026-04-20 13:00:00,448.9,448.9,448.35,448.35,-0.12,1408.2,622819.92,-1
2026-04-20,2026-04-20 14:00:00,448.35,448.35,447.8,447.8,-0.12,1408.2,622819.92,-1
2026-04-20,2026-04-20 15:00:00,447.8,450.0,438.2,447.8,0.0,1408.2,622819.92,0
2026-04-21,2026-04-21 11:00:00,439.1,444.55,439.05,439.6,0.11,2741.2,1221365.86,1
2026-04-21,2026-04-21 12:00:00,439.6,440.1,439.6,440.1,0.11,2741.2,1221365.86,1
2026-04-21,2026-04-21 13:00:00,440.1,440.6,440.1,440.6,0.11,2741.2,1221365.86,1
2026-04-21,2026-04-21 14:00:00,440.6,441.1,440.6,441.1,0.11,2741.2,1221365.86,1
2026-04-21,2026-04-21 15:00:00,441.1,450.0,439.0,441.1,0.0,2741.2,1221365.86,0
2026-04-22,2026-04-22 11:00:00,441.1,443.05,437.1,441.33,0.05,7363.6,3225797.88,1
2026-04-22,2026-04-22 12:00:00,441.33,441.55,441.33,441.55,0.05,7363.6,3225797.88,1
2026-04-22,2026-04-22 13:00:00,441.55,441.77,441.55,441.77,0.05,7363.6,3225797.88,1
2026-04-22,2026-04-22 14:00:00,441.77,442.0,441.77,442.0,0.05,7363.6,3225797.88,1
2026-04-22,2026-04-22 15:00:00,442.0,445.0,433.1,442.0,0.0,7363.6,3225797.88,0
2026-04-23,2026-04-23 11:00:00,449.9,449.9,441.45,446.17,-0.83,2390.8,1044026.24,-1
2026-04-23,2026-04-23 12:00:00,446.17,446.17,442.45,442.45,-0.83,2390.8,1044026.24,-1
2026-04-23,2026-04-23 13:00:00,442.45,442.45,438.73,438.73,-0.84,2390.8,1044026.24,-1
2026-04-23,2026-04-23 14:00:00,438.73,438.73,435.0,435.0,-0.85,2390.8,1044026.24,-1
2026-04-23,2026-04-23 15:00:00,435.0,449.9,433.0,435.0,0.0,2390.8,1044026.24,0
2026-04-24,2026-04-24 11:00:00,430.0,431.0,426.25,430.0,0.0,4994.0,2133945.48,0
2026-04-24,2026-04-24 12:00:00,430.0,430.0,430.0,430.0,0.0,4994.0,2133945.48,0
2026-04-24,2026-04-24 13:00:00,430.0,430.0,430.0,430.0,0.0,4994.0,2133945.48,0
2026-04-24,2026-04-24 14:00:00,430.0,430.0,430.0,430.0,0.0,4994.0,2133945.48,0
2026-04-24,2026-04-24 15:00:00,430.0,432.0,422.5,430.0,0.0,4994.0,2133945.48,0
2026-04-27,2026-04-27 11:00:00,430.0,433.75,427.55,431.0,0.23,681.2,293642.18,1
2026-04-27,2026-04-27 12:00:00,431.0,432.0,431.0,432.0,0.23,681.2,293642.18,1
2026-04-27,2026-04-27 13:00:00,432.0,433.0,432.0,433.0,0.23,681.2,293642.18,1
2026-04-27,2026-04-27 14:00:00,433.0,434.0,433.0,434.0,0.23,681.2,293642.18,1
2026-04-27,2026-04-27 15:00:00,434.0,437.5,425.1,434.0,0.0,681.2,293642.18,0
2026-04-28,2026-04-28 11:00:00,434.0,437.15,430.65,433.0,-0.23,1968.8,844986.44,-1
2026-04-28,2026-04-28 12:00:00,433.0,433.0,432.0,432.0,-0.23,1968.8,844986.44,-1
2026-04-28,2026-04-28 13:00:00,432.0,432.0,431.0,431.0,-0.23,1968.8,844986.44,-1
2026-04-28,2026-04-28 14:00:00,431.0,431.0,430.0,430.0,-0.23,1968.8,844986.44,-1
2026-04-28,2026-04-28 15:00:00,430.0,440.3,427.3,430.0,0.0,1968.8,844986.44,0
2026-04-29,2026-04-29 11:00:00,430.0,430.0,427.0,428.5,-0.35,1899.0,808701.7,-1
2026-04-29,2026-04-29 12:00:00,428.5,428.5,427.0,427.0,-0.35,1899.0,808701.7,-1
2026-04-29,2026-04-29 13:00:00,427.0,427.0,425.5,425.5,-0.35,1899.0,808701.7,-1
2026-04-29,2026-04-29 14:00:00,425.5,425.5,424.0,424.0,-0.35,1899.0,808701.7,-1
2026-04-29,2026-04-29 15:00:00,424.0,430.0,424.0,424.0,0.0,1899.0,808701.7,0
2026-04-30,2026-04-30 11:00:00,421.0,425.0,419.5,422.98,0.47,3325.4,1404923.34,1
2026-04-30,2026-04-30 12:00:00,422.98,424.95,422.98,424.95,0.47,3325.4,1404923.34,1
2026-04-30,2026-04-30 13:00:00,424.95,426.92,424.95,426.92,0.46,3325.4,1404923.34,1
2026-04-30,2026-04-30 14:00:00,426.92,428.9,426.92,428.9,0.46,3325.4,1404923.34,1
2026-04-30,2026-04-30 15:00:00,428.9,429.0,418.0,428.9,0.0,3325.4,1404923.34,0
2026-05-04,2026-05-04 11:00:00,428.0,428.0,423.0,427.12,-0.21,3373.4,1418079.84,-1
2026-05-04,2026-05-04 12:00:00,427.12,427.12,426.25,426.25,-0.2,3373.4,1418079.84,-1
2026-05-04,2026-05-04 13:00:00,426.25,426.25,425.38,425.38,-0.2,3373.4,1418079.84,-1
2026-05-04,2026-05-04 14:00:00,425.38,425.38,424.5,424.5,-0.21,3373.4,1418079.84,-1
2026-05-04,2026-05-04 15:00:00,424.5,428.0,418.0,424.5,0.0,3373.4,1418079.84,0
2026-05-05,2026-05-05 11:00:00,421.0,423.0,419.5,421.98,0.23,1822.2,766975.1,1
2026-05-05,2026-05-05 12:00:00,421.98,422.95,421.98,422.95,0.23,1822.2,766975.1,1
2026-05-05,2026-05-05 13:00:00,422.95,423.92,422.95,423.92,0.23,1822.2,766975.1,1
2026-05-05,2026-05-05 14:00:00,423.92,424.9,423.92,424.9,0.23,1822.2,766975.1,1
2026-05-05,2026-05-05 15:00:00,424.9,425.0,418.0,424.9,0.0,1822.2,766975.1,0
2026-05-06,2026-05-06 11:00:00,434.9,434.9,428.55,432.3,-0.6,615.8,261143.38,-1
2026-05-06,2026-05-06 12:00:00,432.3,432.3,429.7,429.7,-0.6,615.8,261143.38,-1
2026-05-06,2026-05-06 13:00:00,429.7,429.7,427.1,427.1,-0.61,615.8,261143.38,-1
2026-05-06,2026-05-06 14:00:00,427.1,427.1,424.5,424.5,-0.61,615.8,261143.38,-1
2026-05-06,2026-05-06 15:00:00,424.5,434.9,422.2,424.5,0.0,615.8,261143.38,0
2026-05-07,2026-05-07 11:00:00,422.5,426.25,422.25,423.12,0.15,1147.2,486567.26,1
2026-05-07,2026-05-07 12:00:00,423.12,423.75,423.12,423.75,0.15,1147.2,486567.26,1
2026-05-07,2026-05-07 13:00:00,423.75,424.38,423.75,424.38,0.15,1147.2,486567.26,1
2026-05-07,2026-05-07 14:00:00,424.38,425.0,424.38,425.0,0.15,1147.2,486567.26,1
2026-05-07,2026-05-07 15:00:00,425.0,430.0,422.0,425.0,0.0,1147.2,486567.26,0
2026-05-08,2026-05-08 11:00:00,421.2,424.6,420.1,422.65,0.34,1719.8,729169.9,1
2026-05-08,2026-05-08 12:00:00,422.65,424.1,422.65,424.1,0.34,1719.8,729169.9,1
2026-05-08,2026-05-08 13:00:00,424.1,425.55,424.1,425.55,0.34,1719.8,729169.9,1
2026-05-08,2026-05-08 14:00:00,425.55,427.0,425.55,427.0,0.34,1719.8,729169.9,1
2026-05-08,2026-05-08 15:00:00,427.0,428.0,419.0,427.0,0.0,1719.8,729169.9,0
2026-05-11,2026-05-11 11:00:00,434.9,434.95,428.9,434.17,-0.17,1123.4,480499.24,-1
2026-05-11,2026-05-11 12:00:00,434.17,434.17,433.45,433.45,-0.17,1123.4,480499.24,-1
2026-05-11,2026-05-11 13:00:00,433.45,433.45,432.73,432.73,-0.17,1123.4,480499.24,-1
2026-05-11,2026-05-11 14:00:00,432.73,432.73,432.0,432.0,-0.17,1123.4,480499.24,-1
2026-05-11,2026-05-11 15:00:00,432.0,435.0,422.9,432.0,0.0,1123.4,480499.24,0
2026-05-12,2026-05-12 11:00:00,443.9,443.9,432.5,439.62,-0.96,2977.8,1270993.6,-1
2026-05-12,2026-05-12 12:00:00,439.62,439.62,435.35,435.35,-0.97,2977.8,1270993.6,-1
2026-05-12,2026-05-12 13:00:00,435.35,435.35,431.07,431.07,-0.98,2977.8,1270993.6,-1
2026-05-12,2026-05-12 14:00:00,431.07,431.07,426.8,426.8,-0.99,2977.8,1270993.6,-1
2026-05-12,2026-05-12 15:00:00,426.8,443.9,421.1,426.8,0.0,2977.8,1270993.6,0
2026-05-13,2026-05-13 11:00:00,427.0,427.0,423.55,426.5,-0.12,1397.6,593559.2,-1
2026-05-13,2026-05-13 12:00:00,426.5,426.5,426.0,426.0,-0.12,1397.6,593559.2,-1
2026-05-13,2026-05-13 13:00:00,426.0,426.0,425.5,425.5,-0.12,1397.6,593559.2,-1
2026-05-13,2026-05-13 14:00:00,425.5,425.5,425.0,425.0,-0.12,1397.6,593559.2,-1
2026-05-13,2026-05-13 15:00:00,425.0,427.0,420.1,425.0,0.0,1397.6,593559.2,0
2026-05-14,2026-05-14 11:00:00,421.0,422.95,419.5,421.0,0.0,1221.2,511829.44,0
2026-05-14,2026-05-14 12:00:00,421.0,421.0,421.0,421.0,0.0,1221.2,511829.44,0
2026-05-14,2026-05-14 13:00:00,421.0,421.0,421.0,421.0,0.0,1221.2,511829.44,0
2026-05-14,2026-05-14 14:00:00,421.0,421.0,421.0,421.0,0.0,1221.2,511829.44,0
2026-05-14,2026-05-14 15:00:00,421.0,424.9,418.0,421.0,0.0,1221.2,511829.44,0
2026-05-15,2026-05-15 11:00:00,428.5,428.5,424.25,427.12,-0.32,1078.0,454423.54,-1
2026-05-15,2026-05-15 12:00:00,427.12,427.12,425.75,425.75,-0.32,1078.0,454423.54,-1
2026-05-15,2026-05-15 13:00:00,425.75,425.75,424.38,424.38,-0.32,1078.0,454423.54,-1
2026-05-15,2026-05-15 14:00:00,424.38,424.38,423.0,423.0,-0.33,1078.0,454423.54,-1
2026-05-15,2026-05-15 15:00:00,423.0,428.5,420.0,423.0,0.0,1078.0,454423.54,0
2026-05-18,2026-05-18 11:00:00,444.1,444.1,431.5,438.55,-1.25,2502.6,1054531.0,-1
2026-05-18,2026-05-18 12:00:00,438.55,438.55,433.0,433.0,-1.27,2502.6,1054531.0,-1
2026-05-18,2026-05-18 13:00:00,433.0,433.0,427.45,427.45,-1.28,2502.6,1054531.0,-1
2026-05-18,2026-05-18 14:00:00,427.45,427.45,421.9,421.9,-1.3,2502.6,1054531.0,-1
2026-05-18,2026-05-18 15:00:00,421.9,444.1,418.9,421.9,0.0,2502.6,1054531.0,0
2026-05-19,2026-05-19 11:00:00,421.9,424.9,420.95,422.67,0.18,941.4,397345.02,1
2026-05-19,2026-05-19 12:00:00,422.67,423.45,422.67,423.45,0.18,941.4,397345.02,1
2026-05-19,2026-05-19 13:00:00,423.45,424.23,423.45,424.23,0.18,941.4,397345.02,1
2026-05-19,2026-05-19 14:00:00,424.23,425.0,424.23,425.0,0.18,941.4,397345.02,1
2026-05-19,2026-05-19 15:00:00,425.0,427.9,420.0,425.0,0.0,941.4,397345.02,0
2026-05-20,2026-05-20 11:00:00,429.0,430.45,425.6,429.73,0.17,2462.6,1055463.14,1
2026-05-20,2026-05-20 12:00:00,429.73,430.45,429.73,430.45,0.17,2462.6,1055463.14,1
2026-05-20,2026-05-20 13:00:00,430.45,431.17,430.45,431.17,0.17,2462.6,1055463.14,1
2026-05-20,2026-05-20 14:00:00,431.17,431.9,431.17,431.9,0.17,2462.6,1055463.14,1
2026-05-20,2026-05-20 15:00:00,431.9,431.9,422.2,431.9,0.0,2462.6,1055463.14,0
2026-05-21,2026-05-21 11:00:00,430.0,431.5,428.5,430.73,0.17,1478.8,632553.42,1
2026-05-21,2026-05-21 12:00:00,430.73,431.45,430.73,431.45,0.17,1478.8,632553.42,1
2026-05-21,2026-05-21 13:00:00,431.45,432.17,431.45,432.17,0.17,1478.8,632553.42,1
2026-05-21,2026-05-21 14:00:00,432.17,432.9,432.17,432.9,0.17,1478.8,632553.42,1
2026-05-21,2026-05-21 15:00:00,432.9,433.0,427.0,432.9,0.0,1478.8,632553.42,0
2026-05-22,2026-05-22 11:00:00,431.0,431.0,428.55,430.75,-0.06,527.0,226120.2,-1
2026-05-22,2026-05-22 12:00:00,430.75,430.75,430.5,430.5,-0.06,527.0,226120.2,-1
2026-05-22,2026-05-22 13:00:00,430.5,430.5,430.25,430.25,-0.06,527.0,226120.2,-1
2026-05-22,2026-05-22 14:00:00,430.25,430.25,430.0,430.0,-0.06,527.0,226120.2,-1
2026-05-22,2026-05-22 15:00:00,430.0,431.0,426.1,430.0,0.0,527.0,226120.2,0
2026-05-25,2026-05-25 11:00:00,439.9,439.9,435.85,439.88,-0.0,2269.0,991036.68,-1
2026-05-25,2026-05-25 12:00:00,439.88,439.88,439.85,439.85,-0.01,2269.0,991036.68,-1
2026-05-25,2026-05-25 13:00:00,439.85,439.85,439.82,439.82,-0.01,2269.0,991036.68,-1
2026-05-25,2026-05-25 14:00:00,439.82,439.82,439.8,439.8,-0.0,2269.0,991036.68,-1
2026-05-25,2026-05-25 15:00:00,439.8,439.9,431.8,439.8,0.0,2269.0,991036.68,0
2026-05-26,2026-05-26 11:00:00,440.0,440.0,436.75,439.62,-0.09,1216.6,530838.36,-1
2026-05-26,2026-05-26 12:00:00,439.62,439.62,439.25,439.25,-0.08,1216.6,530838.36,-1
2026-05-26,2026-05-26 13:00:00,439.25,439.25,438.88,438.88,-0.08,1216.6,530838.36,-1
2026-05-26,2026-05-26 14:00:00,438.88,438.88,438.5,438.5,-0.09,1216.6,530838.36,-1
2026-05-26,2026-05-26 15:00:00,438.5,440.0,433.5,438.5,0.0,1216.6,530838.36,0
2026-05-27,2026-05-27 11:00:00,444.0,447.0,440.0,443.0,-0.23,2209.2,972689.76,-1
2026-05-27,2026-05-27 12:00:00,443.0,443.0,442.0,442.0,-0.23,2209.2,972689.76,-1
2026-05-27,2026-05-27 13:00:00,442.0,442.0,441.0,441.0,-0.23,2209.2,972689.76,-1
2026-05-27,2026-05-27 14:00:00,441.0,441.0,440.0,440.0,-0.23,2209.2,972689.76,-1
2026-05-27,2026-05-27 15:00:00,440.0,450.0,436.0,440.0,0.0,2209.2,972689.76,0
2026-06-01,2026-06-01 11:00:00,450.0,457.5,444.5,449.88,-0.03,8869.6,4012678.62,-1
2026-06-01,2026-06-01 12:00:00,449.88,449.88,449.75,449.75,-0.03,8869.6,4012678.62,-1
2026-06-01,2026-06-01 13:00:00,449.75,449.75,449.62,449.62,-0.03,8869.6,4012678.62,-1
2026-06-01,2026-06-01 14:00:00,449.62,449.62,449.5,449.5,-0.03,8869.6,4012678.62,-1
2026-06-01,2026-06-01 15:00:00,449.5,465.0,439.0,449.5,0.0,8869.6,4012678.62,0
2026-06-02,2026-06-02 11:00:00,459.0,459.0,453.05,458.02,-0.21,4972.4,2252514.08,-1
2026-06-02,2026-06-02 12:00:00,458.02,458.02,457.05,457.05,-0.21,4972.4,2252514.08,-1
2026-06-02,2026-06-02 13:00:00,457.05,457.05,456.08,456.08,-0.21,4972.4,2252514.08,-1
2026-06-02,2026-06-02 14:00:00,456.08,456.08,455.1,455.1,-0.21,4972.4,2252514.08,-1
2026-06-02,2026-06-02 15:00:00,455.1,459.0,447.1,455.1,0.0,4972.4,2252514.08,0
2026-06-03,2026-06-03 11:00:00,455.2,467.05,455.15,458.9,0.81,15352.0,7215737.16,1
2026-06-03,2026-06-03 12:00:00,458.9,462.6,458.9,462.6,0.81,15352.0,7215737.16,1
2026-06-03,2026-06-03 13:00:00,462.6,466.3,462.6,466.3,0.8,15352.0,7215737.16,1
2026-06-03,2026-06-03 14:00:00,466.3,470.0,466.3,470.0,0.79,15352.0,7215737.16,1
2026-06-03,2026-06-03 15:00:00,470.0,478.9,455.1,470.0,0.0,15352.0,7215737.16,0
2026-06-04,2026-06-04 11:00:00,470.0,472.5,465.5,467.75,-0.48,9497.2,4441471.96,-1
2026-06-04,2026-06-04 12:00:00,467.75,467.75,465.5,465.5,-0.48,9497.2,4441471.96,-1
2026-06-04,2026-06-04 13:00:00,465.5,465.5,463.25,463.25,-0.48,9497.2,4441471.96,-1
2026-06-04,2026-06-04 14:00:00,463.25,463.25,461.0,461.0,-0.49,9497.2,4441471.96,-1
2026-06-04,2026-06-04 15:00:00,461.0,475.0,461.0,461.0,0.0,9497.2,4441471.96,0
2026-06-05,2026-06-05 11:00:00,461.0,467.9,460.5,460.93,-0.02,2884.0,1337120.02,-1
2026-06-05,2026-06-05 12:00:00,460.93,460.93,460.85,460.85,-0.02,2884.0,1337120.02,-1
2026-06-05,2026-06-05 13:00:00,460.85,460.85,460.77,460.77,-0.02,2884.0,1337120.02,-1
2026-06-05,2026-06-05 14:00:00,460.77,460.77,460.7,460.7,-0.02,2884.0,1337120.02,-1
2026-06-05,2026-06-05 15:00:00,460.7,474.8,460.0,460.7,0.0,2884.0,1337120.02,0
2026-06-08,2026-06-08 11:00:00,470.0,470.0,463.0,467.25,-0.59,4116.8,1885408.6,-1
2026-06-08,2026-06-08 12:00:00,467.25,467.25,464.5,464.5,-0.59,4116.8,1885408.6,-1
2026-06-08,2026-06-08 13:00:00,464.5,464.5,461.75,461.75,-0.59,4116.8,1885408.6,-1
2026-06-08,2026-06-08 14:00:00,461.75,461.75,459.0,459.0,-0.6,4116.8,1885408.6,-1
2026-06-08,2026-06-08 15:00:00,459.0,470.0,456.0,459.0,0.0,4116.8,1885408.6,0
2026-06-09,2026-06-09 11:00:00,452.1,458.85,449.1,454.45,0.52,7970.4,3618645.88,1
2026-06-09,2026-06-09 12:00:00,454.45,456.8,454.45,456.8,0.52,7970.4,3618645.88,1
2026-06-09,2026-06-09 13:00:00,456.8,459.15,456.8,459.15,0.51,7970.4,3618645.88,1
2026-06-09,2026-06-09 14:00:00,459.15,461.5,459.15,461.5,0.51,7970.4,3618645.88,1
2026-06-09,2026-06-09 15:00:00,461.5,465.6,446.1,461.5,0.0,7970.4,3618645.88,0
2026-06-10,2026-06-10 11:00:00,473.9,473.9,462.65,469.67,-0.89,1484.4,678742.74,-1
2026-06-10,2026-06-10 12:00:00,469.67,469.67,465.45,465.45,-0.9,1484.4,678742.74,-1
2026-06-10,2026-06-10 13:00:00,465.45,465.45,461.23,461.23,-0.91,1484.4,678742.74,-1
2026-06-10,2026-06-10 14:00:00,461.23,461.23,457.0,457.0,-0.92,1484.4,678742.74,-1
2026-06-10,2026-06-10 15:00:00,457.0,473.9,451.4,457.0,0.0,1484.4,678742.74,0
2026-06-11,2026-06-11 11:00:00,451.0,459.9,450.95,452.75,0.39,3256.0,1497838.8,1
2026-06-11,2026-06-11 12:00:00,452.75,454.5,452.75,454.5,0.39,3256.0,1497838.8,1
2026-06-11,2026-06-11 13:00:00,454.5,456.25,454.5,456.25,0.39,3256.0,1497838.8,1
2026-06-11,2026-06-11 14:00:00,456.25,458.0,456.25,458.0,0.38,3256.0,1497838.8,1
2026-06-11,2026-06-11 15:00:00,458.0,468.8,450.9,458.0,0.0,3256.0,1497838.8,0
2026-06-12,2026-06-12 11:00:00,452.2,457.0,452.0,454.1,0.42,2085.4,956965.3,1
2026-06-12,2026-06-12 12:00:00,454.1,456.0,454.1,456.0,0.42,2085.4,956965.3,1
2026-06-12,2026-06-12 13:00:00,456.0,457.9,456.0,457.9,0.42,2085.4,956965.3,1
2026-06-12,2026-06-12 14:00:00,457.9,459.8,457.9,459.8,0.41,2085.4,956965.3,1
2026-06-12,2026-06-12 15:00:00,459.8,461.8,451.8,459.8,0.0,2085.4,956965.3,0
2026-06-15,2026-06-15 11:00:00,452.1,457.25,451.75,453.08,0.22,1974.0,894821.92,1
2026-06-15,2026-06-15 12:00:00,453.08,454.05,453.08,454.05,0.21,1974.0,894821.92,1
2026-06-15,2026-06-15 13:00:00,454.05,455.02,454.05,455.02,0.21,1974.0,894821.92,1
2026-06-15,2026-06-15 14:00:00,455.02,456.0,455.02,456.0,0.22,1974.0,894821.92,1
2026-06-15,2026-06-15 15:00:00,456.0,462.4,451.4,456.0,0.0,1974.0,894821.92,0
2026-06-16,2026-06-16 11:00:00,458.0,458.0,453.7,456.25,-0.38,1183.0,533685.8,-1
2026-06-16,2026-06-16 12:00:00,456.25,456.25,454.5,454.5,-0.38,1183.0,533685.8,-1
2026-06-16,2026-06-16 13:00:00,454.5,454.5,452.75,452.75,-0.39,1183.0,533685.8,-1
2026-06-16,2026-06-16 14:00:00,452.75,452.75,451.0,451.0,-0.39,1183.0,533685.8,-1
2026-06-16,2026-06-16 15:00:00,451.0,458.0,449.4,451.0,0.0,1183.0,533685.8,0
2026-06-17,2026-06-17 11:00:00,451.0,455.0,449.55,450.75,-0.06,7865.0,3545571.2,-1
2026-06-17,2026-06-17 12:00:00,450.75,450.75,450.5,450.5,-0.06,7865.0,3545571.2,-1
2026-06-17,2026-06-17 13:00:00,450.5,450.5,450.25,450.25,-0.06,7865.0,3545571.2,-1
2026-06-17,2026-06-17 14:00:00,450.25,450.25,450.0,450.0,-0.06,7865.0,3545571.2,-1
2026-06-17,2026-06-17 15:00:00,450.0,459.0,448.1,450.0,0.0,7865.0,3545571.2,0
2026-06-18,2026-06-18 11:00:00,450.0,454.4,448.0,450.25,0.06,1035.4,463881.28,1
2026-06-18,2026-06-18 12:00:00,450.25,450.5,450.25,450.5,0.06,1035.4,463881.28,1
2026-06-18,2026-06-18 13:00:00,450.5,450.75,450.5,450.75,0.06,1035.4,463881.28,1
2026-06-18,2026-06-18 14:00:00,450.75,451.0,450.75,451.0,0.06,1035.4,463881.28,1
2026-06-18,2026-06-18 15:00:00,451.0,458.8,446.0,451.0,0.0,1035.4,463881.28,0
2026-06-19,2026-06-19 11:00:00,455.0,455.0,449.05,453.7,-0.29,497.8,222325.66,-1
2026-06-19,2026-06-19 12:00:00,453.7,453.7,452.4,452.4,-0.29,497.8,222325.66,-1
2026-06-19,2026-06-19 13:00:00,452.4,452.4,451.1,451.1,-0.29,497.8,222325.66,-1
2026-06-19,2026-06-19 14:00:00,451.1,451.1,449.8,449.8,-0.29,497.8,222325.66,-1
2026-06-19,2026-06-19 15:00:00,449.8,455.0,443.1,449.8,0.0,497.8,222325.66,0
2026-06-22,2026-06-22 11:00:00,452.9,452.9,447.55,450.42,-0.55,2912.6,1293422.68,-1
2026-06-22,2026-06-22 12:00:00,450.42,450.42,447.95,447.95,-0.55,2912.6,1293422.68,-1
2026-06-22,2026-06-22 13:00:00,447.95,447.95,445.48,445.48,-0.55,2912.6,1293422.68,-1
2026-06-22,2026-06-22 14:00:00,445.48,445.48,443.0,443.0,-0.56,2912.6,1293422.68,-1
2026-06-22,2026-06-22 15:00:00,443.0,452.9,442.2,443.0,0.0,2912.6,1293422.68,0
2026-06-23,2026-06-23 11:00:00,440.1,442.05,439.65,440.7,0.14,2727.8,1201443.02,1
2026-06-23,2026-06-23 12:00:00,440.7,441.3,440.7,441.3,0.14,2727.8,1201443.02,1
2026-06-23,2026-06-23 13:00:00,441.3,441.9,441.3,441.9,0.14,2727.8,1201443.02,1
2026-06-23,2026-06-23 14:00:00,441.9,442.5,441.9,442.5,0.14,2727.8,1201443.02,1
2026-06-23,2026-06-23 15:00:00,442.5,444.0,439.2,442.5,0.0,2727.8,1201443.02,0
2026-06-24,2026-06-24 11:00:00,439.0,441.9,434.65,438.25,-0.17,2202.0,961247.18,-1
2026-06-24,2026-06-24 12:00:00,438.25,438.25,437.5,437.5,-0.17,2202.0,961247.18,-1
2026-06-24,2026-06-24 13:00:00,437.5,437.5,436.75,436.75,-0.17,2202.0,961247.18,-1
2026-06-24,2026-06-24 14:00:00,436.75,436.75,436.0,436.0,-0.17,2202.0,961247.18,-1
2026-06-24,2026-06-24 15:00:00,436.0,444.8,430.3,436.0,0.0,2202.0,961247.18,0
2026-06-25,2026-06-25 11:00:00,433.4,436.2,433.35,434.77,0.32,992.2,431504.86,1
2026-06-25,2026-06-25 12:00:00,434.77,436.15,434.77,436.15,0.32,992.2,431504.86,1
2026-06-25,2026-06-25 13:00:00,436.15,437.52,436.15,437.52,0.31,992.2,431504.86,1
2026-06-25,2026-06-25 14:00:00,437.52,438.9,437.52,438.9,0.32,992.2,431504.86,1
2026-06-25,2026-06-25 15:00:00,438.9,439.0,433.3,438.9,0.0,992.2,431504.86,0
2026-06-26,2026-06-26 11:00:00,447.5,447.5,440.75,445.6,-0.42,598.0,259737.06,-1
2026-06-26,2026-06-26 12:00:00,445.6,445.6,443.7,443.7,-0.43,598.0,259737.06,-1
2026-06-26,2026-06-26 13:00:00,443.7,443.7,441.8,441.8,-0.43,598.0,259737.06,-1
2026-06-26,2026-06-26 14:00:00,441.8,441.8,439.9,439.9,-0.43,598.0,259737.06,-1
2026-06-26,2026-06-26 15:00:00,439.9,447.5,434.0,439.9,0.0,598.0,259737.06,0
2026-06-29,2026-06-29 11:00:00,431.0,434.0,431.0,432.0,0.23,1049.2,455197.98,1
2026-06-29,2026-06-29 12:00:00,432.0,433.0,432.0,433.0,0.23,1049.2,455197.98,1
2026-06-29,2026-06-29 13:00:00,433.0,434.0,433.0,434.0,0.23,1049.2,455197.98,1
2026-06-29,2026-06-29 14:00:00,434.0,435.0,434.0,435.0,0.23,1049.2,455197.98,1
2026-06-29,2026-06-29 15:00:00,435.0,437.0,431.0,435.0,0.0,1049.2,455197.98,0
2026-06-30,2026-06-30 11:00:00,446.5,446.5,437.3,442.85,-0.82,1579.6,679351.18,-1
2026-06-30,2026-06-30 12:00:00,442.85,442.85,439.2,439.2,-0.82,1579.6,679351.18,-1
2026-06-30,2026-06-30 13:00:00,439.2,439.2,435.55,435.55,-0.83,1579.6,679351.18,-1
2026-06-30,2026-06-30 14:00:00,435.55,435.55,431.9,431.9,-0.84,1579.6,679351.18,-1
2026-06-30,2026-06-30 15:00:00,431.9,446.5,428.1,431.9,0.0,1579.6,679351.18,0
2026-07-01,2026-07-01 11:00:00,441.0,441.0,437.0,440.25,-0.17,847.8,369390.48,-1
2026-07-01,2026-07-01 12:00:00,440.25,440.25,439.5,439.5,-0.17,847.8,369390.48,-1
2026-07-01,2026-07-01 13:00:00,439.5,439.5,438.75,438.75,-0.17,847.8,369390.48,-1
2026-07-01,2026-07-01 14:00:00,438.75,438.75,438.0,438.0,-0.17,847.8,369390.48,-1
2026-07-01,2026-07-01 15:00:00,438.0,441.0,433.0,438.0,0.0,847.8,369390.48,0
2026-07-02,2026-07-02 11:00:00,438.0,438.0,433.5,436.27,-0.39,2060.8,888532.1,-1
2026-07-02,2026-07-02 12:00:00,436.27,436.27,434.55,434.55,-0.39,2060.8,888532.1,-1
2026-07-02,2026-07-02 13:00:00,434.55,434.55,432.83,432.83,-0.4,2060.8,888532.1,-1
2026-07-02,2026-07-02 14:00:00,432.83,432.83,431.1,431.1,-0.4,2060.8,888532.1,-1
2026-07-02,2026-07-02 15:00:00,431.1,438.0,429.0,431.1,0.0,2060.8,888532.1,0
2026-07-03,2026-07-03 11:00:00,432.0,433.45,430.6,431.5,-0.12,1369.6,590591.86,-1
2026-07-03,2026-07-03 12:00:00,431.5,431.5,431.0,431.0,-0.12,1369.6,590591.86,-1
2026-07-03,2026-07-03 13:00:00,431.0,431.0,430.5,430.5,-0.12,1369.6,590591.86,-1
2026-07-03,2026-07-03 14:00:00,430.5,430.5,430.0,430.0,-0.12,1369.6,590591.86,-1
2026-07-03,2026-07-03 15:00:00,430.0,434.9,429.2,430.0,0.0,1369.6,590591.86,0
2026-07-06,2026-07-06 11:00:00,430.0,430.5,429.1,429.55,-0.1,813.0,348732.6,-1
2026-07-06,2026-07-06 12:00:00,429.55,429.55,429.1,429.1,-0.1,813.0,348732.6,-1
2026-07-06,2026-07-06 13:00:00,429.1,429.1,428.65,428.65,-0.1,813.0,348732.6,-1
2026-07-06,2026-07-06 14:00:00,428.65,428.65,428.2,428.2,-0.1,813.0,348732.6,-1
2026-07-06,2026-07-06 15:00:00,428.2,431.0,428.2,428.2,0.0,813.0,348732.6,0
2026-07-07,2026-07-07 11:00:00,430.3,432.55,430.15,431.23,0.22,581.0,251117.12,1
2026-07-07,2026-07-07 12:00:00,431.23,432.15,431.23,432.15,0.21,581.0,251117.12,1
2026-07-07,2026-07-07 13:00:00,432.15,433.07,432.15,433.07,0.21,581.0,251117.12,1
2026-07-07,2026-07-07 14:00:00,433.07,434.0,433.07,434.0,0.21,581.0,251117.12,1
2026-07-07,2026-07-07 15:00:00,434.0,434.8,430.0,434.0,0.0,581.0,251117.12,0
2026-07-08,2026-07-08 11:00:00,430.0,432.0,429.0,430.0,0.0,1341.4,575573.0,0
2026-07-08,2026-07-08 12:00:00,430.0,430.0,430.0,430.0,0.0,1341.4,575573.0,0
2026-07-08,2026-07-08 13:00:00,430.0,430.0,430.0,430.0,0.0,1341.4,575573.0,0
2026-07-08,2026-07-08 14:00:00,430.0,430.0,430.0,430.0,0.0,1341.4,575573.0,0
2026-07-08,2026-07-08 15:00:00,430.0,434.0,428.0,430.0,0.0,1341.4,575573.0,0
2026-07-09,2026-07-09 11:00:00,427.2,428.6,425.15,427.77,0.13,1391.4,591873.36,1
2026-07-09,2026-07-09 12:00:00,427.77,428.35,427.77,428.35,0.14,1391.4,591873.36,1
2026-07-09,2026-07-09 13:00:00,428.35,428.93,428.35,428.93,0.14,1391.4,591873.36,1
2026-07-09,2026-07-09 14:00:00,428.93,429.5,428.93,429.5,0.13,1391.4,591873.36,1
2026-07-09,2026-07-09 15:00:00,429.5,430.0,423.1,429.5,0.0,1391.4,591873.36,0
2026-07-10,2026-07-10 11:00:00,440.0,440.0,433.0,436.95,-0.69,1612.4,688704.48,-1
2026-07-10,2026-07-10 12:00:00,436.95,436.95,433.9,433.9,-0.7,1612.4,688704.48,-1
2026-07-10,2026-07-10 13:00:00,433.9,433.9,430.85,430.85,-0.7,1612.4,688704.48,-1
2026-07-10,2026-07-10 14:00:00,430.85,430.85,427.8,427.8,-0.71,1612.4,688704.48,-1
2026-07-10,2026-07-10 15:00:00,427.8,440.0,426.0,427.8,0.0,1612.4,688704.48,0
2026-07-13,2026-07-13 11:00:00,440.0,440.0,428.6,434.3,-1.3,1685.0,711116.04,-1
2026-07-13,2026-07-13 12:00:00,434.3,434.3,428.6,428.6,-1.31,1685.0,711116.04,-1
2026-07-13,2026-07-13 13:00:00,428.6,428.6,422.9,422.9,-1.33,1685.0,711116.04,-1
2026-07-13,2026-07-13 14:00:00,422.9,422.9,417.2,417.2,-1.35,1685.0,711116.04,-1
2026-07-13,2026-07-13 15:00:00,417.2,440.0,417.2,417.2,0.0,1685.0,711116.04,0
2026-07-14,2026-07-14 11:00:00,424.0,424.5,421.05,424.25,0.06,933.2,392779.4,1
2026-07-14,2026-07-14 12:00:00,424.25,424.5,424.25,424.5,0.06,933.2,392779.4,1
2026-07-14,2026-07-14 13:00:00,424.5,424.75,424.5,424.75,0.06,933.2,392779.4,1
2026-07-14,2026-07-14 14:00:00,424.75,425.0,424.75,425.0,0.06,933.2,392779.4,1
2026-07-14,2026-07-14 15:00:00,425.0,425.0,418.1,425.0,0.0,933.2,392779.4,0
2026-07-15,2026-07-15 11:00:00,429.9,429.95,425.45,429.42,-0.11,1016.8,430988.7,-1
2026-07-15,2026-07-15 12:00:00,429.42,429.42,428.95,428.95,-0.11,1016.8,430988.7,-1
2026-07-15,2026-07-15 13:00:00,428.95,428.95,428.48,428.48,-0.11,1016.8,430988.7,-1
2026-07-15,2026-07-15 14:00:00,428.48,428.48,428.0,428.0,-0.11,1016.8,430988.7,-1
2026-07-15,2026-07-15 15:00:00,428.0,430.0,421.0,428.0,0.0,1016.8,430988.7,0
2026-07-16,2026-07-16 11:00:00,449.4,449.4,437.2,449.3,-0.02,2442.0,1060739.44,-1
2026-07-16,2026-07-16 12:00:00,449.3,449.3,449.2,449.2,-0.02,2442.0,1060739.44,-1
2026-07-16,2026-07-16 13:00:00,449.2,449.2,449.1,449.1,-0.02,2442.0,1060739.44,-1
2026-07-16,2026-07-16 14:00:00,449.1,449.1,449.0,449.0,-0.02,2442.0,1060739.44,-1
2026-07-16,2026-07-16 15:00:00,449.0,449.4,425.0,449.0,0.0,2442.0,1060739.44,0
2026-07-17,2026-07-17 11:00:00,435.6,442.8,435.3,437.98,0.55,3852.6,1712848.86,1
2026-07-17,2026-07-17 12:00:00,437.98,440.35,437.98,440.35,0.54,3852.6,1712848.86,1
2026-07-17,2026-07-17 13:00:00,440.35,442.73,440.35,442.73,0.54,3852.6,1712848.86,1
2026-07-17,2026-07-17 14:00:00,442.73,445.1,442.73,445.1,0.54,3852.6,1712848.86,1
2026-07-17,2026-07-17 15:00:00,445.1,450.0,435.0,445.1,0.0,3852.6,1712848.86,0
2026-07-20,2026-07-20 11:00:00,450.0,454.0,447.0,451.75,0.39,3713.2,1677748.78,1
2026-07-20,2026-07-20 12:00:00,451.75,453.5,451.75,453.5,0.39,3713.2,1677748.78,1
2026-07-20,2026-07-20 13:00:00,453.5,455.25,453.5,455.25,0.39,3713.2,1677748.78,1
2026-07-20,2026-07-20 14:00:00,455.25,457.0,455.25,457.0,0.38,3713.2,1677748.78,1
2026-07-20,2026-07-20 15:00:00,457.0,458.0,444.0,457.0,0.0,3713.2,1677748.78,0
2026-07-21,2026-07-21 11:00:00,444.1,450.55,444.1,446.25,0.48,2641.0,1192598.5,1
2026-07-21,2026-07-21 12:00:00,446.25,448.4,446.25,448.4,0.48,2641.0,1192598.5,1
2026-07-21,2026-07-21 13:00:00,448.4,450.55,448.4,450.55,0.48,2641.0,1192598.5,1
2026-07-21,2026-07-21 14:00:00,450.55,452.7,450.55,452.7,0.48,2641.0,1192598.5,1
2026-07-21,2026-07-21 15:00:00,452.7,457.0,444.1,452.7,0.0,2641.0,1192598.5,0
2026-07-22,2026-07-22 11:00:00,444.4,448.35,442.7,445.8,0.32,3212.2,1435068.84,1
2026-07-22,2026-07-22 12:00:00,445.8,447.2,445.8,447.2,0.31,3212.2,1435068.84,1
2026-07-22,2026-07-22 13:00:00,447.2,448.6,447.2,448.6,0.31,3212.2,1435068.84,1
2026-07-22,2026-07-22 14:00:00,448.6,450.0,448.6,450.0,0.31,3212.2,1435068.84,1
2026-07-22,2026-07-22 15:00:00,450.0,452.3,441.0,450.0,0.0,3212.2,1435068.84,0
2026-07-23,2026-07-23 11:00:00,448.0,449.0,444.5,448.5,0.11,2529.6,1127723.72,1
2026-07-23,2026-07-23 12:00:00,448.5,449.0,448.5,449.0,0.11,2529.6,1127723.72,1
2026-07-23,2026-07-23 13:00:00,449.0,449.5,449.0,449.5,0.11,2529.6,1127723.72,1
2026-07-23,2026-07-23 14:00:00,449.5,450.0,449.5,450.0,0.11,2529.6,1127723.72,1
2026-07-23,2026-07-23 15:00:00,450.0,450.0,441.0,450.0,0.0,2529.6,1127723.72,0
2026-07-24,2026-07-24 11:00:00,448.1,452.9,445.05,448.53,0.1,1766.0,787175.38,1
2026-07-24,2026-07-24 12:00:00,448.53,448.95,448.53,448.95,0.09,1766.0,787175.38,1
2026-07-24,2026-07-24 13:00:00,448.95,449.38,448.95,449.38,0.1,1766.0,787175.38,1
2026-07-24,2026-07-24 14:00:00,449.38,449.8,449.38,449.8,0.09,1766.0,787175.38,1
2026-07-24,2026-07-24 15:00:00,449.8,457.7,442.0,449.8,0.0,1766.0,787175.38,0
2026-07-27,2026-07-27 11:00:00,455.0,455.0,448.0,452.0,-0.66,1356.0,600406.32,-1
2026-07-27,2026-07-27 12:00:00,452.0,452.0,449.0,449.0,-0.66,1356.0,600406.32,-1
2026-07-27,2026-07-27 13:00:00,449.0,449.0,446.0,446.0,-0.67,1356.0,600406.32,-1
2026-07-27,2026-07-27 14:00:00,446.0,446.0,443.0,443.0,-0.67,1356.0,600406.32,-1
2026-07-27,2026-07-27 15:00:00,443.0,455.0,441.0,443.0,0.0,1356.0,600406.32,0
2026-07-28,2026-07-28 11:00:00,441.0,441.95,439.0,441.45,0.1,1373.2,602237.8,1
2026-07-28,2026-07-28 12:00:00,441.45,441.9,441.45,441.9,0.1,1373.2,602237.8,1
2026-07-28,2026-07-28 13:00:00,441.9,442.35,441.9,442.35,0.1,1373.2,602237.8,1
2026-07-28,2026-07-28 14:00:00,442.35,442.8,442.35,442.8,0.1,1373.2,602237.8,1
2026-07-28,2026-07-28 15:00:00,442.8,442.9,437.0,442.8,0.0,1373.2,602237.8,0
2026-07-29,2026-07-29 11:00:00,441.0,441.0,438.5,441.0,0.0,507.2,222063.8,0
2026-07-29,2026-07-29 12:00:00,441.0,441.0,441.0,441.0,0.0,507.2,222063.8,0
2026-07-29,2026-07-29 13:00:00,441.0,441.0,441.0,441.0,0.0,507.2,222063.8,0
2026-07-29,2026-07-29 14:00:00,441.0,441.0,441.0,441.0,0.0,507.2,222063.8,0
2026-07-29,2026-07-29 15:00:00,441.0,441.0,436.0,441.0,0.0,507.2,222063.8,0
2026-07-30,2026-07-30 11:00:00,449.5,449.5,442.25,446.38,-0.69,856.6,374611.26,-1
2026-07-30,2026-07-30 12:00:00,446.38,446.38,443.25,443.25,-0.7,856.6,374611.26,-1
2026-07-30,2026-07-30 13:00:00,443.25,443.25,440.12,440.12,-0.71,856.6,374611.26,-1
2026-07-30,2026-07-30 14:00:00,440.12,440.12,437.0,437.0,-0.71,856.6,374611.26,-1
2026-07-30,2026-07-30 15:00:00,437.0,449.5,435.0,437.0,0.0,856.6,374611.26,0
2026-07-31,2026-07-31 11:00:00,432.3,436.15,432.15,433.6,0.3,2009.6,875655.48,1
2026-07-31,2026-07-31 12:00:00,433.6,434.9,433.6,434.9,0.3,2009.6,875655.48,1
2026-07-31,2026-07-31 13:00:00,434.9,436.2,434.9,436.2,0.3,2009.6,875655.48,1
2026-07-31,2026-07-31 14:00:00,436.2,437.5,436.2,437.5,0.3,2009.6,875655.48,1
2026-07-31,2026-07-31 15:00:00,437.5,440.0,432.0,437.5,0.0,2009.6,875655.48,0
2026-08-03,2026-08-03 11:00:00,448.0,448.95,440.0,444.0,-0.89,734.0,320789.8,-1
2026-08-03,2026-08-03 12:00:00,444.0,444.0,440.0,440.0,-0.9,734.0,320789.8,-1
2026-08-03,2026-08-03 13:00:00,440.0,440.0,436.0,436.0,-0.91,734.0,320789.8,-1
2026-08-03,2026-08-03 14:00:00,436.0,436.0,432.0,432.0,-0.92,734.0,320789.8,-1
2026-08-03,2026-08-03 15:00:00,432.0,449.9,432.0,432.0,0.0,734.0,320789.8,0
2026-08-04,2026-08-04 11:00:00,432.0,436.6,430.5,433.5,0.35,881.6,379098.82,1
2026-08-04,2026-08-04 12:00:00,433.5,435.0,433.5,435.0,0.35,881.6,379098.82,1
2026-08-04,2026-08-04 13:00:00,435.0,436.5,435.0,436.5,0.34,881.6,379098.82,1
2026-08-04,2026-08-04 14:00:00,436.5,438.0,436.5,438.0,0.34,881.6,379098.82,1
2026-08-04,2026-08-04 15:00:00,438.0,441.2,429.0,438.0,0.0,881.6,379098.82,0
2026-08-05,2026-08-05 11:00:00,432.1,435.5,430.1,433.25,0.27,332.8,143239.56,1
2026-08-05,2026-08-05 12:00:00,433.25,434.4,433.25,434.4,0.27,332.8,143239.56,1
2026-08-05,2026-08-05 13:00:00,434.4,435.55,434.4,435.55,0.26,332.8,143239.56,1
2026-08-05,2026-08-05 14:00:00,435.55,436.7,435.55,436.7,0.26,332.8,143239.56,1
2026-08-05,2026-08-05 15:00:00,436.7,438.9,428.1,436.7,0.0,332.8,143239.56,0
2026-08-06,2026-08-06 11:00:00,439.0,439.25,433.5,436.5,-0.57,1073.8,460499.34,-1
2026-08-06,2026-08-06 12:00:00,436.5,436.5,434.0,434.0,-0.57,1073.8,460499.34,-1
2026-08-06,2026-08-06 13:00:00,434.0,434.0,431.5,431.5,-0.58,1073.8,460499.34,-1
2026-08-06,2026-08-06 14:00:00,431.5,431.5,429.0,429.0,-0.58,1073.8,460499.34,-1
2026-08-06,2026-08-06 15:00:00,429.0,439.5,428.0,429.0,0.0,1073.8,460499.34,0
2026-08-07,2026-08-07 11:00:00,429.0,430.5,428.0,429.25,0.06,1552.2,665609.26,1
2026-08-07,2026-08-07 12:00:00,429.25,429.5,429.25,429.5,0.06,1552.2,665609.26,1
2026-08-07,2026-08-07 13:00:00,429.5,429.75,429.5,429.75,0.06,1552.2,665609.26,1
2026-08-07,2026-08-07 14:00:00,429.75,430.0,429.75,430.0,0.06,1552.2,665609.26,1
2026-08-07,2026-08-07 15:00:00,430.0,432.0,427.0,430.0,0.0,1552.2,665609.26,0
2026-08-10,2026-08-10 11:00:00,430.0,430.0,428.0,429.5,-0.12,1152.0,491326.72,-1
2026-08-10,2026-08-10 12:00:00,429.5,429.5,429.0,429.0,-0.12,1152.0,491326.72,-1
2026-08-10,2026-08-10 13:00:00,429.0,429.0,428.5,428.5,-0.12,1152.0,491326.72,-1
2026-08-10,2026-08-10 14:00:00,428.5,428.5,428.0,428.0,-0.12,1152.0,491326.72,-1
2026-08-10,2026-08-10 15:00:00,428.0,430.0,426.0,428.0,0.0,1152.0,491326.72,0
2026-08-11,2026-08-11 11:00:00,428.0,429.05,427.6,427.8,-0.05,643.6,275711.54,-1
2026-08-11,2026-08-11 12:00:00,427.8,427.8,427.6,427.6,-0.05,643.6,275711.54,-1
2026-08-11,2026-08-11 13:00:00,427.6,427.6,427.4,427.4,-0.05,643.6,275711.54,-1
2026-08-11,2026-08-11 14:00:00,427.4,427.4,427.2,427.2,-0.05,643.6,275711.54,-1
2026-08-11,2026-08-11 15:00:00,427.2,430.1,427.2,427.2,0.0,643.6,275711.54,0
2026-08-12,2026-08-12 11:00:00,428.0,429.75,427.5,427.77,-0.05,593.4,254402.44,-1
2026-08-12,2026-08-12 12:00:00,427.77,427.77,427.55,427.55,-0.05,593.4,254402.44,-1
2026-08-12,2026-08-12 13:00:00,427.55,427.55,427.33,427.33,-0.05,593.4,254402.44,-1
2026-08-12,2026-08-12 14:00:00,427.33,427.33,427.1,427.1,-0.05,593.4,254402.44,-1
2026-08-12,2026-08-12 15:00:00,427.1,431.5,427.0,427.1,0.0,593.4,254402.44,0
2026-08-13,2026-08-13 07:00:00,427.0,430.0,427.0,430.0,0.68,7975.0,3416766.2,1
2026-08-13,2026-08-13 11:00:00,427.0,428.5,427.0,427.75,0.18,1595.0,683353.24,1
2026-08-13,2026-08-13 12:00:00,427.75,428.5,427.75,428.5,0.18,1595.0,683353.24,1
2026-08-13,2026-08-13 13:00:00,428.5,429.25,428.5,429.25,0.18,1595.0,683353.24,1
2026-08-13,2026-08-13 14:00:00,429.25,430.0,429.25,430.0,0.17,1595.0,683353.24,1
2026-08-13,2026-08-13 15:00:00,430.0,430.0,427.0,430.0,0.0,1595.0,683353.24,0
2026-08-13,2026-08-13 08:00:00,427.0,430.0,427.0,430.0,0.68,7975.0,3416766.2,1
