published_date,timestamp,open,high,low,close,per_change,traded_quantity,traded_amount,status
2019-04-17,2019-04-17 11:00:00,100.0,104.0,100.0,100.25,0.25,596.0,62076.0,1
2019-04-17,2019-04-17 12:00:00,100.25,100.5,100.25,100.5,0.25,596.0,62076.0,1
2019-04-17,2019-04-17 13:00:00,100.5,100.75,100.5,100.75,0.25,596.0,62076.0,1
2019-04-17,2019-04-17 14:00:00,100.75,101.0,100.75,101.0,0.25,596.0,62076.0,1
2019-04-17,2019-04-17 15:00:00,101.0,108.0,100.0,101.0,0.0,596.0,62076.0,0
2019-04-18,2019-04-18 11:00:00,99.0,99.0,97.0,98.0,-1.01,298.0,28416.0,-1
2019-04-18,2019-04-18 12:00:00,98.0,98.0,97.0,97.0,-1.02,298.0,28416.0,-1
2019-04-18,2019-04-18 13:00:00,97.0,97.0,96.0,96.0,-1.03,298.0,28416.0,-1
2019-04-18,2019-04-18 14:00:00,96.0,96.0,95.0,95.0,-1.04,298.0,28416.0,-1
2019-04-18,2019-04-18 15:00:00,95.0,99.0,95.0,95.0,0.0,298.0,28416.0,0
2019-04-21,2019-04-21 11:00:00,95.0,95.5,94.0,95.25,0.26,84.0,7954.0,1
2019-04-21,2019-04-21 12:00:00,95.25,95.5,95.25,95.5,0.26,84.0,7954.0,1
2019-04-21,2019-04-21 13:00:00,95.5,95.75,95.5,95.75,0.26,84.0,7954.0,1
2019-04-21,2019-04-21 14:00:00,95.75,96.0,95.75,96.0,0.26,84.0,7954.0,1
2019-04-21,2019-04-21 15:00:00,96.0,96.0,93.0,96.0,0.0,84.0,7954.0,0
2019-04-22,2019-04-22 11:00:00,96.0,96.0,93.5,94.75,-1.3,123.8,11555.6,-1
2019-04-22,2019-04-22 12:00:00,94.75,94.75,93.5,93.5,-1.32,123.8,11555.6,-1
2019-04-22,2019-04-22 13:00:00,93.5,93.5,92.25,92.25,-1.34,123.8,11555.6,-1
2019-04-22,2019-04-22 14:00:00,92.25,92.25,91.0,91.0,-1.36,123.8,11555.6,-1
2019-04-22,2019-04-22 15:00:00,91.0,96.0,91.0,91.0,0.0,123.8,11555.6,0
2019-04-23,2019-04-23 11:00:00,91.0,91.5,90.5,90.75,-0.27,100.0,9100.0,-1
2019-04-23,2019-04-23 12:00:00,90.75,90.75,90.5,90.5,-0.28,100.0,9100.0,-1
2019-04-23,2019-04-23 13:00:00,90.5,90.5,90.25,90.25,-0.28,100.0,9100.0,-1
2019-04-23,2019-04-23 14:00:00,90.25,90.25,90.0,90.0,-0.28,100.0,9100.0,-1
2019-04-23,2019-04-23 15:00:00,90.0,92.0,90.0,90.0,0.0,100.0,9100.0,0
2019-04-24,2019-04-24 11:00:00,89.0,89.0,87.0,88.5,-0.56,124.0,10800.0,-1
2019-04-24,2019-04-24 12:00:00,88.5,88.5,88.0,88.0,-0.56,124.0,10800.0,-1
2019-04-24,2019-04-24 13:00:00,88.0,88.0,87.5,87.5,-0.57,124.0,10800.0,-1
2019-04-24,2019-04-24 14:00:00,87.5,87.5,87.0,87.0,-0.57,124.0,10800.0,-1
2019-04-24,2019-04-24 15:00:00,87.0,89.0,85.0,87.0,0.0,124.0,10800.0,0
2019-04-25,2019-04-25 11:00:00,86.0,86.5,85.5,86.25,0.29,104.2,8981.2,1
2019-04-25,2019-04-25 12:00:00,86.25,86.5,86.25,86.5,0.29,104.2,8981.2,1
2019-04-25,2019-04-25 13:00:00,86.5,86.75,86.5,86.75,0.29,104.2,8981.2,1
2019-04-25,2019-04-25 14:00:00,86.75,87.0,86.75,87.0,0.29,104.2,8981.2,1
2019-04-25,2019-04-25 15:00:00,87.0,87.0,85.0,87.0,0.0,104.2,8981.2,0
2019-04-28,2019-04-28 11:00:00,86.0,87.5,86.0,86.75,0.87,76.0,6676.0,1
2019-04-28,2019-04-28 12:00:00,86.75,87.5,86.75,87.5,0.86,76.0,6676.0,1
2019-04-28,2019-04-28 13:00:00,87.5,88.25,87.5,88.25,0.86,76.0,6676.0,1
2019-04-28,2019-04-28 14:00:00,88.25,89.0,88.25,89.0,0.85,76.0,6676.0,1
2019-04-28,2019-04-28 15:00:00,89.0,89.0,86.0,89.0,0.0,76.0,6676.0,0
2019-04-29,2019-04-29 11:00:00,90.0,90.0,89.5,89.75,-0.28,38.0,3396.0,-1
2019-04-29,2019-04-29 12:00:00,89.75,89.75,89.5,89.5,-0.28,38.0,3396.0,-1
2019-04-29,2019-04-29 13:00:00,89.5,89.5,89.25,89.25,-0.28,38.0,3396.0,-1
2019-04-29,2019-04-29 14:00:00,89.25,89.25,89.0,89.0,-0.28,38.0,3396.0,-1
2019-04-29,2019-04-29 15:00:00,89.0,90.0,89.0,89.0,0.0,38.0,3396.0,0
2019-04-30,2019-04-30 11:00:00,89.0,89.5,88.0,89.0,0.0,88.0,7804.0,0
2019-04-30,2019-04-30 12:00:00,89.0,89.0,89.0,89.0,0.0,88.0,7804.0,0
2019-04-30,2019-04-30 13:00:00,89.0,89.0,89.0,89.0,0.0,88.0,7804.0,0
2019-04-30,2019-04-30 14:00:00,89.0,89.0,89.0,89.0,0.0,88.0,7804.0,0
2019-04-30,2019-04-30 15:00:00,89.0,90.0,87.0,89.0,0.0,88.0,7804.0,0
2019-05-02,2019-05-02 11:00:00,88.0,90.0,88.0,89.0,1.14,66.0,6004.0,1
2019-05-02,2019-05-02 12:00:00,89.0,90.0,89.0,90.0,1.12,66.0,6004.0,1
2019-05-02,2019-05-02 13:00:00,90.0,91.0,90.0,91.0,1.11,66.0,6004.0,1
2019-05-02,2019-05-02 14:00:00,91.0,92.0,91.0,92.0,1.1,66.0,6004.0,1
2019-05-02,2019-05-02 15:00:00,92.0,92.0,88.0,92.0,0.0,66.0,6004.0,0
2019-05-05,2019-05-05 11:00:00,91.0,91.0,91.0,91.0,0.0,12.0,1092.0,0
2019-05-05,2019-05-05 12:00:00,91.0,91.0,91.0,91.0,0.0,12.0,1092.0,0
2019-05-05,2019-05-05 13:00:00,91.0,91.0,91.0,91.0,0.0,12.0,1092.0,0
2019-05-05,2019-05-05 14:00:00,91.0,91.0,91.0,91.0,0.0,12.0,1092.0,0
2019-05-05,2019-05-05 15:00:00,91.0,91.0,91.0,91.0,0.0,12.0,1092.0,0
2019-05-06,2019-05-06 11:00:00,90.0,91.0,90.0,90.25,0.28,131.0,11982.0,1
2019-05-06,2019-05-06 12:00:00,90.25,90.5,90.25,90.5,0.28,131.0,11982.0,1
2019-05-06,2019-05-06 13:00:00,90.5,90.75,90.5,90.75,0.28,131.0,11982.0,1
2019-05-06,2019-05-06 14:00:00,90.75,91.0,90.75,91.0,0.28,131.0,11982.0,1
2019-05-06,2019-05-06 15:00:00,91.0,92.0,90.0,91.0,0.0,131.0,11982.0,0
2019-05-07,2019-05-07 11:00:00,91.0,91.5,91.0,91.0,0.0,98.0,8938.0,0
2019-05-07,2019-05-07 12:00:00,91.0,91.0,91.0,91.0,0.0,98.0,8938.0,0
2019-05-07,2019-05-07 13:00:00,91.0,91.0,91.0,91.0,0.0,98.0,8938.0,0
2019-05-07,2019-05-07 14:00:00,91.0,91.0,91.0,91.0,0.0,98.0,8938.0,0
2019-05-07,2019-05-07 15:00:00,91.0,92.0,91.0,91.0,0.0,98.0,8938.0,0
2019-05-08,2019-05-08 11:00:00,91.0,91.5,90.5,91.0,0.0,166.0,15138.0,0
2019-05-08,2019-05-08 12:00:00,91.0,91.0,91.0,91.0,0.0,166.0,15138.0,0
2019-05-08,2019-05-08 13:00:00,91.0,91.0,91.0,91.0,0.0,166.0,15138.0,0
2019-05-08,2019-05-08 14:00:00,91.0,91.0,91.0,91.0,0.0,166.0,15138.0,0
2019-05-08,2019-05-08 15:00:00,91.0,92.0,90.0,91.0,0.0,166.0,15138.0,0
2019-05-09,2019-05-09 11:00:00,90.0,91.0,89.5,90.5,0.56,48.0,4340.0,1
2019-05-09,2019-05-09 12:00:00,90.5,91.0,90.5,91.0,0.55,48.0,4340.0,1
2019-05-09,2019-05-09 13:00:00,91.0,91.5,91.0,91.5,0.55,48.0,4340.0,1
2019-05-09,2019-05-09 14:00:00,91.5,92.0,91.5,92.0,0.55,48.0,4340.0,1
2019-05-09,2019-05-09 15:00:00,92.0,92.0,89.0,92.0,0.0,48.0,4340.0,0
2019-05-12,2019-05-12 11:00:00,91.0,91.0,89.5,90.25,-0.82,40.0,3578.0,-1
2019-05-12,2019-05-12 12:00:00,90.25,90.25,89.5,89.5,-0.83,40.0,3578.0,-1
2019-05-12,2019-05-12 13:00:00,89.5,89.5,88.75,88.75,-0.84,40.0,3578.0,-1
2019-05-12,2019-05-12 14:00:00,88.75,88.75,88.0,88.0,-0.85,40.0,3578.0,-1
2019-05-12,2019-05-12 15:00:00,88.0,91.0,88.0,88.0,0.0,40.0,3578.0,0
2019-05-13,2019-05-13 11:00:00,89.0,91.0,89.0,90.0,1.12,146.0,13174.0,1
2019-05-13,2019-05-13 12:00:00,90.0,91.0,90.0,91.0,1.11,146.0,13174.0,1
2019-05-13,2019-05-13 13:00:00,91.0,92.0,91.0,92.0,1.1,146.0,13174.0,1
2019-05-13,2019-05-13 14:00:00,92.0,93.0,92.0,93.0,1.09,146.0,13174.0,1
2019-05-13,2019-05-13 15:00:00,93.0,93.0,89.0,93.0,0.0,146.0,13174.0,0
2019-05-14,2019-05-14 11:00:00,94.0,94.0,92.0,93.0,-1.06,60.0,5512.0,-1
2019-05-14,2019-05-14 12:00:00,93.0,93.0,92.0,92.0,-1.08,60.0,5512.0,-1
2019-05-14,2019-05-14 13:00:00,92.0,92.0,91.0,91.0,-1.09,60.0,5512.0,-1
2019-05-14,2019-05-14 14:00:00,91.0,91.0,90.0,90.0,-1.1,60.0,5512.0,-1
2019-05-14,2019-05-14 15:00:00,90.0,94.0,90.0,90.0,0.0,60.0,5512.0,0
2019-05-15,2019-05-15 11:00:00,86.0,87.5,86.0,86.75,0.87,110.0,9712.0,1
2019-05-15,2019-05-15 12:00:00,86.75,87.5,86.75,87.5,0.86,110.0,9712.0,1
2019-05-15,2019-05-15 13:00:00,87.5,88.25,87.5,88.25,0.86,110.0,9712.0,1
2019-05-15,2019-05-15 14:00:00,88.25,89.0,88.25,89.0,0.85,110.0,9712.0,1
2019-05-15,2019-05-15 15:00:00,89.0,89.0,86.0,89.0,0.0,110.0,9712.0,0
2019-05-16,2019-05-16 11:00:00,90.0,91.0,90.0,90.5,0.56,72.0,6532.0,1
2019-05-16,2019-05-16 12:00:00,90.5,91.0,90.5,91.0,0.55,72.0,6532.0,1
2019-05-16,2019-05-16 13:00:00,91.0,91.5,91.0,91.5,0.55,72.0,6532.0,1
2019-05-16,2019-05-16 14:00:00,91.5,92.0,91.5,92.0,0.55,72.0,6532.0,1
2019-05-16,2019-05-16 15:00:00,92.0,92.0,90.0,92.0,0.0,72.0,6532.0,0
2019-05-19,2019-05-19 11:00:00,88.0,91.0,88.0,89.5,1.7,132.0,12172.0,1
2019-05-19,2019-05-19 12:00:00,89.5,91.0,89.5,91.0,1.68,132.0,12172.0,1
2019-05-19,2019-05-19 13:00:00,91.0,92.5,91.0,92.5,1.65,132.0,12172.0,1
2019-05-19,2019-05-19 14:00:00,92.5,94.0,92.5,94.0,1.62,132.0,12172.0,1
2019-05-19,2019-05-19 15:00:00,94.0,94.0,88.0,94.0,0.0,132.0,12172.0,0
2019-05-20,2019-05-20 11:00:00,95.0,96.5,93.5,95.5,0.53,308.0,29276.0,1
2019-05-20,2019-05-20 12:00:00,95.5,96.0,95.5,96.0,0.52,308.0,29276.0,1
2019-05-20,2019-05-20 13:00:00,96.0,96.5,96.0,96.5,0.52,308.0,29276.0,1
2019-05-20,2019-05-20 14:00:00,96.5,97.0,96.5,97.0,0.52,308.0,29276.0,1
2019-05-20,2019-05-20 15:00:00,97.0,98.0,92.0,97.0,0.0,308.0,29276.0,0
2019-05-21,2019-05-21 11:00:00,96.0,98.0,96.0,96.75,0.78,254.0,24924.0,1
2019-05-21,2019-05-21 12:00:00,96.75,97.5,96.75,97.5,0.78,254.0,24924.0,1
2019-05-21,2019-05-21 13:00:00,97.5,98.25,97.5,98.25,0.77,254.0,24924.0,1
2019-05-21,2019-05-21 14:00:00,98.25,99.0,98.25,99.0,0.76,254.0,24924.0,1
2019-05-21,2019-05-21 15:00:00,99.0,100.0,96.0,99.0,0.0,254.0,24924.0,0
2019-05-22,2019-05-22 11:00:00,100.0,104.0,100.0,101.0,1.0,3744.0,402628.0,1
2019-05-22,2019-05-22 12:00:00,101.0,102.0,101.0,102.0,0.99,3744.0,402628.0,1
2019-05-22,2019-05-22 13:00:00,102.0,103.0,102.0,103.0,0.98,3744.0,402628.0,1
2019-05-22,2019-05-22 14:00:00,103.0,104.0,103.0,104.0,0.97,3744.0,402628.0,1
2019-05-22,2019-05-22 15:00:00,104.0,108.0,100.0,104.0,0.0,3744.0,402628.0,0
2019-05-23,2019-05-23 11:00:00,106.0,107.5,101.5,104.25,-1.65,1088.0,111070.0,-1
2019-05-23,2019-05-23 12:00:00,104.25,104.25,102.5,102.5,-1.68,1088.0,111070.0,-1
2019-05-23,2019-05-23 13:00:00,102.5,102.5,100.75,100.75,-1.71,1088.0,111070.0,-1
2019-05-23,2019-05-23 14:00:00,100.75,100.75,99.0,99.0,-1.74,1088.0,111070.0,-1
2019-05-23,2019-05-23 15:00:00,99.0,109.0,97.0,99.0,0.0,1088.0,111070.0,0
2019-05-26,2019-05-26 11:00:00,100.0,102.5,100.0,100.5,0.5,1126.0,114984.0,1
2019-05-26,2019-05-26 12:00:00,100.5,101.0,100.5,101.0,0.5,1126.0,114984.0,1
2019-05-26,2019-05-26 13:00:00,101.0,101.5,101.0,101.5,0.5,1126.0,114984.0,1
2019-05-26,2019-05-26 14:00:00,101.5,102.0,101.5,102.0,0.49,1126.0,114984.0,1
2019-05-26,2019-05-26 15:00:00,102.0,105.0,100.0,102.0,0.0,1126.0,114984.0,0
2019-05-27,2019-05-27 11:00:00,100.0,103.5,99.5,101.25,1.25,208.0,20912.0,1
2019-05-27,2019-05-27 12:00:00,101.25,102.5,101.25,102.5,1.23,208.0,20912.0,1
2019-05-27,2019-05-27 13:00:00,102.5,103.75,102.5,103.75,1.22,208.0,20912.0,1
2019-05-27,2019-05-27 14:00:00,103.75,105.0,103.75,105.0,1.2,208.0,20912.0,1
2019-05-27,2019-05-27 15:00:00,105.0,107.0,99.0,105.0,0.0,208.0,20912.0,0
2019-05-28,2019-05-28 11:00:00,102.0,102.0,100.0,101.0,-0.98,440.0,43286.0,-1
2019-05-28,2019-05-28 12:00:00,101.0,101.0,100.0,100.0,-0.99,440.0,43286.0,-1
2019-05-28,2019-05-28 13:00:00,100.0,100.0,99.0,99.0,-1.0,440.0,43286.0,-1
2019-05-28,2019-05-28 14:00:00,99.0,99.0,98.0,98.0,-1.01,440.0,43286.0,-1
2019-05-28,2019-05-28 15:00:00,98.0,102.0,98.0,98.0,0.0,440.0,43286.0,0
2019-05-29,2019-05-29 11:00:00,99.0,103.0,99.0,100.5,1.52,1554.0,163502.0,1
2019-05-29,2019-05-29 12:00:00,100.5,102.0,100.5,102.0,1.49,1554.0,163502.0,1
2019-05-29,2019-05-29 13:00:00,102.0,103.5,102.0,103.5,1.47,1554.0,163502.0,1
2019-05-29,2019-05-29 14:00:00,103.5,105.0,103.5,105.0,1.45,1554.0,163502.0,1
2019-05-29,2019-05-29 15:00:00,105.0,107.0,99.0,105.0,0.0,1554.0,163502.0,0
2019-05-30,2019-05-30 11:00:00,107.0,110.0,105.5,106.25,-0.7,964.0,103790.0,-1
2019-05-30,2019-05-30 12:00:00,106.25,106.25,105.5,105.5,-0.71,964.0,103790.0,-1
2019-05-30,2019-05-30 13:00:00,105.5,105.5,104.75,104.75,-0.71,964.0,103790.0,-1
2019-05-30,2019-05-30 14:00:00,104.75,104.75,104.0,104.0,-0.72,964.0,103790.0,-1
2019-05-30,2019-05-30 15:00:00,104.0,113.0,104.0,104.0,0.0,964.0,103790.0,0
2019-06-02,2019-06-02 11:00:00,102.0,107.0,102.0,104.0,1.96,158.0,16706.0,1
2019-06-02,2019-06-02 12:00:00,104.0,106.0,104.0,106.0,1.92,158.0,16706.0,1
2019-06-02,2019-06-02 13:00:00,106.0,108.0,106.0,108.0,1.89,158.0,16706.0,1
2019-06-02,2019-06-02 14:00:00,108.0,110.0,108.0,110.0,1.85,158.0,16706.0,1
2019-06-02,2019-06-02 15:00:00,110.0,112.0,102.0,110.0,0.0,158.0,16706.0,0
2019-06-03,2019-06-03 11:00:00,108.0,108.0,105.0,107.0,-0.93,370.0,39198.0,-1
2019-06-03,2019-06-03 12:00:00,107.0,107.0,106.0,106.0,-0.93,370.0,39198.0,-1
2019-06-03,2019-06-03 13:00:00,106.0,106.0,105.0,105.0,-0.94,370.0,39198.0,-1
2019-06-03,2019-06-03 14:00:00,105.0,105.0,104.0,104.0,-0.95,370.0,39198.0,-1
2019-06-03,2019-06-03 15:00:00,104.0,108.0,102.0,104.0,0.0,370.0,39198.0,0
2019-06-04,2019-06-04 11:00:00,103.0,103.5,102.0,103.25,0.24,302.0,30780.0,1
2019-06-04,2019-06-04 12:00:00,103.25,103.5,103.25,103.5,0.24,302.0,30780.0,1
2019-06-04,2019-06-04 13:00:00,103.5,103.75,103.5,103.75,0.24,302.0,30780.0,1
2019-06-04,2019-06-04 14:00:00,103.75,104.0,103.75,104.0,0.24,302.0,30780.0,1
2019-06-04,2019-06-04 15:00:00,104.0,104.0,101.0,104.0,0.0,302.0,30780.0,0
2019-06-06,2019-06-06 11:00:00,103.0,103.0,101.5,102.25,-0.73,428.0,43504.0,-1
2019-06-06,2019-06-06 12:00:00,102.25,102.25,101.5,101.5,-0.73,428.0,43504.0,-1
2019-06-06,2019-06-06 13:00:00,101.5,101.5,100.75,100.75,-0.74,428.0,43504.0,-1
2019-06-06,2019-06-06 14:00:00,100.75,100.75,100.0,100.0,-0.74,428.0,43504.0,-1
2019-06-06,2019-06-06 15:00:00,100.0,103.0,100.0,100.0,0.0,428.0,43504.0,0
2019-06-10,2019-06-10 11:00:00,102.0,102.5,101.0,101.5,-0.49,172.0,17354.0,-1
2019-06-10,2019-06-10 12:00:00,101.5,101.5,101.0,101.0,-0.49,172.0,17354.0,-1
2019-06-10,2019-06-10 13:00:00,101.0,101.0,100.5,100.5,-0.5,172.0,17354.0,-1
2019-06-10,2019-06-10 14:00:00,100.5,100.5,100.0,100.0,-0.5,172.0,17354.0,-1
2019-06-10,2019-06-10 15:00:00,100.0,103.0,100.0,100.0,0.0,172.0,17354.0,0
2019-06-11,2019-06-11 11:00:00,102.0,105.0,101.5,103.25,1.23,1045.6,110249.2,1
2019-06-11,2019-06-11 12:00:00,103.25,104.5,103.25,104.5,1.21,1045.6,110249.2,1
2019-06-11,2019-06-11 13:00:00,104.5,105.75,104.5,105.75,1.2,1045.6,110249.2,1
2019-06-11,2019-06-11 14:00:00,105.75,107.0,105.75,107.0,1.18,1045.6,110249.2,1
2019-06-11,2019-06-11 15:00:00,107.0,108.0,101.0,107.0,0.0,1045.6,110249.2,0
2019-06-12,2019-06-12 11:00:00,107.0,107.0,105.5,106.25,-0.7,262.0,27484.0,-1
2019-06-12,2019-06-12 12:00:00,106.25,106.25,105.5,105.5,-0.71,262.0,27484.0,-1
2019-06-12,2019-06-12 13:00:00,105.5,105.5,104.75,104.75,-0.71,262.0,27484.0,-1
2019-06-12,2019-06-12 14:00:00,104.75,104.75,104.0,104.0,-0.72,262.0,27484.0,-1
2019-06-12,2019-06-12 15:00:00,104.0,107.0,104.0,104.0,0.0,262.0,27484.0,0
2019-06-13,2019-06-13 11:00:00,102.0,105.0,102.0,102.25,0.25,450.0,47312.0,1
2019-06-13,2019-06-13 12:00:00,102.25,102.5,102.25,102.5,0.24,450.0,47312.0,1
2019-06-13,2019-06-13 13:00:00,102.5,102.75,102.5,102.75,0.24,450.0,47312.0,1
2019-06-13,2019-06-13 14:00:00,102.75,103.0,102.75,103.0,0.24,450.0,47312.0,1
2019-06-13,2019-06-13 15:00:00,103.0,108.0,102.0,103.0,0.0,450.0,47312.0,0
2019-06-16,2019-06-16 11:00:00,105.0,105.0,102.5,103.75,-1.19,950.0,95868.0,-1
2019-06-16,2019-06-16 12:00:00,103.75,103.75,102.5,102.5,-1.2,950.0,95868.0,-1
2019-06-16,2019-06-16 13:00:00,102.5,102.5,101.25,101.25,-1.22,950.0,95868.0,-1
2019-06-16,2019-06-16 14:00:00,101.25,101.25,100.0,100.0,-1.23,950.0,95868.0,-1
2019-06-16,2019-06-16 15:00:00,100.0,105.0,100.0,100.0,0.0,950.0,95868.0,0
2019-06-17,2019-06-17 11:00:00,102.0,102.0,101.5,101.75,-0.25,200.0,20354.0,-1
2019-06-17,2019-06-17 12:00:00,101.75,101.75,101.5,101.5,-0.25,200.0,20354.0,-1
2019-06-17,2019-06-17 13:00:00,101.5,101.5,101.25,101.25,-0.25,200.0,20354.0,-1
2019-06-17,2019-06-17 14:00:00,101.25,101.25,101.0,101.0,-0.25,200.0,20354.0,-1
2019-06-17,2019-06-17 15:00:00,101.0,102.0,101.0,101.0,0.0,200.0,20354.0,0
2019-06-18,2019-06-18 11:00:00,102.0,104.5,101.5,102.75,0.74,662.0,69042.0,1
2019-06-18,2019-06-18 12:00:00,102.75,103.5,102.75,103.5,0.73,662.0,69042.0,1
2019-06-18,2019-06-18 13:00:00,103.5,104.25,103.5,104.25,0.72,662.0,69042.0,1
2019-06-18,2019-06-18 14:00:00,104.25,105.0,104.25,105.0,0.72,662.0,69042.0,1
2019-06-18,2019-06-18 15:00:00,105.0,107.0,101.0,105.0,0.0,662.0,69042.0,0
2019-06-19,2019-06-19 11:00:00,103.0,105.0,103.0,103.75,0.73,658.0,69310.0,1
2019-06-19,2019-06-19 12:00:00,103.75,104.5,103.75,104.5,0.72,658.0,69310.0,1
2019-06-19,2019-06-19 13:00:00,104.5,105.25,104.5,105.25,0.72,658.0,69310.0,1
2019-06-19,2019-06-19 14:00:00,105.25,106.0,105.25,106.0,0.71,658.0,69310.0,1
2019-06-19,2019-06-19 15:00:00,106.0,107.0,103.0,106.0,0.0,658.0,69310.0,0
2019-06-20,2019-06-20 11:00:00,104.0,106.5,103.0,104.75,0.72,416.0,44408.0,1
2019-06-20,2019-06-20 12:00:00,104.75,105.5,104.75,105.5,0.72,416.0,44408.0,1
2019-06-20,2019-06-20 13:00:00,105.5,106.25,105.5,106.25,0.71,416.0,44408.0,1
2019-06-20,2019-06-20 14:00:00,106.25,107.0,106.25,107.0,0.71,416.0,44408.0,1
2019-06-20,2019-06-20 15:00:00,107.0,109.0,102.0,107.0,0.0,416.0,44408.0,0
2019-06-23,2019-06-23 11:00:00,105.0,107.0,105.0,105.0,0.0,850.0,90426.0,0
2019-06-23,2019-06-23 12:00:00,105.0,105.0,105.0,105.0,0.0,850.0,90426.0,0
2019-06-23,2019-06-23 13:00:00,105.0,105.0,105.0,105.0,0.0,850.0,90426.0,0
2019-06-23,2019-06-23 14:00:00,105.0,105.0,105.0,105.0,0.0,850.0,90426.0,0
2019-06-23,2019-06-23 15:00:00,105.0,109.0,105.0,105.0,0.0,850.0,90426.0,0
2019-06-24,2019-06-24 11:00:00,104.0,105.5,104.0,104.0,0.0,146.0,15320.0,0
2019-06-24,2019-06-24 12:00:00,104.0,104.0,104.0,104.0,0.0,146.0,15320.0,0
2019-06-24,2019-06-24 13:00:00,104.0,104.0,104.0,104.0,0.0,146.0,15320.0,0
2019-06-24,2019-06-24 14:00:00,104.0,104.0,104.0,104.0,0.0,146.0,15320.0,0
2019-06-24,2019-06-24 15:00:00,104.0,107.0,104.0,104.0,0.0,146.0,15320.0,0
2019-06-25,2019-06-25 11:00:00,102.0,103.5,102.0,102.5,0.49,114.0,11874.0,1
2019-06-25,2019-06-25 12:00:00,102.5,103.0,102.5,103.0,0.49,114.0,11874.0,1
2019-06-25,2019-06-25 13:00:00,103.0,103.5,103.0,103.5,0.49,114.0,11874.0,1
2019-06-25,2019-06-25 14:00:00,103.5,104.0,103.5,104.0,0.48,114.0,11874.0,1
2019-06-25,2019-06-25 15:00:00,104.0,105.0,102.0,104.0,0.0,114.0,11874.0,0
2019-06-26,2019-06-26 11:00:00,102.0,103.5,102.0,102.75,0.74,162.0,16714.0,1
2019-06-26,2019-06-26 12:00:00,102.75,103.5,102.75,103.5,0.73,162.0,16714.0,1
2019-06-26,2019-06-26 13:00:00,103.5,104.25,103.5,104.25,0.72,162.0,16714.0,1
2019-06-26,2019-06-26 14:00:00,104.25,105.0,104.25,105.0,0.72,162.0,16714.0,1
2019-06-26,2019-06-26 15:00:00,105.0,105.0,102.0,105.0,0.0,162.0,16714.0,0
2019-06-27,2019-06-27 11:00:00,103.0,104.0,103.0,103.25,0.24,136.0,14074.0,1
2019-06-27,2019-06-27 12:00:00,103.25,103.5,103.25,103.5,0.24,136.0,14074.0,1
2019-06-27,2019-06-27 13:00:00,103.5,103.75,103.5,103.75,0.24,136.0,14074.0,1
2019-06-27,2019-06-27 14:00:00,103.75,104.0,103.75,104.0,0.24,136.0,14074.0,1
2019-06-27,2019-06-27 15:00:00,104.0,105.0,103.0,104.0,0.0,136.0,14074.0,0
2019-06-30,2019-06-30 11:00:00,102.0,103.5,102.0,102.25,0.25,116.0,12018.0,1
2019-06-30,2019-06-30 12:00:00,102.25,102.5,102.25,102.5,0.24,116.0,12018.0,1
2019-06-30,2019-06-30 13:00:00,102.5,102.75,102.5,102.75,0.24,116.0,12018.0,1
2019-06-30,2019-06-30 14:00:00,102.75,103.0,102.75,103.0,0.24,116.0,12018.0,1
2019-06-30,2019-06-30 15:00:00,103.0,105.0,102.0,103.0,0.0,116.0,12018.0,0
2019-07-01,2019-07-01 11:00:00,101.0,103.0,101.0,101.75,0.74,230.0,23878.0,1
2019-07-01,2019-07-01 12:00:00,101.75,102.5,101.75,102.5,0.74,230.0,23878.0,1
2019-07-01,2019-07-01 13:00:00,102.5,103.25,102.5,103.25,0.73,230.0,23878.0,1
2019-07-01,2019-07-01 14:00:00,103.25,104.0,103.25,104.0,0.73,230.0,23878.0,1
2019-07-01,2019-07-01 15:00:00,104.0,105.0,101.0,104.0,0.0,230.0,23878.0,0
2019-07-02,2019-07-02 11:00:00,104.0,104.5,103.5,104.0,0.0,114.0,11865.0,0
2019-07-02,2019-07-02 12:00:00,104.0,104.0,104.0,104.0,0.0,114.0,11865.0,0
2019-07-02,2019-07-02 13:00:00,104.0,104.0,104.0,104.0,0.0,114.0,11865.0,0
2019-07-02,2019-07-02 14:00:00,104.0,104.0,104.0,104.0,0.0,114.0,11865.0,0
2019-07-02,2019-07-02 15:00:00,104.0,105.0,103.0,104.0,0.0,114.0,11865.0,0
2019-07-03,2019-07-03 11:00:00,103.0,105.0,103.0,103.75,0.73,458.0,48274.0,1
2019-07-03,2019-07-03 12:00:00,103.75,104.5,103.75,104.5,0.72,458.0,48274.0,1
2019-07-03,2019-07-03 13:00:00,104.5,105.25,104.5,105.25,0.72,458.0,48274.0,1
2019-07-03,2019-07-03 14:00:00,105.25,106.0,105.25,106.0,0.71,458.0,48274.0,1
2019-07-03,2019-07-03 15:00:00,106.0,107.0,103.0,106.0,0.0,458.0,48274.0,0
2019-07-04,2019-07-04 11:00:00,104.0,105.5,104.0,104.75,0.72,204.0,21354.0,1
2019-07-04,2019-07-04 12:00:00,104.75,105.5,104.75,105.5,0.72,204.0,21354.0,1
2019-07-04,2019-07-04 13:00:00,105.5,106.25,105.5,106.25,0.71,204.0,21354.0,1
2019-07-04,2019-07-04 14:00:00,106.25,107.0,106.25,107.0,0.71,204.0,21354.0,1
2019-07-04,2019-07-04 15:00:00,107.0,107.0,104.0,107.0,0.0,204.0,21354.0,0
2019-07-07,2019-07-07 11:00:00,105.0,105.5,104.5,104.75,-0.24,154.0,16188.0,-1
2019-07-07,2019-07-07 12:00:00,104.75,104.75,104.5,104.5,-0.24,154.0,16188.0,-1
2019-07-07,2019-07-07 13:00:00,104.5,104.5,104.25,104.25,-0.24,154.0,16188.0,-1
2019-07-07,2019-07-07 14:00:00,104.25,104.25,104.0,104.0,-0.24,154.0,16188.0,-1
2019-07-07,2019-07-07 15:00:00,104.0,106.0,104.0,104.0,0.0,154.0,16188.0,0
2019-07-08,2019-07-08 11:00:00,103.0,104.5,102.5,102.75,-0.24,242.0,25204.0,-1
2019-07-08,2019-07-08 12:00:00,102.75,102.75,102.5,102.5,-0.24,242.0,25204.0,-1
2019-07-08,2019-07-08 13:00:00,102.5,102.5,102.25,102.25,-0.24,242.0,25204.0,-1
2019-07-08,2019-07-08 14:00:00,102.25,102.25,102.0,102.0,-0.24,242.0,25204.0,-1
2019-07-08,2019-07-08 15:00:00,102.0,106.0,102.0,102.0,0.0,242.0,25204.0,0
2019-07-09,2019-07-09 11:00:00,102.0,103.0,102.0,102.5,0.49,128.0,13200.0,1
2019-07-09,2019-07-09 12:00:00,102.5,103.0,102.5,103.0,0.49,128.0,13200.0,1
2019-07-09,2019-07-09 13:00:00,103.0,103.5,103.0,103.5,0.49,128.0,13200.0,1
2019-07-09,2019-07-09 14:00:00,103.5,104.0,103.5,104.0,0.48,128.0,13200.0,1
2019-07-09,2019-07-09 15:00:00,104.0,104.0,102.0,104.0,0.0,128.0,13200.0,0
2019-07-10,2019-07-10 11:00:00,103.0,104.0,103.0,103.5,0.49,118.0,12352.0,1
2019-07-10,2019-07-10 12:00:00,103.5,104.0,103.5,104.0,0.48,118.0,12352.0,1
2019-07-10,2019-07-10 13:00:00,104.0,104.5,104.0,104.5,0.48,118.0,12352.0,1
2019-07-10,2019-07-10 14:00:00,104.5,105.0,104.5,105.0,0.48,118.0,12352.0,1
2019-07-10,2019-07-10 15:00:00,105.0,105.0,103.0,105.0,0.0,118.0,12352.0,0
2019-07-11,2019-07-11 11:00:00,103.0,103.5,102.5,103.25,0.24,108.0,11148.0,1
2019-07-11,2019-07-11 12:00:00,103.25,103.5,103.25,103.5,0.24,108.0,11148.0,1
2019-07-11,2019-07-11 13:00:00,103.5,103.75,103.5,103.75,0.24,108.0,11148.0,1
2019-07-11,2019-07-11 14:00:00,103.75,104.0,103.75,104.0,0.24,108.0,11148.0,1
2019-07-11,2019-07-11 15:00:00,104.0,104.0,102.0,104.0,0.0,108.0,11148.0,0
2019-07-14,2019-07-14 11:00:00,103.0,103.5,103.0,103.25,0.24,86.0,8934.0,1
2019-07-14,2019-07-14 12:00:00,103.25,103.5,103.25,103.5,0.24,86.0,8934.0,1
2019-07-14,2019-07-14 13:00:00,103.5,103.75,103.5,103.75,0.24,86.0,8934.0,1
2019-07-14,2019-07-14 14:00:00,103.75,104.0,103.75,104.0,0.24,86.0,8934.0,1
2019-07-14,2019-07-14 15:00:00,104.0,104.0,103.0,104.0,0.0,86.0,8934.0,0
2019-07-15,2019-07-15 11:00:00,103.0,103.0,103.0,103.0,0.0,72.0,7416.0,0
2019-07-15,2019-07-15 12:00:00,103.0,103.0,103.0,103.0,0.0,72.0,7416.0,0
2019-07-15,2019-07-15 13:00:00,103.0,103.0,103.0,103.0,0.0,72.0,7416.0,0
2019-07-15,2019-07-15 14:00:00,103.0,103.0,103.0,103.0,0.0,72.0,7416.0,0
2019-07-15,2019-07-15 15:00:00,103.0,103.0,103.0,103.0,0.0,72.0,7416.0,0
2019-07-16,2019-07-16 11:00:00,104.0,105.5,104.0,104.25,0.24,270.0,28542.0,1
2019-07-16,2019-07-16 12:00:00,104.25,104.5,104.25,104.5,0.24,270.0,28542.0,1
2019-07-16,2019-07-16 13:00:00,104.5,104.75,104.5,104.75,0.24,270.0,28542.0,1
2019-07-16,2019-07-16 14:00:00,104.75,105.0,104.75,105.0,0.24,270.0,28542.0,1
2019-07-16,2019-07-16 15:00:00,105.0,107.0,104.0,105.0,0.0,270.0,28542.0,0
2019-07-17,2019-07-17 11:00:00,103.0,106.0,103.0,103.75,0.73,164.0,17274.0,1
2019-07-17,2019-07-17 12:00:00,103.75,104.5,103.75,104.5,0.72,164.0,17274.0,1
2019-07-17,2019-07-17 13:00:00,104.5,105.25,104.5,105.25,0.72,164.0,17274.0,1
2019-07-17,2019-07-17 14:00:00,105.25,106.0,105.25,106.0,0.71,164.0,17274.0,1
2019-07-17,2019-07-17 15:00:00,106.0,109.0,103.0,106.0,0.0,164.0,17274.0,0
2019-07-18,2019-07-18 11:00:00,104.0,105.0,104.0,104.25,0.24,58.0,6070.0,1
2019-07-18,2019-07-18 12:00:00,104.25,104.5,104.25,104.5,0.24,58.0,6070.0,1
2019-07-18,2019-07-18 13:00:00,104.5,104.75,104.5,104.75,0.24,58.0,6070.0,1
2019-07-18,2019-07-18 14:00:00,104.75,105.0,104.75,105.0,0.24,58.0,6070.0,1
2019-07-18,2019-07-18 15:00:00,105.0,106.0,104.0,105.0,0.0,58.0,6070.0,0
2019-07-21,2019-07-21 11:00:00,107.0,107.0,105.0,106.0,-0.93,74.0,7694.0,-1
2019-07-21,2019-07-21 12:00:00,106.0,106.0,105.0,105.0,-0.94,74.0,7694.0,-1
2019-07-21,2019-07-21 13:00:00,105.0,105.0,104.0,104.0,-0.95,74.0,7694.0,-1
2019-07-21,2019-07-21 14:00:00,104.0,104.0,103.0,103.0,-0.96,74.0,7694.0,-1
2019-07-21,2019-07-21 15:00:00,103.0,107.0,103.0,103.0,0.0,74.0,7694.0,0
2019-07-22,2019-07-22 11:00:00,103.0,103.0,103.0,103.0,0.0,114.0,11742.0,0
2019-07-22,2019-07-22 12:00:00,103.0,103.0,103.0,103.0,0.0,114.0,11742.0,0
2019-07-22,2019-07-22 13:00:00,103.0,103.0,103.0,103.0,0.0,114.0,11742.0,0
2019-07-22,2019-07-22 14:00:00,103.0,103.0,103.0,103.0,0.0,114.0,11742.0,0
2019-07-22,2019-07-22 15:00:00,103.0,103.0,103.0,103.0,0.0,114.0,11742.0,0
2019-07-23,2019-07-23 11:00:00,103.0,103.0,102.5,102.75,-0.24,86.0,8834.0,-1
2019-07-23,2019-07-23 12:00:00,102.75,102.75,102.5,102.5,-0.24,86.0,8834.0,-1
2019-07-23,2019-07-23 13:00:00,102.5,102.5,102.25,102.25,-0.24,86.0,8834.0,-1
2019-07-23,2019-07-23 14:00:00,102.25,102.25,102.0,102.0,-0.24,86.0,8834.0,-1
2019-07-23,2019-07-23 15:00:00,102.0,103.0,102.0,102.0,0.0,86.0,8834.0,0
2019-07-24,2019-07-24 11:00:00,103.0,103.0,102.0,102.5,-0.49,288.0,29360.0,-1
2019-07-24,2019-07-24 12:00:00,102.5,102.5,102.0,102.0,-0.49,288.0,29360.0,-1
2019-07-24,2019-07-24 13:00:00,102.0,102.0,101.5,101.5,-0.49,288.0,29360.0,-1
2019-07-24,2019-07-24 14:00:00,101.5,101.5,101.0,101.0,-0.49,288.0,29360.0,-1
2019-07-24,2019-07-24 15:00:00,101.0,103.0,101.0,101.0,0.0,288.0,29360.0,0
2019-07-25,2019-07-25 11:00:00,102.0,104.0,101.0,101.75,-0.25,448.0,45280.0,-1
2019-07-25,2019-07-25 12:00:00,101.75,101.75,101.5,101.5,-0.25,448.0,45280.0,-1
2019-07-25,2019-07-25 13:00:00,101.5,101.5,101.25,101.25,-0.25,448.0,45280.0,-1
2019-07-25,2019-07-25 14:00:00,101.25,101.25,101.0,101.0,-0.25,448.0,45280.0,-1
2019-07-25,2019-07-25 15:00:00,101.0,106.0,100.0,101.0,0.0,448.0,45280.0,0
2019-07-28,2019-07-28 11:00:00,100.0,100.5,100.0,100.0,0.0,276.0,27606.0,0
2019-07-28,2019-07-28 12:00:00,100.0,100.0,100.0,100.0,0.0,276.0,27606.0,0
2019-07-28,2019-07-28 13:00:00,100.0,100.0,100.0,100.0,0.0,276.0,27606.0,0
2019-07-28,2019-07-28 14:00:00,100.0,100.0,100.0,100.0,0.0,276.0,27606.0,0
2019-07-28,2019-07-28 15:00:00,100.0,101.0,100.0,100.0,0.0,276.0,27606.0,0
2019-07-29,2019-07-29 11:00:00,100.0,100.5,100.0,100.0,0.0,80.0,8002.0,0
2019-07-29,2019-07-29 12:00:00,100.0,100.0,100.0,100.0,0.0,80.0,8002.0,0
2019-07-29,2019-07-29 13:00:00,100.0,100.0,100.0,100.0,0.0,80.0,8002.0,0
2019-07-29,2019-07-29 14:00:00,100.0,100.0,100.0,100.0,0.0,80.0,8002.0,0
2019-07-29,2019-07-29 15:00:00,100.0,101.0,100.0,100.0,0.0,80.0,8002.0,0
2019-07-30,2019-07-30 11:00:00,100.0,101.0,99.5,100.0,0.0,388.0,38970.0,0
2019-07-30,2019-07-30 12:00:00,100.0,100.0,100.0,100.0,0.0,388.0,38970.0,0
2019-07-30,2019-07-30 13:00:00,100.0,100.0,100.0,100.0,0.0,388.0,38970.0,0
2019-07-30,2019-07-30 14:00:00,100.0,100.0,100.0,100.0,0.0,388.0,38970.0,0
2019-07-30,2019-07-30 15:00:00,100.0,102.0,99.0,100.0,0.0,388.0,38970.0,0
2019-07-31,2019-07-31 11:00:00,99.0,99.5,98.5,99.0,0.0,108.0,10714.0,0
2019-07-31,2019-07-31 12:00:00,99.0,99.0,99.0,99.0,0.0,108.0,10714.0,0
2019-07-31,2019-07-31 13:00:00,99.0,99.0,99.0,99.0,0.0,108.0,10714.0,0
2019-07-31,2019-07-31 14:00:00,99.0,99.0,99.0,99.0,0.0,108.0,10714.0,0
2019-07-31,2019-07-31 15:00:00,99.0,100.0,98.0,99.0,0.0,108.0,10714.0,0
2019-08-01,2019-08-01 11:00:00,100.0,103.5,99.5,101.0,1.0,659.2,67339.2,1
2019-08-01,2019-08-01 12:00:00,101.0,102.0,101.0,102.0,0.99,659.2,67339.2,1
2019-08-01,2019-08-01 13:00:00,102.0,103.0,102.0,103.0,0.98,659.2,67339.2,1
2019-08-01,2019-08-01 14:00:00,103.0,104.0,103.0,104.0,0.97,659.2,67339.2,1
2019-08-01,2019-08-01 15:00:00,104.0,107.0,99.0,104.0,0.0,659.2,67339.2,0
2019-08-04,2019-08-04 11:00:00,105.0,109.5,105.0,105.75,0.71,1893.8,206203.8,1
2019-08-04,2019-08-04 12:00:00,105.75,106.5,105.75,106.5,0.71,1893.8,206203.8,1
2019-08-04,2019-08-04 13:00:00,106.5,107.25,106.5,107.25,0.7,1893.8,206203.8,1
2019-08-04,2019-08-04 14:00:00,107.25,108.0,107.25,108.0,0.7,1893.8,206203.8,1
2019-08-04,2019-08-04 15:00:00,108.0,114.0,105.0,108.0,0.0,1893.8,206203.8,0
2019-08-05,2019-08-05 11:00:00,108.0,108.0,106.0,107.25,-0.69,222.0,23339.2,-1
2019-08-05,2019-08-05 12:00:00,107.25,107.25,106.5,106.5,-0.7,222.0,23339.2,-1
2019-08-05,2019-08-05 13:00:00,106.5,106.5,105.75,105.75,-0.7,222.0,23339.2,-1
2019-08-05,2019-08-05 14:00:00,105.75,105.75,105.0,105.0,-0.71,222.0,23339.2,-1
2019-08-05,2019-08-05 15:00:00,105.0,108.0,104.0,105.0,0.0,222.0,23339.2,0
2019-08-06,2019-08-06 11:00:00,103.0,106.0,102.0,103.25,0.24,264.0,27740.0,1
2019-08-06,2019-08-06 12:00:00,103.25,103.5,103.25,103.5,0.24,264.0,27740.0,1
2019-08-06,2019-08-06 13:00:00,103.5,103.75,103.5,103.75,0.24,264.0,27740.0,1
2019-08-06,2019-08-06 14:00:00,103.75,104.0,103.75,104.0,0.24,264.0,27740.0,1
2019-08-06,2019-08-06 15:00:00,104.0,109.0,101.0,104.0,0.0,264.0,27740.0,0
2019-08-07,2019-08-07 11:00:00,102.0,104.0,101.5,103.0,0.98,147.0,15250.0,1
2019-08-07,2019-08-07 12:00:00,103.0,104.0,103.0,104.0,0.97,147.0,15250.0,1
2019-08-07,2019-08-07 13:00:00,104.0,105.0,104.0,105.0,0.96,147.0,15250.0,1
2019-08-07,2019-08-07 14:00:00,105.0,106.0,105.0,106.0,0.95,147.0,15250.0,1
2019-08-07,2019-08-07 15:00:00,106.0,106.0,101.0,106.0,0.0,147.0,15250.0,0
2019-08-08,2019-08-08 11:00:00,104.0,104.0,103.0,103.75,-0.24,170.0,17545.2,-1
2019-08-08,2019-08-08 12:00:00,103.75,103.75,103.5,103.5,-0.24,170.0,17545.2,-1
2019-08-08,2019-08-08 13:00:00,103.5,103.5,103.25,103.25,-0.24,170.0,17545.2,-1
2019-08-08,2019-08-08 14:00:00,103.25,103.25,103.0,103.0,-0.24,170.0,17545.2,-1
2019-08-08,2019-08-08 15:00:00,103.0,104.0,102.0,103.0,0.0,170.0,17545.2,0
2019-08-11,2019-08-11 11:00:00,101.0,102.0,100.5,101.25,0.25,138.0,14096.0,1
2019-08-11,2019-08-11 12:00:00,101.25,101.5,101.25,101.5,0.25,138.0,14096.0,1
2019-08-11,2019-08-11 13:00:00,101.5,101.75,101.5,101.75,0.25,138.0,14096.0,1
2019-08-11,2019-08-11 14:00:00,101.75,102.0,101.75,102.0,0.25,138.0,14096.0,1
2019-08-11,2019-08-11 15:00:00,102.0,103.0,100.0,102.0,0.0,138.0,14096.0,0
2019-08-12,2019-08-12 11:00:00,100.0,102.5,100.0,100.5,0.5,228.0,23168.0,1
2019-08-12,2019-08-12 12:00:00,100.5,101.0,100.5,101.0,0.5,228.0,23168.0,1
2019-08-12,2019-08-12 13:00:00,101.0,101.5,101.0,101.5,0.5,228.0,23168.0,1
2019-08-12,2019-08-12 14:00:00,101.5,102.0,101.5,102.0,0.49,228.0,23168.0,1
2019-08-12,2019-08-12 15:00:00,102.0,105.0,100.0,102.0,0.0,228.0,23168.0,0
2019-08-13,2019-08-13 11:00:00,102.0,102.0,101.5,101.75,-0.25,58.0,5874.0,-1
2019-08-13,2019-08-13 12:00:00,101.75,101.75,101.5,101.5,-0.25,58.0,5874.0,-1
2019-08-13,2019-08-13 13:00:00,101.5,101.5,101.25,101.25,-0.25,58.0,5874.0,-1
2019-08-13,2019-08-13 14:00:00,101.25,101.25,101.0,101.0,-0.25,58.0,5874.0,-1
2019-08-13,2019-08-13 15:00:00,101.0,102.0,101.0,101.0,0.0,58.0,5874.0,0
2019-08-14,2019-08-14 11:00:00,102.0,102.0,101.5,101.75,-0.25,78.0,7906.0,-1
2019-08-14,2019-08-14 12:00:00,101.75,101.75,101.5,101.5,-0.25,78.0,7906.0,-1
2019-08-14,2019-08-14 13:00:00,101.5,101.5,101.25,101.25,-0.25,78.0,7906.0,-1
2019-08-14,2019-08-14 14:00:00,101.25,101.25,101.0,101.0,-0.25,78.0,7906.0,-1
2019-08-14,2019-08-14 15:00:00,101.0,102.0,101.0,101.0,0.0,78.0,7906.0,0
2019-08-15,2019-08-15 11:00:00,100.0,101.0,100.0,100.0,0.0,112.0,11304.0,0
2019-08-15,2019-08-15 12:00:00,100.0,100.0,100.0,100.0,0.0,112.0,11304.0,0
2019-08-15,2019-08-15 13:00:00,100.0,100.0,100.0,100.0,0.0,112.0,11304.0,0
2019-08-15,2019-08-15 14:00:00,100.0,100.0,100.0,100.0,0.0,112.0,11304.0,0
2019-08-15,2019-08-15 15:00:00,100.0,102.0,100.0,100.0,0.0,112.0,11304.0,0
2019-08-18,2019-08-18 11:00:00,101.0,101.0,100.0,100.75,-0.25,74.0,7386.0,-1
2019-08-18,2019-08-18 12:00:00,100.75,100.75,100.5,100.5,-0.25,74.0,7386.0,-1
2019-08-18,2019-08-18 13:00:00,100.5,100.5,100.25,100.25,-0.25,74.0,7386.0,-1
2019-08-18,2019-08-18 14:00:00,100.25,100.25,100.0,100.0,-0.25,74.0,7386.0,-1
2019-08-18,2019-08-18 15:00:00,100.0,101.0,99.0,100.0,0.0,74.0,7386.0,0
2019-08-19,2019-08-19 11:00:00,100.0,101.0,99.5,99.75,-0.25,174.0,17390.0,-1
2019-08-19,2019-08-19 12:00:00,99.75,99.75,99.5,99.5,-0.25,174.0,17390.0,-1
2019-08-19,2019-08-19 13:00:00,99.5,99.5,99.25,99.25,-0.25,174.0,17390.0,-1
2019-08-19,2019-08-19 14:00:00,99.25,99.25,99.0,99.0,-0.25,174.0,17390.0,-1
2019-08-19,2019-08-19 15:00:00,99.0,102.0,99.0,99.0,0.0,174.0,17390.0,0
2019-08-20,2019-08-20 11:00:00,99.0,99.25,99.0,99.25,0.25,822.0,81102.0,1
2019-08-20,2019-08-20 12:00:00,99.25,99.5,99.25,99.5,0.25,822.0,81102.0,1
2019-08-20,2019-08-20 13:00:00,99.5,99.75,99.5,99.75,0.25,822.0,81102.0,1
2019-08-20,2019-08-20 14:00:00,99.75,100.0,99.75,100.0,0.25,822.0,81102.0,1
2019-08-20,2019-08-20 15:00:00,100.0,100.0,100.0,100.0,0.0,822.0,81102.0,0
2019-08-21,2019-08-21 11:00:00,98.0,98.5,97.0,97.5,-0.51,236.0,22994.0,-1
2019-08-21,2019-08-21 12:00:00,97.5,97.5,97.0,97.0,-0.51,236.0,22994.0,-1
2019-08-21,2019-08-21 13:00:00,97.0,97.0,96.5,96.5,-0.52,236.0,22994.0,-1
2019-08-21,2019-08-21 14:00:00,96.5,96.5,96.0,96.0,-0.52,236.0,22994.0,-1
2019-08-21,2019-08-21 15:00:00,96.0,99.0,96.0,96.0,0.0,236.0,22994.0,0
2019-08-22,2019-08-22 11:00:00,96.0,96.0,95.5,96.0,0.0,226.0,21579.0,0
2019-08-22,2019-08-22 12:00:00,96.0,96.0,96.0,96.0,0.0,226.0,21579.0,0
2019-08-22,2019-08-22 13:00:00,96.0,96.0,96.0,96.0,0.0,226.0,21579.0,0
2019-08-22,2019-08-22 14:00:00,96.0,96.0,96.0,96.0,0.0,226.0,21579.0,0
2019-08-22,2019-08-22 15:00:00,96.0,96.0,95.0,96.0,0.0,226.0,21579.0,0
2019-08-25,2019-08-25 11:00:00,96.0,96.0,94.5,95.5,-0.52,152.0,14404.0,-1
2019-08-25,2019-08-25 12:00:00,95.5,95.5,95.0,95.0,-0.52,152.0,14404.0,-1
2019-08-25,2019-08-25 13:00:00,95.0,95.0,94.5,94.5,-0.53,152.0,14404.0,-1
2019-08-25,2019-08-25 14:00:00,94.5,94.5,94.0,94.0,-0.53,152.0,14404.0,-1
2019-08-25,2019-08-25 15:00:00,94.0,96.0,93.0,94.0,0.0,152.0,14404.0,0
2019-08-26,2019-08-26 11:00:00,93.0,94.5,93.0,93.5,0.54,46.0,4356.0,1
2019-08-26,2019-08-26 12:00:00,93.5,94.0,93.5,94.0,0.53,46.0,4356.0,1
2019-08-26,2019-08-26 13:00:00,94.0,94.5,94.0,94.5,0.53,46.0,4356.0,1
2019-08-26,2019-08-26 14:00:00,94.5,95.0,94.5,95.0,0.53,46.0,4356.0,1
2019-08-26,2019-08-26 15:00:00,95.0,96.0,93.0,95.0,0.0,46.0,4356.0,0
2019-08-27,2019-08-27 11:00:00,96.0,96.0,95.0,95.75,-0.26,41.0,3894.0,-1
2019-08-27,2019-08-27 12:00:00,95.75,95.75,95.5,95.5,-0.26,41.0,3894.0,-1
2019-08-27,2019-08-27 13:00:00,95.5,95.5,95.25,95.25,-0.26,41.0,3894.0,-1
2019-08-27,2019-08-27 14:00:00,95.25,95.25,95.0,95.0,-0.26,41.0,3894.0,-1
2019-08-27,2019-08-27 15:00:00,95.0,96.0,94.0,95.0,0.0,41.0,3894.0,0
2019-08-28,2019-08-28 11:00:00,94.0,94.5,94.0,94.0,0.0,60.0,5664.0,0
2019-08-28,2019-08-28 12:00:00,94.0,94.0,94.0,94.0,0.0,60.0,5664.0,0
2019-08-28,2019-08-28 13:00:00,94.0,94.0,94.0,94.0,0.0,60.0,5664.0,0
2019-08-28,2019-08-28 14:00:00,94.0,94.0,94.0,94.0,0.0,60.0,5664.0,0
2019-08-28,2019-08-28 15:00:00,94.0,95.0,94.0,94.0,0.0,60.0,5664.0,0
2019-08-29,2019-08-29 11:00:00,93.0,93.0,93.0,93.0,0.0,76.0,7068.0,0
2019-08-29,2019-08-29 12:00:00,93.0,93.0,93.0,93.0,0.0,76.0,7068.0,0
2019-08-29,2019-08-29 13:00:00,93.0,93.0,93.0,93.0,0.0,76.0,7068.0,0
2019-08-29,2019-08-29 14:00:00,93.0,93.0,93.0,93.0,0.0,76.0,7068.0,0
2019-08-29,2019-08-29 15:00:00,93.0,93.0,93.0,93.0,0.0,76.0,7068.0,0
2019-09-01,2019-09-01 11:00:00,92.0,92.0,91.0,91.75,-0.27,96.0,8784.0,-1
2019-09-01,2019-09-01 12:00:00,91.75,91.75,91.5,91.5,-0.27,96.0,8784.0,-1
2019-09-01,2019-09-01 13:00:00,91.5,91.5,91.25,91.25,-0.27,96.0,8784.0,-1
2019-09-01,2019-09-01 14:00:00,91.25,91.25,91.0,91.0,-0.27,96.0,8784.0,-1
2019-09-01,2019-09-01 15:00:00,91.0,92.0,90.0,91.0,0.0,96.0,8784.0,0
2019-09-02,2019-09-02 11:00:00,90.0,90.0,89.0,89.5,-0.56,116.0,10350.0,-1
2019-09-02,2019-09-02 12:00:00,89.5,89.5,89.0,89.0,-0.56,116.0,10350.0,-1
2019-09-02,2019-09-02 13:00:00,89.0,89.0,88.5,88.5,-0.56,116.0,10350.0,-1
2019-09-02,2019-09-02 14:00:00,88.5,88.5,88.0,88.0,-0.56,116.0,10350.0,-1
2019-09-02,2019-09-02 15:00:00,88.0,90.0,88.0,88.0,0.0,116.0,10350.0,0
2019-09-03,2019-09-03 11:00:00,87.0,88.0,84.5,87.5,0.57,424.0,36232.0,1
2019-09-03,2019-09-03 12:00:00,87.5,88.0,87.5,88.0,0.57,424.0,36232.0,1
2019-09-03,2019-09-03 13:00:00,88.0,88.5,88.0,88.5,0.57,424.0,36232.0,1
2019-09-03,2019-09-03 14:00:00,88.5,89.0,88.5,89.0,0.56,424.0,36232.0,1
2019-09-03,2019-09-03 15:00:00,89.0,89.0,82.0,89.0,0.0,424.0,36232.0,0
2019-09-04,2019-09-04 11:00:00,88.0,90.5,88.0,88.5,0.57,174.0,15702.0,1
2019-09-04,2019-09-04 12:00:00,88.5,89.0,88.5,89.0,0.56,174.0,15702.0,1
2019-09-04,2019-09-04 13:00:00,89.0,89.5,89.0,89.5,0.56,174.0,15702.0,1
2019-09-04,2019-09-04 14:00:00,89.5,90.0,89.5,90.0,0.56,174.0,15702.0,1
2019-09-04,2019-09-04 15:00:00,90.0,93.0,88.0,90.0,0.0,174.0,15702.0,0
2019-09-05,2019-09-05 11:00:00,91.0,91.5,89.0,90.0,-1.1,124.0,10996.0,-1
2019-09-05,2019-09-05 12:00:00,90.0,90.0,89.0,89.0,-1.11,124.0,10996.0,-1
2019-09-05,2019-09-05 13:00:00,89.0,89.0,88.0,88.0,-1.12,124.0,10996.0,-1
2019-09-05,2019-09-05 14:00:00,88.0,88.0,87.0,87.0,-1.14,124.0,10996.0,-1
2019-09-05,2019-09-05 15:00:00,87.0,92.0,87.0,87.0,0.0,124.0,10996.0,0
2019-09-08,2019-09-08 11:00:00,86.0,86.0,85.0,85.75,-0.29,52.0,4406.0,-1
2019-09-08,2019-09-08 12:00:00,85.75,85.75,85.5,85.5,-0.29,52.0,4406.0,-1
2019-09-08,2019-09-08 13:00:00,85.5,85.5,85.25,85.25,-0.29,52.0,4406.0,-1
2019-09-08,2019-09-08 14:00:00,85.25,85.25,85.0,85.0,-0.29,52.0,4406.0,-1
2019-09-08,2019-09-08 15:00:00,85.0,86.0,84.0,85.0,0.0,52.0,4406.0,0
2019-09-09,2019-09-09 11:00:00,84.0,84.0,83.0,83.75,-0.3,77.0,6395.0,-1
2019-09-09,2019-09-09 12:00:00,83.75,83.75,83.5,83.5,-0.3,77.0,6395.0,-1
2019-09-09,2019-09-09 13:00:00,83.5,83.5,83.25,83.25,-0.3,77.0,6395.0,-1
2019-09-09,2019-09-09 14:00:00,83.25,83.25,83.0,83.0,-0.3,77.0,6395.0,-1
2019-09-09,2019-09-09 15:00:00,83.0,84.0,82.0,83.0,0.0,77.0,6395.0,0
2019-09-10,2019-09-10 11:00:00,83.0,85.5,83.0,84.25,1.51,438.0,37322.0,1
2019-09-10,2019-09-10 12:00:00,84.25,85.5,84.25,85.5,1.48,438.0,37322.0,1
2019-09-10,2019-09-10 13:00:00,85.5,86.75,85.5,86.75,1.46,438.0,37322.0,1
2019-09-10,2019-09-10 14:00:00,86.75,88.0,86.75,88.0,1.44,438.0,37322.0,1
2019-09-10,2019-09-10 15:00:00,88.0,88.0,83.0,88.0,0.0,438.0,37322.0,0
2019-09-11,2019-09-11 11:00:00,88.0,88.0,87.0,87.5,-0.57,30.0,2610.0,-1
2019-09-11,2019-09-11 12:00:00,87.5,87.5,87.0,87.0,-0.57,30.0,2610.0,-1
2019-09-11,2019-09-11 13:00:00,87.0,87.0,86.5,86.5,-0.57,30.0,2610.0,-1
2019-09-11,2019-09-11 14:00:00,86.5,86.5,86.0,86.0,-0.58,30.0,2610.0,-1
2019-09-11,2019-09-11 15:00:00,86.0,88.0,86.0,86.0,0.0,30.0,2610.0,0
2019-09-12,2019-09-12 11:00:00,85.0,85.0,83.5,84.5,-0.59,54.0,4498.0,-1
2019-09-12,2019-09-12 12:00:00,84.5,84.5,84.0,84.0,-0.59,54.0,4498.0,-1
2019-09-12,2019-09-12 13:00:00,84.0,84.0,83.5,83.5,-0.6,54.0,4498.0,-1
2019-09-12,2019-09-12 14:00:00,83.5,83.5,83.0,83.0,-0.6,54.0,4498.0,-1
2019-09-12,2019-09-12 15:00:00,83.0,85.0,82.0,83.0,0.0,54.0,4498.0,0
2019-09-15,2019-09-15 11:00:00,82.0,82.0,81.5,82.0,0.0,234.0,19180.0,0
2019-09-15,2019-09-15 12:00:00,82.0,82.0,82.0,82.0,0.0,234.0,19180.0,0
2019-09-15,2019-09-15 13:00:00,82.0,82.0,82.0,82.0,0.0,234.0,19180.0,0
2019-09-15,2019-09-15 14:00:00,82.0,82.0,82.0,82.0,0.0,234.0,19180.0,0
2019-09-15,2019-09-15 15:00:00,82.0,82.0,81.0,82.0,0.0,234.0,19180.0,0
2019-09-16,2019-09-16 11:00:00,81.0,81.5,80.0,80.5,-0.62,174.0,14006.0,-1
2019-09-16,2019-09-16 12:00:00,80.5,80.5,80.0,80.0,-0.62,174.0,14006.0,-1
2019-09-16,2019-09-16 13:00:00,80.0,80.0,79.5,79.5,-0.62,174.0,14006.0,-1
2019-09-16,2019-09-16 14:00:00,79.5,79.5,79.0,79.0,-0.63,174.0,14006.0,-1
2019-09-16,2019-09-16 15:00:00,79.0,82.0,79.0,79.0,0.0,174.0,14006.0,0
2019-09-17,2019-09-17 11:00:00,80.0,81.0,80.0,80.5,0.62,20.0,1614.0,1
2019-09-17,2019-09-17 12:00:00,80.5,81.0,80.5,81.0,0.62,20.0,1614.0,1
2019-09-17,2019-09-17 13:00:00,81.0,81.5,81.0,81.5,0.62,20.0,1614.0,1
2019-09-17,2019-09-17 14:00:00,81.5,82.0,81.5,82.0,0.61,20.0,1614.0,1
2019-09-17,2019-09-17 15:00:00,82.0,82.0,80.0,82.0,0.0,20.0,1614.0,0
2019-09-18,2019-09-18 11:00:00,82.0,84.5,82.0,83.25,1.52,144.0,12308.0,1
2019-09-18,2019-09-18 12:00:00,83.25,84.5,83.25,84.5,1.5,144.0,12308.0,1
2019-09-18,2019-09-18 13:00:00,84.5,85.75,84.5,85.75,1.48,144.0,12308.0,1
2019-09-18,2019-09-18 14:00:00,85.75,87.0,85.75,87.0,1.46,144.0,12308.0,1
2019-09-18,2019-09-18 15:00:00,87.0,87.0,82.0,87.0,0.0,144.0,12308.0,0
2019-09-19,2019-09-19 11:00:00,88.0,88.0,87.5,87.75,-0.28,24.0,2108.0,-1
2019-09-19,2019-09-19 12:00:00,87.75,87.75,87.5,87.5,-0.28,24.0,2108.0,-1
2019-09-19,2019-09-19 13:00:00,87.5,87.5,87.25,87.25,-0.29,24.0,2108.0,-1
2019-09-19,2019-09-19 14:00:00,87.25,87.25,87.0,87.0,-0.29,24.0,2108.0,-1
2019-09-19,2019-09-19 15:00:00,87.0,88.0,87.0,87.0,0.0,24.0,2108.0,0
2019-09-22,2019-09-22 11:00:00,84.0,84.0,82.5,83.25,-0.89,42.0,3459.0,-1
2019-09-22,2019-09-22 12:00:00,83.25,83.25,82.5,82.5,-0.9,42.0,3459.0,-1
2019-09-22,2019-09-22 13:00:00,82.5,82.5,81.75,81.75,-0.91,42.0,3459.0,-1
2019-09-22,2019-09-22 14:00:00,81.75,81.75,81.0,81.0,-0.92,42.0,3459.0,-1
2019-09-22,2019-09-22 15:00:00,81.0,84.0,81.0,81.0,0.0,42.0,3459.0,0
2019-09-23,2019-09-23 11:00:00,80.0,80.0,79.0,79.5,-0.62,146.0,11472.0,-1
2019-09-23,2019-09-23 12:00:00,79.5,79.5,79.0,79.0,-0.63,146.0,11472.0,-1
2019-09-23,2019-09-23 13:00:00,79.0,79.0,78.5,78.5,-0.63,146.0,11472.0,-1
2019-09-23,2019-09-23 14:00:00,78.5,78.5,78.0,78.0,-0.64,146.0,11472.0,-1
2019-09-23,2019-09-23 15:00:00,78.0,80.0,78.0,78.0,0.0,146.0,11472.0,0
2019-09-24,2019-09-24 11:00:00,78.0,78.0,77.5,78.0,0.0,48.0,3732.0,0
2019-09-24,2019-09-24 12:00:00,78.0,78.0,78.0,78.0,0.0,48.0,3732.0,0
2019-09-24,2019-09-24 13:00:00,78.0,78.0,78.0,78.0,0.0,48.0,3732.0,0
2019-09-24,2019-09-24 14:00:00,78.0,78.0,78.0,78.0,0.0,48.0,3732.0,0
2019-09-24,2019-09-24 15:00:00,78.0,78.0,77.0,78.0,0.0,48.0,3732.0,0
2019-09-25,2019-09-25 11:00:00,79.0,79.5,79.0,79.25,0.32,52.0,4138.0,1
2019-09-25,2019-09-25 12:00:00,79.25,79.5,79.25,79.5,0.32,52.0,4138.0,1
2019-09-25,2019-09-25 13:00:00,79.5,79.75,79.5,79.75,0.31,52.0,4138.0,1
2019-09-25,2019-09-25 14:00:00,79.75,80.0,79.75,80.0,0.31,52.0,4138.0,1
2019-09-25,2019-09-25 15:00:00,80.0,80.0,79.0,80.0,0.0,52.0,4138.0,0
2019-09-26,2019-09-26 11:00:00,80.0,80.5,79.5,80.25,0.31,126.0,10100.0,1
2019-09-26,2019-09-26 12:00:00,80.25,80.5,80.25,80.5,0.31,126.0,10100.0,1
2019-09-26,2019-09-26 13:00:00,80.5,80.75,80.5,80.75,0.31,126.0,10100.0,1
2019-09-26,2019-09-26 14:00:00,80.75,81.0,80.75,81.0,0.31,126.0,10100.0,1
2019-09-26,2019-09-26 15:00:00,81.0,81.0,79.0,81.0,0.0,126.0,10100.0,0
2019-09-30,2019-09-30 11:00:00,80.0,80.5,79.0,79.5,-0.62,288.0,22812.0,-1
2019-09-30,2019-09-30 12:00:00,79.5,79.5,79.0,79.0,-0.63,288.0,22812.0,-1
2019-09-30,2019-09-30 13:00:00,79.0,79.0,78.5,78.5,-0.63,288.0,22812.0,-1
2019-09-30,2019-09-30 14:00:00,78.5,78.5,78.0,78.0,-0.64,288.0,22812.0,-1
2019-09-30,2019-09-30 15:00:00,78.0,81.0,78.0,78.0,0.0,288.0,22812.0,0
2019-10-01,2019-10-01 11:00:00,77.0,77.5,76.5,77.25,0.32,128.0,9898.0,1
2019-10-01,2019-10-01 12:00:00,77.25,77.5,77.25,77.5,0.32,128.0,9898.0,1
2019-10-01,2019-10-01 13:00:00,77.5,77.75,77.5,77.75,0.32,128.0,9898.0,1
2019-10-01,2019-10-01 14:00:00,77.75,78.0,77.75,78.0,0.32,128.0,9898.0,1
2019-10-01,2019-10-01 15:00:00,78.0,78.0,76.0,78.0,0.0,128.0,9898.0,0
2019-10-02,2019-10-02 11:00:00,77.0,78.5,77.0,77.5,0.65,103.0,8134.0,1
2019-10-02,2019-10-02 12:00:00,77.5,78.0,77.5,78.0,0.65,103.0,8134.0,1
2019-10-02,2019-10-02 13:00:00,78.0,78.5,78.0,78.5,0.64,103.0,8134.0,1
2019-10-02,2019-10-02 14:00:00,78.5,79.0,78.5,79.0,0.64,103.0,8134.0,1
2019-10-02,2019-10-02 15:00:00,79.0,80.0,77.0,79.0,0.0,103.0,8134.0,0
2019-10-03,2019-10-03 11:00:00,78.0,79.0,78.0,78.5,0.64,157.0,12420.0,1
2019-10-03,2019-10-03 12:00:00,78.5,79.0,78.5,79.0,0.64,157.0,12420.0,1
2019-10-03,2019-10-03 13:00:00,79.0,79.5,79.0,79.5,0.63,157.0,12420.0,1
2019-10-03,2019-10-03 14:00:00,79.5,80.0,79.5,80.0,0.63,157.0,12420.0,1
2019-10-03,2019-10-03 15:00:00,80.0,80.0,78.0,80.0,0.0,157.0,12420.0,0
2019-10-10,2019-10-10 11:00:00,81.0,81.5,81.0,81.25,0.31,22.0,1793.0,1
2019-10-10,2019-10-10 12:00:00,81.25,81.5,81.25,81.5,0.31,22.0,1793.0,1
2019-10-10,2019-10-10 13:00:00,81.5,81.75,81.5,81.75,0.31,22.0,1793.0,1
2019-10-10,2019-10-10 14:00:00,81.75,82.0,81.75,82.0,0.31,22.0,1793.0,1
2019-10-10,2019-10-10 15:00:00,82.0,82.0,81.0,82.0,0.0,22.0,1793.0,0
2019-10-14,2019-10-14 11:00:00,81.0,81.0,80.0,80.5,-0.62,169.0,13488.0,-1
2019-10-14,2019-10-14 12:00:00,80.5,80.5,80.0,80.0,-0.62,169.0,13488.0,-1
2019-10-14,2019-10-14 13:00:00,80.0,80.0,79.5,79.5,-0.62,169.0,13488.0,-1
2019-10-14,2019-10-14 14:00:00,79.5,79.5,79.0,79.0,-0.63,169.0,13488.0,-1
2019-10-14,2019-10-14 15:00:00,79.0,81.0,79.0,79.0,0.0,169.0,13488.0,0
2019-10-15,2019-10-15 11:00:00,78.0,79.0,78.0,78.5,0.64,23.2,1837.8,1
2019-10-15,2019-10-15 12:00:00,78.5,79.0,78.5,79.0,0.64,23.2,1837.8,1
2019-10-15,2019-10-15 13:00:00,79.0,79.5,79.0,79.5,0.63,23.2,1837.8,1
2019-10-15,2019-10-15 14:00:00,79.5,80.0,79.5,80.0,0.63,23.2,1837.8,1
2019-10-15,2019-10-15 15:00:00,80.0,80.0,78.0,80.0,0.0,23.2,1837.8,0
2019-10-16,2019-10-16 11:00:00,80.0,80.0,79.5,79.75,-0.31,14.0,1116.0,-1
2019-10-16,2019-10-16 12:00:00,79.75,79.75,79.5,79.5,-0.31,14.0,1116.0,-1
2019-10-16,2019-10-16 13:00:00,79.5,79.5,79.25,79.25,-0.31,14.0,1116.0,-1
2019-10-16,2019-10-16 14:00:00,79.25,79.25,79.0,79.0,-0.32,14.0,1116.0,-1
2019-10-16,2019-10-16 15:00:00,79.0,80.0,79.0,79.0,0.0,14.0,1116.0,0
2019-10-17,2019-10-17 11:00:00,80.0,80.0,79.5,79.75,-0.31,97.0,7754.0,-1
2019-10-17,2019-10-17 12:00:00,79.75,79.75,79.5,79.5,-0.31,97.0,7754.0,-1
2019-10-17,2019-10-17 13:00:00,79.5,79.5,79.25,79.25,-0.31,97.0,7754.0,-1
2019-10-17,2019-10-17 14:00:00,79.25,79.25,79.0,79.0,-0.32,97.0,7754.0,-1
2019-10-17,2019-10-17 15:00:00,79.0,80.0,79.0,79.0,0.0,97.0,7754.0,0
2019-10-21,2019-10-21 11:00:00,79.0,79.0,78.5,78.75,-0.32,677.0,52876.0,-1
2019-10-21,2019-10-21 12:00:00,78.75,78.75,78.5,78.5,-0.32,677.0,52876.0,-1
2019-10-21,2019-10-21 13:00:00,78.5,78.5,78.25,78.25,-0.32,677.0,52876.0,-1
2019-10-21,2019-10-21 14:00:00,78.25,78.25,78.0,78.0,-0.32,677.0,52876.0,-1
2019-10-21,2019-10-21 15:00:00,78.0,79.0,78.0,78.0,0.0,677.0,52876.0,0
2019-10-22,2019-10-22 11:00:00,79.0,80.0,78.5,78.75,-0.32,260.0,20644.0,-1
2019-10-22,2019-10-22 12:00:00,78.75,78.75,78.5,78.5,-0.32,260.0,20644.0,-1
2019-10-22,2019-10-22 13:00:00,78.5,78.5,78.25,78.25,-0.32,260.0,20644.0,-1
2019-10-22,2019-10-22 14:00:00,78.25,78.25,78.0,78.0,-0.32,260.0,20644.0,-1
2019-10-22,2019-10-22 15:00:00,78.0,81.0,78.0,78.0,0.0,260.0,20644.0,0
2019-10-23,2019-10-23 11:00:00,79.0,79.0,79.0,79.0,0.0,24.0,1896.0,0
2019-10-23,2019-10-23 12:00:00,79.0,79.0,79.0,79.0,0.0,24.0,1896.0,0
2019-10-23,2019-10-23 13:00:00,79.0,79.0,79.0,79.0,0.0,24.0,1896.0,0
2019-10-23,2019-10-23 14:00:00,79.0,79.0,79.0,79.0,0.0,24.0,1896.0,0
2019-10-23,2019-10-23 15:00:00,79.0,79.0,79.0,79.0,0.0,24.0,1896.0,0
2019-10-24,2019-10-24 11:00:00,79.0,81.5,79.0,80.25,1.58,122.0,9812.0,1
2019-10-24,2019-10-24 12:00:00,80.25,81.5,80.25,81.5,1.56,122.0,9812.0,1
2019-10-24,2019-10-24 13:00:00,81.5,82.75,81.5,82.75,1.53,122.0,9812.0,1
2019-10-24,2019-10-24 14:00:00,82.75,84.0,82.75,84.0,1.51,122.0,9812.0,1
2019-10-24,2019-10-24 15:00:00,84.0,84.0,79.0,84.0,0.0,122.0,9812.0,0
2019-10-31,2019-10-31 11:00:00,85.0,85.0,83.0,84.0,-1.18,92.0,7652.0,-1
2019-10-31,2019-10-31 12:00:00,84.0,84.0,83.0,83.0,-1.19,92.0,7652.0,-1
2019-10-31,2019-10-31 13:00:00,83.0,83.0,82.0,82.0,-1.2,92.0,7652.0,-1
2019-10-31,2019-10-31 14:00:00,82.0,82.0,81.0,81.0,-1.22,92.0,7652.0,-1
2019-10-31,2019-10-31 15:00:00,81.0,85.0,81.0,81.0,0.0,92.0,7652.0,0
2019-11-03,2019-11-03 11:00:00,80.0,80.0,80.0,80.0,0.0,114.0,9120.0,0
2019-11-03,2019-11-03 12:00:00,80.0,80.0,80.0,80.0,0.0,114.0,9120.0,0
2019-11-03,2019-11-03 13:00:00,80.0,80.0,80.0,80.0,0.0,114.0,9120.0,0
2019-11-03,2019-11-03 14:00:00,80.0,80.0,80.0,80.0,0.0,114.0,9120.0,0
2019-11-03,2019-11-03 15:00:00,80.0,80.0,80.0,80.0,0.0,114.0,9120.0,0
2019-11-04,2019-11-04 11:00:00,79.0,79.0,78.0,78.5,-0.63,198.0,15323.0,-1
2019-11-04,2019-11-04 12:00:00,78.5,78.5,78.0,78.0,-0.64,198.0,15323.0,-1
2019-11-04,2019-11-04 13:00:00,78.0,78.0,77.5,77.5,-0.64,198.0,15323.0,-1
2019-11-04,2019-11-04 14:00:00,77.5,77.5,77.0,77.0,-0.65,198.0,15323.0,-1
2019-11-04,2019-11-04 15:00:00,77.0,79.0,77.0,77.0,0.0,198.0,15323.0,0
2019-11-05,2019-11-05 11:00:00,78.0,78.5,77.5,77.75,-0.32,76.0,5922.0,-1
2019-11-05,2019-11-05 12:00:00,77.75,77.75,77.5,77.5,-0.32,76.0,5922.0,-1
2019-11-05,2019-11-05 13:00:00,77.5,77.5,77.25,77.25,-0.32,76.0,5922.0,-1
2019-11-05,2019-11-05 14:00:00,77.25,77.25,77.0,77.0,-0.32,76.0,5922.0,-1
2019-11-05,2019-11-05 15:00:00,77.0,79.0,77.0,77.0,0.0,76.0,5922.0,0
2019-11-06,2019-11-06 11:00:00,77.0,77.5,76.5,76.75,-0.32,76.0,5836.0,-1
2019-11-06,2019-11-06 12:00:00,76.75,76.75,76.5,76.5,-0.33,76.0,5836.0,-1
2019-11-06,2019-11-06 13:00:00,76.5,76.5,76.25,76.25,-0.33,76.0,5836.0,-1
2019-11-06,2019-11-06 14:00:00,76.25,76.25,76.0,76.0,-0.33,76.0,5836.0,-1
2019-11-06,2019-11-06 15:00:00,76.0,78.0,76.0,76.0,0.0,76.0,5836.0,0
2019-11-07,2019-11-07 11:00:00,77.0,77.5,76.0,76.5,-0.65,334.0,25256.0,-1
2019-11-07,2019-11-07 12:00:00,76.5,76.5,76.0,76.0,-0.65,334.0,25256.0,-1
2019-11-07,2019-11-07 13:00:00,76.0,76.0,75.5,75.5,-0.66,334.0,25256.0,-1
2019-11-07,2019-11-07 14:00:00,75.5,75.5,75.0,75.0,-0.66,334.0,25256.0,-1
2019-11-07,2019-11-07 15:00:00,75.0,78.0,75.0,75.0,0.0,334.0,25256.0,0
2019-11-10,2019-11-10 11:00:00,74.0,74.5,74.0,74.25,0.34,12.0,894.0,1
2019-11-10,2019-11-10 12:00:00,74.25,74.5,74.25,74.5,0.34,12.0,894.0,1
2019-11-10,2019-11-10 13:00:00,74.5,74.75,74.5,74.75,0.34,12.0,894.0,1
2019-11-10,2019-11-10 14:00:00,74.75,75.0,74.75,75.0,0.33,12.0,894.0,1
2019-11-10,2019-11-10 15:00:00,75.0,75.0,74.0,75.0,0.0,12.0,894.0,0
2019-11-11,2019-11-11 11:00:00,74.0,75.0,74.0,74.5,0.68,62.0,4644.0,1
2019-11-11,2019-11-11 12:00:00,74.5,75.0,74.5,75.0,0.67,62.0,4644.0,1
2019-11-11,2019-11-11 13:00:00,75.0,75.5,75.0,75.5,0.67,62.0,4644.0,1
2019-11-11,2019-11-11 14:00:00,75.5,76.0,75.5,76.0,0.66,62.0,4644.0,1
2019-11-11,2019-11-11 15:00:00,76.0,76.0,74.0,76.0,0.0,62.0,4644.0,0
2019-11-12,2019-11-12 11:00:00,77.0,77.0,76.5,76.75,-0.32,45.6,3483.6,-1
2019-11-12,2019-11-12 12:00:00,76.75,76.75,76.5,76.5,-0.33,45.6,3483.6,-1
2019-11-12,2019-11-12 13:00:00,76.5,76.5,76.25,76.25,-0.33,45.6,3483.6,-1
2019-11-12,2019-11-12 14:00:00,76.25,76.25,76.0,76.0,-0.33,45.6,3483.6,-1
2019-11-12,2019-11-12 15:00:00,76.0,77.0,76.0,76.0,0.0,45.6,3483.6,0
2019-11-13,2019-11-13 11:00:00,76.0,77.5,76.0,76.75,0.99,346.0,26870.0,1
2019-11-13,2019-11-13 12:00:00,76.75,77.5,76.75,77.5,0.98,346.0,26870.0,1
2019-11-13,2019-11-13 13:00:00,77.5,78.25,77.5,78.25,0.97,346.0,26870.0,1
2019-11-13,2019-11-13 14:00:00,78.25,79.0,78.25,79.0,0.96,346.0,26870.0,1
2019-11-13,2019-11-13 15:00:00,79.0,79.0,76.0,79.0,0.0,346.0,26870.0,0
2019-11-14,2019-11-14 11:00:00,79.0,79.5,78.0,78.75,-0.32,592.0,46182.0,-1
2019-11-14,2019-11-14 12:00:00,78.75,78.75,78.5,78.5,-0.32,592.0,46182.0,-1
2019-11-14,2019-11-14 13:00:00,78.5,78.5,78.25,78.25,-0.32,592.0,46182.0,-1
2019-11-14,2019-11-14 14:00:00,78.25,78.25,78.0,78.0,-0.32,592.0,46182.0,-1
2019-11-14,2019-11-14 15:00:00,78.0,80.0,77.0,78.0,0.0,592.0,46182.0,0
2019-11-17,2019-11-17 11:00:00,78.0,79.0,77.5,78.25,0.32,212.0,16696.0,1
2019-11-17,2019-11-17 12:00:00,78.25,78.5,78.25,78.5,0.32,212.0,16696.0,1
2019-11-17,2019-11-17 13:00:00,78.5,78.75,78.5,78.75,0.32,212.0,16696.0,1
2019-11-17,2019-11-17 14:00:00,78.75,79.0,78.75,79.0,0.32,212.0,16696.0,1
2019-11-17,2019-11-17 15:00:00,79.0,80.0,77.0,79.0,0.0,212.0,16696.0,0
2019-11-18,2019-11-18 11:00:00,78.0,78.0,78.0,78.0,0.0,10.0,780.0,0
2019-11-18,2019-11-18 12:00:00,78.0,78.0,78.0,78.0,0.0,10.0,780.0,0
2019-11-18,2019-11-18 13:00:00,78.0,78.0,78.0,78.0,0.0,10.0,780.0,0
2019-11-18,2019-11-18 14:00:00,78.0,78.0,78.0,78.0,0.0,10.0,780.0,0
2019-11-18,2019-11-18 15:00:00,78.0,78.0,78.0,78.0,0.0,10.0,780.0,0
2019-11-19,2019-11-19 11:00:00,78.0,78.0,77.5,77.75,-0.32,72.0,5580.0,-1
2019-11-19,2019-11-19 12:00:00,77.75,77.75,77.5,77.5,-0.32,72.0,5580.0,-1
2019-11-19,2019-11-19 13:00:00,77.5,77.5,77.25,77.25,-0.32,72.0,5580.0,-1
2019-11-19,2019-11-19 14:00:00,77.25,77.25,77.0,77.0,-0.32,72.0,5580.0,-1
2019-11-19,2019-11-19 15:00:00,77.0,78.0,77.0,77.0,0.0,72.0,5580.0,0
2019-11-20,2019-11-20 11:00:00,77.0,79.5,76.5,78.25,1.62,372.6,29131.6,1
2019-11-20,2019-11-20 12:00:00,78.25,79.5,78.25,79.5,1.6,372.6,29131.6,1
2019-11-20,2019-11-20 13:00:00,79.5,80.75,79.5,80.75,1.57,372.6,29131.6,1
2019-11-20,2019-11-20 14:00:00,80.75,82.0,80.75,82.0,1.55,372.6,29131.6,1
2019-11-20,2019-11-20 15:00:00,82.0,82.0,76.0,82.0,0.0,372.6,29131.6,0
2019-11-21,2019-11-21 11:00:00,82.0,82.0,80.5,81.25,-0.91,36.0,2916.0,-1
2019-11-21,2019-11-21 12:00:00,81.25,81.25,80.5,80.5,-0.92,36.0,2916.0,-1
2019-11-21,2019-11-21 13:00:00,80.5,80.5,79.75,79.75,-0.93,36.0,2916.0,-1
2019-11-21,2019-11-21 14:00:00,79.75,79.75,79.0,79.0,-0.94,36.0,2916.0,-1
2019-11-21,2019-11-21 15:00:00,79.0,82.0,79.0,79.0,0.0,36.0,2916.0,0
2019-11-24,2019-11-24 11:00:00,78.0,78.0,77.0,77.5,-0.64,16.0,1230.0,-1
2019-11-24,2019-11-24 12:00:00,77.5,77.5,77.0,77.0,-0.65,16.0,1230.0,-1
2019-11-24,2019-11-24 13:00:00,77.0,77.0,76.5,76.5,-0.65,16.0,1230.0,-1
2019-11-24,2019-11-24 14:00:00,76.5,76.5,76.0,76.0,-0.65,16.0,1230.0,-1
2019-11-24,2019-11-24 15:00:00,76.0,78.0,76.0,76.0,0.0,16.0,1230.0,0
2019-11-25,2019-11-25 11:00:00,76.0,76.0,75.5,75.75,-0.33,52.0,3916.0,-1
2019-11-25,2019-11-25 12:00:00,75.75,75.75,75.5,75.5,-0.33,52.0,3916.0,-1
2019-11-25,2019-11-25 13:00:00,75.5,75.5,75.25,75.25,-0.33,52.0,3916.0,-1
2019-11-25,2019-11-25 14:00:00,75.25,75.25,75.0,75.0,-0.33,52.0,3916.0,-1
2019-11-25,2019-11-25 15:00:00,75.0,76.0,75.0,75.0,0.0,52.0,3916.0,0
2019-11-26,2019-11-26 11:00:00,75.0,75.5,75.0,75.0,0.0,230.0,17350.0,0
2019-11-26,2019-11-26 12:00:00,75.0,75.0,75.0,75.0,0.0,230.0,17350.0,0
2019-11-26,2019-11-26 13:00:00,75.0,75.0,75.0,75.0,0.0,230.0,17350.0,0
2019-11-26,2019-11-26 14:00:00,75.0,75.0,75.0,75.0,0.0,230.0,17350.0,0
2019-11-26,2019-11-26 15:00:00,75.0,76.0,75.0,75.0,0.0,230.0,17350.0,0
2019-11-27,2019-11-27 11:00:00,74.0,75.0,74.0,74.5,0.68,26.0,1944.0,1
2019-11-27,2019-11-27 12:00:00,74.5,75.0,74.5,75.0,0.67,26.0,1944.0,1
2019-11-27,2019-11-27 13:00:00,75.0,75.5,75.0,75.5,0.67,26.0,1944.0,1
2019-11-27,2019-11-27 14:00:00,75.5,76.0,75.5,76.0,0.66,26.0,1944.0,1
2019-11-27,2019-11-27 15:00:00,76.0,76.0,74.0,76.0,0.0,26.0,1944.0,0
2019-11-28,2019-11-28 11:00:00,75.0,77.5,75.0,76.25,1.67,210.0,16528.0,1
2019-11-28,2019-11-28 12:00:00,76.25,77.5,76.25,77.5,1.64,210.0,16528.0,1
2019-11-28,2019-11-28 13:00:00,77.5,78.75,77.5,78.75,1.61,210.0,16528.0,1
2019-11-28,2019-11-28 14:00:00,78.75,80.0,78.75,80.0,1.59,210.0,16528.0,1
2019-11-28,2019-11-28 15:00:00,80.0,80.0,75.0,80.0,0.0,210.0,16528.0,0
2019-12-01,2019-12-01 11:00:00,79.0,79.0,78.5,78.75,-0.32,18.0,1414.0,-1
2019-12-01,2019-12-01 12:00:00,78.75,78.75,78.5,78.5,-0.32,18.0,1414.0,-1
2019-12-01,2019-12-01 13:00:00,78.5,78.5,78.25,78.25,-0.32,18.0,1414.0,-1
2019-12-01,2019-12-01 14:00:00,78.25,78.25,78.0,78.0,-0.32,18.0,1414.0,-1
2019-12-01,2019-12-01 15:00:00,78.0,79.0,78.0,78.0,0.0,18.0,1414.0,0
2019-12-03,2019-12-03 11:00:00,77.0,77.0,77.0,77.0,0.0,12.0,924.0,0
2019-12-03,2019-12-03 12:00:00,77.0,77.0,77.0,77.0,0.0,12.0,924.0,0
2019-12-03,2019-12-03 13:00:00,77.0,77.0,77.0,77.0,0.0,12.0,924.0,0
2019-12-03,2019-12-03 14:00:00,77.0,77.0,77.0,77.0,0.0,12.0,924.0,0
2019-12-03,2019-12-03 15:00:00,77.0,77.0,77.0,77.0,0.0,12.0,924.0,0
2019-12-04,2019-12-04 11:00:00,76.0,76.5,76.0,76.25,0.33,44.0,3372.0,1
2019-12-04,2019-12-04 12:00:00,76.25,76.5,76.25,76.5,0.33,44.0,3372.0,1
2019-12-04,2019-12-04 13:00:00,76.5,76.75,76.5,76.75,0.33,44.0,3372.0,1
2019-12-04,2019-12-04 14:00:00,76.75,77.0,76.75,77.0,0.33,44.0,3372.0,1
2019-12-04,2019-12-04 15:00:00,77.0,77.0,76.0,77.0,0.0,44.0,3372.0,0
2019-12-05,2019-12-05 11:00:00,76.0,76.0,75.5,75.75,-0.33,66.0,4964.0,-1
2019-12-05,2019-12-05 12:00:00,75.75,75.75,75.5,75.5,-0.33,66.0,4964.0,-1
2019-12-05,2019-12-05 13:00:00,75.5,75.5,75.25,75.25,-0.33,66.0,4964.0,-1
2019-12-05,2019-12-05 14:00:00,75.25,75.25,75.0,75.0,-0.33,66.0,4964.0,-1
2019-12-05,2019-12-05 15:00:00,75.0,76.0,75.0,75.0,0.0,66.0,4964.0,0
2019-12-08,2019-12-08 11:00:00,74.0,75.0,74.0,74.25,0.34,92.0,6924.0,1
2019-12-08,2019-12-08 12:00:00,74.25,74.5,74.25,74.5,0.34,92.0,6924.0,1
2019-12-08,2019-12-08 13:00:00,74.5,74.75,74.5,74.75,0.34,92.0,6924.0,1
2019-12-08,2019-12-08 14:00:00,74.75,75.0,74.75,75.0,0.33,92.0,6924.0,1
2019-12-08,2019-12-08 15:00:00,75.0,76.0,74.0,75.0,0.0,92.0,6924.0,0
2019-12-09,2019-12-09 11:00:00,74.0,75.0,74.0,74.25,0.34,46.0,3446.0,1
2019-12-09,2019-12-09 12:00:00,74.25,74.5,74.25,74.5,0.34,46.0,3446.0,1
2019-12-09,2019-12-09 13:00:00,74.5,74.75,74.5,74.75,0.34,46.0,3446.0,1
2019-12-09,2019-12-09 14:00:00,74.75,75.0,74.75,75.0,0.33,46.0,3446.0,1
2019-12-09,2019-12-09 15:00:00,75.0,76.0,74.0,75.0,0.0,46.0,3446.0,0
2019-12-10,2019-12-10 11:00:00,75.0,77.5,75.0,76.25,1.67,150.0,11842.0,1
2019-12-10,2019-12-10 12:00:00,76.25,77.5,76.25,77.5,1.64,150.0,11842.0,1
2019-12-10,2019-12-10 13:00:00,77.5,78.75,77.5,78.75,1.61,150.0,11842.0,1
2019-12-10,2019-12-10 14:00:00,78.75,80.0,78.75,80.0,1.59,150.0,11842.0,1
2019-12-10,2019-12-10 15:00:00,80.0,80.0,75.0,80.0,0.0,150.0,11842.0,0
2019-12-11,2019-12-11 11:00:00,80.0,80.0,79.0,79.75,-0.31,142.0,11298.0,-1
2019-12-11,2019-12-11 12:00:00,79.75,79.75,79.5,79.5,-0.31,142.0,11298.0,-1
2019-12-11,2019-12-11 13:00:00,79.5,79.5,79.25,79.25,-0.31,142.0,11298.0,-1
2019-12-11,2019-12-11 14:00:00,79.25,79.25,79.0,79.0,-0.32,142.0,11298.0,-1
2019-12-11,2019-12-11 15:00:00,79.0,80.0,78.0,79.0,0.0,142.0,11298.0,0
2019-12-12,2019-12-12 11:00:00,79.0,82.5,79.0,80.25,1.58,444.0,36818.0,1
2019-12-12,2019-12-12 12:00:00,80.25,81.5,80.25,81.5,1.56,444.0,36818.0,1
2019-12-12,2019-12-12 13:00:00,81.5,82.75,81.5,82.75,1.53,444.0,36818.0,1
2019-12-12,2019-12-12 14:00:00,82.75,84.0,82.75,84.0,1.51,444.0,36818.0,1
2019-12-12,2019-12-12 15:00:00,84.0,86.0,79.0,84.0,0.0,444.0,36818.0,0
2019-12-15,2019-12-15 11:00:00,83.0,84.0,81.5,83.5,0.6,196.0,16172.0,1
2019-12-15,2019-12-15 12:00:00,83.5,84.0,83.5,84.0,0.6,196.0,16172.0,1
2019-12-15,2019-12-15 13:00:00,84.0,84.5,84.0,84.5,0.6,196.0,16172.0,1
2019-12-15,2019-12-15 14:00:00,84.5,85.0,84.5,85.0,0.59,196.0,16172.0,1
2019-12-15,2019-12-15 15:00:00,85.0,85.0,80.0,85.0,0.0,196.0,16172.0,0
2019-12-16,2019-12-16 11:00:00,84.0,84.0,82.5,83.25,-0.89,18.0,1474.0,-1
2019-12-16,2019-12-16 12:00:00,83.25,83.25,82.5,82.5,-0.9,18.0,1474.0,-1
2019-12-16,2019-12-16 13:00:00,82.5,82.5,81.75,81.75,-0.91,18.0,1474.0,-1
2019-12-16,2019-12-16 14:00:00,81.75,81.75,81.0,81.0,-0.92,18.0,1474.0,-1
2019-12-16,2019-12-16 15:00:00,81.0,84.0,81.0,81.0,0.0,18.0,1474.0,0
2019-12-17,2019-12-17 11:00:00,81.0,81.5,80.5,81.0,0.0,106.0,8584.0,0
2019-12-17,2019-12-17 12:00:00,81.0,81.0,81.0,81.0,0.0,106.0,8584.0,0
2019-12-17,2019-12-17 13:00:00,81.0,81.0,81.0,81.0,0.0,106.0,8584.0,0
2019-12-17,2019-12-17 14:00:00,81.0,81.0,81.0,81.0,0.0,106.0,8584.0,0
2019-12-17,2019-12-17 15:00:00,81.0,82.0,80.0,81.0,0.0,106.0,8584.0,0
2019-12-18,2019-12-18 11:00:00,80.0,80.5,80.0,80.0,0.0,102.0,8176.0,0
2019-12-18,2019-12-18 12:00:00,80.0,80.0,80.0,80.0,0.0,102.0,8176.0,0
2019-12-18,2019-12-18 13:00:00,80.0,80.0,80.0,80.0,0.0,102.0,8176.0,0
2019-12-18,2019-12-18 14:00:00,80.0,80.0,80.0,80.0,0.0,102.0,8176.0,0
2019-12-18,2019-12-18 15:00:00,80.0,81.0,80.0,80.0,0.0,102.0,8176.0,0
2019-12-19,2019-12-19 11:00:00,81.0,81.0,80.5,80.75,-0.31,50.0,4006.0,-1
2019-12-19,2019-12-19 12:00:00,80.75,80.75,80.5,80.5,-0.31,50.0,4006.0,-1
2019-12-19,2019-12-19 13:00:00,80.5,80.5,80.25,80.25,-0.31,50.0,4006.0,-1
2019-12-19,2019-12-19 14:00:00,80.25,80.25,80.0,80.0,-0.31,50.0,4006.0,-1
2019-12-19,2019-12-19 15:00:00,80.0,81.0,80.0,80.0,0.0,50.0,4006.0,0
2019-12-22,2019-12-22 11:00:00,80.0,81.5,80.0,80.75,0.94,128.0,10426.0,1
2019-12-22,2019-12-22 12:00:00,80.75,81.5,80.75,81.5,0.93,128.0,10426.0,1
2019-12-22,2019-12-22 13:00:00,81.5,82.25,81.5,82.25,0.92,128.0,10426.0,1
2019-12-22,2019-12-22 14:00:00,82.25,83.0,82.25,83.0,0.91,128.0,10426.0,1
2019-12-22,2019-12-22 15:00:00,83.0,83.0,80.0,83.0,0.0,128.0,10426.0,0
2019-12-23,2019-12-23 11:00:00,84.0,84.5,83.0,83.75,-0.3,172.0,14336.0,-1
2019-12-23,2019-12-23 12:00:00,83.75,83.75,83.5,83.5,-0.3,172.0,14336.0,-1
2019-12-23,2019-12-23 13:00:00,83.5,83.5,83.25,83.25,-0.3,172.0,14336.0,-1
2019-12-23,2019-12-23 14:00:00,83.25,83.25,83.0,83.0,-0.3,172.0,14336.0,-1
2019-12-23,2019-12-23 15:00:00,83.0,85.0,82.0,83.0,0.0,172.0,14336.0,0
2019-12-24,2019-12-24 11:00:00,82.0,82.5,82.0,82.25,0.3,67.0,5547.0,1
2019-12-24,2019-12-24 12:00:00,82.25,82.5,82.25,82.5,0.3,67.0,5547.0,1
2019-12-24,2019-12-24 13:00:00,82.5,82.75,82.5,82.75,0.3,67.0,5547.0,1
2019-12-24,2019-12-24 14:00:00,82.75,83.0,82.75,83.0,0.3,67.0,5547.0,1
2019-12-24,2019-12-24 15:00:00,83.0,83.0,82.0,83.0,0.0,67.0,5547.0,0
2019-12-25,2019-12-25 11:00:00,82.0,83.0,82.0,82.5,0.61,90.0,7532.0,1
2019-12-25,2019-12-25 12:00:00,82.5,83.0,82.5,83.0,0.61,90.0,7532.0,1
2019-12-25,2019-12-25 13:00:00,83.0,83.5,83.0,83.5,0.6,90.0,7532.0,1
2019-12-25,2019-12-25 14:00:00,83.5,84.0,83.5,84.0,0.6,90.0,7532.0,1
2019-12-25,2019-12-25 15:00:00,84.0,84.0,82.0,84.0,0.0,90.0,7532.0,0
2019-12-26,2019-12-26 11:00:00,84.0,84.5,84.0,84.0,0.0,88.0,7400.0,0
2019-12-26,2019-12-26 12:00:00,84.0,84.0,84.0,84.0,0.0,88.0,7400.0,0
2019-12-26,2019-12-26 13:00:00,84.0,84.0,84.0,84.0,0.0,88.0,7400.0,0
2019-12-26,2019-12-26 14:00:00,84.0,84.0,84.0,84.0,0.0,88.0,7400.0,0
2019-12-26,2019-12-26 15:00:00,84.0,85.0,84.0,84.0,0.0,88.0,7400.0,0
2019-12-29,2019-12-29 11:00:00,84.0,87.0,84.0,85.5,1.79,170.0,14446.0,1
2019-12-29,2019-12-29 12:00:00,85.5,87.0,85.5,87.0,1.75,170.0,14446.0,1
2019-12-29,2019-12-29 13:00:00,87.0,88.5,87.0,88.5,1.72,170.0,14446.0,1
2019-12-29,2019-12-29 14:00:00,88.5,90.0,88.5,90.0,1.69,170.0,14446.0,1
2019-12-29,2019-12-29 15:00:00,90.0,90.0,84.0,90.0,0.0,170.0,14446.0,0
2019-12-30,2019-12-30 11:00:00,89.0,89.0,87.0,88.0,-1.12,178.0,15476.0,-1
2019-12-30,2019-12-30 12:00:00,88.0,88.0,87.0,87.0,-1.14,178.0,15476.0,-1
2019-12-30,2019-12-30 13:00:00,87.0,87.0,86.0,86.0,-1.15,178.0,15476.0,-1
2019-12-30,2019-12-30 14:00:00,86.0,86.0,85.0,85.0,-1.16,178.0,15476.0,-1
2019-12-30,2019-12-30 15:00:00,85.0,89.0,85.0,85.0,0.0,178.0,15476.0,0
2019-12-31,2019-12-31 11:00:00,84.0,84.0,83.0,83.75,-0.3,36.0,2998.0,-1
2019-12-31,2019-12-31 12:00:00,83.75,83.75,83.5,83.5,-0.3,36.0,2998.0,-1
2019-12-31,2019-12-31 13:00:00,83.5,83.5,83.25,83.25,-0.3,36.0,2998.0,-1
2019-12-31,2019-12-31 14:00:00,83.25,83.25,83.0,83.0,-0.3,36.0,2998.0,-1
2019-12-31,2019-12-31 15:00:00,83.0,84.0,82.0,83.0,0.0,36.0,2998.0,0
2020-01-01,2020-01-01 11:00:00,84.0,84.0,83.5,84.0,0.0,178.0,14904.0,0
2020-01-01,2020-01-01 12:00:00,84.0,84.0,84.0,84.0,0.0,178.0,14904.0,0
2020-01-01,2020-01-01 13:00:00,84.0,84.0,84.0,84.0,0.0,178.0,14904.0,0
2020-01-01,2020-01-01 14:00:00,84.0,84.0,84.0,84.0,0.0,178.0,14904.0,0
2020-01-01,2020-01-01 15:00:00,84.0,84.0,83.0,84.0,0.0,178.0,14904.0,0
2020-01-02,2020-01-02 11:00:00,83.0,84.0,83.0,83.5,0.6,90.0,7562.0,1
2020-01-02,2020-01-02 12:00:00,83.5,84.0,83.5,84.0,0.6,90.0,7562.0,1
2020-01-02,2020-01-02 13:00:00,84.0,84.5,84.0,84.5,0.6,90.0,7562.0,1
2020-01-02,2020-01-02 14:00:00,84.5,85.0,84.5,85.0,0.59,90.0,7562.0,1
2020-01-02,2020-01-02 15:00:00,85.0,85.0,83.0,85.0,0.0,90.0,7562.0,0
2020-01-05,2020-01-05 11:00:00,84.0,85.5,83.5,84.75,0.89,158.0,13482.0,1
2020-01-05,2020-01-05 12:00:00,84.75,85.5,84.75,85.5,0.88,158.0,13482.0,1
2020-01-05,2020-01-05 13:00:00,85.5,86.25,85.5,86.25,0.88,158.0,13482.0,1
2020-01-05,2020-01-05 14:00:00,86.25,87.0,86.25,87.0,0.87,158.0,13482.0,1
2020-01-05,2020-01-05 15:00:00,87.0,87.0,83.0,87.0,0.0,158.0,13482.0,0
2020-01-06,2020-01-06 11:00:00,87.0,87.5,86.5,87.0,0.0,160.0,13916.0,0
2020-01-06,2020-01-06 12:00:00,87.0,87.0,87.0,87.0,0.0,160.0,13916.0,0
2020-01-06,2020-01-06 13:00:00,87.0,87.0,87.0,87.0,0.0,160.0,13916.0,0
2020-01-06,2020-01-06 14:00:00,87.0,87.0,87.0,87.0,0.0,160.0,13916.0,0
2020-01-06,2020-01-06 15:00:00,87.0,88.0,86.0,87.0,0.0,160.0,13916.0,0
2020-01-07,2020-01-07 11:00:00,86.0,88.5,86.0,86.5,0.58,308.0,27492.0,1
2020-01-07,2020-01-07 12:00:00,86.5,87.0,86.5,87.0,0.58,308.0,27492.0,1
2020-01-07,2020-01-07 13:00:00,87.0,87.5,87.0,87.5,0.57,308.0,27492.0,1
2020-01-07,2020-01-07 14:00:00,87.5,88.0,87.5,88.0,0.57,308.0,27492.0,1
2020-01-07,2020-01-07 15:00:00,88.0,91.0,86.0,88.0,0.0,308.0,27492.0,0
2020-01-08,2020-01-08 11:00:00,88.0,91.5,88.0,89.75,1.99,2233.0,206888.0,1
2020-01-08,2020-01-08 12:00:00,89.75,91.5,89.75,91.5,1.95,2233.0,206888.0,1
2020-01-08,2020-01-08 13:00:00,91.5,93.25,91.5,93.25,1.91,2233.0,206888.0,1
2020-01-08,2020-01-08 14:00:00,93.25,95.0,93.25,95.0,1.88,2233.0,206888.0,1
2020-01-08,2020-01-08 15:00:00,95.0,95.0,88.0,95.0,0.0,2233.0,206888.0,0
2020-01-09,2020-01-09 11:00:00,95.0,95.5,94.0,94.5,-0.53,462.0,43714.0,-1
2020-01-09,2020-01-09 12:00:00,94.5,94.5,94.0,94.0,-0.53,462.0,43714.0,-1
2020-01-09,2020-01-09 13:00:00,94.0,94.0,93.5,93.5,-0.53,462.0,43714.0,-1
2020-01-09,2020-01-09 14:00:00,93.5,93.5,93.0,93.0,-0.53,462.0,43714.0,-1
2020-01-09,2020-01-09 15:00:00,93.0,96.0,93.0,93.0,0.0,462.0,43714.0,0
2020-01-12,2020-01-12 11:00:00,94.0,94.5,92.0,93.25,-0.8,232.0,21045.0,-1
2020-01-12,2020-01-12 12:00:00,93.25,93.25,92.5,92.5,-0.8,232.0,21045.0,-1
2020-01-12,2020-01-12 13:00:00,92.5,92.5,91.75,91.75,-0.81,232.0,21045.0,-1
2020-01-12,2020-01-12 14:00:00,91.75,91.75,91.0,91.0,-0.82,232.0,21045.0,-1
2020-01-12,2020-01-12 15:00:00,91.0,95.0,90.0,91.0,0.0,232.0,21045.0,0
2020-01-13,2020-01-13 11:00:00,91.0,94.5,90.5,91.5,0.55,204.0,18892.0,1
2020-01-13,2020-01-13 12:00:00,91.5,92.0,91.5,92.0,0.55,204.0,18892.0,1
2020-01-13,2020-01-13 13:00:00,92.0,92.5,92.0,92.5,0.54,204.0,18892.0,1
2020-01-13,2020-01-13 14:00:00,92.5,93.0,92.5,93.0,0.54,204.0,18892.0,1
2020-01-13,2020-01-13 15:00:00,93.0,98.0,90.0,93.0,0.0,204.0,18892.0,0
2020-01-14,2020-01-14 11:00:00,92.0,93.0,92.0,92.0,0.0,150.0,13998.0,0
2020-01-14,2020-01-14 12:00:00,92.0,92.0,92.0,92.0,0.0,150.0,13998.0,0
2020-01-14,2020-01-14 13:00:00,92.0,92.0,92.0,92.0,0.0,150.0,13998.0,0
2020-01-14,2020-01-14 14:00:00,92.0,92.0,92.0,92.0,0.0,150.0,13998.0,0
2020-01-14,2020-01-14 15:00:00,92.0,94.0,92.0,92.0,0.0,150.0,13998.0,0
2020-01-15,2020-01-15 11:00:00,91.0,95.0,91.0,92.75,1.92,298.0,28984.0,1
2020-01-15,2020-01-15 12:00:00,92.75,94.5,92.75,94.5,1.89,298.0,28984.0,1
2020-01-15,2020-01-15 13:00:00,94.5,96.25,94.5,96.25,1.85,298.0,28984.0,1
2020-01-15,2020-01-15 14:00:00,96.25,98.0,96.25,98.0,1.82,298.0,28984.0,1
2020-01-15,2020-01-15 15:00:00,98.0,99.0,91.0,98.0,0.0,298.0,28984.0,0
2020-01-16,2020-01-16 11:00:00,99.0,100.25,99.0,100.25,1.26,1308.0,137654.0,1
2020-01-16,2020-01-16 12:00:00,100.25,101.5,100.25,101.5,1.25,1308.0,137654.0,1
2020-01-16,2020-01-16 13:00:00,101.5,102.75,101.5,102.75,1.23,1308.0,137654.0,1
2020-01-16,2020-01-16 14:00:00,102.75,104.0,102.75,104.0,1.22,1308.0,137654.0,1
2020-01-16,2020-01-16 15:00:00,104.0,104.0,100.0,104.0,0.0,1308.0,137654.0,0
2020-01-19,2020-01-19 11:00:00,104.0,105.0,102.0,104.0,0.0,1664.0,174521.8,0
2020-01-19,2020-01-19 12:00:00,104.0,104.0,104.0,104.0,0.0,1664.0,174521.8,0
2020-01-19,2020-01-19 13:00:00,104.0,104.0,104.0,104.0,0.0,1664.0,174521.8,0
2020-01-19,2020-01-19 14:00:00,104.0,104.0,104.0,104.0,0.0,1664.0,174521.8,0
2020-01-19,2020-01-19 15:00:00,104.0,106.0,100.0,104.0,0.0,1664.0,174521.8,0
2020-01-20,2020-01-20 11:00:00,102.0,102.0,99.0,100.5,-1.47,806.0,78396.0,-1
2020-01-20,2020-01-20 12:00:00,100.5,100.5,99.0,99.0,-1.49,806.0,78396.0,-1
2020-01-20,2020-01-20 13:00:00,99.0,99.0,97.5,97.5,-1.52,806.0,78396.0,-1
2020-01-20,2020-01-20 14:00:00,97.5,97.5,96.0,96.0,-1.54,806.0,78396.0,-1
2020-01-20,2020-01-20 15:00:00,96.0,102.0,96.0,96.0,0.0,806.0,78396.0,0
2020-01-21,2020-01-21 11:00:00,95.0,95.5,94.5,95.0,0.0,187.0,17634.0,0
2020-01-21,2020-01-21 12:00:00,95.0,95.0,95.0,95.0,0.0,187.0,17634.0,0
2020-01-21,2020-01-21 13:00:00,95.0,95.0,95.0,95.0,0.0,187.0,17634.0,0
2020-01-21,2020-01-21 14:00:00,95.0,95.0,95.0,95.0,0.0,187.0,17634.0,0
2020-01-21,2020-01-21 15:00:00,95.0,96.0,94.0,95.0,0.0,187.0,17634.0,0
2020-01-22,2020-01-22 11:00:00,94.0,94.5,93.5,94.0,0.0,50.0,4704.0,0
2020-01-22,2020-01-22 12:00:00,94.0,94.0,94.0,94.0,0.0,50.0,4704.0,0
2020-01-22,2020-01-22 13:00:00,94.0,94.0,94.0,94.0,0.0,50.0,4704.0,0
2020-01-22,2020-01-22 14:00:00,94.0,94.0,94.0,94.0,0.0,50.0,4704.0,0
2020-01-22,2020-01-22 15:00:00,94.0,95.0,93.0,94.0,0.0,50.0,4704.0,0
2020-01-23,2020-01-23 11:00:00,94.0,94.0,93.0,94.0,0.0,94.0,8764.0,0
2020-01-23,2020-01-23 12:00:00,94.0,94.0,94.0,94.0,0.0,94.0,8764.0,0
2020-01-23,2020-01-23 13:00:00,94.0,94.0,94.0,94.0,0.0,94.0,8764.0,0
2020-01-23,2020-01-23 14:00:00,94.0,94.0,94.0,94.0,0.0,94.0,8764.0,0
2020-01-23,2020-01-23 15:00:00,94.0,94.0,92.0,94.0,0.0,94.0,8764.0,0
2020-01-26,2020-01-26 11:00:00,93.0,93.0,91.0,92.25,-0.81,102.0,9236.0,-1
2020-01-26,2020-01-26 12:00:00,92.25,92.25,91.5,91.5,-0.81,102.0,9236.0,-1
2020-01-26,2020-01-26 13:00:00,91.5,91.5,90.75,90.75,-0.82,102.0,9236.0,-1
2020-01-26,2020-01-26 14:00:00,90.75,90.75,90.0,90.0,-0.83,102.0,9236.0,-1
2020-01-26,2020-01-26 15:00:00,90.0,93.0,89.0,90.0,0.0,102.0,9236.0,0
2020-01-27,2020-01-27 11:00:00,90.0,90.5,89.0,90.0,0.0,100.0,8964.0,0
2020-01-27,2020-01-27 12:00:00,90.0,90.0,90.0,90.0,0.0,100.0,8964.0,0
2020-01-27,2020-01-27 13:00:00,90.0,90.0,90.0,90.0,0.0,100.0,8964.0,0
2020-01-27,2020-01-27 14:00:00,90.0,90.0,90.0,90.0,0.0,100.0,8964.0,0
2020-01-27,2020-01-27 15:00:00,90.0,91.0,88.0,90.0,0.0,100.0,8964.0,0
2020-01-28,2020-01-28 11:00:00,90.0,90.5,89.5,89.75,-0.28,90.0,8130.0,-1
2020-01-28,2020-01-28 12:00:00,89.75,89.75,89.5,89.5,-0.28,90.0,8130.0,-1
2020-01-28,2020-01-28 13:00:00,89.5,89.5,89.25,89.25,-0.28,90.0,8130.0,-1
2020-01-28,2020-01-28 14:00:00,89.25,89.25,89.0,89.0,-0.28,90.0,8130.0,-1
2020-01-28,2020-01-28 15:00:00,89.0,91.0,89.0,89.0,0.0,90.0,8130.0,0
2020-01-29,2020-01-29 11:00:00,89.0,90.0,88.5,89.25,0.28,222.0,20062.0,1
2020-01-29,2020-01-29 12:00:00,89.25,89.5,89.25,89.5,0.28,222.0,20062.0,1
2020-01-29,2020-01-29 13:00:00,89.5,89.75,89.5,89.75,0.28,222.0,20062.0,1
2020-01-29,2020-01-29 14:00:00,89.75,90.0,89.75,90.0,0.28,222.0,20062.0,1
2020-01-29,2020-01-29 15:00:00,90.0,91.0,88.0,90.0,0.0,222.0,20062.0,0
2020-01-30,2020-01-30 11:00:00,90.0,90.5,89.5,90.0,0.0,315.8,28446.2,0
2020-01-30,2020-01-30 12:00:00,90.0,90.0,90.0,90.0,0.0,315.8,28446.2,0
2020-01-30,2020-01-30 13:00:00,90.0,90.0,90.0,90.0,0.0,315.8,28446.2,0
2020-01-30,2020-01-30 14:00:00,90.0,90.0,90.0,90.0,0.0,315.8,28446.2,0
2020-01-30,2020-01-30 15:00:00,90.0,91.0,89.0,90.0,0.0,315.8,28446.2,0
2020-02-02,2020-02-02 11:00:00,90.0,91.0,89.5,90.0,0.0,656.0,59520.0,0
2020-02-02,2020-02-02 12:00:00,90.0,90.0,90.0,90.0,0.0,656.0,59520.0,0
2020-02-02,2020-02-02 13:00:00,90.0,90.0,90.0,90.0,0.0,656.0,59520.0,0
2020-02-02,2020-02-02 14:00:00,90.0,90.0,90.0,90.0,0.0,656.0,59520.0,0
2020-02-02,2020-02-02 15:00:00,90.0,92.0,89.0,90.0,0.0,656.0,59520.0,0
2020-02-03,2020-02-03 11:00:00,89.0,90.5,88.5,89.75,0.84,151.0,13620.0,1
2020-02-03,2020-02-03 12:00:00,89.75,90.5,89.75,90.5,0.84,151.0,13620.0,1
2020-02-03,2020-02-03 13:00:00,90.5,91.25,90.5,91.25,0.83,151.0,13620.0,1
2020-02-03,2020-02-03 14:00:00,91.25,92.0,91.25,92.0,0.82,151.0,13620.0,1
2020-02-03,2020-02-03 15:00:00,92.0,92.0,88.0,92.0,0.0,151.0,13620.0,0
2020-02-04,2020-02-04 11:00:00,93.0,93.5,92.5,92.75,-0.27,302.0,27916.0,-1
2020-02-04,2020-02-04 12:00:00,92.75,92.75,92.5,92.5,-0.27,302.0,27916.0,-1
2020-02-04,2020-02-04 13:00:00,92.5,92.5,92.25,92.25,-0.27,302.0,27916.0,-1
2020-02-04,2020-02-04 14:00:00,92.25,92.25,92.0,92.0,-0.27,302.0,27916.0,-1
2020-02-04,2020-02-04 15:00:00,92.0,94.0,92.0,92.0,0.0,302.0,27916.0,0
2020-02-05,2020-02-05 11:00:00,91.0,92.0,91.0,91.5,0.55,102.0,9386.0,1
2020-02-05,2020-02-05 12:00:00,91.5,92.0,91.5,92.0,0.55,102.0,9386.0,1
2020-02-05,2020-02-05 13:00:00,92.0,92.5,92.0,92.5,0.54,102.0,9386.0,1
2020-02-05,2020-02-05 14:00:00,92.5,93.0,92.5,93.0,0.54,102.0,9386.0,1
2020-02-05,2020-02-05 15:00:00,93.0,93.0,91.0,93.0,0.0,102.0,9386.0,0
2020-02-06,2020-02-06 11:00:00,94.0,94.5,93.5,93.75,-0.27,122.0,11490.0,-1
2020-02-06,2020-02-06 12:00:00,93.75,93.75,93.5,93.5,-0.27,122.0,11490.0,-1
2020-02-06,2020-02-06 13:00:00,93.5,93.5,93.25,93.25,-0.27,122.0,11490.0,-1
2020-02-06,2020-02-06 14:00:00,93.25,93.25,93.0,93.0,-0.27,122.0,11490.0,-1
2020-02-06,2020-02-06 15:00:00,93.0,95.0,93.0,93.0,0.0,122.0,11490.0,0
2020-02-09,2020-02-09 11:00:00,92.0,92.5,91.5,91.75,-0.27,58.0,5322.0,-1
2020-02-09,2020-02-09 12:00:00,91.75,91.75,91.5,91.5,-0.27,58.0,5322.0,-1
2020-02-09,2020-02-09 13:00:00,91.5,91.5,91.25,91.25,-0.27,58.0,5322.0,-1
2020-02-09,2020-02-09 14:00:00,91.25,91.25,91.0,91.0,-0.27,58.0,5322.0,-1
2020-02-09,2020-02-09 15:00:00,91.0,93.0,91.0,91.0,0.0,58.0,5322.0,0
2020-02-10,2020-02-10 11:00:00,90.0,90.5,89.5,90.0,0.0,108.0,9682.0,0
2020-02-10,2020-02-10 12:00:00,90.0,90.0,90.0,90.0,0.0,108.0,9682.0,0
2020-02-10,2020-02-10 13:00:00,90.0,90.0,90.0,90.0,0.0,108.0,9682.0,0
2020-02-10,2020-02-10 14:00:00,90.0,90.0,90.0,90.0,0.0,108.0,9682.0,0
2020-02-10,2020-02-10 15:00:00,90.0,91.0,89.0,90.0,0.0,108.0,9682.0,0
2020-02-11,2020-02-11 11:00:00,89.0,89.5,88.5,89.25,0.28,84.0,7482.0,1
2020-02-11,2020-02-11 12:00:00,89.25,89.5,89.25,89.5,0.28,84.0,7482.0,1
2020-02-11,2020-02-11 13:00:00,89.5,89.75,89.5,89.75,0.28,84.0,7482.0,1
2020-02-11,2020-02-11 14:00:00,89.75,90.0,89.75,90.0,0.28,84.0,7482.0,1
2020-02-11,2020-02-11 15:00:00,90.0,90.0,88.0,90.0,0.0,84.0,7482.0,0
2020-02-12,2020-02-12 11:00:00,89.0,89.5,89.0,89.0,0.0,92.0,8212.0,0
2020-02-12,2020-02-12 12:00:00,89.0,89.0,89.0,89.0,0.0,92.0,8212.0,0
2020-02-12,2020-02-12 13:00:00,89.0,89.0,89.0,89.0,0.0,92.0,8212.0,0
2020-02-12,2020-02-12 14:00:00,89.0,89.0,89.0,89.0,0.0,92.0,8212.0,0
2020-02-12,2020-02-12 15:00:00,89.0,90.0,89.0,89.0,0.0,92.0,8212.0,0
2020-02-13,2020-02-13 11:00:00,88.0,88.5,87.5,88.0,0.0,94.0,8270.0,0
2020-02-13,2020-02-13 12:00:00,88.0,88.0,88.0,88.0,0.0,94.0,8270.0,0
2020-02-13,2020-02-13 13:00:00,88.0,88.0,88.0,88.0,0.0,94.0,8270.0,0
2020-02-13,2020-02-13 14:00:00,88.0,88.0,88.0,88.0,0.0,94.0,8270.0,0
2020-02-13,2020-02-13 15:00:00,88.0,89.0,87.0,88.0,0.0,94.0,8270.0,0
2020-02-16,2020-02-16 11:00:00,87.0,88.5,87.0,87.25,0.29,155.0,13672.0,1
2020-02-16,2020-02-16 12:00:00,87.25,87.5,87.25,87.5,0.29,155.0,13672.0,1
2020-02-16,2020-02-16 13:00:00,87.5,87.75,87.5,87.75,0.29,155.0,13672.0,1
2020-02-16,2020-02-16 14:00:00,87.75,88.0,87.75,88.0,0.28,155.0,13672.0,1
2020-02-16,2020-02-16 15:00:00,88.0,90.0,87.0,88.0,0.0,155.0,13672.0,0
2020-02-17,2020-02-17 11:00:00,88.0,91.0,88.0,89.25,1.42,207.8,18768.2,1
2020-02-17,2020-02-17 12:00:00,89.25,90.5,89.25,90.5,1.4,207.8,18768.2,1
2020-02-17,2020-02-17 13:00:00,90.5,91.75,90.5,91.75,1.38,207.8,18768.2,1
2020-02-17,2020-02-17 14:00:00,91.75,93.0,91.75,93.0,1.36,207.8,18768.2,1
2020-02-17,2020-02-17 15:00:00,93.0,94.0,88.0,93.0,0.0,207.8,18768.2,0
2020-02-18,2020-02-18 11:00:00,94.0,95.5,94.0,94.75,0.8,428.0,40740.0,1
2020-02-18,2020-02-18 12:00:00,94.75,95.5,94.75,95.5,0.79,428.0,40740.0,1
2020-02-18,2020-02-18 13:00:00,95.5,96.25,95.5,96.25,0.79,428.0,40740.0,1
2020-02-18,2020-02-18 14:00:00,96.25,97.0,96.25,97.0,0.78,428.0,40740.0,1
2020-02-18,2020-02-18 15:00:00,97.0,97.0,94.0,97.0,0.0,428.0,40740.0,0
2020-02-19,2020-02-19 11:00:00,97.0,97.0,95.0,96.25,-0.77,108.0,10218.0,-1
2020-02-19,2020-02-19 12:00:00,96.25,96.25,95.5,95.5,-0.78,108.0,10218.0,-1
2020-02-19,2020-02-19 13:00:00,95.5,95.5,94.75,94.75,-0.79,108.0,10218.0,-1
2020-02-19,2020-02-19 14:00:00,94.75,94.75,94.0,94.0,-0.79,108.0,10218.0,-1
2020-02-19,2020-02-19 15:00:00,94.0,97.0,93.0,94.0,0.0,108.0,10218.0,0
2020-02-20,2020-02-20 11:00:00,94.0,95.5,94.0,94.75,0.8,134.0,12704.0,1
2020-02-20,2020-02-20 12:00:00,94.75,95.5,94.75,95.5,0.79,134.0,12704.0,1
2020-02-20,2020-02-20 13:00:00,95.5,96.25,95.5,96.25,0.79,134.0,12704.0,1
2020-02-20,2020-02-20 14:00:00,96.25,97.0,96.25,97.0,0.78,134.0,12704.0,1
2020-02-20,2020-02-20 15:00:00,97.0,97.0,94.0,97.0,0.0,134.0,12704.0,0
2020-02-23,2020-02-23 11:00:00,98.0,98.0,97.0,97.75,-0.26,294.0,28476.0,-1
2020-02-23,2020-02-23 12:00:00,97.75,97.75,97.5,97.5,-0.26,294.0,28476.0,-1
2020-02-23,2020-02-23 13:00:00,97.5,97.5,97.25,97.25,-0.26,294.0,28476.0,-1
2020-02-23,2020-02-23 14:00:00,97.25,97.25,97.0,97.0,-0.26,294.0,28476.0,-1
2020-02-23,2020-02-23 15:00:00,97.0,98.0,96.0,97.0,0.0,294.0,28476.0,0
2020-02-24,2020-02-24 11:00:00,96.0,96.5,95.5,95.75,-0.26,258.0,24702.6,-1
2020-02-24,2020-02-24 12:00:00,95.75,95.75,95.5,95.5,-0.26,258.0,24702.6,-1
2020-02-24,2020-02-24 13:00:00,95.5,95.5,95.25,95.25,-0.26,258.0,24702.6,-1
2020-02-24,2020-02-24 14:00:00,95.25,95.25,95.0,95.0,-0.26,258.0,24702.6,-1
2020-02-24,2020-02-24 15:00:00,95.0,97.0,95.0,95.0,0.0,258.0,24702.6,0
2020-02-25,2020-02-25 11:00:00,94.0,95.5,93.0,94.75,0.8,396.0,37238.0,1
2020-02-25,2020-02-25 12:00:00,94.75,95.5,94.75,95.5,0.79,396.0,37238.0,1
2020-02-25,2020-02-25 13:00:00,95.5,96.25,95.5,96.25,0.79,396.0,37238.0,1
2020-02-25,2020-02-25 14:00:00,96.25,97.0,96.25,97.0,0.78,396.0,37238.0,1
2020-02-25,2020-02-25 15:00:00,97.0,97.0,92.0,97.0,0.0,396.0,37238.0,0
2020-02-26,2020-02-26 11:00:00,96.0,97.5,95.5,96.0,0.0,298.0,28874.0,0
2020-02-26,2020-02-26 12:00:00,96.0,96.0,96.0,96.0,0.0,298.0,28874.0,0
2020-02-26,2020-02-26 13:00:00,96.0,96.0,96.0,96.0,0.0,298.0,28874.0,0
2020-02-26,2020-02-26 14:00:00,96.0,96.0,96.0,96.0,0.0,298.0,28874.0,0
2020-02-26,2020-02-26 15:00:00,96.0,99.0,95.0,96.0,0.0,298.0,28874.0,0
2020-02-27,2020-02-27 11:00:00,96.0,97.0,95.5,96.5,0.52,112.0,10750.0,1
2020-02-27,2020-02-27 12:00:00,96.5,97.0,96.5,97.0,0.52,112.0,10750.0,1
2020-02-27,2020-02-27 13:00:00,97.0,97.5,97.0,97.5,0.52,112.0,10750.0,1
2020-02-27,2020-02-27 14:00:00,97.5,98.0,97.5,98.0,0.51,112.0,10750.0,1
2020-02-27,2020-02-27 15:00:00,98.0,98.0,95.0,98.0,0.0,112.0,10750.0,0
2020-03-01,2020-03-01 11:00:00,97.0,97.5,96.5,96.75,-0.26,516.0,49840.0,-1
2020-03-01,2020-03-01 12:00:00,96.75,96.75,96.5,96.5,-0.26,516.0,49840.0,-1
2020-03-01,2020-03-01 13:00:00,96.5,96.5,96.25,96.25,-0.26,516.0,49840.0,-1
2020-03-01,2020-03-01 14:00:00,96.25,96.25,96.0,96.0,-0.26,516.0,49840.0,-1
2020-03-01,2020-03-01 15:00:00,96.0,98.0,96.0,96.0,0.0,516.0,49840.0,0
2020-03-02,2020-03-02 11:00:00,96.0,96.0,95.0,95.5,-0.52,80.0,7626.0,-1
2020-03-02,2020-03-02 12:00:00,95.5,95.5,95.0,95.0,-0.52,80.0,7626.0,-1
2020-03-02,2020-03-02 13:00:00,95.0,95.0,94.5,94.5,-0.53,80.0,7626.0,-1
2020-03-02,2020-03-02 14:00:00,94.5,94.5,94.0,94.0,-0.53,80.0,7626.0,-1
2020-03-02,2020-03-02 15:00:00,94.0,96.0,94.0,94.0,0.0,80.0,7626.0,0
2020-03-03,2020-03-03 11:00:00,93.0,93.0,91.5,92.5,-0.54,180.0,16418.0,-1
2020-03-03,2020-03-03 12:00:00,92.5,92.5,92.0,92.0,-0.54,180.0,16418.0,-1
2020-03-03,2020-03-03 13:00:00,92.0,92.0,91.5,91.5,-0.54,180.0,16418.0,-1
2020-03-03,2020-03-03 14:00:00,91.5,91.5,91.0,91.0,-0.55,180.0,16418.0,-1
2020-03-03,2020-03-03 15:00:00,91.0,93.0,90.0,91.0,0.0,180.0,16418.0,0
2020-03-10,2020-03-10 11:00:00,90.0,90.0,89.0,89.5,-0.56,28.0,2488.0,-1
2020-03-10,2020-03-10 12:00:00,89.5,89.5,89.0,89.0,-0.56,28.0,2488.0,-1
2020-03-10,2020-03-10 13:00:00,89.0,89.0,88.5,88.5,-0.56,28.0,2488.0,-1
2020-03-10,2020-03-10 14:00:00,88.5,88.5,88.0,88.0,-0.56,28.0,2488.0,-1
2020-03-10,2020-03-10 15:00:00,88.0,90.0,88.0,88.0,0.0,28.0,2488.0,0
2020-03-11,2020-03-11 11:00:00,87.0,87.5,87.0,87.25,0.29,112.0,9750.0,1
2020-03-11,2020-03-11 12:00:00,87.25,87.5,87.25,87.5,0.29,112.0,9750.0,1
2020-03-11,2020-03-11 13:00:00,87.5,87.75,87.5,87.75,0.29,112.0,9750.0,1
2020-03-11,2020-03-11 14:00:00,87.75,88.0,87.75,88.0,0.28,112.0,9750.0,1
2020-03-11,2020-03-11 15:00:00,88.0,88.0,87.0,88.0,0.0,112.0,9750.0,0
2020-03-12,2020-03-12 11:00:00,87.0,87.0,85.5,86.25,-0.86,114.0,9838.0,-1
2020-03-12,2020-03-12 12:00:00,86.25,86.25,85.5,85.5,-0.87,114.0,9838.0,-1
2020-03-12,2020-03-12 13:00:00,85.5,85.5,84.75,84.75,-0.88,114.0,9838.0,-1
2020-03-12,2020-03-12 14:00:00,84.75,84.75,84.0,84.0,-0.88,114.0,9838.0,-1
2020-03-12,2020-03-12 15:00:00,84.0,87.0,84.0,84.0,0.0,114.0,9838.0,0
2020-03-16,2020-03-16 11:00:00,83.0,83.0,81.5,82.5,-0.6,254.0,20410.0,-1
2020-03-16,2020-03-16 12:00:00,82.5,82.5,82.0,82.0,-0.61,254.0,20410.0,-1
2020-03-16,2020-03-16 13:00:00,82.0,82.0,81.5,81.5,-0.61,254.0,20410.0,-1
2020-03-16,2020-03-16 14:00:00,81.5,81.5,81.0,81.0,-0.61,254.0,20410.0,-1
2020-03-16,2020-03-16 15:00:00,81.0,83.0,80.0,81.0,0.0,254.0,20410.0,0
2020-03-17,2020-03-17 11:00:00,80.0,80.0,78.5,79.25,-0.94,379.0,29377.0,-1
2020-03-17,2020-03-17 12:00:00,79.25,79.25,78.5,78.5,-0.95,379.0,29377.0,-1
2020-03-17,2020-03-17 13:00:00,78.5,78.5,77.75,77.75,-0.96,379.0,29377.0,-1
2020-03-17,2020-03-17 14:00:00,77.75,77.75,77.0,77.0,-0.96,379.0,29377.0,-1
2020-03-17,2020-03-17 15:00:00,77.0,80.0,77.0,77.0,0.0,379.0,29377.0,0
2020-03-18,2020-03-18 11:00:00,77.0,80.0,77.0,78.5,1.95,132.0,10498.0,1
2020-03-18,2020-03-18 12:00:00,78.5,80.0,78.5,80.0,1.91,132.0,10498.0,1
2020-03-18,2020-03-18 13:00:00,80.0,81.5,80.0,81.5,1.88,132.0,10498.0,1
2020-03-18,2020-03-18 14:00:00,81.5,83.0,81.5,83.0,1.84,132.0,10498.0,1
2020-03-18,2020-03-18 15:00:00,83.0,83.0,77.0,83.0,0.0,132.0,10498.0,0
2020-03-19,2020-03-19 11:00:00,84.0,86.5,84.0,85.0,1.19,1285.4,112081.8,1
2020-03-19,2020-03-19 12:00:00,85.0,86.0,85.0,86.0,1.18,1285.4,112081.8,1
2020-03-19,2020-03-19 13:00:00,86.0,87.0,86.0,87.0,1.16,1285.4,112081.8,1
2020-03-19,2020-03-19 14:00:00,87.0,88.0,87.0,88.0,1.15,1285.4,112081.8,1
2020-03-19,2020-03-19 15:00:00,88.0,89.0,84.0,88.0,0.0,1285.4,112081.8,0
2020-07-06,2020-07-06 11:00:00,87.0,87.0,86.5,87.0,0.0,436.0,37726.0,0
2020-07-06,2020-07-06 12:00:00,87.0,87.0,87.0,87.0,0.0,436.0,37726.0,0
2020-07-06,2020-07-06 13:00:00,87.0,87.0,87.0,87.0,0.0,436.0,37726.0,0
2020-07-06,2020-07-06 14:00:00,87.0,87.0,87.0,87.0,0.0,436.0,37726.0,0
2020-07-06,2020-07-06 15:00:00,87.0,87.0,86.0,87.0,0.0,436.0,37726.0,0
2020-07-07,2020-07-07 11:00:00,86.0,86.0,86.0,86.0,0.0,72.0,6192.0,0
2020-07-07,2020-07-07 12:00:00,86.0,86.0,86.0,86.0,0.0,72.0,6192.0,0
2020-07-07,2020-07-07 13:00:00,86.0,86.0,86.0,86.0,0.0,72.0,6192.0,0
2020-07-07,2020-07-07 14:00:00,86.0,86.0,86.0,86.0,0.0,72.0,6192.0,0
2020-07-07,2020-07-07 15:00:00,86.0,86.0,86.0,86.0,0.0,72.0,6192.0,0
2020-07-08,2020-07-08 11:00:00,85.0,85.5,85.0,85.25,0.29,302.0,25946.0,1
2020-07-08,2020-07-08 12:00:00,85.25,85.5,85.25,85.5,0.29,302.0,25946.0,1
2020-07-08,2020-07-08 13:00:00,85.5,85.75,85.5,85.75,0.29,302.0,25946.0,1
2020-07-08,2020-07-08 14:00:00,85.75,86.0,85.75,86.0,0.29,302.0,25946.0,1
2020-07-08,2020-07-08 15:00:00,86.0,86.0,85.0,86.0,0.0,302.0,25946.0,0
2020-07-09,2020-07-09 11:00:00,85.0,85.5,85.0,85.25,0.29,1702.0,144704.0,1
2020-07-09,2020-07-09 12:00:00,85.25,85.5,85.25,85.5,0.29,1702.0,144704.0,1
2020-07-09,2020-07-09 13:00:00,85.5,85.75,85.5,85.75,0.29,1702.0,144704.0,1
2020-07-09,2020-07-09 14:00:00,85.75,86.0,85.75,86.0,0.29,1702.0,144704.0,1
2020-07-09,2020-07-09 15:00:00,86.0,86.0,85.0,86.0,0.0,1702.0,144704.0,0
2020-07-12,2020-07-12 11:00:00,85.0,86.0,85.0,85.25,0.29,92.0,7892.0,1
2020-07-12,2020-07-12 12:00:00,85.25,85.5,85.25,85.5,0.29,92.0,7892.0,1
2020-07-12,2020-07-12 13:00:00,85.5,85.75,85.5,85.75,0.29,92.0,7892.0,1
2020-07-12,2020-07-12 14:00:00,85.75,86.0,85.75,86.0,0.29,92.0,7892.0,1
2020-07-12,2020-07-12 15:00:00,86.0,87.0,85.0,86.0,0.0,92.0,7892.0,0
2020-07-13,2020-07-13 11:00:00,85.0,85.5,83.5,84.5,-0.59,248.0,20584.0,-1
2020-07-13,2020-07-13 12:00:00,84.5,84.5,84.0,84.0,-0.59,248.0,20584.0,-1
2020-07-13,2020-07-13 13:00:00,84.0,84.0,83.5,83.5,-0.6,248.0,20584.0,-1
2020-07-13,2020-07-13 14:00:00,83.5,83.5,83.0,83.0,-0.6,248.0,20584.0,-1
2020-07-13,2020-07-13 15:00:00,83.0,86.0,82.0,83.0,0.0,248.0,20584.0,0
2020-07-14,2020-07-14 11:00:00,83.0,83.0,81.0,82.25,-0.9,186.0,14942.0,-1
2020-07-14,2020-07-14 12:00:00,82.25,82.25,81.5,81.5,-0.91,186.0,14942.0,-1
2020-07-14,2020-07-14 13:00:00,81.5,81.5,80.75,80.75,-0.92,186.0,14942.0,-1
2020-07-14,2020-07-14 14:00:00,80.75,80.75,80.0,80.0,-0.93,186.0,14942.0,-1
2020-07-14,2020-07-14 15:00:00,80.0,83.0,79.0,80.0,0.0,186.0,14942.0,0
2020-07-15,2020-07-15 11:00:00,80.0,80.0,79.5,79.75,-0.31,146.0,11608.0,-1
2020-07-15,2020-07-15 12:00:00,79.75,79.75,79.5,79.5,-0.31,146.0,11608.0,-1
2020-07-15,2020-07-15 13:00:00,79.5,79.5,79.25,79.25,-0.31,146.0,11608.0,-1
2020-07-15,2020-07-15 14:00:00,79.25,79.25,79.0,79.0,-0.32,146.0,11608.0,-1
2020-07-15,2020-07-15 15:00:00,79.0,80.0,79.0,79.0,0.0,146.0,11608.0,0
2020-07-16,2020-07-16 11:00:00,78.0,79.0,77.5,78.5,0.64,130.0,10222.0,1
2020-07-16,2020-07-16 12:00:00,78.5,79.0,78.5,79.0,0.64,130.0,10222.0,1
2020-07-16,2020-07-16 13:00:00,79.0,79.5,79.0,79.5,0.63,130.0,10222.0,1
2020-07-16,2020-07-16 14:00:00,79.5,80.0,79.5,80.0,0.63,130.0,10222.0,1
2020-07-16,2020-07-16 15:00:00,80.0,80.0,77.0,80.0,0.0,130.0,10222.0,0
2020-07-20,2020-07-20 11:00:00,79.0,79.0,77.5,79.0,0.0,118.0,9226.0,0
2020-07-20,2020-07-20 12:00:00,79.0,79.0,79.0,79.0,0.0,118.0,9226.0,0
2020-07-20,2020-07-20 13:00:00,79.0,79.0,79.0,79.0,0.0,118.0,9226.0,0
2020-07-20,2020-07-20 14:00:00,79.0,79.0,79.0,79.0,0.0,118.0,9226.0,0
2020-07-20,2020-07-20 15:00:00,79.0,79.0,76.0,79.0,0.0,118.0,9226.0,0
2020-07-21,2020-07-21 11:00:00,78.0,78.5,78.0,78.25,0.32,188.0,14762.0,1
2020-07-21,2020-07-21 12:00:00,78.25,78.5,78.25,78.5,0.32,188.0,14762.0,1
2020-07-21,2020-07-21 13:00:00,78.5,78.75,78.5,78.75,0.32,188.0,14762.0,1
2020-07-21,2020-07-21 14:00:00,78.75,79.0,78.75,79.0,0.32,188.0,14762.0,1
2020-07-21,2020-07-21 15:00:00,79.0,79.0,78.0,79.0,0.0,188.0,14762.0,0
2020-07-22,2020-07-22 11:00:00,78.0,79.0,78.0,78.25,0.32,240.0,18940.0,1
2020-07-22,2020-07-22 12:00:00,78.25,78.5,78.25,78.5,0.32,240.0,18940.0,1
2020-07-22,2020-07-22 13:00:00,78.5,78.75,78.5,78.75,0.32,240.0,18940.0,1
2020-07-22,2020-07-22 14:00:00,78.75,79.0,78.75,79.0,0.32,240.0,18940.0,1
2020-07-22,2020-07-22 15:00:00,79.0,80.0,78.0,79.0,0.0,240.0,18940.0,0
2020-07-23,2020-07-23 11:00:00,79.0,81.0,79.0,79.5,0.63,360.0,29328.0,1
2020-07-23,2020-07-23 12:00:00,79.5,80.0,79.5,80.0,0.63,360.0,29328.0,1
2020-07-23,2020-07-23 13:00:00,80.0,80.5,80.0,80.5,0.62,360.0,29328.0,1
2020-07-23,2020-07-23 14:00:00,80.5,81.0,80.5,81.0,0.62,360.0,29328.0,1
2020-07-23,2020-07-23 15:00:00,81.0,83.0,79.0,81.0,0.0,360.0,29328.0,0
2020-07-26,2020-07-26 11:00:00,81.0,81.5,80.0,80.5,-0.62,530.0,42364.0,-1
2020-07-26,2020-07-26 12:00:00,80.5,80.5,80.0,80.0,-0.62,530.0,42364.0,-1
2020-07-26,2020-07-26 13:00:00,80.0,80.0,79.5,79.5,-0.62,530.0,42364.0,-1
2020-07-26,2020-07-26 14:00:00,79.5,79.5,79.0,79.0,-0.63,530.0,42364.0,-1
2020-07-26,2020-07-26 15:00:00,79.0,82.0,79.0,79.0,0.0,530.0,42364.0,0
2020-07-27,2020-07-27 11:00:00,80.0,81.0,80.0,80.5,0.62,284.0,23004.0,1
2020-07-27,2020-07-27 12:00:00,80.5,81.0,80.5,81.0,0.62,284.0,23004.0,1
2020-07-27,2020-07-27 13:00:00,81.0,81.5,81.0,81.5,0.62,284.0,23004.0,1
2020-07-27,2020-07-27 14:00:00,81.5,82.0,81.5,82.0,0.61,284.0,23004.0,1
2020-07-27,2020-07-27 15:00:00,82.0,82.0,80.0,82.0,0.0,284.0,23004.0,0
2020-07-28,2020-07-28 11:00:00,81.0,82.5,81.0,81.75,0.93,132.0,10850.0,1
2020-07-28,2020-07-28 12:00:00,81.75,82.5,81.75,82.5,0.92,132.0,10850.0,1
2020-07-28,2020-07-28 13:00:00,82.5,83.25,82.5,83.25,0.91,132.0,10850.0,1
2020-07-28,2020-07-28 14:00:00,83.25,84.0,83.25,84.0,0.9,132.0,10850.0,1
2020-07-28,2020-07-28 15:00:00,84.0,84.0,81.0,84.0,0.0,132.0,10850.0,0
2020-07-29,2020-07-29 11:00:00,85.0,86.5,84.5,85.75,0.88,289.4,24999.2,1
2020-07-29,2020-07-29 12:00:00,85.75,86.5,85.75,86.5,0.87,289.4,24999.2,1
2020-07-29,2020-07-29 13:00:00,86.5,87.25,86.5,87.25,0.87,289.4,24999.2,1
2020-07-29,2020-07-29 14:00:00,87.25,88.0,87.25,88.0,0.86,289.4,24999.2,1
2020-07-29,2020-07-29 15:00:00,88.0,88.0,84.0,88.0,0.0,289.4,24999.2,0
2020-07-30,2020-07-30 11:00:00,88.0,88.5,87.5,87.75,-0.28,182.6,16093.4,-1
2020-07-30,2020-07-30 12:00:00,87.75,87.75,87.5,87.5,-0.28,182.6,16093.4,-1
2020-07-30,2020-07-30 13:00:00,87.5,87.5,87.25,87.25,-0.29,182.6,16093.4,-1
2020-07-30,2020-07-30 14:00:00,87.25,87.25,87.0,87.0,-0.29,182.6,16093.4,-1
2020-07-30,2020-07-30 15:00:00,87.0,89.0,87.0,87.0,0.0,182.6,16093.4,0
2020-08-02,2020-08-02 11:00:00,86.0,86.5,86.0,86.0,0.0,158.0,13610.0,0
2020-08-02,2020-08-02 12:00:00,86.0,86.0,86.0,86.0,0.0,158.0,13610.0,0
2020-08-02,2020-08-02 13:00:00,86.0,86.0,86.0,86.0,0.0,158.0,13610.0,0
2020-08-02,2020-08-02 14:00:00,86.0,86.0,86.0,86.0,0.0,158.0,13610.0,0
2020-08-02,2020-08-02 15:00:00,86.0,87.0,86.0,86.0,0.0,158.0,13610.0,0
2020-08-03,2020-08-03 11:00:00,86.0,86.5,86.0,86.25,0.29,265.0,22856.0,1
2020-08-03,2020-08-03 12:00:00,86.25,86.5,86.25,86.5,0.29,265.0,22856.0,1
2020-08-03,2020-08-03 13:00:00,86.5,86.75,86.5,86.75,0.29,265.0,22856.0,1
2020-08-03,2020-08-03 14:00:00,86.75,87.0,86.75,87.0,0.29,265.0,22856.0,1
2020-08-03,2020-08-03 15:00:00,87.0,87.0,86.0,87.0,0.0,265.0,22856.0,0
2020-08-05,2020-08-05 11:00:00,86.0,86.5,86.0,86.0,0.0,289.0,24874.0,0
2020-08-05,2020-08-05 12:00:00,86.0,86.0,86.0,86.0,0.0,289.0,24874.0,0
2020-08-05,2020-08-05 13:00:00,86.0,86.0,86.0,86.0,0.0,289.0,24874.0,0
2020-08-05,2020-08-05 14:00:00,86.0,86.0,86.0,86.0,0.0,289.0,24874.0,0
2020-08-05,2020-08-05 15:00:00,86.0,87.0,86.0,86.0,0.0,289.0,24874.0,0
2020-08-06,2020-08-06 11:00:00,86.0,86.0,85.0,85.5,-0.58,334.0,28294.0,-1
2020-08-06,2020-08-06 12:00:00,85.5,85.5,85.0,85.0,-0.58,334.0,28294.0,-1
2020-08-06,2020-08-06 13:00:00,85.0,85.0,84.5,84.5,-0.59,334.0,28294.0,-1
2020-08-06,2020-08-06 14:00:00,84.5,84.5,84.0,84.0,-0.59,334.0,28294.0,-1
2020-08-06,2020-08-06 15:00:00,84.0,86.0,84.0,84.0,0.0,334.0,28294.0,0
2020-08-09,2020-08-09 11:00:00,83.0,83.5,81.5,83.0,0.0,160.0,13248.0,0
2020-08-09,2020-08-09 12:00:00,83.0,83.0,83.0,83.0,0.0,160.0,13248.0,0
2020-08-09,2020-08-09 13:00:00,83.0,83.0,83.0,83.0,0.0,160.0,13248.0,0
2020-08-09,2020-08-09 14:00:00,83.0,83.0,83.0,83.0,0.0,160.0,13248.0,0
2020-08-09,2020-08-09 15:00:00,83.0,84.0,80.0,83.0,0.0,160.0,13248.0,0
2020-08-10,2020-08-10 11:00:00,82.0,82.5,80.5,82.25,0.3,274.0,22374.0,1
2020-08-10,2020-08-10 12:00:00,82.25,82.5,82.25,82.5,0.3,274.0,22374.0,1
2020-08-10,2020-08-10 13:00:00,82.5,82.75,82.5,82.75,0.3,274.0,22374.0,1
2020-08-10,2020-08-10 14:00:00,82.75,83.0,82.75,83.0,0.3,274.0,22374.0,1
2020-08-10,2020-08-10 15:00:00,83.0,83.0,79.0,83.0,0.0,274.0,22374.0,0
2020-08-11,2020-08-11 11:00:00,82.0,82.5,81.5,82.0,0.0,874.0,72154.0,0
2020-08-11,2020-08-11 12:00:00,82.0,82.0,82.0,82.0,0.0,874.0,72154.0,0
2020-08-11,2020-08-11 13:00:00,82.0,82.0,82.0,82.0,0.0,874.0,72154.0,0
2020-08-11,2020-08-11 14:00:00,82.0,82.0,82.0,82.0,0.0,874.0,72154.0,0
2020-08-11,2020-08-11 15:00:00,82.0,83.0,81.0,82.0,0.0,874.0,72154.0,0
2020-08-12,2020-08-12 11:00:00,82.0,82.0,81.5,82.0,0.0,156.0,12712.0,0
2020-08-12,2020-08-12 12:00:00,82.0,82.0,82.0,82.0,0.0,156.0,12712.0,0
2020-08-12,2020-08-12 13:00:00,82.0,82.0,82.0,82.0,0.0,156.0,12712.0,0
2020-08-12,2020-08-12 14:00:00,82.0,82.0,82.0,82.0,0.0,156.0,12712.0,0
2020-08-12,2020-08-12 15:00:00,82.0,82.0,81.0,82.0,0.0,156.0,12712.0,0
2020-08-13,2020-08-13 11:00:00,81.0,81.5,81.0,81.0,0.0,162.0,13166.0,0
2020-08-13,2020-08-13 12:00:00,81.0,81.0,81.0,81.0,0.0,162.0,13166.0,0
2020-08-13,2020-08-13 13:00:00,81.0,81.0,81.0,81.0,0.0,162.0,13166.0,0
2020-08-13,2020-08-13 14:00:00,81.0,81.0,81.0,81.0,0.0,162.0,13166.0,0
2020-08-13,2020-08-13 15:00:00,81.0,82.0,81.0,81.0,0.0,162.0,13166.0,0
2020-08-16,2020-08-16 11:00:00,80.0,81.0,80.0,80.5,0.62,468.0,38216.0,1
2020-08-16,2020-08-16 12:00:00,80.5,81.0,80.5,81.0,0.62,468.0,38216.0,1
2020-08-16,2020-08-16 13:00:00,81.0,81.5,81.0,81.5,0.62,468.0,38216.0,1
2020-08-16,2020-08-16 14:00:00,81.5,82.0,81.5,82.0,0.61,468.0,38216.0,1
2020-08-16,2020-08-16 15:00:00,82.0,82.0,80.0,82.0,0.0,468.0,38216.0,0
2020-08-17,2020-08-17 11:00:00,81.0,81.5,80.0,81.0,0.0,258.0,20886.0,0
2020-08-17,2020-08-17 12:00:00,81.0,81.0,81.0,81.0,0.0,258.0,20886.0,0
2020-08-17,2020-08-17 13:00:00,81.0,81.0,81.0,81.0,0.0,258.0,20886.0,0
2020-08-17,2020-08-17 14:00:00,81.0,81.0,81.0,81.0,0.0,258.0,20886.0,0
2020-08-17,2020-08-17 15:00:00,81.0,82.0,79.0,81.0,0.0,258.0,20886.0,0
2020-08-18,2020-08-18 11:00:00,80.0,81.0,79.5,80.5,0.62,1185.6,95409.2,1
2020-08-18,2020-08-18 12:00:00,80.5,81.0,80.5,81.0,0.62,1185.6,95409.2,1
2020-08-18,2020-08-18 13:00:00,81.0,81.5,81.0,81.5,0.62,1185.6,95409.2,1
2020-08-18,2020-08-18 14:00:00,81.5,82.0,81.5,82.0,0.61,1185.6,95409.2,1
2020-08-18,2020-08-18 15:00:00,82.0,82.0,79.0,82.0,0.0,1185.6,95409.2,0
2020-08-19,2020-08-19 11:00:00,81.0,81.5,80.0,81.25,0.31,148.0,11768.0,1
2020-08-19,2020-08-19 12:00:00,81.25,81.5,81.25,81.5,0.31,148.0,11768.0,1
2020-08-19,2020-08-19 13:00:00,81.5,81.75,81.5,81.75,0.31,148.0,11768.0,1
2020-08-19,2020-08-19 14:00:00,81.75,82.0,81.75,82.0,0.31,148.0,11768.0,1
2020-08-19,2020-08-19 15:00:00,82.0,82.0,79.0,82.0,0.0,148.0,11768.0,0
2020-08-20,2020-08-20 11:00:00,81.0,81.0,80.0,80.75,-0.31,100.0,7972.0,-1
2020-08-20,2020-08-20 12:00:00,80.75,80.75,80.5,80.5,-0.31,100.0,7972.0,-1
2020-08-20,2020-08-20 13:00:00,80.5,80.5,80.25,80.25,-0.31,100.0,7972.0,-1
2020-08-20,2020-08-20 14:00:00,80.25,80.25,80.0,80.0,-0.31,100.0,7972.0,-1
2020-08-20,2020-08-20 15:00:00,80.0,81.0,79.0,80.0,0.0,100.0,7972.0,0
2020-08-23,2020-08-23 11:00:00,79.0,79.5,78.5,79.25,0.32,324.0,25802.0,1
2020-08-23,2020-08-23 12:00:00,79.25,79.5,79.25,79.5,0.32,324.0,25802.0,1
2020-08-23,2020-08-23 13:00:00,79.5,79.75,79.5,79.75,0.31,324.0,25802.0,1
2020-08-23,2020-08-23 14:00:00,79.75,80.0,79.75,80.0,0.31,324.0,25802.0,1
2020-08-23,2020-08-23 15:00:00,80.0,80.0,78.0,80.0,0.0,324.0,25802.0,0
2020-08-24,2020-08-24 11:00:00,79.0,80.0,78.5,79.5,0.63,584.0,46208.0,1
2020-08-24,2020-08-24 12:00:00,79.5,80.0,79.5,80.0,0.63,584.0,46208.0,1
2020-08-24,2020-08-24 13:00:00,80.0,80.5,80.0,80.5,0.62,584.0,46208.0,1
2020-08-24,2020-08-24 14:00:00,80.5,81.0,80.5,81.0,0.62,584.0,46208.0,1
2020-08-24,2020-08-24 15:00:00,81.0,81.0,78.0,81.0,0.0,584.0,46208.0,0
2020-08-25,2020-08-25 11:00:00,80.0,81.0,79.5,80.25,0.31,636.0,50618.0,1
2020-08-25,2020-08-25 12:00:00,80.25,80.5,80.25,80.5,0.31,636.0,50618.0,1
2020-08-25,2020-08-25 13:00:00,80.5,80.75,80.5,80.75,0.31,636.0,50618.0,1
2020-08-25,2020-08-25 14:00:00,80.75,81.0,80.75,81.0,0.31,636.0,50618.0,1
2020-08-25,2020-08-25 15:00:00,81.0,82.0,79.0,81.0,0.0,636.0,50618.0,0
2020-08-26,2020-08-26 11:00:00,80.0,80.0,79.0,80.0,0.0,788.0,62034.0,0
2020-08-26,2020-08-26 12:00:00,80.0,80.0,80.0,80.0,0.0,788.0,62034.0,0
2020-08-26,2020-08-26 13:00:00,80.0,80.0,80.0,80.0,0.0,788.0,62034.0,0
2020-08-26,2020-08-26 14:00:00,80.0,80.0,80.0,80.0,0.0,788.0,62034.0,0
2020-08-26,2020-08-26 15:00:00,80.0,80.0,78.0,80.0,0.0,788.0,62034.0,0
2020-08-27,2020-08-27 11:00:00,80.0,80.0,79.0,79.5,-0.62,398.0,31376.0,-1
2020-08-27,2020-08-27 12:00:00,79.5,79.5,79.0,79.0,-0.63,398.0,31376.0,-1
2020-08-27,2020-08-27 13:00:00,79.0,79.0,78.5,78.5,-0.63,398.0,31376.0,-1
2020-08-27,2020-08-27 14:00:00,78.5,78.5,78.0,78.0,-0.64,398.0,31376.0,-1
2020-08-27,2020-08-27 15:00:00,78.0,80.0,78.0,78.0,0.0,398.0,31376.0,0
2020-08-30,2020-08-30 11:00:00,78.0,79.0,78.0,78.5,0.64,238.0,18884.0,1
2020-08-30,2020-08-30 12:00:00,78.5,79.0,78.5,79.0,0.64,238.0,18884.0,1
2020-08-30,2020-08-30 13:00:00,79.0,79.5,79.0,79.5,0.63,238.0,18884.0,1
2020-08-30,2020-08-30 14:00:00,79.5,80.0,79.5,80.0,0.63,238.0,18884.0,1
2020-08-30,2020-08-30 15:00:00,80.0,80.0,78.0,80.0,0.0,238.0,18884.0,0
2020-08-31,2020-08-31 11:00:00,80.0,82.0,80.0,80.25,0.31,946.0,76840.0,1
2020-08-31,2020-08-31 12:00:00,80.25,80.5,80.25,80.5,0.31,946.0,76840.0,1
2020-08-31,2020-08-31 13:00:00,80.5,80.75,80.5,80.75,0.31,946.0,76840.0,1
2020-08-31,2020-08-31 14:00:00,80.75,81.0,80.75,81.0,0.31,946.0,76840.0,1
2020-08-31,2020-08-31 15:00:00,81.0,84.0,80.0,81.0,0.0,946.0,76840.0,0
2020-09-02,2020-09-02 11:00:00,82.0,85.5,80.5,83.75,2.13,3790.6,309174.4,1
2020-09-02,2020-09-02 12:00:00,83.75,85.5,83.75,85.5,2.09,3790.6,309174.4,1
2020-09-02,2020-09-02 13:00:00,85.5,87.25,85.5,87.25,2.05,3790.6,309174.4,1
2020-09-02,2020-09-02 14:00:00,87.25,89.0,87.25,89.0,2.01,3790.6,309174.4,1
2020-09-02,2020-09-02 15:00:00,89.0,89.0,79.0,89.0,0.0,3790.6,309174.4,0
2020-09-03,2020-09-03 11:00:00,90.0,91.5,88.0,89.5,-0.56,3056.0,272508.0,-1
2020-09-03,2020-09-03 12:00:00,89.5,89.5,89.0,89.0,-0.56,3056.0,272508.0,-1
2020-09-03,2020-09-03 13:00:00,89.0,89.0,88.5,88.5,-0.56,3056.0,272508.0,-1
2020-09-03,2020-09-03 14:00:00,88.5,88.5,88.0,88.0,-0.56,3056.0,272508.0,-1
2020-09-03,2020-09-03 15:00:00,88.0,93.0,86.0,88.0,0.0,3056.0,272508.0,0
2020-09-06,2020-09-06 11:00:00,88.0,90.0,88.0,88.75,0.85,954.0,86050.0,1
2020-09-06,2020-09-06 12:00:00,88.75,89.5,88.75,89.5,0.85,954.0,86050.0,1
2020-09-06,2020-09-06 13:00:00,89.5,90.25,89.5,90.25,0.84,954.0,86050.0,1
2020-09-06,2020-09-06 14:00:00,90.25,91.0,90.25,91.0,0.83,954.0,86050.0,1
2020-09-06,2020-09-06 15:00:00,91.0,92.0,88.0,91.0,0.0,954.0,86050.0,0
2020-09-07,2020-09-07 11:00:00,90.0,90.0,87.5,89.5,-0.56,1297.0,113011.0,-1
2020-09-07,2020-09-07 12:00:00,89.5,89.5,89.0,89.0,-0.56,1297.0,113011.0,-1
2020-09-07,2020-09-07 13:00:00,89.0,89.0,88.5,88.5,-0.56,1297.0,113011.0,-1
2020-09-07,2020-09-07 14:00:00,88.5,88.5,88.0,88.0,-0.56,1297.0,113011.0,-1
2020-09-07,2020-09-07 15:00:00,88.0,90.0,85.0,88.0,0.0,1297.0,113011.0,0
2020-09-08,2020-09-08 11:00:00,87.0,87.5,86.5,86.75,-0.29,377.0,32872.0,-1
2020-09-08,2020-09-08 12:00:00,86.75,86.75,86.5,86.5,-0.29,377.0,32872.0,-1
2020-09-08,2020-09-08 13:00:00,86.5,86.5,86.25,86.25,-0.29,377.0,32872.0,-1
2020-09-08,2020-09-08 14:00:00,86.25,86.25,86.0,86.0,-0.29,377.0,32872.0,-1
2020-09-08,2020-09-08 15:00:00,86.0,88.0,86.0,86.0,0.0,377.0,32872.0,0
2020-09-09,2020-09-09 11:00:00,86.0,87.5,86.0,86.5,0.58,264.6,23251.4,1
2020-09-09,2020-09-09 12:00:00,86.5,87.0,86.5,87.0,0.58,264.6,23251.4,1
2020-09-09,2020-09-09 13:00:00,87.0,87.5,87.0,87.5,0.57,264.6,23251.4,1
2020-09-09,2020-09-09 14:00:00,87.5,88.0,87.5,88.0,0.57,264.6,23251.4,1
2020-09-09,2020-09-09 15:00:00,88.0,89.0,86.0,88.0,0.0,264.6,23251.4,0
2020-09-10,2020-09-10 11:00:00,87.0,88.5,87.0,87.5,0.57,476.6,42414.0,1
2020-09-10,2020-09-10 12:00:00,87.5,88.0,87.5,88.0,0.57,476.6,42414.0,1
2020-09-10,2020-09-10 13:00:00,88.0,88.5,88.0,88.5,0.57,476.6,42414.0,1
2020-09-10,2020-09-10 14:00:00,88.5,89.0,88.5,89.0,0.56,476.6,42414.0,1
2020-09-10,2020-09-10 15:00:00,89.0,90.0,87.0,89.0,0.0,476.6,42414.0,0
2020-09-13,2020-09-13 11:00:00,88.0,92.5,88.0,90.0,2.27,1817.6,168811.2,1
2020-09-13,2020-09-13 12:00:00,90.0,92.0,90.0,92.0,2.22,1817.6,168811.2,1
2020-09-13,2020-09-13 13:00:00,92.0,94.0,92.0,94.0,2.17,1817.6,168811.2,1
2020-09-13,2020-09-13 14:00:00,94.0,96.0,94.0,96.0,2.13,1817.6,168811.2,1
2020-09-13,2020-09-13 15:00:00,96.0,97.0,88.0,96.0,0.0,1817.6,168811.2,0
2020-09-14,2020-09-14 11:00:00,97.0,101.0,97.0,98.5,1.55,3210.0,327683.6,1
2020-09-14,2020-09-14 12:00:00,98.5,100.0,98.5,100.0,1.52,3210.0,327683.6,1
2020-09-14,2020-09-14 13:00:00,100.0,101.5,100.0,101.5,1.5,3210.0,327683.6,1
2020-09-14,2020-09-14 14:00:00,101.5,103.0,101.5,103.0,1.48,3210.0,327683.6,1
2020-09-14,2020-09-14 15:00:00,103.0,105.0,97.0,103.0,0.0,3210.0,327683.6,0
2020-09-15,2020-09-15 11:00:00,102.0,102.0,99.5,101.0,-0.98,1649.0,164776.6,-1
2020-09-15,2020-09-15 12:00:00,101.0,101.0,100.0,100.0,-0.99,1649.0,164776.6,-1
2020-09-15,2020-09-15 13:00:00,100.0,100.0,99.0,99.0,-1.0,1649.0,164776.6,-1
2020-09-15,2020-09-15 14:00:00,99.0,99.0,98.0,98.0,-1.01,1649.0,164776.6,-1
2020-09-15,2020-09-15 15:00:00,98.0,102.0,97.0,98.0,0.0,1649.0,164776.6,0
2020-09-16,2020-09-16 11:00:00,97.0,102.0,97.0,99.5,2.58,2382.0,248634.0,1
2020-09-16,2020-09-16 12:00:00,99.5,102.0,99.5,102.0,2.51,2382.0,248634.0,1
2020-09-16,2020-09-16 13:00:00,102.0,104.5,102.0,104.5,2.45,2382.0,248634.0,1
2020-09-16,2020-09-16 14:00:00,104.5,107.0,104.5,107.0,2.39,2382.0,248634.0,1
2020-09-16,2020-09-16 15:00:00,107.0,107.0,97.0,107.0,0.0,2382.0,248634.0,0
2020-09-17,2020-09-17 11:00:00,109.0,113.0,108.5,111.0,1.83,5351.0,611171.0,1
2020-09-17,2020-09-17 12:00:00,111.0,113.0,111.0,113.0,1.8,5351.0,611171.0,1
2020-09-17,2020-09-17 13:00:00,113.0,115.0,113.0,115.0,1.77,5351.0,611171.0,1
2020-09-17,2020-09-17 14:00:00,115.0,117.0,115.0,117.0,1.74,5351.0,611171.0,1
2020-09-17,2020-09-17 15:00:00,117.0,117.0,108.0,117.0,0.0,5351.0,611171.0,0
2020-09-20,2020-09-20 11:00:00,122.0,124.0,114.5,120.0,-1.64,2369.6,269340.8,-1
2020-09-20,2020-09-20 12:00:00,120.0,120.0,118.0,118.0,-1.67,2369.6,269340.8,-1
2020-09-20,2020-09-20 13:00:00,118.0,118.0,116.0,116.0,-1.69,2369.6,269340.8,-1
2020-09-20,2020-09-20 14:00:00,116.0,116.0,114.0,114.0,-1.72,2369.6,269340.8,-1
2020-09-20,2020-09-20 15:00:00,114.0,126.0,107.0,114.0,0.0,2369.6,269340.8,0
2020-09-21,2020-09-21 11:00:00,115.0,115.0,110.0,112.5,-2.17,2369.8,253474.2,-1
2020-09-21,2020-09-21 12:00:00,112.5,112.5,110.0,110.0,-2.22,2369.8,253474.2,-1
2020-09-21,2020-09-21 13:00:00,110.0,110.0,107.5,107.5,-2.27,2369.8,253474.2,-1
2020-09-21,2020-09-21 14:00:00,107.5,107.5,105.0,105.0,-2.33,2369.8,253474.2,-1
2020-09-21,2020-09-21 15:00:00,105.0,115.0,105.0,105.0,0.0,2369.8,253474.2,0
2020-09-22,2020-09-22 11:00:00,103.0,104.0,102.0,103.0,0.0,1374.0,142130.0,0
2020-09-22,2020-09-22 12:00:00,103.0,103.0,103.0,103.0,0.0,1374.0,142130.0,0
2020-09-22,2020-09-22 13:00:00,103.0,103.0,103.0,103.0,0.0,1374.0,142130.0,0
2020-09-22,2020-09-22 14:00:00,103.0,103.0,103.0,103.0,0.0,1374.0,142130.0,0
2020-09-22,2020-09-22 15:00:00,103.0,105.0,101.0,103.0,0.0,1374.0,142130.0,0
2020-09-23,2020-09-23 11:00:00,101.0,107.0,101.0,104.0,2.97,2309.0,249900.6,1
2020-09-23,2020-09-23 12:00:00,104.0,107.0,104.0,107.0,2.88,2309.0,249900.6,1
2020-09-23,2020-09-23 13:00:00,107.0,110.0,107.0,110.0,2.8,2309.0,249900.6,1
2020-09-23,2020-09-23 14:00:00,110.0,113.0,110.0,113.0,2.73,2309.0,249900.6,1
2020-09-23,2020-09-23 15:00:00,113.0,113.0,101.0,113.0,0.0,2309.0,249900.6,0
2020-09-24,2020-09-24 11:00:00,115.0,119.5,113.5,117.25,1.96,8626.4,1057341.6,1
2020-09-24,2020-09-24 12:00:00,117.25,119.5,117.25,119.5,1.92,8626.4,1057341.6,1
2020-09-24,2020-09-24 13:00:00,119.5,121.75,119.5,121.75,1.88,8626.4,1057341.6,1
2020-09-24,2020-09-24 14:00:00,121.75,124.0,121.75,124.0,1.85,8626.4,1057341.6,1
2020-09-24,2020-09-24 15:00:00,124.0,124.0,112.0,124.0,0.0,8626.4,1057341.6,0
2020-09-27,2020-09-27 11:00:00,124.0,130.0,124.0,127.0,2.42,5455.4,723501.0,1
2020-09-27,2020-09-27 12:00:00,127.0,130.0,127.0,130.0,2.36,5455.4,723501.0,1
2020-09-27,2020-09-27 13:00:00,130.0,133.0,130.0,133.0,2.31,5455.4,723501.0,1
2020-09-27,2020-09-27 14:00:00,133.0,136.0,133.0,136.0,2.26,5455.4,723501.0,1
2020-09-27,2020-09-27 15:00:00,136.0,136.0,124.0,136.0,0.0,5455.4,723501.0,0
2020-09-28,2020-09-28 11:00:00,134.0,136.0,130.0,135.0,0.75,2972.0,383040.0,1
2020-09-28,2020-09-28 12:00:00,135.0,136.0,135.0,136.0,0.74,2972.0,383040.0,1
2020-09-28,2020-09-28 13:00:00,136.0,137.0,136.0,137.0,0.74,2972.0,383040.0,1
2020-09-28,2020-09-28 14:00:00,137.0,138.0,137.0,138.0,0.73,2972.0,383040.0,1
2020-09-28,2020-09-28 15:00:00,138.0,138.0,126.0,138.0,0.0,2972.0,383040.0,0
2020-09-29,2020-09-29 11:00:00,136.0,140.5,132.0,138.25,1.65,4955.0,691037.8,1
2020-09-29,2020-09-29 12:00:00,138.25,140.5,138.25,140.5,1.63,4955.0,691037.8,1
2020-09-29,2020-09-29 13:00:00,140.5,142.75,140.5,142.75,1.6,4955.0,691037.8,1
2020-09-29,2020-09-29 14:00:00,142.75,145.0,142.75,145.0,1.58,4955.0,691037.8,1
2020-09-29,2020-09-29 15:00:00,145.0,145.0,128.0,145.0,0.0,4955.0,691037.8,0
2020-09-30,2020-09-30 11:00:00,145.0,149.5,139.5,147.0,1.38,6227.2,883042.8,1
2020-09-30,2020-09-30 12:00:00,147.0,149.0,147.0,149.0,1.36,6227.2,883042.8,1
2020-09-30,2020-09-30 13:00:00,149.0,151.0,149.0,151.0,1.34,6227.2,883042.8,1
2020-09-30,2020-09-30 14:00:00,151.0,153.0,151.0,153.0,1.32,6227.2,883042.8,1
2020-09-30,2020-09-30 15:00:00,153.0,154.0,134.0,153.0,0.0,6227.2,883042.8,0
2020-10-01,2020-10-01 11:00:00,150.0,150.0,144.0,147.0,-2.0,3533.0,504526.0,-1
2020-10-01,2020-10-01 12:00:00,147.0,147.0,144.0,144.0,-2.04,3533.0,504526.0,-1
2020-10-01,2020-10-01 13:00:00,144.0,144.0,141.0,141.0,-2.08,3533.0,504526.0,-1
2020-10-01,2020-10-01 14:00:00,141.0,141.0,138.0,138.0,-2.13,3533.0,504526.0,-1
2020-10-01,2020-10-01 15:00:00,138.0,150.0,138.0,138.0,0.0,3533.0,504526.0,0
2020-10-04,2020-10-04 11:00:00,132.0,134.0,130.5,132.5,0.38,1950.0,259810.0,1
2020-10-04,2020-10-04 12:00:00,132.5,133.0,132.5,133.0,0.38,1950.0,259810.0,1
2020-10-04,2020-10-04 13:00:00,133.0,133.5,133.0,133.5,0.38,1950.0,259810.0,1
2020-10-04,2020-10-04 14:00:00,133.5,134.0,133.5,134.0,0.37,1950.0,259810.0,1
2020-10-04,2020-10-04 15:00:00,134.0,136.0,129.0,134.0,0.0,1950.0,259810.0,0
2020-10-05,2020-10-05 11:00:00,129.0,134.5,129.0,131.75,2.13,1888.0,253440.0,1
2020-10-05,2020-10-05 12:00:00,131.75,134.5,131.75,134.5,2.09,1888.0,253440.0,1
2020-10-05,2020-10-05 13:00:00,134.5,137.25,134.5,137.25,2.04,1888.0,253440.0,1
2020-10-05,2020-10-05 14:00:00,137.25,140.0,137.25,140.0,2.0,1888.0,253440.0,1
2020-10-05,2020-10-05 15:00:00,140.0,140.0,129.0,140.0,0.0,1888.0,253440.0,0
2020-10-06,2020-10-06 11:00:00,142.0,148.0,139.0,145.0,2.11,7958.8,1201998.0,1
2020-10-06,2020-10-06 12:00:00,145.0,148.0,145.0,148.0,2.07,7958.8,1201998.0,1
2020-10-06,2020-10-06 13:00:00,148.0,151.0,148.0,151.0,2.03,7958.8,1201998.0,1
2020-10-06,2020-10-06 14:00:00,151.0,154.0,151.0,154.0,1.99,7958.8,1201998.0,1
2020-10-06,2020-10-06 15:00:00,154.0,154.0,136.0,154.0,0.0,7958.8,1201998.0,0
2020-10-07,2020-10-07 11:00:00,147.0,158.0,147.0,152.5,3.74,8849.4,1484916.8,1
2020-10-07,2020-10-07 12:00:00,152.5,158.0,152.5,158.0,3.61,8849.4,1484916.8,1
2020-10-07,2020-10-07 13:00:00,158.0,163.5,158.0,163.5,3.48,8849.4,1484916.8,1
2020-10-07,2020-10-07 14:00:00,163.5,169.0,163.5,169.0,3.36,8849.4,1484916.8,1
2020-10-07,2020-10-07 15:00:00,169.0,169.0,147.0,169.0,0.0,8849.4,1484916.8,0
2020-10-08,2020-10-08 11:00:00,166.0,169.0,162.0,164.75,-0.75,4776.6,792431.4,-1
2020-10-08,2020-10-08 12:00:00,164.75,164.75,163.5,163.5,-0.76,4776.6,792431.4,-1
2020-10-08,2020-10-08 13:00:00,163.5,163.5,162.25,162.25,-0.76,4776.6,792431.4,-1
2020-10-08,2020-10-08 14:00:00,162.25,162.25,161.0,161.0,-0.77,4776.6,792431.4,-1
2020-10-08,2020-10-08 15:00:00,161.0,172.0,158.0,161.0,0.0,4776.6,792431.4,0
2020-10-11,2020-10-11 11:00:00,158.0,161.0,155.5,156.75,-0.79,2686.0,415220.0,-1
2020-10-11,2020-10-11 12:00:00,156.75,156.75,155.5,155.5,-0.8,2686.0,415220.0,-1
2020-10-11,2020-10-11 13:00:00,155.5,155.5,154.25,154.25,-0.8,2686.0,415220.0,-1
2020-10-11,2020-10-11 14:00:00,154.25,154.25,153.0,153.0,-0.81,2686.0,415220.0,-1
2020-10-11,2020-10-11 15:00:00,153.0,164.0,153.0,153.0,0.0,2686.0,415220.0,0
2020-10-12,2020-10-12 11:00:00,160.0,160.0,151.0,159.5,-0.31,2066.0,313356.0,-1
2020-10-12,2020-10-12 12:00:00,159.5,159.5,159.0,159.0,-0.31,2066.0,313356.0,-1
2020-10-12,2020-10-12 13:00:00,159.0,159.0,158.5,158.5,-0.31,2066.0,313356.0,-1
2020-10-12,2020-10-12 14:00:00,158.5,158.5,158.0,158.0,-0.32,2066.0,313356.0,-1
2020-10-12,2020-10-12 15:00:00,158.0,160.0,142.0,158.0,0.0,2066.0,313356.0,0
2020-10-13,2020-10-13 11:00:00,155.0,158.5,155.0,155.0,0.0,3553.0,559197.0,0
2020-10-13,2020-10-13 12:00:00,155.0,155.0,155.0,155.0,0.0,3553.0,559197.0,0
2020-10-13,2020-10-13 13:00:00,155.0,155.0,155.0,155.0,0.0,3553.0,559197.0,0
2020-10-13,2020-10-13 14:00:00,155.0,155.0,155.0,155.0,0.0,3553.0,559197.0,0
2020-10-13,2020-10-13 15:00:00,155.0,162.0,155.0,155.0,0.0,3553.0,559197.0,0
2020-10-14,2020-10-14 11:00:00,152.0,154.0,148.5,151.5,-0.33,2427.0,367393.0,-1
2020-10-14,2020-10-14 12:00:00,151.5,151.5,151.0,151.0,-0.33,2427.0,367393.0,-1
2020-10-14,2020-10-14 13:00:00,151.0,151.0,150.5,150.5,-0.33,2427.0,367393.0,-1
2020-10-14,2020-10-14 14:00:00,150.5,150.5,150.0,150.0,-0.33,2427.0,367393.0,-1
2020-10-14,2020-10-14 15:00:00,150.0,156.0,145.0,150.0,0.0,2427.0,367393.0,0
2020-10-15,2020-10-15 11:00:00,153.0,158.5,151.5,155.0,1.31,1846.0,284964.0,1
2020-10-15,2020-10-15 12:00:00,155.0,157.0,155.0,157.0,1.29,1846.0,284964.0,1
2020-10-15,2020-10-15 13:00:00,157.0,159.0,157.0,159.0,1.27,1846.0,284964.0,1
2020-10-15,2020-10-15 14:00:00,159.0,161.0,159.0,161.0,1.26,1846.0,284964.0,1
2020-10-15,2020-10-15 15:00:00,161.0,164.0,150.0,161.0,0.0,1846.0,284964.0,0
2020-10-18,2020-10-18 11:00:00,158.0,160.0,155.0,159.0,0.63,1251.0,197692.0,1
2020-10-18,2020-10-18 12:00:00,159.0,160.0,159.0,160.0,0.63,1251.0,197692.0,1
2020-10-18,2020-10-18 13:00:00,160.0,161.0,160.0,161.0,0.62,1251.0,197692.0,1
2020-10-18,2020-10-18 14:00:00,161.0,162.0,161.0,162.0,0.62,1251.0,197692.0,1
2020-10-18,2020-10-18 15:00:00,162.0,162.0,152.0,162.0,0.0,1251.0,197692.0,0
2020-10-19,2020-10-19 11:00:00,161.0,168.5,159.5,164.75,2.33,2372.0,396574.0,1
2020-10-19,2020-10-19 12:00:00,164.75,168.5,164.75,168.5,2.28,2372.0,396574.0,1
2020-10-19,2020-10-19 13:00:00,168.5,172.25,168.5,172.25,2.23,2372.0,396574.0,1
2020-10-19,2020-10-19 14:00:00,172.25,176.0,172.25,176.0,2.18,2372.0,396574.0,1
2020-10-19,2020-10-19 15:00:00,176.0,176.0,158.0,176.0,0.0,2372.0,396574.0,0
2020-10-20,2020-10-20 11:00:00,176.0,184.5,176.0,180.25,2.41,4999.0,943787.4,1
2020-10-20,2020-10-20 12:00:00,180.25,184.5,180.25,184.5,2.36,4999.0,943787.4,1
2020-10-20,2020-10-20 13:00:00,184.5,188.75,184.5,188.75,2.3,4999.0,943787.4,1
2020-10-20,2020-10-20 14:00:00,188.75,193.0,188.75,193.0,2.25,4999.0,943787.4,1
2020-10-20,2020-10-20 15:00:00,193.0,193.0,176.0,193.0,0.0,4999.0,943787.4,0
2020-10-21,2020-10-21 11:00:00,190.0,198.5,188.5,191.0,0.53,2571.0,503922.2,1
2020-10-21,2020-10-21 12:00:00,191.0,192.0,191.0,192.0,0.52,2571.0,503922.2,1
2020-10-21,2020-10-21 13:00:00,192.0,193.0,192.0,193.0,0.52,2571.0,503922.2,1
2020-10-21,2020-10-21 14:00:00,193.0,194.0,193.0,194.0,0.52,2571.0,503922.2,1
2020-10-21,2020-10-21 15:00:00,194.0,207.0,187.0,194.0,0.0,2571.0,503922.2,0
2020-10-22,2020-10-22 11:00:00,191.0,195.5,186.5,190.0,-0.52,1691.4,324783.8,-1
2020-10-22,2020-10-22 12:00:00,190.0,190.0,189.0,189.0,-0.53,1691.4,324783.8,-1
2020-10-22,2020-10-22 13:00:00,189.0,189.0,188.0,188.0,-0.53,1691.4,324783.8,-1
2020-10-22,2020-10-22 14:00:00,188.0,188.0,187.0,187.0,-0.53,1691.4,324783.8,-1
2020-10-22,2020-10-22 15:00:00,187.0,200.0,182.0,187.0,0.0,1691.4,324783.8,0
2020-10-28,2020-10-28 11:00:00,184.0,184.0,181.0,183.5,-0.27,1020.0,185414.0,-1
2020-10-28,2020-10-28 12:00:00,183.5,183.5,183.0,183.0,-0.27,1020.0,185414.0,-1
2020-10-28,2020-10-28 13:00:00,183.0,183.0,182.5,182.5,-0.27,1020.0,185414.0,-1
2020-10-28,2020-10-28 14:00:00,182.5,182.5,182.0,182.0,-0.27,1020.0,185414.0,-1
2020-10-28,2020-10-28 15:00:00,182.0,184.0,178.0,182.0,0.0,1020.0,185414.0,0
2020-10-29,2020-10-29 11:00:00,179.0,186.5,176.0,181.75,1.54,1632.6,305763.6,1
2020-10-29,2020-10-29 12:00:00,181.75,184.5,181.75,184.5,1.51,1632.6,305763.6,1
2020-10-29,2020-10-29 13:00:00,184.5,187.25,184.5,187.25,1.49,1632.6,305763.6,1
2020-10-29,2020-10-29 14:00:00,187.25,190.0,187.25,190.0,1.47,1632.6,305763.6,1
2020-10-29,2020-10-29 15:00:00,190.0,194.0,173.0,190.0,0.0,1632.6,305763.6,0
2020-11-01,2020-11-01 11:00:00,187.0,190.5,186.0,188.75,0.94,1222.0,232578.0,1
2020-11-01,2020-11-01 12:00:00,188.75,190.5,188.75,190.5,0.93,1222.0,232578.0,1
2020-11-01,2020-11-01 13:00:00,190.5,192.25,190.5,192.25,0.92,1222.0,232578.0,1
2020-11-01,2020-11-01 14:00:00,192.25,194.0,192.25,194.0,0.91,1222.0,232578.0,1
2020-11-01,2020-11-01 15:00:00,194.0,194.0,185.0,194.0,0.0,1222.0,232578.0,0
2020-11-02,2020-11-02 11:00:00,197.0,201.0,194.5,198.25,0.63,4588.0,917477.4,1
2020-11-02,2020-11-02 12:00:00,198.25,199.5,198.25,199.5,0.63,4588.0,917477.4,1
2020-11-02,2020-11-02 13:00:00,199.5,200.75,199.5,200.75,0.63,4588.0,917477.4,1
2020-11-02,2020-11-02 14:00:00,200.75,202.0,200.75,202.0,0.62,4588.0,917477.4,1
2020-11-02,2020-11-02 15:00:00,202.0,205.0,192.0,202.0,0.0,4588.0,917477.4,0
2020-11-03,2020-11-03 11:00:00,198.0,201.5,196.5,199.0,0.51,3019.0,608068.0,1
2020-11-03,2020-11-03 12:00:00,199.0,200.0,199.0,200.0,0.5,3019.0,608068.0,1
2020-11-03,2020-11-03 13:00:00,200.0,201.0,200.0,201.0,0.5,3019.0,608068.0,1
2020-11-03,2020-11-03 14:00:00,201.0,202.0,201.0,202.0,0.5,3019.0,608068.0,1
2020-11-03,2020-11-03 15:00:00,202.0,205.0,195.0,202.0,0.0,3019.0,608068.0,0
2020-11-04,2020-11-04 11:00:00,205.0,205.0,201.0,203.25,-0.85,2156.0,432780.0,-1
2020-11-04,2020-11-04 12:00:00,203.25,203.25,201.5,201.5,-0.86,2156.0,432780.0,-1
2020-11-04,2020-11-04 13:00:00,201.5,201.5,199.75,199.75,-0.87,2156.0,432780.0,-1
2020-11-04,2020-11-04 14:00:00,199.75,199.75,198.0,198.0,-0.88,2156.0,432780.0,-1
2020-11-04,2020-11-04 15:00:00,198.0,205.0,197.0,198.0,0.0,2156.0,432780.0,0
2020-11-05,2020-11-05 11:00:00,196.0,199.0,196.0,197.25,0.64,3133.0,626482.0,1
2020-11-05,2020-11-05 12:00:00,197.25,198.5,197.25,198.5,0.63,3133.0,626482.0,1
2020-11-05,2020-11-05 13:00:00,198.5,199.75,198.5,199.75,0.63,3133.0,626482.0,1
2020-11-05,2020-11-05 14:00:00,199.75,201.0,199.75,201.0,0.63,3133.0,626482.0,1
2020-11-05,2020-11-05 15:00:00,201.0,202.0,196.0,201.0,0.0,3133.0,626482.0,0
2020-11-08,2020-11-08 11:00:00,200.0,209.0,200.0,204.5,2.25,2958.0,619581.6,1
2020-11-08,2020-11-08 12:00:00,204.5,209.0,204.5,209.0,2.2,2958.0,619581.6,1
2020-11-08,2020-11-08 13:00:00,209.0,213.5,209.0,213.5,2.15,2958.0,619581.6,1
2020-11-08,2020-11-08 14:00:00,213.5,218.0,213.5,218.0,2.11,2958.0,619581.6,1
2020-11-08,2020-11-08 15:00:00,218.0,218.0,200.0,218.0,0.0,2958.0,619581.6,0
2020-11-09,2020-11-09 11:00:00,220.0,220.0,212.5,218.0,-0.91,1682.0,359430.0,-1
2020-11-09,2020-11-09 12:00:00,218.0,218.0,216.0,216.0,-0.92,1682.0,359430.0,-1
2020-11-09,2020-11-09 13:00:00,216.0,216.0,214.0,214.0,-0.93,1682.0,359430.0,-1
2020-11-09,2020-11-09 14:00:00,214.0,214.0,212.0,212.0,-0.93,1682.0,359430.0,-1
2020-11-09,2020-11-09 15:00:00,212.0,220.0,205.0,212.0,0.0,1682.0,359430.0,0
2020-11-10,2020-11-10 11:00:00,209.0,211.0,207.5,208.75,-0.12,2978.0,622050.0,-1
2020-11-10,2020-11-10 12:00:00,208.75,208.75,208.5,208.5,-0.12,2978.0,622050.0,-1
2020-11-10,2020-11-10 13:00:00,208.5,208.5,208.25,208.25,-0.12,2978.0,622050.0,-1
2020-11-10,2020-11-10 14:00:00,208.25,208.25,208.0,208.0,-0.12,2978.0,622050.0,-1
2020-11-10,2020-11-10 15:00:00,208.0,213.0,206.0,208.0,0.0,2978.0,622050.0,0
2020-11-11,2020-11-11 11:00:00,204.0,205.0,202.5,203.75,-0.12,1468.0,297918.0,-1
2020-11-11,2020-11-11 12:00:00,203.75,203.75,203.5,203.5,-0.12,1468.0,297918.0,-1
2020-11-11,2020-11-11 13:00:00,203.5,203.5,203.25,203.25,-0.12,1468.0,297918.0,-1
2020-11-11,2020-11-11 14:00:00,203.25,203.25,203.0,203.0,-0.12,1468.0,297918.0,-1
2020-11-11,2020-11-11 15:00:00,203.0,206.0,201.0,203.0,0.0,1468.0,297918.0,0
2020-11-12,2020-11-12 11:00:00,213.0,213.0,206.5,212.0,-0.47,2364.8,485236.4,-1
2020-11-12,2020-11-12 12:00:00,212.0,212.0,211.0,211.0,-0.47,2364.8,485236.4,-1
2020-11-12,2020-11-12 13:00:00,211.0,211.0,210.0,210.0,-0.47,2364.8,485236.4,-1
2020-11-12,2020-11-12 14:00:00,210.0,210.0,209.0,209.0,-0.48,2364.8,485236.4,-1
2020-11-12,2020-11-12 15:00:00,209.0,213.0,200.0,209.0,0.0,2364.8,485236.4,0
2020-11-18,2020-11-18 11:00:00,219.0,219.0,209.0,215.75,-1.48,880.0,178658.0,-1
2020-11-18,2020-11-18 12:00:00,215.75,215.75,212.5,212.5,-1.51,880.0,178658.0,-1
2020-11-18,2020-11-18 13:00:00,212.5,212.5,209.25,209.25,-1.53,880.0,178658.0,-1
2020-11-18,2020-11-18 14:00:00,209.25,209.25,206.0,206.0,-1.55,880.0,178658.0,-1
2020-11-18,2020-11-18 15:00:00,206.0,219.0,199.0,206.0,0.0,880.0,178658.0,0
2020-11-19,2020-11-19 11:00:00,202.0,213.0,200.0,207.5,2.72,2701.0,572092.0,1
2020-11-19,2020-11-19 12:00:00,207.5,213.0,207.5,213.0,2.65,2701.0,572092.0,1
2020-11-19,2020-11-19 13:00:00,213.0,218.5,213.0,218.5,2.58,2701.0,572092.0,1
2020-11-19,2020-11-19 14:00:00,218.5,224.0,218.5,224.0,2.52,2701.0,572092.0,1
2020-11-19,2020-11-19 15:00:00,224.0,224.0,198.0,224.0,0.0,2701.0,572092.0,0
2020-11-22,2020-11-22 11:00:00,228.0,228.0,216.0,222.0,-2.63,1235.4,259914.4,-1
2020-11-22,2020-11-22 12:00:00,222.0,222.0,216.0,216.0,-2.7,1235.4,259914.4,-1
2020-11-22,2020-11-22 13:00:00,216.0,216.0,210.0,210.0,-2.78,1235.4,259914.4,-1
2020-11-22,2020-11-22 14:00:00,210.0,210.0,204.0,204.0,-2.86,1235.4,259914.4,-1
2020-11-22,2020-11-22 15:00:00,204.0,228.0,204.0,204.0,0.0,1235.4,259914.4,0
2020-11-23,2020-11-23 11:00:00,214.0,214.5,209.0,212.5,-0.7,3371.4,702127.6,-1
2020-11-23,2020-11-23 12:00:00,212.5,212.5,211.0,211.0,-0.71,3371.4,702127.6,-1
2020-11-23,2020-11-23 13:00:00,211.0,211.0,209.5,209.5,-0.71,3371.4,702127.6,-1
2020-11-23,2020-11-23 14:00:00,209.5,209.5,208.0,208.0,-0.72,3371.4,702127.6,-1
2020-11-23,2020-11-23 15:00:00,208.0,215.0,204.0,208.0,0.0,3371.4,702127.6,0
2020-11-24,2020-11-24 11:00:00,205.0,210.0,204.5,207.25,1.1,2398.0,508870.4,1
2020-11-24,2020-11-24 12:00:00,207.25,209.5,207.25,209.5,1.09,2398.0,508870.4,1
2020-11-24,2020-11-24 13:00:00,209.5,211.75,209.5,211.75,1.07,2398.0,508870.4,1
2020-11-24,2020-11-24 14:00:00,211.75,214.0,211.75,214.0,1.06,2398.0,508870.4,1
2020-11-24,2020-11-24 15:00:00,214.0,215.0,204.0,214.0,0.0,2398.0,508870.4,0
2020-11-25,2020-11-25 11:00:00,210.0,212.5,208.0,211.25,0.6,1801.2,380260.6,1
2020-11-25,2020-11-25 12:00:00,211.25,212.5,211.25,212.5,0.59,1801.2,380260.6,1
2020-11-25,2020-11-25 13:00:00,212.5,213.75,212.5,213.75,0.59,1801.2,380260.6,1
2020-11-25,2020-11-25 14:00:00,213.75,215.0,213.75,215.0,0.58,1801.2,380260.6,1
2020-11-25,2020-11-25 15:00:00,215.0,215.0,206.0,215.0,0.0,1801.2,380260.6,0
2020-11-26,2020-11-26 11:00:00,225.0,225.0,216.0,220.75,-1.89,2029.4,426657.0,-1
2020-11-26,2020-11-26 12:00:00,220.75,220.75,216.5,216.5,-1.93,2029.4,426657.0,-1
2020-11-26,2020-11-26 13:00:00,216.5,216.5,212.25,212.25,-1.96,2029.4,426657.0,-1
2020-11-26,2020-11-26 14:00:00,212.25,212.25,208.0,208.0,-2.0,2029.4,426657.0,-1
2020-11-26,2020-11-26 15:00:00,208.0,225.0,207.0,208.0,0.0,2029.4,426657.0,0
2020-11-29,2020-11-29 11:00:00,205.0,207.0,204.5,205.0,0.0,2534.8,519400.6,0
2020-11-29,2020-11-29 12:00:00,205.0,205.0,205.0,205.0,0.0,2534.8,519400.6,0
2020-11-29,2020-11-29 13:00:00,205.0,205.0,205.0,205.0,0.0,2534.8,519400.6,0
2020-11-29,2020-11-29 14:00:00,205.0,205.0,205.0,205.0,0.0,2534.8,519400.6,0
2020-11-29,2020-11-29 15:00:00,205.0,209.0,204.0,205.0,0.0,2534.8,519400.6,0
2020-11-30,2020-11-30 11:00:00,204.0,211.0,204.0,206.75,1.35,1938.4,402198.6,1
2020-11-30,2020-11-30 12:00:00,206.75,209.5,206.75,209.5,1.33,1938.4,402198.6,1
2020-11-30,2020-11-30 13:00:00,209.5,212.25,209.5,212.25,1.31,1938.4,402198.6,1
2020-11-30,2020-11-30 14:00:00,212.25,215.0,212.25,215.0,1.3,1938.4,402198.6,1
2020-11-30,2020-11-30 15:00:00,215.0,218.0,204.0,215.0,0.0,1938.4,402198.6,0
2020-12-01,2020-12-01 11:00:00,215.0,220.0,211.5,216.0,0.47,2158.0,464482.0,1
2020-12-01,2020-12-01 12:00:00,216.0,217.0,216.0,217.0,0.46,2158.0,464482.0,1
2020-12-01,2020-12-01 13:00:00,217.0,218.0,217.0,218.0,0.46,2158.0,464482.0,1
2020-12-01,2020-12-01 14:00:00,218.0,219.0,218.0,219.0,0.46,2158.0,464482.0,1
2020-12-01,2020-12-01 15:00:00,219.0,225.0,208.0,219.0,0.0,2158.0,464482.0,0
2020-12-02,2020-12-02 11:00:00,220.0,222.0,215.0,219.25,-0.34,5158.6,1120121.8,-1
2020-12-02,2020-12-02 12:00:00,219.25,219.25,218.5,218.5,-0.34,5158.6,1120121.8,-1
2020-12-02,2020-12-02 13:00:00,218.5,218.5,217.75,217.75,-0.34,5158.6,1120121.8,-1
2020-12-02,2020-12-02 14:00:00,217.75,217.75,217.0,217.0,-0.34,5158.6,1120121.8,-1
2020-12-02,2020-12-02 15:00:00,217.0,224.0,210.0,217.0,0.0,5158.6,1120121.8,0
2020-12-03,2020-12-03 11:00:00,217.0,217.0,211.0,215.75,-0.58,1714.6,357630.2,-1
2020-12-03,2020-12-03 12:00:00,215.75,215.75,214.5,214.5,-0.58,1714.6,357630.2,-1
2020-12-03,2020-12-03 13:00:00,214.5,214.5,213.25,213.25,-0.58,1714.6,357630.2,-1
2020-12-03,2020-12-03 14:00:00,213.25,213.25,212.0,212.0,-0.59,1714.6,357630.2,-1
2020-12-03,2020-12-03 15:00:00,212.0,217.0,205.0,212.0,0.0,1714.6,357630.2,0
2020-12-06,2020-12-06 11:00:00,208.0,208.0,203.0,206.5,-0.72,1552.0,310416.0,-1
2020-12-06,2020-12-06 12:00:00,206.5,206.5,205.0,205.0,-0.73,1552.0,310416.0,-1
2020-12-06,2020-12-06 13:00:00,205.0,205.0,203.5,203.5,-0.73,1552.0,310416.0,-1
2020-12-06,2020-12-06 14:00:00,203.5,203.5,202.0,202.0,-0.74,1552.0,310416.0,-1
2020-12-06,2020-12-06 15:00:00,202.0,208.0,198.0,202.0,0.0,1552.0,310416.0,0
2020-12-07,2020-12-07 11:00:00,202.0,204.0,199.0,202.75,0.37,857.0,172600.0,1
2020-12-07,2020-12-07 12:00:00,202.75,203.5,202.75,203.5,0.37,857.0,172600.0,1
2020-12-07,2020-12-07 13:00:00,203.5,204.25,203.5,204.25,0.37,857.0,172600.0,1
2020-12-07,2020-12-07 14:00:00,204.25,205.0,204.25,205.0,0.37,857.0,172600.0,1
2020-12-07,2020-12-07 15:00:00,205.0,206.0,196.0,205.0,0.0,857.0,172600.0,0
2020-12-08,2020-12-08 11:00:00,205.0,207.0,202.5,204.0,-0.49,3249.6,660110.0,-1
2020-12-08,2020-12-08 12:00:00,204.0,204.0,203.0,203.0,-0.49,3249.6,660110.0,-1
2020-12-08,2020-12-08 13:00:00,203.0,203.0,202.0,202.0,-0.49,3249.6,660110.0,-1
2020-12-08,2020-12-08 14:00:00,202.0,202.0,201.0,201.0,-0.5,3249.6,660110.0,-1
2020-12-08,2020-12-08 15:00:00,201.0,209.0,200.0,201.0,0.0,3249.6,660110.0,0
2020-12-09,2020-12-09 11:00:00,198.0,206.0,198.0,200.25,1.14,7499.6,1570524.0,1
2020-12-09,2020-12-09 12:00:00,200.25,202.5,200.25,202.5,1.12,7499.6,1570524.0,1
2020-12-09,2020-12-09 13:00:00,202.5,204.75,202.5,204.75,1.11,7499.6,1570524.0,1
2020-12-09,2020-12-09 14:00:00,204.75,207.0,204.75,207.0,1.1,7499.6,1570524.0,1
2020-12-09,2020-12-09 15:00:00,207.0,214.0,198.0,207.0,0.0,7499.6,1570524.0,0
2020-12-10,2020-12-10 11:00:00,203.0,207.0,201.0,205.0,0.99,2286.0,466260.0,1
2020-12-10,2020-12-10 12:00:00,205.0,207.0,205.0,207.0,0.98,2286.0,466260.0,1
2020-12-10,2020-12-10 13:00:00,207.0,209.0,207.0,209.0,0.97,2286.0,466260.0,1
2020-12-10,2020-12-10 14:00:00,209.0,211.0,209.0,211.0,0.96,2286.0,466260.0,1
2020-12-10,2020-12-10 15:00:00,211.0,211.0,199.0,211.0,0.0,2286.0,466260.0,0
2020-12-13,2020-12-13 11:00:00,210.0,212.0,205.5,209.75,-0.12,1511.0,312413.0,-1
2020-12-13,2020-12-13 12:00:00,209.75,209.75,209.5,209.5,-0.12,1511.0,312413.0,-1
2020-12-13,2020-12-13 13:00:00,209.5,209.5,209.25,209.25,-0.12,1511.0,312413.0,-1
2020-12-13,2020-12-13 14:00:00,209.25,209.25,209.0,209.0,-0.12,1511.0,312413.0,-1
2020-12-13,2020-12-13 15:00:00,209.0,214.0,201.0,209.0,0.0,1511.0,312413.0,0
2020-12-14,2020-12-14 11:00:00,209.0,209.0,204.0,207.0,-0.96,3096.0,623324.0,-1
2020-12-14,2020-12-14 12:00:00,207.0,207.0,205.0,205.0,-0.97,3096.0,623324.0,-1
2020-12-14,2020-12-14 13:00:00,205.0,205.0,203.0,203.0,-0.98,3096.0,623324.0,-1
2020-12-14,2020-12-14 14:00:00,203.0,203.0,201.0,201.0,-0.99,3096.0,623324.0,-1
2020-12-14,2020-12-14 15:00:00,201.0,209.0,199.0,201.0,0.0,3096.0,623324.0,0
2020-12-15,2020-12-15 11:00:00,201.0,202.0,200.0,201.0,0.0,1849.0,371635.0,0
2020-12-15,2020-12-15 12:00:00,201.0,201.0,201.0,201.0,0.0,1849.0,371635.0,0
2020-12-15,2020-12-15 13:00:00,201.0,201.0,201.0,201.0,0.0,1849.0,371635.0,0
2020-12-15,2020-12-15 14:00:00,201.0,201.0,201.0,201.0,0.0,1849.0,371635.0,0
2020-12-15,2020-12-15 15:00:00,201.0,203.0,199.0,201.0,0.0,1849.0,371635.0,0
2020-12-16,2020-12-16 11:00:00,211.0,212.0,205.0,208.0,-1.42,1716.0,346565.0,-1
2020-12-16,2020-12-16 12:00:00,208.0,208.0,205.0,205.0,-1.44,1716.0,346565.0,-1
2020-12-16,2020-12-16 13:00:00,205.0,205.0,202.0,202.0,-1.46,1716.0,346565.0,-1
2020-12-16,2020-12-16 14:00:00,202.0,202.0,199.0,199.0,-1.49,1716.0,346565.0,-1
2020-12-16,2020-12-16 15:00:00,199.0,213.0,199.0,199.0,0.0,1716.0,346565.0,0
2020-12-17,2020-12-17 11:00:00,199.0,199.5,196.0,197.5,-0.75,2219.0,431870.0,-1
2020-12-17,2020-12-17 12:00:00,197.5,197.5,196.0,196.0,-0.76,2219.0,431870.0,-1
2020-12-17,2020-12-17 13:00:00,196.0,196.0,194.5,194.5,-0.77,2219.0,431870.0,-1
2020-12-17,2020-12-17 14:00:00,194.5,194.5,193.0,193.0,-0.77,2219.0,431870.0,-1
2020-12-17,2020-12-17 15:00:00,193.0,200.0,193.0,193.0,0.0,2219.0,431870.0,0
2020-12-20,2020-12-20 11:00:00,191.0,191.0,187.5,189.25,-0.92,1258.0,233676.0,-1
2020-12-20,2020-12-20 12:00:00,189.25,189.25,187.5,187.5,-0.92,1258.0,233676.0,-1
2020-12-20,2020-12-20 13:00:00,187.5,187.5,185.75,185.75,-0.93,1258.0,233676.0,-1
2020-12-20,2020-12-20 14:00:00,185.75,185.75,184.0,184.0,-0.94,1258.0,233676.0,-1
2020-12-20,2020-12-20 15:00:00,184.0,191.0,184.0,184.0,0.0,1258.0,233676.0,0
2020-12-21,2020-12-21 11:00:00,181.0,185.0,178.0,181.75,0.41,831.0,148491.0,1
2020-12-21,2020-12-21 12:00:00,181.75,182.5,181.75,182.5,0.41,831.0,148491.0,1
2020-12-21,2020-12-21 13:00:00,182.5,183.25,182.5,183.25,0.41,831.0,148491.0,1
2020-12-21,2020-12-21 14:00:00,183.25,184.0,183.25,184.0,0.41,831.0,148491.0,1
2020-12-21,2020-12-21 15:00:00,184.0,189.0,175.0,184.0,0.0,831.0,148491.0,0
2020-12-22,2020-12-22 11:00:00,182.0,187.0,181.5,184.5,1.37,921.4,170106.4,1
2020-12-22,2020-12-22 12:00:00,184.5,187.0,184.5,187.0,1.36,921.4,170106.4,1
2020-12-22,2020-12-22 13:00:00,187.0,189.5,187.0,189.5,1.34,921.4,170106.4,1
2020-12-22,2020-12-22 14:00:00,189.5,192.0,189.5,192.0,1.32,921.4,170106.4,1
2020-12-22,2020-12-22 15:00:00,192.0,192.0,181.0,192.0,0.0,921.4,170106.4,0
2020-12-23,2020-12-23 11:00:00,193.0,193.0,185.5,190.25,-1.42,850.0,158522.8,-1
2020-12-23,2020-12-23 12:00:00,190.25,190.25,187.5,187.5,-1.45,850.0,158522.8,-1
2020-12-23,2020-12-23 13:00:00,187.5,187.5,184.75,184.75,-1.47,850.0,158522.8,-1
2020-12-23,2020-12-23 14:00:00,184.75,184.75,182.0,182.0,-1.49,850.0,158522.8,-1
2020-12-23,2020-12-23 15:00:00,182.0,193.0,178.0,182.0,0.0,850.0,158522.8,0
2020-12-24,2020-12-24 11:00:00,179.0,182.0,177.5,179.5,0.28,433.0,77612.0,1
2020-12-24,2020-12-24 12:00:00,179.5,180.0,179.5,180.0,0.28,433.0,77612.0,1
2020-12-24,2020-12-24 13:00:00,180.0,180.5,180.0,180.5,0.28,433.0,77612.0,1
2020-12-24,2020-12-24 14:00:00,180.5,181.0,180.5,181.0,0.28,433.0,77612.0,1
2020-12-24,2020-12-24 15:00:00,181.0,185.0,176.0,181.0,0.0,433.0,77612.0,0
2020-12-27,2020-12-27 11:00:00,178.0,180.5,178.0,178.0,0.0,986.4,176897.2,0
2020-12-27,2020-12-27 12:00:00,178.0,178.0,178.0,178.0,0.0,986.4,176897.2,0
2020-12-27,2020-12-27 13:00:00,178.0,178.0,178.0,178.0,0.0,986.4,176897.2,0
2020-12-27,2020-12-27 14:00:00,178.0,178.0,178.0,178.0,0.0,986.4,176897.2,0
2020-12-27,2020-12-27 15:00:00,178.0,183.0,178.0,178.0,0.0,986.4,176897.2,0
2020-12-28,2020-12-28 11:00:00,177.0,180.5,176.0,178.75,0.99,940.0,167498.0,1
2020-12-28,2020-12-28 12:00:00,178.75,180.5,178.75,180.5,0.98,940.0,167498.0,1
2020-12-28,2020-12-28 13:00:00,180.5,182.25,180.5,182.25,0.97,940.0,167498.0,1
2020-12-28,2020-12-28 14:00:00,182.25,184.0,182.25,184.0,0.96,940.0,167498.0,1
2020-12-28,2020-12-28 15:00:00,184.0,184.0,175.0,184.0,0.0,940.0,167498.0,0
2020-12-29,2020-12-29 11:00:00,182.0,183.0,179.5,181.75,-0.14,408.0,72830.0,-1
2020-12-29,2020-12-29 12:00:00,181.75,181.75,181.5,181.5,-0.14,408.0,72830.0,-1
2020-12-29,2020-12-29 13:00:00,181.5,181.5,181.25,181.25,-0.14,408.0,72830.0,-1
2020-12-29,2020-12-29 14:00:00,181.25,181.25,181.0,181.0,-0.14,408.0,72830.0,-1
2020-12-29,2020-12-29 15:00:00,181.0,184.0,177.0,181.0,0.0,408.0,72830.0,0
2020-12-30,2020-12-30 11:00:00,178.0,179.0,176.5,177.5,-0.28,408.0,72348.0,-1
2020-12-30,2020-12-30 12:00:00,177.5,177.5,177.0,177.0,-0.28,408.0,72348.0,-1
2020-12-30,2020-12-30 13:00:00,177.0,177.0,176.5,176.5,-0.28,408.0,72348.0,-1
2020-12-30,2020-12-30 14:00:00,176.5,176.5,176.0,176.0,-0.28,408.0,72348.0,-1
2020-12-30,2020-12-30 15:00:00,176.0,180.0,175.0,176.0,0.0,408.0,72348.0,0
2020-12-31,2020-12-31 11:00:00,174.0,178.5,173.5,176.25,1.29,1291.6,229194.8,1
2020-12-31,2020-12-31 12:00:00,176.25,178.5,176.25,178.5,1.28,1291.6,229194.8,1
2020-12-31,2020-12-31 13:00:00,178.5,180.75,178.5,180.75,1.26,1291.6,229194.8,1
2020-12-31,2020-12-31 14:00:00,180.75,183.0,180.75,183.0,1.24,1291.6,229194.8,1
2020-12-31,2020-12-31 15:00:00,183.0,183.0,173.0,183.0,0.0,1291.6,229194.8,0
2021-01-03,2021-01-03 11:00:00,181.0,181.0,180.0,181.0,0.0,330.0,59586.0,0
2021-01-03,2021-01-03 12:00:00,181.0,181.0,181.0,181.0,0.0,330.0,59586.0,0
2021-01-03,2021-01-03 13:00:00,181.0,181.0,181.0,181.0,0.0,330.0,59586.0,0
2021-01-03,2021-01-03 14:00:00,181.0,181.0,181.0,181.0,0.0,330.0,59586.0,0
2021-01-03,2021-01-03 15:00:00,181.0,181.0,179.0,181.0,0.0,330.0,59586.0,0
2021-01-04,2021-01-04 11:00:00,179.0,180.5,179.0,179.75,0.42,778.0,140382.0,1
2021-01-04,2021-01-04 12:00:00,179.75,180.5,179.75,180.5,0.42,778.0,140382.0,1
2021-01-04,2021-01-04 13:00:00,180.5,181.25,180.5,181.25,0.42,778.0,140382.0,1
2021-01-04,2021-01-04 14:00:00,181.25,182.0,181.25,182.0,0.41,778.0,140382.0,1
2021-01-04,2021-01-04 15:00:00,182.0,182.0,179.0,182.0,0.0,778.0,140382.0,0
2021-01-05,2021-01-05 11:00:00,185.0,192.5,181.0,188.0,1.62,1470.0,271894.0,1
2021-01-05,2021-01-05 12:00:00,188.0,191.0,188.0,191.0,1.6,1470.0,271894.0,1
2021-01-05,2021-01-05 13:00:00,191.0,194.0,191.0,194.0,1.57,1470.0,271894.0,1
2021-01-05,2021-01-05 14:00:00,194.0,197.0,194.0,197.0,1.55,1470.0,271894.0,1
2021-01-05,2021-01-05 15:00:00,197.0,200.0,177.0,197.0,0.0,1470.0,271894.0,0
2021-01-06,2021-01-06 11:00:00,200.0,202.5,198.0,199.0,-0.5,2382.0,479304.0,-1
2021-01-06,2021-01-06 12:00:00,199.0,199.0,198.0,198.0,-0.5,2382.0,479304.0,-1
2021-01-06,2021-01-06 13:00:00,198.0,198.0,197.0,197.0,-0.51,2382.0,479304.0,-1
2021-01-06,2021-01-06 14:00:00,197.0,197.0,196.0,196.0,-0.51,2382.0,479304.0,-1
2021-01-06,2021-01-06 15:00:00,196.0,205.0,196.0,196.0,0.0,2382.0,479304.0,0
2021-01-07,2021-01-07 11:00:00,196.0,196.0,193.5,195.0,-0.51,594.0,114580.0,-1
2021-01-07,2021-01-07 12:00:00,195.0,195.0,194.0,194.0,-0.51,594.0,114580.0,-1
2021-01-07,2021-01-07 13:00:00,194.0,194.0,193.0,193.0,-0.52,594.0,114580.0,-1
2021-01-07,2021-01-07 14:00:00,193.0,193.0,192.0,192.0,-0.52,594.0,114580.0,-1
2021-01-07,2021-01-07 15:00:00,192.0,196.0,191.0,192.0,0.0,594.0,114580.0,0
2021-01-10,2021-01-10 11:00:00,189.0,190.5,188.0,188.5,-0.26,1218.0,229148.0,-1
2021-01-10,2021-01-10 12:00:00,188.5,188.5,188.0,188.0,-0.27,1218.0,229148.0,-1
2021-01-10,2021-01-10 13:00:00,188.0,188.0,187.5,187.5,-0.27,1218.0,229148.0,-1
2021-01-10,2021-01-10 14:00:00,187.5,187.5,187.0,187.0,-0.27,1218.0,229148.0,-1
2021-01-10,2021-01-10 15:00:00,187.0,192.0,187.0,187.0,0.0,1218.0,229148.0,0
2021-01-11,2021-01-11 11:00:00,184.0,189.0,184.0,185.5,0.82,850.0,160748.0,1
2021-01-11,2021-01-11 12:00:00,185.5,187.0,185.5,187.0,0.81,850.0,160748.0,1
2021-01-11,2021-01-11 13:00:00,187.0,188.5,187.0,188.5,0.8,850.0,160748.0,1
2021-01-11,2021-01-11 14:00:00,188.5,190.0,188.5,190.0,0.8,850.0,160748.0,1
2021-01-11,2021-01-11 15:00:00,190.0,194.0,184.0,190.0,0.0,850.0,160748.0,0
2021-01-12,2021-01-12 11:00:00,187.0,191.0,186.0,187.25,0.13,1121.0,212481.0,1
2021-01-12,2021-01-12 12:00:00,187.25,187.5,187.25,187.5,0.13,1121.0,212481.0,1
2021-01-12,2021-01-12 13:00:00,187.5,187.75,187.5,187.75,0.13,1121.0,212481.0,1
2021-01-12,2021-01-12 14:00:00,187.75,188.0,187.75,188.0,0.13,1121.0,212481.0,1
2021-01-12,2021-01-12 15:00:00,188.0,195.0,185.0,188.0,0.0,1121.0,212481.0,0
2021-01-13,2021-01-13 11:00:00,191.0,192.0,187.5,190.0,-0.52,2529.8,475102.0,-1
2021-01-13,2021-01-13 12:00:00,190.0,190.0,189.0,189.0,-0.53,2529.8,475102.0,-1
2021-01-13,2021-01-13 13:00:00,189.0,189.0,188.0,188.0,-0.53,2529.8,475102.0,-1
2021-01-13,2021-01-13 14:00:00,188.0,188.0,187.0,187.0,-0.53,2529.8,475102.0,-1
2021-01-13,2021-01-13 15:00:00,187.0,193.0,184.0,187.0,0.0,2529.8,475102.0,0
2021-01-17,2021-01-17 11:00:00,187.0,191.0,185.5,188.25,0.67,1464.0,278337.0,1
2021-01-17,2021-01-17 12:00:00,188.25,189.5,188.25,189.5,0.66,1464.0,278337.0,1
2021-01-17,2021-01-17 13:00:00,189.5,190.75,189.5,190.75,0.66,1464.0,278337.0,1
2021-01-17,2021-01-17 14:00:00,190.75,192.0,190.75,192.0,0.66,1464.0,278337.0,1
2021-01-17,2021-01-17 15:00:00,192.0,195.0,184.0,192.0,0.0,1464.0,278337.0,0
2021-01-18,2021-01-18 11:00:00,189.0,190.5,188.5,188.75,-0.13,1240.0,235027.0,-1
2021-01-18,2021-01-18 12:00:00,188.75,188.75,188.5,188.5,-0.13,1240.0,235027.0,-1
2021-01-18,2021-01-18 13:00:00,188.5,188.5,188.25,188.25,-0.13,1240.0,235027.0,-1
2021-01-18,2021-01-18 14:00:00,188.25,188.25,188.0,188.0,-0.13,1240.0,235027.0,-1
2021-01-18,2021-01-18 15:00:00,188.0,192.0,188.0,188.0,0.0,1240.0,235027.0,0
2021-01-19,2021-01-19 11:00:00,187.0,189.5,187.0,187.25,0.13,640.0,121424.0,1
2021-01-19,2021-01-19 12:00:00,187.25,187.5,187.25,187.5,0.13,640.0,121424.0,1
2021-01-19,2021-01-19 13:00:00,187.5,187.75,187.5,187.75,0.13,640.0,121424.0,1
2021-01-19,2021-01-19 14:00:00,187.75,188.0,187.75,188.0,0.13,640.0,121424.0,1
2021-01-19,2021-01-19 15:00:00,188.0,192.0,187.0,188.0,0.0,640.0,121424.0,0
2021-01-20,2021-01-20 11:00:00,188.0,193.0,187.5,189.5,0.8,1003.2,191129.6,1
2021-01-20,2021-01-20 12:00:00,189.5,191.0,189.5,191.0,0.79,1003.2,191129.6,1
2021-01-20,2021-01-20 13:00:00,191.0,192.5,191.0,192.5,0.79,1003.2,191129.6,1
2021-01-20,2021-01-20 14:00:00,192.5,194.0,192.5,194.0,0.78,1003.2,191129.6,1
2021-01-20,2021-01-20 15:00:00,194.0,198.0,187.0,194.0,0.0,1003.2,191129.6,0
2021-01-21,2021-01-21 11:00:00,197.0,204.5,193.5,200.25,1.65,5541.4,1117858.2,1
2021-01-21,2021-01-21 12:00:00,200.25,203.5,200.25,203.5,1.62,5541.4,1117858.2,1
2021-01-21,2021-01-21 13:00:00,203.5,206.75,203.5,206.75,1.6,5541.4,1117858.2,1
2021-01-21,2021-01-21 14:00:00,206.75,210.0,206.75,210.0,1.57,5541.4,1117858.2,1
2021-01-21,2021-01-21 15:00:00,210.0,212.0,190.0,210.0,0.0,5541.4,1117858.2,0
2021-01-24,2021-01-24 11:00:00,210.0,216.0,209.5,212.75,1.31,4998.0,1075692.0,1
2021-01-24,2021-01-24 12:00:00,212.75,215.5,212.75,215.5,1.29,4998.0,1075692.0,1
2021-01-24,2021-01-24 13:00:00,215.5,218.25,215.5,218.25,1.28,4998.0,1075692.0,1
2021-01-24,2021-01-24 14:00:00,218.25,221.0,218.25,221.0,1.26,4998.0,1075692.0,1
2021-01-24,2021-01-24 15:00:00,221.0,222.0,209.0,221.0,0.0,4998.0,1075692.0,0
2021-01-25,2021-01-25 11:00:00,217.0,221.5,217.0,217.75,0.35,2873.0,630242.8,1
2021-01-25,2021-01-25 12:00:00,217.75,218.5,217.75,218.5,0.34,2873.0,630242.8,1
2021-01-25,2021-01-25 13:00:00,218.5,219.25,218.5,219.25,0.34,2873.0,630242.8,1
2021-01-25,2021-01-25 14:00:00,219.25,220.0,219.25,220.0,0.34,2873.0,630242.8,1
2021-01-25,2021-01-25 15:00:00,220.0,226.0,217.0,220.0,0.0,2873.0,630242.8,0
2021-01-26,2021-01-26 11:00:00,221.0,221.0,215.5,220.75,-0.11,3295.2,709879.2,-1
2021-01-26,2021-01-26 12:00:00,220.75,220.75,220.5,220.5,-0.11,3295.2,709879.2,-1
2021-01-26,2021-01-26 13:00:00,220.5,220.5,220.25,220.25,-0.11,3295.2,709879.2,-1
2021-01-26,2021-01-26 14:00:00,220.25,220.25,220.0,220.0,-0.11,3295.2,709879.2,-1
2021-01-26,2021-01-26 15:00:00,220.0,221.0,210.0,220.0,0.0,3295.2,709879.2,0
2021-01-27,2021-01-27 11:00:00,216.0,217.5,213.0,216.0,0.0,1180.2,255419.2,0
2021-01-27,2021-01-27 12:00:00,216.0,216.0,216.0,216.0,0.0,1180.2,255419.2,0
2021-01-27,2021-01-27 13:00:00,216.0,216.0,216.0,216.0,0.0,1180.2,255419.2,0
2021-01-27,2021-01-27 14:00:00,216.0,216.0,216.0,216.0,0.0,1180.2,255419.2,0
2021-01-27,2021-01-27 15:00:00,216.0,219.0,210.0,216.0,0.0,1180.2,255419.2,0
2021-01-28,2021-01-28 11:00:00,226.0,226.0,216.0,225.0,-0.44,854.0,181958.0,-1
2021-01-28,2021-01-28 12:00:00,225.0,225.0,224.0,224.0,-0.44,854.0,181958.0,-1
2021-01-28,2021-01-28 13:00:00,224.0,224.0,223.0,223.0,-0.45,854.0,181958.0,-1
2021-01-28,2021-01-28 14:00:00,223.0,223.0,222.0,222.0,-0.45,854.0,181958.0,-1
2021-01-28,2021-01-28 15:00:00,222.0,226.0,206.0,222.0,0.0,854.0,181958.0,0
2021-01-31,2021-01-31 11:00:00,223.0,223.0,212.5,219.5,-1.57,1064.0,225752.8,-1
2021-01-31,2021-01-31 12:00:00,219.5,219.5,216.0,216.0,-1.59,1064.0,225752.8,-1
2021-01-31,2021-01-31 13:00:00,216.0,216.0,212.5,212.5,-1.62,1064.0,225752.8,-1
2021-01-31,2021-01-31 14:00:00,212.5,212.5,209.0,209.0,-1.65,1064.0,225752.8,-1
2021-01-31,2021-01-31 15:00:00,209.0,223.0,202.0,209.0,0.0,1064.0,225752.8,0
2021-02-01,2021-02-01 11:00:00,207.0,210.5,205.0,207.75,0.36,2883.4,604128.6,1
2021-02-01,2021-02-01 12:00:00,207.75,208.5,207.75,208.5,0.36,2883.4,604128.6,1
2021-02-01,2021-02-01 13:00:00,208.5,209.25,208.5,209.25,0.36,2883.4,604128.6,1
2021-02-01,2021-02-01 14:00:00,209.25,210.0,209.25,210.0,0.36,2883.4,604128.6,1
2021-02-01,2021-02-01 15:00:00,210.0,214.0,203.0,210.0,0.0,2883.4,604128.6,0
2021-02-02,2021-02-02 11:00:00,214.0,214.5,211.0,214.0,0.0,1415.6,299348.8,0
2021-02-02,2021-02-02 12:00:00,214.0,214.0,214.0,214.0,0.0,1415.6,299348.8,0
2021-02-02,2021-02-02 13:00:00,214.0,214.0,214.0,214.0,0.0,1415.6,299348.8,0
2021-02-02,2021-02-02 14:00:00,214.0,214.0,214.0,214.0,0.0,1415.6,299348.8,0
2021-02-02,2021-02-02 15:00:00,214.0,215.0,208.0,214.0,0.0,1415.6,299348.8,0
2021-02-03,2021-02-03 11:00:00,218.0,224.0,216.0,219.25,0.57,10913.4,2426639.4,1
2021-02-03,2021-02-03 12:00:00,219.25,220.5,219.25,220.5,0.57,10913.4,2426639.4,1
2021-02-03,2021-02-03 13:00:00,220.5,221.75,220.5,221.75,0.57,10913.4,2426639.4,1
2021-02-03,2021-02-03 14:00:00,221.75,223.0,221.75,223.0,0.56,10913.4,2426639.4,1
2021-02-03,2021-02-03 15:00:00,223.0,230.0,214.0,223.0,0.0,10913.4,2426639.4,0
2021-02-04,2021-02-04 11:00:00,234.0,239.5,228.0,236.75,1.18,9222.4,2182588.6,1
2021-02-04,2021-02-04 12:00:00,236.75,239.5,236.75,239.5,1.16,9222.4,2182588.6,1
2021-02-04,2021-02-04 13:00:00,239.5,242.25,239.5,242.25,1.15,9222.4,2182588.6,1
2021-02-04,2021-02-04 14:00:00,242.25,245.0,242.25,245.0,1.14,9222.4,2182588.6,1
2021-02-04,2021-02-04 15:00:00,245.0,245.0,222.0,245.0,0.0,9222.4,2182588.6,0
2021-02-07,2021-02-07 11:00:00,257.0,263.0,254.5,260.0,1.17,4697.6,1238229.8,1
2021-02-07,2021-02-07 12:00:00,260.0,263.0,260.0,263.0,1.15,4697.6,1238229.8,1
2021-02-07,2021-02-07 13:00:00,263.0,266.0,263.0,266.0,1.14,4697.6,1238229.8,1
2021-02-07,2021-02-07 14:00:00,266.0,269.0,266.0,269.0,1.13,4697.6,1238229.8,1
2021-02-07,2021-02-07 15:00:00,269.0,269.0,252.0,269.0,0.0,4697.6,1238229.8,0
2021-02-08,2021-02-08 11:00:00,270.0,282.5,265.0,268.5,-0.56,4652.0,1283004.0,-1
2021-02-08,2021-02-08 12:00:00,268.5,268.5,267.0,267.0,-0.56,4652.0,1283004.0,-1
2021-02-08,2021-02-08 13:00:00,267.0,267.0,265.5,265.5,-0.56,4652.0,1283004.0,-1
2021-02-08,2021-02-08 14:00:00,265.5,265.5,264.0,264.0,-0.56,4652.0,1283004.0,-1
2021-02-08,2021-02-08 15:00:00,264.0,295.0,260.0,264.0,0.0,4652.0,1283004.0,0
2021-02-09,2021-02-09 11:00:00,259.0,262.0,251.5,258.75,-0.1,3131.2,788564.0,-1
2021-02-09,2021-02-09 12:00:00,258.75,258.75,258.5,258.5,-0.1,3131.2,788564.0,-1
2021-02-09,2021-02-09 13:00:00,258.5,258.5,258.25,258.25,-0.1,3131.2,788564.0,-1
2021-02-09,2021-02-09 14:00:00,258.25,258.25,258.0,258.0,-0.1,3131.2,788564.0,-1
2021-02-09,2021-02-09 15:00:00,258.0,265.0,244.0,258.0,0.0,3131.2,788564.0,0
2021-02-10,2021-02-10 11:00:00,253.0,255.5,250.5,252.25,-0.3,2508.2,630219.4,-1
2021-02-10,2021-02-10 12:00:00,252.25,252.25,251.5,251.5,-0.3,2508.2,630219.4,-1
2021-02-10,2021-02-10 13:00:00,251.5,251.5,250.75,250.75,-0.3,2508.2,630219.4,-1
2021-02-10,2021-02-10 14:00:00,250.75,250.75,250.0,250.0,-0.3,2508.2,630219.4,-1
2021-02-10,2021-02-10 15:00:00,250.0,258.0,248.0,250.0,0.0,2508.2,630219.4,0
2021-02-11,2021-02-11 11:00:00,245.0,250.0,244.5,244.75,-0.1,2152.0,531302.4,-1
2021-02-11,2021-02-11 12:00:00,244.75,244.75,244.5,244.5,-0.1,2152.0,531302.4,-1
2021-02-11,2021-02-11 13:00:00,244.5,244.5,244.25,244.25,-0.1,2152.0,531302.4,-1
2021-02-11,2021-02-11 14:00:00,244.25,244.25,244.0,244.0,-0.1,2152.0,531302.4,-1
2021-02-11,2021-02-11 15:00:00,244.0,255.0,244.0,244.0,0.0,2152.0,531302.4,0
2021-02-14,2021-02-14 11:00:00,240.0,240.0,231.5,236.75,-1.35,6823.8,1551469.4,-1
2021-02-14,2021-02-14 12:00:00,236.75,236.75,233.5,233.5,-1.37,6823.8,1551469.4,-1
2021-02-14,2021-02-14 13:00:00,233.5,233.5,230.25,230.25,-1.39,6823.8,1551469.4,-1
2021-02-14,2021-02-14 14:00:00,230.25,230.25,227.0,227.0,-1.41,6823.8,1551469.4,-1
2021-02-14,2021-02-14 15:00:00,227.0,240.0,223.0,227.0,0.0,6823.8,1551469.4,0
2021-02-15,2021-02-15 11:00:00,231.0,238.0,224.0,233.75,1.19,10186.6,2369939.6,1
2021-02-15,2021-02-15 12:00:00,233.75,236.5,233.75,236.5,1.18,10186.6,2369939.6,1
2021-02-15,2021-02-15 13:00:00,236.5,239.25,236.5,239.25,1.16,10186.6,2369939.6,1
2021-02-15,2021-02-15 14:00:00,239.25,242.0,239.25,242.0,1.15,10186.6,2369939.6,1
2021-02-15,2021-02-15 15:00:00,242.0,245.0,217.0,242.0,0.0,10186.6,2369939.6,0
2021-02-16,2021-02-16 11:00:00,238.0,238.5,233.0,236.25,-0.74,2552.8,597982.8,-1
2021-02-16,2021-02-16 12:00:00,236.25,236.25,234.5,234.5,-0.74,2552.8,597982.8,-1
2021-02-16,2021-02-16 13:00:00,234.5,234.5,232.75,232.75,-0.75,2552.8,597982.8,-1
2021-02-16,2021-02-16 14:00:00,232.75,232.75,231.0,231.0,-0.75,2552.8,597982.8,-1
2021-02-16,2021-02-16 15:00:00,231.0,239.0,228.0,231.0,0.0,2552.8,597982.8,0
2021-02-17,2021-02-17 11:00:00,231.0,233.0,229.0,231.25,0.11,2397.4,554386.4,1
2021-02-17,2021-02-17 12:00:00,231.25,231.5,231.25,231.5,0.11,2397.4,554386.4,1
2021-02-17,2021-02-17 13:00:00,231.5,231.75,231.5,231.75,0.11,2397.4,554386.4,1
2021-02-17,2021-02-17 14:00:00,231.75,232.0,231.75,232.0,0.11,2397.4,554386.4,1
2021-02-17,2021-02-17 15:00:00,232.0,235.0,227.0,232.0,0.0,2397.4,554386.4,0
2021-02-18,2021-02-18 11:00:00,228.0,231.0,228.0,229.0,0.44,1243.2,286532.0,1
2021-02-18,2021-02-18 12:00:00,229.0,230.0,229.0,230.0,0.44,1243.2,286532.0,1
2021-02-18,2021-02-18 13:00:00,230.0,231.0,230.0,231.0,0.43,1243.2,286532.0,1
2021-02-18,2021-02-18 14:00:00,231.0,232.0,231.0,232.0,0.43,1243.2,286532.0,1
2021-02-18,2021-02-18 15:00:00,232.0,234.0,228.0,232.0,0.0,1243.2,286532.0,0
2021-02-21,2021-02-21 11:00:00,232.0,242.5,232.0,234.0,0.86,4972.6,1196784.0,1
2021-02-21,2021-02-21 12:00:00,234.0,236.0,234.0,236.0,0.85,4972.6,1196784.0,1
2021-02-21,2021-02-21 13:00:00,236.0,238.0,236.0,238.0,0.85,4972.6,1196784.0,1
2021-02-21,2021-02-21 14:00:00,238.0,240.0,238.0,240.0,0.84,4972.6,1196784.0,1
2021-02-21,2021-02-21 15:00:00,240.0,253.0,232.0,240.0,0.0,4972.6,1196784.0,0
2021-02-22,2021-02-22 11:00:00,252.0,252.0,242.5,249.0,-1.19,2011.6,484295.8,-1
2021-02-22,2021-02-22 12:00:00,249.0,249.0,246.0,246.0,-1.2,2011.6,484295.8,-1
2021-02-22,2021-02-22 13:00:00,246.0,246.0,243.0,243.0,-1.22,2011.6,484295.8,-1
2021-02-22,2021-02-22 14:00:00,243.0,243.0,240.0,240.0,-1.23,2011.6,484295.8,-1
2021-02-22,2021-02-22 15:00:00,240.0,252.0,233.0,240.0,0.0,2011.6,484295.8,0
2021-02-23,2021-02-23 11:00:00,236.0,240.0,228.5,238.0,0.85,1388.4,318408.6,1
2021-02-23,2021-02-23 12:00:00,238.0,240.0,238.0,240.0,0.84,1388.4,318408.6,1
2021-02-23,2021-02-23 13:00:00,240.0,242.0,240.0,242.0,0.83,1388.4,318408.6,1
2021-02-23,2021-02-23 14:00:00,242.0,244.0,242.0,244.0,0.83,1388.4,318408.6,1
2021-02-23,2021-02-23 15:00:00,244.0,244.0,221.0,244.0,0.0,1388.4,318408.6,0
2021-02-24,2021-02-24 11:00:00,240.0,240.0,237.5,239.75,-0.1,1828.0,432913.0,-1
2021-02-24,2021-02-24 12:00:00,239.75,239.75,239.5,239.5,-0.1,1828.0,432913.0,-1
2021-02-24,2021-02-24 13:00:00,239.5,239.5,239.25,239.25,-0.1,1828.0,432913.0,-1
2021-02-24,2021-02-24 14:00:00,239.25,239.25,239.0,239.0,-0.1,1828.0,432913.0,-1
2021-02-24,2021-02-24 15:00:00,239.0,240.0,235.0,239.0,0.0,1828.0,432913.0,0
2021-02-25,2021-02-25 11:00:00,235.0,235.0,231.0,233.5,-0.64,1280.0,295542.0,-1
2021-02-25,2021-02-25 12:00:00,233.5,233.5,232.0,232.0,-0.64,1280.0,295542.0,-1
2021-02-25,2021-02-25 13:00:00,232.0,232.0,230.5,230.5,-0.65,1280.0,295542.0,-1
2021-02-25,2021-02-25 14:00:00,230.5,230.5,229.0,229.0,-0.65,1280.0,295542.0,-1
2021-02-25,2021-02-25 15:00:00,229.0,235.0,227.0,229.0,0.0,1280.0,295542.0,0
2021-02-28,2021-02-28 11:00:00,225.0,225.0,221.5,223.5,-0.67,1298.6,286685.0,-1
2021-02-28,2021-02-28 12:00:00,223.5,223.5,222.0,222.0,-0.67,1298.6,286685.0,-1
2021-02-28,2021-02-28 13:00:00,222.0,222.0,220.5,220.5,-0.68,1298.6,286685.0,-1
2021-02-28,2021-02-28 14:00:00,220.5,220.5,219.0,219.0,-0.68,1298.6,286685.0,-1
2021-02-28,2021-02-28 15:00:00,219.0,225.0,218.0,219.0,0.0,1298.6,286685.0,0
2021-03-01,2021-03-01 11:00:00,219.0,224.5,218.0,220.25,0.57,903.4,202010.4,1
2021-03-01,2021-03-01 12:00:00,220.25,221.5,220.25,221.5,0.57,903.4,202010.4,1
2021-03-01,2021-03-01 13:00:00,221.5,222.75,221.5,222.75,0.56,903.4,202010.4,1
2021-03-01,2021-03-01 14:00:00,222.75,224.0,222.75,224.0,0.56,903.4,202010.4,1
2021-03-01,2021-03-01 15:00:00,224.0,230.0,217.0,224.0,0.0,903.4,202010.4,0
2021-03-02,2021-03-02 11:00:00,221.0,223.0,218.5,221.25,0.11,2094.0,459274.0,1
2021-03-02,2021-03-02 12:00:00,221.25,221.5,221.25,221.5,0.11,2094.0,459274.0,1
2021-03-02,2021-03-02 13:00:00,221.5,221.75,221.5,221.75,0.11,2094.0,459274.0,1
2021-03-02,2021-03-02 14:00:00,221.75,222.0,221.75,222.0,0.11,2094.0,459274.0,1
2021-03-02,2021-03-02 15:00:00,222.0,225.0,216.0,222.0,0.0,2094.0,459274.0,0
2021-03-03,2021-03-03 11:00:00,222.0,223.5,219.5,221.0,-0.45,3685.0,813553.8,-1
2021-03-03,2021-03-03 12:00:00,221.0,221.0,220.0,220.0,-0.45,3685.0,813553.8,-1
2021-03-03,2021-03-03 13:00:00,220.0,220.0,219.0,219.0,-0.45,3685.0,813553.8,-1
2021-03-03,2021-03-03 14:00:00,219.0,219.0,218.0,218.0,-0.46,3685.0,813553.8,-1
2021-03-03,2021-03-03 15:00:00,218.0,225.0,217.0,218.0,0.0,3685.0,813553.8,0
2021-03-04,2021-03-04 11:00:00,208.0,222.0,208.0,214.5,3.12,1723.0,388141.0,1
2021-03-04,2021-03-04 12:00:00,214.5,221.0,214.5,221.0,3.03,1723.0,388141.0,1
2021-03-04,2021-03-04 13:00:00,221.0,227.5,221.0,227.5,2.94,1723.0,388141.0,1
2021-03-04,2021-03-04 14:00:00,227.5,234.0,227.5,234.0,2.86,1723.0,388141.0,1
2021-03-04,2021-03-04 15:00:00,234.0,236.0,208.0,234.0,0.0,1723.0,388141.0,0
2021-03-07,2021-03-07 11:00:00,238.0,238.5,233.0,235.75,-0.95,1986.0,461328.0,-1
2021-03-07,2021-03-07 12:00:00,235.75,235.75,233.5,233.5,-0.95,1986.0,461328.0,-1
2021-03-07,2021-03-07 13:00:00,233.5,233.5,231.25,231.25,-0.96,1986.0,461328.0,-1
2021-03-07,2021-03-07 14:00:00,231.25,231.25,229.0,229.0,-0.97,1986.0,461328.0,-1
2021-03-07,2021-03-07 15:00:00,229.0,239.0,228.0,229.0,0.0,1986.0,461328.0,0
2021-03-09,2021-03-09 11:00:00,228.0,233.5,224.0,230.25,0.99,5701.8,1336469.0,1
2021-03-09,2021-03-09 12:00:00,230.25,232.5,230.25,232.5,0.98,5701.8,1336469.0,1
2021-03-09,2021-03-09 13:00:00,232.5,234.75,232.5,234.75,0.97,5701.8,1336469.0,1
2021-03-09,2021-03-09 14:00:00,234.75,237.0,234.75,237.0,0.96,5701.8,1336469.0,1
2021-03-09,2021-03-09 15:00:00,237.0,239.0,220.0,237.0,0.0,5701.8,1336469.0,0
2021-03-10,2021-03-10 11:00:00,236.0,247.0,236.0,239.5,1.48,8970.2,2217982.6,1
2021-03-10,2021-03-10 12:00:00,239.5,243.0,239.5,243.0,1.46,8970.2,2217982.6,1
2021-03-10,2021-03-10 13:00:00,243.0,246.5,243.0,246.5,1.44,8970.2,2217982.6,1
2021-03-10,2021-03-10 14:00:00,246.5,250.0,246.5,250.0,1.42,8970.2,2217982.6,1
2021-03-10,2021-03-10 15:00:00,250.0,258.0,236.0,250.0,0.0,8970.2,2217982.6,0
2021-03-14,2021-03-14 11:00:00,262.0,262.0,252.5,259.0,-1.15,4905.4,1230352.6,-1
2021-03-14,2021-03-14 12:00:00,259.0,259.0,256.0,256.0,-1.16,4905.4,1230352.6,-1
2021-03-14,2021-03-14 13:00:00,256.0,256.0,253.0,253.0,-1.17,4905.4,1230352.6,-1
2021-03-14,2021-03-14 14:00:00,253.0,253.0,250.0,250.0,-1.19,4905.4,1230352.6,-1
2021-03-14,2021-03-14 15:00:00,250.0,262.0,243.0,250.0,0.0,4905.4,1230352.6,0
2021-03-15,2021-03-15 11:00:00,250.0,253.0,246.0,251.0,0.4,4285.0,1071456.0,1
2021-03-15,2021-03-15 12:00:00,251.0,252.0,251.0,252.0,0.4,4285.0,1071456.0,1
2021-03-15,2021-03-15 13:00:00,252.0,253.0,252.0,253.0,0.4,4285.0,1071456.0,1
2021-03-15,2021-03-15 14:00:00,253.0,254.0,253.0,254.0,0.4,4285.0,1071456.0,1
2021-03-15,2021-03-15 15:00:00,254.0,256.0,242.0,254.0,0.0,4285.0,1071456.0,0
2021-03-16,2021-03-16 11:00:00,255.0,255.0,250.0,253.5,-0.59,1689.0,420316.0,-1
2021-03-16,2021-03-16 12:00:00,253.5,253.5,252.0,252.0,-0.59,1689.0,420316.0,-1
2021-03-16,2021-03-16 13:00:00,252.0,252.0,250.5,250.5,-0.6,1689.0,420316.0,-1
2021-03-16,2021-03-16 14:00:00,250.5,250.5,249.0,249.0,-0.6,1689.0,420316.0,-1
2021-03-16,2021-03-16 15:00:00,249.0,255.0,245.0,249.0,0.0,1689.0,420316.0,0
2021-03-17,2021-03-17 11:00:00,237.0,244.5,237.0,240.0,1.27,2738.4,679836.0,1
2021-03-17,2021-03-17 12:00:00,240.0,243.0,240.0,243.0,1.25,2738.4,679836.0,1
2021-03-17,2021-03-17 13:00:00,243.0,246.0,243.0,246.0,1.23,2738.4,679836.0,1
2021-03-17,2021-03-17 14:00:00,246.0,249.0,246.0,249.0,1.22,2738.4,679836.0,1
2021-03-17,2021-03-17 15:00:00,249.0,252.0,237.0,249.0,0.0,2738.4,679836.0,0
2021-03-18,2021-03-18 11:00:00,253.0,253.0,249.0,251.25,-0.69,2240.0,555088.2,-1
2021-03-18,2021-03-18 12:00:00,251.25,251.25,249.5,249.5,-0.7,2240.0,555088.2,-1
2021-03-18,2021-03-18 13:00:00,249.5,249.5,247.75,247.75,-0.7,2240.0,555088.2,-1
2021-03-18,2021-03-18 14:00:00,247.75,247.75,246.0,246.0,-0.71,2240.0,555088.2,-1
2021-03-18,2021-03-18 15:00:00,246.0,253.0,245.0,246.0,0.0,2240.0,555088.2,0
2021-03-21,2021-03-21 11:00:00,247.0,249.0,244.5,246.5,-0.2,2013.6,493662.8,-1
2021-03-21,2021-03-21 12:00:00,246.5,246.5,246.0,246.0,-0.2,2013.6,493662.8,-1
2021-03-21,2021-03-21 13:00:00,246.0,246.0,245.5,245.5,-0.2,2013.6,493662.8,-1
2021-03-21,2021-03-21 14:00:00,245.5,245.5,245.0,245.0,-0.2,2013.6,493662.8,-1
2021-03-21,2021-03-21 15:00:00,245.0,251.0,242.0,245.0,0.0,2013.6,493662.8,0
2021-03-22,2021-03-22 11:00:00,241.0,245.0,238.5,240.5,-0.21,1671.6,399319.2,-1
2021-03-22,2021-03-22 12:00:00,240.5,240.5,240.0,240.0,-0.21,1671.6,399319.2,-1
2021-03-22,2021-03-22 13:00:00,240.0,240.0,239.5,239.5,-0.21,1671.6,399319.2,-1
2021-03-22,2021-03-22 14:00:00,239.5,239.5,239.0,239.0,-0.21,1671.6,399319.2,-1
2021-03-22,2021-03-22 15:00:00,239.0,249.0,236.0,239.0,0.0,1671.6,399319.2,0
2021-03-23,2021-03-23 11:00:00,239.0,247.0,237.5,239.75,0.31,2672.6,649594.0,1
2021-03-23,2021-03-23 12:00:00,239.75,240.5,239.75,240.5,0.31,2672.6,649594.0,1
2021-03-23,2021-03-23 13:00:00,240.5,241.25,240.5,241.25,0.31,2672.6,649594.0,1
2021-03-23,2021-03-23 14:00:00,241.25,242.0,241.25,242.0,0.31,2672.6,649594.0,1
2021-03-23,2021-03-23 15:00:00,242.0,255.0,236.0,242.0,0.0,2672.6,649594.0,0
2021-03-24,2021-03-24 11:00:00,238.0,252.0,238.0,245.0,2.94,9677.8,2434874.2,1
2021-03-24,2021-03-24 12:00:00,245.0,252.0,245.0,252.0,2.86,9677.8,2434874.2,1
2021-03-24,2021-03-24 13:00:00,252.0,259.0,252.0,259.0,2.78,9677.8,2434874.2,1
2021-03-24,2021-03-24 14:00:00,259.0,266.0,259.0,266.0,2.7,9677.8,2434874.2,1
2021-03-24,2021-03-24 15:00:00,266.0,266.0,238.0,266.0,0.0,9677.8,2434874.2,0
2021-03-25,2021-03-25 11:00:00,268.0,280.0,262.0,272.25,1.59,15026.8,4144902.6,1
2021-03-25,2021-03-25 12:00:00,272.25,276.5,272.25,276.5,1.56,15026.8,4144902.6,1
2021-03-25,2021-03-25 13:00:00,276.5,280.75,276.5,280.75,1.54,15026.8,4144902.6,1
2021-03-25,2021-03-25 14:00:00,280.75,285.0,280.75,285.0,1.51,15026.8,4144902.6,1
2021-03-25,2021-03-25 15:00:00,285.0,292.0,256.0,285.0,0.0,15026.8,4144902.6,0
2021-03-29,2021-03-29 11:00:00,288.0,288.0,275.5,282.5,-1.91,4600.2,1237912.8,-1
2021-03-29,2021-03-29 12:00:00,282.5,282.5,277.0,277.0,-1.95,4600.2,1237912.8,-1
2021-03-29,2021-03-29 13:00:00,277.0,277.0,271.5,271.5,-1.99,4600.2,1237912.8,-1
2021-03-29,2021-03-29 14:00:00,271.5,271.5,266.0,266.0,-2.03,4600.2,1237912.8,-1
2021-03-29,2021-03-29 15:00:00,266.0,288.0,263.0,266.0,0.0,4600.2,1237912.8,0
2021-03-30,2021-03-30 11:00:00,266.0,269.5,264.0,266.75,0.28,3507.6,936618.8,1
2021-03-30,2021-03-30 12:00:00,266.75,267.5,266.75,267.5,0.28,3507.6,936618.8,1
2021-03-30,2021-03-30 13:00:00,267.5,268.25,267.5,268.25,0.28,3507.6,936618.8,1
2021-03-30,2021-03-30 14:00:00,268.25,269.0,268.25,269.0,0.28,3507.6,936618.8,1
2021-03-30,2021-03-30 15:00:00,269.0,273.0,262.0,269.0,0.0,3507.6,936618.8,0
2021-03-31,2021-03-31 11:00:00,280.0,280.0,269.5,276.0,-1.43,5233.6,1366947.6,-1
2021-03-31,2021-03-31 12:00:00,276.0,276.0,272.0,272.0,-1.45,5233.6,1366947.6,-1
2021-03-31,2021-03-31 13:00:00,272.0,272.0,268.0,268.0,-1.47,5233.6,1366947.6,-1
2021-03-31,2021-03-31 14:00:00,268.0,268.0,264.0,264.0,-1.49,5233.6,1366947.6,-1
2021-03-31,2021-03-31 15:00:00,264.0,280.0,259.0,264.0,0.0,5233.6,1366947.6,0
2021-04-01,2021-04-01 11:00:00,264.0,266.5,259.0,263.0,-0.38,2655.0,689873.0,-1
2021-04-01,2021-04-01 12:00:00,263.0,263.0,262.0,262.0,-0.38,2655.0,689873.0,-1
2021-04-01,2021-04-01 13:00:00,262.0,262.0,261.0,261.0,-0.38,2655.0,689873.0,-1
2021-04-01,2021-04-01 14:00:00,261.0,261.0,260.0,260.0,-0.38,2655.0,689873.0,-1
2021-04-01,2021-04-01 15:00:00,260.0,269.0,254.0,260.0,0.0,2655.0,689873.0,0
2021-04-04,2021-04-04 11:00:00,256.0,262.0,253.5,258.0,0.78,5502.6,1420035.6,1
2021-04-04,2021-04-04 12:00:00,258.0,260.0,258.0,260.0,0.78,5502.6,1420035.6,1
2021-04-04,2021-04-04 13:00:00,260.0,262.0,260.0,262.0,0.77,5502.6,1420035.6,1
2021-04-04,2021-04-04 14:00:00,262.0,264.0,262.0,264.0,0.76,5502.6,1420035.6,1
2021-04-04,2021-04-04 15:00:00,264.0,268.0,251.0,264.0,0.0,5502.6,1420035.6,0
2021-04-05,2021-04-05 11:00:00,264.0,271.0,260.5,264.0,0.0,4189.0,1121039.6,0
2021-04-05,2021-04-05 12:00:00,264.0,264.0,264.0,264.0,0.0,4189.0,1121039.6,0
2021-04-05,2021-04-05 13:00:00,264.0,264.0,264.0,264.0,0.0,4189.0,1121039.6,0
2021-04-05,2021-04-05 14:00:00,264.0,264.0,264.0,264.0,0.0,4189.0,1121039.6,0
2021-04-05,2021-04-05 15:00:00,264.0,278.0,257.0,264.0,0.0,4189.0,1121039.6,0
2021-04-06,2021-04-06 11:00:00,262.0,266.0,260.5,263.5,0.57,3800.0,1005595.8,1
2021-04-06,2021-04-06 12:00:00,263.5,265.0,263.5,265.0,0.57,3800.0,1005595.8,1
2021-04-06,2021-04-06 13:00:00,265.0,266.5,265.0,266.5,0.57,3800.0,1005595.8,1
2021-04-06,2021-04-06 14:00:00,266.5,268.0,266.5,268.0,0.56,3800.0,1005595.8,1
2021-04-06,2021-04-06 15:00:00,268.0,270.0,259.0,268.0,0.0,3800.0,1005595.8,0
2021-04-07,2021-04-07 11:00:00,273.0,273.0,264.0,269.5,-1.28,6452.0,1671249.8,-1
2021-04-07,2021-04-07 12:00:00,269.5,269.5,266.0,266.0,-1.3,6452.0,1671249.8,-1
2021-04-07,2021-04-07 13:00:00,266.0,266.0,262.5,262.5,-1.32,6452.0,1671249.8,-1
2021-04-07,2021-04-07 14:00:00,262.5,262.5,259.0,259.0,-1.33,6452.0,1671249.8,-1
2021-04-07,2021-04-07 15:00:00,259.0,273.0,255.0,259.0,0.0,6452.0,1671249.8,0
2021-04-08,2021-04-08 11:00:00,255.0,262.5,255.0,255.75,0.29,2552.2,668572.2,1
2021-04-08,2021-04-08 12:00:00,255.75,256.5,255.75,256.5,0.29,2552.2,668572.2,1
2021-04-08,2021-04-08 13:00:00,256.5,257.25,256.5,257.25,0.29,2552.2,668572.2,1
2021-04-08,2021-04-08 14:00:00,257.25,258.0,257.25,258.0,0.29,2552.2,668572.2,1
2021-04-08,2021-04-08 15:00:00,258.0,270.0,255.0,258.0,0.0,2552.2,668572.2,0
2021-04-12,2021-04-12 11:00:00,253.0,256.5,253.0,254.0,0.4,1716.2,439763.0,1
2021-04-12,2021-04-12 12:00:00,254.0,255.0,254.0,255.0,0.39,1716.2,439763.0,1
2021-04-12,2021-04-12 13:00:00,255.0,256.0,255.0,256.0,0.39,1716.2,439763.0,1
2021-04-12,2021-04-12 14:00:00,256.0,257.0,256.0,257.0,0.39,1716.2,439763.0,1
2021-04-12,2021-04-12 15:00:00,257.0,260.0,253.0,257.0,0.0,1716.2,439763.0,0
2021-04-13,2021-04-13 11:00:00,253.0,256.0,253.0,254.25,0.49,600.0,154576.0,1
2021-04-13,2021-04-13 12:00:00,254.25,255.5,254.25,255.5,0.49,600.0,154576.0,1
2021-04-13,2021-04-13 13:00:00,255.5,256.75,255.5,256.75,0.49,600.0,154576.0,1
2021-04-13,2021-04-13 14:00:00,256.75,258.0,256.75,258.0,0.49,600.0,154576.0,1
2021-04-13,2021-04-13 15:00:00,258.0,259.0,253.0,258.0,0.0,600.0,154576.0,0
2021-04-15,2021-04-15 11:00:00,258.0,262.0,258.0,258.0,0.0,7174.0,1875170.0,0
2021-04-15,2021-04-15 12:00:00,258.0,258.0,258.0,258.0,0.0,7174.0,1875170.0,0
2021-04-15,2021-04-15 13:00:00,258.0,258.0,258.0,258.0,0.0,7174.0,1875170.0,0
2021-04-15,2021-04-15 14:00:00,258.0,258.0,258.0,258.0,0.0,7174.0,1875170.0,0
2021-04-15,2021-04-15 15:00:00,258.0,266.0,258.0,258.0,0.0,7174.0,1875170.0,0
2021-04-18,2021-04-18 11:00:00,260.0,262.5,257.0,260.25,0.1,2092.6,545009.6,1
2021-04-18,2021-04-18 12:00:00,260.25,260.5,260.25,260.5,0.1,2092.6,545009.6,1
2021-04-18,2021-04-18 13:00:00,260.5,260.75,260.5,260.75,0.1,2092.6,545009.6,1
2021-04-18,2021-04-18 14:00:00,260.75,261.0,260.75,261.0,0.1,2092.6,545009.6,1
2021-04-18,2021-04-18 15:00:00,261.0,265.0,254.0,261.0,0.0,2092.6,545009.6,0
2021-04-19,2021-04-19 11:00:00,274.0,274.0,266.5,270.75,-1.19,4063.8,1073837.2,-1
2021-04-19,2021-04-19 12:00:00,270.75,270.75,267.5,267.5,-1.2,4063.8,1073837.2,-1
2021-04-19,2021-04-19 13:00:00,267.5,267.5,264.25,264.25,-1.21,4063.8,1073837.2,-1
2021-04-19,2021-04-19 14:00:00,264.25,264.25,261.0,261.0,-1.23,4063.8,1073837.2,-1
2021-04-19,2021-04-19 15:00:00,261.0,274.0,259.0,261.0,0.0,4063.8,1073837.2,0
2021-04-20,2021-04-20 11:00:00,265.0,268.5,262.5,266.25,0.47,5023.4,1337904.4,1
2021-04-20,2021-04-20 12:00:00,266.25,267.5,266.25,267.5,0.47,5023.4,1337904.4,1
2021-04-20,2021-04-20 13:00:00,267.5,268.75,267.5,268.75,0.47,5023.4,1337904.4,1
2021-04-20,2021-04-20 14:00:00,268.75,270.0,268.75,270.0,0.47,5023.4,1337904.4,1
2021-04-20,2021-04-20 15:00:00,270.0,272.0,260.0,270.0,0.0,5023.4,1337904.4,0
2021-04-21,2021-04-21 11:00:00,270.0,280.0,268.5,270.0,0.0,6858.0,1880038.0,0
2021-04-21,2021-04-21 12:00:00,270.0,270.0,270.0,270.0,0.0,6858.0,1880038.0,0
2021-04-21,2021-04-21 13:00:00,270.0,270.0,270.0,270.0,0.0,6858.0,1880038.0,0
2021-04-21,2021-04-21 14:00:00,270.0,270.0,270.0,270.0,0.0,6858.0,1880038.0,0
2021-04-21,2021-04-21 15:00:00,270.0,290.0,267.0,270.0,0.0,6858.0,1880038.0,0
2021-04-22,2021-04-22 11:00:00,266.0,270.5,264.0,267.25,0.47,4914.4,1325041.6,1
2021-04-22,2021-04-22 12:00:00,267.25,268.5,267.25,268.5,0.47,4914.4,1325041.6,1
2021-04-22,2021-04-22 13:00:00,268.5,269.75,268.5,269.75,0.47,4914.4,1325041.6,1
2021-04-22,2021-04-22 14:00:00,269.75,271.0,269.75,271.0,0.46,4914.4,1325041.6,1
2021-04-22,2021-04-22 15:00:00,271.0,275.0,262.0,271.0,0.0,4914.4,1325041.6,0
2021-04-25,2021-04-25 11:00:00,268.0,268.5,261.5,266.25,-0.65,2168.8,565193.8,-1
2021-04-25,2021-04-25 12:00:00,266.25,266.25,264.5,264.5,-0.66,2168.8,565193.8,-1
2021-04-25,2021-04-25 13:00:00,264.5,264.5,262.75,262.75,-0.66,2168.8,565193.8,-1
2021-04-25,2021-04-25 14:00:00,262.75,262.75,261.0,261.0,-0.67,2168.8,565193.8,-1
2021-04-25,2021-04-25 15:00:00,261.0,269.0,255.0,261.0,0.0,2168.8,565193.8,0
2021-04-26,2021-04-26 11:00:00,256.0,257.0,253.0,254.5,-0.59,1913.4,481811.4,-1
2021-04-26,2021-04-26 12:00:00,254.5,254.5,253.0,253.0,-0.59,1913.4,481811.4,-1
2021-04-26,2021-04-26 13:00:00,253.0,253.0,251.5,251.5,-0.59,1913.4,481811.4,-1
2021-04-26,2021-04-26 14:00:00,251.5,251.5,250.0,250.0,-0.6,1913.4,481811.4,-1
2021-04-26,2021-04-26 15:00:00,250.0,258.0,250.0,250.0,0.0,1913.4,481811.4,0
2021-04-27,2021-04-27 11:00:00,247.0,256.0,246.5,251.25,1.72,1854.0,468550.0,1
2021-04-27,2021-04-27 12:00:00,251.25,255.5,251.25,255.5,1.69,1854.0,468550.0,1
2021-04-27,2021-04-27 13:00:00,255.5,259.75,255.5,259.75,1.66,1854.0,468550.0,1
2021-04-27,2021-04-27 14:00:00,259.75,264.0,259.75,264.0,1.64,1854.0,468550.0,1
2021-04-27,2021-04-27 15:00:00,264.0,265.0,246.0,264.0,0.0,1854.0,468550.0,0
2021-04-28,2021-04-28 11:00:00,260.0,262.5,255.0,260.5,0.19,520.4,133458.2,1
2021-04-28,2021-04-28 12:00:00,260.5,261.0,260.5,261.0,0.19,520.4,133458.2,1
2021-04-28,2021-04-28 13:00:00,261.0,261.5,261.0,261.5,0.19,520.4,133458.2,1
2021-04-28,2021-04-28 14:00:00,261.5,262.0,261.5,262.0,0.19,520.4,133458.2,1
2021-04-28,2021-04-28 15:00:00,262.0,265.0,250.0,262.0,0.0,520.4,133458.2,0
2021-04-29,2021-04-29 11:00:00,257.0,263.5,257.0,260.25,1.26,1729.4,462489.8,1
2021-04-29,2021-04-29 12:00:00,260.25,263.5,260.25,263.5,1.25,1729.4,462489.8,1
2021-04-29,2021-04-29 13:00:00,263.5,266.75,263.5,266.75,1.23,1729.4,462489.8,1
2021-04-29,2021-04-29 14:00:00,266.75,270.0,266.75,270.0,1.22,1729.4,462489.8,1
2021-04-29,2021-04-29 15:00:00,270.0,270.0,257.0,270.0,0.0,1729.4,462489.8,0
2021-05-02,2021-05-02 11:00:00,265.0,273.5,263.5,268.0,1.13,5225.6,1437280.0,1
2021-05-02,2021-05-02 12:00:00,268.0,271.0,268.0,271.0,1.12,5225.6,1437280.0,1
2021-05-02,2021-05-02 13:00:00,271.0,274.0,271.0,274.0,1.11,5225.6,1437280.0,1
2021-05-02,2021-05-02 14:00:00,274.0,277.0,274.0,277.0,1.09,5225.6,1437280.0,1
2021-05-02,2021-05-02 15:00:00,277.0,282.0,262.0,277.0,0.0,5225.6,1437280.0,0
2021-05-03,2021-05-03 11:00:00,272.0,276.0,271.0,272.75,0.28,2561.0,704182.0,1
2021-05-03,2021-05-03 12:00:00,272.75,273.5,272.75,273.5,0.27,2561.0,704182.0,1
2021-05-03,2021-05-03 13:00:00,273.5,274.25,273.5,274.25,0.27,2561.0,704182.0,1
2021-05-03,2021-05-03 14:00:00,274.25,275.0,274.25,275.0,0.27,2561.0,704182.0,1
2021-05-03,2021-05-03 15:00:00,275.0,280.0,270.0,275.0,0.0,2561.0,704182.0,0
2021-05-04,2021-05-04 11:00:00,279.0,287.5,272.5,280.25,0.45,6573.4,1856410.4,1
2021-05-04,2021-05-04 12:00:00,280.25,281.5,280.25,281.5,0.45,6573.4,1856410.4,1
2021-05-04,2021-05-04 13:00:00,281.5,282.75,281.5,282.75,0.44,6573.4,1856410.4,1
2021-05-04,2021-05-04 14:00:00,282.75,284.0,282.75,284.0,0.44,6573.4,1856410.4,1
2021-05-04,2021-05-04 15:00:00,284.0,296.0,266.0,284.0,0.0,6573.4,1856410.4,0
2021-05-05,2021-05-05 11:00:00,285.0,293.0,283.5,288.0,1.05,8813.4,2590008.6,1
2021-05-05,2021-05-05 12:00:00,288.0,291.0,288.0,291.0,1.04,8813.4,2590008.6,1
2021-05-05,2021-05-05 13:00:00,291.0,294.0,291.0,294.0,1.03,8813.4,2590008.6,1
2021-05-05,2021-05-05 14:00:00,294.0,297.0,294.0,297.0,1.02,8813.4,2590008.6,1
2021-05-05,2021-05-05 15:00:00,297.0,301.0,282.0,297.0,0.0,8813.4,2590008.6,0
2021-05-06,2021-05-06 11:00:00,293.0,293.0,287.0,291.25,-0.6,5650.6,1605013.0,-1
2021-05-06,2021-05-06 12:00:00,291.25,291.25,289.5,289.5,-0.6,5650.6,1605013.0,-1
2021-05-06,2021-05-06 13:00:00,289.5,289.5,287.75,287.75,-0.6,5650.6,1605013.0,-1
2021-05-06,2021-05-06 14:00:00,287.75,287.75,286.0,286.0,-0.61,5650.6,1605013.0,-1
2021-05-06,2021-05-06 15:00:00,286.0,293.0,281.0,286.0,0.0,5650.6,1605013.0,0
2021-05-09,2021-05-09 11:00:00,281.0,281.5,277.0,280.0,-0.36,2478.0,683890.0,-1
2021-05-09,2021-05-09 12:00:00,280.0,280.0,279.0,279.0,-0.36,2478.0,683890.0,-1
2021-05-09,2021-05-09 13:00:00,279.0,279.0,278.0,278.0,-0.36,2478.0,683890.0,-1
2021-05-09,2021-05-09 14:00:00,278.0,278.0,277.0,277.0,-0.36,2478.0,683890.0,-1
2021-05-09,2021-05-09 15:00:00,277.0,282.0,273.0,277.0,0.0,2478.0,683890.0,0
2021-05-10,2021-05-10 11:00:00,279.0,280.0,273.0,279.5,0.18,2276.0,625138.0,1
2021-05-10,2021-05-10 12:00:00,279.5,280.0,279.5,280.0,0.18,2276.0,625138.0,1
2021-05-10,2021-05-10 13:00:00,280.0,280.5,280.0,280.5,0.18,2276.0,625138.0,1
2021-05-10,2021-05-10 14:00:00,280.5,281.0,280.5,281.0,0.18,2276.0,625138.0,1
2021-05-10,2021-05-10 15:00:00,281.0,281.0,267.0,281.0,0.0,2276.0,625138.0,0
2021-05-11,2021-05-11 11:00:00,277.0,283.5,277.0,279.75,0.99,3691.2,1049347.8,1
2021-05-11,2021-05-11 12:00:00,279.75,282.5,279.75,282.5,0.98,3691.2,1049347.8,1
2021-05-11,2021-05-11 13:00:00,282.5,285.25,282.5,285.25,0.97,3691.2,1049347.8,1
2021-05-11,2021-05-11 14:00:00,285.25,288.0,285.25,288.0,0.96,3691.2,1049347.8,1
2021-05-11,2021-05-11 15:00:00,288.0,290.0,277.0,288.0,0.0,3691.2,1049347.8,0
2021-05-12,2021-05-12 11:00:00,293.0,295.5,285.5,293.5,0.17,4699.4,1361392.0,1
2021-05-12,2021-05-12 12:00:00,293.5,294.0,293.5,294.0,0.17,4699.4,1361392.0,1
2021-05-12,2021-05-12 13:00:00,294.0,294.5,294.0,294.5,0.17,4699.4,1361392.0,1
2021-05-12,2021-05-12 14:00:00,294.5,295.0,294.5,295.0,0.17,4699.4,1361392.0,1
2021-05-12,2021-05-12 15:00:00,295.0,298.0,278.0,295.0,0.0,4699.4,1361392.0,0
2021-05-13,2021-05-13 11:00:00,300.0,303.0,294.5,297.5,-0.83,7430.2,2213689.2,-1
2021-05-13,2021-05-13 12:00:00,297.5,297.5,295.0,295.0,-0.84,7430.2,2213689.2,-1
2021-05-13,2021-05-13 13:00:00,295.0,295.0,292.5,292.5,-0.85,7430.2,2213689.2,-1
2021-05-13,2021-05-13 14:00:00,292.5,292.5,290.0,290.0,-0.85,7430.2,2213689.2,-1
2021-05-13,2021-05-13 15:00:00,290.0,306.0,289.0,290.0,0.0,7430.2,2213689.2,0
2021-05-16,2021-05-16 11:00:00,289.0,290.5,286.0,288.25,-0.26,3771.4,1074992.2,-1
2021-05-16,2021-05-16 12:00:00,288.25,288.25,287.5,287.5,-0.26,3771.4,1074992.2,-1
2021-05-16,2021-05-16 13:00:00,287.5,287.5,286.75,286.75,-0.26,3771.4,1074992.2,-1
2021-05-16,2021-05-16 14:00:00,286.75,286.75,286.0,286.0,-0.26,3771.4,1074992.2,-1
2021-05-16,2021-05-16 15:00:00,286.0,292.0,283.0,286.0,0.0,3771.4,1074992.2,0
2021-05-17,2021-05-17 11:00:00,284.0,292.5,283.0,285.75,0.62,6729.8,1958924.8,1
2021-05-17,2021-05-17 12:00:00,285.75,287.5,285.75,287.5,0.61,6729.8,1958924.8,1
2021-05-17,2021-05-17 13:00:00,287.5,289.25,287.5,289.25,0.61,6729.8,1958924.8,1
2021-05-17,2021-05-17 14:00:00,289.25,291.0,289.25,291.0,0.61,6729.8,1958924.8,1
2021-05-17,2021-05-17 15:00:00,291.0,301.0,282.0,291.0,0.0,6729.8,1958924.8,0
2021-05-18,2021-05-18 11:00:00,296.0,307.0,296.0,300.25,1.44,17741.2,5537844.0,1
2021-05-18,2021-05-18 12:00:00,300.25,304.5,300.25,304.5,1.42,17741.2,5537844.0,1
2021-05-18,2021-05-18 13:00:00,304.5,308.75,304.5,308.75,1.4,17741.2,5537844.0,1
2021-05-18,2021-05-18 14:00:00,308.75,313.0,308.75,313.0,1.38,17741.2,5537844.0,1
2021-05-18,2021-05-18 15:00:00,313.0,318.0,296.0,313.0,0.0,17741.2,5537844.0,0
2021-05-19,2021-05-19 11:00:00,317.0,317.0,305.5,312.5,-1.42,7801.6,2350233.0,-1
2021-05-19,2021-05-19 12:00:00,312.5,312.5,308.0,308.0,-1.44,7801.6,2350233.0,-1
2021-05-19,2021-05-19 13:00:00,308.0,308.0,303.5,303.5,-1.46,7801.6,2350233.0,-1
2021-05-19,2021-05-19 14:00:00,303.5,303.5,299.0,299.0,-1.48,7801.6,2350233.0,-1
2021-05-19,2021-05-19 15:00:00,299.0,317.0,294.0,299.0,0.0,7801.6,2350233.0,0
2021-05-20,2021-05-20 11:00:00,294.0,295.5,291.0,293.0,-0.34,4981.0,1450963.6,-1
2021-05-20,2021-05-20 12:00:00,293.0,293.0,292.0,292.0,-0.34,4981.0,1450963.6,-1
2021-05-20,2021-05-20 13:00:00,292.0,292.0,291.0,291.0,-0.34,4981.0,1450963.6,-1
2021-05-20,2021-05-20 14:00:00,291.0,291.0,290.0,290.0,-0.34,4981.0,1450963.6,-1
2021-05-20,2021-05-20 15:00:00,290.0,297.0,288.0,290.0,0.0,4981.0,1450963.6,0
2021-05-23,2021-05-23 11:00:00,304.0,310.0,294.0,306.5,0.82,9194.6,2777954.6,1
2021-05-23,2021-05-23 12:00:00,306.5,309.0,306.5,309.0,0.82,9194.6,2777954.6,1
2021-05-23,2021-05-23 13:00:00,309.0,311.5,309.0,311.5,0.81,9194.6,2777954.6,1
2021-05-23,2021-05-23 14:00:00,311.5,314.0,311.5,314.0,0.8,9194.6,2777954.6,1
2021-05-23,2021-05-23 15:00:00,314.0,316.0,284.0,314.0,0.0,9194.6,2777954.6,0
2021-05-24,2021-05-24 11:00:00,324.0,334.5,322.0,329.25,1.62,41784.2,14166053.2,1
2021-05-24,2021-05-24 12:00:00,329.25,334.5,329.25,334.5,1.59,41784.2,14166053.2,1
2021-05-24,2021-05-24 13:00:00,334.5,339.75,334.5,339.75,1.57,41784.2,14166053.2,1
2021-05-24,2021-05-24 14:00:00,339.75,345.0,339.75,345.0,1.55,41784.2,14166053.2,1
2021-05-24,2021-05-24 15:00:00,345.0,345.0,320.0,345.0,0.0,41784.2,14166053.2,0
2021-05-25,2021-05-25 11:00:00,350.0,364.5,350.0,357.25,2.07,18179.2,6849401.6,1
2021-05-25,2021-05-25 12:00:00,357.25,364.5,357.25,364.5,2.03,18179.2,6849401.6,1
2021-05-25,2021-05-25 13:00:00,364.5,371.75,364.5,371.75,1.99,18179.2,6849401.6,1
2021-05-25,2021-05-25 14:00:00,371.75,379.0,371.75,379.0,1.95,18179.2,6849401.6,1
2021-05-25,2021-05-25 15:00:00,379.0,379.0,350.0,379.0,0.0,18179.2,6849401.6,0
2021-05-27,2021-05-27 11:00:00,379.0,397.0,375.0,387.75,2.31,14380.8,5794234.2,1
2021-05-27,2021-05-27 12:00:00,387.75,396.5,387.75,396.5,2.26,14380.8,5794234.2,1
2021-05-27,2021-05-27 13:00:00,396.5,405.25,396.5,405.25,2.21,14380.8,5794234.2,1
2021-05-27,2021-05-27 14:00:00,405.25,414.0,405.25,414.0,2.16,14380.8,5794234.2,1
2021-05-27,2021-05-27 15:00:00,414.0,415.0,371.0,414.0,0.0,14380.8,5794234.2,0
2021-05-30,2021-05-30 11:00:00,406.0,409.0,392.5,402.5,-0.86,38224.6,15000936.2,-1
2021-05-30,2021-05-30 12:00:00,402.5,402.5,399.0,399.0,-0.87,38224.6,15000936.2,-1
2021-05-30,2021-05-30 13:00:00,399.0,399.0,395.5,395.5,-0.88,38224.6,15000936.2,-1
2021-05-30,2021-05-30 14:00:00,395.5,395.5,392.0,392.0,-0.88,38224.6,15000936.2,-1
2021-05-30,2021-05-30 15:00:00,392.0,412.0,379.0,392.0,0.0,38224.6,15000936.2,0
2021-05-31,2021-05-31 11:00:00,388.0,388.0,371.0,381.0,-1.8,14457.6,5324848.8,-1
2021-05-31,2021-05-31 12:00:00,381.0,381.0,374.0,374.0,-1.84,14457.6,5324848.8,-1
2021-05-31,2021-05-31 13:00:00,374.0,374.0,367.0,367.0,-1.87,14457.6,5324848.8,-1
2021-05-31,2021-05-31 14:00:00,367.0,367.0,360.0,360.0,-1.91,14457.6,5324848.8,-1
2021-05-31,2021-05-31 15:00:00,360.0,388.0,354.0,360.0,0.0,14457.6,5324848.8,0
2021-06-01,2021-06-01 11:00:00,353.0,361.0,345.5,351.5,-0.42,5252.4,1849500.6,-1
2021-06-01,2021-06-01 12:00:00,351.5,351.5,350.0,350.0,-0.43,5252.4,1849500.6,-1
2021-06-01,2021-06-01 13:00:00,350.0,350.0,348.5,348.5,-0.43,5252.4,1849500.6,-1
2021-06-01,2021-06-01 14:00:00,348.5,348.5,347.0,347.0,-0.43,5252.4,1849500.6,-1
2021-06-01,2021-06-01 15:00:00,347.0,369.0,338.0,347.0,0.0,5252.4,1849500.6,0
2021-06-02,2021-06-02 11:00:00,364.0,368.5,352.5,362.75,-0.34,6459.6,2296503.4,-1
2021-06-02,2021-06-02 12:00:00,362.75,362.75,361.5,361.5,-0.34,6459.6,2296503.4,-1
2021-06-02,2021-06-02 13:00:00,361.5,361.5,360.25,360.25,-0.35,6459.6,2296503.4,-1
2021-06-02,2021-06-02 14:00:00,360.25,360.25,359.0,359.0,-0.35,6459.6,2296503.4,-1
2021-06-02,2021-06-02 15:00:00,359.0,373.0,341.0,359.0,0.0,6459.6,2296503.4,0
2021-06-03,2021-06-03 11:00:00,364.0,364.5,354.5,360.25,-1.03,6185.8,2169206.8,-1
2021-06-03,2021-06-03 12:00:00,360.25,360.25,356.5,356.5,-1.04,6185.8,2169206.8,-1
2021-06-03,2021-06-03 13:00:00,356.5,356.5,352.75,352.75,-1.05,6185.8,2169206.8,-1
2021-06-03,2021-06-03 14:00:00,352.75,352.75,349.0,349.0,-1.06,6185.8,2169206.8,-1
2021-06-03,2021-06-03 15:00:00,349.0,365.0,345.0,349.0,0.0,6185.8,2169206.8,0
2021-06-06,2021-06-06 11:00:00,343.0,345.0,337.0,342.25,-0.22,6727.6,2256828.2,-1
2021-06-06,2021-06-06 12:00:00,342.25,342.25,341.5,341.5,-0.22,6727.6,2256828.2,-1
2021-06-06,2021-06-06 13:00:00,341.5,341.5,340.75,340.75,-0.22,6727.6,2256828.2,-1
2021-06-06,2021-06-06 14:00:00,340.75,340.75,340.0,340.0,-0.22,6727.6,2256828.2,-1
2021-06-06,2021-06-06 15:00:00,340.0,347.0,331.0,340.0,0.0,6727.6,2256828.2,0
2021-06-07,2021-06-07 11:00:00,346.0,358.0,345.5,352.0,1.73,5654.2,2018635.8,1
2021-06-07,2021-06-07 12:00:00,352.0,358.0,352.0,358.0,1.7,5654.2,2018635.8,1
2021-06-07,2021-06-07 13:00:00,358.0,364.0,358.0,364.0,1.68,5654.2,2018635.8,1
2021-06-07,2021-06-07 14:00:00,364.0,370.0,364.0,370.0,1.65,5654.2,2018635.8,1
2021-06-07,2021-06-07 15:00:00,370.0,370.0,345.0,370.0,0.0,5654.2,2018635.8,0
2021-06-08,2021-06-08 11:00:00,377.0,380.5,373.5,375.25,-0.46,9020.8,3391241.4,-1
2021-06-08,2021-06-08 12:00:00,375.25,375.25,373.5,373.5,-0.47,9020.8,3391241.4,-1
2021-06-08,2021-06-08 13:00:00,373.5,373.5,371.75,371.75,-0.47,9020.8,3391241.4,-1
2021-06-08,2021-06-08 14:00:00,371.75,371.75,370.0,370.0,-0.47,9020.8,3391241.4,-1
2021-06-08,2021-06-08 15:00:00,370.0,384.0,370.0,370.0,0.0,9020.8,3391241.4,0
2021-06-09,2021-06-09 11:00:00,364.0,374.0,360.5,363.75,-0.07,7352.2,2733896.0,-1
2021-06-09,2021-06-09 12:00:00,363.75,363.75,363.5,363.5,-0.07,7352.2,2733896.0,-1
2021-06-09,2021-06-09 13:00:00,363.5,363.5,363.25,363.25,-0.07,7352.2,2733896.0,-1
2021-06-09,2021-06-09 14:00:00,363.25,363.25,363.0,363.0,-0.07,7352.2,2733896.0,-1
2021-06-09,2021-06-09 15:00:00,363.0,384.0,357.0,363.0,0.0,7352.2,2733896.0,0
2021-06-10,2021-06-10 11:00:00,345.0,368.5,345.0,355.5,3.04,15718.8,6022549.4,1
2021-06-10,2021-06-10 12:00:00,355.5,366.0,355.5,366.0,2.95,15718.8,6022549.4,1
2021-06-10,2021-06-10 13:00:00,366.0,376.5,366.0,376.5,2.87,15718.8,6022549.4,1
2021-06-10,2021-06-10 14:00:00,376.5,387.0,376.5,387.0,2.79,15718.8,6022549.4,1
2021-06-10,2021-06-10 15:00:00,387.0,392.0,345.0,387.0,0.0,15718.8,6022549.4,0
2021-06-13,2021-06-13 11:00:00,390.0,405.0,384.0,397.25,1.86,18120.0,7393233.0,1
2021-06-13,2021-06-13 12:00:00,397.25,404.5,397.25,404.5,1.83,18120.0,7393233.0,1
2021-06-13,2021-06-13 13:00:00,404.5,411.75,404.5,411.75,1.79,18120.0,7393233.0,1
2021-06-13,2021-06-13 14:00:00,411.75,419.0,411.75,419.0,1.76,18120.0,7393233.0,1
2021-06-13,2021-06-13 15:00:00,419.0,420.0,378.0,419.0,0.0,18120.0,7393233.0,0
2021-06-14,2021-06-14 11:00:00,439.0,439.0,415.5,428.75,-2.33,19630.8,8009810.2,-1
2021-06-14,2021-06-14 12:00:00,428.75,428.75,418.5,418.5,-2.39,19630.8,8009810.2,-1
2021-06-14,2021-06-14 13:00:00,418.5,418.5,408.25,408.25,-2.45,19630.8,8009810.2,-1
2021-06-14,2021-06-14 14:00:00,408.25,408.25,398.0,398.0,-2.51,19630.8,8009810.2,-1
2021-06-14,2021-06-14 15:00:00,398.0,439.0,392.0,398.0,0.0,19630.8,8009810.2,0
2021-06-15,2021-06-15 11:00:00,400.0,406.5,387.5,394.75,-1.31,8878.2,3439934.2,-1
2021-06-15,2021-06-15 12:00:00,394.75,394.75,389.5,389.5,-1.33,8878.2,3439934.2,-1
2021-06-15,2021-06-15 13:00:00,389.5,389.5,384.25,384.25,-1.35,8878.2,3439934.2,-1
2021-06-15,2021-06-15 14:00:00,384.25,384.25,379.0,379.0,-1.37,8878.2,3439934.2,-1
2021-06-15,2021-06-15 15:00:00,379.0,413.0,375.0,379.0,0.0,8878.2,3439934.2,0
2021-06-16,2021-06-16 11:00:00,361.0,369.0,351.5,357.75,-0.9,10085.4,3567563.6,-1
2021-06-16,2021-06-16 12:00:00,357.75,357.75,354.5,354.5,-0.91,10085.4,3567563.6,-1
2021-06-16,2021-06-16 13:00:00,354.5,354.5,351.25,351.25,-0.92,10085.4,3567563.6,-1
2021-06-16,2021-06-16 14:00:00,351.25,351.25,348.0,348.0,-0.93,10085.4,3567563.6,-1
2021-06-16,2021-06-16 15:00:00,348.0,377.0,342.0,348.0,0.0,10085.4,3567563.6,0
2021-06-17,2021-06-17 11:00:00,347.0,355.5,341.0,347.75,0.22,5386.4,1867628.0,1
2021-06-17,2021-06-17 12:00:00,347.75,348.5,347.75,348.5,0.22,5386.4,1867628.0,1
2021-06-17,2021-06-17 13:00:00,348.5,349.25,348.5,349.25,0.22,5386.4,1867628.0,1
2021-06-17,2021-06-17 14:00:00,349.25,350.0,349.25,350.0,0.21,5386.4,1867628.0,1
2021-06-17,2021-06-17 15:00:00,350.0,364.0,335.0,350.0,0.0,5386.4,1867628.0,0
2021-06-20,2021-06-20 11:00:00,350.0,353.0,340.0,346.75,-0.93,5374.0,1841811.6,-1
2021-06-20,2021-06-20 12:00:00,346.75,346.75,343.5,343.5,-0.94,5374.0,1841811.6,-1
2021-06-20,2021-06-20 13:00:00,343.5,343.5,340.25,340.25,-0.95,5374.0,1841811.6,-1
2021-06-20,2021-06-20 14:00:00,340.25,340.25,337.0,337.0,-0.96,5374.0,1841811.6,-1
2021-06-20,2021-06-20 15:00:00,337.0,356.0,330.0,337.0,0.0,5374.0,1841811.6,0
2021-06-21,2021-06-21 11:00:00,343.0,343.0,329.0,337.0,-1.75,3132.0,1013935.0,-1
2021-06-21,2021-06-21 12:00:00,337.0,337.0,331.0,331.0,-1.78,3132.0,1013935.0,-1
2021-06-21,2021-06-21 13:00:00,331.0,331.0,325.0,325.0,-1.81,3132.0,1013935.0,-1
2021-06-21,2021-06-21 14:00:00,325.0,325.0,319.0,319.0,-1.85,3132.0,1013935.0,-1
2021-06-21,2021-06-21 15:00:00,319.0,343.0,315.0,319.0,0.0,3132.0,1013935.0,0
2021-06-22,2021-06-22 11:00:00,317.0,333.5,317.0,325.0,2.52,3846.8,1284885.0,1
2021-06-22,2021-06-22 12:00:00,325.0,333.0,325.0,333.0,2.46,3846.8,1284885.0,1
2021-06-22,2021-06-22 13:00:00,333.0,341.0,333.0,341.0,2.4,3846.8,1284885.0,1
2021-06-22,2021-06-22 14:00:00,341.0,349.0,341.0,349.0,2.35,3846.8,1284885.0,1
2021-06-22,2021-06-22 15:00:00,349.0,350.0,317.0,349.0,0.0,3846.8,1284885.0,0
2021-06-23,2021-06-23 11:00:00,350.0,352.0,342.5,347.25,-0.79,4499.8,1543983.8,-1
2021-06-23,2021-06-23 12:00:00,347.25,347.25,344.5,344.5,-0.79,4499.8,1543983.8,-1
2021-06-23,2021-06-23 13:00:00,344.5,344.5,341.75,341.75,-0.8,4499.8,1543983.8,-1
2021-06-23,2021-06-23 14:00:00,341.75,341.75,339.0,339.0,-0.8,4499.8,1543983.8,-1
2021-06-23,2021-06-23 15:00:00,339.0,354.0,335.0,339.0,0.0,4499.8,1543983.8,0
2021-06-24,2021-06-24 11:00:00,333.0,338.5,332.0,332.5,-0.15,2592.0,869413.0,-1
2021-06-24,2021-06-24 12:00:00,332.5,332.5,332.0,332.0,-0.15,2592.0,869413.0,-1
2021-06-24,2021-06-24 13:00:00,332.0,332.0,331.5,331.5,-0.15,2592.0,869413.0,-1
2021-06-24,2021-06-24 14:00:00,331.5,331.5,331.0,331.0,-0.15,2592.0,869413.0,-1
2021-06-24,2021-06-24 15:00:00,331.0,344.0,331.0,331.0,0.0,2592.0,869413.0,0
2021-06-27,2021-06-27 11:00:00,337.0,339.5,333.0,335.25,-0.52,2436.2,809267.8,-1
2021-06-27,2021-06-27 12:00:00,335.25,335.25,333.5,333.5,-0.52,2436.2,809267.8,-1
2021-06-27,2021-06-27 13:00:00,333.5,333.5,331.75,331.75,-0.52,2436.2,809267.8,-1
2021-06-27,2021-06-27 14:00:00,331.75,331.75,330.0,330.0,-0.53,2436.2,809267.8,-1
2021-06-27,2021-06-27 15:00:00,330.0,342.0,329.0,330.0,0.0,2436.2,809267.8,0
2021-06-28,2021-06-28 11:00:00,335.0,335.0,327.5,331.25,-1.12,2467.8,804656.0,-1
2021-06-28,2021-06-28 12:00:00,331.25,331.25,327.5,327.5,-1.13,2467.8,804656.0,-1
2021-06-28,2021-06-28 13:00:00,327.5,327.5,323.75,323.75,-1.15,2467.8,804656.0,-1
2021-06-28,2021-06-28 14:00:00,323.75,323.75,320.0,320.0,-1.16,2467.8,804656.0,-1
2021-06-28,2021-06-28 15:00:00,320.0,335.0,320.0,320.0,0.0,2467.8,804656.0,0
2021-06-29,2021-06-29 11:00:00,336.0,336.0,323.0,329.75,-1.86,1934.4,612676.8,-1
2021-06-29,2021-06-29 12:00:00,329.75,329.75,323.5,323.5,-1.9,1934.4,612676.8,-1
2021-06-29,2021-06-29 13:00:00,323.5,323.5,317.25,317.25,-1.93,1934.4,612676.8,-1
2021-06-29,2021-06-29 14:00:00,317.25,317.25,311.0,311.0,-1.97,1934.4,612676.8,-1
2021-06-29,2021-06-29 15:00:00,311.0,336.0,310.0,311.0,0.0,1934.4,612676.8,0
2021-06-30,2021-06-30 11:00:00,305.0,314.0,302.5,308.0,0.98,2330.8,711697.8,1
2021-06-30,2021-06-30 12:00:00,308.0,311.0,308.0,311.0,0.97,2330.8,711697.8,1
2021-06-30,2021-06-30 13:00:00,311.0,314.0,311.0,314.0,0.96,2330.8,711697.8,1
2021-06-30,2021-06-30 14:00:00,314.0,317.0,314.0,317.0,0.96,2330.8,711697.8,1
2021-06-30,2021-06-30 15:00:00,317.0,323.0,300.0,317.0,0.0,2330.8,711697.8,0
2021-07-01,2021-07-01 11:00:00,323.0,326.5,321.0,323.5,0.15,1487.8,484347.8,1
2021-07-01,2021-07-01 12:00:00,323.5,324.0,323.5,324.0,0.15,1487.8,484347.8,1
2021-07-01,2021-07-01 13:00:00,324.0,324.5,324.0,324.5,0.15,1487.8,484347.8,1
2021-07-01,2021-07-01 14:00:00,324.5,325.0,324.5,325.0,0.15,1487.8,484347.8,1
2021-07-01,2021-07-01 15:00:00,325.0,330.0,319.0,325.0,0.0,1487.8,484347.8,0
2021-07-04,2021-07-04 11:00:00,309.0,320.0,309.0,311.0,0.65,2634.4,856811.2,1
2021-07-04,2021-07-04 12:00:00,311.0,313.0,311.0,313.0,0.64,2634.4,856811.2,1
2021-07-04,2021-07-04 13:00:00,313.0,315.0,313.0,315.0,0.64,2634.4,856811.2,1
2021-07-04,2021-07-04 14:00:00,315.0,317.0,315.0,317.0,0.63,2634.4,856811.2,1
2021-07-04,2021-07-04 15:00:00,317.0,331.0,309.0,317.0,0.0,2634.4,856811.2,0
2021-07-05,2021-07-05 11:00:00,313.0,316.5,313.0,313.0,0.0,805.8,254949.4,0
2021-07-05,2021-07-05 12:00:00,313.0,313.0,313.0,313.0,0.0,805.8,254949.4,0
2021-07-05,2021-07-05 13:00:00,313.0,313.0,313.0,313.0,0.0,805.8,254949.4,0
2021-07-05,2021-07-05 14:00:00,313.0,313.0,313.0,313.0,0.0,805.8,254949.4,0
2021-07-05,2021-07-05 15:00:00,313.0,320.0,313.0,313.0,0.0,805.8,254949.4,0
2021-07-06,2021-07-06 11:00:00,310.0,313.0,309.0,310.25,0.08,788.4,244274.8,1
2021-07-06,2021-07-06 12:00:00,310.25,310.5,310.25,310.5,0.08,788.4,244274.8,1
2021-07-06,2021-07-06 13:00:00,310.5,310.75,310.5,310.75,0.08,788.4,244274.8,1
2021-07-06,2021-07-06 14:00:00,310.75,311.0,310.75,311.0,0.08,788.4,244274.8,1
2021-07-06,2021-07-06 15:00:00,311.0,316.0,308.0,311.0,0.0,788.4,244274.8,0
2021-07-07,2021-07-07 11:00:00,317.0,317.0,310.0,313.5,-1.1,1342.0,412505.0,-1
2021-07-07,2021-07-07 12:00:00,313.5,313.5,310.0,310.0,-1.12,1342.0,412505.0,-1
2021-07-07,2021-07-07 13:00:00,310.0,310.0,306.5,306.5,-1.13,1342.0,412505.0,-1
2021-07-07,2021-07-07 14:00:00,306.5,306.5,303.0,303.0,-1.14,1342.0,412505.0,-1
2021-07-07,2021-07-07 15:00:00,303.0,317.0,303.0,303.0,0.0,1342.0,412505.0,0
2021-07-08,2021-07-08 11:00:00,300.0,312.5,299.0,302.5,0.83,1073.4,329131.6,1
2021-07-08,2021-07-08 12:00:00,302.5,305.0,302.5,305.0,0.83,1073.4,329131.6,1
2021-07-08,2021-07-08 13:00:00,305.0,307.5,305.0,307.5,0.82,1073.4,329131.6,1
2021-07-08,2021-07-08 14:00:00,307.5,310.0,307.5,310.0,0.81,1073.4,329131.6,1
2021-07-08,2021-07-08 15:00:00,310.0,325.0,298.0,310.0,0.0,1073.4,329131.6,0
2021-07-11,2021-07-11 11:00:00,316.0,325.0,313.0,319.75,1.19,1399.0,455017.0,1
2021-07-11,2021-07-11 12:00:00,319.75,323.5,319.75,323.5,1.17,1399.0,455017.0,1
2021-07-11,2021-07-11 13:00:00,323.5,327.25,323.5,327.25,1.16,1399.0,455017.0,1
2021-07-11,2021-07-11 14:00:00,327.25,331.0,327.25,331.0,1.15,1399.0,455017.0,1
2021-07-11,2021-07-11 15:00:00,331.0,334.0,310.0,331.0,0.0,1399.0,455017.0,0
2021-07-12,2021-07-12 11:00:00,331.0,334.0,326.5,329.5,-0.45,1364.8,445067.0,-1
2021-07-12,2021-07-12 12:00:00,329.5,329.5,328.0,328.0,-0.46,1364.8,445067.0,-1
2021-07-12,2021-07-12 13:00:00,328.0,328.0,326.5,326.5,-0.46,1364.8,445067.0,-1
2021-07-12,2021-07-12 14:00:00,326.5,326.5,325.0,325.0,-0.46,1364.8,445067.0,-1
2021-07-12,2021-07-12 15:00:00,325.0,337.0,322.0,325.0,0.0,1364.8,445067.0,0
2021-07-13,2021-07-13 11:00:00,325.0,326.5,320.0,325.0,0.0,1169.0,378486.4,0
2021-07-13,2021-07-13 12:00:00,325.0,325.0,325.0,325.0,0.0,1169.0,378486.4,0
2021-07-13,2021-07-13 13:00:00,325.0,325.0,325.0,325.0,0.0,1169.0,378486.4,0
2021-07-13,2021-07-13 14:00:00,325.0,325.0,325.0,325.0,0.0,1169.0,378486.4,0
2021-07-13,2021-07-13 15:00:00,325.0,328.0,315.0,325.0,0.0,1169.0,378486.4,0
2021-07-14,2021-07-14 11:00:00,319.0,330.5,319.0,323.75,1.49,3131.8,1022183.0,1
2021-07-14,2021-07-14 12:00:00,323.75,328.5,323.75,328.5,1.47,3131.8,1022183.0,1
2021-07-14,2021-07-14 13:00:00,328.5,333.25,328.5,333.25,1.45,3131.8,1022183.0,1
2021-07-14,2021-07-14 14:00:00,333.25,338.0,333.25,338.0,1.43,3131.8,1022183.0,1
2021-07-14,2021-07-14 15:00:00,338.0,342.0,319.0,338.0,0.0,3131.8,1022183.0,0
2021-07-15,2021-07-15 11:00:00,338.0,348.0,338.0,340.0,0.59,5118.4,1770494.6,1
2021-07-15,2021-07-15 12:00:00,340.0,342.0,340.0,342.0,0.59,5118.4,1770494.6,1
2021-07-15,2021-07-15 13:00:00,342.0,344.0,342.0,344.0,0.58,5118.4,1770494.6,1
2021-07-15,2021-07-15 14:00:00,344.0,346.0,344.0,346.0,0.58,5118.4,1770494.6,1
2021-07-15,2021-07-15 15:00:00,346.0,358.0,338.0,346.0,0.0,5118.4,1770494.6,0
2021-07-18,2021-07-18 11:00:00,350.0,363.55,350.0,354.75,1.36,10267.8,3784391.3,1
2021-07-18,2021-07-18 12:00:00,354.75,359.5,354.75,359.5,1.34,10267.8,3784391.3,1
2021-07-18,2021-07-18 13:00:00,359.5,364.25,359.5,364.25,1.32,10267.8,3784391.3,1
2021-07-18,2021-07-18 14:00:00,364.25,369.0,364.25,369.0,1.3,10267.8,3784391.3,1
2021-07-18,2021-07-18 15:00:00,369.0,377.1,350.0,369.0,0.0,10267.8,3784391.3,0
2021-07-19,2021-07-19 11:00:00,376.0,382.0,370.5,376.25,0.07,4988.0,1851122.2,1
2021-07-19,2021-07-19 12:00:00,376.25,376.5,376.25,376.5,0.07,4988.0,1851122.2,1
2021-07-19,2021-07-19 13:00:00,376.5,376.75,376.5,376.75,0.07,4988.0,1851122.2,1
2021-07-19,2021-07-19 14:00:00,376.75,377.0,376.75,377.0,0.07,4988.0,1851122.2,1
2021-07-19,2021-07-19 15:00:00,377.0,388.0,365.0,377.0,0.0,4988.0,1851122.2,0
2021-07-20,2021-07-20 11:00:00,384.0,398.55,379.5,391.0,1.82,30199.2,12089132.32,1
2021-07-20,2021-07-20 12:00:00,391.0,398.0,391.0,398.0,1.79,30199.2,12089132.32,1
2021-07-20,2021-07-20 13:00:00,398.0,405.0,398.0,405.0,1.76,30199.2,12089132.32,1
2021-07-20,2021-07-20 14:00:00,405.0,412.0,405.0,412.0,1.73,30199.2,12089132.32,1
2021-07-20,2021-07-20 15:00:00,412.0,413.1,375.0,412.0,0.0,30199.2,12089132.32,0
2021-07-22,2021-07-22 11:00:00,414.7,433.95,409.85,424.27,2.31,17482.2,7457005.28,1
2021-07-22,2021-07-22 12:00:00,424.27,433.85,424.27,433.85,2.26,17482.2,7457005.28,1
2021-07-22,2021-07-22 13:00:00,433.85,443.43,433.85,443.43,2.21,17482.2,7457005.28,1
2021-07-22,2021-07-22 14:00:00,443.43,453.0,443.43,453.0,2.16,17482.2,7457005.28,1
2021-07-22,2021-07-22 15:00:00,453.0,453.2,405.0,453.0,0.0,17482.2,7457005.28,0
2021-07-25,2021-07-25 11:00:00,444.0,469.35,438.5,455.5,2.59,31822.2,14845739.6,1
2021-07-25,2021-07-25 12:00:00,455.5,467.0,455.5,467.0,2.52,31822.2,14845739.6,1
2021-07-25,2021-07-25 13:00:00,467.0,478.5,467.0,478.5,2.46,31822.2,14845739.6,1
2021-07-25,2021-07-25 14:00:00,478.5,490.0,478.5,490.0,2.4,31822.2,14845739.6,1
2021-07-25,2021-07-25 15:00:00,490.0,494.7,433.0,490.0,0.0,31822.2,14845739.6,0
2021-07-26,2021-07-26 11:00:00,495.0,517.0,479.5,506.0,2.22,32245.0,16363425.22,1
2021-07-26,2021-07-26 12:00:00,506.0,517.0,506.0,517.0,2.17,32245.0,16363425.22,1
2021-07-26,2021-07-26 13:00:00,517.0,528.0,517.0,528.0,2.13,32245.0,16363425.22,1
2021-07-26,2021-07-26 14:00:00,528.0,539.0,528.0,539.0,2.08,32245.0,16363425.22,1
2021-07-26,2021-07-26 15:00:00,539.0,539.0,464.0,539.0,0.0,32245.0,16363425.22,0
2021-07-27,2021-07-27 11:00:00,540.0,565.0,540.0,545.27,0.98,10603.0,6060894.72,1
2021-07-27,2021-07-27 12:00:00,545.27,550.55,545.27,550.55,0.97,10603.0,6060894.72,1
2021-07-27,2021-07-27 13:00:00,550.55,555.83,550.55,555.83,0.96,10603.0,6060894.72,1
2021-07-27,2021-07-27 14:00:00,555.83,561.1,555.83,561.1,0.95,10603.0,6060894.72,1
2021-07-27,2021-07-27 15:00:00,561.1,590.0,540.0,561.1,0.0,10603.0,6060894.72,0
2021-07-28,2021-07-28 11:00:00,568.0,579.2,551.05,573.6,0.99,15357.4,8537036.36,1
2021-07-28,2021-07-28 12:00:00,573.6,579.2,573.6,579.2,0.98,15357.4,8537036.36,1
2021-07-28,2021-07-28 13:00:00,579.2,584.8,579.2,584.8,0.97,15357.4,8537036.36,1
2021-07-28,2021-07-28 14:00:00,584.8,590.4,584.8,590.4,0.96,15357.4,8537036.36,1
2021-07-28,2021-07-28 15:00:00,590.4,590.4,534.1,590.4,0.0,15357.4,8537036.36,0
2021-07-29,2021-07-29 11:00:00,580.0,585.5,560.5,573.5,-1.12,27646.4,15433983.58,-1
2021-07-29,2021-07-29 12:00:00,573.5,573.5,567.0,567.0,-1.13,27646.4,15433983.58,-1
2021-07-29,2021-07-29 13:00:00,567.0,567.0,560.5,560.5,-1.15,27646.4,15433983.58,-1
2021-07-29,2021-07-29 14:00:00,560.5,560.5,554.0,554.0,-1.16,27646.4,15433983.58,-1
2021-07-29,2021-07-29 15:00:00,554.0,591.0,541.0,554.0,0.0,27646.4,15433983.58,0
2021-08-01,2021-08-01 11:00:00,545.1,575.55,545.1,559.58,2.66,19869.4,11392543.94,1
2021-08-01,2021-08-01 12:00:00,559.58,574.05,559.58,574.05,2.59,19869.4,11392543.94,1
2021-08-01,2021-08-01 13:00:00,574.05,588.52,574.05,588.52,2.52,19869.4,11392543.94,1
2021-08-01,2021-08-01 14:00:00,588.52,603.0,588.52,603.0,2.46,19869.4,11392543.94,1
2021-08-01,2021-08-01 15:00:00,603.0,606.0,545.1,603.0,0.0,19869.4,11392543.94,0
2021-08-02,2021-08-02 11:00:00,603.0,603.0,586.0,599.75,-0.54,15367.6,8930161.7,-1
2021-08-02,2021-08-02 12:00:00,599.75,599.75,596.5,596.5,-0.54,15367.6,8930161.7,-1
2021-08-02,2021-08-02 13:00:00,596.5,596.5,593.25,593.25,-0.54,15367.6,8930161.7,-1
2021-08-02,2021-08-02 14:00:00,593.25,593.25,590.0,590.0,-0.55,15367.6,8930161.7,-1
2021-08-02,2021-08-02 15:00:00,590.0,603.0,569.0,590.0,0.0,15367.6,8930161.7,0
2021-08-03,2021-08-03 11:00:00,578.4,590.05,572.7,579.3,0.16,7525.4,4387135.44,1
2021-08-03,2021-08-03 12:00:00,579.3,580.2,579.3,580.2,0.16,7525.4,4387135.44,1
2021-08-03,2021-08-03 13:00:00,580.2,581.1,580.2,581.1,0.16,7525.4,4387135.44,1
2021-08-03,2021-08-03 14:00:00,581.1,582.0,581.1,582.0,0.15,7525.4,4387135.44,1
2021-08-03,2021-08-03 15:00:00,582.0,601.7,567.0,582.0,0.0,7525.4,4387135.44,0
2021-08-04,2021-08-04 11:00:00,574.0,587.85,574.0,580.5,1.13,15022.6,8885695.04,1
2021-08-04,2021-08-04 12:00:00,580.5,587.0,580.5,587.0,1.12,15022.6,8885695.04,1
2021-08-04,2021-08-04 13:00:00,587.0,593.5,587.0,593.5,1.11,15022.6,8885695.04,1
2021-08-04,2021-08-04 14:00:00,593.5,600.0,593.5,600.0,1.1,15022.6,8885695.04,1
2021-08-04,2021-08-04 15:00:00,600.0,601.7,574.0,600.0,0.0,15022.6,8885695.04,0
2021-08-05,2021-08-05 11:00:00,600.0,601.5,586.05,600.75,0.12,12488.6,7309631.9,1
2021-08-05,2021-08-05 12:00:00,600.75,601.5,600.75,601.5,0.12,12488.6,7309631.9,1
2021-08-05,2021-08-05 13:00:00,601.5,602.25,601.5,602.25,0.12,12488.6,7309631.9,1
2021-08-05,2021-08-05 14:00:00,602.25,603.0,602.25,603.0,0.12,12488.6,7309631.9,1
2021-08-05,2021-08-05 15:00:00,603.0,603.0,572.1,603.0,0.0,12488.6,7309631.9,0
2021-08-08,2021-08-08 11:00:00,591.0,608.5,583.0,592.27,0.21,20596.4,12370622.96,1
2021-08-08,2021-08-08 12:00:00,592.27,593.55,592.27,593.55,0.22,20596.4,12370622.96,1
2021-08-08,2021-08-08 13:00:00,593.55,594.83,593.55,594.83,0.22,20596.4,12370622.96,1
2021-08-08,2021-08-08 14:00:00,594.83,596.1,594.83,596.1,0.21,20596.4,12370622.96,1
2021-08-08,2021-08-08 15:00:00,596.1,626.0,575.0,596.1,0.0,20596.4,12370622.96,0
2021-08-09,2021-08-09 11:00:00,608.0,620.5,602.55,613.0,0.82,18207.2,11286741.86,1
2021-08-09,2021-08-09 12:00:00,613.0,618.0,613.0,618.0,0.82,18207.2,11286741.86,1
2021-08-09,2021-08-09 13:00:00,618.0,623.0,618.0,623.0,0.81,18207.2,11286741.86,1
2021-08-09,2021-08-09 14:00:00,623.0,628.0,623.0,628.0,0.8,18207.2,11286741.86,1
2021-08-09,2021-08-09 15:00:00,628.0,633.0,597.1,628.0,0.0,18207.2,11286741.86,0
2021-08-10,2021-08-10 11:00:00,640.0,646.4,627.3,638.25,-0.27,15363.2,9618701.0,-1
2021-08-10,2021-08-10 12:00:00,638.25,638.25,636.5,636.5,-0.27,15363.2,9618701.0,-1
2021-08-10,2021-08-10 13:00:00,636.5,636.5,634.75,634.75,-0.27,15363.2,9618701.0,-1
2021-08-10,2021-08-10 14:00:00,634.75,634.75,633.0,633.0,-0.28,15363.2,9618701.0,-1
2021-08-10,2021-08-10 15:00:00,633.0,652.8,614.6,633.0,0.0,15363.2,9618701.0,0
2021-08-11,2021-08-11 11:00:00,633.0,664.65,627.0,641.55,1.35,22873.0,15277606.2,1
2021-08-11,2021-08-11 12:00:00,641.55,650.1,641.55,650.1,1.33,22873.0,15277606.2,1
2021-08-11,2021-08-11 13:00:00,650.1,658.65,650.1,658.65,1.32,22873.0,15277606.2,1
2021-08-11,2021-08-11 14:00:00,658.65,667.2,658.65,667.2,1.3,22873.0,15277606.2,1
2021-08-11,2021-08-11 15:00:00,667.2,696.3,621.0,667.2,0.0,22873.0,15277606.2,0
2021-08-12,2021-08-12 11:00:00,680.5,700.25,673.75,680.88,0.06,15731.2,10761405.7,1
2021-08-12,2021-08-12 12:00:00,680.88,681.25,680.88,681.25,0.05,15731.2,10761405.7,1
2021-08-12,2021-08-12 13:00:00,681.25,681.62,681.25,681.62,0.05,15731.2,10761405.7,1
2021-08-12,2021-08-12 14:00:00,681.62,682.0,681.62,682.0,0.06,15731.2,10761405.7,1
2021-08-12,2021-08-12 15:00:00,682.0,720.0,667.0,682.0,0.0,15731.2,10761405.7,0
2021-08-15,2021-08-15 11:00:00,668.4,693.2,644.2,662.55,-0.88,19553.0,12698044.2,-1
2021-08-15,2021-08-15 12:00:00,662.55,662.55,656.7,656.7,-0.88,19553.0,12698044.2,-1
2021-08-15,2021-08-15 13:00:00,656.7,656.7,650.85,650.85,-0.89,19553.0,12698044.2,-1
2021-08-15,2021-08-15 14:00:00,650.85,650.85,645.0,645.0,-0.9,19553.0,12698044.2,-1
2021-08-15,2021-08-15 15:00:00,645.0,718.0,620.0,645.0,0.0,19553.0,12698044.2,0
2021-08-16,2021-08-16 11:00:00,640.0,659.15,640.0,643.75,0.59,11864.6,7757318.32,1
2021-08-16,2021-08-16 12:00:00,643.75,647.5,643.75,647.5,0.58,11864.6,7757318.32,1
2021-08-16,2021-08-16 13:00:00,647.5,651.25,647.5,651.25,0.58,11864.6,7757318.32,1
2021-08-16,2021-08-16 14:00:00,651.25,655.0,651.25,655.0,0.58,11864.6,7757318.32,1
2021-08-16,2021-08-16 15:00:00,655.0,678.3,640.0,655.0,0.0,11864.6,7757318.32,0
2021-08-17,2021-08-17 11:00:00,668.0,682.5,662.5,672.25,0.64,18226.4,12436590.24,1
2021-08-17,2021-08-17 12:00:00,672.25,676.5,672.25,676.5,0.63,18226.4,12436590.24,1
2021-08-17,2021-08-17 13:00:00,676.5,680.75,676.5,680.75,0.63,18226.4,12436590.24,1
2021-08-17,2021-08-17 14:00:00,680.75,685.0,680.75,685.0,0.62,18226.4,12436590.24,1
2021-08-17,2021-08-17 15:00:00,685.0,697.0,657.0,685.0,0.0,18226.4,12436590.24,0
2021-08-18,2021-08-18 11:00:00,690.0,703.5,684.5,688.75,-0.18,15382.6,10719634.8,-1
2021-08-18,2021-08-18 12:00:00,688.75,688.75,687.5,687.5,-0.18,15382.6,10719634.8,-1
2021-08-18,2021-08-18 13:00:00,687.5,687.5,686.25,686.25,-0.18,15382.6,10719634.8,-1
2021-08-18,2021-08-18 14:00:00,686.25,686.25,685.0,685.0,-0.18,15382.6,10719634.8,-1
2021-08-18,2021-08-18 15:00:00,685.0,717.0,679.0,685.0,0.0,15382.6,10719634.8,0
2021-08-19,2021-08-19 11:00:00,672.0,672.0,649.5,661.25,-1.6,7927.0,5105958.58,-1
2021-08-19,2021-08-19 12:00:00,661.25,661.25,650.5,650.5,-1.63,7927.0,5105958.58,-1
2021-08-19,2021-08-19 13:00:00,650.5,650.5,639.75,639.75,-1.65,7927.0,5105958.58,-1
2021-08-19,2021-08-19 14:00:00,639.75,639.75,629.0,629.0,-1.68,7927.0,5105958.58,-1
2021-08-19,2021-08-19 15:00:00,629.0,672.0,627.0,629.0,0.0,7927.0,5105958.58,0
2021-08-24,2021-08-24 11:00:00,617.0,617.0,591.55,604.5,-2.03,9809.0,5706908.9,-1
2021-08-24,2021-08-24 12:00:00,604.5,604.5,592.0,592.0,-2.07,9809.0,5706908.9,-1
2021-08-24,2021-08-24 13:00:00,592.0,592.0,579.5,579.5,-2.11,9809.0,5706908.9,-1
2021-08-24,2021-08-24 14:00:00,579.5,579.5,567.0,567.0,-2.16,9809.0,5706908.9,-1
2021-08-24,2021-08-24 15:00:00,567.0,617.0,566.1,567.0,0.0,9809.0,5706908.9,0
2021-08-25,2021-08-25 11:00:00,555.7,569.35,537.85,554.28,-0.26,9194.6,5093784.1,-1
2021-08-25,2021-08-25 12:00:00,554.28,554.28,552.85,552.85,-0.26,9194.6,5093784.1,-1
2021-08-25,2021-08-25 13:00:00,552.85,552.85,551.42,551.42,-0.26,9194.6,5093784.1,-1
2021-08-25,2021-08-25 14:00:00,551.42,551.42,550.0,550.0,-0.26,9194.6,5093784.1,-1
2021-08-25,2021-08-25 15:00:00,550.0,583.0,520.0,550.0,0.0,9194.6,5093784.1,0
2021-08-26,2021-08-26 11:00:00,561.0,583.0,551.5,569.33,1.48,10429.0,6065386.0,1
2021-08-26,2021-08-26 12:00:00,569.33,577.65,569.33,577.65,1.46,10429.0,6065386.0,1
2021-08-26,2021-08-26 13:00:00,577.65,585.97,577.65,585.97,1.44,10429.0,6065386.0,1
2021-08-26,2021-08-26 14:00:00,585.97,594.3,585.97,594.3,1.42,10429.0,6065386.0,1
2021-08-26,2021-08-26 15:00:00,594.3,605.0,542.0,594.3,0.0,10429.0,6065386.0,0
2021-08-29,2021-08-29 11:00:00,595.0,595.0,576.5,591.25,-0.63,3541.8,2035549.6,-1
2021-08-29,2021-08-29 12:00:00,591.25,591.25,587.5,587.5,-0.63,3541.8,2035549.6,-1
2021-08-29,2021-08-29 13:00:00,587.5,587.5,583.75,583.75,-0.64,3541.8,2035549.6,-1
2021-08-29,2021-08-29 14:00:00,583.75,583.75,580.0,580.0,-0.64,3541.8,2035549.6,-1
2021-08-29,2021-08-29 15:00:00,580.0,595.0,558.0,580.0,0.0,3541.8,2035549.6,0
2021-08-31,2021-08-31 11:00:00,568.4,568.4,545.2,560.05,-1.47,16129.8,8581471.4,-1
2021-08-31,2021-08-31 12:00:00,560.05,560.05,551.7,551.7,-1.49,16129.8,8581471.4,-1
2021-08-31,2021-08-31 13:00:00,551.7,551.7,543.35,543.35,-1.51,16129.8,8581471.4,-1
2021-08-31,2021-08-31 14:00:00,543.35,543.35,535.0,535.0,-1.54,16129.8,8581471.4,-1
2021-08-31,2021-08-31 15:00:00,535.0,568.4,522.0,535.0,0.0,16129.8,8581471.4,0
2021-09-01,2021-09-01 11:00:00,545.7,552.85,530.35,541.28,-0.81,5319.8,2862952.64,-1
2021-09-01,2021-09-01 12:00:00,541.28,541.28,536.85,536.85,-0.82,5319.8,2862952.64,-1
2021-09-01,2021-09-01 13:00:00,536.85,536.85,532.42,532.42,-0.83,5319.8,2862952.64,-1
2021-09-01,2021-09-01 14:00:00,532.42,532.42,528.0,528.0,-0.83,5319.8,2862952.64,-1
2021-09-01,2021-09-01 15:00:00,528.0,560.0,515.0,528.0,0.0,5319.8,2862952.64,0
2021-09-02,2021-09-02 11:00:00,538.5,543.75,514.25,532.6,-1.1,3908.4,2003533.6,-1
2021-09-02,2021-09-02 12:00:00,532.6,532.6,526.7,526.7,-1.11,3908.4,2003533.6,-1
2021-09-02,2021-09-02 13:00:00,526.7,526.7,520.8,520.8,-1.12,3908.4,2003533.6,-1
2021-09-02,2021-09-02 14:00:00,520.8,520.8,514.9,514.9,-1.13,3908.4,2003533.6,-1
2021-09-02,2021-09-02 15:00:00,514.9,549.0,490.0,514.9,0.0,3908.4,2003533.6,0
2021-09-05,2021-09-05 11:00:00,505.0,507.5,484.25,494.62,-2.06,7695.6,3665366.4,-1
2021-09-05,2021-09-05 12:00:00,494.62,494.62,484.25,484.25,-2.1,7695.6,3665366.4,-1
2021-09-05,2021-09-05 13:00:00,484.25,484.25,473.88,473.88,-2.14,7695.6,3665366.4,-1
2021-09-05,2021-09-05 14:00:00,473.88,473.88,463.5,463.5,-2.19,7695.6,3665366.4,-1
2021-09-05,2021-09-05 15:00:00,463.5,510.0,463.5,463.5,0.0,7695.6,3665366.4,0
2021-09-06,2021-09-06 11:00:00,472.0,490.9,454.05,481.45,2.0,6794.8,3265806.34,1
2021-09-06,2021-09-06 12:00:00,481.45,490.9,481.45,490.9,1.96,6794.8,3265806.34,1
2021-09-06,2021-09-06 13:00:00,490.9,500.35,490.9,500.35,1.93,6794.8,3265806.34,1
2021-09-06,2021-09-06 14:00:00,500.35,509.8,500.35,509.8,1.89,6794.8,3265806.34,1
2021-09-06,2021-09-06 15:00:00,509.8,509.8,436.1,509.8,0.0,6794.8,3265806.34,0
2021-09-07,2021-09-07 11:00:00,501.0,518.0,495.05,502.5,0.3,8999.8,4529946.36,1
2021-09-07,2021-09-07 12:00:00,502.5,504.0,502.5,504.0,0.3,8999.8,4529946.36,1
2021-09-07,2021-09-07 13:00:00,504.0,505.5,504.0,505.5,0.3,8999.8,4529946.36,1
2021-09-07,2021-09-07 14:00:00,505.5,507.0,505.5,507.0,0.3,8999.8,4529946.36,1
2021-09-07,2021-09-07 15:00:00,507.0,535.0,489.1,507.0,0.0,8999.8,4529946.36,0
2021-09-08,2021-09-08 11:00:00,500.0,510.0,495.0,503.95,0.79,5948.6,3038109.78,1
2021-09-08,2021-09-08 12:00:00,503.95,507.9,503.95,507.9,0.78,5948.6,3038109.78,1
2021-09-08,2021-09-08 13:00:00,507.9,511.85,507.9,511.85,0.78,5948.6,3038109.78,1
2021-09-08,2021-09-08 14:00:00,511.85,515.8,511.85,515.8,0.77,5948.6,3038109.78,1
2021-09-08,2021-09-08 15:00:00,515.8,520.0,490.0,515.8,0.0,5948.6,3038109.78,0
2021-09-09,2021-09-09 11:00:00,520.0,540.0,519.0,528.5,1.63,19620.6,10658309.04,1
2021-09-09,2021-09-09 12:00:00,528.5,537.0,528.5,537.0,1.61,19620.6,10658309.04,1
2021-09-09,2021-09-09 13:00:00,537.0,545.5,537.0,545.5,1.58,19620.6,10658309.04,1
2021-09-09,2021-09-09 14:00:00,545.5,554.0,545.5,554.0,1.56,19620.6,10658309.04,1
2021-09-09,2021-09-09 15:00:00,554.0,560.0,518.0,554.0,0.0,19620.6,10658309.04,0
2021-09-12,2021-09-12 11:00:00,565.0,584.5,565.0,572.5,1.33,17031.4,10145025.4,1
2021-09-12,2021-09-12 12:00:00,572.5,580.0,572.5,580.0,1.31,17031.4,10145025.4,1
2021-09-12,2021-09-12 13:00:00,580.0,587.5,580.0,587.5,1.29,17031.4,10145025.4,1
2021-09-12,2021-09-12 14:00:00,587.5,595.0,587.5,595.0,1.28,17031.4,10145025.4,1
2021-09-12,2021-09-12 15:00:00,595.0,604.0,565.0,595.0,0.0,17031.4,10145025.4,0
2021-09-13,2021-09-13 11:00:00,606.0,606.0,579.9,595.75,-1.69,13948.2,8071239.0,-1
2021-09-13,2021-09-13 12:00:00,595.75,595.75,585.5,585.5,-1.72,13948.2,8071239.0,-1
2021-09-13,2021-09-13 13:00:00,585.5,585.5,575.25,575.25,-1.75,13948.2,8071239.0,-1
2021-09-13,2021-09-13 14:00:00,575.25,575.25,565.0,565.0,-1.78,13948.2,8071239.0,-1
2021-09-13,2021-09-13 15:00:00,565.0,606.0,553.8,565.0,0.0,13948.2,8071239.0,0
2021-09-14,2021-09-14 11:00:00,575.0,581.25,564.5,570.75,-0.74,5945.4,3356703.76,-1
2021-09-14,2021-09-14 12:00:00,570.75,570.75,566.5,566.5,-0.74,5945.4,3356703.76,-1
2021-09-14,2021-09-14 13:00:00,566.5,566.5,562.25,562.25,-0.75,5945.4,3356703.76,-1
2021-09-14,2021-09-14 14:00:00,562.25,562.25,558.0,558.0,-0.76,5945.4,3356703.76,-1
2021-09-14,2021-09-14 15:00:00,558.0,587.5,554.0,558.0,0.0,5945.4,3356703.76,0
2021-09-15,2021-09-15 11:00:00,552.0,560.5,545.5,548.75,-0.59,3586.4,1986375.7,-1
2021-09-15,2021-09-15 12:00:00,548.75,548.75,545.5,545.5,-0.59,3586.4,1986375.7,-1
2021-09-15,2021-09-15 13:00:00,545.5,545.5,542.25,542.25,-0.6,3586.4,1986375.7,-1
2021-09-15,2021-09-15 14:00:00,542.25,542.25,539.0,539.0,-0.6,3586.4,1986375.7,-1
2021-09-15,2021-09-15 15:00:00,539.0,569.0,539.0,539.0,0.0,3586.4,1986375.7,0
2021-09-16,2021-09-16 11:00:00,529.0,529.0,511.55,524.0,-0.95,10669.0,5400697.56,-1
2021-09-16,2021-09-16 12:00:00,524.0,524.0,519.0,519.0,-0.95,10669.0,5400697.56,-1
2021-09-16,2021-09-16 13:00:00,519.0,519.0,514.0,514.0,-0.96,10669.0,5400697.56,-1
2021-09-16,2021-09-16 14:00:00,514.0,514.0,509.0,509.0,-0.97,10669.0,5400697.56,-1
2021-09-16,2021-09-16 15:00:00,509.0,529.0,494.1,509.0,0.0,10669.0,5400697.56,0
2021-09-20,2021-09-20 11:00:00,519.1,519.1,489.05,505.58,-2.6,5868.0,2782500.78,-1
2021-09-20,2021-09-20 12:00:00,505.58,505.58,492.05,492.05,-2.68,5868.0,2782500.78,-1
2021-09-20,2021-09-20 13:00:00,492.05,492.05,478.52,478.52,-2.75,5868.0,2782500.78,-1
2021-09-20,2021-09-20 14:00:00,478.52,478.52,465.0,465.0,-2.83,5868.0,2782500.78,-1
2021-09-20,2021-09-20 15:00:00,465.0,519.1,459.0,465.0,0.0,5868.0,2782500.78,0
2021-09-21,2021-09-21 11:00:00,458.1,476.55,453.55,460.33,0.49,4325.2,2023641.14,1
2021-09-21,2021-09-21 12:00:00,460.33,462.55,460.33,462.55,0.48,4325.2,2023641.14,1
2021-09-21,2021-09-21 13:00:00,462.55,464.77,462.55,464.77,0.48,4325.2,2023641.14,1
2021-09-21,2021-09-21 14:00:00,464.77,467.0,464.77,467.0,0.48,4325.2,2023641.14,1
2021-09-21,2021-09-21 15:00:00,467.0,495.0,449.0,467.0,0.0,4325.2,2023641.14,0
2021-09-22,2021-09-22 11:00:00,476.3,495.0,476.3,485.6,1.95,5417.6,2699138.56,1
2021-09-22,2021-09-22 12:00:00,485.6,494.9,485.6,494.9,1.92,5417.6,2699138.56,1
2021-09-22,2021-09-22 13:00:00,494.9,504.2,494.9,504.2,1.88,5417.6,2699138.56,1
2021-09-22,2021-09-22 14:00:00,504.2,513.5,504.2,513.5,1.84,5417.6,2699138.56,1
2021-09-22,2021-09-22 15:00:00,513.5,513.7,476.3,513.5,0.0,5417.6,2699138.56,0
2021-09-23,2021-09-23 11:00:00,520.0,525.0,497.55,515.5,-0.87,5725.6,2873215.42,-1
2021-09-23,2021-09-23 12:00:00,515.5,515.5,511.0,511.0,-0.87,5725.6,2873215.42,-1
2021-09-23,2021-09-23 13:00:00,511.0,511.0,506.5,506.5,-0.88,5725.6,2873215.42,-1
2021-09-23,2021-09-23 14:00:00,506.5,506.5,502.0,502.0,-0.89,5725.6,2873215.42,-1
2021-09-23,2021-09-23 15:00:00,502.0,530.0,475.1,502.0,0.0,5725.6,2873215.42,0
2021-09-26,2021-09-26 11:00:00,493.0,496.5,477.0,486.0,-1.42,5437.4,2590726.3,-1
2021-09-26,2021-09-26 12:00:00,486.0,486.0,479.0,479.0,-1.44,5437.4,2590726.3,-1
2021-09-26,2021-09-26 13:00:00,479.0,479.0,472.0,472.0,-1.46,5437.4,2590726.3,-1
2021-09-26,2021-09-26 14:00:00,472.0,472.0,465.0,465.0,-1.48,5437.4,2590726.3,-1
2021-09-26,2021-09-26 15:00:00,465.0,500.0,461.0,465.0,0.0,5437.4,2590726.3,0
2021-09-27,2021-09-27 11:00:00,474.3,479.0,453.15,466.73,-1.6,2472.4,1106290.36,-1
2021-09-27,2021-09-27 12:00:00,466.73,466.73,459.15,459.15,-1.62,2472.4,1106290.36,-1
2021-09-27,2021-09-27 13:00:00,459.15,459.15,451.57,451.57,-1.65,2472.4,1106290.36,-1
2021-09-27,2021-09-27 14:00:00,451.57,451.57,444.0,444.0,-1.68,2472.4,1106290.36,-1
2021-09-27,2021-09-27 15:00:00,444.0,483.7,432.0,444.0,0.0,2472.4,1106290.36,0
2021-09-28,2021-09-28 11:00:00,435.2,436.6,418.7,430.68,-1.04,5622.2,2339428.04,-1
2021-09-28,2021-09-28 12:00:00,430.68,430.68,426.15,426.15,-1.05,5622.2,2339428.04,-1
2021-09-28,2021-09-28 13:00:00,426.15,426.15,421.62,421.62,-1.06,5622.2,2339428.04,-1
2021-09-28,2021-09-28 14:00:00,421.62,421.62,417.1,417.1,-1.07,5622.2,2339428.04,-1
2021-09-28,2021-09-28 15:00:00,417.1,438.0,402.2,417.1,0.0,5622.2,2339428.04,0
2021-09-29,2021-09-29 11:00:00,425.0,437.5,416.5,427.0,0.47,8288.8,3479231.1,1
2021-09-29,2021-09-29 12:00:00,427.0,429.0,427.0,429.0,0.47,8288.8,3479231.1,1
2021-09-29,2021-09-29 13:00:00,429.0,431.0,429.0,431.0,0.47,8288.8,3479231.1,1
2021-09-29,2021-09-29 14:00:00,431.0,433.0,431.0,433.0,0.46,8288.8,3479231.1,1
2021-09-29,2021-09-29 15:00:00,433.0,450.0,408.0,433.0,0.0,8288.8,3479231.1,0
2021-09-30,2021-09-30 11:00:00,440.0,443.95,426.0,435.25,-1.08,1283.6,549103.92,-1
2021-09-30,2021-09-30 12:00:00,435.25,435.25,430.5,430.5,-1.09,1283.6,549103.92,-1
2021-09-30,2021-09-30 13:00:00,430.5,430.5,425.75,425.75,-1.1,1283.6,549103.92,-1
2021-09-30,2021-09-30 14:00:00,425.75,425.75,421.0,421.0,-1.12,1283.6,549103.92,-1
2021-09-30,2021-09-30 15:00:00,421.0,447.9,412.0,421.0,0.0,1283.6,549103.92,0
2021-10-03,2021-10-03 11:00:00,421.0,421.0,399.95,412.0,-2.14,6704.8,2617292.78,-1
2021-10-03,2021-10-03 12:00:00,412.0,412.0,403.0,403.0,-2.18,6704.8,2617292.78,-1
2021-10-03,2021-10-03 13:00:00,403.0,403.0,394.0,394.0,-2.23,6704.8,2617292.78,-1
2021-10-03,2021-10-03 14:00:00,394.0,394.0,385.0,385.0,-2.28,6704.8,2617292.78,-1
2021-10-03,2021-10-03 15:00:00,385.0,421.0,378.9,385.0,0.0,6704.8,2617292.78,0
2021-10-04,2021-10-04 11:00:00,392.0,395.9,376.5,384.25,-1.98,3043.4,1140199.04,-1
2021-10-04,2021-10-04 12:00:00,384.25,384.25,376.5,376.5,-2.02,3043.4,1140199.04,-1
2021-10-04,2021-10-04 13:00:00,376.5,376.5,368.75,368.75,-2.06,3043.4,1140199.04,-1
2021-10-04,2021-10-04 14:00:00,368.75,368.75,361.0,361.0,-2.1,3043.4,1140199.04,-1
2021-10-04,2021-10-04 15:00:00,361.0,399.8,361.0,361.0,0.0,3043.4,1140199.04,0
2021-10-05,2021-10-05 11:00:00,368.0,381.0,368.0,373.25,1.43,2739.8,1052396.04,1
2021-10-05,2021-10-05 12:00:00,373.25,378.5,373.25,378.5,1.41,2739.8,1052396.04,1
2021-10-05,2021-10-05 13:00:00,378.5,383.75,378.5,383.75,1.39,2739.8,1052396.04,1
2021-10-05,2021-10-05 14:00:00,383.75,389.0,383.75,389.0,1.37,2739.8,1052396.04,1
2021-10-05,2021-10-05 15:00:00,389.0,394.0,368.0,389.0,0.0,2739.8,1052396.04,0
2021-10-06,2021-10-06 11:00:00,396.7,403.8,389.1,400.02,0.84,4811.2,1898384.52,1
2021-10-06,2021-10-06 12:00:00,400.02,403.35,400.02,403.35,0.83,4811.2,1898384.52,1
2021-10-06,2021-10-06 13:00:00,403.35,406.68,403.35,406.68,0.83,4811.2,1898384.52,1
2021-10-06,2021-10-06 14:00:00,406.68,410.0,406.68,410.0,0.82,4811.2,1898384.52,1
2021-10-06,2021-10-06 15:00:00,410.0,410.9,381.5,410.0,0.0,4811.2,1898384.52,0
2021-10-10,2021-10-10 11:00:00,402.0,410.1,389.05,397.4,-1.14,4475.4,1768613.62,-1
2021-10-10,2021-10-10 12:00:00,397.4,397.4,392.8,392.8,-1.16,4475.4,1768613.62,-1
2021-10-10,2021-10-10 13:00:00,392.8,392.8,388.2,388.2,-1.17,4475.4,1768613.62,-1
2021-10-10,2021-10-10 14:00:00,388.2,388.2,383.6,383.6,-1.18,4475.4,1768613.62,-1
2021-10-10,2021-10-10 15:00:00,383.6,418.2,376.1,383.6,0.0,4475.4,1768613.62,0
2021-10-11,2021-10-11 11:00:00,376.0,383.0,365.5,373.4,-0.69,4668.6,1708914.8,-1
2021-10-11,2021-10-11 12:00:00,373.4,373.4,370.8,370.8,-0.7,4668.6,1708914.8,-1
2021-10-11,2021-10-11 13:00:00,370.8,370.8,368.2,368.2,-0.7,4668.6,1708914.8,-1
2021-10-11,2021-10-11 14:00:00,368.2,368.2,365.6,365.6,-0.71,4668.6,1708914.8,-1
2021-10-11,2021-10-11 15:00:00,365.6,390.0,355.0,365.6,0.0,4668.6,1708914.8,0
2021-10-17,2021-10-17 11:00:00,372.9,374.45,367.45,372.67,-0.06,456.0,167044.8,-1
2021-10-17,2021-10-17 12:00:00,372.67,372.67,372.45,372.45,-0.06,456.0,167044.8,-1
2021-10-17,2021-10-17 13:00:00,372.45,372.45,372.23,372.23,-0.06,456.0,167044.8,-1
2021-10-17,2021-10-17 14:00:00,372.23,372.23,372.0,372.0,-0.06,456.0,167044.8,-1
2021-10-17,2021-10-17 15:00:00,372.0,376.0,362.0,372.0,0.0,456.0,167044.8,0
2021-10-18,2021-10-18 11:00:00,365.0,369.0,355.6,361.25,-1.03,2112.6,753989.84,-1
2021-10-18,2021-10-18 12:00:00,361.25,361.25,357.5,357.5,-1.04,2112.6,753989.84,-1
2021-10-18,2021-10-18 13:00:00,357.5,357.5,353.75,353.75,-1.05,2112.6,753989.84,-1
2021-10-18,2021-10-18 14:00:00,353.75,353.75,350.0,350.0,-1.06,2112.6,753989.84,-1
2021-10-18,2021-10-18 15:00:00,350.0,373.0,346.2,350.0,0.0,2112.6,753989.84,0
2021-10-19,2021-10-19 11:00:00,343.0,349.0,331.5,339.75,-0.95,1898.6,624282.48,-1
2021-10-19,2021-10-19 12:00:00,339.75,339.75,336.5,336.5,-0.96,1898.6,624282.48,-1
2021-10-19,2021-10-19 13:00:00,336.5,336.5,333.25,333.25,-0.97,1898.6,624282.48,-1
2021-10-19,2021-10-19 14:00:00,333.25,333.25,330.0,330.0,-0.98,1898.6,624282.48,-1
2021-10-19,2021-10-19 15:00:00,330.0,355.0,320.0,330.0,0.0,1898.6,624282.48,0
2021-10-20,2021-10-20 11:00:00,336.6,343.35,333.5,338.68,0.62,2373.0,816479.16,1
2021-10-20,2021-10-20 12:00:00,338.68,340.75,338.68,340.75,0.61,2373.0,816479.16,1
2021-10-20,2021-10-20 13:00:00,340.75,342.82,340.75,342.82,0.61,2373.0,816479.16,1
2021-10-20,2021-10-20 14:00:00,342.82,344.9,342.82,344.9,0.61,2373.0,816479.16,1
2021-10-20,2021-10-20 15:00:00,344.9,350.1,330.4,344.9,0.0,2373.0,816479.16,0
2021-10-21,2021-10-21 11:00:00,341.1,348.05,337.2,342.08,0.29,1439.4,498924.12,1
2021-10-21,2021-10-21 12:00:00,342.08,343.05,342.08,343.05,0.28,1439.4,498924.12,1
2021-10-21,2021-10-21 13:00:00,343.05,344.02,343.05,344.02,0.28,1439.4,498924.12,1
2021-10-21,2021-10-21 14:00:00,344.02,345.0,344.02,345.0,0.28,1439.4,498924.12,1
2021-10-21,2021-10-21 15:00:00,345.0,355.0,333.3,345.0,0.0,1439.4,498924.12,0
2021-10-24,2021-10-24 11:00:00,339.0,355.5,335.65,345.5,1.92,3122.0,1107834.48,1
2021-10-24,2021-10-24 12:00:00,345.5,352.0,345.5,352.0,1.88,3122.0,1107834.48,1
2021-10-24,2021-10-24 13:00:00,352.0,358.5,352.0,358.5,1.85,3122.0,1107834.48,1
2021-10-24,2021-10-24 14:00:00,358.5,365.0,358.5,365.0,1.81,3122.0,1107834.48,1
2021-10-24,2021-10-24 15:00:00,365.0,372.0,332.3,365.0,0.0,3122.0,1107834.48,0
2021-10-25,2021-10-25 11:00:00,372.2,386.85,365.6,379.15,1.87,6184.8,2435383.16,1
2021-10-25,2021-10-25 12:00:00,379.15,386.1,379.15,386.1,1.83,6184.8,2435383.16,1
2021-10-25,2021-10-25 13:00:00,386.1,393.05,386.1,393.05,1.8,6184.8,2435383.16,1
2021-10-25,2021-10-25 14:00:00,393.05,400.0,393.05,400.0,1.77,6184.8,2435383.16,1
2021-10-25,2021-10-25 15:00:00,400.0,401.5,359.0,400.0,0.0,6184.8,2435383.16,0
2021-10-26,2021-10-26 11:00:00,408.0,424.0,408.0,416.0,1.96,6945.6,2984911.38,1
2021-10-26,2021-10-26 12:00:00,416.0,424.0,416.0,424.0,1.92,6945.6,2984911.38,1
2021-10-26,2021-10-26 13:00:00,424.0,432.0,424.0,432.0,1.89,6945.6,2984911.38,1
2021-10-26,2021-10-26 14:00:00,432.0,440.0,432.0,440.0,1.85,6945.6,2984911.38,1
2021-10-26,2021-10-26 15:00:00,440.0,440.0,408.0,440.0,0.0,6945.6,2984911.38,0
2021-10-27,2021-10-27 11:00:00,445.0,464.5,429.8,447.25,0.51,9813.2,4411054.72,1
2021-10-27,2021-10-27 12:00:00,447.25,449.5,447.25,449.5,0.5,9813.2,4411054.72,1
2021-10-27,2021-10-27 13:00:00,449.5,451.75,449.5,451.75,0.5,9813.2,4411054.72,1
2021-10-27,2021-10-27 14:00:00,451.75,454.0,451.75,454.0,0.5,9813.2,4411054.72,1
2021-10-27,2021-10-27 15:00:00,454.0,484.0,414.6,454.0,0.0,9813.2,4411054.72,0
2021-10-28,2021-10-28 11:00:00,445.0,456.5,440.55,449.25,0.96,5104.4,2325530.98,1
2021-10-28,2021-10-28 12:00:00,449.25,453.5,449.25,453.5,0.95,5104.4,2325530.98,1
2021-10-28,2021-10-28 13:00:00,453.5,457.75,453.5,457.75,0.94,5104.4,2325530.98,1
2021-10-28,2021-10-28 14:00:00,457.75,462.0,457.75,462.0,0.93,5104.4,2325530.98,1
2021-10-28,2021-10-28 15:00:00,462.0,468.0,436.1,462.0,0.0,5104.4,2325530.98,0
2021-10-31,2021-10-31 11:00:00,470.0,480.0,460.5,474.0,0.85,11359.0,5471585.32,1
2021-10-31,2021-10-31 12:00:00,474.0,478.0,474.0,478.0,0.84,11359.0,5471585.32,1
2021-10-31,2021-10-31 13:00:00,478.0,482.0,478.0,482.0,0.84,11359.0,5471585.32,1
2021-10-31,2021-10-31 14:00:00,482.0,486.0,482.0,486.0,0.83,11359.0,5471585.32,1
2021-10-31,2021-10-31 15:00:00,486.0,490.0,451.0,486.0,0.0,11359.0,5471585.32,0
2021-11-01,2021-11-01 11:00:00,486.0,490.5,474.0,480.75,-1.08,7645.0,3650737.68,-1
2021-11-01,2021-11-01 12:00:00,480.75,480.75,475.5,475.5,-1.09,7645.0,3650737.68,-1
2021-11-01,2021-11-01 13:00:00,475.5,475.5,470.25,470.25,-1.1,7645.0,3650737.68,-1
2021-11-01,2021-11-01 14:00:00,470.25,470.25,465.0,465.0,-1.12,7645.0,3650737.68,-1
2021-11-01,2021-11-01 15:00:00,465.0,495.0,462.0,465.0,0.0,7645.0,3650737.68,0
2021-11-02,2021-11-02 11:00:00,474.0,492.7,460.3,480.5,1.37,6405.0,3096000.1,1
2021-11-02,2021-11-02 12:00:00,480.5,487.0,480.5,487.0,1.35,6405.0,3096000.1,1
2021-11-02,2021-11-02 13:00:00,487.0,493.5,487.0,493.5,1.33,6405.0,3096000.1,1
2021-11-02,2021-11-02 14:00:00,493.5,500.0,493.5,500.0,1.32,6405.0,3096000.1,1
2021-11-02,2021-11-02 15:00:00,500.0,511.4,446.6,500.0,0.0,6405.0,3096000.1,0
2021-11-03,2021-11-03 11:00:00,510.0,510.0,500.0,506.75,-0.64,3561.0,1771795.32,-1
2021-11-03,2021-11-03 12:00:00,506.75,506.75,503.5,503.5,-0.64,3561.0,1771795.32,-1
2021-11-03,2021-11-03 13:00:00,503.5,503.5,500.25,500.25,-0.65,3561.0,1771795.32,-1
2021-11-03,2021-11-03 14:00:00,500.25,500.25,497.0,497.0,-0.65,3561.0,1771795.32,-1
2021-11-03,2021-11-03 15:00:00,497.0,510.0,490.0,497.0,0.0,3561.0,1771795.32,0
2021-11-08,2021-11-08 11:00:00,487.1,510.85,485.65,489.33,0.46,8169.8,4058004.96,1
2021-11-08,2021-11-08 12:00:00,489.33,491.55,489.33,491.55,0.45,8169.8,4058004.96,1
2021-11-08,2021-11-08 13:00:00,491.55,493.77,491.55,493.77,0.45,8169.8,4058004.96,1
2021-11-08,2021-11-08 14:00:00,493.77,496.0,493.77,496.0,0.45,8169.8,4058004.96,1
2021-11-08,2021-11-08 15:00:00,496.0,534.6,484.2,496.0,0.0,8169.8,4058004.96,0
2021-11-09,2021-11-09 11:00:00,486.1,487.05,473.55,481.58,-0.93,4049.8,1906405.18,-1
2021-11-09,2021-11-09 12:00:00,481.58,481.58,477.05,477.05,-0.94,4049.8,1906405.18,-1
2021-11-09,2021-11-09 13:00:00,477.05,477.05,472.52,472.52,-0.95,4049.8,1906405.18,-1
2021-11-09,2021-11-09 14:00:00,472.52,472.52,468.0,468.0,-0.96,4049.8,1906405.18,-1
2021-11-09,2021-11-09 15:00:00,468.0,488.0,461.0,468.0,0.0,4049.8,1906405.18,0
2021-11-11,2021-11-11 11:00:00,458.7,462.85,450.4,455.3,-0.74,2995.8,1356255.3,-1
2021-11-11,2021-11-11 12:00:00,455.3,455.3,451.9,451.9,-0.75,2995.8,1356255.3,-1
2021-11-11,2021-11-11 13:00:00,451.9,451.9,448.5,448.5,-0.75,2995.8,1356255.3,-1
2021-11-11,2021-11-11 14:00:00,448.5,448.5,445.1,445.1,-0.76,2995.8,1356255.3,-1
2021-11-11,2021-11-11 15:00:00,445.1,467.0,442.1,445.1,0.0,2995.8,1356255.3,0
2021-11-14,2021-11-14 11:00:00,445.1,461.05,441.05,447.55,0.55,5271.8,2381994.9,1
2021-11-14,2021-11-14 12:00:00,447.55,450.0,447.55,450.0,0.55,5271.8,2381994.9,1
2021-11-14,2021-11-14 13:00:00,450.0,452.45,450.0,452.45,0.54,5271.8,2381994.9,1
2021-11-14,2021-11-14 14:00:00,452.45,454.9,452.45,454.9,0.54,5271.8,2381994.9,1
2021-11-14,2021-11-14 15:00:00,454.9,477.0,437.0,454.9,0.0,5271.8,2381994.9,0
2021-11-15,2021-11-15 11:00:00,463.9,469.45,458.95,462.65,-0.27,4488.8,2071739.04,-1
2021-11-15,2021-11-15 12:00:00,462.65,462.65,461.4,461.4,-0.27,4488.8,2071739.04,-1
2021-11-15,2021-11-15 13:00:00,461.4,461.4,460.15,460.15,-0.27,4488.8,2071739.04,-1
2021-11-15,2021-11-15 14:00:00,460.15,460.15,458.9,458.9,-0.27,4488.8,2071739.04,-1
2021-11-15,2021-11-15 15:00:00,458.9,475.0,454.0,458.9,0.0,4488.8,2071739.04,0
2021-11-16,2021-11-16 11:00:00,468.0,480.0,465.65,472.75,1.01,4077.6,1947737.1,1
2021-11-16,2021-11-16 12:00:00,472.75,477.5,472.75,477.5,1.0,4077.6,1947737.1,1
2021-11-16,2021-11-16 13:00:00,477.5,482.25,477.5,482.25,0.99,4077.6,1947737.1,1
2021-11-16,2021-11-16 14:00:00,482.25,487.0,482.25,487.0,0.98,4077.6,1947737.1,1
2021-11-16,2021-11-16 15:00:00,487.0,492.0,463.3,487.0,0.0,4077.6,1947737.1,0
2021-11-17,2021-11-17 11:00:00,496.7,511.35,496.7,497.52,0.17,8706.8,4425035.08,1
2021-11-17,2021-11-17 12:00:00,497.52,498.35,497.52,498.35,0.17,8706.8,4425035.08,1
2021-11-17,2021-11-17 13:00:00,498.35,499.18,498.35,499.18,0.17,8706.8,4425035.08,1
2021-11-17,2021-11-17 14:00:00,499.18,500.0,499.18,500.0,0.16,8706.8,4425035.08,1
2021-11-17,2021-11-17 15:00:00,500.0,526.0,496.7,500.0,0.0,8706.8,4425035.08,0
2021-11-18,2021-11-18 11:00:00,510.0,510.0,493.5,502.48,-1.47,5750.2,2826279.3,-1
2021-11-18,2021-11-18 12:00:00,502.48,502.48,494.95,494.95,-1.5,5750.2,2826279.3,-1
2021-11-18,2021-11-18 13:00:00,494.95,494.95,487.42,487.42,-1.52,5750.2,2826279.3,-1
2021-11-18,2021-11-18 14:00:00,487.42,487.42,479.9,479.9,-1.54,5750.2,2826279.3,-1
2021-11-18,2021-11-18 15:00:00,479.9,510.0,477.0,479.9,0.0,5750.2,2826279.3,0
2021-11-21,2021-11-21 11:00:00,485.0,492.4,482.5,486.25,0.26,3580.6,1752453.64,1
2021-11-21,2021-11-21 12:00:00,486.25,487.5,486.25,487.5,0.26,3580.6,1752453.64,1
2021-11-21,2021-11-21 13:00:00,487.5,488.75,487.5,488.75,0.26,3580.6,1752453.64,1
2021-11-21,2021-11-21 14:00:00,488.75,490.0,488.75,490.0,0.26,3580.6,1752453.64,1
2021-11-21,2021-11-21 15:00:00,490.0,499.8,480.0,490.0,0.0,3580.6,1752453.64,0
2021-11-22,2021-11-22 11:00:00,499.0,501.75,492.05,495.55,-0.69,4294.8,2120819.76,-1
2021-11-22,2021-11-22 12:00:00,495.55,495.55,492.1,492.1,-0.7,4294.8,2120819.76,-1
2021-11-22,2021-11-22 13:00:00,492.1,492.1,488.65,488.65,-0.7,4294.8,2120819.76,-1
2021-11-22,2021-11-22 14:00:00,488.65,488.65,485.2,485.2,-0.71,4294.8,2120819.76,-1
2021-11-22,2021-11-22 15:00:00,485.2,504.5,485.1,485.2,0.0,4294.8,2120819.76,0
2021-11-23,2021-11-23 11:00:00,479.0,482.0,470.5,477.12,-0.39,3794.4,1780128.84,-1
2021-11-23,2021-11-23 12:00:00,477.12,477.12,475.25,475.25,-0.39,3794.4,1780128.84,-1
2021-11-23,2021-11-23 13:00:00,475.25,475.25,473.38,473.38,-0.39,3794.4,1780128.84,-1
2021-11-23,2021-11-23 14:00:00,473.38,473.38,471.5,471.5,-0.4,3794.4,1780128.84,-1
2021-11-23,2021-11-23 15:00:00,471.5,485.0,462.0,471.5,0.0,3794.4,1780128.84,0
2021-11-24,2021-11-24 11:00:00,463.0,481.4,457.0,467.25,0.92,6324.4,2990201.6,1
2021-11-24,2021-11-24 12:00:00,467.25,471.5,467.25,471.5,0.91,6324.4,2990201.6,1
2021-11-24,2021-11-24 13:00:00,471.5,475.75,471.5,475.75,0.9,6324.4,2990201.6,1
2021-11-24,2021-11-24 14:00:00,475.75,480.0,475.75,480.0,0.89,6324.4,2990201.6,1
2021-11-24,2021-11-24 15:00:00,480.0,499.8,451.0,480.0,0.0,6324.4,2990201.6,0
2021-11-25,2021-11-25 11:00:00,480.0,490.0,480.0,481.5,0.31,4077.4,2006656.28,1
2021-11-25,2021-11-25 12:00:00,481.5,483.0,481.5,483.0,0.31,4077.4,2006656.28,1
2021-11-25,2021-11-25 13:00:00,483.0,484.5,483.0,484.5,0.31,4077.4,2006656.28,1
2021-11-25,2021-11-25 14:00:00,484.5,486.0,484.5,486.0,0.31,4077.4,2006656.28,1
2021-11-25,2021-11-25 15:00:00,486.0,500.0,480.0,486.0,0.0,4077.4,2006656.28,0
2021-11-28,2021-11-28 11:00:00,476.3,478.15,459.15,471.98,-0.91,14820.4,6796697.4,-1
2021-11-28,2021-11-28 12:00:00,471.98,471.98,467.65,467.65,-0.92,14820.4,6796697.4,-1
2021-11-28,2021-11-28 13:00:00,467.65,467.65,463.32,463.32,-0.93,14820.4,6796697.4,-1
2021-11-28,2021-11-28 14:00:00,463.32,463.32,459.0,459.0,-0.93,14820.4,6796697.4,-1
2021-11-28,2021-11-28 15:00:00,459.0,480.0,442.0,459.0,0.0,14820.4,6796697.4,0
2021-11-29,2021-11-29 11:00:00,460.0,470.0,455.55,459.5,-0.11,3044.6,1420594.9,-1
2021-11-29,2021-11-29 12:00:00,459.5,459.5,459.0,459.0,-0.11,3044.6,1420594.9,-1
2021-11-29,2021-11-29 13:00:00,459.0,459.0,458.5,458.5,-0.11,3044.6,1420594.9,-1
2021-11-29,2021-11-29 14:00:00,458.5,458.5,458.0,458.0,-0.11,3044.6,1420594.9,-1
2021-11-29,2021-11-29 15:00:00,458.0,480.0,451.1,458.0,0.0,3044.6,1420594.9,0
2021-11-30,2021-11-30 11:00:00,467.0,468.5,458.5,466.52,-0.1,2507.8,1146631.58,-1
2021-11-30,2021-11-30 12:00:00,466.52,466.52,466.05,466.05,-0.1,2507.8,1146631.58,-1
2021-11-30,2021-11-30 13:00:00,466.05,466.05,465.58,465.58,-0.1,2507.8,1146631.58,-1
2021-11-30,2021-11-30 14:00:00,465.58,465.58,465.1,465.1,-0.1,2507.8,1146631.58,-1
2021-11-30,2021-11-30 15:00:00,465.1,470.0,450.0,465.1,0.0,2507.8,1146631.58,0
2021-12-01,2021-12-01 11:00:00,467.0,478.0,467.0,471.0,0.86,9884.0,4760859.02,1
2021-12-01,2021-12-01 12:00:00,471.0,475.0,471.0,475.0,0.85,9884.0,4760859.02,1
2021-12-01,2021-12-01 13:00:00,475.0,479.0,475.0,479.0,0.84,9884.0,4760859.02,1
2021-12-01,2021-12-01 14:00:00,479.0,483.0,479.0,483.0,0.84,9884.0,4760859.02,1
2021-12-01,2021-12-01 15:00:00,483.0,489.0,467.0,483.0,0.0,9884.0,4760859.02,0
2021-12-02,2021-12-02 11:00:00,475.0,481.0,468.0,472.75,-0.47,4747.0,2229467.18,-1
2021-12-02,2021-12-02 12:00:00,472.75,472.75,470.5,470.5,-0.48,4747.0,2229467.18,-1
2021-12-02,2021-12-02 13:00:00,470.5,470.5,468.25,468.25,-0.48,4747.0,2229467.18,-1
2021-12-02,2021-12-02 14:00:00,468.25,468.25,466.0,466.0,-0.48,4747.0,2229467.18,-1
2021-12-02,2021-12-02 15:00:00,466.0,487.0,461.0,466.0,0.0,4747.0,2229467.18,0
2021-12-05,2021-12-05 11:00:00,457.1,461.05,448.55,453.08,-0.88,6316.2,2810355.18,-1
2021-12-05,2021-12-05 12:00:00,453.08,453.08,449.05,449.05,-0.89,6316.2,2810355.18,-1
2021-12-05,2021-12-05 13:00:00,449.05,449.05,445.02,445.02,-0.9,6316.2,2810355.18,-1
2021-12-05,2021-12-05 14:00:00,445.02,445.02,441.0,441.0,-0.9,6316.2,2810355.18,-1
2021-12-05,2021-12-05 15:00:00,441.0,465.0,440.0,441.0,0.0,6316.2,2810355.18,0
2021-12-06,2021-12-06 11:00:00,433.0,449.5,426.5,438.5,1.27,4017.6,1769153.88,1
2021-12-06,2021-12-06 12:00:00,438.5,444.0,438.5,444.0,1.25,4017.6,1769153.88,1
2021-12-06,2021-12-06 13:00:00,444.0,449.5,444.0,449.5,1.24,4017.6,1769153.88,1
2021-12-06,2021-12-06 14:00:00,449.5,455.0,449.5,455.0,1.22,4017.6,1769153.88,1
2021-12-06,2021-12-06 15:00:00,455.0,466.0,420.0,455.0,0.0,4017.6,1769153.88,0
2021-12-07,2021-12-07 11:00:00,464.1,466.0,450.05,457.08,-1.51,2594.4,1160039.2,-1
2021-12-07,2021-12-07 12:00:00,457.08,457.08,450.05,450.05,-1.54,2594.4,1160039.2,-1
2021-12-07,2021-12-07 13:00:00,450.05,450.05,443.02,443.02,-1.56,2594.4,1160039.2,-1
2021-12-07,2021-12-07 14:00:00,443.02,443.02,436.0,436.0,-1.58,2594.4,1160039.2,-1
2021-12-07,2021-12-07 15:00:00,436.0,467.9,436.0,436.0,0.0,2594.4,1160039.2,0
2021-12-08,2021-12-08 11:00:00,431.0,437.75,421.3,427.0,-0.93,3751.4,1580189.86,-1
2021-12-08,2021-12-08 12:00:00,427.0,427.0,423.0,423.0,-0.94,3751.4,1580189.86,-1
2021-12-08,2021-12-08 13:00:00,423.0,423.0,419.0,419.0,-0.95,3751.4,1580189.86,-1
2021-12-08,2021-12-08 14:00:00,419.0,419.0,415.0,415.0,-0.95,3751.4,1580189.86,-1
2021-12-08,2021-12-08 15:00:00,415.0,444.5,411.6,415.0,0.0,3751.4,1580189.86,0
2021-12-09,2021-12-09 11:00:00,410.0,424.0,407.0,411.62,0.4,1830.4,762639.24,1
2021-12-09,2021-12-09 12:00:00,411.62,413.25,411.62,413.25,0.4,1830.4,762639.24,1
2021-12-09,2021-12-09 13:00:00,413.25,414.88,413.25,414.88,0.39,1830.4,762639.24,1
2021-12-09,2021-12-09 14:00:00,414.88,416.5,414.88,416.5,0.39,1830.4,762639.24,1
2021-12-09,2021-12-09 15:00:00,416.5,438.0,404.0,416.5,0.0,1830.4,762639.24,0
2021-12-12,2021-12-12 11:00:00,415.0,415.0,398.15,409.75,-1.27,3322.8,1313285.8,-1
2021-12-12,2021-12-12 12:00:00,409.75,409.75,404.5,404.5,-1.28,3322.8,1313285.8,-1
2021-12-12,2021-12-12 13:00:00,404.5,404.5,399.25,399.25,-1.3,3322.8,1313285.8,-1
2021-12-12,2021-12-12 14:00:00,399.25,399.25,394.0,394.0,-1.31,3322.8,1313285.8,-1
2021-12-12,2021-12-12 15:00:00,394.0,415.0,381.3,394.0,0.0,3322.8,1313285.8,0
2021-12-13,2021-12-13 11:00:00,386.2,390.6,375.1,381.4,-1.24,2615.6,972711.5,-1
2021-12-13,2021-12-13 12:00:00,381.4,381.4,376.6,376.6,-1.26,2615.6,972711.5,-1
2021-12-13,2021-12-13 13:00:00,376.6,376.6,371.8,371.8,-1.27,2615.6,972711.5,-1
2021-12-13,2021-12-13 14:00:00,371.8,371.8,367.0,367.0,-1.29,2615.6,972711.5,-1
2021-12-13,2021-12-13 15:00:00,367.0,395.0,364.0,367.0,0.0,2615.6,972711.5,0
2021-12-14,2021-12-14 11:00:00,374.0,388.85,371.0,381.43,1.99,1899.0,739664.7,1
2021-12-14,2021-12-14 12:00:00,381.43,388.85,381.43,388.85,1.95,1899.0,739664.7,1
2021-12-14,2021-12-14 13:00:00,388.85,396.27,388.85,396.27,1.91,1899.0,739664.7,1
2021-12-14,2021-12-14 14:00:00,396.27,403.7,396.27,403.7,1.87,1899.0,739664.7,1
2021-12-14,2021-12-14 15:00:00,403.7,403.7,368.0,403.7,0.0,1899.0,739664.7,0
2021-12-15,2021-12-15 11:00:00,411.7,425.15,401.35,411.27,-0.1,3389.0,1420347.68,-1
2021-12-15,2021-12-15 12:00:00,411.27,411.27,410.85,410.85,-0.1,3389.0,1420347.68,-1
2021-12-15,2021-12-15 13:00:00,410.85,410.85,410.43,410.43,-0.1,3389.0,1420347.68,-1
2021-12-15,2021-12-15 14:00:00,410.43,410.43,410.0,410.0,-0.1,3389.0,1420347.68,-1
2021-12-15,2021-12-15 15:00:00,410.0,438.6,391.0,410.0,0.0,3389.0,1420347.68,0
2021-12-16,2021-12-16 11:00:00,402.1,406.05,393.55,397.83,-1.06,2556.8,1008815.8,-1
2021-12-16,2021-12-16 12:00:00,397.83,397.83,393.55,393.55,-1.08,2556.8,1008815.8,-1
2021-12-16,2021-12-16 13:00:00,393.55,393.55,389.27,389.27,-1.09,2556.8,1008815.8,-1
2021-12-16,2021-12-16 14:00:00,389.27,389.27,385.0,385.0,-1.1,2556.8,1008815.8,-1
2021-12-16,2021-12-16 15:00:00,385.0,410.0,385.0,385.0,0.0,2556.8,1008815.8,0
2021-12-20,2021-12-20 11:00:00,378.0,382.5,375.75,377.5,-0.13,1991.0,759159.4,-1
2021-12-20,2021-12-20 12:00:00,377.5,377.5,377.0,377.0,-0.13,1991.0,759159.4,-1
2021-12-20,2021-12-20 13:00:00,377.0,377.0,376.5,376.5,-0.13,1991.0,759159.4,-1
2021-12-20,2021-12-20 14:00:00,376.5,376.5,376.0,376.0,-0.13,1991.0,759159.4,-1
2021-12-20,2021-12-20 15:00:00,376.0,387.0,373.5,376.0,0.0,1991.0,759159.4,0
2021-12-21,2021-12-21 11:00:00,383.5,393.25,380.8,387.38,1.01,2189.2,859057.72,1
2021-12-21,2021-12-21 12:00:00,387.38,391.25,387.38,391.25,1.0,2189.2,859057.72,1
2021-12-21,2021-12-21 13:00:00,391.25,395.12,391.25,395.12,0.99,2189.2,859057.72,1
2021-12-21,2021-12-21 14:00:00,395.12,399.0,395.12,399.0,0.98,2189.2,859057.72,1
2021-12-21,2021-12-21 15:00:00,399.0,403.0,378.1,399.0,0.0,2189.2,859057.72,0
2021-12-22,2021-12-22 11:00:00,406.0,414.7,406.0,409.5,0.86,2973.6,1242505.88,1
2021-12-22,2021-12-22 12:00:00,409.5,413.0,409.5,413.0,0.85,2973.6,1242505.88,1
2021-12-22,2021-12-22 13:00:00,413.0,416.5,413.0,416.5,0.85,2973.6,1242505.88,1
2021-12-22,2021-12-22 14:00:00,416.5,420.0,416.5,420.0,0.84,2973.6,1242505.88,1
2021-12-22,2021-12-22 15:00:00,420.0,423.4,406.0,420.0,0.0,2973.6,1242505.88,0
2021-12-23,2021-12-23 11:00:00,427.8,430.05,420.9,427.35,-0.11,4856.6,2065554.08,-1
2021-12-23,2021-12-23 12:00:00,427.35,427.35,426.9,426.9,-0.11,4856.6,2065554.08,-1
2021-12-23,2021-12-23 13:00:00,426.9,426.9,426.45,426.45,-0.11,4856.6,2065554.08,-1
2021-12-23,2021-12-23 14:00:00,426.45,426.45,426.0,426.0,-0.11,4856.6,2065554.08,-1
2021-12-23,2021-12-23 15:00:00,426.0,432.3,414.0,426.0,0.0,4856.6,2065554.08,0
2021-12-26,2021-12-26 11:00:00,427.0,430.0,420.5,425.75,-0.29,2453.6,1043357.9,-1
2021-12-26,2021-12-26 12:00:00,425.75,425.75,424.5,424.5,-0.29,2453.6,1043357.9,-1
2021-12-26,2021-12-26 13:00:00,424.5,424.5,423.25,423.25,-0.29,2453.6,1043357.9,-1
2021-12-26,2021-12-26 14:00:00,423.25,423.25,422.0,422.0,-0.3,2453.6,1043357.9,-1
2021-12-26,2021-12-26 15:00:00,422.0,433.0,414.0,422.0,0.0,2453.6,1043357.9,0
2021-12-27,2021-12-27 11:00:00,420.0,421.5,408.85,414.5,-1.31,5441.2,2203323.54,-1
2021-12-27,2021-12-27 12:00:00,414.5,414.5,409.0,409.0,-1.33,5441.2,2203323.54,-1
2021-12-27,2021-12-27 13:00:00,409.0,409.0,403.5,403.5,-1.34,5441.2,2203323.54,-1
2021-12-27,2021-12-27 14:00:00,403.5,403.5,398.0,398.0,-1.36,5441.2,2203323.54,-1
2021-12-27,2021-12-27 15:00:00,398.0,423.0,397.7,398.0,0.0,5441.2,2203323.54,0
2021-12-28,2021-12-28 11:00:00,400.0,405.0,395.05,401.5,0.38,3583.8,1436856.7,1
2021-12-28,2021-12-28 12:00:00,401.5,403.0,401.5,403.0,0.37,3583.8,1436856.7,1
2021-12-28,2021-12-28 13:00:00,403.0,404.5,403.0,404.5,0.37,3583.8,1436856.7,1
2021-12-28,2021-12-28 14:00:00,404.5,406.0,404.5,406.0,0.37,3583.8,1436856.7,1
2021-12-28,2021-12-28 15:00:00,406.0,410.0,390.1,406.0,0.0,3583.8,1436856.7,0
2021-12-29,2021-12-29 11:00:00,397.9,404.95,397.9,398.67,0.19,1436.2,579085.8,1
2021-12-29,2021-12-29 12:00:00,398.67,399.45,398.67,399.45,0.2,1436.2,579085.8,1
2021-12-29,2021-12-29 13:00:00,399.45,400.23,399.45,400.23,0.2,1436.2,579085.8,1
2021-12-29,2021-12-29 14:00:00,400.23,401.0,400.23,401.0,0.19,1436.2,579085.8,1
2021-12-29,2021-12-29 15:00:00,401.0,412.0,397.9,401.0,0.0,1436.2,579085.8,0
2022-01-02,2022-01-02 11:00:00,407.0,413.5,404.05,407.0,0.0,1343.2,550358.8,0
2022-01-02,2022-01-02 12:00:00,407.0,407.0,407.0,407.0,0.0,1343.2,550358.8,0
2022-01-02,2022-01-02 13:00:00,407.0,407.0,407.0,407.0,0.0,1343.2,550358.8,0
2022-01-02,2022-01-02 14:00:00,407.0,407.0,407.0,407.0,0.0,1343.2,550358.8,0
2022-01-02,2022-01-02 15:00:00,407.0,420.0,401.1,407.0,0.0,1343.2,550358.8,0
2022-01-03,2022-01-03 11:00:00,414.9,419.95,410.95,413.42,-0.36,1495.6,623511.52,-1
2022-01-03,2022-01-03 12:00:00,413.42,413.42,411.95,411.95,-0.36,1495.6,623511.52,-1
2022-01-03,2022-01-03 13:00:00,411.95,411.95,410.48,410.48,-0.36,1495.6,623511.52,-1
2022-01-03,2022-01-03 14:00:00,410.48,410.48,409.0,409.0,-0.36,1495.6,623511.52,-1
2022-01-03,2022-01-03 15:00:00,409.0,425.0,407.0,409.0,0.0,1495.6,623511.52,0
2022-01-04,2022-01-04 11:00:00,410.0,415.0,410.0,411.75,0.43,1260.4,524357.68,1
2022-01-04,2022-01-04 12:00:00,411.75,413.5,411.75,413.5,0.43,1260.4,524357.68,1
2022-01-04,2022-01-04 13:00:00,413.5,415.25,413.5,415.25,0.42,1260.4,524357.68,1
2022-01-04,2022-01-04 14:00:00,415.25,417.0,415.25,417.0,0.42,1260.4,524357.68,1
2022-01-04,2022-01-04 15:00:00,417.0,420.0,410.0,417.0,0.0,1260.4,524357.68,0
2022-01-05,2022-01-05 11:00:00,409.0,424.0,409.0,412.55,0.87,6747.8,2884695.04,1
2022-01-05,2022-01-05 12:00:00,412.55,416.1,412.55,416.1,0.86,6747.8,2884695.04,1
2022-01-05,2022-01-05 13:00:00,416.1,419.65,416.1,419.65,0.85,6747.8,2884695.04,1
2022-01-05,2022-01-05 14:00:00,419.65,423.2,419.65,423.2,0.85,6747.8,2884695.04,1
2022-01-05,2022-01-05 15:00:00,423.2,439.0,409.0,423.2,0.0,6747.8,2884695.04,0
2022-01-06,2022-01-06 11:00:00,414.9,424.45,414.9,418.67,0.91,859.8,366962.9,1
2022-01-06,2022-01-06 12:00:00,418.67,422.45,418.67,422.45,0.9,859.8,366962.9,1
2022-01-06,2022-01-06 13:00:00,422.45,426.23,422.45,426.23,0.89,859.8,366962.9,1
2022-01-06,2022-01-06 14:00:00,426.23,430.0,426.23,430.0,0.88,859.8,366962.9,1
2022-01-06,2022-01-06 15:00:00,430.0,434.0,414.9,430.0,0.0,859.8,366962.9,0
2022-01-09,2022-01-09 11:00:00,438.0,452.5,438.0,445.25,1.66,8397.0,3810043.96,1
2022-01-09,2022-01-09 12:00:00,445.25,452.5,445.25,452.5,1.63,8397.0,3810043.96,1
2022-01-09,2022-01-09 13:00:00,452.5,459.75,452.5,459.75,1.6,8397.0,3810043.96,1
2022-01-09,2022-01-09 14:00:00,459.75,467.0,459.75,467.0,1.58,8397.0,3810043.96,1
2022-01-09,2022-01-09 15:00:00,467.0,467.0,438.0,467.0,0.0,8397.0,3810043.96,0
2022-01-10,2022-01-10 11:00:00,475.0,479.5,465.0,472.5,-0.53,5498.4,2577130.92,-1
2022-01-10,2022-01-10 12:00:00,472.5,472.5,470.0,470.0,-0.53,5498.4,2577130.92,-1
2022-01-10,2022-01-10 13:00:00,470.0,470.0,467.5,467.5,-0.53,5498.4,2577130.92,-1
2022-01-10,2022-01-10 14:00:00,467.5,467.5,465.0,465.0,-0.53,5498.4,2577130.92,-1
2022-01-10,2022-01-10 15:00:00,465.0,484.0,455.0,465.0,0.0,5498.4,2577130.92,0
2022-01-11,2022-01-11 11:00:00,465.0,473.5,462.5,469.25,0.91,7805.0,3709821.54,1
2022-01-11,2022-01-11 12:00:00,469.25,473.5,469.25,473.5,0.91,7805.0,3709821.54,1
2022-01-11,2022-01-11 13:00:00,473.5,477.75,473.5,477.75,0.9,7805.0,3709821.54,1
2022-01-11,2022-01-11 14:00:00,477.75,482.0,477.75,482.0,0.89,7805.0,3709821.54,1
2022-01-11,2022-01-11 15:00:00,482.0,482.0,460.0,482.0,0.0,7805.0,3709821.54,0
2022-01-12,2022-01-12 11:00:00,474.0,483.95,468.75,471.75,-0.47,9779.4,4687000.72,-1
2022-01-12,2022-01-12 12:00:00,471.75,471.75,469.5,469.5,-0.48,9779.4,4687000.72,-1
2022-01-12,2022-01-12 13:00:00,469.5,469.5,467.25,467.25,-0.48,9779.4,4687000.72,-1
2022-01-12,2022-01-12 14:00:00,467.25,467.25,465.0,465.0,-0.48,9779.4,4687000.72,-1
2022-01-12,2022-01-12 15:00:00,465.0,493.9,463.5,465.0,0.0,9779.4,4687000.72,0
2022-01-13,2022-01-13 11:00:00,474.3,491.6,468.15,482.95,1.82,6355.2,3056895.46,1
2022-01-13,2022-01-13 12:00:00,482.95,491.6,482.95,491.6,1.79,6355.2,3056895.46,1
2022-01-13,2022-01-13 13:00:00,491.6,500.25,491.6,500.25,1.76,6355.2,3056895.46,1
2022-01-13,2022-01-13 14:00:00,500.25,508.9,500.25,508.9,1.73,6355.2,3056895.46,1
2022-01-13,2022-01-13 15:00:00,508.9,508.9,462.0,508.9,0.0,6355.2,3056895.46,0
2022-01-16,2022-01-16 11:00:00,519.0,524.0,509.5,516.25,-0.53,11091.0,5687912.5,-1
2022-01-16,2022-01-16 12:00:00,516.25,516.25,513.5,513.5,-0.53,11091.0,5687912.5,-1
2022-01-16,2022-01-16 13:00:00,513.5,513.5,510.75,510.75,-0.54,11091.0,5687912.5,-1
2022-01-16,2022-01-16 14:00:00,510.75,510.75,508.0,508.0,-0.54,11091.0,5687912.5,-1
2022-01-16,2022-01-16 15:00:00,508.0,529.0,500.0,508.0,0.0,11091.0,5687912.5,0
2022-01-17,2022-01-17 11:00:00,498.1,514.7,495.6,506.08,1.6,15272.4,7771910.26,1
2022-01-17,2022-01-17 12:00:00,506.08,514.05,506.08,514.05,1.57,15272.4,7771910.26,1
2022-01-17,2022-01-17 13:00:00,514.05,522.02,514.05,522.02,1.55,15272.4,7771910.26,1
2022-01-17,2022-01-17 14:00:00,522.02,530.0,522.02,530.0,1.53,15272.4,7771910.26,1
2022-01-17,2022-01-17 15:00:00,530.0,531.3,493.1,530.0,0.0,15272.4,7771910.26,0
2022-01-18,2022-01-18 11:00:00,530.1,540.7,520.55,530.08,-0.0,12375.2,6677103.14,-1
2022-01-18,2022-01-18 12:00:00,530.08,530.08,530.05,530.05,-0.01,12375.2,6677103.14,-1
2022-01-18,2022-01-18 13:00:00,530.05,530.05,530.02,530.02,-0.01,12375.2,6677103.14,-1
2022-01-18,2022-01-18 14:00:00,530.02,530.02,530.0,530.0,-0.0,12375.2,6677103.14,-1
2022-01-18,2022-01-18 15:00:00,530.0,551.3,511.0,530.0,0.0,12375.2,6677103.14,0
2022-01-19,2022-01-19 11:00:00,540.0,540.0,528.5,536.5,-0.65,5181.6,2722047.72,-1
2022-01-19,2022-01-19 12:00:00,536.5,536.5,533.0,533.0,-0.65,5181.6,2722047.72,-1
2022-01-19,2022-01-19 13:00:00,533.0,533.0,529.5,529.5,-0.66,5181.6,2722047.72,-1
2022-01-19,2022-01-19 14:00:00,529.5,529.5,526.0,526.0,-0.66,5181.6,2722047.72,-1
2022-01-19,2022-01-19 15:00:00,526.0,540.0,517.0,526.0,0.0,5181.6,2722047.72,0
2022-01-20,2022-01-20 11:00:00,536.5,540.75,530.75,537.38,0.16,9107.4,4875130.08,1
2022-01-20,2022-01-20 12:00:00,537.38,538.25,537.38,538.25,0.16,9107.4,4875130.08,1
2022-01-20,2022-01-20 13:00:00,538.25,539.12,538.25,539.12,0.16,9107.4,4875130.08,1
2022-01-20,2022-01-20 14:00:00,539.12,540.0,539.12,540.0,0.16,9107.4,4875130.08,1
2022-01-20,2022-01-20 15:00:00,540.0,545.0,525.0,540.0,0.0,9107.4,4875130.08,0
2022-01-23,2022-01-23 11:00:00,549.0,549.0,537.0,543.12,-1.07,2672.6,1430101.46,-1
2022-01-23,2022-01-23 12:00:00,543.12,543.12,537.25,537.25,-1.08,2672.6,1430101.46,-1
2022-01-23,2022-01-23 13:00:00,537.25,537.25,531.38,531.38,-1.09,2672.6,1430101.46,-1
2022-01-23,2022-01-23 14:00:00,531.38,531.38,525.5,525.5,-1.11,2672.6,1430101.46,-1
2022-01-23,2022-01-23 15:00:00,525.5,549.0,525.0,525.5,0.0,2672.6,1430101.46,0
2022-01-24,2022-01-24 11:00:00,526.0,526.0,504.0,515.75,-1.95,11838.4,5893444.68,-1
2022-01-24,2022-01-24 12:00:00,515.75,515.75,505.5,505.5,-1.99,11838.4,5893444.68,-1
2022-01-24,2022-01-24 13:00:00,505.5,505.5,495.25,495.25,-2.03,11838.4,5893444.68,-1
2022-01-24,2022-01-24 14:00:00,495.25,495.25,485.0,485.0,-2.07,11838.4,5893444.68,-1
2022-01-24,2022-01-24 15:00:00,485.0,526.0,482.0,485.0,0.0,11838.4,5893444.68,0
2022-01-25,2022-01-25 11:00:00,478.0,495.0,477.55,481.75,0.78,8143.4,4056236.42,1
2022-01-25,2022-01-25 12:00:00,481.75,485.5,481.75,485.5,0.78,8143.4,4056236.42,1
2022-01-25,2022-01-25 13:00:00,485.5,489.25,485.5,489.25,0.77,8143.4,4056236.42,1
2022-01-25,2022-01-25 14:00:00,489.25,493.0,489.25,493.0,0.77,8143.4,4056236.42,1
2022-01-25,2022-01-25 15:00:00,493.0,512.0,477.1,493.0,0.0,8143.4,4056236.42,0
2022-01-26,2022-01-26 11:00:00,502.8,502.8,488.45,499.1,-0.74,4109.4,1992150.7,-1
2022-01-26,2022-01-26 12:00:00,499.1,499.1,495.4,495.4,-0.74,4109.4,1992150.7,-1
2022-01-26,2022-01-26 13:00:00,495.4,495.4,491.7,491.7,-0.75,4109.4,1992150.7,-1
2022-01-26,2022-01-26 14:00:00,491.7,491.7,488.0,488.0,-0.75,4109.4,1992150.7,-1
2022-01-26,2022-01-26 15:00:00,488.0,502.8,474.1,488.0,0.0,4109.4,1992150.7,0
2022-01-27,2022-01-27 11:00:00,496.0,500.0,492.0,496.25,0.05,4199.6,2090038.44,1
2022-01-27,2022-01-27 12:00:00,496.25,496.5,496.25,496.5,0.05,4199.6,2090038.44,1
2022-01-27,2022-01-27 13:00:00,496.5,496.75,496.5,496.75,0.05,4199.6,2090038.44,1
2022-01-27,2022-01-27 14:00:00,496.75,497.0,496.75,497.0,0.05,4199.6,2090038.44,1
2022-01-27,2022-01-27 15:00:00,497.0,504.0,488.0,497.0,0.0,4199.6,2090038.44,0
2022-01-30,2022-01-30 11:00:00,506.9,516.95,506.9,511.17,0.84,6949.8,3590792.48,1
2022-01-30,2022-01-30 12:00:00,511.17,515.45,511.17,515.45,0.84,6949.8,3590792.48,1
2022-01-30,2022-01-30 13:00:00,515.45,519.73,515.45,519.73,0.83,6949.8,3590792.48,1
2022-01-30,2022-01-30 14:00:00,519.73,524.0,519.73,524.0,0.82,6949.8,3590792.48,1
2022-01-30,2022-01-30 15:00:00,524.0,527.0,506.9,524.0,0.0,6949.8,3590792.48,0
2022-01-31,2022-01-31 11:00:00,534.4,534.4,519.75,527.3,-1.33,3616.6,1860124.9,-1
2022-01-31,2022-01-31 12:00:00,527.3,527.3,520.2,520.2,-1.35,3616.6,1860124.9,-1
2022-01-31,2022-01-31 13:00:00,520.2,520.2,513.1,513.1,-1.36,3616.6,1860124.9,-1
2022-01-31,2022-01-31 14:00:00,513.1,513.1,506.0,506.0,-1.38,3616.6,1860124.9,-1
2022-01-31,2022-01-31 15:00:00,506.0,534.4,505.1,506.0,0.0,3616.6,1860124.9,0
2022-02-01,2022-02-01 11:00:00,516.1,522.55,510.05,515.83,-0.05,6475.8,3363678.88,-1
2022-02-01,2022-02-01 12:00:00,515.83,515.83,515.55,515.55,-0.05,6475.8,3363678.88,-1
2022-02-01,2022-02-01 13:00:00,515.55,515.55,515.27,515.27,-0.05,6475.8,3363678.88,-1
2022-02-01,2022-02-01 14:00:00,515.27,515.27,515.0,515.0,-0.05,6475.8,3363678.88,-1
2022-02-01,2022-02-01 15:00:00,515.0,529.0,504.0,515.0,0.0,6475.8,3363678.88,0
2022-02-03,2022-02-03 11:00:00,525.0,530.5,518.0,522.75,-0.43,15858.4,8340633.0,-1
2022-02-03,2022-02-03 12:00:00,522.75,522.75,520.5,520.5,-0.43,15858.4,8340633.0,-1
2022-02-03,2022-02-03 13:00:00,520.5,520.5,518.25,518.25,-0.43,15858.4,8340633.0,-1
2022-02-03,2022-02-03 14:00:00,518.25,518.25,516.0,516.0,-0.43,15858.4,8340633.0,-1
2022-02-03,2022-02-03 15:00:00,516.0,536.0,511.0,516.0,0.0,15858.4,8340633.0,0
2022-02-06,2022-02-06 11:00:00,510.0,518.0,509.5,511.5,0.29,7957.4,4096789.14,1
2022-02-06,2022-02-06 12:00:00,511.5,513.0,511.5,513.0,0.29,7957.4,4096789.14,1
2022-02-06,2022-02-06 13:00:00,513.0,514.5,513.0,514.5,0.29,7957.4,4096789.14,1
2022-02-06,2022-02-06 14:00:00,514.5,516.0,514.5,516.0,0.29,7957.4,4096789.14,1
2022-02-06,2022-02-06 15:00:00,516.0,526.0,509.0,516.0,0.0,7957.4,4096789.14,0
2022-02-07,2022-02-07 11:00:00,513.0,518.5,511.5,514.25,0.24,5957.2,3080531.72,1
2022-02-07,2022-02-07 12:00:00,514.25,515.5,514.25,515.5,0.24,5957.2,3080531.72,1
2022-02-07,2022-02-07 13:00:00,515.5,516.75,515.5,516.75,0.24,5957.2,3080531.72,1
2022-02-07,2022-02-07 14:00:00,516.75,518.0,516.75,518.0,0.24,5957.2,3080531.72,1
2022-02-07,2022-02-07 15:00:00,518.0,524.0,510.0,518.0,0.0,5957.2,3080531.72,0
2022-02-08,2022-02-08 11:00:00,528.3,533.55,515.15,523.45,-0.92,9268.8,4815276.6,-1
2022-02-08,2022-02-08 12:00:00,523.45,523.45,518.6,518.6,-0.93,9268.8,4815276.6,-1
2022-02-08,2022-02-08 13:00:00,518.6,518.6,513.75,513.75,-0.94,9268.8,4815276.6,-1
2022-02-08,2022-02-08 14:00:00,513.75,513.75,508.9,508.9,-0.94,9268.8,4815276.6,-1
2022-02-08,2022-02-08 15:00:00,508.9,538.8,502.0,508.9,0.0,9268.8,4815276.6,0
2022-02-09,2022-02-09 11:00:00,509.0,509.0,502.2,507.5,-0.29,1776.2,889841.6,-1
2022-02-09,2022-02-09 12:00:00,507.5,507.5,506.0,506.0,-0.3,1776.2,889841.6,-1
2022-02-09,2022-02-09 13:00:00,506.0,506.0,504.5,504.5,-0.3,1776.2,889841.6,-1
2022-02-09,2022-02-09 14:00:00,504.5,504.5,503.0,503.0,-0.3,1776.2,889841.6,-1
2022-02-09,2022-02-09 15:00:00,503.0,509.0,495.4,503.0,0.0,1776.2,889841.6,0
2022-02-10,2022-02-10 11:00:00,500.0,506.5,497.0,498.75,-0.25,2004.2,998376.6,-1
2022-02-10,2022-02-10 12:00:00,498.75,498.75,497.5,497.5,-0.25,2004.2,998376.6,-1
2022-02-10,2022-02-10 13:00:00,497.5,497.5,496.25,496.25,-0.25,2004.2,998376.6,-1
2022-02-10,2022-02-10 14:00:00,496.25,496.25,495.0,495.0,-0.25,2004.2,998376.6,-1
2022-02-10,2022-02-10 15:00:00,495.0,513.0,494.0,495.0,0.0,2004.2,998376.6,0
2022-02-13,2022-02-13 11:00:00,486.0,486.5,476.5,481.25,-0.98,5502.4,2598210.9,-1
2022-02-13,2022-02-13 12:00:00,481.25,481.25,476.5,476.5,-0.99,5502.4,2598210.9,-1
2022-02-13,2022-02-13 13:00:00,476.5,476.5,471.75,471.75,-1.0,5502.4,2598210.9,-1
2022-02-13,2022-02-13 14:00:00,471.75,471.75,467.0,467.0,-1.01,5502.4,2598210.9,-1
2022-02-13,2022-02-13 15:00:00,467.0,487.0,467.0,467.0,0.0,5502.4,2598210.9,0
2022-02-14,2022-02-14 11:00:00,476.0,485.05,471.75,476.5,0.11,3991.0,1892166.7,1
2022-02-14,2022-02-14 12:00:00,476.5,477.0,476.5,477.0,0.1,3991.0,1892166.7,1
2022-02-14,2022-02-14 13:00:00,477.0,477.5,477.0,477.5,0.1,3991.0,1892166.7,1
2022-02-14,2022-02-14 14:00:00,477.5,478.0,477.5,478.0,0.1,3991.0,1892166.7,1
2022-02-14,2022-02-14 15:00:00,478.0,494.1,467.5,478.0,0.0,3991.0,1892166.7,0
2022-02-15,2022-02-15 11:00:00,487.0,493.5,481.5,490.25,0.67,1567.2,765132.4,1
2022-02-15,2022-02-15 12:00:00,490.25,493.5,490.25,493.5,0.66,1567.2,765132.4,1
2022-02-15,2022-02-15 13:00:00,493.5,496.75,493.5,496.75,0.66,1567.2,765132.4,1
2022-02-15,2022-02-15 14:00:00,496.75,500.0,496.75,500.0,0.65,1567.2,765132.4,1
2022-02-15,2022-02-15 15:00:00,500.0,500.0,476.0,500.0,0.0,1567.2,765132.4,0
2022-02-16,2022-02-16 11:00:00,510.0,510.0,493.35,504.95,-0.99,2073.2,1006951.0,-1
2022-02-16,2022-02-16 12:00:00,504.95,504.95,499.9,499.9,-1.0,2073.2,1006951.0,-1
2022-02-16,2022-02-16 13:00:00,499.9,499.9,494.85,494.85,-1.01,2073.2,1006951.0,-1
2022-02-16,2022-02-16 14:00:00,494.85,494.85,489.8,489.8,-1.02,2073.2,1006951.0,-1
2022-02-16,2022-02-16 15:00:00,489.8,510.0,476.7,489.8,0.0,2073.2,1006951.0,0
2022-02-17,2022-02-17 11:00:00,499.5,499.5,489.25,496.85,-0.53,1509.0,732056.8,-1
2022-02-17,2022-02-17 12:00:00,496.85,496.85,494.2,494.2,-0.53,1509.0,732056.8,-1
2022-02-17,2022-02-17 13:00:00,494.2,494.2,491.55,491.55,-0.54,1509.0,732056.8,-1
2022-02-17,2022-02-17 14:00:00,491.55,491.55,488.9,488.9,-0.54,1509.0,732056.8,-1
2022-02-17,2022-02-17 15:00:00,488.9,499.5,479.0,488.9,0.0,1509.0,732056.8,0
2022-02-20,2022-02-20 11:00:00,498.6,498.6,484.3,495.68,-0.59,3487.8,1698849.32,-1
2022-02-20,2022-02-20 12:00:00,495.68,495.68,492.75,492.75,-0.59,3487.8,1698849.32,-1
2022-02-20,2022-02-20 13:00:00,492.75,492.75,489.82,489.82,-0.59,3487.8,1698849.32,-1
2022-02-20,2022-02-20 14:00:00,489.82,489.82,486.9,486.9,-0.6,3487.8,1698849.32,-1
2022-02-20,2022-02-20 15:00:00,486.9,498.6,470.0,486.9,0.0,3487.8,1698849.32,0
2022-02-21,2022-02-21 11:00:00,496.6,496.6,488.3,496.45,-0.03,1419.4,694729.8,-1
2022-02-21,2022-02-21 12:00:00,496.45,496.45,496.3,496.3,-0.03,1419.4,694729.8,-1
2022-02-21,2022-02-21 13:00:00,496.3,496.3,496.15,496.15,-0.03,1419.4,694729.8,-1
2022-02-21,2022-02-21 14:00:00,496.15,496.15,496.0,496.0,-0.03,1419.4,694729.8,-1
2022-02-21,2022-02-21 15:00:00,496.0,496.6,480.0,496.0,0.0,1419.4,694729.8,0
2022-02-22,2022-02-22 11:00:00,505.9,507.9,500.95,503.67,-0.44,3631.2,1828889.4,-1
2022-02-22,2022-02-22 12:00:00,503.67,503.67,501.45,501.45,-0.44,3631.2,1828889.4,-1
2022-02-22,2022-02-22 13:00:00,501.45,501.45,499.23,499.23,-0.44,3631.2,1828889.4,-1
2022-02-22,2022-02-22 14:00:00,499.23,499.23,497.0,497.0,-0.45,3631.2,1828889.4,-1
2022-02-22,2022-02-22 15:00:00,497.0,509.9,496.0,497.0,0.0,3631.2,1828889.4,0
2022-02-23,2022-02-23 11:00:00,506.9,506.9,496.5,503.17,-0.74,3884.6,1932648.22,-1
2022-02-23,2022-02-23 12:00:00,503.17,503.17,499.45,499.45,-0.74,3884.6,1932648.22,-1
2022-02-23,2022-02-23 13:00:00,499.45,499.45,495.73,495.73,-0.74,3884.6,1932648.22,-1
2022-02-23,2022-02-23 14:00:00,495.73,495.73,492.0,492.0,-0.75,3884.6,1932648.22,-1
2022-02-23,2022-02-23 15:00:00,492.0,506.9,486.1,492.0,0.0,3884.6,1932648.22,0
2022-02-24,2022-02-24 11:00:00,501.8,501.8,482.4,498.85,-0.59,3722.4,1770101.26,-1
2022-02-24,2022-02-24 12:00:00,498.85,498.85,495.9,495.9,-0.59,3722.4,1770101.26,-1
2022-02-24,2022-02-24 13:00:00,495.9,495.9,492.95,492.95,-0.59,3722.4,1770101.26,-1
2022-02-24,2022-02-24 14:00:00,492.95,492.95,490.0,490.0,-0.6,3722.4,1770101.26,-1
2022-02-24,2022-02-24 15:00:00,490.0,501.8,463.0,490.0,0.0,3722.4,1770101.26,0
2022-02-27,2022-02-27 11:00:00,499.8,501.4,490.4,495.73,-0.81,3411.6,1684314.8,-1
2022-02-27,2022-02-27 12:00:00,495.73,495.73,491.65,491.65,-0.82,3411.6,1684314.8,-1
2022-02-27,2022-02-27 13:00:00,491.65,491.65,487.57,487.57,-0.83,3411.6,1684314.8,-1
2022-02-27,2022-02-27 14:00:00,487.57,487.57,483.5,483.5,-0.83,3411.6,1684314.8,-1
2022-02-27,2022-02-27 15:00:00,483.5,503.0,481.0,483.5,0.0,3411.6,1684314.8,0
2022-02-28,2022-02-28 11:00:00,493.1,497.5,472.55,485.83,-1.47,5446.6,2601593.78,-1
2022-02-28,2022-02-28 12:00:00,485.83,485.83,478.55,478.55,-1.5,5446.6,2601593.78,-1
2022-02-28,2022-02-28 13:00:00,478.55,478.55,471.27,471.27,-1.52,5446.6,2601593.78,-1
2022-02-28,2022-02-28 14:00:00,471.27,471.27,464.0,464.0,-1.54,5446.6,2601593.78,-1
2022-02-28,2022-02-28 15:00:00,464.0,501.9,452.0,464.0,0.0,5446.6,2601593.78,0
2022-03-02,2022-03-02 11:00:00,473.2,473.2,455.7,466.62,-1.39,1280.8,574046.6,-1
2022-03-02,2022-03-02 12:00:00,466.62,466.62,460.05,460.05,-1.41,1280.8,574046.6,-1
2022-03-02,2022-03-02 13:00:00,460.05,460.05,453.47,453.47,-1.43,1280.8,574046.6,-1
2022-03-02,2022-03-02 14:00:00,453.47,453.47,446.9,446.9,-1.45,1280.8,574046.6,-1
2022-03-02,2022-03-02 15:00:00,446.9,473.2,438.2,446.9,0.0,1280.8,574046.6,0
2022-03-06,2022-03-06 11:00:00,455.8,455.8,442.05,450.1,-1.25,2204.4,966257.0,-1
2022-03-06,2022-03-06 12:00:00,450.1,450.1,444.4,444.4,-1.27,2204.4,966257.0,-1
2022-03-06,2022-03-06 13:00:00,444.4,444.4,438.7,438.7,-1.28,2204.4,966257.0,-1
2022-03-06,2022-03-06 14:00:00,438.7,438.7,433.0,433.0,-1.3,2204.4,966257.0,-1
2022-03-06,2022-03-06 15:00:00,433.0,455.8,428.3,433.0,0.0,2204.4,966257.0,0
2022-03-07,2022-03-07 11:00:00,441.6,441.6,428.8,435.7,-1.34,2185.8,924846.3,-1
2022-03-07,2022-03-07 12:00:00,435.7,435.7,429.8,429.8,-1.35,2185.8,924846.3,-1
2022-03-07,2022-03-07 13:00:00,429.8,429.8,423.9,423.9,-1.37,2185.8,924846.3,-1
2022-03-07,2022-03-07 14:00:00,423.9,423.9,418.0,418.0,-1.39,2185.8,924846.3,-1
2022-03-07,2022-03-07 15:00:00,418.0,441.6,416.0,418.0,0.0,2185.8,924846.3,0
2022-03-09,2022-03-09 11:00:00,426.3,426.3,412.15,419.27,-1.65,2474.4,995643.8,-1
2022-03-09,2022-03-09 12:00:00,419.27,419.27,412.25,412.25,-1.67,2474.4,995643.8,-1
2022-03-09,2022-03-09 13:00:00,412.25,412.25,405.23,405.23,-1.7,2474.4,995643.8,-1
2022-03-09,2022-03-09 14:00:00,405.23,405.23,398.2,398.2,-1.73,2474.4,995643.8,-1
2022-03-09,2022-03-09 15:00:00,398.2,426.3,398.0,398.2,0.0,2474.4,995643.8,0
2022-03-10,2022-03-10 11:00:00,405.9,421.95,403.95,410.15,1.05,3056.0,1272521.54,1
2022-03-10,2022-03-10 12:00:00,410.15,414.4,410.15,414.4,1.04,3056.0,1272521.54,1
2022-03-10,2022-03-10 13:00:00,414.4,418.65,414.4,418.65,1.03,3056.0,1272521.54,1
2022-03-10,2022-03-10 14:00:00,418.65,422.9,418.65,422.9,1.02,3056.0,1272521.54,1
2022-03-10,2022-03-10 15:00:00,422.9,438.0,402.0,422.9,0.0,3056.0,1272521.54,0
2022-03-13,2022-03-13 11:00:00,431.3,437.65,428.65,433.48,0.51,4727.0,2055328.12,1
2022-03-13,2022-03-13 12:00:00,433.48,435.65,433.48,435.65,0.5,4727.0,2055328.12,1
2022-03-13,2022-03-13 13:00:00,435.65,437.82,435.65,437.82,0.5,4727.0,2055328.12,1
2022-03-13,2022-03-13 14:00:00,437.82,440.0,437.82,440.0,0.5,4727.0,2055328.12,1
2022-03-13,2022-03-13 15:00:00,440.0,444.0,426.0,440.0,0.0,4727.0,2055328.12,0
2022-03-14,2022-03-14 11:00:00,445.0,445.0,436.05,442.5,-0.56,1319.2,574411.1,-1
2022-03-14,2022-03-14 12:00:00,442.5,442.5,440.0,440.0,-0.56,1319.2,574411.1,-1
2022-03-14,2022-03-14 13:00:00,440.0,440.0,437.5,437.5,-0.57,1319.2,574411.1,-1
2022-03-14,2022-03-14 14:00:00,437.5,437.5,435.0,435.0,-0.57,1319.2,574411.1,-1
2022-03-14,2022-03-14 15:00:00,435.0,445.0,427.1,435.0,0.0,1319.2,574411.1,0
2022-03-15,2022-03-15 11:00:00,443.7,443.85,427.65,437.77,-1.34,4707.0,1983774.9,-1
2022-03-15,2022-03-15 12:00:00,437.77,437.77,431.85,431.85,-1.35,4707.0,1983774.9,-1
2022-03-15,2022-03-15 13:00:00,431.85,431.85,425.93,425.93,-1.37,4707.0,1983774.9,-1
2022-03-15,2022-03-15 14:00:00,425.93,425.93,420.0,420.0,-1.39,4707.0,1983774.9,-1
2022-03-15,2022-03-15 15:00:00,420.0,444.0,411.6,420.0,0.0,4707.0,1983774.9,0
2022-03-16,2022-03-16 11:00:00,428.4,428.4,420.7,425.05,-0.78,2976.6,1240084.6,-1
2022-03-16,2022-03-16 12:00:00,425.05,425.05,421.7,421.7,-0.79,2976.6,1240084.6,-1
2022-03-16,2022-03-16 13:00:00,421.7,421.7,418.35,418.35,-0.79,2976.6,1240084.6,-1
2022-03-16,2022-03-16 14:00:00,418.35,418.35,415.0,415.0,-0.8,2976.6,1240084.6,-1
2022-03-16,2022-03-16 15:00:00,415.0,428.4,413.0,415.0,0.0,2976.6,1240084.6,0
2022-03-20,2022-03-20 11:00:00,423.3,423.3,416.2,421.7,-0.38,2581.4,1066619.92,-1
2022-03-20,2022-03-20 12:00:00,421.7,421.7,420.1,420.1,-0.38,2581.4,1066619.92,-1
2022-03-20,2022-03-20 13:00:00,420.1,420.1,418.5,418.5,-0.38,2581.4,1066619.92,-1
2022-03-20,2022-03-20 14:00:00,418.5,418.5,416.9,416.9,-0.38,2581.4,1066619.92,-1
2022-03-20,2022-03-20 15:00:00,416.9,423.3,409.1,416.9,0.0,2581.4,1066619.92,0
2022-03-21,2022-03-21 11:00:00,425.2,435.1,417.6,430.15,1.16,24513.2,10146069.66,1
2022-03-21,2022-03-21 12:00:00,430.15,435.1,430.15,435.1,1.15,24513.2,10146069.66,1
2022-03-21,2022-03-21 13:00:00,435.1,440.05,435.1,440.05,1.14,24513.2,10146069.66,1
2022-03-21,2022-03-21 14:00:00,440.05,445.0,440.05,445.0,1.12,24513.2,10146069.66,1
2022-03-21,2022-03-21 15:00:00,445.0,445.0,410.0,445.0,0.0,24513.2,10146069.66,0
2022-03-22,2022-03-22 11:00:00,447.0,454.5,443.1,445.5,-0.34,5781.8,2586016.62,-1
2022-03-22,2022-03-22 12:00:00,445.5,445.5,444.0,444.0,-0.34,5781.8,2586016.62,-1
2022-03-22,2022-03-22 13:00:00,444.0,444.0,442.5,442.5,-0.34,5781.8,2586016.62,-1
2022-03-22,2022-03-22 14:00:00,442.5,442.5,441.0,441.0,-0.34,5781.8,2586016.62,-1
2022-03-22,2022-03-22 15:00:00,441.0,462.0,439.2,441.0,0.0,5781.8,2586016.62,0
2022-03-23,2022-03-23 11:00:00,432.3,436.15,429.15,432.48,0.04,1623.8,699773.8,1
2022-03-23,2022-03-23 12:00:00,432.48,432.65,432.48,432.65,0.04,1623.8,699773.8,1
2022-03-23,2022-03-23 13:00:00,432.65,432.82,432.65,432.82,0.04,1623.8,699773.8,1
2022-03-23,2022-03-23 14:00:00,432.82,433.0,432.82,433.0,0.04,1623.8,699773.8,1
2022-03-23,2022-03-23 15:00:00,433.0,440.0,426.0,433.0,0.0,1623.8,699773.8,0
2022-03-24,2022-03-24 11:00:00,426.0,429.5,420.1,423.25,-0.65,5980.0,2511903.46,-1
2022-03-24,2022-03-24 12:00:00,423.25,423.25,420.5,420.5,-0.65,5980.0,2511903.46,-1
2022-03-24,2022-03-24 13:00:00,420.5,420.5,417.75,417.75,-0.65,5980.0,2511903.46,-1
2022-03-24,2022-03-24 14:00:00,417.75,417.75,415.0,415.0,-0.66,5980.0,2511903.46,-1
2022-03-24,2022-03-24 15:00:00,415.0,433.0,414.2,415.0,0.0,5980.0,2511903.46,0
2022-03-27,2022-03-27 11:00:00,423.0,423.0,410.0,417.25,-1.36,3554.0,1442735.2,-1
2022-03-27,2022-03-27 12:00:00,417.25,417.25,411.5,411.5,-1.38,3554.0,1442735.2,-1
2022-03-27,2022-03-27 13:00:00,411.5,411.5,405.75,405.75,-1.4,3554.0,1442735.2,-1
2022-03-27,2022-03-27 14:00:00,405.75,405.75,400.0,400.0,-1.42,3554.0,1442735.2,-1
2022-03-27,2022-03-27 15:00:00,400.0,423.0,397.0,400.0,0.0,3554.0,1442735.2,0
2022-03-28,2022-03-28 11:00:00,408.0,411.5,400.5,404.75,-0.8,1993.4,800210.88,-1
2022-03-28,2022-03-28 12:00:00,404.75,404.75,401.5,401.5,-0.8,1993.4,800210.88,-1
2022-03-28,2022-03-28 13:00:00,401.5,401.5,398.25,398.25,-0.81,1993.4,800210.88,-1
2022-03-28,2022-03-28 14:00:00,398.25,398.25,395.0,395.0,-0.82,1993.4,800210.88,-1
2022-03-28,2022-03-28 15:00:00,395.0,415.0,393.0,395.0,0.0,1993.4,800210.88,0
2022-03-29,2022-03-29 11:00:00,401.0,401.95,395.5,398.25,-0.69,1355.0,536535.56,-1
2022-03-29,2022-03-29 12:00:00,398.25,398.25,395.5,395.5,-0.69,1355.0,536535.56,-1
2022-03-29,2022-03-29 13:00:00,395.5,395.5,392.75,392.75,-0.7,1355.0,536535.56,-1
2022-03-29,2022-03-29 14:00:00,392.75,392.75,390.0,390.0,-0.7,1355.0,536535.56,-1
2022-03-29,2022-03-29 15:00:00,390.0,402.9,390.0,390.0,0.0,1355.0,536535.56,0
2022-03-30,2022-03-30 11:00:00,397.8,405.45,396.4,401.6,0.96,2228.8,900399.76,1
2022-03-30,2022-03-30 12:00:00,401.6,405.4,401.6,405.4,0.95,2228.8,900399.76,1
2022-03-30,2022-03-30 13:00:00,405.4,409.2,405.4,409.2,0.94,2228.8,900399.76,1
2022-03-30,2022-03-30 14:00:00,409.2,413.0,409.2,413.0,0.93,2228.8,900399.76,1
2022-03-30,2022-03-30 15:00:00,413.0,413.1,395.0,413.0,0.0,2228.8,900399.76,0
2022-03-31,2022-03-31 11:00:00,421.2,421.2,408.1,416.9,-1.02,2315.0,933521.32,-1
2022-03-31,2022-03-31 12:00:00,416.9,416.9,412.6,412.6,-1.03,2315.0,933521.32,-1
2022-03-31,2022-03-31 13:00:00,412.6,412.6,408.3,408.3,-1.04,2315.0,933521.32,-1
2022-03-31,2022-03-31 14:00:00,408.3,408.3,404.0,404.0,-1.05,2315.0,933521.32,-1
2022-03-31,2022-03-31 15:00:00,404.0,421.2,395.0,404.0,0.0,2315.0,933521.32,0
2022-04-03,2022-04-03 11:00:00,404.0,405.0,400.0,402.75,-0.31,847.6,337939.9,-1
2022-04-03,2022-04-03 12:00:00,402.75,402.75,401.5,401.5,-0.31,847.6,337939.9,-1
2022-04-03,2022-04-03 13:00:00,401.5,401.5,400.25,400.25,-0.31,847.6,337939.9,-1
2022-04-03,2022-04-03 14:00:00,400.25,400.25,399.0,399.0,-0.31,847.6,337939.9,-1
2022-04-03,2022-04-03 15:00:00,399.0,406.0,396.0,399.0,0.0,847.6,337939.9,0
2022-04-04,2022-04-04 11:00:00,405.0,405.0,398.5,402.25,-0.68,601.8,238696.9,-1
2022-04-04,2022-04-04 12:00:00,402.25,402.25,399.5,399.5,-0.68,601.8,238696.9,-1
2022-04-04,2022-04-04 13:00:00,399.5,399.5,396.75,396.75,-0.69,601.8,238696.9,-1
2022-04-04,2022-04-04 14:00:00,396.75,396.75,394.0,394.0,-0.69,601.8,238696.9,-1
2022-04-04,2022-04-04 15:00:00,394.0,405.0,392.0,394.0,0.0,601.8,238696.9,0
2022-04-05,2022-04-05 11:00:00,387.0,388.5,382.15,387.75,0.19,1045.8,402684.04,1
2022-04-05,2022-04-05 12:00:00,387.75,388.5,387.75,388.5,0.19,1045.8,402684.04,1
2022-04-05,2022-04-05 13:00:00,388.5,389.25,388.5,389.25,0.19,1045.8,402684.04,1
2022-04-05,2022-04-05 14:00:00,389.25,390.0,389.25,390.0,0.19,1045.8,402684.04,1
2022-04-05,2022-04-05 15:00:00,390.0,390.0,377.3,390.0,0.0,1045.8,402684.04,0
2022-04-06,2022-04-06 11:00:00,384.0,387.0,379.0,382.25,-0.46,1019.0,389763.92,-1
2022-04-06,2022-04-06 12:00:00,382.25,382.25,380.5,380.5,-0.46,1019.0,389763.92,-1
2022-04-06,2022-04-06 13:00:00,380.5,380.5,378.75,378.75,-0.46,1019.0,389763.92,-1
2022-04-06,2022-04-06 14:00:00,378.75,378.75,377.0,377.0,-0.46,1019.0,389763.92,-1
2022-04-06,2022-04-06 15:00:00,377.0,390.0,374.0,377.0,0.0,1019.0,389763.92,0
2022-04-07,2022-04-07 11:00:00,384.0,386.95,381.0,382.75,-0.33,1227.0,468170.7,-1
2022-04-07,2022-04-07 12:00:00,382.75,382.75,381.5,381.5,-0.33,1227.0,468170.7,-1
2022-04-07,2022-04-07 13:00:00,381.5,381.5,380.25,380.25,-0.33,1227.0,468170.7,-1
2022-04-07,2022-04-07 14:00:00,380.25,380.25,379.0,379.0,-0.33,1227.0,468170.7,-1
2022-04-07,2022-04-07 15:00:00,379.0,389.9,378.0,379.0,0.0,1227.0,468170.7,0
2022-04-11,2022-04-11 11:00:00,386.5,390.75,380.75,383.82,-0.69,1501.8,574399.36,-1
2022-04-11,2022-04-11 12:00:00,383.82,383.82,381.15,381.15,-0.7,1501.8,574399.36,-1
2022-04-11,2022-04-11 13:00:00,381.15,381.15,378.48,378.48,-0.7,1501.8,574399.36,-1
2022-04-11,2022-04-11 14:00:00,378.48,378.48,375.8,375.8,-0.71,1501.8,574399.36,-1
2022-04-11,2022-04-11 15:00:00,375.8,395.0,375.0,375.8,0.0,1501.8,574399.36,0
2022-04-12,2022-04-12 11:00:00,382.9,382.9,373.95,380.17,-0.71,880.0,324920.8,-1
2022-04-12,2022-04-12 12:00:00,380.17,380.17,377.45,377.45,-0.72,880.0,324920.8,-1
2022-04-12,2022-04-12 13:00:00,377.45,377.45,374.73,374.73,-0.72,880.0,324920.8,-1
2022-04-12,2022-04-12 14:00:00,374.73,374.73,372.0,372.0,-0.73,880.0,324920.8,-1
2022-04-12,2022-04-12 15:00:00,372.0,382.9,365.0,372.0,0.0,880.0,324920.8,0
2022-04-13,2022-04-13 11:00:00,372.0,379.45,368.5,371.75,-0.07,878.0,327139.8,-1
2022-04-13,2022-04-13 12:00:00,371.75,371.75,371.5,371.5,-0.07,878.0,327139.8,-1
2022-04-13,2022-04-13 13:00:00,371.5,371.5,371.25,371.25,-0.07,878.0,327139.8,-1
2022-04-13,2022-04-13 14:00:00,371.25,371.25,371.0,371.0,-0.07,878.0,327139.8,-1
2022-04-13,2022-04-13 15:00:00,371.0,386.9,365.0,371.0,0.0,878.0,327139.8,0
2022-04-17,2022-04-17 11:00:00,376.0,376.5,366.4,372.0,-1.06,593.6,215970.36,-1
2022-04-17,2022-04-17 12:00:00,372.0,372.0,368.0,368.0,-1.08,593.6,215970.36,-1
2022-04-17,2022-04-17 13:00:00,368.0,368.0,364.0,364.0,-1.09,593.6,215970.36,-1
2022-04-17,2022-04-17 14:00:00,364.0,364.0,360.0,360.0,-1.1,593.6,215970.36,-1
2022-04-17,2022-04-17 15:00:00,360.0,377.0,356.8,360.0,0.0,593.6,215970.36,0
2022-04-18,2022-04-18 11:00:00,360.0,362.5,352.5,357.0,-0.83,1246.8,434799.5,-1
2022-04-18,2022-04-18 12:00:00,357.0,357.0,354.0,354.0,-0.84,1246.8,434799.5,-1
2022-04-18,2022-04-18 13:00:00,354.0,354.0,351.0,351.0,-0.85,1246.8,434799.5,-1
2022-04-18,2022-04-18 14:00:00,351.0,351.0,348.0,348.0,-0.85,1246.8,434799.5,-1
2022-04-18,2022-04-18 15:00:00,348.0,365.0,345.0,348.0,0.0,1246.8,434799.5,0
2022-04-19,2022-04-19 11:00:00,341.4,347.65,334.85,342.3,0.26,1652.8,561432.52,1
2022-04-19,2022-04-19 12:00:00,342.3,343.2,342.3,343.2,0.26,1652.8,561432.52,1
2022-04-19,2022-04-19 13:00:00,343.2,344.1,343.2,344.1,0.26,1652.8,561432.52,1
2022-04-19,2022-04-19 14:00:00,344.1,345.0,344.1,345.0,0.26,1652.8,561432.52,1
2022-04-19,2022-04-19 15:00:00,345.0,353.9,328.3,345.0,0.0,1652.8,561432.52,0
2022-04-20,2022-04-20 11:00:00,351.9,351.9,340.95,346.42,-1.56,1083.8,360377.94,-1
2022-04-20,2022-04-20 12:00:00,346.42,346.42,340.95,340.95,-1.58,1083.8,360377.94,-1
2022-04-20,2022-04-20 13:00:00,340.95,340.95,335.48,335.48,-1.6,1083.8,360377.94,-1
2022-04-20,2022-04-20 14:00:00,335.48,335.48,330.0,330.0,-1.63,1083.8,360377.94,-1
2022-04-20,2022-04-20 15:00:00,330.0,351.9,330.0,330.0,0.0,1083.8,360377.94,0
2022-04-21,2022-04-21 11:00:00,323.4,331.2,320.2,327.05,1.13,1701.4,552975.32,1
2022-04-21,2022-04-21 12:00:00,327.05,330.7,327.05,330.7,1.12,1701.4,552975.32,1
2022-04-21,2022-04-21 13:00:00,330.7,334.35,330.7,334.35,1.1,1701.4,552975.32,1
2022-04-21,2022-04-21 14:00:00,334.35,338.0,334.35,338.0,1.09,1701.4,552975.32,1
2022-04-21,2022-04-21 15:00:00,338.0,339.0,317.0,338.0,0.0,1701.4,552975.32,0
2022-04-24,2022-04-24 11:00:00,343.0,357.4,338.55,349.75,1.97,4148.8,1506417.08,1
2022-04-24,2022-04-24 12:00:00,349.75,356.5,349.75,356.5,1.93,4148.8,1506417.08,1
2022-04-24,2022-04-24 13:00:00,356.5,363.25,356.5,363.25,1.89,4148.8,1506417.08,1
2022-04-24,2022-04-24 14:00:00,363.25,370.0,363.25,370.0,1.86,4148.8,1506417.08,1
2022-04-24,2022-04-24 15:00:00,370.0,371.8,334.1,370.0,0.0,4148.8,1506417.08,0
2022-04-25,2022-04-25 11:00:00,375.0,378.7,362.5,370.5,-1.2,2407.2,884011.98,-1
2022-04-25,2022-04-25 12:00:00,370.5,370.5,366.0,366.0,-1.21,2407.2,884011.98,-1
2022-04-25,2022-04-25 13:00:00,366.0,366.0,361.5,361.5,-1.23,2407.2,884011.98,-1
2022-04-25,2022-04-25 14:00:00,361.5,361.5,357.0,357.0,-1.24,2407.2,884011.98,-1
2022-04-25,2022-04-25 15:00:00,357.0,382.4,350.0,357.0,0.0,2407.2,884011.98,0
2022-04-26,2022-04-26 11:00:00,362.0,365.95,356.0,361.5,-0.14,632.4,225910.4,-1
2022-04-26,2022-04-26 12:00:00,361.5,361.5,361.0,361.0,-0.14,632.4,225910.4,-1
2022-04-26,2022-04-26 13:00:00,361.0,361.0,360.5,360.5,-0.14,632.4,225910.4,-1
2022-04-26,2022-04-26 14:00:00,360.5,360.5,360.0,360.0,-0.14,632.4,225910.4,-1
2022-04-26,2022-04-26 15:00:00,360.0,369.9,350.0,360.0,0.0,632.4,225910.4,0
2022-04-27,2022-04-27 11:00:00,366.9,366.9,359.95,365.42,-0.4,1484.0,531607.14,-1
2022-04-27,2022-04-27 12:00:00,365.42,365.42,363.95,363.95,-0.4,1484.0,531607.14,-1
2022-04-27,2022-04-27 13:00:00,363.95,363.95,362.48,362.48,-0.4,1484.0,531607.14,-1
2022-04-27,2022-04-27 14:00:00,362.48,362.48,361.0,361.0,-0.41,1484.0,531607.14,-1
2022-04-27,2022-04-27 15:00:00,361.0,366.9,353.0,361.0,0.0,1484.0,531607.14,0
2022-04-28,2022-04-28 11:00:00,368.2,371.6,357.1,364.4,-1.03,1183.4,421652.64,-1
2022-04-28,2022-04-28 12:00:00,364.4,364.4,360.6,360.6,-1.04,1183.4,421652.64,-1
2022-04-28,2022-04-28 13:00:00,360.6,360.6,356.8,356.8,-1.05,1183.4,421652.64,-1
2022-04-28,2022-04-28 14:00:00,356.8,356.8,353.0,353.0,-1.07,1183.4,421652.64,-1
2022-04-28,2022-04-28 15:00:00,353.0,375.0,346.0,353.0,0.0,1183.4,421652.64,0
2022-05-02,2022-05-02 11:00:00,346.0,353.0,342.0,345.0,-0.29,874.4,298035.0,-1
2022-05-02,2022-05-02 12:00:00,345.0,345.0,344.0,344.0,-0.29,874.4,298035.0,-1
2022-05-02,2022-05-02 13:00:00,344.0,344.0,343.0,343.0,-0.29,874.4,298035.0,-1
2022-05-02,2022-05-02 14:00:00,343.0,343.0,342.0,342.0,-0.29,874.4,298035.0,-1
2022-05-02,2022-05-02 15:00:00,342.0,360.0,338.0,342.0,0.0,874.4,298035.0,0
2022-05-04,2022-05-04 11:00:00,336.0,345.55,329.8,333.0,-0.89,1275.0,422060.5,-1
2022-05-04,2022-05-04 12:00:00,333.0,333.0,330.0,330.0,-0.9,1275.0,422060.5,-1
2022-05-04,2022-05-04 13:00:00,330.0,330.0,327.0,327.0,-0.91,1275.0,422060.5,-1
2022-05-04,2022-05-04 14:00:00,327.0,327.0,324.0,324.0,-0.92,1275.0,422060.5,-1
2022-05-04,2022-05-04 15:00:00,324.0,355.1,323.6,324.0,0.0,1275.0,422060.5,0
2022-05-05,2022-05-05 11:00:00,320.0,324.0,313.5,317.52,-0.78,2147.0,672502.48,-1
2022-05-05,2022-05-05 12:00:00,317.52,317.52,315.05,315.05,-0.78,2147.0,672502.48,-1
2022-05-05,2022-05-05 13:00:00,315.05,315.05,312.58,312.58,-0.78,2147.0,672502.48,-1
2022-05-05,2022-05-05 14:00:00,312.58,312.58,310.1,310.1,-0.79,2147.0,672502.48,-1
2022-05-05,2022-05-05 15:00:00,310.1,328.0,307.0,310.1,0.0,2147.0,672502.48,0
2022-05-08,2022-05-08 11:00:00,305.0,313.5,300.0,309.25,1.39,1401.6,430290.0,1
2022-05-08,2022-05-08 12:00:00,309.25,313.5,309.25,313.5,1.37,1401.6,430290.0,1
2022-05-08,2022-05-08 13:00:00,313.5,317.75,313.5,317.75,1.36,1401.6,430290.0,1
2022-05-08,2022-05-08 14:00:00,317.75,322.0,317.75,322.0,1.34,1401.6,430290.0,1
2022-05-08,2022-05-08 15:00:00,322.0,322.0,295.0,322.0,0.0,1401.6,430290.0,0
2022-05-09,2022-05-09 11:00:00,322.0,326.0,319.0,321.0,-0.31,1090.0,353009.4,-1
2022-05-09,2022-05-09 12:00:00,321.0,321.0,320.0,320.0,-0.31,1090.0,353009.4,-1
2022-05-09,2022-05-09 13:00:00,320.0,320.0,319.0,319.0,-0.31,1090.0,353009.4,-1
2022-05-09,2022-05-09 14:00:00,319.0,319.0,318.0,318.0,-0.31,1090.0,353009.4,-1
2022-05-09,2022-05-09 15:00:00,318.0,330.0,316.0,318.0,0.0,1090.0,353009.4,0
2022-05-10,2022-05-10 11:00:00,324.0,330.0,322.0,327.0,0.93,1195.0,392428.9,1
2022-05-10,2022-05-10 12:00:00,327.0,330.0,327.0,330.0,0.92,1195.0,392428.9,1
2022-05-10,2022-05-10 13:00:00,330.0,333.0,330.0,333.0,0.91,1195.0,392428.9,1
2022-05-10,2022-05-10 14:00:00,333.0,336.0,333.0,336.0,0.9,1195.0,392428.9,1
2022-05-10,2022-05-10 15:00:00,336.0,336.0,320.0,336.0,0.0,1195.0,392428.9,0
2022-05-11,2022-05-11 11:00:00,331.0,345.5,331.0,338.25,2.19,4138.4,1434572.96,1
2022-05-11,2022-05-11 12:00:00,338.25,345.5,338.25,345.5,2.14,4138.4,1434572.96,1
2022-05-11,2022-05-11 13:00:00,345.5,352.75,345.5,352.75,2.1,4138.4,1434572.96,1
2022-05-11,2022-05-11 14:00:00,352.75,360.0,352.75,360.0,2.06,4138.4,1434572.96,1
2022-05-11,2022-05-11 15:00:00,360.0,360.0,331.0,360.0,0.0,4138.4,1434572.96,0
2022-05-12,2022-05-12 11:00:00,365.0,368.0,357.5,361.25,-1.03,1436.0,512225.14,-1
2022-05-12,2022-05-12 12:00:00,361.25,361.25,357.5,357.5,-1.04,1436.0,512225.14,-1
2022-05-12,2022-05-12 13:00:00,357.5,357.5,353.75,353.75,-1.05,1436.0,512225.14,-1
2022-05-12,2022-05-12 14:00:00,353.75,353.75,350.0,350.0,-1.06,1436.0,512225.14,-1
2022-05-12,2022-05-12 15:00:00,350.0,371.0,350.0,350.0,0.0,1436.0,512225.14,0
2022-05-17,2022-05-17 11:00:00,357.0,360.55,340.5,348.75,-2.31,2401.6,789439.22,-1
2022-05-17,2022-05-17 12:00:00,348.75,348.75,340.5,340.5,-2.37,2401.6,789439.22,-1
2022-05-17,2022-05-17 13:00:00,340.5,340.5,332.25,332.25,-2.42,2401.6,789439.22,-1
2022-05-17,2022-05-17 14:00:00,332.25,332.25,324.0,324.0,-2.48,2401.6,789439.22,-1
2022-05-17,2022-05-17 15:00:00,324.0,364.1,324.0,324.0,0.0,2401.6,789439.22,0
2022-05-18,2022-05-18 11:00:00,318.0,331.0,311.8,321.0,0.94,2807.6,896993.5,1
2022-05-18,2022-05-18 12:00:00,321.0,324.0,321.0,324.0,0.93,2807.6,896993.5,1
2022-05-18,2022-05-18 13:00:00,324.0,327.0,324.0,327.0,0.93,2807.6,896993.5,1
2022-05-18,2022-05-18 14:00:00,327.0,330.0,327.0,330.0,0.92,2807.6,896993.5,1
2022-05-18,2022-05-18 15:00:00,330.0,344.0,305.6,330.0,0.0,2807.6,896993.5,0
2022-05-19,2022-05-19 11:00:00,328.0,331.0,321.5,327.5,-0.15,1304.2,419581.68,-1
2022-05-19,2022-05-19 12:00:00,327.5,327.5,327.0,327.0,-0.15,1304.2,419581.68,-1
2022-05-19,2022-05-19 13:00:00,327.0,327.0,326.5,326.5,-0.15,1304.2,419581.68,-1
2022-05-19,2022-05-19 14:00:00,326.5,326.5,326.0,326.0,-0.15,1304.2,419581.68,-1
2022-05-19,2022-05-19 15:00:00,326.0,334.0,315.0,326.0,0.0,1304.2,419581.68,0
2022-05-20,2022-05-20 11:00:00,330.0,331.0,322.5,326.75,-0.98,681.2,220052.5,-1
2022-05-20,2022-05-20 12:00:00,326.75,326.75,323.5,323.5,-0.99,681.2,220052.5,-1
2022-05-20,2022-05-20 13:00:00,323.5,323.5,320.25,320.25,-1.0,681.2,220052.5,-1
2022-05-20,2022-05-20 14:00:00,320.25,320.25,317.0,317.0,-1.01,681.2,220052.5,-1
2022-05-20,2022-05-20 15:00:00,317.0,332.0,315.0,317.0,0.0,681.2,220052.5,0
2022-05-23,2022-05-23 11:00:00,311.0,314.5,310.5,311.25,0.08,769.6,241415.6,1
2022-05-23,2022-05-23 12:00:00,311.25,311.5,311.25,311.5,0.08,769.6,241415.6,1
2022-05-23,2022-05-23 13:00:00,311.5,311.75,311.5,311.75,0.08,769.6,241415.6,1
2022-05-23,2022-05-23 14:00:00,311.75,312.0,311.75,312.0,0.08,769.6,241415.6,1
2022-05-23,2022-05-23 15:00:00,312.0,318.0,310.0,312.0,0.0,769.6,241415.6,0
2022-05-24,2022-05-24 11:00:00,317.0,320.5,314.0,318.0,0.32,1035.0,329551.8,1
2022-05-24,2022-05-24 12:00:00,318.0,319.0,318.0,319.0,0.31,1035.0,329551.8,1
2022-05-24,2022-05-24 13:00:00,319.0,320.0,319.0,320.0,0.31,1035.0,329551.8,1
2022-05-24,2022-05-24 14:00:00,320.0,321.0,320.0,321.0,0.31,1035.0,329551.8,1
2022-05-24,2022-05-24 15:00:00,321.0,324.0,311.0,321.0,0.0,1035.0,329551.8,0
2022-05-25,2022-05-25 11:00:00,321.0,325.5,320.3,323.12,0.66,1603.0,520915.4,1
2022-05-25,2022-05-25 12:00:00,323.12,325.25,323.12,325.25,0.66,1603.0,520915.4,1
2022-05-25,2022-05-25 13:00:00,325.25,327.38,325.25,327.38,0.65,1603.0,520915.4,1
2022-05-25,2022-05-25 14:00:00,327.38,329.5,327.38,329.5,0.65,1603.0,520915.4,1
2022-05-25,2022-05-25 15:00:00,329.5,330.0,319.6,329.5,0.0,1603.0,520915.4,0
2022-05-26,2022-05-26 11:00:00,336.0,336.0,327.5,332.25,-1.12,671.2,217876.4,-1
2022-05-26,2022-05-26 12:00:00,332.25,332.25,328.5,328.5,-1.13,671.2,217876.4,-1
2022-05-26,2022-05-26 13:00:00,328.5,328.5,324.75,324.75,-1.14,671.2,217876.4,-1
2022-05-26,2022-05-26 14:00:00,324.75,324.75,321.0,321.0,-1.15,671.2,217876.4,-1
2022-05-26,2022-05-26 15:00:00,321.0,336.0,319.0,321.0,0.0,671.2,217876.4,0
2022-05-27,2022-05-27 11:00:00,327.0,327.0,318.0,324.75,-0.69,2011.0,629162.6,-1
2022-05-27,2022-05-27 12:00:00,324.75,324.75,322.5,322.5,-0.69,2011.0,629162.6,-1
2022-05-27,2022-05-27 13:00:00,322.5,322.5,320.25,320.25,-0.7,2011.0,629162.6,-1
2022-05-27,2022-05-27 14:00:00,320.25,320.25,318.0,318.0,-0.7,2011.0,629162.6,-1
2022-05-27,2022-05-27 15:00:00,318.0,327.0,309.0,318.0,0.0,2011.0,629162.6,0
2022-05-30,2022-05-30 11:00:00,312.1,315.0,308.8,311.35,-0.24,1730.0,535717.0,-1
2022-05-30,2022-05-30 12:00:00,311.35,311.35,310.6,310.6,-0.24,1730.0,535717.0,-1
2022-05-30,2022-05-30 13:00:00,310.6,310.6,309.85,309.85,-0.24,1730.0,535717.0,-1
2022-05-30,2022-05-30 14:00:00,309.85,309.85,309.1,309.1,-0.24,1730.0,535717.0,-1
2022-05-30,2022-05-30 15:00:00,309.1,317.9,305.5,309.1,0.0,1730.0,535717.0,0
2022-05-31,2022-05-31 11:00:00,305.0,313.5,305.0,306.45,0.48,1141.8,354572.7,1
2022-05-31,2022-05-31 12:00:00,306.45,307.9,306.45,307.9,0.47,1141.8,354572.7,1
2022-05-31,2022-05-31 13:00:00,307.9,309.35,307.9,309.35,0.47,1141.8,354572.7,1
2022-05-31,2022-05-31 14:00:00,309.35,310.8,309.35,310.8,0.47,1141.8,354572.7,1
2022-05-31,2022-05-31 15:00:00,310.8,322.0,305.0,310.8,0.0,1141.8,354572.7,0
2022-06-01,2022-06-01 11:00:00,315.0,315.0,309.8,313.02,-0.63,1459.0,450179.92,-1
2022-06-01,2022-06-01 12:00:00,313.02,313.02,311.05,311.05,-0.63,1459.0,450179.92,-1
2022-06-01,2022-06-01 13:00:00,311.05,311.05,309.08,309.08,-0.63,1459.0,450179.92,-1
2022-06-01,2022-06-01 14:00:00,309.08,309.08,307.1,307.1,-0.64,1459.0,450179.92,-1
2022-06-01,2022-06-01 15:00:00,307.1,315.0,304.6,307.1,0.0,1459.0,450179.92,0
2022-06-02,2022-06-02 11:00:00,313.0,318.5,300.5,314.75,0.56,83528.6,24251738.64,1
2022-06-02,2022-06-02 12:00:00,314.75,316.5,314.75,316.5,0.56,83528.6,24251738.64,1
2022-06-02,2022-06-02 13:00:00,316.5,318.25,316.5,318.25,0.55,83528.6,24251738.64,1
2022-06-02,2022-06-02 14:00:00,318.25,320.0,318.25,320.0,0.55,83528.6,24251738.64,1
2022-06-02,2022-06-02 15:00:00,320.0,324.0,288.0,320.0,0.0,83528.6,24251738.64,0
2022-06-03,2022-06-03 11:00:00,320.0,323.2,312.05,317.0,-0.94,2390.4,747526.3,-1
2022-06-03,2022-06-03 12:00:00,317.0,317.0,314.0,314.0,-0.95,2390.4,747526.3,-1
2022-06-03,2022-06-03 13:00:00,314.0,314.0,311.0,311.0,-0.96,2390.4,747526.3,-1
2022-06-03,2022-06-03 14:00:00,311.0,311.0,308.0,308.0,-0.96,2390.4,747526.3,-1
2022-06-03,2022-06-03 15:00:00,308.0,326.4,304.1,308.0,0.0,2390.4,747526.3,0
2022-06-06,2022-06-06 11:00:00,314.1,317.2,307.05,313.43,-0.21,2018.0,616514.2,-1
2022-06-06,2022-06-06 12:00:00,313.43,313.43,312.75,312.75,-0.22,2018.0,616514.2,-1
2022-06-06,2022-06-06 13:00:00,312.75,312.75,312.07,312.07,-0.22,2018.0,616514.2,-1
2022-06-06,2022-06-06 14:00:00,312.07,312.07,311.4,311.4,-0.21,2018.0,616514.2,-1
2022-06-06,2022-06-06 15:00:00,311.4,320.3,300.0,311.4,0.0,2018.0,616514.2,0
2022-06-07,2022-06-07 11:00:00,306.0,314.65,298.5,310.32,1.41,6102.8,1818575.86,1
2022-06-07,2022-06-07 12:00:00,310.32,314.65,310.32,314.65,1.4,6102.8,1818575.86,1
2022-06-07,2022-06-07 13:00:00,314.65,318.98,314.65,318.98,1.38,6102.8,1818575.86,1
2022-06-07,2022-06-07 14:00:00,318.98,323.3,318.98,323.3,1.35,6102.8,1818575.86,1
2022-06-07,2022-06-07 15:00:00,323.3,323.3,291.0,323.3,0.0,6102.8,1818575.86,0
2022-06-08,2022-06-08 11:00:00,316.9,319.6,307.45,315.17,-0.55,9081.2,2834735.36,-1
2022-06-08,2022-06-08 12:00:00,315.17,315.17,313.45,313.45,-0.55,9081.2,2834735.36,-1
2022-06-08,2022-06-08 13:00:00,313.45,313.45,311.73,311.73,-0.55,9081.2,2834735.36,-1
2022-06-08,2022-06-08 14:00:00,311.73,311.73,310.0,310.0,-0.55,9081.2,2834735.36,-1
2022-06-08,2022-06-08 15:00:00,310.0,322.3,298.0,310.0,0.0,9081.2,2834735.36,0
2022-06-09,2022-06-09 11:00:00,314.0,314.45,304.5,311.25,-0.88,7583.2,2308579.82,-1
2022-06-09,2022-06-09 12:00:00,311.25,311.25,308.5,308.5,-0.88,7583.2,2308579.82,-1
2022-06-09,2022-06-09 13:00:00,308.5,308.5,305.75,305.75,-0.89,7583.2,2308579.82,-1
2022-06-09,2022-06-09 14:00:00,305.75,305.75,303.0,303.0,-0.9,7583.2,2308579.82,-1
2022-06-09,2022-06-09 15:00:00,303.0,314.9,295.0,303.0,0.0,7583.2,2308579.82,0
2022-06-10,2022-06-10 11:00:00,302.0,305.45,297.05,301.45,-0.18,2234.8,664700.98,-1
2022-06-10,2022-06-10 12:00:00,301.45,301.45,300.9,300.9,-0.18,2234.8,664700.98,-1
2022-06-10,2022-06-10 13:00:00,300.9,300.9,300.35,300.35,-0.18,2234.8,664700.98,-1
2022-06-10,2022-06-10 14:00:00,300.35,300.35,299.8,299.8,-0.18,2234.8,664700.98,-1
2022-06-10,2022-06-10 15:00:00,299.8,308.9,292.1,299.8,0.0,2234.8,664700.98,0
2022-06-13,2022-06-13 11:00:00,294.0,296.9,291.5,293.75,-0.09,1225.0,357438.24,-1
2022-06-13,2022-06-13 12:00:00,293.75,293.75,293.5,293.5,-0.09,1225.0,357438.24,-1
2022-06-13,2022-06-13 13:00:00,293.5,293.5,293.25,293.25,-0.09,1225.0,357438.24,-1
2022-06-13,2022-06-13 14:00:00,293.25,293.25,293.0,293.0,-0.09,1225.0,357438.24,-1
2022-06-13,2022-06-13 15:00:00,293.0,299.8,289.0,293.0,0.0,1225.0,357438.24,0
2022-06-14,2022-06-14 11:00:00,290.0,296.95,281.0,293.48,1.2,9095.6,2561409.3,1
2022-06-14,2022-06-14 12:00:00,293.48,296.95,293.48,296.95,1.18,9095.6,2561409.3,1
2022-06-14,2022-06-14 13:00:00,296.95,300.42,296.95,300.42,1.17,9095.6,2561409.3,1
2022-06-14,2022-06-14 14:00:00,300.42,303.9,300.42,303.9,1.16,9095.6,2561409.3,1
2022-06-14,2022-06-14 15:00:00,303.9,303.9,272.0,303.9,0.0,9095.6,2561409.3,0
2022-06-15,2022-06-15 11:00:00,309.9,309.9,291.75,303.92,-1.93,7168.0,1987736.26,-1
2022-06-15,2022-06-15 12:00:00,303.92,303.92,297.95,297.95,-1.96,7168.0,1987736.26,-1
2022-06-15,2022-06-15 13:00:00,297.95,297.95,291.98,291.98,-2.0,7168.0,1987736.26,-1
2022-06-15,2022-06-15 14:00:00,291.98,291.98,286.0,286.0,-2.05,7168.0,1987736.26,-1
2022-06-15,2022-06-15 15:00:00,286.0,309.9,273.6,286.0,0.0,7168.0,1987736.26,0
2022-06-16,2022-06-16 11:00:00,289.9,289.95,282.45,288.42,-0.51,8060.4,2272259.54,-1
2022-06-16,2022-06-16 12:00:00,288.42,288.42,286.95,286.95,-0.51,8060.4,2272259.54,-1
2022-06-16,2022-06-16 13:00:00,286.95,286.95,285.48,285.48,-0.51,8060.4,2272259.54,-1
2022-06-16,2022-06-16 14:00:00,285.48,285.48,284.0,284.0,-0.52,8060.4,2272259.54,-1
2022-06-16,2022-06-16 15:00:00,284.0,290.0,275.0,284.0,0.0,8060.4,2272259.54,0
2022-06-17,2022-06-17 11:00:00,285.0,285.0,276.85,282.0,-1.05,1077.6,295399.64,-1
2022-06-17,2022-06-17 12:00:00,282.0,282.0,279.0,279.0,-1.06,1077.6,295399.64,-1
2022-06-17,2022-06-17 13:00:00,279.0,279.0,276.0,276.0,-1.08,1077.6,295399.64,-1
2022-06-17,2022-06-17 14:00:00,276.0,276.0,273.0,273.0,-1.09,1077.6,295399.64,-1
2022-06-17,2022-06-17 15:00:00,273.0,285.0,268.7,273.0,0.0,1077.6,295399.64,0
2022-06-19,2022-06-19 11:00:00,277.0,277.0,263.0,271.0,-2.17,4554.0,1169511.2,-1
2022-06-19,2022-06-19 12:00:00,271.0,271.0,265.0,265.0,-2.21,4554.0,1169511.2,-1
2022-06-19,2022-06-19 13:00:00,265.0,265.0,259.0,259.0,-2.26,4554.0,1169511.2,-1
2022-06-19,2022-06-19 14:00:00,259.0,259.0,253.0,253.0,-2.32,4554.0,1169511.2,-1
2022-06-19,2022-06-19 15:00:00,253.0,277.0,249.0,253.0,0.0,4554.0,1169511.2,0
2022-06-20,2022-06-20 11:00:00,248.0,248.0,239.0,243.75,-1.71,6731.8,1596808.54,-1
2022-06-20,2022-06-20 12:00:00,243.75,243.75,239.5,239.5,-1.74,6731.8,1596808.54,-1
2022-06-20,2022-06-20 13:00:00,239.5,239.5,235.25,235.25,-1.77,6731.8,1596808.54,-1
2022-06-20,2022-06-20 14:00:00,235.25,235.25,231.0,231.0,-1.81,6731.8,1596808.54,-1
2022-06-20,2022-06-20 15:00:00,231.0,248.0,230.0,231.0,0.0,6731.8,1596808.54,0
2022-06-21,2022-06-21 11:00:00,235.0,241.85,232.5,236.75,0.74,3723.6,898270.88,1
2022-06-21,2022-06-21 12:00:00,236.75,238.5,236.75,238.5,0.74,3723.6,898270.88,1
2022-06-21,2022-06-21 13:00:00,238.5,240.25,238.5,240.25,0.73,3723.6,898270.88,1
2022-06-21,2022-06-21 14:00:00,240.25,242.0,240.25,242.0,0.73,3723.6,898270.88,1
2022-06-21,2022-06-21 15:00:00,242.0,248.7,230.0,242.0,0.0,3723.6,898270.88,0
2022-06-22,2022-06-22 11:00:00,240.0,240.35,234.2,240.18,0.08,2340.0,545943.4,1
2022-06-22,2022-06-22 12:00:00,240.18,240.35,240.18,240.35,0.07,2340.0,545943.4,1
2022-06-22,2022-06-22 13:00:00,240.35,240.52,240.35,240.52,0.07,2340.0,545943.4,1
2022-06-22,2022-06-22 14:00:00,240.52,240.7,240.52,240.7,0.07,2340.0,545943.4,1
2022-06-22,2022-06-22 15:00:00,240.7,240.7,228.4,240.7,0.0,2340.0,545943.4,0
2022-06-23,2022-06-23 11:00:00,235.9,235.9,228.45,233.93,-0.84,2615.0,584996.74,-1
2022-06-23,2022-06-23 12:00:00,233.93,233.93,231.95,231.95,-0.85,2615.0,584996.74,-1
2022-06-23,2022-06-23 13:00:00,231.95,231.95,229.97,229.97,-0.85,2615.0,584996.74,-1
2022-06-23,2022-06-23 14:00:00,229.97,229.97,228.0,228.0,-0.86,2615.0,584996.74,-1
2022-06-23,2022-06-23 15:00:00,228.0,235.9,221.0,228.0,0.0,2615.0,584996.74,0
2022-06-24,2022-06-24 11:00:00,223.5,230.5,219.55,227.0,1.57,2907.0,657576.0,1
2022-06-24,2022-06-24 12:00:00,227.0,230.5,227.0,230.5,1.54,2907.0,657576.0,1
2022-06-24,2022-06-24 13:00:00,230.5,234.0,230.5,234.0,1.52,2907.0,657576.0,1
2022-06-24,2022-06-24 14:00:00,234.0,237.5,234.0,237.5,1.5,2907.0,657576.0,1
2022-06-24,2022-06-24 15:00:00,237.5,237.5,215.6,237.5,0.0,2907.0,657576.0,0
2022-06-26,2022-06-26 11:00:00,240.9,248.95,236.85,244.93,1.67,9981.2,2462644.74,1
2022-06-26,2022-06-26 12:00:00,244.93,248.95,244.93,248.95,1.64,9981.2,2462644.74,1
2022-06-26,2022-06-26 13:00:00,248.95,252.97,248.95,252.97,1.61,9981.2,2462644.74,1
2022-06-26,2022-06-26 14:00:00,252.97,257.0,252.97,257.0,1.59,9981.2,2462644.74,1
2022-06-26,2022-06-26 15:00:00,257.0,257.0,232.8,257.0,0.0,9981.2,2462644.74,0
2022-06-27,2022-06-27 11:00:00,252.0,257.0,247.0,251.5,-0.2,3663.2,925172.98,-1
2022-06-27,2022-06-27 12:00:00,251.5,251.5,251.0,251.0,-0.2,3663.2,925172.98,-1
2022-06-27,2022-06-27 13:00:00,251.0,251.0,250.5,250.5,-0.2,3663.2,925172.98,-1
2022-06-27,2022-06-27 14:00:00,250.5,250.5,250.0,250.0,-0.2,3663.2,925172.98,-1
2022-06-27,2022-06-27 15:00:00,250.0,262.0,242.0,250.0,0.0,3663.2,925172.98,0
2022-06-28,2022-06-28 11:00:00,253.0,253.0,244.1,249.72,-1.3,2368.8,565070.22,-1
2022-06-28,2022-06-28 12:00:00,249.72,249.72,246.45,246.45,-1.31,2368.8,565070.22,-1
2022-06-28,2022-06-28 13:00:00,246.45,246.45,243.18,243.18,-1.33,2368.8,565070.22,-1
2022-06-28,2022-06-28 14:00:00,243.18,243.18,239.9,239.9,-1.35,2368.8,565070.22,-1
2022-06-28,2022-06-28 15:00:00,239.9,253.0,235.2,239.9,0.0,2368.8,565070.22,0
2022-06-29,2022-06-29 11:00:00,243.0,249.5,240.5,244.75,0.72,4054.4,1008530.3,1
2022-06-29,2022-06-29 12:00:00,244.75,246.5,244.75,246.5,0.72,4054.4,1008530.3,1
2022-06-29,2022-06-29 13:00:00,246.5,248.25,246.5,248.25,0.71,4054.4,1008530.3,1
2022-06-29,2022-06-29 14:00:00,248.25,250.0,248.25,250.0,0.7,4054.4,1008530.3,1
2022-06-29,2022-06-29 15:00:00,250.0,256.0,238.0,250.0,0.0,4054.4,1008530.3,0
2022-06-30,2022-06-30 11:00:00,255.0,260.0,252.5,257.0,0.78,7635.2,1986664.6,1
2022-06-30,2022-06-30 12:00:00,257.0,259.0,257.0,259.0,0.78,7635.2,1986664.6,1
2022-06-30,2022-06-30 13:00:00,259.0,261.0,259.0,261.0,0.77,7635.2,1986664.6,1
2022-06-30,2022-06-30 14:00:00,261.0,263.0,261.0,263.0,0.77,7635.2,1986664.6,1
2022-06-30,2022-06-30 15:00:00,263.0,265.0,250.0,263.0,0.0,7635.2,1986664.6,0
2022-07-01,2022-07-01 11:00:00,268.2,271.6,260.6,269.9,0.63,4611.8,1223970.52,1
2022-07-01,2022-07-01 12:00:00,269.9,271.6,269.9,271.6,0.63,4611.8,1223970.52,1
2022-07-01,2022-07-01 13:00:00,271.6,273.3,271.6,273.3,0.63,4611.8,1223970.52,1
2022-07-01,2022-07-01 14:00:00,273.3,275.0,273.3,275.0,0.62,4611.8,1223970.52,1
2022-07-01,2022-07-01 15:00:00,275.0,275.0,253.0,275.0,0.0,4611.8,1223970.52,0
2022-07-03,2022-07-03 11:00:00,270.0,282.0,269.0,275.0,1.85,6933.2,1944845.64,1
2022-07-03,2022-07-03 12:00:00,275.0,280.0,275.0,280.0,1.82,6933.2,1944845.64,1
2022-07-03,2022-07-03 13:00:00,280.0,285.0,280.0,285.0,1.79,6933.2,1944845.64,1
2022-07-03,2022-07-03 14:00:00,285.0,290.0,285.0,290.0,1.75,6933.2,1944845.64,1
2022-07-03,2022-07-03 15:00:00,290.0,294.0,268.0,290.0,0.0,6933.2,1944845.64,0
2022-07-04,2022-07-04 11:00:00,294.0,300.0,281.75,295.5,0.51,9029.8,2661301.04,1
2022-07-04,2022-07-04 12:00:00,295.5,297.0,295.5,297.0,0.51,9029.8,2661301.04,1
2022-07-04,2022-07-04 13:00:00,297.0,298.5,297.0,298.5,0.51,9029.8,2661301.04,1
2022-07-04,2022-07-04 14:00:00,298.5,300.0,298.5,300.0,0.5,9029.8,2661301.04,1
2022-07-04,2022-07-04 15:00:00,300.0,306.0,269.5,300.0,0.0,9029.8,2661301.04,0
2022-07-05,2022-07-05 11:00:00,306.0,306.0,290.55,300.5,-1.8,9641.6,2761742.8,-1
2022-07-05,2022-07-05 12:00:00,300.5,300.5,295.0,295.0,-1.83,9641.6,2761742.8,-1
2022-07-05,2022-07-05 13:00:00,295.0,295.0,289.5,289.5,-1.86,9641.6,2761742.8,-1
2022-07-05,2022-07-05 14:00:00,289.5,289.5,284.0,284.0,-1.9,9641.6,2761742.8,-1
2022-07-05,2022-07-05 15:00:00,284.0,306.0,275.1,284.0,0.0,9641.6,2761742.8,0
2022-07-06,2022-07-06 11:00:00,280.0,284.5,273.5,279.5,-0.18,5618.6,1554937.12,-1
2022-07-06,2022-07-06 12:00:00,279.5,279.5,279.0,279.0,-0.18,5618.6,1554937.12,-1
2022-07-06,2022-07-06 13:00:00,279.0,279.0,278.5,278.5,-0.18,5618.6,1554937.12,-1
2022-07-06,2022-07-06 14:00:00,278.5,278.5,278.0,278.0,-0.18,5618.6,1554937.12,-1
2022-07-06,2022-07-06 15:00:00,278.0,289.0,267.0,278.0,0.0,5618.6,1554937.12,0
2022-07-07,2022-07-07 11:00:00,281.0,287.35,277.5,282.5,0.53,8729.0,2456737.6,1
2022-07-07,2022-07-07 12:00:00,282.5,284.0,282.5,284.0,0.53,8729.0,2456737.6,1
2022-07-07,2022-07-07 13:00:00,284.0,285.5,284.0,285.5,0.53,8729.0,2456737.6,1
2022-07-07,2022-07-07 14:00:00,285.5,287.0,285.5,287.0,0.53,8729.0,2456737.6,1
2022-07-07,2022-07-07 15:00:00,287.0,293.7,274.0,287.0,0.0,8729.0,2456737.6,0
2022-07-08,2022-07-08 11:00:00,291.0,291.0,281.5,287.5,-1.2,1171.6,321653.58,-1
2022-07-08,2022-07-08 12:00:00,287.5,287.5,284.0,284.0,-1.22,1171.6,321653.58,-1
2022-07-08,2022-07-08 13:00:00,284.0,284.0,280.5,280.5,-1.23,1171.6,321653.58,-1
2022-07-08,2022-07-08 14:00:00,280.5,280.5,277.0,277.0,-1.25,1171.6,321653.58,-1
2022-07-08,2022-07-08 15:00:00,277.0,291.0,272.0,277.0,0.0,1171.6,321653.58,0
2022-07-11,2022-07-11 11:00:00,271.5,271.5,261.75,266.62,-1.8,4322.6,1109569.6,-1
2022-07-11,2022-07-11 12:00:00,266.62,266.62,261.75,261.75,-1.83,4322.6,1109569.6,-1
2022-07-11,2022-07-11 13:00:00,261.75,261.75,256.88,256.88,-1.86,4322.6,1109569.6,-1
2022-07-11,2022-07-11 14:00:00,256.88,256.88,252.0,252.0,-1.9,4322.6,1109569.6,-1
2022-07-11,2022-07-11 15:00:00,252.0,271.5,252.0,252.0,0.0,4322.6,1109569.6,0
2022-07-12,2022-07-12 11:00:00,257.0,263.3,251.5,257.5,0.19,2952.2,748611.0,1
2022-07-12,2022-07-12 12:00:00,257.5,258.0,257.5,258.0,0.19,2952.2,748611.0,1
2022-07-12,2022-07-12 13:00:00,258.0,258.5,258.0,258.5,0.19,2952.2,748611.0,1
2022-07-12,2022-07-12 14:00:00,258.5,259.0,258.5,259.0,0.19,2952.2,748611.0,1
2022-07-12,2022-07-12 15:00:00,259.0,269.6,246.0,259.0,0.0,2952.2,748611.0,0
2022-07-13,2022-07-13 11:00:00,263.0,273.5,260.5,268.0,1.9,6892.2,1848388.24,1
2022-07-13,2022-07-13 12:00:00,268.0,273.0,268.0,273.0,1.87,6892.2,1848388.24,1
2022-07-13,2022-07-13 13:00:00,273.0,278.0,273.0,278.0,1.83,6892.2,1848388.24,1
2022-07-13,2022-07-13 14:00:00,278.0,283.0,278.0,283.0,1.8,6892.2,1848388.24,1
2022-07-13,2022-07-13 15:00:00,283.0,284.0,258.0,283.0,0.0,6892.2,1848388.24,0
2022-07-14,2022-07-14 11:00:00,280.0,284.0,276.0,281.4,0.5,5378.4,1500026.92,1
2022-07-14,2022-07-14 12:00:00,281.4,282.8,281.4,282.8,0.5,5378.4,1500026.92,1
2022-07-14,2022-07-14 13:00:00,282.8,284.2,282.8,284.2,0.5,5378.4,1500026.92,1
2022-07-14,2022-07-14 14:00:00,284.2,285.6,284.2,285.6,0.49,5378.4,1500026.92,1
2022-07-14,2022-07-14 15:00:00,285.6,288.0,272.0,285.6,0.0,5378.4,1500026.92,0
2022-07-15,2022-07-15 11:00:00,291.3,291.3,281.65,286.48,-1.65,2247.0,620494.8,-1
2022-07-15,2022-07-15 12:00:00,286.48,286.48,281.65,281.65,-1.69,2247.0,620494.8,-1
2022-07-15,2022-07-15 13:00:00,281.65,281.65,276.82,276.82,-1.71,2247.0,620494.8,-1
2022-07-15,2022-07-15 14:00:00,276.82,276.82,272.0,272.0,-1.74,2247.0,620494.8,-1
2022-07-15,2022-07-15 15:00:00,272.0,291.3,272.0,272.0,0.0,2247.0,620494.8,0
2022-07-17,2022-07-17 11:00:00,277.4,277.4,269.4,275.55,-0.67,2000.4,545441.6,-1
2022-07-17,2022-07-17 12:00:00,275.55,275.55,273.7,273.7,-0.67,2000.4,545441.6,-1
2022-07-17,2022-07-17 13:00:00,273.7,273.7,271.85,271.85,-0.68,2000.4,545441.6,-1
2022-07-17,2022-07-17 14:00:00,271.85,271.85,270.0,270.0,-0.68,2000.4,545441.6,-1
2022-07-17,2022-07-17 15:00:00,270.0,277.4,261.4,270.0,0.0,2000.4,545441.6,0
2022-07-18,2022-07-18 11:00:00,275.0,276.5,270.0,274.75,-0.09,1843.0,501408.5,-1
2022-07-18,2022-07-18 12:00:00,274.75,274.75,274.5,274.5,-0.09,1843.0,501408.5,-1
2022-07-18,2022-07-18 13:00:00,274.5,274.5,274.25,274.25,-0.09,1843.0,501408.5,-1
2022-07-18,2022-07-18 14:00:00,274.25,274.25,274.0,274.0,-0.09,1843.0,501408.5,-1
2022-07-18,2022-07-18 15:00:00,274.0,278.0,265.0,274.0,0.0,1843.0,501408.5,0
2022-07-19,2022-07-19 11:00:00,278.0,281.0,274.5,278.25,0.09,4823.4,1346910.0,1
2022-07-19,2022-07-19 12:00:00,278.25,278.5,278.25,278.5,0.09,4823.4,1346910.0,1
2022-07-19,2022-07-19 13:00:00,278.5,278.75,278.5,278.75,0.09,4823.4,1346910.0,1
2022-07-19,2022-07-19 14:00:00,278.75,279.0,278.75,279.0,0.09,4823.4,1346910.0,1
2022-07-19,2022-07-19 15:00:00,279.0,284.0,271.0,279.0,0.0,4823.4,1346910.0,0
2022-07-20,2022-07-20 11:00:00,284.5,284.5,278.25,281.4,-1.09,3418.8,948131.64,-1
2022-07-20,2022-07-20 12:00:00,281.4,281.4,278.3,278.3,-1.1,3418.8,948131.64,-1
2022-07-20,2022-07-20 13:00:00,278.3,278.3,275.2,275.2,-1.11,3418.8,948131.64,-1
2022-07-20,2022-07-20 14:00:00,275.2,275.2,272.1,272.1,-1.13,3418.8,948131.64,-1
2022-07-20,2022-07-20 15:00:00,272.1,284.5,272.0,272.1,0.0,3418.8,948131.64,0
2022-07-21,2022-07-21 11:00:00,277.5,277.5,273.25,277.0,-0.18,2842.8,770357.3,-1
2022-07-21,2022-07-21 12:00:00,277.0,277.0,276.5,276.5,-0.18,2842.8,770357.3,-1
2022-07-21,2022-07-21 13:00:00,276.5,276.5,276.0,276.0,-0.18,2842.8,770357.3,-1
2022-07-21,2022-07-21 14:00:00,276.0,276.0,275.5,275.5,-0.18,2842.8,770357.3,-1
2022-07-21,2022-07-21 15:00:00,275.5,277.5,269.0,275.5,0.0,2842.8,770357.3,0
2022-07-22,2022-07-22 11:00:00,281.0,281.0,271.5,278.55,-0.87,2672.0,711204.22,-1
2022-07-22,2022-07-22 12:00:00,278.55,278.55,276.1,276.1,-0.88,2672.0,711204.22,-1
2022-07-22,2022-07-22 13:00:00,276.1,276.1,273.65,273.65,-0.89,2672.0,711204.22,-1
2022-07-22,2022-07-22 14:00:00,273.65,273.65,271.2,271.2,-0.9,2672.0,711204.22,-1
2022-07-22,2022-07-22 15:00:00,271.2,281.0,262.0,271.2,0.0,2672.0,711204.22,0
2022-07-24,2022-07-24 11:00:00,276.6,281.8,273.3,279.18,0.93,7221.8,2022040.0,1
2022-07-24,2022-07-24 12:00:00,279.18,281.75,279.18,281.75,0.92,7221.8,2022040.0,1
2022-07-24,2022-07-24 13:00:00,281.75,284.32,281.75,284.32,0.91,7221.8,2022040.0,1
2022-07-24,2022-07-24 14:00:00,284.32,286.9,284.32,286.9,0.91,7221.8,2022040.0,1
2022-07-24,2022-07-24 15:00:00,286.9,287.0,270.0,286.9,0.0,7221.8,2022040.0,0
2022-07-25,2022-07-25 11:00:00,292.6,302.75,288.3,295.7,1.06,15342.8,4534020.78,1
2022-07-25,2022-07-25 12:00:00,295.7,298.8,295.7,298.8,1.05,15342.8,4534020.78,1
2022-07-25,2022-07-25 13:00:00,298.8,301.9,298.8,301.9,1.04,15342.8,4534020.78,1
2022-07-25,2022-07-25 14:00:00,301.9,305.0,301.9,305.0,1.03,15342.8,4534020.78,1
2022-07-25,2022-07-25 15:00:00,305.0,312.9,284.0,305.0,0.0,15342.8,4534020.78,0
2022-07-26,2022-07-26 11:00:00,300.0,302.95,295.0,298.7,-0.43,10642.0,3155723.3,-1
2022-07-26,2022-07-26 12:00:00,298.7,298.7,297.4,297.4,-0.44,10642.0,3155723.3,-1
2022-07-26,2022-07-26 13:00:00,297.4,297.4,296.1,296.1,-0.44,10642.0,3155723.3,-1
2022-07-26,2022-07-26 14:00:00,296.1,296.1,294.8,294.8,-0.44,10642.0,3155723.3,-1
2022-07-26,2022-07-26 15:00:00,294.8,305.9,290.0,294.8,0.0,10642.0,3155723.3,0
2022-07-27,2022-07-27 11:00:00,290.0,298.0,287.25,292.5,0.86,12445.6,3683334.68,1
2022-07-27,2022-07-27 12:00:00,292.5,295.0,292.5,295.0,0.85,12445.6,3683334.68,1
2022-07-27,2022-07-27 13:00:00,295.0,297.5,295.0,297.5,0.85,12445.6,3683334.68,1
2022-07-27,2022-07-27 14:00:00,297.5,300.0,297.5,300.0,0.84,12445.6,3683334.68,1
2022-07-27,2022-07-27 15:00:00,300.0,306.0,284.5,300.0,0.0,12445.6,3683334.68,0
2022-07-28,2022-07-28 11:00:00,304.0,308.0,299.0,304.0,0.0,19043.8,5847029.54,0
2022-07-28,2022-07-28 12:00:00,304.0,304.0,304.0,304.0,0.0,19043.8,5847029.54,0
2022-07-28,2022-07-28 13:00:00,304.0,304.0,304.0,304.0,0.0,19043.8,5847029.54,0
2022-07-28,2022-07-28 14:00:00,304.0,304.0,304.0,304.0,0.0,19043.8,5847029.54,0
2022-07-28,2022-07-28 15:00:00,304.0,312.0,294.0,304.0,0.0,19043.8,5847029.54,0
2022-07-29,2022-07-29 11:00:00,310.0,310.0,301.05,307.5,-0.81,3780.6,1129427.8,-1
2022-07-29,2022-07-29 12:00:00,307.5,307.5,305.0,305.0,-0.81,3780.6,1129427.8,-1
2022-07-29,2022-07-29 13:00:00,305.0,305.0,302.5,302.5,-0.82,3780.6,1129427.8,-1
2022-07-29,2022-07-29 14:00:00,302.5,302.5,300.0,300.0,-0.83,3780.6,1129427.8,-1
2022-07-29,2022-07-29 15:00:00,300.0,310.0,292.1,300.0,0.0,3780.6,1129427.8,0
2022-07-31,2022-07-31 11:00:00,300.0,304.5,300.0,300.75,0.25,9861.2,2998600.94,1
2022-07-31,2022-07-31 12:00:00,300.75,301.5,300.75,301.5,0.25,9861.2,2998600.94,1
2022-07-31,2022-07-31 13:00:00,301.5,302.25,301.5,302.25,0.25,9861.2,2998600.94,1
2022-07-31,2022-07-31 14:00:00,302.25,303.0,302.25,303.0,0.25,9861.2,2998600.94,1
2022-07-31,2022-07-31 15:00:00,303.0,309.0,300.0,303.0,0.0,9861.2,2998600.94,0
2022-08-01,2022-08-01 11:00:00,309.0,311.55,305.0,307.05,-0.63,14170.0,4343791.78,-1
2022-08-01,2022-08-01 12:00:00,307.05,307.05,305.1,305.1,-0.64,14170.0,4343791.78,-1
2022-08-01,2022-08-01 13:00:00,305.1,305.1,303.15,303.15,-0.64,14170.0,4343791.78,-1
2022-08-01,2022-08-01 14:00:00,303.15,303.15,301.2,301.2,-0.64,14170.0,4343791.78,-1
2022-08-01,2022-08-01 15:00:00,301.2,314.1,301.0,301.2,0.0,14170.0,4343791.78,0
2022-08-02,2022-08-02 11:00:00,295.6,305.35,295.6,299.95,1.47,20348.4,6295557.06,1
2022-08-02,2022-08-02 12:00:00,299.95,304.3,299.95,304.3,1.45,20348.4,6295557.06,1
2022-08-02,2022-08-02 13:00:00,304.3,308.65,304.3,308.65,1.43,20348.4,6295557.06,1
2022-08-02,2022-08-02 14:00:00,308.65,313.0,308.65,313.0,1.41,20348.4,6295557.06,1
2022-08-02,2022-08-02 15:00:00,313.0,315.1,295.6,313.0,0.0,20348.4,6295557.06,0
2022-08-03,2022-08-03 11:00:00,306.8,322.9,306.8,312.18,1.75,28536.6,9466735.5,1
2022-08-03,2022-08-03 12:00:00,312.18,317.55,312.18,317.55,1.72,28536.6,9466735.5,1
2022-08-03,2022-08-03 13:00:00,317.55,322.93,317.55,322.93,1.69,28536.6,9466735.5,1
2022-08-03,2022-08-03 14:00:00,322.93,328.3,322.93,328.3,1.66,28536.6,9466735.5,1
2022-08-03,2022-08-03 15:00:00,328.3,339.0,306.8,328.3,0.0,28536.6,9466735.5,0
2022-08-04,2022-08-04 11:00:00,321.8,326.4,315.4,319.6,-0.68,14876.6,4806343.86,-1
2022-08-04,2022-08-04 12:00:00,319.6,319.6,317.4,317.4,-0.69,14876.6,4806343.86,-1
2022-08-04,2022-08-04 13:00:00,317.4,317.4,315.2,315.2,-0.69,14876.6,4806343.86,-1
2022-08-04,2022-08-04 14:00:00,315.2,315.2,313.0,313.0,-0.7,14876.6,4806343.86,-1
2022-08-04,2022-08-04 15:00:00,313.0,331.0,309.0,313.0,0.0,14876.6,4806343.86,0
2022-08-05,2022-08-05 11:00:00,310.0,314.0,307.75,308.88,-0.36,7246.0,2254045.18,-1
2022-08-05,2022-08-05 12:00:00,308.88,308.88,307.75,307.75,-0.37,7246.0,2254045.18,-1
2022-08-05,2022-08-05 13:00:00,307.75,307.75,306.62,306.62,-0.37,7246.0,2254045.18,-1
2022-08-05,2022-08-05 14:00:00,306.62,306.62,305.5,305.5,-0.37,7246.0,2254045.18,-1
2022-08-05,2022-08-05 15:00:00,305.5,318.0,305.5,305.5,0.0,7246.0,2254045.18,0
2022-08-07,2022-08-07 11:00:00,305.0,311.5,305.0,306.98,0.65,8922.6,2780303.76,1
2022-08-07,2022-08-07 12:00:00,306.98,308.95,306.98,308.95,0.64,8922.6,2780303.76,1
2022-08-07,2022-08-07 13:00:00,308.95,310.92,308.95,310.92,0.64,8922.6,2780303.76,1
2022-08-07,2022-08-07 14:00:00,310.92,312.9,310.92,312.9,0.64,8922.6,2780303.76,1
2022-08-07,2022-08-07 15:00:00,312.9,318.0,305.0,312.9,0.0,8922.6,2780303.76,0
2022-08-08,2022-08-08 11:00:00,317.0,317.0,309.95,313.48,-1.11,9392.0,2900435.14,-1
2022-08-08,2022-08-08 12:00:00,313.48,313.48,309.95,309.95,-1.13,9392.0,2900435.14,-1
2022-08-08,2022-08-08 13:00:00,309.95,309.95,306.42,306.42,-1.14,9392.0,2900435.14,-1
2022-08-08,2022-08-08 14:00:00,306.42,306.42,302.9,302.9,-1.15,9392.0,2900435.14,-1
2022-08-08,2022-08-08 15:00:00,302.9,317.0,302.9,302.9,0.0,9392.0,2900435.14,0
2022-08-09,2022-08-09 11:00:00,307.0,307.0,300.5,303.75,-1.06,9100.0,2730163.3,-1
2022-08-09,2022-08-09 12:00:00,303.75,303.75,300.5,300.5,-1.07,9100.0,2730163.3,-1
2022-08-09,2022-08-09 13:00:00,300.5,300.5,297.25,297.25,-1.08,9100.0,2730163.3,-1
2022-08-09,2022-08-09 14:00:00,297.25,297.25,294.0,294.0,-1.09,9100.0,2730163.3,-1
2022-08-09,2022-08-09 15:00:00,294.0,307.0,294.0,294.0,0.0,9100.0,2730163.3,0
2022-08-10,2022-08-10 11:00:00,299.8,300.4,294.9,298.9,-0.3,4175.0,1231354.04,-1
2022-08-10,2022-08-10 12:00:00,298.9,298.9,298.0,298.0,-0.3,4175.0,1231354.04,-1
2022-08-10,2022-08-10 13:00:00,298.0,298.0,297.1,297.1,-0.3,4175.0,1231354.04,-1
2022-08-10,2022-08-10 14:00:00,297.1,297.1,296.2,296.2,-0.3,4175.0,1231354.04,-1
2022-08-10,2022-08-10 15:00:00,296.2,301.0,290.0,296.2,0.0,4175.0,1231354.04,0
2022-08-11,2022-08-11 11:00:00,296.0,302.0,290.5,293.75,-0.76,7028.6,2051707.7,-1
2022-08-11,2022-08-11 12:00:00,293.75,293.75,291.5,291.5,-0.77,7028.6,2051707.7,-1
2022-08-11,2022-08-11 13:00:00,291.5,291.5,289.25,289.25,-0.77,7028.6,2051707.7,-1
2022-08-11,2022-08-11 14:00:00,289.25,289.25,287.0,287.0,-0.78,7028.6,2051707.7,-1
2022-08-11,2022-08-11 15:00:00,287.0,308.0,285.0,287.0,0.0,7028.6,2051707.7,0
2022-08-14,2022-08-14 11:00:00,292.7,295.35,288.35,291.77,-0.32,8521.4,2482986.06,-1
2022-08-14,2022-08-14 12:00:00,291.77,291.77,290.85,290.85,-0.32,8521.4,2482986.06,-1
2022-08-14,2022-08-14 13:00:00,290.85,290.85,289.93,289.93,-0.32,8521.4,2482986.06,-1
2022-08-14,2022-08-14 14:00:00,289.93,289.93,289.0,289.0,-0.32,8521.4,2482986.06,-1
2022-08-14,2022-08-14 15:00:00,289.0,298.0,284.0,289.0,0.0,8521.4,2482986.06,0
2022-08-15,2022-08-15 11:00:00,292.7,299.35,291.95,295.27,0.88,7836.6,2335560.26,1
2022-08-15,2022-08-15 12:00:00,295.27,297.85,295.27,297.85,0.87,7836.6,2335560.26,1
2022-08-15,2022-08-15 13:00:00,297.85,300.43,297.85,300.43,0.87,7836.6,2335560.26,1
2022-08-15,2022-08-15 14:00:00,300.43,303.0,300.43,303.0,0.86,7836.6,2335560.26,1
2022-08-15,2022-08-15 15:00:00,303.0,306.0,291.2,303.0,0.0,7836.6,2335560.26,0
2022-08-16,2022-08-16 11:00:00,303.0,305.0,296.6,300.0,-0.99,7928.8,2364410.66,-1
2022-08-16,2022-08-16 12:00:00,300.0,300.0,297.0,297.0,-1.0,7928.8,2364410.66,-1
2022-08-16,2022-08-16 13:00:00,297.0,297.0,294.0,294.0,-1.01,7928.8,2364410.66,-1
2022-08-16,2022-08-16 14:00:00,294.0,294.0,291.0,291.0,-1.02,7928.8,2364410.66,-1
2022-08-16,2022-08-16 15:00:00,291.0,307.0,290.2,291.0,0.0,7928.8,2364410.66,0
2022-08-17,2022-08-17 11:00:00,291.1,298.55,291.05,292.08,0.34,8831.6,2616776.62,1
2022-08-17,2022-08-17 12:00:00,292.08,293.05,292.08,293.05,0.33,8831.6,2616776.62,1
2022-08-17,2022-08-17 13:00:00,293.05,294.02,293.05,294.02,0.33,8831.6,2616776.62,1
2022-08-17,2022-08-17 14:00:00,294.02,295.0,294.02,295.0,0.33,8831.6,2616776.62,1
2022-08-17,2022-08-17 15:00:00,295.0,306.0,291.0,295.0,0.0,8831.6,2616776.62,0
2022-08-18,2022-08-18 11:00:00,299.0,303.5,297.65,300.05,0.35,7460.8,2263037.96,1
2022-08-18,2022-08-18 12:00:00,300.05,301.1,300.05,301.1,0.35,7460.8,2263037.96,1
2022-08-18,2022-08-18 13:00:00,301.1,302.15,301.1,302.15,0.35,7460.8,2263037.96,1
2022-08-18,2022-08-18 14:00:00,302.15,303.2,302.15,303.2,0.35,7460.8,2263037.96,1
2022-08-18,2022-08-18 15:00:00,303.2,308.0,296.3,303.2,0.0,7460.8,2263037.96,0
2022-08-21,2022-08-21 11:00:00,307.0,308.95,301.2,304.65,-0.77,8452.4,2566839.96,-1
2022-08-21,2022-08-21 12:00:00,304.65,304.65,302.3,302.3,-0.77,8452.4,2566839.96,-1
2022-08-21,2022-08-21 13:00:00,302.3,302.3,299.95,299.95,-0.78,8452.4,2566839.96,-1
2022-08-21,2022-08-21 14:00:00,299.95,299.95,297.6,297.6,-0.78,8452.4,2566839.96,-1
2022-08-21,2022-08-21 15:00:00,297.6,310.9,295.4,297.6,0.0,8452.4,2566839.96,0
2022-08-22,2022-08-22 11:00:00,300.0,301.0,297.5,299.2,-0.27,4895.8,1458059.76,-1
2022-08-22,2022-08-22 12:00:00,299.2,299.2,298.4,298.4,-0.27,4895.8,1458059.76,-1
2022-08-22,2022-08-22 13:00:00,298.4,298.4,297.6,297.6,-0.27,4895.8,1458059.76,-1
2022-08-22,2022-08-22 14:00:00,297.6,297.6,296.8,296.8,-0.27,4895.8,1458059.76,-1
2022-08-22,2022-08-22 15:00:00,296.8,302.0,295.0,296.8,0.0,4895.8,1458059.76,0
2022-08-23,2022-08-23 11:00:00,298.9,299.45,295.5,298.42,-0.16,4780.2,1411168.22,-1
2022-08-23,2022-08-23 12:00:00,298.42,298.42,297.95,297.95,-0.16,4780.2,1411168.22,-1
2022-08-23,2022-08-23 13:00:00,297.95,297.95,297.48,297.48,-0.16,4780.2,1411168.22,-1
2022-08-23,2022-08-23 14:00:00,297.48,297.48,297.0,297.0,-0.16,4780.2,1411168.22,-1
2022-08-23,2022-08-23 15:00:00,297.0,300.0,292.1,297.0,0.0,4780.2,1411168.22,0
2022-08-24,2022-08-24 11:00:00,297.0,298.5,293.5,296.95,-0.02,6898.0,2018692.28,-1
2022-08-24,2022-08-24 12:00:00,296.95,296.95,296.9,296.9,-0.02,6898.0,2018692.28,-1
2022-08-24,2022-08-24 13:00:00,296.9,296.9,296.85,296.85,-0.02,6898.0,2018692.28,-1
2022-08-24,2022-08-24 14:00:00,296.85,296.85,296.8,296.8,-0.02,6898.0,2018692.28,-1
2022-08-24,2022-08-24 15:00:00,296.8,300.0,290.0,296.8,0.0,6898.0,2018692.28,0
2022-08-25,2022-08-25 11:00:00,299.9,299.9,293.05,297.9,-0.67,5771.6,1681779.0,-1
2022-08-25,2022-08-25 12:00:00,297.9,297.9,295.9,295.9,-0.67,5771.6,1681779.0,-1
2022-08-25,2022-08-25 13:00:00,295.9,295.9,293.9,293.9,-0.68,5771.6,1681779.0,-1
2022-08-25,2022-08-25 14:00:00,293.9,293.9,291.9,291.9,-0.68,5771.6,1681779.0,-1
2022-08-25,2022-08-25 15:00:00,291.9,299.9,286.2,291.9,0.0,5771.6,1681779.0,0
2022-08-26,2022-08-26 11:00:00,286.4,288.2,283.55,285.32,-0.38,4092.8,1162848.22,-1
2022-08-26,2022-08-26 12:00:00,285.32,285.32,284.25,284.25,-0.38,4092.8,1162848.22,-1
2022-08-26,2022-08-26 13:00:00,284.25,284.25,283.18,283.18,-0.38,4092.8,1162848.22,-1
2022-08-26,2022-08-26 14:00:00,283.18,283.18,282.1,282.1,-0.38,4092.8,1162848.22,-1
2022-08-26,2022-08-26 15:00:00,282.1,290.0,280.7,282.1,0.0,4092.8,1162848.22,0
2022-08-28,2022-08-28 11:00:00,280.0,281.0,274.0,277.0,-1.07,6040.4,1647027.54,-1
2022-08-28,2022-08-28 12:00:00,277.0,277.0,274.0,274.0,-1.08,6040.4,1647027.54,-1
2022-08-28,2022-08-28 13:00:00,274.0,274.0,271.0,271.0,-1.09,6040.4,1647027.54,-1
2022-08-28,2022-08-28 14:00:00,271.0,271.0,268.0,268.0,-1.11,6040.4,1647027.54,-1
2022-08-28,2022-08-28 15:00:00,268.0,282.0,268.0,268.0,0.0,6040.4,1647027.54,0
2022-08-29,2022-08-29 11:00:00,267.0,270.5,267.0,268.25,0.47,2473.6,669658.4,1
2022-08-29,2022-08-29 12:00:00,268.25,269.5,268.25,269.5,0.47,2473.6,669658.4,1
2022-08-29,2022-08-29 13:00:00,269.5,270.75,269.5,270.75,0.46,2473.6,669658.4,1
2022-08-29,2022-08-29 14:00:00,270.75,272.0,270.75,272.0,0.46,2473.6,669658.4,1
2022-08-29,2022-08-29 15:00:00,272.0,274.0,267.0,272.0,0.0,2473.6,669658.4,0
2022-08-30,2022-08-30 11:00:00,274.9,274.95,271.45,273.67,-0.45,2221.0,599206.36,-1
2022-08-30,2022-08-30 12:00:00,273.67,273.67,272.45,272.45,-0.45,2221.0,599206.36,-1
2022-08-30,2022-08-30 13:00:00,272.45,272.45,271.23,271.23,-0.45,2221.0,599206.36,-1
2022-08-30,2022-08-30 14:00:00,271.23,271.23,270.0,270.0,-0.45,2221.0,599206.36,-1
2022-08-30,2022-08-30 15:00:00,270.0,275.0,268.0,270.0,0.0,2221.0,599206.36,0
2022-08-31,2022-08-31 11:00:00,270.0,271.5,266.0,268.0,-0.74,1885.4,503177.0,-1
2022-08-31,2022-08-31 12:00:00,268.0,268.0,266.0,266.0,-0.75,1885.4,503177.0,-1
2022-08-31,2022-08-31 13:00:00,266.0,266.0,264.0,264.0,-0.75,1885.4,503177.0,-1
2022-08-31,2022-08-31 14:00:00,264.0,264.0,262.0,262.0,-0.76,1885.4,503177.0,-1
2022-08-31,2022-08-31 15:00:00,262.0,273.0,262.0,262.0,0.0,1885.4,503177.0,0
2022-09-01,2022-09-01 11:00:00,261.0,265.6,260.85,261.3,0.11,3989.4,1054446.84,1
2022-09-01,2022-09-01 12:00:00,261.3,261.6,261.3,261.6,0.11,3989.4,1054446.84,1
2022-09-01,2022-09-01 13:00:00,261.6,261.9,261.6,261.9,0.11,3989.4,1054446.84,1
2022-09-01,2022-09-01 14:00:00,261.9,262.2,261.9,262.2,0.11,3989.4,1054446.84,1
2022-09-01,2022-09-01 15:00:00,262.2,270.2,260.7,262.2,0.0,3989.4,1054446.84,0
2022-09-02,2022-09-02 11:00:00,266.0,266.5,263.0,265.75,-0.09,1496.0,394299.8,-1
2022-09-02,2022-09-02 12:00:00,265.75,265.75,265.5,265.5,-0.09,1496.0,394299.8,-1
2022-09-02,2022-09-02 13:00:00,265.5,265.5,265.25,265.25,-0.09,1496.0,394299.8,-1
2022-09-02,2022-09-02 14:00:00,265.25,265.25,265.0,265.0,-0.09,1496.0,394299.8,-1
2022-09-02,2022-09-02 15:00:00,265.0,267.0,260.0,265.0,0.0,1496.0,394299.8,0
2022-09-04,2022-09-04 11:00:00,268.0,270.5,266.1,269.23,0.46,888.6,238671.9,1
2022-09-04,2022-09-04 12:00:00,269.23,270.45,269.23,270.45,0.45,888.6,238671.9,1
2022-09-04,2022-09-04 13:00:00,270.45,271.67,270.45,271.67,0.45,888.6,238671.9,1
2022-09-04,2022-09-04 14:00:00,271.67,272.9,271.67,272.9,0.45,888.6,238671.9,1
2022-09-04,2022-09-04 15:00:00,272.9,273.0,264.2,272.9,0.0,888.6,238671.9,0
2022-09-05,2022-09-05 11:00:00,276.0,276.0,273.1,274.55,-0.53,1451.4,394834.5,-1
2022-09-05,2022-09-05 12:00:00,274.55,274.55,273.1,273.1,-0.53,1451.4,394834.5,-1
2022-09-05,2022-09-05 13:00:00,273.1,273.1,271.65,271.65,-0.53,1451.4,394834.5,-1
2022-09-05,2022-09-05 14:00:00,271.65,271.65,270.2,270.2,-0.53,1451.4,394834.5,-1
2022-09-05,2022-09-05 15:00:00,270.2,276.0,270.2,270.2,0.0,1451.4,394834.5,0
2022-09-06,2022-09-06 11:00:00,270.0,270.0,266.4,268.25,-0.65,2180.2,578181.88,-1
2022-09-06,2022-09-06 12:00:00,268.25,268.25,266.5,266.5,-0.65,2180.2,578181.88,-1
2022-09-06,2022-09-06 13:00:00,266.5,266.5,264.75,264.75,-0.66,2180.2,578181.88,-1
2022-09-06,2022-09-06 14:00:00,264.75,264.75,263.0,263.0,-0.66,2180.2,578181.88,-1
2022-09-06,2022-09-06 15:00:00,263.0,270.0,262.8,263.0,0.0,2180.2,578181.88,0
2022-09-07,2022-09-07 11:00:00,258.1,259.55,256.6,258.83,0.28,1272.8,328526.06,1
2022-09-07,2022-09-07 12:00:00,258.83,259.55,258.83,259.55,0.28,1272.8,328526.06,1
2022-09-07,2022-09-07 13:00:00,259.55,260.27,259.55,260.27,0.28,1272.8,328526.06,1
2022-09-07,2022-09-07 14:00:00,260.27,261.0,260.27,261.0,0.28,1272.8,328526.06,1
2022-09-07,2022-09-07 15:00:00,261.0,261.0,255.1,261.0,0.0,1272.8,328526.06,0
2022-09-08,2022-09-08 11:00:00,258.0,262.0,257.15,259.5,0.58,1654.0,432595.4,1
2022-09-08,2022-09-08 12:00:00,259.5,261.0,259.5,261.0,0.58,1654.0,432595.4,1
2022-09-08,2022-09-08 13:00:00,261.0,262.5,261.0,262.5,0.57,1654.0,432595.4,1
2022-09-08,2022-09-08 14:00:00,262.5,264.0,262.5,264.0,0.57,1654.0,432595.4,1
2022-09-08,2022-09-08 15:00:00,264.0,266.0,256.3,264.0,0.0,1654.0,432595.4,0
2022-09-11,2022-09-11 11:00:00,260.8,262.9,259.4,260.6,-0.08,817.0,212653.2,-1
2022-09-11,2022-09-11 12:00:00,260.6,260.6,260.4,260.4,-0.08,817.0,212653.2,-1
2022-09-11,2022-09-11 13:00:00,260.4,260.4,260.2,260.2,-0.08,817.0,212653.2,-1
2022-09-11,2022-09-11 14:00:00,260.2,260.2,260.0,260.0,-0.08,817.0,212653.2,-1
2022-09-11,2022-09-11 15:00:00,260.0,265.0,258.0,260.0,0.0,817.0,212653.2,0
2022-09-12,2022-09-12 11:00:00,258.1,258.1,255.05,257.33,-0.3,1345.0,341527.2,-1
2022-09-12,2022-09-12 12:00:00,257.33,257.33,256.55,256.55,-0.3,1345.0,341527.2,-1
2022-09-12,2022-09-12 13:00:00,256.55,256.55,255.78,255.78,-0.3,1345.0,341527.2,-1
2022-09-12,2022-09-12 14:00:00,255.78,255.78,255.0,255.0,-0.3,1345.0,341527.2,-1
2022-09-12,2022-09-12 15:00:00,255.0,258.1,252.0,255.0,0.0,1345.0,341527.2,0
2022-09-13,2022-09-13 11:00:00,259.0,261.45,258.0,259.5,0.19,1629.8,424296.6,1
2022-09-13,2022-09-13 12:00:00,259.5,260.0,259.5,260.0,0.19,1629.8,424296.6,1
2022-09-13,2022-09-13 13:00:00,260.0,260.5,260.0,260.5,0.19,1629.8,424296.6,1
2022-09-13,2022-09-13 14:00:00,260.5,261.0,260.5,261.0,0.19,1629.8,424296.6,1
2022-09-13,2022-09-13 15:00:00,261.0,263.9,257.0,261.0,0.0,1629.8,424296.6,0
2022-09-14,2022-09-14 11:00:00,264.9,272.45,262.45,267.65,1.04,3892.0,1050591.56,1
2022-09-14,2022-09-14 12:00:00,267.65,270.4,267.65,270.4,1.03,3892.0,1050591.56,1
2022-09-14,2022-09-14 13:00:00,270.4,273.15,270.4,273.15,1.02,3892.0,1050591.56,1
2022-09-14,2022-09-14 14:00:00,273.15,275.9,273.15,275.9,1.01,3892.0,1050591.56,1
2022-09-14,2022-09-14 15:00:00,275.9,280.0,260.0,275.9,0.0,3892.0,1050591.56,0
2022-09-15,2022-09-15 11:00:00,276.0,276.0,266.55,273.0,-1.09,7439.0,1983534.3,-1
2022-09-15,2022-09-15 12:00:00,273.0,273.0,270.0,270.0,-1.1,7439.0,1983534.3,-1
2022-09-15,2022-09-15 13:00:00,270.0,270.0,267.0,267.0,-1.11,7439.0,1983534.3,-1
2022-09-15,2022-09-15 14:00:00,267.0,267.0,264.0,264.0,-1.12,7439.0,1983534.3,-1
2022-09-15,2022-09-15 15:00:00,264.0,276.0,257.1,264.0,0.0,7439.0,1983534.3,0
2022-09-16,2022-09-16 11:00:00,259.0,259.0,252.0,258.48,-0.2,4394.2,1103144.38,-1
2022-09-16,2022-09-16 12:00:00,258.48,258.48,257.95,257.95,-0.21,4394.2,1103144.38,-1
2022-09-16,2022-09-16 13:00:00,257.95,257.95,257.42,257.42,-0.21,4394.2,1103144.38,-1
2022-09-16,2022-09-16 14:00:00,257.42,257.42,256.9,256.9,-0.2,4394.2,1103144.38,-1
2022-09-16,2022-09-16 15:00:00,256.9,259.0,245.0,256.9,0.0,4394.2,1103144.38,0
2022-09-18,2022-09-18 11:00:00,252.0,253.5,245.65,249.0,-1.19,3818.0,937973.48,-1
2022-09-18,2022-09-18 12:00:00,249.0,249.0,246.0,246.0,-1.2,3818.0,937973.48,-1
2022-09-18,2022-09-18 13:00:00,246.0,246.0,243.0,243.0,-1.22,3818.0,937973.48,-1
2022-09-18,2022-09-18 14:00:00,243.0,243.0,240.0,240.0,-1.23,3818.0,937973.48,-1
2022-09-18,2022-09-18 15:00:00,240.0,255.0,239.3,240.0,0.0,3818.0,937973.48,0
2022-09-20,2022-09-20 11:00:00,236.2,236.65,234.1,235.65,-0.23,1930.0,452459.2,-1
2022-09-20,2022-09-20 12:00:00,235.65,235.65,235.1,235.1,-0.23,1930.0,452459.2,-1
2022-09-20,2022-09-20 13:00:00,235.1,235.1,234.55,234.55,-0.23,1930.0,452459.2,-1
2022-09-20,2022-09-20 14:00:00,234.55,234.55,234.0,234.0,-0.23,1930.0,452459.2,-1
2022-09-20,2022-09-20 15:00:00,234.0,237.1,232.0,234.0,0.0,1930.0,452459.2,0
2022-09-21,2022-09-21 11:00:00,236.0,239.3,235.5,236.0,0.0,1496.0,356542.0,0
2022-09-21,2022-09-21 12:00:00,236.0,236.0,236.0,236.0,0.0,1496.0,356542.0,0
2022-09-21,2022-09-21 13:00:00,236.0,236.0,236.0,236.0,0.0,1496.0,356542.0,0
2022-09-21,2022-09-21 14:00:00,236.0,236.0,236.0,236.0,0.0,1496.0,356542.0,0
2022-09-21,2022-09-21 15:00:00,236.0,242.6,235.0,236.0,0.0,1496.0,356542.0,0
2022-09-22,2022-09-22 11:00:00,239.0,239.0,234.5,237.25,-0.73,1005.4,235280.2,-1
2022-09-22,2022-09-22 12:00:00,237.25,237.25,235.5,235.5,-0.74,1005.4,235280.2,-1
2022-09-22,2022-09-22 13:00:00,235.5,235.5,233.75,233.75,-0.74,1005.4,235280.2,-1
2022-09-22,2022-09-22 14:00:00,233.75,233.75,232.0,232.0,-0.75,1005.4,235280.2,-1
2022-09-22,2022-09-22 15:00:00,232.0,239.0,230.0,232.0,0.0,1005.4,235280.2,0
2022-09-25,2022-09-25 11:00:00,228.0,231.0,223.5,226.55,-0.64,1506.0,337180.1,-1
2022-09-25,2022-09-25 12:00:00,226.55,226.55,225.1,225.1,-0.64,1506.0,337180.1,-1
2022-09-25,2022-09-25 13:00:00,225.1,225.1,223.65,223.65,-0.64,1506.0,337180.1,-1
2022-09-25,2022-09-25 14:00:00,223.65,223.65,222.2,222.2,-0.65,1506.0,337180.1,-1
2022-09-25,2022-09-25 15:00:00,222.2,234.0,219.0,222.2,0.0,1506.0,337180.1,0
2022-09-27,2022-09-27 11:00:00,225.0,230.0,225.0,225.75,0.33,2896.0,669158.0,1
2022-09-27,2022-09-27 12:00:00,225.75,226.5,225.75,226.5,0.33,2896.0,669158.0,1
2022-09-27,2022-09-27 13:00:00,226.5,227.25,226.5,227.25,0.33,2896.0,669158.0,1
2022-09-27,2022-09-27 14:00:00,227.25,228.0,227.25,228.0,0.33,2896.0,669158.0,1
2022-09-27,2022-09-27 15:00:00,228.0,235.0,225.0,228.0,0.0,2896.0,669158.0,0
2022-09-28,2022-09-28 11:00:00,231.0,233.3,230.1,230.55,-0.19,1150.4,266159.8,-1
2022-09-28,2022-09-28 12:00:00,230.55,230.55,230.1,230.1,-0.2,1150.4,266159.8,-1
2022-09-28,2022-09-28 13:00:00,230.1,230.1,229.65,229.65,-0.2,1150.4,266159.8,-1
2022-09-28,2022-09-28 14:00:00,229.65,229.65,229.2,229.2,-0.2,1150.4,266159.8,-1
2022-09-28,2022-09-28 15:00:00,229.2,235.6,229.2,229.2,0.0,1150.4,266159.8,0
2022-09-29,2022-09-29 11:00:00,230.0,230.0,228.0,229.95,-0.02,2353.0,533382.52,-1
2022-09-29,2022-09-29 12:00:00,229.95,229.95,229.9,229.9,-0.02,2353.0,533382.52,-1
2022-09-29,2022-09-29 13:00:00,229.9,229.9,229.85,229.85,-0.02,2353.0,533382.52,-1
2022-09-29,2022-09-29 14:00:00,229.85,229.85,229.8,229.8,-0.02,2353.0,533382.52,-1
2022-09-29,2022-09-29 15:00:00,229.8,230.0,226.0,229.8,0.0,2353.0,533382.52,0
2022-10-09,2022-10-09 11:00:00,234.0,238.35,234.0,235.75,0.75,1172.0,278088.0,1
2022-10-09,2022-10-09 12:00:00,235.75,237.5,235.75,237.5,0.74,1172.0,278088.0,1
2022-10-09,2022-10-09 13:00:00,237.5,239.25,237.5,239.25,0.74,1172.0,278088.0,1
2022-10-09,2022-10-09 14:00:00,239.25,241.0,239.25,241.0,0.73,1172.0,278088.0,1
2022-10-09,2022-10-09 15:00:00,241.0,242.7,234.0,241.0,0.0,1172.0,278088.0,0
2022-10-10,2022-10-10 11:00:00,239.0,239.0,235.0,237.0,-0.84,326.0,76214.1,-1
2022-10-10,2022-10-10 12:00:00,237.0,237.0,235.0,235.0,-0.84,326.0,76214.1,-1
2022-10-10,2022-10-10 13:00:00,235.0,235.0,233.0,233.0,-0.85,326.0,76214.1,-1
2022-10-10,2022-10-10 14:00:00,233.0,233.0,231.0,231.0,-0.86,326.0,76214.1,-1
2022-10-10,2022-10-10 15:00:00,231.0,239.0,231.0,231.0,0.0,326.0,76214.1,0
2022-10-11,2022-10-11 11:00:00,227.0,228.5,227.0,227.75,0.33,266.0,60639.9,1
2022-10-11,2022-10-11 12:00:00,227.75,228.5,227.75,228.5,0.33,266.0,60639.9,1
2022-10-11,2022-10-11 13:00:00,228.5,229.25,228.5,229.25,0.33,266.0,60639.9,1
2022-10-11,2022-10-11 14:00:00,229.25,230.0,229.25,230.0,0.33,266.0,60639.9,1
2022-10-11,2022-10-11 15:00:00,230.0,230.0,227.0,230.0,0.0,266.0,60639.9,0
2022-10-12,2022-10-12 11:00:00,234.0,235.45,229.45,234.25,0.11,331.8,76237.0,1
2022-10-12,2022-10-12 12:00:00,234.25,234.5,234.25,234.5,0.11,331.8,76237.0,1
2022-10-12,2022-10-12 13:00:00,234.5,234.75,234.5,234.75,0.11,331.8,76237.0,1
2022-10-12,2022-10-12 14:00:00,234.75,235.0,234.75,235.0,0.11,331.8,76237.0,1
2022-10-12,2022-10-12 15:00:00,235.0,236.9,224.9,235.0,0.0,331.8,76237.0,0
2022-10-13,2022-10-13 11:00:00,235.0,236.0,231.25,233.75,-0.53,994.0,230211.5,-1
2022-10-13,2022-10-13 12:00:00,233.75,233.75,232.5,232.5,-0.53,994.0,230211.5,-1
2022-10-13,2022-10-13 13:00:00,232.5,232.5,231.25,231.25,-0.54,994.0,230211.5,-1
2022-10-13,2022-10-13 14:00:00,231.25,231.25,230.0,230.0,-0.54,994.0,230211.5,-1
2022-10-13,2022-10-13 15:00:00,230.0,237.0,227.5,230.0,0.0,994.0,230211.5,0
2022-10-16,2022-10-16 11:00:00,230.0,230.0,227.5,229.5,-0.22,1005.0,226681.6,-1
2022-10-16,2022-10-16 12:00:00,229.5,229.5,229.0,229.0,-0.22,1005.0,226681.6,-1
2022-10-16,2022-10-16 13:00:00,229.0,229.0,228.5,228.5,-0.22,1005.0,226681.6,-1
2022-10-16,2022-10-16 14:00:00,228.5,228.5,228.0,228.0,-0.22,1005.0,226681.6,-1
2022-10-16,2022-10-16 15:00:00,228.0,230.0,225.0,228.0,0.0,1005.0,226681.6,0
2022-10-17,2022-10-17 11:00:00,223.5,225.25,221.75,223.38,-0.05,999.8,222764.6,-1
2022-10-17,2022-10-17 12:00:00,223.38,223.38,223.25,223.25,-0.06,999.8,222764.6,-1
2022-10-17,2022-10-17 13:00:00,223.25,223.25,223.12,223.12,-0.06,999.8,222764.6,-1
2022-10-17,2022-10-17 14:00:00,223.12,223.12,223.0,223.0,-0.05,999.8,222764.6,-1
2022-10-17,2022-10-17 15:00:00,223.0,227.0,220.0,223.0,0.0,999.8,222764.6,0
2022-10-19,2022-10-19 11:00:00,219.0,221.0,217.55,218.28,-0.33,703.2,153180.44,-1
2022-10-19,2022-10-19 12:00:00,218.28,218.28,217.55,217.55,-0.33,703.2,153180.44,-1
2022-10-19,2022-10-19 13:00:00,217.55,217.55,216.82,216.82,-0.34,703.2,153180.44,-1
2022-10-19,2022-10-19 14:00:00,216.82,216.82,216.1,216.1,-0.33,703.2,153180.44,-1
2022-10-19,2022-10-19 15:00:00,216.1,223.0,216.1,216.1,0.0,703.2,153180.44,0
2022-10-20,2022-10-20 11:00:00,213.0,218.5,212.5,214.15,0.54,678.6,147394.24,1
2022-10-20,2022-10-20 12:00:00,214.15,215.3,214.15,215.3,0.54,678.6,147394.24,1
2022-10-20,2022-10-20 13:00:00,215.3,216.45,215.3,216.45,0.53,678.6,147394.24,1
2022-10-20,2022-10-20 14:00:00,216.45,217.6,216.45,217.6,0.53,678.6,147394.24,1
2022-10-20,2022-10-20 15:00:00,217.6,224.0,212.0,217.6,0.0,678.6,147394.24,0
2022-10-23,2022-10-23 11:00:00,217.6,218.8,216.7,217.53,-0.03,170.0,36994.4,-1
2022-10-23,2022-10-23 12:00:00,217.53,217.53,217.45,217.45,-0.04,170.0,36994.4,-1
2022-10-23,2022-10-23 13:00:00,217.45,217.45,217.38,217.38,-0.03,170.0,36994.4,-1
2022-10-23,2022-10-23 14:00:00,217.38,217.38,217.3,217.3,-0.04,170.0,36994.4,-1
2022-10-23,2022-10-23 15:00:00,217.3,220.0,215.8,217.3,0.0,170.0,36994.4,0
2022-10-31,2022-10-31 11:00:00,216.0,217.0,215.5,216.47,0.22,469.2,101151.8,1
2022-10-31,2022-10-31 12:00:00,216.47,216.95,216.47,216.95,0.22,469.2,101151.8,1
2022-10-31,2022-10-31 13:00:00,216.95,217.43,216.95,217.43,0.22,469.2,101151.8,1
2022-10-31,2022-10-31 14:00:00,217.43,217.9,217.43,217.9,0.22,469.2,101151.8,1
2022-10-31,2022-10-31 15:00:00,217.9,218.0,215.0,217.9,0.0,469.2,101151.8,0
2022-11-01,2022-11-01 11:00:00,215.3,226.15,215.3,220.73,2.52,3266.4,754676.54,1
2022-11-01,2022-11-01 12:00:00,220.73,226.15,220.73,226.15,2.46,3266.4,754676.54,1
2022-11-01,2022-11-01 13:00:00,226.15,231.57,226.15,231.57,2.4,3266.4,754676.54,1
2022-11-01,2022-11-01 14:00:00,231.57,237.0,231.57,237.0,2.34,3266.4,754676.54,1
2022-11-01,2022-11-01 15:00:00,237.0,237.0,215.3,237.0,0.0,3266.4,754676.54,0
2022-11-02,2022-11-02 11:00:00,240.0,242.35,235.5,237.8,-0.92,4276.2,1017307.08,-1
2022-11-02,2022-11-02 12:00:00,237.8,237.8,235.6,235.6,-0.93,4276.2,1017307.08,-1
2022-11-02,2022-11-02 13:00:00,235.6,235.6,233.4,233.4,-0.93,4276.2,1017307.08,-1
2022-11-02,2022-11-02 14:00:00,233.4,233.4,231.2,231.2,-0.94,4276.2,1017307.08,-1
2022-11-02,2022-11-02 15:00:00,231.2,244.7,231.0,231.2,0.0,4276.2,1017307.08,0
2022-11-03,2022-11-03 11:00:00,234.0,237.0,233.2,233.62,-0.16,1391.0,326123.4,-1
2022-11-03,2022-11-03 12:00:00,233.62,233.62,233.25,233.25,-0.16,1391.0,326123.4,-1
2022-11-03,2022-11-03 13:00:00,233.25,233.25,232.88,232.88,-0.16,1391.0,326123.4,-1
2022-11-03,2022-11-03 14:00:00,232.88,232.88,232.5,232.5,-0.16,1391.0,326123.4,-1
2022-11-03,2022-11-03 15:00:00,232.5,240.0,232.4,232.5,0.0,1391.0,326123.4,0
2022-11-06,2022-11-06 11:00:00,235.0,242.1,235.0,238.55,1.51,1839.4,449200.4,1
2022-11-06,2022-11-06 12:00:00,238.55,242.1,238.55,242.1,1.49,1839.4,449200.4,1
2022-11-06,2022-11-06 13:00:00,242.1,245.65,242.1,245.65,1.47,1839.4,449200.4,1
2022-11-06,2022-11-06 14:00:00,245.65,249.2,245.65,249.2,1.45,1839.4,449200.4,1
2022-11-06,2022-11-06 15:00:00,249.2,249.2,235.0,249.2,0.0,1839.4,449200.4,0
2022-11-07,2022-11-07 11:00:00,244.5,250.65,242.25,243.38,-0.46,5556.2,1378804.3,-1
2022-11-07,2022-11-07 12:00:00,243.38,243.38,242.25,242.25,-0.46,5556.2,1378804.3,-1
2022-11-07,2022-11-07 13:00:00,242.25,242.25,241.12,241.12,-0.47,5556.2,1378804.3,-1
2022-11-07,2022-11-07 14:00:00,241.12,241.12,240.0,240.0,-0.46,5556.2,1378804.3,-1
2022-11-07,2022-11-07 15:00:00,240.0,256.8,240.0,240.0,0.0,5556.2,1378804.3,0
2022-11-08,2022-11-08 11:00:00,235.5,243.2,235.35,236.78,0.54,2375.8,576100.0,1
2022-11-08,2022-11-08 12:00:00,236.78,238.05,236.78,238.05,0.54,2375.8,576100.0,1
2022-11-08,2022-11-08 13:00:00,238.05,239.32,238.05,239.32,0.53,2375.8,576100.0,1
2022-11-08,2022-11-08 14:00:00,239.32,240.6,239.32,240.6,0.53,2375.8,576100.0,1
2022-11-08,2022-11-08 15:00:00,240.6,250.9,235.2,240.6,0.0,2375.8,576100.0,0
2022-11-09,2022-11-09 11:00:00,241.0,242.0,237.0,240.0,-0.41,3918.0,922023.38,-1
2022-11-09,2022-11-09 12:00:00,240.0,240.0,239.0,239.0,-0.42,3918.0,922023.38,-1
2022-11-09,2022-11-09 13:00:00,239.0,239.0,238.0,238.0,-0.42,3918.0,922023.38,-1
2022-11-09,2022-11-09 14:00:00,238.0,238.0,237.0,237.0,-0.42,3918.0,922023.38,-1
2022-11-09,2022-11-09 15:00:00,237.0,243.0,233.0,237.0,0.0,3918.0,922023.38,0
2022-11-10,2022-11-10 11:00:00,234.0,235.5,229.5,233.12,-0.38,3090.6,710891.44,-1
2022-11-10,2022-11-10 12:00:00,233.12,233.12,232.25,232.25,-0.37,3090.6,710891.44,-1
2022-11-10,2022-11-10 13:00:00,232.25,232.25,231.38,231.38,-0.37,3090.6,710891.44,-1
2022-11-10,2022-11-10 14:00:00,231.38,231.38,230.5,230.5,-0.38,3090.6,710891.44,-1
2022-11-10,2022-11-10 15:00:00,230.5,237.0,225.0,230.5,0.0,3090.6,710891.44,0
2022-11-13,2022-11-13 11:00:00,233.0,233.5,229.55,232.4,-0.26,784.0,177811.0,-1
2022-11-13,2022-11-13 12:00:00,232.4,232.4,231.8,231.8,-0.26,784.0,177811.0,-1
2022-11-13,2022-11-13 13:00:00,231.8,231.8,231.2,231.2,-0.26,784.0,177811.0,-1
2022-11-13,2022-11-13 14:00:00,231.2,231.2,230.6,230.6,-0.26,784.0,177811.0,-1
2022-11-13,2022-11-13 15:00:00,230.6,234.0,226.1,230.6,0.0,784.0,177811.0,0
2022-11-14,2022-11-14 11:00:00,233.0,234.1,231.5,233.5,0.21,2545.8,592900.0,1
2022-11-14,2022-11-14 12:00:00,233.5,234.0,233.5,234.0,0.21,2545.8,592900.0,1
2022-11-14,2022-11-14 13:00:00,234.0,234.5,234.0,234.5,0.21,2545.8,592900.0,1
2022-11-14,2022-11-14 14:00:00,234.5,235.0,234.5,235.0,0.21,2545.8,592900.0,1
2022-11-14,2022-11-14 15:00:00,235.0,235.2,230.0,235.0,0.0,2545.8,592900.0,0
2022-11-15,2022-11-15 11:00:00,237.0,240.0,236.5,236.75,-0.11,1916.0,459204.6,-1
2022-11-15,2022-11-15 12:00:00,236.75,236.75,236.5,236.5,-0.11,1916.0,459204.6,-1
2022-11-15,2022-11-15 13:00:00,236.5,236.5,236.25,236.25,-0.11,1916.0,459204.6,-1
2022-11-15,2022-11-15 14:00:00,236.25,236.25,236.0,236.0,-0.11,1916.0,459204.6,-1
2022-11-15,2022-11-15 15:00:00,236.0,243.0,236.0,236.0,0.0,1916.0,459204.6,0
2022-11-16,2022-11-16 11:00:00,235.0,239.0,235.0,236.97,0.84,2509.0,599791.22,1
2022-11-16,2022-11-16 12:00:00,236.97,238.95,236.97,238.95,0.84,2509.0,599791.22,1
2022-11-16,2022-11-16 13:00:00,238.95,240.93,238.95,240.93,0.83,2509.0,599791.22,1
2022-11-16,2022-11-16 14:00:00,240.93,242.9,240.93,242.9,0.82,2509.0,599791.22,1
2022-11-16,2022-11-16 15:00:00,242.9,243.0,235.0,242.9,0.0,2509.0,599791.22,0
2022-11-17,2022-11-17 11:00:00,243.0,249.0,242.55,245.5,1.03,7000.8,1749290.1,1
2022-11-17,2022-11-17 12:00:00,245.5,248.0,245.5,248.0,1.02,7000.8,1749290.1,1
2022-11-17,2022-11-17 13:00:00,248.0,250.5,248.0,250.5,1.01,7000.8,1749290.1,1
2022-11-17,2022-11-17 14:00:00,250.5,253.0,250.5,253.0,1.0,7000.8,1749290.1,1
2022-11-17,2022-11-17 15:00:00,253.0,255.0,242.1,253.0,0.0,7000.8,1749290.1,0
2022-11-22,2022-11-22 11:00:00,258.0,261.05,255.5,257.25,-0.29,7460.4,1931024.4,-1
2022-11-22,2022-11-22 12:00:00,257.25,257.25,256.5,256.5,-0.29,7460.4,1931024.4,-1
2022-11-22,2022-11-22 13:00:00,256.5,256.5,255.75,255.75,-0.29,7460.4,1931024.4,-1
2022-11-22,2022-11-22 14:00:00,255.75,255.75,255.0,255.0,-0.29,7460.4,1931024.4,-1
2022-11-22,2022-11-22 15:00:00,255.0,264.1,253.0,255.0,0.0,7460.4,1931024.4,0
2022-11-23,2022-11-23 11:00:00,252.0,255.2,250.0,253.5,0.6,2930.6,740454.14,1
2022-11-23,2022-11-23 12:00:00,253.5,255.0,253.5,255.0,0.59,2930.6,740454.14,1
2022-11-23,2022-11-23 13:00:00,255.0,256.5,255.0,256.5,0.59,2930.6,740454.14,1
2022-11-23,2022-11-23 14:00:00,256.5,258.0,256.5,258.0,0.58,2930.6,740454.14,1
2022-11-23,2022-11-23 15:00:00,258.0,258.4,248.0,258.0,0.0,2930.6,740454.14,0
2022-11-24,2022-11-24 11:00:00,260.0,260.0,255.5,259.75,-0.1,2892.6,744822.3,-1
2022-11-24,2022-11-24 12:00:00,259.75,259.75,259.5,259.5,-0.1,2892.6,744822.3,-1
2022-11-24,2022-11-24 13:00:00,259.5,259.5,259.25,259.25,-0.1,2892.6,744822.3,-1
2022-11-24,2022-11-24 14:00:00,259.25,259.25,259.0,259.0,-0.1,2892.6,744822.3,-1
2022-11-24,2022-11-24 15:00:00,259.0,260.0,251.0,259.0,0.0,2892.6,744822.3,0
2022-11-27,2022-11-27 11:00:00,264.0,269.7,261.0,266.45,0.93,7305.6,1931624.08,1
2022-11-27,2022-11-27 12:00:00,266.45,268.9,266.45,268.9,0.92,7305.6,1931624.08,1
2022-11-27,2022-11-27 13:00:00,268.9,271.35,268.9,271.35,0.91,7305.6,1931624.08,1
2022-11-27,2022-11-27 14:00:00,271.35,273.8,271.35,273.8,0.9,7305.6,1931624.08,1
2022-11-27,2022-11-27 15:00:00,273.8,275.4,258.0,273.8,0.0,7305.6,1931624.08,0
2022-11-28,2022-11-28 11:00:00,279.0,279.0,271.15,275.5,-1.25,3832.0,1033197.22,-1
2022-11-28,2022-11-28 12:00:00,275.5,275.5,272.0,272.0,-1.27,3832.0,1033197.22,-1
2022-11-28,2022-11-28 13:00:00,272.0,272.0,268.5,268.5,-1.29,3832.0,1033197.22,-1
2022-11-28,2022-11-28 14:00:00,268.5,268.5,265.0,265.0,-1.3,3832.0,1033197.22,-1
2022-11-28,2022-11-28 15:00:00,265.0,279.0,263.3,265.0,0.0,3832.0,1033197.22,0
2022-11-29,2022-11-29 11:00:00,267.0,268.0,263.5,266.35,-0.24,5025.8,1315557.0,-1
2022-11-29,2022-11-29 12:00:00,266.35,266.35,265.7,265.7,-0.24,5025.8,1315557.0,-1
2022-11-29,2022-11-29 13:00:00,265.7,265.7,265.05,265.05,-0.24,5025.8,1315557.0,-1
2022-11-29,2022-11-29 14:00:00,265.05,265.05,264.4,264.4,-0.25,5025.8,1315557.0,-1
2022-11-29,2022-11-29 15:00:00,264.4,269.0,260.0,264.4,0.0,5025.8,1315557.0,0
2022-11-30,2022-11-30 11:00:00,260.0,264.5,260.0,261.25,0.48,2249.8,596427.0,1
2022-11-30,2022-11-30 12:00:00,261.25,262.5,261.25,262.5,0.48,2249.8,596427.0,1
2022-11-30,2022-11-30 13:00:00,262.5,263.75,262.5,263.75,0.48,2249.8,596427.0,1
2022-11-30,2022-11-30 14:00:00,263.75,265.0,263.75,265.0,0.47,2249.8,596427.0,1
2022-11-30,2022-11-30 15:00:00,265.0,269.0,260.0,265.0,0.0,2249.8,596427.0,0
2022-12-01,2022-12-01 11:00:00,268.8,268.8,264.7,266.85,-0.73,1945.0,511532.0,-1
2022-12-01,2022-12-01 12:00:00,266.85,266.85,264.9,264.9,-0.73,1945.0,511532.0,-1
2022-12-01,2022-12-01 13:00:00,264.9,264.9,262.95,262.95,-0.74,1945.0,511532.0,-1
2022-12-01,2022-12-01 14:00:00,262.95,262.95,261.0,261.0,-0.74,1945.0,511532.0,-1
2022-12-01,2022-12-01 15:00:00,261.0,268.8,260.6,261.0,0.0,1945.0,511532.0,0
2022-12-04,2022-12-04 11:00:00,262.0,264.0,260.5,262.38,0.15,1381.0,360332.7,1
2022-12-04,2022-12-04 12:00:00,262.38,262.75,262.38,262.75,0.14,1381.0,360332.7,1
2022-12-04,2022-12-04 13:00:00,262.75,263.12,262.75,263.12,0.14,1381.0,360332.7,1
2022-12-04,2022-12-04 14:00:00,263.12,263.5,263.12,263.5,0.14,1381.0,360332.7,1
2022-12-04,2022-12-04 15:00:00,263.5,266.0,259.0,263.5,0.0,1381.0,360332.7,0
2022-12-05,2022-12-05 11:00:00,260.0,260.5,255.5,257.75,-0.87,2568.2,655050.38,-1
2022-12-05,2022-12-05 12:00:00,257.75,257.75,255.5,255.5,-0.87,2568.2,655050.38,-1
2022-12-05,2022-12-05 13:00:00,255.5,255.5,253.25,253.25,-0.88,2568.2,655050.38,-1
2022-12-05,2022-12-05 14:00:00,253.25,253.25,251.0,251.0,-0.89,2568.2,655050.38,-1
2022-12-05,2022-12-05 15:00:00,251.0,261.0,251.0,251.0,0.0,2568.2,655050.38,0
2022-12-06,2022-12-06 11:00:00,251.0,254.0,249.55,251.5,0.2,2339.0,590441.7,1
2022-12-06,2022-12-06 12:00:00,251.5,252.0,251.5,252.0,0.2,2339.0,590441.7,1
2022-12-06,2022-12-06 13:00:00,252.0,252.5,252.0,252.5,0.2,2339.0,590441.7,1
2022-12-06,2022-12-06 14:00:00,252.5,253.0,252.5,253.0,0.2,2339.0,590441.7,1
2022-12-06,2022-12-06 15:00:00,253.0,257.0,248.1,253.0,0.0,2339.0,590441.7,0
2022-12-07,2022-12-07 11:00:00,255.0,255.0,251.6,254.47,-0.21,2528.6,634293.78,-1
2022-12-07,2022-12-07 12:00:00,254.47,254.47,253.95,253.95,-0.2,2528.6,634293.78,-1
2022-12-07,2022-12-07 13:00:00,253.95,253.95,253.43,253.43,-0.2,2528.6,634293.78,-1
2022-12-07,2022-12-07 14:00:00,253.43,253.43,252.9,252.9,-0.21,2528.6,634293.78,-1
2022-12-07,2022-12-07 15:00:00,252.9,255.0,248.2,252.9,0.0,2528.6,634293.78,0
2022-12-11,2022-12-11 11:00:00,248.1,249.55,245.55,247.82,-0.11,1758.0,432195.18,-1
2022-12-11,2022-12-11 12:00:00,247.82,247.82,247.55,247.55,-0.11,1758.0,432195.18,-1
2022-12-11,2022-12-11 13:00:00,247.55,247.55,247.28,247.28,-0.11,1758.0,432195.18,-1
2022-12-11,2022-12-11 14:00:00,247.28,247.28,247.0,247.0,-0.11,1758.0,432195.18,-1
2022-12-11,2022-12-11 15:00:00,247.0,251.0,243.0,247.0,0.0,1758.0,432195.18,0
2022-12-12,2022-12-12 11:00:00,250.0,252.5,247.5,249.72,-0.11,2679.0,664203.58,-1
2022-12-12,2022-12-12 12:00:00,249.72,249.72,249.45,249.45,-0.11,2679.0,664203.58,-1
2022-12-12,2022-12-12 13:00:00,249.45,249.45,249.18,249.18,-0.11,2679.0,664203.58,-1
2022-12-12,2022-12-12 14:00:00,249.18,249.18,248.9,248.9,-0.11,2679.0,664203.58,-1
2022-12-12,2022-12-12 15:00:00,248.9,255.0,245.0,248.9,0.0,2679.0,664203.58,0
2022-12-13,2022-12-13 11:00:00,248.0,250.0,247.55,248.75,0.3,572.0,142548.6,1
2022-12-13,2022-12-13 12:00:00,248.75,249.5,248.75,249.5,0.3,572.0,142548.6,1
2022-12-13,2022-12-13 13:00:00,249.5,250.25,249.5,250.25,0.3,572.0,142548.6,1
2022-12-13,2022-12-13 14:00:00,250.25,251.0,250.25,251.0,0.3,572.0,142548.6,1
2022-12-13,2022-12-13 15:00:00,251.0,252.0,247.1,251.0,0.0,572.0,142548.6,0
2022-12-14,2022-12-14 11:00:00,249.0,251.5,247.6,248.75,-0.1,1046.0,261380.28,-1
2022-12-14,2022-12-14 12:00:00,248.75,248.75,248.5,248.5,-0.1,1046.0,261380.28,-1
2022-12-14,2022-12-14 13:00:00,248.5,248.5,248.25,248.25,-0.1,1046.0,261380.28,-1
2022-12-14,2022-12-14 14:00:00,248.25,248.25,248.0,248.0,-0.1,1046.0,261380.28,-1
2022-12-14,2022-12-14 15:00:00,248.0,254.0,246.2,248.0,0.0,1046.0,261380.28,0
2022-12-15,2022-12-15 11:00:00,250.0,250.0,246.5,249.2,-0.32,1273.4,311388.04,-1
2022-12-15,2022-12-15 12:00:00,249.2,249.2,248.4,248.4,-0.32,1273.4,311388.04,-1
2022-12-15,2022-12-15 13:00:00,248.4,248.4,247.6,247.6,-0.32,1273.4,311388.04,-1
2022-12-15,2022-12-15 14:00:00,247.6,247.6,246.8,246.8,-0.32,1273.4,311388.04,-1
2022-12-15,2022-12-15 15:00:00,246.8,250.0,243.0,246.8,0.0,1273.4,311388.04,0
2022-12-18,2022-12-18 11:00:00,241.9,242.45,238.45,240.3,-0.66,3224.8,767894.32,-1
2022-12-18,2022-12-18 12:00:00,240.3,240.3,238.7,238.7,-0.67,3224.8,767894.32,-1
2022-12-18,2022-12-18 13:00:00,238.7,238.7,237.1,237.1,-0.67,3224.8,767894.32,-1
2022-12-18,2022-12-18 14:00:00,237.1,237.1,235.5,235.5,-0.67,3224.8,767894.32,-1
2022-12-18,2022-12-18 15:00:00,235.5,243.0,235.0,235.5,0.0,3224.8,767894.32,0
2022-12-19,2022-12-19 11:00:00,231.6,237.3,231.6,232.72,0.48,1320.2,312690.52,1
2022-12-19,2022-12-19 12:00:00,232.72,233.85,232.72,233.85,0.49,1320.2,312690.52,1
2022-12-19,2022-12-19 13:00:00,233.85,234.97,233.85,234.97,0.48,1320.2,312690.52,1
2022-12-19,2022-12-19 14:00:00,234.97,236.1,234.97,236.1,0.48,1320.2,312690.52,1
2022-12-19,2022-12-19 15:00:00,236.1,243.0,231.6,236.1,0.0,1320.2,312690.52,0
2022-12-20,2022-12-20 11:00:00,236.0,240.0,236.0,237.25,0.53,1135.6,271137.9,1
2022-12-20,2022-12-20 12:00:00,237.25,238.5,237.25,238.5,0.53,1135.6,271137.9,1
2022-12-20,2022-12-20 13:00:00,238.5,239.75,238.5,239.75,0.52,1135.6,271137.9,1
2022-12-20,2022-12-20 14:00:00,239.75,241.0,239.75,241.0,0.52,1135.6,271137.9,1
2022-12-20,2022-12-20 15:00:00,241.0,244.0,236.0,241.0,0.0,1135.6,271137.9,0
2022-12-21,2022-12-21 11:00:00,240.0,240.0,238.2,239.75,-0.1,735.0,174500.6,-1
2022-12-21,2022-12-21 12:00:00,239.75,239.75,239.5,239.5,-0.1,735.0,174500.6,-1
2022-12-21,2022-12-21 13:00:00,239.5,239.5,239.25,239.25,-0.1,735.0,174500.6,-1
2022-12-21,2022-12-21 14:00:00,239.25,239.25,239.0,239.0,-0.1,735.0,174500.6,-1
2022-12-21,2022-12-21 15:00:00,239.0,240.0,236.4,239.0,0.0,735.0,174500.6,0
2022-12-22,2022-12-22 11:00:00,235.0,237.3,233.25,234.5,-0.21,1377.8,321532.1,-1
2022-12-22,2022-12-22 12:00:00,234.5,234.5,234.0,234.0,-0.21,1377.8,321532.1,-1
2022-12-22,2022-12-22 13:00:00,234.0,234.0,233.5,233.5,-0.21,1377.8,321532.1,-1
2022-12-22,2022-12-22 14:00:00,233.5,233.5,233.0,233.0,-0.21,1377.8,321532.1,-1
2022-12-22,2022-12-22 15:00:00,233.0,239.6,231.5,233.0,0.0,1377.8,321532.1,0
2022-12-26,2022-12-26 11:00:00,237.6,245.3,237.1,240.45,1.2,4288.8,1053289.94,1
2022-12-26,2022-12-26 12:00:00,240.45,243.3,240.45,243.3,1.19,4288.8,1053289.94,1
2022-12-26,2022-12-26 13:00:00,243.3,246.15,243.3,246.15,1.17,4288.8,1053289.94,1
2022-12-26,2022-12-26 14:00:00,246.15,249.0,246.15,249.0,1.16,4288.8,1053289.94,1
2022-12-26,2022-12-26 15:00:00,249.0,253.0,236.6,249.0,0.0,4288.8,1053289.94,0
2022-12-27,2022-12-27 11:00:00,253.9,259.45,253.9,255.43,0.6,9733.6,2528714.04,1
2022-12-27,2022-12-27 12:00:00,255.43,256.95,255.43,256.95,0.6,9733.6,2528714.04,1
2022-12-27,2022-12-27 13:00:00,256.95,258.48,256.95,258.48,0.6,9733.6,2528714.04,1
2022-12-27,2022-12-27 14:00:00,258.48,260.0,258.48,260.0,0.59,9733.6,2528714.04,1
2022-12-27,2022-12-27 15:00:00,260.0,265.0,253.9,260.0,0.0,9733.6,2528714.04,0
2022-12-28,2022-12-28 11:00:00,255.0,260.1,254.5,255.43,0.17,7200.6,1863462.08,1
2022-12-28,2022-12-28 12:00:00,255.43,255.85,255.43,255.85,0.16,7200.6,1863462.08,1
2022-12-28,2022-12-28 13:00:00,255.85,256.27,255.85,256.27,0.16,7200.6,1863462.08,1
2022-12-28,2022-12-28 14:00:00,256.27,256.7,256.27,256.7,0.17,7200.6,1863462.08,1
2022-12-28,2022-12-28 15:00:00,256.7,265.2,254.0,256.7,0.0,7200.6,1863462.08,0
2022-12-29,2022-12-29 11:00:00,256.0,263.5,254.05,259.5,1.37,7645.6,2025400.3,1
2022-12-29,2022-12-29 12:00:00,259.5,263.0,259.5,263.0,1.35,7645.6,2025400.3,1
2022-12-29,2022-12-29 13:00:00,263.0,266.5,263.0,266.5,1.33,7645.6,2025400.3,1
2022-12-29,2022-12-29 14:00:00,266.5,270.0,266.5,270.0,1.31,7645.6,2025400.3,1
2022-12-29,2022-12-29 15:00:00,270.0,271.0,252.1,270.0,0.0,7645.6,2025400.3,0
2023-01-01,2023-01-01 11:00:00,270.0,275.0,266.5,269.38,-0.23,13232.6,3603896.36,-1
2023-01-01,2023-01-01 12:00:00,269.38,269.38,268.75,268.75,-0.23,13232.6,3603896.36,-1
2023-01-01,2023-01-01 13:00:00,268.75,268.75,268.12,268.12,-0.23,13232.6,3603896.36,-1
2023-01-01,2023-01-01 14:00:00,268.12,268.12,267.5,267.5,-0.23,13232.6,3603896.36,-1
2023-01-01,2023-01-01 15:00:00,267.5,280.0,263.0,267.5,0.0,13232.6,3603896.36,0
2023-01-02,2023-01-02 11:00:00,267.5,272.75,264.9,269.1,0.6,7727.2,2096460.88,1
2023-01-02,2023-01-02 12:00:00,269.1,270.7,269.1,270.7,0.59,7727.2,2096460.88,1
2023-01-02,2023-01-02 13:00:00,270.7,272.3,270.7,272.3,0.59,7727.2,2096460.88,1
2023-01-02,2023-01-02 14:00:00,272.3,273.9,272.3,273.9,0.59,7727.2,2096460.88,1
2023-01-02,2023-01-02 15:00:00,273.9,278.0,262.3,273.9,0.0,7727.2,2096460.88,0
2023-01-03,2023-01-03 11:00:00,271.0,279.3,270.0,272.5,0.55,7816.2,2176643.64,1
2023-01-03,2023-01-03 12:00:00,272.5,274.0,272.5,274.0,0.55,7816.2,2176643.64,1
2023-01-03,2023-01-03 13:00:00,274.0,275.5,274.0,275.5,0.55,7816.2,2176643.64,1
2023-01-03,2023-01-03 14:00:00,275.5,277.0,275.5,277.0,0.54,7816.2,2176643.64,1
2023-01-03,2023-01-03 15:00:00,277.0,287.6,269.0,277.0,0.0,7816.2,2176643.64,0
2023-01-04,2023-01-04 11:00:00,280.0,290.45,278.5,284.75,1.7,12499.8,3637016.12,1
2023-01-04,2023-01-04 12:00:00,284.75,289.5,284.75,289.5,1.67,12499.8,3637016.12,1
2023-01-04,2023-01-04 13:00:00,289.5,294.25,289.5,294.25,1.64,12499.8,3637016.12,1
2023-01-04,2023-01-04 14:00:00,294.25,299.0,294.25,299.0,1.61,12499.8,3637016.12,1
2023-01-04,2023-01-04 15:00:00,299.0,300.9,277.0,299.0,0.0,12499.8,3637016.12,0
2023-01-05,2023-01-05 11:00:00,300.0,303.5,295.55,300.75,0.25,17268.4,5161539.62,1
2023-01-05,2023-01-05 12:00:00,300.75,301.5,300.75,301.5,0.25,17268.4,5161539.62,1
2023-01-05,2023-01-05 13:00:00,301.5,302.25,301.5,302.25,0.25,17268.4,5161539.62,1
2023-01-05,2023-01-05 14:00:00,302.25,303.0,302.25,303.0,0.25,17268.4,5161539.62,1
2023-01-05,2023-01-05 15:00:00,303.0,307.0,291.1,303.0,0.0,17268.4,5161539.62,0
2023-01-08,2023-01-08 11:00:00,306.0,312.5,300.0,305.45,-0.18,16107.2,4954384.44,-1
2023-01-08,2023-01-08 12:00:00,305.45,305.45,304.9,304.9,-0.18,16107.2,4954384.44,-1
2023-01-08,2023-01-08 13:00:00,304.9,304.9,304.35,304.35,-0.18,16107.2,4954384.44,-1
2023-01-08,2023-01-08 14:00:00,304.35,304.35,303.8,303.8,-0.18,16107.2,4954384.44,-1
2023-01-08,2023-01-08 15:00:00,303.8,319.0,294.0,303.8,0.0,16107.2,4954384.44,0
2023-01-09,2023-01-09 11:00:00,307.0,318.4,305.0,312.25,1.71,22817.4,7292878.82,1
2023-01-09,2023-01-09 12:00:00,312.25,317.5,312.25,317.5,1.68,22817.4,7292878.82,1
2023-01-09,2023-01-09 13:00:00,317.5,322.75,317.5,322.75,1.65,22817.4,7292878.82,1
2023-01-09,2023-01-09 14:00:00,322.75,328.0,322.75,328.0,1.63,22817.4,7292878.82,1
2023-01-09,2023-01-09 15:00:00,328.0,329.8,303.0,328.0,0.0,22817.4,7292878.82,0
2023-01-10,2023-01-10 11:00:00,334.0,345.45,327.8,331.0,-0.9,29081.0,9920703.82,-1
2023-01-10,2023-01-10 12:00:00,331.0,331.0,328.0,328.0,-0.91,29081.0,9920703.82,-1
2023-01-10,2023-01-10 13:00:00,328.0,328.0,325.0,325.0,-0.91,29081.0,9920703.82,-1
2023-01-10,2023-01-10 14:00:00,325.0,325.0,322.0,322.0,-0.92,29081.0,9920703.82,-1
2023-01-10,2023-01-10 15:00:00,322.0,356.9,321.6,322.0,0.0,29081.0,9920703.82,0
2023-01-12,2023-01-12 11:00:00,327.0,337.0,322.0,325.0,-0.61,21048.8,6845288.54,-1
2023-01-12,2023-01-12 12:00:00,325.0,325.0,323.0,323.0,-0.62,21048.8,6845288.54,-1
2023-01-12,2023-01-12 13:00:00,323.0,323.0,321.0,321.0,-0.62,21048.8,6845288.54,-1
2023-01-12,2023-01-12 14:00:00,321.0,321.0,319.0,319.0,-0.62,21048.8,6845288.54,-1
2023-01-12,2023-01-12 15:00:00,319.0,347.0,317.0,319.0,0.0,21048.8,6845288.54,0
2023-01-17,2023-01-17 11:00:00,320.0,329.8,318.1,324.5,1.41,19301.6,6378176.98,1
2023-01-17,2023-01-17 12:00:00,324.5,329.0,324.5,329.0,1.39,19301.6,6378176.98,1
2023-01-17,2023-01-17 13:00:00,329.0,333.5,329.0,333.5,1.37,19301.6,6378176.98,1
2023-01-17,2023-01-17 14:00:00,333.5,338.0,333.5,338.0,1.35,19301.6,6378176.98,1
2023-01-17,2023-01-17 15:00:00,338.0,339.6,316.2,338.0,0.0,19301.6,6378176.98,0
2023-01-18,2023-01-18 11:00:00,344.0,348.0,338.6,342.0,-0.58,16221.0,5567206.14,-1
2023-01-18,2023-01-18 12:00:00,342.0,342.0,340.0,340.0,-0.58,16221.0,5567206.14,-1
2023-01-18,2023-01-18 13:00:00,340.0,340.0,338.0,338.0,-0.59,16221.0,5567206.14,-1
2023-01-18,2023-01-18 14:00:00,338.0,338.0,336.0,336.0,-0.59,16221.0,5567206.14,-1
2023-01-18,2023-01-18 15:00:00,336.0,352.0,333.2,336.0,0.0,16221.0,5567206.14,0
2023-01-19,2023-01-19 11:00:00,342.0,344.9,336.65,341.45,-0.16,8666.6,2946161.32,-1
2023-01-19,2023-01-19 12:00:00,341.45,341.45,340.9,340.9,-0.16,8666.6,2946161.32,-1
2023-01-19,2023-01-19 13:00:00,340.9,340.9,340.35,340.35,-0.16,8666.6,2946161.32,-1
2023-01-19,2023-01-19 14:00:00,340.35,340.35,339.8,339.8,-0.16,8666.6,2946161.32,-1
2023-01-19,2023-01-19 15:00:00,339.8,347.8,331.3,339.8,0.0,8666.6,2946161.32,0
2023-01-23,2023-01-23 11:00:00,340.0,341.05,332.0,336.25,-1.1,16150.8,5361446.02,-1
2023-01-23,2023-01-23 12:00:00,336.25,336.25,332.5,332.5,-1.12,16150.8,5361446.02,-1
2023-01-23,2023-01-23 13:00:00,332.5,332.5,328.75,328.75,-1.13,16150.8,5361446.02,-1
2023-01-23,2023-01-23 14:00:00,328.75,328.75,325.0,325.0,-1.14,16150.8,5361446.02,-1
2023-01-23,2023-01-23 15:00:00,325.0,342.1,324.0,325.0,0.0,16150.8,5361446.02,0
2023-01-24,2023-01-24 11:00:00,330.0,330.0,321.5,328.75,-0.38,21362.8,6835538.58,-1
2023-01-24,2023-01-24 12:00:00,328.75,328.75,327.5,327.5,-0.38,21362.8,6835538.58,-1
2023-01-24,2023-01-24 13:00:00,327.5,327.5,326.25,326.25,-0.38,21362.8,6835538.58,-1
2023-01-24,2023-01-24 14:00:00,326.25,326.25,325.0,325.0,-0.38,21362.8,6835538.58,-1
2023-01-24,2023-01-24 15:00:00,325.0,330.0,313.0,325.0,0.0,21362.8,6835538.58,0
2023-01-25,2023-01-25 11:00:00,331.4,340.8,328.75,333.55,0.65,25361.2,8681041.76,1
2023-01-25,2023-01-25 12:00:00,333.55,335.7,333.55,335.7,0.64,25361.2,8681041.76,1
2023-01-25,2023-01-25 13:00:00,335.7,337.85,335.7,337.85,0.64,25361.2,8681041.76,1
2023-01-25,2023-01-25 14:00:00,337.85,340.0,337.85,340.0,0.64,25361.2,8681041.76,1
2023-01-25,2023-01-25 15:00:00,340.0,350.2,326.1,340.0,0.0,25361.2,8681041.76,0
2023-01-26,2023-01-26 11:00:00,342.0,347.0,341.0,342.48,0.14,13505.0,4682723.1,1
2023-01-26,2023-01-26 12:00:00,342.48,342.95,342.48,342.95,0.14,13505.0,4682723.1,1
2023-01-26,2023-01-26 13:00:00,342.95,343.42,342.95,343.42,0.14,13505.0,4682723.1,1
2023-01-26,2023-01-26 14:00:00,343.42,343.9,343.42,343.9,0.14,13505.0,4682723.1,1
2023-01-26,2023-01-26 15:00:00,343.9,352.0,340.0,343.9,0.0,13505.0,4682723.1,0
2023-01-29,2023-01-29 11:00:00,338.1,340.55,335.55,337.83,-0.08,7671.0,2596736.6,-1
2023-01-29,2023-01-29 12:00:00,337.83,337.83,337.55,337.55,-0.08,7671.0,2596736.6,-1
2023-01-29,2023-01-29 13:00:00,337.55,337.55,337.27,337.27,-0.08,7671.0,2596736.6,-1
2023-01-29,2023-01-29 14:00:00,337.27,337.27,337.0,337.0,-0.08,7671.0,2596736.6,-1
2023-01-29,2023-01-29 15:00:00,337.0,343.0,333.0,337.0,0.0,7671.0,2596736.6,0
2023-01-30,2023-01-30 11:00:00,335.0,336.0,330.5,333.75,-0.37,10075.0,3336450.8,-1
2023-01-30,2023-01-30 12:00:00,333.75,333.75,332.5,332.5,-0.37,10075.0,3336450.8,-1
2023-01-30,2023-01-30 13:00:00,332.5,332.5,331.25,331.25,-0.38,10075.0,3336450.8,-1
2023-01-30,2023-01-30 14:00:00,331.25,331.25,330.0,330.0,-0.38,10075.0,3336450.8,-1
2023-01-30,2023-01-30 15:00:00,330.0,337.0,326.0,330.0,0.0,10075.0,3336450.8,0
2023-01-31,2023-01-31 11:00:00,324.5,330.25,321.8,324.62,0.04,8546.2,2798067.7,1
2023-01-31,2023-01-31 12:00:00,324.62,324.75,324.62,324.75,0.04,8546.2,2798067.7,1
2023-01-31,2023-01-31 13:00:00,324.75,324.88,324.75,324.88,0.04,8546.2,2798067.7,1
2023-01-31,2023-01-31 14:00:00,324.88,325.0,324.88,325.0,0.04,8546.2,2798067.7,1
2023-01-31,2023-01-31 15:00:00,325.0,336.0,319.1,325.0,0.0,8546.2,2798067.7,0
2023-02-01,2023-02-01 11:00:00,329.9,329.95,326.2,329.17,-0.22,3425.6,1120593.5,-1
2023-02-01,2023-02-01 12:00:00,329.17,329.17,328.45,328.45,-0.22,3425.6,1120593.5,-1
2023-02-01,2023-02-01 13:00:00,328.45,328.45,327.73,327.73,-0.22,3425.6,1120593.5,-1
2023-02-01,2023-02-01 14:00:00,327.73,327.73,327.0,327.0,-0.22,3425.6,1120593.5,-1
2023-02-01,2023-02-01 15:00:00,327.0,330.0,322.5,327.0,0.0,3425.6,1120593.5,0
2023-02-02,2023-02-02 11:00:00,332.0,332.5,324.55,328.88,-0.94,8237.2,2640828.88,-1
2023-02-02,2023-02-02 12:00:00,328.88,328.88,325.75,325.75,-0.95,8237.2,2640828.88,-1
2023-02-02,2023-02-02 13:00:00,325.75,325.75,322.62,322.62,-0.96,8237.2,2640828.88,-1
2023-02-02,2023-02-02 14:00:00,322.62,322.62,319.5,319.5,-0.97,8237.2,2640828.88,-1
2023-02-02,2023-02-02 15:00:00,319.5,333.0,317.1,319.5,0.0,8237.2,2640828.88,0
2023-02-05,2023-02-05 11:00:00,320.0,325.0,320.0,320.38,0.12,3281.6,1063504.88,1
2023-02-05,2023-02-05 12:00:00,320.38,320.75,320.38,320.75,0.12,3281.6,1063504.88,1
2023-02-05,2023-02-05 13:00:00,320.75,321.12,320.75,321.12,0.12,3281.6,1063504.88,1
2023-02-05,2023-02-05 14:00:00,321.12,321.5,321.12,321.5,0.12,3281.6,1063504.88,1
2023-02-05,2023-02-05 15:00:00,321.5,330.0,320.0,321.5,0.0,3281.6,1063504.88,0
2023-02-06,2023-02-06 11:00:00,316.1,321.25,316.1,318.58,0.78,2507.0,807597.44,1
2023-02-06,2023-02-06 12:00:00,318.58,321.05,318.58,321.05,0.78,2507.0,807597.44,1
2023-02-06,2023-02-06 13:00:00,321.05,323.52,321.05,323.52,0.77,2507.0,807597.44,1
2023-02-06,2023-02-06 14:00:00,323.52,326.0,323.52,326.0,0.77,2507.0,807597.44,1
2023-02-06,2023-02-06 15:00:00,326.0,326.4,316.1,326.0,0.0,2507.0,807597.44,0
2023-02-07,2023-02-07 11:00:00,332.5,338.25,329.45,335.38,0.87,9984.2,3373604.44,1
2023-02-07,2023-02-07 12:00:00,335.38,338.25,335.38,338.25,0.86,9984.2,3373604.44,1
2023-02-07,2023-02-07 13:00:00,338.25,341.12,338.25,341.12,0.85,9984.2,3373604.44,1
2023-02-07,2023-02-07 14:00:00,341.12,344.0,341.12,344.0,0.84,9984.2,3373604.44,1
2023-02-07,2023-02-07 15:00:00,344.0,344.0,326.4,344.0,0.0,9984.2,3373604.44,0
2023-02-08,2023-02-08 11:00:00,349.8,352.4,341.9,346.12,-1.05,16420.8,5606069.28,-1
2023-02-08,2023-02-08 12:00:00,346.12,346.12,342.45,342.45,-1.06,16420.8,5606069.28,-1
2023-02-08,2023-02-08 13:00:00,342.45,342.45,338.78,338.78,-1.07,16420.8,5606069.28,-1
2023-02-08,2023-02-08 14:00:00,338.78,338.78,335.1,335.1,-1.09,16420.8,5606069.28,-1
2023-02-08,2023-02-08 15:00:00,335.1,355.0,334.0,335.1,0.0,16420.8,5606069.28,0
2023-02-09,2023-02-09 11:00:00,338.9,343.45,334.45,338.42,-0.14,7412.6,2481109.16,-1
2023-02-09,2023-02-09 12:00:00,338.42,338.42,337.95,337.95,-0.14,7412.6,2481109.16,-1
2023-02-09,2023-02-09 13:00:00,337.95,337.95,337.48,337.48,-0.14,7412.6,2481109.16,-1
2023-02-09,2023-02-09 14:00:00,337.48,337.48,337.0,337.0,-0.14,7412.6,2481109.16,-1
2023-02-09,2023-02-09 15:00:00,337.0,348.0,330.0,337.0,0.0,7412.6,2481109.16,0
2023-02-12,2023-02-12 11:00:00,330.3,330.3,323.5,326.98,-1.01,16324.6,5252410.5,-1
2023-02-12,2023-02-12 12:00:00,326.98,326.98,323.65,323.65,-1.02,16324.6,5252410.5,-1
2023-02-12,2023-02-12 13:00:00,323.65,323.65,320.32,320.32,-1.03,16324.6,5252410.5,-1
2023-02-12,2023-02-12 14:00:00,320.32,320.32,317.0,317.0,-1.04,16324.6,5252410.5,-1
2023-02-12,2023-02-12 15:00:00,317.0,330.3,316.7,317.0,0.0,16324.6,5252410.5,0
2023-02-14,2023-02-14 11:00:00,318.0,321.5,316.5,317.43,-0.18,5306.6,1690575.76,-1
2023-02-14,2023-02-14 12:00:00,317.43,317.43,316.85,316.85,-0.18,5306.6,1690575.76,-1
2023-02-14,2023-02-14 13:00:00,316.85,316.85,316.27,316.27,-0.18,5306.6,1690575.76,-1
2023-02-14,2023-02-14 14:00:00,316.27,316.27,315.7,315.7,-0.18,5306.6,1690575.76,-1
2023-02-14,2023-02-14 15:00:00,315.7,325.0,315.0,315.7,0.0,5306.6,1690575.76,0
2023-02-15,2023-02-15 11:00:00,322.0,323.4,314.5,318.25,-1.16,12999.4,4065144.18,-1
2023-02-15,2023-02-15 12:00:00,318.25,318.25,314.5,314.5,-1.18,12999.4,4065144.18,-1
2023-02-15,2023-02-15 13:00:00,314.5,314.5,310.75,310.75,-1.19,12999.4,4065144.18,-1
2023-02-15,2023-02-15 14:00:00,310.75,310.75,307.0,307.0,-1.21,12999.4,4065144.18,-1
2023-02-15,2023-02-15 15:00:00,307.0,324.8,307.0,307.0,0.0,12999.4,4065144.18,0
2023-02-16,2023-02-16 11:00:00,306.1,310.05,304.0,305.08,-0.33,7114.8,2175323.86,-1
2023-02-16,2023-02-16 12:00:00,305.08,305.08,304.05,304.05,-0.34,7114.8,2175323.86,-1
2023-02-16,2023-02-16 13:00:00,304.05,304.05,303.02,303.02,-0.34,7114.8,2175323.86,-1
2023-02-16,2023-02-16 14:00:00,303.02,303.02,302.0,302.0,-0.34,7114.8,2175323.86,-1
2023-02-16,2023-02-16 15:00:00,302.0,314.0,301.9,302.0,0.0,7114.8,2175323.86,0
2023-02-20,2023-02-20 11:00:00,301.0,303.0,298.0,301.0,0.0,8254.0,2466495.2,0
2023-02-20,2023-02-20 12:00:00,301.0,301.0,301.0,301.0,0.0,8254.0,2466495.2,0
2023-02-20,2023-02-20 13:00:00,301.0,301.0,301.0,301.0,0.0,8254.0,2466495.2,0
2023-02-20,2023-02-20 14:00:00,301.0,301.0,301.0,301.0,0.0,8254.0,2466495.2,0
2023-02-20,2023-02-20 15:00:00,301.0,305.0,295.0,301.0,0.0,8254.0,2466495.2,0
2023-02-22,2023-02-22 11:00:00,303.0,308.95,302.5,305.2,0.73,8398.8,2579905.46,1
2023-02-22,2023-02-22 12:00:00,305.2,307.4,305.2,307.4,0.72,8398.8,2579905.46,1
2023-02-22,2023-02-22 13:00:00,307.4,309.6,307.4,309.6,0.72,8398.8,2579905.46,1
2023-02-22,2023-02-22 14:00:00,309.6,311.8,309.6,311.8,0.71,8398.8,2579905.46,1
2023-02-22,2023-02-22 15:00:00,311.8,314.9,302.0,311.8,0.0,8398.8,2579905.46,0
2023-02-23,2023-02-23 11:00:00,310.9,310.9,304.8,308.8,-0.68,5022.8,1521901.2,-1
2023-02-23,2023-02-23 12:00:00,308.8,308.8,306.7,306.7,-0.68,5022.8,1521901.2,-1
2023-02-23,2023-02-23 13:00:00,306.7,306.7,304.6,304.6,-0.68,5022.8,1521901.2,-1
2023-02-23,2023-02-23 14:00:00,304.6,304.6,302.5,302.5,-0.69,5022.8,1521901.2,-1
2023-02-23,2023-02-23 15:00:00,302.5,310.9,298.7,302.5,0.0,5022.8,1521901.2,0
2023-02-26,2023-02-26 11:00:00,296.5,302.7,293.55,298.62,0.72,8932.0,2660005.24,1
2023-02-26,2023-02-26 12:00:00,298.62,300.75,298.62,300.75,0.71,8932.0,2660005.24,1
2023-02-26,2023-02-26 13:00:00,300.75,302.88,300.75,302.88,0.71,8932.0,2660005.24,1
2023-02-26,2023-02-26 14:00:00,302.88,305.0,302.88,305.0,0.7,8932.0,2660005.24,1
2023-02-26,2023-02-26 15:00:00,305.0,308.9,290.6,305.0,0.0,8932.0,2660005.24,0
2023-02-27,2023-02-27 11:00:00,310.0,311.85,303.35,308.68,-0.43,5972.2,1810711.22,-1
2023-02-27,2023-02-27 12:00:00,308.68,308.68,307.35,307.35,-0.43,5972.2,1810711.22,-1
2023-02-27,2023-02-27 13:00:00,307.35,307.35,306.02,306.02,-0.43,5972.2,1810711.22,-1
2023-02-27,2023-02-27 14:00:00,306.02,306.02,304.7,304.7,-0.43,5972.2,1810711.22,-1
2023-02-27,2023-02-27 15:00:00,304.7,313.7,296.7,304.7,0.0,5972.2,1810711.22,0
2023-02-28,2023-02-28 11:00:00,305.0,307.0,303.05,304.02,-0.32,3782.2,1151311.6,-1
2023-02-28,2023-02-28 12:00:00,304.02,304.02,303.05,303.05,-0.32,3782.2,1151311.6,-1
2023-02-28,2023-02-28 13:00:00,303.05,303.05,302.08,302.08,-0.32,3782.2,1151311.6,-1
2023-02-28,2023-02-28 14:00:00,302.08,302.08,301.1,301.1,-0.32,3782.2,1151311.6,-1
2023-02-28,2023-02-28 15:00:00,301.1,309.0,301.1,301.1,0.0,3782.2,1151311.6,0
2023-03-01,2023-03-01 11:00:00,307.0,310.0,302.0,305.25,-0.57,3418.0,1024735.2,-1
2023-03-01,2023-03-01 12:00:00,305.25,305.25,303.5,303.5,-0.57,3418.0,1024735.2,-1
2023-03-01,2023-03-01 13:00:00,303.5,303.5,301.75,301.75,-0.58,3418.0,1024735.2,-1
2023-03-01,2023-03-01 14:00:00,301.75,301.75,300.0,300.0,-0.58,3418.0,1024735.2,-1
2023-03-01,2023-03-01 15:00:00,300.0,313.0,297.0,300.0,0.0,3418.0,1024735.2,0
2023-03-02,2023-03-02 11:00:00,295.1,299.05,293.6,295.08,-0.01,3941.2,1164922.66,-1
2023-03-02,2023-03-02 12:00:00,295.08,295.08,295.05,295.05,-0.01,3941.2,1164922.66,-1
2023-03-02,2023-03-02 13:00:00,295.05,295.05,295.02,295.02,-0.01,3941.2,1164922.66,-1
2023-03-02,2023-03-02 14:00:00,295.02,295.02,295.0,295.0,-0.01,3941.2,1164922.66,-1
2023-03-02,2023-03-02 15:00:00,295.0,303.0,292.1,295.0,0.0,3941.2,1164922.66,0
2023-03-05,2023-03-05 11:00:00,300.5,300.5,293.75,297.12,-1.12,3048.0,883872.0,-1
2023-03-05,2023-03-05 12:00:00,297.12,297.12,293.75,293.75,-1.13,3048.0,883872.0,-1
2023-03-05,2023-03-05 13:00:00,293.75,293.75,290.38,290.38,-1.15,3048.0,883872.0,-1
2023-03-05,2023-03-05 14:00:00,290.38,290.38,287.0,287.0,-1.16,3048.0,883872.0,-1
2023-03-05,2023-03-05 15:00:00,287.0,300.5,287.0,287.0,0.0,3048.0,883872.0,0
2023-03-07,2023-03-07 11:00:00,282.1,290.65,282.1,284.33,0.79,3484.0,1017681.2,1
2023-03-07,2023-03-07 12:00:00,284.33,286.55,284.33,286.55,0.78,3484.0,1017681.2,1
2023-03-07,2023-03-07 13:00:00,286.55,288.77,286.55,288.77,0.77,3484.0,1017681.2,1
2023-03-07,2023-03-07 14:00:00,288.77,291.0,288.77,291.0,0.77,3484.0,1017681.2,1
2023-03-07,2023-03-07 15:00:00,291.0,299.2,282.1,291.0,0.0,3484.0,1017681.2,0
2023-03-09,2023-03-09 11:00:00,295.0,300.5,295.0,297.5,0.85,7188.4,2162541.5,1
2023-03-09,2023-03-09 12:00:00,297.5,300.0,297.5,300.0,0.84,7188.4,2162541.5,1
2023-03-09,2023-03-09 13:00:00,300.0,302.5,300.0,302.5,0.83,7188.4,2162541.5,1
2023-03-09,2023-03-09 14:00:00,302.5,305.0,302.5,305.0,0.83,7188.4,2162541.5,1
2023-03-09,2023-03-09 15:00:00,305.0,306.0,295.0,305.0,0.0,7188.4,2162541.5,0
2023-03-12,2023-03-12 11:00:00,309.0,309.95,304.0,307.23,-0.57,5954.4,1815225.7,-1
2023-03-12,2023-03-12 12:00:00,307.23,307.23,305.45,305.45,-0.58,5954.4,1815225.7,-1
2023-03-12,2023-03-12 13:00:00,305.45,305.45,303.67,303.67,-0.58,5954.4,1815225.7,-1
2023-03-12,2023-03-12 14:00:00,303.67,303.67,301.9,301.9,-0.58,5954.4,1815225.7,-1
2023-03-12,2023-03-12 15:00:00,301.9,310.9,299.0,301.9,0.0,5954.4,1815225.7,0
2023-03-13,2023-03-13 11:00:00,304.0,304.5,299.5,302.02,-0.65,8316.8,2466391.4,-1
2023-03-13,2023-03-13 12:00:00,302.02,302.02,300.05,300.05,-0.65,8316.8,2466391.4,-1
2023-03-13,2023-03-13 13:00:00,300.05,300.05,298.08,298.08,-0.66,8316.8,2466391.4,-1
2023-03-13,2023-03-13 14:00:00,298.08,298.08,296.1,296.1,-0.66,8316.8,2466391.4,-1
2023-03-13,2023-03-13 15:00:00,296.1,305.0,295.0,296.1,0.0,8316.8,2466391.4,0
2023-03-14,2023-03-14 11:00:00,301.0,301.0,298.1,300.75,-0.08,2960.0,885556.6,-1
2023-03-14,2023-03-14 12:00:00,300.75,300.75,300.5,300.5,-0.08,2960.0,885556.6,-1
2023-03-14,2023-03-14 13:00:00,300.5,300.5,300.25,300.25,-0.08,2960.0,885556.6,-1
2023-03-14,2023-03-14 14:00:00,300.25,300.25,300.0,300.0,-0.08,2960.0,885556.6,-1
2023-03-14,2023-03-14 15:00:00,300.0,301.0,295.2,300.0,0.0,2960.0,885556.6,0
2023-03-15,2023-03-15 11:00:00,306.0,306.0,300.5,304.5,-0.49,1929.0,574349.6,-1
2023-03-15,2023-03-15 12:00:00,304.5,304.5,303.0,303.0,-0.49,1929.0,574349.6,-1
2023-03-15,2023-03-15 13:00:00,303.0,303.0,301.5,301.5,-0.5,1929.0,574349.6,-1
2023-03-15,2023-03-15 14:00:00,301.5,301.5,300.0,300.0,-0.5,1929.0,574349.6,-1
2023-03-15,2023-03-15 15:00:00,300.0,306.0,295.0,300.0,0.0,1929.0,574349.6,0
2023-03-16,2023-03-16 11:00:00,299.9,301.45,298.0,300.17,0.09,2119.0,634456.5,1
2023-03-16,2023-03-16 12:00:00,300.17,300.45,300.17,300.45,0.09,2119.0,634456.5,1
2023-03-16,2023-03-16 13:00:00,300.45,300.73,300.45,300.73,0.09,2119.0,634456.5,1
2023-03-16,2023-03-16 14:00:00,300.73,301.0,300.73,301.0,0.09,2119.0,634456.5,1
2023-03-16,2023-03-16 15:00:00,301.0,303.0,296.1,301.0,0.0,2119.0,634456.5,0
2023-03-19,2023-03-19 11:00:00,301.4,302.15,298.7,300.05,-0.45,3762.2,1128641.32,-1
2023-03-19,2023-03-19 12:00:00,300.05,300.05,298.7,298.7,-0.45,3762.2,1128641.32,-1
2023-03-19,2023-03-19 13:00:00,298.7,298.7,297.35,297.35,-0.45,3762.2,1128641.32,-1
2023-03-19,2023-03-19 14:00:00,297.35,297.35,296.0,296.0,-0.45,3762.2,1128641.32,-1
2023-03-19,2023-03-19 15:00:00,296.0,302.9,296.0,296.0,0.0,3762.2,1128641.32,0
2023-03-20,2023-03-20 11:00:00,293.5,299.6,293.5,295.52,0.69,3551.2,1068070.7,1
2023-03-20,2023-03-20 12:00:00,295.52,297.55,295.52,297.55,0.69,3551.2,1068070.7,1
2023-03-20,2023-03-20 13:00:00,297.55,299.58,297.55,299.58,0.68,3551.2,1068070.7,1
2023-03-20,2023-03-20 14:00:00,299.58,301.6,299.58,301.6,0.67,3551.2,1068070.7,1
2023-03-20,2023-03-20 15:00:00,301.6,305.7,293.5,301.6,0.0,3551.2,1068070.7,0
2023-03-22,2023-03-22 11:00:00,307.0,307.5,302.0,305.0,-0.65,4321.0,1299380.36,-1
2023-03-22,2023-03-22 12:00:00,305.0,305.0,303.0,303.0,-0.66,4321.0,1299380.36,-1
2023-03-22,2023-03-22 13:00:00,303.0,303.0,301.0,301.0,-0.66,4321.0,1299380.36,-1
2023-03-22,2023-03-22 14:00:00,301.0,301.0,299.0,299.0,-0.66,4321.0,1299380.36,-1
2023-03-22,2023-03-22 15:00:00,299.0,308.0,297.0,299.0,0.0,4321.0,1299380.36,0
2023-03-23,2023-03-23 11:00:00,296.2,298.6,296.2,296.27,0.02,1129.0,335563.38,1
2023-03-23,2023-03-23 12:00:00,296.27,296.35,296.27,296.35,0.03,1129.0,335563.38,1
2023-03-23,2023-03-23 13:00:00,296.35,296.43,296.35,296.43,0.03,1129.0,335563.38,1
2023-03-23,2023-03-23 14:00:00,296.43,296.5,296.43,296.5,0.02,1129.0,335563.38,1
2023-03-23,2023-03-23 15:00:00,296.5,301.0,296.2,296.5,0.0,1129.0,335563.38,0
2023-03-26,2023-03-26 11:00:00,291.5,293.5,290.75,292.5,0.34,1855.2,541492.76,1
2023-03-26,2023-03-26 12:00:00,292.5,293.5,292.5,293.5,0.34,1855.2,541492.76,1
2023-03-26,2023-03-26 13:00:00,293.5,294.5,293.5,294.5,0.34,1855.2,541492.76,1
2023-03-26,2023-03-26 14:00:00,294.5,295.5,294.5,295.5,0.34,1855.2,541492.76,1
2023-03-26,2023-03-26 15:00:00,295.5,295.5,290.0,295.5,0.0,1855.2,541492.76,0
2023-03-27,2023-03-27 11:00:00,295.4,298.4,292.75,296.55,0.39,4058.6,1201509.3,1
2023-03-27,2023-03-27 12:00:00,296.55,297.7,296.55,297.7,0.39,4058.6,1201509.3,1
2023-03-27,2023-03-27 13:00:00,297.7,298.85,297.7,298.85,0.39,4058.6,1201509.3,1
2023-03-27,2023-03-27 14:00:00,298.85,300.0,298.85,300.0,0.38,4058.6,1201509.3,1
2023-03-27,2023-03-27 15:00:00,300.0,301.4,290.1,300.0,0.0,4058.6,1201509.3,0
2023-03-28,2023-03-28 11:00:00,306.0,306.0,300.5,305.5,-0.16,5819.8,1754815.04,-1
2023-03-28,2023-03-28 12:00:00,305.5,305.5,305.0,305.0,-0.16,5819.8,1754815.04,-1
2023-03-28,2023-03-28 13:00:00,305.0,305.0,304.5,304.5,-0.16,5819.8,1754815.04,-1
2023-03-28,2023-03-28 14:00:00,304.5,304.5,304.0,304.0,-0.16,5819.8,1754815.04,-1
2023-03-28,2023-03-28 15:00:00,304.0,306.0,295.0,304.0,0.0,5819.8,1754815.04,0
2023-03-29,2023-03-29 11:00:00,299.0,301.1,298.0,300.0,0.33,545.0,163776.64,1
2023-03-29,2023-03-29 12:00:00,300.0,301.0,300.0,301.0,0.33,545.0,163776.64,1
2023-03-29,2023-03-29 13:00:00,301.0,302.0,301.0,302.0,0.33,545.0,163776.64,1
2023-03-29,2023-03-29 14:00:00,302.0,303.0,302.0,303.0,0.33,545.0,163776.64,1
2023-03-29,2023-03-29 15:00:00,303.0,303.2,297.0,303.0,0.0,545.0,163776.64,0
2023-03-30,2023-03-30 11:00:00,305.0,305.0,300.0,303.62,-0.45,3840.8,1146154.16,-1
2023-03-30,2023-03-30 12:00:00,303.62,303.62,302.25,302.25,-0.45,3840.8,1146154.16,-1
2023-03-30,2023-03-30 13:00:00,302.25,302.25,300.88,300.88,-0.45,3840.8,1146154.16,-1
2023-03-30,2023-03-30 14:00:00,300.88,300.88,299.5,299.5,-0.46,3840.8,1146154.16,-1
2023-03-30,2023-03-30 15:00:00,299.5,305.0,295.0,299.5,0.0,3840.8,1146154.16,0
2023-04-02,2023-04-02 11:00:00,305.4,305.4,298.7,302.05,-1.1,2118.0,628431.9,-1
2023-04-02,2023-04-02 12:00:00,302.05,302.05,298.7,298.7,-1.11,2118.0,628431.9,-1
2023-04-02,2023-04-02 13:00:00,298.7,298.7,295.35,295.35,-1.12,2118.0,628431.9,-1
2023-04-02,2023-04-02 14:00:00,295.35,295.35,292.0,292.0,-1.13,2118.0,628431.9,-1
2023-04-02,2023-04-02 15:00:00,292.0,305.4,292.0,292.0,0.0,2118.0,628431.9,0
2023-04-03,2023-04-03 11:00:00,291.0,292.5,290.0,290.5,-0.17,2223.6,646512.0,-1
2023-04-03,2023-04-03 12:00:00,290.5,290.5,290.0,290.0,-0.17,2223.6,646512.0,-1
2023-04-03,2023-04-03 13:00:00,290.0,290.0,289.5,289.5,-0.17,2223.6,646512.0,-1
2023-04-03,2023-04-03 14:00:00,289.5,289.5,289.0,289.0,-0.17,2223.6,646512.0,-1
2023-04-03,2023-04-03 15:00:00,289.0,294.0,289.0,289.0,0.0,2223.6,646512.0,0
2023-04-04,2023-04-04 11:00:00,290.0,291.45,287.6,289.98,-0.01,1279.4,370416.52,-1
2023-04-04,2023-04-04 12:00:00,289.98,289.98,289.95,289.95,-0.01,1279.4,370416.52,-1
2023-04-04,2023-04-04 13:00:00,289.95,289.95,289.92,289.92,-0.01,1279.4,370416.52,-1
2023-04-04,2023-04-04 14:00:00,289.92,289.92,289.9,289.9,-0.01,1279.4,370416.52,-1
2023-04-04,2023-04-04 15:00:00,289.9,292.9,285.2,289.9,0.0,1279.4,370416.52,0
2023-04-05,2023-04-05 11:00:00,295.0,295.0,290.5,293.5,-0.51,1958.4,567251.7,-1
2023-04-05,2023-04-05 12:00:00,293.5,293.5,292.0,292.0,-0.51,1958.4,567251.7,-1
2023-04-05,2023-04-05 13:00:00,292.0,292.0,290.5,290.5,-0.51,1958.4,567251.7,-1
2023-04-05,2023-04-05 14:00:00,290.5,290.5,289.0,289.0,-0.52,1958.4,567251.7,-1
2023-04-05,2023-04-05 15:00:00,289.0,295.0,286.0,289.0,0.0,1958.4,567251.7,0
2023-04-06,2023-04-06 11:00:00,286.1,289.7,286.1,286.83,0.26,1515.0,439697.02,1
2023-04-06,2023-04-06 12:00:00,286.83,287.55,286.83,287.55,0.25,1515.0,439697.02,1
2023-04-06,2023-04-06 13:00:00,287.55,288.27,287.55,288.27,0.25,1515.0,439697.02,1
2023-04-06,2023-04-06 14:00:00,288.27,289.0,288.27,289.0,0.25,1515.0,439697.02,1
2023-04-06,2023-04-06 15:00:00,289.0,293.3,286.1,289.0,0.0,1515.0,439697.02,0
2023-04-09,2023-04-09 11:00:00,294.6,294.6,287.3,291.2,-1.15,1826.4,519133.3,-1
2023-04-09,2023-04-09 12:00:00,291.2,291.2,287.8,287.8,-1.17,1826.4,519133.3,-1
2023-04-09,2023-04-09 13:00:00,287.8,287.8,284.4,284.4,-1.18,1826.4,519133.3,-1
2023-04-09,2023-04-09 14:00:00,284.4,284.4,281.0,281.0,-1.2,1826.4,519133.3,-1
2023-04-09,2023-04-09 15:00:00,281.0,294.6,280.0,281.0,0.0,1826.4,519133.3,0
2023-04-10,2023-04-10 11:00:00,284.0,285.0,282.15,284.25,0.09,616.0,174272.4,1
2023-04-10,2023-04-10 12:00:00,284.25,284.5,284.25,284.5,0.09,616.0,174272.4,1
2023-04-10,2023-04-10 13:00:00,284.5,284.75,284.5,284.75,0.09,616.0,174272.4,1
2023-04-10,2023-04-10 14:00:00,284.75,285.0,284.75,285.0,0.09,616.0,174272.4,1
2023-04-10,2023-04-10 15:00:00,285.0,286.0,280.3,285.0,0.0,616.0,174272.4,0
2023-04-11,2023-04-11 11:00:00,290.0,291.95,287.5,290.9,0.31,1187.0,343102.1,1
2023-04-11,2023-04-11 12:00:00,290.9,291.8,290.9,291.8,0.31,1187.0,343102.1,1
2023-04-11,2023-04-11 13:00:00,291.8,292.7,291.8,292.7,0.31,1187.0,343102.1,1
2023-04-11,2023-04-11 14:00:00,292.7,293.6,292.7,293.6,0.31,1187.0,343102.1,1
2023-04-11,2023-04-11 15:00:00,293.6,293.9,285.0,293.6,0.0,1187.0,343102.1,0
2023-04-12,2023-04-12 11:00:00,293.6,300.8,292.8,297.2,1.23,7361.6,2228173.56,1
2023-04-12,2023-04-12 12:00:00,297.2,300.8,297.2,300.8,1.21,7361.6,2228173.56,1
2023-04-12,2023-04-12 13:00:00,300.8,304.4,300.8,304.4,1.2,7361.6,2228173.56,1
2023-04-12,2023-04-12 14:00:00,304.4,308.0,304.4,308.0,1.18,7361.6,2228173.56,1
2023-04-12,2023-04-12 15:00:00,308.0,308.0,292.0,308.0,0.0,7361.6,2228173.56,0
2023-04-13,2023-04-13 11:00:00,314.0,314.5,307.0,311.0,-0.96,4465.6,1367634.96,-1
2023-04-13,2023-04-13 12:00:00,311.0,311.0,308.0,308.0,-0.96,4465.6,1367634.96,-1
2023-04-13,2023-04-13 13:00:00,308.0,308.0,305.0,305.0,-0.97,4465.6,1367634.96,-1
2023-04-13,2023-04-13 14:00:00,305.0,305.0,302.0,302.0,-0.98,4465.6,1367634.96,-1
2023-04-13,2023-04-13 15:00:00,302.0,315.0,300.0,302.0,0.0,4465.6,1367634.96,0
2023-04-16,2023-04-16 11:00:00,304.0,304.0,300.0,302.93,-0.35,1291.2,386998.8,-1
2023-04-16,2023-04-16 12:00:00,302.93,302.93,301.85,301.85,-0.36,1291.2,386998.8,-1
2023-04-16,2023-04-16 13:00:00,301.85,301.85,300.77,300.77,-0.36,1291.2,386998.8,-1
2023-04-16,2023-04-16 14:00:00,300.77,300.77,299.7,299.7,-0.36,1291.2,386998.8,-1
2023-04-16,2023-04-16 15:00:00,299.7,304.0,296.0,299.7,0.0,1291.2,386998.8,0
2023-04-17,2023-04-17 11:00:00,300.0,300.5,295.35,297.75,-0.75,1782.0,523592.1,-1
2023-04-17,2023-04-17 12:00:00,297.75,297.75,295.5,295.5,-0.76,1782.0,523592.1,-1
2023-04-17,2023-04-17 13:00:00,295.5,295.5,293.25,293.25,-0.76,1782.0,523592.1,-1
2023-04-17,2023-04-17 14:00:00,293.25,293.25,291.0,291.0,-0.77,1782.0,523592.1,-1
2023-04-17,2023-04-17 15:00:00,291.0,301.0,290.7,291.0,0.0,1782.0,523592.1,0
2023-04-18,2023-04-18 11:00:00,296.0,296.0,291.0,294.5,-0.51,2785.0,802765.8,-1
2023-04-18,2023-04-18 12:00:00,294.5,294.5,293.0,293.0,-0.51,2785.0,802765.8,-1
2023-04-18,2023-04-18 13:00:00,293.0,293.0,291.5,291.5,-0.51,2785.0,802765.8,-1
2023-04-18,2023-04-18 14:00:00,291.5,291.5,290.0,290.0,-0.51,2785.0,802765.8,-1
2023-04-18,2023-04-18 15:00:00,290.0,296.0,286.0,290.0,0.0,2785.0,802765.8,0
2023-04-19,2023-04-19 11:00:00,295.0,297.0,290.85,293.77,-0.42,1104.0,320708.0,-1
2023-04-19,2023-04-19 12:00:00,293.77,293.77,292.55,292.55,-0.42,1104.0,320708.0,-1
2023-04-19,2023-04-19 13:00:00,292.55,292.55,291.33,291.33,-0.42,1104.0,320708.0,-1
2023-04-19,2023-04-19 14:00:00,291.33,291.33,290.1,290.1,-0.42,1104.0,320708.0,-1
2023-04-19,2023-04-19 15:00:00,290.1,299.0,286.7,290.1,0.0,1104.0,320708.0,0
2023-04-20,2023-04-20 11:00:00,295.9,297.95,292.3,294.17,-0.58,520.0,150796.2,-1
2023-04-20,2023-04-20 12:00:00,294.17,294.17,292.45,292.45,-0.58,520.0,150796.2,-1
2023-04-20,2023-04-20 13:00:00,292.45,292.45,290.73,290.73,-0.59,520.0,150796.2,-1
2023-04-20,2023-04-20 14:00:00,290.73,290.73,289.0,289.0,-0.6,520.0,150796.2,-1
2023-04-20,2023-04-20 15:00:00,289.0,300.0,288.7,289.0,0.0,520.0,150796.2,0
2023-04-23,2023-04-23 11:00:00,286.2,288.1,285.6,285.9,-0.1,745.8,213369.8,-1
2023-04-23,2023-04-23 12:00:00,285.9,285.9,285.6,285.6,-0.1,745.8,213369.8,-1
2023-04-23,2023-04-23 13:00:00,285.6,285.6,285.3,285.3,-0.11,745.8,213369.8,-1
2023-04-23,2023-04-23 14:00:00,285.3,285.3,285.0,285.0,-0.11,745.8,213369.8,-1
2023-04-23,2023-04-23 15:00:00,285.0,290.0,285.0,285.0,0.0,745.8,213369.8,0
2023-04-24,2023-04-24 11:00:00,284.0,286.5,282.0,283.75,-0.09,1481.2,421234.6,-1
2023-04-24,2023-04-24 12:00:00,283.75,283.75,283.5,283.5,-0.09,1481.2,421234.6,-1
2023-04-24,2023-04-24 13:00:00,283.5,283.5,283.25,283.25,-0.09,1481.2,421234.6,-1
2023-04-24,2023-04-24 14:00:00,283.25,283.25,283.0,283.0,-0.09,1481.2,421234.6,-1
2023-04-24,2023-04-24 15:00:00,283.0,289.0,280.0,283.0,0.0,1481.2,421234.6,0
2023-04-25,2023-04-25 11:00:00,280.1,285.55,280.1,282.55,0.87,1942.4,561418.1,1
2023-04-25,2023-04-25 12:00:00,282.55,285.0,282.55,285.0,0.87,1942.4,561418.1,1
2023-04-25,2023-04-25 13:00:00,285.0,287.45,285.0,287.45,0.86,1942.4,561418.1,1
2023-04-25,2023-04-25 14:00:00,287.45,289.9,287.45,289.9,0.85,1942.4,561418.1,1
2023-04-25,2023-04-25 15:00:00,289.9,291.0,280.1,289.9,0.0,1942.4,561418.1,0
2023-04-26,2023-04-26 11:00:00,289.9,291.95,287.05,288.55,-0.47,304.0,87178.2,-1
2023-04-26,2023-04-26 12:00:00,288.55,288.55,287.2,287.2,-0.47,304.0,87178.2,-1
2023-04-26,2023-04-26 13:00:00,287.2,287.2,285.85,285.85,-0.47,304.0,87178.2,-1
2023-04-26,2023-04-26 14:00:00,285.85,285.85,284.5,284.5,-0.47,304.0,87178.2,-1
2023-04-26,2023-04-26 15:00:00,284.5,294.0,284.2,284.5,0.0,304.0,87178.2,0
2023-04-27,2023-04-27 11:00:00,281.1,284.55,281.1,281.83,0.26,1138.0,324426.0,1
2023-04-27,2023-04-27 12:00:00,281.83,282.55,281.83,282.55,0.26,1138.0,324426.0,1
2023-04-27,2023-04-27 13:00:00,282.55,283.27,282.55,283.27,0.25,1138.0,324426.0,1
2023-04-27,2023-04-27 14:00:00,283.27,284.0,283.27,284.0,0.26,1138.0,324426.0,1
2023-04-27,2023-04-27 15:00:00,284.0,288.0,281.1,284.0,0.0,1138.0,324426.0,0
2023-04-30,2023-04-30 11:00:00,280.4,281.7,279.5,280.05,-0.12,913.6,255734.6,-1
2023-04-30,2023-04-30 12:00:00,280.05,280.05,279.7,279.7,-0.12,913.6,255734.6,-1
2023-04-30,2023-04-30 13:00:00,279.7,279.7,279.35,279.35,-0.13,913.6,255734.6,-1
2023-04-30,2023-04-30 14:00:00,279.35,279.35,279.0,279.0,-0.13,913.6,255734.6,-1
2023-04-30,2023-04-30 15:00:00,279.0,283.0,278.6,279.0,0.0,913.6,255734.6,0
2023-05-02,2023-05-02 11:00:00,277.0,280.5,277.0,277.62,0.22,718.0,200751.9,1
2023-05-02,2023-05-02 12:00:00,277.62,278.25,277.62,278.25,0.23,718.0,200751.9,1
2023-05-02,2023-05-02 13:00:00,278.25,278.88,278.25,278.88,0.23,718.0,200751.9,1
2023-05-02,2023-05-02 14:00:00,278.88,279.5,278.88,279.5,0.22,718.0,200751.9,1
2023-05-02,2023-05-02 15:00:00,279.5,284.0,277.0,279.5,0.0,718.0,200751.9,0
2023-05-03,2023-05-03 11:00:00,283.9,283.9,273.65,281.4,-0.88,1028.8,280178.28,-1
2023-05-03,2023-05-03 12:00:00,281.4,281.4,278.9,278.9,-0.89,1028.8,280178.28,-1
2023-05-03,2023-05-03 13:00:00,278.9,278.9,276.4,276.4,-0.9,1028.8,280178.28,-1
2023-05-03,2023-05-03 14:00:00,276.4,276.4,273.9,273.9,-0.9,1028.8,280178.28,-1
2023-05-03,2023-05-03 15:00:00,273.9,283.9,263.4,273.9,0.0,1028.8,280178.28,0
2023-05-04,2023-05-04 11:00:00,279.0,279.0,273.0,278.68,-0.11,1514.0,412391.0,-1
2023-05-04,2023-05-04 12:00:00,278.68,278.68,278.35,278.35,-0.12,1514.0,412391.0,-1
2023-05-04,2023-05-04 13:00:00,278.35,278.35,278.02,278.02,-0.12,1514.0,412391.0,-1
2023-05-04,2023-05-04 14:00:00,278.02,278.02,277.7,277.7,-0.12,1514.0,412391.0,-1
2023-05-04,2023-05-04 15:00:00,277.7,279.0,267.0,277.7,0.0,1514.0,412391.0,0
2023-05-07,2023-05-07 11:00:00,280.0,280.0,275.5,278.25,-0.62,676.0,183766.0,-1
2023-05-07,2023-05-07 12:00:00,278.25,278.25,276.5,276.5,-0.63,676.0,183766.0,-1
2023-05-07,2023-05-07 13:00:00,276.5,276.5,274.75,274.75,-0.63,676.0,183766.0,-1
2023-05-07,2023-05-07 14:00:00,274.75,274.75,273.0,273.0,-0.64,676.0,183766.0,-1
2023-05-07,2023-05-07 15:00:00,273.0,280.0,271.0,273.0,0.0,676.0,183766.0,0
2023-05-08,2023-05-08 11:00:00,270.0,270.0,264.4,269.55,-0.17,2034.8,538210.82,-1
2023-05-08,2023-05-08 12:00:00,269.55,269.55,269.1,269.1,-0.17,2034.8,538210.82,-1
2023-05-08,2023-05-08 13:00:00,269.1,269.1,268.65,268.65,-0.17,2034.8,538210.82,-1
2023-05-08,2023-05-08 14:00:00,268.65,268.65,268.2,268.2,-0.17,2034.8,538210.82,-1
2023-05-08,2023-05-08 15:00:00,268.2,270.0,258.8,268.2,0.0,2034.8,538210.82,0
2023-05-09,2023-05-09 11:00:00,273.5,273.75,268.75,271.88,-0.59,950.6,256168.5,-1
2023-05-09,2023-05-09 12:00:00,271.88,271.88,270.25,270.25,-0.6,950.6,256168.5,-1
2023-05-09,2023-05-09 13:00:00,270.25,270.25,268.62,268.62,-0.6,950.6,256168.5,-1
2023-05-09,2023-05-09 14:00:00,268.62,268.62,267.0,267.0,-0.6,950.6,256168.5,-1
2023-05-09,2023-05-09 15:00:00,267.0,274.0,264.0,267.0,0.0,950.6,256168.5,0
2023-05-10,2023-05-10 11:00:00,262.1,264.05,262.1,262.83,0.28,558.0,147190.1,1
2023-05-10,2023-05-10 12:00:00,262.83,263.55,262.83,263.55,0.27,558.0,147190.1,1
2023-05-10,2023-05-10 13:00:00,263.55,264.27,263.55,264.27,0.27,558.0,147190.1,1
2023-05-10,2023-05-10 14:00:00,264.27,265.0,264.27,265.0,0.28,558.0,147190.1,1
2023-05-10,2023-05-10 15:00:00,265.0,266.0,262.1,265.0,0.0,558.0,147190.1,0
2023-05-11,2023-05-11 11:00:00,263.1,268.55,263.05,265.83,1.04,326.0,87296.8,1
2023-05-11,2023-05-11 12:00:00,265.83,268.55,265.83,268.55,1.02,326.0,87296.8,1
2023-05-11,2023-05-11 13:00:00,268.55,271.27,268.55,271.27,1.01,326.0,87296.8,1
2023-05-11,2023-05-11 14:00:00,271.27,274.0,271.27,274.0,1.01,326.0,87296.8,1
2023-05-11,2023-05-11 15:00:00,274.0,274.0,263.0,274.0,0.0,326.0,87296.8,0
2023-05-14,2023-05-14 11:00:00,274.0,279.45,267.0,271.6,-0.88,767.2,202119.0,-1
2023-05-14,2023-05-14 12:00:00,271.6,271.6,269.2,269.2,-0.88,767.2,202119.0,-1
2023-05-14,2023-05-14 13:00:00,269.2,269.2,266.8,266.8,-0.89,767.2,202119.0,-1
2023-05-14,2023-05-14 14:00:00,266.8,266.8,264.4,264.4,-0.9,767.2,202119.0,-1
2023-05-14,2023-05-14 15:00:00,264.4,284.9,260.0,264.4,0.0,767.2,202119.0,0
2023-05-15,2023-05-15 11:00:00,265.0,272.5,260.5,265.73,0.28,1492.0,389702.1,1
2023-05-15,2023-05-15 12:00:00,265.73,266.45,265.73,266.45,0.27,1492.0,389702.1,1
2023-05-15,2023-05-15 13:00:00,266.45,267.17,266.45,267.17,0.27,1492.0,389702.1,1
2023-05-15,2023-05-15 14:00:00,267.17,267.9,267.17,267.9,0.27,1492.0,389702.1,1
2023-05-15,2023-05-15 15:00:00,267.9,280.0,256.0,267.9,0.0,1492.0,389702.1,0
2023-05-16,2023-05-16 11:00:00,273.0,273.0,267.8,272.5,-0.18,1014.4,270995.6,-1
2023-05-16,2023-05-16 12:00:00,272.5,272.5,272.0,272.0,-0.18,1014.4,270995.6,-1
2023-05-16,2023-05-16 13:00:00,272.0,272.0,271.5,271.5,-0.18,1014.4,270995.6,-1
2023-05-16,2023-05-16 14:00:00,271.5,271.5,271.0,271.0,-0.18,1014.4,270995.6,-1
2023-05-16,2023-05-16 15:00:00,271.0,273.0,262.6,271.0,0.0,1014.4,270995.6,0
2023-05-17,2023-05-17 11:00:00,271.0,275.5,268.0,271.5,0.18,2340.2,632015.2,1
2023-05-17,2023-05-17 12:00:00,271.5,272.0,271.5,272.0,0.18,2340.2,632015.2,1
2023-05-17,2023-05-17 13:00:00,272.0,272.5,272.0,272.5,0.18,2340.2,632015.2,1
2023-05-17,2023-05-17 14:00:00,272.5,273.0,272.5,273.0,0.18,2340.2,632015.2,1
2023-05-17,2023-05-17 15:00:00,273.0,280.0,265.0,273.0,0.0,2340.2,632015.2,0
2023-05-18,2023-05-18 11:00:00,268.0,275.5,265.35,270.25,0.84,3381.8,927830.92,1
2023-05-18,2023-05-18 12:00:00,270.25,272.5,270.25,272.5,0.83,3381.8,927830.92,1
2023-05-18,2023-05-18 13:00:00,272.5,274.75,272.5,274.75,0.83,3381.8,927830.92,1
2023-05-18,2023-05-18 14:00:00,274.75,277.0,274.75,277.0,0.82,3381.8,927830.92,1
2023-05-18,2023-05-18 15:00:00,277.0,283.0,262.7,277.0,0.0,3381.8,927830.92,0
2023-05-21,2023-05-21 11:00:00,282.3,284.65,275.65,280.98,-0.47,5448.0,1500698.0,-1
2023-05-21,2023-05-21 12:00:00,280.98,280.98,279.65,279.65,-0.47,5448.0,1500698.0,-1
2023-05-21,2023-05-21 13:00:00,279.65,279.65,278.32,278.32,-0.48,5448.0,1500698.0,-1
2023-05-21,2023-05-21 14:00:00,278.32,278.32,277.0,277.0,-0.47,5448.0,1500698.0,-1
2023-05-21,2023-05-21 15:00:00,277.0,287.0,269.0,277.0,0.0,5448.0,1500698.0,0
2023-05-22,2023-05-22 11:00:00,271.5,275.5,269.9,272.12,0.23,3351.0,913224.12,1
2023-05-22,2023-05-22 12:00:00,272.12,272.75,272.12,272.75,0.23,3351.0,913224.12,1
2023-05-22,2023-05-22 13:00:00,272.75,273.38,272.75,273.38,0.23,3351.0,913224.12,1
2023-05-22,2023-05-22 14:00:00,273.38,274.0,273.38,274.0,0.23,3351.0,913224.12,1
2023-05-22,2023-05-22 15:00:00,274.0,279.5,268.3,274.0,0.0,3351.0,913224.12,0
2023-05-23,2023-05-23 11:00:00,279.4,282.2,277.75,280.27,0.31,4833.0,1355513.84,1
2023-05-23,2023-05-23 12:00:00,280.27,281.15,280.27,281.15,0.31,4833.0,1355513.84,1
2023-05-23,2023-05-23 13:00:00,281.15,282.02,281.15,282.02,0.31,4833.0,1355513.84,1
2023-05-23,2023-05-23 14:00:00,282.02,282.9,282.02,282.9,0.31,4833.0,1355513.84,1
2023-05-23,2023-05-23 15:00:00,282.9,285.0,276.1,282.9,0.0,4833.0,1355513.84,0
2023-05-24,2023-05-24 11:00:00,287.0,287.0,282.0,285.5,-0.52,3469.8,974404.9,-1
2023-05-24,2023-05-24 12:00:00,285.5,285.5,284.0,284.0,-0.53,3469.8,974404.9,-1
2023-05-24,2023-05-24 13:00:00,284.0,284.0,282.5,282.5,-0.53,3469.8,974404.9,-1
2023-05-24,2023-05-24 14:00:00,282.5,282.5,281.0,281.0,-0.53,3469.8,974404.9,-1
2023-05-24,2023-05-24 15:00:00,281.0,287.0,277.0,281.0,0.0,3469.8,974404.9,0
2023-05-28,2023-05-28 11:00:00,286.0,286.0,281.55,284.25,-0.61,4297.8,1208318.94,-1
2023-05-28,2023-05-28 12:00:00,284.25,284.25,282.5,282.5,-0.62,4297.8,1208318.94,-1
2023-05-28,2023-05-28 13:00:00,282.5,282.5,280.75,280.75,-0.62,4297.8,1208318.94,-1
2023-05-28,2023-05-28 14:00:00,280.75,280.75,279.0,279.0,-0.62,4297.8,1208318.94,-1
2023-05-28,2023-05-28 15:00:00,279.0,286.0,277.1,279.0,0.0,4297.8,1208318.94,0
2023-05-30,2023-05-30 11:00:00,275.0,277.75,270.8,274.5,-0.18,3921.8,1070576.4,-1
2023-05-30,2023-05-30 12:00:00,274.5,274.5,274.0,274.0,-0.18,3921.8,1070576.4,-1
2023-05-30,2023-05-30 13:00:00,274.0,274.0,273.5,273.5,-0.18,3921.8,1070576.4,-1
2023-05-30,2023-05-30 14:00:00,273.5,273.5,273.0,273.0,-0.18,3921.8,1070576.4,-1
2023-05-30,2023-05-30 15:00:00,273.0,280.5,266.6,273.0,0.0,3921.8,1070576.4,0
2023-05-31,2023-05-31 11:00:00,267.6,272.3,264.65,267.2,-0.15,2948.0,785664.6,-1
2023-05-31,2023-05-31 12:00:00,267.2,267.2,266.8,266.8,-0.15,2948.0,785664.6,-1
2023-05-31,2023-05-31 13:00:00,266.8,266.8,266.4,266.4,-0.15,2948.0,785664.6,-1
2023-05-31,2023-05-31 14:00:00,266.4,266.4,266.0,266.0,-0.15,2948.0,785664.6,-1
2023-05-31,2023-05-31 15:00:00,266.0,277.0,261.7,266.0,0.0,2948.0,785664.6,0
2023-06-01,2023-06-01 11:00:00,267.0,268.65,263.5,267.82,0.31,2547.2,672140.7,1
2023-06-01,2023-06-01 12:00:00,267.82,268.65,267.82,268.65,0.31,2547.2,672140.7,1
2023-06-01,2023-06-01 13:00:00,268.65,269.48,268.65,269.48,0.31,2547.2,672140.7,1
2023-06-01,2023-06-01 14:00:00,269.48,270.3,269.48,270.3,0.3,2547.2,672140.7,1
2023-06-01,2023-06-01 15:00:00,270.3,270.3,260.0,270.3,0.0,2547.2,672140.7,0
2023-06-04,2023-06-04 11:00:00,275.7,276.85,274.45,275.27,-0.16,2270.8,626070.08,-1
2023-06-04,2023-06-04 12:00:00,275.27,275.27,274.85,274.85,-0.15,2270.8,626070.08,-1
2023-06-04,2023-06-04 13:00:00,274.85,274.85,274.43,274.43,-0.15,2270.8,626070.08,-1
2023-06-04,2023-06-04 14:00:00,274.43,274.43,274.0,274.0,-0.16,2270.8,626070.08,-1
2023-06-04,2023-06-04 15:00:00,274.0,278.0,273.2,274.0,0.0,2270.8,626070.08,0
2023-06-05,2023-06-05 11:00:00,270.0,277.0,270.0,270.0,0.0,1475.0,405144.6,0
2023-06-05,2023-06-05 12:00:00,270.0,270.0,270.0,270.0,0.0,1475.0,405144.6,0
2023-06-05,2023-06-05 13:00:00,270.0,270.0,270.0,270.0,0.0,1475.0,405144.6,0
2023-06-05,2023-06-05 14:00:00,270.0,270.0,270.0,270.0,0.0,1475.0,405144.6,0
2023-06-05,2023-06-05 15:00:00,270.0,284.0,270.0,270.0,0.0,1475.0,405144.6,0
2023-06-06,2023-06-06 11:00:00,270.0,272.6,269.55,271.25,0.46,7041.2,1920032.74,1
2023-06-06,2023-06-06 12:00:00,271.25,272.5,271.25,272.5,0.46,7041.2,1920032.74,1
2023-06-06,2023-06-06 13:00:00,272.5,273.75,272.5,273.75,0.46,7041.2,1920032.74,1
2023-06-06,2023-06-06 14:00:00,273.75,275.0,273.75,275.0,0.46,7041.2,1920032.74,1
2023-06-06,2023-06-06 15:00:00,275.0,275.2,269.1,275.0,0.0,7041.2,1920032.74,0
2023-06-07,2023-06-07 11:00:00,280.0,283.0,278.0,279.98,-0.01,7712.8,2166064.22,-1
2023-06-07,2023-06-07 12:00:00,279.98,279.98,279.95,279.95,-0.01,7712.8,2166064.22,-1
2023-06-07,2023-06-07 13:00:00,279.95,279.95,279.92,279.92,-0.01,7712.8,2166064.22,-1
2023-06-07,2023-06-07 14:00:00,279.92,279.92,279.9,279.9,-0.01,7712.8,2166064.22,-1
2023-06-07,2023-06-07 15:00:00,279.9,286.0,276.0,279.9,0.0,7712.8,2166064.22,0
2023-06-08,2023-06-08 11:00:00,285.3,285.3,280.7,283.48,-0.64,1226.2,340911.86,-1
2023-06-08,2023-06-08 12:00:00,283.48,283.48,281.65,281.65,-0.65,1226.2,340911.86,-1
2023-06-08,2023-06-08 13:00:00,281.65,281.65,279.82,279.82,-0.65,1226.2,340911.86,-1
2023-06-08,2023-06-08 14:00:00,279.82,279.82,278.0,278.0,-0.65,1226.2,340911.86,-1
2023-06-08,2023-06-08 15:00:00,278.0,285.3,276.1,278.0,0.0,1226.2,340911.86,0
2023-06-11,2023-06-11 11:00:00,280.0,283.3,279.95,281.45,0.52,8048.0,2284118.14,1
2023-06-11,2023-06-11 12:00:00,281.45,282.9,281.45,282.9,0.52,8048.0,2284118.14,1
2023-06-11,2023-06-11 13:00:00,282.9,284.35,282.9,284.35,0.51,8048.0,2284118.14,1
2023-06-11,2023-06-11 14:00:00,284.35,285.8,284.35,285.8,0.51,8048.0,2284118.14,1
2023-06-11,2023-06-11 15:00:00,285.8,286.6,279.9,285.8,0.0,8048.0,2284118.14,0
2023-06-12,2023-06-12 11:00:00,289.0,290.25,286.25,289.25,0.09,6015.4,1728616.2,1
2023-06-12,2023-06-12 12:00:00,289.25,289.5,289.25,289.5,0.09,6015.4,1728616.2,1
2023-06-12,2023-06-12 13:00:00,289.5,289.75,289.5,289.75,0.09,6015.4,1728616.2,1
2023-06-12,2023-06-12 14:00:00,289.75,290.0,289.75,290.0,0.09,6015.4,1728616.2,1
2023-06-12,2023-06-12 15:00:00,290.0,291.5,283.5,290.0,0.0,6015.4,1728616.2,0
2023-06-13,2023-06-13 11:00:00,290.0,293.3,287.2,290.0,0.0,8737.8,2554198.1,0
2023-06-13,2023-06-13 12:00:00,290.0,290.0,290.0,290.0,0.0,8737.8,2554198.1,0
2023-06-13,2023-06-13 13:00:00,290.0,290.0,290.0,290.0,0.0,8737.8,2554198.1,0
2023-06-13,2023-06-13 14:00:00,290.0,290.0,290.0,290.0,0.0,8737.8,2554198.1,0
2023-06-13,2023-06-13 15:00:00,290.0,296.6,284.4,290.0,0.0,8737.8,2554198.1,0
2023-06-14,2023-06-14 11:00:00,295.2,297.6,290.25,294.15,-0.36,5796.2,1695783.52,-1
2023-06-14,2023-06-14 12:00:00,294.15,294.15,293.1,293.1,-0.36,5796.2,1695783.52,-1
2023-06-14,2023-06-14 13:00:00,293.1,293.1,292.05,292.05,-0.36,5796.2,1695783.52,-1
2023-06-14,2023-06-14 14:00:00,292.05,292.05,291.0,291.0,-0.36,5796.2,1695783.52,-1
2023-06-14,2023-06-14 15:00:00,291.0,300.0,285.3,291.0,0.0,5796.2,1695783.52,0
2023-06-15,2023-06-15 11:00:00,295.0,295.75,290.1,293.48,-0.52,1122.2,323670.3,-1
2023-06-15,2023-06-15 12:00:00,293.48,293.48,291.95,291.95,-0.52,1122.2,323670.3,-1
2023-06-15,2023-06-15 13:00:00,291.95,291.95,290.42,290.42,-0.52,1122.2,323670.3,-1
2023-06-15,2023-06-15 14:00:00,290.42,290.42,288.9,288.9,-0.52,1122.2,323670.3,-1
2023-06-15,2023-06-15 15:00:00,288.9,296.5,285.2,288.9,0.0,1122.2,323670.3,0
2023-06-18,2023-06-18 11:00:00,286.0,291.75,286.0,286.32,0.11,11932.0,3454076.3,1
2023-06-18,2023-06-18 12:00:00,286.32,286.65,286.32,286.65,0.12,11932.0,3454076.3,1
2023-06-18,2023-06-18 13:00:00,286.65,286.98,286.65,286.98,0.12,11932.0,3454076.3,1
2023-06-18,2023-06-18 14:00:00,286.98,287.3,286.98,287.3,0.11,11932.0,3454076.3,1
2023-06-18,2023-06-18 15:00:00,287.3,297.5,286.0,287.3,0.0,11932.0,3454076.3,0
2023-06-19,2023-06-19 11:00:00,290.0,290.0,279.0,287.45,-0.88,45832.8,12603510.76,-1
2023-06-19,2023-06-19 12:00:00,287.45,287.45,284.9,284.9,-0.89,45832.8,12603510.76,-1
2023-06-19,2023-06-19 13:00:00,284.9,284.9,282.35,282.35,-0.9,45832.8,12603510.76,-1
2023-06-19,2023-06-19 14:00:00,282.35,282.35,279.8,279.8,-0.9,45832.8,12603510.76,-1
2023-06-19,2023-06-19 15:00:00,279.8,290.0,268.0,279.8,0.0,45832.8,12603510.76,0
2023-06-20,2023-06-20 11:00:00,285.0,285.0,274.35,280.3,-1.65,17250.4,4636398.6,-1
2023-06-20,2023-06-20 12:00:00,280.3,280.3,275.6,275.6,-1.68,17250.4,4636398.6,-1
2023-06-20,2023-06-20 13:00:00,275.6,275.6,270.9,270.9,-1.71,17250.4,4636398.6,-1
2023-06-20,2023-06-20 14:00:00,270.9,270.9,266.2,266.2,-1.73,17250.4,4636398.6,-1
2023-06-20,2023-06-20 15:00:00,266.2,285.0,263.7,266.2,0.0,17250.4,4636398.6,0
2023-06-21,2023-06-21 11:00:00,271.0,272.5,267.8,270.23,-0.28,4629.2,1238608.52,-1
2023-06-21,2023-06-21 12:00:00,270.23,270.23,269.45,269.45,-0.29,4629.2,1238608.52,-1
2023-06-21,2023-06-21 13:00:00,269.45,269.45,268.67,268.67,-0.29,4629.2,1238608.52,-1
2023-06-21,2023-06-21 14:00:00,268.67,268.67,267.9,267.9,-0.29,4629.2,1238608.52,-1
2023-06-21,2023-06-21 15:00:00,267.9,274.0,264.6,267.9,0.0,4629.2,1238608.52,0
2023-06-22,2023-06-22 11:00:00,268.0,268.5,261.4,266.0,-0.75,13078.8,3391993.3,-1
2023-06-22,2023-06-22 12:00:00,266.0,266.0,264.0,264.0,-0.75,13078.8,3391993.3,-1
2023-06-22,2023-06-22 13:00:00,264.0,264.0,262.0,262.0,-0.76,13078.8,3391993.3,-1
2023-06-22,2023-06-22 14:00:00,262.0,262.0,260.0,260.0,-0.76,13078.8,3391993.3,-1
2023-06-22,2023-06-22 15:00:00,260.0,269.0,254.8,260.0,0.0,13078.8,3391993.3,0
2023-06-25,2023-06-25 11:00:00,255.0,257.5,250.0,254.78,-0.09,20415.8,5140276.2,-1
2023-06-25,2023-06-25 12:00:00,254.78,254.78,254.55,254.55,-0.09,20415.8,5140276.2,-1
2023-06-25,2023-06-25 13:00:00,254.55,254.55,254.32,254.32,-0.09,20415.8,5140276.2,-1
2023-06-25,2023-06-25 14:00:00,254.32,254.32,254.1,254.1,-0.09,20415.8,5140276.2,-1
2023-06-25,2023-06-25 15:00:00,254.1,260.0,245.0,254.1,0.0,20415.8,5140276.2,0
2023-06-26,2023-06-26 11:00:00,259.1,263.55,255.55,257.55,-0.6,7562.4,1935098.72,-1
2023-06-26,2023-06-26 12:00:00,257.55,257.55,256.0,256.0,-0.6,7562.4,1935098.72,-1
2023-06-26,2023-06-26 13:00:00,256.0,256.0,254.45,254.45,-0.61,7562.4,1935098.72,-1
2023-06-26,2023-06-26 14:00:00,254.45,254.45,252.9,252.9,-0.61,7562.4,1935098.72,-1
2023-06-26,2023-06-26 15:00:00,252.9,268.0,252.0,252.9,0.0,7562.4,1935098.72,0
2023-06-27,2023-06-27 11:00:00,257.9,259.95,254.95,257.42,-0.19,10255.0,2637111.92,-1
2023-06-27,2023-06-27 12:00:00,257.42,257.42,256.95,256.95,-0.18,10255.0,2637111.92,-1
2023-06-27,2023-06-27 13:00:00,256.95,256.95,256.48,256.48,-0.18,10255.0,2637111.92,-1
2023-06-27,2023-06-27 14:00:00,256.48,256.48,256.0,256.0,-0.19,10255.0,2637111.92,-1
2023-06-27,2023-06-27 15:00:00,256.0,262.0,252.0,256.0,0.0,10255.0,2637111.92,0
2023-06-28,2023-06-28 11:00:00,260.0,260.55,257.4,259.5,-0.19,8515.8,2193005.34,-1
2023-06-28,2023-06-28 12:00:00,259.5,259.5,259.0,259.0,-0.19,8515.8,2193005.34,-1
2023-06-28,2023-06-28 13:00:00,259.0,259.0,258.5,258.5,-0.19,8515.8,2193005.34,-1
2023-06-28,2023-06-28 14:00:00,258.5,258.5,258.0,258.0,-0.19,8515.8,2193005.34,-1
2023-06-28,2023-06-28 15:00:00,258.0,261.1,254.8,258.0,0.0,8515.8,2193005.34,0
2023-07-02,2023-07-02 11:00:00,258.1,259.05,250.6,254.83,-1.27,4782.8,1191920.78,-1
2023-07-02,2023-07-02 12:00:00,254.83,254.83,251.55,251.55,-1.29,4782.8,1191920.78,-1
2023-07-02,2023-07-02 13:00:00,251.55,251.55,248.28,248.28,-1.3,4782.8,1191920.78,-1
2023-07-02,2023-07-02 14:00:00,248.28,248.28,245.0,245.0,-1.32,4782.8,1191920.78,-1
2023-07-02,2023-07-02 15:00:00,245.0,260.0,243.1,245.0,0.0,4782.8,1191920.78,0
2023-07-03,2023-07-03 11:00:00,245.0,249.5,241.15,243.68,-0.54,6696.2,1620161.6,-1
2023-07-03,2023-07-03 12:00:00,243.68,243.68,242.35,242.35,-0.55,6696.2,1620161.6,-1
2023-07-03,2023-07-03 13:00:00,242.35,242.35,241.02,241.02,-0.55,6696.2,1620161.6,-1
2023-07-03,2023-07-03 14:00:00,241.02,241.02,239.7,239.7,-0.55,6696.2,1620161.6,-1
2023-07-03,2023-07-03 15:00:00,239.7,254.0,237.3,239.7,0.0,6696.2,1620161.6,0
2023-07-04,2023-07-04 11:00:00,241.1,242.55,239.7,241.07,-0.01,5621.2,1349273.98,-1
2023-07-04,2023-07-04 12:00:00,241.07,241.07,241.05,241.05,-0.01,5621.2,1349273.98,-1
2023-07-04,2023-07-04 13:00:00,241.05,241.05,241.03,241.03,-0.01,5621.2,1349273.98,-1
2023-07-04,2023-07-04 14:00:00,241.03,241.03,241.0,241.0,-0.01,5621.2,1349273.98,-1
2023-07-04,2023-07-04 15:00:00,241.0,244.0,238.3,241.0,0.0,5621.2,1349273.98,0
2023-07-05,2023-07-05 11:00:00,236.2,239.6,234.1,235.88,-0.14,2334.6,547496.9,-1
2023-07-05,2023-07-05 12:00:00,235.88,235.88,235.55,235.55,-0.14,2334.6,547496.9,-1
2023-07-05,2023-07-05 13:00:00,235.55,235.55,235.22,235.22,-0.14,2334.6,547496.9,-1
2023-07-05,2023-07-05 14:00:00,235.22,235.22,234.9,234.9,-0.14,2334.6,547496.9,-1
2023-07-05,2023-07-05 15:00:00,234.9,243.0,232.0,234.9,0.0,2334.6,547496.9,0
2023-07-06,2023-07-06 11:00:00,232.0,234.0,229.75,231.0,-0.43,5782.4,1333107.7,-1
2023-07-06,2023-07-06 12:00:00,231.0,231.0,230.0,230.0,-0.43,5782.4,1333107.7,-1
2023-07-06,2023-07-06 13:00:00,230.0,230.0,229.0,229.0,-0.43,5782.4,1333107.7,-1
2023-07-06,2023-07-06 14:00:00,229.0,229.0,228.0,228.0,-0.44,5782.4,1333107.7,-1
2023-07-06,2023-07-06 15:00:00,228.0,236.0,227.5,228.0,0.0,5782.4,1333107.7,0
2023-07-09,2023-07-09 11:00:00,231.0,235.5,229.5,230.75,-0.11,3150.0,737788.3,-1
2023-07-09,2023-07-09 12:00:00,230.75,230.75,230.5,230.5,-0.11,3150.0,737788.3,-1
2023-07-09,2023-07-09 13:00:00,230.5,230.5,230.25,230.25,-0.11,3150.0,737788.3,-1
2023-07-09,2023-07-09 14:00:00,230.25,230.25,230.0,230.0,-0.11,3150.0,737788.3,-1
2023-07-09,2023-07-09 15:00:00,230.0,240.0,228.0,230.0,0.0,3150.0,737788.3,0
2023-07-10,2023-07-10 11:00:00,225.4,232.0,224.7,226.78,0.61,4516.8,1031509.9,1
2023-07-10,2023-07-10 12:00:00,226.78,228.15,226.78,228.15,0.6,4516.8,1031509.9,1
2023-07-10,2023-07-10 13:00:00,228.15,229.53,228.15,229.53,0.6,4516.8,1031509.9,1
2023-07-10,2023-07-10 14:00:00,229.53,230.9,229.53,230.9,0.6,4516.8,1031509.9,1
2023-07-10,2023-07-10 15:00:00,230.9,238.6,224.0,230.9,0.0,4516.8,1031509.9,0
2023-07-11,2023-07-11 11:00:00,226.3,229.9,224.15,225.95,-0.15,4943.8,1113100.64,-1
2023-07-11,2023-07-11 12:00:00,225.95,225.95,225.6,225.6,-0.15,4943.8,1113100.64,-1
2023-07-11,2023-07-11 13:00:00,225.6,225.6,225.25,225.25,-0.16,4943.8,1113100.64,-1
2023-07-11,2023-07-11 14:00:00,225.25,225.25,224.9,224.9,-0.16,4943.8,1113100.64,-1
2023-07-11,2023-07-11 15:00:00,224.9,233.5,222.0,224.9,0.0,4943.8,1113100.64,0
2023-07-12,2023-07-12 11:00:00,228.0,235.5,228.0,231.25,1.43,7914.2,1870873.44,1
2023-07-12,2023-07-12 12:00:00,231.25,234.5,231.25,234.5,1.41,7914.2,1870873.44,1
2023-07-12,2023-07-12 13:00:00,234.5,237.75,234.5,237.75,1.39,7914.2,1870873.44,1
2023-07-12,2023-07-12 14:00:00,237.75,241.0,237.75,241.0,1.37,7914.2,1870873.44,1
2023-07-12,2023-07-12 15:00:00,241.0,243.0,228.0,241.0,0.0,7914.2,1870873.44,0
2023-07-13,2023-07-13 11:00:00,244.0,244.5,239.0,241.75,-0.92,4498.4,1078065.18,-1
2023-07-13,2023-07-13 12:00:00,241.75,241.75,239.5,239.5,-0.93,4498.4,1078065.18,-1
2023-07-13,2023-07-13 13:00:00,239.5,239.5,237.25,237.25,-0.94,4498.4,1078065.18,-1
2023-07-13,2023-07-13 14:00:00,237.25,237.25,235.0,235.0,-0.95,4498.4,1078065.18,-1
2023-07-13,2023-07-13 15:00:00,235.0,245.0,234.0,235.0,0.0,4498.4,1078065.18,0
2023-07-16,2023-07-16 11:00:00,235.0,241.5,232.5,235.75,0.32,4452.8,1053829.12,1
2023-07-16,2023-07-16 12:00:00,235.75,236.5,235.75,236.5,0.32,4452.8,1053829.12,1
2023-07-16,2023-07-16 13:00:00,236.5,237.25,236.5,237.25,0.32,4452.8,1053829.12,1
2023-07-16,2023-07-16 14:00:00,237.25,238.0,237.25,238.0,0.32,4452.8,1053829.12,1
2023-07-16,2023-07-16 15:00:00,238.0,248.0,230.0,238.0,0.0,4452.8,1053829.12,0
2023-07-17,2023-07-17 11:00:00,235.1,237.35,234.55,236.07,0.41,2030.8,481895.96,1
2023-07-17,2023-07-17 12:00:00,236.07,237.05,236.07,237.05,0.42,2030.8,481895.96,1
2023-07-17,2023-07-17 13:00:00,237.05,238.03,237.05,238.03,0.41,2030.8,481895.96,1
2023-07-17,2023-07-17 14:00:00,238.03,239.0,238.03,239.0,0.41,2030.8,481895.96,1
2023-07-17,2023-07-17 15:00:00,239.0,239.6,234.0,239.0,0.0,2030.8,481895.96,0
2023-07-18,2023-07-18 11:00:00,242.0,242.0,237.65,239.82,-0.9,3080.2,728330.84,-1
2023-07-18,2023-07-18 12:00:00,239.82,239.82,237.65,237.65,-0.9,3080.2,728330.84,-1
2023-07-18,2023-07-18 13:00:00,237.65,237.65,235.48,235.48,-0.91,3080.2,728330.84,-1
2023-07-18,2023-07-18 14:00:00,235.48,235.48,233.3,233.3,-0.93,3080.2,728330.84,-1
2023-07-18,2023-07-18 15:00:00,233.3,242.0,233.3,233.3,0.0,3080.2,728330.84,0
2023-07-19,2023-07-19 11:00:00,235.0,235.5,232.55,234.38,-0.26,3103.0,721803.4,-1
2023-07-19,2023-07-19 12:00:00,234.38,234.38,233.75,233.75,-0.27,3103.0,721803.4,-1
2023-07-19,2023-07-19 13:00:00,233.75,233.75,233.12,233.12,-0.27,3103.0,721803.4,-1
2023-07-19,2023-07-19 14:00:00,233.12,233.12,232.5,232.5,-0.27,3103.0,721803.4,-1
2023-07-19,2023-07-19 15:00:00,232.5,236.0,230.1,232.5,0.0,3103.0,721803.4,0
2023-07-20,2023-07-20 11:00:00,227.9,234.9,227.9,230.18,1.0,3674.0,870640.3,1
2023-07-20,2023-07-20 12:00:00,230.18,232.45,230.18,232.45,0.99,3674.0,870640.3,1
2023-07-20,2023-07-20 13:00:00,232.45,234.72,232.45,234.72,0.98,3674.0,870640.3,1
2023-07-20,2023-07-20 14:00:00,234.72,237.0,234.72,237.0,0.97,3674.0,870640.3,1
2023-07-20,2023-07-20 15:00:00,237.0,241.9,227.9,237.0,0.0,3674.0,870640.3,0
2023-07-23,2023-07-23 11:00:00,240.0,243.0,239.05,240.5,0.21,4560.8,1098670.06,1
2023-07-23,2023-07-23 12:00:00,240.5,241.0,240.5,241.0,0.21,4560.8,1098670.06,1
2023-07-23,2023-07-23 13:00:00,241.0,241.5,241.0,241.5,0.21,4560.8,1098670.06,1
2023-07-23,2023-07-23 14:00:00,241.5,242.0,241.5,242.0,0.21,4560.8,1098670.06,1
2023-07-23,2023-07-23 15:00:00,242.0,246.0,238.1,242.0,0.0,4560.8,1098670.06,0
2023-07-24,2023-07-24 11:00:00,242.0,245.5,241.0,242.03,0.01,6069.2,1473987.46,1
2023-07-24,2023-07-24 12:00:00,242.03,242.05,242.03,242.05,0.01,6069.2,1473987.46,1
2023-07-24,2023-07-24 13:00:00,242.05,242.07,242.05,242.07,0.01,6069.2,1473987.46,1
2023-07-24,2023-07-24 14:00:00,242.07,242.1,242.07,242.1,0.01,6069.2,1473987.46,1
2023-07-24,2023-07-24 15:00:00,242.1,249.0,240.0,242.1,0.0,6069.2,1473987.46,0
2023-07-25,2023-07-25 11:00:00,240.1,241.05,238.7,239.43,-0.28,2888.4,690686.66,-1
2023-07-25,2023-07-25 12:00:00,239.43,239.43,238.75,238.75,-0.28,2888.4,690686.66,-1
2023-07-25,2023-07-25 13:00:00,238.75,238.75,238.07,238.07,-0.28,2888.4,690686.66,-1
2023-07-25,2023-07-25 14:00:00,238.07,238.07,237.4,237.4,-0.28,2888.4,690686.66,-1
2023-07-25,2023-07-25 15:00:00,237.4,242.0,237.3,237.4,0.0,2888.4,690686.66,0
2023-07-26,2023-07-26 11:00:00,241.0,241.55,239.25,240.28,-0.3,2315.6,553366.64,-1
2023-07-26,2023-07-26 12:00:00,240.28,240.28,239.55,239.55,-0.3,2315.6,553366.64,-1
2023-07-26,2023-07-26 13:00:00,239.55,239.55,238.82,238.82,-0.3,2315.6,553366.64,-1
2023-07-26,2023-07-26 14:00:00,238.82,238.82,238.1,238.1,-0.3,2315.6,553366.64,-1
2023-07-26,2023-07-26 15:00:00,238.1,242.1,237.5,238.1,0.0,2315.6,553366.64,0
2023-07-27,2023-07-27 11:00:00,238.0,239.0,236.8,237.75,-0.11,2148.6,509028.66,-1
2023-07-27,2023-07-27 12:00:00,237.75,237.75,237.5,237.5,-0.11,2148.6,509028.66,-1
2023-07-27,2023-07-27 13:00:00,237.5,237.5,237.25,237.25,-0.11,2148.6,509028.66,-1
2023-07-27,2023-07-27 14:00:00,237.25,237.25,237.0,237.0,-0.11,2148.6,509028.66,-1
2023-07-27,2023-07-27 15:00:00,237.0,240.0,235.6,237.0,0.0,2148.6,509028.66,0
2023-07-30,2023-07-30 11:00:00,232.3,234.6,232.15,232.23,-0.03,4859.0,1135152.8,-1
2023-07-30,2023-07-30 12:00:00,232.23,232.23,232.15,232.15,-0.03,4859.0,1135152.8,-1
2023-07-30,2023-07-30 13:00:00,232.15,232.15,232.07,232.07,-0.03,4859.0,1135152.8,-1
2023-07-30,2023-07-30 14:00:00,232.07,232.07,232.0,232.0,-0.03,4859.0,1135152.8,-1
2023-07-30,2023-07-30 15:00:00,232.0,236.9,232.0,232.0,0.0,4859.0,1135152.8,0
2023-07-31,2023-07-31 11:00:00,236.6,236.6,233.45,235.03,-0.66,1872.8,434537.08,-1
2023-07-31,2023-07-31 12:00:00,235.03,235.03,233.45,233.45,-0.67,1872.8,434537.08,-1
2023-07-31,2023-07-31 13:00:00,233.45,233.45,231.88,231.88,-0.67,1872.8,434537.08,-1
2023-07-31,2023-07-31 14:00:00,231.88,231.88,230.3,230.3,-0.68,1872.8,434537.08,-1
2023-07-31,2023-07-31 15:00:00,230.3,236.6,230.3,230.3,0.0,1872.8,434537.08,0
2023-08-01,2023-08-01 11:00:00,232.0,232.25,229.5,231.25,-0.32,2922.0,670318.5,-1
2023-08-01,2023-08-01 12:00:00,231.25,231.25,230.5,230.5,-0.32,2922.0,670318.5,-1
2023-08-01,2023-08-01 13:00:00,230.5,230.5,229.75,229.75,-0.33,2922.0,670318.5,-1
2023-08-01,2023-08-01 14:00:00,229.75,229.75,229.0,229.0,-0.33,2922.0,670318.5,-1
2023-08-01,2023-08-01 15:00:00,229.0,232.5,227.0,229.0,0.0,2922.0,670318.5,0
2023-08-02,2023-08-02 11:00:00,231.0,231.0,228.7,230.75,-0.11,1378.0,314464.4,-1
2023-08-02,2023-08-02 12:00:00,230.75,230.75,230.5,230.5,-0.11,1378.0,314464.4,-1
2023-08-02,2023-08-02 13:00:00,230.5,230.5,230.25,230.25,-0.11,1378.0,314464.4,-1
2023-08-02,2023-08-02 14:00:00,230.25,230.25,230.0,230.0,-0.11,1378.0,314464.4,-1
2023-08-02,2023-08-02 15:00:00,230.0,231.0,226.4,230.0,0.0,1378.0,314464.4,0
2023-08-03,2023-08-03 11:00:00,230.0,230.5,228.5,229.35,-0.28,1263.2,288954.12,-1
2023-08-03,2023-08-03 12:00:00,229.35,229.35,228.7,228.7,-0.28,1263.2,288954.12,-1
2023-08-03,2023-08-03 13:00:00,228.7,228.7,228.05,228.05,-0.28,1263.2,288954.12,-1
2023-08-03,2023-08-03 14:00:00,228.05,228.05,227.4,227.4,-0.29,1263.2,288954.12,-1
2023-08-03,2023-08-03 15:00:00,227.4,231.0,227.0,227.4,0.0,1263.2,288954.12,0
2023-08-06,2023-08-06 11:00:00,230.0,230.0,224.5,227.25,-1.2,1809.4,400597.76,-1
2023-08-06,2023-08-06 12:00:00,227.25,227.25,224.5,224.5,-1.21,1809.4,400597.76,-1
2023-08-06,2023-08-06 13:00:00,224.5,224.5,221.75,221.75,-1.22,1809.4,400597.76,-1
2023-08-06,2023-08-06 14:00:00,221.75,221.75,219.0,219.0,-1.24,1809.4,400597.76,-1
2023-08-06,2023-08-06 15:00:00,219.0,230.0,219.0,219.0,0.0,1809.4,400597.76,0
2023-08-07,2023-08-07 11:00:00,215.1,218.55,215.1,215.82,0.33,1625.6,356229.3,1
2023-08-07,2023-08-07 12:00:00,215.82,216.55,215.82,216.55,0.34,1625.6,356229.3,1
2023-08-07,2023-08-07 13:00:00,216.55,217.28,216.55,217.28,0.34,1625.6,356229.3,1
2023-08-07,2023-08-07 14:00:00,217.28,218.0,217.28,218.0,0.33,1625.6,356229.3,1
2023-08-07,2023-08-07 15:00:00,218.0,222.0,215.1,218.0,0.0,1625.6,356229.3,0
2023-08-08,2023-08-08 11:00:00,218.0,220.15,217.0,217.93,-0.03,1159.6,253868.52,-1
2023-08-08,2023-08-08 12:00:00,217.93,217.93,217.85,217.85,-0.04,1159.6,253868.52,-1
2023-08-08,2023-08-08 13:00:00,217.85,217.85,217.77,217.77,-0.04,1159.6,253868.52,-1
2023-08-08,2023-08-08 14:00:00,217.77,217.77,217.7,217.7,-0.03,1159.6,253868.52,-1
2023-08-08,2023-08-08 15:00:00,217.7,222.3,216.0,217.7,0.0,1159.6,253868.52,0
2023-08-09,2023-08-09 11:00:00,213.5,216.35,213.5,214.88,0.65,1826.4,393791.5,1
2023-08-09,2023-08-09 12:00:00,214.88,216.25,214.88,216.25,0.64,1826.4,393791.5,1
2023-08-09,2023-08-09 13:00:00,216.25,217.62,216.25,217.62,0.63,1826.4,393791.5,1
2023-08-09,2023-08-09 14:00:00,217.62,219.0,217.62,219.0,0.63,1826.4,393791.5,1
2023-08-09,2023-08-09 15:00:00,219.0,219.2,213.5,219.0,0.0,1826.4,393791.5,0
2023-08-10,2023-08-10 11:00:00,221.0,221.5,219.0,220.72,-0.13,1118.8,245519.54,-1
2023-08-10,2023-08-10 12:00:00,220.72,220.72,220.45,220.45,-0.12,1118.8,245519.54,-1
2023-08-10,2023-08-10 13:00:00,220.45,220.45,220.18,220.18,-0.12,1118.8,245519.54,-1
2023-08-10,2023-08-10 14:00:00,220.18,220.18,219.9,219.9,-0.13,1118.8,245519.54,-1
2023-08-10,2023-08-10 15:00:00,219.9,222.0,217.0,219.9,0.0,1118.8,245519.54,0
2023-08-13,2023-08-13 11:00:00,217.0,218.5,216.5,217.25,0.12,1096.4,238189.04,1
2023-08-13,2023-08-13 12:00:00,217.25,217.5,217.25,217.5,0.12,1096.4,238189.04,1
2023-08-13,2023-08-13 13:00:00,217.5,217.75,217.5,217.75,0.11,1096.4,238189.04,1
2023-08-13,2023-08-13 14:00:00,217.75,218.0,217.75,218.0,0.11,1096.4,238189.04,1
2023-08-13,2023-08-13 15:00:00,218.0,220.0,216.0,218.0,0.0,1096.4,238189.04,0
2023-08-14,2023-08-14 11:00:00,216.0,216.0,214.1,216.0,0.0,1533.0,328130.0,0
2023-08-14,2023-08-14 12:00:00,216.0,216.0,216.0,216.0,0.0,1533.0,328130.0,0
2023-08-14,2023-08-14 13:00:00,216.0,216.0,216.0,216.0,0.0,1533.0,328130.0,0
2023-08-14,2023-08-14 14:00:00,216.0,216.0,216.0,216.0,0.0,1533.0,328130.0,0
2023-08-14,2023-08-14 15:00:00,216.0,216.0,212.2,216.0,0.0,1533.0,328130.0,0
2023-08-15,2023-08-15 11:00:00,214.0,214.0,210.75,213.25,-0.35,2807.6,591611.72,-1
2023-08-15,2023-08-15 12:00:00,213.25,213.25,212.5,212.5,-0.35,2807.6,591611.72,-1
2023-08-15,2023-08-15 13:00:00,212.5,212.5,211.75,211.75,-0.35,2807.6,591611.72,-1
2023-08-15,2023-08-15 14:00:00,211.75,211.75,211.0,211.0,-0.35,2807.6,591611.72,-1
2023-08-15,2023-08-15 15:00:00,211.0,214.0,207.5,211.0,0.0,2807.6,591611.72,0
2023-08-16,2023-08-16 11:00:00,207.2,207.6,200.6,203.9,-1.59,10359.8,2053933.24,-1
2023-08-16,2023-08-16 12:00:00,203.9,203.9,200.6,200.6,-1.62,10359.8,2053933.24,-1
2023-08-16,2023-08-16 13:00:00,200.6,200.6,197.3,197.3,-1.65,10359.8,2053933.24,-1
2023-08-16,2023-08-16 14:00:00,197.3,197.3,194.0,194.0,-1.67,10359.8,2053933.24,-1
2023-08-16,2023-08-16 15:00:00,194.0,208.0,194.0,194.0,0.0,10359.8,2053933.24,0
2023-08-17,2023-08-17 11:00:00,190.3,193.9,189.65,190.23,-0.04,4665.2,895819.1,-1
2023-08-17,2023-08-17 12:00:00,190.23,190.23,190.15,190.15,-0.04,4665.2,895819.1,-1
2023-08-17,2023-08-17 13:00:00,190.15,190.15,190.07,190.07,-0.04,4665.2,895819.1,-1
2023-08-17,2023-08-17 14:00:00,190.07,190.07,190.0,190.0,-0.04,4665.2,895819.1,-1
2023-08-17,2023-08-17 15:00:00,190.0,197.5,189.0,190.0,0.0,4665.2,895819.1,0
2023-08-20,2023-08-20 11:00:00,189.0,189.0,182.35,186.25,-1.46,5834.0,1050725.78,-1
2023-08-20,2023-08-20 12:00:00,186.25,186.25,183.5,183.5,-1.48,5834.0,1050725.78,-1
2023-08-20,2023-08-20 13:00:00,183.5,183.5,180.75,180.75,-1.5,5834.0,1050725.78,-1
2023-08-20,2023-08-20 14:00:00,180.75,180.75,178.0,178.0,-1.52,5834.0,1050725.78,-1
2023-08-20,2023-08-20 15:00:00,178.0,189.0,175.7,178.0,0.0,5834.0,1050725.78,0
2023-08-21,2023-08-21 11:00:00,177.1,178.55,174.55,176.18,-0.52,5530.0,972993.86,-1
2023-08-21,2023-08-21 12:00:00,176.18,176.18,175.25,175.25,-0.53,5530.0,972993.86,-1
2023-08-21,2023-08-21 13:00:00,175.25,175.25,174.32,174.32,-0.53,5530.0,972993.86,-1
2023-08-21,2023-08-21 14:00:00,174.32,174.32,173.4,173.4,-0.53,5530.0,972993.86,-1
2023-08-21,2023-08-21 15:00:00,173.4,180.0,172.0,173.4,0.0,5530.0,972993.86,0
2023-08-22,2023-08-22 11:00:00,174.0,182.15,174.0,177.22,1.85,1925.0,342076.54,1
2023-08-22,2023-08-22 12:00:00,177.22,180.45,177.22,180.45,1.82,1925.0,342076.54,1
2023-08-22,2023-08-22 13:00:00,180.45,183.68,180.45,183.68,1.79,1925.0,342076.54,1
2023-08-22,2023-08-22 14:00:00,183.68,186.9,183.68,186.9,1.75,1925.0,342076.54,1
2023-08-22,2023-08-22 15:00:00,186.9,190.3,174.0,186.9,0.0,1925.0,342076.54,0
2023-08-23,2023-08-23 11:00:00,188.1,190.05,187.15,188.32,0.12,2572.4,487714.04,1
2023-08-23,2023-08-23 12:00:00,188.32,188.55,188.32,188.55,0.12,2572.4,487714.04,1
2023-08-23,2023-08-23 13:00:00,188.55,188.78,188.55,188.78,0.12,2572.4,487714.04,1
2023-08-23,2023-08-23 14:00:00,188.78,189.0,188.78,189.0,0.12,2572.4,487714.04,1
2023-08-23,2023-08-23 15:00:00,189.0,192.0,186.2,189.0,0.0,2572.4,487714.04,0
2023-08-24,2023-08-24 11:00:00,187.0,189.85,183.65,185.38,-0.87,3098.6,579219.0,-1
2023-08-24,2023-08-24 12:00:00,185.38,185.38,183.75,183.75,-0.88,3098.6,579219.0,-1
2023-08-24,2023-08-24 13:00:00,183.75,183.75,182.12,182.12,-0.89,3098.6,579219.0,-1
2023-08-24,2023-08-24 14:00:00,182.12,182.12,180.5,180.5,-0.89,3098.6,579219.0,-1
2023-08-24,2023-08-24 15:00:00,180.5,192.7,180.3,180.5,0.0,3098.6,579219.0,0
2023-08-27,2023-08-27 11:00:00,183.0,183.0,177.7,180.97,-1.11,2089.6,365555.62,-1
2023-08-27,2023-08-27 12:00:00,180.97,180.97,178.95,178.95,-1.12,2089.6,365555.62,-1
2023-08-27,2023-08-27 13:00:00,178.95,178.95,176.93,176.93,-1.13,2089.6,365555.62,-1
2023-08-27,2023-08-27 14:00:00,176.93,176.93,174.9,174.9,-1.15,2089.6,365555.62,-1
2023-08-27,2023-08-27 15:00:00,174.9,183.0,172.4,174.9,0.0,2089.6,365555.62,0
2023-08-28,2023-08-28 11:00:00,175.0,176.65,173.75,175.25,0.14,2110.6,369025.32,1
2023-08-28,2023-08-28 12:00:00,175.25,175.5,175.25,175.5,0.14,2110.6,369025.32,1
2023-08-28,2023-08-28 13:00:00,175.5,175.75,175.5,175.75,0.14,2110.6,369025.32,1
2023-08-28,2023-08-28 14:00:00,175.75,176.0,175.75,176.0,0.14,2110.6,369025.32,1
2023-08-28,2023-08-28 15:00:00,176.0,178.3,172.5,176.0,0.0,2110.6,369025.32,0
2023-08-29,2023-08-29 11:00:00,176.0,179.5,174.75,177.22,0.69,816.0,146214.72,1
2023-08-29,2023-08-29 12:00:00,177.22,178.45,177.22,178.45,0.69,816.0,146214.72,1
2023-08-29,2023-08-29 13:00:00,178.45,179.68,178.45,179.68,0.69,816.0,146214.72,1
2023-08-29,2023-08-29 14:00:00,179.68,180.9,179.68,180.9,0.68,816.0,146214.72,1
2023-08-29,2023-08-29 15:00:00,180.9,183.0,173.5,180.9,0.0,816.0,146214.72,0
2023-08-30,2023-08-30 11:00:00,178.0,181.0,177.6,179.5,0.84,2764.2,503091.16,1
2023-08-30,2023-08-30 12:00:00,179.5,181.0,179.5,181.0,0.84,2764.2,503091.16,1
2023-08-30,2023-08-30 13:00:00,181.0,182.5,181.0,182.5,0.83,2764.2,503091.16,1
2023-08-30,2023-08-30 14:00:00,182.5,184.0,182.5,184.0,0.82,2764.2,503091.16,1
2023-08-30,2023-08-30 15:00:00,184.0,184.0,177.2,184.0,0.0,2764.2,503091.16,0
2023-09-03,2023-09-03 11:00:00,186.0,187.8,181.5,184.5,-0.81,1969.2,351897.7,-1
2023-09-03,2023-09-03 12:00:00,184.5,184.5,183.0,183.0,-0.81,1969.2,351897.7,-1
2023-09-03,2023-09-03 13:00:00,183.0,183.0,181.5,181.5,-0.82,1969.2,351897.7,-1
2023-09-03,2023-09-03 14:00:00,181.5,181.5,180.0,180.0,-0.83,1969.2,351897.7,-1
2023-09-03,2023-09-03 15:00:00,180.0,189.6,177.0,180.0,0.0,1969.2,351897.7,0
2023-09-04,2023-09-04 11:00:00,182.0,182.0,179.0,181.25,-0.41,637.4,114165.4,-1
2023-09-04,2023-09-04 12:00:00,181.25,181.25,180.5,180.5,-0.41,637.4,114165.4,-1
2023-09-04,2023-09-04 13:00:00,180.5,180.5,179.75,179.75,-0.42,637.4,114165.4,-1
2023-09-04,2023-09-04 14:00:00,179.75,179.75,179.0,179.0,-0.42,637.4,114165.4,-1
2023-09-04,2023-09-04 15:00:00,179.0,182.0,176.0,179.0,0.0,637.4,114165.4,0
2023-09-05,2023-09-05 11:00:00,179.0,179.0,176.75,178.0,-0.56,1761.0,310112.4,-1
2023-09-05,2023-09-05 12:00:00,178.0,178.0,177.0,177.0,-0.56,1761.0,310112.4,-1
2023-09-05,2023-09-05 13:00:00,177.0,177.0,176.0,176.0,-0.56,1761.0,310112.4,-1
2023-09-05,2023-09-05 14:00:00,176.0,176.0,175.0,175.0,-0.57,1761.0,310112.4,-1
2023-09-05,2023-09-05 15:00:00,175.0,179.0,174.5,175.0,0.0,1761.0,310112.4,0
2023-09-07,2023-09-07 11:00:00,172.0,175.0,170.5,172.75,0.44,2276.0,393033.3,1
2023-09-07,2023-09-07 12:00:00,172.75,173.5,172.75,173.5,0.43,2276.0,393033.3,1
2023-09-07,2023-09-07 13:00:00,173.5,174.25,173.5,174.25,0.43,2276.0,393033.3,1
2023-09-07,2023-09-07 14:00:00,174.25,175.0,174.25,175.0,0.43,2276.0,393033.3,1
2023-09-07,2023-09-07 15:00:00,175.0,178.0,169.0,175.0,0.0,2276.0,393033.3,0
2023-09-10,2023-09-10 11:00:00,174.0,176.25,174.0,174.25,0.14,638.0,111999.9,1
2023-09-10,2023-09-10 12:00:00,174.25,174.5,174.25,174.5,0.14,638.0,111999.9,1
2023-09-10,2023-09-10 13:00:00,174.5,174.75,174.5,174.75,0.14,638.0,111999.9,1
2023-09-10,2023-09-10 14:00:00,174.75,175.0,174.75,175.0,0.14,638.0,111999.9,1
2023-09-10,2023-09-10 15:00:00,175.0,178.5,174.0,175.0,0.0,638.0,111999.9,0
2023-09-11,2023-09-11 11:00:00,172.0,175.45,171.75,173.32,0.77,1084.0,192387.0,1
2023-09-11,2023-09-11 12:00:00,173.32,174.65,173.32,174.65,0.77,1084.0,192387.0,1
2023-09-11,2023-09-11 13:00:00,174.65,175.98,174.65,175.98,0.76,1084.0,192387.0,1
2023-09-11,2023-09-11 14:00:00,175.98,177.3,175.98,177.3,0.75,1084.0,192387.0,1
2023-09-11,2023-09-11 15:00:00,177.3,178.9,171.5,177.3,0.0,1084.0,192387.0,0
2023-09-12,2023-09-12 11:00:00,177.3,178.15,176.45,176.88,-0.24,1030.2,181766.2,-1
2023-09-12,2023-09-12 12:00:00,176.88,176.88,176.45,176.45,-0.24,1030.2,181766.2,-1
2023-09-12,2023-09-12 13:00:00,176.45,176.45,176.03,176.03,-0.24,1030.2,181766.2,-1
2023-09-12,2023-09-12 14:00:00,176.03,176.03,175.6,175.6,-0.24,1030.2,181766.2,-1
2023-09-12,2023-09-12 15:00:00,175.6,179.0,175.6,175.6,0.0,1030.2,181766.2,0
2023-09-13,2023-09-13 11:00:00,173.5,181.75,173.5,177.62,2.37,2429.0,444666.46,1
2023-09-13,2023-09-13 12:00:00,177.62,181.75,177.62,181.75,2.33,2429.0,444666.46,1
2023-09-13,2023-09-13 13:00:00,181.75,185.88,181.75,185.88,2.27,2429.0,444666.46,1
2023-09-13,2023-09-13 14:00:00,185.88,190.0,185.88,190.0,2.22,2429.0,444666.46,1
2023-09-13,2023-09-13 15:00:00,190.0,190.0,173.5,190.0,0.0,2429.0,444666.46,0
2023-09-17,2023-09-17 11:00:00,191.0,191.0,188.0,190.5,-0.26,4582.0,858580.0,-1
2023-09-17,2023-09-17 12:00:00,190.5,190.5,190.0,190.0,-0.26,4582.0,858580.0,-1
2023-09-17,2023-09-17 13:00:00,190.0,190.0,189.5,189.5,-0.26,4582.0,858580.0,-1
2023-09-17,2023-09-17 14:00:00,189.5,189.5,189.0,189.0,-0.26,4582.0,858580.0,-1
2023-09-17,2023-09-17 15:00:00,189.0,191.0,185.0,189.0,0.0,4582.0,858580.0,0
2023-09-18,2023-09-18 11:00:00,190.9,190.9,187.45,190.43,-0.25,2117.2,397479.42,-1
2023-09-18,2023-09-18 12:00:00,190.43,190.43,189.95,189.95,-0.25,2117.2,397479.42,-1
2023-09-18,2023-09-18 13:00:00,189.95,189.95,189.47,189.47,-0.25,2117.2,397479.42,-1
2023-09-18,2023-09-18 14:00:00,189.47,189.47,189.0,189.0,-0.25,2117.2,397479.42,-1
2023-09-18,2023-09-18 15:00:00,189.0,190.9,184.0,189.0,0.0,2117.2,397479.42,0
2023-09-19,2023-09-19 11:00:00,192.7,196.35,189.85,194.5,0.93,2359.2,460249.08,1
2023-09-19,2023-09-19 12:00:00,194.5,196.3,194.5,196.3,0.93,2359.2,460249.08,1
2023-09-19,2023-09-19 13:00:00,196.3,198.1,196.3,198.1,0.92,2359.2,460249.08,1
2023-09-19,2023-09-19 14:00:00,198.1,199.9,198.1,199.9,0.91,2359.2,460249.08,1
2023-09-19,2023-09-19 15:00:00,199.9,200.0,187.0,199.9,0.0,2359.2,460249.08,0
2023-09-21,2023-09-21 11:00:00,202.0,208.2,202.0,203.68,0.83,4827.6,1014741.56,1
2023-09-21,2023-09-21 12:00:00,203.68,205.35,203.68,205.35,0.82,4827.6,1014741.56,1
2023-09-21,2023-09-21 13:00:00,205.35,207.02,205.35,207.02,0.81,4827.6,1014741.56,1
2023-09-21,2023-09-21 14:00:00,207.02,208.7,207.02,208.7,0.81,4827.6,1014741.56,1
2023-09-21,2023-09-21 15:00:00,208.7,214.4,202.0,208.7,0.0,4827.6,1014741.56,0
2023-09-24,2023-09-24 11:00:00,209.0,211.5,205.5,209.0,0.0,4445.0,929838.68,0
2023-09-24,2023-09-24 12:00:00,209.0,209.0,209.0,209.0,0.0,4445.0,929838.68,0
2023-09-24,2023-09-24 13:00:00,209.0,209.0,209.0,209.0,0.0,4445.0,929838.68,0
2023-09-24,2023-09-24 14:00:00,209.0,209.0,209.0,209.0,0.0,4445.0,929838.68,0
2023-09-24,2023-09-24 15:00:00,209.0,214.0,202.0,209.0,0.0,4445.0,929838.68,0
2023-09-25,2023-09-25 11:00:00,205.2,212.25,205.1,206.9,0.83,2661.6,561888.6,1
2023-09-25,2023-09-25 12:00:00,206.9,208.6,206.9,208.6,0.82,2661.6,561888.6,1
2023-09-25,2023-09-25 13:00:00,208.6,210.3,208.6,210.3,0.81,2661.6,561888.6,1
2023-09-25,2023-09-25 14:00:00,210.3,212.0,210.3,212.0,0.81,2661.6,561888.6,1
2023-09-25,2023-09-25 15:00:00,212.0,219.3,205.0,212.0,0.0,2661.6,561888.6,0
2023-09-26,2023-09-26 11:00:00,215.0,216.5,212.0,215.25,0.12,4717.2,1008841.6,1
2023-09-26,2023-09-26 12:00:00,215.25,215.5,215.25,215.5,0.12,4717.2,1008841.6,1
2023-09-26,2023-09-26 13:00:00,215.5,215.75,215.5,215.75,0.12,4717.2,1008841.6,1
2023-09-26,2023-09-26 14:00:00,215.75,216.0,215.75,216.0,0.12,4717.2,1008841.6,1
2023-09-26,2023-09-26 15:00:00,216.0,218.0,209.0,216.0,0.0,4717.2,1008841.6,0
2023-09-27,2023-09-27 11:00:00,215.1,215.55,210.05,213.5,-0.74,2705.8,567499.42,-1
2023-09-27,2023-09-27 12:00:00,213.5,213.5,211.9,211.9,-0.75,2705.8,567499.42,-1
2023-09-27,2023-09-27 13:00:00,211.9,211.9,210.3,210.3,-0.76,2705.8,567499.42,-1
2023-09-27,2023-09-27 14:00:00,210.3,210.3,208.7,208.7,-0.76,2705.8,567499.42,-1
2023-09-27,2023-09-27 15:00:00,208.7,216.0,205.0,208.7,0.0,2705.8,567499.42,0
2023-10-01,2023-10-01 11:00:00,205.0,207.0,200.0,204.5,-0.24,2716.4,544767.54,-1
2023-10-01,2023-10-01 12:00:00,204.5,204.5,204.0,204.0,-0.24,2716.4,544767.54,-1
2023-10-01,2023-10-01 13:00:00,204.0,204.0,203.5,203.5,-0.25,2716.4,544767.54,-1
2023-10-01,2023-10-01 14:00:00,203.5,203.5,203.0,203.0,-0.25,2716.4,544767.54,-1
2023-10-01,2023-10-01 15:00:00,203.0,209.0,195.0,203.0,0.0,2716.4,544767.54,0
2023-10-02,2023-10-02 11:00:00,200.0,203.5,199.6,201.25,0.62,1151.0,234388.58,1
2023-10-02,2023-10-02 12:00:00,201.25,202.5,201.25,202.5,0.62,1151.0,234388.58,1
2023-10-02,2023-10-02 13:00:00,202.5,203.75,202.5,203.75,0.62,1151.0,234388.58,1
2023-10-02,2023-10-02 14:00:00,203.75,205.0,203.75,205.0,0.61,1151.0,234388.58,1
2023-10-02,2023-10-02 15:00:00,205.0,207.0,199.2,205.0,0.0,1151.0,234388.58,0
2023-10-03,2023-10-03 11:00:00,201.8,202.9,199.8,201.35,-0.22,2230.4,445087.04,-1
2023-10-03,2023-10-03 12:00:00,201.35,201.35,200.9,200.9,-0.22,2230.4,445087.04,-1
2023-10-03,2023-10-03 13:00:00,200.9,200.9,200.45,200.45,-0.22,2230.4,445087.04,-1
2023-10-03,2023-10-03 14:00:00,200.45,200.45,200.0,200.0,-0.22,2230.4,445087.04,-1
2023-10-03,2023-10-03 15:00:00,200.0,204.0,197.8,200.0,0.0,2230.4,445087.04,0
2023-10-04,2023-10-04 11:00:00,204.0,204.25,202.0,203.0,-0.49,1293.0,260569.4,-1
2023-10-04,2023-10-04 12:00:00,203.0,203.0,202.0,202.0,-0.49,1293.0,260569.4,-1
2023-10-04,2023-10-04 13:00:00,202.0,202.0,201.0,201.0,-0.5,1293.0,260569.4,-1
2023-10-04,2023-10-04 14:00:00,201.0,201.0,200.0,200.0,-0.5,1293.0,260569.4,-1
2023-10-04,2023-10-04 15:00:00,200.0,204.5,200.0,200.0,0.0,1293.0,260569.4,0
2023-10-05,2023-10-05 11:00:00,196.1,200.55,196.1,197.53,0.73,1177.6,234719.34,1
2023-10-05,2023-10-05 12:00:00,197.53,198.95,197.53,198.95,0.72,1177.6,234719.34,1
2023-10-05,2023-10-05 13:00:00,198.95,200.38,198.95,200.38,0.72,1177.6,234719.34,1
2023-10-05,2023-10-05 14:00:00,200.38,201.8,200.38,201.8,0.71,1177.6,234719.34,1
2023-10-05,2023-10-05 15:00:00,201.8,205.0,196.1,201.8,0.0,1177.6,234719.34,0
2023-10-08,2023-10-08 11:00:00,197.8,198.4,195.95,197.1,-0.35,1809.8,354575.88,-1
2023-10-08,2023-10-08 12:00:00,197.1,197.1,196.4,196.4,-0.36,1809.8,354575.88,-1
2023-10-08,2023-10-08 13:00:00,196.4,196.4,195.7,195.7,-0.36,1809.8,354575.88,-1
2023-10-08,2023-10-08 14:00:00,195.7,195.7,195.0,195.0,-0.36,1809.8,354575.88,-1
2023-10-08,2023-10-08 15:00:00,195.0,199.0,194.1,195.0,0.0,1809.8,354575.88,0
2023-10-09,2023-10-09 11:00:00,195.0,196.45,194.5,194.75,-0.13,583.2,114031.8,-1
2023-10-09,2023-10-09 12:00:00,194.75,194.75,194.5,194.5,-0.13,583.2,114031.8,-1
2023-10-09,2023-10-09 13:00:00,194.5,194.5,194.25,194.25,-0.13,583.2,114031.8,-1
2023-10-09,2023-10-09 14:00:00,194.25,194.25,194.0,194.0,-0.13,583.2,114031.8,-1
2023-10-09,2023-10-09 15:00:00,194.0,197.9,194.0,194.0,0.0,583.2,114031.8,0
2023-10-10,2023-10-10 11:00:00,194.0,194.0,191.0,193.0,-0.52,414.6,78819.82,-1
2023-10-10,2023-10-10 12:00:00,193.0,193.0,192.0,192.0,-0.52,414.6,78819.82,-1
2023-10-10,2023-10-10 13:00:00,192.0,192.0,191.0,191.0,-0.52,414.6,78819.82,-1
2023-10-10,2023-10-10 14:00:00,191.0,191.0,190.0,190.0,-0.52,414.6,78819.82,-1
2023-10-10,2023-10-10 15:00:00,190.0,194.0,188.0,190.0,0.0,414.6,78819.82,0
2023-10-11,2023-10-11 11:00:00,192.0,192.2,190.35,191.22,-0.41,846.0,161011.6,-1
2023-10-11,2023-10-11 12:00:00,191.22,191.22,190.45,190.45,-0.4,846.0,161011.6,-1
2023-10-11,2023-10-11 13:00:00,190.45,190.45,189.68,189.68,-0.4,846.0,161011.6,-1
2023-10-11,2023-10-11 14:00:00,189.68,189.68,188.9,188.9,-0.41,846.0,161011.6,-1
2023-10-11,2023-10-11 15:00:00,188.9,192.4,188.7,188.9,0.0,846.0,161011.6,0
2023-10-12,2023-10-12 11:00:00,190.0,190.5,186.5,190.0,0.0,1791.4,332978.32,0
2023-10-12,2023-10-12 12:00:00,190.0,190.0,190.0,190.0,0.0,1791.4,332978.32,0
2023-10-12,2023-10-12 13:00:00,190.0,190.0,190.0,190.0,0.0,1791.4,332978.32,0
2023-10-12,2023-10-12 14:00:00,190.0,190.0,190.0,190.0,0.0,1791.4,332978.32,0
2023-10-12,2023-10-12 15:00:00,190.0,191.0,183.0,190.0,0.0,1791.4,332978.32,0
2023-10-16,2023-10-16 11:00:00,186.3,188.15,184.9,186.48,0.1,817.4,151391.6,1
2023-10-16,2023-10-16 12:00:00,186.48,186.65,186.48,186.65,0.09,817.4,151391.6,1
2023-10-16,2023-10-16 13:00:00,186.65,186.82,186.65,186.82,0.09,817.4,151391.6,1
2023-10-16,2023-10-16 14:00:00,186.82,187.0,186.82,187.0,0.1,817.4,151391.6,1
2023-10-16,2023-10-16 15:00:00,187.0,190.0,183.5,187.0,0.0,817.4,151391.6,0
2023-10-17,2023-10-17 11:00:00,189.0,191.75,186.35,187.78,-0.65,808.4,152100.5,-1
2023-10-17,2023-10-17 12:00:00,187.78,187.78,186.55,186.55,-0.66,808.4,152100.5,-1
2023-10-17,2023-10-17 13:00:00,186.55,186.55,185.32,185.32,-0.66,808.4,152100.5,-1
2023-10-17,2023-10-17 14:00:00,185.32,185.32,184.1,184.1,-0.66,808.4,152100.5,-1
2023-10-17,2023-10-17 15:00:00,184.1,194.5,183.7,184.1,0.0,808.4,152100.5,0
2023-10-18,2023-10-18 11:00:00,186.0,192.0,186.0,187.75,0.94,1380.0,268193.0,1
2023-10-18,2023-10-18 12:00:00,187.75,189.5,187.75,189.5,0.93,1380.0,268193.0,1
2023-10-18,2023-10-18 13:00:00,189.5,191.25,189.5,191.25,0.92,1380.0,268193.0,1
2023-10-18,2023-10-18 14:00:00,191.25,193.0,191.25,193.0,0.92,1380.0,268193.0,1
2023-10-18,2023-10-18 15:00:00,193.0,198.0,186.0,193.0,0.0,1380.0,268193.0,0
2023-10-19,2023-10-19 11:00:00,192.0,194.35,190.6,191.3,-0.36,207.6,40044.2,-1
2023-10-19,2023-10-19 12:00:00,191.3,191.3,190.6,190.6,-0.37,207.6,40044.2,-1
2023-10-19,2023-10-19 13:00:00,190.6,190.6,189.9,189.9,-0.37,207.6,40044.2,-1
2023-10-19,2023-10-19 14:00:00,189.9,189.9,189.2,189.2,-0.37,207.6,40044.2,-1
2023-10-19,2023-10-19 15:00:00,189.2,196.7,189.2,189.2,0.0,207.6,40044.2,0
2023-10-29,2023-10-29 11:00:00,190.0,190.0,188.5,189.25,-0.39,25.0,4723.0,-1
2023-10-29,2023-10-29 12:00:00,189.25,189.25,188.5,188.5,-0.4,25.0,4723.0,-1
2023-10-29,2023-10-29 13:00:00,188.5,188.5,187.75,187.75,-0.4,25.0,4723.0,-1
2023-10-29,2023-10-29 14:00:00,187.75,187.75,187.0,187.0,-0.4,25.0,4723.0,-1
2023-10-29,2023-10-29 15:00:00,187.0,190.0,187.0,187.0,0.0,25.0,4723.0,0
2023-10-30,2023-10-30 11:00:00,184.0,189.75,182.25,185.0,0.54,982.2,178819.7,1
2023-10-30,2023-10-30 12:00:00,185.0,186.0,185.0,186.0,0.54,982.2,178819.7,1
2023-10-30,2023-10-30 13:00:00,186.0,187.0,186.0,187.0,0.54,982.2,178819.7,1
2023-10-30,2023-10-30 14:00:00,187.0,188.0,187.0,188.0,0.53,982.2,178819.7,1
2023-10-30,2023-10-30 15:00:00,188.0,195.5,180.5,188.0,0.0,982.2,178819.7,0
2023-10-31,2023-10-31 11:00:00,185.0,189.85,184.6,184.8,-0.11,407.0,77437.7,-1
2023-10-31,2023-10-31 12:00:00,184.8,184.8,184.6,184.6,-0.11,407.0,77437.7,-1
2023-10-31,2023-10-31 13:00:00,184.6,184.6,184.4,184.4,-0.11,407.0,77437.7,-1
2023-10-31,2023-10-31 14:00:00,184.4,184.4,184.2,184.2,-0.11,407.0,77437.7,-1
2023-10-31,2023-10-31 15:00:00,184.2,194.7,184.2,184.2,0.0,407.0,77437.7,0
2023-11-01,2023-11-01 11:00:00,182.0,187.2,182.0,183.72,0.95,427.8,80206.98,1
2023-11-01,2023-11-01 12:00:00,183.72,185.45,183.72,185.45,0.94,427.8,80206.98,1
2023-11-01,2023-11-01 13:00:00,185.45,187.18,185.45,187.18,0.93,427.8,80206.98,1
2023-11-01,2023-11-01 14:00:00,187.18,188.9,187.18,188.9,0.92,427.8,80206.98,1
2023-11-01,2023-11-01 15:00:00,188.9,192.4,182.0,188.9,0.0,427.8,80206.98,0
2023-11-02,2023-11-02 11:00:00,186.0,186.05,183.05,184.62,-0.74,940.2,171607.28,-1
2023-11-02,2023-11-02 12:00:00,184.62,184.62,183.25,183.25,-0.74,940.2,171607.28,-1
2023-11-02,2023-11-02 13:00:00,183.25,183.25,181.88,181.88,-0.75,940.2,171607.28,-1
2023-11-02,2023-11-02 14:00:00,181.88,181.88,180.5,180.5,-0.76,940.2,171607.28,-1
2023-11-02,2023-11-02 15:00:00,180.5,186.1,180.1,180.5,0.0,940.2,171607.28,0
2023-11-05,2023-11-05 11:00:00,180.0,181.95,177.0,179.5,-0.28,689.2,123109.74,-1
2023-11-05,2023-11-05 12:00:00,179.5,179.5,179.0,179.0,-0.28,689.2,123109.74,-1
2023-11-05,2023-11-05 13:00:00,179.0,179.0,178.5,178.5,-0.28,689.2,123109.74,-1
2023-11-05,2023-11-05 14:00:00,178.5,178.5,178.0,178.0,-0.28,689.2,123109.74,-1
2023-11-05,2023-11-05 15:00:00,178.0,183.9,174.0,178.0,0.0,689.2,123109.74,0
2023-11-06,2023-11-06 11:00:00,177.1,182.65,176.05,179.82,1.54,2554.2,456755.72,1
2023-11-06,2023-11-06 12:00:00,179.82,182.55,179.82,182.55,1.52,2554.2,456755.72,1
2023-11-06,2023-11-06 13:00:00,182.55,185.28,182.55,185.28,1.5,2554.2,456755.72,1
2023-11-06,2023-11-06 14:00:00,185.28,188.0,185.28,188.0,1.47,2554.2,456755.72,1
2023-11-06,2023-11-06 15:00:00,188.0,188.2,175.0,188.0,0.0,2554.2,456755.72,0
2023-11-07,2023-11-07 11:00:00,188.0,191.7,182.7,188.97,0.52,2078.0,392232.04,1
2023-11-07,2023-11-07 12:00:00,188.97,189.95,188.97,189.95,0.52,2078.0,392232.04,1
2023-11-07,2023-11-07 13:00:00,189.95,190.93,189.95,190.93,0.52,2078.0,392232.04,1
2023-11-07,2023-11-07 14:00:00,190.93,191.9,190.93,191.9,0.51,2078.0,392232.04,1
2023-11-07,2023-11-07 15:00:00,191.9,195.4,177.4,191.9,0.0,2078.0,392232.04,0
2023-11-08,2023-11-08 11:00:00,195.7,196.8,191.1,194.27,-0.73,825.0,154893.88,-1
2023-11-08,2023-11-08 12:00:00,194.27,194.27,192.85,192.85,-0.73,825.0,154893.88,-1
2023-11-08,2023-11-08 13:00:00,192.85,192.85,191.43,191.43,-0.74,825.0,154893.88,-1
2023-11-08,2023-11-08 14:00:00,191.43,191.43,190.0,190.0,-0.75,825.0,154893.88,-1
2023-11-08,2023-11-08 15:00:00,190.0,197.9,186.5,190.0,0.0,825.0,154893.88,0
2023-11-09,2023-11-09 11:00:00,186.2,186.2,184.6,185.65,-0.3,268.6,49229.24,-1
2023-11-09,2023-11-09 12:00:00,185.65,185.65,185.1,185.1,-0.3,268.6,49229.24,-1
2023-11-09,2023-11-09 13:00:00,185.1,185.1,184.55,184.55,-0.3,268.6,49229.24,-1
2023-11-09,2023-11-09 14:00:00,184.55,184.55,184.0,184.0,-0.3,268.6,49229.24,-1
2023-11-09,2023-11-09 15:00:00,184.0,186.2,183.0,184.0,0.0,268.6,49229.24,0
2023-11-20,2023-11-20 11:00:00,187.6,187.6,184.25,186.95,-0.35,437.4,80193.6,-1
2023-11-20,2023-11-20 12:00:00,186.95,186.95,186.3,186.3,-0.35,437.4,80193.6,-1
2023-11-20,2023-11-20 13:00:00,186.3,186.3,185.65,185.65,-0.35,437.4,80193.6,-1
2023-11-20,2023-11-20 14:00:00,185.65,185.65,185.0,185.0,-0.35,437.4,80193.6,-1
2023-11-20,2023-11-20 15:00:00,185.0,187.6,180.9,185.0,0.0,437.4,80193.6,0
2023-11-21,2023-11-21 11:00:00,182.0,182.5,179.2,182.0,0.0,892.0,159484.2,0
2023-11-21,2023-11-21 12:00:00,182.0,182.0,182.0,182.0,0.0,892.0,159484.2,0
2023-11-21,2023-11-21 13:00:00,182.0,182.0,182.0,182.0,0.0,892.0,159484.2,0
2023-11-21,2023-11-21 14:00:00,182.0,182.0,182.0,182.0,0.0,892.0,159484.2,0
2023-11-21,2023-11-21 15:00:00,182.0,183.0,176.4,182.0,0.0,892.0,159484.2,0
2023-11-22,2023-11-22 11:00:00,180.0,185.0,180.0,182.5,1.39,466.6,84696.4,1
2023-11-22,2023-11-22 12:00:00,182.5,185.0,182.5,185.0,1.37,466.6,84696.4,1
2023-11-22,2023-11-22 13:00:00,185.0,187.5,185.0,187.5,1.35,466.6,84696.4,1
2023-11-22,2023-11-22 14:00:00,187.5,190.0,187.5,190.0,1.33,466.6,84696.4,1
2023-11-22,2023-11-22 15:00:00,190.0,190.0,180.0,190.0,0.0,466.6,84696.4,0
2023-11-23,2023-11-23 11:00:00,187.9,190.45,184.5,189.05,0.61,867.8,163107.2,1
2023-11-23,2023-11-23 12:00:00,189.05,190.2,189.05,190.2,0.61,867.8,163107.2,1
2023-11-23,2023-11-23 13:00:00,190.2,191.35,190.2,191.35,0.6,867.8,163107.2,1
2023-11-23,2023-11-23 14:00:00,191.35,192.5,191.35,192.5,0.6,867.8,163107.2,1
2023-11-23,2023-11-23 15:00:00,192.5,193.0,181.1,192.5,0.0,867.8,163107.2,0
2023-11-26,2023-11-26 11:00:00,192.5,195.7,191.25,193.85,0.7,1394.0,272065.72,1
2023-11-26,2023-11-26 12:00:00,193.85,195.2,193.85,195.2,0.7,1394.0,272065.72,1
2023-11-26,2023-11-26 13:00:00,195.2,196.55,195.2,196.55,0.69,1394.0,272065.72,1
2023-11-26,2023-11-26 14:00:00,196.55,197.9,196.55,197.9,0.69,1394.0,272065.72,1
2023-11-26,2023-11-26 15:00:00,197.9,198.9,190.0,197.9,0.0,1394.0,272065.72,0
2023-11-27,2023-11-27 11:00:00,194.0,195.9,193.0,194.25,0.13,786.8,152264.2,1
2023-11-27,2023-11-27 12:00:00,194.25,194.5,194.25,194.5,0.13,786.8,152264.2,1
2023-11-27,2023-11-27 13:00:00,194.5,194.75,194.5,194.75,0.13,786.8,152264.2,1
2023-11-27,2023-11-27 14:00:00,194.75,195.0,194.75,195.0,0.13,786.8,152264.2,1
2023-11-27,2023-11-27 15:00:00,195.0,197.8,192.0,195.0,0.0,786.8,152264.2,0
2023-11-28,2023-11-28 11:00:00,198.9,198.9,194.55,197.43,-0.74,836.2,161745.74,-1
2023-11-28,2023-11-28 12:00:00,197.43,197.43,195.95,195.95,-0.75,836.2,161745.74,-1
2023-11-28,2023-11-28 13:00:00,195.95,195.95,194.47,194.47,-0.76,836.2,161745.74,-1
2023-11-28,2023-11-28 14:00:00,194.47,194.47,193.0,193.0,-0.76,836.2,161745.74,-1
2023-11-28,2023-11-28 15:00:00,193.0,198.9,190.2,193.0,0.0,836.2,161745.74,0
2023-11-29,2023-11-29 11:00:00,195.0,195.9,191.95,194.97,-0.02,574.0,111425.2,-1
2023-11-29,2023-11-29 12:00:00,194.97,194.97,194.95,194.95,-0.01,574.0,111425.2,-1
2023-11-29,2023-11-29 13:00:00,194.95,194.95,194.93,194.93,-0.01,574.0,111425.2,-1
2023-11-29,2023-11-29 14:00:00,194.93,194.93,194.9,194.9,-0.02,574.0,111425.2,-1
2023-11-29,2023-11-29 15:00:00,194.9,196.8,188.9,194.9,0.0,574.0,111425.2,0
2023-11-30,2023-11-30 11:00:00,191.1,191.25,188.65,190.8,-0.16,704.8,131809.0,-1
2023-11-30,2023-11-30 12:00:00,190.8,190.8,190.5,190.5,-0.16,704.8,131809.0,-1
2023-11-30,2023-11-30 13:00:00,190.5,190.5,190.2,190.2,-0.16,704.8,131809.0,-1
2023-11-30,2023-11-30 14:00:00,190.2,190.2,189.9,189.9,-0.16,704.8,131809.0,-1
2023-11-30,2023-11-30 15:00:00,189.9,191.4,186.2,189.9,0.0,704.8,131809.0,0
2023-12-03,2023-12-03 11:00:00,186.2,188.05,186.2,186.22,0.01,532.0,99238.0,1
2023-12-03,2023-12-03 12:00:00,186.22,186.25,186.22,186.25,0.02,532.0,99238.0,1
2023-12-03,2023-12-03 13:00:00,186.25,186.28,186.25,186.28,0.02,532.0,99238.0,1
2023-12-03,2023-12-03 14:00:00,186.28,186.3,186.28,186.3,0.01,532.0,99238.0,1
2023-12-03,2023-12-03 15:00:00,186.3,189.9,186.2,186.3,0.0,532.0,99238.0,0
2023-12-04,2023-12-04 11:00:00,186.0,189.35,185.65,186.45,0.24,903.0,169119.8,1
2023-12-04,2023-12-04 12:00:00,186.45,186.9,186.45,186.9,0.24,903.0,169119.8,1
2023-12-04,2023-12-04 13:00:00,186.9,187.35,186.9,187.35,0.24,903.0,169119.8,1
2023-12-04,2023-12-04 14:00:00,187.35,187.8,187.35,187.8,0.24,903.0,169119.8,1
2023-12-04,2023-12-04 15:00:00,187.8,192.7,185.3,187.8,0.0,903.0,169119.8,0
2023-12-05,2023-12-05 11:00:00,185.0,185.0,183.35,184.5,-0.27,1812.4,331209.78,-1
2023-12-05,2023-12-05 12:00:00,184.5,184.5,184.0,184.0,-0.27,1812.4,331209.78,-1
2023-12-05,2023-12-05 13:00:00,184.0,184.0,183.5,183.5,-0.27,1812.4,331209.78,-1
2023-12-05,2023-12-05 14:00:00,183.5,183.5,183.0,183.0,-0.27,1812.4,331209.78,-1
2023-12-05,2023-12-05 15:00:00,183.0,185.0,181.7,183.0,0.0,1812.4,331209.78,0
2023-12-06,2023-12-06 11:00:00,185.1,185.85,182.85,184.82,-0.15,794.0,143755.02,-1
2023-12-06,2023-12-06 12:00:00,184.82,184.82,184.55,184.55,-0.15,794.0,143755.02,-1
2023-12-06,2023-12-06 13:00:00,184.55,184.55,184.28,184.28,-0.15,794.0,143755.02,-1
2023-12-06,2023-12-06 14:00:00,184.28,184.28,184.0,184.0,-0.15,794.0,143755.02,-1
2023-12-06,2023-12-06 15:00:00,184.0,186.6,180.6,184.0,0.0,794.0,143755.02,0
2023-12-07,2023-12-07 11:00:00,186.0,186.8,184.3,186.0,0.0,948.4,175362.3,0
2023-12-07,2023-12-07 12:00:00,186.0,186.0,186.0,186.0,0.0,948.4,175362.3,0
2023-12-07,2023-12-07 13:00:00,186.0,186.0,186.0,186.0,0.0,948.4,175362.3,0
2023-12-07,2023-12-07 14:00:00,186.0,186.0,186.0,186.0,0.0,948.4,175362.3,0
2023-12-07,2023-12-07 15:00:00,186.0,187.6,182.6,186.0,0.0,948.4,175362.3,0
2023-12-10,2023-12-10 11:00:00,188.0,194.55,188.0,191.28,1.74,190.0,36179.6,1
2023-12-10,2023-12-10 12:00:00,191.28,194.55,191.28,194.55,1.71,190.0,36179.6,1
2023-12-10,2023-12-10 13:00:00,194.55,197.82,194.55,197.82,1.68,190.0,36179.6,1
2023-12-10,2023-12-10 14:00:00,197.82,201.1,197.82,201.1,1.66,190.0,36179.6,1
2023-12-10,2023-12-10 15:00:00,201.1,201.1,188.0,201.1,0.0,190.0,36179.6,0
2023-12-11,2023-12-11 11:00:00,205.1,210.7,200.05,203.53,-0.77,2892.6,589929.54,-1
2023-12-11,2023-12-11 12:00:00,203.53,203.53,201.95,201.95,-0.78,2892.6,589929.54,-1
2023-12-11,2023-12-11 13:00:00,201.95,201.95,200.38,200.38,-0.78,2892.6,589929.54,-1
2023-12-11,2023-12-11 14:00:00,200.38,200.38,198.8,198.8,-0.79,2892.6,589929.54,-1
2023-12-11,2023-12-11 15:00:00,198.8,216.3,195.0,198.8,0.0,2892.6,589929.54,0
2023-12-12,2023-12-12 11:00:00,202.7,206.35,201.4,203.52,0.4,3888.4,799253.56,1
2023-12-12,2023-12-12 12:00:00,203.52,204.35,203.52,204.35,0.41,3888.4,799253.56,1
2023-12-12,2023-12-12 13:00:00,204.35,205.18,204.35,205.18,0.41,3888.4,799253.56,1
2023-12-12,2023-12-12 14:00:00,205.18,206.0,205.18,206.0,0.4,3888.4,799253.56,1
2023-12-12,2023-12-12 15:00:00,206.0,210.0,200.1,206.0,0.0,3888.4,799253.56,0
2023-12-13,2023-12-13 11:00:00,206.0,209.5,204.5,206.0,0.0,3036.2,632006.04,0
2023-12-13,2023-12-13 12:00:00,206.0,206.0,206.0,206.0,0.0,3036.2,632006.04,0
2023-12-13,2023-12-13 13:00:00,206.0,206.0,206.0,206.0,0.0,3036.2,632006.04,0
2023-12-13,2023-12-13 14:00:00,206.0,206.0,206.0,206.0,0.0,3036.2,632006.04,0
2023-12-13,2023-12-13 15:00:00,206.0,213.0,203.0,206.0,0.0,3036.2,632006.04,0
2023-12-14,2023-12-14 11:00:00,209.9,209.9,206.0,209.9,0.0,3295.0,681547.68,0
2023-12-14,2023-12-14 12:00:00,209.9,209.9,209.9,209.9,0.0,3295.0,681547.68,0
2023-12-14,2023-12-14 13:00:00,209.9,209.9,209.9,209.9,0.0,3295.0,681547.68,0
2023-12-14,2023-12-14 14:00:00,209.9,209.9,209.9,209.9,0.0,3295.0,681547.68,0
2023-12-14,2023-12-14 15:00:00,209.9,209.9,202.1,209.9,0.0,3295.0,681547.68,0
2023-12-17,2023-12-17 11:00:00,206.0,215.75,206.0,210.88,2.37,8435.2,1845257.32,1
2023-12-17,2023-12-17 12:00:00,210.88,215.75,210.88,215.75,2.31,8435.2,1845257.32,1
2023-12-17,2023-12-17 13:00:00,215.75,220.62,215.75,220.62,2.26,8435.2,1845257.32,1
2023-12-17,2023-12-17 14:00:00,220.62,225.5,220.62,225.5,2.21,8435.2,1845257.32,1
2023-12-17,2023-12-17 15:00:00,225.5,225.5,206.0,225.5,0.0,8435.2,1845257.32,0
2023-12-18,2023-12-18 11:00:00,230.0,234.0,226.5,229.05,-0.41,12125.4,2785276.2,-1
2023-12-18,2023-12-18 12:00:00,229.05,229.05,228.1,228.1,-0.41,12125.4,2785276.2,-1
2023-12-18,2023-12-18 13:00:00,228.1,228.1,227.15,227.15,-0.42,12125.4,2785276.2,-1
2023-12-18,2023-12-18 14:00:00,227.15,227.15,226.2,226.2,-0.42,12125.4,2785276.2,-1
2023-12-18,2023-12-18 15:00:00,226.2,238.0,223.0,226.2,0.0,12125.4,2785276.2,0
2023-12-19,2023-12-19 11:00:00,230.6,232.8,227.7,230.2,-0.17,6303.4,1439425.5,-1
2023-12-19,2023-12-19 12:00:00,230.2,230.2,229.8,229.8,-0.17,6303.4,1439425.5,-1
2023-12-19,2023-12-19 13:00:00,229.8,229.8,229.4,229.4,-0.17,6303.4,1439425.5,-1
2023-12-19,2023-12-19 14:00:00,229.4,229.4,229.0,229.0,-0.17,6303.4,1439425.5,-1
2023-12-19,2023-12-19 15:00:00,229.0,235.0,224.8,229.0,0.0,6303.4,1439425.5,0
2023-12-20,2023-12-20 11:00:00,233.5,242.7,228.25,235.05,0.66,9947.6,2315845.96,1
2023-12-20,2023-12-20 12:00:00,235.05,236.6,235.05,236.6,0.66,9947.6,2315845.96,1
2023-12-20,2023-12-20 13:00:00,236.6,238.15,236.6,238.15,0.66,9947.6,2315845.96,1
2023-12-20,2023-12-20 14:00:00,238.15,239.7,238.15,239.7,0.65,9947.6,2315845.96,1
2023-12-20,2023-12-20 15:00:00,239.7,251.9,223.0,239.7,0.0,9947.6,2315845.96,0
2023-12-21,2023-12-21 11:00:00,235.0,242.0,233.0,235.85,0.36,7499.8,1763140.16,1
2023-12-21,2023-12-21 12:00:00,235.85,236.7,235.85,236.7,0.36,7499.8,1763140.16,1
2023-12-21,2023-12-21 13:00:00,236.7,237.55,236.7,237.55,0.36,7499.8,1763140.16,1
2023-12-21,2023-12-21 14:00:00,237.55,238.4,237.55,238.4,0.36,7499.8,1763140.16,1
2023-12-21,2023-12-21 15:00:00,238.4,249.0,231.0,238.4,0.0,7499.8,1763140.16,0
2023-12-24,2023-12-24 11:00:00,235.1,240.05,229.3,232.57,-1.08,6722.6,1594556.3,-1
2023-12-24,2023-12-24 12:00:00,232.57,232.57,230.05,230.05,-1.08,6722.6,1594556.3,-1
2023-12-24,2023-12-24 13:00:00,230.05,230.05,227.53,227.53,-1.1,6722.6,1594556.3,-1
2023-12-24,2023-12-24 14:00:00,227.53,227.53,225.0,225.0,-1.11,6722.6,1594556.3,-1
2023-12-24,2023-12-24 15:00:00,225.0,245.0,223.5,225.0,0.0,6722.6,1594556.3,0
2023-12-27,2023-12-27 11:00:00,225.2,231.9,225.15,226.4,0.53,5993.4,1386232.38,1
2023-12-27,2023-12-27 12:00:00,226.4,227.6,226.4,227.6,0.53,5993.4,1386232.38,1
2023-12-27,2023-12-27 13:00:00,227.6,228.8,227.6,228.8,0.53,5993.4,1386232.38,1
2023-12-27,2023-12-27 14:00:00,228.8,230.0,228.8,230.0,0.52,5993.4,1386232.38,1
2023-12-27,2023-12-27 15:00:00,230.0,238.6,225.1,230.0,0.0,5993.4,1386232.38,0
2023-12-28,2023-12-28 11:00:00,234.6,236.1,232.3,234.18,-0.18,7719.4,1804219.32,-1
2023-12-28,2023-12-28 12:00:00,234.18,234.18,233.75,233.75,-0.18,7719.4,1804219.32,-1
2023-12-28,2023-12-28 13:00:00,233.75,233.75,233.32,233.32,-0.18,7719.4,1804219.32,-1
2023-12-28,2023-12-28 14:00:00,233.32,233.32,232.9,232.9,-0.18,7719.4,1804219.32,-1
2023-12-28,2023-12-28 15:00:00,232.9,237.6,230.0,232.9,0.0,7719.4,1804219.32,0
2024-01-01,2024-01-01 11:00:00,229.2,231.4,224.45,228.15,-0.46,3323.8,751861.54,-1
2024-01-01,2024-01-01 12:00:00,228.15,228.15,227.1,227.1,-0.46,3323.8,751861.54,-1
2024-01-01,2024-01-01 13:00:00,227.1,227.1,226.05,226.05,-0.46,3323.8,751861.54,-1
2024-01-01,2024-01-01 14:00:00,226.05,226.05,225.0,225.0,-0.46,3323.8,751861.54,-1
2024-01-01,2024-01-01 15:00:00,225.0,233.6,219.7,225.0,0.0,3323.8,751861.54,0
2024-01-02,2024-01-02 11:00:00,228.6,228.6,221.5,225.93,-1.17,1899.6,416766.08,-1
2024-01-02,2024-01-02 12:00:00,225.93,225.93,223.25,223.25,-1.19,1899.6,416766.08,-1
2024-01-02,2024-01-02 13:00:00,223.25,223.25,220.57,220.57,-1.2,1899.6,416766.08,-1
2024-01-02,2024-01-02 14:00:00,220.57,220.57,217.9,217.9,-1.21,1899.6,416766.08,-1
2024-01-02,2024-01-02 15:00:00,217.9,228.6,214.4,217.9,0.0,1899.6,416766.08,0
2024-01-03,2024-01-03 11:00:00,222.1,225.8,217.65,221.82,-0.13,7641.0,1696285.4,-1
2024-01-03,2024-01-03 12:00:00,221.82,221.82,221.55,221.55,-0.12,7641.0,1696285.4,-1
2024-01-03,2024-01-03 13:00:00,221.55,221.55,221.28,221.28,-0.12,7641.0,1696285.4,-1
2024-01-03,2024-01-03 14:00:00,221.28,221.28,221.0,221.0,-0.13,7641.0,1696285.4,-1
2024-01-03,2024-01-03 15:00:00,221.0,229.5,213.2,221.0,0.0,7641.0,1696285.4,0
2024-01-04,2024-01-04 11:00:00,225.0,230.0,225.0,226.53,0.68,9301.4,2158721.4,1
2024-01-04,2024-01-04 12:00:00,226.53,228.05,226.53,228.05,0.67,9301.4,2158721.4,1
2024-01-04,2024-01-04 13:00:00,228.05,229.57,228.05,229.57,0.67,9301.4,2158721.4,1
2024-01-04,2024-01-04 14:00:00,229.57,231.1,229.57,231.1,0.67,9301.4,2158721.4,1
2024-01-04,2024-01-04 15:00:00,231.1,235.0,225.0,231.1,0.0,9301.4,2158721.4,0
2024-01-07,2024-01-07 11:00:00,227.3,234.4,227.3,229.35,0.9,8232.8,1952822.68,1
2024-01-07,2024-01-07 12:00:00,229.35,231.4,229.35,231.4,0.89,8232.8,1952822.68,1
2024-01-07,2024-01-07 13:00:00,231.4,233.45,231.4,233.45,0.89,8232.8,1952822.68,1
2024-01-07,2024-01-07 14:00:00,233.45,235.5,233.45,235.5,0.88,8232.8,1952822.68,1
2024-01-07,2024-01-07 15:00:00,235.5,241.5,227.3,235.5,0.0,8232.8,1952822.68,0
2024-01-08,2024-01-08 11:00:00,235.8,240.4,233.75,238.1,0.98,8691.0,2068021.3,1
2024-01-08,2024-01-08 12:00:00,238.1,240.4,238.1,240.4,0.97,8691.0,2068021.3,1
2024-01-08,2024-01-08 13:00:00,240.4,242.7,240.4,242.7,0.96,8691.0,2068021.3,1
2024-01-08,2024-01-08 14:00:00,242.7,245.0,242.7,245.0,0.95,8691.0,2068021.3,1
2024-01-08,2024-01-08 15:00:00,245.0,245.0,231.7,245.0,0.0,8691.0,2068021.3,0
2024-01-09,2024-01-09 11:00:00,249.9,252.1,243.45,246.68,-1.29,11650.4,2852745.62,-1
2024-01-09,2024-01-09 12:00:00,246.68,246.68,243.45,243.45,-1.31,11650.4,2852745.62,-1
2024-01-09,2024-01-09 13:00:00,243.45,243.45,240.22,240.22,-1.33,11650.4,2852745.62,-1
2024-01-09,2024-01-09 14:00:00,240.22,240.22,237.0,237.0,-1.34,11650.4,2852745.62,-1
2024-01-09,2024-01-09 15:00:00,237.0,254.3,237.0,237.0,0.0,11650.4,2852745.62,0
2024-01-10,2024-01-10 11:00:00,235.3,238.15,233.8,234.55,-0.32,6551.8,1539201.74,-1
2024-01-10,2024-01-10 12:00:00,234.55,234.55,233.8,233.8,-0.32,6551.8,1539201.74,-1
2024-01-10,2024-01-10 13:00:00,233.8,233.8,233.05,233.05,-0.32,6551.8,1539201.74,-1
2024-01-10,2024-01-10 14:00:00,233.05,233.05,232.3,232.3,-0.32,6551.8,1539201.74,-1
2024-01-10,2024-01-10 15:00:00,232.3,241.0,232.3,232.3,0.0,6551.8,1539201.74,0
2024-01-11,2024-01-11 11:00:00,236.9,239.2,232.5,237.18,0.12,6801.2,1583475.9,1
2024-01-11,2024-01-11 12:00:00,237.18,237.45,237.18,237.45,0.11,6801.2,1583475.9,1
2024-01-11,2024-01-11 13:00:00,237.45,237.72,237.45,237.72,0.11,6801.2,1583475.9,1
2024-01-11,2024-01-11 14:00:00,237.72,238.0,237.72,238.0,0.12,6801.2,1583475.9,1
2024-01-11,2024-01-11 15:00:00,238.0,241.5,228.1,238.0,0.0,6801.2,1583475.9,0
2024-01-14,2024-01-14 11:00:00,242.7,251.4,242.7,246.9,1.73,26883.0,6799232.24,1
2024-01-14,2024-01-14 12:00:00,246.9,251.1,246.9,251.1,1.7,26883.0,6799232.24,1
2024-01-14,2024-01-14 13:00:00,251.1,255.3,251.1,255.3,1.67,26883.0,6799232.24,1
2024-01-14,2024-01-14 14:00:00,255.3,259.5,255.3,259.5,1.65,26883.0,6799232.24,1
2024-01-14,2024-01-14 15:00:00,259.5,260.1,242.7,259.5,0.0,26883.0,6799232.24,0
2024-01-16,2024-01-16 11:00:00,264.0,271.0,263.05,266.38,0.9,14876.6,4041429.34,1
2024-01-16,2024-01-16 12:00:00,266.38,268.75,266.38,268.75,0.89,14876.6,4041429.34,1
2024-01-16,2024-01-16 13:00:00,268.75,271.12,268.75,271.12,0.88,14876.6,4041429.34,1
2024-01-16,2024-01-16 14:00:00,271.12,273.5,271.12,273.5,0.88,14876.6,4041429.34,1
2024-01-16,2024-01-16 15:00:00,273.5,278.0,262.1,273.5,0.0,14876.6,4041429.34,0
2024-01-17,2024-01-17 11:00:00,273.0,273.0,263.0,268.25,-1.74,14864.4,3858060.52,-1
2024-01-17,2024-01-17 12:00:00,268.25,268.25,263.5,263.5,-1.77,14864.4,3858060.52,-1
2024-01-17,2024-01-17 13:00:00,263.5,263.5,258.75,258.75,-1.8,14864.4,3858060.52,-1
2024-01-17,2024-01-17 14:00:00,258.75,258.75,254.0,254.0,-1.84,14864.4,3858060.52,-1
2024-01-17,2024-01-17 15:00:00,254.0,273.0,253.0,254.0,0.0,14864.4,3858060.52,0
2024-01-18,2024-01-18 11:00:00,249.0,257.0,248.0,251.75,1.1,10347.2,2645406.88,1
2024-01-18,2024-01-18 12:00:00,251.75,254.5,251.75,254.5,1.09,10347.2,2645406.88,1
2024-01-18,2024-01-18 13:00:00,254.5,257.25,254.5,257.25,1.08,10347.2,2645406.88,1
2024-01-18,2024-01-18 14:00:00,257.25,260.0,257.25,260.0,1.07,10347.2,2645406.88,1
2024-01-18,2024-01-18 15:00:00,260.0,265.0,247.0,260.0,0.0,10347.2,2645406.88,0
2024-01-21,2024-01-21 11:00:00,260.0,266.95,257.5,259.98,-0.01,16689.2,4439088.92,-1
2024-01-21,2024-01-21 12:00:00,259.98,259.98,259.95,259.95,-0.01,16689.2,4439088.92,-1
2024-01-21,2024-01-21 13:00:00,259.95,259.95,259.92,259.92,-0.01,16689.2,4439088.92,-1
2024-01-21,2024-01-21 14:00:00,259.92,259.92,259.9,259.9,-0.01,16689.2,4439088.92,-1
2024-01-21,2024-01-21 15:00:00,259.9,273.9,255.0,259.9,0.0,16689.2,4439088.92,0
2024-01-22,2024-01-22 11:00:00,265.0,266.0,260.5,263.0,-0.75,12739.2,3328535.92,-1
2024-01-22,2024-01-22 12:00:00,263.0,263.0,261.0,261.0,-0.76,12739.2,3328535.92,-1
2024-01-22,2024-01-22 13:00:00,261.0,261.0,259.0,259.0,-0.77,12739.2,3328535.92,-1
2024-01-22,2024-01-22 14:00:00,259.0,259.0,257.0,257.0,-0.77,12739.2,3328535.92,-1
2024-01-22,2024-01-22 15:00:00,257.0,267.0,256.0,257.0,0.0,12739.2,3328535.92,0
2024-01-23,2024-01-23 11:00:00,262.1,266.05,262.05,262.6,0.19,14676.4,3908634.08,1
2024-01-23,2024-01-23 12:00:00,262.6,263.1,262.6,263.1,0.19,14676.4,3908634.08,1
2024-01-23,2024-01-23 13:00:00,263.1,263.6,263.1,263.6,0.19,14676.4,3908634.08,1
2024-01-23,2024-01-23 14:00:00,263.6,264.1,263.6,264.1,0.19,14676.4,3908634.08,1
2024-01-23,2024-01-23 15:00:00,264.1,270.0,262.0,264.1,0.0,14676.4,3908634.08,0
2024-01-24,2024-01-24 11:00:00,269.0,271.0,264.5,267.02,-0.74,11317.4,2993735.22,-1
2024-01-24,2024-01-24 12:00:00,267.02,267.02,265.05,265.05,-0.74,11317.4,2993735.22,-1
2024-01-24,2024-01-24 13:00:00,265.05,265.05,263.08,263.08,-0.74,11317.4,2993735.22,-1
2024-01-24,2024-01-24 14:00:00,263.08,263.08,261.1,261.1,-0.75,11317.4,2993735.22,-1
2024-01-24,2024-01-24 15:00:00,261.1,273.0,260.0,261.1,0.0,11317.4,2993735.22,0
2024-01-25,2024-01-25 11:00:00,266.0,267.0,263.5,265.73,-0.1,11643.6,3079221.56,-1
2024-01-25,2024-01-25 12:00:00,265.73,265.73,265.45,265.45,-0.11,11643.6,3079221.56,-1
2024-01-25,2024-01-25 13:00:00,265.45,265.45,265.17,265.17,-0.11,11643.6,3079221.56,-1
2024-01-25,2024-01-25 14:00:00,265.17,265.17,264.9,264.9,-0.1,11643.6,3079221.56,-1
2024-01-25,2024-01-25 15:00:00,264.9,268.0,261.0,264.9,0.0,11643.6,3079221.56,0
2024-01-28,2024-01-28 11:00:00,269.8,280.4,266.4,273.85,1.5,32292.6,9085828.28,1
2024-01-28,2024-01-28 12:00:00,273.85,277.9,273.85,277.9,1.48,32292.6,9085828.28,1
2024-01-28,2024-01-28 13:00:00,277.9,281.95,277.9,281.95,1.46,32292.6,9085828.28,1
2024-01-28,2024-01-28 14:00:00,281.95,286.0,281.95,286.0,1.44,32292.6,9085828.28,1
2024-01-28,2024-01-28 15:00:00,286.0,291.0,263.0,286.0,0.0,32292.6,9085828.28,0
2024-01-29,2024-01-29 11:00:00,291.7,296.85,289.15,290.52,-0.4,15780.8,4633958.86,-1
2024-01-29,2024-01-29 12:00:00,290.52,290.52,289.35,289.35,-0.4,15780.8,4633958.86,-1
2024-01-29,2024-01-29 13:00:00,289.35,289.35,288.18,288.18,-0.4,15780.8,4633958.86,-1
2024-01-29,2024-01-29 14:00:00,288.18,288.18,287.0,287.0,-0.41,15780.8,4633958.86,-1
2024-01-29,2024-01-29 15:00:00,287.0,302.0,286.6,287.0,0.0,15780.8,4633958.86,0
2024-01-30,2024-01-30 11:00:00,292.7,294.85,287.35,291.52,-0.4,9383.8,2692986.1,-1
2024-01-30,2024-01-30 12:00:00,291.52,291.52,290.35,290.35,-0.4,9383.8,2692986.1,-1
2024-01-30,2024-01-30 13:00:00,290.35,290.35,289.18,289.18,-0.4,9383.8,2692986.1,-1
2024-01-30,2024-01-30 14:00:00,289.18,289.18,288.0,288.0,-0.41,9383.8,2692986.1,-1
2024-01-30,2024-01-30 15:00:00,288.0,297.0,282.0,288.0,0.0,9383.8,2692986.1,0
2024-01-31,2024-01-31 11:00:00,293.0,301.0,284.05,289.75,-1.11,21124.0,5913323.02,-1
2024-01-31,2024-01-31 12:00:00,289.75,289.75,286.5,286.5,-1.12,21124.0,5913323.02,-1
2024-01-31,2024-01-31 13:00:00,286.5,286.5,283.25,283.25,-1.13,21124.0,5913323.02,-1
2024-01-31,2024-01-31 14:00:00,283.25,283.25,280.0,280.0,-1.15,21124.0,5913323.02,-1
2024-01-31,2024-01-31 15:00:00,280.0,309.0,275.1,280.0,0.0,21124.0,5913323.02,0
2024-02-01,2024-02-01 11:00:00,274.5,277.0,269.75,273.35,-0.42,19285.4,5221140.28,-1
2024-02-01,2024-02-01 12:00:00,273.35,273.35,272.2,272.2,-0.42,19285.4,5221140.28,-1
2024-02-01,2024-02-01 13:00:00,272.2,272.2,271.05,271.05,-0.42,19285.4,5221140.28,-1
2024-02-01,2024-02-01 14:00:00,271.05,271.05,269.9,269.9,-0.42,19285.4,5221140.28,-1
2024-02-01,2024-02-01 15:00:00,269.9,279.5,265.0,269.9,0.0,19285.4,5221140.28,0
2024-02-04,2024-02-04 11:00:00,271.0,272.3,267.5,269.75,-0.46,6526.8,1741166.1,-1
2024-02-04,2024-02-04 12:00:00,269.75,269.75,268.5,268.5,-0.46,6526.8,1741166.1,-1
2024-02-04,2024-02-04 13:00:00,268.5,268.5,267.25,267.25,-0.47,6526.8,1741166.1,-1
2024-02-04,2024-02-04 14:00:00,267.25,267.25,266.0,266.0,-0.47,6526.8,1741166.1,-1
2024-02-04,2024-02-04 15:00:00,266.0,273.6,264.0,266.0,0.0,6526.8,1741166.1,0
2024-02-05,2024-02-05 11:00:00,271.0,271.0,266.0,270.25,-0.28,6762.6,1781191.5,-1
2024-02-05,2024-02-05 12:00:00,270.25,270.25,269.5,269.5,-0.28,6762.6,1781191.5,-1
2024-02-05,2024-02-05 13:00:00,269.5,269.5,268.75,268.75,-0.28,6762.6,1781191.5,-1
2024-02-05,2024-02-05 14:00:00,268.75,268.75,268.0,268.0,-0.28,6762.6,1781191.5,-1
2024-02-05,2024-02-05 15:00:00,268.0,271.0,261.0,268.0,0.0,6762.6,1781191.5,0
2024-02-06,2024-02-06 11:00:00,269.0,270.0,265.9,269.25,0.09,4646.2,1244324.46,1
2024-02-06,2024-02-06 12:00:00,269.25,269.5,269.25,269.5,0.09,4646.2,1244324.46,1
2024-02-06,2024-02-06 13:00:00,269.5,269.75,269.5,269.75,0.09,4646.2,1244324.46,1
2024-02-06,2024-02-06 14:00:00,269.75,270.0,269.75,270.0,0.09,4646.2,1244324.46,1
2024-02-06,2024-02-06 15:00:00,270.0,271.0,262.8,270.0,0.0,4646.2,1244324.46,0
2024-02-07,2024-02-07 11:00:00,275.0,277.1,273.05,276.0,0.36,7095.2,1956604.7,1
2024-02-07,2024-02-07 12:00:00,276.0,277.0,276.0,277.0,0.36,7095.2,1956604.7,1
2024-02-07,2024-02-07 13:00:00,277.0,278.0,277.0,278.0,0.36,7095.2,1956604.7,1
2024-02-07,2024-02-07 14:00:00,278.0,279.0,278.0,279.0,0.36,7095.2,1956604.7,1
2024-02-07,2024-02-07 15:00:00,279.0,279.2,271.1,279.0,0.0,7095.2,1956604.7,0
2024-02-08,2024-02-08 11:00:00,274.0,278.2,273.75,275.75,0.64,5762.6,1604013.88,1
2024-02-08,2024-02-08 12:00:00,275.75,277.5,275.75,277.5,0.63,5762.6,1604013.88,1
2024-02-08,2024-02-08 13:00:00,277.5,279.25,277.5,279.25,0.63,5762.6,1604013.88,1
2024-02-08,2024-02-08 14:00:00,279.25,281.0,279.25,281.0,0.63,5762.6,1604013.88,1
2024-02-08,2024-02-08 15:00:00,281.0,282.4,273.5,281.0,0.0,5762.6,1604013.88,0
2024-02-11,2024-02-11 11:00:00,283.0,283.0,277.5,280.68,-0.82,4699.0,1308049.8,-1
2024-02-11,2024-02-11 12:00:00,280.68,280.68,278.35,278.35,-0.83,4699.0,1308049.8,-1
2024-02-11,2024-02-11 13:00:00,278.35,278.35,276.02,276.02,-0.84,4699.0,1308049.8,-1
2024-02-11,2024-02-11 14:00:00,276.02,276.02,273.7,273.7,-0.84,4699.0,1308049.8,-1
2024-02-11,2024-02-11 15:00:00,273.7,283.0,272.0,273.7,0.0,4699.0,1308049.8,0
2024-02-12,2024-02-12 11:00:00,275.0,277.0,273.55,276.0,0.36,4691.4,1294765.04,1
2024-02-12,2024-02-12 12:00:00,276.0,277.0,276.0,277.0,0.36,4691.4,1294765.04,1
2024-02-12,2024-02-12 13:00:00,277.0,278.0,277.0,278.0,0.36,4691.4,1294765.04,1
2024-02-12,2024-02-12 14:00:00,278.0,279.0,278.0,279.0,0.36,4691.4,1294765.04,1
2024-02-12,2024-02-12 15:00:00,279.0,279.0,272.1,279.0,0.0,4691.4,1294765.04,0
2024-02-13,2024-02-13 11:00:00,274.0,284.5,271.3,275.5,0.55,17001.6,4781755.74,1
2024-02-13,2024-02-13 12:00:00,275.5,277.0,275.5,277.0,0.54,17001.6,4781755.74,1
2024-02-13,2024-02-13 13:00:00,277.0,278.5,277.0,278.5,0.54,17001.6,4781755.74,1
2024-02-13,2024-02-13 14:00:00,278.5,280.0,278.5,280.0,0.54,17001.6,4781755.74,1
2024-02-13,2024-02-13 15:00:00,280.0,295.0,268.6,280.0,0.0,17001.6,4781755.74,0
2024-02-14,2024-02-14 11:00:00,285.6,286.9,280.05,284.45,-0.4,8107.2,2297812.46,-1
2024-02-14,2024-02-14 12:00:00,284.45,284.45,283.3,283.3,-0.4,8107.2,2297812.46,-1
2024-02-14,2024-02-14 13:00:00,283.3,283.3,282.15,282.15,-0.41,8107.2,2297812.46,-1
2024-02-14,2024-02-14 14:00:00,282.15,282.15,281.0,281.0,-0.41,8107.2,2297812.46,-1
2024-02-14,2024-02-14 15:00:00,281.0,288.2,274.5,281.0,0.0,8107.2,2297812.46,0
2024-02-15,2024-02-15 11:00:00,277.0,285.5,277.0,278.27,0.46,18352.2,5268563.18,1
2024-02-15,2024-02-15 12:00:00,278.27,279.55,278.27,279.55,0.46,18352.2,5268563.18,1
2024-02-15,2024-02-15 13:00:00,279.55,280.83,279.55,280.83,0.46,18352.2,5268563.18,1
2024-02-15,2024-02-15 14:00:00,280.83,282.1,280.83,282.1,0.45,18352.2,5268563.18,1
2024-02-15,2024-02-15 15:00:00,282.1,294.0,277.0,282.1,0.0,18352.2,5268563.18,0
2024-02-18,2024-02-18 11:00:00,280.0,282.8,276.0,278.15,-0.66,4755.0,1316009.48,-1
2024-02-18,2024-02-18 12:00:00,278.15,278.15,276.3,276.3,-0.67,4755.0,1316009.48,-1
2024-02-18,2024-02-18 13:00:00,276.3,276.3,274.45,274.45,-0.67,4755.0,1316009.48,-1
2024-02-18,2024-02-18 14:00:00,274.45,274.45,272.6,272.6,-0.67,4755.0,1316009.48,-1
2024-02-18,2024-02-18 15:00:00,272.6,285.6,272.0,272.6,0.0,4755.0,1316009.48,0
2024-02-20,2024-02-20 11:00:00,268.2,272.8,267.6,268.4,0.07,4332.8,1168978.42,1
2024-02-20,2024-02-20 12:00:00,268.4,268.6,268.4,268.6,0.07,4332.8,1168978.42,1
2024-02-20,2024-02-20 13:00:00,268.6,268.8,268.6,268.8,0.07,4332.8,1168978.42,1
2024-02-20,2024-02-20 14:00:00,268.8,269.0,268.8,269.0,0.07,4332.8,1168978.42,1
2024-02-20,2024-02-20 15:00:00,269.0,277.4,267.0,269.0,0.0,4332.8,1168978.42,0
2024-02-21,2024-02-21 11:00:00,274.0,274.0,267.5,271.0,-1.09,5193.8,1377921.4,-1
2024-02-21,2024-02-21 12:00:00,271.0,271.0,268.0,268.0,-1.11,5193.8,1377921.4,-1
2024-02-21,2024-02-21 13:00:00,268.0,268.0,265.0,265.0,-1.12,5193.8,1377921.4,-1
2024-02-21,2024-02-21 14:00:00,265.0,265.0,262.0,262.0,-1.13,5193.8,1377921.4,-1
2024-02-21,2024-02-21 15:00:00,262.0,274.0,261.0,262.0,0.0,5193.8,1377921.4,0
2024-02-22,2024-02-22 11:00:00,258.4,261.2,254.7,256.55,-0.72,5852.4,1504601.16,-1
2024-02-22,2024-02-22 12:00:00,256.55,256.55,254.7,254.7,-0.72,5852.4,1504601.16,-1
2024-02-22,2024-02-22 13:00:00,254.7,254.7,252.85,252.85,-0.73,5852.4,1504601.16,-1
2024-02-22,2024-02-22 14:00:00,252.85,252.85,251.0,251.0,-0.73,5852.4,1504601.16,-1
2024-02-22,2024-02-22 15:00:00,251.0,264.0,251.0,251.0,0.0,5852.4,1504601.16,0
2024-02-25,2024-02-25 11:00:00,256.0,257.9,250.05,254.25,-0.68,4261.0,1062438.74,-1
2024-02-25,2024-02-25 12:00:00,254.25,254.25,252.5,252.5,-0.69,4261.0,1062438.74,-1
2024-02-25,2024-02-25 13:00:00,252.5,252.5,250.75,250.75,-0.69,4261.0,1062438.74,-1
2024-02-25,2024-02-25 14:00:00,250.75,250.75,249.0,249.0,-0.7,4261.0,1062438.74,-1
2024-02-25,2024-02-25 15:00:00,249.0,259.8,244.1,249.0,0.0,4261.0,1062438.74,0
2024-02-26,2024-02-26 11:00:00,249.0,251.5,247.75,250.25,0.5,2649.2,663198.64,1
2024-02-26,2024-02-26 12:00:00,250.25,251.5,250.25,251.5,0.5,2649.2,663198.64,1
2024-02-26,2024-02-26 13:00:00,251.5,252.75,251.5,252.75,0.5,2649.2,663198.64,1
2024-02-26,2024-02-26 14:00:00,252.75,254.0,252.75,254.0,0.49,2649.2,663198.64,1
2024-02-26,2024-02-26 15:00:00,254.0,254.0,246.5,254.0,0.0,2649.2,663198.64,0
2024-02-27,2024-02-27 11:00:00,250.2,253.1,250.05,251.12,0.37,2701.8,680880.2,1
2024-02-27,2024-02-27 12:00:00,251.12,252.05,251.12,252.05,0.37,2701.8,680880.2,1
2024-02-27,2024-02-27 13:00:00,252.05,252.97,252.05,252.97,0.37,2701.8,680880.2,1
2024-02-27,2024-02-27 14:00:00,252.97,253.9,252.97,253.9,0.37,2701.8,680880.2,1
2024-02-27,2024-02-27 15:00:00,253.9,256.0,249.9,253.9,0.0,2701.8,680880.2,0
2024-02-28,2024-02-28 11:00:00,258.0,258.0,252.2,255.25,-1.07,1952.0,484171.0,-1
2024-02-28,2024-02-28 12:00:00,255.25,255.25,252.5,252.5,-1.08,1952.0,484171.0,-1
2024-02-28,2024-02-28 13:00:00,252.5,252.5,249.75,249.75,-1.09,1952.0,484171.0,-1
2024-02-28,2024-02-28 14:00:00,249.75,249.75,247.0,247.0,-1.1,1952.0,484171.0,-1
2024-02-28,2024-02-28 15:00:00,247.0,258.0,246.4,247.0,0.0,1952.0,484171.0,0
2024-02-29,2024-02-29 11:00:00,251.9,251.9,243.45,248.43,-1.38,5487.2,1310396.0,-1
2024-02-29,2024-02-29 12:00:00,248.43,248.43,244.95,244.95,-1.4,5487.2,1310396.0,-1
2024-02-29,2024-02-29 13:00:00,244.95,244.95,241.47,241.47,-1.42,5487.2,1310396.0,-1
2024-02-29,2024-02-29 14:00:00,241.47,241.47,238.0,238.0,-1.44,5487.2,1310396.0,-1
2024-02-29,2024-02-29 15:00:00,238.0,251.9,235.0,238.0,0.0,5487.2,1310396.0,0
2024-03-03,2024-03-03 11:00:00,233.3,243.4,233.15,234.38,0.46,3747.0,885273.0,1
2024-03-03,2024-03-03 12:00:00,234.38,235.45,234.38,235.45,0.46,3747.0,885273.0,1
2024-03-03,2024-03-03 13:00:00,235.45,236.53,235.45,236.53,0.46,3747.0,885273.0,1
2024-03-03,2024-03-03 14:00:00,236.53,237.6,236.53,237.6,0.45,3747.0,885273.0,1
2024-03-03,2024-03-03 15:00:00,237.6,253.5,233.0,237.6,0.0,3747.0,885273.0,0
2024-03-04,2024-03-04 11:00:00,239.0,246.2,239.0,242.6,1.51,16.0,3909.2,1
2024-03-04,2024-03-04 12:00:00,242.6,246.2,242.6,246.2,1.48,16.0,3909.2,1
2024-03-04,2024-03-04 13:00:00,246.2,249.8,246.2,249.8,1.46,16.0,3909.2,1
2024-03-04,2024-03-04 14:00:00,249.8,253.4,249.8,253.4,1.44,16.0,3909.2,1
2024-03-04,2024-03-04 15:00:00,253.4,253.4,239.0,253.4,0.0,16.0,3909.2,0
2024-03-05,2024-03-05 11:00:00,253.4,254.2,247.7,251.22,-0.86,7850.2,1940504.02,-1
2024-03-05,2024-03-05 12:00:00,251.22,251.22,249.05,249.05,-0.86,7850.2,1940504.02,-1
2024-03-05,2024-03-05 13:00:00,249.05,249.05,246.88,246.88,-0.87,7850.2,1940504.02,-1
2024-03-05,2024-03-05 14:00:00,246.88,246.88,244.7,244.7,-0.88,7850.2,1940504.02,-1
2024-03-05,2024-03-05 15:00:00,244.7,255.0,242.0,244.7,0.0,7850.2,1940504.02,0
2024-03-06,2024-03-06 11:00:00,249.4,252.2,245.2,248.3,-0.44,5384.8,1333554.42,-1
2024-03-06,2024-03-06 12:00:00,248.3,248.3,247.2,247.2,-0.44,5384.8,1333554.42,-1
2024-03-06,2024-03-06 13:00:00,247.2,247.2,246.1,246.1,-0.44,5384.8,1333554.42,-1
2024-03-06,2024-03-06 14:00:00,246.1,246.1,245.0,245.0,-0.45,5384.8,1333554.42,-1
2024-03-06,2024-03-06 15:00:00,245.0,255.0,241.0,245.0,0.0,5384.8,1333554.42,0
2024-03-07,2024-03-07 11:00:00,249.5,251.95,247.25,249.57,0.03,1990.2,495737.0,1
2024-03-07,2024-03-07 12:00:00,249.57,249.65,249.57,249.65,0.03,1990.2,495737.0,1
2024-03-07,2024-03-07 13:00:00,249.65,249.73,249.65,249.73,0.03,1990.2,495737.0,1
2024-03-07,2024-03-07 14:00:00,249.73,249.8,249.73,249.8,0.03,1990.2,495737.0,1
2024-03-07,2024-03-07 15:00:00,249.8,254.4,245.0,249.8,0.0,1990.2,495737.0,0
2024-03-10,2024-03-10 11:00:00,254.0,254.5,251.0,253.5,-0.2,3780.0,949664.6,-1
2024-03-10,2024-03-10 12:00:00,253.5,253.5,253.0,253.0,-0.2,3780.0,949664.6,-1
2024-03-10,2024-03-10 13:00:00,253.0,253.0,252.5,252.5,-0.2,3780.0,949664.6,-1
2024-03-10,2024-03-10 14:00:00,252.5,252.5,252.0,252.0,-0.2,3780.0,949664.6,-1
2024-03-10,2024-03-10 15:00:00,252.0,255.0,248.0,252.0,0.0,3780.0,949664.6,0
2024-03-12,2024-03-12 11:00:00,256.9,256.9,252.95,256.55,-0.14,3634.8,919616.94,-1
2024-03-12,2024-03-12 12:00:00,256.55,256.55,256.2,256.2,-0.14,3634.8,919616.94,-1
2024-03-12,2024-03-12 13:00:00,256.2,256.2,255.85,255.85,-0.14,3634.8,919616.94,-1
2024-03-12,2024-03-12 14:00:00,255.85,255.85,255.5,255.5,-0.14,3634.8,919616.94,-1
2024-03-12,2024-03-12 15:00:00,255.5,256.9,249.0,255.5,0.0,3634.8,919616.94,0
2024-03-13,2024-03-13 11:00:00,258.0,258.0,254.25,257.38,-0.24,3381.4,860550.6,-1
2024-03-13,2024-03-13 12:00:00,257.38,257.38,256.75,256.75,-0.24,3381.4,860550.6,-1
2024-03-13,2024-03-13 13:00:00,256.75,256.75,256.12,256.12,-0.25,3381.4,860550.6,-1
2024-03-13,2024-03-13 14:00:00,256.12,256.12,255.5,255.5,-0.24,3381.4,860550.6,-1
2024-03-13,2024-03-13 15:00:00,255.5,258.0,250.5,255.5,0.0,3381.4,860550.6,0
2024-03-14,2024-03-14 11:00:00,260.6,260.6,255.8,258.2,-0.92,1417.0,358779.4,-1
2024-03-14,2024-03-14 12:00:00,258.2,258.2,255.8,255.8,-0.93,1417.0,358779.4,-1
2024-03-14,2024-03-14 13:00:00,255.8,255.8,253.4,253.4,-0.94,1417.0,358779.4,-1
2024-03-14,2024-03-14 14:00:00,253.4,253.4,251.0,251.0,-0.95,1417.0,358779.4,-1
2024-03-14,2024-03-14 15:00:00,251.0,260.6,251.0,251.0,0.0,1417.0,358779.4,0
2024-03-17,2024-03-17 11:00:00,255.8,255.8,251.3,254.1,-0.66,2515.2,624524.88,-1
2024-03-17,2024-03-17 12:00:00,254.1,254.1,252.4,252.4,-0.67,2515.2,624524.88,-1
2024-03-17,2024-03-17 13:00:00,252.4,252.4,250.7,250.7,-0.67,2515.2,624524.88,-1
2024-03-17,2024-03-17 14:00:00,250.7,250.7,249.0,249.0,-0.68,2515.2,624524.88,-1
2024-03-17,2024-03-17 15:00:00,249.0,255.8,246.8,249.0,0.0,2515.2,624524.88,0
2024-03-18,2024-03-18 11:00:00,252.0,252.0,248.7,250.6,-0.56,1320.2,326218.08,-1
2024-03-18,2024-03-18 12:00:00,250.6,250.6,249.2,249.2,-0.56,1320.2,326218.08,-1
2024-03-18,2024-03-18 13:00:00,249.2,249.2,247.8,247.8,-0.56,1320.2,326218.08,-1
2024-03-18,2024-03-18 14:00:00,247.8,247.8,246.4,246.4,-0.56,1320.2,326218.08,-1
2024-03-18,2024-03-18 15:00:00,246.4,252.0,245.4,246.4,0.0,1320.2,326218.08,0
2024-03-19,2024-03-19 11:00:00,246.4,252.7,243.95,246.55,0.06,2147.0,527120.54,1
2024-03-19,2024-03-19 12:00:00,246.55,246.7,246.55,246.7,0.06,2147.0,527120.54,1
2024-03-19,2024-03-19 13:00:00,246.7,246.85,246.7,246.85,0.06,2147.0,527120.54,1
2024-03-19,2024-03-19 14:00:00,246.85,247.0,246.85,247.0,0.06,2147.0,527120.54,1
2024-03-19,2024-03-19 15:00:00,247.0,259.0,241.5,247.0,0.0,2147.0,527120.54,0
2024-03-20,2024-03-20 11:00:00,251.8,251.8,246.35,250.95,-0.34,974.4,238083.98,-1
2024-03-20,2024-03-20 12:00:00,250.95,250.95,250.1,250.1,-0.34,974.4,238083.98,-1
2024-03-20,2024-03-20 13:00:00,250.1,250.1,249.25,249.25,-0.34,974.4,238083.98,-1
2024-03-20,2024-03-20 14:00:00,249.25,249.25,248.4,248.4,-0.34,974.4,238083.98,-1
2024-03-20,2024-03-20 15:00:00,248.4,251.8,240.9,248.4,0.0,974.4,238083.98,0
2024-03-21,2024-03-21 11:00:00,244.2,246.6,241.9,243.4,-0.33,4107.2,1002464.4,-1
2024-03-21,2024-03-21 12:00:00,243.4,243.4,242.6,242.6,-0.33,4107.2,1002464.4,-1
2024-03-21,2024-03-21 13:00:00,242.6,242.6,241.8,241.8,-0.33,4107.2,1002464.4,-1
2024-03-21,2024-03-21 14:00:00,241.8,241.8,241.0,241.0,-0.33,4107.2,1002464.4,-1
2024-03-21,2024-03-21 15:00:00,241.0,249.0,239.6,241.0,0.0,4107.2,1002464.4,0
2024-03-25,2024-03-25 11:00:00,236.2,239.5,236.2,237.15,0.4,1100.2,263890.36,1
2024-03-25,2024-03-25 12:00:00,237.15,238.1,237.15,238.1,0.4,1100.2,263890.36,1
2024-03-25,2024-03-25 13:00:00,238.1,239.05,238.1,239.05,0.4,1100.2,263890.36,1
2024-03-25,2024-03-25 14:00:00,239.05,240.0,239.05,240.0,0.4,1100.2,263890.36,1
2024-03-25,2024-03-25 15:00:00,240.0,242.8,236.2,240.0,0.0,1100.2,263890.36,0
2024-03-26,2024-03-26 11:00:00,243.0,243.5,239.65,242.75,-0.1,1873.0,451997.0,-1
2024-03-26,2024-03-26 12:00:00,242.75,242.75,242.5,242.5,-0.1,1873.0,451997.0,-1
2024-03-26,2024-03-26 13:00:00,242.5,242.5,242.25,242.25,-0.1,1873.0,451997.0,-1
2024-03-26,2024-03-26 14:00:00,242.25,242.25,242.0,242.0,-0.1,1873.0,451997.0,-1
2024-03-26,2024-03-26 15:00:00,242.0,244.0,236.3,242.0,0.0,1873.0,451997.0,0
2024-03-27,2024-03-27 11:00:00,242.0,243.25,240.7,241.35,-0.27,643.4,154580.2,-1
2024-03-27,2024-03-27 12:00:00,241.35,241.35,240.7,240.7,-0.27,643.4,154580.2,-1
2024-03-27,2024-03-27 13:00:00,240.7,240.7,240.05,240.05,-0.27,643.4,154580.2,-1
2024-03-27,2024-03-27 14:00:00,240.05,240.05,239.4,239.4,-0.27,643.4,154580.2,-1
2024-03-27,2024-03-27 15:00:00,239.4,244.5,239.4,239.4,0.0,643.4,154580.2,0
2024-03-28,2024-03-28 11:00:00,234.8,237.9,234.5,235.62,0.35,1653.0,392261.8,1
2024-03-28,2024-03-28 12:00:00,235.62,236.45,235.62,236.45,0.35,1653.0,392261.8,1
2024-03-28,2024-03-28 13:00:00,236.45,237.28,236.45,237.28,0.35,1653.0,392261.8,1
2024-03-28,2024-03-28 14:00:00,237.28,238.1,237.28,238.1,0.35,1653.0,392261.8,1
2024-03-28,2024-03-28 15:00:00,238.1,241.0,234.2,238.1,0.0,1653.0,392261.8,0
2024-03-31,2024-03-31 11:00:00,233.6,240.45,233.6,234.95,0.58,1473.0,354902.0,1
2024-03-31,2024-03-31 12:00:00,234.95,236.3,234.95,236.3,0.57,1473.0,354902.0,1
2024-03-31,2024-03-31 13:00:00,236.3,237.65,236.3,237.65,0.57,1473.0,354902.0,1
2024-03-31,2024-03-31 14:00:00,237.65,239.0,237.65,239.0,0.57,1473.0,354902.0,1
2024-03-31,2024-03-31 15:00:00,239.0,247.3,233.6,239.0,0.0,1473.0,354902.0,0
2024-04-01,2024-04-01 11:00:00,242.5,242.55,240.25,242.1,-0.16,1358.4,325767.98,-1
2024-04-01,2024-04-01 12:00:00,242.1,242.1,241.7,241.7,-0.17,1358.4,325767.98,-1
2024-04-01,2024-04-01 13:00:00,241.7,241.7,241.3,241.3,-0.17,1358.4,325767.98,-1
2024-04-01,2024-04-01 14:00:00,241.3,241.3,240.9,240.9,-0.17,1358.4,325767.98,-1
2024-04-01,2024-04-01 15:00:00,240.9,242.6,238.0,240.9,0.0,1358.4,325767.98,0
2024-04-02,2024-04-02 11:00:00,243.0,244.0,239.75,241.4,-0.66,722.6,171864.68,-1
2024-04-02,2024-04-02 12:00:00,241.4,241.4,239.8,239.8,-0.66,722.6,171864.68,-1
2024-04-02,2024-04-02 13:00:00,239.8,239.8,238.2,238.2,-0.67,722.6,171864.68,-1
2024-04-02,2024-04-02 14:00:00,238.2,238.2,236.6,236.6,-0.67,722.6,171864.68,-1
2024-04-02,2024-04-02 15:00:00,236.6,245.0,236.5,236.6,0.0,722.6,171864.68,0
2024-04-03,2024-04-03 11:00:00,236.0,239.0,235.5,236.5,0.21,830.0,197672.44,1
2024-04-03,2024-04-03 12:00:00,236.5,237.0,236.5,237.0,0.21,830.0,197672.44,1
2024-04-03,2024-04-03 13:00:00,237.0,237.5,237.0,237.5,0.21,830.0,197672.44,1
2024-04-03,2024-04-03 14:00:00,237.5,238.0,237.5,238.0,0.21,830.0,197672.44,1
2024-04-03,2024-04-03 15:00:00,238.0,242.0,235.0,238.0,0.0,830.0,197672.44,0
2024-04-04,2024-04-04 11:00:00,242.7,242.7,236.85,240.9,-0.74,2396.4,558330.7,-1
2024-04-04,2024-04-04 12:00:00,240.9,240.9,239.1,239.1,-0.75,2396.4,558330.7,-1
2024-04-04,2024-04-04 13:00:00,239.1,239.1,237.3,237.3,-0.75,2396.4,558330.7,-1
2024-04-04,2024-04-04 14:00:00,237.3,237.3,235.5,235.5,-0.76,2396.4,558330.7,-1
2024-04-04,2024-04-04 15:00:00,235.5,242.7,231.0,235.5,0.0,2396.4,558330.7,0
2024-04-07,2024-04-07 11:00:00,240.0,240.0,235.0,239.97,-0.01,2011.0,465884.4,-1
2024-04-07,2024-04-07 12:00:00,239.97,239.97,239.95,239.95,-0.01,2011.0,465884.4,-1
2024-04-07,2024-04-07 13:00:00,239.95,239.95,239.93,239.93,-0.01,2011.0,465884.4,-1
2024-04-07,2024-04-07 14:00:00,239.93,239.93,239.9,239.9,-0.01,2011.0,465884.4,-1
2024-04-07,2024-04-07 15:00:00,239.9,240.0,230.0,239.9,0.0,2011.0,465884.4,0
2024-04-09,2024-04-09 11:00:00,244.6,246.8,240.0,243.18,-0.58,716.0,169983.2,-1
2024-04-09,2024-04-09 12:00:00,243.18,243.18,241.75,241.75,-0.59,716.0,169983.2,-1
2024-04-09,2024-04-09 13:00:00,241.75,241.75,240.32,240.32,-0.59,716.0,169983.2,-1
2024-04-09,2024-04-09 14:00:00,240.32,240.32,238.9,238.9,-0.59,716.0,169983.2,-1
2024-04-09,2024-04-09 15:00:00,238.9,249.0,235.4,238.9,0.0,716.0,169983.2,0
2024-04-10,2024-04-10 11:00:00,239.0,239.0,235.0,237.5,-0.63,2075.8,483797.22,-1
2024-04-10,2024-04-10 12:00:00,237.5,237.5,236.0,236.0,-0.63,2075.8,483797.22,-1
2024-04-10,2024-04-10 13:00:00,236.0,236.0,234.5,234.5,-0.64,2075.8,483797.22,-1
2024-04-10,2024-04-10 14:00:00,234.5,234.5,233.0,233.0,-0.64,2075.8,483797.22,-1
2024-04-10,2024-04-10 15:00:00,233.0,239.0,231.0,233.0,0.0,2075.8,483797.22,0
2024-04-14,2024-04-14 11:00:00,237.6,237.6,232.85,235.25,-0.99,1206.6,277130.6,-1
2024-04-14,2024-04-14 12:00:00,235.25,235.25,232.9,232.9,-1.0,1206.6,277130.6,-1
2024-04-14,2024-04-14 13:00:00,232.9,232.9,230.55,230.55,-1.01,1206.6,277130.6,-1
2024-04-14,2024-04-14 14:00:00,230.55,230.55,228.2,228.2,-1.02,1206.6,277130.6,-1
2024-04-14,2024-04-14 15:00:00,228.2,237.6,228.1,228.2,0.0,1206.6,277130.6,0
2024-04-15,2024-04-15 11:00:00,224.1,232.1,224.1,227.3,1.43,2467.0,576662.78,1
2024-04-15,2024-04-15 12:00:00,227.3,230.5,227.3,230.5,1.41,2467.0,576662.78,1
2024-04-15,2024-04-15 13:00:00,230.5,233.7,230.5,233.7,1.39,2467.0,576662.78,1
2024-04-15,2024-04-15 14:00:00,233.7,236.9,233.7,236.9,1.37,2467.0,576662.78,1
2024-04-15,2024-04-15 15:00:00,236.9,240.1,224.1,236.9,0.0,2467.0,576662.78,0
2024-04-16,2024-04-16 11:00:00,240.6,240.6,235.45,239.2,-0.58,573.0,133578.8,-1
2024-04-16,2024-04-16 12:00:00,239.2,239.2,237.8,237.8,-0.59,573.0,133578.8,-1
2024-04-16,2024-04-16 13:00:00,237.8,237.8,236.4,236.4,-0.59,573.0,133578.8,-1
2024-04-16,2024-04-16 14:00:00,236.4,236.4,235.0,235.0,-0.59,573.0,133578.8,-1
2024-04-16,2024-04-16 15:00:00,235.0,240.6,230.3,235.0,0.0,573.0,133578.8,0
2024-04-18,2024-04-18 11:00:00,239.4,239.4,232.45,237.05,-0.98,2921.0,666067.3,-1
2024-04-18,2024-04-18 12:00:00,237.05,237.05,234.7,234.7,-0.99,2921.0,666067.3,-1
2024-04-18,2024-04-18 13:00:00,234.7,234.7,232.35,232.35,-1.0,2921.0,666067.3,-1
2024-04-18,2024-04-18 14:00:00,232.35,232.35,230.0,230.0,-1.01,2921.0,666067.3,-1
2024-04-18,2024-04-18 15:00:00,230.0,239.4,225.5,230.0,0.0,2921.0,666067.3,0
2024-04-21,2024-04-21 11:00:00,233.0,233.0,229.05,232.5,-0.21,964.4,221969.44,-1
2024-04-21,2024-04-21 12:00:00,232.5,232.5,232.0,232.0,-0.22,964.4,221969.44,-1
2024-04-21,2024-04-21 13:00:00,232.0,232.0,231.5,231.5,-0.22,964.4,221969.44,-1
2024-04-21,2024-04-21 14:00:00,231.5,231.5,231.0,231.0,-0.22,964.4,221969.44,-1
2024-04-21,2024-04-21 15:00:00,231.0,233.0,225.1,231.0,0.0,964.4,221969.44,0
2024-04-22,2024-04-22 11:00:00,235.0,235.0,230.65,233.5,-0.64,1244.0,286445.84,-1
2024-04-22,2024-04-22 12:00:00,233.5,233.5,232.0,232.0,-0.64,1244.0,286445.84,-1
2024-04-22,2024-04-22 13:00:00,232.0,232.0,230.5,230.5,-0.65,1244.0,286445.84,-1
2024-04-22,2024-04-22 14:00:00,230.5,230.5,229.0,229.0,-0.65,1244.0,286445.84,-1
2024-04-22,2024-04-22 15:00:00,229.0,235.0,226.3,229.0,0.0,1244.0,286445.84,0
2024-04-24,2024-04-24 11:00:00,233.5,233.5,229.0,231.25,-0.96,854.0,192741.6,-1
2024-04-24,2024-04-24 12:00:00,231.25,231.25,229.0,229.0,-0.97,854.0,192741.6,-1
2024-04-24,2024-04-24 13:00:00,229.0,229.0,226.75,226.75,-0.98,854.0,192741.6,-1
2024-04-24,2024-04-24 14:00:00,226.75,226.75,224.5,224.5,-0.99,854.0,192741.6,-1
2024-04-24,2024-04-24 15:00:00,224.5,233.5,224.5,224.5,0.0,854.0,192741.6,0
2024-04-25,2024-04-25 11:00:00,228.9,230.4,222.3,228.68,-0.1,1126.2,249311.46,-1
2024-04-25,2024-04-25 12:00:00,228.68,228.68,228.45,228.45,-0.1,1126.2,249311.46,-1
2024-04-25,2024-04-25 13:00:00,228.45,228.45,228.22,228.22,-0.1,1126.2,249311.46,-1
2024-04-25,2024-04-25 14:00:00,228.22,228.22,228.0,228.0,-0.1,1126.2,249311.46,-1
2024-04-25,2024-04-25 15:00:00,228.0,231.9,215.7,228.0,0.0,1126.2,249311.46,0
2024-04-28,2024-04-28 11:00:00,232.0,232.0,228.0,231.0,-0.43,954.0,215447.62,-1
2024-04-28,2024-04-28 12:00:00,231.0,231.0,230.0,230.0,-0.43,954.0,215447.62,-1
2024-04-28,2024-04-28 13:00:00,230.0,230.0,229.0,229.0,-0.43,954.0,215447.62,-1
2024-04-28,2024-04-28 14:00:00,229.0,229.0,228.0,228.0,-0.44,954.0,215447.62,-1
2024-04-28,2024-04-28 15:00:00,228.0,232.0,224.0,228.0,0.0,954.0,215447.62,0
2024-04-29,2024-04-29 11:00:00,232.5,234.75,228.25,231.88,-0.27,1434.6,331640.84,-1
2024-04-29,2024-04-29 12:00:00,231.88,231.88,231.25,231.25,-0.27,1434.6,331640.84,-1
2024-04-29,2024-04-29 13:00:00,231.25,231.25,230.62,230.62,-0.27,1434.6,331640.84,-1
2024-04-29,2024-04-29 14:00:00,230.62,230.62,230.0,230.0,-0.27,1434.6,331640.84,-1
2024-04-29,2024-04-29 15:00:00,230.0,237.0,224.0,230.0,0.0,1434.6,331640.84,0
2024-04-30,2024-04-30 11:00:00,233.7,234.1,227.3,233.52,-0.08,3467.6,802349.32,-1
2024-04-30,2024-04-30 12:00:00,233.52,233.52,233.35,233.35,-0.07,3467.6,802349.32,-1
2024-04-30,2024-04-30 13:00:00,233.35,233.35,233.18,233.18,-0.07,3467.6,802349.32,-1
2024-04-30,2024-04-30 14:00:00,233.18,233.18,233.0,233.0,-0.08,3467.6,802349.32,-1
2024-04-30,2024-04-30 15:00:00,233.0,234.5,220.9,233.0,0.0,3467.6,802349.32,0
2024-05-02,2024-05-02 11:00:00,234.0,235.5,232.0,233.97,-0.01,2833.8,662075.62,-1
2024-05-02,2024-05-02 12:00:00,233.97,233.97,233.95,233.95,-0.01,2833.8,662075.62,-1
2024-05-02,2024-05-02 13:00:00,233.95,233.95,233.93,233.93,-0.01,2833.8,662075.62,-1
2024-05-02,2024-05-02 14:00:00,233.93,233.93,233.9,233.9,-0.01,2833.8,662075.62,-1
2024-05-02,2024-05-02 15:00:00,233.9,237.0,230.0,233.9,0.0,2833.8,662075.62,0
2024-05-05,2024-05-05 11:00:00,229.3,231.55,227.65,229.23,-0.03,934.2,213052.88,-1
2024-05-05,2024-05-05 12:00:00,229.23,229.23,229.15,229.15,-0.03,934.2,213052.88,-1
2024-05-05,2024-05-05 13:00:00,229.15,229.15,229.07,229.07,-0.03,934.2,213052.88,-1
2024-05-05,2024-05-05 14:00:00,229.07,229.07,229.0,229.0,-0.03,934.2,213052.88,-1
2024-05-05,2024-05-05 15:00:00,229.0,233.8,226.0,229.0,0.0,934.2,213052.88,0
2024-05-06,2024-05-06 11:00:00,230.0,239.25,226.2,234.62,2.01,3653.0,839506.92,1
2024-05-06,2024-05-06 12:00:00,234.62,239.25,234.62,239.25,1.97,3653.0,839506.92,1
2024-05-06,2024-05-06 13:00:00,239.25,243.88,239.25,243.88,1.94,3653.0,839506.92,1
2024-05-06,2024-05-06 14:00:00,243.88,248.5,243.88,248.5,1.89,3653.0,839506.92,1
2024-05-06,2024-05-06 15:00:00,248.5,248.5,222.4,248.5,0.0,3653.0,839506.92,0
2024-05-07,2024-05-07 11:00:00,244.0,244.0,237.5,241.5,-1.02,3144.2,732828.92,-1
2024-05-07,2024-05-07 12:00:00,241.5,241.5,239.0,239.0,-1.04,3144.2,732828.92,-1
2024-05-07,2024-05-07 13:00:00,239.0,239.0,236.5,236.5,-1.05,3144.2,732828.92,-1
2024-05-07,2024-05-07 14:00:00,236.5,236.5,234.0,234.0,-1.06,3144.2,732828.92,-1
2024-05-07,2024-05-07 15:00:00,234.0,244.0,231.0,234.0,0.0,3144.2,732828.92,0
2024-05-08,2024-05-08 11:00:00,238.6,238.6,233.3,236.45,-0.9,269.2,62009.1,-1
2024-05-08,2024-05-08 12:00:00,236.45,236.45,234.3,234.3,-0.91,269.2,62009.1,-1
2024-05-08,2024-05-08 13:00:00,234.3,234.3,232.15,232.15,-0.92,269.2,62009.1,-1
2024-05-08,2024-05-08 14:00:00,232.15,232.15,230.0,230.0,-0.93,269.2,62009.1,-1
2024-05-08,2024-05-08 15:00:00,230.0,238.6,228.0,230.0,0.0,269.2,62009.1,0
2024-05-09,2024-05-09 11:00:00,226.0,230.0,225.5,226.5,0.22,1325.6,301878.6,1
2024-05-09,2024-05-09 12:00:00,226.5,227.0,226.5,227.0,0.22,1325.6,301878.6,1
2024-05-09,2024-05-09 13:00:00,227.0,227.5,227.0,227.5,0.22,1325.6,301878.6,1
2024-05-09,2024-05-09 14:00:00,227.5,228.0,227.5,228.0,0.22,1325.6,301878.6,1
2024-05-09,2024-05-09 15:00:00,228.0,234.0,225.0,228.0,0.0,1325.6,301878.6,0
2024-05-12,2024-05-12 11:00:00,232.5,232.5,227.0,231.38,-0.48,3222.0,727646.7,-1
2024-05-12,2024-05-12 12:00:00,231.38,231.38,230.25,230.25,-0.49,3222.0,727646.7,-1
2024-05-12,2024-05-12 13:00:00,230.25,230.25,229.12,229.12,-0.49,3222.0,727646.7,-1
2024-05-12,2024-05-12 14:00:00,229.12,229.12,228.0,228.0,-0.49,3222.0,727646.7,-1
2024-05-12,2024-05-12 15:00:00,228.0,232.5,221.5,228.0,0.0,3222.0,727646.7,0
2024-05-13,2024-05-13 11:00:00,232.5,234.8,228.25,231.38,-0.48,290.4,65994.1,-1
2024-05-13,2024-05-13 12:00:00,231.38,231.38,230.25,230.25,-0.49,290.4,65994.1,-1
2024-05-13,2024-05-13 13:00:00,230.25,230.25,229.12,229.12,-0.49,290.4,65994.1,-1
2024-05-13,2024-05-13 14:00:00,229.12,229.12,228.0,228.0,-0.49,290.4,65994.1,-1
2024-05-13,2024-05-13 15:00:00,228.0,237.1,224.0,228.0,0.0,290.4,65994.1,0
2024-05-14,2024-05-14 11:00:00,232.5,234.75,229.25,233.62,0.48,3998.8,932759.66,1
2024-05-14,2024-05-14 12:00:00,233.62,234.75,233.62,234.75,0.48,3998.8,932759.66,1
2024-05-14,2024-05-14 13:00:00,234.75,235.88,234.75,235.88,0.48,3998.8,932759.66,1
2024-05-14,2024-05-14 14:00:00,235.88,237.0,235.88,237.0,0.47,3998.8,932759.66,1
2024-05-14,2024-05-14 15:00:00,237.0,237.0,226.0,237.0,0.0,3998.8,932759.66,0
2024-05-15,2024-05-15 11:00:00,240.9,240.95,234.75,238.18,-1.13,2062.6,478499.4,-1
2024-05-15,2024-05-15 12:00:00,238.18,238.18,235.45,235.45,-1.15,2062.6,478499.4,-1
2024-05-15,2024-05-15 13:00:00,235.45,235.45,232.72,232.72,-1.16,2062.6,478499.4,-1
2024-05-15,2024-05-15 14:00:00,232.72,232.72,230.0,230.0,-1.17,2062.6,478499.4,-1
2024-05-15,2024-05-15 15:00:00,230.0,241.0,228.6,230.0,0.0,2062.6,478499.4,0
2024-05-16,2024-05-16 11:00:00,225.5,230.05,225.45,225.62,0.05,1695.2,385264.72,1
2024-05-16,2024-05-16 12:00:00,225.62,225.75,225.62,225.75,0.06,1695.2,385264.72,1
2024-05-16,2024-05-16 13:00:00,225.75,225.88,225.75,225.88,0.06,1695.2,385264.72,1
2024-05-16,2024-05-16 14:00:00,225.88,226.0,225.88,226.0,0.05,1695.2,385264.72,1
2024-05-16,2024-05-16 15:00:00,226.0,234.6,225.4,226.0,0.0,1695.2,385264.72,0
2024-05-19,2024-05-19 11:00:00,230.5,237.25,227.75,233.88,1.47,2870.4,655957.4,1
2024-05-19,2024-05-19 12:00:00,233.88,237.25,233.88,237.25,1.44,2870.4,655957.4,1
2024-05-19,2024-05-19 13:00:00,237.25,240.62,237.25,240.62,1.42,2870.4,655957.4,1
2024-05-19,2024-05-19 14:00:00,240.62,244.0,240.62,244.0,1.4,2870.4,655957.4,1
2024-05-19,2024-05-19 15:00:00,244.0,244.0,225.0,244.0,0.0,2870.4,655957.4,0
2024-05-20,2024-05-20 11:00:00,239.2,239.2,235.2,238.38,-0.34,3578.0,844920.5,-1
2024-05-20,2024-05-20 12:00:00,238.38,238.38,237.55,237.55,-0.35,3578.0,844920.5,-1
2024-05-20,2024-05-20 13:00:00,237.55,237.55,236.72,236.72,-0.35,3578.0,844920.5,-1
2024-05-20,2024-05-20 14:00:00,236.72,236.72,235.9,235.9,-0.35,3578.0,844920.5,-1
2024-05-20,2024-05-20 15:00:00,235.9,239.2,231.2,235.9,0.0,3578.0,844920.5,0
2024-05-21,2024-05-21 11:00:00,231.3,244.15,231.3,236.45,2.23,6887.0,1645841.46,1
2024-05-21,2024-05-21 12:00:00,236.45,241.6,236.45,241.6,2.18,6887.0,1645841.46,1
2024-05-21,2024-05-21 13:00:00,241.6,246.75,241.6,246.75,2.13,6887.0,1645841.46,1
2024-05-21,2024-05-21 14:00:00,246.75,251.9,246.75,251.9,2.09,6887.0,1645841.46,1
2024-05-21,2024-05-21 15:00:00,251.9,257.0,231.3,251.9,0.0,6887.0,1645841.46,0
2024-05-22,2024-05-22 11:00:00,256.0,256.0,248.15,252.28,-1.45,4126.0,1008301.36,-1
2024-05-22,2024-05-22 12:00:00,252.28,252.28,248.55,248.55,-1.48,4126.0,1008301.36,-1
2024-05-22,2024-05-22 13:00:00,248.55,248.55,244.82,244.82,-1.5,4126.0,1008301.36,-1
2024-05-22,2024-05-22 14:00:00,244.82,244.82,241.1,241.1,-1.52,4126.0,1008301.36,-1
2024-05-22,2024-05-22 15:00:00,241.1,256.0,240.3,241.1,0.0,4126.0,1008301.36,0
2024-05-26,2024-05-26 11:00:00,245.9,245.9,239.5,243.18,-1.11,1418.6,334541.14,-1
2024-05-26,2024-05-26 12:00:00,243.18,243.18,240.45,240.45,-1.12,1418.6,334541.14,-1
2024-05-26,2024-05-26 13:00:00,240.45,240.45,237.72,237.72,-1.14,1418.6,334541.14,-1
2024-05-26,2024-05-26 14:00:00,237.72,237.72,235.0,235.0,-1.14,1418.6,334541.14,-1
2024-05-26,2024-05-26 15:00:00,235.0,245.9,233.1,235.0,0.0,1418.6,334541.14,0
2024-05-27,2024-05-27 11:00:00,236.0,237.0,234.0,235.25,-0.32,2316.2,543141.0,-1
2024-05-27,2024-05-27 12:00:00,235.25,235.25,234.5,234.5,-0.32,2316.2,543141.0,-1
2024-05-27,2024-05-27 13:00:00,234.5,234.5,233.75,233.75,-0.32,2316.2,543141.0,-1
2024-05-27,2024-05-27 14:00:00,233.75,233.75,233.0,233.0,-0.32,2316.2,543141.0,-1
2024-05-27,2024-05-27 15:00:00,233.0,238.0,232.0,233.0,0.0,2316.2,543141.0,0
2024-05-29,2024-05-29 11:00:00,237.6,244.8,233.8,235.7,-0.8,3519.0,820038.58,-1
2024-05-29,2024-05-29 12:00:00,235.7,235.7,233.8,233.8,-0.81,3519.0,820038.58,-1
2024-05-29,2024-05-29 13:00:00,233.8,233.8,231.9,231.9,-0.81,3519.0,820038.58,-1
2024-05-29,2024-05-29 14:00:00,231.9,231.9,230.0,230.0,-0.82,3519.0,820038.58,-1
2024-05-29,2024-05-29 15:00:00,230.0,252.0,230.0,230.0,0.0,3519.0,820038.58,0
2024-05-30,2024-05-30 11:00:00,229.0,232.5,227.55,229.47,0.21,1445.0,335152.2,1
2024-05-30,2024-05-30 12:00:00,229.47,229.95,229.47,229.95,0.21,1445.0,335152.2,1
2024-05-30,2024-05-30 13:00:00,229.95,230.43,229.95,230.43,0.21,1445.0,335152.2,1
2024-05-30,2024-05-30 14:00:00,230.43,230.9,230.43,230.9,0.2,1445.0,335152.2,1
2024-05-30,2024-05-30 15:00:00,230.9,236.0,226.1,230.9,0.0,1445.0,335152.2,0
2024-06-02,2024-06-02 11:00:00,230.0,241.95,229.0,231.75,0.76,2282.6,542165.42,1
2024-06-02,2024-06-02 12:00:00,231.75,233.5,231.75,233.5,0.76,2282.6,542165.42,1
2024-06-02,2024-06-02 13:00:00,233.5,235.25,233.5,235.25,0.75,2282.6,542165.42,1
2024-06-02,2024-06-02 14:00:00,235.25,237.0,235.25,237.0,0.74,2282.6,542165.42,1
2024-06-02,2024-06-02 15:00:00,237.0,253.9,228.0,237.0,0.0,2282.6,542165.42,0
2024-06-03,2024-06-03 11:00:00,232.3,236.65,232.3,232.48,0.08,1354.0,317809.24,1
2024-06-03,2024-06-03 12:00:00,232.48,232.65,232.48,232.65,0.07,1354.0,317809.24,1
2024-06-03,2024-06-03 13:00:00,232.65,232.82,232.65,232.82,0.07,1354.0,317809.24,1
2024-06-03,2024-06-03 14:00:00,232.82,233.0,232.82,233.0,0.08,1354.0,317809.24,1
2024-06-03,2024-06-03 15:00:00,233.0,241.0,232.3,233.0,0.0,1354.0,317809.24,0
2024-06-04,2024-06-04 11:00:00,230.2,232.5,230.15,231.35,0.5,545.0,126743.38,1
2024-06-04,2024-06-04 12:00:00,231.35,232.5,231.35,232.5,0.5,545.0,126743.38,1
2024-06-04,2024-06-04 13:00:00,232.5,233.65,232.5,233.65,0.49,545.0,126743.38,1
2024-06-04,2024-06-04 14:00:00,233.65,234.8,233.65,234.8,0.49,545.0,126743.38,1
2024-06-04,2024-06-04 15:00:00,234.8,234.8,230.1,234.8,0.0,545.0,126743.38,0
2024-06-05,2024-06-05 11:00:00,230.2,232.6,229.15,231.02,0.36,1348.8,309552.56,1
2024-06-05,2024-06-05 12:00:00,231.02,231.85,231.02,231.85,0.36,1348.8,309552.56,1
2024-06-05,2024-06-05 13:00:00,231.85,232.68,231.85,232.68,0.36,1348.8,309552.56,1
2024-06-05,2024-06-05 14:00:00,232.68,233.5,232.68,233.5,0.35,1348.8,309552.56,1
2024-06-05,2024-06-05 15:00:00,233.5,235.0,228.1,233.5,0.0,1348.8,309552.56,0
2024-06-06,2024-06-06 11:00:00,238.1,238.1,232.55,235.82,-0.96,1618.0,371108.08,-1
2024-06-06,2024-06-06 12:00:00,235.82,235.82,233.55,233.55,-0.96,1618.0,371108.08,-1
2024-06-06,2024-06-06 13:00:00,233.55,233.55,231.28,231.28,-0.97,1618.0,371108.08,-1
2024-06-06,2024-06-06 14:00:00,231.28,231.28,229.0,229.0,-0.99,1618.0,371108.08,-1
2024-06-06,2024-06-06 15:00:00,229.0,238.1,227.0,229.0,0.0,1618.0,371108.08,0
2024-06-09,2024-06-09 11:00:00,226.0,236.8,226.0,231.0,2.21,2599.6,595028.16,1
2024-06-09,2024-06-09 12:00:00,231.0,236.0,231.0,236.0,2.16,2599.6,595028.16,1
2024-06-09,2024-06-09 13:00:00,236.0,241.0,236.0,241.0,2.12,2599.6,595028.16,1
2024-06-09,2024-06-09 14:00:00,241.0,246.0,241.0,246.0,2.07,2599.6,595028.16,1
2024-06-09,2024-06-09 15:00:00,246.0,247.6,226.0,246.0,0.0,2599.6,595028.16,0
2024-06-10,2024-06-10 11:00:00,250.9,255.95,238.9,253.43,1.01,8797.0,2090718.24,1
2024-06-10,2024-06-10 12:00:00,253.43,255.95,253.43,255.95,0.99,8797.0,2090718.24,1
2024-06-10,2024-06-10 13:00:00,255.95,258.48,255.95,258.48,0.99,8797.0,2090718.24,1
2024-06-10,2024-06-10 14:00:00,258.48,261.0,258.48,261.0,0.97,8797.0,2090718.24,1
2024-06-10,2024-06-10 15:00:00,261.0,261.0,226.9,261.0,0.0,8797.0,2090718.24,0
2024-06-11,2024-06-11 11:00:00,257.1,264.3,249.0,257.08,-0.01,16046.0,4085026.08,-1
2024-06-11,2024-06-11 12:00:00,257.08,257.08,257.05,257.05,-0.01,16046.0,4085026.08,-1
2024-06-11,2024-06-11 13:00:00,257.05,257.05,257.02,257.02,-0.01,16046.0,4085026.08,-1
2024-06-11,2024-06-11 14:00:00,257.02,257.02,257.0,257.0,-0.01,16046.0,4085026.08,-1
2024-06-11,2024-06-11 15:00:00,257.0,271.5,240.9,257.0,0.0,16046.0,4085026.08,0
2024-06-12,2024-06-12 11:00:00,251.9,261.95,247.45,252.68,0.31,6510.8,1637981.58,1
2024-06-12,2024-06-12 12:00:00,252.68,253.45,252.68,253.45,0.3,6510.8,1637981.58,1
2024-06-12,2024-06-12 13:00:00,253.45,254.22,253.45,254.22,0.3,6510.8,1637981.58,1
2024-06-12,2024-06-12 14:00:00,254.22,255.0,254.22,255.0,0.31,6510.8,1637981.58,1
2024-06-12,2024-06-12 15:00:00,255.0,272.0,243.0,255.0,0.0,6510.8,1637981.58,0
2024-06-13,2024-06-13 11:00:00,260.1,265.05,250.55,261.33,0.47,12736.0,3143008.48,1
2024-06-13,2024-06-13 12:00:00,261.33,262.55,261.33,262.55,0.47,12736.0,3143008.48,1
2024-06-13,2024-06-13 13:00:00,262.55,263.77,262.55,263.77,0.46,12736.0,3143008.48,1
2024-06-13,2024-06-13 14:00:00,263.77,265.0,263.77,265.0,0.47,12736.0,3143008.48,1
2024-06-13,2024-06-13 15:00:00,265.0,270.0,241.0,265.0,0.0,12736.0,3143008.48,0
2024-06-16,2024-06-16 11:00:00,270.3,270.3,257.5,265.98,-1.6,8062.0,2044863.16,-1
2024-06-16,2024-06-16 12:00:00,265.98,265.98,261.65,261.65,-1.63,8062.0,2044863.16,-1
2024-06-16,2024-06-16 13:00:00,261.65,261.65,257.32,257.32,-1.65,8062.0,2044863.16,-1
2024-06-16,2024-06-16 14:00:00,257.32,257.32,253.0,253.0,-1.68,8062.0,2044863.16,-1
2024-06-16,2024-06-16 15:00:00,253.0,270.3,244.7,253.0,0.0,8062.0,2044863.16,0
2024-06-18,2024-06-18 11:00:00,248.0,248.0,245.55,247.5,-0.2,4335.2,1063724.42,-1
2024-06-18,2024-06-18 12:00:00,247.5,247.5,247.0,247.0,-0.2,4335.2,1063724.42,-1
2024-06-18,2024-06-18 13:00:00,247.0,247.0,246.5,246.5,-0.2,4335.2,1063724.42,-1
2024-06-18,2024-06-18 14:00:00,246.5,246.5,246.0,246.0,-0.2,4335.2,1063724.42,-1
2024-06-18,2024-06-18 15:00:00,246.0,248.0,243.1,246.0,0.0,4335.2,1063724.42,0
2024-06-19,2024-06-19 11:00:00,241.5,245.2,241.5,243.1,0.66,554.6,136007.3,1
2024-06-19,2024-06-19 12:00:00,243.1,244.7,243.1,244.7,0.66,554.6,136007.3,1
2024-06-19,2024-06-19 13:00:00,244.7,246.3,244.7,246.3,0.65,554.6,136007.3,1
2024-06-19,2024-06-19 14:00:00,246.3,247.9,246.3,247.9,0.65,554.6,136007.3,1
2024-06-19,2024-06-19 15:00:00,247.9,248.9,241.5,247.9,0.0,554.6,136007.3,0
2024-06-20,2024-06-20 11:00:00,243.0,250.4,239.15,242.25,-0.31,7355.0,1773056.82,-1
2024-06-20,2024-06-20 12:00:00,242.25,242.25,241.5,241.5,-0.31,7355.0,1773056.82,-1
2024-06-20,2024-06-20 13:00:00,241.5,241.5,240.75,240.75,-0.31,7355.0,1773056.82,-1
2024-06-20,2024-06-20 14:00:00,240.75,240.75,240.0,240.0,-0.31,7355.0,1773056.82,-1
2024-06-20,2024-06-20 15:00:00,240.0,257.8,235.3,240.0,0.0,7355.0,1773056.82,0
2024-06-23,2024-06-23 11:00:00,235.5,240.15,235.5,236.12,0.26,2528.6,603849.54,1
2024-06-23,2024-06-23 12:00:00,236.12,236.75,236.12,236.75,0.27,2528.6,603849.54,1
2024-06-23,2024-06-23 13:00:00,236.75,237.38,236.75,237.38,0.27,2528.6,603849.54,1
2024-06-23,2024-06-23 14:00:00,237.38,238.0,237.38,238.0,0.26,2528.6,603849.54,1
2024-06-23,2024-06-23 15:00:00,238.0,244.8,235.5,238.0,0.0,2528.6,603849.54,0
2024-06-24,2024-06-24 11:00:00,235.0,238.0,234.15,235.75,0.32,2418.2,574425.0,1
2024-06-24,2024-06-24 12:00:00,235.75,236.5,235.75,236.5,0.32,2418.2,574425.0,1
2024-06-24,2024-06-24 13:00:00,236.5,237.25,236.5,237.25,0.32,2418.2,574425.0,1
2024-06-24,2024-06-24 14:00:00,237.25,238.0,237.25,238.0,0.32,2418.2,574425.0,1
2024-06-24,2024-06-24 15:00:00,238.0,241.0,233.3,238.0,0.0,2418.2,574425.0,0
2024-06-25,2024-06-25 11:00:00,234.2,246.1,234.2,237.88,1.57,9137.2,2240485.88,1
2024-06-25,2024-06-25 12:00:00,237.88,241.55,237.88,241.55,1.54,9137.2,2240485.88,1
2024-06-25,2024-06-25 13:00:00,241.55,245.22,241.55,245.22,1.52,9137.2,2240485.88,1
2024-06-25,2024-06-25 14:00:00,245.22,248.9,245.22,248.9,1.5,9137.2,2240485.88,1
2024-06-25,2024-06-25 15:00:00,248.9,258.0,234.2,248.9,0.0,9137.2,2240485.88,0
2024-06-26,2024-06-26 11:00:00,244.0,244.75,240.6,243.22,-0.32,2896.8,695177.18,-1
2024-06-26,2024-06-26 12:00:00,243.22,243.22,242.45,242.45,-0.32,2896.8,695177.18,-1
2024-06-26,2024-06-26 13:00:00,242.45,242.45,241.68,241.68,-0.32,2896.8,695177.18,-1
2024-06-26,2024-06-26 14:00:00,241.68,241.68,240.9,240.9,-0.32,2896.8,695177.18,-1
2024-06-26,2024-06-26 15:00:00,240.9,245.5,237.2,240.9,0.0,2896.8,695177.18,0
2024-06-27,2024-06-27 11:00:00,236.1,243.05,236.1,239.57,1.47,3237.4,777359.88,1
2024-06-27,2024-06-27 12:00:00,239.57,243.05,239.57,243.05,1.45,3237.4,777359.88,1
2024-06-27,2024-06-27 13:00:00,243.05,246.53,243.05,246.53,1.43,3237.4,777359.88,1
2024-06-27,2024-06-27 14:00:00,246.53,250.0,246.53,250.0,1.41,3237.4,777359.88,1
2024-06-27,2024-06-27 15:00:00,250.0,250.0,236.1,250.0,0.0,3237.4,777359.88,0
2024-06-30,2024-06-30 11:00:00,245.0,247.45,240.15,243.0,-0.82,3981.8,955936.16,-1
2024-06-30,2024-06-30 12:00:00,243.0,243.0,241.0,241.0,-0.82,3981.8,955936.16,-1
2024-06-30,2024-06-30 13:00:00,241.0,241.0,239.0,239.0,-0.83,3981.8,955936.16,-1
2024-06-30,2024-06-30 14:00:00,239.0,239.0,237.0,237.0,-0.84,3981.8,955936.16,-1
2024-06-30,2024-06-30 15:00:00,237.0,249.9,235.3,237.0,0.0,3981.8,955936.16,0
2024-07-01,2024-07-01 11:00:00,235.0,240.4,235.0,236.25,0.53,482.0,114972.04,1
2024-07-01,2024-07-01 12:00:00,236.25,237.5,236.25,237.5,0.53,482.0,114972.04,1
2024-07-01,2024-07-01 13:00:00,237.5,238.75,237.5,238.75,0.53,482.0,114972.04,1
2024-07-01,2024-07-01 14:00:00,238.75,240.0,238.75,240.0,0.52,482.0,114972.04,1
2024-07-01,2024-07-01 15:00:00,240.0,245.8,235.0,240.0,0.0,482.0,114972.04,0
2024-07-02,2024-07-02 11:00:00,244.8,251.9,240.4,243.85,-0.39,4722.2,1155090.5,-1
2024-07-02,2024-07-02 12:00:00,243.85,243.85,242.9,242.9,-0.39,4722.2,1155090.5,-1
2024-07-02,2024-07-02 13:00:00,242.9,242.9,241.95,241.95,-0.39,4722.2,1155090.5,-1
2024-07-02,2024-07-02 14:00:00,241.95,241.95,241.0,241.0,-0.39,4722.2,1155090.5,-1
2024-07-02,2024-07-02 15:00:00,241.0,259.0,236.0,241.0,0.0,4722.2,1155090.5,0
2024-07-03,2024-07-03 11:00:00,240.0,242.45,238.25,239.3,-0.29,1571.8,379141.36,-1
2024-07-03,2024-07-03 12:00:00,239.3,239.3,238.6,238.6,-0.29,1571.8,379141.36,-1
2024-07-03,2024-07-03 13:00:00,238.6,238.6,237.9,237.9,-0.29,1571.8,379141.36,-1
2024-07-03,2024-07-03 14:00:00,237.9,237.9,237.2,237.2,-0.29,1571.8,379141.36,-1
2024-07-03,2024-07-03 15:00:00,237.2,244.9,236.5,237.2,0.0,1571.8,379141.36,0
2024-07-04,2024-07-04 11:00:00,241.0,242.85,239.55,240.5,-0.21,1944.8,466972.5,-1
2024-07-04,2024-07-04 12:00:00,240.5,240.5,240.0,240.0,-0.21,1944.8,466972.5,-1
2024-07-04,2024-07-04 13:00:00,240.0,240.0,239.5,239.5,-0.21,1944.8,466972.5,-1
2024-07-04,2024-07-04 14:00:00,239.5,239.5,239.0,239.0,-0.21,1944.8,466972.5,-1
2024-07-04,2024-07-04 15:00:00,239.0,244.7,238.1,239.0,0.0,1944.8,466972.5,0
2024-07-07,2024-07-07 11:00:00,240.0,241.85,238.0,239.28,-0.3,2878.0,684299.4,-1
2024-07-07,2024-07-07 12:00:00,239.28,239.28,238.55,238.55,-0.31,2878.0,684299.4,-1
2024-07-07,2024-07-07 13:00:00,238.55,238.55,237.82,237.82,-0.31,2878.0,684299.4,-1
2024-07-07,2024-07-07 14:00:00,237.82,237.82,237.1,237.1,-0.3,2878.0,684299.4,-1
2024-07-07,2024-07-07 15:00:00,237.1,243.7,236.0,237.1,0.0,2878.0,684299.4,0
2024-07-08,2024-07-08 11:00:00,240.0,240.5,237.75,238.93,-0.45,1822.4,431423.0,-1
2024-07-08,2024-07-08 12:00:00,238.93,238.93,237.85,237.85,-0.45,1822.4,431423.0,-1
2024-07-08,2024-07-08 13:00:00,237.85,237.85,236.77,236.77,-0.45,1822.4,431423.0,-1
2024-07-08,2024-07-08 14:00:00,236.77,236.77,235.7,235.7,-0.45,1822.4,431423.0,-1
2024-07-08,2024-07-08 15:00:00,235.7,241.0,235.5,235.7,0.0,1822.4,431423.0,0
2024-07-09,2024-07-09 11:00:00,235.0,236.4,234.8,235.15,0.06,821.0,193583.42,1
2024-07-09,2024-07-09 12:00:00,235.15,235.3,235.15,235.3,0.06,821.0,193583.42,1
2024-07-09,2024-07-09 13:00:00,235.3,235.45,235.3,235.45,0.06,821.0,193583.42,1
2024-07-09,2024-07-09 14:00:00,235.45,235.6,235.45,235.6,0.06,821.0,193583.42,1
2024-07-09,2024-07-09 15:00:00,235.6,237.8,234.6,235.6,0.0,821.0,193583.42,0
2024-07-10,2024-07-10 11:00:00,237.0,238.8,236.2,236.78,-0.09,3027.0,720335.5,-1
2024-07-10,2024-07-10 12:00:00,236.78,236.78,236.55,236.55,-0.1,3027.0,720335.5,-1
2024-07-10,2024-07-10 13:00:00,236.55,236.55,236.32,236.32,-0.1,3027.0,720335.5,-1
2024-07-10,2024-07-10 14:00:00,236.32,236.32,236.1,236.1,-0.09,3027.0,720335.5,-1
2024-07-10,2024-07-10 15:00:00,236.1,240.6,235.4,236.1,0.0,3027.0,720335.5,0
2024-07-11,2024-07-11 11:00:00,240.0,248.5,238.5,242.25,0.94,12026.6,2983292.98,1
2024-07-11,2024-07-11 12:00:00,242.25,244.5,242.25,244.5,0.93,12026.6,2983292.98,1
2024-07-11,2024-07-11 13:00:00,244.5,246.75,244.5,246.75,0.92,12026.6,2983292.98,1
2024-07-11,2024-07-11 14:00:00,246.75,249.0,246.75,249.0,0.91,12026.6,2983292.98,1
2024-07-11,2024-07-11 15:00:00,249.0,257.0,237.0,249.0,0.0,12026.6,2983292.98,0
2024-07-14,2024-07-14 11:00:00,253.9,258.95,251.95,254.07,0.07,5368.0,1362095.46,1
2024-07-14,2024-07-14 12:00:00,254.07,254.25,254.07,254.25,0.07,5368.0,1362095.46,1
2024-07-14,2024-07-14 13:00:00,254.25,254.43,254.25,254.43,0.07,5368.0,1362095.46,1
2024-07-14,2024-07-14 14:00:00,254.43,254.6,254.43,254.6,0.07,5368.0,1362095.46,1
2024-07-14,2024-07-14 15:00:00,254.6,264.0,250.0,254.6,0.0,5368.0,1362095.46,0
2024-07-15,2024-07-15 11:00:00,255.0,257.0,250.65,253.5,-0.59,6449.2,1615644.68,-1
2024-07-15,2024-07-15 12:00:00,253.5,253.5,252.0,252.0,-0.59,6449.2,1615644.68,-1
2024-07-15,2024-07-15 13:00:00,252.0,252.0,250.5,250.5,-0.6,6449.2,1615644.68,-1
2024-07-15,2024-07-15 14:00:00,250.5,250.5,249.0,249.0,-0.6,6449.2,1615644.68,-1
2024-07-15,2024-07-15 15:00:00,249.0,259.0,246.3,249.0,0.0,6449.2,1615644.68,0
2024-07-16,2024-07-16 11:00:00,253.0,257.5,249.05,254.75,0.69,14912.8,3852078.36,1
2024-07-16,2024-07-16 12:00:00,254.75,256.5,254.75,256.5,0.69,14912.8,3852078.36,1
2024-07-16,2024-07-16 13:00:00,256.5,258.25,256.5,258.25,0.68,14912.8,3852078.36,1
2024-07-16,2024-07-16 14:00:00,258.25,260.0,258.25,260.0,0.68,14912.8,3852078.36,1
2024-07-16,2024-07-16 15:00:00,260.0,262.0,245.1,260.0,0.0,14912.8,3852078.36,0
2024-07-17,2024-07-17 11:00:00,263.9,274.2,261.95,264.92,0.39,18023.6,4817126.86,1
2024-07-17,2024-07-17 12:00:00,264.92,265.95,264.92,265.95,0.39,18023.6,4817126.86,1
2024-07-17,2024-07-17 13:00:00,265.95,266.98,265.95,266.98,0.39,18023.6,4817126.86,1
2024-07-17,2024-07-17 14:00:00,266.98,268.0,266.98,268.0,0.38,18023.6,4817126.86,1
2024-07-17,2024-07-17 15:00:00,268.0,284.5,260.0,268.0,0.0,18023.6,4817126.86,0
2024-07-18,2024-07-18 11:00:00,269.0,269.75,265.35,267.5,-0.56,11547.8,3068662.54,-1
2024-07-18,2024-07-18 12:00:00,267.5,267.5,266.0,266.0,-0.56,11547.8,3068662.54,-1
2024-07-18,2024-07-18 13:00:00,266.0,266.0,264.5,264.5,-0.56,11547.8,3068662.54,-1
2024-07-18,2024-07-18 14:00:00,264.5,264.5,263.0,263.0,-0.57,11547.8,3068662.54,-1
2024-07-18,2024-07-18 15:00:00,263.0,270.5,261.7,263.0,0.0,11547.8,3068662.54,0
2024-07-21,2024-07-21 11:00:00,264.0,271.95,262.55,267.98,1.51,22710.0,6142304.04,1
2024-07-21,2024-07-21 12:00:00,267.98,271.95,267.98,271.95,1.48,22710.0,6142304.04,1
2024-07-21,2024-07-21 13:00:00,271.95,275.92,271.95,275.92,1.46,22710.0,6142304.04,1
2024-07-21,2024-07-21 14:00:00,275.92,279.9,275.92,279.9,1.44,22710.0,6142304.04,1
2024-07-21,2024-07-21 15:00:00,279.9,279.9,261.1,279.9,0.0,22710.0,6142304.04,0
2024-07-22,2024-07-22 11:00:00,284.0,286.0,274.5,283.73,-0.1,17725.0,4919100.72,-1
2024-07-22,2024-07-22 12:00:00,283.73,283.73,283.45,283.45,-0.1,17725.0,4919100.72,-1
2024-07-22,2024-07-22 13:00:00,283.45,283.45,283.17,283.17,-0.1,17725.0,4919100.72,-1
2024-07-22,2024-07-22 14:00:00,283.17,283.17,282.9,282.9,-0.1,17725.0,4919100.72,-1
2024-07-22,2024-07-22 15:00:00,282.9,288.0,265.0,282.9,0.0,17725.0,4919100.72,0
2024-07-23,2024-07-23 11:00:00,278.0,288.4,276.0,279.62,0.58,14895.0,4226737.92,1
2024-07-23,2024-07-23 12:00:00,279.62,281.25,279.62,281.25,0.58,14895.0,4226737.92,1
2024-07-23,2024-07-23 13:00:00,281.25,282.88,281.25,282.88,0.58,14895.0,4226737.92,1
2024-07-23,2024-07-23 14:00:00,282.88,284.5,282.88,284.5,0.57,14895.0,4226737.92,1
2024-07-23,2024-07-23 15:00:00,284.5,298.8,274.0,284.5,0.0,14895.0,4226737.92,0
2024-07-24,2024-07-24 11:00:00,290.0,293.75,284.0,288.75,-0.43,25098.0,7219321.72,-1
2024-07-24,2024-07-24 12:00:00,288.75,288.75,287.5,287.5,-0.43,25098.0,7219321.72,-1
2024-07-24,2024-07-24 13:00:00,287.5,287.5,286.25,286.25,-0.43,25098.0,7219321.72,-1
2024-07-24,2024-07-24 14:00:00,286.25,286.25,285.0,285.0,-0.44,25098.0,7219321.72,-1
2024-07-24,2024-07-24 15:00:00,285.0,297.5,278.0,285.0,0.0,25098.0,7219321.72,0
2024-07-25,2024-07-25 11:00:00,290.0,290.0,283.05,287.0,-1.03,12183.8,3423540.98,-1
2024-07-25,2024-07-25 12:00:00,287.0,287.0,284.0,284.0,-1.05,12183.8,3423540.98,-1
2024-07-25,2024-07-25 13:00:00,284.0,284.0,281.0,281.0,-1.06,12183.8,3423540.98,-1
2024-07-25,2024-07-25 14:00:00,281.0,281.0,278.0,278.0,-1.07,12183.8,3423540.98,-1
2024-07-25,2024-07-25 15:00:00,278.0,290.0,276.1,278.0,0.0,12183.8,3423540.98,0
2024-07-28,2024-07-28 11:00:00,283.5,288.6,279.0,283.12,-0.13,18424.8,5157046.86,-1
2024-07-28,2024-07-28 12:00:00,283.12,283.12,282.75,282.75,-0.13,18424.8,5157046.86,-1
2024-07-28,2024-07-28 13:00:00,282.75,282.75,282.38,282.38,-0.13,18424.8,5157046.86,-1
2024-07-28,2024-07-28 14:00:00,282.38,282.38,282.0,282.0,-0.13,18424.8,5157046.86,-1
2024-07-28,2024-07-28 15:00:00,282.0,293.7,274.5,282.0,0.0,18424.8,5157046.86,0
2024-07-29,2024-07-29 11:00:00,287.0,287.0,281.5,284.5,-0.87,9550.8,2685134.54,-1
2024-07-29,2024-07-29 12:00:00,284.5,284.5,282.0,282.0,-0.88,9550.8,2685134.54,-1
2024-07-29,2024-07-29 13:00:00,282.0,282.0,279.5,279.5,-0.89,9550.8,2685134.54,-1
2024-07-29,2024-07-29 14:00:00,279.5,279.5,277.0,277.0,-0.89,9550.8,2685134.54,-1
2024-07-29,2024-07-29 15:00:00,277.0,287.0,276.0,277.0,0.0,9550.8,2685134.54,0
2024-07-30,2024-07-30 11:00:00,273.1,281.55,272.55,275.83,1.0,13951.0,3906799.62,1
2024-07-30,2024-07-30 12:00:00,275.83,278.55,275.83,278.55,0.99,13951.0,3906799.62,1
2024-07-30,2024-07-30 13:00:00,278.55,281.27,278.55,281.27,0.98,13951.0,3906799.62,1
2024-07-30,2024-07-30 14:00:00,281.27,284.0,281.27,284.0,0.97,13951.0,3906799.62,1
2024-07-30,2024-07-30 15:00:00,284.0,290.0,272.0,284.0,0.0,13951.0,3906799.62,0
2024-07-31,2024-07-31 11:00:00,289.0,296.5,286.25,290.23,0.43,28771.4,8508034.16,1
2024-07-31,2024-07-31 12:00:00,290.23,291.45,290.23,291.45,0.42,28771.4,8508034.16,1
2024-07-31,2024-07-31 13:00:00,291.45,292.67,291.45,292.67,0.42,28771.4,8508034.16,1
2024-07-31,2024-07-31 14:00:00,292.67,293.9,292.67,293.9,0.42,28771.4,8508034.16,1
2024-07-31,2024-07-31 15:00:00,293.9,304.0,283.5,293.9,0.0,28771.4,8508034.16,0
2024-08-01,2024-08-01 11:00:00,292.0,297.5,287.25,290.23,-0.61,14209.0,4124355.54,-1
2024-08-01,2024-08-01 12:00:00,290.23,290.23,288.45,288.45,-0.61,14209.0,4124355.54,-1
2024-08-01,2024-08-01 13:00:00,288.45,288.45,286.67,286.67,-0.62,14209.0,4124355.54,-1
2024-08-01,2024-08-01 14:00:00,286.67,286.67,284.9,284.9,-0.62,14209.0,4124355.54,-1
2024-08-01,2024-08-01 15:00:00,284.9,303.0,282.5,284.9,0.0,14209.0,4124355.54,0
2024-08-05,2024-08-05 11:00:00,289.0,301.15,287.6,295.07,2.1,43911.0,13393945.96,1
2024-08-05,2024-08-05 12:00:00,295.07,301.15,295.07,301.15,2.06,43911.0,13393945.96,1
2024-08-05,2024-08-05 13:00:00,301.15,307.23,301.15,307.23,2.02,43911.0,13393945.96,1
2024-08-05,2024-08-05 14:00:00,307.23,313.3,307.23,313.3,1.98,43911.0,13393945.96,1
2024-08-05,2024-08-05 15:00:00,313.3,313.3,286.2,313.3,0.0,43911.0,13393945.96,0
2024-08-06,2024-08-06 11:00:00,319.5,325.25,306.75,314.62,-1.53,50101.6,15879837.04,-1
2024-08-06,2024-08-06 12:00:00,314.62,314.62,309.75,309.75,-1.55,50101.6,15879837.04,-1
2024-08-06,2024-08-06 13:00:00,309.75,309.75,304.88,304.88,-1.57,50101.6,15879837.04,-1
2024-08-06,2024-08-06 14:00:00,304.88,304.88,300.0,300.0,-1.6,50101.6,15879837.04,-1
2024-08-06,2024-08-06 15:00:00,300.0,331.0,294.0,300.0,0.0,50101.6,15879837.04,0
2024-08-07,2024-08-07 11:00:00,300.0,307.0,297.5,302.5,0.83,20425.6,6282983.62,1
2024-08-07,2024-08-07 12:00:00,302.5,305.0,302.5,305.0,0.83,20425.6,6282983.62,1
2024-08-07,2024-08-07 13:00:00,305.0,307.5,305.0,307.5,0.82,20425.6,6282983.62,1
2024-08-07,2024-08-07 14:00:00,307.5,310.0,307.5,310.0,0.81,20425.6,6282983.62,1
2024-08-07,2024-08-07 15:00:00,310.0,314.0,295.0,310.0,0.0,20425.6,6282983.62,0
2024-08-08,2024-08-08 11:00:00,315.0,319.95,310.0,313.5,-0.48,28059.0,8753823.4,-1
2024-08-08,2024-08-08 12:00:00,313.5,313.5,312.0,312.0,-0.48,28059.0,8753823.4,-1
2024-08-08,2024-08-08 13:00:00,312.0,312.0,310.5,310.5,-0.48,28059.0,8753823.4,-1
2024-08-08,2024-08-08 14:00:00,310.5,310.5,309.0,309.0,-0.48,28059.0,8753823.4,-1
2024-08-08,2024-08-08 15:00:00,309.0,324.9,305.0,309.0,0.0,28059.0,8753823.4,0
2024-08-11,2024-08-11 11:00:00,311.0,320.5,309.0,314.5,1.13,30449.2,9787516.5,1
2024-08-11,2024-08-11 12:00:00,314.5,318.0,314.5,318.0,1.11,30449.2,9787516.5,1
2024-08-11,2024-08-11 13:00:00,318.0,321.5,318.0,321.5,1.1,30449.2,9787516.5,1
2024-08-11,2024-08-11 14:00:00,321.5,325.0,321.5,325.0,1.09,30449.2,9787516.5,1
2024-08-11,2024-08-11 15:00:00,325.0,330.0,307.0,325.0,0.0,30449.2,9787516.5,0
2024-08-12,2024-08-12 11:00:00,325.0,332.0,325.0,326.32,0.41,36238.0,12046940.5,1
2024-08-12,2024-08-12 12:00:00,326.32,327.65,326.32,327.65,0.41,36238.0,12046940.5,1
2024-08-12,2024-08-12 13:00:00,327.65,328.98,327.65,328.98,0.41,36238.0,12046940.5,1
2024-08-12,2024-08-12 14:00:00,328.98,330.3,328.98,330.3,0.4,36238.0,12046940.5,1
2024-08-12,2024-08-12 15:00:00,330.3,339.0,325.0,330.3,0.0,36238.0,12046940.5,0
2024-08-13,2024-08-13 11:00:00,329.0,332.95,324.05,328.25,-0.23,17039.0,5541764.12,-1
2024-08-13,2024-08-13 12:00:00,328.25,328.25,327.5,327.5,-0.23,17039.0,5541764.12,-1
2024-08-13,2024-08-13 13:00:00,327.5,327.5,326.75,326.75,-0.23,17039.0,5541764.12,-1
2024-08-13,2024-08-13 14:00:00,326.75,326.75,326.0,326.0,-0.23,17039.0,5541764.12,-1
2024-08-13,2024-08-13 15:00:00,326.0,336.9,319.1,326.0,0.0,17039.0,5541764.12,0
2024-08-14,2024-08-14 11:00:00,320.0,339.3,319.0,329.65,3.02,33666.0,11398502.82,1
2024-08-14,2024-08-14 12:00:00,329.65,339.3,329.65,339.3,2.93,33666.0,11398502.82,1
2024-08-14,2024-08-14 13:00:00,339.3,348.95,339.3,348.95,2.84,33666.0,11398502.82,1
2024-08-14,2024-08-14 14:00:00,348.95,358.6,348.95,358.6,2.77,33666.0,11398502.82,1
2024-08-14,2024-08-14 15:00:00,358.6,358.6,318.0,358.6,0.0,33666.0,11398502.82,0
2024-08-15,2024-08-15 11:00:00,351.5,365.25,350.75,353.62,0.6,35080.8,12808315.28,1
2024-08-15,2024-08-15 12:00:00,353.62,355.75,353.62,355.75,0.6,35080.8,12808315.28,1
2024-08-15,2024-08-15 13:00:00,355.75,357.88,355.75,357.88,0.6,35080.8,12808315.28,1
2024-08-15,2024-08-15 14:00:00,357.88,360.0,357.88,360.0,0.59,35080.8,12808315.28,1
2024-08-15,2024-08-15 15:00:00,360.0,379.0,350.0,360.0,0.0,35080.8,12808315.28,0
2024-08-18,2024-08-18 11:00:00,366.9,366.9,349.95,359.42,-2.04,24204.8,8255687.26,-1
2024-08-18,2024-08-18 12:00:00,359.42,359.42,351.95,351.95,-2.08,24204.8,8255687.26,-1
2024-08-18,2024-08-18 13:00:00,351.95,351.95,344.48,344.48,-2.12,24204.8,8255687.26,-1
2024-08-18,2024-08-18 14:00:00,344.48,344.48,337.0,337.0,-2.17,24204.8,8255687.26,-1
2024-08-18,2024-08-18 15:00:00,337.0,366.9,333.0,337.0,0.0,24204.8,8255687.26,0
2024-08-21,2024-08-21 11:00:00,335.0,341.0,330.0,333.25,-0.52,15600.0,5192152.02,-1
2024-08-21,2024-08-21 12:00:00,333.25,333.25,331.5,331.5,-0.53,15600.0,5192152.02,-1
2024-08-21,2024-08-21 13:00:00,331.5,331.5,329.75,329.75,-0.53,15600.0,5192152.02,-1
2024-08-21,2024-08-21 14:00:00,329.75,329.75,328.0,328.0,-0.53,15600.0,5192152.02,-1
2024-08-21,2024-08-21 15:00:00,328.0,347.0,325.0,328.0,0.0,15600.0,5192152.02,0
2024-08-22,2024-08-22 11:00:00,328.0,336.5,324.75,328.5,0.15,14096.2,4709077.48,1
2024-08-22,2024-08-22 12:00:00,328.5,329.0,328.5,329.0,0.15,14096.2,4709077.48,1
2024-08-22,2024-08-22 13:00:00,329.0,329.5,329.0,329.5,0.15,14096.2,4709077.48,1
2024-08-22,2024-08-22 14:00:00,329.5,330.0,329.5,330.0,0.15,14096.2,4709077.48,1
2024-08-22,2024-08-22 15:00:00,330.0,345.0,321.5,330.0,0.0,14096.2,4709077.48,0
2024-08-25,2024-08-25 11:00:00,327.0,331.5,318.5,324.0,-0.92,12730.0,4079031.9,-1
2024-08-25,2024-08-25 12:00:00,324.0,324.0,321.0,321.0,-0.93,12730.0,4079031.9,-1
2024-08-25,2024-08-25 13:00:00,321.0,321.0,318.0,318.0,-0.93,12730.0,4079031.9,-1
2024-08-25,2024-08-25 14:00:00,318.0,318.0,315.0,315.0,-0.94,12730.0,4079031.9,-1
2024-08-25,2024-08-25 15:00:00,315.0,336.0,310.0,315.0,0.0,12730.0,4079031.9,0
2024-08-27,2024-08-27 11:00:00,314.0,317.0,307.5,310.75,-1.04,13850.8,4272342.3,-1
2024-08-27,2024-08-27 12:00:00,310.75,310.75,307.5,307.5,-1.05,13850.8,4272342.3,-1
2024-08-27,2024-08-27 13:00:00,307.5,307.5,304.25,304.25,-1.06,13850.8,4272342.3,-1
2024-08-27,2024-08-27 14:00:00,304.25,304.25,301.0,301.0,-1.07,13850.8,4272342.3,-1
2024-08-27,2024-08-27 15:00:00,301.0,320.0,301.0,301.0,0.0,13850.8,4272342.3,0
2024-08-28,2024-08-28 11:00:00,307.0,311.6,301.0,304.55,-0.8,7255.4,2219209.48,-1
2024-08-28,2024-08-28 12:00:00,304.55,304.55,302.1,302.1,-0.8,7255.4,2219209.48,-1
2024-08-28,2024-08-28 13:00:00,302.1,302.1,299.65,299.65,-0.81,7255.4,2219209.48,-1
2024-08-28,2024-08-28 14:00:00,299.65,299.65,297.2,297.2,-0.82,7255.4,2219209.48,-1
2024-08-28,2024-08-28 15:00:00,297.2,316.2,295.0,297.2,0.0,7255.4,2219209.48,0
2024-08-29,2024-08-29 11:00:00,292.0,297.85,292.0,293.5,0.51,7578.8,2261251.74,1
2024-08-29,2024-08-29 12:00:00,293.5,295.0,293.5,295.0,0.51,7578.8,2261251.74,1
2024-08-29,2024-08-29 13:00:00,295.0,296.5,295.0,296.5,0.51,7578.8,2261251.74,1
2024-08-29,2024-08-29 14:00:00,296.5,298.0,296.5,298.0,0.51,7578.8,2261251.74,1
2024-08-29,2024-08-29 15:00:00,298.0,303.7,292.0,298.0,0.0,7578.8,2261251.74,0
2024-09-01,2024-09-01 11:00:00,303.0,306.5,299.0,302.0,-0.33,9052.4,2721502.66,-1
2024-09-01,2024-09-01 12:00:00,302.0,302.0,301.0,301.0,-0.33,9052.4,2721502.66,-1
2024-09-01,2024-09-01 13:00:00,301.0,301.0,300.0,300.0,-0.33,9052.4,2721502.66,-1
2024-09-01,2024-09-01 14:00:00,300.0,300.0,299.0,299.0,-0.33,9052.4,2721502.66,-1
2024-09-01,2024-09-01 15:00:00,299.0,310.0,295.0,299.0,0.0,9052.4,2721502.66,0
2024-09-02,2024-09-02 11:00:00,304.9,312.95,302.95,308.17,1.07,11840.4,3700292.74,1
2024-09-02,2024-09-02 12:00:00,308.17,311.45,308.17,311.45,1.06,11840.4,3700292.74,1
2024-09-02,2024-09-02 13:00:00,311.45,314.73,311.45,314.73,1.05,11840.4,3700292.74,1
2024-09-02,2024-09-02 14:00:00,314.73,318.0,314.73,318.0,1.04,11840.4,3700292.74,1
2024-09-02,2024-09-02 15:00:00,318.0,321.0,301.0,318.0,0.0,11840.4,3700292.74,0
2024-09-03,2024-09-03 11:00:00,319.0,319.5,313.95,318.0,-0.31,10891.0,3421579.08,-1
2024-09-03,2024-09-03 12:00:00,318.0,318.0,317.0,317.0,-0.31,10891.0,3421579.08,-1
2024-09-03,2024-09-03 13:00:00,317.0,317.0,316.0,316.0,-0.32,10891.0,3421579.08,-1
2024-09-03,2024-09-03 14:00:00,316.0,316.0,315.0,315.0,-0.32,10891.0,3421579.08,-1
2024-09-03,2024-09-03 15:00:00,315.0,320.0,308.9,315.0,0.0,10891.0,3421579.08,0
2024-09-04,2024-09-04 11:00:00,315.0,315.0,306.5,311.98,-0.96,5192.4,1573725.2,-1
2024-09-04,2024-09-04 12:00:00,311.98,311.98,308.95,308.95,-0.97,5192.4,1573725.2,-1
2024-09-04,2024-09-04 13:00:00,308.95,308.95,305.92,305.92,-0.98,5192.4,1573725.2,-1
2024-09-04,2024-09-04 14:00:00,305.92,305.92,302.9,302.9,-0.99,5192.4,1573725.2,-1
2024-09-04,2024-09-04 15:00:00,302.9,315.0,298.0,302.9,0.0,5192.4,1573725.2,0
2024-09-05,2024-09-05 11:00:00,306.0,306.0,294.1,303.25,-0.9,7030.4,2046742.64,-1
2024-09-05,2024-09-05 12:00:00,303.25,303.25,300.5,300.5,-0.91,7030.4,2046742.64,-1
2024-09-05,2024-09-05 13:00:00,300.5,300.5,297.75,297.75,-0.92,7030.4,2046742.64,-1
2024-09-05,2024-09-05 14:00:00,297.75,297.75,295.0,295.0,-0.92,7030.4,2046742.64,-1
2024-09-05,2024-09-05 15:00:00,295.0,306.0,282.2,295.0,0.0,7030.4,2046742.64,0
2024-09-08,2024-09-08 11:00:00,300.0,306.05,295.0,297.5,-0.83,6912.2,2073516.68,-1
2024-09-08,2024-09-08 12:00:00,297.5,297.5,295.0,295.0,-0.84,6912.2,2073516.68,-1
2024-09-08,2024-09-08 13:00:00,295.0,295.0,292.5,292.5,-0.85,6912.2,2073516.68,-1
2024-09-08,2024-09-08 14:00:00,292.5,292.5,290.0,290.0,-0.85,6912.2,2073516.68,-1
2024-09-08,2024-09-08 15:00:00,290.0,312.1,290.0,290.0,0.0,6912.2,2073516.68,0
2024-09-09,2024-09-09 11:00:00,295.8,299.4,288.4,292.1,-1.25,7333.4,2103115.5,-1
2024-09-09,2024-09-09 12:00:00,292.1,292.1,288.4,288.4,-1.27,7333.4,2103115.5,-1
2024-09-09,2024-09-09 13:00:00,288.4,288.4,284.7,284.7,-1.28,7333.4,2103115.5,-1
2024-09-09,2024-09-09 14:00:00,284.7,284.7,281.0,281.0,-1.3,7333.4,2103115.5,-1
2024-09-09,2024-09-09 15:00:00,281.0,303.0,281.0,281.0,0.0,7333.4,2103115.5,0
2024-09-10,2024-09-10 11:00:00,286.6,289.8,283.3,286.2,-0.14,5986.2,1703721.34,-1
2024-09-10,2024-09-10 12:00:00,286.2,286.2,285.8,285.8,-0.14,5986.2,1703721.34,-1
2024-09-10,2024-09-10 13:00:00,285.8,285.8,285.4,285.4,-0.14,5986.2,1703721.34,-1
2024-09-10,2024-09-10 14:00:00,285.4,285.4,285.0,285.0,-0.14,5986.2,1703721.34,-1
2024-09-10,2024-09-10 15:00:00,285.0,293.0,280.0,285.0,0.0,5986.2,1703721.34,0
2024-09-11,2024-09-11 11:00:00,290.7,293.35,284.35,288.02,-0.92,2160.8,610658.76,-1
2024-09-11,2024-09-11 12:00:00,288.02,288.02,285.35,285.35,-0.93,2160.8,610658.76,-1
2024-09-11,2024-09-11 13:00:00,285.35,285.35,282.68,282.68,-0.94,2160.8,610658.76,-1
2024-09-11,2024-09-11 14:00:00,282.68,282.68,280.0,280.0,-0.95,2160.8,610658.76,-1
2024-09-11,2024-09-11 15:00:00,280.0,296.0,278.0,280.0,0.0,2160.8,610658.76,0
2024-09-12,2024-09-12 11:00:00,278.0,285.0,278.0,281.5,1.26,5184.4,1478760.28,1
2024-09-12,2024-09-12 12:00:00,281.5,285.0,281.5,285.0,1.24,5184.4,1478760.28,1
2024-09-12,2024-09-12 13:00:00,285.0,288.5,285.0,288.5,1.23,5184.4,1478760.28,1
2024-09-12,2024-09-12 14:00:00,288.5,292.0,288.5,292.0,1.21,5184.4,1478760.28,1
2024-09-12,2024-09-12 15:00:00,292.0,292.0,278.0,292.0,0.0,5184.4,1478760.28,0
2024-09-15,2024-09-15 11:00:00,297.8,299.9,288.95,293.85,-1.33,4209.4,1225759.18,-1
2024-09-15,2024-09-15 12:00:00,293.85,293.85,289.9,289.9,-1.34,4209.4,1225759.18,-1
2024-09-15,2024-09-15 13:00:00,289.9,289.9,285.95,285.95,-1.36,4209.4,1225759.18,-1
2024-09-15,2024-09-15 14:00:00,285.95,285.95,282.0,282.0,-1.38,4209.4,1225759.18,-1
2024-09-15,2024-09-15 15:00:00,282.0,302.0,280.1,282.0,0.0,4209.4,1225759.18,0
2024-09-16,2024-09-16 11:00:00,285.0,285.0,278.0,283.27,-0.61,3850.0,1066364.26,-1
2024-09-16,2024-09-16 12:00:00,283.27,283.27,281.55,281.55,-0.61,3850.0,1066364.26,-1
2024-09-16,2024-09-16 13:00:00,281.55,281.55,279.83,279.83,-0.61,3850.0,1066364.26,-1
2024-09-16,2024-09-16 14:00:00,279.83,279.83,278.1,278.1,-0.62,3850.0,1066364.26,-1
2024-09-16,2024-09-16 15:00:00,278.1,285.0,271.0,278.1,0.0,3850.0,1066364.26,0
2024-09-18,2024-09-18 11:00:00,280.0,280.0,272.5,278.23,-0.63,5020.8,1363453.72,-1
2024-09-18,2024-09-18 12:00:00,278.23,278.23,276.45,276.45,-0.64,5020.8,1363453.72,-1
2024-09-18,2024-09-18 13:00:00,276.45,276.45,274.67,274.67,-0.64,5020.8,1363453.72,-1
2024-09-18,2024-09-18 14:00:00,274.67,274.67,272.9,272.9,-0.64,5020.8,1363453.72,-1
2024-09-18,2024-09-18 15:00:00,272.9,280.0,265.0,272.9,0.0,5020.8,1363453.72,0
2024-09-22,2024-09-22 11:00:00,278.0,280.45,273.0,277.0,-0.36,1917.0,522693.6,-1
2024-09-22,2024-09-22 12:00:00,277.0,277.0,276.0,276.0,-0.36,1917.0,522693.6,-1
2024-09-22,2024-09-22 13:00:00,276.0,276.0,275.0,275.0,-0.36,1917.0,522693.6,-1
2024-09-22,2024-09-22 14:00:00,275.0,275.0,274.0,274.0,-0.36,1917.0,522693.6,-1
2024-09-22,2024-09-22 15:00:00,274.0,282.9,268.0,274.0,0.0,1917.0,522693.6,0
2024-09-23,2024-09-23 11:00:00,279.0,279.2,270.5,275.98,-1.08,3057.2,813523.88,-1
2024-09-23,2024-09-23 12:00:00,275.98,275.98,272.95,272.95,-1.1,3057.2,813523.88,-1
2024-09-23,2024-09-23 13:00:00,272.95,272.95,269.92,269.92,-1.11,3057.2,813523.88,-1
2024-09-23,2024-09-23 14:00:00,269.92,269.92,266.9,266.9,-1.12,3057.2,813523.88,-1
2024-09-23,2024-09-23 15:00:00,266.9,279.4,262.0,266.9,0.0,3057.2,813523.88,0
2024-09-24,2024-09-24 11:00:00,262.6,267.3,260.2,261.4,-0.46,3884.2,1018782.68,-1
2024-09-24,2024-09-24 12:00:00,261.4,261.4,260.2,260.2,-0.46,3884.2,1018782.68,-1
2024-09-24,2024-09-24 13:00:00,260.2,260.2,259.0,259.0,-0.46,3884.2,1018782.68,-1
2024-09-24,2024-09-24 14:00:00,259.0,259.0,257.8,257.8,-0.46,3884.2,1018782.68,-1
2024-09-24,2024-09-24 15:00:00,257.8,272.0,257.8,257.8,0.0,3884.2,1018782.68,0
2024-09-25,2024-09-25 11:00:00,260.0,263.4,257.5,261.0,0.38,2979.8,781127.92,1
2024-09-25,2024-09-25 12:00:00,261.0,262.0,261.0,262.0,0.38,2979.8,781127.92,1
2024-09-25,2024-09-25 13:00:00,262.0,263.0,262.0,263.0,0.38,2979.8,781127.92,1
2024-09-25,2024-09-25 14:00:00,263.0,264.0,263.0,264.0,0.38,2979.8,781127.92,1
2024-09-25,2024-09-25 15:00:00,264.0,266.8,255.0,264.0,0.0,2979.8,781127.92,0
2024-09-26,2024-09-26 11:00:00,269.2,270.35,263.1,267.4,-0.67,1986.4,518877.0,-1
2024-09-26,2024-09-26 12:00:00,267.4,267.4,265.6,265.6,-0.67,1986.4,518877.0,-1
2024-09-26,2024-09-26 13:00:00,265.6,265.6,263.8,263.8,-0.68,1986.4,518877.0,-1
2024-09-26,2024-09-26 14:00:00,263.8,263.8,262.0,262.0,-0.68,1986.4,518877.0,-1
2024-09-26,2024-09-26 15:00:00,262.0,271.5,257.0,262.0,0.0,1986.4,518877.0,0
2024-09-29,2024-09-29 11:00:00,256.8,260.9,247.9,253.38,-1.33,9829.6,2397040.64,-1
2024-09-29,2024-09-29 12:00:00,253.38,253.38,249.95,249.95,-1.35,9829.6,2397040.64,-1
2024-09-29,2024-09-29 13:00:00,249.95,249.95,246.53,246.53,-1.37,9829.6,2397040.64,-1
2024-09-29,2024-09-29 14:00:00,246.53,246.53,243.1,243.1,-1.39,9829.6,2397040.64,-1
2024-09-29,2024-09-29 15:00:00,243.1,265.0,239.0,243.1,0.0,9829.6,2397040.64,0
2024-09-30,2024-09-30 11:00:00,238.3,242.15,236.15,239.48,0.5,3452.0,821472.14,1
2024-09-30,2024-09-30 12:00:00,239.48,240.65,239.48,240.65,0.49,3452.0,821472.14,1
2024-09-30,2024-09-30 13:00:00,240.65,241.82,240.65,241.82,0.49,3452.0,821472.14,1
2024-09-30,2024-09-30 14:00:00,241.82,243.0,241.82,243.0,0.49,3452.0,821472.14,1
2024-09-30,2024-09-30 15:00:00,243.0,246.0,234.0,243.0,0.0,3452.0,821472.14,0
2024-10-01,2024-10-01 11:00:00,246.0,254.0,245.5,250.0,1.63,3148.8,808050.04,1
2024-10-01,2024-10-01 12:00:00,250.0,254.0,250.0,254.0,1.6,3148.8,808050.04,1
2024-10-01,2024-10-01 13:00:00,254.0,258.0,254.0,258.0,1.57,3148.8,808050.04,1
2024-10-01,2024-10-01 14:00:00,258.0,262.0,258.0,262.0,1.55,3148.8,808050.04,1
2024-10-01,2024-10-01 15:00:00,262.0,262.0,245.0,262.0,0.0,3148.8,808050.04,0
2024-10-02,2024-10-02 11:00:00,262.3,263.65,256.15,261.73,-0.22,3655.6,930526.8,-1
2024-10-02,2024-10-02 12:00:00,261.73,261.73,261.15,261.15,-0.22,3655.6,930526.8,-1
2024-10-02,2024-10-02 13:00:00,261.15,261.15,260.57,260.57,-0.22,3655.6,930526.8,-1
2024-10-02,2024-10-02 14:00:00,260.57,260.57,260.0,260.0,-0.22,3655.6,930526.8,-1
2024-10-02,2024-10-02 15:00:00,260.0,265.0,250.0,260.0,0.0,3655.6,930526.8,0
2024-10-06,2024-10-06 11:00:00,259.0,264.45,257.5,261.0,0.77,2291.8,602669.3,1
2024-10-06,2024-10-06 12:00:00,261.0,263.0,261.0,263.0,0.77,2291.8,602669.3,1
2024-10-06,2024-10-06 13:00:00,263.0,265.0,263.0,265.0,0.76,2291.8,602669.3,1
2024-10-06,2024-10-06 14:00:00,265.0,267.0,265.0,267.0,0.75,2291.8,602669.3,1
2024-10-06,2024-10-06 15:00:00,267.0,269.9,256.0,267.0,0.0,2291.8,602669.3,0
2024-10-07,2024-10-07 11:00:00,272.0,280.5,270.0,272.75,0.28,4364.8,1211906.04,1
2024-10-07,2024-10-07 12:00:00,272.75,273.5,272.75,273.5,0.27,4364.8,1211906.04,1
2024-10-07,2024-10-07 13:00:00,273.5,274.25,273.5,274.25,0.27,4364.8,1211906.04,1
2024-10-07,2024-10-07 14:00:00,274.25,275.0,274.25,275.0,0.27,4364.8,1211906.04,1
2024-10-07,2024-10-07 15:00:00,275.0,289.0,268.0,275.0,0.0,4364.8,1211906.04,0
2024-10-08,2024-10-08 11:00:00,270.1,275.25,261.55,270.08,-0.01,1603.8,431436.28,-1
2024-10-08,2024-10-08 12:00:00,270.08,270.08,270.05,270.05,-0.01,1603.8,431436.28,-1
2024-10-08,2024-10-08 13:00:00,270.05,270.05,270.02,270.02,-0.01,1603.8,431436.28,-1
2024-10-08,2024-10-08 14:00:00,270.02,270.02,270.0,270.0,-0.01,1603.8,431436.28,-1
2024-10-08,2024-10-08 15:00:00,270.0,280.4,253.0,270.0,0.0,1603.8,431436.28,0
2024-10-09,2024-10-09 11:00:00,265.0,270.0,265.0,267.0,0.75,453.0,123246.5,1
2024-10-09,2024-10-09 12:00:00,267.0,269.0,267.0,269.0,0.75,453.0,123246.5,1
2024-10-09,2024-10-09 13:00:00,269.0,271.0,269.0,271.0,0.74,453.0,123246.5,1
2024-10-09,2024-10-09 14:00:00,271.0,273.0,271.0,273.0,0.74,453.0,123246.5,1
2024-10-09,2024-10-09 15:00:00,273.0,275.0,265.0,273.0,0.0,453.0,123246.5,0
2024-10-15,2024-10-15 11:00:00,273.0,275.5,271.0,274.0,0.37,1880.2,516187.46,1
2024-10-15,2024-10-15 12:00:00,274.0,275.0,274.0,275.0,0.36,1880.2,516187.46,1
2024-10-15,2024-10-15 13:00:00,275.0,276.0,275.0,276.0,0.36,1880.2,516187.46,1
2024-10-15,2024-10-15 14:00:00,276.0,277.0,276.0,277.0,0.36,1880.2,516187.46,1
2024-10-15,2024-10-15 15:00:00,277.0,278.0,269.0,277.0,0.0,1880.2,516187.46,0
2024-10-16,2024-10-16 11:00:00,281.0,283.95,278.95,281.25,0.09,1256.4,353894.82,1
2024-10-16,2024-10-16 12:00:00,281.25,281.5,281.25,281.5,0.09,1256.4,353894.82,1
2024-10-16,2024-10-16 13:00:00,281.5,281.75,281.5,281.75,0.09,1256.4,353894.82,1
2024-10-16,2024-10-16 14:00:00,281.75,282.0,281.75,282.0,0.09,1256.4,353894.82,1
2024-10-16,2024-10-16 15:00:00,282.0,286.9,276.9,282.0,0.0,1256.4,353894.82,0
2024-10-17,2024-10-17 11:00:00,287.5,287.55,281.25,284.4,-1.08,2031.2,574973.42,-1
2024-10-17,2024-10-17 12:00:00,284.4,284.4,281.3,281.3,-1.09,2031.2,574973.42,-1
2024-10-17,2024-10-17 13:00:00,281.3,281.3,278.2,278.2,-1.1,2031.2,574973.42,-1
2024-10-17,2024-10-17 14:00:00,278.2,278.2,275.1,275.1,-1.11,2031.2,574973.42,-1
2024-10-17,2024-10-17 15:00:00,275.1,287.6,275.0,275.1,0.0,2031.2,574973.42,0
2024-10-20,2024-10-20 11:00:00,273.0,273.95,267.0,270.95,-0.75,2806.2,753062.48,-1
2024-10-20,2024-10-20 12:00:00,270.95,270.95,268.9,268.9,-0.76,2806.2,753062.48,-1
2024-10-20,2024-10-20 13:00:00,268.9,268.9,266.85,266.85,-0.76,2806.2,753062.48,-1
2024-10-20,2024-10-20 14:00:00,266.85,266.85,264.8,264.8,-0.77,2806.2,753062.48,-1
2024-10-20,2024-10-20 15:00:00,264.8,274.9,261.0,264.8,0.0,2806.2,753062.48,0
2024-10-21,2024-10-21 11:00:00,260.2,265.1,259.35,260.4,0.08,2614.0,682379.74,1
2024-10-21,2024-10-21 12:00:00,260.4,260.6,260.4,260.6,0.08,2614.0,682379.74,1
2024-10-21,2024-10-21 13:00:00,260.6,260.8,260.6,260.8,0.08,2614.0,682379.74,1
2024-10-21,2024-10-21 14:00:00,260.8,261.0,260.8,261.0,0.08,2614.0,682379.74,1
2024-10-21,2024-10-21 15:00:00,261.0,270.0,258.5,261.0,0.0,2614.0,682379.74,0
2024-10-22,2024-10-22 11:00:00,257.0,266.0,257.0,259.25,0.88,1101.8,291410.68,1
2024-10-22,2024-10-22 12:00:00,259.25,261.5,259.25,261.5,0.87,1101.8,291410.68,1
2024-10-22,2024-10-22 13:00:00,261.5,263.75,261.5,263.75,0.86,1101.8,291410.68,1
2024-10-22,2024-10-22 14:00:00,263.75,266.0,263.75,266.0,0.85,1101.8,291410.68,1
2024-10-22,2024-10-22 15:00:00,266.0,275.0,257.0,266.0,0.0,1101.8,291410.68,0
2024-10-23,2024-10-23 11:00:00,271.3,274.0,266.65,269.85,-0.53,1068.4,283069.8,-1
2024-10-23,2024-10-23 12:00:00,269.85,269.85,268.4,268.4,-0.54,1068.4,283069.8,-1
2024-10-23,2024-10-23 13:00:00,268.4,268.4,266.95,266.95,-0.54,1068.4,283069.8,-1
2024-10-23,2024-10-23 14:00:00,266.95,266.95,265.5,265.5,-0.54,1068.4,283069.8,-1
2024-10-23,2024-10-23 15:00:00,265.5,276.7,262.0,265.5,0.0,1068.4,283069.8,0
2024-10-24,2024-10-24 11:00:00,260.2,262.8,260.1,260.9,0.27,1322.6,345531.9,1
2024-10-24,2024-10-24 12:00:00,260.9,261.6,260.9,261.6,0.27,1322.6,345531.9,1
2024-10-24,2024-10-24 13:00:00,261.6,262.3,261.6,262.3,0.27,1322.6,345531.9,1
2024-10-24,2024-10-24 14:00:00,262.3,263.0,262.3,263.0,0.27,1322.6,345531.9,1
2024-10-24,2024-10-24 15:00:00,263.0,265.4,260.0,263.0,0.0,1322.6,345531.9,0
2024-10-27,2024-10-27 11:00:00,259.0,262.6,258.8,260.0,0.39,942.0,246535.2,1
2024-10-27,2024-10-27 12:00:00,260.0,261.0,260.0,261.0,0.38,942.0,246535.2,1
2024-10-27,2024-10-27 13:00:00,261.0,262.0,261.0,262.0,0.38,942.0,246535.2,1
2024-10-27,2024-10-27 14:00:00,262.0,263.0,262.0,263.0,0.38,942.0,246535.2,1
2024-10-27,2024-10-27 15:00:00,263.0,266.2,258.6,263.0,0.0,942.0,246535.2,0
2024-10-28,2024-10-28 11:00:00,268.0,268.0,265.0,267.0,-0.37,2022.4,534230.6,-1
2024-10-28,2024-10-28 12:00:00,267.0,267.0,266.0,266.0,-0.37,2022.4,534230.6,-1
2024-10-28,2024-10-28 13:00:00,266.0,266.0,265.0,265.0,-0.38,2022.4,534230.6,-1
2024-10-28,2024-10-28 14:00:00,265.0,265.0,264.0,264.0,-0.38,2022.4,534230.6,-1
2024-10-28,2024-10-28 15:00:00,264.0,268.0,262.0,264.0,0.0,2022.4,534230.6,0
2024-10-29,2024-10-29 11:00:00,269.0,273.0,269.0,269.25,0.09,5747.8,1561435.92,1
2024-10-29,2024-10-29 12:00:00,269.25,269.5,269.25,269.5,0.09,5747.8,1561435.92,1
2024-10-29,2024-10-29 13:00:00,269.5,269.75,269.5,269.75,0.09,5747.8,1561435.92,1
2024-10-29,2024-10-29 14:00:00,269.75,270.0,269.75,270.0,0.09,5747.8,1561435.92,1
2024-10-29,2024-10-29 15:00:00,270.0,277.0,269.0,270.0,0.0,5747.8,1561435.92,0
2024-10-30,2024-10-30 11:00:00,275.0,275.5,272.5,274.75,-0.09,2348.6,640320.9,-1
2024-10-30,2024-10-30 12:00:00,274.75,274.75,274.5,274.5,-0.09,2348.6,640320.9,-1
2024-10-30,2024-10-30 13:00:00,274.5,274.5,274.25,274.25,-0.09,2348.6,640320.9,-1
2024-10-30,2024-10-30 14:00:00,274.25,274.25,274.0,274.0,-0.09,2348.6,640320.9,-1
2024-10-30,2024-10-30 15:00:00,274.0,276.0,270.0,274.0,0.0,2348.6,640320.9,0
2024-11-05,2024-11-05 11:00:00,268.6,269.3,264.3,268.88,0.1,3284.8,869798.04,1
2024-11-05,2024-11-05 12:00:00,268.88,269.15,268.88,269.15,0.1,3284.8,869798.04,1
2024-11-05,2024-11-05 13:00:00,269.15,269.43,269.15,269.43,0.1,3284.8,869798.04,1
2024-11-05,2024-11-05 14:00:00,269.43,269.7,269.43,269.7,0.1,3284.8,869798.04,1
2024-11-05,2024-11-05 15:00:00,269.7,270.0,260.0,269.7,0.0,3284.8,869798.04,0
2024-11-06,2024-11-06 11:00:00,264.4,266.75,263.65,265.57,0.44,1911.0,508612.9,1
2024-11-06,2024-11-06 12:00:00,265.57,266.75,265.57,266.75,0.44,1911.0,508612.9,1
2024-11-06,2024-11-06 13:00:00,266.75,267.93,266.75,267.93,0.44,1911.0,508612.9,1
2024-11-06,2024-11-06 14:00:00,267.93,269.1,267.93,269.1,0.44,1911.0,508612.9,1
2024-11-06,2024-11-06 15:00:00,269.1,269.1,262.9,269.1,0.0,1911.0,508612.9,0
2024-11-10,2024-11-10 11:00:00,271.0,283.5,271.0,276.5,2.03,8212.4,2347137.16,1
2024-11-10,2024-11-10 12:00:00,276.5,282.0,276.5,282.0,1.99,8212.4,2347137.16,1
2024-11-10,2024-11-10 13:00:00,282.0,287.5,282.0,287.5,1.95,8212.4,2347137.16,1
2024-11-10,2024-11-10 14:00:00,287.5,293.0,287.5,293.0,1.91,8212.4,2347137.16,1
2024-11-10,2024-11-10 15:00:00,293.0,296.0,271.0,293.0,0.0,8212.4,2347137.16,0
2024-11-11,2024-11-11 11:00:00,294.0,295.5,288.65,292.0,-0.68,5390.8,1558166.32,-1
2024-11-11,2024-11-11 12:00:00,292.0,292.0,290.0,290.0,-0.68,5390.8,1558166.32,-1
2024-11-11,2024-11-11 13:00:00,290.0,290.0,288.0,288.0,-0.69,5390.8,1558166.32,-1
2024-11-11,2024-11-11 14:00:00,288.0,288.0,286.0,286.0,-0.69,5390.8,1558166.32,-1
2024-11-11,2024-11-11 15:00:00,286.0,297.0,283.3,286.0,0.0,5390.8,1558166.32,0
2024-11-12,2024-11-12 11:00:00,291.7,291.7,284.85,290.27,-0.49,3894.6,1105726.12,-1
2024-11-12,2024-11-12 12:00:00,290.27,290.27,288.85,288.85,-0.49,3894.6,1105726.12,-1
2024-11-12,2024-11-12 13:00:00,288.85,288.85,287.43,287.43,-0.49,3894.6,1105726.12,-1
2024-11-12,2024-11-12 14:00:00,287.43,287.43,286.0,286.0,-0.5,3894.6,1105726.12,-1
2024-11-12,2024-11-12 15:00:00,286.0,291.7,278.0,286.0,0.0,3894.6,1105726.12,0
2024-11-13,2024-11-13 11:00:00,283.4,293.2,283.4,286.55,1.11,7593.2,2220907.92,1
2024-11-13,2024-11-13 12:00:00,286.55,289.7,286.55,289.7,1.1,7593.2,2220907.92,1
2024-11-13,2024-11-13 13:00:00,289.7,292.85,289.7,292.85,1.09,7593.2,2220907.92,1
2024-11-13,2024-11-13 14:00:00,292.85,296.0,292.85,296.0,1.08,7593.2,2220907.92,1
2024-11-13,2024-11-13 15:00:00,296.0,303.0,283.4,296.0,0.0,7593.2,2220907.92,0
2024-11-14,2024-11-14 11:00:00,291.0,296.45,291.0,293.25,0.77,11734.8,3490466.08,1
2024-11-14,2024-11-14 12:00:00,293.25,295.5,293.25,295.5,0.77,11734.8,3490466.08,1
2024-11-14,2024-11-14 13:00:00,295.5,297.75,295.5,297.75,0.76,11734.8,3490466.08,1
2024-11-14,2024-11-14 14:00:00,297.75,300.0,297.75,300.0,0.76,11734.8,3490466.08,1
2024-11-14,2024-11-14 15:00:00,300.0,301.9,291.0,300.0,0.0,11734.8,3490466.08,0
2024-11-17,2024-11-17 11:00:00,306.0,306.0,297.55,303.0,-0.98,8683.4,2571612.62,-1
2024-11-17,2024-11-17 12:00:00,303.0,303.0,300.0,300.0,-0.99,8683.4,2571612.62,-1
2024-11-17,2024-11-17 13:00:00,300.0,300.0,297.0,297.0,-1.0,8683.4,2571612.62,-1
2024-11-17,2024-11-17 14:00:00,297.0,297.0,294.0,294.0,-1.01,8683.4,2571612.62,-1
2024-11-17,2024-11-17 15:00:00,294.0,306.0,289.1,294.0,0.0,8683.4,2571612.62,0
2024-11-19,2024-11-19 11:00:00,290.0,292.4,281.45,287.23,-0.96,5994.4,1686561.4,-1
2024-11-19,2024-11-19 12:00:00,287.23,287.23,284.45,284.45,-0.97,5994.4,1686561.4,-1
2024-11-19,2024-11-19 13:00:00,284.45,284.45,281.67,281.67,-0.98,5994.4,1686561.4,-1
2024-11-19,2024-11-19 14:00:00,281.67,281.67,278.9,278.9,-0.98,5994.4,1686561.4,-1
2024-11-19,2024-11-19 15:00:00,278.9,294.8,272.9,278.9,0.0,5994.4,1686561.4,0
2024-11-20,2024-11-20 11:00:00,284.4,287.2,277.7,284.05,-0.12,5097.8,1421432.96,-1
2024-11-20,2024-11-20 12:00:00,284.05,284.05,283.7,283.7,-0.12,5097.8,1421432.96,-1
2024-11-20,2024-11-20 13:00:00,283.7,283.7,283.35,283.35,-0.12,5097.8,1421432.96,-1
2024-11-20,2024-11-20 14:00:00,283.35,283.35,283.0,283.0,-0.12,5097.8,1421432.96,-1
2024-11-20,2024-11-20 15:00:00,283.0,290.0,271.0,283.0,0.0,5097.8,1421432.96,0
2024-11-21,2024-11-21 11:00:00,288.3,288.3,277.65,284.73,-1.24,7260.6,1978665.84,-1
2024-11-21,2024-11-21 12:00:00,284.73,284.73,281.15,281.15,-1.26,7260.6,1978665.84,-1
2024-11-21,2024-11-21 13:00:00,281.15,281.15,277.57,277.57,-1.27,7260.6,1978665.84,-1
2024-11-21,2024-11-21 14:00:00,277.57,277.57,274.0,274.0,-1.29,7260.6,1978665.84,-1
2024-11-21,2024-11-21 15:00:00,274.0,288.3,267.0,274.0,0.0,7260.6,1978665.84,0
2024-11-24,2024-11-24 11:00:00,268.6,274.0,267.85,268.95,0.13,3464.6,935173.2,1
2024-11-24,2024-11-24 12:00:00,268.95,269.3,268.95,269.3,0.13,3464.6,935173.2,1
2024-11-24,2024-11-24 13:00:00,269.3,269.65,269.3,269.65,0.13,3464.6,935173.2,1
2024-11-24,2024-11-24 14:00:00,269.65,270.0,269.65,270.0,0.13,3464.6,935173.2,1
2024-11-24,2024-11-24 15:00:00,270.0,279.4,267.1,270.0,0.0,3464.6,935173.2,0
2024-11-25,2024-11-25 11:00:00,275.4,275.4,265.1,274.92,-0.17,1781.8,480186.54,-1
2024-11-25,2024-11-25 12:00:00,274.92,274.92,274.45,274.45,-0.17,1781.8,480186.54,-1
2024-11-25,2024-11-25 13:00:00,274.45,274.45,273.98,273.98,-0.17,1781.8,480186.54,-1
2024-11-25,2024-11-25 14:00:00,273.98,273.98,273.5,273.5,-0.18,1781.8,480186.54,-1
2024-11-25,2024-11-25 15:00:00,273.5,275.4,254.8,273.5,0.0,1781.8,480186.54,0
2024-11-26,2024-11-26 11:00:00,278.7,278.85,274.35,277.77,-0.33,4622.0,1262540.34,-1
2024-11-26,2024-11-26 12:00:00,277.77,277.77,276.85,276.85,-0.33,4622.0,1262540.34,-1
2024-11-26,2024-11-26 13:00:00,276.85,276.85,275.93,275.93,-0.33,4622.0,1262540.34,-1
2024-11-26,2024-11-26 14:00:00,275.93,275.93,275.0,275.0,-0.34,4622.0,1262540.34,-1
2024-11-26,2024-11-26 15:00:00,275.0,279.0,270.0,275.0,0.0,4622.0,1262540.34,0
2024-11-27,2024-11-27 11:00:00,280.5,289.75,277.75,283.88,1.2,19373.4,5679248.22,1
2024-11-27,2024-11-27 12:00:00,283.88,287.25,283.88,287.25,1.19,19373.4,5679248.22,1
2024-11-27,2024-11-27 13:00:00,287.25,290.62,287.25,290.62,1.17,19373.4,5679248.22,1
2024-11-27,2024-11-27 14:00:00,290.62,294.0,290.62,294.0,1.16,19373.4,5679248.22,1
2024-11-27,2024-11-27 15:00:00,294.0,299.0,275.0,294.0,0.0,19373.4,5679248.22,0
2024-11-28,2024-11-28 11:00:00,294.0,295.5,289.0,292.5,-0.51,4207.0,1219372.52,-1
2024-11-28,2024-11-28 12:00:00,292.5,292.5,291.0,291.0,-0.51,4207.0,1219372.52,-1
2024-11-28,2024-11-28 13:00:00,291.0,291.0,289.5,289.5,-0.52,4207.0,1219372.52,-1
2024-11-28,2024-11-28 14:00:00,289.5,289.5,288.0,288.0,-0.52,4207.0,1219372.52,-1
2024-11-28,2024-11-28 15:00:00,288.0,297.0,284.0,288.0,0.0,4207.0,1219372.52,0
2024-12-01,2024-12-01 11:00:00,284.0,284.5,278.5,284.25,0.09,8070.0,2249137.92,1
2024-12-01,2024-12-01 12:00:00,284.25,284.5,284.25,284.5,0.09,8070.0,2249137.92,1
2024-12-01,2024-12-01 13:00:00,284.5,284.75,284.5,284.75,0.09,8070.0,2249137.92,1
2024-12-01,2024-12-01 14:00:00,284.75,285.0,284.75,285.0,0.09,8070.0,2249137.92,1
2024-12-01,2024-12-01 15:00:00,285.0,285.0,273.0,285.0,0.0,8070.0,2249137.92,0
2024-12-02,2024-12-02 11:00:00,288.6,293.3,284.35,288.7,0.03,8559.6,2488330.42,1
2024-12-02,2024-12-02 12:00:00,288.7,288.8,288.7,288.8,0.03,8559.6,2488330.42,1
2024-12-02,2024-12-02 13:00:00,288.8,288.9,288.8,288.9,0.03,8559.6,2488330.42,1
2024-12-02,2024-12-02 14:00:00,288.9,289.0,288.9,289.0,0.03,8559.6,2488330.42,1
2024-12-02,2024-12-02 15:00:00,289.0,298.0,280.1,289.0,0.0,8559.6,2488330.42,0
2024-12-03,2024-12-03 11:00:00,294.7,297.6,292.55,295.02,0.11,15025.0,4471919.8,1
2024-12-03,2024-12-03 12:00:00,295.02,295.35,295.02,295.35,0.11,15025.0,4471919.8,1
2024-12-03,2024-12-03 13:00:00,295.35,295.68,295.35,295.68,0.11,15025.0,4471919.8,1
2024-12-03,2024-12-03 14:00:00,295.68,296.0,295.68,296.0,0.11,15025.0,4471919.8,1
2024-12-03,2024-12-03 15:00:00,296.0,300.5,290.4,296.0,0.0,15025.0,4471919.8,0
2024-12-04,2024-12-04 11:00:00,300.0,302.4,295.6,297.8,-0.73,10662.2,3190151.54,-1
2024-12-04,2024-12-04 12:00:00,297.8,297.8,295.6,295.6,-0.74,10662.2,3190151.54,-1
2024-12-04,2024-12-04 13:00:00,295.6,295.6,293.4,293.4,-0.74,10662.2,3190151.54,-1
2024-12-04,2024-12-04 14:00:00,293.4,293.4,291.2,291.2,-0.75,10662.2,3190151.54,-1
2024-12-04,2024-12-04 15:00:00,291.2,304.8,291.2,291.2,0.0,10662.2,3190151.54,0
2024-12-05,2024-12-05 11:00:00,286.0,289.0,283.5,284.95,-0.37,4925.4,1409539.52,-1
2024-12-05,2024-12-05 12:00:00,284.95,284.95,283.9,283.9,-0.37,4925.4,1409539.52,-1
2024-12-05,2024-12-05 13:00:00,283.9,283.9,282.85,282.85,-0.37,4925.4,1409539.52,-1
2024-12-05,2024-12-05 14:00:00,282.85,282.85,281.8,281.8,-0.37,4925.4,1409539.52,-1
2024-12-05,2024-12-05 15:00:00,281.8,292.0,281.0,281.8,0.0,4925.4,1409539.52,0
2024-12-08,2024-12-08 11:00:00,287.0,291.3,281.5,284.25,-0.96,4245.8,1189333.36,-1
2024-12-08,2024-12-08 12:00:00,284.25,284.25,281.5,281.5,-0.97,4245.8,1189333.36,-1
2024-12-08,2024-12-08 13:00:00,281.5,281.5,278.75,278.75,-0.98,4245.8,1189333.36,-1
2024-12-08,2024-12-08 14:00:00,278.75,278.75,276.0,276.0,-0.99,4245.8,1189333.36,-1
2024-12-08,2024-12-08 15:00:00,276.0,295.6,276.0,276.0,0.0,4245.8,1189333.36,0
2024-12-09,2024-12-09 11:00:00,276.0,280.0,275.5,277.5,0.54,4258.6,1181983.52,1
2024-12-09,2024-12-09 12:00:00,277.5,279.0,277.5,279.0,0.54,4258.6,1181983.52,1
2024-12-09,2024-12-09 13:00:00,279.0,280.5,279.0,280.5,0.54,4258.6,1181983.52,1
2024-12-09,2024-12-09 14:00:00,280.5,282.0,280.5,282.0,0.53,4258.6,1181983.52,1
2024-12-09,2024-12-09 15:00:00,282.0,284.0,275.0,282.0,0.0,4258.6,1181983.52,0
2024-12-10,2024-12-10 11:00:00,287.6,287.6,280.1,285.2,-0.83,3558.0,985157.2,-1
2024-12-10,2024-12-10 12:00:00,285.2,285.2,282.8,282.8,-0.84,3558.0,985157.2,-1
2024-12-10,2024-12-10 13:00:00,282.8,282.8,280.4,280.4,-0.85,3558.0,985157.2,-1
2024-12-10,2024-12-10 14:00:00,280.4,280.4,278.0,278.0,-0.86,3558.0,985157.2,-1
2024-12-10,2024-12-10 15:00:00,278.0,287.6,272.6,278.0,0.0,3558.0,985157.2,0
2024-12-11,2024-12-11 11:00:00,283.5,283.75,278.0,283.12,-0.13,2092.8,587820.48,-1
2024-12-11,2024-12-11 12:00:00,283.12,283.12,282.75,282.75,-0.13,2092.8,587820.48,-1
2024-12-11,2024-12-11 13:00:00,282.75,282.75,282.38,282.38,-0.13,2092.8,587820.48,-1
2024-12-11,2024-12-11 14:00:00,282.38,282.38,282.0,282.0,-0.13,2092.8,587820.48,-1
2024-12-11,2024-12-11 15:00:00,282.0,284.0,272.5,282.0,0.0,2092.8,587820.48,0
2024-12-12,2024-12-12 11:00:00,287.6,287.6,281.1,284.35,-1.13,3573.4,992950.96,-1
2024-12-12,2024-12-12 12:00:00,284.35,284.35,281.1,281.1,-1.14,3573.4,992950.96,-1
2024-12-12,2024-12-12 13:00:00,281.1,281.1,277.85,277.85,-1.16,3573.4,992950.96,-1
2024-12-12,2024-12-12 14:00:00,277.85,277.85,274.6,274.6,-1.17,3573.4,992950.96,-1
2024-12-12,2024-12-12 15:00:00,274.6,287.6,274.6,274.6,0.0,3573.4,992950.96,0
2024-12-16,2024-12-16 11:00:00,269.5,272.25,267.85,269.62,0.04,4004.2,1079115.42,1
2024-12-16,2024-12-16 12:00:00,269.62,269.75,269.62,269.75,0.05,4004.2,1079115.42,1
2024-12-16,2024-12-16 13:00:00,269.75,269.88,269.75,269.88,0.05,4004.2,1079115.42,1
2024-12-16,2024-12-16 14:00:00,269.88,270.0,269.88,270.0,0.04,4004.2,1079115.42,1
2024-12-16,2024-12-16 15:00:00,270.0,275.0,266.2,270.0,0.0,4004.2,1079115.42,0
2024-12-17,2024-12-17 11:00:00,272.0,273.7,270.0,272.0,0.0,2260.2,613380.4,0
2024-12-17,2024-12-17 12:00:00,272.0,272.0,272.0,272.0,0.0,2260.2,613380.4,0
2024-12-17,2024-12-17 13:00:00,272.0,272.0,272.0,272.0,0.0,2260.2,613380.4,0
2024-12-17,2024-12-17 14:00:00,272.0,272.0,272.0,272.0,0.0,2260.2,613380.4,0
2024-12-17,2024-12-17 15:00:00,272.0,275.4,268.0,272.0,0.0,2260.2,613380.4,0
2024-12-18,2024-12-18 11:00:00,271.0,273.0,268.8,269.95,-0.39,1858.6,498880.52,-1
2024-12-18,2024-12-18 12:00:00,269.95,269.95,268.9,268.9,-0.39,1858.6,498880.52,-1
2024-12-18,2024-12-18 13:00:00,268.9,268.9,267.85,267.85,-0.39,1858.6,498880.52,-1
2024-12-18,2024-12-18 14:00:00,267.85,267.85,266.8,266.8,-0.39,1858.6,498880.52,-1
2024-12-18,2024-12-18 15:00:00,266.8,275.0,266.6,266.8,0.0,1858.6,498880.52,0
2024-12-19,2024-12-19 11:00:00,265.0,267.5,262.5,264.75,-0.09,2976.4,779486.7,-1
2024-12-19,2024-12-19 12:00:00,264.75,264.75,264.5,264.5,-0.09,2976.4,779486.7,-1
2024-12-19,2024-12-19 13:00:00,264.5,264.5,264.25,264.25,-0.09,2976.4,779486.7,-1
2024-12-19,2024-12-19 14:00:00,264.25,264.25,264.0,264.0,-0.09,2976.4,779486.7,-1
2024-12-19,2024-12-19 15:00:00,264.0,270.0,260.0,264.0,0.0,2976.4,779486.7,0
2024-12-22,2024-12-22 11:00:00,263.8,267.05,259.9,265.32,0.58,2727.4,710143.98,1
2024-12-22,2024-12-22 12:00:00,265.32,266.85,265.32,266.85,0.58,2727.4,710143.98,1
2024-12-22,2024-12-22 13:00:00,266.85,268.38,266.85,268.38,0.57,2727.4,710143.98,1
2024-12-22,2024-12-22 14:00:00,268.38,269.9,268.38,269.9,0.57,2727.4,710143.98,1
2024-12-22,2024-12-22 15:00:00,269.9,270.3,256.0,269.9,0.0,2727.4,710143.98,0
2024-12-23,2024-12-23 11:00:00,264.6,269.3,264.6,266.58,0.75,2322.4,619667.7,1
2024-12-23,2024-12-23 12:00:00,266.58,268.55,266.58,268.55,0.74,2322.4,619667.7,1
2024-12-23,2024-12-23 13:00:00,268.55,270.52,268.55,270.52,0.73,2322.4,619667.7,1
2024-12-23,2024-12-23 14:00:00,270.52,272.5,270.52,272.5,0.73,2322.4,619667.7,1
2024-12-23,2024-12-23 15:00:00,272.5,274.0,264.6,272.5,0.0,2322.4,619667.7,0
2024-12-24,2024-12-24 11:00:00,275.9,275.9,268.5,273.42,-0.9,3399.0,903806.5,-1
2024-12-24,2024-12-24 12:00:00,273.42,273.42,270.95,270.95,-0.9,3399.0,903806.5,-1
2024-12-24,2024-12-24 13:00:00,270.95,270.95,268.48,268.48,-0.91,3399.0,903806.5,-1
2024-12-24,2024-12-24 14:00:00,268.48,268.48,266.0,266.0,-0.92,3399.0,903806.5,-1
2024-12-24,2024-12-24 15:00:00,266.0,275.9,261.1,266.0,0.0,3399.0,903806.5,0
2024-12-26,2024-12-26 11:00:00,262.5,266.2,261.8,262.88,0.14,2392.4,630510.44,1
2024-12-26,2024-12-26 12:00:00,262.88,263.25,262.88,263.25,0.14,2392.4,630510.44,1
2024-12-26,2024-12-26 13:00:00,263.25,263.62,263.25,263.62,0.14,2392.4,630510.44,1
2024-12-26,2024-12-26 14:00:00,263.62,264.0,263.62,264.0,0.14,2392.4,630510.44,1
2024-12-26,2024-12-26 15:00:00,264.0,269.9,261.1,264.0,0.0,2392.4,630510.44,0
2024-12-29,2024-12-29 11:00:00,260.0,263.5,259.4,260.0,0.0,2531.6,661628.92,0
2024-12-29,2024-12-29 12:00:00,260.0,260.0,260.0,260.0,0.0,2531.6,661628.92,0
2024-12-29,2024-12-29 13:00:00,260.0,260.0,260.0,260.0,0.0,2531.6,661628.92,0
2024-12-29,2024-12-29 14:00:00,260.0,260.0,260.0,260.0,0.0,2531.6,661628.92,0
2024-12-29,2024-12-29 15:00:00,260.0,267.0,258.8,260.0,0.0,2531.6,661628.92,0
2024-12-31,2024-12-31 11:00:00,255.1,257.05,250.05,253.57,-0.6,5188.6,1297192.64,-1
2024-12-31,2024-12-31 12:00:00,253.57,253.57,252.05,252.05,-0.6,5188.6,1297192.64,-1
2024-12-31,2024-12-31 13:00:00,252.05,252.05,250.53,250.53,-0.6,5188.6,1297192.64,-1
2024-12-31,2024-12-31 14:00:00,250.53,250.53,249.0,249.0,-0.61,5188.6,1297192.64,-1
2024-12-31,2024-12-31 15:00:00,249.0,259.0,245.0,249.0,0.0,5188.6,1297192.64,0
2025-01-01,2025-01-01 11:00:00,250.0,253.5,247.5,249.62,-0.15,2320.6,577700.7,-1
2025-01-01,2025-01-01 12:00:00,249.62,249.62,249.25,249.25,-0.15,2320.6,577700.7,-1
2025-01-01,2025-01-01 13:00:00,249.25,249.25,248.88,248.88,-0.15,2320.6,577700.7,-1
2025-01-01,2025-01-01 14:00:00,248.88,248.88,248.5,248.5,-0.15,2320.6,577700.7,-1
2025-01-01,2025-01-01 15:00:00,248.5,257.0,245.0,248.5,0.0,2320.6,577700.7,0
2025-01-02,2025-01-02 11:00:00,246.1,249.05,244.55,245.82,-0.11,6605.0,1617185.6,-1
2025-01-02,2025-01-02 12:00:00,245.82,245.82,245.55,245.55,-0.11,6605.0,1617185.6,-1
2025-01-02,2025-01-02 13:00:00,245.55,245.55,245.28,245.28,-0.11,6605.0,1617185.6,-1
2025-01-02,2025-01-02 14:00:00,245.28,245.28,245.0,245.0,-0.11,6605.0,1617185.6,-1
2025-01-02,2025-01-02 15:00:00,245.0,252.0,243.0,245.0,0.0,6605.0,1617185.6,0
2025-01-05,2025-01-05 11:00:00,247.5,247.75,243.75,247.07,-0.17,8445.6,2058551.18,-1
2025-01-05,2025-01-05 12:00:00,247.07,247.07,246.65,246.65,-0.17,8445.6,2058551.18,-1
2025-01-05,2025-01-05 13:00:00,246.65,246.65,246.23,246.23,-0.17,8445.6,2058551.18,-1
2025-01-05,2025-01-05 14:00:00,246.23,246.23,245.8,245.8,-0.17,8445.6,2058551.18,-1
2025-01-05,2025-01-05 15:00:00,245.8,248.0,240.0,245.8,0.0,8445.6,2058551.18,0
2025-01-06,2025-01-06 11:00:00,242.4,253.7,242.4,246.55,1.71,5040.6,1290093.04,1
2025-01-06,2025-01-06 12:00:00,246.55,250.7,246.55,250.7,1.68,5040.6,1290093.04,1
2025-01-06,2025-01-06 13:00:00,250.7,254.85,250.7,254.85,1.66,5040.6,1290093.04,1
2025-01-06,2025-01-06 14:00:00,254.85,259.0,254.85,259.0,1.63,5040.6,1290093.04,1
2025-01-06,2025-01-06 15:00:00,259.0,265.0,242.4,259.0,0.0,5040.6,1290093.04,0
2025-01-07,2025-01-07 11:00:00,264.0,264.5,259.5,262.5,-0.57,2714.6,702934.6,-1
2025-01-07,2025-01-07 12:00:00,262.5,262.5,261.0,261.0,-0.57,2714.6,702934.6,-1
2025-01-07,2025-01-07 13:00:00,261.0,261.0,259.5,259.5,-0.57,2714.6,702934.6,-1
2025-01-07,2025-01-07 14:00:00,259.5,259.5,258.0,258.0,-0.58,2714.6,702934.6,-1
2025-01-07,2025-01-07 15:00:00,258.0,265.0,255.0,258.0,0.0,2714.6,702934.6,0
2025-01-08,2025-01-08 11:00:00,263.0,263.0,257.05,260.75,-0.86,4261.6,1080967.24,-1
2025-01-08,2025-01-08 12:00:00,260.75,260.75,258.5,258.5,-0.86,4261.6,1080967.24,-1
2025-01-08,2025-01-08 13:00:00,258.5,258.5,256.25,256.25,-0.87,4261.6,1080967.24,-1
2025-01-08,2025-01-08 14:00:00,256.25,256.25,254.0,254.0,-0.88,4261.6,1080967.24,-1
2025-01-08,2025-01-08 15:00:00,254.0,263.0,251.1,254.0,0.0,4261.6,1080967.24,0
2025-01-09,2025-01-09 11:00:00,258.9,261.45,252.5,259.42,0.2,8369.0,2164956.34,1
2025-01-09,2025-01-09 12:00:00,259.42,259.95,259.42,259.95,0.2,8369.0,2164956.34,1
2025-01-09,2025-01-09 13:00:00,259.95,260.48,259.95,260.48,0.2,8369.0,2164956.34,1
2025-01-09,2025-01-09 14:00:00,260.48,261.0,260.48,261.0,0.2,8369.0,2164956.34,1
2025-01-09,2025-01-09 15:00:00,261.0,264.0,246.1,261.0,0.0,8369.0,2164956.34,0
2025-01-12,2025-01-12 11:00:00,264.0,264.0,259.5,262.0,-0.76,2975.0,763377.58,-1
2025-01-12,2025-01-12 12:00:00,262.0,262.0,260.0,260.0,-0.76,2975.0,763377.58,-1
2025-01-12,2025-01-12 13:00:00,260.0,260.0,258.0,258.0,-0.77,2975.0,763377.58,-1
2025-01-12,2025-01-12 14:00:00,258.0,258.0,256.0,256.0,-0.78,2975.0,763377.58,-1
2025-01-12,2025-01-12 15:00:00,256.0,264.0,255.0,256.0,0.0,2975.0,763377.58,0
2025-01-13,2025-01-13 11:00:00,255.0,256.0,252.0,254.75,-0.1,3386.0,852821.06,-1
2025-01-13,2025-01-13 12:00:00,254.75,254.75,254.5,254.5,-0.1,3386.0,852821.06,-1
2025-01-13,2025-01-13 13:00:00,254.5,254.5,254.25,254.25,-0.1,3386.0,852821.06,-1
2025-01-13,2025-01-13 14:00:00,254.25,254.25,254.0,254.0,-0.1,3386.0,852821.06,-1
2025-01-13,2025-01-13 15:00:00,254.0,257.0,249.0,254.0,0.0,3386.0,852821.06,0
2025-01-15,2025-01-15 11:00:00,249.0,253.5,247.5,250.72,0.69,2753.4,699331.04,1
2025-01-15,2025-01-15 12:00:00,250.72,252.45,250.72,252.45,0.69,2753.4,699331.04,1
2025-01-15,2025-01-15 13:00:00,252.45,254.18,252.45,254.18,0.69,2753.4,699331.04,1
2025-01-15,2025-01-15 14:00:00,254.18,255.9,254.18,255.9,0.68,2753.4,699331.04,1
2025-01-15,2025-01-15 15:00:00,255.9,258.0,246.0,255.9,0.0,2753.4,699331.04,0
2025-01-16,2025-01-16 11:00:00,255.0,255.0,252.5,254.25,-0.29,1982.4,498206.64,-1
2025-01-16,2025-01-16 12:00:00,254.25,254.25,253.5,253.5,-0.29,1982.4,498206.64,-1
2025-01-16,2025-01-16 13:00:00,253.5,253.5,252.75,252.75,-0.3,1982.4,498206.64,-1
2025-01-16,2025-01-16 14:00:00,252.75,252.75,252.0,252.0,-0.3,1982.4,498206.64,-1
2025-01-16,2025-01-16 15:00:00,252.0,255.0,250.0,252.0,0.0,1982.4,498206.64,0
2025-01-19,2025-01-19 11:00:00,252.0,254.0,251.25,252.25,0.1,3851.0,972160.16,1
2025-01-19,2025-01-19 12:00:00,252.25,252.5,252.25,252.5,0.1,3851.0,972160.16,1
2025-01-19,2025-01-19 13:00:00,252.5,252.75,252.5,252.75,0.1,3851.0,972160.16,1
2025-01-19,2025-01-19 14:00:00,252.75,253.0,252.75,253.0,0.1,3851.0,972160.16,1
2025-01-19,2025-01-19 15:00:00,253.0,256.0,250.5,253.0,0.0,3851.0,972160.16,0
2025-01-20,2025-01-20 11:00:00,258.0,262.4,255.5,259.02,0.4,4555.0,1178792.06,1
2025-01-20,2025-01-20 12:00:00,259.02,260.05,259.02,260.05,0.4,4555.0,1178792.06,1
2025-01-20,2025-01-20 13:00:00,260.05,261.08,260.05,261.08,0.4,4555.0,1178792.06,1
2025-01-20,2025-01-20 14:00:00,261.08,262.1,261.08,262.1,0.39,4555.0,1178792.06,1
2025-01-20,2025-01-20 15:00:00,262.1,266.8,253.0,262.1,0.0,4555.0,1178792.06,0
2025-01-21,2025-01-21 11:00:00,267.0,267.0,262.5,265.23,-0.66,2188.0,569125.8,-1
2025-01-21,2025-01-21 12:00:00,265.23,265.23,263.45,263.45,-0.67,2188.0,569125.8,-1
2025-01-21,2025-01-21 13:00:00,263.45,263.45,261.67,261.67,-0.68,2188.0,569125.8,-1
2025-01-21,2025-01-21 14:00:00,261.67,261.67,259.9,259.9,-0.68,2188.0,569125.8,-1
2025-01-21,2025-01-21 15:00:00,259.9,267.0,258.0,259.9,0.0,2188.0,569125.8,0
2025-01-22,2025-01-22 11:00:00,259.0,267.2,259.0,260.3,0.5,6358.0,1685887.64,1
2025-01-22,2025-01-22 12:00:00,260.3,261.6,260.3,261.6,0.5,6358.0,1685887.64,1
2025-01-22,2025-01-22 13:00:00,261.6,262.9,261.6,262.9,0.5,6358.0,1685887.64,1
2025-01-22,2025-01-22 14:00:00,262.9,264.2,262.9,264.2,0.49,6358.0,1685887.64,1
2025-01-22,2025-01-22 15:00:00,264.2,275.4,259.0,264.2,0.0,6358.0,1685887.64,0
2025-01-23,2025-01-23 11:00:00,267.5,270.25,266.25,267.0,-0.19,8075.2,2168598.52,-1
2025-01-23,2025-01-23 12:00:00,267.0,267.0,266.5,266.5,-0.19,8075.2,2168598.52,-1
2025-01-23,2025-01-23 13:00:00,266.5,266.5,266.0,266.0,-0.19,8075.2,2168598.52,-1
2025-01-23,2025-01-23 14:00:00,266.0,266.0,265.5,265.5,-0.19,8075.2,2168598.52,-1
2025-01-23,2025-01-23 15:00:00,265.5,273.0,265.0,265.5,0.0,8075.2,2168598.52,0
2025-01-26,2025-01-26 11:00:00,269.9,269.9,265.5,268.92,-0.36,3707.4,988473.94,-1
2025-01-26,2025-01-26 12:00:00,268.92,268.92,267.95,267.95,-0.36,3707.4,988473.94,-1
2025-01-26,2025-01-26 13:00:00,267.95,267.95,266.98,266.98,-0.36,3707.4,988473.94,-1
2025-01-26,2025-01-26 14:00:00,266.98,266.98,266.0,266.0,-0.37,3707.4,988473.94,-1
2025-01-26,2025-01-26 15:00:00,266.0,269.9,261.1,266.0,0.0,3707.4,988473.94,0
2025-01-27,2025-01-27 11:00:00,263.0,270.5,263.0,264.75,0.67,3775.4,1020123.48,1
2025-01-27,2025-01-27 12:00:00,264.75,266.5,264.75,266.5,0.66,3775.4,1020123.48,1
2025-01-27,2025-01-27 13:00:00,266.5,268.25,266.5,268.25,0.66,3775.4,1020123.48,1
2025-01-27,2025-01-27 14:00:00,268.25,270.0,268.25,270.0,0.65,3775.4,1020123.48,1
2025-01-27,2025-01-27 15:00:00,270.0,278.0,263.0,270.0,0.0,3775.4,1020123.48,0
2025-01-28,2025-01-28 11:00:00,273.0,279.0,269.0,275.23,0.82,12804.6,3552775.88,1
2025-01-28,2025-01-28 12:00:00,275.23,277.45,275.23,277.45,0.81,12804.6,3552775.88,1
2025-01-28,2025-01-28 13:00:00,277.45,279.67,277.45,279.67,0.8,12804.6,3552775.88,1
2025-01-28,2025-01-28 14:00:00,279.67,281.9,279.67,281.9,0.8,12804.6,3552775.88,1
2025-01-28,2025-01-28 15:00:00,281.9,285.0,265.0,281.9,0.0,12804.6,3552775.88,0
2025-02-02,2025-02-02 11:00:00,281.9,285.95,281.9,282.42,0.18,12034.6,3437000.12,1
2025-02-02,2025-02-02 12:00:00,282.42,282.95,282.42,282.95,0.19,12034.6,3437000.12,1
2025-02-02,2025-02-02 13:00:00,282.95,283.48,282.95,283.48,0.19,12034.6,3437000.12,1
2025-02-02,2025-02-02 14:00:00,283.48,284.0,283.48,284.0,0.18,12034.6,3437000.12,1
2025-02-02,2025-02-02 15:00:00,284.0,290.0,281.9,284.0,0.0,12034.6,3437000.12,0
2025-02-03,2025-02-03 11:00:00,289.6,289.6,282.8,286.45,-1.09,6798.8,1903058.78,-1
2025-02-03,2025-02-03 12:00:00,286.45,286.45,283.3,283.3,-1.1,6798.8,1903058.78,-1
2025-02-03,2025-02-03 13:00:00,283.3,283.3,280.15,280.15,-1.11,6798.8,1903058.78,-1
2025-02-03,2025-02-03 14:00:00,280.15,280.15,277.0,277.0,-1.12,6798.8,1903058.78,-1
2025-02-03,2025-02-03 15:00:00,277.0,289.6,276.0,277.0,0.0,6798.8,1903058.78,0
2025-02-04,2025-02-04 11:00:00,282.0,282.0,279.0,280.75,-0.44,4086.0,1137941.3,-1
2025-02-04,2025-02-04 12:00:00,280.75,280.75,279.5,279.5,-0.45,4086.0,1137941.3,-1
2025-02-04,2025-02-04 13:00:00,279.5,279.5,278.25,278.25,-0.45,4086.0,1137941.3,-1
2025-02-04,2025-02-04 14:00:00,278.25,278.25,277.0,277.0,-0.45,4086.0,1137941.3,-1
2025-02-04,2025-02-04 15:00:00,277.0,282.0,276.0,277.0,0.0,4086.0,1137941.3,0
2025-02-05,2025-02-05 11:00:00,277.0,284.9,276.15,279.0,0.72,8192.8,2334931.94,1
2025-02-05,2025-02-05 12:00:00,279.0,281.0,279.0,281.0,0.72,8192.8,2334931.94,1
2025-02-05,2025-02-05 13:00:00,281.0,283.0,281.0,283.0,0.71,8192.8,2334931.94,1
2025-02-05,2025-02-05 14:00:00,283.0,285.0,283.0,285.0,0.71,8192.8,2334931.94,1
2025-02-05,2025-02-05 15:00:00,285.0,292.8,275.3,285.0,0.0,8192.8,2334931.94,0
2025-02-06,2025-02-06 11:00:00,281.2,285.95,280.6,281.9,0.25,6817.0,1951056.62,1
2025-02-06,2025-02-06 12:00:00,281.9,282.6,281.9,282.6,0.25,6817.0,1951056.62,1
2025-02-06,2025-02-06 13:00:00,282.6,283.3,282.6,283.3,0.25,6817.0,1951056.62,1
2025-02-06,2025-02-06 14:00:00,283.3,284.0,283.3,284.0,0.25,6817.0,1951056.62,1
2025-02-06,2025-02-06 15:00:00,284.0,290.7,280.0,284.0,0.0,6817.0,1951056.62,0
2025-02-09,2025-02-09 11:00:00,285.2,286.05,282.9,284.07,-0.4,5985.4,1692311.56,-1
2025-02-09,2025-02-09 12:00:00,284.07,284.07,282.95,282.95,-0.39,5985.4,1692311.56,-1
2025-02-09,2025-02-09 13:00:00,282.95,282.95,281.82,281.82,-0.4,5985.4,1692311.56,-1
2025-02-09,2025-02-09 14:00:00,281.82,281.82,280.7,280.7,-0.4,5985.4,1692311.56,-1
2025-02-09,2025-02-09 15:00:00,280.7,286.9,280.6,280.7,0.0,5985.4,1692311.56,0
2025-02-10,2025-02-10 11:00:00,280.7,281.0,275.35,279.88,-0.29,4515.2,1237545.94,-1
2025-02-10,2025-02-10 12:00:00,279.88,279.88,279.05,279.05,-0.3,4515.2,1237545.94,-1
2025-02-10,2025-02-10 13:00:00,279.05,279.05,278.22,278.22,-0.3,4515.2,1237545.94,-1
2025-02-10,2025-02-10 14:00:00,278.22,278.22,277.4,277.4,-0.29,4515.2,1237545.94,-1
2025-02-10,2025-02-10 15:00:00,277.4,281.3,270.0,277.4,0.0,4515.2,1237545.94,0
2025-02-11,2025-02-11 11:00:00,272.1,275.0,271.25,272.23,0.05,2933.0,801827.6,1
2025-02-11,2025-02-11 12:00:00,272.23,272.35,272.23,272.35,0.04,2933.0,801827.6,1
2025-02-11,2025-02-11 13:00:00,272.35,272.48,272.35,272.48,0.05,2933.0,801827.6,1
2025-02-11,2025-02-11 14:00:00,272.48,272.6,272.48,272.6,0.04,2933.0,801827.6,1
2025-02-11,2025-02-11 15:00:00,272.6,277.9,270.4,272.6,0.0,2933.0,801827.6,0
2025-02-12,2025-02-12 11:00:00,271.3,276.15,271.15,272.73,0.53,7215.2,2001342.82,1
2025-02-12,2025-02-12 12:00:00,272.73,274.15,272.73,274.15,0.52,7215.2,2001342.82,1
2025-02-12,2025-02-12 13:00:00,274.15,275.57,274.15,275.57,0.52,7215.2,2001342.82,1
2025-02-12,2025-02-12 14:00:00,275.57,277.0,275.57,277.0,0.52,7215.2,2001342.82,1
2025-02-12,2025-02-12 15:00:00,277.0,281.0,271.0,277.0,0.0,7215.2,2001342.82,0
2025-02-13,2025-02-13 11:00:00,282.0,282.2,277.5,279.88,-0.75,2288.4,630676.42,-1
2025-02-13,2025-02-13 12:00:00,279.88,279.88,277.75,277.75,-0.76,2288.4,630676.42,-1
2025-02-13,2025-02-13 13:00:00,277.75,277.75,275.62,275.62,-0.77,2288.4,630676.42,-1
2025-02-13,2025-02-13 14:00:00,275.62,275.62,273.5,273.5,-0.77,2288.4,630676.42,-1
2025-02-13,2025-02-13 15:00:00,273.5,282.4,273.0,273.5,0.0,2288.4,630676.42,0
2025-02-16,2025-02-16 11:00:00,272.3,274.95,271.3,272.73,0.16,5259.0,1441983.04,1
2025-02-16,2025-02-16 12:00:00,272.73,273.15,272.73,273.15,0.15,5259.0,1441983.04,1
2025-02-16,2025-02-16 13:00:00,273.15,273.57,273.15,273.57,0.15,5259.0,1441983.04,1
2025-02-16,2025-02-16 14:00:00,273.57,274.0,273.57,274.0,0.16,5259.0,1441983.04,1
2025-02-16,2025-02-16 15:00:00,274.0,277.6,270.3,274.0,0.0,5259.0,1441983.04,0
2025-02-17,2025-02-17 11:00:00,278.9,278.9,274.45,277.17,-0.62,4369.8,1197086.48,-1
2025-02-17,2025-02-17 12:00:00,277.17,277.17,275.45,275.45,-0.62,4369.8,1197086.48,-1
2025-02-17,2025-02-17 13:00:00,275.45,275.45,273.73,273.73,-0.62,4369.8,1197086.48,-1
2025-02-17,2025-02-17 14:00:00,273.73,273.73,272.0,272.0,-0.63,4369.8,1197086.48,-1
2025-02-17,2025-02-17 15:00:00,272.0,278.9,270.0,272.0,0.0,4369.8,1197086.48,0
2025-02-18,2025-02-18 11:00:00,277.0,285.0,273.0,275.5,-0.54,3812.4,1043901.56,-1
2025-02-18,2025-02-18 12:00:00,275.5,275.5,274.0,274.0,-0.54,3812.4,1043901.56,-1
2025-02-18,2025-02-18 13:00:00,274.0,274.0,272.5,272.5,-0.55,3812.4,1043901.56,-1
2025-02-18,2025-02-18 14:00:00,272.5,272.5,271.0,271.0,-0.55,3812.4,1043901.56,-1
2025-02-18,2025-02-18 15:00:00,271.0,293.0,269.0,271.0,0.0,3812.4,1043901.56,0
2025-02-20,2025-02-20 11:00:00,270.0,272.5,268.1,269.15,-0.31,4660.2,1253611.96,-1
2025-02-20,2025-02-20 12:00:00,269.15,269.15,268.3,268.3,-0.32,4660.2,1253611.96,-1
2025-02-20,2025-02-20 13:00:00,268.3,268.3,267.45,267.45,-0.32,4660.2,1253611.96,-1
2025-02-20,2025-02-20 14:00:00,267.45,267.45,266.6,266.6,-0.32,4660.2,1253611.96,-1
2025-02-20,2025-02-20 15:00:00,266.6,275.0,266.2,266.6,0.0,4660.2,1253611.96,0
2025-02-23,2025-02-23 11:00:00,262.0,266.0,261.0,262.75,0.29,8503.0,2245016.42,1
2025-02-23,2025-02-23 12:00:00,262.75,263.5,262.75,263.5,0.29,8503.0,2245016.42,1
2025-02-23,2025-02-23 13:00:00,263.5,264.25,263.5,264.25,0.28,8503.0,2245016.42,1
2025-02-23,2025-02-23 14:00:00,264.25,265.0,264.25,265.0,0.28,8503.0,2245016.42,1
2025-02-23,2025-02-23 15:00:00,265.0,270.0,260.0,265.0,0.0,8503.0,2245016.42,0
2025-02-24,2025-02-24 11:00:00,270.3,272.15,266.2,269.23,-0.4,3225.2,866324.3,-1
2025-02-24,2025-02-24 12:00:00,269.23,269.23,268.15,268.15,-0.4,3225.2,866324.3,-1
2025-02-24,2025-02-24 13:00:00,268.15,268.15,267.07,267.07,-0.4,3225.2,866324.3,-1
2025-02-24,2025-02-24 14:00:00,267.07,267.07,266.0,266.0,-0.4,3225.2,866324.3,-1
2025-02-24,2025-02-24 15:00:00,266.0,274.0,262.1,266.0,0.0,3225.2,866324.3,0
2025-02-25,2025-02-25 11:00:00,264.0,267.65,264.0,264.73,0.28,3139.0,836577.9,1
2025-02-25,2025-02-25 12:00:00,264.73,265.45,264.73,265.45,0.27,3139.0,836577.9,1
2025-02-25,2025-02-25 13:00:00,265.45,266.17,265.45,266.17,0.27,3139.0,836577.9,1
2025-02-25,2025-02-25 14:00:00,266.17,266.9,266.17,266.9,0.27,3139.0,836577.9,1
2025-02-25,2025-02-25 15:00:00,266.9,271.3,264.0,266.9,0.0,3139.0,836577.9,0
2025-02-27,2025-02-27 11:00:00,272.0,276.5,269.05,273.62,0.6,5911.4,1631188.98,1
2025-02-27,2025-02-27 12:00:00,273.62,275.25,273.62,275.25,0.6,5911.4,1631188.98,1
2025-02-27,2025-02-27 13:00:00,275.25,276.88,275.25,276.88,0.59,5911.4,1631188.98,1
2025-02-27,2025-02-27 14:00:00,276.88,278.5,276.88,278.5,0.59,5911.4,1631188.98,1
2025-02-27,2025-02-27 15:00:00,278.5,281.0,266.1,278.5,0.0,5911.4,1631188.98,0
2025-03-02,2025-03-02 11:00:00,280.0,282.65,279.0,281.25,0.45,7596.2,2142764.66,1
2025-03-02,2025-03-02 12:00:00,281.25,282.5,281.25,282.5,0.44,7596.2,2142764.66,1
2025-03-02,2025-03-02 13:00:00,282.5,283.75,282.5,283.75,0.44,7596.2,2142764.66,1
2025-03-02,2025-03-02 14:00:00,283.75,285.0,283.75,285.0,0.44,7596.2,2142764.66,1
2025-03-02,2025-03-02 15:00:00,285.0,285.3,278.0,285.0,0.0,7596.2,2142764.66,0
2025-03-03,2025-03-03 11:00:00,285.0,287.5,282.5,283.75,-0.44,4418.0,1254805.9,-1
2025-03-03,2025-03-03 12:00:00,283.75,283.75,282.5,282.5,-0.44,4418.0,1254805.9,-1
2025-03-03,2025-03-03 13:00:00,282.5,282.5,281.25,281.25,-0.44,4418.0,1254805.9,-1
2025-03-03,2025-03-03 14:00:00,281.25,281.25,280.0,280.0,-0.44,4418.0,1254805.9,-1
2025-03-03,2025-03-03 15:00:00,280.0,290.0,280.0,280.0,0.0,4418.0,1254805.9,0
2025-03-04,2025-03-04 11:00:00,280.0,287.5,280.0,280.05,0.02,6700.0,1916993.76,1
2025-03-04,2025-03-04 12:00:00,280.05,280.1,280.05,280.1,0.02,6700.0,1916993.76,1
2025-03-04,2025-03-04 13:00:00,280.1,280.15,280.1,280.15,0.02,6700.0,1916993.76,1
2025-03-04,2025-03-04 14:00:00,280.15,280.2,280.15,280.2,0.02,6700.0,1916993.76,1
2025-03-04,2025-03-04 15:00:00,280.2,295.0,280.0,280.2,0.0,6700.0,1916993.76,0
2025-03-05,2025-03-05 11:00:00,285.0,296.6,283.5,289.98,1.75,42467.0,12863768.44,1
2025-03-05,2025-03-05 12:00:00,289.98,294.95,289.98,294.95,1.71,42467.0,12863768.44,1
2025-03-05,2025-03-05 13:00:00,294.95,299.92,294.95,299.92,1.69,42467.0,12863768.44,1
2025-03-05,2025-03-05 14:00:00,299.92,304.9,299.92,304.9,1.66,42467.0,12863768.44,1
2025-03-05,2025-03-05 15:00:00,304.9,308.2,282.0,304.9,0.0,42467.0,12863768.44,0
2025-03-06,2025-03-06 11:00:00,305.0,310.5,300.05,303.5,-0.49,23839.2,7262602.7,-1
2025-03-06,2025-03-06 12:00:00,303.5,303.5,302.0,302.0,-0.49,23839.2,7262602.7,-1
2025-03-06,2025-03-06 13:00:00,302.0,302.0,300.5,300.5,-0.5,23839.2,7262602.7,-1
2025-03-06,2025-03-06 14:00:00,300.5,300.5,299.0,299.0,-0.5,23839.2,7262602.7,-1
2025-03-06,2025-03-06 15:00:00,299.0,316.0,295.1,299.0,0.0,23839.2,7262602.7,0
2025-03-09,2025-03-09 11:00:00,294.5,297.25,290.25,292.38,-0.72,10514.2,3061280.48,-1
2025-03-09,2025-03-09 12:00:00,292.38,292.38,290.25,290.25,-0.73,10514.2,3061280.48,-1
2025-03-09,2025-03-09 13:00:00,290.25,290.25,288.12,288.12,-0.73,10514.2,3061280.48,-1
2025-03-09,2025-03-09 14:00:00,288.12,288.12,286.0,286.0,-0.74,10514.2,3061280.48,-1
2025-03-09,2025-03-09 15:00:00,286.0,300.0,286.0,286.0,0.0,10514.2,3061280.48,0
2025-03-10,2025-03-10 11:00:00,290.0,293.0,282.75,287.5,-0.86,7295.4,2058908.46,-1
2025-03-10,2025-03-10 12:00:00,287.5,287.5,285.0,285.0,-0.87,7295.4,2058908.46,-1
2025-03-10,2025-03-10 13:00:00,285.0,285.0,282.5,282.5,-0.88,7295.4,2058908.46,-1
2025-03-10,2025-03-10 14:00:00,282.5,282.5,280.0,280.0,-0.88,7295.4,2058908.46,-1
2025-03-10,2025-03-10 15:00:00,280.0,296.0,275.5,280.0,0.0,7295.4,2058908.46,0
2025-03-11,2025-03-11 11:00:00,280.0,281.95,277.0,279.93,-0.02,8060.8,2231099.58,-1
2025-03-11,2025-03-11 12:00:00,279.93,279.93,279.85,279.85,-0.03,8060.8,2231099.58,-1
2025-03-11,2025-03-11 13:00:00,279.85,279.85,279.77,279.77,-0.03,8060.8,2231099.58,-1
2025-03-11,2025-03-11 14:00:00,279.77,279.77,279.7,279.7,-0.03,8060.8,2231099.58,-1
2025-03-11,2025-03-11 15:00:00,279.7,283.9,274.0,279.7,0.0,8060.8,2231099.58,0
2025-03-12,2025-03-12 11:00:00,282.0,282.0,275.6,281.2,-0.28,5442.2,1484356.16,-1
2025-03-12,2025-03-12 12:00:00,281.2,281.2,280.4,280.4,-0.28,5442.2,1484356.16,-1
2025-03-12,2025-03-12 13:00:00,280.4,280.4,279.6,279.6,-0.29,5442.2,1484356.16,-1
2025-03-12,2025-03-12 14:00:00,279.6,279.6,278.8,278.8,-0.29,5442.2,1484356.16,-1
2025-03-12,2025-03-12 15:00:00,278.8,282.0,269.2,278.8,0.0,5442.2,1484356.16,0
2025-03-16,2025-03-16 11:00:00,284.0,284.0,273.9,279.3,-1.65,10178.0,2734317.7,-1
2025-03-16,2025-03-16 12:00:00,279.3,279.3,274.6,274.6,-1.68,10178.0,2734317.7,-1
2025-03-16,2025-03-16 13:00:00,274.6,274.6,269.9,269.9,-1.71,10178.0,2734317.7,-1
2025-03-16,2025-03-16 14:00:00,269.9,269.9,265.2,265.2,-1.74,10178.0,2734317.7,-1
2025-03-16,2025-03-16 15:00:00,265.2,284.0,263.8,265.2,0.0,10178.0,2734317.7,0
2025-03-17,2025-03-17 11:00:00,269.9,271.45,267.45,269.17,-0.27,5582.6,1495755.9,-1
2025-03-17,2025-03-17 12:00:00,269.17,269.17,268.45,268.45,-0.27,5582.6,1495755.9,-1
2025-03-17,2025-03-17 13:00:00,268.45,268.45,267.73,267.73,-0.27,5582.6,1495755.9,-1
2025-03-17,2025-03-17 14:00:00,267.73,267.73,267.0,267.0,-0.27,5582.6,1495755.9,-1
2025-03-17,2025-03-17 15:00:00,267.0,273.0,265.0,267.0,0.0,5582.6,1495755.9,0
2025-03-18,2025-03-18 11:00:00,272.3,273.5,268.15,272.73,0.16,3159.0,853078.64,1
2025-03-18,2025-03-18 12:00:00,272.73,273.15,272.73,273.15,0.15,3159.0,853078.64,1
2025-03-18,2025-03-18 13:00:00,273.15,273.57,273.15,273.57,0.15,3159.0,853078.64,1
2025-03-18,2025-03-18 14:00:00,273.57,274.0,273.57,274.0,0.16,3159.0,853078.64,1
2025-03-18,2025-03-18 15:00:00,274.0,274.7,264.0,274.0,0.0,3159.0,853078.64,0
2025-03-19,2025-03-19 11:00:00,275.0,275.0,270.5,273.73,-0.46,2570.6,690941.4,-1
2025-03-19,2025-03-19 12:00:00,273.73,273.73,272.45,272.45,-0.47,2570.6,690941.4,-1
2025-03-19,2025-03-19 13:00:00,272.45,272.45,271.17,271.17,-0.47,2570.6,690941.4,-1
2025-03-19,2025-03-19 14:00:00,271.17,271.17,269.9,269.9,-0.47,2570.6,690941.4,-1
2025-03-19,2025-03-19 15:00:00,269.9,275.0,266.0,269.9,0.0,2570.6,690941.4,0
2025-03-20,2025-03-20 11:00:00,275.1,275.1,270.05,272.86,-0.81,2957.2,787327.64,-1
2025-03-20,2025-03-20 12:00:00,272.86,272.86,270.62,270.62,-0.82,2957.2,787327.64,-1
2025-03-20,2025-03-20 13:00:00,270.62,270.62,268.38,268.38,-0.83,2957.2,787327.64,-1
2025-03-20,2025-03-20 14:00:00,268.38,268.38,266.14,266.14,-0.83,2957.2,787327.64,-1
2025-03-20,2025-03-20 15:00:00,266.14,275.1,265.0,266.14,0.0,2957.2,787327.64,0
2025-03-23,2025-03-23 11:00:00,271.3,271.35,264.65,268.35,-1.09,3806.8,998074.8,-1
2025-03-23,2025-03-23 12:00:00,268.35,268.35,265.39,265.39,-1.1,3806.8,998074.8,-1
2025-03-23,2025-03-23 13:00:00,265.39,265.39,262.44,262.44,-1.11,3806.8,998074.8,-1
2025-03-23,2025-03-23 14:00:00,262.44,262.44,259.49,259.49,-1.12,3806.8,998074.8,-1
2025-03-23,2025-03-23 15:00:00,259.49,271.4,258.0,259.49,0.0,3806.8,998074.8,0
2025-03-24,2025-03-24 11:00:00,258.0,261.6,256.65,259.52,0.59,2500.4,655268.14,1
2025-03-24,2025-03-24 12:00:00,259.52,261.03,259.52,261.03,0.58,2500.4,655268.14,1
2025-03-24,2025-03-24 13:00:00,261.03,262.55,261.03,262.55,0.58,2500.4,655268.14,1
2025-03-24,2025-03-24 14:00:00,262.55,264.07,262.55,264.07,0.58,2500.4,655268.14,1
2025-03-24,2025-03-24 15:00:00,264.07,265.2,255.3,264.07,0.0,2500.4,655268.14,0
2025-03-25,2025-03-25 11:00:00,259.1,260.05,254.55,256.98,-0.82,5292.0,1343257.4,-1
2025-03-25,2025-03-25 12:00:00,256.98,256.98,254.86,254.86,-0.82,5292.0,1343257.4,-1
2025-03-25,2025-03-25 13:00:00,254.86,254.86,252.74,252.74,-0.83,5292.0,1343257.4,-1
2025-03-25,2025-03-25 14:00:00,252.74,252.74,250.62,250.62,-0.84,5292.0,1343257.4,-1
2025-03-25,2025-03-25 15:00:00,250.62,261.0,250.0,250.62,0.0,5292.0,1343257.4,0
2025-03-26,2025-03-26 11:00:00,251.0,259.0,250.7,254.57,1.42,3857.8,1004580.98,1
2025-03-26,2025-03-26 12:00:00,254.57,258.14,254.57,258.14,1.4,3857.8,1004580.98,1
2025-03-26,2025-03-26 13:00:00,258.14,261.72,258.14,261.72,1.39,3857.8,1004580.98,1
2025-03-26,2025-03-26 14:00:00,261.72,265.29,261.72,265.29,1.36,3857.8,1004580.98,1
2025-03-26,2025-03-26 15:00:00,265.29,267.0,250.4,265.29,0.0,3857.8,1004580.98,0
2025-03-27,2025-03-27 11:00:00,270.0,272.35,266.4,268.92,-0.4,2813.0,751245.7,-1
2025-03-27,2025-03-27 12:00:00,268.92,268.92,267.84,267.84,-0.4,2813.0,751245.7,-1
2025-03-27,2025-03-27 13:00:00,267.84,267.84,266.75,266.75,-0.41,2813.0,751245.7,-1
2025-03-27,2025-03-27 14:00:00,266.75,266.75,265.67,265.67,-0.4,2813.0,751245.7,-1
2025-03-27,2025-03-27 15:00:00,265.67,274.7,262.8,265.67,0.0,2813.0,751245.7,0
2025-03-30,2025-03-30 11:00:00,261.0,268.0,261.0,263.58,0.99,6518.2,1761966.24,1
2025-03-30,2025-03-30 12:00:00,263.58,266.17,263.58,266.17,0.98,6518.2,1761966.24,1
2025-03-30,2025-03-30 13:00:00,266.17,268.75,266.17,268.75,0.97,6518.2,1761966.24,1
2025-03-30,2025-03-30 14:00:00,268.75,271.34,268.75,271.34,0.96,6518.2,1761966.24,1
2025-03-30,2025-03-30 15:00:00,271.34,275.0,261.0,271.34,0.0,6518.2,1761966.24,0
2025-04-01,2025-04-01 11:00:00,274.9,274.9,267.95,272.13,-1.01,3576.6,945498.82,-1
2025-04-01,2025-04-01 12:00:00,272.13,272.13,269.36,269.36,-1.02,3576.6,945498.82,-1
2025-04-01,2025-04-01 13:00:00,269.36,269.36,266.58,266.58,-1.03,3576.6,945498.82,-1
2025-04-01,2025-04-01 14:00:00,266.58,266.58,263.81,263.81,-1.04,3576.6,945498.82,-1
2025-04-01,2025-04-01 15:00:00,263.81,274.9,261.0,263.81,0.0,3576.6,945498.82,0
2025-04-02,2025-04-02 11:00:00,267.0,269.35,264.5,266.83,-0.06,2330.6,618238.44,-1
2025-04-02,2025-04-02 12:00:00,266.83,266.83,266.66,266.66,-0.06,2330.6,618238.44,-1
2025-04-02,2025-04-02 13:00:00,266.66,266.66,266.49,266.49,-0.06,2330.6,618238.44,-1
2025-04-02,2025-04-02 14:00:00,266.49,266.49,266.32,266.32,-0.06,2330.6,618238.44,-1
2025-04-02,2025-04-02 15:00:00,266.32,271.7,262.0,266.32,0.0,2330.6,618238.44,0
2025-04-03,2025-04-03 11:00:00,265.0,268.4,263.05,264.35,-0.25,5931.2,1579888.58,-1
2025-04-03,2025-04-03 12:00:00,264.35,264.35,263.69,263.69,-0.25,5931.2,1579888.58,-1
2025-04-03,2025-04-03 13:00:00,263.69,263.69,263.03,263.03,-0.25,5931.2,1579888.58,-1
2025-04-03,2025-04-03 14:00:00,263.03,263.03,262.38,262.38,-0.25,5931.2,1579888.58,-1
2025-04-03,2025-04-03 15:00:00,262.38,271.8,261.1,262.38,0.0,5931.2,1579888.58,0
2025-04-07,2025-04-07 11:00:00,267.6,270.2,262.8,265.48,-0.79,918.4,239473.48,-1
2025-04-07,2025-04-07 12:00:00,265.48,265.48,263.36,263.36,-0.8,918.4,239473.48,-1
2025-04-07,2025-04-07 13:00:00,263.36,263.36,261.24,261.24,-0.8,918.4,239473.48,-1
2025-04-07,2025-04-07 14:00:00,261.24,261.24,259.12,259.12,-0.81,918.4,239473.48,-1
2025-04-07,2025-04-07 15:00:00,259.12,272.8,258.0,259.12,0.0,918.4,239473.48,0
2025-04-08,2025-04-08 11:00:00,263.1,263.1,257.4,261.18,-0.73,3064.0,780817.98,-1
2025-04-08,2025-04-08 12:00:00,261.18,261.18,259.25,259.25,-0.74,3064.0,780817.98,-1
2025-04-08,2025-04-08 13:00:00,259.25,259.25,257.32,257.32,-0.74,3064.0,780817.98,-1
2025-04-08,2025-04-08 14:00:00,257.32,257.32,255.4,255.4,-0.75,3064.0,780817.98,-1
2025-04-08,2025-04-08 15:00:00,255.4,263.1,251.7,255.4,0.0,3064.0,780817.98,0
2025-04-09,2025-04-09 11:00:00,260.0,262.45,257.5,259.06,-0.36,3630.0,935077.64,-1
2025-04-09,2025-04-09 12:00:00,259.06,259.06,258.12,258.12,-0.36,3630.0,935077.64,-1
2025-04-09,2025-04-09 13:00:00,258.12,258.12,257.19,257.19,-0.36,3630.0,935077.64,-1
2025-04-09,2025-04-09 14:00:00,257.19,257.19,256.25,256.25,-0.37,3630.0,935077.64,-1
2025-04-09,2025-04-09 15:00:00,256.25,264.9,255.0,256.25,0.0,3630.0,935077.64,0
2025-04-10,2025-04-10 11:00:00,261.0,261.5,257.3,259.69,-0.5,5566.0,1430190.14,-1
2025-04-10,2025-04-10 12:00:00,259.69,259.69,258.38,258.38,-0.5,5566.0,1430190.14,-1
2025-04-10,2025-04-10 13:00:00,258.38,258.38,257.08,257.08,-0.5,5566.0,1430190.14,-1
2025-04-10,2025-04-10 14:00:00,257.08,257.08,255.77,255.77,-0.51,5566.0,1430190.14,-1
2025-04-10,2025-04-10 15:00:00,255.77,262.0,253.6,255.77,0.0,5566.0,1430190.14,0
2025-04-13,2025-04-13 11:00:00,253.5,257.15,253.5,254.67,0.46,2045.6,526893.88,1
2025-04-13,2025-04-13 12:00:00,254.67,255.83,254.67,255.83,0.46,2045.6,526893.88,1
2025-04-13,2025-04-13 13:00:00,255.83,257.0,255.83,257.0,0.46,2045.6,526893.88,1
2025-04-13,2025-04-13 14:00:00,257.0,258.16,257.0,258.16,0.45,2045.6,526893.88,1
2025-04-13,2025-04-13 15:00:00,258.16,260.8,253.5,258.16,0.0,2045.6,526893.88,0
2025-04-15,2025-04-15 11:00:00,262.9,266.45,258.2,264.33,0.54,3100.4,826849.56,1
2025-04-15,2025-04-15 12:00:00,264.33,265.76,264.33,265.76,0.54,3100.4,826849.56,1
2025-04-15,2025-04-15 13:00:00,265.76,267.2,265.76,267.2,0.54,3100.4,826849.56,1
2025-04-15,2025-04-15 14:00:00,267.2,268.63,267.2,268.63,0.54,3100.4,826849.56,1
2025-04-15,2025-04-15 15:00:00,268.63,270.0,253.5,268.63,0.0,3100.4,826849.56,0
2025-04-16,2025-04-16 11:00:00,268.0,270.65,264.0,268.76,0.28,4860.2,1303836.44,1
2025-04-16,2025-04-16 12:00:00,268.76,269.53,268.76,269.53,0.29,4860.2,1303836.44,1
2025-04-16,2025-04-16 13:00:00,269.53,270.3,269.53,270.3,0.29,4860.2,1303836.44,1
2025-04-16,2025-04-16 14:00:00,270.3,271.06,270.3,271.06,0.28,4860.2,1303836.44,1
2025-04-16,2025-04-16 15:00:00,271.06,273.3,260.0,271.06,0.0,4860.2,1303836.44,0
2025-04-17,2025-04-17 11:00:00,265.7,274.25,265.7,268.74,1.14,9174.8,2548720.96,1
2025-04-17,2025-04-17 12:00:00,268.74,271.78,268.74,271.78,1.13,9174.8,2548720.96,1
2025-04-17,2025-04-17 13:00:00,271.78,274.82,271.78,274.82,1.12,9174.8,2548720.96,1
2025-04-17,2025-04-17 14:00:00,274.82,277.86,274.82,277.86,1.11,9174.8,2548720.96,1
2025-04-17,2025-04-17 15:00:00,277.86,282.8,265.7,277.86,0.0,9174.8,2548720.96,0
2025-04-20,2025-04-20 11:00:00,277.8,278.35,272.9,275.75,-0.74,1991.8,544059.6,-1
2025-04-20,2025-04-20 12:00:00,275.75,275.75,273.71,273.71,-0.74,1991.8,544059.6,-1
2025-04-20,2025-04-20 13:00:00,273.71,273.71,271.66,271.66,-0.75,1991.8,544059.6,-1
2025-04-20,2025-04-20 14:00:00,271.66,271.66,269.61,269.61,-0.75,1991.8,544059.6,-1
2025-04-20,2025-04-20 15:00:00,269.61,278.9,268.0,269.61,0.0,1991.8,544059.6,0
2025-04-21,2025-04-21 11:00:00,266.0,273.0,266.0,267.52,0.57,7478.2,2051347.22,1
2025-04-21,2025-04-21 12:00:00,267.52,269.03,267.52,269.03,0.56,7478.2,2051347.22,1
2025-04-21,2025-04-21 13:00:00,269.03,270.55,269.03,270.55,0.56,7478.2,2051347.22,1
2025-04-21,2025-04-21 14:00:00,270.55,272.07,270.55,272.07,0.56,7478.2,2051347.22,1
2025-04-21,2025-04-21 15:00:00,272.07,280.0,266.0,272.07,0.0,7478.2,2051347.22,0
2025-04-22,2025-04-22 11:00:00,277.0,278.45,273.55,275.62,-0.5,2545.4,698194.34,-1
2025-04-22,2025-04-22 12:00:00,275.62,275.62,274.24,274.24,-0.5,2545.4,698194.34,-1
2025-04-22,2025-04-22 13:00:00,274.24,274.24,272.86,272.86,-0.5,2545.4,698194.34,-1
2025-04-22,2025-04-22 14:00:00,272.86,272.86,271.48,271.48,-0.51,2545.4,698194.34,-1
2025-04-22,2025-04-22 15:00:00,271.48,279.9,270.1,271.48,0.0,2545.4,698194.34,0
2025-04-23,2025-04-23 11:00:00,266.4,273.45,265.75,268.62,0.83,4212.4,1147479.38,1
2025-04-23,2025-04-23 12:00:00,268.62,270.83,268.62,270.83,0.82,4212.4,1147479.38,1
2025-04-23,2025-04-23 13:00:00,270.83,273.05,270.83,273.05,0.82,4212.4,1147479.38,1
2025-04-23,2025-04-23 14:00:00,273.05,275.27,273.05,275.27,0.81,4212.4,1147479.38,1
2025-04-23,2025-04-23 15:00:00,275.27,280.5,265.1,275.27,0.0,4212.4,1147479.38,0
2025-04-24,2025-04-24 11:00:00,275.0,275.0,271.1,273.87,-0.41,3422.6,927430.0,-1
2025-04-24,2025-04-24 12:00:00,273.87,273.87,272.74,272.74,-0.41,3422.6,927430.0,-1
2025-04-24,2025-04-24 13:00:00,272.74,272.74,271.61,271.61,-0.41,3422.6,927430.0,-1
2025-04-24,2025-04-24 14:00:00,271.61,271.61,270.48,270.48,-0.42,3422.6,927430.0,-1
2025-04-24,2025-04-24 15:00:00,270.48,275.0,267.2,270.48,0.0,3422.6,927430.0,0
2025-04-27,2025-04-27 11:00:00,265.6,272.3,265.6,267.22,0.61,8165.0,2247266.58,1
2025-04-27,2025-04-27 12:00:00,267.22,268.84,267.22,268.84,0.61,8165.0,2247266.58,1
2025-04-27,2025-04-27 13:00:00,268.84,270.46,268.84,270.46,0.6,8165.0,2247266.58,1
2025-04-27,2025-04-27 14:00:00,270.46,272.08,270.46,272.08,0.6,8165.0,2247266.58,1
2025-04-27,2025-04-27 15:00:00,272.08,279.0,265.6,272.08,0.0,8165.0,2247266.58,0
2025-04-28,2025-04-28 11:00:00,266.7,276.85,266.7,267.4,0.26,4395.6,1206411.4,1
2025-04-28,2025-04-28 12:00:00,267.4,268.11,267.4,268.11,0.27,4395.6,1206411.4,1
2025-04-28,2025-04-28 13:00:00,268.11,268.81,268.11,268.81,0.26,4395.6,1206411.4,1
2025-04-28,2025-04-28 14:00:00,268.81,269.51,268.81,269.51,0.26,4395.6,1206411.4,1
2025-04-28,2025-04-28 15:00:00,269.51,287.0,266.7,269.51,0.0,4395.6,1206411.4,0
2025-04-29,2025-04-29 11:00:00,270.0,270.15,267.0,269.16,-0.31,4737.8,1260243.92,-1
2025-04-29,2025-04-29 12:00:00,269.16,269.16,268.32,268.32,-0.31,4737.8,1260243.92,-1
2025-04-29,2025-04-29 13:00:00,268.32,268.32,267.48,267.48,-0.31,4737.8,1260243.92,-1
2025-04-29,2025-04-29 14:00:00,267.48,267.48,266.64,266.64,-0.31,4737.8,1260243.92,-1
2025-04-29,2025-04-29 15:00:00,266.64,270.3,264.0,266.64,0.0,4737.8,1260243.92,0
2025-04-30,2025-04-30 11:00:00,263.0,269.0,263.0,264.07,0.41,4466.0,1201698.14,1
2025-04-30,2025-04-30 12:00:00,264.07,265.15,264.07,265.15,0.41,4466.0,1201698.14,1
2025-04-30,2025-04-30 13:00:00,265.15,266.23,265.15,266.23,0.41,4466.0,1201698.14,1
2025-04-30,2025-04-30 14:00:00,266.23,267.3,266.23,267.3,0.4,4466.0,1201698.14,1
2025-04-30,2025-04-30 15:00:00,267.3,275.0,263.0,267.3,0.0,4466.0,1201698.14,0
2025-05-04,2025-05-04 11:00:00,268.1,271.05,267.35,268.62,0.19,2957.4,800321.62,1
2025-05-04,2025-05-04 12:00:00,268.62,269.15,268.62,269.15,0.2,2957.4,800321.62,1
2025-05-04,2025-05-04 13:00:00,269.15,269.68,269.15,269.68,0.2,2957.4,800321.62,1
2025-05-04,2025-05-04 14:00:00,269.68,270.2,269.68,270.2,0.19,2957.4,800321.62,1
2025-05-04,2025-05-04 15:00:00,270.2,274.0,266.6,270.2,0.0,2957.4,800321.62,0
2025-05-05,2025-05-05 11:00:00,264.8,268.6,264.4,264.84,0.02,3545.2,943436.78,1
2025-05-05,2025-05-05 12:00:00,264.84,264.88,264.84,264.88,0.02,3545.2,943436.78,1
2025-05-05,2025-05-05 13:00:00,264.88,264.91,264.88,264.91,0.01,3545.2,943436.78,1
2025-05-05,2025-05-05 14:00:00,264.91,264.95,264.91,264.95,0.02,3545.2,943436.78,1
2025-05-05,2025-05-05 15:00:00,264.95,272.4,264.0,264.95,0.0,3545.2,943436.78,0
2025-05-06,2025-05-06 11:00:00,259.8,264.85,259.8,261.01,0.47,4099.6,1089850.7,1
2025-05-06,2025-05-06 12:00:00,261.01,262.22,261.01,262.22,0.46,4099.6,1089850.7,1
2025-05-06,2025-05-06 13:00:00,262.22,263.43,262.22,263.43,0.46,4099.6,1089850.7,1
2025-05-06,2025-05-06 14:00:00,263.43,264.64,263.43,264.64,0.46,4099.6,1089850.7,1
2025-05-06,2025-05-06 15:00:00,264.64,269.9,259.8,264.64,0.0,4099.6,1089850.7,0
2025-05-07,2025-05-07 11:00:00,269.0,272.0,267.05,270.0,0.37,3862.0,1049199.92,1
2025-05-07,2025-05-07 12:00:00,270.0,271.01,270.0,271.01,0.37,3862.0,1049199.92,1
2025-05-07,2025-05-07 13:00:00,271.01,272.01,271.01,272.01,0.37,3862.0,1049199.92,1
2025-05-07,2025-05-07 14:00:00,272.01,273.02,272.01,273.02,0.37,3862.0,1049199.92,1
2025-05-07,2025-05-07 15:00:00,273.02,275.0,265.1,273.02,0.0,3862.0,1049199.92,0
2025-05-08,2025-05-08 11:00:00,273.0,279.0,271.5,274.22,0.45,12321.2,3435002.14,1
2025-05-08,2025-05-08 12:00:00,274.22,275.44,274.22,275.44,0.44,12321.2,3435002.14,1
2025-05-08,2025-05-08 13:00:00,275.44,276.65,275.44,276.65,0.44,12321.2,3435002.14,1
2025-05-08,2025-05-08 14:00:00,276.65,277.87,276.65,277.87,0.44,12321.2,3435002.14,1
2025-05-08,2025-05-08 15:00:00,277.87,285.0,270.0,277.87,0.0,12321.2,3435002.14,0
2025-05-11,2025-05-11 11:00:00,273.1,280.3,273.05,273.19,0.03,4604.6,1279678.22,1
2025-05-11,2025-05-11 12:00:00,273.19,273.27,273.19,273.27,0.03,4604.6,1279678.22,1
2025-05-11,2025-05-11 13:00:00,273.27,273.36,273.27,273.36,0.03,4604.6,1279678.22,1
2025-05-11,2025-05-11 14:00:00,273.36,273.45,273.36,273.45,0.03,4604.6,1279678.22,1
2025-05-11,2025-05-11 15:00:00,273.45,287.5,273.0,273.45,0.0,4604.6,1279678.22,0
2025-05-13,2025-05-13 11:00:00,270.1,270.1,267.55,269.58,-0.19,4611.2,1233792.66,-1
2025-05-13,2025-05-13 12:00:00,269.58,269.58,269.05,269.05,-0.2,4611.2,1233792.66,-1
2025-05-13,2025-05-13 13:00:00,269.05,269.05,268.52,268.52,-0.2,4611.2,1233792.66,-1
2025-05-13,2025-05-13 14:00:00,268.52,268.52,268.0,268.0,-0.19,4611.2,1233792.66,-1
2025-05-13,2025-05-13 15:00:00,268.0,270.1,265.0,268.0,0.0,4611.2,1233792.66,0
2025-05-14,2025-05-14 11:00:00,269.0,269.0,265.05,267.68,-0.49,3294.2,869711.82,-1
2025-05-14,2025-05-14 12:00:00,267.68,267.68,266.36,266.36,-0.49,3294.2,869711.82,-1
2025-05-14,2025-05-14 13:00:00,266.36,266.36,265.03,265.03,-0.5,3294.2,869711.82,-1
2025-05-14,2025-05-14 14:00:00,265.03,265.03,263.71,263.71,-0.5,3294.2,869711.82,-1
2025-05-14,2025-05-14 15:00:00,263.71,269.0,261.1,263.71,0.0,3294.2,869711.82,0
2025-05-15,2025-05-15 11:00:00,260.1,262.55,260.05,260.51,0.16,4627.6,1209191.58,1
2025-05-15,2025-05-15 12:00:00,260.51,260.93,260.51,260.93,0.16,4627.6,1209191.58,1
2025-05-15,2025-05-15 13:00:00,260.93,261.35,260.93,261.35,0.16,4627.6,1209191.58,1
2025-05-15,2025-05-15 14:00:00,261.35,261.76,261.35,261.76,0.16,4627.6,1209191.58,1
2025-05-15,2025-05-15 15:00:00,261.76,265.0,260.0,261.76,0.0,4627.6,1209191.58,0
2025-05-18,2025-05-18 11:00:00,262.0,264.0,259.35,261.07,-0.35,2967.8,765799.1,-1
2025-05-18,2025-05-18 12:00:00,261.07,261.07,260.13,260.13,-0.36,2967.8,765799.1,-1
2025-05-18,2025-05-18 13:00:00,260.13,260.13,259.2,259.2,-0.36,2967.8,765799.1,-1
2025-05-18,2025-05-18 14:00:00,259.2,259.2,258.27,258.27,-0.36,2967.8,765799.1,-1
2025-05-18,2025-05-18 15:00:00,258.27,266.0,256.7,258.27,0.0,2967.8,765799.1,0
2025-05-19,2025-05-19 11:00:00,260.0,261.55,257.0,259.33,-0.26,4110.0,1056664.32,-1
2025-05-19,2025-05-19 12:00:00,259.33,259.33,258.66,258.66,-0.26,4110.0,1056664.32,-1
2025-05-19,2025-05-19 13:00:00,258.66,258.66,257.99,257.99,-0.26,4110.0,1056664.32,-1
2025-05-19,2025-05-19 14:00:00,257.99,257.99,257.32,257.32,-0.26,4110.0,1056664.32,-1
2025-05-19,2025-05-19 15:00:00,257.32,263.1,254.0,257.32,0.0,4110.0,1056664.32,0
2025-05-20,2025-05-20 11:00:00,259.7,262.25,257.2,260.79,0.42,5284.0,1377595.84,1
2025-05-20,2025-05-20 12:00:00,260.79,261.88,260.79,261.88,0.42,5284.0,1377595.84,1
2025-05-20,2025-05-20 13:00:00,261.88,262.98,261.88,262.98,0.42,5284.0,1377595.84,1
2025-05-20,2025-05-20 14:00:00,262.98,264.07,262.98,264.07,0.41,5284.0,1377595.84,1
2025-05-20,2025-05-20 15:00:00,264.07,264.8,254.7,264.07,0.0,5284.0,1377595.84,0
2025-05-21,2025-05-21 11:00:00,269.3,270.65,263.65,267.18,-0.79,4604.0,1211427.54,-1
2025-05-21,2025-05-21 12:00:00,267.18,267.18,265.06,265.06,-0.79,4604.0,1211427.54,-1
2025-05-21,2025-05-21 13:00:00,265.06,265.06,262.94,262.94,-0.8,4604.0,1211427.54,-1
2025-05-21,2025-05-21 14:00:00,262.94,262.94,260.82,260.82,-0.81,4604.0,1211427.54,-1
2025-05-21,2025-05-21 15:00:00,260.82,272.0,258.0,260.82,0.0,4604.0,1211427.54,0
2025-05-22,2025-05-22 11:00:00,266.0,266.5,262.0,264.36,-0.62,2585.8,674244.1,-1
2025-05-22,2025-05-22 12:00:00,264.36,264.36,262.72,262.72,-0.62,2585.8,674244.1,-1
2025-05-22,2025-05-22 13:00:00,262.72,262.72,261.07,261.07,-0.63,2585.8,674244.1,-1
2025-05-22,2025-05-22 14:00:00,261.07,261.07,259.43,259.43,-0.63,2585.8,674244.1,-1
2025-05-22,2025-05-22 15:00:00,259.43,267.0,258.0,259.43,0.0,2585.8,674244.1,0
2025-05-25,2025-05-25 11:00:00,260.5,261.25,257.75,259.5,-0.38,3686.4,953673.08,-1
2025-05-25,2025-05-25 12:00:00,259.5,259.5,258.5,258.5,-0.39,3686.4,953673.08,-1
2025-05-25,2025-05-25 13:00:00,258.5,258.5,257.51,257.51,-0.38,3686.4,953673.08,-1
2025-05-25,2025-05-25 14:00:00,257.51,257.51,256.51,256.51,-0.39,3686.4,953673.08,-1
2025-05-25,2025-05-25 15:00:00,256.51,262.0,255.0,256.51,0.0,3686.4,953673.08,0
2025-05-26,2025-05-26 11:00:00,261.6,264.2,258.8,261.13,-0.18,2590.0,670985.74,-1
2025-05-26,2025-05-26 12:00:00,261.13,261.13,260.67,260.67,-0.18,2590.0,670985.74,-1
2025-05-26,2025-05-26 13:00:00,260.67,260.67,260.2,260.2,-0.18,2590.0,670985.74,-1
2025-05-26,2025-05-26 14:00:00,260.2,260.2,259.73,259.73,-0.18,2590.0,670985.74,-1
2025-05-26,2025-05-26 15:00:00,259.73,266.8,256.0,259.73,0.0,2590.0,670985.74,0
2025-05-27,2025-05-27 11:00:00,255.1,257.55,253.8,254.85,-0.1,4406.8,1122962.0,-1
2025-05-27,2025-05-27 12:00:00,254.85,254.85,254.6,254.6,-0.1,4406.8,1122962.0,-1
2025-05-27,2025-05-27 13:00:00,254.6,254.6,254.35,254.35,-0.1,4406.8,1122962.0,-1
2025-05-27,2025-05-27 14:00:00,254.35,254.35,254.1,254.1,-0.1,4406.8,1122962.0,-1
2025-05-27,2025-05-27 15:00:00,254.1,260.0,252.5,254.1,0.0,4406.8,1122962.0,0
2025-05-28,2025-05-28 11:00:00,259.0,259.0,256.5,257.85,-0.44,2562.6,653487.76,-1
2025-05-28,2025-05-28 12:00:00,257.85,257.85,256.69,256.69,-0.45,2562.6,653487.76,-1
2025-05-28,2025-05-28 13:00:00,256.69,256.69,255.53,255.53,-0.45,2562.6,653487.76,-1
2025-05-28,2025-05-28 14:00:00,255.53,255.53,254.38,254.38,-0.45,2562.6,653487.76,-1
2025-05-28,2025-05-28 15:00:00,254.38,259.0,254.0,254.38,0.0,2562.6,653487.76,0
2025-06-02,2025-06-02 11:00:00,259.4,264.5,257.45,259.91,0.2,4061.8,1053246.6,1
2025-06-02,2025-06-02 12:00:00,259.91,260.41,259.91,260.41,0.19,4061.8,1053246.6,1
2025-06-02,2025-06-02 13:00:00,260.41,260.92,260.41,260.92,0.2,4061.8,1053246.6,1
2025-06-02,2025-06-02 14:00:00,260.92,261.43,260.92,261.43,0.2,4061.8,1053246.6,1
2025-06-02,2025-06-02 15:00:00,261.43,269.6,255.5,261.43,0.0,4061.8,1053246.6,0
2025-06-03,2025-06-03 11:00:00,266.6,266.6,261.3,264.12,-0.93,1813.8,468367.82,-1
2025-06-03,2025-06-03 12:00:00,264.12,264.12,261.64,261.64,-0.94,1813.8,468367.82,-1
2025-06-03,2025-06-03 13:00:00,261.64,261.64,259.17,259.17,-0.94,1813.8,468367.82,-1
2025-06-03,2025-06-03 14:00:00,259.17,259.17,256.69,256.69,-0.96,1813.8,468367.82,-1
2025-06-03,2025-06-03 15:00:00,256.69,266.6,256.0,256.69,0.0,1813.8,468367.82,0
2025-06-04,2025-06-04 11:00:00,261.8,261.8,257.9,261.06,-0.28,2859.8,733257.62,-1
2025-06-04,2025-06-04 12:00:00,261.06,261.06,260.31,260.31,-0.29,2859.8,733257.62,-1
2025-06-04,2025-06-04 13:00:00,260.31,260.31,259.56,259.56,-0.29,2859.8,733257.62,-1
2025-06-04,2025-06-04 14:00:00,259.56,259.56,258.82,258.82,-0.29,2859.8,733257.62,-1
2025-06-04,2025-06-04 15:00:00,258.82,261.8,254.0,258.82,0.0,2859.8,733257.62,0
2025-06-05,2025-06-05 11:00:00,262.3,262.6,256.7,260.49,-0.69,2984.4,762923.02,-1
2025-06-05,2025-06-05 12:00:00,260.49,260.49,258.68,258.68,-0.69,2984.4,762923.02,-1
2025-06-05,2025-06-05 13:00:00,258.68,258.68,256.87,256.87,-0.7,2984.4,762923.02,-1
2025-06-05,2025-06-05 14:00:00,256.87,256.87,255.06,255.06,-0.7,2984.4,762923.02,-1
2025-06-05,2025-06-05 15:00:00,255.06,262.9,251.1,255.06,0.0,2984.4,762923.02,0
2025-06-08,2025-06-08 11:00:00,252.2,254.7,252.2,252.41,0.08,2264.6,575289.24,1
2025-06-08,2025-06-08 12:00:00,252.41,252.62,252.41,252.62,0.08,2264.6,575289.24,1
2025-06-08,2025-06-08 13:00:00,252.62,252.82,252.62,252.82,0.08,2264.6,575289.24,1
2025-06-08,2025-06-08 14:00:00,252.82,253.03,252.82,253.03,0.08,2264.6,575289.24,1
2025-06-08,2025-06-08 15:00:00,253.03,257.2,252.2,253.03,0.0,2264.6,575289.24,0
2025-06-09,2025-06-09 11:00:00,250.1,254.55,250.1,252.06,0.78,3984.6,1019399.26,1
2025-06-09,2025-06-09 12:00:00,252.06,254.03,252.06,254.03,0.78,3984.6,1019399.26,1
2025-06-09,2025-06-09 13:00:00,254.03,255.99,254.03,255.99,0.77,3984.6,1019399.26,1
2025-06-09,2025-06-09 14:00:00,255.99,257.96,255.99,257.96,0.77,3984.6,1019399.26,1
2025-06-09,2025-06-09 15:00:00,257.96,259.0,250.1,257.96,0.0,3984.6,1019399.26,0
2025-06-10,2025-06-10 11:00:00,257.9,260.45,256.5,257.63,-0.1,4929.2,1273471.52,-1
2025-06-10,2025-06-10 12:00:00,257.63,257.63,257.37,257.37,-0.1,4929.2,1273471.52,-1
2025-06-10,2025-06-10 13:00:00,257.37,257.37,257.1,257.1,-0.1,4929.2,1273471.52,-1
2025-06-10,2025-06-10 14:00:00,257.1,257.1,256.83,256.83,-0.11,4929.2,1273471.52,-1
2025-06-10,2025-06-10 15:00:00,256.83,263.0,255.1,256.83,0.0,4929.2,1273471.52,0
2025-06-11,2025-06-11 11:00:00,261.0,269.4,256.55,262.21,0.46,19413.0,5124409.68,1
2025-06-11,2025-06-11 12:00:00,262.21,263.41,262.21,263.41,0.46,19413.0,5124409.68,1
2025-06-11,2025-06-11 13:00:00,263.41,264.62,263.41,264.62,0.46,19413.0,5124409.68,1
2025-06-11,2025-06-11 14:00:00,264.62,265.83,264.62,265.83,0.46,19413.0,5124409.68,1
2025-06-11,2025-06-11 15:00:00,265.83,277.8,252.1,265.83,0.0,19413.0,5124409.68,0
2025-06-12,2025-06-12 11:00:00,271.0,272.75,265.2,269.35,-0.61,5778.4,1545955.2,-1
2025-06-12,2025-06-12 12:00:00,269.35,269.35,267.69,267.69,-0.62,5778.4,1545955.2,-1
2025-06-12,2025-06-12 13:00:00,267.69,267.69,266.03,266.03,-0.62,5778.4,1545955.2,-1
2025-06-12,2025-06-12 14:00:00,266.03,266.03,264.38,264.38,-0.62,5778.4,1545955.2,-1
2025-06-12,2025-06-12 15:00:00,264.38,274.5,259.4,264.38,0.0,5778.4,1545955.2,0
2025-06-15,2025-06-15 11:00:00,269.5,274.45,263.25,266.64,-1.06,8154.4,2139079.04,-1
2025-06-15,2025-06-15 12:00:00,266.64,266.64,263.79,263.79,-1.07,8154.4,2139079.04,-1
2025-06-15,2025-06-15 13:00:00,263.79,263.79,260.94,260.94,-1.08,8154.4,2139079.04,-1
2025-06-15,2025-06-15 14:00:00,260.94,260.94,258.08,258.08,-1.1,8154.4,2139079.04,-1
2025-06-15,2025-06-15 15:00:00,258.08,279.4,257.0,258.08,0.0,8154.4,2139079.04,0
2025-06-16,2025-06-16 11:00:00,263.2,266.6,261.0,262.94,-0.1,6492.4,1711151.12,-1
2025-06-16,2025-06-16 12:00:00,262.94,262.94,262.69,262.69,-0.1,6492.4,1711151.12,-1
2025-06-16,2025-06-16 13:00:00,262.69,262.69,262.44,262.44,-0.1,6492.4,1711151.12,-1
2025-06-16,2025-06-16 14:00:00,262.44,262.44,262.18,262.18,-0.1,6492.4,1711151.12,-1
2025-06-16,2025-06-16 15:00:00,262.18,270.0,258.8,262.18,0.0,6492.4,1711151.12,0
2025-06-17,2025-06-17 11:00:00,257.5,262.2,254.95,257.51,0.0,3648.8,936912.24,1
2025-06-17,2025-06-17 12:00:00,257.51,257.51,257.51,257.51,0.0,3648.8,936912.24,0
2025-06-17,2025-06-17 13:00:00,257.51,257.52,257.51,257.52,0.0,3648.8,936912.24,1
2025-06-17,2025-06-17 14:00:00,257.52,257.53,257.52,257.53,0.0,3648.8,936912.24,1
2025-06-17,2025-06-17 15:00:00,257.53,266.9,252.4,257.53,0.0,3648.8,936912.24,0
2025-06-18,2025-06-18 11:00:00,253.1,256.95,253.05,254.28,0.47,10717.2,2738365.04,1
2025-06-18,2025-06-18 12:00:00,254.28,255.46,254.28,255.46,0.46,10717.2,2738365.04,1
2025-06-18,2025-06-18 13:00:00,255.46,256.65,255.46,256.65,0.47,10717.2,2738365.04,1
2025-06-18,2025-06-18 14:00:00,256.65,257.83,256.65,257.83,0.46,10717.2,2738365.04,1
2025-06-18,2025-06-18 15:00:00,257.83,260.8,253.0,257.83,0.0,10717.2,2738365.04,0
2025-06-19,2025-06-19 11:00:00,252.7,263.6,252.7,255.94,1.28,22277.0,5970428.68,1
2025-06-19,2025-06-19 12:00:00,255.94,259.17,255.94,259.17,1.26,22277.0,5970428.68,1
2025-06-19,2025-06-19 13:00:00,259.17,262.41,259.17,262.41,1.25,22277.0,5970428.68,1
2025-06-19,2025-06-19 14:00:00,262.41,265.65,262.41,265.65,1.23,22277.0,5970428.68,1
2025-06-19,2025-06-19 15:00:00,265.65,274.5,252.7,265.65,0.0,22277.0,5970428.68,0
2025-06-22,2025-06-22 11:00:00,265.0,267.5,261.0,263.08,-0.72,6501.0,1706395.52,-1
2025-06-22,2025-06-22 12:00:00,263.08,263.08,261.17,261.17,-0.73,6501.0,1706395.52,-1
2025-06-22,2025-06-22 13:00:00,261.17,261.17,259.25,259.25,-0.74,6501.0,1706395.52,-1
2025-06-22,2025-06-22 14:00:00,259.25,259.25,257.34,257.34,-0.74,6501.0,1706395.52,-1
2025-06-22,2025-06-22 15:00:00,257.34,270.0,257.0,257.34,0.0,6501.0,1706395.52,0
2025-06-23,2025-06-23 11:00:00,255.0,261.3,255.0,255.84,0.33,10549.8,2708234.1,1
2025-06-23,2025-06-23 12:00:00,255.84,256.68,255.84,256.68,0.33,10549.8,2708234.1,1
2025-06-23,2025-06-23 13:00:00,256.68,257.52,256.68,257.52,0.33,10549.8,2708234.1,1
2025-06-23,2025-06-23 14:00:00,257.52,258.36,257.52,258.36,0.33,10549.8,2708234.1,1
2025-06-23,2025-06-23 15:00:00,258.36,267.6,255.0,258.36,0.0,10549.8,2708234.1,0
2025-06-24,2025-06-24 11:00:00,263.5,266.4,260.8,263.88,0.14,7770.4,2051464.74,1
2025-06-24,2025-06-24 12:00:00,263.88,264.26,263.88,264.26,0.14,7770.4,2051464.74,1
2025-06-24,2025-06-24 13:00:00,264.26,264.64,264.26,264.64,0.14,7770.4,2051464.74,1
2025-06-24,2025-06-24 14:00:00,264.64,265.02,264.64,265.02,0.14,7770.4,2051464.74,1
2025-06-24,2025-06-24 15:00:00,265.02,269.3,258.1,265.02,0.0,7770.4,2051464.74,0
2025-06-25,2025-06-25 11:00:00,266.0,278.0,263.5,270.48,1.68,26207.8,7252099.76,1
2025-06-25,2025-06-25 12:00:00,270.48,274.97,270.48,274.97,1.66,26207.8,7252099.76,1
2025-06-25,2025-06-25 13:00:00,274.97,279.45,274.97,279.45,1.63,26207.8,7252099.76,1
2025-06-25,2025-06-25 14:00:00,279.45,283.93,279.45,283.93,1.6,26207.8,7252099.76,1
2025-06-25,2025-06-25 15:00:00,283.93,290.0,261.0,283.93,0.0,26207.8,7252099.76,0
2025-06-26,2025-06-26 11:00:00,287.0,290.5,281.0,285.45,-0.54,28060.2,8037740.48,-1
2025-06-26,2025-06-26 12:00:00,285.45,285.45,283.89,283.89,-0.55,28060.2,8037740.48,-1
2025-06-26,2025-06-26 13:00:00,283.89,283.89,282.34,282.34,-0.55,28060.2,8037740.48,-1
2025-06-26,2025-06-26 14:00:00,282.34,282.34,280.79,280.79,-0.55,28060.2,8037740.48,-1
2025-06-26,2025-06-26 15:00:00,280.79,294.0,275.0,280.79,0.0,28060.2,8037740.48,0
2025-06-29,2025-06-29 11:00:00,282.0,287.45,276.55,282.8,0.28,13091.2,3669521.34,1
2025-06-29,2025-06-29 12:00:00,282.8,283.6,282.8,283.6,0.28,13091.2,3669521.34,1
2025-06-29,2025-06-29 13:00:00,283.6,284.4,283.6,284.4,0.28,13091.2,3669521.34,1
2025-06-29,2025-06-29 14:00:00,284.4,285.2,284.4,285.2,0.28,13091.2,3669521.34,1
2025-06-29,2025-06-29 15:00:00,285.2,292.9,271.1,285.2,0.0,13091.2,3669521.34,0
2025-06-30,2025-06-30 11:00:00,281.0,285.5,279.5,282.49,0.53,15054.6,4282608.98,1
2025-06-30,2025-06-30 12:00:00,282.49,283.98,282.49,283.98,0.53,15054.6,4282608.98,1
2025-06-30,2025-06-30 13:00:00,283.98,285.46,283.98,285.46,0.52,15054.6,4282608.98,1
2025-06-30,2025-06-30 14:00:00,285.46,286.95,285.46,286.95,0.52,15054.6,4282608.98,1
2025-06-30,2025-06-30 15:00:00,286.95,290.0,278.0,286.95,0.0,15054.6,4282608.98,0
2025-07-01,2025-07-01 11:00:00,282.1,290.05,282.1,285.51,1.21,25072.2,7353966.02,1
2025-07-01,2025-07-01 12:00:00,285.51,288.92,285.51,288.92,1.19,25072.2,7353966.02,1
2025-07-01,2025-07-01 13:00:00,288.92,292.32,288.92,292.32,1.18,25072.2,7353966.02,1
2025-07-01,2025-07-01 14:00:00,292.32,295.73,292.32,295.73,1.17,25072.2,7353966.02,1
2025-07-01,2025-07-01 15:00:00,295.73,298.0,282.1,295.73,0.0,25072.2,7353966.02,0
2025-07-02,2025-07-02 11:00:00,296.0,297.4,292.5,294.76,-0.42,19911.8,5855174.34,-1
2025-07-02,2025-07-02 12:00:00,294.76,294.76,293.51,293.51,-0.42,19911.8,5855174.34,-1
2025-07-02,2025-07-02 13:00:00,293.51,293.51,292.27,292.27,-0.42,19911.8,5855174.34,-1
2025-07-02,2025-07-02 14:00:00,292.27,292.27,291.03,291.03,-0.42,19911.8,5855174.34,-1
2025-07-02,2025-07-02 15:00:00,291.03,298.8,289.0,291.03,0.0,19911.8,5855174.34,0
2025-07-03,2025-07-03 11:00:00,292.0,294.0,287.0,289.88,-0.73,14522.6,4166681.86,-1
2025-07-03,2025-07-03 12:00:00,289.88,289.88,287.75,287.75,-0.73,14522.6,4166681.86,-1
2025-07-03,2025-07-03 13:00:00,287.75,287.75,285.62,285.62,-0.74,14522.6,4166681.86,-1
2025-07-03,2025-07-03 14:00:00,285.62,285.62,283.5,283.5,-0.74,14522.6,4166681.86,-1
2025-07-03,2025-07-03 15:00:00,283.5,296.0,282.0,283.5,0.0,14522.6,4166681.86,0
2025-07-06,2025-07-06 11:00:00,278.0,283.55,278.0,279.3,0.47,11369.4,3221985.88,1
2025-07-06,2025-07-06 12:00:00,279.3,280.6,279.3,280.6,0.47,11369.4,3221985.88,1
2025-07-06,2025-07-06 13:00:00,280.6,281.9,280.6,281.9,0.46,11369.4,3221985.88,1
2025-07-06,2025-07-06 14:00:00,281.9,283.2,281.9,283.2,0.46,11369.4,3221985.88,1
2025-07-06,2025-07-06 15:00:00,283.2,289.1,278.0,283.2,0.0,11369.4,3221985.88,0
2025-07-07,2025-07-07 11:00:00,278.1,282.55,272.65,276.52,-0.57,13821.0,3818137.66,-1
2025-07-07,2025-07-07 12:00:00,276.52,276.52,274.94,274.94,-0.57,13821.0,3818137.66,-1
2025-07-07,2025-07-07 13:00:00,274.94,274.94,273.36,273.36,-0.57,13821.0,3818137.66,-1
2025-07-07,2025-07-07 14:00:00,273.36,273.36,271.78,271.78,-0.58,13821.0,3818137.66,-1
2025-07-07,2025-07-07 15:00:00,271.78,287.0,267.2,271.78,0.0,13821.0,3818137.66,0
2025-07-08,2025-07-08 11:00:00,267.0,272.0,267.0,269.1,0.79,5211.0,1424781.26,1
2025-07-08,2025-07-08 12:00:00,269.1,271.2,269.1,271.2,0.78,5211.0,1424781.26,1
2025-07-08,2025-07-08 13:00:00,271.2,273.3,271.2,273.3,0.77,5211.0,1424781.26,1
2025-07-08,2025-07-08 14:00:00,273.3,275.4,273.3,275.4,0.77,5211.0,1424781.26,1
2025-07-08,2025-07-08 15:00:00,275.4,277.0,267.0,275.4,0.0,5211.0,1424781.26,0
2025-07-09,2025-07-09 11:00:00,275.4,276.7,273.2,275.12,-0.1,7072.8,1938816.26,-1
2025-07-09,2025-07-09 12:00:00,275.12,275.12,274.84,274.84,-0.1,7072.8,1938816.26,-1
2025-07-09,2025-07-09 13:00:00,274.84,274.84,274.56,274.56,-0.1,7072.8,1938816.26,-1
2025-07-09,2025-07-09 14:00:00,274.56,274.56,274.28,274.28,-0.1,7072.8,1938816.26,-1
2025-07-09,2025-07-09 15:00:00,274.28,278.0,271.0,274.28,0.0,7072.8,1938816.26,0
2025-07-10,2025-07-10 11:00:00,279.7,280.1,274.4,277.34,-0.84,5254.6,1425487.86,-1
2025-07-10,2025-07-10 12:00:00,277.34,277.34,274.98,274.98,-0.85,5254.6,1425487.86,-1
2025-07-10,2025-07-10 13:00:00,274.98,274.98,272.62,272.62,-0.86,5254.6,1425487.86,-1
2025-07-10,2025-07-10 14:00:00,272.62,272.62,270.26,270.26,-0.87,5254.6,1425487.86,-1
2025-07-10,2025-07-10 15:00:00,270.26,280.5,269.1,270.26,0.0,5254.6,1425487.86,0
2025-07-13,2025-07-13 11:00:00,275.6,276.3,268.3,272.26,-1.21,13751.2,3647752.4,-1
2025-07-13,2025-07-13 12:00:00,272.26,272.26,268.92,268.92,-1.23,13751.2,3647752.4,-1
2025-07-13,2025-07-13 13:00:00,268.92,268.92,265.57,265.57,-1.25,13751.2,3647752.4,-1
2025-07-13,2025-07-13 14:00:00,265.57,265.57,262.23,262.23,-1.26,13751.2,3647752.4,-1
2025-07-13,2025-07-13 15:00:00,262.23,277.0,261.0,262.23,0.0,13751.2,3647752.4,0
2025-07-14,2025-07-14 11:00:00,265.0,269.5,262.5,265.68,0.26,5493.0,1456682.82,1
2025-07-14,2025-07-14 12:00:00,265.68,266.35,265.68,266.35,0.25,5493.0,1456682.82,1
2025-07-14,2025-07-14 13:00:00,266.35,267.02,266.35,267.02,0.25,5493.0,1456682.82,1
2025-07-14,2025-07-14 14:00:00,267.02,267.7,267.02,267.7,0.25,5493.0,1456682.82,1
2025-07-14,2025-07-14 15:00:00,267.7,274.0,260.0,267.7,0.0,5493.0,1456682.82,0
2025-07-15,2025-07-15 11:00:00,267.0,269.85,266.0,266.73,-0.1,6106.2,1641618.08,-1
2025-07-15,2025-07-15 12:00:00,266.73,266.73,266.46,266.46,-0.1,6106.2,1641618.08,-1
2025-07-15,2025-07-15 13:00:00,266.46,266.46,266.19,266.19,-0.1,6106.2,1641618.08,-1
2025-07-15,2025-07-15 14:00:00,266.19,266.19,265.92,265.92,-0.1,6106.2,1641618.08,-1
2025-07-15,2025-07-15 15:00:00,265.92,272.7,265.0,265.92,0.0,6106.2,1641618.08,0
2025-07-16,2025-07-16 11:00:00,271.2,273.55,267.25,269.62,-0.58,5878.6,1567832.8,-1
2025-07-16,2025-07-16 12:00:00,269.62,269.62,268.03,268.03,-0.59,5878.6,1567832.8,-1
2025-07-16,2025-07-16 13:00:00,268.03,268.03,266.45,266.45,-0.59,5878.6,1567832.8,-1
2025-07-16,2025-07-16 14:00:00,266.45,266.45,264.87,264.87,-0.59,5878.6,1567832.8,-1
2025-07-16,2025-07-16 15:00:00,264.87,275.9,263.3,264.87,0.0,5878.6,1567832.8,0
2025-07-17,2025-07-17 11:00:00,260.0,272.5,260.0,266.04,2.32,17427.8,4876420.04,1
2025-07-17,2025-07-17 12:00:00,266.04,272.08,266.04,272.08,2.27,17427.8,4876420.04,1
2025-07-17,2025-07-17 13:00:00,272.08,278.12,272.08,278.12,2.22,17427.8,4876420.04,1
2025-07-17,2025-07-17 14:00:00,278.12,284.16,278.12,284.16,2.17,17427.8,4876420.04,1
2025-07-17,2025-07-17 15:00:00,284.16,285.0,260.0,284.16,0.0,17427.8,4876420.04,0
2025-07-20,2025-07-20 11:00:00,285.0,289.3,281.8,284.31,-0.24,18820.4,5407612.42,-1
2025-07-20,2025-07-20 12:00:00,284.31,284.31,283.62,283.62,-0.24,18820.4,5407612.42,-1
2025-07-20,2025-07-20 13:00:00,283.62,283.62,282.94,282.94,-0.24,18820.4,5407612.42,-1
2025-07-20,2025-07-20 14:00:00,282.94,282.94,282.25,282.25,-0.24,18820.4,5407612.42,-1
2025-07-20,2025-07-20 15:00:00,282.25,293.6,278.6,282.25,0.0,18820.4,5407612.42,0
2025-07-21,2025-07-21 11:00:00,277.1,286.4,277.1,280.72,1.31,21922.0,6299479.28,1
2025-07-21,2025-07-21 12:00:00,280.72,284.34,280.72,284.34,1.29,21922.0,6299479.28,1
2025-07-21,2025-07-21 13:00:00,284.34,287.95,284.34,287.95,1.27,21922.0,6299479.28,1
2025-07-21,2025-07-21 14:00:00,287.95,291.57,287.95,291.57,1.26,21922.0,6299479.28,1
2025-07-21,2025-07-21 15:00:00,291.57,295.7,277.1,291.57,0.0,21922.0,6299479.28,0
2025-07-22,2025-07-22 11:00:00,288.1,294.05,288.1,288.64,0.19,13026.2,3814240.14,1
2025-07-22,2025-07-22 12:00:00,288.64,289.19,288.64,289.19,0.19,13026.2,3814240.14,1
2025-07-22,2025-07-22 13:00:00,289.19,289.73,289.19,289.73,0.19,13026.2,3814240.14,1
2025-07-22,2025-07-22 14:00:00,289.73,290.27,289.73,290.27,0.19,13026.2,3814240.14,1
2025-07-22,2025-07-22 15:00:00,290.27,300.0,288.1,290.27,0.0,13026.2,3814240.14,0
2025-07-23,2025-07-23 11:00:00,291.0,292.4,287.25,289.83,-0.4,11164.4,3219465.1,-1
2025-07-23,2025-07-23 12:00:00,289.83,289.83,288.65,288.65,-0.41,11164.4,3219465.1,-1
2025-07-23,2025-07-23 13:00:00,288.65,288.65,287.48,287.48,-0.41,11164.4,3219465.1,-1
2025-07-23,2025-07-23 14:00:00,287.48,287.48,286.31,286.31,-0.41,11164.4,3219465.1,-1
2025-07-23,2025-07-23 15:00:00,286.31,293.8,283.5,286.31,0.0,11164.4,3219465.1,0
2025-07-24,2025-07-24 11:00:00,280.7,291.8,280.7,283.53,1.01,16633.6,4878030.76,1
2025-07-24,2025-07-24 12:00:00,283.53,286.37,283.53,286.37,1.0,16633.6,4878030.76,1
2025-07-24,2025-07-24 13:00:00,286.37,289.2,286.37,289.2,0.99,16633.6,4878030.76,1
2025-07-24,2025-07-24 14:00:00,289.2,292.03,289.2,292.03,0.98,16633.6,4878030.76,1
2025-07-24,2025-07-24 15:00:00,292.03,302.9,280.7,292.03,0.0,16633.6,4878030.76,0
2025-07-27,2025-07-27 11:00:00,287.1,291.05,284.55,286.41,-0.24,16417.2,4761454.14,-1
2025-07-27,2025-07-27 12:00:00,286.41,286.41,285.73,285.73,-0.24,16417.2,4761454.14,-1
2025-07-27,2025-07-27 13:00:00,285.73,285.73,285.04,285.04,-0.24,16417.2,4761454.14,-1
2025-07-27,2025-07-27 14:00:00,285.04,285.04,284.35,284.35,-0.24,16417.2,4761454.14,-1
2025-07-27,2025-07-27 15:00:00,284.35,295.0,282.0,284.35,0.0,16417.2,4761454.14,0
2025-07-28,2025-07-28 11:00:00,280.2,284.8,279.8,281.79,0.57,12578.6,3561868.1,1
2025-07-28,2025-07-28 12:00:00,281.79,283.38,281.79,283.38,0.56,12578.6,3561868.1,1
2025-07-28,2025-07-28 13:00:00,283.38,284.98,283.38,284.98,0.56,12578.6,3561868.1,1
2025-07-28,2025-07-28 14:00:00,284.98,286.57,284.98,286.57,0.56,12578.6,3561868.1,1
2025-07-28,2025-07-28 15:00:00,286.57,289.4,279.4,286.57,0.0,12578.6,3561868.1,0
2025-07-29,2025-07-29 11:00:00,281.0,289.5,281.0,282.72,0.61,11178.6,3241192.44,1
2025-07-29,2025-07-29 12:00:00,282.72,284.44,282.72,284.44,0.61,11178.6,3241192.44,1
2025-07-29,2025-07-29 13:00:00,284.44,286.17,284.44,286.17,0.61,11178.6,3241192.44,1
2025-07-29,2025-07-29 14:00:00,286.17,287.89,286.17,287.89,0.6,11178.6,3241192.44,1
2025-07-29,2025-07-29 15:00:00,287.89,298.0,281.0,287.89,0.0,11178.6,3241192.44,0
2025-07-30,2025-07-30 11:00:00,291.0,291.0,284.0,287.9,-1.07,16871.0,4726577.5,-1
2025-07-30,2025-07-30 12:00:00,287.9,287.9,284.81,284.81,-1.07,16871.0,4726577.5,-1
2025-07-30,2025-07-30 13:00:00,284.81,284.81,281.72,281.72,-1.08,16871.0,4726577.5,-1
2025-07-30,2025-07-30 14:00:00,281.72,281.72,278.62,278.62,-1.1,16871.0,4726577.5,-1
2025-07-30,2025-07-30 15:00:00,278.62,291.0,277.0,278.62,0.0,16871.0,4726577.5,0
2025-07-31,2025-07-31 11:00:00,282.9,282.9,275.95,279.63,-1.16,11009.4,2996781.18,-1
2025-07-31,2025-07-31 12:00:00,279.63,279.63,276.37,276.37,-1.17,11009.4,2996781.18,-1
2025-07-31,2025-07-31 13:00:00,276.37,276.37,273.1,273.1,-1.18,11009.4,2996781.18,-1
2025-07-31,2025-07-31 14:00:00,273.1,273.1,269.84,269.84,-1.19,11009.4,2996781.18,-1
2025-07-31,2025-07-31 15:00:00,269.84,282.9,269.0,269.84,0.0,11009.4,2996781.18,0
2025-08-03,2025-08-03 11:00:00,270.0,272.0,268.5,269.5,-0.19,5590.8,1507493.94,-1
2025-08-03,2025-08-03 12:00:00,269.5,269.5,269.01,269.01,-0.18,5590.8,1507493.94,-1
2025-08-03,2025-08-03 13:00:00,269.01,269.01,268.51,268.51,-0.19,5590.8,1507493.94,-1
2025-08-03,2025-08-03 14:00:00,268.51,268.51,268.02,268.02,-0.18,5590.8,1507493.94,-1
2025-08-03,2025-08-03 15:00:00,268.02,274.0,267.0,268.02,0.0,5590.8,1507493.94,0
2025-08-04,2025-08-04 11:00:00,272.7,275.7,269.95,272.09,-0.22,4538.8,1224434.28,-1
2025-08-04,2025-08-04 12:00:00,272.09,272.09,271.48,271.48,-0.22,4538.8,1224434.28,-1
2025-08-04,2025-08-04 13:00:00,271.48,271.48,270.86,270.86,-0.23,4538.8,1224434.28,-1
2025-08-04,2025-08-04 14:00:00,270.86,270.86,270.25,270.25,-0.23,4538.8,1224434.28,-1
2025-08-04,2025-08-04 15:00:00,270.25,278.7,267.2,270.25,0.0,4538.8,1224434.28,0
2025-08-05,2025-08-05 11:00:00,265.1,269.55,265.1,265.35,0.09,5659.6,1523938.66,1
2025-08-05,2025-08-05 12:00:00,265.35,265.61,265.35,265.61,0.1,5659.6,1523938.66,1
2025-08-05,2025-08-05 13:00:00,265.61,265.86,265.61,265.86,0.09,5659.6,1523938.66,1
2025-08-05,2025-08-05 14:00:00,265.86,266.11,265.86,266.11,0.09,5659.6,1523938.66,1
2025-08-05,2025-08-05 15:00:00,266.11,274.0,265.1,266.11,0.0,5659.6,1523938.66,0
2025-08-06,2025-08-06 11:00:00,271.0,273.5,267.35,270.24,-0.28,6392.4,1701491.0,-1
2025-08-06,2025-08-06 12:00:00,270.24,270.24,269.48,269.48,-0.28,6392.4,1701491.0,-1
2025-08-06,2025-08-06 13:00:00,269.48,269.48,268.72,268.72,-0.28,6392.4,1701491.0,-1
2025-08-06,2025-08-06 14:00:00,268.72,268.72,267.96,267.96,-0.28,6392.4,1701491.0,-1
2025-08-06,2025-08-06 15:00:00,267.96,276.0,263.7,267.96,0.0,6392.4,1701491.0,0
2025-08-07,2025-08-07 11:00:00,269.9,271.15,267.75,269.94,0.01,3727.0,1002615.0,1
2025-08-07,2025-08-07 12:00:00,269.94,269.97,269.94,269.97,0.01,3727.0,1002615.0,1
2025-08-07,2025-08-07 13:00:00,269.97,270.0,269.97,270.0,0.01,3727.0,1002615.0,1
2025-08-07,2025-08-07 14:00:00,270.0,270.04,270.0,270.04,0.01,3727.0,1002615.0,1
2025-08-07,2025-08-07 15:00:00,270.04,272.4,265.6,270.04,0.0,3727.0,1002615.0,0
2025-08-11,2025-08-11 11:00:00,275.0,275.0,269.5,272.52,-0.9,4326.4,1155035.26,-1
2025-08-11,2025-08-11 12:00:00,272.52,272.52,270.03,270.03,-0.91,4326.4,1155035.26,-1
2025-08-11,2025-08-11 13:00:00,270.03,270.03,267.55,267.55,-0.92,4326.4,1155035.26,-1
2025-08-11,2025-08-11 14:00:00,267.55,267.55,265.07,265.07,-0.93,4326.4,1155035.26,-1
2025-08-11,2025-08-11 15:00:00,265.07,275.0,264.0,265.07,0.0,4326.4,1155035.26,0
2025-08-12,2025-08-12 11:00:00,263.1,266.7,262.9,263.21,0.04,4238.2,1120270.66,1
2025-08-12,2025-08-12 12:00:00,263.21,263.33,263.21,263.33,0.05,4238.2,1120270.66,1
2025-08-12,2025-08-12 13:00:00,263.33,263.44,263.33,263.44,0.04,4238.2,1120270.66,1
2025-08-12,2025-08-12 14:00:00,263.44,263.55,263.44,263.55,0.04,4238.2,1120270.66,1
2025-08-12,2025-08-12 15:00:00,263.55,270.3,262.7,263.55,0.0,4238.2,1120270.66,0
2025-08-13,2025-08-13 11:00:00,261.1,264.55,260.85,262.56,0.56,2785.4,738624.12,1
2025-08-13,2025-08-13 12:00:00,262.56,264.01,262.56,264.01,0.55,2785.4,738624.12,1
2025-08-13,2025-08-13 13:00:00,264.01,265.47,264.01,265.47,0.55,2785.4,738624.12,1
2025-08-13,2025-08-13 14:00:00,265.47,266.92,265.47,266.92,0.55,2785.4,738624.12,1
2025-08-13,2025-08-13 15:00:00,266.92,268.0,260.6,266.92,0.0,2785.4,738624.12,0
2025-08-14,2025-08-14 11:00:00,265.0,267.5,263.5,265.34,0.13,3292.0,880268.06,1
2025-08-14,2025-08-14 12:00:00,265.34,265.68,265.34,265.68,0.13,3292.0,880268.06,1
2025-08-14,2025-08-14 13:00:00,265.68,266.01,265.68,266.01,0.12,3292.0,880268.06,1
2025-08-14,2025-08-14 14:00:00,266.01,266.35,266.01,266.35,0.13,3292.0,880268.06,1
2025-08-14,2025-08-14 15:00:00,266.35,270.0,262.0,266.35,0.0,3292.0,880268.06,0
2025-08-17,2025-08-17 11:00:00,270.0,272.45,266.0,268.28,-0.64,6896.6,1830390.32,-1
2025-08-17,2025-08-17 12:00:00,268.28,268.28,266.56,266.56,-0.64,6896.6,1830390.32,-1
2025-08-17,2025-08-17 13:00:00,266.56,266.56,264.83,264.83,-0.65,6896.6,1830390.32,-1
2025-08-17,2025-08-17 14:00:00,264.83,264.83,263.11,263.11,-0.65,6896.6,1830390.32,-1
2025-08-17,2025-08-17 15:00:00,263.11,274.9,262.0,263.11,0.0,6896.6,1830390.32,0
2025-08-18,2025-08-18 11:00:00,260.1,265.05,260.1,262.0,0.73,2936.8,780700.16,1
2025-08-18,2025-08-18 12:00:00,262.0,263.89,262.0,263.89,0.72,2936.8,780700.16,1
2025-08-18,2025-08-18 13:00:00,263.89,265.79,263.89,265.79,0.72,2936.8,780700.16,1
2025-08-18,2025-08-18 14:00:00,265.79,267.69,265.79,267.69,0.71,2936.8,780700.16,1
2025-08-18,2025-08-18 15:00:00,267.69,270.0,260.1,267.69,0.0,2936.8,780700.16,0
2025-08-19,2025-08-19 11:00:00,263.0,268.0,263.0,265.21,0.84,7528.0,2038600.52,1
2025-08-19,2025-08-19 12:00:00,265.21,267.42,265.21,267.42,0.83,7528.0,2038600.52,1
2025-08-19,2025-08-19 13:00:00,267.42,269.63,267.42,269.63,0.83,7528.0,2038600.52,1
2025-08-19,2025-08-19 14:00:00,269.63,271.84,269.63,271.84,0.82,7528.0,2038600.52,1
2025-08-19,2025-08-19 15:00:00,271.84,273.0,263.0,271.84,0.0,7528.0,2038600.52,0
2025-08-20,2025-08-20 11:00:00,277.2,277.2,270.6,276.28,-0.33,3809.2,1029626.38,-1
2025-08-20,2025-08-20 12:00:00,276.28,276.28,275.37,275.37,-0.33,3809.2,1029626.38,-1
2025-08-20,2025-08-20 13:00:00,275.37,275.37,274.46,274.46,-0.33,3809.2,1029626.38,-1
2025-08-20,2025-08-20 14:00:00,274.46,274.46,273.54,273.54,-0.34,3809.2,1029626.38,-1
2025-08-20,2025-08-20 15:00:00,273.54,277.2,264.0,273.54,0.0,3809.2,1029626.38,0
2025-08-21,2025-08-21 11:00:00,269.0,270.9,267.9,269.58,0.22,2925.2,788433.84,1
2025-08-21,2025-08-21 12:00:00,269.58,270.15,269.58,270.15,0.21,2925.2,788433.84,1
2025-08-21,2025-08-21 13:00:00,270.15,270.73,270.15,270.73,0.21,2925.2,788433.84,1
2025-08-21,2025-08-21 14:00:00,270.73,271.31,270.73,271.31,0.21,2925.2,788433.84,1
2025-08-21,2025-08-21 15:00:00,271.31,272.8,266.8,271.31,0.0,2925.2,788433.84,0
2025-08-24,2025-08-24 11:00:00,266.1,270.5,265.05,266.14,0.02,3323.0,887427.96,1
2025-08-24,2025-08-24 12:00:00,266.14,266.19,266.14,266.19,0.02,3323.0,887427.96,1
2025-08-24,2025-08-24 13:00:00,266.19,266.23,266.19,266.23,0.02,3323.0,887427.96,1
2025-08-24,2025-08-24 14:00:00,266.23,266.27,266.23,266.27,0.02,3323.0,887427.96,1
2025-08-24,2025-08-24 15:00:00,266.27,274.9,264.0,266.27,0.0,3323.0,887427.96,0
2025-08-25,2025-08-25 11:00:00,263.1,269.55,263.1,265.29,0.83,2430.8,654643.22,1
2025-08-25,2025-08-25 12:00:00,265.29,267.49,265.29,267.49,0.83,2430.8,654643.22,1
2025-08-25,2025-08-25 13:00:00,267.49,269.68,267.49,269.68,0.82,2430.8,654643.22,1
2025-08-25,2025-08-25 14:00:00,269.68,271.87,269.68,271.87,0.81,2430.8,654643.22,1
2025-08-25,2025-08-25 15:00:00,271.87,276.0,263.1,271.87,0.0,2430.8,654643.22,0
2025-08-26,2025-08-26 11:00:00,277.2,279.6,271.65,275.59,-0.58,2962.0,802082.38,-1
2025-08-26,2025-08-26 12:00:00,275.59,275.59,273.98,273.98,-0.58,2962.0,802082.38,-1
2025-08-26,2025-08-26 13:00:00,273.98,273.98,272.37,272.37,-0.59,2962.0,802082.38,-1
2025-08-26,2025-08-26 14:00:00,272.37,272.37,270.76,270.76,-0.59,2962.0,802082.38,-1
2025-08-26,2025-08-26 15:00:00,270.76,282.0,266.1,270.76,0.0,2962.0,802082.38,0
2025-08-27,2025-08-27 11:00:00,266.0,269.65,266.0,267.45,0.55,7064.6,1895215.74,1
2025-08-27,2025-08-27 12:00:00,267.45,268.9,267.45,268.9,0.54,7064.6,1895215.74,1
2025-08-27,2025-08-27 13:00:00,268.9,270.36,268.9,270.36,0.54,7064.6,1895215.74,1
2025-08-27,2025-08-27 14:00:00,270.36,271.81,270.36,271.81,0.54,7064.6,1895215.74,1
2025-08-27,2025-08-27 15:00:00,271.81,273.3,266.0,271.81,0.0,7064.6,1895215.74,0
2025-08-28,2025-08-28 11:00:00,267.0,269.45,261.0,266.03,-0.36,14493.2,3787723.16,-1
2025-08-28,2025-08-28 12:00:00,266.03,266.03,265.06,265.06,-0.36,14493.2,3787723.16,-1
2025-08-28,2025-08-28 13:00:00,265.06,265.06,264.1,264.1,-0.36,14493.2,3787723.16,-1
2025-08-28,2025-08-28 14:00:00,264.1,264.1,263.13,263.13,-0.37,14493.2,3787723.16,-1
2025-08-28,2025-08-28 15:00:00,263.13,271.9,255.0,263.13,0.0,14493.2,3787723.16,0
2025-08-31,2025-08-31 11:00:00,264.0,264.5,259.0,262.3,-0.64,5174.4,1334192.74,-1
2025-08-31,2025-08-31 12:00:00,262.3,262.3,260.6,260.6,-0.65,5174.4,1334192.74,-1
2025-08-31,2025-08-31 13:00:00,260.6,260.6,258.89,258.89,-0.66,5174.4,1334192.74,-1
2025-08-31,2025-08-31 14:00:00,258.89,258.89,257.19,257.19,-0.66,5174.4,1334192.74,-1
2025-08-31,2025-08-31 15:00:00,257.19,265.0,254.0,257.19,0.0,5174.4,1334192.74,0
2025-09-01,2025-09-01 11:00:00,253.1,260.05,251.8,254.18,0.43,5631.8,1430332.3,1
2025-09-01,2025-09-01 12:00:00,254.18,255.25,254.18,255.25,0.42,5631.8,1430332.3,1
2025-09-01,2025-09-01 13:00:00,255.25,256.33,255.25,256.33,0.42,5631.8,1430332.3,1
2025-09-01,2025-09-01 14:00:00,256.33,257.41,256.33,257.41,0.42,5631.8,1430332.3,1
2025-09-01,2025-09-01 15:00:00,257.41,267.0,250.5,257.41,0.0,5631.8,1430332.3,0
2025-09-02,2025-09-02 11:00:00,258.1,258.6,254.1,257.5,-0.23,3778.6,952785.48,-1
2025-09-02,2025-09-02 12:00:00,257.5,257.5,256.9,256.9,-0.23,3778.6,952785.48,-1
2025-09-02,2025-09-02 13:00:00,256.9,256.9,256.3,256.3,-0.23,3778.6,952785.48,-1
2025-09-02,2025-09-02 14:00:00,256.3,256.3,255.7,255.7,-0.23,3778.6,952785.48,-1
2025-09-02,2025-09-02 15:00:00,255.7,259.1,250.1,255.7,0.0,3778.6,952785.48,0
2025-09-03,2025-09-03 11:00:00,250.8,252.9,249.4,250.49,-0.12,2451.4,614238.92,-1
2025-09-03,2025-09-03 12:00:00,250.49,250.49,250.18,250.18,-0.12,2451.4,614238.92,-1
2025-09-03,2025-09-03 13:00:00,250.18,250.18,249.86,249.86,-0.13,2451.4,614238.92,-1
2025-09-03,2025-09-03 14:00:00,249.86,249.86,249.55,249.55,-0.12,2451.4,614238.92,-1
2025-09-03,2025-09-03 15:00:00,249.55,255.0,248.0,249.55,0.0,2451.4,614238.92,0
2025-09-04,2025-09-04 11:00:00,246.2,250.05,245.2,246.95,0.3,3675.8,904605.2,1
2025-09-04,2025-09-04 12:00:00,246.95,247.69,246.95,247.69,0.3,3675.8,904605.2,1
2025-09-04,2025-09-04 13:00:00,247.69,248.44,247.69,248.44,0.3,3675.8,904605.2,1
2025-09-04,2025-09-04 14:00:00,248.44,249.19,248.44,249.19,0.3,3675.8,904605.2,1
2025-09-04,2025-09-04 15:00:00,249.19,253.9,244.2,249.19,0.0,3675.8,904605.2,0
2025-09-07,2025-09-07 11:00:00,246.1,248.05,245.55,246.06,-0.02,3201.4,788675.78,-1
2025-09-07,2025-09-07 12:00:00,246.06,246.06,246.01,246.01,-0.02,3201.4,788675.78,-1
2025-09-07,2025-09-07 13:00:00,246.01,246.01,245.96,245.96,-0.02,3201.4,788675.78,-1
2025-09-07,2025-09-07 14:00:00,245.96,245.96,245.92,245.92,-0.02,3201.4,788675.78,-1
2025-09-07,2025-09-07 15:00:00,245.92,250.0,245.0,245.92,0.0,3201.4,788675.78,0
2025-09-08,2025-09-08 11:00:00,242.5,246.65,242.4,243.16,0.27,3843.8,939684.46,1
2025-09-08,2025-09-08 12:00:00,243.16,243.81,243.16,243.81,0.27,3843.8,939684.46,1
2025-09-08,2025-09-08 13:00:00,243.81,244.47,243.81,244.47,0.27,3843.8,939684.46,1
2025-09-08,2025-09-08 14:00:00,244.47,245.13,244.47,245.13,0.27,3843.8,939684.46,1
2025-09-08,2025-09-08 15:00:00,245.13,250.8,242.3,245.13,0.0,3843.8,939684.46,0
2025-09-18,2025-09-18 11:00:00,245.0,245.0,240.15,242.57,-0.99,61.0,14593.8,-1
2025-09-18,2025-09-18 12:00:00,242.57,242.57,240.15,240.15,-1.0,61.0,14593.8,-1
2025-09-18,2025-09-18 13:00:00,240.15,240.15,237.73,237.73,-1.01,61.0,14593.8,-1
2025-09-18,2025-09-18 14:00:00,237.73,237.73,235.3,235.3,-1.02,61.0,14593.8,-1
2025-09-18,2025-09-18 15:00:00,235.3,245.0,235.3,235.3,0.0,61.0,14593.8,0
2025-09-21,2025-09-21 11:00:00,235.0,245.0,234.5,238.8,1.62,7367.6,1789580.84,1
2025-09-21,2025-09-21 12:00:00,238.8,242.61,238.8,242.61,1.6,7367.6,1789580.84,1
2025-09-21,2025-09-21 13:00:00,242.61,246.41,242.61,246.41,1.57,7367.6,1789580.84,1
2025-09-21,2025-09-21 14:00:00,246.41,250.21,246.41,250.21,1.54,7367.6,1789580.84,1
2025-09-21,2025-09-21 15:00:00,250.21,255.0,234.0,250.21,0.0,7367.6,1789580.84,0
2025-09-23,2025-09-23 11:00:00,245.5,250.25,245.5,247.85,0.96,3367.4,847830.98,1
2025-09-23,2025-09-23 12:00:00,247.85,250.2,247.85,250.2,0.95,3367.4,847830.98,1
2025-09-23,2025-09-23 13:00:00,250.2,252.55,250.2,252.55,0.94,3367.4,847830.98,1
2025-09-23,2025-09-23 14:00:00,252.55,254.9,252.55,254.9,0.93,3367.4,847830.98,1
2025-09-23,2025-09-23 15:00:00,254.9,255.0,245.5,254.9,0.0,3367.4,847830.98,0
2025-09-24,2025-09-24 11:00:00,258.9,258.9,252.0,257.62,-0.49,1256.8,312523.1,-1
2025-09-24,2025-09-24 12:00:00,257.62,257.62,256.35,256.35,-0.49,1256.8,312523.1,-1
2025-09-24,2025-09-24 13:00:00,256.35,256.35,255.07,255.07,-0.5,1256.8,312523.1,-1
2025-09-24,2025-09-24 14:00:00,255.07,255.07,253.8,253.8,-0.5,1256.8,312523.1,-1
2025-09-24,2025-09-24 15:00:00,253.8,258.9,245.1,253.8,0.0,1256.8,312523.1,0
2025-09-25,2025-09-25 11:00:00,253.0,253.35,249.3,251.38,-0.64,3346.0,829939.96,-1
2025-09-25,2025-09-25 12:00:00,251.38,251.38,249.75,249.75,-0.65,3346.0,829939.96,-1
2025-09-25,2025-09-25 13:00:00,249.75,249.75,248.12,248.12,-0.65,3346.0,829939.96,-1
2025-09-25,2025-09-25 14:00:00,248.12,248.12,246.5,246.5,-0.65,3346.0,829939.96,-1
2025-09-25,2025-09-25 15:00:00,246.5,253.7,245.6,246.5,0.0,3346.0,829939.96,0
2025-09-28,2025-09-28 11:00:00,246.6,248.9,246.55,247.45,0.34,1669.2,414719.96,1
2025-09-28,2025-09-28 12:00:00,247.45,248.3,247.45,248.3,0.34,1669.2,414719.96,1
2025-09-28,2025-09-28 13:00:00,248.3,249.15,248.3,249.15,0.34,1669.2,414719.96,1
2025-09-28,2025-09-28 14:00:00,249.15,250.0,249.15,250.0,0.34,1669.2,414719.96,1
2025-09-28,2025-09-28 15:00:00,250.0,251.2,246.5,250.0,0.0,1669.2,414719.96,0
2025-10-07,2025-10-07 11:00:00,251.0,252.0,247.1,249.05,-0.78,1002.0,246478.2,-1
2025-10-07,2025-10-07 12:00:00,249.05,249.05,247.1,247.1,-0.78,1002.0,246478.2,-1
2025-10-07,2025-10-07 13:00:00,247.1,247.1,245.15,245.15,-0.79,1002.0,246478.2,-1
2025-10-07,2025-10-07 14:00:00,245.15,245.15,243.2,243.2,-0.8,1002.0,246478.2,-1
2025-10-07,2025-10-07 15:00:00,243.2,253.0,243.2,243.2,0.0,1002.0,246478.2,0
2025-10-08,2025-10-08 11:00:00,247.0,251.95,243.05,246.03,-0.39,2265.4,549662.18,-1
2025-10-08,2025-10-08 12:00:00,246.03,246.03,245.05,245.05,-0.4,2265.4,549662.18,-1
2025-10-08,2025-10-08 13:00:00,245.05,245.05,244.07,244.07,-0.4,2265.4,549662.18,-1
2025-10-08,2025-10-08 14:00:00,244.07,244.07,243.1,243.1,-0.4,2265.4,549662.18,-1
2025-10-08,2025-10-08 15:00:00,243.1,256.9,239.1,243.1,0.0,2265.4,549662.18,0
2025-10-09,2025-10-09 11:00:00,247.9,253.8,243.95,248.18,0.11,3509.2,867546.78,1
2025-10-09,2025-10-09 12:00:00,248.18,248.45,248.18,248.45,0.11,3509.2,867546.78,1
2025-10-09,2025-10-09 13:00:00,248.45,248.72,248.45,248.72,0.11,3509.2,867546.78,1
2025-10-09,2025-10-09 14:00:00,248.72,249.0,248.72,249.0,0.11,3509.2,867546.78,1
2025-10-09,2025-10-09 15:00:00,249.0,259.7,240.0,249.0,0.0,3509.2,867546.78,0
2025-10-12,2025-10-12 11:00:00,244.1,246.3,237.75,242.8,-0.53,4394.4,1044183.68,-1
2025-10-12,2025-10-12 12:00:00,242.8,242.8,241.5,241.5,-0.54,4394.4,1044183.68,-1
2025-10-12,2025-10-12 13:00:00,241.5,241.5,240.2,240.2,-0.54,4394.4,1044183.68,-1
2025-10-12,2025-10-12 14:00:00,240.2,240.2,238.9,238.9,-0.54,4394.4,1044183.68,-1
2025-10-12,2025-10-12 15:00:00,238.9,248.5,231.4,238.9,0.0,4394.4,1044183.68,0
2025-10-13,2025-10-13 11:00:00,235.1,240.35,233.6,237.72,1.11,1975.8,472480.52,1
2025-10-13,2025-10-13 12:00:00,237.72,240.35,237.72,240.35,1.11,1975.8,472480.52,1
2025-10-13,2025-10-13 13:00:00,240.35,242.97,240.35,242.97,1.09,1975.8,472480.52,1
2025-10-13,2025-10-13 14:00:00,242.97,245.6,242.97,245.6,1.08,1975.8,472480.52,1
2025-10-13,2025-10-13 15:00:00,245.6,245.6,232.1,245.6,0.0,1975.8,472480.52,0
2025-10-14,2025-10-14 11:00:00,241.0,241.5,239.05,240.75,-0.1,1244.8,296922.86,-1
2025-10-14,2025-10-14 12:00:00,240.75,240.75,240.5,240.5,-0.1,1244.8,296922.86,-1
2025-10-14,2025-10-14 13:00:00,240.5,240.5,240.25,240.25,-0.1,1244.8,296922.86,-1
2025-10-14,2025-10-14 14:00:00,240.25,240.25,240.0,240.0,-0.1,1244.8,296922.86,-1
2025-10-14,2025-10-14 15:00:00,240.0,242.0,237.1,240.0,0.0,1244.8,296922.86,0
2025-10-15,2025-10-15 11:00:00,235.2,238.1,233.6,236.65,0.62,2443.2,576413.92,1
2025-10-15,2025-10-15 12:00:00,236.65,238.1,236.65,238.1,0.61,2443.2,576413.92,1
2025-10-15,2025-10-15 13:00:00,238.1,239.55,238.1,239.55,0.61,2443.2,576413.92,1
2025-10-15,2025-10-15 14:00:00,239.55,241.0,239.55,241.0,0.61,2443.2,576413.92,1
2025-10-15,2025-10-15 15:00:00,241.0,241.0,232.0,241.0,0.0,2443.2,576413.92,0
2025-10-16,2025-10-16 11:00:00,236.3,238.1,234.3,236.98,0.29,1503.8,352024.96,1
2025-10-16,2025-10-16 12:00:00,236.98,237.65,236.98,237.65,0.28,1503.8,352024.96,1
2025-10-16,2025-10-16 13:00:00,237.65,238.32,237.65,238.32,0.28,1503.8,352024.96,1
2025-10-16,2025-10-16 14:00:00,238.32,239.0,238.32,239.0,0.29,1503.8,352024.96,1
2025-10-16,2025-10-16 15:00:00,239.0,239.9,232.3,239.0,0.0,1503.8,352024.96,0
2025-10-19,2025-10-19 11:00:00,234.3,238.65,230.15,235.45,0.49,997.4,234577.38,1
2025-10-19,2025-10-19 12:00:00,235.45,236.6,235.45,236.6,0.49,997.4,234577.38,1
2025-10-19,2025-10-19 13:00:00,236.6,237.75,236.6,237.75,0.49,997.4,234577.38,1
2025-10-19,2025-10-19 14:00:00,237.75,238.9,237.75,238.9,0.48,997.4,234577.38,1
2025-10-19,2025-10-19 15:00:00,238.9,243.0,226.0,238.9,0.0,997.4,234577.38,0
2025-10-26,2025-10-26 11:00:00,235.0,235.5,230.6,235.25,0.11,944.8,219710.22,1
2025-10-26,2025-10-26 12:00:00,235.25,235.5,235.25,235.5,0.11,944.8,219710.22,1
2025-10-26,2025-10-26 13:00:00,235.5,235.75,235.5,235.75,0.11,944.8,219710.22,1
2025-10-26,2025-10-26 14:00:00,235.75,236.0,235.75,236.0,0.11,944.8,219710.22,1
2025-10-26,2025-10-26 15:00:00,236.0,236.0,226.2,236.0,0.0,944.8,219710.22,0
2025-10-28,2025-10-28 11:00:00,236.5,239.75,232.25,238.12,0.68,2224.0,529111.32,1
2025-10-28,2025-10-28 12:00:00,238.12,239.75,238.12,239.75,0.68,2224.0,529111.32,1
2025-10-28,2025-10-28 13:00:00,239.75,241.38,239.75,241.38,0.68,2224.0,529111.32,1
2025-10-28,2025-10-28 14:00:00,241.38,243.0,241.38,243.0,0.67,2224.0,529111.32,1
2025-10-28,2025-10-28 15:00:00,243.0,243.0,228.0,243.0,0.0,2224.0,529111.32,0
2025-10-29,2025-10-29 11:00:00,241.0,242.75,238.6,241.88,0.37,4643.6,1107086.6,1
2025-10-29,2025-10-29 12:00:00,241.88,242.75,241.88,242.75,0.36,4643.6,1107086.6,1
2025-10-29,2025-10-29 13:00:00,242.75,243.62,242.75,243.62,0.36,4643.6,1107086.6,1
2025-10-29,2025-10-29 14:00:00,243.62,244.5,243.62,244.5,0.36,4643.6,1107086.6,1
2025-10-29,2025-10-29 15:00:00,244.5,244.5,236.2,244.5,0.0,4643.6,1107086.6,0
2025-10-30,2025-10-30 11:00:00,239.7,244.35,238.9,241.65,0.81,3554.8,869540.7,1
2025-10-30,2025-10-30 12:00:00,241.65,243.6,241.65,243.6,0.81,3554.8,869540.7,1
2025-10-30,2025-10-30 13:00:00,243.6,245.55,243.6,245.55,0.8,3554.8,869540.7,1
2025-10-30,2025-10-30 14:00:00,245.55,247.5,245.55,247.5,0.79,3554.8,869540.7,1
2025-10-30,2025-10-30 15:00:00,247.5,249.0,238.1,247.5,0.0,3554.8,869540.7,0
2025-11-02,2025-11-02 11:00:00,248.0,250.65,245.5,249.32,0.53,3520.4,877374.96,1
2025-11-02,2025-11-02 12:00:00,249.32,250.65,249.32,250.65,0.53,3520.4,877374.96,1
2025-11-02,2025-11-02 13:00:00,250.65,251.98,250.65,251.98,0.53,3520.4,877374.96,1
2025-11-02,2025-11-02 14:00:00,251.98,253.3,251.98,253.3,0.52,3520.4,877374.96,1
2025-11-02,2025-11-02 15:00:00,253.3,253.3,243.0,253.3,0.0,3520.4,877374.96,0
2025-11-03,2025-11-03 11:00:00,249.0,251.15,245.0,249.95,0.38,1328.8,330270.3,1
2025-11-03,2025-11-03 12:00:00,249.95,250.9,249.95,250.9,0.38,1328.8,330270.3,1
2025-11-03,2025-11-03 13:00:00,250.9,251.85,250.9,251.85,0.38,1328.8,330270.3,1
2025-11-03,2025-11-03 14:00:00,251.85,252.8,251.85,252.8,0.38,1328.8,330270.3,1
2025-11-03,2025-11-03 15:00:00,252.8,253.3,241.0,252.8,0.0,1328.8,330270.3,0
2025-11-04,2025-11-04 11:00:00,257.8,257.8,249.9,255.28,-0.98,2468.0,606196.8,-1
2025-11-04,2025-11-04 12:00:00,255.28,255.28,252.75,252.75,-0.99,2468.0,606196.8,-1
2025-11-04,2025-11-04 13:00:00,252.75,252.75,250.22,250.22,-1.0,2468.0,606196.8,-1
2025-11-04,2025-11-04 14:00:00,250.22,250.22,247.7,247.7,-1.01,2468.0,606196.8,-1
2025-11-04,2025-11-04 15:00:00,247.7,257.8,242.0,247.7,0.0,2468.0,606196.8,0
2025-11-05,2025-11-05 11:00:00,242.9,247.45,241.1,243.68,0.32,1053.2,255992.2,1
2025-11-05,2025-11-05 12:00:00,243.68,244.45,243.68,244.45,0.32,1053.2,255992.2,1
2025-11-05,2025-11-05 13:00:00,244.45,245.22,244.45,245.22,0.31,1053.2,255992.2,1
2025-11-05,2025-11-05 14:00:00,245.22,246.0,245.22,246.0,0.32,1053.2,255992.2,1
2025-11-05,2025-11-05 15:00:00,246.0,252.0,239.3,246.0,0.0,1053.2,255992.2,0
2025-11-06,2025-11-06 11:00:00,250.9,250.9,246.05,250.03,-0.35,1904.6,465720.98,-1
2025-11-06,2025-11-06 12:00:00,250.03,250.03,249.15,249.15,-0.35,1904.6,465720.98,-1
2025-11-06,2025-11-06 13:00:00,249.15,249.15,248.28,248.28,-0.35,1904.6,465720.98,-1
2025-11-06,2025-11-06 14:00:00,248.28,248.28,247.4,247.4,-0.35,1904.6,465720.98,-1
2025-11-06,2025-11-06 15:00:00,247.4,250.9,241.2,247.4,0.0,1904.6,465720.98,0
2025-11-09,2025-11-09 11:00:00,242.6,245.0,239.8,242.93,0.14,2768.0,660208.7,1
2025-11-09,2025-11-09 12:00:00,242.93,243.25,242.93,243.25,0.13,2768.0,660208.7,1
2025-11-09,2025-11-09 13:00:00,243.25,243.57,243.25,243.57,0.13,2768.0,660208.7,1
2025-11-09,2025-11-09 14:00:00,243.57,243.9,243.57,243.9,0.14,2768.0,660208.7,1
2025-11-09,2025-11-09 15:00:00,243.9,247.4,237.0,243.9,0.0,2768.0,660208.7,0
2025-11-10,2025-11-10 11:00:00,239.1,243.25,237.4,239.32,0.09,1612.2,384518.72,1
2025-11-10,2025-11-10 12:00:00,239.32,239.55,239.32,239.55,0.1,1612.2,384518.72,1
2025-11-10,2025-11-10 13:00:00,239.55,239.78,239.55,239.78,0.1,1612.2,384518.72,1
2025-11-10,2025-11-10 14:00:00,239.78,240.0,239.78,240.0,0.09,1612.2,384518.72,1
2025-11-10,2025-11-10 15:00:00,240.0,247.4,235.7,240.0,0.0,1612.2,384518.72,0
2025-11-11,2025-11-11 11:00:00,236.3,238.65,236.15,237.3,0.42,1293.2,307304.92,1
2025-11-11,2025-11-11 12:00:00,237.3,238.3,237.3,238.3,0.42,1293.2,307304.92,1
2025-11-11,2025-11-11 13:00:00,238.3,239.3,238.3,239.3,0.42,1293.2,307304.92,1
2025-11-11,2025-11-11 14:00:00,239.3,240.3,239.3,240.3,0.42,1293.2,307304.92,1
2025-11-11,2025-11-11 15:00:00,240.3,241.0,236.0,240.3,0.0,1293.2,307304.92,0
2025-11-12,2025-11-12 11:00:00,236.4,238.2,236.4,237.3,0.38,1106.4,263497.92,1
2025-11-12,2025-11-12 12:00:00,237.3,238.2,237.3,238.2,0.38,1106.4,263497.92,1
2025-11-12,2025-11-12 13:00:00,238.2,239.1,238.2,239.1,0.38,1106.4,263497.92,1
2025-11-12,2025-11-12 14:00:00,239.1,240.0,239.1,240.0,0.38,1106.4,263497.92,1
2025-11-12,2025-11-12 15:00:00,240.0,240.0,236.4,240.0,0.0,1106.4,263497.92,0
2025-11-13,2025-11-13 11:00:00,235.2,237.6,235.2,236.4,0.51,1822.0,433971.46,1
2025-11-13,2025-11-13 12:00:00,236.4,237.6,236.4,237.6,0.51,1822.0,433971.46,1
2025-11-13,2025-11-13 13:00:00,237.6,238.8,237.6,238.8,0.51,1822.0,433971.46,1
2025-11-13,2025-11-13 14:00:00,238.8,240.0,238.8,240.0,0.5,1822.0,433971.46,1
2025-11-13,2025-11-13 15:00:00,240.0,240.0,235.2,240.0,0.0,1822.0,433971.46,0
2025-11-16,2025-11-16 11:00:00,244.0,245.35,241.0,242.5,-0.61,3554.4,854030.46,-1
2025-11-16,2025-11-16 12:00:00,242.5,242.5,241.0,241.0,-0.62,3554.4,854030.46,-1
2025-11-16,2025-11-16 13:00:00,241.0,241.0,239.5,239.5,-0.62,3554.4,854030.46,-1
2025-11-16,2025-11-16 14:00:00,239.5,239.5,238.0,238.0,-0.63,3554.4,854030.46,-1
2025-11-16,2025-11-16 15:00:00,238.0,246.7,238.0,238.0,0.0,3554.4,854030.46,0
2025-11-17,2025-11-17 11:00:00,242.7,244.85,239.15,242.97,0.11,5033.0,1203346.18,1
2025-11-17,2025-11-17 12:00:00,242.97,243.25,242.97,243.25,0.12,5033.0,1203346.18,1
2025-11-17,2025-11-17 13:00:00,243.25,243.53,243.25,243.53,0.12,5033.0,1203346.18,1
2025-11-17,2025-11-17 14:00:00,243.53,243.8,243.53,243.8,0.11,5033.0,1203346.18,1
2025-11-17,2025-11-17 15:00:00,243.8,247.0,235.6,243.8,0.0,5033.0,1203346.18,0
2025-11-18,2025-11-18 11:00:00,244.5,250.25,242.15,247.25,1.12,8817.0,2215727.12,1
2025-11-18,2025-11-18 12:00:00,247.25,250.0,247.25,250.0,1.11,8817.0,2215727.12,1
2025-11-18,2025-11-18 13:00:00,250.0,252.75,250.0,252.75,1.1,8817.0,2215727.12,1
2025-11-18,2025-11-18 14:00:00,252.75,255.5,252.75,255.5,1.09,8817.0,2215727.12,1
2025-11-18,2025-11-18 15:00:00,255.5,256.0,239.8,255.5,0.0,8817.0,2215727.12,0
2025-11-19,2025-11-19 11:00:00,260.0,260.0,252.45,259.38,-0.24,3351.6,851525.06,-1
2025-11-19,2025-11-19 12:00:00,259.38,259.38,258.75,258.75,-0.24,3351.6,851525.06,-1
2025-11-19,2025-11-19 13:00:00,258.75,258.75,258.12,258.12,-0.24,3351.6,851525.06,-1
2025-11-19,2025-11-19 14:00:00,258.12,258.12,257.5,257.5,-0.24,3351.6,851525.06,-1
2025-11-19,2025-11-19 15:00:00,257.5,260.0,244.9,257.5,0.0,3351.6,851525.06,0
2025-11-20,2025-11-20 11:00:00,253.0,256.4,248.5,254.0,0.4,8842.0,2250948.68,1
2025-11-20,2025-11-20 12:00:00,254.0,255.0,254.0,255.0,0.39,8842.0,2250948.68,1
2025-11-20,2025-11-20 13:00:00,255.0,256.0,255.0,256.0,0.39,8842.0,2250948.68,1
2025-11-20,2025-11-20 14:00:00,256.0,257.0,256.0,257.0,0.39,8842.0,2250948.68,1
2025-11-20,2025-11-20 15:00:00,257.0,259.8,244.0,257.0,0.0,8842.0,2250948.68,0
2025-11-23,2025-11-23 11:00:00,262.0,267.15,255.0,261.25,-0.29,2535.0,657824.98,-1
2025-11-23,2025-11-23 12:00:00,261.25,261.25,260.5,260.5,-0.29,2535.0,657824.98,-1
2025-11-23,2025-11-23 13:00:00,260.5,260.5,259.75,259.75,-0.29,2535.0,657824.98,-1
2025-11-23,2025-11-23 14:00:00,259.75,259.75,259.0,259.0,-0.29,2535.0,657824.98,-1
2025-11-23,2025-11-23 15:00:00,259.0,272.3,248.0,259.0,0.0,2535.0,657824.98,0
2025-11-24,2025-11-24 11:00:00,259.0,261.5,257.05,259.0,0.0,5085.0,1313832.74,0
2025-11-24,2025-11-24 12:00:00,259.0,259.0,259.0,259.0,0.0,5085.0,1313832.74,0
2025-11-24,2025-11-24 13:00:00,259.0,259.0,259.0,259.0,0.0,5085.0,1313832.74,0
2025-11-24,2025-11-24 14:00:00,259.0,259.0,259.0,259.0,0.0,5085.0,1313832.74,0
2025-11-24,2025-11-24 15:00:00,259.0,264.0,255.1,259.0,0.0,5085.0,1313832.74,0
2025-11-25,2025-11-25 11:00:00,255.1,257.45,253.7,255.82,0.28,2881.6,736589.26,1
2025-11-25,2025-11-25 12:00:00,255.82,256.55,255.82,256.55,0.29,2881.6,736589.26,1
2025-11-25,2025-11-25 13:00:00,256.55,257.27,256.55,257.27,0.28,2881.6,736589.26,1
2025-11-25,2025-11-25 14:00:00,257.27,258.0,257.27,258.0,0.28,2881.6,736589.26,1
2025-11-25,2025-11-25 15:00:00,258.0,259.8,252.3,258.0,0.0,2881.6,736589.26,0
2025-11-26,2025-11-26 11:00:00,253.2,256.1,253.2,253.4,0.08,1861.4,475057.14,1
2025-11-26,2025-11-26 12:00:00,253.4,253.6,253.4,253.6,0.08,1861.4,475057.14,1
2025-11-26,2025-11-26 13:00:00,253.6,253.8,253.6,253.8,0.08,1861.4,475057.14,1
2025-11-26,2025-11-26 14:00:00,253.8,254.0,253.8,254.0,0.08,1861.4,475057.14,1
2025-11-26,2025-11-26 15:00:00,254.0,259.0,253.2,254.0,0.0,1861.4,475057.14,0
2025-11-27,2025-11-27 11:00:00,250.5,254.25,250.5,250.7,0.08,4833.8,1232330.1,1
2025-11-27,2025-11-27 12:00:00,250.7,250.9,250.7,250.9,0.08,4833.8,1232330.1,1
2025-11-27,2025-11-27 13:00:00,250.9,251.1,250.9,251.1,0.08,4833.8,1232330.1,1
2025-11-27,2025-11-27 14:00:00,251.1,251.3,251.1,251.3,0.08,4833.8,1232330.1,1
2025-11-27,2025-11-27 15:00:00,251.3,258.0,250.5,251.3,0.0,4833.8,1232330.1,0
2025-11-30,2025-11-30 11:00:00,246.3,253.8,246.3,247.93,0.66,3569.4,901556.32,1
2025-11-30,2025-11-30 12:00:00,247.93,249.55,247.93,249.55,0.65,3569.4,901556.32,1
2025-11-30,2025-11-30 13:00:00,249.55,251.18,249.55,251.18,0.65,3569.4,901556.32,1
2025-11-30,2025-11-30 14:00:00,251.18,252.8,251.18,252.8,0.64,3569.4,901556.32,1
2025-11-30,2025-11-30 15:00:00,252.8,261.3,246.3,252.8,0.0,3569.4,901556.32,0
2025-12-01,2025-12-01 11:00:00,252.7,252.7,251.35,252.65,-0.02,1061.8,266376.1,-1
2025-12-01,2025-12-01 12:00:00,252.65,252.65,252.6,252.6,-0.02,1061.8,266376.1,-1
2025-12-01,2025-12-01 13:00:00,252.6,252.6,252.55,252.55,-0.02,1061.8,266376.1,-1
2025-12-01,2025-12-01 14:00:00,252.55,252.55,252.5,252.5,-0.02,1061.8,266376.1,-1
2025-12-01,2025-12-01 15:00:00,252.5,252.7,250.0,252.5,0.0,1061.8,266376.1,0
2025-12-02,2025-12-02 11:00:00,249.2,252.35,248.65,250.15,0.38,2023.8,507752.92,1
2025-12-02,2025-12-02 12:00:00,250.15,251.1,250.15,251.1,0.38,2023.8,507752.92,1
2025-12-02,2025-12-02 13:00:00,251.1,252.05,251.1,252.05,0.38,2023.8,507752.92,1
2025-12-02,2025-12-02 14:00:00,252.05,253.0,252.05,253.0,0.38,2023.8,507752.92,1
2025-12-02,2025-12-02 15:00:00,253.0,255.5,248.1,253.0,0.0,2023.8,507752.92,0
2025-12-03,2025-12-03 11:00:00,258.0,258.0,251.8,255.0,-1.16,2628.4,652290.44,-1
2025-12-03,2025-12-03 12:00:00,255.0,255.0,252.0,252.0,-1.18,2628.4,652290.44,-1
2025-12-03,2025-12-03 13:00:00,252.0,252.0,249.0,249.0,-1.19,2628.4,652290.44,-1
2025-12-03,2025-12-03 14:00:00,249.0,249.0,246.0,246.0,-1.2,2628.4,652290.44,-1
2025-12-03,2025-12-03 15:00:00,246.0,258.0,245.6,246.0,0.0,2628.4,652290.44,0
2025-12-07,2025-12-07 11:00:00,244.3,245.15,243.2,244.45,0.06,528.4,128539.96,1
2025-12-07,2025-12-07 12:00:00,244.45,244.6,244.45,244.6,0.06,528.4,128539.96,1
2025-12-07,2025-12-07 13:00:00,244.6,244.75,244.6,244.75,0.06,528.4,128539.96,1
2025-12-07,2025-12-07 14:00:00,244.75,244.9,244.75,244.9,0.06,528.4,128539.96,1
2025-12-07,2025-12-07 15:00:00,244.9,246.0,242.1,244.9,0.0,528.4,128539.96,0
2025-12-08,2025-12-08 11:00:00,240.2,243.6,240.2,241.4,0.5,1926.8,470962.28,1
2025-12-08,2025-12-08 12:00:00,241.4,242.6,241.4,242.6,0.5,1926.8,470962.28,1
2025-12-08,2025-12-08 13:00:00,242.6,243.8,242.6,243.8,0.49,1926.8,470962.28,1
2025-12-08,2025-12-08 14:00:00,243.8,245.0,243.8,245.0,0.49,1926.8,470962.28,1
2025-12-08,2025-12-08 15:00:00,245.0,247.0,240.2,245.0,0.0,1926.8,470962.28,0
2025-12-09,2025-12-09 11:00:00,242.1,245.05,241.4,243.07,0.4,1044.8,255783.1,1
2025-12-09,2025-12-09 12:00:00,243.07,244.05,243.07,244.05,0.4,1044.8,255783.1,1
2025-12-09,2025-12-09 13:00:00,244.05,245.03,244.05,245.03,0.4,1044.8,255783.1,1
2025-12-09,2025-12-09 14:00:00,245.03,246.0,245.03,246.0,0.4,1044.8,255783.1,1
2025-12-09,2025-12-09 15:00:00,246.0,248.0,240.7,246.0,0.0,1044.8,255783.1,0
2025-12-10,2025-12-10 11:00:00,243.0,246.3,242.95,243.88,0.36,2711.0,663189.42,1
2025-12-10,2025-12-10 12:00:00,243.88,244.75,243.88,244.75,0.36,2711.0,663189.42,1
2025-12-10,2025-12-10 13:00:00,244.75,245.62,244.75,245.62,0.36,2711.0,663189.42,1
2025-12-10,2025-12-10 14:00:00,245.62,246.5,245.62,246.5,0.36,2711.0,663189.42,1
2025-12-10,2025-12-10 15:00:00,246.5,249.6,242.9,246.5,0.0,2711.0,663189.42,0
2025-12-11,2025-12-11 11:00:00,242.6,244.8,242.6,243.45,0.35,1983.8,484756.4,1
2025-12-11,2025-12-11 12:00:00,243.45,244.3,243.45,244.3,0.35,1983.8,484756.4,1
2025-12-11,2025-12-11 13:00:00,244.3,245.15,244.3,245.15,0.35,1983.8,484756.4,1
2025-12-11,2025-12-11 14:00:00,245.15,246.0,245.15,246.0,0.35,1983.8,484756.4,1
2025-12-11,2025-12-11 15:00:00,246.0,247.0,242.6,246.0,0.0,1983.8,484756.4,0
2025-12-14,2025-12-14 11:00:00,250.9,255.95,247.0,250.53,-0.15,3566.0,882400.14,-1
2025-12-14,2025-12-14 12:00:00,250.53,250.53,250.15,250.15,-0.15,3566.0,882400.14,-1
2025-12-14,2025-12-14 13:00:00,250.15,250.15,249.78,249.78,-0.15,3566.0,882400.14,-1
2025-12-14,2025-12-14 14:00:00,249.78,249.78,249.4,249.4,-0.15,3566.0,882400.14,-1
2025-12-14,2025-12-14 15:00:00,249.4,261.0,243.1,249.4,0.0,3566.0,882400.14,0
2025-12-15,2025-12-15 11:00:00,244.6,247.3,243.55,245.93,0.54,1553.8,383778.0,1
2025-12-15,2025-12-15 12:00:00,245.93,247.25,245.93,247.25,0.54,1553.8,383778.0,1
2025-12-15,2025-12-15 13:00:00,247.25,248.57,247.25,248.57,0.53,1553.8,383778.0,1
2025-12-15,2025-12-15 14:00:00,248.57,249.9,248.57,249.9,0.54,1553.8,383778.0,1
2025-12-15,2025-12-15 15:00:00,249.9,250.0,242.5,249.9,0.0,1553.8,383778.0,0
2025-12-16,2025-12-16 11:00:00,252.9,256.45,250.35,253.18,0.11,4105.8,1035611.84,1
2025-12-16,2025-12-16 12:00:00,253.18,253.45,253.18,253.45,0.11,4105.8,1035611.84,1
2025-12-16,2025-12-16 13:00:00,253.45,253.72,253.45,253.72,0.11,4105.8,1035611.84,1
2025-12-16,2025-12-16 14:00:00,253.72,254.0,253.72,254.0,0.11,4105.8,1035611.84,1
2025-12-16,2025-12-16 15:00:00,254.0,260.0,247.8,254.0,0.0,4105.8,1035611.84,0
2025-12-17,2025-12-17 11:00:00,259.0,259.0,252.5,256.95,-0.79,3443.4,856388.42,-1
2025-12-17,2025-12-17 12:00:00,256.95,256.95,254.9,254.9,-0.8,3443.4,856388.42,-1
2025-12-17,2025-12-17 13:00:00,254.9,254.9,252.85,252.85,-0.8,3443.4,856388.42,-1
2025-12-17,2025-12-17 14:00:00,252.85,252.85,250.8,250.8,-0.81,3443.4,856388.42,-1
2025-12-17,2025-12-17 15:00:00,250.8,259.0,246.0,250.8,0.0,3443.4,856388.42,0
2025-12-18,2025-12-18 11:00:00,248.0,248.45,246.5,247.68,-0.13,1082.6,266343.08,-1
2025-12-18,2025-12-18 12:00:00,247.68,247.68,247.35,247.35,-0.13,1082.6,266343.08,-1
2025-12-18,2025-12-18 13:00:00,247.35,247.35,247.02,247.02,-0.13,1082.6,266343.08,-1
2025-12-18,2025-12-18 14:00:00,247.02,247.02,246.7,246.7,-0.13,1082.6,266343.08,-1
2025-12-18,2025-12-18 15:00:00,246.7,248.9,245.0,246.7,0.0,1082.6,266343.08,0
2025-12-21,2025-12-21 11:00:00,250.0,250.0,246.0,248.93,-0.43,2847.0,692560.86,-1
2025-12-21,2025-12-21 12:00:00,248.93,248.93,247.85,247.85,-0.43,2847.0,692560.86,-1
2025-12-21,2025-12-21 13:00:00,247.85,247.85,246.77,246.77,-0.44,2847.0,692560.86,-1
2025-12-21,2025-12-21 14:00:00,246.77,246.77,245.7,245.7,-0.43,2847.0,692560.86,-1
2025-12-21,2025-12-21 15:00:00,245.7,250.0,242.0,245.7,0.0,2847.0,692560.86,0
2025-12-22,2025-12-22 11:00:00,241.0,242.45,240.5,241.47,0.2,1929.2,466574.58,1
2025-12-22,2025-12-22 12:00:00,241.47,241.95,241.47,241.95,0.2,1929.2,466574.58,1
2025-12-22,2025-12-22 13:00:00,241.95,242.43,241.95,242.43,0.2,1929.2,466574.58,1
2025-12-22,2025-12-22 14:00:00,242.43,242.9,242.43,242.9,0.19,1929.2,466574.58,1
2025-12-22,2025-12-22 15:00:00,242.9,243.9,240.0,242.9,0.0,1929.2,466574.58,0
2025-12-23,2025-12-23 11:00:00,241.0,242.95,241.0,241.97,0.4,527.0,127990.74,1
2025-12-23,2025-12-23 12:00:00,241.97,242.95,241.97,242.95,0.41,527.0,127990.74,1
2025-12-23,2025-12-23 13:00:00,242.95,243.93,242.95,243.93,0.4,527.0,127990.74,1
2025-12-23,2025-12-23 14:00:00,243.93,244.9,243.93,244.9,0.4,527.0,127990.74,1
2025-12-23,2025-12-23 15:00:00,244.9,244.9,241.0,244.9,0.0,527.0,127990.74,0
2025-12-24,2025-12-24 11:00:00,242.3,242.65,241.9,242.12,-0.07,1377.4,333328.0,-1
2025-12-24,2025-12-24 12:00:00,242.12,242.12,241.95,241.95,-0.07,1377.4,333328.0,-1
2025-12-24,2025-12-24 13:00:00,241.95,241.95,241.78,241.78,-0.07,1377.4,333328.0,-1
2025-12-24,2025-12-24 14:00:00,241.78,241.78,241.6,241.6,-0.07,1377.4,333328.0,-1
2025-12-24,2025-12-24 15:00:00,241.6,243.0,241.5,241.6,0.0,1377.4,333328.0,0
2025-12-28,2025-12-28 11:00:00,239.5,244.75,239.5,240.88,0.58,3019.2,739764.52,1
2025-12-28,2025-12-28 12:00:00,240.88,242.25,240.88,242.25,0.57,3019.2,739764.52,1
2025-12-28,2025-12-28 13:00:00,242.25,243.62,242.25,243.62,0.57,3019.2,739764.52,1
2025-12-28,2025-12-28 14:00:00,243.62,245.0,243.62,245.0,0.57,3019.2,739764.52,1
2025-12-28,2025-12-28 15:00:00,245.0,250.0,239.5,245.0,0.0,3019.2,739764.52,0
2025-12-29,2025-12-29 11:00:00,246.0,246.95,245.15,245.97,-0.01,1084.0,266215.16,-1
2025-12-29,2025-12-29 12:00:00,245.97,245.97,245.95,245.95,-0.01,1084.0,266215.16,-1
2025-12-29,2025-12-29 13:00:00,245.95,245.95,245.93,245.93,-0.01,1084.0,266215.16,-1
2025-12-29,2025-12-29 14:00:00,245.93,245.93,245.9,245.9,-0.01,1084.0,266215.16,-1
2025-12-29,2025-12-29 15:00:00,245.9,247.9,244.3,245.9,0.0,1084.0,266215.16,0
2025-12-31,2025-12-31 11:00:00,246.0,247.0,244.75,246.25,0.1,3632.2,888661.9,1
2025-12-31,2025-12-31 12:00:00,246.25,246.5,246.25,246.5,0.1,3632.2,888661.9,1
2025-12-31,2025-12-31 13:00:00,246.5,246.75,246.5,246.75,0.1,3632.2,888661.9,1
2025-12-31,2025-12-31 14:00:00,246.75,247.0,246.75,247.0,0.1,3632.2,888661.9,1
2025-12-31,2025-12-31 15:00:00,247.0,248.0,243.5,247.0,0.0,3632.2,888661.9,0
2026-01-01,2026-01-01 11:00:00,250.0,250.0,245.05,247.78,-0.89,2285.0,552629.86,-1
2026-01-01,2026-01-01 12:00:00,247.78,247.78,245.55,245.55,-0.9,2285.0,552629.86,-1
2026-01-01,2026-01-01 13:00:00,245.55,245.55,243.32,243.32,-0.91,2285.0,552629.86,-1
2026-01-01,2026-01-01 14:00:00,243.32,243.32,241.1,241.1,-0.91,2285.0,552629.86,-1
2026-01-01,2026-01-01 15:00:00,241.1,250.0,240.1,241.1,0.0,2285.0,552629.86,0
2026-01-04,2026-01-04 11:00:00,238.1,241.05,238.1,239.32,0.51,1189.0,287542.72,1
2026-01-04,2026-01-04 12:00:00,239.32,240.55,239.32,240.55,0.51,1189.0,287542.72,1
2026-01-04,2026-01-04 13:00:00,240.55,241.78,240.55,241.78,0.51,1189.0,287542.72,1
2026-01-04,2026-01-04 14:00:00,241.78,243.0,241.78,243.0,0.5,1189.0,287542.72,1
2026-01-04,2026-01-04 15:00:00,243.0,244.0,238.1,243.0,0.0,1189.0,287542.72,0
2026-01-05,2026-01-05 11:00:00,247.6,247.6,243.45,246.78,-0.33,4578.6,1105912.5,-1
2026-01-05,2026-01-05 12:00:00,246.78,246.78,245.95,245.95,-0.34,4578.6,1105912.5,-1
2026-01-05,2026-01-05 13:00:00,245.95,245.95,245.12,245.12,-0.34,4578.6,1105912.5,-1
2026-01-05,2026-01-05 14:00:00,245.12,245.12,244.3,244.3,-0.33,4578.6,1105912.5,-1
2026-01-05,2026-01-05 15:00:00,244.3,247.6,239.3,244.3,0.0,4578.6,1105912.5,0
2026-01-06,2026-01-06 11:00:00,244.0,245.3,242.2,244.2,0.08,1783.6,433213.36,1
2026-01-06,2026-01-06 12:00:00,244.2,244.4,244.2,244.4,0.08,1783.6,433213.36,1
2026-01-06,2026-01-06 13:00:00,244.4,244.6,244.4,244.6,0.08,1783.6,433213.36,1
2026-01-06,2026-01-06 14:00:00,244.6,244.8,244.6,244.8,0.08,1783.6,433213.36,1
2026-01-06,2026-01-06 15:00:00,244.8,246.6,240.4,244.8,0.0,1783.6,433213.36,0
2026-01-07,2026-01-07 11:00:00,245.9,245.9,242.95,245.1,-0.33,1876.6,451987.98,-1
2026-01-07,2026-01-07 12:00:00,245.1,245.1,244.3,244.3,-0.33,1876.6,451987.98,-1
2026-01-07,2026-01-07 13:00:00,244.3,244.3,243.5,243.5,-0.33,1876.6,451987.98,-1
2026-01-07,2026-01-07 14:00:00,243.5,243.5,242.7,242.7,-0.33,1876.6,451987.98,-1
2026-01-07,2026-01-07 15:00:00,242.7,245.9,240.0,242.7,0.0,1876.6,451987.98,0
2026-01-08,2026-01-08 11:00:00,240.0,242.0,239.55,241.0,0.42,2097.4,506845.42,1
2026-01-08,2026-01-08 12:00:00,241.0,242.0,241.0,242.0,0.41,2097.4,506845.42,1
2026-01-08,2026-01-08 13:00:00,242.0,243.0,242.0,243.0,0.41,2097.4,506845.42,1
2026-01-08,2026-01-08 14:00:00,243.0,244.0,243.0,244.0,0.41,2097.4,506845.42,1
2026-01-08,2026-01-08 15:00:00,244.0,244.0,239.1,244.0,0.0,2097.4,506845.42,0
2026-01-12,2026-01-12 11:00:00,240.0,242.2,236.0,240.5,0.21,5210.6,1242970.1,1
2026-01-12,2026-01-12 12:00:00,240.5,241.0,240.5,241.0,0.21,5210.6,1242970.1,1
2026-01-12,2026-01-12 13:00:00,241.0,241.5,241.0,241.5,0.21,5210.6,1242970.1,1
2026-01-12,2026-01-12 14:00:00,241.5,242.0,241.5,242.0,0.21,5210.6,1242970.1,1
2026-01-12,2026-01-12 15:00:00,242.0,244.4,232.0,242.0,0.0,5210.6,1242970.1,0
2026-01-13,2026-01-13 11:00:00,239.9,241.9,238.95,239.93,0.01,1176.4,283382.42,1
2026-01-13,2026-01-13 12:00:00,239.93,239.95,239.93,239.95,0.01,1176.4,283382.42,1
2026-01-13,2026-01-13 13:00:00,239.95,239.97,239.95,239.97,0.01,1176.4,283382.42,1
2026-01-13,2026-01-13 14:00:00,239.97,240.0,239.97,240.0,0.01,1176.4,283382.42,1
2026-01-13,2026-01-13 15:00:00,240.0,243.9,238.0,240.0,0.0,1176.4,283382.42,0
2026-01-14,2026-01-14 11:00:00,244.8,245.9,241.9,243.35,-0.59,2036.0,490788.16,-1
2026-01-14,2026-01-14 12:00:00,243.35,243.35,241.9,241.9,-0.6,2036.0,490788.16,-1
2026-01-14,2026-01-14 13:00:00,241.9,241.9,240.45,240.45,-0.6,2036.0,490788.16,-1
2026-01-14,2026-01-14 14:00:00,240.45,240.45,239.0,239.0,-0.6,2036.0,490788.16,-1
2026-01-14,2026-01-14 15:00:00,239.0,247.0,239.0,239.0,0.0,2036.0,490788.16,0
2026-01-18,2026-01-18 11:00:00,242.9,244.45,241.5,243.68,0.32,3047.4,739078.88,1
2026-01-18,2026-01-18 12:00:00,243.68,244.45,243.68,244.45,0.32,3047.4,739078.88,1
2026-01-18,2026-01-18 13:00:00,244.45,245.22,244.45,245.22,0.31,3047.4,739078.88,1
2026-01-18,2026-01-18 14:00:00,245.22,246.0,245.22,246.0,0.32,3047.4,739078.88,1
2026-01-18,2026-01-18 15:00:00,246.0,246.0,240.1,246.0,0.0,3047.4,739078.88,0
2026-01-20,2026-01-20 11:00:00,242.0,246.5,242.0,244.25,0.93,4412.4,1100383.22,1
2026-01-20,2026-01-20 12:00:00,244.25,246.5,244.25,246.5,0.92,4412.4,1100383.22,1
2026-01-20,2026-01-20 13:00:00,246.5,248.75,246.5,248.75,0.91,4412.4,1100383.22,1
2026-01-20,2026-01-20 14:00:00,248.75,251.0,248.75,251.0,0.9,4412.4,1100383.22,1
2026-01-20,2026-01-20 15:00:00,251.0,251.0,242.0,251.0,0.0,4412.4,1100383.22,0
2026-01-21,2026-01-21 11:00:00,252.6,253.75,250.3,252.57,-0.01,6357.4,1597400.74,-1
2026-01-21,2026-01-21 12:00:00,252.57,252.57,252.55,252.55,-0.01,6357.4,1597400.74,-1
2026-01-21,2026-01-21 13:00:00,252.55,252.55,252.53,252.53,-0.01,6357.4,1597400.74,-1
2026-01-21,2026-01-21 14:00:00,252.53,252.53,252.5,252.5,-0.01,6357.4,1597400.74,-1
2026-01-21,2026-01-21 15:00:00,252.5,254.9,248.0,252.5,0.0,6357.4,1597400.74,0
2026-01-22,2026-01-22 11:00:00,253.0,261.45,251.5,256.98,1.57,14096.0,3647572.58,1
2026-01-22,2026-01-22 12:00:00,256.98,260.95,256.98,260.95,1.54,14096.0,3647572.58,1
2026-01-22,2026-01-22 13:00:00,260.95,264.92,260.95,264.92,1.52,14096.0,3647572.58,1
2026-01-22,2026-01-22 14:00:00,264.92,268.9,264.92,268.9,1.5,14096.0,3647572.58,1
2026-01-22,2026-01-22 15:00:00,268.9,269.9,250.0,268.9,0.0,14096.0,3647572.58,0
2026-01-25,2026-01-25 11:00:00,266.1,267.55,265.05,266.83,0.27,7109.6,1896781.42,1
2026-01-25,2026-01-25 12:00:00,266.83,267.55,266.83,267.55,0.27,7109.6,1896781.42,1
2026-01-25,2026-01-25 13:00:00,267.55,268.27,267.55,268.27,0.27,7109.6,1896781.42,1
2026-01-25,2026-01-25 14:00:00,268.27,269.0,268.27,269.0,0.27,7109.6,1896781.42,1
2026-01-25,2026-01-25 15:00:00,269.0,269.0,264.0,269.0,0.0,7109.6,1896781.42,0
2026-01-26,2026-01-26 11:00:00,267.1,281.5,263.6,274.3,2.7,39748.0,11211831.48,1
2026-01-26,2026-01-26 12:00:00,274.3,281.5,274.3,281.5,2.62,39748.0,11211831.48,1
2026-01-26,2026-01-26 13:00:00,281.5,288.7,281.5,288.7,2.56,39748.0,11211831.48,1
2026-01-26,2026-01-26 14:00:00,288.7,295.9,288.7,295.9,2.49,39748.0,11211831.48,1
2026-01-26,2026-01-26 15:00:00,295.9,295.9,260.1,295.9,0.0,39748.0,11211831.48,0
2026-01-27,2026-01-27 11:00:00,301.8,304.4,286.9,296.35,-1.81,28207.6,8327683.8,-1
2026-01-27,2026-01-27 12:00:00,296.35,296.35,290.9,290.9,-1.84,28207.6,8327683.8,-1
2026-01-27,2026-01-27 13:00:00,290.9,290.9,285.45,285.45,-1.87,28207.6,8327683.8,-1
2026-01-27,2026-01-27 14:00:00,285.45,285.45,280.0,280.0,-1.91,28207.6,8327683.8,-1
2026-01-27,2026-01-27 15:00:00,280.0,307.0,272.0,280.0,0.0,28207.6,8327683.8,0
2026-01-28,2026-01-28 11:00:00,274.4,281.55,274.35,277.3,1.06,16717.4,4728524.28,1
2026-01-28,2026-01-28 12:00:00,277.3,280.2,277.3,280.2,1.05,16717.4,4728524.28,1
2026-01-28,2026-01-28 13:00:00,280.2,283.1,280.2,283.1,1.03,16717.4,4728524.28,1
2026-01-28,2026-01-28 14:00:00,283.1,286.0,283.1,286.0,1.02,16717.4,4728524.28,1
2026-01-28,2026-01-28 15:00:00,286.0,288.7,274.3,286.0,0.0,16717.4,4728524.28,0
2026-01-29,2026-01-29 11:00:00,286.0,290.85,275.55,282.75,-1.14,23958.6,6897827.54,-1
2026-01-29,2026-01-29 12:00:00,282.75,282.75,279.5,279.5,-1.15,23958.6,6897827.54,-1
2026-01-29,2026-01-29 13:00:00,279.5,279.5,276.25,276.25,-1.16,23958.6,6897827.54,-1
2026-01-29,2026-01-29 14:00:00,276.25,276.25,273.0,273.0,-1.18,23958.6,6897827.54,-1
2026-01-29,2026-01-29 15:00:00,273.0,295.7,265.1,273.0,0.0,23958.6,6897827.54,0
2026-02-01,2026-02-01 11:00:00,277.0,280.0,273.2,276.75,-0.09,11929.2,3307435.04,-1
2026-02-01,2026-02-01 12:00:00,276.75,276.75,276.5,276.5,-0.09,11929.2,3307435.04,-1
2026-02-01,2026-02-01 13:00:00,276.5,276.5,276.25,276.25,-0.09,11929.2,3307435.04,-1
2026-02-01,2026-02-01 14:00:00,276.25,276.25,276.0,276.0,-0.09,11929.2,3307435.04,-1
2026-02-01,2026-02-01 15:00:00,276.0,283.0,269.4,276.0,0.0,11929.2,3307435.04,0
2026-02-02,2026-02-02 11:00:00,271.0,276.25,268.05,271.4,0.15,4553.2,1254480.36,1
2026-02-02,2026-02-02 12:00:00,271.4,271.8,271.4,271.8,0.15,4553.2,1254480.36,1
2026-02-02,2026-02-02 13:00:00,271.8,272.2,271.8,272.2,0.15,4553.2,1254480.36,1
2026-02-02,2026-02-02 14:00:00,272.2,272.6,272.2,272.6,0.15,4553.2,1254480.36,1
2026-02-02,2026-02-02 15:00:00,272.6,281.5,265.1,272.6,0.0,4553.2,1254480.36,0
2026-02-03,2026-02-03 11:00:00,277.9,277.95,270.55,275.42,-0.89,7232.6,1946997.78,-1
2026-02-03,2026-02-03 12:00:00,275.42,275.42,272.95,272.95,-0.9,7232.6,1946997.78,-1
2026-02-03,2026-02-03 13:00:00,272.95,272.95,270.48,270.48,-0.9,7232.6,1946997.78,-1
2026-02-03,2026-02-03 14:00:00,270.48,270.48,268.0,268.0,-0.92,7232.6,1946997.78,-1
2026-02-03,2026-02-03 15:00:00,268.0,278.0,263.2,268.0,0.0,7232.6,1946997.78,0
2026-02-04,2026-02-04 11:00:00,273.3,275.65,268.25,272.15,-0.42,8303.4,2226747.54,-1
2026-02-04,2026-02-04 12:00:00,272.15,272.15,271.0,271.0,-0.42,8303.4,2226747.54,-1
2026-02-04,2026-02-04 13:00:00,271.0,271.0,269.85,269.85,-0.42,8303.4,2226747.54,-1
2026-02-04,2026-02-04 14:00:00,269.85,269.85,268.7,268.7,-0.43,8303.4,2226747.54,-1
2026-02-04,2026-02-04 15:00:00,268.7,278.0,263.2,268.7,0.0,8303.4,2226747.54,0
2026-02-05,2026-02-05 11:00:00,270.0,278.4,268.3,271.75,0.65,10961.2,3028036.68,1
2026-02-05,2026-02-05 12:00:00,271.75,273.5,271.75,273.5,0.64,10961.2,3028036.68,1
2026-02-05,2026-02-05 13:00:00,273.5,275.25,273.5,275.25,0.64,10961.2,3028036.68,1
2026-02-05,2026-02-05 14:00:00,275.25,277.0,275.25,277.0,0.64,10961.2,3028036.68,1
2026-02-05,2026-02-05 15:00:00,277.0,286.8,266.6,277.0,0.0,10961.2,3028036.68,0
2026-02-08,2026-02-08 11:00:00,279.8,282.4,277.1,279.1,-0.25,5463.0,1517306.08,-1
2026-02-08,2026-02-08 12:00:00,279.1,279.1,278.4,278.4,-0.25,5463.0,1517306.08,-1
2026-02-08,2026-02-08 13:00:00,278.4,278.4,277.7,277.7,-0.25,5463.0,1517306.08,-1
2026-02-08,2026-02-08 14:00:00,277.7,277.7,277.0,277.0,-0.25,5463.0,1517306.08,-1
2026-02-08,2026-02-08 15:00:00,277.0,285.0,274.4,277.0,0.0,5463.0,1517306.08,0
2026-02-09,2026-02-09 11:00:00,272.0,275.5,270.0,272.0,0.0,4804.8,1308828.56,0
2026-02-09,2026-02-09 12:00:00,272.0,272.0,272.0,272.0,0.0,4804.8,1308828.56,0
2026-02-09,2026-02-09 13:00:00,272.0,272.0,272.0,272.0,0.0,4804.8,1308828.56,0
2026-02-09,2026-02-09 14:00:00,272.0,272.0,272.0,272.0,0.0,4804.8,1308828.56,0
2026-02-09,2026-02-09 15:00:00,272.0,279.0,268.0,272.0,0.0,4804.8,1308828.56,0
2026-02-10,2026-02-10 11:00:00,277.4,283.65,273.2,278.05,0.23,15644.2,4391364.98,1
2026-02-10,2026-02-10 12:00:00,278.05,278.7,278.05,278.7,0.23,15644.2,4391364.98,1
2026-02-10,2026-02-10 13:00:00,278.7,279.35,278.7,279.35,0.23,15644.2,4391364.98,1
2026-02-10,2026-02-10 14:00:00,279.35,280.0,279.35,280.0,0.23,15644.2,4391364.98,1
2026-02-10,2026-02-10 15:00:00,280.0,289.9,269.0,280.0,0.0,15644.2,4391364.98,0
2026-02-11,2026-02-11 11:00:00,281.1,286.05,279.7,283.33,0.79,19916.8,5722756.12,1
2026-02-11,2026-02-11 12:00:00,283.33,285.55,283.33,285.55,0.78,19916.8,5722756.12,1
2026-02-11,2026-02-11 13:00:00,285.55,287.77,285.55,287.77,0.78,19916.8,5722756.12,1
2026-02-11,2026-02-11 14:00:00,287.77,290.0,287.77,290.0,0.77,19916.8,5722756.12,1
2026-02-11,2026-02-11 15:00:00,290.0,291.0,278.3,290.0,0.0,19916.8,5722756.12,0
2026-02-12,2026-02-12 11:00:00,291.0,293.0,287.65,290.0,-0.34,15564.6,4521988.58,-1
2026-02-12,2026-02-12 12:00:00,290.0,290.0,289.0,289.0,-0.34,15564.6,4521988.58,-1
2026-02-12,2026-02-12 13:00:00,289.0,289.0,288.0,288.0,-0.35,15564.6,4521988.58,-1
2026-02-12,2026-02-12 14:00:00,288.0,288.0,287.0,287.0,-0.35,15564.6,4521988.58,-1
2026-02-12,2026-02-12 15:00:00,287.0,295.0,284.3,287.0,0.0,15564.6,4521988.58,0
2026-02-16,2026-02-16 11:00:00,287.0,287.0,279.0,284.5,-0.87,13200.4,3632631.9,-1
2026-02-16,2026-02-16 12:00:00,284.5,284.5,282.0,282.0,-0.88,13200.4,3632631.9,-1
2026-02-16,2026-02-16 13:00:00,282.0,282.0,279.5,279.5,-0.89,13200.4,3632631.9,-1
2026-02-16,2026-02-16 14:00:00,279.5,279.5,277.0,277.0,-0.89,13200.4,3632631.9,-1
2026-02-16,2026-02-16 15:00:00,277.0,287.0,271.0,277.0,0.0,13200.4,3632631.9,0
2026-02-17,2026-02-17 11:00:00,277.0,277.0,271.0,274.18,-1.02,6912.4,1854093.08,-1
2026-02-17,2026-02-17 12:00:00,274.18,274.18,271.35,271.35,-1.03,6912.4,1854093.08,-1
2026-02-17,2026-02-17 13:00:00,271.35,271.35,268.52,268.52,-1.04,6912.4,1854093.08,-1
2026-02-17,2026-02-17 14:00:00,268.52,268.52,265.7,265.7,-1.05,6912.4,1854093.08,-1
2026-02-17,2026-02-17 15:00:00,265.7,277.0,265.0,265.7,0.0,6912.4,1854093.08,0
2026-02-22,2026-02-22 11:00:00,265.0,265.0,260.0,262.75,-0.85,5820.2,1505644.98,-1
2026-02-22,2026-02-22 12:00:00,262.75,262.75,260.5,260.5,-0.86,5820.2,1505644.98,-1
2026-02-22,2026-02-22 13:00:00,260.5,260.5,258.25,258.25,-0.86,5820.2,1505644.98,-1
2026-02-22,2026-02-22 14:00:00,258.25,258.25,256.0,256.0,-0.87,5820.2,1505644.98,-1
2026-02-22,2026-02-22 15:00:00,256.0,265.0,255.0,256.0,0.0,5820.2,1505644.98,0
2026-02-23,2026-02-23 11:00:00,261.0,261.0,256.55,259.73,-0.49,4464.6,1138492.96,-1
2026-02-23,2026-02-23 12:00:00,259.73,259.73,258.45,258.45,-0.49,4464.6,1138492.96,-1
2026-02-23,2026-02-23 13:00:00,258.45,258.45,257.18,257.18,-0.49,4464.6,1138492.96,-1
2026-02-23,2026-02-23 14:00:00,257.18,257.18,255.9,255.9,-0.5,4464.6,1138492.96,-1
2026-02-23,2026-02-23 15:00:00,255.9,261.0,252.1,255.9,0.0,4464.6,1138492.96,0
2026-02-24,2026-02-24 11:00:00,252.1,256.05,252.1,254.07,0.78,3569.8,918261.52,1
2026-02-24,2026-02-24 12:00:00,254.07,256.05,254.07,256.05,0.78,3569.8,918261.52,1
2026-02-24,2026-02-24 13:00:00,256.05,258.02,256.05,258.02,0.77,3569.8,918261.52,1
2026-02-24,2026-02-24 14:00:00,258.02,260.0,258.02,260.0,0.77,3569.8,918261.52,1
2026-02-24,2026-02-24 15:00:00,260.0,260.0,252.1,260.0,0.0,3569.8,918261.52,0
2026-02-25,2026-02-25 11:00:00,264.0,264.0,261.0,263.65,-0.13,1284.8,334696.18,-1
2026-02-25,2026-02-25 12:00:00,263.65,263.65,263.3,263.3,-0.13,1284.8,334696.18,-1
2026-02-25,2026-02-25 13:00:00,263.3,263.3,262.95,262.95,-0.13,1284.8,334696.18,-1
2026-02-25,2026-02-25 14:00:00,262.95,262.95,262.6,262.6,-0.13,1284.8,334696.18,-1
2026-02-25,2026-02-25 15:00:00,262.6,264.0,258.0,262.6,0.0,1284.8,334696.18,0
2026-02-26,2026-02-26 11:00:00,266.9,266.9,262.3,264.9,-0.75,2798.8,723863.08,-1
2026-02-26,2026-02-26 12:00:00,264.9,264.9,262.9,262.9,-0.76,2798.8,723863.08,-1
2026-02-26,2026-02-26 13:00:00,262.9,262.9,260.9,260.9,-0.76,2798.8,723863.08,-1
2026-02-26,2026-02-26 14:00:00,260.9,260.9,258.9,258.9,-0.77,2798.8,723863.08,-1
2026-02-26,2026-02-26 15:00:00,258.9,266.9,257.7,258.9,0.0,2798.8,723863.08,0
2026-03-01,2026-03-01 11:00:00,254.0,256.95,254.0,254.68,0.27,2758.0,709678.38,1
2026-03-01,2026-03-01 12:00:00,254.68,255.35,254.68,255.35,0.26,2758.0,709678.38,1
2026-03-01,2026-03-01 13:00:00,255.35,256.02,255.35,256.02,0.26,2758.0,709678.38,1
2026-03-01,2026-03-01 14:00:00,256.02,256.7,256.02,256.7,0.27,2758.0,709678.38,1
2026-03-01,2026-03-01 15:00:00,256.7,259.9,254.0,256.7,0.0,2758.0,709678.38,0
2026-03-03,2026-03-03 11:00:00,259.7,265.85,259.7,261.48,0.69,4917.4,1298954.78,1
2026-03-03,2026-03-03 12:00:00,261.48,263.25,261.48,263.25,0.68,4917.4,1298954.78,1
2026-03-03,2026-03-03 13:00:00,263.25,265.02,263.25,265.02,0.67,4917.4,1298954.78,1
2026-03-03,2026-03-03 14:00:00,265.02,266.8,265.02,266.8,0.67,4917.4,1298954.78,1
2026-03-03,2026-03-03 15:00:00,266.8,272.0,259.7,266.8,0.0,4917.4,1298954.78,0
2026-03-09,2026-03-09 11:00:00,272.1,274.8,272.1,273.45,0.5,8.0,2209.2,1
2026-03-09,2026-03-09 12:00:00,273.45,274.8,273.45,274.8,0.49,8.0,2209.2,1
2026-03-09,2026-03-09 13:00:00,274.8,276.15,274.8,276.15,0.49,8.0,2209.2,1
2026-03-09,2026-03-09 14:00:00,276.15,277.5,276.15,277.5,0.49,8.0,2209.2,1
2026-03-09,2026-03-09 15:00:00,277.5,277.5,272.1,277.5,0.0,8.0,2209.2,0
2026-03-10,2026-03-10 11:00:00,283.0,288.5,277.15,281.98,-0.36,22691.4,6325466.76,-1
2026-03-10,2026-03-10 12:00:00,281.98,281.98,280.95,280.95,-0.37,22691.4,6325466.76,-1
2026-03-10,2026-03-10 13:00:00,280.95,280.95,279.92,279.92,-0.37,22691.4,6325466.76,-1
2026-03-10,2026-03-10 14:00:00,279.92,279.92,278.9,278.9,-0.36,22691.4,6325466.76,-1
2026-03-10,2026-03-10 15:00:00,278.9,294.0,271.3,278.9,0.0,22691.4,6325466.76,0
2026-03-11,2026-03-11 11:00:00,283.9,286.75,279.05,283.05,-0.3,10789.8,3024845.18,-1
2026-03-11,2026-03-11 12:00:00,283.05,283.05,282.2,282.2,-0.3,10789.8,3024845.18,-1
2026-03-11,2026-03-11 13:00:00,282.2,282.2,281.35,281.35,-0.3,10789.8,3024845.18,-1
2026-03-11,2026-03-11 14:00:00,281.35,281.35,280.5,280.5,-0.3,10789.8,3024845.18,-1
2026-03-11,2026-03-11 15:00:00,280.5,289.6,274.2,280.5,0.0,10789.8,3024845.18,0
2026-03-12,2026-03-12 11:00:00,280.5,285.6,278.75,282.15,0.59,13083.4,3755487.04,1
2026-03-12,2026-03-12 12:00:00,282.15,283.8,282.15,283.8,0.58,13083.4,3755487.04,1
2026-03-12,2026-03-12 13:00:00,283.8,285.45,283.8,285.45,0.58,13083.4,3755487.04,1
2026-03-12,2026-03-12 14:00:00,285.45,287.1,285.45,287.1,0.58,13083.4,3755487.04,1
2026-03-12,2026-03-12 15:00:00,287.1,290.7,277.0,287.1,0.0,13083.4,3755487.04,0
2026-03-15,2026-03-15 11:00:00,292.0,296.55,289.5,293.25,0.43,34674.0,10245082.88,1
2026-03-15,2026-03-15 12:00:00,293.25,294.5,293.25,294.5,0.43,34674.0,10245082.88,1
2026-03-15,2026-03-15 13:00:00,294.5,295.75,294.5,295.75,0.42,34674.0,10245082.88,1
2026-03-15,2026-03-15 14:00:00,295.75,297.0,295.75,297.0,0.42,34674.0,10245082.88,1
2026-03-15,2026-03-15 15:00:00,297.0,301.1,287.0,297.0,0.0,34674.0,10245082.88,0
2026-03-16,2026-03-16 11:00:00,299.8,299.9,293.95,298.27,-0.51,12874.6,3761732.26,-1
2026-03-16,2026-03-16 12:00:00,298.27,298.27,296.75,296.75,-0.51,12874.6,3761732.26,-1
2026-03-16,2026-03-16 13:00:00,296.75,296.75,295.23,295.23,-0.51,12874.6,3761732.26,-1
2026-03-16,2026-03-16 14:00:00,295.23,295.23,293.7,293.7,-0.52,12874.6,3761732.26,-1
2026-03-16,2026-03-16 15:00:00,293.7,300.0,288.1,293.7,0.0,12874.6,3761732.26,0
2026-03-17,2026-03-17 11:00:00,290.0,298.85,289.0,294.43,1.53,17124.6,5107077.26,1
2026-03-17,2026-03-17 12:00:00,294.43,298.85,294.43,298.85,1.5,17124.6,5107077.26,1
2026-03-17,2026-03-17 13:00:00,298.85,303.27,298.85,303.27,1.48,17124.6,5107077.26,1
2026-03-17,2026-03-17 14:00:00,303.27,307.7,303.27,307.7,1.46,17124.6,5107077.26,1
2026-03-17,2026-03-17 15:00:00,307.7,307.7,288.0,307.7,0.0,17124.6,5107077.26,0
2026-03-19,2026-03-19 11:00:00,313.8,318.9,308.0,316.23,0.77,43377.8,13727742.72,1
2026-03-19,2026-03-19 12:00:00,316.23,318.65,316.23,318.65,0.77,43377.8,13727742.72,1
2026-03-19,2026-03-19 13:00:00,318.65,321.07,318.65,321.07,0.76,43377.8,13727742.72,1
2026-03-19,2026-03-19 14:00:00,321.07,323.5,321.07,323.5,0.76,43377.8,13727742.72,1
2026-03-19,2026-03-19 15:00:00,323.5,324.0,302.2,323.5,0.0,43377.8,13727742.72,0
2026-03-22,2026-03-22 11:00:00,322.0,323.0,313.3,320.98,-0.32,29542.4,9254187.12,-1
2026-03-22,2026-03-22 12:00:00,320.98,320.98,319.95,319.95,-0.32,29542.4,9254187.12,-1
2026-03-22,2026-03-22 13:00:00,319.95,319.95,318.92,318.92,-0.32,29542.4,9254187.12,-1
2026-03-22,2026-03-22 14:00:00,318.92,318.92,317.9,317.9,-0.32,29542.4,9254187.12,-1
2026-03-22,2026-03-22 15:00:00,317.9,324.0,304.6,317.9,0.0,29542.4,9254187.12,0
2026-03-23,2026-03-23 11:00:00,313.0,313.5,309.5,312.75,-0.08,18693.0,5796640.62,-1
2026-03-23,2026-03-23 12:00:00,312.75,312.75,312.5,312.5,-0.08,18693.0,5796640.62,-1
2026-03-23,2026-03-23 13:00:00,312.5,312.5,312.25,312.25,-0.08,18693.0,5796640.62,-1
2026-03-23,2026-03-23 14:00:00,312.25,312.25,312.0,312.0,-0.08,18693.0,5796640.62,-1
2026-03-23,2026-03-23 15:00:00,312.0,314.0,306.0,312.0,0.0,18693.0,5796640.62,0
2026-03-24,2026-03-24 11:00:00,312.0,316.55,311.0,312.52,0.17,16117.0,5084552.1,1
2026-03-24,2026-03-24 12:00:00,312.52,313.05,312.52,313.05,0.17,16117.0,5084552.1,1
2026-03-24,2026-03-24 13:00:00,313.05,313.58,313.05,313.58,0.17,16117.0,5084552.1,1
2026-03-24,2026-03-24 14:00:00,313.58,314.1,313.58,314.1,0.17,16117.0,5084552.1,1
2026-03-24,2026-03-24 15:00:00,314.1,321.1,310.0,314.1,0.0,16117.0,5084552.1,0
2026-03-25,2026-03-25 11:00:00,315.0,315.5,310.15,314.23,-0.24,12685.2,3926957.14,-1
2026-03-25,2026-03-25 12:00:00,314.23,314.23,313.45,313.45,-0.25,12685.2,3926957.14,-1
2026-03-25,2026-03-25 13:00:00,313.45,313.45,312.67,312.67,-0.25,12685.2,3926957.14,-1
2026-03-25,2026-03-25 14:00:00,312.67,312.67,311.9,311.9,-0.25,12685.2,3926957.14,-1
2026-03-25,2026-03-25 15:00:00,311.9,316.0,305.3,311.9,0.0,12685.2,3926957.14,0
2026-03-26,2026-03-26 11:00:00,305.7,310.35,305.7,307.95,0.74,7556.8,2353355.92,1
2026-03-26,2026-03-26 12:00:00,307.95,310.2,307.95,310.2,0.73,7556.8,2353355.92,1
2026-03-26,2026-03-26 13:00:00,310.2,312.45,310.2,312.45,0.73,7556.8,2353355.92,1
2026-03-26,2026-03-26 14:00:00,312.45,314.7,312.45,314.7,0.72,7556.8,2353355.92,1
2026-03-26,2026-03-26 15:00:00,314.7,315.0,305.7,314.7,0.0,7556.8,2353355.92,0
2026-03-29,2026-03-29 11:00:00,315.0,315.5,305.0,310.7,-1.37,17430.8,5270750.14,-1
2026-03-29,2026-03-29 12:00:00,310.7,310.7,306.4,306.4,-1.38,17430.8,5270750.14,-1
2026-03-29,2026-03-29 13:00:00,306.4,306.4,302.1,302.1,-1.4,17430.8,5270750.14,-1
2026-03-29,2026-03-29 14:00:00,302.1,302.1,297.8,297.8,-1.42,17430.8,5270750.14,-1
2026-03-29,2026-03-29 15:00:00,297.8,316.0,295.0,297.8,0.0,17430.8,5270750.14,0
2026-03-30,2026-03-30 11:00:00,297.8,300.9,291.05,295.6,-0.74,10469.4,3050456.58,-1
2026-03-30,2026-03-30 12:00:00,295.6,295.6,293.4,293.4,-0.74,10469.4,3050456.58,-1
2026-03-30,2026-03-30 13:00:00,293.4,293.4,291.2,291.2,-0.75,10469.4,3050456.58,-1
2026-03-30,2026-03-30 14:00:00,291.2,291.2,289.0,289.0,-0.76,10469.4,3050456.58,-1
2026-03-30,2026-03-30 15:00:00,289.0,304.0,284.3,289.0,0.0,10469.4,3050456.58,0
2026-03-31,2026-03-31 11:00:00,289.0,291.4,284.0,288.25,-0.26,7127.8,2038918.1,-1
2026-03-31,2026-03-31 12:00:00,288.25,288.25,287.5,287.5,-0.26,7127.8,2038918.1,-1
2026-03-31,2026-03-31 13:00:00,287.5,287.5,286.75,286.75,-0.26,7127.8,2038918.1,-1
2026-03-31,2026-03-31 14:00:00,286.75,286.75,286.0,286.0,-0.26,7127.8,2038918.1,-1
2026-03-31,2026-03-31 15:00:00,286.0,293.8,279.0,286.0,0.0,7127.8,2038918.1,0
2026-04-01,2026-04-01 11:00:00,287.0,287.0,278.5,284.25,-0.96,8473.2,2333074.34,-1
2026-04-01,2026-04-01 12:00:00,284.25,284.25,281.5,281.5,-0.97,8473.2,2333074.34,-1
2026-04-01,2026-04-01 13:00:00,281.5,281.5,278.75,278.75,-0.98,8473.2,2333074.34,-1
2026-04-01,2026-04-01 14:00:00,278.75,278.75,276.0,276.0,-0.99,8473.2,2333074.34,-1
2026-04-01,2026-04-01 15:00:00,276.0,287.0,270.0,276.0,0.0,8473.2,2333074.34,0
2026-04-02,2026-04-02 11:00:00,272.0,275.5,266.85,271.38,-0.23,5592.2,1519008.06,-1
2026-04-02,2026-04-02 12:00:00,271.38,271.38,270.75,270.75,-0.23,5592.2,1519008.06,-1
2026-04-02,2026-04-02 13:00:00,270.75,270.75,270.12,270.12,-0.23,5592.2,1519008.06,-1
2026-04-02,2026-04-02 14:00:00,270.12,270.12,269.5,269.5,-0.23,5592.2,1519008.06,-1
2026-04-02,2026-04-02 15:00:00,269.5,279.0,261.7,269.5,0.0,5592.2,1519008.06,0
2026-04-05,2026-04-05 11:00:00,270.5,270.5,262.75,267.57,-1.08,8571.2,2225287.6,-1
2026-04-05,2026-04-05 12:00:00,267.57,267.57,264.65,264.65,-1.09,8571.2,2225287.6,-1
2026-04-05,2026-04-05 13:00:00,264.65,264.65,261.73,261.73,-1.1,8571.2,2225287.6,-1
2026-04-05,2026-04-05 14:00:00,261.73,261.73,258.8,258.8,-1.12,8571.2,2225287.6,-1
2026-04-05,2026-04-05 15:00:00,258.8,270.5,255.0,258.8,0.0,8571.2,2225287.6,0
2026-04-06,2026-04-06 11:00:00,255.4,266.2,255.4,259.93,1.77,8461.6,2258395.46,1
2026-04-06,2026-04-06 12:00:00,259.93,264.45,259.93,264.45,1.74,8461.6,2258395.46,1
2026-04-06,2026-04-06 13:00:00,264.45,268.98,264.45,268.98,1.71,8461.6,2258395.46,1
2026-04-06,2026-04-06 14:00:00,268.98,273.5,268.98,273.5,1.68,8461.6,2258395.46,1
2026-04-06,2026-04-06 15:00:00,273.5,277.0,255.4,273.5,0.0,8461.6,2258395.46,0
2026-04-07,2026-04-07 11:00:00,275.0,277.5,271.65,274.98,-0.01,5933.6,1621060.22,-1
2026-04-07,2026-04-07 12:00:00,274.98,274.98,274.95,274.95,-0.01,5933.6,1621060.22,-1
2026-04-07,2026-04-07 13:00:00,274.95,274.95,274.92,274.92,-0.01,5933.6,1621060.22,-1
2026-04-07,2026-04-07 14:00:00,274.92,274.92,274.9,274.9,-0.01,5933.6,1621060.22,-1
2026-04-07,2026-04-07 15:00:00,274.9,280.0,268.3,274.9,0.0,5933.6,1621060.22,0
2026-04-08,2026-04-08 11:00:00,270.1,274.55,270.1,272.33,0.83,6734.2,1861550.56,1
2026-04-08,2026-04-08 12:00:00,272.33,274.55,272.33,274.55,0.82,6734.2,1861550.56,1
2026-04-08,2026-04-08 13:00:00,274.55,276.77,274.55,276.77,0.81,6734.2,1861550.56,1
2026-04-08,2026-04-08 14:00:00,276.77,279.0,276.77,279.0,0.81,6734.2,1861550.56,1
2026-04-08,2026-04-08 15:00:00,279.0,279.0,270.1,279.0,0.0,6734.2,1861550.56,0
2026-04-09,2026-04-09 11:00:00,284.0,285.35,279.55,283.5,-0.18,11454.2,3226458.54,-1
2026-04-09,2026-04-09 12:00:00,283.5,283.5,283.0,283.0,-0.18,11454.2,3226458.54,-1
2026-04-09,2026-04-09 13:00:00,283.0,283.0,282.5,282.5,-0.18,11454.2,3226458.54,-1
2026-04-09,2026-04-09 14:00:00,282.5,282.5,282.0,282.0,-0.18,11454.2,3226458.54,-1
2026-04-09,2026-04-09 15:00:00,282.0,286.7,275.1,282.0,0.0,11454.2,3226458.54,0
2026-04-10,2026-04-10 11:00:00,277.0,282.25,275.0,276.15,-0.31,8899.4,2464111.62,-1
2026-04-10,2026-04-10 12:00:00,276.15,276.15,275.3,275.3,-0.31,8899.4,2464111.62,-1
2026-04-10,2026-04-10 13:00:00,275.3,275.3,274.45,274.45,-0.31,8899.4,2464111.62,-1
2026-04-10,2026-04-10 14:00:00,274.45,274.45,273.6,273.6,-0.31,8899.4,2464111.62,-1
2026-04-10,2026-04-10 15:00:00,273.6,287.5,273.0,273.6,0.0,8899.4,2464111.62,0
2026-04-13,2026-04-13 11:00:00,279.0,281.0,274.05,279.0,0.0,6485.8,1817823.26,0
2026-04-13,2026-04-13 12:00:00,279.0,279.0,279.0,279.0,0.0,6485.8,1817823.26,0
2026-04-13,2026-04-13 13:00:00,279.0,279.0,279.0,279.0,0.0,6485.8,1817823.26,0
2026-04-13,2026-04-13 14:00:00,279.0,279.0,279.0,279.0,0.0,6485.8,1817823.26,0
2026-04-13,2026-04-13 15:00:00,279.0,283.0,269.1,279.0,0.0,6485.8,1817823.26,0
2026-04-15,2026-04-15 11:00:00,274.2,286.6,274.2,277.4,1.17,12411.0,3575334.66,1
2026-04-15,2026-04-15 12:00:00,277.4,280.6,277.4,280.6,1.15,12411.0,3575334.66,1
2026-04-15,2026-04-15 13:00:00,280.6,283.8,280.6,283.8,1.14,12411.0,3575334.66,1
2026-04-15,2026-04-15 14:00:00,283.8,287.0,283.8,287.0,1.13,12411.0,3575334.66,1
2026-04-15,2026-04-15 15:00:00,287.0,299.0,274.2,287.0,0.0,12411.0,3575334.66,0
2026-04-16,2026-04-16 11:00:00,285.0,286.0,280.0,283.75,-0.44,5390.0,1503147.98,-1
2026-04-16,2026-04-16 12:00:00,283.75,283.75,282.5,282.5,-0.44,5390.0,1503147.98,-1
2026-04-16,2026-04-16 13:00:00,282.5,282.5,281.25,281.25,-0.44,5390.0,1503147.98,-1
2026-04-16,2026-04-16 14:00:00,281.25,281.25,280.0,280.0,-0.44,5390.0,1503147.98,-1
2026-04-16,2026-04-16 15:00:00,280.0,287.0,275.0,280.0,0.0,5390.0,1503147.98,0
2026-04-17,2026-04-17 11:00:00,276.1,278.05,275.3,276.88,0.28,5784.2,1602777.06,1
2026-04-17,2026-04-17 12:00:00,276.88,277.65,276.88,277.65,0.28,5784.2,1602777.06,1
2026-04-17,2026-04-17 13:00:00,277.65,278.43,277.65,278.43,0.28,5784.2,1602777.06,1
2026-04-17,2026-04-17 14:00:00,278.43,279.2,278.43,279.2,0.28,5784.2,1602777.06,1
2026-04-17,2026-04-17 15:00:00,279.2,280.0,274.5,279.2,0.0,5784.2,1602777.06,0
2026-04-20,2026-04-20 11:00:00,265.3,281.8,265.3,268.48,1.2,2203.2,605511.0,1
2026-04-20,2026-04-20 12:00:00,268.48,271.65,268.48,271.65,1.18,2203.2,605511.0,1
2026-04-20,2026-04-20 13:00:00,271.65,274.82,271.65,274.82,1.17,2203.2,605511.0,1
2026-04-20,2026-04-20 14:00:00,274.82,278.0,274.82,278.0,1.16,2203.2,605511.0,1
2026-04-20,2026-04-20 15:00:00,278.0,298.3,265.3,278.0,0.0,2203.2,605511.0,0
2026-04-21,2026-04-21 11:00:00,283.7,283.7,276.9,280.3,-1.2,2496.2,682298.5,-1
2026-04-21,2026-04-21 12:00:00,280.3,280.3,276.9,276.9,-1.21,2496.2,682298.5,-1
2026-04-21,2026-04-21 13:00:00,276.9,276.9,273.5,273.5,-1.23,2496.2,682298.5,-1
2026-04-21,2026-04-21 14:00:00,273.5,273.5,270.1,270.1,-1.24,2496.2,682298.5,-1
2026-04-21,2026-04-21 15:00:00,270.1,283.7,270.1,270.1,0.0,2496.2,682298.5,0
2026-04-22,2026-04-22 11:00:00,256.6,268.4,256.6,260.95,1.7,4628.6,1240744.28,1
2026-04-22,2026-04-22 12:00:00,260.95,265.3,260.95,265.3,1.67,4628.6,1240744.28,1
2026-04-22,2026-04-22 13:00:00,265.3,269.65,265.3,269.65,1.64,4628.6,1240744.28,1
2026-04-22,2026-04-22 14:00:00,269.65,274.0,269.65,274.0,1.61,4628.6,1240744.28,1
2026-04-22,2026-04-22 15:00:00,274.0,280.2,256.6,274.0,0.0,4628.6,1240744.28,0
2026-04-23,2026-04-23 11:00:00,278.0,278.0,271.9,276.48,-0.55,736.0,199547.48,-1
2026-04-23,2026-04-23 12:00:00,276.48,276.48,274.95,274.95,-0.55,736.0,199547.48,-1
2026-04-23,2026-04-23 13:00:00,274.95,274.95,273.42,273.42,-0.56,736.0,199547.48,-1
2026-04-23,2026-04-23 14:00:00,273.42,273.42,271.9,271.9,-0.56,736.0,199547.48,-1
2026-04-23,2026-04-23 15:00:00,271.9,278.0,265.8,271.9,0.0,736.0,199547.48,0
2026-04-24,2026-04-24 11:00:00,271.9,272.35,268.45,271.42,-0.18,1856.4,495518.92,-1
2026-04-24,2026-04-24 12:00:00,271.42,271.42,270.95,270.95,-0.17,1856.4,495518.92,-1
2026-04-24,2026-04-24 13:00:00,270.95,270.95,270.48,270.48,-0.17,1856.4,495518.92,-1
2026-04-24,2026-04-24 14:00:00,270.48,270.48,270.0,270.0,-0.18,1856.4,495518.92,-1
2026-04-24,2026-04-24 15:00:00,270.0,272.8,265.0,270.0,0.0,1856.4,495518.92,0
2026-04-27,2026-04-27 11:00:00,270.0,272.5,268.4,269.5,-0.19,2402.0,647776.78,-1
2026-04-27,2026-04-27 12:00:00,269.5,269.5,269.0,269.0,-0.19,2402.0,647776.78,-1
2026-04-27,2026-04-27 13:00:00,269.0,269.0,268.5,268.5,-0.19,2402.0,647776.78,-1
2026-04-27,2026-04-27 14:00:00,268.5,268.5,268.0,268.0,-0.19,2402.0,647776.78,-1
2026-04-27,2026-04-27 15:00:00,268.0,275.0,266.8,268.0,0.0,2402.0,647776.78,0
2026-04-28,2026-04-28 11:00:00,255.0,270.8,255.0,258.2,1.25,2292.6,610747.98,1
2026-04-28,2026-04-28 12:00:00,258.2,261.4,258.2,261.4,1.24,2292.6,610747.98,1
2026-04-28,2026-04-28 13:00:00,261.4,264.6,261.4,264.6,1.22,2292.6,610747.98,1
2026-04-28,2026-04-28 14:00:00,264.6,267.8,264.6,267.8,1.21,2292.6,610747.98,1
2026-04-28,2026-04-28 15:00:00,267.8,286.6,255.0,267.8,0.0,2292.6,610747.98,0
2026-04-29,2026-04-29 11:00:00,267.8,267.8,263.9,266.93,-0.32,4072.6,1066662.78,-1
2026-04-29,2026-04-29 12:00:00,266.93,266.93,266.05,266.05,-0.33,4072.6,1066662.78,-1
2026-04-29,2026-04-29 13:00:00,266.05,266.05,265.18,265.18,-0.33,4072.6,1066662.78,-1
2026-04-29,2026-04-29 14:00:00,265.18,265.18,264.3,264.3,-0.33,4072.6,1066662.78,-1
2026-04-29,2026-04-29 15:00:00,264.3,265.9,260.0,264.3,0.0,4072.6,1066662.78,0
2026-04-30,2026-04-30 11:00:00,251.1,257.55,251.1,253.57,0.98,4571.4,1192384.48,1
2026-04-30,2026-04-30 12:00:00,253.57,256.05,253.57,256.05,0.98,4571.4,1192384.48,1
2026-04-30,2026-04-30 13:00:00,256.05,258.52,256.05,258.52,0.96,4571.4,1192384.48,1
2026-04-30,2026-04-30 14:00:00,258.52,261.0,258.52,261.0,0.96,4571.4,1192384.48,1
2026-04-30,2026-04-30 15:00:00,261.0,264.0,251.1,261.0,0.0,4571.4,1192384.48,0
2026-05-04,2026-05-04 11:00:00,261.0,261.0,258.25,259.88,-0.43,1759.8,454252.28,-1
2026-05-04,2026-05-04 12:00:00,259.88,259.88,258.75,258.75,-0.43,1759.8,454252.28,-1
2026-05-04,2026-05-04 13:00:00,258.75,258.75,257.62,257.62,-0.44,1759.8,454252.28,-1
2026-05-04,2026-05-04 14:00:00,257.62,257.62,256.5,256.5,-0.43,1759.8,454252.28,-1
2026-05-04,2026-05-04 15:00:00,256.5,261.0,255.5,256.5,0.0,1759.8,454252.28,0
2026-05-05,2026-05-05 11:00:00,264.0,276.2,260.05,262.65,-0.51,1325.8,345326.74,-1
2026-05-05,2026-05-05 12:00:00,262.65,262.65,261.3,261.3,-0.51,1325.8,345326.74,-1
2026-05-05,2026-05-05 13:00:00,261.3,261.3,259.95,259.95,-0.52,1325.8,345326.74,-1
2026-05-05,2026-05-05 14:00:00,259.95,259.95,258.6,258.6,-0.52,1325.8,345326.74,-1
2026-05-05,2026-05-05 15:00:00,258.6,288.4,256.1,258.6,0.0,1325.8,345326.74,0
2026-05-06,2026-05-06 11:00:00,263.0,263.95,260.5,262.0,-0.38,1962.0,510926.72,-1
2026-05-06,2026-05-06 12:00:00,262.0,262.0,261.0,261.0,-0.38,1962.0,510926.72,-1
2026-05-06,2026-05-06 13:00:00,261.0,261.0,260.0,260.0,-0.38,1962.0,510926.72,-1
2026-05-06,2026-05-06 14:00:00,260.0,260.0,259.0,259.0,-0.38,1962.0,510926.72,-1
2026-05-06,2026-05-06 15:00:00,259.0,264.9,258.0,259.0,0.0,1962.0,510926.72,0
2026-05-07,2026-05-07 11:00:00,259.2,270.6,257.9,260.65,0.56,3499.4,925354.54,1
2026-05-07,2026-05-07 12:00:00,260.65,262.1,260.65,262.1,0.56,3499.4,925354.54,1
2026-05-07,2026-05-07 13:00:00,262.1,263.55,262.1,263.55,0.55,3499.4,925354.54,1
2026-05-07,2026-05-07 14:00:00,263.55,265.0,263.55,265.0,0.55,3499.4,925354.54,1
2026-05-07,2026-05-07 15:00:00,265.0,282.0,256.6,265.0,0.0,3499.4,925354.54,0
2026-05-08,2026-05-08 11:00:00,260.1,275.05,260.1,262.38,0.88,2333.8,633707.38,1
2026-05-08,2026-05-08 12:00:00,262.38,264.65,262.38,264.65,0.87,2333.8,633707.38,1
2026-05-08,2026-05-08 13:00:00,264.65,266.93,264.65,266.93,0.86,2333.8,633707.38,1
2026-05-08,2026-05-08 14:00:00,266.93,269.2,266.93,269.2,0.85,2333.8,633707.38,1
2026-05-08,2026-05-08 15:00:00,269.2,290.0,260.1,269.2,0.0,2333.8,633707.38,0
2026-05-11,2026-05-11 11:00:00,274.9,279.95,268.45,273.38,-0.55,3099.4,840996.6,-1
2026-05-11,2026-05-11 12:00:00,273.38,273.38,271.85,271.85,-0.56,3099.4,840996.6,-1
2026-05-11,2026-05-11 13:00:00,271.85,271.85,270.32,270.32,-0.56,3099.4,840996.6,-1
2026-05-11,2026-05-11 14:00:00,270.32,270.32,268.8,268.8,-0.56,3099.4,840996.6,-1
2026-05-11,2026-05-11 15:00:00,268.8,285.0,262.0,268.8,0.0,3099.4,840996.6,0
2026-05-12,2026-05-12 11:00:00,255.4,266.6,255.4,259.05,1.43,2255.0,606725.9,1
2026-05-12,2026-05-12 12:00:00,259.05,262.7,259.05,262.7,1.41,2255.0,606725.9,1
2026-05-12,2026-05-12 13:00:00,262.7,266.35,262.7,266.35,1.39,2255.0,606725.9,1
2026-05-12,2026-05-12 14:00:00,266.35,270.0,266.35,270.0,1.37,2255.0,606725.9,1
2026-05-12,2026-05-12 15:00:00,270.0,277.8,255.4,270.0,0.0,2255.0,606725.9,0
2026-05-13,2026-05-13 11:00:00,283.0,283.0,273.1,279.43,-1.26,484.2,129616.72,-1
2026-05-13,2026-05-13 12:00:00,279.43,279.43,275.85,275.85,-1.28,484.2,129616.72,-1
2026-05-13,2026-05-13 13:00:00,275.85,275.85,272.27,272.27,-1.3,484.2,129616.72,-1
2026-05-13,2026-05-13 14:00:00,272.27,272.27,268.7,268.7,-1.31,484.2,129616.72,-1
2026-05-13,2026-05-13 15:00:00,268.7,283.0,263.2,268.7,0.0,484.2,129616.72,0
2026-05-14,2026-05-14 11:00:00,282.0,282.0,272.5,277.25,-1.68,1163.4,308158.0,-1
2026-05-14,2026-05-14 12:00:00,277.25,277.25,272.5,272.5,-1.71,1163.4,308158.0,-1
2026-05-14,2026-05-14 13:00:00,272.5,272.5,267.75,267.75,-1.74,1163.4,308158.0,-1
2026-05-14,2026-05-14 14:00:00,267.75,267.75,263.0,263.0,-1.77,1163.4,308158.0,-1
2026-05-14,2026-05-14 15:00:00,263.0,282.0,263.0,263.0,0.0,1163.4,308158.0,0
2026-05-15,2026-05-15 11:00:00,276.1,276.1,268.5,273.58,-0.91,996.2,262654.48,-1
2026-05-15,2026-05-15 12:00:00,273.58,273.58,271.05,271.05,-0.92,996.2,262654.48,-1
2026-05-15,2026-05-15 13:00:00,271.05,271.05,268.52,268.52,-0.93,996.2,262654.48,-1
2026-05-15,2026-05-15 14:00:00,268.52,268.52,266.0,266.0,-0.94,996.2,262654.48,-1
2026-05-15,2026-05-15 15:00:00,266.0,276.1,260.9,266.0,0.0,996.2,262654.48,0
2026-05-18,2026-05-18 11:00:00,260.9,262.95,260.5,261.42,0.2,479.0,125129.62,1
2026-05-18,2026-05-18 12:00:00,261.42,261.95,261.42,261.95,0.2,479.0,125129.62,1
2026-05-18,2026-05-18 13:00:00,261.95,262.48,261.95,262.48,0.2,479.0,125129.62,1
2026-05-18,2026-05-18 14:00:00,262.48,263.0,262.48,263.0,0.2,479.0,125129.62,1
2026-05-18,2026-05-18 15:00:00,263.0,265.0,260.1,263.0,0.0,479.0,125129.62,0
2026-05-19,2026-05-19 11:00:00,268.0,268.0,264.5,266.25,-0.65,1967.6,514986.78,-1
2026-05-19,2026-05-19 12:00:00,266.25,266.25,264.5,264.5,-0.66,1967.6,514986.78,-1
2026-05-19,2026-05-19 13:00:00,264.5,264.5,262.75,262.75,-0.66,1967.6,514986.78,-1
2026-05-19,2026-05-19 14:00:00,262.75,262.75,261.0,261.0,-0.67,1967.6,514986.78,-1
2026-05-19,2026-05-19 15:00:00,261.0,268.0,261.0,261.0,0.0,1967.6,514986.78,0
2026-05-20,2026-05-20 11:00:00,261.0,276.5,260.5,268.75,2.97,5458.8,1476978.94,1
2026-05-20,2026-05-20 12:00:00,268.75,276.5,268.75,276.5,2.88,5458.8,1476978.94,1
2026-05-20,2026-05-20 13:00:00,276.5,284.25,276.5,284.25,2.8,5458.8,1476978.94,1
2026-05-20,2026-05-20 14:00:00,284.25,292.0,284.25,292.0,2.73,5458.8,1476978.94,1
2026-05-20,2026-05-20 15:00:00,292.0,292.0,260.0,292.0,0.0,5458.8,1476978.94,0
2026-05-21,2026-05-21 11:00:00,290.0,290.0,279.25,285.1,-1.69,5867.0,1601327.18,-1
2026-05-21,2026-05-21 12:00:00,285.1,285.1,280.2,280.2,-1.72,5867.0,1601327.18,-1
2026-05-21,2026-05-21 13:00:00,280.2,280.2,275.3,275.3,-1.75,5867.0,1601327.18,-1
2026-05-21,2026-05-21 14:00:00,275.3,275.3,270.4,270.4,-1.78,5867.0,1601327.18,-1
2026-05-21,2026-05-21 15:00:00,270.4,290.0,268.5,270.4,0.0,5867.0,1601327.18,0
2026-05-22,2026-05-22 11:00:00,257.0,265.95,257.0,260.25,1.26,3541.4,948033.6,1
2026-05-22,2026-05-22 12:00:00,260.25,263.5,260.25,263.5,1.25,3541.4,948033.6,1
2026-05-22,2026-05-22 13:00:00,263.5,266.75,263.5,266.75,1.23,3541.4,948033.6,1
2026-05-22,2026-05-22 14:00:00,266.75,270.0,266.75,270.0,1.22,3541.4,948033.6,1
2026-05-22,2026-05-22 15:00:00,270.0,274.9,257.0,270.0,0.0,3541.4,948033.6,0
2026-05-25,2026-05-25 11:00:00,268.0,272.0,268.0,269.5,0.56,1303.4,357668.04,1
2026-05-25,2026-05-25 12:00:00,269.5,271.0,269.5,271.0,0.56,1303.4,357668.04,1
2026-05-25,2026-05-25 13:00:00,271.0,272.5,271.0,272.5,0.55,1303.4,357668.04,1
2026-05-25,2026-05-25 14:00:00,272.5,274.0,272.5,274.0,0.55,1303.4,357668.04,1
2026-05-25,2026-05-25 15:00:00,274.0,276.0,268.0,274.0,0.0,1303.4,357668.04,0
2026-05-26,2026-05-26 11:00:00,275.0,277.45,272.0,274.75,-0.09,672.8,183117.2,-1
2026-05-26,2026-05-26 12:00:00,274.75,274.75,274.5,274.5,-0.09,672.8,183117.2,-1
2026-05-26,2026-05-26 13:00:00,274.5,274.5,274.25,274.25,-0.09,672.8,183117.2,-1
2026-05-26,2026-05-26 14:00:00,274.25,274.25,274.0,274.0,-0.09,672.8,183117.2,-1
2026-05-26,2026-05-26 15:00:00,274.0,279.9,269.0,274.0,0.0,672.8,183117.2,0
2026-05-27,2026-05-27 11:00:00,274.0,274.9,272.0,273.98,-0.01,2223.0,605705.66,-1
2026-05-27,2026-05-27 12:00:00,273.98,273.98,273.95,273.95,-0.01,2223.0,605705.66,-1
2026-05-27,2026-05-27 13:00:00,273.95,273.95,273.92,273.92,-0.01,2223.0,605705.66,-1
2026-05-27,2026-05-27 14:00:00,273.92,273.92,273.9,273.9,-0.01,2223.0,605705.66,-1
2026-05-27,2026-05-27 15:00:00,273.9,275.8,270.0,273.9,0.0,2223.0,605705.66,0
2026-06-01,2026-06-01 11:00:00,275.0,275.0,267.5,273.25,-0.64,4863.4,1292775.12,-1
2026-06-01,2026-06-01 12:00:00,273.25,273.25,271.5,271.5,-0.64,4863.4,1292775.12,-1
2026-06-01,2026-06-01 13:00:00,271.5,271.5,269.75,269.75,-0.64,4863.4,1292775.12,-1
2026-06-01,2026-06-01 14:00:00,269.75,269.75,268.0,268.0,-0.65,4863.4,1292775.12,-1
2026-06-01,2026-06-01 15:00:00,268.0,275.0,260.0,268.0,0.0,4863.4,1292775.12,0
2026-06-02,2026-06-02 11:00:00,260.0,265.0,260.0,262.25,0.87,4483.2,1190117.46,1
2026-06-02,2026-06-02 12:00:00,262.25,264.5,262.25,264.5,0.86,4483.2,1190117.46,1
2026-06-02,2026-06-02 13:00:00,264.5,266.75,264.5,266.75,0.85,4483.2,1190117.46,1
2026-06-02,2026-06-02 14:00:00,266.75,269.0,266.75,269.0,0.84,4483.2,1190117.46,1
2026-06-02,2026-06-02 15:00:00,269.0,270.0,260.0,269.0,0.0,4483.2,1190117.46,0
2026-06-03,2026-06-03 11:00:00,268.0,269.0,264.0,267.75,-0.09,3331.8,875557.18,-1
2026-06-03,2026-06-03 12:00:00,267.75,267.75,267.5,267.5,-0.09,3331.8,875557.18,-1
2026-06-03,2026-06-03 13:00:00,267.5,267.5,267.25,267.25,-0.09,3331.8,875557.18,-1
2026-06-03,2026-06-03 14:00:00,267.25,267.25,267.0,267.0,-0.09,3331.8,875557.18,-1
2026-06-03,2026-06-03 15:00:00,267.0,270.0,260.0,267.0,0.0,3331.8,875557.18,0
2026-06-04,2026-06-04 11:00:00,280.0,280.0,269.1,276.7,-1.18,2949.4,776753.68,-1
2026-06-04,2026-06-04 12:00:00,276.7,276.7,273.4,273.4,-1.19,2949.4,776753.68,-1
2026-06-04,2026-06-04 13:00:00,273.4,273.4,270.1,270.1,-1.21,2949.4,776753.68,-1
2026-06-04,2026-06-04 14:00:00,270.1,270.1,266.8,266.8,-1.22,2949.4,776753.68,-1
2026-06-04,2026-06-04 15:00:00,266.8,280.0,258.2,266.8,0.0,2949.4,776753.68,0
2026-06-05,2026-06-05 11:00:00,267.0,267.5,262.5,265.75,-0.47,4270.0,1113238.94,-1
2026-06-05,2026-06-05 12:00:00,265.75,265.75,264.5,264.5,-0.47,4270.0,1113238.94,-1
2026-06-05,2026-06-05 13:00:00,264.5,264.5,263.25,263.25,-0.47,4270.0,1113238.94,-1
2026-06-05,2026-06-05 14:00:00,263.25,263.25,262.0,262.0,-0.47,4270.0,1113238.94,-1
2026-06-05,2026-06-05 15:00:00,262.0,268.0,258.0,262.0,0.0,4270.0,1113238.94,0
2026-06-08,2026-06-08 11:00:00,263.0,263.0,260.5,261.75,-0.48,1469.0,381459.0,-1
2026-06-08,2026-06-08 12:00:00,261.75,261.75,260.5,260.5,-0.48,1469.0,381459.0,-1
2026-06-08,2026-06-08 13:00:00,260.5,260.5,259.25,259.25,-0.48,1469.0,381459.0,-1
2026-06-08,2026-06-08 14:00:00,259.25,259.25,258.0,258.0,-0.48,1469.0,381459.0,-1
2026-06-08,2026-06-08 15:00:00,258.0,263.0,258.0,258.0,0.0,1469.0,381459.0,0
2026-06-09,2026-06-09 11:00:00,258.0,260.0,256.5,258.75,0.29,3568.2,917206.2,1
2026-06-09,2026-06-09 12:00:00,258.75,259.5,258.75,259.5,0.29,3568.2,917206.2,1
2026-06-09,2026-06-09 13:00:00,259.5,260.25,259.5,260.25,0.29,3568.2,917206.2,1
2026-06-09,2026-06-09 14:00:00,260.25,261.0,260.25,261.0,0.29,3568.2,917206.2,1
2026-06-09,2026-06-09 15:00:00,261.0,262.0,255.0,261.0,0.0,3568.2,917206.2,0
2026-06-10,2026-06-10 11:00:00,254.0,259.4,254.0,255.25,0.49,1101.8,286462.48,1
2026-06-10,2026-06-10 12:00:00,255.25,256.5,255.25,256.5,0.49,1101.8,286462.48,1
2026-06-10,2026-06-10 13:00:00,256.5,257.75,256.5,257.75,0.49,1101.8,286462.48,1
2026-06-10,2026-06-10 14:00:00,257.75,259.0,257.75,259.0,0.48,1101.8,286462.48,1
2026-06-10,2026-06-10 15:00:00,259.0,264.8,254.0,259.0,0.0,1101.8,286462.48,0
2026-06-11,2026-06-11 11:00:00,260.0,260.0,258.5,260.0,0.0,1301.6,336042.98,0
2026-06-11,2026-06-11 12:00:00,260.0,260.0,260.0,260.0,0.0,1301.6,336042.98,0
2026-06-11,2026-06-11 13:00:00,260.0,260.0,260.0,260.0,0.0,1301.6,336042.98,0
2026-06-11,2026-06-11 14:00:00,260.0,260.0,260.0,260.0,0.0,1301.6,336042.98,0
2026-06-11,2026-06-11 15:00:00,260.0,260.0,257.0,260.0,0.0,1301.6,336042.98,0
2026-06-12,2026-06-12 11:00:00,263.0,263.0,260.4,262.0,-0.38,1148.0,296697.0,-1
2026-06-12,2026-06-12 12:00:00,262.0,262.0,261.0,261.0,-0.38,1148.0,296697.0,-1
2026-06-12,2026-06-12 13:00:00,261.0,261.0,260.0,260.0,-0.38,1148.0,296697.0,-1
2026-06-12,2026-06-12 14:00:00,260.0,260.0,259.0,259.0,-0.38,1148.0,296697.0,-1
2026-06-12,2026-06-12 15:00:00,259.0,263.0,257.8,259.0,0.0,1148.0,296697.0,0
2026-06-15,2026-06-15 11:00:00,257.0,259.0,256.75,257.45,0.18,1222.8,316009.18,1
2026-06-15,2026-06-15 12:00:00,257.45,257.9,257.45,257.9,0.17,1222.8,316009.18,1
2026-06-15,2026-06-15 13:00:00,257.9,258.35,257.9,258.35,0.17,1222.8,316009.18,1
2026-06-15,2026-06-15 14:00:00,258.35,258.8,258.35,258.8,0.17,1222.8,316009.18,1
2026-06-15,2026-06-15 15:00:00,258.8,261.0,256.5,258.8,0.0,1222.8,316009.18,0
2026-06-16,2026-06-16 11:00:00,256.5,258.7,256.5,256.95,0.18,1364.6,352255.7,1
2026-06-16,2026-06-16 12:00:00,256.95,257.4,256.95,257.4,0.18,1364.6,352255.7,1
2026-06-16,2026-06-16 13:00:00,257.4,257.85,257.4,257.85,0.17,1364.6,352255.7,1
2026-06-16,2026-06-16 14:00:00,257.85,258.3,257.85,258.3,0.17,1364.6,352255.7,1
2026-06-16,2026-06-16 15:00:00,258.3,260.9,256.5,258.3,0.0,1364.6,352255.7,0
2026-06-17,2026-06-17 11:00:00,260.0,260.0,258.0,259.75,-0.1,1863.2,478946.84,-1
2026-06-17,2026-06-17 12:00:00,259.75,259.75,259.5,259.5,-0.1,1863.2,478946.84,-1
2026-06-17,2026-06-17 13:00:00,259.5,259.5,259.25,259.25,-0.1,1863.2,478946.84,-1
2026-06-17,2026-06-17 14:00:00,259.25,259.25,259.0,259.0,-0.1,1863.2,478946.84,-1
2026-06-17,2026-06-17 15:00:00,259.0,260.0,256.0,259.0,0.0,1863.2,478946.84,0
2026-06-18,2026-06-18 11:00:00,256.2,259.1,256.15,256.85,0.25,1008.8,260611.96,1
2026-06-18,2026-06-18 12:00:00,256.85,257.5,256.85,257.5,0.25,1008.8,260611.96,1
2026-06-18,2026-06-18 13:00:00,257.5,258.15,257.5,258.15,0.25,1008.8,260611.96,1
2026-06-18,2026-06-18 14:00:00,258.15,258.8,258.15,258.8,0.25,1008.8,260611.96,1
2026-06-18,2026-06-18 15:00:00,258.8,262.0,256.1,258.8,0.0,1008.8,260611.96,0
2026-06-19,2026-06-19 11:00:00,245.9,252.45,245.9,248.68,1.13,1867.6,475685.46,1
2026-06-19,2026-06-19 12:00:00,248.68,251.45,248.68,251.45,1.11,1867.6,475685.46,1
2026-06-19,2026-06-19 13:00:00,251.45,254.22,251.45,254.22,1.1,1867.6,475685.46,1
2026-06-19,2026-06-19 14:00:00,254.22,257.0,254.22,257.0,1.09,1867.6,475685.46,1
2026-06-19,2026-06-19 15:00:00,257.0,259.0,245.9,257.0,0.0,1867.6,475685.46,0
2026-06-22,2026-06-22 11:00:00,258.0,260.95,256.5,257.75,-0.1,1511.4,393253.32,-1
2026-06-22,2026-06-22 12:00:00,257.75,257.75,257.5,257.5,-0.1,1511.4,393253.32,-1
2026-06-22,2026-06-22 13:00:00,257.5,257.5,257.25,257.25,-0.1,1511.4,393253.32,-1
2026-06-22,2026-06-22 14:00:00,257.25,257.25,257.0,257.0,-0.1,1511.4,393253.32,-1
2026-06-22,2026-06-22 15:00:00,257.0,263.9,255.0,257.0,0.0,1511.4,393253.32,0
2026-06-23,2026-06-23 11:00:00,255.0,255.5,252.6,253.85,-0.45,3127.0,789720.36,-1
2026-06-23,2026-06-23 12:00:00,253.85,253.85,252.7,252.7,-0.45,3127.0,789720.36,-1
2026-06-23,2026-06-23 13:00:00,252.7,252.7,251.55,251.55,-0.46,3127.0,789720.36,-1
2026-06-23,2026-06-23 14:00:00,251.55,251.55,250.4,250.4,-0.46,3127.0,789720.36,-1
2026-06-23,2026-06-23 15:00:00,250.4,256.0,250.2,250.4,0.0,3127.0,789720.36,0
2026-06-24,2026-06-24 11:00:00,252.0,252.0,246.0,251.75,-0.1,2799.8,682364.78,-1
2026-06-24,2026-06-24 12:00:00,251.75,251.75,251.5,251.5,-0.1,2799.8,682364.78,-1
2026-06-24,2026-06-24 13:00:00,251.5,251.5,251.25,251.25,-0.1,2799.8,682364.78,-1
2026-06-24,2026-06-24 14:00:00,251.25,251.25,251.0,251.0,-0.1,2799.8,682364.78,-1
2026-06-24,2026-06-24 15:00:00,251.0,252.0,240.0,251.0,0.0,2799.8,682364.78,0
2026-06-25,2026-06-25 11:00:00,263.4,263.4,251.9,259.3,-1.56,696.2,171929.22,-1
2026-06-25,2026-06-25 12:00:00,259.3,259.3,255.2,255.2,-1.58,696.2,171929.22,-1
2026-06-25,2026-06-25 13:00:00,255.2,255.2,251.1,251.1,-1.61,696.2,171929.22,-1
2026-06-25,2026-06-25 14:00:00,251.1,251.1,247.0,247.0,-1.63,696.2,171929.22,-1
2026-06-25,2026-06-25 15:00:00,247.0,263.4,240.4,247.0,0.0,696.2,171929.22,0
2026-06-26,2026-06-26 11:00:00,247.0,248.5,245.1,247.75,0.3,746.2,183488.56,1
2026-06-26,2026-06-26 12:00:00,247.75,248.5,247.75,248.5,0.3,746.2,183488.56,1
2026-06-26,2026-06-26 13:00:00,248.5,249.25,248.5,249.25,0.3,746.2,183488.56,1
2026-06-26,2026-06-26 14:00:00,249.25,250.0,249.25,250.0,0.3,746.2,183488.56,1
2026-06-26,2026-06-26 15:00:00,250.0,250.0,243.2,250.0,0.0,746.2,183488.56,0
2026-06-29,2026-06-29 11:00:00,243.2,245.1,243.2,243.27,0.03,384.4,93753.46,1
2026-06-29,2026-06-29 12:00:00,243.27,243.35,243.27,243.35,0.03,384.4,93753.46,1
2026-06-29,2026-06-29 13:00:00,243.35,243.43,243.35,243.43,0.03,384.4,93753.46,1
2026-06-29,2026-06-29 14:00:00,243.43,243.5,243.43,243.5,0.03,384.4,93753.46,1
2026-06-29,2026-06-29 15:00:00,243.5,247.0,243.2,243.5,0.0,384.4,93753.46,0
2026-06-30,2026-06-30 11:00:00,240.2,241.75,236.6,240.0,-0.08,3818.2,906102.02,-1
2026-06-30,2026-06-30 12:00:00,240.0,240.0,239.8,239.8,-0.08,3818.2,906102.02,-1
2026-06-30,2026-06-30 13:00:00,239.8,239.8,239.6,239.6,-0.08,3818.2,906102.02,-1
2026-06-30,2026-06-30 14:00:00,239.6,239.6,239.4,239.4,-0.08,3818.2,906102.02,-1
2026-06-30,2026-06-30 15:00:00,239.4,243.3,233.0,239.4,0.0,3818.2,906102.02,0
2026-07-01,2026-07-01 11:00:00,245.0,245.75,243.05,244.75,-0.1,1464.0,356590.44,-1
2026-07-01,2026-07-01 12:00:00,244.75,244.75,244.5,244.5,-0.1,1464.0,356590.44,-1
2026-07-01,2026-07-01 13:00:00,244.5,244.5,244.25,244.25,-0.1,1464.0,356590.44,-1
2026-07-01,2026-07-01 14:00:00,244.25,244.25,244.0,244.0,-0.1,1464.0,356590.44,-1
2026-07-01,2026-07-01 15:00:00,244.0,246.5,241.1,244.0,0.0,1464.0,356590.44,0
2026-07-02,2026-07-02 11:00:00,243.0,244.3,240.5,243.65,0.27,3777.6,904156.74,1
2026-07-02,2026-07-02 12:00:00,243.65,244.3,243.65,244.3,0.27,3777.6,904156.74,1
2026-07-02,2026-07-02 13:00:00,244.3,244.95,244.3,244.95,0.27,3777.6,904156.74,1
2026-07-02,2026-07-02 14:00:00,244.95,245.6,244.95,245.6,0.27,3777.6,904156.74,1
2026-07-02,2026-07-02 15:00:00,245.6,245.6,238.0,245.6,0.0,3777.6,904156.74,0
2026-07-03,2026-07-03 11:00:00,242.0,243.0,238.5,241.75,-0.1,3909.2,935619.08,-1
2026-07-03,2026-07-03 12:00:00,241.75,241.75,241.5,241.5,-0.1,3909.2,935619.08,-1
2026-07-03,2026-07-03 13:00:00,241.5,241.5,241.25,241.25,-0.1,3909.2,935619.08,-1
2026-07-03,2026-07-03 14:00:00,241.25,241.25,241.0,241.0,-0.1,3909.2,935619.08,-1
2026-07-03,2026-07-03 15:00:00,241.0,244.0,235.0,241.0,0.0,3909.2,935619.08,0
2026-07-06,2026-07-06 11:00:00,240.0,240.0,237.3,239.0,-0.42,2982.0,703288.4,-1
2026-07-06,2026-07-06 12:00:00,239.0,239.0,238.0,238.0,-0.42,2982.0,703288.4,-1
2026-07-06,2026-07-06 13:00:00,238.0,238.0,237.0,237.0,-0.42,2982.0,703288.4,-1
2026-07-06,2026-07-06 14:00:00,237.0,237.0,236.0,236.0,-0.42,2982.0,703288.4,-1
2026-07-06,2026-07-06 15:00:00,236.0,240.0,234.6,236.0,0.0,2982.0,703288.4,0
2026-07-07,2026-07-07 11:00:00,240.9,240.9,237.5,239.55,-0.56,2465.0,582062.68,-1
2026-07-07,2026-07-07 12:00:00,239.55,239.55,238.2,238.2,-0.56,2465.0,582062.68,-1
2026-07-07,2026-07-07 13:00:00,238.2,238.2,236.85,236.85,-0.57,2465.0,582062.68,-1
2026-07-07,2026-07-07 14:00:00,236.85,236.85,235.5,235.5,-0.57,2465.0,582062.68,-1
2026-07-07,2026-07-07 15:00:00,235.5,240.9,234.1,235.5,0.0,2465.0,582062.68,0
2026-07-08,2026-07-08 11:00:00,235.9,237.4,233.0,235.43,-0.2,1577.0,366916.98,-1
2026-07-08,2026-07-08 12:00:00,235.43,235.43,234.95,234.95,-0.2,1577.0,366916.98,-1
2026-07-08,2026-07-08 13:00:00,234.95,234.95,234.47,234.47,-0.2,1577.0,366916.98,-1
2026-07-08,2026-07-08 14:00:00,234.47,234.47,234.0,234.0,-0.2,1577.0,366916.98,-1
2026-07-08,2026-07-08 15:00:00,234.0,238.9,230.1,234.0,0.0,1577.0,366916.98,0
2026-07-09,2026-07-09 11:00:00,239.0,239.0,234.0,237.5,-0.63,2469.4,570652.12,-1
2026-07-09,2026-07-09 12:00:00,237.5,237.5,236.0,236.0,-0.63,2469.4,570652.12,-1
2026-07-09,2026-07-09 13:00:00,236.0,236.0,234.5,234.5,-0.64,2469.4,570652.12,-1
2026-07-09,2026-07-09 14:00:00,234.5,234.5,233.0,233.0,-0.64,2469.4,570652.12,-1
2026-07-09,2026-07-09 15:00:00,233.0,239.0,229.0,233.0,0.0,2469.4,570652.12,0
2026-07-10,2026-07-10 11:00:00,226.0,231.95,226.0,228.25,1.0,7956.0,1829770.5,1
2026-07-10,2026-07-10 12:00:00,228.25,230.5,228.25,230.5,0.99,7956.0,1829770.5,1
2026-07-10,2026-07-10 13:00:00,230.5,232.75,230.5,232.75,0.98,7956.0,1829770.5,1
2026-07-10,2026-07-10 14:00:00,232.75,235.0,232.75,235.0,0.97,7956.0,1829770.5,1
2026-07-10,2026-07-10 15:00:00,235.0,237.9,226.0,235.0,0.0,7956.0,1829770.5,0
2026-07-13,2026-07-13 11:00:00,228.1,234.05,225.55,228.32,0.1,4091.8,936372.78,1
2026-07-13,2026-07-13 12:00:00,228.32,228.55,228.32,228.55,0.1,4091.8,936372.78,1
2026-07-13,2026-07-13 13:00:00,228.55,228.78,228.55,228.78,0.1,4091.8,936372.78,1
2026-07-13,2026-07-13 14:00:00,228.78,229.0,228.78,229.0,0.1,4091.8,936372.78,1
2026-07-13,2026-07-13 15:00:00,229.0,240.0,223.0,229.0,0.0,4091.8,936372.78,0
2026-07-14,2026-07-14 11:00:00,229.0,229.95,226.0,228.25,-0.33,8983.8,2025400.46,-1
2026-07-14,2026-07-14 12:00:00,228.25,228.25,227.5,227.5,-0.33,8983.8,2025400.46,-1
2026-07-14,2026-07-14 13:00:00,227.5,227.5,226.75,226.75,-0.33,8983.8,2025400.46,-1
2026-07-14,2026-07-14 14:00:00,226.75,226.75,226.0,226.0,-0.33,8983.8,2025400.46,-1
2026-07-14,2026-07-14 15:00:00,226.0,230.9,223.0,226.0,0.0,8983.8,2025400.46,0
2026-07-15,2026-07-15 11:00:00,227.5,231.7,227.05,228.38,0.39,2179.2,499232.38,1
2026-07-15,2026-07-15 12:00:00,228.38,229.25,228.38,229.25,0.38,2179.2,499232.38,1
2026-07-15,2026-07-15 13:00:00,229.25,230.12,229.25,230.12,0.38,2179.2,499232.38,1
2026-07-15,2026-07-15 14:00:00,230.12,231.0,230.12,231.0,0.38,2179.2,499232.38,1
2026-07-15,2026-07-15 15:00:00,231.0,235.9,226.6,231.0,0.0,2179.2,499232.38,0
2026-07-16,2026-07-16 11:00:00,233.0,234.0,229.5,233.5,0.21,1559.2,355994.96,1
2026-07-16,2026-07-16 12:00:00,233.5,234.0,233.5,234.0,0.21,1559.2,355994.96,1
2026-07-16,2026-07-16 13:00:00,234.0,234.5,234.0,234.5,0.21,1559.2,355994.96,1
2026-07-16,2026-07-16 14:00:00,234.5,235.0,234.5,235.0,0.21,1559.2,355994.96,1
2026-07-16,2026-07-16 15:00:00,235.0,235.0,226.0,235.0,0.0,1559.2,355994.96,0
2026-07-17,2026-07-17 11:00:00,227.0,237.95,227.0,231.38,1.93,6678.8,1593402.78,1
2026-07-17,2026-07-17 12:00:00,231.38,235.75,231.38,235.75,1.89,6678.8,1593402.78,1
2026-07-17,2026-07-17 13:00:00,235.75,240.12,235.75,240.12,1.85,6678.8,1593402.78,1
2026-07-17,2026-07-17 14:00:00,240.12,244.5,240.12,244.5,1.82,6678.8,1593402.78,1
2026-07-17,2026-07-17 15:00:00,244.5,248.9,227.0,244.5,0.0,6678.8,1593402.78,0
2026-07-20,2026-07-20 11:00:00,240.0,244.4,236.5,241.72,0.72,3662.0,893700.42,1
2026-07-20,2026-07-20 12:00:00,241.72,243.45,241.72,243.45,0.72,3662.0,893700.42,1
2026-07-20,2026-07-20 13:00:00,243.45,245.18,243.45,245.18,0.71,3662.0,893700.42,1
2026-07-20,2026-07-20 14:00:00,245.18,246.9,245.18,246.9,0.7,3662.0,893700.42,1
2026-07-20,2026-07-20 15:00:00,246.9,248.8,233.0,246.9,0.0,3662.0,893700.42,0
2026-07-21,2026-07-21 11:00:00,247.0,247.5,241.2,246.38,-0.25,6670.6,1611965.38,-1
2026-07-21,2026-07-21 12:00:00,246.38,246.38,245.75,245.75,-0.26,6670.6,1611965.38,-1
2026-07-21,2026-07-21 13:00:00,245.75,245.75,245.12,245.12,-0.26,6670.6,1611965.38,-1
2026-07-21,2026-07-21 14:00:00,245.12,245.12,244.5,244.5,-0.25,6670.6,1611965.38,-1
2026-07-21,2026-07-21 15:00:00,244.5,248.0,235.4,244.5,0.0,6670.6,1611965.38,0
2026-07-22,2026-07-22 11:00:00,237.3,240.65,237.3,238.7,0.59,3298.6,793247.66,1
2026-07-22,2026-07-22 12:00:00,238.7,240.1,238.7,240.1,0.59,3298.6,793247.66,1
2026-07-22,2026-07-22 13:00:00,240.1,241.5,240.1,241.5,0.58,3298.6,793247.66,1
2026-07-22,2026-07-22 14:00:00,241.5,242.9,241.5,242.9,0.58,3298.6,793247.66,1
2026-07-22,2026-07-22 15:00:00,242.9,244.0,237.3,242.9,0.0,3298.6,793247.66,0
2026-07-23,2026-07-23 11:00:00,242.5,244.25,240.1,243.12,0.26,2402.0,581458.64,1
2026-07-23,2026-07-23 12:00:00,243.12,243.75,243.12,243.75,0.26,2402.0,581458.64,1
2026-07-23,2026-07-23 13:00:00,243.75,244.38,243.75,244.38,0.26,2402.0,581458.64,1
2026-07-23,2026-07-23 14:00:00,244.38,245.0,244.38,245.0,0.25,2402.0,581458.64,1
2026-07-23,2026-07-23 15:00:00,245.0,246.0,237.7,245.0,0.0,2402.0,581458.64,0
2026-07-24,2026-07-24 11:00:00,240.0,243.4,240.0,240.38,0.16,1864.2,452400.66,1
2026-07-24,2026-07-24 12:00:00,240.38,240.75,240.38,240.75,0.15,1864.2,452400.66,1
2026-07-24,2026-07-24 13:00:00,240.75,241.12,240.75,241.12,0.15,1864.2,452400.66,1
2026-07-24,2026-07-24 14:00:00,241.12,241.5,241.12,241.5,0.16,1864.2,452400.66,1
2026-07-24,2026-07-24 15:00:00,241.5,246.8,240.0,241.5,0.0,1864.2,452400.66,0
2026-07-27,2026-07-27 11:00:00,240.8,242.9,237.9,241.55,0.31,1667.6,398792.76,1
2026-07-27,2026-07-27 12:00:00,241.55,242.3,241.55,242.3,0.31,1667.6,398792.76,1
2026-07-27,2026-07-27 13:00:00,242.3,243.05,242.3,243.05,0.31,1667.6,398792.76,1
2026-07-27,2026-07-27 14:00:00,243.05,243.8,243.05,243.8,0.31,1667.6,398792.76,1
2026-07-27,2026-07-27 15:00:00,243.8,245.0,235.0,243.8,0.0,1667.6,398792.76,0
2026-07-28,2026-07-28 11:00:00,236.5,239.75,236.5,238.1,0.68,1636.0,391825.52,1
2026-07-28,2026-07-28 12:00:00,238.1,239.7,238.1,239.7,0.67,1636.0,391825.52,1
2026-07-28,2026-07-28 13:00:00,239.7,241.3,239.7,241.3,0.67,1636.0,391825.52,1
2026-07-28,2026-07-28 14:00:00,241.3,242.9,241.3,242.9,0.66,1636.0,391825.52,1
2026-07-28,2026-07-28 15:00:00,242.9,243.0,236.5,242.9,0.0,1636.0,391825.52,0
2026-07-29,2026-07-29 11:00:00,237.0,240.05,237.0,238.5,0.63,1559.6,374662.84,1
2026-07-29,2026-07-29 12:00:00,238.5,240.0,238.5,240.0,0.63,1559.6,374662.84,1
2026-07-29,2026-07-29 13:00:00,240.0,241.5,240.0,241.5,0.62,1559.6,374662.84,1
2026-07-29,2026-07-29 14:00:00,241.5,243.0,241.5,243.0,0.62,1559.6,374662.84,1
2026-07-29,2026-07-29 15:00:00,243.0,243.1,237.0,243.0,0.0,1559.6,374662.84,0
2026-07-30,2026-07-30 11:00:00,241.9,243.45,239.7,242.68,0.32,2165.0,518178.42,1
2026-07-30,2026-07-30 12:00:00,242.68,243.45,242.68,243.45,0.32,2165.0,518178.42,1
2026-07-30,2026-07-30 13:00:00,243.45,244.22,243.45,244.22,0.32,2165.0,518178.42,1
2026-07-30,2026-07-30 14:00:00,244.22,245.0,244.22,245.0,0.32,2165.0,518178.42,1
2026-07-30,2026-07-30 15:00:00,245.0,245.0,237.5,245.0,0.0,2165.0,518178.42,0
2026-07-31,2026-07-31 11:00:00,248.0,248.0,241.8,246.5,-0.6,2838.4,684239.96,-1
2026-07-31,2026-07-31 12:00:00,246.5,246.5,245.0,245.0,-0.61,2838.4,684239.96,-1
2026-07-31,2026-07-31 13:00:00,245.0,245.0,243.5,243.5,-0.61,2838.4,684239.96,-1
2026-07-31,2026-07-31 14:00:00,243.5,243.5,242.0,242.0,-0.62,2838.4,684239.96,-1
2026-07-31,2026-07-31 15:00:00,242.0,248.0,235.6,242.0,0.0,2838.4,684239.96,0
2026-08-03,2026-08-03 11:00:00,239.2,241.55,238.7,239.62,0.18,3265.0,781877.3,1
2026-08-03,2026-08-03 12:00:00,239.62,240.05,239.62,240.05,0.18,3265.0,781877.3,1
2026-08-03,2026-08-03 13:00:00,240.05,240.47,240.05,240.47,0.17,3265.0,781877.3,1
2026-08-03,2026-08-03 14:00:00,240.47,240.9,240.47,240.9,0.18,3265.0,781877.3,1
2026-08-03,2026-08-03 15:00:00,240.9,243.9,238.2,240.9,0.0,3265.0,781877.3,0
2026-08-04,2026-08-04 11:00:00,241.0,241.0,238.05,240.95,-0.02,4528.2,1073992.94,-1
2026-08-04,2026-08-04 12:00:00,240.95,240.95,240.9,240.9,-0.02,4528.2,1073992.94,-1
2026-08-04,2026-08-04 13:00:00,240.9,240.9,240.85,240.85,-0.02,4528.2,1073992.94,-1
2026-08-04,2026-08-04 14:00:00,240.85,240.85,240.8,240.8,-0.02,4528.2,1073992.94,-1
2026-08-04,2026-08-04 15:00:00,240.8,241.0,235.1,240.8,0.0,4528.2,1073992.94,0
2026-08-05,2026-08-05 11:00:00,246.0,246.0,242.35,244.93,-0.43,964.2,233446.96,-1
2026-08-05,2026-08-05 12:00:00,244.93,244.93,243.85,243.85,-0.44,964.2,233446.96,-1
2026-08-05,2026-08-05 13:00:00,243.85,243.85,242.77,242.77,-0.44,964.2,233446.96,-1
2026-08-05,2026-08-05 14:00:00,242.77,242.77,241.7,241.7,-0.44,964.2,233446.96,-1
2026-08-05,2026-08-05 15:00:00,241.7,246.0,238.7,241.7,0.0,964.2,233446.96,0
2026-08-06,2026-08-06 11:00:00,239.5,241.2,238.45,239.6,0.04,2870.0,689455.04,1
2026-08-06,2026-08-06 12:00:00,239.6,239.7,239.6,239.7,0.04,2870.0,689455.04,1
2026-08-06,2026-08-06 13:00:00,239.7,239.8,239.7,239.8,0.04,2870.0,689455.04,1
2026-08-06,2026-08-06 14:00:00,239.8,239.9,239.8,239.9,0.04,2870.0,689455.04,1
2026-08-06,2026-08-06 15:00:00,239.9,242.9,237.4,239.9,0.0,2870.0,689455.04,0
2026-08-07,2026-08-07 11:00:00,237.7,239.85,237.6,238.77,0.45,635.2,152587.5,1
2026-08-07,2026-08-07 12:00:00,238.77,239.85,238.77,239.85,0.45,635.2,152587.5,1
2026-08-07,2026-08-07 13:00:00,239.85,240.93,239.85,240.93,0.45,635.2,152587.5,1
2026-08-07,2026-08-07 14:00:00,240.93,242.0,240.93,242.0,0.44,635.2,152587.5,1
2026-08-07,2026-08-07 15:00:00,242.0,242.0,237.5,242.0,0.0,635.2,152587.5,0
2026-08-10,2026-08-10 11:00:00,241.0,241.25,238.6,240.97,-0.01,1533.2,365371.88,-1
2026-08-10,2026-08-10 12:00:00,240.97,240.97,240.95,240.95,-0.01,1533.2,365371.88,-1
2026-08-10,2026-08-10 13:00:00,240.95,240.95,240.93,240.93,-0.01,1533.2,365371.88,-1
2026-08-10,2026-08-10 14:00:00,240.93,240.93,240.9,240.9,-0.01,1533.2,365371.88,-1
2026-08-10,2026-08-10 15:00:00,240.9,241.5,236.2,240.9,0.0,1533.2,365371.88,0
2026-08-11,2026-08-11 11:00:00,238.0,240.0,236.6,239.0,0.42,1527.6,364599.42,1
2026-08-11,2026-08-11 12:00:00,239.0,240.0,239.0,240.0,0.42,1527.6,364599.42,1
2026-08-11,2026-08-11 13:00:00,240.0,241.0,240.0,241.0,0.42,1527.6,364599.42,1
2026-08-11,2026-08-11 14:00:00,241.0,242.0,241.0,242.0,0.41,1527.6,364599.42,1
2026-08-11,2026-08-11 15:00:00,242.0,242.0,235.2,242.0,0.0,1527.6,364599.42,0
2026-08-12,2026-08-12 11:00:00,254.1,254.1,244.45,250.57,-1.39,971.6,234320.46,-1
2026-08-12,2026-08-12 12:00:00,250.57,250.57,247.05,247.05,-1.4,971.6,234320.46,-1
2026-08-12,2026-08-12 13:00:00,247.05,247.05,243.53,243.53,-1.42,971.6,234320.46,-1
2026-08-12,2026-08-12 14:00:00,243.53,243.53,240.0,240.0,-1.45,971.6,234320.46,-1
2026-08-12,2026-08-12 15:00:00,240.0,254.1,234.8,240.0,0.0,971.6,234320.46,0
2026-08-13,2026-08-13 11:00:00,228.0,237.95,228.0,232.0,1.75,3637.4,888686.48,1
2026-08-13,2026-08-13 12:00:00,232.0,236.0,232.0,236.0,1.72,3637.4,888686.48,1
2026-08-13,2026-08-13 13:00:00,236.0,240.0,236.0,240.0,1.69,3637.4,888686.48,1
2026-08-13,2026-08-13 14:00:00,240.0,244.0,240.0,244.0,1.67,3637.4,888686.48,1
2026-08-13,2026-08-13 15:00:00,244.0,247.9,228.0,244.0,0.0,3637.4,888686.48,0
2026-08-14,2026-08-14 11:00:00,242.1,243.55,242.1,242.8,0.29,4114.4,1004646.98,1
2026-08-14,2026-08-14 12:00:00,242.8,243.5,242.8,243.5,0.29,4114.4,1004646.98,1
2026-08-14,2026-08-14 13:00:00,243.5,244.2,243.5,244.2,0.29,4114.4,1004646.98,1
2026-08-14,2026-08-14 14:00:00,244.2,244.9,244.2,244.9,0.29,4114.4,1004646.98,1
2026-08-14,2026-08-14 15:00:00,244.9,245.0,242.1,244.9,0.0,4114.4,1004646.98,0
2026-08-17,2026-08-17 11:00:00,245.2,245.6,243.6,244.85,-0.14,5047.2,1225944.42,-1
2026-08-17,2026-08-17 12:00:00,244.85,244.85,244.5,244.5,-0.14,5047.2,1225944.42,-1
2026-08-17,2026-08-17 13:00:00,244.5,244.5,244.15,244.15,-0.14,5047.2,1225944.42,-1
2026-08-17,2026-08-17 14:00:00,244.15,244.15,243.8,243.8,-0.14,5047.2,1225944.42,-1
2026-08-17,2026-08-17 15:00:00,243.8,246.0,242.0,243.8,0.0,5047.2,1225944.42,0
2026-08-18,2026-08-18 11:00:00,240.1,242.0,240.1,240.55,0.19,2396.6,579341.0,1
2026-08-18,2026-08-18 12:00:00,240.55,241.0,240.55,241.0,0.19,2396.6,579341.0,1
2026-08-18,2026-08-18 13:00:00,241.0,241.45,241.0,241.45,0.19,2396.6,579341.0,1
2026-08-18,2026-08-18 14:00:00,241.45,241.9,241.45,241.9,0.19,2396.6,579341.0,1
2026-08-18,2026-08-18 15:00:00,241.9,243.9,240.1,241.9,0.0,2396.6,579341.0,0
2026-08-19,2026-08-19 11:00:00,236.6,239.8,236.55,238.05,0.61,2217.0,532815.0,1
2026-08-19,2026-08-19 12:00:00,238.05,239.5,238.05,239.5,0.61,2217.0,532815.0,1
2026-08-19,2026-08-19 13:00:00,239.5,240.95,239.5,240.95,0.61,2217.0,532815.0,1
2026-08-19,2026-08-19 14:00:00,240.95,242.4,240.95,242.4,0.6,2217.0,532815.0,1
2026-08-19,2026-08-19 15:00:00,242.4,243.0,236.5,242.4,0.0,2217.0,532815.0,0
2026-08-20,2026-08-20 11:00:00,237.0,241.0,237.0,238.9,0.8,2131.0,517335.2,1
2026-08-20,2026-08-20 12:00:00,238.9,240.8,238.9,240.8,0.8,2131.0,517335.2,1
2026-08-20,2026-08-20 13:00:00,240.8,242.7,240.8,242.7,0.79,2131.0,517335.2,1
2026-08-20,2026-08-20 14:00:00,242.7,244.6,242.7,244.6,0.78,2131.0,517335.2,1
2026-08-20,2026-08-20 15:00:00,244.6,245.0,237.0,244.6,0.0,2131.0,517335.2,0
2026-08-21,2026-08-21 11:00:00,246.0,247.85,242.5,245.5,-0.2,3974.6,967007.1,-1
2026-08-21,2026-08-21 12:00:00,245.5,245.5,245.0,245.0,-0.2,3974.6,967007.1,-1
2026-08-21,2026-08-21 13:00:00,245.0,245.0,244.5,244.5,-0.2,3974.6,967007.1,-1
2026-08-21,2026-08-21 14:00:00,244.5,244.5,244.0,244.0,-0.2,3974.6,967007.1,-1
2026-08-21,2026-08-21 15:00:00,244.0,249.7,239.0,244.0,0.0,3974.6,967007.1,0
2026-08-24,2026-08-24 11:00:00,239.1,241.55,239.1,239.78,0.28,2603.2,630005.22,1
2026-08-24,2026-08-24 12:00:00,239.78,240.45,239.78,240.45,0.28,2603.2,630005.22,1
2026-08-24,2026-08-24 13:00:00,240.45,241.12,240.45,241.12,0.28,2603.2,630005.22,1
2026-08-24,2026-08-24 14:00:00,241.12,241.8,241.12,241.8,0.28,2603.2,630005.22,1
2026-08-24,2026-08-24 15:00:00,241.8,244.0,239.1,241.8,0.0,2603.2,630005.22,0
2026-08-25,2026-08-25 12:00:00,239.2,242.9,235.0,239.0,-1.16,9875.0,2349702.5,-1
2026-08-25,2026-08-25 13:00:00,239.2,242.9,235.0,239.0,-1.16,9875.0,2349702.5,-1
2026-08-25,2026-08-25 14:00:00,239.2,242.9,235.0,239.0,-1.16,9875.0,2349702.5,-1
2026-08-26,2026-08-26 13:00:00,236.2,239.2,230.1,237.8,-0.5,23992.0,5601073.7,1
2026-08-27,2026-08-27 20:00:00,230.7,240.0,226.1,238.8,0.42,15056.0,3555061.1,1
2026-08-31,2026-08-31 11:00:00,236.0,236.0,231.0,235.47,-0.22,1690.0,387715.18,-1
2026-08-31,2026-08-31 12:00:00,235.47,235.47,234.95,234.95,-0.22,1690.0,387715.18,-1
2026-08-31,2026-08-31 13:00:00,234.95,234.95,234.43,234.43,-0.22,1690.0,387715.18,-1
2026-08-31,2026-08-31 14:00:00,234.43,234.43,233.9,233.9,-0.23,1690.0,387715.18,-1
2026-08-31,2026-08-31 15:00:00,233.9,236.0,226.0,233.9,0.0,1690.0,387715.18,0
2026-09-01,2026-09-01 03:00:00,226.9,236.7,226.9,231.0,-1.24,7622.0,1769043.0,1
2026-09-02,2026-09-02 14:00:00,230.0,236.9,226.0,236.9,2.55,2653.0,615214.3,1
