published_date,timestamp,open,high,low,close,per_change,traded_quantity,traded_amount,status
2022-04-24,2022-04-24 11:00:00,1000.0,1000.0,1000.0,1000.0,0.0,2.0,2000.0,0
2022-04-24,2022-04-24 12:00:00,1000.0,1000.0,1000.0,1000.0,0.0,2.0,2000.0,0
2022-04-24,2022-04-24 13:00:00,1000.0,1000.0,1000.0,1000.0,0.0,2.0,2000.0,0
2022-04-24,2022-04-24 14:00:00,1000.0,1000.0,1000.0,1000.0,0.0,2.0,2000.0,0
2022-04-24,2022-04-24 15:00:00,1000.0,1000.0,1000.0,1000.0,0.0,2.0,2000.0,0
2022-04-25,2022-04-25 11:00:00,1000.0,1000.0,1000.0,1000.0,0.0,2500.0,2125000.0,0
2022-04-25,2022-04-25 12:00:00,1000.0,1000.0,1000.0,1000.0,0.0,2500.0,2125000.0,0
2022-04-25,2022-04-25 13:00:00,1000.0,1000.0,1000.0,1000.0,0.0,2500.0,2125000.0,0
2022-04-25,2022-04-25 14:00:00,1000.0,1000.0,1000.0,1000.0,0.0,2500.0,2125000.0,0
2022-04-25,2022-04-25 15:00:00,1000.0,1000.0,1000.0,1000.0,0.0,2500.0,2125000.0,0
2022-06-01,2022-06-01 11:00:00,1020.0,1020.0,1020.0,1020.0,0.0,10.0,10200.0,0
2022-06-01,2022-06-01 12:00:00,1020.0,1020.0,1020.0,1020.0,0.0,10.0,10200.0,0
2022-06-01,2022-06-01 13:00:00,1020.0,1020.0,1020.0,1020.0,0.0,10.0,10200.0,0
2022-06-01,2022-06-01 14:00:00,1020.0,1020.0,1020.0,1020.0,0.0,10.0,10200.0,0
2022-06-01,2022-06-01 15:00:00,1020.0,1020.0,1020.0,1020.0,0.0,10.0,10200.0,0
2022-09-13,2022-09-13 11:00:00,999.6,999.6,960.9,980.25,-1.94,10.0,9605.4,-1
2022-09-13,2022-09-13 12:00:00,980.25,980.25,960.9,960.9,-1.97,10.0,9605.4,-1
2022-09-13,2022-09-13 13:00:00,960.9,960.9,941.55,941.55,-2.01,10.0,9605.4,-1
2022-09-13,2022-09-13 14:00:00,941.55,941.55,922.2,922.2,-2.06,10.0,9605.4,-1
2022-09-13,2022-09-13 15:00:00,922.2,999.6,922.2,922.2,0.0,10.0,9605.4,0
2022-09-15,2022-09-15 11:00:00,903.8,903.8,903.8,903.8,0.0,5.0,4519.0,0
2022-09-15,2022-09-15 12:00:00,903.8,903.8,903.8,903.8,0.0,5.0,4519.0,0
2022-09-15,2022-09-15 13:00:00,903.8,903.8,903.8,903.8,0.0,5.0,4519.0,0
2022-09-15,2022-09-15 14:00:00,903.8,903.8,903.8,903.8,0.0,5.0,4519.0,0
2022-09-15,2022-09-15 15:00:00,903.8,903.8,903.8,903.8,0.0,5.0,4519.0,0
2022-09-22,2022-09-22 11:00:00,885.8,885.8,882.9,884.35,-0.16,21.8,19194.2,-1
2022-09-22,2022-09-22 12:00:00,884.35,884.35,882.9,882.9,-0.16,21.8,19194.2,-1
2022-09-22,2022-09-22 13:00:00,882.9,882.9,881.45,881.45,-0.16,21.8,19194.2,-1
2022-09-22,2022-09-22 14:00:00,881.45,881.45,880.0,880.0,-0.16,21.8,19194.2,-1
2022-09-22,2022-09-22 15:00:00,880.0,885.8,880.0,880.0,0.0,21.8,19194.2,0
2022-12-07,2022-12-07 11:00:00,862.4,862.4,862.4,862.4,0.0,10.0,8624.0,0
2022-12-07,2022-12-07 12:00:00,862.4,862.4,862.4,862.4,0.0,10.0,8624.0,0
2022-12-07,2022-12-07 13:00:00,862.4,862.4,862.4,862.4,0.0,10.0,8624.0,0
2022-12-07,2022-12-07 14:00:00,862.4,862.4,862.4,862.4,0.0,10.0,8624.0,0
2022-12-07,2022-12-07 15:00:00,862.4,862.4,862.4,862.4,0.0,10.0,8624.0,0
2022-12-11,2022-12-11 11:00:00,845.2,845.2,845.2,845.2,0.0,4.0,3380.8,0
2022-12-11,2022-12-11 12:00:00,845.2,845.2,845.2,845.2,0.0,4.0,3380.8,0
2022-12-11,2022-12-11 13:00:00,845.2,845.2,845.2,845.2,0.0,4.0,3380.8,0
2022-12-11,2022-12-11 14:00:00,845.2,845.2,845.2,845.2,0.0,4.0,3380.8,0
2022-12-11,2022-12-11 15:00:00,845.2,845.2,845.2,845.2,0.0,4.0,3380.8,0
2022-12-29,2022-12-29 11:00:00,828.3,828.3,820.05,824.17,-0.5,6.4,5268.12,-1
2022-12-29,2022-12-29 12:00:00,824.17,824.17,820.05,820.05,-0.5,6.4,5268.12,-1
2022-12-29,2022-12-29 13:00:00,820.05,820.05,815.92,815.92,-0.5,6.4,5268.12,-1
2022-12-29,2022-12-29 14:00:00,815.92,815.92,811.8,811.8,-0.5,6.4,5268.12,-1
2022-12-29,2022-12-29 15:00:00,811.8,828.3,811.8,811.8,0.0,6.4,5268.12,0
2023-01-01,2023-01-01 11:00:00,795.6,795.6,787.8,791.7,-0.49,85.0,66578.0,-1
2023-01-01,2023-01-01 12:00:00,791.7,791.7,787.8,787.8,-0.49,85.0,66578.0,-1
2023-01-01,2023-01-01 13:00:00,787.8,787.8,783.9,783.9,-0.5,85.0,66578.0,-1
2023-01-01,2023-01-01 14:00:00,783.9,783.9,780.0,780.0,-0.5,85.0,66578.0,-1
2023-01-01,2023-01-01 15:00:00,780.0,795.6,780.0,780.0,0.0,85.0,66578.0,0
2023-01-02,2023-01-02 11:00:00,764.4,767.2,757.55,763.3,-0.14,101.0,77053.38,-1
2023-01-02,2023-01-02 12:00:00,763.3,763.3,762.2,762.2,-0.14,101.0,77053.38,-1
2023-01-02,2023-01-02 13:00:00,762.2,762.2,761.1,761.1,-0.14,101.0,77053.38,-1
2023-01-02,2023-01-02 14:00:00,761.1,761.1,760.0,760.0,-0.14,101.0,77053.38,-1
2023-01-02,2023-01-02 15:00:00,760.0,770.0,750.7,760.0,0.0,101.0,77053.38,0
2023-01-03,2023-01-03 11:00:00,750.1,755.55,750.1,752.58,0.33,43.4,32918.5,1
2023-01-03,2023-01-03 12:00:00,752.58,755.05,752.58,755.05,0.33,43.4,32918.5,1
2023-01-03,2023-01-03 13:00:00,755.05,757.52,755.05,757.52,0.33,43.4,32918.5,1
2023-01-03,2023-01-03 14:00:00,757.52,760.0,757.52,760.0,0.33,43.4,32918.5,1
2023-01-03,2023-01-03 15:00:00,760.0,761.0,750.1,760.0,0.0,43.4,32918.5,0
2023-01-04,2023-01-04 11:00:00,760.0,767.6,760.0,763.8,0.5,15.0,11476.0,1
2023-01-04,2023-01-04 12:00:00,763.8,767.6,763.8,767.6,0.5,15.0,11476.0,1
2023-01-04,2023-01-04 13:00:00,767.6,771.4,767.6,771.4,0.5,15.0,11476.0,1
2023-01-04,2023-01-04 14:00:00,771.4,775.2,771.4,775.2,0.49,15.0,11476.0,1
2023-01-04,2023-01-04 15:00:00,775.2,775.2,760.0,775.2,0.0,15.0,11476.0,0
2023-01-05,2023-01-05 11:00:00,770.0,770.0,770.0,770.0,0.0,5.0,3850.0,0
2023-01-05,2023-01-05 12:00:00,770.0,770.0,770.0,770.0,0.0,5.0,3850.0,0
2023-01-05,2023-01-05 13:00:00,770.0,770.0,770.0,770.0,0.0,5.0,3850.0,0
2023-01-05,2023-01-05 14:00:00,770.0,770.0,770.0,770.0,0.0,5.0,3850.0,0
2023-01-05,2023-01-05 15:00:00,770.0,770.0,770.0,770.0,0.0,5.0,3850.0,0
2023-01-08,2023-01-08 11:00:00,785.0,785.0,769.55,777.27,-0.98,15.0,11542.0,-1
2023-01-08,2023-01-08 12:00:00,777.27,777.27,769.55,769.55,-0.99,15.0,11542.0,-1
2023-01-08,2023-01-08 13:00:00,769.55,769.55,761.83,761.83,-1.0,15.0,11542.0,-1
2023-01-08,2023-01-08 14:00:00,761.83,761.83,754.1,754.1,-1.01,15.0,11542.0,-1
2023-01-08,2023-01-08 15:00:00,754.1,785.0,754.1,754.1,0.0,15.0,11542.0,0
2023-01-09,2023-01-09 11:00:00,754.0,762.0,752.0,758.0,0.53,30.0,22680.5,1
2023-01-09,2023-01-09 12:00:00,758.0,762.0,758.0,762.0,0.53,30.0,22680.5,1
2023-01-09,2023-01-09 13:00:00,762.0,766.0,762.0,766.0,0.52,30.0,22680.5,1
2023-01-09,2023-01-09 14:00:00,766.0,770.0,766.0,770.0,0.52,30.0,22680.5,1
2023-01-09,2023-01-09 15:00:00,770.0,770.0,750.0,770.0,0.0,30.0,22680.5,0
2023-01-10,2023-01-10 11:00:00,755.0,762.55,752.6,753.8,-0.16,35.2,26606.66,-1
2023-01-10,2023-01-10 12:00:00,753.8,753.8,752.6,752.6,-0.16,35.2,26606.66,-1
2023-01-10,2023-01-10 13:00:00,752.6,752.6,751.4,751.4,-0.16,35.2,26606.66,-1
2023-01-10,2023-01-10 14:00:00,751.4,751.4,750.2,750.2,-0.16,35.2,26606.66,-1
2023-01-10,2023-01-10 15:00:00,750.2,770.1,750.2,750.2,0.0,35.2,26606.66,0
2023-01-12,2023-01-12 11:00:00,741.0,743.05,738.5,742.02,0.14,26.0,19271.0,1
2023-01-12,2023-01-12 12:00:00,742.02,743.05,742.02,743.05,0.14,26.0,19271.0,1
2023-01-12,2023-01-12 13:00:00,743.05,744.08,743.05,744.08,0.14,26.0,19271.0,1
2023-01-12,2023-01-12 14:00:00,744.08,745.1,744.08,745.1,0.14,26.0,19271.0,1
2023-01-12,2023-01-12 15:00:00,745.1,745.1,736.0,745.1,0.0,26.0,19271.0,0
2023-01-17,2023-01-17 11:00:00,735.0,735.0,730.15,732.58,-0.33,10.0,7301.5,-1
2023-01-17,2023-01-17 12:00:00,732.58,732.58,730.15,730.15,-0.33,10.0,7301.5,-1
2023-01-17,2023-01-17 13:00:00,730.15,730.15,727.72,727.72,-0.33,10.0,7301.5,-1
2023-01-17,2023-01-17 14:00:00,727.72,727.72,725.3,725.3,-0.33,10.0,7301.5,-1
2023-01-17,2023-01-17 15:00:00,725.3,735.0,725.3,725.3,0.0,10.0,7301.5,0
2023-01-18,2023-01-18 11:00:00,725.2,725.2,725.2,725.2,0.0,6.0,4351.2,0
2023-01-18,2023-01-18 12:00:00,725.2,725.2,725.2,725.2,0.0,6.0,4351.2,0
2023-01-18,2023-01-18 13:00:00,725.2,725.2,725.2,725.2,0.0,6.0,4351.2,0
2023-01-18,2023-01-18 14:00:00,725.2,725.2,725.2,725.2,0.0,6.0,4351.2,0
2023-01-18,2023-01-18 15:00:00,725.2,725.2,725.2,725.2,0.0,6.0,4351.2,0
2023-01-23,2023-01-23 11:00:00,711.0,718.0,711.0,714.5,0.49,30.0,21480.0,1
2023-01-23,2023-01-23 12:00:00,714.5,718.0,714.5,718.0,0.49,30.0,21480.0,1
2023-01-23,2023-01-23 13:00:00,718.0,721.5,718.0,721.5,0.49,30.0,21480.0,1
2023-01-23,2023-01-23 14:00:00,721.5,725.0,721.5,725.0,0.49,30.0,21480.0,1
2023-01-23,2023-01-23 15:00:00,725.0,725.0,711.0,725.0,0.0,30.0,21480.0,0
2023-01-25,2023-01-25 11:00:00,724.0,726.75,723.2,723.6,-0.06,25.0,18140.1,-1
2023-01-25,2023-01-25 12:00:00,723.6,723.6,723.2,723.2,-0.06,25.0,18140.1,-1
2023-01-25,2023-01-25 13:00:00,723.2,723.2,722.8,722.8,-0.06,25.0,18140.1,-1
2023-01-25,2023-01-25 14:00:00,722.8,722.8,722.4,722.4,-0.06,25.0,18140.1,-1
2023-01-25,2023-01-25 15:00:00,722.4,729.5,722.4,722.4,0.0,25.0,18140.1,0
2023-01-26,2023-01-26 11:00:00,720.0,729.75,720.0,724.88,0.68,20.0,14547.5,1
2023-01-26,2023-01-26 12:00:00,724.88,729.75,724.88,729.75,0.67,20.0,14547.5,1
2023-01-26,2023-01-26 13:00:00,729.75,734.62,729.75,734.62,0.67,20.0,14547.5,1
2023-01-26,2023-01-26 14:00:00,734.62,739.5,734.62,739.5,0.66,20.0,14547.5,1
2023-01-26,2023-01-26 15:00:00,739.5,739.5,720.0,739.5,0.0,20.0,14547.5,0
2023-01-29,2023-01-29 11:00:00,754.2,754.2,747.1,750.65,-0.47,16.0,11911.0,-1
2023-01-29,2023-01-29 12:00:00,750.65,750.65,747.1,747.1,-0.47,16.0,11911.0,-1
2023-01-29,2023-01-29 13:00:00,747.1,747.1,743.55,743.55,-0.48,16.0,11911.0,-1
2023-01-29,2023-01-29 14:00:00,743.55,743.55,740.0,740.0,-0.48,16.0,11911.0,-1
2023-01-29,2023-01-29 15:00:00,740.0,754.2,740.0,740.0,0.0,16.0,11911.0,0
2023-01-30,2023-01-30 11:00:00,740.0,740.0,736.5,738.25,-0.24,50.0,36765.0,-1
2023-01-30,2023-01-30 12:00:00,738.25,738.25,736.5,736.5,-0.24,50.0,36765.0,-1
2023-01-30,2023-01-30 13:00:00,736.5,736.5,734.75,734.75,-0.24,50.0,36765.0,-1
2023-01-30,2023-01-30 14:00:00,734.75,734.75,733.0,733.0,-0.24,50.0,36765.0,-1
2023-01-30,2023-01-30 15:00:00,733.0,740.0,733.0,733.0,0.0,50.0,36765.0,0
2023-01-31,2023-01-31 11:00:00,722.1,722.1,722.05,722.08,-0.0,8.0,5776.5,-1
2023-01-31,2023-01-31 12:00:00,722.08,722.08,722.05,722.05,-0.0,8.0,5776.5,-1
2023-01-31,2023-01-31 13:00:00,722.05,722.05,722.02,722.02,-0.0,8.0,5776.5,-1
2023-01-31,2023-01-31 14:00:00,722.02,722.02,722.0,722.0,-0.0,8.0,5776.5,-1
2023-01-31,2023-01-31 15:00:00,722.0,722.1,722.0,722.0,0.0,8.0,5776.5,0
2023-02-01,2023-02-01 11:00:00,729.0,729.0,729.0,729.0,0.0,5.0,3645.0,0
2023-02-01,2023-02-01 12:00:00,729.0,729.0,729.0,729.0,0.0,5.0,3645.0,0
2023-02-01,2023-02-01 13:00:00,729.0,729.0,729.0,729.0,0.0,5.0,3645.0,0
2023-02-01,2023-02-01 14:00:00,729.0,729.0,729.0,729.0,0.0,5.0,3645.0,0
2023-02-01,2023-02-01 15:00:00,729.0,729.0,729.0,729.0,0.0,5.0,3645.0,0
2023-02-02,2023-02-02 11:00:00,730.0,730.0,730.0,730.0,0.0,14.0,10220.0,0
2023-02-02,2023-02-02 12:00:00,730.0,730.0,730.0,730.0,0.0,14.0,10220.0,0
2023-02-02,2023-02-02 13:00:00,730.0,730.0,730.0,730.0,0.0,14.0,10220.0,0
2023-02-02,2023-02-02 14:00:00,730.0,730.0,730.0,730.0,0.0,14.0,10220.0,0
2023-02-02,2023-02-02 15:00:00,730.0,730.0,730.0,730.0,0.0,14.0,10220.0,0
2023-02-05,2023-02-05 11:00:00,717.1,724.05,717.1,720.58,0.49,10.0,7240.5,1
2023-02-05,2023-02-05 12:00:00,720.58,724.05,720.58,724.05,0.48,10.0,7240.5,1
2023-02-05,2023-02-05 13:00:00,724.05,727.52,724.05,727.52,0.48,10.0,7240.5,1
2023-02-05,2023-02-05 14:00:00,727.52,731.0,727.52,731.0,0.48,10.0,7240.5,1
2023-02-05,2023-02-05 15:00:00,731.0,731.0,717.1,731.0,0.0,10.0,7240.5,0
2023-02-06,2023-02-06 11:00:00,730.0,730.0,730.0,730.0,0.0,8.8,6424.0,0
2023-02-06,2023-02-06 12:00:00,730.0,730.0,730.0,730.0,0.0,8.8,6424.0,0
2023-02-06,2023-02-06 13:00:00,730.0,730.0,730.0,730.0,0.0,8.8,6424.0,0
2023-02-06,2023-02-06 14:00:00,730.0,730.0,730.0,730.0,0.0,8.8,6424.0,0
2023-02-06,2023-02-06 15:00:00,730.0,730.0,730.0,730.0,0.0,8.8,6424.0,0
2023-02-07,2023-02-07 11:00:00,738.0,738.0,738.0,738.0,0.0,5.0,3690.0,0
2023-02-07,2023-02-07 12:00:00,738.0,738.0,738.0,738.0,0.0,5.0,3690.0,0
2023-02-07,2023-02-07 13:00:00,738.0,738.0,738.0,738.0,0.0,5.0,3690.0,0
2023-02-07,2023-02-07 14:00:00,738.0,738.0,738.0,738.0,0.0,5.0,3690.0,0
2023-02-07,2023-02-07 15:00:00,738.0,738.0,738.0,738.0,0.0,5.0,3690.0,0
2023-02-08,2023-02-08 11:00:00,735.0,742.0,735.0,738.5,0.48,11.0,8169.0,1
2023-02-08,2023-02-08 12:00:00,738.5,742.0,738.5,742.0,0.47,11.0,8169.0,1
2023-02-08,2023-02-08 13:00:00,742.0,745.5,742.0,745.5,0.47,11.0,8169.0,1
2023-02-08,2023-02-08 14:00:00,745.5,749.0,745.5,749.0,0.47,11.0,8169.0,1
2023-02-08,2023-02-08 15:00:00,749.0,749.0,735.0,749.0,0.0,11.0,8169.0,0
2023-02-09,2023-02-09 11:00:00,740.0,740.0,740.0,740.0,0.0,5.0,3700.0,0
2023-02-09,2023-02-09 12:00:00,740.0,740.0,740.0,740.0,0.0,5.0,3700.0,0
2023-02-09,2023-02-09 13:00:00,740.0,740.0,740.0,740.0,0.0,5.0,3700.0,0
2023-02-09,2023-02-09 14:00:00,740.0,740.0,740.0,740.0,0.0,5.0,3700.0,0
2023-02-09,2023-02-09 15:00:00,740.0,740.0,740.0,740.0,0.0,5.0,3700.0,0
2023-02-12,2023-02-12 11:00:00,745.0,749.9,745.0,747.45,0.33,13.8,10324.12,1
2023-02-12,2023-02-12 12:00:00,747.45,749.9,747.45,749.9,0.33,13.8,10324.12,1
2023-02-12,2023-02-12 13:00:00,749.9,752.35,749.9,752.35,0.33,13.8,10324.12,1
2023-02-12,2023-02-12 14:00:00,752.35,754.8,752.35,754.8,0.33,13.8,10324.12,1
2023-02-12,2023-02-12 15:00:00,754.8,754.8,745.0,754.8,0.0,13.8,10324.12,0
2023-02-14,2023-02-14 11:00:00,754.0,754.4,754.0,754.2,0.03,9.0,6789.2,1
2023-02-14,2023-02-14 12:00:00,754.2,754.4,754.2,754.4,0.03,9.0,6789.2,1
2023-02-14,2023-02-14 13:00:00,754.4,754.6,754.4,754.6,0.03,9.0,6789.2,1
2023-02-14,2023-02-14 14:00:00,754.6,754.8,754.6,754.8,0.03,9.0,6789.2,1
2023-02-14,2023-02-14 15:00:00,754.8,754.8,754.0,754.8,0.0,9.0,6789.2,0
2023-02-15,2023-02-15 11:00:00,750.0,750.0,747.5,748.75,-0.17,18.0,13435.0,-1
2023-02-15,2023-02-15 12:00:00,748.75,748.75,747.5,747.5,-0.17,18.0,13435.0,-1
2023-02-15,2023-02-15 13:00:00,747.5,747.5,746.25,746.25,-0.17,18.0,13435.0,-1
2023-02-15,2023-02-15 14:00:00,746.25,746.25,745.0,745.0,-0.17,18.0,13435.0,-1
2023-02-15,2023-02-15 15:00:00,745.0,750.0,745.0,745.0,0.0,18.0,13435.0,0
2023-02-16,2023-02-16 11:00:00,745.0,745.5,745.0,745.12,0.02,10.0,7454.0,1
2023-02-16,2023-02-16 12:00:00,745.12,745.25,745.12,745.25,0.02,10.0,7454.0,1
2023-02-16,2023-02-16 13:00:00,745.25,745.38,745.25,745.38,0.02,10.0,7454.0,1
2023-02-16,2023-02-16 14:00:00,745.38,745.5,745.38,745.5,0.02,10.0,7454.0,1
2023-02-16,2023-02-16 15:00:00,745.5,746.0,745.0,745.5,0.0,10.0,7454.0,0
2023-02-20,2023-02-20 11:00:00,735.0,742.35,735.0,738.67,0.5,10.0,7423.5,1
2023-02-20,2023-02-20 12:00:00,738.67,742.35,738.67,742.35,0.5,10.0,7423.5,1
2023-02-20,2023-02-20 13:00:00,742.35,746.03,742.35,746.03,0.5,10.0,7423.5,1
2023-02-20,2023-02-20 14:00:00,746.03,749.7,746.03,749.7,0.49,10.0,7423.5,1
2023-02-20,2023-02-20 15:00:00,749.7,749.7,735.0,749.7,0.0,10.0,7423.5,0
2023-02-22,2023-02-22 11:00:00,745.0,745.0,740.55,742.77,-0.3,11.0,8150.5,-1
2023-02-22,2023-02-22 12:00:00,742.77,742.77,740.55,740.55,-0.3,11.0,8150.5,-1
2023-02-22,2023-02-22 13:00:00,740.55,740.55,738.33,738.33,-0.3,11.0,8150.5,-1
2023-02-22,2023-02-22 14:00:00,738.33,738.33,736.1,736.1,-0.3,11.0,8150.5,-1
2023-02-22,2023-02-22 15:00:00,736.1,745.0,736.1,736.1,0.0,11.0,8150.5,0
2023-02-23,2023-02-23 11:00:00,736.1,743.05,736.1,739.58,0.47,26.0,19416.6,1
2023-02-23,2023-02-23 12:00:00,739.58,743.05,739.58,743.05,0.47,26.0,19416.6,1
2023-02-23,2023-02-23 13:00:00,743.05,746.52,743.05,746.52,0.47,26.0,19416.6,1
2023-02-23,2023-02-23 14:00:00,746.52,750.0,746.52,750.0,0.47,26.0,19416.6,1
2023-02-23,2023-02-23 15:00:00,750.0,750.0,736.1,750.0,0.0,26.0,19416.6,0
2023-02-26,2023-02-26 11:00:00,740.0,750.0,740.0,745.0,0.68,15.0,11274.0,1
2023-02-26,2023-02-26 12:00:00,745.0,750.0,745.0,750.0,0.67,15.0,11274.0,1
2023-02-26,2023-02-26 13:00:00,750.0,755.0,750.0,755.0,0.67,15.0,11274.0,1
2023-02-26,2023-02-26 14:00:00,755.0,760.0,755.0,760.0,0.66,15.0,11274.0,1
2023-02-26,2023-02-26 15:00:00,760.0,760.0,740.0,760.0,0.0,15.0,11274.0,0
2023-02-28,2023-02-28 11:00:00,750.0,750.0,750.0,750.0,0.0,5.0,3750.0,0
2023-02-28,2023-02-28 12:00:00,750.0,750.0,750.0,750.0,0.0,5.0,3750.0,0
2023-02-28,2023-02-28 13:00:00,750.0,750.0,750.0,750.0,0.0,5.0,3750.0,0
2023-02-28,2023-02-28 14:00:00,750.0,750.0,750.0,750.0,0.0,5.0,3750.0,0
2023-02-28,2023-02-28 15:00:00,750.0,750.0,750.0,750.0,0.0,5.0,3750.0,0
2023-03-02,2023-03-02 11:00:00,750.0,750.0,750.0,750.0,0.0,5.0,3750.0,0
2023-03-02,2023-03-02 12:00:00,750.0,750.0,750.0,750.0,0.0,5.0,3750.0,0
2023-03-02,2023-03-02 13:00:00,750.0,750.0,750.0,750.0,0.0,5.0,3750.0,0
2023-03-02,2023-03-02 14:00:00,750.0,750.0,750.0,750.0,0.0,5.0,3750.0,0
2023-03-02,2023-03-02 15:00:00,750.0,750.0,750.0,750.0,0.0,5.0,3750.0,0
2023-03-05,2023-03-05 11:00:00,740.0,740.0,740.0,740.0,0.0,5.0,3700.0,0
2023-03-05,2023-03-05 12:00:00,740.0,740.0,740.0,740.0,0.0,5.0,3700.0,0
2023-03-05,2023-03-05 13:00:00,740.0,740.0,740.0,740.0,0.0,5.0,3700.0,0
2023-03-05,2023-03-05 14:00:00,740.0,740.0,740.0,740.0,0.0,5.0,3700.0,0
2023-03-05,2023-03-05 15:00:00,740.0,740.0,740.0,740.0,0.0,5.0,3700.0,0
2023-03-07,2023-03-07 11:00:00,754.0,759.45,754.0,756.73,0.36,64.0,48609.0,1
2023-03-07,2023-03-07 12:00:00,756.73,759.45,756.73,759.45,0.36,64.0,48609.0,1
2023-03-07,2023-03-07 13:00:00,759.45,762.17,759.45,762.17,0.36,64.0,48609.0,1
2023-03-07,2023-03-07 14:00:00,762.17,764.9,762.17,764.9,0.36,64.0,48609.0,1
2023-03-07,2023-03-07 15:00:00,764.9,764.9,754.0,764.9,0.0,64.0,48609.0,0
2023-03-09,2023-03-09 11:00:00,757.0,757.0,756.0,756.5,-0.07,30.0,22690.0,-1
2023-03-09,2023-03-09 12:00:00,756.5,756.5,756.0,756.0,-0.07,30.0,22690.0,-1
2023-03-09,2023-03-09 13:00:00,756.0,756.0,755.5,755.5,-0.07,30.0,22690.0,-1
2023-03-09,2023-03-09 14:00:00,755.5,755.5,755.0,755.0,-0.07,30.0,22690.0,-1
2023-03-09,2023-03-09 15:00:00,755.0,757.0,755.0,755.0,0.0,30.0,22690.0,0
2023-03-12,2023-03-12 11:00:00,740.0,740.0,740.0,740.0,0.0,2.0,1480.0,0
2023-03-12,2023-03-12 12:00:00,740.0,740.0,740.0,740.0,0.0,2.0,1480.0,0
2023-03-12,2023-03-12 13:00:00,740.0,740.0,740.0,740.0,0.0,2.0,1480.0,0
2023-03-12,2023-03-12 14:00:00,740.0,740.0,740.0,740.0,0.0,2.0,1480.0,0
2023-03-12,2023-03-12 15:00:00,740.0,740.0,740.0,740.0,0.0,2.0,1480.0,0
2023-03-13,2023-03-13 11:00:00,750.0,750.0,750.0,750.0,0.0,11.0,8250.0,0
2023-03-13,2023-03-13 12:00:00,750.0,750.0,750.0,750.0,0.0,11.0,8250.0,0
2023-03-13,2023-03-13 13:00:00,750.0,750.0,750.0,750.0,0.0,11.0,8250.0,0
2023-03-13,2023-03-13 14:00:00,750.0,750.0,750.0,750.0,0.0,11.0,8250.0,0
2023-03-13,2023-03-13 15:00:00,750.0,750.0,750.0,750.0,0.0,11.0,8250.0,0
2023-03-14,2023-03-14 11:00:00,750.2,757.1,750.2,753.65,0.46,8.0,6070.6,1
2023-03-14,2023-03-14 12:00:00,753.65,757.1,753.65,757.1,0.46,8.0,6070.6,1
2023-03-14,2023-03-14 13:00:00,757.1,760.55,757.1,760.55,0.46,8.0,6070.6,1
2023-03-14,2023-03-14 14:00:00,760.55,764.0,760.55,764.0,0.45,8.0,6070.6,1
2023-03-14,2023-03-14 15:00:00,764.0,764.0,750.2,764.0,0.0,8.0,6070.6,0
2023-03-15,2023-03-15 11:00:00,756.1,756.1,756.1,756.1,0.0,15.0,11341.5,0
2023-03-15,2023-03-15 12:00:00,756.1,756.1,756.1,756.1,0.0,15.0,11341.5,0
2023-03-15,2023-03-15 13:00:00,756.1,756.1,756.1,756.1,0.0,15.0,11341.5,0
2023-03-15,2023-03-15 14:00:00,756.1,756.1,756.1,756.1,0.0,15.0,11341.5,0
2023-03-15,2023-03-15 15:00:00,756.1,756.1,756.1,756.1,0.0,15.0,11341.5,0
2023-03-16,2023-03-16 11:00:00,752.0,752.0,752.0,752.0,0.0,5.0,3760.0,0
2023-03-16,2023-03-16 12:00:00,752.0,752.0,752.0,752.0,0.0,5.0,3760.0,0
2023-03-16,2023-03-16 13:00:00,752.0,752.0,752.0,752.0,0.0,5.0,3760.0,0
2023-03-16,2023-03-16 14:00:00,752.0,752.0,752.0,752.0,0.0,5.0,3760.0,0
2023-03-16,2023-03-16 15:00:00,752.0,752.0,752.0,752.0,0.0,5.0,3760.0,0
2023-03-19,2023-03-19 11:00:00,747.0,747.0,744.5,745.75,-0.17,11.0,8187.0,-1
2023-03-19,2023-03-19 12:00:00,745.75,745.75,744.5,744.5,-0.17,11.0,8187.0,-1
2023-03-19,2023-03-19 13:00:00,744.5,744.5,743.25,743.25,-0.17,11.0,8187.0,-1
2023-03-19,2023-03-19 14:00:00,743.25,743.25,742.0,742.0,-0.17,11.0,8187.0,-1
2023-03-19,2023-03-19 15:00:00,742.0,747.0,742.0,742.0,0.0,11.0,8187.0,0
2023-03-20,2023-03-20 11:00:00,732.0,739.0,732.0,735.5,0.48,10.0,7390.0,1
2023-03-20,2023-03-20 12:00:00,735.5,739.0,735.5,739.0,0.48,10.0,7390.0,1
2023-03-20,2023-03-20 13:00:00,739.0,742.5,739.0,742.5,0.47,10.0,7390.0,1
2023-03-20,2023-03-20 14:00:00,742.5,746.0,742.5,746.0,0.47,10.0,7390.0,1
2023-03-20,2023-03-20 15:00:00,746.0,746.0,732.0,746.0,0.0,10.0,7390.0,0
2023-03-23,2023-03-23 11:00:00,745.0,745.0,743.05,744.02,-0.13,16.0,11896.6,-1
2023-03-23,2023-03-23 12:00:00,744.02,744.02,743.05,743.05,-0.13,16.0,11896.6,-1
2023-03-23,2023-03-23 13:00:00,743.05,743.05,742.08,742.08,-0.13,16.0,11896.6,-1
2023-03-23,2023-03-23 14:00:00,742.08,742.08,741.1,741.1,-0.13,16.0,11896.6,-1
2023-03-23,2023-03-23 15:00:00,741.1,745.0,741.1,741.1,0.0,16.0,11896.6,0
2023-03-27,2023-03-27 11:00:00,755.9,755.9,755.9,755.9,0.0,4.0,3023.6,0
2023-03-27,2023-03-27 12:00:00,755.9,755.9,755.9,755.9,0.0,4.0,3023.6,0
2023-03-27,2023-03-27 13:00:00,755.9,755.9,755.9,755.9,0.0,4.0,3023.6,0
2023-03-27,2023-03-27 14:00:00,755.9,755.9,755.9,755.9,0.0,4.0,3023.6,0
2023-03-27,2023-03-27 15:00:00,755.9,755.9,755.9,755.9,0.0,4.0,3023.6,0
2023-03-28,2023-03-28 11:00:00,755.9,755.9,755.9,755.9,0.0,5.0,3779.5,0
2023-03-28,2023-03-28 12:00:00,755.9,755.9,755.9,755.9,0.0,5.0,3779.5,0
2023-03-28,2023-03-28 13:00:00,755.9,755.9,755.9,755.9,0.0,5.0,3779.5,0
2023-03-28,2023-03-28 14:00:00,755.9,755.9,755.9,755.9,0.0,5.0,3779.5,0
2023-03-28,2023-03-28 15:00:00,755.9,755.9,755.9,755.9,0.0,5.0,3779.5,0
2023-03-29,2023-03-29 11:00:00,741.5,741.5,741.5,741.5,0.0,5.0,3707.5,0
2023-03-29,2023-03-29 12:00:00,741.5,741.5,741.5,741.5,0.0,5.0,3707.5,0
2023-03-29,2023-03-29 13:00:00,741.5,741.5,741.5,741.5,0.0,5.0,3707.5,0
2023-03-29,2023-03-29 14:00:00,741.5,741.5,741.5,741.5,0.0,5.0,3707.5,0
2023-03-29,2023-03-29 15:00:00,741.5,741.5,741.5,741.5,0.0,5.0,3707.5,0
2023-04-02,2023-04-02 11:00:00,750.0,753.15,746.0,749.25,-0.1,21.0,15732.8,-1
2023-04-02,2023-04-02 12:00:00,749.25,749.25,748.5,748.5,-0.1,21.0,15732.8,-1
2023-04-02,2023-04-02 13:00:00,748.5,748.5,747.75,747.75,-0.1,21.0,15732.8,-1
2023-04-02,2023-04-02 14:00:00,747.75,747.75,747.0,747.0,-0.1,21.0,15732.8,-1
2023-04-02,2023-04-02 15:00:00,747.0,756.3,742.0,747.0,0.0,21.0,15732.8,0
2023-04-03,2023-04-03 11:00:00,745.0,750.0,745.0,747.5,0.34,10.0,7500.0,1
2023-04-03,2023-04-03 12:00:00,747.5,750.0,747.5,750.0,0.33,10.0,7500.0,1
2023-04-03,2023-04-03 13:00:00,750.0,752.5,750.0,752.5,0.33,10.0,7500.0,1
2023-04-03,2023-04-03 14:00:00,752.5,755.0,752.5,755.0,0.33,10.0,7500.0,1
2023-04-03,2023-04-03 15:00:00,755.0,755.0,745.0,755.0,0.0,10.0,7500.0,0
2023-04-06,2023-04-06 11:00:00,755.0,755.0,755.0,755.0,0.0,5.0,3775.0,0
2023-04-06,2023-04-06 12:00:00,755.0,755.0,755.0,755.0,0.0,5.0,3775.0,0
2023-04-06,2023-04-06 13:00:00,755.0,755.0,755.0,755.0,0.0,5.0,3775.0,0
2023-04-06,2023-04-06 14:00:00,755.0,755.0,755.0,755.0,0.0,5.0,3775.0,0
2023-04-06,2023-04-06 15:00:00,755.0,755.0,755.0,755.0,0.0,5.0,3775.0,0
2023-04-09,2023-04-09 11:00:00,740.1,740.1,740.05,740.08,-0.0,10.0,7400.5,-1
2023-04-09,2023-04-09 12:00:00,740.08,740.08,740.05,740.05,-0.0,10.0,7400.5,-1
2023-04-09,2023-04-09 13:00:00,740.05,740.05,740.02,740.02,-0.0,10.0,7400.5,-1
2023-04-09,2023-04-09 14:00:00,740.02,740.02,740.0,740.0,-0.0,10.0,7400.5,-1
2023-04-09,2023-04-09 15:00:00,740.0,740.1,740.0,740.0,0.0,10.0,7400.5,0
2023-04-10,2023-04-10 11:00:00,753.0,753.5,751.45,752.25,-0.1,26.0,19534.5,-1
2023-04-10,2023-04-10 12:00:00,752.25,752.25,751.5,751.5,-0.1,26.0,19534.5,-1
2023-04-10,2023-04-10 13:00:00,751.5,751.5,750.75,750.75,-0.1,26.0,19534.5,-1
2023-04-10,2023-04-10 14:00:00,750.75,750.75,750.0,750.0,-0.1,26.0,19534.5,-1
2023-04-10,2023-04-10 15:00:00,750.0,754.0,749.9,750.0,0.0,26.0,19534.5,0
2023-04-11,2023-04-11 11:00:00,750.0,755.0,745.55,752.5,0.33,15.0,11307.2,1
2023-04-11,2023-04-11 12:00:00,752.5,755.0,752.5,755.0,0.33,15.0,11307.2,1
2023-04-11,2023-04-11 13:00:00,755.0,757.5,755.0,757.5,0.33,15.0,11307.2,1
2023-04-11,2023-04-11 14:00:00,757.5,760.0,757.5,760.0,0.33,15.0,11307.2,1
2023-04-11,2023-04-11 15:00:00,760.0,760.0,741.1,760.0,0.0,15.0,11307.2,0
2023-04-12,2023-04-12 11:00:00,761.2,768.1,761.2,764.65,0.45,17.0,12981.8,1
2023-04-12,2023-04-12 12:00:00,764.65,768.1,764.65,768.1,0.45,17.0,12981.8,1
2023-04-12,2023-04-12 13:00:00,768.1,771.55,768.1,771.55,0.45,17.0,12981.8,1
2023-04-12,2023-04-12 14:00:00,771.55,775.0,771.55,775.0,0.45,17.0,12981.8,1
2023-04-12,2023-04-12 15:00:00,775.0,775.0,761.2,775.0,0.0,17.0,12981.8,0
2023-04-13,2023-04-13 11:00:00,780.0,785.25,780.0,782.62,0.34,89.8,70351.5,1
2023-04-13,2023-04-13 12:00:00,782.62,785.25,782.62,785.25,0.34,89.8,70351.5,1
2023-04-13,2023-04-13 13:00:00,785.25,787.88,785.25,787.88,0.33,89.8,70351.5,1
2023-04-13,2023-04-13 14:00:00,787.88,790.5,787.88,790.5,0.33,89.8,70351.5,1
2023-04-13,2023-04-13 15:00:00,790.5,790.5,780.0,790.5,0.0,89.8,70351.5,0
2023-04-16,2023-04-16 11:00:00,790.0,790.0,790.0,790.0,0.0,18.8,14852.0,0
2023-04-16,2023-04-16 12:00:00,790.0,790.0,790.0,790.0,0.0,18.8,14852.0,0
2023-04-16,2023-04-16 13:00:00,790.0,790.0,790.0,790.0,0.0,18.8,14852.0,0
2023-04-16,2023-04-16 14:00:00,790.0,790.0,790.0,790.0,0.0,18.8,14852.0,0
2023-04-16,2023-04-16 15:00:00,790.0,790.0,790.0,790.0,0.0,18.8,14852.0,0
2023-04-17,2023-04-17 11:00:00,775.0,775.0,775.0,775.0,0.0,5.0,3875.0,0
2023-04-17,2023-04-17 12:00:00,775.0,775.0,775.0,775.0,0.0,5.0,3875.0,0
2023-04-17,2023-04-17 13:00:00,775.0,775.0,775.0,775.0,0.0,5.0,3875.0,0
2023-04-17,2023-04-17 14:00:00,775.0,775.0,775.0,775.0,0.0,5.0,3875.0,0
2023-04-17,2023-04-17 15:00:00,775.0,775.0,775.0,775.0,0.0,5.0,3875.0,0
2023-04-19,2023-04-19 11:00:00,760.1,767.55,760.1,763.83,0.49,10.0,7675.5,1
2023-04-19,2023-04-19 12:00:00,763.83,767.55,763.83,767.55,0.49,10.0,7675.5,1
2023-04-19,2023-04-19 13:00:00,767.55,771.27,767.55,771.27,0.48,10.0,7675.5,1
2023-04-19,2023-04-19 14:00:00,771.27,775.0,771.27,775.0,0.48,10.0,7675.5,1
2023-04-19,2023-04-19 15:00:00,775.0,775.0,760.1,775.0,0.0,10.0,7675.5,0
2023-04-25,2023-04-25 11:00:00,775.0,775.0,772.55,773.77,-0.16,10.0,7725.5,-1
2023-04-25,2023-04-25 12:00:00,773.77,773.77,772.55,772.55,-0.16,10.0,7725.5,-1
2023-04-25,2023-04-25 13:00:00,772.55,772.55,771.33,771.33,-0.16,10.0,7725.5,-1
2023-04-25,2023-04-25 14:00:00,771.33,771.33,770.1,770.1,-0.16,10.0,7725.5,-1
2023-04-25,2023-04-25 15:00:00,770.1,775.0,770.1,770.1,0.0,10.0,7725.5,0
2023-04-26,2023-04-26 11:00:00,770.0,770.0,767.55,768.77,-0.16,7.0,5365.5,-1
2023-04-26,2023-04-26 12:00:00,768.77,768.77,767.55,767.55,-0.16,7.0,5365.5,-1
2023-04-26,2023-04-26 13:00:00,767.55,767.55,766.33,766.33,-0.16,7.0,5365.5,-1
2023-04-26,2023-04-26 14:00:00,766.33,766.33,765.1,765.1,-0.16,7.0,5365.5,-1
2023-04-26,2023-04-26 15:00:00,765.1,770.0,765.1,765.1,0.0,7.0,5365.5,0
2023-04-27,2023-04-27 11:00:00,780.4,780.4,773.25,776.83,-0.46,30.0,23269.0,-1
2023-04-27,2023-04-27 12:00:00,776.83,776.83,773.25,773.25,-0.46,30.0,23269.0,-1
2023-04-27,2023-04-27 13:00:00,773.25,773.25,769.67,769.67,-0.46,30.0,23269.0,-1
2023-04-27,2023-04-27 14:00:00,769.67,769.67,766.1,766.1,-0.46,30.0,23269.0,-1
2023-04-27,2023-04-27 15:00:00,766.1,780.4,766.1,766.1,0.0,30.0,23269.0,0
2023-04-30,2023-04-30 11:00:00,766.0,766.0,766.0,766.0,0.0,5.0,3830.0,0
2023-04-30,2023-04-30 12:00:00,766.0,766.0,766.0,766.0,0.0,5.0,3830.0,0
2023-04-30,2023-04-30 13:00:00,766.0,766.0,766.0,766.0,0.0,5.0,3830.0,0
2023-04-30,2023-04-30 14:00:00,766.0,766.0,766.0,766.0,0.0,5.0,3830.0,0
2023-04-30,2023-04-30 15:00:00,766.0,766.0,766.0,766.0,0.0,5.0,3830.0,0
2023-05-04,2023-05-04 11:00:00,761.2,761.95,761.2,761.4,0.03,25.0,19054.78,1
2023-05-04,2023-05-04 12:00:00,761.4,761.6,761.4,761.6,0.03,25.0,19054.78,1
2023-05-04,2023-05-04 13:00:00,761.6,761.8,761.6,761.8,0.03,25.0,19054.78,1
2023-05-04,2023-05-04 14:00:00,761.8,762.0,761.8,762.0,0.03,25.0,19054.78,1
2023-05-04,2023-05-04 15:00:00,762.0,762.7,761.2,762.0,0.0,25.0,19054.78,0
2023-05-08,2023-05-08 11:00:00,770.0,770.0,765.15,767.58,-0.31,11.0,8421.5,-1
2023-05-08,2023-05-08 12:00:00,767.58,767.58,765.15,765.15,-0.32,11.0,8421.5,-1
2023-05-08,2023-05-08 13:00:00,765.15,765.15,762.72,762.72,-0.32,11.0,8421.5,-1
2023-05-08,2023-05-08 14:00:00,762.72,762.72,760.3,760.3,-0.32,11.0,8421.5,-1
2023-05-08,2023-05-08 15:00:00,760.3,770.0,760.3,760.3,0.0,11.0,8421.5,0
2023-05-09,2023-05-09 11:00:00,775.5,775.5,775.5,775.5,0.0,5.0,3877.5,0
2023-05-09,2023-05-09 12:00:00,775.5,775.5,775.5,775.5,0.0,5.0,3877.5,0
2023-05-09,2023-05-09 13:00:00,775.5,775.5,775.5,775.5,0.0,5.0,3877.5,0
2023-05-09,2023-05-09 14:00:00,775.5,775.5,775.5,775.5,0.0,5.0,3877.5,0
2023-05-09,2023-05-09 15:00:00,775.5,775.5,775.5,775.5,0.0,5.0,3877.5,0
2023-05-15,2023-05-15 11:00:00,785.0,785.0,785.0,785.0,0.0,4.6,3611.0,0
2023-05-15,2023-05-15 12:00:00,785.0,785.0,785.0,785.0,0.0,4.6,3611.0,0
2023-05-15,2023-05-15 13:00:00,785.0,785.0,785.0,785.0,0.0,4.6,3611.0,0
2023-05-15,2023-05-15 14:00:00,785.0,785.0,785.0,785.0,0.0,4.6,3611.0,0
2023-05-15,2023-05-15 15:00:00,785.0,785.0,785.0,785.0,0.0,4.6,3611.0,0
2023-05-16,2023-05-16 11:00:00,790.0,790.0,790.0,790.0,0.0,5.0,3950.0,0
2023-05-16,2023-05-16 12:00:00,790.0,790.0,790.0,790.0,0.0,5.0,3950.0,0
2023-05-16,2023-05-16 13:00:00,790.0,790.0,790.0,790.0,0.0,5.0,3950.0,0
2023-05-16,2023-05-16 14:00:00,790.0,790.0,790.0,790.0,0.0,5.0,3950.0,0
2023-05-16,2023-05-16 15:00:00,790.0,790.0,790.0,790.0,0.0,5.0,3950.0,0
2023-05-17,2023-05-17 11:00:00,791.0,791.0,780.5,785.75,-0.66,30.0,23555.0,-1
2023-05-17,2023-05-17 12:00:00,785.75,785.75,780.5,780.5,-0.67,30.0,23555.0,-1
2023-05-17,2023-05-17 13:00:00,780.5,780.5,775.25,775.25,-0.67,30.0,23555.0,-1
2023-05-17,2023-05-17 14:00:00,775.25,775.25,770.0,770.0,-0.68,30.0,23555.0,-1
2023-05-17,2023-05-17 15:00:00,770.0,791.0,770.0,770.0,0.0,30.0,23555.0,0
2023-05-22,2023-05-22 11:00:00,765.2,765.2,765.2,765.2,0.0,5.0,3826.0,0
2023-05-22,2023-05-22 12:00:00,765.2,765.2,765.2,765.2,0.0,5.0,3826.0,0
2023-05-22,2023-05-22 13:00:00,765.2,765.2,765.2,765.2,0.0,5.0,3826.0,0
2023-05-22,2023-05-22 14:00:00,765.2,765.2,765.2,765.2,0.0,5.0,3826.0,0
2023-05-22,2023-05-22 15:00:00,765.2,765.2,765.2,765.2,0.0,5.0,3826.0,0
2023-05-28,2023-05-28 11:00:00,765.0,765.0,765.0,765.0,0.0,15.0,11475.0,0
2023-05-28,2023-05-28 12:00:00,765.0,765.0,765.0,765.0,0.0,15.0,11475.0,0
2023-05-28,2023-05-28 13:00:00,765.0,765.0,765.0,765.0,0.0,15.0,11475.0,0
2023-05-28,2023-05-28 14:00:00,765.0,765.0,765.0,765.0,0.0,15.0,11475.0,0
2023-05-28,2023-05-28 15:00:00,765.0,765.0,765.0,765.0,0.0,15.0,11475.0,0
2023-06-01,2023-06-01 11:00:00,765.0,765.0,765.0,765.0,0.0,5.0,3825.0,0
2023-06-01,2023-06-01 12:00:00,765.0,765.0,765.0,765.0,0.0,5.0,3825.0,0
2023-06-01,2023-06-01 13:00:00,765.0,765.0,765.0,765.0,0.0,5.0,3825.0,0
2023-06-01,2023-06-01 14:00:00,765.0,765.0,765.0,765.0,0.0,5.0,3825.0,0
2023-06-01,2023-06-01 15:00:00,765.0,765.0,765.0,765.0,0.0,5.0,3825.0,0
2023-06-04,2023-06-04 11:00:00,765.0,765.0,765.0,765.0,0.0,5.0,3825.0,0
2023-06-04,2023-06-04 12:00:00,765.0,765.0,765.0,765.0,0.0,5.0,3825.0,0
2023-06-04,2023-06-04 13:00:00,765.0,765.0,765.0,765.0,0.0,5.0,3825.0,0
2023-06-04,2023-06-04 14:00:00,765.0,765.0,765.0,765.0,0.0,5.0,3825.0,0
2023-06-04,2023-06-04 15:00:00,765.0,765.0,765.0,765.0,0.0,5.0,3825.0,0
2023-06-05,2023-06-05 11:00:00,760.7,760.7,760.7,760.7,0.0,5.0,3803.5,0
2023-06-05,2023-06-05 12:00:00,760.7,760.7,760.7,760.7,0.0,5.0,3803.5,0
2023-06-05,2023-06-05 13:00:00,760.7,760.7,760.7,760.7,0.0,5.0,3803.5,0
2023-06-05,2023-06-05 14:00:00,760.7,760.7,760.7,760.7,0.0,5.0,3803.5,0
2023-06-05,2023-06-05 15:00:00,760.7,760.7,760.7,760.7,0.0,5.0,3803.5,0
2023-06-06,2023-06-06 11:00:00,765.0,765.0,765.0,765.0,0.0,5.0,3825.0,0
2023-06-06,2023-06-06 12:00:00,765.0,765.0,765.0,765.0,0.0,5.0,3825.0,0
2023-06-06,2023-06-06 13:00:00,765.0,765.0,765.0,765.0,0.0,5.0,3825.0,0
2023-06-06,2023-06-06 14:00:00,765.0,765.0,765.0,765.0,0.0,5.0,3825.0,0
2023-06-06,2023-06-06 15:00:00,765.0,765.0,765.0,765.0,0.0,5.0,3825.0,0
2023-06-11,2023-06-11 11:00:00,766.1,766.1,766.1,766.1,0.0,5.0,3830.5,0
2023-06-11,2023-06-11 12:00:00,766.1,766.1,766.1,766.1,0.0,5.0,3830.5,0
2023-06-11,2023-06-11 13:00:00,766.1,766.1,766.1,766.1,0.0,5.0,3830.5,0
2023-06-11,2023-06-11 14:00:00,766.1,766.1,766.1,766.1,0.0,5.0,3830.5,0
2023-06-11,2023-06-11 15:00:00,766.1,766.1,766.1,766.1,0.0,5.0,3830.5,0
2023-06-12,2023-06-12 11:00:00,781.4,781.4,781.4,781.4,0.0,2.0,1562.8,0
2023-06-12,2023-06-12 12:00:00,781.4,781.4,781.4,781.4,0.0,2.0,1562.8,0
2023-06-12,2023-06-12 13:00:00,781.4,781.4,781.4,781.4,0.0,2.0,1562.8,0
2023-06-12,2023-06-12 14:00:00,781.4,781.4,781.4,781.4,0.0,2.0,1562.8,0
2023-06-12,2023-06-12 15:00:00,781.4,781.4,781.4,781.4,0.0,2.0,1562.8,0
2023-06-13,2023-06-13 11:00:00,785.0,785.0,785.0,785.0,0.0,5.0,3925.0,0
2023-06-13,2023-06-13 12:00:00,785.0,785.0,785.0,785.0,0.0,5.0,3925.0,0
2023-06-13,2023-06-13 13:00:00,785.0,785.0,785.0,785.0,0.0,5.0,3925.0,0
2023-06-13,2023-06-13 14:00:00,785.0,785.0,785.0,785.0,0.0,5.0,3925.0,0
2023-06-13,2023-06-13 15:00:00,785.0,785.0,785.0,785.0,0.0,5.0,3925.0,0
2023-06-14,2023-06-14 11:00:00,780.0,780.0,780.0,780.0,0.0,10.0,7800.0,0
2023-06-14,2023-06-14 12:00:00,780.0,780.0,780.0,780.0,0.0,10.0,7800.0,0
2023-06-14,2023-06-14 13:00:00,780.0,780.0,780.0,780.0,0.0,10.0,7800.0,0
2023-06-14,2023-06-14 14:00:00,780.0,780.0,780.0,780.0,0.0,10.0,7800.0,0
2023-06-14,2023-06-14 15:00:00,780.0,780.0,780.0,780.0,0.0,10.0,7800.0,0
2023-06-15,2023-06-15 11:00:00,780.0,780.0,780.0,780.0,0.0,5.0,3900.0,0
2023-06-15,2023-06-15 12:00:00,780.0,780.0,780.0,780.0,0.0,5.0,3900.0,0
2023-06-15,2023-06-15 13:00:00,780.0,780.0,780.0,780.0,0.0,5.0,3900.0,0
2023-06-15,2023-06-15 14:00:00,780.0,780.0,780.0,780.0,0.0,5.0,3900.0,0
2023-06-15,2023-06-15 15:00:00,780.0,780.0,780.0,780.0,0.0,5.0,3900.0,0
2023-06-18,2023-06-18 11:00:00,795.6,795.6,795.6,795.6,0.0,5.0,3978.0,0
2023-06-18,2023-06-18 12:00:00,795.6,795.6,795.6,795.6,0.0,5.0,3978.0,0
2023-06-18,2023-06-18 13:00:00,795.6,795.6,795.6,795.6,0.0,5.0,3978.0,0
2023-06-18,2023-06-18 14:00:00,795.6,795.6,795.6,795.6,0.0,5.0,3978.0,0
2023-06-18,2023-06-18 15:00:00,795.6,795.6,795.6,795.6,0.0,5.0,3978.0,0
2023-06-19,2023-06-19 11:00:00,779.7,782.35,775.35,777.53,-0.28,15.0,11664.1,-1
2023-06-19,2023-06-19 12:00:00,777.53,777.53,775.35,775.35,-0.28,15.0,11664.1,-1
2023-06-19,2023-06-19 13:00:00,775.35,775.35,773.17,773.17,-0.28,15.0,11664.1,-1
2023-06-19,2023-06-19 14:00:00,773.17,773.17,771.0,771.0,-0.28,15.0,11664.1,-1
2023-06-19,2023-06-19 15:00:00,771.0,785.0,771.0,771.0,0.0,15.0,11664.1,0
2023-06-20,2023-06-20 11:00:00,775.0,775.0,775.0,775.0,0.0,5.0,3875.0,0
2023-06-20,2023-06-20 12:00:00,775.0,775.0,775.0,775.0,0.0,5.0,3875.0,0
2023-06-20,2023-06-20 13:00:00,775.0,775.0,775.0,775.0,0.0,5.0,3875.0,0
2023-06-20,2023-06-20 14:00:00,775.0,775.0,775.0,775.0,0.0,5.0,3875.0,0
2023-06-20,2023-06-20 15:00:00,775.0,775.0,775.0,775.0,0.0,5.0,3875.0,0
2023-06-21,2023-06-21 11:00:00,764.0,767.0,764.0,765.5,0.2,25.0,19220.0,1
2023-06-21,2023-06-21 12:00:00,765.5,767.0,765.5,767.0,0.2,25.0,19220.0,1
2023-06-21,2023-06-21 13:00:00,767.0,768.5,767.0,768.5,0.2,25.0,19220.0,1
2023-06-21,2023-06-21 14:00:00,768.5,770.0,768.5,770.0,0.2,25.0,19220.0,1
2023-06-21,2023-06-21 15:00:00,770.0,770.0,764.0,770.0,0.0,25.0,19220.0,0
2023-06-25,2023-06-25 11:00:00,775.0,780.5,775.0,777.75,0.35,10.0,7805.0,1
2023-06-25,2023-06-25 12:00:00,777.75,780.5,777.75,780.5,0.35,10.0,7805.0,1
2023-06-25,2023-06-25 13:00:00,780.5,783.25,780.5,783.25,0.35,10.0,7805.0,1
2023-06-25,2023-06-25 14:00:00,783.25,786.0,783.25,786.0,0.35,10.0,7805.0,1
2023-06-25,2023-06-25 15:00:00,786.0,786.0,775.0,786.0,0.0,10.0,7805.0,0
2023-07-02,2023-07-02 11:00:00,794.0,794.0,794.0,794.0,0.0,5.0,3970.0,0
2023-07-02,2023-07-02 12:00:00,794.0,794.0,794.0,794.0,0.0,5.0,3970.0,0
2023-07-02,2023-07-02 13:00:00,794.0,794.0,794.0,794.0,0.0,5.0,3970.0,0
2023-07-02,2023-07-02 14:00:00,794.0,794.0,794.0,794.0,0.0,5.0,3970.0,0
2023-07-02,2023-07-02 15:00:00,794.0,794.0,794.0,794.0,0.0,5.0,3970.0,0
2023-07-03,2023-07-03 11:00:00,800.0,800.0,797.0,798.5,-0.19,20.0,15970.0,-1
2023-07-03,2023-07-03 12:00:00,798.5,798.5,797.0,797.0,-0.19,20.0,15970.0,-1
2023-07-03,2023-07-03 13:00:00,797.0,797.0,795.5,795.5,-0.19,20.0,15970.0,-1
2023-07-03,2023-07-03 14:00:00,795.5,795.5,794.0,794.0,-0.19,20.0,15970.0,-1
2023-07-03,2023-07-03 15:00:00,794.0,800.0,794.0,794.0,0.0,20.0,15970.0,0
2023-07-04,2023-07-04 11:00:00,809.8,809.8,806.4,808.6,-0.15,35.0,28179.0,-1
2023-07-04,2023-07-04 12:00:00,808.6,808.6,807.4,807.4,-0.15,35.0,28179.0,-1
2023-07-04,2023-07-04 13:00:00,807.4,807.4,806.2,806.2,-0.15,35.0,28179.0,-1
2023-07-04,2023-07-04 14:00:00,806.2,806.2,805.0,805.0,-0.15,35.0,28179.0,-1
2023-07-04,2023-07-04 15:00:00,805.0,809.8,803.0,805.0,0.0,35.0,28179.0,0
2023-07-05,2023-07-05 11:00:00,806.0,806.0,803.0,804.5,-0.19,64.0,51380.0,-1
2023-07-05,2023-07-05 12:00:00,804.5,804.5,803.0,803.0,-0.19,64.0,51380.0,-1
2023-07-05,2023-07-05 13:00:00,803.0,803.0,801.5,801.5,-0.19,64.0,51380.0,-1
2023-07-05,2023-07-05 14:00:00,801.5,801.5,800.0,800.0,-0.19,64.0,51380.0,-1
2023-07-05,2023-07-05 15:00:00,800.0,806.0,800.0,800.0,0.0,64.0,51380.0,0
2023-07-06,2023-07-06 11:00:00,798.1,801.55,798.1,799.83,0.22,12.0,9625.5,1
2023-07-06,2023-07-06 12:00:00,799.83,801.55,799.83,801.55,0.22,12.0,9625.5,1
2023-07-06,2023-07-06 13:00:00,801.55,803.27,801.55,803.27,0.21,12.0,9625.5,1
2023-07-06,2023-07-06 14:00:00,803.27,805.0,803.27,805.0,0.22,12.0,9625.5,1
2023-07-06,2023-07-06 15:00:00,805.0,805.0,798.1,805.0,0.0,12.0,9625.5,0
2023-07-09,2023-07-09 11:00:00,800.0,810.55,800.0,805.27,0.66,22.0,17842.6,1
2023-07-09,2023-07-09 12:00:00,805.27,810.55,805.27,810.55,0.66,22.0,17842.6,1
2023-07-09,2023-07-09 13:00:00,810.55,815.83,810.55,815.83,0.65,22.0,17842.6,1
2023-07-09,2023-07-09 14:00:00,815.83,821.1,815.83,821.1,0.65,22.0,17842.6,1
2023-07-09,2023-07-09 15:00:00,821.1,821.1,800.0,821.1,0.0,22.0,17842.6,0
2023-07-10,2023-07-10 11:00:00,804.9,804.9,804.9,804.9,0.0,4.0,3219.6,0
2023-07-10,2023-07-10 12:00:00,804.9,804.9,804.9,804.9,0.0,4.0,3219.6,0
2023-07-10,2023-07-10 13:00:00,804.9,804.9,804.9,804.9,0.0,4.0,3219.6,0
2023-07-10,2023-07-10 14:00:00,804.9,804.9,804.9,804.9,0.0,4.0,3219.6,0
2023-07-10,2023-07-10 15:00:00,804.9,804.9,804.9,804.9,0.0,4.0,3219.6,0
2023-07-12,2023-07-12 11:00:00,810.0,815.45,810.0,812.73,0.34,15.0,12229.5,1
2023-07-12,2023-07-12 12:00:00,812.73,815.45,812.73,815.45,0.33,15.0,12229.5,1
2023-07-12,2023-07-12 13:00:00,815.45,818.17,815.45,818.17,0.33,15.0,12229.5,1
2023-07-12,2023-07-12 14:00:00,818.17,820.9,818.17,820.9,0.33,15.0,12229.5,1
2023-07-12,2023-07-12 15:00:00,820.9,820.9,810.0,820.9,0.0,15.0,12229.5,0
2023-07-13,2023-07-13 11:00:00,830.0,849.5,830.0,839.75,1.17,33.0,27807.8,1
2023-07-13,2023-07-13 12:00:00,839.75,849.5,839.75,849.5,1.16,33.0,27807.8,1
2023-07-13,2023-07-13 13:00:00,849.5,859.25,849.5,859.25,1.15,33.0,27807.8,1
2023-07-13,2023-07-13 14:00:00,859.25,869.0,859.25,869.0,1.13,33.0,27807.8,1
2023-07-13,2023-07-13 15:00:00,869.0,869.0,830.0,869.0,0.0,33.0,27807.8,0
2023-07-23,2023-07-23 11:00:00,851.7,851.7,834.9,843.3,-0.99,6.0,5009.0,-1
2023-07-23,2023-07-23 12:00:00,843.3,843.3,834.9,834.9,-1.0,6.0,5009.0,-1
2023-07-23,2023-07-23 13:00:00,834.9,834.9,826.5,826.5,-1.01,6.0,5009.0,-1
2023-07-23,2023-07-23 14:00:00,826.5,826.5,818.1,818.1,-1.02,6.0,5009.0,-1
2023-07-23,2023-07-23 15:00:00,818.1,851.7,818.1,818.1,0.0,6.0,5009.0,0
2023-07-24,2023-07-24 11:00:00,801.8,801.8,793.8,797.8,-0.5,6.0,4746.8,-1
2023-07-24,2023-07-24 12:00:00,797.8,797.8,793.8,793.8,-0.5,6.0,4746.8,-1
2023-07-24,2023-07-24 13:00:00,793.8,793.8,789.8,789.8,-0.5,6.0,4746.8,-1
2023-07-24,2023-07-24 14:00:00,789.8,789.8,785.8,785.8,-0.51,6.0,4746.8,-1
2023-07-24,2023-07-24 15:00:00,785.8,801.8,785.8,785.8,0.0,6.0,4746.8,0
2023-07-25,2023-07-25 11:00:00,786.0,786.0,783.5,784.75,-0.16,10.0,7847.0,-1
2023-07-25,2023-07-25 12:00:00,784.75,784.75,783.5,783.5,-0.16,10.0,7847.0,-1
2023-07-25,2023-07-25 13:00:00,783.5,783.5,782.25,782.25,-0.16,10.0,7847.0,-1
2023-07-25,2023-07-25 14:00:00,782.25,782.25,781.0,781.0,-0.16,10.0,7847.0,-1
2023-07-25,2023-07-25 15:00:00,781.0,786.0,781.0,781.0,0.0,10.0,7847.0,0
2023-07-27,2023-07-27 11:00:00,780.0,780.0,780.0,780.0,0.0,17.0,13260.0,0
2023-07-27,2023-07-27 12:00:00,780.0,780.0,780.0,780.0,0.0,17.0,13260.0,0
2023-07-27,2023-07-27 13:00:00,780.0,780.0,780.0,780.0,0.0,17.0,13260.0,0
2023-07-27,2023-07-27 14:00:00,780.0,780.0,780.0,780.0,0.0,17.0,13260.0,0
2023-07-27,2023-07-27 15:00:00,780.0,780.0,780.0,780.0,0.0,17.0,13260.0,0
2023-07-30,2023-07-30 11:00:00,775.5,777.75,775.5,776.62,0.14,20.0,15577.5,1
2023-07-30,2023-07-30 12:00:00,776.62,777.75,776.62,777.75,0.15,20.0,15577.5,1
2023-07-30,2023-07-30 13:00:00,777.75,778.88,777.75,778.88,0.15,20.0,15577.5,1
2023-07-30,2023-07-30 14:00:00,778.88,780.0,778.88,780.0,0.14,20.0,15577.5,1
2023-07-30,2023-07-30 15:00:00,780.0,780.0,775.5,780.0,0.0,20.0,15577.5,0
2023-07-31,2023-07-31 11:00:00,780.0,782.5,780.0,781.25,0.16,8.0,6265.0,1
2023-07-31,2023-07-31 12:00:00,781.25,782.5,781.25,782.5,0.16,8.0,6265.0,1
2023-07-31,2023-07-31 13:00:00,782.5,783.75,782.5,783.75,0.16,8.0,6265.0,1
2023-07-31,2023-07-31 14:00:00,783.75,785.0,783.75,785.0,0.16,8.0,6265.0,1
2023-07-31,2023-07-31 15:00:00,785.0,785.0,780.0,785.0,0.0,8.0,6265.0,0
2023-08-01,2023-08-01 11:00:00,785.0,785.0,785.0,785.0,0.0,15.0,11775.0,0
2023-08-01,2023-08-01 12:00:00,785.0,785.0,785.0,785.0,0.0,15.0,11775.0,0
2023-08-01,2023-08-01 13:00:00,785.0,785.0,785.0,785.0,0.0,15.0,11775.0,0
2023-08-01,2023-08-01 14:00:00,785.0,785.0,785.0,785.0,0.0,15.0,11775.0,0
2023-08-01,2023-08-01 15:00:00,785.0,785.0,785.0,785.0,0.0,15.0,11775.0,0
2023-08-02,2023-08-02 11:00:00,780.0,780.0,780.0,780.0,0.0,5.0,3900.0,0
2023-08-02,2023-08-02 12:00:00,780.0,780.0,780.0,780.0,0.0,5.0,3900.0,0
2023-08-02,2023-08-02 13:00:00,780.0,780.0,780.0,780.0,0.0,5.0,3900.0,0
2023-08-02,2023-08-02 14:00:00,780.0,780.0,780.0,780.0,0.0,5.0,3900.0,0
2023-08-02,2023-08-02 15:00:00,780.0,780.0,780.0,780.0,0.0,5.0,3900.0,0
2023-08-08,2023-08-08 11:00:00,780.0,780.0,774.0,777.0,-0.38,15.0,11664.0,-1
2023-08-08,2023-08-08 12:00:00,777.0,777.0,774.0,774.0,-0.39,15.0,11664.0,-1
2023-08-08,2023-08-08 13:00:00,774.0,774.0,771.0,771.0,-0.39,15.0,11664.0,-1
2023-08-08,2023-08-08 14:00:00,771.0,771.0,768.0,768.0,-0.39,15.0,11664.0,-1
2023-08-08,2023-08-08 15:00:00,768.0,780.0,768.0,768.0,0.0,15.0,11664.0,0
2023-08-10,2023-08-10 11:00:00,783.0,783.0,783.0,783.0,0.0,10.0,7830.0,0
2023-08-10,2023-08-10 12:00:00,783.0,783.0,783.0,783.0,0.0,10.0,7830.0,0
2023-08-10,2023-08-10 13:00:00,783.0,783.0,783.0,783.0,0.0,10.0,7830.0,0
2023-08-10,2023-08-10 14:00:00,783.0,783.0,783.0,783.0,0.0,10.0,7830.0,0
2023-08-10,2023-08-10 15:00:00,783.0,783.0,783.0,783.0,0.0,10.0,7830.0,0
2023-08-13,2023-08-13 11:00:00,790.0,790.0,782.5,786.25,-0.47,35.0,27575.0,-1
2023-08-13,2023-08-13 12:00:00,786.25,786.25,782.5,782.5,-0.48,35.0,27575.0,-1
2023-08-13,2023-08-13 13:00:00,782.5,782.5,778.75,778.75,-0.48,35.0,27575.0,-1
2023-08-13,2023-08-13 14:00:00,778.75,778.75,775.0,775.0,-0.48,35.0,27575.0,-1
2023-08-13,2023-08-13 15:00:00,775.0,790.0,775.0,775.0,0.0,35.0,27575.0,0
2023-08-14,2023-08-14 11:00:00,775.0,775.0,772.6,773.8,-0.15,15.0,11577.0,-1
2023-08-14,2023-08-14 12:00:00,773.8,773.8,772.6,772.6,-0.16,15.0,11577.0,-1
2023-08-14,2023-08-14 13:00:00,772.6,772.6,771.4,771.4,-0.16,15.0,11577.0,-1
2023-08-14,2023-08-14 14:00:00,771.4,771.4,770.2,770.2,-0.16,15.0,11577.0,-1
2023-08-14,2023-08-14 15:00:00,770.2,775.0,770.2,770.2,0.0,15.0,11577.0,0
2023-08-15,2023-08-15 11:00:00,785.6,792.8,785.6,789.2,0.46,35.0,27625.0,1
2023-08-15,2023-08-15 12:00:00,789.2,792.8,789.2,792.8,0.46,35.0,27625.0,1
2023-08-15,2023-08-15 13:00:00,792.8,796.4,792.8,796.4,0.45,35.0,27625.0,1
2023-08-15,2023-08-15 14:00:00,796.4,800.0,796.4,800.0,0.45,35.0,27625.0,1
2023-08-15,2023-08-15 15:00:00,800.0,800.0,785.6,800.0,0.0,35.0,27625.0,0
2023-08-16,2023-08-16 11:00:00,790.0,790.0,790.0,790.0,0.0,20.0,15800.0,0
2023-08-16,2023-08-16 12:00:00,790.0,790.0,790.0,790.0,0.0,20.0,15800.0,0
2023-08-16,2023-08-16 13:00:00,790.0,790.0,790.0,790.0,0.0,20.0,15800.0,0
2023-08-16,2023-08-16 14:00:00,790.0,790.0,790.0,790.0,0.0,20.0,15800.0,0
2023-08-16,2023-08-16 15:00:00,790.0,790.0,790.0,790.0,0.0,20.0,15800.0,0
2023-08-22,2023-08-22 11:00:00,780.1,780.1,780.1,780.1,0.0,5.0,3900.5,0
2023-08-22,2023-08-22 12:00:00,780.1,780.1,780.1,780.1,0.0,5.0,3900.5,0
2023-08-22,2023-08-22 13:00:00,780.1,780.1,780.1,780.1,0.0,5.0,3900.5,0
2023-08-22,2023-08-22 14:00:00,780.1,780.1,780.1,780.1,0.0,5.0,3900.5,0
2023-08-22,2023-08-22 15:00:00,780.1,780.1,780.1,780.1,0.0,5.0,3900.5,0
2023-08-24,2023-08-24 11:00:00,780.0,780.0,774.5,777.25,-0.35,15.0,11645.0,-1
2023-08-24,2023-08-24 12:00:00,777.25,777.25,774.5,774.5,-0.35,15.0,11645.0,-1
2023-08-24,2023-08-24 13:00:00,774.5,774.5,771.75,771.75,-0.36,15.0,11645.0,-1
2023-08-24,2023-08-24 14:00:00,771.75,771.75,769.0,769.0,-0.36,15.0,11645.0,-1
2023-08-24,2023-08-24 15:00:00,769.0,780.0,769.0,769.0,0.0,15.0,11645.0,0
2023-08-27,2023-08-27 11:00:00,784.3,784.3,784.3,784.3,0.0,4.0,3137.2,0
2023-08-27,2023-08-27 12:00:00,784.3,784.3,784.3,784.3,0.0,4.0,3137.2,0
2023-08-27,2023-08-27 13:00:00,784.3,784.3,784.3,784.3,0.0,4.0,3137.2,0
2023-08-27,2023-08-27 14:00:00,784.3,784.3,784.3,784.3,0.0,4.0,3137.2,0
2023-08-27,2023-08-27 15:00:00,784.3,784.3,784.3,784.3,0.0,4.0,3137.2,0
2023-08-29,2023-08-29 11:00:00,799.9,799.9,799.9,799.9,0.0,3.6,2879.64,0
2023-08-29,2023-08-29 12:00:00,799.9,799.9,799.9,799.9,0.0,3.6,2879.64,0
2023-08-29,2023-08-29 13:00:00,799.9,799.9,799.9,799.9,0.0,3.6,2879.64,0
2023-08-29,2023-08-29 14:00:00,799.9,799.9,799.9,799.9,0.0,3.6,2879.64,0
2023-08-29,2023-08-29 15:00:00,799.9,799.9,799.9,799.9,0.0,3.6,2879.64,0
2023-09-07,2023-09-07 11:00:00,814.0,814.9,814.0,814.45,0.06,10.0,8149.0,1
2023-09-07,2023-09-07 12:00:00,814.45,814.9,814.45,814.9,0.06,10.0,8149.0,1
2023-09-07,2023-09-07 13:00:00,814.9,815.35,814.9,815.35,0.06,10.0,8149.0,1
2023-09-07,2023-09-07 14:00:00,815.35,815.8,815.35,815.8,0.06,10.0,8149.0,1
2023-09-07,2023-09-07 15:00:00,815.8,815.8,814.0,815.8,0.0,10.0,8149.0,0
2023-09-11,2023-09-11 11:00:00,800.0,800.0,792.5,796.25,-0.47,25.0,19925.0,-1
2023-09-11,2023-09-11 12:00:00,796.25,796.25,792.5,792.5,-0.47,25.0,19925.0,-1
2023-09-11,2023-09-11 13:00:00,792.5,792.5,788.75,788.75,-0.47,25.0,19925.0,-1
2023-09-11,2023-09-11 14:00:00,788.75,788.75,785.0,785.0,-0.48,25.0,19925.0,-1
2023-09-11,2023-09-11 15:00:00,785.0,800.0,785.0,785.0,0.0,25.0,19925.0,0
2023-09-12,2023-09-12 11:00:00,778.0,778.0,777.0,777.5,-0.06,7.0,5436.0,-1
2023-09-12,2023-09-12 12:00:00,777.5,777.5,777.0,777.0,-0.06,7.0,5436.0,-1
2023-09-12,2023-09-12 13:00:00,777.0,777.0,776.5,776.5,-0.06,7.0,5436.0,-1
2023-09-12,2023-09-12 14:00:00,776.5,776.5,776.0,776.0,-0.06,7.0,5436.0,-1
2023-09-12,2023-09-12 15:00:00,776.0,778.0,776.0,776.0,0.0,7.0,5436.0,0
2023-09-13,2023-09-13 11:00:00,781.0,781.0,781.0,781.0,0.0,10.0,7810.0,0
2023-09-13,2023-09-13 12:00:00,781.0,781.0,781.0,781.0,0.0,10.0,7810.0,0
2023-09-13,2023-09-13 13:00:00,781.0,781.0,781.0,781.0,0.0,10.0,7810.0,0
2023-09-13,2023-09-13 14:00:00,781.0,781.0,781.0,781.0,0.0,10.0,7810.0,0
2023-09-13,2023-09-13 15:00:00,781.0,781.0,781.0,781.0,0.0,10.0,7810.0,0
2023-09-17,2023-09-17 11:00:00,775.0,775.0,772.55,773.77,-0.16,32.0,24713.0,-1
2023-09-17,2023-09-17 12:00:00,773.77,773.77,772.55,772.55,-0.16,32.0,24713.0,-1
2023-09-17,2023-09-17 13:00:00,772.55,772.55,771.33,771.33,-0.16,32.0,24713.0,-1
2023-09-17,2023-09-17 14:00:00,771.33,771.33,770.1,770.1,-0.16,32.0,24713.0,-1
2023-09-17,2023-09-17 15:00:00,770.1,775.0,770.1,770.1,0.0,32.0,24713.0,0
2023-09-19,2023-09-19 11:00:00,771.0,771.0,770.5,770.77,-0.03,25.0,19255.5,-1
2023-09-19,2023-09-19 12:00:00,770.77,770.77,770.55,770.55,-0.03,25.0,19255.5,-1
2023-09-19,2023-09-19 13:00:00,770.55,770.55,770.33,770.33,-0.03,25.0,19255.5,-1
2023-09-19,2023-09-19 14:00:00,770.33,770.33,770.1,770.1,-0.03,25.0,19255.5,-1
2023-09-19,2023-09-19 15:00:00,770.1,771.0,770.0,770.1,0.0,25.0,19255.5,0
2023-09-24,2023-09-24 11:00:00,775.0,775.0,772.5,773.75,-0.16,28.0,21660.0,-1
2023-09-24,2023-09-24 12:00:00,773.75,773.75,772.5,772.5,-0.16,28.0,21660.0,-1
2023-09-24,2023-09-24 13:00:00,772.5,772.5,771.25,771.25,-0.16,28.0,21660.0,-1
2023-09-24,2023-09-24 14:00:00,771.25,771.25,770.0,770.0,-0.16,28.0,21660.0,-1
2023-09-24,2023-09-24 15:00:00,770.0,775.0,770.0,770.0,0.0,28.0,21660.0,0
2023-09-25,2023-09-25 11:00:00,785.0,785.0,785.0,785.0,0.0,5.0,3925.0,0
2023-09-25,2023-09-25 12:00:00,785.0,785.0,785.0,785.0,0.0,5.0,3925.0,0
2023-09-25,2023-09-25 13:00:00,785.0,785.0,785.0,785.0,0.0,5.0,3925.0,0
2023-09-25,2023-09-25 14:00:00,785.0,785.0,785.0,785.0,0.0,5.0,3925.0,0
2023-09-25,2023-09-25 15:00:00,785.0,785.0,785.0,785.0,0.0,5.0,3925.0,0
2023-09-26,2023-09-26 11:00:00,770.0,770.05,770.0,770.02,0.0,14.0,10780.9,1
2023-09-26,2023-09-26 12:00:00,770.02,770.05,770.02,770.05,0.0,14.0,10780.9,1
2023-09-26,2023-09-26 13:00:00,770.05,770.08,770.05,770.08,0.0,14.0,10780.9,1
2023-09-26,2023-09-26 14:00:00,770.08,770.1,770.08,770.1,0.0,14.0,10780.9,1
2023-09-26,2023-09-26 15:00:00,770.1,770.1,770.0,770.1,0.0,14.0,10780.9,0
2023-09-27,2023-09-27 11:00:00,770.3,770.3,770.3,770.3,0.0,2.0,1540.6,0
2023-09-27,2023-09-27 12:00:00,770.3,770.3,770.3,770.3,0.0,2.0,1540.6,0
2023-09-27,2023-09-27 13:00:00,770.3,770.3,770.3,770.3,0.0,2.0,1540.6,0
2023-09-27,2023-09-27 14:00:00,770.3,770.3,770.3,770.3,0.0,2.0,1540.6,0
2023-09-27,2023-09-27 15:00:00,770.3,770.3,770.3,770.3,0.0,2.0,1540.6,0
2023-10-02,2023-10-02 11:00:00,780.0,780.0,780.0,780.0,0.0,4.0,3120.0,0
2023-10-02,2023-10-02 12:00:00,780.0,780.0,780.0,780.0,0.0,4.0,3120.0,0
2023-10-02,2023-10-02 13:00:00,780.0,780.0,780.0,780.0,0.0,4.0,3120.0,0
2023-10-02,2023-10-02 14:00:00,780.0,780.0,780.0,780.0,0.0,4.0,3120.0,0
2023-10-02,2023-10-02 15:00:00,780.0,780.0,780.0,780.0,0.0,4.0,3120.0,0
2023-10-04,2023-10-04 11:00:00,795.6,799.8,795.6,797.7,0.26,5.4,4324.8,1
2023-10-04,2023-10-04 12:00:00,797.7,799.8,797.7,799.8,0.26,5.4,4324.8,1
2023-10-04,2023-10-04 13:00:00,799.8,801.9,799.8,801.9,0.26,5.4,4324.8,1
2023-10-04,2023-10-04 14:00:00,801.9,804.0,801.9,804.0,0.26,5.4,4324.8,1
2023-10-04,2023-10-04 15:00:00,804.0,804.0,795.6,804.0,0.0,5.4,4324.8,0
2023-10-08,2023-10-08 11:00:00,788.0,788.0,788.0,788.0,0.0,10.0,7880.0,0
2023-10-08,2023-10-08 12:00:00,788.0,788.0,788.0,788.0,0.0,10.0,7880.0,0
2023-10-08,2023-10-08 13:00:00,788.0,788.0,788.0,788.0,0.0,10.0,7880.0,0
2023-10-08,2023-10-08 14:00:00,788.0,788.0,788.0,788.0,0.0,10.0,7880.0,0
2023-10-08,2023-10-08 15:00:00,788.0,788.0,788.0,788.0,0.0,10.0,7880.0,0
2023-10-10,2023-10-10 11:00:00,786.0,789.5,786.0,787.75,0.22,84.0,66234.0,1
2023-10-10,2023-10-10 12:00:00,787.75,789.5,787.75,789.5,0.22,84.0,66234.0,1
2023-10-10,2023-10-10 13:00:00,789.5,791.25,789.5,791.25,0.22,84.0,66234.0,1
2023-10-10,2023-10-10 14:00:00,791.25,793.0,791.25,793.0,0.22,84.0,66234.0,1
2023-10-10,2023-10-10 15:00:00,793.0,793.0,786.0,793.0,0.0,84.0,66234.0,0
2023-10-16,2023-10-16 11:00:00,808.8,808.8,800.9,804.85,-0.49,14.0,11244.2,-1
2023-10-16,2023-10-16 12:00:00,804.85,804.85,800.9,800.9,-0.49,14.0,11244.2,-1
2023-10-16,2023-10-16 13:00:00,800.9,800.9,796.95,796.95,-0.49,14.0,11244.2,-1
2023-10-16,2023-10-16 14:00:00,796.95,796.95,793.0,793.0,-0.5,14.0,11244.2,-1
2023-10-16,2023-10-16 15:00:00,793.0,808.8,793.0,793.0,0.0,14.0,11244.2,0
2023-10-17,2023-10-17 11:00:00,800.0,800.0,800.0,800.0,0.0,20.0,16000.0,0
2023-10-17,2023-10-17 12:00:00,800.0,800.0,800.0,800.0,0.0,20.0,16000.0,0
2023-10-17,2023-10-17 13:00:00,800.0,800.0,800.0,800.0,0.0,20.0,16000.0,0
2023-10-17,2023-10-17 14:00:00,800.0,800.0,800.0,800.0,0.0,20.0,16000.0,0
2023-10-17,2023-10-17 15:00:00,800.0,800.0,800.0,800.0,0.0,20.0,16000.0,0
2023-10-18,2023-10-18 11:00:00,785.0,785.0,785.0,785.0,0.0,6.0,4710.0,0
2023-10-18,2023-10-18 12:00:00,785.0,785.0,785.0,785.0,0.0,6.0,4710.0,0
2023-10-18,2023-10-18 13:00:00,785.0,785.0,785.0,785.0,0.0,6.0,4710.0,0
2023-10-18,2023-10-18 14:00:00,785.0,785.0,785.0,785.0,0.0,6.0,4710.0,0
2023-10-18,2023-10-18 15:00:00,785.0,785.0,785.0,785.0,0.0,6.0,4710.0,0
2023-10-19,2023-10-19 11:00:00,799.0,799.5,799.0,799.25,0.03,10.0,7995.0,1
2023-10-19,2023-10-19 12:00:00,799.25,799.5,799.25,799.5,0.03,10.0,7995.0,1
2023-10-19,2023-10-19 13:00:00,799.5,799.75,799.5,799.75,0.03,10.0,7995.0,1
2023-10-19,2023-10-19 14:00:00,799.75,800.0,799.75,800.0,0.03,10.0,7995.0,1
2023-10-19,2023-10-19 15:00:00,800.0,800.0,799.0,800.0,0.0,10.0,7995.0,0
2023-10-30,2023-10-30 11:00:00,795.0,795.0,793.0,794.0,-0.13,10.0,7930.0,-1
2023-10-30,2023-10-30 12:00:00,794.0,794.0,793.0,793.0,-0.13,10.0,7930.0,-1
2023-10-30,2023-10-30 13:00:00,793.0,793.0,792.0,792.0,-0.13,10.0,7930.0,-1
2023-10-30,2023-10-30 14:00:00,792.0,792.0,791.0,791.0,-0.13,10.0,7930.0,-1
2023-10-30,2023-10-30 15:00:00,791.0,795.0,791.0,791.0,0.0,10.0,7930.0,0
2023-11-05,2023-11-05 11:00:00,790.0,795.0,790.0,792.5,0.32,9.0,7150.0,1
2023-11-05,2023-11-05 12:00:00,792.5,795.0,792.5,795.0,0.32,9.0,7150.0,1
2023-11-05,2023-11-05 13:00:00,795.0,797.5,795.0,797.5,0.31,9.0,7150.0,1
2023-11-05,2023-11-05 14:00:00,797.5,800.0,797.5,800.0,0.31,9.0,7150.0,1
2023-11-05,2023-11-05 15:00:00,800.0,800.0,790.0,800.0,0.0,9.0,7150.0,0
2023-11-09,2023-11-09 11:00:00,800.0,800.0,795.0,797.5,-0.31,15.0,11950.0,-1
2023-11-09,2023-11-09 12:00:00,797.5,797.5,795.0,795.0,-0.31,15.0,11950.0,-1
2023-11-09,2023-11-09 13:00:00,795.0,795.0,792.5,792.5,-0.31,15.0,11950.0,-1
2023-11-09,2023-11-09 14:00:00,792.5,792.5,790.0,790.0,-0.32,15.0,11950.0,-1
2023-11-09,2023-11-09 15:00:00,790.0,800.0,790.0,790.0,0.0,15.0,11950.0,0
2023-11-21,2023-11-21 11:00:00,805.8,805.8,805.8,805.8,0.0,5.0,4029.0,0
2023-11-21,2023-11-21 12:00:00,805.8,805.8,805.8,805.8,0.0,5.0,4029.0,0
2023-11-21,2023-11-21 13:00:00,805.8,805.8,805.8,805.8,0.0,5.0,4029.0,0
2023-11-21,2023-11-21 14:00:00,805.8,805.8,805.8,805.8,0.0,5.0,4029.0,0
2023-11-21,2023-11-21 15:00:00,805.8,805.8,805.8,805.8,0.0,5.0,4029.0,0
2023-11-22,2023-11-22 11:00:00,806.0,806.0,806.0,806.0,0.0,11.0,8866.0,0
2023-11-22,2023-11-22 12:00:00,806.0,806.0,806.0,806.0,0.0,11.0,8866.0,0
2023-11-22,2023-11-22 13:00:00,806.0,806.0,806.0,806.0,0.0,11.0,8866.0,0
2023-11-22,2023-11-22 14:00:00,806.0,806.0,806.0,806.0,0.0,11.0,8866.0,0
2023-11-22,2023-11-22 15:00:00,806.0,806.0,806.0,806.0,0.0,11.0,8866.0,0
2023-11-27,2023-11-27 11:00:00,806.0,814.05,806.0,810.02,0.5,17.0,13734.2,1
2023-11-27,2023-11-27 12:00:00,810.02,814.05,810.02,814.05,0.5,17.0,13734.2,1
2023-11-27,2023-11-27 13:00:00,814.05,818.08,814.05,818.08,0.5,17.0,13734.2,1
2023-11-27,2023-11-27 14:00:00,818.08,822.1,818.08,822.1,0.49,17.0,13734.2,1
2023-11-27,2023-11-27 15:00:00,822.1,822.1,806.0,822.1,0.0,17.0,13734.2,0
2023-12-03,2023-12-03 11:00:00,837.0,837.0,837.0,837.0,0.0,5.0,4185.0,0
2023-12-03,2023-12-03 12:00:00,837.0,837.0,837.0,837.0,0.0,5.0,4185.0,0
2023-12-03,2023-12-03 13:00:00,837.0,837.0,837.0,837.0,0.0,5.0,4185.0,0
2023-12-03,2023-12-03 14:00:00,837.0,837.0,837.0,837.0,0.0,5.0,4185.0,0
2023-12-03,2023-12-03 15:00:00,837.0,837.0,837.0,837.0,0.0,5.0,4185.0,0
2023-12-04,2023-12-04 11:00:00,821.0,821.0,818.0,820.0,-0.12,30.0,24578.0,-1
2023-12-04,2023-12-04 12:00:00,820.0,820.0,819.0,819.0,-0.12,30.0,24578.0,-1
2023-12-04,2023-12-04 13:00:00,819.0,819.0,818.0,818.0,-0.12,30.0,24578.0,-1
2023-12-04,2023-12-04 14:00:00,818.0,818.0,817.0,817.0,-0.12,30.0,24578.0,-1
2023-12-04,2023-12-04 15:00:00,817.0,821.0,815.0,817.0,0.0,30.0,24578.0,0
2023-12-05,2023-12-05 11:00:00,831.0,831.5,831.0,831.25,0.03,20.0,16635.0,1
2023-12-05,2023-12-05 12:00:00,831.25,831.5,831.25,831.5,0.03,20.0,16635.0,1
2023-12-05,2023-12-05 13:00:00,831.5,831.75,831.5,831.75,0.03,20.0,16635.0,1
2023-12-05,2023-12-05 14:00:00,831.75,832.0,831.75,832.0,0.03,20.0,16635.0,1
2023-12-05,2023-12-05 15:00:00,832.0,832.0,831.0,832.0,0.0,20.0,16635.0,0
2023-12-06,2023-12-06 11:00:00,816.0,824.15,816.0,820.08,0.5,10.0,8241.5,1
2023-12-06,2023-12-06 12:00:00,820.08,824.15,820.08,824.15,0.5,10.0,8241.5,1
2023-12-06,2023-12-06 13:00:00,824.15,828.22,824.15,828.22,0.49,10.0,8241.5,1
2023-12-06,2023-12-06 14:00:00,828.22,832.3,828.22,832.3,0.49,10.0,8241.5,1
2023-12-06,2023-12-06 15:00:00,832.3,832.3,816.0,832.3,0.0,10.0,8241.5,0
2023-12-07,2023-12-07 11:00:00,816.0,816.0,816.0,816.0,0.0,5.0,4080.0,0
2023-12-07,2023-12-07 12:00:00,816.0,816.0,816.0,816.0,0.0,5.0,4080.0,0
2023-12-07,2023-12-07 13:00:00,816.0,816.0,816.0,816.0,0.0,5.0,4080.0,0
2023-12-07,2023-12-07 14:00:00,816.0,816.0,816.0,816.0,0.0,5.0,4080.0,0
2023-12-07,2023-12-07 15:00:00,816.0,816.0,816.0,816.0,0.0,5.0,4080.0,0
2023-12-11,2023-12-11 11:00:00,832.3,836.9,828.65,834.6,0.28,85.0,71304.0,1
2023-12-11,2023-12-11 12:00:00,834.6,836.9,834.6,836.9,0.28,85.0,71304.0,1
2023-12-11,2023-12-11 13:00:00,836.9,839.2,836.9,839.2,0.27,85.0,71304.0,1
2023-12-11,2023-12-11 14:00:00,839.2,841.5,839.2,841.5,0.27,85.0,71304.0,1
2023-12-11,2023-12-11 15:00:00,841.5,841.5,825.0,841.5,0.0,85.0,71304.0,0
2023-12-12,2023-12-12 11:00:00,840.0,840.5,840.0,840.25,0.03,10.0,8405.0,1
2023-12-12,2023-12-12 12:00:00,840.25,840.5,840.25,840.5,0.03,10.0,8405.0,1
2023-12-12,2023-12-12 13:00:00,840.5,840.75,840.5,840.75,0.03,10.0,8405.0,1
2023-12-12,2023-12-12 14:00:00,840.75,841.0,840.75,841.0,0.03,10.0,8405.0,1
2023-12-12,2023-12-12 15:00:00,841.0,841.0,840.0,841.0,0.0,10.0,8405.0,0
2023-12-14,2023-12-14 11:00:00,856.0,856.0,856.0,856.0,0.0,10.0,8560.0,0
2023-12-14,2023-12-14 12:00:00,856.0,856.0,856.0,856.0,0.0,10.0,8560.0,0
2023-12-14,2023-12-14 13:00:00,856.0,856.0,856.0,856.0,0.0,10.0,8560.0,0
2023-12-14,2023-12-14 14:00:00,856.0,856.0,856.0,856.0,0.0,10.0,8560.0,0
2023-12-14,2023-12-14 15:00:00,856.0,856.0,856.0,856.0,0.0,10.0,8560.0,0
2023-12-17,2023-12-17 11:00:00,841.0,845.5,841.0,843.25,0.27,10.0,8455.0,1
2023-12-17,2023-12-17 12:00:00,843.25,845.5,843.25,845.5,0.27,10.0,8455.0,1
2023-12-17,2023-12-17 13:00:00,845.5,847.75,845.5,847.75,0.27,10.0,8455.0,1
2023-12-17,2023-12-17 14:00:00,847.75,850.0,847.75,850.0,0.27,10.0,8455.0,1
2023-12-17,2023-12-17 15:00:00,850.0,850.0,841.0,850.0,0.0,10.0,8455.0,0
2023-12-18,2023-12-18 11:00:00,850.0,850.0,850.0,850.0,0.0,5.0,4250.0,0
2023-12-18,2023-12-18 12:00:00,850.0,850.0,850.0,850.0,0.0,5.0,4250.0,0
2023-12-18,2023-12-18 13:00:00,850.0,850.0,850.0,850.0,0.0,5.0,4250.0,0
2023-12-18,2023-12-18 14:00:00,850.0,850.0,850.0,850.0,0.0,5.0,4250.0,0
2023-12-18,2023-12-18 15:00:00,850.0,850.0,850.0,850.0,0.0,5.0,4250.0,0
2023-12-19,2023-12-19 11:00:00,850.0,870.0,850.0,850.0,0.0,993.6,881828.0,0
2023-12-19,2023-12-19 12:00:00,850.0,850.0,850.0,850.0,0.0,993.6,881828.0,0
2023-12-19,2023-12-19 13:00:00,850.0,850.0,850.0,850.0,0.0,993.6,881828.0,0
2023-12-19,2023-12-19 14:00:00,850.0,850.0,850.0,850.0,0.0,993.6,881828.0,0
2023-12-19,2023-12-19 15:00:00,850.0,890.0,850.0,850.0,0.0,993.6,881828.0,0
2023-12-20,2023-12-20 11:00:00,860.0,860.0,860.0,860.0,0.0,15.0,12900.0,0
2023-12-20,2023-12-20 12:00:00,860.0,860.0,860.0,860.0,0.0,15.0,12900.0,0
2023-12-20,2023-12-20 13:00:00,860.0,860.0,860.0,860.0,0.0,15.0,12900.0,0
2023-12-20,2023-12-20 14:00:00,860.0,860.0,860.0,860.0,0.0,15.0,12900.0,0
2023-12-20,2023-12-20 15:00:00,860.0,860.0,860.0,860.0,0.0,15.0,12900.0,0
2023-12-24,2023-12-24 11:00:00,854.0,858.5,854.0,856.25,0.26,80.8,69475.4,1
2023-12-24,2023-12-24 12:00:00,856.25,858.5,856.25,858.5,0.26,80.8,69475.4,1
2023-12-24,2023-12-24 13:00:00,858.5,860.75,858.5,860.75,0.26,80.8,69475.4,1
2023-12-24,2023-12-24 14:00:00,860.75,863.0,860.75,863.0,0.26,80.8,69475.4,1
2023-12-24,2023-12-24 15:00:00,863.0,863.0,854.0,863.0,0.0,80.8,69475.4,0
2023-12-27,2023-12-27 11:00:00,865.0,865.0,858.05,861.52,-0.4,10.0,8580.5,-1
2023-12-27,2023-12-27 12:00:00,861.52,861.52,858.05,858.05,-0.4,10.0,8580.5,-1
2023-12-27,2023-12-27 13:00:00,858.05,858.05,854.58,854.58,-0.4,10.0,8580.5,-1
2023-12-27,2023-12-27 14:00:00,854.58,854.58,851.1,851.1,-0.41,10.0,8580.5,-1
2023-12-27,2023-12-27 15:00:00,851.1,865.0,851.1,851.1,0.0,10.0,8580.5,0
2023-12-28,2023-12-28 11:00:00,851.1,851.1,850.55,850.83,-0.03,30.0,25505.5,-1
2023-12-28,2023-12-28 12:00:00,850.83,850.83,850.55,850.55,-0.03,30.0,25505.5,-1
2023-12-28,2023-12-28 13:00:00,850.55,850.55,850.27,850.27,-0.03,30.0,25505.5,-1
2023-12-28,2023-12-28 14:00:00,850.27,850.27,850.0,850.0,-0.03,30.0,25505.5,-1
2023-12-28,2023-12-28 15:00:00,850.0,851.1,850.0,850.0,0.0,30.0,25505.5,0
2024-01-01,2024-01-01 11:00:00,850.0,850.0,845.1,847.55,-0.29,35.0,29459.5,-1
2024-01-01,2024-01-01 12:00:00,847.55,847.55,845.1,845.1,-0.29,35.0,29459.5,-1
2024-01-01,2024-01-01 13:00:00,845.1,845.1,842.65,842.65,-0.29,35.0,29459.5,-1
2024-01-01,2024-01-01 14:00:00,842.65,842.65,840.2,840.2,-0.29,35.0,29459.5,-1
2024-01-01,2024-01-01 15:00:00,840.2,850.0,840.2,840.2,0.0,35.0,29459.5,0
2024-01-02,2024-01-02 11:00:00,850.0,855.0,850.0,850.0,0.0,30.0,25600.0,0
2024-01-02,2024-01-02 12:00:00,850.0,850.0,850.0,850.0,0.0,30.0,25600.0,0
2024-01-02,2024-01-02 13:00:00,850.0,850.0,850.0,850.0,0.0,30.0,25600.0,0
2024-01-02,2024-01-02 14:00:00,850.0,850.0,850.0,850.0,0.0,30.0,25600.0,0
2024-01-02,2024-01-02 15:00:00,850.0,860.0,850.0,850.0,0.0,30.0,25600.0,0
2024-01-03,2024-01-03 11:00:00,843.0,843.0,843.0,843.0,0.0,5.0,4215.0,0
2024-01-03,2024-01-03 12:00:00,843.0,843.0,843.0,843.0,0.0,5.0,4215.0,0
2024-01-03,2024-01-03 13:00:00,843.0,843.0,843.0,843.0,0.0,5.0,4215.0,0
2024-01-03,2024-01-03 14:00:00,843.0,843.0,843.0,843.0,0.0,5.0,4215.0,0
2024-01-03,2024-01-03 15:00:00,843.0,843.0,843.0,843.0,0.0,5.0,4215.0,0
2024-01-04,2024-01-04 11:00:00,849.8,849.9,849.8,849.85,0.01,17.0,14432.2,1
2024-01-04,2024-01-04 12:00:00,849.85,849.9,849.85,849.9,0.01,17.0,14432.2,1
2024-01-04,2024-01-04 13:00:00,849.9,849.95,849.9,849.95,0.01,17.0,14432.2,1
2024-01-04,2024-01-04 14:00:00,849.95,850.0,849.95,850.0,0.01,17.0,14432.2,1
2024-01-04,2024-01-04 15:00:00,850.0,850.0,849.8,850.0,0.0,17.0,14432.2,0
2024-01-07,2024-01-07 11:00:00,867.0,867.0,858.5,862.75,-0.49,30.0,25585.0,-1
2024-01-07,2024-01-07 12:00:00,862.75,862.75,858.5,858.5,-0.49,30.0,25585.0,-1
2024-01-07,2024-01-07 13:00:00,858.5,858.5,854.25,854.25,-0.5,30.0,25585.0,-1
2024-01-07,2024-01-07 14:00:00,854.25,854.25,850.0,850.0,-0.5,30.0,25585.0,-1
2024-01-07,2024-01-07 15:00:00,850.0,867.0,850.0,850.0,0.0,30.0,25585.0,0
2024-01-08,2024-01-08 11:00:00,850.0,850.0,850.0,850.0,0.0,5.0,4250.0,0
2024-01-08,2024-01-08 12:00:00,850.0,850.0,850.0,850.0,0.0,5.0,4250.0,0
2024-01-08,2024-01-08 13:00:00,850.0,850.0,850.0,850.0,0.0,5.0,4250.0,0
2024-01-08,2024-01-08 14:00:00,850.0,850.0,850.0,850.0,0.0,5.0,4250.0,0
2024-01-08,2024-01-08 15:00:00,850.0,850.0,850.0,850.0,0.0,5.0,4250.0,0
2024-01-09,2024-01-09 11:00:00,851.1,855.55,850.6,853.33,0.26,30.0,25572.1,1
2024-01-09,2024-01-09 12:00:00,853.33,855.55,853.33,855.55,0.26,30.0,25572.1,1
2024-01-09,2024-01-09 13:00:00,855.55,857.77,855.55,857.77,0.26,30.0,25572.1,1
2024-01-09,2024-01-09 14:00:00,857.77,860.0,857.77,860.0,0.26,30.0,25572.1,1
2024-01-09,2024-01-09 15:00:00,860.0,860.0,850.1,860.0,0.0,30.0,25572.1,0
2024-01-10,2024-01-10 11:00:00,847.2,851.1,847.2,849.15,0.23,10.0,8511.0,1
2024-01-10,2024-01-10 12:00:00,849.15,851.1,849.15,851.1,0.23,10.0,8511.0,1
2024-01-10,2024-01-10 13:00:00,851.1,853.05,851.1,853.05,0.23,10.0,8511.0,1
2024-01-10,2024-01-10 14:00:00,853.05,855.0,853.05,855.0,0.23,10.0,8511.0,1
2024-01-10,2024-01-10 15:00:00,855.0,855.0,847.2,855.0,0.0,10.0,8511.0,0
2024-01-11,2024-01-11 11:00:00,872.0,872.05,872.0,872.02,0.0,11.0,9592.7,1
2024-01-11,2024-01-11 12:00:00,872.02,872.05,872.02,872.05,0.0,11.0,9592.7,1
2024-01-11,2024-01-11 13:00:00,872.05,872.08,872.05,872.08,0.0,11.0,9592.7,1
2024-01-11,2024-01-11 14:00:00,872.08,872.1,872.08,872.1,0.0,11.0,9592.7,1
2024-01-11,2024-01-11 15:00:00,872.1,872.1,872.0,872.1,0.0,11.0,9592.7,0
2024-01-14,2024-01-14 11:00:00,854.7,862.85,854.7,858.78,0.48,16.0,13740.4,1
2024-01-14,2024-01-14 12:00:00,858.78,862.85,858.78,862.85,0.47,16.0,13740.4,1
2024-01-14,2024-01-14 13:00:00,862.85,866.92,862.85,866.92,0.47,16.0,13740.4,1
2024-01-14,2024-01-14 14:00:00,866.92,871.0,866.92,871.0,0.47,16.0,13740.4,1
2024-01-14,2024-01-14 15:00:00,871.0,871.0,854.7,871.0,0.0,16.0,13740.4,0
2024-01-16,2024-01-16 11:00:00,853.6,853.6,853.6,853.6,0.0,15.0,12804.0,0
2024-01-16,2024-01-16 12:00:00,853.6,853.6,853.6,853.6,0.0,15.0,12804.0,0
2024-01-16,2024-01-16 13:00:00,853.6,853.6,853.6,853.6,0.0,15.0,12804.0,0
2024-01-16,2024-01-16 14:00:00,853.6,853.6,853.6,853.6,0.0,15.0,12804.0,0
2024-01-16,2024-01-16 15:00:00,853.6,853.6,853.6,853.6,0.0,15.0,12804.0,0
2024-01-17,2024-01-17 11:00:00,836.6,836.6,833.3,835.2,-0.17,25.0,20793.0,-1
2024-01-17,2024-01-17 12:00:00,835.2,835.2,833.8,833.8,-0.17,25.0,20793.0,-1
2024-01-17,2024-01-17 13:00:00,833.8,833.8,832.4,832.4,-0.17,25.0,20793.0,-1
2024-01-17,2024-01-17 14:00:00,832.4,832.4,831.0,831.0,-0.17,25.0,20793.0,-1
2024-01-17,2024-01-17 15:00:00,831.0,836.6,830.0,831.0,0.0,25.0,20793.0,0
2024-01-18,2024-01-18 11:00:00,834.0,834.0,822.5,828.25,-0.69,81.4,67730.8,-1
2024-01-18,2024-01-18 12:00:00,828.25,828.25,822.5,822.5,-0.69,81.4,67730.8,-1
2024-01-18,2024-01-18 13:00:00,822.5,822.5,816.75,816.75,-0.7,81.4,67730.8,-1
2024-01-18,2024-01-18 14:00:00,816.75,816.75,811.0,811.0,-0.7,81.4,67730.8,-1
2024-01-18,2024-01-18 15:00:00,811.0,834.0,811.0,811.0,0.0,81.4,67730.8,0
2024-01-21,2024-01-21 11:00:00,811.0,817.0,811.0,814.0,0.37,20.0,16315.0,1
2024-01-21,2024-01-21 12:00:00,814.0,817.0,814.0,817.0,0.37,20.0,16315.0,1
2024-01-21,2024-01-21 13:00:00,817.0,820.0,817.0,820.0,0.37,20.0,16315.0,1
2024-01-21,2024-01-21 14:00:00,820.0,823.0,820.0,823.0,0.37,20.0,16315.0,1
2024-01-21,2024-01-21 15:00:00,823.0,823.0,811.0,823.0,0.0,20.0,16315.0,0
2024-01-22,2024-01-22 11:00:00,835.0,835.0,835.0,835.0,0.0,5.0,4175.0,0
2024-01-22,2024-01-22 12:00:00,835.0,835.0,835.0,835.0,0.0,5.0,4175.0,0
2024-01-22,2024-01-22 13:00:00,835.0,835.0,835.0,835.0,0.0,5.0,4175.0,0
2024-01-22,2024-01-22 14:00:00,835.0,835.0,835.0,835.0,0.0,5.0,4175.0,0
2024-01-22,2024-01-22 15:00:00,835.0,835.0,835.0,835.0,0.0,5.0,4175.0,0
2024-01-23,2024-01-23 11:00:00,818.3,820.3,812.25,819.3,0.12,20.0,16349.3,1
2024-01-23,2024-01-23 12:00:00,819.3,820.3,819.3,820.3,0.12,20.0,16349.3,1
2024-01-23,2024-01-23 13:00:00,820.3,821.3,820.3,821.3,0.12,20.0,16349.3,1
2024-01-23,2024-01-23 14:00:00,821.3,822.3,821.3,822.3,0.12,20.0,16349.3,1
2024-01-23,2024-01-23 15:00:00,822.3,822.3,806.2,822.3,0.0,20.0,16349.3,0
2024-01-24,2024-01-24 11:00:00,822.0,822.0,822.0,822.0,0.0,10.0,8220.0,0
2024-01-24,2024-01-24 12:00:00,822.0,822.0,822.0,822.0,0.0,10.0,8220.0,0
2024-01-24,2024-01-24 13:00:00,822.0,822.0,822.0,822.0,0.0,10.0,8220.0,0
2024-01-24,2024-01-24 14:00:00,822.0,822.0,822.0,822.0,0.0,10.0,8220.0,0
2024-01-24,2024-01-24 15:00:00,822.0,822.0,822.0,822.0,0.0,10.0,8220.0,0
2024-01-25,2024-01-25 11:00:00,806.2,813.1,806.2,808.4,0.27,15.0,12206.0,1
2024-01-25,2024-01-25 12:00:00,808.4,810.6,808.4,810.6,0.27,15.0,12206.0,1
2024-01-25,2024-01-25 13:00:00,810.6,812.8,810.6,812.8,0.27,15.0,12206.0,1
2024-01-25,2024-01-25 14:00:00,812.8,815.0,812.8,815.0,0.27,15.0,12206.0,1
2024-01-25,2024-01-25 15:00:00,815.0,820.0,806.2,815.0,0.0,15.0,12206.0,0
2024-01-28,2024-01-28 11:00:00,831.3,831.3,831.15,831.22,-0.01,10.0,8311.5,-1
2024-01-28,2024-01-28 12:00:00,831.22,831.22,831.15,831.15,-0.01,10.0,8311.5,-1
2024-01-28,2024-01-28 13:00:00,831.15,831.15,831.08,831.08,-0.01,10.0,8311.5,-1
2024-01-28,2024-01-28 14:00:00,831.08,831.08,831.0,831.0,-0.01,10.0,8311.5,-1
2024-01-28,2024-01-28 15:00:00,831.0,831.3,831.0,831.0,0.0,10.0,8311.5,0
2024-01-29,2024-01-29 11:00:00,845.0,845.0,840.0,842.5,-0.3,45.0,37975.0,-1
2024-01-29,2024-01-29 12:00:00,842.5,842.5,840.0,840.0,-0.3,45.0,37975.0,-1
2024-01-29,2024-01-29 13:00:00,840.0,840.0,837.5,837.5,-0.3,45.0,37975.0,-1
2024-01-29,2024-01-29 14:00:00,837.5,837.5,835.0,835.0,-0.3,45.0,37975.0,-1
2024-01-29,2024-01-29 15:00:00,835.0,845.0,835.0,835.0,0.0,45.0,37975.0,0
2024-01-30,2024-01-30 11:00:00,835.0,835.05,835.0,835.02,0.0,8.0,6680.3,1
2024-01-30,2024-01-30 12:00:00,835.02,835.05,835.02,835.05,0.0,8.0,6680.3,1
2024-01-30,2024-01-30 13:00:00,835.05,835.08,835.05,835.08,0.0,8.0,6680.3,1
2024-01-30,2024-01-30 14:00:00,835.08,835.1,835.08,835.1,0.0,8.0,6680.3,1
2024-01-30,2024-01-30 15:00:00,835.1,835.1,835.0,835.1,0.0,8.0,6680.3,0
2024-01-31,2024-01-31 11:00:00,830.0,830.0,830.0,830.0,0.0,5.0,4150.0,0
2024-01-31,2024-01-31 12:00:00,830.0,830.0,830.0,830.0,0.0,5.0,4150.0,0
2024-01-31,2024-01-31 13:00:00,830.0,830.0,830.0,830.0,0.0,5.0,4150.0,0
2024-01-31,2024-01-31 14:00:00,830.0,830.0,830.0,830.0,0.0,5.0,4150.0,0
2024-01-31,2024-01-31 15:00:00,830.0,830.0,830.0,830.0,0.0,5.0,4150.0,0
2024-02-01,2024-02-01 11:00:00,813.5,813.5,813.5,813.5,0.0,5.0,4067.5,0
2024-02-01,2024-02-01 12:00:00,813.5,813.5,813.5,813.5,0.0,5.0,4067.5,0
2024-02-01,2024-02-01 13:00:00,813.5,813.5,813.5,813.5,0.0,5.0,4067.5,0
2024-02-01,2024-02-01 14:00:00,813.5,813.5,813.5,813.5,0.0,5.0,4067.5,0
2024-02-01,2024-02-01 15:00:00,813.5,813.5,813.5,813.5,0.0,5.0,4067.5,0
2024-02-04,2024-02-04 11:00:00,846.2,848.1,846.2,847.15,0.11,17.0,14431.5,1
2024-02-04,2024-02-04 12:00:00,847.15,848.1,847.15,848.1,0.11,17.0,14431.5,1
2024-02-04,2024-02-04 13:00:00,848.1,849.05,848.1,849.05,0.11,17.0,14431.5,1
2024-02-04,2024-02-04 14:00:00,849.05,850.0,849.05,850.0,0.11,17.0,14431.5,1
2024-02-04,2024-02-04 15:00:00,850.0,850.0,846.2,850.0,0.0,17.0,14431.5,0
2024-02-05,2024-02-05 11:00:00,867.0,875.65,859.5,871.33,0.5,46.0,39990.0,1
2024-02-05,2024-02-05 12:00:00,871.33,875.65,871.33,875.65,0.5,46.0,39990.0,1
2024-02-05,2024-02-05 13:00:00,875.65,879.97,875.65,879.97,0.49,46.0,39990.0,1
2024-02-05,2024-02-05 14:00:00,879.97,884.3,879.97,884.3,0.49,46.0,39990.0,1
2024-02-05,2024-02-05 15:00:00,884.3,884.3,852.0,884.3,0.0,46.0,39990.0,0
2024-02-06,2024-02-06 11:00:00,900.0,900.95,896.0,898.0,-0.22,71.0,63675.32,-1
2024-02-06,2024-02-06 12:00:00,898.0,898.0,896.0,896.0,-0.22,71.0,63675.32,-1
2024-02-06,2024-02-06 13:00:00,896.0,896.0,894.0,894.0,-0.22,71.0,63675.32,-1
2024-02-06,2024-02-06 14:00:00,894.0,894.0,892.0,892.0,-0.22,71.0,63675.32,-1
2024-02-06,2024-02-06 15:00:00,892.0,901.9,892.0,892.0,0.0,71.0,63675.32,0
2024-02-07,2024-02-07 11:00:00,880.0,889.5,880.0,884.75,0.54,112.0,100472.0,1
2024-02-07,2024-02-07 12:00:00,884.75,889.5,884.75,889.5,0.54,112.0,100472.0,1
2024-02-07,2024-02-07 13:00:00,889.5,894.25,889.5,894.25,0.53,112.0,100472.0,1
2024-02-07,2024-02-07 14:00:00,894.25,899.0,894.25,899.0,0.53,112.0,100472.0,1
2024-02-07,2024-02-07 15:00:00,899.0,899.0,880.0,899.0,0.0,112.0,100472.0,0
2024-02-08,2024-02-08 11:00:00,890.0,895.0,890.0,890.0,0.0,107.4,95912.0,0
2024-02-08,2024-02-08 12:00:00,890.0,890.0,890.0,890.0,0.0,107.4,95912.0,0
2024-02-08,2024-02-08 13:00:00,890.0,890.0,890.0,890.0,0.0,107.4,95912.0,0
2024-02-08,2024-02-08 14:00:00,890.0,890.0,890.0,890.0,0.0,107.4,95912.0,0
2024-02-08,2024-02-08 15:00:00,890.0,900.0,890.0,890.0,0.0,107.4,95912.0,0
2024-02-11,2024-02-11 11:00:00,890.0,890.0,890.0,890.0,0.0,15.0,13350.0,0
2024-02-11,2024-02-11 12:00:00,890.0,890.0,890.0,890.0,0.0,15.0,13350.0,0
2024-02-11,2024-02-11 13:00:00,890.0,890.0,890.0,890.0,0.0,15.0,13350.0,0
2024-02-11,2024-02-11 14:00:00,890.0,890.0,890.0,890.0,0.0,15.0,13350.0,0
2024-02-11,2024-02-11 15:00:00,890.0,890.0,890.0,890.0,0.0,15.0,13350.0,0
2024-02-12,2024-02-12 11:00:00,890.0,890.0,890.0,890.0,0.0,25.0,22250.0,0
2024-02-12,2024-02-12 12:00:00,890.0,890.0,890.0,890.0,0.0,25.0,22250.0,0
2024-02-12,2024-02-12 13:00:00,890.0,890.0,890.0,890.0,0.0,25.0,22250.0,0
2024-02-12,2024-02-12 14:00:00,890.0,890.0,890.0,890.0,0.0,25.0,22250.0,0
2024-02-12,2024-02-12 15:00:00,890.0,890.0,890.0,890.0,0.0,25.0,22250.0,0
2024-02-13,2024-02-13 11:00:00,890.0,890.0,890.0,890.0,0.0,20.0,17800.0,0
2024-02-13,2024-02-13 12:00:00,890.0,890.0,890.0,890.0,0.0,20.0,17800.0,0
2024-02-13,2024-02-13 13:00:00,890.0,890.0,890.0,890.0,0.0,20.0,17800.0,0
2024-02-13,2024-02-13 14:00:00,890.0,890.0,890.0,890.0,0.0,20.0,17800.0,0
2024-02-13,2024-02-13 15:00:00,890.0,890.0,890.0,890.0,0.0,20.0,17800.0,0
2024-02-14,2024-02-14 11:00:00,890.0,890.0,890.0,890.0,0.0,10.0,8900.0,0
2024-02-14,2024-02-14 12:00:00,890.0,890.0,890.0,890.0,0.0,10.0,8900.0,0
2024-02-14,2024-02-14 13:00:00,890.0,890.0,890.0,890.0,0.0,10.0,8900.0,0
2024-02-14,2024-02-14 14:00:00,890.0,890.0,890.0,890.0,0.0,10.0,8900.0,0
2024-02-14,2024-02-14 15:00:00,890.0,890.0,890.0,890.0,0.0,10.0,8900.0,0
2024-02-15,2024-02-15 11:00:00,880.0,888.5,880.0,884.25,0.48,66.0,59117.0,1
2024-02-15,2024-02-15 12:00:00,884.25,888.5,884.25,888.5,0.48,66.0,59117.0,1
2024-02-15,2024-02-15 13:00:00,888.5,892.75,888.5,892.75,0.48,66.0,59117.0,1
2024-02-15,2024-02-15 14:00:00,892.75,897.0,892.75,897.0,0.48,66.0,59117.0,1
2024-02-15,2024-02-15 15:00:00,897.0,897.0,880.0,897.0,0.0,66.0,59117.0,0
2024-02-20,2024-02-20 11:00:00,900.0,903.0,900.0,901.5,0.17,83.2,75342.56,1
2024-02-20,2024-02-20 12:00:00,901.5,903.0,901.5,903.0,0.17,83.2,75342.56,1
2024-02-20,2024-02-20 13:00:00,903.0,904.5,903.0,904.5,0.17,83.2,75342.56,1
2024-02-20,2024-02-20 14:00:00,904.5,906.0,904.5,906.0,0.17,83.2,75342.56,1
2024-02-20,2024-02-20 15:00:00,906.0,906.0,900.0,906.0,0.0,83.2,75342.56,0
2024-02-26,2024-02-26 11:00:00,906.0,906.0,906.0,906.0,0.0,15.0,13590.0,0
2024-02-26,2024-02-26 12:00:00,906.0,906.0,906.0,906.0,0.0,15.0,13590.0,0
2024-02-26,2024-02-26 13:00:00,906.0,906.0,906.0,906.0,0.0,15.0,13590.0,0
2024-02-26,2024-02-26 14:00:00,906.0,906.0,906.0,906.0,0.0,15.0,13590.0,0
2024-02-26,2024-02-26 15:00:00,906.0,906.0,906.0,906.0,0.0,15.0,13590.0,0
2024-02-27,2024-02-27 11:00:00,900.1,900.1,900.1,900.1,0.0,5.0,4500.5,0
2024-02-27,2024-02-27 12:00:00,900.1,900.1,900.1,900.1,0.0,5.0,4500.5,0
2024-02-27,2024-02-27 13:00:00,900.1,900.1,900.1,900.1,0.0,5.0,4500.5,0
2024-02-27,2024-02-27 14:00:00,900.1,900.1,900.1,900.1,0.0,5.0,4500.5,0
2024-02-27,2024-02-27 15:00:00,900.1,900.1,900.1,900.1,0.0,5.0,4500.5,0
2024-02-28,2024-02-28 11:00:00,901.0,903.0,901.0,902.0,0.11,10.0,9030.0,1
2024-02-28,2024-02-28 12:00:00,902.0,903.0,902.0,903.0,0.11,10.0,9030.0,1
2024-02-28,2024-02-28 13:00:00,903.0,904.0,903.0,904.0,0.11,10.0,9030.0,1
2024-02-28,2024-02-28 14:00:00,904.0,905.0,904.0,905.0,0.11,10.0,9030.0,1
2024-02-28,2024-02-28 15:00:00,905.0,905.0,901.0,905.0,0.0,10.0,9030.0,0
2024-02-29,2024-02-29 11:00:00,905.0,905.0,903.5,904.25,-0.08,10.0,9035.0,-1
2024-02-29,2024-02-29 12:00:00,904.25,904.25,903.5,903.5,-0.08,10.0,9035.0,-1
2024-02-29,2024-02-29 13:00:00,903.5,903.5,902.75,902.75,-0.08,10.0,9035.0,-1
2024-02-29,2024-02-29 14:00:00,902.75,902.75,902.0,902.0,-0.08,10.0,9035.0,-1
2024-02-29,2024-02-29 15:00:00,902.0,905.0,902.0,902.0,0.0,10.0,9035.0,0
2024-03-03,2024-03-03 11:00:00,902.0,902.0,902.0,902.0,0.0,5.0,4510.0,0
2024-03-03,2024-03-03 12:00:00,902.0,902.0,902.0,902.0,0.0,5.0,4510.0,0
2024-03-03,2024-03-03 13:00:00,902.0,902.0,902.0,902.0,0.0,5.0,4510.0,0
2024-03-03,2024-03-03 14:00:00,902.0,902.0,902.0,902.0,0.0,5.0,4510.0,0
2024-03-03,2024-03-03 15:00:00,902.0,902.0,902.0,902.0,0.0,5.0,4510.0,0
2024-03-05,2024-03-05 11:00:00,902.0,902.05,902.0,902.02,0.0,29.4,26520.3,1
2024-03-05,2024-03-05 12:00:00,902.02,902.05,902.02,902.05,0.0,29.4,26520.3,1
2024-03-05,2024-03-05 13:00:00,902.05,902.08,902.05,902.08,0.0,29.4,26520.3,1
2024-03-05,2024-03-05 14:00:00,902.08,902.1,902.08,902.1,0.0,29.4,26520.3,1
2024-03-05,2024-03-05 15:00:00,902.1,902.1,902.0,902.1,0.0,29.4,26520.3,0
2024-03-07,2024-03-07 11:00:00,902.1,911.1,902.1,906.6,0.5,20.0,18346.8,1
2024-03-07,2024-03-07 12:00:00,906.6,911.1,906.6,911.1,0.5,20.0,18346.8,1
2024-03-07,2024-03-07 13:00:00,911.1,915.6,911.1,915.6,0.49,20.0,18346.8,1
2024-03-07,2024-03-07 14:00:00,915.6,920.1,915.6,920.1,0.49,20.0,18346.8,1
2024-03-07,2024-03-07 15:00:00,920.1,920.1,902.1,920.1,0.0,20.0,18346.8,0
2024-03-10,2024-03-10 11:00:00,920.0,920.5,920.0,920.25,0.03,20.0,18415.0,1
2024-03-10,2024-03-10 12:00:00,920.25,920.5,920.25,920.5,0.03,20.0,18415.0,1
2024-03-10,2024-03-10 13:00:00,920.5,920.75,920.5,920.75,0.03,20.0,18415.0,1
2024-03-10,2024-03-10 14:00:00,920.75,921.0,920.75,921.0,0.03,20.0,18415.0,1
2024-03-10,2024-03-10 15:00:00,921.0,921.0,920.0,921.0,0.0,20.0,18415.0,0
2024-03-14,2024-03-14 11:00:00,904.2,912.1,904.2,908.15,0.44,10.0,9121.0,1
2024-03-14,2024-03-14 12:00:00,908.15,912.1,908.15,912.1,0.43,10.0,9121.0,1
2024-03-14,2024-03-14 13:00:00,912.1,916.05,912.1,916.05,0.43,10.0,9121.0,1
2024-03-14,2024-03-14 14:00:00,916.05,920.0,916.05,920.0,0.43,10.0,9121.0,1
2024-03-14,2024-03-14 15:00:00,920.0,920.0,904.2,920.0,0.0,10.0,9121.0,0
2024-03-18,2024-03-18 11:00:00,901.6,901.6,901.6,901.6,0.0,5.0,4508.0,0
2024-03-18,2024-03-18 12:00:00,901.6,901.6,901.6,901.6,0.0,5.0,4508.0,0
2024-03-18,2024-03-18 13:00:00,901.6,901.6,901.6,901.6,0.0,5.0,4508.0,0
2024-03-18,2024-03-18 14:00:00,901.6,901.6,901.6,901.6,0.0,5.0,4508.0,0
2024-03-18,2024-03-18 15:00:00,901.6,901.6,901.6,901.6,0.0,5.0,4508.0,0
2024-03-19,2024-03-19 11:00:00,900.0,900.05,900.0,900.02,0.0,12.0,10800.5,1
2024-03-19,2024-03-19 12:00:00,900.02,900.05,900.02,900.05,0.0,12.0,10800.5,1
2024-03-19,2024-03-19 13:00:00,900.05,900.08,900.05,900.08,0.0,12.0,10800.5,1
2024-03-19,2024-03-19 14:00:00,900.08,900.1,900.08,900.1,0.0,12.0,10800.5,1
2024-03-19,2024-03-19 15:00:00,900.1,900.1,900.0,900.1,0.0,12.0,10800.5,0
2024-03-21,2024-03-21 11:00:00,903.0,903.0,902.05,902.52,-0.05,15.0,13526.0,-1
2024-03-21,2024-03-21 12:00:00,902.52,902.52,902.05,902.05,-0.05,15.0,13526.0,-1
2024-03-21,2024-03-21 13:00:00,902.05,902.05,901.58,901.58,-0.05,15.0,13526.0,-1
2024-03-21,2024-03-21 14:00:00,901.58,901.58,901.1,901.1,-0.05,15.0,13526.0,-1
2024-03-21,2024-03-21 15:00:00,901.1,903.0,901.1,901.1,0.0,15.0,13526.0,0
2024-03-25,2024-03-25 11:00:00,901.1,901.1,901.1,901.1,0.0,16.0,14417.6,0
2024-03-25,2024-03-25 12:00:00,901.1,901.1,901.1,901.1,0.0,16.0,14417.6,0
2024-03-25,2024-03-25 13:00:00,901.1,901.1,901.1,901.1,0.0,16.0,14417.6,0
2024-03-25,2024-03-25 14:00:00,901.1,901.1,901.1,901.1,0.0,16.0,14417.6,0
2024-03-25,2024-03-25 15:00:00,901.1,901.1,901.1,901.1,0.0,16.0,14417.6,0
2024-03-28,2024-03-28 11:00:00,903.2,903.2,903.1,903.15,-0.01,15.0,13547.0,-1
2024-03-28,2024-03-28 12:00:00,903.15,903.15,903.1,903.1,-0.01,15.0,13547.0,-1
2024-03-28,2024-03-28 13:00:00,903.1,903.1,903.05,903.05,-0.01,15.0,13547.0,-1
2024-03-28,2024-03-28 14:00:00,903.05,903.05,903.0,903.0,-0.01,15.0,13547.0,-1
2024-03-28,2024-03-28 15:00:00,903.0,903.2,903.0,903.0,0.0,15.0,13547.0,0
2024-03-31,2024-03-31 11:00:00,921.0,921.0,921.0,921.0,0.0,5.0,4605.0,0
2024-03-31,2024-03-31 12:00:00,921.0,921.0,921.0,921.0,0.0,5.0,4605.0,0
2024-03-31,2024-03-31 13:00:00,921.0,921.0,921.0,921.0,0.0,5.0,4605.0,0
2024-03-31,2024-03-31 14:00:00,921.0,921.0,921.0,921.0,0.0,5.0,4605.0,0
2024-03-31,2024-03-31 15:00:00,921.0,921.0,921.0,921.0,0.0,5.0,4605.0,0
2024-04-01,2024-04-01 11:00:00,905.0,905.5,905.0,905.25,0.03,10.0,9055.0,1
2024-04-01,2024-04-01 12:00:00,905.25,905.5,905.25,905.5,0.03,10.0,9055.0,1
2024-04-01,2024-04-01 13:00:00,905.5,905.75,905.5,905.75,0.03,10.0,9055.0,1
2024-04-01,2024-04-01 14:00:00,905.75,906.0,905.75,906.0,0.03,10.0,9055.0,1
2024-04-01,2024-04-01 15:00:00,906.0,906.0,905.0,906.0,0.0,10.0,9055.0,0
2024-04-02,2024-04-02 11:00:00,924.1,932.55,924.1,928.33,0.46,11.0,10268.0,1
2024-04-02,2024-04-02 12:00:00,928.33,932.55,928.33,932.55,0.45,11.0,10268.0,1
2024-04-02,2024-04-02 13:00:00,932.55,936.77,932.55,936.77,0.45,11.0,10268.0,1
2024-04-02,2024-04-02 14:00:00,936.77,941.0,936.77,941.0,0.45,11.0,10268.0,1
2024-04-02,2024-04-02 15:00:00,941.0,941.0,924.1,941.0,0.0,11.0,10268.0,0
2024-04-03,2024-04-03 11:00:00,953.0,956.5,948.0,950.5,-0.26,15.0,14269.0,-1
2024-04-03,2024-04-03 12:00:00,950.5,950.5,948.0,948.0,-0.26,15.0,14269.0,-1
2024-04-03,2024-04-03 13:00:00,948.0,948.0,945.5,945.5,-0.26,15.0,14269.0,-1
2024-04-03,2024-04-03 14:00:00,945.5,945.5,943.0,943.0,-0.26,15.0,14269.0,-1
2024-04-03,2024-04-03 15:00:00,943.0,960.0,943.0,943.0,0.0,15.0,14269.0,0
2024-04-04,2024-04-04 11:00:00,955.0,958.4,955.0,956.7,0.18,55.0,52861.0,1
2024-04-04,2024-04-04 12:00:00,956.7,958.4,956.7,958.4,0.18,55.0,52861.0,1
2024-04-04,2024-04-04 13:00:00,958.4,960.1,958.4,960.1,0.18,55.0,52861.0,1
2024-04-04,2024-04-04 14:00:00,960.1,961.8,960.1,961.8,0.18,55.0,52861.0,1
2024-04-04,2024-04-04 15:00:00,961.8,961.8,955.0,961.8,0.0,55.0,52861.0,0
2024-04-09,2024-04-09 11:00:00,943.0,943.0,943.0,943.0,0.0,5.0,4715.0,0
2024-04-09,2024-04-09 12:00:00,943.0,943.0,943.0,943.0,0.0,5.0,4715.0,0
2024-04-09,2024-04-09 13:00:00,943.0,943.0,943.0,943.0,0.0,5.0,4715.0,0
2024-04-09,2024-04-09 14:00:00,943.0,943.0,943.0,943.0,0.0,5.0,4715.0,0
2024-04-09,2024-04-09 15:00:00,943.0,943.0,943.0,943.0,0.0,5.0,4715.0,0
2024-04-14,2024-04-14 11:00:00,961.8,980.9,961.8,971.35,0.99,66.0,65713.5,1
2024-04-14,2024-04-14 12:00:00,971.35,980.9,971.35,980.9,0.98,66.0,65713.5,1
2024-04-14,2024-04-14 13:00:00,980.9,990.45,980.9,990.45,0.97,66.0,65713.5,1
2024-04-14,2024-04-14 14:00:00,990.45,1000.0,990.45,1000.0,0.96,66.0,65713.5,1
2024-04-14,2024-04-14 15:00:00,1000.0,1000.0,961.8,1000.0,0.0,66.0,65713.5,0
2024-04-15,2024-04-15 11:00:00,998.9,999.45,989.95,994.42,-0.45,43.0,42788.5,-1
2024-04-15,2024-04-15 12:00:00,994.42,994.42,989.95,989.95,-0.45,43.0,42788.5,-1
2024-04-15,2024-04-15 13:00:00,989.95,989.95,985.48,985.48,-0.45,43.0,42788.5,-1
2024-04-15,2024-04-15 14:00:00,985.48,985.48,981.0,981.0,-0.45,43.0,42788.5,-1
2024-04-15,2024-04-15 15:00:00,981.0,1000.0,981.0,981.0,0.0,43.0,42788.5,0
2024-04-16,2024-04-16 11:00:00,981.0,987.5,978.0,984.25,0.33,35.0,34535.0,1
2024-04-16,2024-04-16 12:00:00,984.25,987.5,984.25,987.5,0.33,35.0,34535.0,1
2024-04-16,2024-04-16 13:00:00,987.5,990.75,987.5,990.75,0.33,35.0,34535.0,1
2024-04-16,2024-04-16 14:00:00,990.75,994.0,990.75,994.0,0.33,35.0,34535.0,1
2024-04-16,2024-04-16 15:00:00,994.0,994.0,975.0,994.0,0.0,35.0,34535.0,0
2024-04-18,2024-04-18 11:00:00,978.0,987.75,978.0,982.88,0.5,29.0,28653.4,1
2024-04-18,2024-04-18 12:00:00,982.88,987.75,982.88,987.75,0.5,29.0,28653.4,1
2024-04-18,2024-04-18 13:00:00,987.75,992.62,987.75,992.62,0.49,29.0,28653.4,1
2024-04-18,2024-04-18 14:00:00,992.62,997.5,992.62,997.5,0.49,29.0,28653.4,1
2024-04-18,2024-04-18 15:00:00,997.5,997.5,978.0,997.5,0.0,29.0,28653.4,0
2024-04-21,2024-04-21 11:00:00,982.0,990.0,982.0,986.0,0.41,91.0,90587.0,1
2024-04-21,2024-04-21 12:00:00,986.0,990.0,986.0,990.0,0.41,91.0,90587.0,1
2024-04-21,2024-04-21 13:00:00,990.0,994.0,990.0,994.0,0.4,91.0,90587.0,1
2024-04-21,2024-04-21 14:00:00,994.0,998.0,994.0,998.0,0.4,91.0,90587.0,1
2024-04-21,2024-04-21 15:00:00,998.0,998.0,982.0,998.0,0.0,91.0,90587.0,0
2024-04-22,2024-04-22 11:00:00,990.0,990.05,990.0,990.02,0.0,24.0,23761.9,1
2024-04-22,2024-04-22 12:00:00,990.02,990.05,990.02,990.05,0.0,24.0,23761.9,1
2024-04-22,2024-04-22 13:00:00,990.05,990.08,990.05,990.08,0.0,24.0,23761.9,1
2024-04-22,2024-04-22 14:00:00,990.08,990.1,990.08,990.1,0.0,24.0,23761.9,1
2024-04-22,2024-04-22 15:00:00,990.1,990.1,990.0,990.1,0.0,24.0,23761.9,0
2024-04-24,2024-04-24 11:00:00,990.0,993.0,989.0,991.5,0.15,110.0,109159.0,1
2024-04-24,2024-04-24 12:00:00,991.5,993.0,991.5,993.0,0.15,110.0,109159.0,1
2024-04-24,2024-04-24 13:00:00,993.0,994.5,993.0,994.5,0.15,110.0,109159.0,1
2024-04-24,2024-04-24 14:00:00,994.5,996.0,994.5,996.0,0.15,110.0,109159.0,1
2024-04-24,2024-04-24 15:00:00,996.0,996.0,988.0,996.0,0.0,110.0,109159.0,0
2024-04-25,2024-04-25 11:00:00,977.0,979.5,977.0,978.25,0.13,30.0,29420.0,1
2024-04-25,2024-04-25 12:00:00,978.25,979.5,978.25,979.5,0.13,30.0,29420.0,1
2024-04-25,2024-04-25 13:00:00,979.5,980.75,979.5,980.75,0.13,30.0,29420.0,1
2024-04-25,2024-04-25 14:00:00,980.75,982.0,980.75,982.0,0.13,30.0,29420.0,1
2024-04-25,2024-04-25 15:00:00,982.0,982.0,977.0,982.0,0.0,30.0,29420.0,0
2024-04-28,2024-04-28 11:00:00,999.1,999.55,994.55,996.83,-0.23,41.2,41003.5,-1
2024-04-28,2024-04-28 12:00:00,996.83,996.83,994.55,994.55,-0.23,41.2,41003.5,-1
2024-04-28,2024-04-28 13:00:00,994.55,994.55,992.27,992.27,-0.23,41.2,41003.5,-1
2024-04-28,2024-04-28 14:00:00,992.27,992.27,990.0,990.0,-0.23,41.2,41003.5,-1
2024-04-28,2024-04-28 15:00:00,990.0,1000.0,990.0,990.0,0.0,41.2,41003.5,0
2024-04-29,2024-04-29 11:00:00,985.1,992.55,985.1,986.33,0.12,169.0,168680.6,1
2024-04-29,2024-04-29 12:00:00,986.33,987.55,986.33,987.55,0.12,169.0,168680.6,1
2024-04-29,2024-04-29 13:00:00,987.55,988.77,987.55,988.77,0.12,169.0,168680.6,1
2024-04-29,2024-04-29 14:00:00,988.77,990.0,988.77,990.0,0.12,169.0,168680.6,1
2024-04-29,2024-04-29 15:00:00,990.0,1000.0,985.1,990.0,0.0,169.0,168680.6,0
2024-04-30,2024-04-30 11:00:00,982.2,982.2,982.15,982.18,-0.0,20.0,19643.0,-1
2024-04-30,2024-04-30 12:00:00,982.18,982.18,982.15,982.15,-0.0,20.0,19643.0,-1
2024-04-30,2024-04-30 13:00:00,982.15,982.15,982.12,982.12,-0.0,20.0,19643.0,-1
2024-04-30,2024-04-30 14:00:00,982.12,982.12,982.1,982.1,-0.0,20.0,19643.0,-1
2024-04-30,2024-04-30 15:00:00,982.1,982.2,982.1,982.1,0.0,20.0,19643.0,0
2024-05-02,2024-05-02 11:00:00,980.1,987.55,980.1,980.1,0.0,49.0,48396.9,0
2024-05-02,2024-05-02 12:00:00,980.1,980.1,980.1,980.1,0.0,49.0,48396.9,0
2024-05-02,2024-05-02 13:00:00,980.1,980.1,980.1,980.1,0.0,49.0,48396.9,0
2024-05-02,2024-05-02 14:00:00,980.1,980.1,980.1,980.1,0.0,49.0,48396.9,0
2024-05-02,2024-05-02 15:00:00,980.1,995.0,980.1,980.1,0.0,49.0,48396.9,0
2024-05-05,2024-05-05 11:00:00,981.0,981.0,981.0,981.0,0.0,16.0,15696.0,0
2024-05-05,2024-05-05 12:00:00,981.0,981.0,981.0,981.0,0.0,16.0,15696.0,0
2024-05-05,2024-05-05 13:00:00,981.0,981.0,981.0,981.0,0.0,16.0,15696.0,0
2024-05-05,2024-05-05 14:00:00,981.0,981.0,981.0,981.0,0.0,16.0,15696.0,0
2024-05-05,2024-05-05 15:00:00,981.0,981.0,981.0,981.0,0.0,16.0,15696.0,0
2024-05-06,2024-05-06 11:00:00,980.3,980.3,980.3,980.3,0.0,5.0,4901.5,0
2024-05-06,2024-05-06 12:00:00,980.3,980.3,980.3,980.3,0.0,5.0,4901.5,0
2024-05-06,2024-05-06 13:00:00,980.3,980.3,980.3,980.3,0.0,5.0,4901.5,0
2024-05-06,2024-05-06 14:00:00,980.3,980.3,980.3,980.3,0.0,5.0,4901.5,0
2024-05-06,2024-05-06 15:00:00,980.3,980.3,980.3,980.3,0.0,5.0,4901.5,0
2024-05-07,2024-05-07 11:00:00,975.1,975.1,975.1,975.1,0.0,5.0,4875.5,0
2024-05-07,2024-05-07 12:00:00,975.1,975.1,975.1,975.1,0.0,5.0,4875.5,0
2024-05-07,2024-05-07 13:00:00,975.1,975.1,975.1,975.1,0.0,5.0,4875.5,0
2024-05-07,2024-05-07 14:00:00,975.1,975.1,975.1,975.1,0.0,5.0,4875.5,0
2024-05-07,2024-05-07 15:00:00,975.1,975.1,975.1,975.1,0.0,5.0,4875.5,0
2024-05-08,2024-05-08 11:00:00,975.1,985.05,975.1,980.08,0.51,40.0,39344.5,1
2024-05-08,2024-05-08 12:00:00,980.08,985.05,980.08,985.05,0.51,40.0,39344.5,1
2024-05-08,2024-05-08 13:00:00,985.05,990.02,985.05,990.02,0.5,40.0,39344.5,1
2024-05-08,2024-05-08 14:00:00,990.02,995.0,990.02,995.0,0.5,40.0,39344.5,1
2024-05-08,2024-05-08 15:00:00,995.0,995.0,975.1,995.0,0.0,40.0,39344.5,0
2024-05-09,2024-05-09 11:00:00,983.2,983.2,983.2,983.2,0.0,5.8,5700.96,0
2024-05-09,2024-05-09 12:00:00,983.2,983.2,983.2,983.2,0.0,5.8,5700.96,0
2024-05-09,2024-05-09 13:00:00,983.2,983.2,983.2,983.2,0.0,5.8,5700.96,0
2024-05-09,2024-05-09 14:00:00,983.2,983.2,983.2,983.2,0.0,5.8,5700.96,0
2024-05-09,2024-05-09 15:00:00,983.2,983.2,983.2,983.2,0.0,5.8,5700.96,0
2024-05-12,2024-05-12 11:00:00,990.5,990.5,990.5,990.5,0.0,5.0,4952.5,0
2024-05-12,2024-05-12 12:00:00,990.5,990.5,990.5,990.5,0.0,5.0,4952.5,0
2024-05-12,2024-05-12 13:00:00,990.5,990.5,990.5,990.5,0.0,5.0,4952.5,0
2024-05-12,2024-05-12 14:00:00,990.5,990.5,990.5,990.5,0.0,5.0,4952.5,0
2024-05-12,2024-05-12 15:00:00,990.5,990.5,990.5,990.5,0.0,5.0,4952.5,0
2024-05-19,2024-05-19 11:00:00,970.7,985.2,970.7,977.95,0.75,25.0,24604.5,1
2024-05-19,2024-05-19 12:00:00,977.95,985.2,977.95,985.2,0.74,25.0,24604.5,1
2024-05-19,2024-05-19 13:00:00,985.2,992.45,985.2,992.45,0.74,25.0,24604.5,1
2024-05-19,2024-05-19 14:00:00,992.45,999.7,992.45,999.7,0.73,25.0,24604.5,1
2024-05-19,2024-05-19 15:00:00,999.7,999.7,970.7,999.7,0.0,25.0,24604.5,0
2024-05-21,2024-05-21 11:00:00,980.0,980.0,980.0,980.0,0.0,5.0,4900.0,0
2024-05-21,2024-05-21 12:00:00,980.0,980.0,980.0,980.0,0.0,5.0,4900.0,0
2024-05-21,2024-05-21 13:00:00,980.0,980.0,980.0,980.0,0.0,5.0,4900.0,0
2024-05-21,2024-05-21 14:00:00,980.0,980.0,980.0,980.0,0.0,5.0,4900.0,0
2024-05-21,2024-05-21 15:00:00,980.0,980.0,980.0,980.0,0.0,5.0,4900.0,0
2024-05-22,2024-05-22 11:00:00,981.0,981.0,981.0,981.0,0.0,5.0,4905.0,0
2024-05-22,2024-05-22 12:00:00,981.0,981.0,981.0,981.0,0.0,5.0,4905.0,0
2024-05-22,2024-05-22 13:00:00,981.0,981.0,981.0,981.0,0.0,5.0,4905.0,0
2024-05-22,2024-05-22 14:00:00,981.0,981.0,981.0,981.0,0.0,5.0,4905.0,0
2024-05-22,2024-05-22 15:00:00,981.0,981.0,981.0,981.0,0.0,5.0,4905.0,0
2024-05-26,2024-05-26 11:00:00,971.1,971.1,971.1,971.1,0.0,5.0,4855.5,0
2024-05-26,2024-05-26 12:00:00,971.1,971.1,971.1,971.1,0.0,5.0,4855.5,0
2024-05-26,2024-05-26 13:00:00,971.1,971.1,971.1,971.1,0.0,5.0,4855.5,0
2024-05-26,2024-05-26 14:00:00,971.1,971.1,971.1,971.1,0.0,5.0,4855.5,0
2024-05-26,2024-05-26 15:00:00,971.1,971.1,971.1,971.1,0.0,5.0,4855.5,0
2024-05-27,2024-05-27 11:00:00,977.0,977.0,977.0,977.0,0.0,5.0,4885.0,0
2024-05-27,2024-05-27 12:00:00,977.0,977.0,977.0,977.0,0.0,5.0,4885.0,0
2024-05-27,2024-05-27 13:00:00,977.0,977.0,977.0,977.0,0.0,5.0,4885.0,0
2024-05-27,2024-05-27 14:00:00,977.0,977.0,977.0,977.0,0.0,5.0,4885.0,0
2024-05-27,2024-05-27 15:00:00,977.0,977.0,977.0,977.0,0.0,5.0,4885.0,0
2024-06-02,2024-06-02 11:00:00,981.1,981.1,981.1,981.1,0.0,5.0,4905.5,0
2024-06-02,2024-06-02 12:00:00,981.1,981.1,981.1,981.1,0.0,5.0,4905.5,0
2024-06-02,2024-06-02 13:00:00,981.1,981.1,981.1,981.1,0.0,5.0,4905.5,0
2024-06-02,2024-06-02 14:00:00,981.1,981.1,981.1,981.1,0.0,5.0,4905.5,0
2024-06-02,2024-06-02 15:00:00,981.1,981.1,981.1,981.1,0.0,5.0,4905.5,0
2024-06-03,2024-06-03 11:00:00,981.3,981.3,981.3,981.3,0.0,5.0,4906.5,0
2024-06-03,2024-06-03 12:00:00,981.3,981.3,981.3,981.3,0.0,5.0,4906.5,0
2024-06-03,2024-06-03 13:00:00,981.3,981.3,981.3,981.3,0.0,5.0,4906.5,0
2024-06-03,2024-06-03 14:00:00,981.3,981.3,981.3,981.3,0.0,5.0,4906.5,0
2024-06-03,2024-06-03 15:00:00,981.3,981.3,981.3,981.3,0.0,5.0,4906.5,0
2024-06-06,2024-06-06 11:00:00,984.0,984.0,984.0,984.0,0.0,15.0,14760.0,0
2024-06-06,2024-06-06 12:00:00,984.0,984.0,984.0,984.0,0.0,15.0,14760.0,0
2024-06-06,2024-06-06 13:00:00,984.0,984.0,984.0,984.0,0.0,15.0,14760.0,0
2024-06-06,2024-06-06 14:00:00,984.0,984.0,984.0,984.0,0.0,15.0,14760.0,0
2024-06-06,2024-06-06 15:00:00,984.0,984.0,984.0,984.0,0.0,15.0,14760.0,0
2024-06-09,2024-06-09 11:00:00,980.0,980.05,980.0,980.02,0.0,25.0,24502.0,1
2024-06-09,2024-06-09 12:00:00,980.02,980.05,980.02,980.05,0.0,25.0,24502.0,1
2024-06-09,2024-06-09 13:00:00,980.05,980.08,980.05,980.08,0.0,25.0,24502.0,1
2024-06-09,2024-06-09 14:00:00,980.08,980.1,980.08,980.1,0.0,25.0,24502.0,1
2024-06-09,2024-06-09 15:00:00,980.1,980.1,980.0,980.1,0.0,25.0,24502.0,0
2024-06-10,2024-06-10 11:00:00,972.1,976.05,972.1,974.08,0.2,25.0,24460.5,1
2024-06-10,2024-06-10 12:00:00,974.08,976.05,974.08,976.05,0.2,25.0,24460.5,1
2024-06-10,2024-06-10 13:00:00,976.05,978.02,976.05,978.02,0.2,25.0,24460.5,1
2024-06-10,2024-06-10 14:00:00,978.02,980.0,978.02,980.0,0.2,25.0,24460.5,1
2024-06-10,2024-06-10 15:00:00,980.0,980.0,972.1,980.0,0.0,25.0,24460.5,0
2024-06-13,2024-06-13 11:00:00,980.0,985.0,978.0,982.5,0.26,17.0,16660.0,1
2024-06-13,2024-06-13 12:00:00,982.5,985.0,982.5,985.0,0.25,17.0,16660.0,1
2024-06-13,2024-06-13 13:00:00,985.0,987.5,985.0,987.5,0.25,17.0,16660.0,1
2024-06-13,2024-06-13 14:00:00,987.5,990.0,987.5,990.0,0.25,17.0,16660.0,1
2024-06-13,2024-06-13 15:00:00,990.0,990.0,976.0,990.0,0.0,17.0,16660.0,0
2024-06-23,2024-06-23 11:00:00,990.0,990.0,990.0,990.0,0.0,15.6,15444.0,0
2024-06-23,2024-06-23 12:00:00,990.0,990.0,990.0,990.0,0.0,15.6,15444.0,0
2024-06-23,2024-06-23 13:00:00,990.0,990.0,990.0,990.0,0.0,15.6,15444.0,0
2024-06-23,2024-06-23 14:00:00,990.0,990.0,990.0,990.0,0.0,15.6,15444.0,0
2024-06-23,2024-06-23 15:00:00,990.0,990.0,990.0,990.0,0.0,15.6,15444.0,0
2024-06-26,2024-06-26 11:00:00,991.0,991.5,991.0,991.25,0.03,10.0,9915.0,1
2024-06-26,2024-06-26 12:00:00,991.25,991.5,991.25,991.5,0.03,10.0,9915.0,1
2024-06-26,2024-06-26 13:00:00,991.5,991.75,991.5,991.75,0.03,10.0,9915.0,1
2024-06-26,2024-06-26 14:00:00,991.75,992.0,991.75,992.0,0.03,10.0,9915.0,1
2024-06-26,2024-06-26 15:00:00,992.0,992.0,991.0,992.0,0.0,10.0,9915.0,0
2024-06-27,2024-06-27 11:00:00,992.0,998.5,992.0,995.25,0.33,40.0,40033.5,1
2024-06-27,2024-06-27 12:00:00,995.25,998.5,995.25,998.5,0.33,40.0,40033.5,1
2024-06-27,2024-06-27 13:00:00,998.5,1001.75,998.5,1001.75,0.33,40.0,40033.5,1
2024-06-27,2024-06-27 14:00:00,1001.75,1005.0,1001.75,1005.0,0.32,40.0,40033.5,1
2024-06-27,2024-06-27 15:00:00,1005.0,1005.0,992.0,1005.0,0.0,40.0,40033.5,0
2024-06-30,2024-06-30 11:00:00,992.0,993.0,992.0,992.5,0.05,15.0,14890.0,1
2024-06-30,2024-06-30 12:00:00,992.5,993.0,992.5,993.0,0.05,15.0,14890.0,1
2024-06-30,2024-06-30 13:00:00,993.0,993.5,993.0,993.5,0.05,15.0,14890.0,1
2024-06-30,2024-06-30 14:00:00,993.5,994.0,993.5,994.0,0.05,15.0,14890.0,1
2024-06-30,2024-06-30 15:00:00,994.0,994.0,992.0,994.0,0.0,15.0,14890.0,0
2024-07-01,2024-07-01 11:00:00,1005.0,1005.0,1005.0,1005.0,0.0,20.0,20100.0,0
2024-07-01,2024-07-01 12:00:00,1005.0,1005.0,1005.0,1005.0,0.0,20.0,20100.0,0
2024-07-01,2024-07-01 13:00:00,1005.0,1005.0,1005.0,1005.0,0.0,20.0,20100.0,0
2024-07-01,2024-07-01 14:00:00,1005.0,1005.0,1005.0,1005.0,0.0,20.0,20100.0,0
2024-07-01,2024-07-01 15:00:00,1005.0,1005.0,1005.0,1005.0,0.0,20.0,20100.0,0
2024-07-03,2024-07-03 11:00:00,993.0,993.0,993.0,993.0,0.0,5.0,4965.0,0
2024-07-03,2024-07-03 12:00:00,993.0,993.0,993.0,993.0,0.0,5.0,4965.0,0
2024-07-03,2024-07-03 13:00:00,993.0,993.0,993.0,993.0,0.0,5.0,4965.0,0
2024-07-03,2024-07-03 14:00:00,993.0,993.0,993.0,993.0,0.0,5.0,4965.0,0
2024-07-03,2024-07-03 15:00:00,993.0,993.0,993.0,993.0,0.0,5.0,4965.0,0
2024-07-04,2024-07-04 11:00:00,994.0,994.0,983.0,988.5,-0.55,16.0,15699.0,-1
2024-07-04,2024-07-04 12:00:00,988.5,988.5,983.0,983.0,-0.56,16.0,15699.0,-1
2024-07-04,2024-07-04 13:00:00,983.0,983.0,977.5,977.5,-0.56,16.0,15699.0,-1
2024-07-04,2024-07-04 14:00:00,977.5,977.5,972.0,972.0,-0.56,16.0,15699.0,-1
2024-07-04,2024-07-04 15:00:00,972.0,994.0,972.0,972.0,0.0,16.0,15699.0,0
2024-07-07,2024-07-07 11:00:00,991.4,991.4,991.4,991.4,0.0,5.0,4957.0,0
2024-07-07,2024-07-07 12:00:00,991.4,991.4,991.4,991.4,0.0,5.0,4957.0,0
2024-07-07,2024-07-07 13:00:00,991.4,991.4,991.4,991.4,0.0,5.0,4957.0,0
2024-07-07,2024-07-07 14:00:00,991.4,991.4,991.4,991.4,0.0,5.0,4957.0,0
2024-07-07,2024-07-07 15:00:00,991.4,991.4,991.4,991.4,0.0,5.0,4957.0,0
2024-07-10,2024-07-10 11:00:00,980.0,980.0,980.0,980.0,0.0,6.0,5880.0,0
2024-07-10,2024-07-10 12:00:00,980.0,980.0,980.0,980.0,0.0,6.0,5880.0,0
2024-07-10,2024-07-10 13:00:00,980.0,980.0,980.0,980.0,0.0,6.0,5880.0,0
2024-07-10,2024-07-10 14:00:00,980.0,980.0,980.0,980.0,0.0,6.0,5880.0,0
2024-07-10,2024-07-10 15:00:00,980.0,980.0,980.0,980.0,0.0,6.0,5880.0,0
2024-07-11,2024-07-11 11:00:00,999.6,999.6,999.6,999.6,0.0,21.0,20991.6,0
2024-07-11,2024-07-11 12:00:00,999.6,999.6,999.6,999.6,0.0,21.0,20991.6,0
2024-07-11,2024-07-11 13:00:00,999.6,999.6,999.6,999.6,0.0,21.0,20991.6,0
2024-07-11,2024-07-11 14:00:00,999.6,999.6,999.6,999.6,0.0,21.0,20991.6,0
2024-07-11,2024-07-11 15:00:00,999.6,999.6,999.6,999.6,0.0,21.0,20991.6,0
2024-07-15,2024-07-15 11:00:00,1018.5,1019.0,1016.65,1018.75,0.02,55.0,55968.4,1
2024-07-15,2024-07-15 12:00:00,1018.75,1019.0,1018.75,1019.0,0.02,55.0,55968.4,1
2024-07-15,2024-07-15 13:00:00,1019.0,1019.25,1019.0,1019.25,0.02,55.0,55968.4,1
2024-07-15,2024-07-15 14:00:00,1019.25,1019.5,1019.25,1019.5,0.02,55.0,55968.4,1
2024-07-15,2024-07-15 15:00:00,1019.5,1019.5,1014.8,1019.5,0.0,55.0,55968.4,0
2024-07-16,2024-07-16 11:00:00,999.2,999.2,989.5,994.4,-0.48,253.8,248757.4,-1
2024-07-16,2024-07-16 12:00:00,994.4,994.4,989.6,989.6,-0.48,253.8,248757.4,-1
2024-07-16,2024-07-16 13:00:00,989.6,989.6,984.8,984.8,-0.49,253.8,248757.4,-1
2024-07-16,2024-07-16 14:00:00,984.8,984.8,980.0,980.0,-0.49,253.8,248757.4,-1
2024-07-16,2024-07-16 15:00:00,980.0,999.2,979.8,980.0,0.0,253.8,248757.4,0
2024-07-17,2024-07-17 11:00:00,970.0,974.0,965.0,972.0,0.21,15.0,14540.0,1
2024-07-17,2024-07-17 12:00:00,972.0,974.0,972.0,974.0,0.21,15.0,14540.0,1
2024-07-17,2024-07-17 13:00:00,974.0,976.0,974.0,976.0,0.21,15.0,14540.0,1
2024-07-17,2024-07-17 14:00:00,976.0,978.0,976.0,978.0,0.2,15.0,14540.0,1
2024-07-17,2024-07-17 15:00:00,978.0,978.0,960.0,978.0,0.0,15.0,14540.0,0
2024-07-18,2024-07-18 11:00:00,959.0,959.0,949.5,955.5,-0.36,22.0,20825.0,-1
2024-07-18,2024-07-18 12:00:00,955.5,955.5,952.0,952.0,-0.37,22.0,20825.0,-1
2024-07-18,2024-07-18 13:00:00,952.0,952.0,948.5,948.5,-0.37,22.0,20825.0,-1
2024-07-18,2024-07-18 14:00:00,948.5,948.5,945.0,945.0,-0.37,22.0,20825.0,-1
2024-07-18,2024-07-18 15:00:00,945.0,959.0,940.0,945.0,0.0,22.0,20825.0,0
2024-07-21,2024-07-21 11:00:00,931.5,931.5,923.75,927.62,-0.42,30.0,27737.5,-1
2024-07-21,2024-07-21 12:00:00,927.62,927.62,923.75,923.75,-0.42,30.0,27737.5,-1
2024-07-21,2024-07-21 13:00:00,923.75,923.75,919.88,919.88,-0.42,30.0,27737.5,-1
2024-07-21,2024-07-21 14:00:00,919.88,919.88,916.0,916.0,-0.42,30.0,27737.5,-1
2024-07-21,2024-07-21 15:00:00,916.0,931.5,916.0,916.0,0.0,30.0,27737.5,0
2024-07-22,2024-07-22 11:00:00,934.3,936.15,934.3,935.22,0.1,11.0,10299.4,1
2024-07-22,2024-07-22 12:00:00,935.22,936.15,935.22,936.15,0.1,11.0,10299.4,1
2024-07-22,2024-07-22 13:00:00,936.15,937.08,936.15,937.08,0.1,11.0,10299.4,1
2024-07-22,2024-07-22 14:00:00,937.08,938.0,937.08,938.0,0.1,11.0,10299.4,1
2024-07-22,2024-07-22 15:00:00,938.0,938.0,934.3,938.0,0.0,11.0,10299.4,0
2024-07-23,2024-07-23 11:00:00,938.7,938.7,938.7,938.7,0.0,5.0,4693.5,0
2024-07-23,2024-07-23 12:00:00,938.7,938.7,938.7,938.7,0.0,5.0,4693.5,0
2024-07-23,2024-07-23 13:00:00,938.7,938.7,938.7,938.7,0.0,5.0,4693.5,0
2024-07-23,2024-07-23 14:00:00,938.7,938.7,938.7,938.7,0.0,5.0,4693.5,0
2024-07-23,2024-07-23 15:00:00,938.7,938.7,938.7,938.7,0.0,5.0,4693.5,0
2024-07-25,2024-07-25 11:00:00,938.0,941.0,938.0,939.5,0.16,15.0,14102.5,1
2024-07-25,2024-07-25 12:00:00,939.5,941.0,939.5,941.0,0.16,15.0,14102.5,1
2024-07-25,2024-07-25 13:00:00,941.0,942.5,941.0,942.5,0.16,15.0,14102.5,1
2024-07-25,2024-07-25 14:00:00,942.5,944.0,942.5,944.0,0.16,15.0,14102.5,1
2024-07-25,2024-07-25 15:00:00,944.0,944.0,938.0,944.0,0.0,15.0,14102.5,0
2024-07-29,2024-07-29 11:00:00,960.0,961.0,952.0,956.02,-0.41,35.0,33279.3,-1
2024-07-29,2024-07-29 12:00:00,956.02,956.02,952.05,952.05,-0.42,35.0,33279.3,-1
2024-07-29,2024-07-29 13:00:00,952.05,952.05,948.08,948.08,-0.42,35.0,33279.3,-1
2024-07-29,2024-07-29 14:00:00,948.08,948.08,944.1,944.1,-0.42,35.0,33279.3,-1
2024-07-29,2024-07-29 15:00:00,944.1,962.0,944.0,944.1,0.0,35.0,33279.3,0
2024-07-30,2024-07-30 11:00:00,944.0,947.0,944.0,945.5,0.16,25.0,23710.0,1
2024-07-30,2024-07-30 12:00:00,945.5,947.0,945.5,947.0,0.16,25.0,23710.0,1
2024-07-30,2024-07-30 13:00:00,947.0,948.5,947.0,948.5,0.16,25.0,23710.0,1
2024-07-30,2024-07-30 14:00:00,948.5,950.0,948.5,950.0,0.16,25.0,23710.0,1
2024-07-30,2024-07-30 15:00:00,950.0,950.0,944.0,950.0,0.0,25.0,23710.0,0
2024-07-31,2024-07-31 11:00:00,940.0,947.5,940.0,943.75,0.4,46.0,43855.0,1
2024-07-31,2024-07-31 12:00:00,943.75,947.5,943.75,947.5,0.4,46.0,43855.0,1
2024-07-31,2024-07-31 13:00:00,947.5,951.25,947.5,951.25,0.4,46.0,43855.0,1
2024-07-31,2024-07-31 14:00:00,951.25,955.0,951.25,955.0,0.39,46.0,43855.0,1
2024-07-31,2024-07-31 15:00:00,955.0,955.0,940.0,955.0,0.0,46.0,43855.0,0
2024-08-01,2024-08-01 11:00:00,960.0,960.0,952.5,956.25,-0.39,27.0,25690.88,-1
2024-08-01,2024-08-01 12:00:00,956.25,956.25,952.5,952.5,-0.39,27.0,25690.88,-1
2024-08-01,2024-08-01 13:00:00,952.5,952.5,948.75,948.75,-0.39,27.0,25690.88,-1
2024-08-01,2024-08-01 14:00:00,948.75,948.75,945.0,945.0,-0.4,27.0,25690.88,-1
2024-08-01,2024-08-01 15:00:00,945.0,960.0,945.0,945.0,0.0,27.0,25690.88,0
2024-08-05,2024-08-05 11:00:00,955.0,955.0,953.05,954.15,-0.09,26.0,24756.5,-1
2024-08-05,2024-08-05 12:00:00,954.15,954.15,953.3,953.3,-0.09,26.0,24756.5,-1
2024-08-05,2024-08-05 13:00:00,953.3,953.3,952.45,952.45,-0.09,26.0,24756.5,-1
2024-08-05,2024-08-05 14:00:00,952.45,952.45,951.6,951.6,-0.09,26.0,24756.5,-1
2024-08-05,2024-08-05 15:00:00,951.6,955.0,951.1,951.6,0.0,26.0,24756.5,0
2024-08-07,2024-08-07 11:00:00,970.0,990.0,970.0,980.0,1.03,1976.2,1995306.0,1
2024-08-07,2024-08-07 12:00:00,980.0,990.0,980.0,990.0,1.02,1976.2,1995306.0,1
2024-08-07,2024-08-07 13:00:00,990.0,1000.0,990.0,1000.0,1.01,1976.2,1995306.0,1
2024-08-07,2024-08-07 14:00:00,1000.0,1010.0,1000.0,1010.0,1.0,1976.2,1995306.0,1
2024-08-07,2024-08-07 15:00:00,1010.0,1010.0,970.0,1010.0,0.0,1976.2,1995306.0,0
2024-08-08,2024-08-08 11:00:00,989.8,989.9,980.4,985.1,-0.47,98.0,96563.8,-1
2024-08-08,2024-08-08 12:00:00,985.1,985.1,980.4,980.4,-0.48,98.0,96563.8,-1
2024-08-08,2024-08-08 13:00:00,980.4,980.4,975.7,975.7,-0.48,98.0,96563.8,-1
2024-08-08,2024-08-08 14:00:00,975.7,975.7,971.0,971.0,-0.48,98.0,96563.8,-1
2024-08-08,2024-08-08 15:00:00,971.0,990.0,971.0,971.0,0.0,98.0,96563.8,0
2024-08-11,2024-08-11 11:00:00,989.0,989.5,985.0,987.0,-0.2,72.2,71245.8,-1
2024-08-11,2024-08-11 12:00:00,987.0,987.0,985.0,985.0,-0.2,72.2,71245.8,-1
2024-08-11,2024-08-11 13:00:00,985.0,985.0,983.0,983.0,-0.2,72.2,71245.8,-1
2024-08-11,2024-08-11 14:00:00,983.0,983.0,981.0,981.0,-0.2,72.2,71245.8,-1
2024-08-11,2024-08-11 15:00:00,981.0,990.0,981.0,981.0,0.0,72.2,71245.8,0
2024-08-12,2024-08-12 11:00:00,970.0,985.0,970.0,973.25,0.34,90.8,90231.0,1
2024-08-12,2024-08-12 12:00:00,973.25,976.5,973.25,976.5,0.33,90.8,90231.0,1
2024-08-12,2024-08-12 13:00:00,976.5,979.75,976.5,979.75,0.33,90.8,90231.0,1
2024-08-12,2024-08-12 14:00:00,979.75,983.0,979.75,983.0,0.33,90.8,90231.0,1
2024-08-12,2024-08-12 15:00:00,983.0,1000.0,970.0,983.0,0.0,90.8,90231.0,0
2024-08-13,2024-08-13 11:00:00,965.0,984.0,965.0,974.5,0.98,231.2,230760.0,1
2024-08-13,2024-08-13 12:00:00,974.5,984.0,974.5,984.0,0.97,231.2,230760.0,1
2024-08-13,2024-08-13 13:00:00,984.0,993.5,984.0,993.5,0.97,231.2,230760.0,1
2024-08-13,2024-08-13 14:00:00,993.5,1003.0,993.5,1003.0,0.96,231.2,230760.0,1
2024-08-13,2024-08-13 15:00:00,1003.0,1003.0,965.0,1003.0,0.0,231.2,230760.0,0
2024-08-14,2024-08-14 11:00:00,985.5,992.75,985.5,989.12,0.37,62.0,61455.5,1
2024-08-14,2024-08-14 12:00:00,989.12,992.75,989.12,992.75,0.37,62.0,61455.5,1
2024-08-14,2024-08-14 13:00:00,992.75,996.38,992.75,996.38,0.37,62.0,61455.5,1
2024-08-14,2024-08-14 14:00:00,996.38,1000.0,996.38,1000.0,0.36,62.0,61455.5,1
2024-08-14,2024-08-14 15:00:00,1000.0,1000.0,985.5,1000.0,0.0,62.0,61455.5,0
2024-08-15,2024-08-15 11:00:00,1000.0,1001.0,1000.0,1000.0,0.0,89.0,89060.0,0
2024-08-15,2024-08-15 12:00:00,1000.0,1000.0,1000.0,1000.0,0.0,89.0,89060.0,0
2024-08-15,2024-08-15 13:00:00,1000.0,1000.0,1000.0,1000.0,0.0,89.0,89060.0,0
2024-08-15,2024-08-15 14:00:00,1000.0,1000.0,1000.0,1000.0,0.0,89.0,89060.0,0
2024-08-15,2024-08-15 15:00:00,1000.0,1002.0,1000.0,1000.0,0.0,89.0,89060.0,0
2024-08-18,2024-08-18 11:00:00,980.1,982.05,980.1,981.08,0.1,40.0,39292.5,1
2024-08-18,2024-08-18 12:00:00,981.08,982.05,981.08,982.05,0.1,40.0,39292.5,1
2024-08-18,2024-08-18 13:00:00,982.05,983.02,982.05,983.02,0.1,40.0,39292.5,1
2024-08-18,2024-08-18 14:00:00,983.02,984.0,983.02,984.0,0.1,40.0,39292.5,1
2024-08-18,2024-08-18 15:00:00,984.0,984.0,980.1,984.0,0.0,40.0,39292.5,0
2024-08-21,2024-08-21 11:00:00,985.1,1011.05,985.1,998.08,1.32,475.2,491152.9,1
2024-08-21,2024-08-21 12:00:00,998.08,1011.05,998.08,1011.05,1.3,475.2,491152.9,1
2024-08-21,2024-08-21 13:00:00,1011.05,1024.03,1011.05,1024.03,1.28,475.2,491152.9,1
2024-08-21,2024-08-21 14:00:00,1024.03,1037.0,1024.03,1037.0,1.27,475.2,491152.9,1
2024-08-21,2024-08-21 15:00:00,1037.0,1037.0,985.1,1037.0,0.0,475.2,491152.9,0
2024-08-25,2024-08-25 11:00:00,1031.0,1033.95,1009.5,1022.75,-0.8,739.0,758914.58,-1
2024-08-25,2024-08-25 12:00:00,1022.75,1022.75,1014.5,1014.5,-0.81,739.0,758914.58,-1
2024-08-25,2024-08-25 13:00:00,1014.5,1014.5,1006.25,1006.25,-0.81,739.0,758914.58,-1
2024-08-25,2024-08-25 14:00:00,1006.25,1006.25,998.0,998.0,-0.82,739.0,758914.58,-1
2024-08-25,2024-08-25 15:00:00,998.0,1036.9,988.0,998.0,0.0,739.0,758914.58,0
2024-08-27,2024-08-27 11:00:00,993.0,993.0,991.5,992.25,-0.08,27.0,26784.0,-1
2024-08-27,2024-08-27 12:00:00,992.25,992.25,991.5,991.5,-0.08,27.0,26784.0,-1
2024-08-27,2024-08-27 13:00:00,991.5,991.5,990.75,990.75,-0.08,27.0,26784.0,-1
2024-08-27,2024-08-27 14:00:00,990.75,990.75,990.0,990.0,-0.08,27.0,26784.0,-1
2024-08-27,2024-08-27 15:00:00,990.0,993.0,990.0,990.0,0.0,27.0,26784.0,0
2024-08-29,2024-08-29 11:00:00,987.0,987.0,987.0,987.0,0.0,19.0,18753.0,0
2024-08-29,2024-08-29 12:00:00,987.0,987.0,987.0,987.0,0.0,19.0,18753.0,0
2024-08-29,2024-08-29 13:00:00,987.0,987.0,987.0,987.0,0.0,19.0,18753.0,0
2024-08-29,2024-08-29 14:00:00,987.0,987.0,987.0,987.0,0.0,19.0,18753.0,0
2024-08-29,2024-08-29 15:00:00,987.0,987.0,987.0,987.0,0.0,19.0,18753.0,0
2024-09-01,2024-09-01 11:00:00,1006.7,1006.7,1001.35,1006.7,0.0,16.6,16657.72,0
2024-09-01,2024-09-01 12:00:00,1006.7,1006.7,1006.7,1006.7,0.0,16.6,16657.72,0
2024-09-01,2024-09-01 13:00:00,1006.7,1006.7,1006.7,1006.7,0.0,16.6,16657.72,0
2024-09-01,2024-09-01 14:00:00,1006.7,1006.7,1006.7,1006.7,0.0,16.6,16657.72,0
2024-09-01,2024-09-01 15:00:00,1006.7,1006.7,996.0,1006.7,0.0,16.6,16657.72,0
2024-09-02,2024-09-02 11:00:00,987.1,1012.05,987.1,999.58,1.26,264.4,272935.8,1
2024-09-02,2024-09-02 12:00:00,999.58,1012.05,999.58,1012.05,1.25,264.4,272935.8,1
2024-09-02,2024-09-02 13:00:00,1012.05,1024.53,1012.05,1024.53,1.23,264.4,272935.8,1
2024-09-02,2024-09-02 14:00:00,1024.53,1037.0,1024.53,1037.0,1.22,264.4,272935.8,1
2024-09-02,2024-09-02 15:00:00,1037.0,1037.0,987.1,1037.0,0.0,264.4,272935.8,0
2024-09-03,2024-09-03 11:00:00,1017.0,1017.0,1012.0,1014.5,-0.25,74.0,74815.0,-1
2024-09-03,2024-09-03 12:00:00,1014.5,1014.5,1012.0,1012.0,-0.25,74.0,74815.0,-1
2024-09-03,2024-09-03 13:00:00,1012.0,1012.0,1009.5,1009.5,-0.25,74.0,74815.0,-1
2024-09-03,2024-09-03 14:00:00,1009.5,1009.5,1007.0,1007.0,-0.25,74.0,74815.0,-1
2024-09-03,2024-09-03 15:00:00,1007.0,1017.0,1007.0,1007.0,0.0,74.0,74815.0,0
2024-09-04,2024-09-04 11:00:00,1013.0,1014.0,1013.0,1013.5,0.05,16.0,16228.0,1
2024-09-04,2024-09-04 12:00:00,1013.5,1014.0,1013.5,1014.0,0.05,16.0,16228.0,1
2024-09-04,2024-09-04 13:00:00,1014.0,1014.5,1014.0,1014.5,0.05,16.0,16228.0,1
2024-09-04,2024-09-04 14:00:00,1014.5,1015.0,1014.5,1015.0,0.05,16.0,16228.0,1
2024-09-04,2024-09-04 15:00:00,1015.0,1015.0,1013.0,1015.0,0.0,16.0,16228.0,0
2024-09-05,2024-09-05 11:00:00,1015.0,1024.95,1015.0,1015.25,0.02,25.6,26234.1,1
2024-09-05,2024-09-05 12:00:00,1015.25,1015.5,1015.25,1015.5,0.02,25.6,26234.1,1
2024-09-05,2024-09-05 13:00:00,1015.5,1015.75,1015.5,1015.75,0.02,25.6,26234.1,1
2024-09-05,2024-09-05 14:00:00,1015.75,1016.0,1015.75,1016.0,0.02,25.6,26234.1,1
2024-09-05,2024-09-05 15:00:00,1016.0,1034.9,1015.0,1016.0,0.0,25.6,26234.1,0
2024-09-08,2024-09-08 11:00:00,1000.0,1001.0,1000.0,1000.5,0.05,10.0,10010.0,1
2024-09-08,2024-09-08 12:00:00,1000.5,1001.0,1000.5,1001.0,0.05,10.0,10010.0,1
2024-09-08,2024-09-08 13:00:00,1001.0,1001.5,1001.0,1001.5,0.05,10.0,10010.0,1
2024-09-08,2024-09-08 14:00:00,1001.5,1002.0,1001.5,1002.0,0.05,10.0,10010.0,1
2024-09-08,2024-09-08 15:00:00,1002.0,1002.0,1000.0,1002.0,0.0,10.0,10010.0,0
2024-09-09,2024-09-09 11:00:00,1001.0,1011.0,1001.0,1002.5,0.15,1976.2,2017260.4,1
2024-09-09,2024-09-09 12:00:00,1002.5,1004.0,1002.5,1004.0,0.15,1976.2,2017260.4,1
2024-09-09,2024-09-09 13:00:00,1004.0,1005.5,1004.0,1005.5,0.15,1976.2,2017260.4,1
2024-09-09,2024-09-09 14:00:00,1005.5,1007.0,1005.5,1007.0,0.15,1976.2,2017260.4,1
2024-09-09,2024-09-09 15:00:00,1007.0,1021.0,1001.0,1007.0,0.0,1976.2,2017260.4,0
2024-09-10,2024-09-10 11:00:00,1006.1,1010.55,1006.1,1008.33,0.22,15.0,15180.4,1
2024-09-10,2024-09-10 12:00:00,1008.33,1010.55,1008.33,1010.55,0.22,15.0,15180.4,1
2024-09-10,2024-09-10 13:00:00,1010.55,1012.77,1010.55,1012.77,0.22,15.0,15180.4,1
2024-09-10,2024-09-10 14:00:00,1012.77,1015.0,1012.77,1015.0,0.22,15.0,15180.4,1
2024-09-10,2024-09-10 15:00:00,1015.0,1015.0,1006.1,1015.0,0.0,15.0,15180.4,0
2024-09-11,2024-09-11 11:00:00,1015.0,1015.0,1015.0,1015.0,0.0,15.0,15225.0,0
2024-09-11,2024-09-11 12:00:00,1015.0,1015.0,1015.0,1015.0,0.0,15.0,15225.0,0
2024-09-11,2024-09-11 13:00:00,1015.0,1015.0,1015.0,1015.0,0.0,15.0,15225.0,0
2024-09-11,2024-09-11 14:00:00,1015.0,1015.0,1015.0,1015.0,0.0,15.0,15225.0,0
2024-09-11,2024-09-11 15:00:00,1015.0,1015.0,1015.0,1015.0,0.0,15.0,15225.0,0
2024-09-12,2024-09-12 11:00:00,1006.1,1006.1,1006.1,1006.1,0.0,5.0,5030.4,0
2024-09-12,2024-09-12 12:00:00,1006.1,1006.1,1006.1,1006.1,0.0,5.0,5030.4,0
2024-09-12,2024-09-12 13:00:00,1006.1,1006.1,1006.1,1006.1,0.0,5.0,5030.4,0
2024-09-12,2024-09-12 14:00:00,1006.1,1006.1,1006.1,1006.1,0.0,5.0,5030.4,0
2024-09-12,2024-09-12 15:00:00,1006.1,1006.1,1006.1,1006.1,0.0,5.0,5030.4,0
2024-09-15,2024-09-15 11:00:00,1046.0,1047.0,1037.0,1041.5,-0.43,134.4,140666.2,-1
2024-09-15,2024-09-15 12:00:00,1041.5,1041.5,1037.0,1037.0,-0.43,134.4,140666.2,-1
2024-09-15,2024-09-15 13:00:00,1037.0,1037.0,1032.5,1032.5,-0.43,134.4,140666.2,-1
2024-09-15,2024-09-15 14:00:00,1032.5,1032.5,1028.0,1028.0,-0.44,134.4,140666.2,-1
2024-09-15,2024-09-15 15:00:00,1028.0,1048.0,1028.0,1028.0,0.0,134.4,140666.2,0
2024-09-16,2024-09-16 11:00:00,1007.5,1016.25,1006.25,1011.88,0.43,13.0,13177.5,1
2024-09-16,2024-09-16 12:00:00,1011.88,1016.25,1011.88,1016.25,0.43,13.0,13177.5,1
2024-09-16,2024-09-16 13:00:00,1016.25,1020.62,1016.25,1020.62,0.43,13.0,13177.5,1
2024-09-16,2024-09-16 14:00:00,1020.62,1025.0,1020.62,1025.0,0.43,13.0,13177.5,1
2024-09-16,2024-09-16 15:00:00,1025.0,1025.0,1005.0,1025.0,0.0,13.0,13177.5,0
2024-09-18,2024-09-18 11:00:00,1016.0,1016.0,1016.0,1016.0,0.0,15.0,15240.0,0
2024-09-18,2024-09-18 12:00:00,1016.0,1016.0,1016.0,1016.0,0.0,15.0,15240.0,0
2024-09-18,2024-09-18 13:00:00,1016.0,1016.0,1016.0,1016.0,0.0,15.0,15240.0,0
2024-09-18,2024-09-18 14:00:00,1016.0,1016.0,1016.0,1016.0,0.0,15.0,15240.0,0
2024-09-18,2024-09-18 15:00:00,1016.0,1016.0,1016.0,1016.0,0.0,15.0,15240.0,0
2024-09-22,2024-09-22 11:00:00,1017.0,1017.5,1017.0,1017.25,0.02,15.0,15265.0,1
2024-09-22,2024-09-22 12:00:00,1017.25,1017.5,1017.25,1017.5,0.02,15.0,15265.0,1
2024-09-22,2024-09-22 13:00:00,1017.5,1017.75,1017.5,1017.75,0.02,15.0,15265.0,1
2024-09-22,2024-09-22 14:00:00,1017.75,1018.0,1017.75,1018.0,0.02,15.0,15265.0,1
2024-09-22,2024-09-22 15:00:00,1018.0,1018.0,1017.0,1018.0,0.0,15.0,15265.0,0
2024-09-24,2024-09-24 11:00:00,1018.0,1018.0,1017.5,1017.75,-0.02,10.0,10175.0,-1
2024-09-24,2024-09-24 12:00:00,1017.75,1017.75,1017.5,1017.5,-0.02,10.0,10175.0,-1
2024-09-24,2024-09-24 13:00:00,1017.5,1017.5,1017.25,1017.25,-0.02,10.0,10175.0,-1
2024-09-24,2024-09-24 14:00:00,1017.25,1017.25,1017.0,1017.0,-0.02,10.0,10175.0,-1
2024-09-24,2024-09-24 15:00:00,1017.0,1018.0,1017.0,1017.0,0.0,10.0,10175.0,0
2024-09-25,2024-09-25 11:00:00,1007.0,1007.0,1007.0,1007.0,0.0,10.0,10068.2,0
2024-09-25,2024-09-25 12:00:00,1007.0,1007.0,1007.0,1007.0,0.0,10.0,10068.2,0
2024-09-25,2024-09-25 13:00:00,1007.0,1007.0,1007.0,1007.0,0.0,10.0,10068.2,0
2024-09-25,2024-09-25 14:00:00,1007.0,1007.0,1007.0,1007.0,0.0,10.0,10068.2,0
2024-09-25,2024-09-25 15:00:00,1007.0,1007.0,1007.0,1007.0,0.0,10.0,10068.2,0
2024-09-26,2024-09-26 11:00:00,1014.0,1015.0,1014.0,1014.5,0.05,75.0,76140.0,1
2024-09-26,2024-09-26 12:00:00,1014.5,1015.0,1014.5,1015.0,0.05,75.0,76140.0,1
2024-09-26,2024-09-26 13:00:00,1015.0,1015.5,1015.0,1015.5,0.05,75.0,76140.0,1
2024-09-26,2024-09-26 14:00:00,1015.5,1016.0,1015.5,1016.0,0.05,75.0,76140.0,1
2024-09-26,2024-09-26 15:00:00,1016.0,1016.0,1014.0,1016.0,0.0,75.0,76140.0,0
2024-09-29,2024-09-29 11:00:00,1010.0,1020.1,1010.0,1015.05,0.5,42.0,42990.4,1
2024-09-29,2024-09-29 12:00:00,1015.05,1020.1,1015.05,1020.1,0.5,42.0,42990.4,1
2024-09-29,2024-09-29 13:00:00,1020.1,1025.15,1020.1,1025.15,0.5,42.0,42990.4,1
2024-09-29,2024-09-29 14:00:00,1025.15,1030.2,1025.15,1030.2,0.49,42.0,42990.4,1
2024-09-29,2024-09-29 15:00:00,1030.2,1030.2,1010.0,1030.2,0.0,42.0,42990.4,0
2024-09-30,2024-09-30 11:00:00,1045.0,1046.5,1045.0,1045.75,0.07,42.8,44810.0,1
2024-09-30,2024-09-30 12:00:00,1045.75,1046.5,1045.75,1046.5,0.07,42.8,44810.0,1
2024-09-30,2024-09-30 13:00:00,1046.5,1047.25,1046.5,1047.25,0.07,42.8,44810.0,1
2024-09-30,2024-09-30 14:00:00,1047.25,1048.0,1047.25,1048.0,0.07,42.8,44810.0,1
2024-09-30,2024-09-30 15:00:00,1048.0,1048.0,1045.0,1048.0,0.0,42.8,44810.0,0
2024-10-01,2024-10-01 11:00:00,1028.0,1028.0,1028.0,1028.0,0.0,15.0,15420.0,0
2024-10-01,2024-10-01 12:00:00,1028.0,1028.0,1028.0,1028.0,0.0,15.0,15420.0,0
2024-10-01,2024-10-01 13:00:00,1028.0,1028.0,1028.0,1028.0,0.0,15.0,15420.0,0
2024-10-01,2024-10-01 14:00:00,1028.0,1028.0,1028.0,1028.0,0.0,15.0,15420.0,0
2024-10-01,2024-10-01 15:00:00,1028.0,1028.0,1028.0,1028.0,0.0,15.0,15420.0,0
2024-10-02,2024-10-02 11:00:00,1015.0,1017.5,1015.0,1016.25,0.12,30.0,30550.0,1
2024-10-02,2024-10-02 12:00:00,1016.25,1017.5,1016.25,1017.5,0.12,30.0,30550.0,1
2024-10-02,2024-10-02 13:00:00,1017.5,1018.75,1017.5,1018.75,0.12,30.0,30550.0,1
2024-10-02,2024-10-02 14:00:00,1018.75,1020.0,1018.75,1020.0,0.12,30.0,30550.0,1
2024-10-02,2024-10-02 15:00:00,1020.0,1020.0,1015.0,1020.0,0.0,30.0,30550.0,0
2024-10-06,2024-10-06 11:00:00,1020.0,1020.0,1020.0,1020.0,0.0,5.0,5100.0,0
2024-10-06,2024-10-06 12:00:00,1020.0,1020.0,1020.0,1020.0,0.0,5.0,5100.0,0
2024-10-06,2024-10-06 13:00:00,1020.0,1020.0,1020.0,1020.0,0.0,5.0,5100.0,0
2024-10-06,2024-10-06 14:00:00,1020.0,1020.0,1020.0,1020.0,0.0,5.0,5100.0,0
2024-10-06,2024-10-06 15:00:00,1020.0,1020.0,1020.0,1020.0,0.0,5.0,5100.0,0
2024-10-08,2024-10-08 11:00:00,1040.4,1044.7,1040.4,1042.55,0.21,7.2,7505.8,1
2024-10-08,2024-10-08 12:00:00,1042.55,1044.7,1042.55,1044.7,0.21,7.2,7505.8,1
2024-10-08,2024-10-08 13:00:00,1044.7,1046.85,1044.7,1046.85,0.21,7.2,7505.8,1
2024-10-08,2024-10-08 14:00:00,1046.85,1049.0,1046.85,1049.0,0.21,7.2,7505.8,1
2024-10-08,2024-10-08 15:00:00,1049.0,1049.0,1040.4,1049.0,0.0,7.2,7505.8,0
2024-10-09,2024-10-09 11:00:00,1031.0,1031.0,1031.0,1031.0,0.0,5.2,5361.2,0
2024-10-09,2024-10-09 12:00:00,1031.0,1031.0,1031.0,1031.0,0.0,5.2,5361.2,0
2024-10-09,2024-10-09 13:00:00,1031.0,1031.0,1031.0,1031.0,0.0,5.2,5361.2,0
2024-10-09,2024-10-09 14:00:00,1031.0,1031.0,1031.0,1031.0,0.0,5.2,5361.2,0
2024-10-09,2024-10-09 15:00:00,1031.0,1031.0,1031.0,1031.0,0.0,5.2,5361.2,0
2024-10-16,2024-10-16 11:00:00,1048.0,1048.0,1037.55,1042.78,-0.5,102.2,106896.6,-1
2024-10-16,2024-10-16 12:00:00,1042.78,1042.78,1037.55,1037.55,-0.5,102.2,106896.6,-1
2024-10-16,2024-10-16 13:00:00,1037.55,1037.55,1032.32,1032.32,-0.5,102.2,106896.6,-1
2024-10-16,2024-10-16 14:00:00,1032.32,1032.32,1027.1,1027.1,-0.51,102.2,106896.6,-1
2024-10-16,2024-10-16 15:00:00,1027.1,1048.0,1027.1,1027.1,0.0,102.2,106896.6,0
2024-10-17,2024-10-17 11:00:00,1022.0,1022.0,1022.0,1022.0,0.0,20.0,20440.0,0
2024-10-17,2024-10-17 12:00:00,1022.0,1022.0,1022.0,1022.0,0.0,20.0,20440.0,0
2024-10-17,2024-10-17 13:00:00,1022.0,1022.0,1022.0,1022.0,0.0,20.0,20440.0,0
2024-10-17,2024-10-17 14:00:00,1022.0,1022.0,1022.0,1022.0,0.0,20.0,20440.0,0
2024-10-17,2024-10-17 15:00:00,1022.0,1022.0,1022.0,1022.0,0.0,20.0,20440.0,0
2024-10-21,2024-10-21 11:00:00,1042.4,1045.2,1036.2,1039.3,-0.3,54.0,56395.6,-1
2024-10-21,2024-10-21 12:00:00,1039.3,1039.3,1036.2,1036.2,-0.3,54.0,56395.6,-1
2024-10-21,2024-10-21 13:00:00,1036.2,1036.2,1033.1,1033.1,-0.3,54.0,56395.6,-1
2024-10-21,2024-10-21 14:00:00,1033.1,1033.1,1030.0,1030.0,-0.3,54.0,56395.6,-1
2024-10-21,2024-10-21 15:00:00,1030.0,1048.0,1030.0,1030.0,0.0,54.0,56395.6,0
2024-10-22,2024-10-22 11:00:00,1028.0,1028.0,1028.0,1028.0,0.0,4.8,4934.4,0
2024-10-22,2024-10-22 12:00:00,1028.0,1028.0,1028.0,1028.0,0.0,4.8,4934.4,0
2024-10-22,2024-10-22 13:00:00,1028.0,1028.0,1028.0,1028.0,0.0,4.8,4934.4,0
2024-10-22,2024-10-22 14:00:00,1028.0,1028.0,1028.0,1028.0,0.0,4.8,4934.4,0
2024-10-22,2024-10-22 15:00:00,1028.0,1028.0,1028.0,1028.0,0.0,4.8,4934.4,0
2024-10-23,2024-10-23 11:00:00,1020.0,1020.0,1020.0,1020.0,0.0,10.0,10200.0,0
2024-10-23,2024-10-23 12:00:00,1020.0,1020.0,1020.0,1020.0,0.0,10.0,10200.0,0
2024-10-23,2024-10-23 13:00:00,1020.0,1020.0,1020.0,1020.0,0.0,10.0,10200.0,0
2024-10-23,2024-10-23 14:00:00,1020.0,1020.0,1020.0,1020.0,0.0,10.0,10200.0,0
2024-10-23,2024-10-23 15:00:00,1020.0,1020.0,1020.0,1020.0,0.0,10.0,10200.0,0
2024-10-24,2024-10-24 11:00:00,1040.0,1040.0,1040.0,1040.0,0.0,60.0,62400.0,0
2024-10-24,2024-10-24 12:00:00,1040.0,1040.0,1040.0,1040.0,0.0,60.0,62400.0,0
2024-10-24,2024-10-24 13:00:00,1040.0,1040.0,1040.0,1040.0,0.0,60.0,62400.0,0
2024-10-24,2024-10-24 14:00:00,1040.0,1040.0,1040.0,1040.0,0.0,60.0,62400.0,0
2024-10-24,2024-10-24 15:00:00,1040.0,1040.0,1040.0,1040.0,0.0,60.0,62400.0,0
2024-10-27,2024-10-27 11:00:00,1048.0,1048.0,1048.0,1048.0,0.0,14.8,15510.4,0
2024-10-27,2024-10-27 12:00:00,1048.0,1048.0,1048.0,1048.0,0.0,14.8,15510.4,0
2024-10-27,2024-10-27 13:00:00,1048.0,1048.0,1048.0,1048.0,0.0,14.8,15510.4,0
2024-10-27,2024-10-27 14:00:00,1048.0,1048.0,1048.0,1048.0,0.0,14.8,15510.4,0
2024-10-27,2024-10-27 15:00:00,1048.0,1048.0,1048.0,1048.0,0.0,14.8,15510.4,0
2024-10-29,2024-10-29 11:00:00,1035.0,1035.0,1035.0,1035.0,0.0,5.0,5175.0,0
2024-10-29,2024-10-29 12:00:00,1035.0,1035.0,1035.0,1035.0,0.0,5.0,5175.0,0
2024-10-29,2024-10-29 13:00:00,1035.0,1035.0,1035.0,1035.0,0.0,5.0,5175.0,0
2024-10-29,2024-10-29 14:00:00,1035.0,1035.0,1035.0,1035.0,0.0,5.0,5175.0,0
2024-10-29,2024-10-29 15:00:00,1035.0,1035.0,1035.0,1035.0,0.0,5.0,5175.0,0
2024-11-10,2024-11-10 11:00:00,1035.0,1035.0,1035.0,1035.0,0.0,5.0,5175.0,0
2024-11-10,2024-11-10 12:00:00,1035.0,1035.0,1035.0,1035.0,0.0,5.0,5175.0,0
2024-11-10,2024-11-10 13:00:00,1035.0,1035.0,1035.0,1035.0,0.0,5.0,5175.0,0
2024-11-10,2024-11-10 14:00:00,1035.0,1035.0,1035.0,1035.0,0.0,5.0,5175.0,0
2024-11-10,2024-11-10 15:00:00,1035.0,1035.0,1035.0,1035.0,0.0,5.0,5175.0,0
2024-11-11,2024-11-11 11:00:00,1040.0,1040.0,1040.0,1040.0,0.0,11.0,11440.0,0
2024-11-11,2024-11-11 12:00:00,1040.0,1040.0,1040.0,1040.0,0.0,11.0,11440.0,0
2024-11-11,2024-11-11 13:00:00,1040.0,1040.0,1040.0,1040.0,0.0,11.0,11440.0,0
2024-11-11,2024-11-11 14:00:00,1040.0,1040.0,1040.0,1040.0,0.0,11.0,11440.0,0
2024-11-11,2024-11-11 15:00:00,1040.0,1040.0,1040.0,1040.0,0.0,11.0,11440.0,0
2024-11-12,2024-11-12 11:00:00,1040.0,1040.0,1040.0,1040.0,0.0,5.0,5200.0,0
2024-11-12,2024-11-12 12:00:00,1040.0,1040.0,1040.0,1040.0,0.0,5.0,5200.0,0
2024-11-12,2024-11-12 13:00:00,1040.0,1040.0,1040.0,1040.0,0.0,5.0,5200.0,0
2024-11-12,2024-11-12 14:00:00,1040.0,1040.0,1040.0,1040.0,0.0,5.0,5200.0,0
2024-11-12,2024-11-12 15:00:00,1040.0,1040.0,1040.0,1040.0,0.0,5.0,5200.0,0
2024-11-13,2024-11-13 11:00:00,1030.0,1035.0,1030.0,1032.5,0.24,10.0,10350.0,1
2024-11-13,2024-11-13 12:00:00,1032.5,1035.0,1032.5,1035.0,0.24,10.0,10350.0,1
2024-11-13,2024-11-13 13:00:00,1035.0,1037.5,1035.0,1037.5,0.24,10.0,10350.0,1
2024-11-13,2024-11-13 14:00:00,1037.5,1040.0,1037.5,1040.0,0.24,10.0,10350.0,1
2024-11-13,2024-11-13 15:00:00,1040.0,1040.0,1030.0,1040.0,0.0,10.0,10350.0,0
2024-11-14,2024-11-14 11:00:00,1040.0,1040.0,1040.0,1040.0,0.0,10.0,10400.0,0
2024-11-14,2024-11-14 12:00:00,1040.0,1040.0,1040.0,1040.0,0.0,10.0,10400.0,0
2024-11-14,2024-11-14 13:00:00,1040.0,1040.0,1040.0,1040.0,0.0,10.0,10400.0,0
2024-11-14,2024-11-14 14:00:00,1040.0,1040.0,1040.0,1040.0,0.0,10.0,10400.0,0
2024-11-14,2024-11-14 15:00:00,1040.0,1040.0,1040.0,1040.0,0.0,10.0,10400.0,0
2024-11-17,2024-11-17 11:00:00,1030.0,1039.0,1030.0,1032.5,0.24,30.0,31265.0,1
2024-11-17,2024-11-17 12:00:00,1032.5,1035.0,1032.5,1035.0,0.24,30.0,31265.0,1
2024-11-17,2024-11-17 13:00:00,1035.0,1037.5,1035.0,1037.5,0.24,30.0,31265.0,1
2024-11-17,2024-11-17 14:00:00,1037.5,1040.0,1037.5,1040.0,0.24,30.0,31265.0,1
2024-11-17,2024-11-17 15:00:00,1040.0,1048.0,1030.0,1040.0,0.0,30.0,31265.0,0
2024-11-19,2024-11-19 11:00:00,1031.0,1033.0,1031.0,1032.0,0.1,46.8,48278.0,1
2024-11-19,2024-11-19 12:00:00,1032.0,1033.0,1032.0,1033.0,0.1,46.8,48278.0,1
2024-11-19,2024-11-19 13:00:00,1033.0,1034.0,1033.0,1034.0,0.1,46.8,48278.0,1
2024-11-19,2024-11-19 14:00:00,1034.0,1035.0,1034.0,1035.0,0.1,46.8,48278.0,1
2024-11-19,2024-11-19 15:00:00,1035.0,1035.0,1031.0,1035.0,0.0,46.8,48278.0,0
2024-11-20,2024-11-20 11:00:00,1032.0,1032.0,1032.0,1032.0,0.0,5.0,5160.0,0
2024-11-20,2024-11-20 12:00:00,1032.0,1032.0,1032.0,1032.0,0.0,5.0,5160.0,0
2024-11-20,2024-11-20 13:00:00,1032.0,1032.0,1032.0,1032.0,0.0,5.0,5160.0,0
2024-11-20,2024-11-20 14:00:00,1032.0,1032.0,1032.0,1032.0,0.0,5.0,5160.0,0
2024-11-20,2024-11-20 15:00:00,1032.0,1032.0,1032.0,1032.0,0.0,5.0,5160.0,0
2024-11-21,2024-11-21 11:00:00,1032.0,1032.0,1032.0,1032.0,0.0,20.0,20640.0,0
2024-11-21,2024-11-21 12:00:00,1032.0,1032.0,1032.0,1032.0,0.0,20.0,20640.0,0
2024-11-21,2024-11-21 13:00:00,1032.0,1032.0,1032.0,1032.0,0.0,20.0,20640.0,0
2024-11-21,2024-11-21 14:00:00,1032.0,1032.0,1032.0,1032.0,0.0,20.0,20640.0,0
2024-11-21,2024-11-21 15:00:00,1032.0,1032.0,1032.0,1032.0,0.0,20.0,20640.0,0
2024-11-24,2024-11-24 11:00:00,1040.0,1040.0,1040.0,1040.0,0.0,20.0,20800.0,0
2024-11-24,2024-11-24 12:00:00,1040.0,1040.0,1040.0,1040.0,0.0,20.0,20800.0,0
2024-11-24,2024-11-24 13:00:00,1040.0,1040.0,1040.0,1040.0,0.0,20.0,20800.0,0
2024-11-24,2024-11-24 14:00:00,1040.0,1040.0,1040.0,1040.0,0.0,20.0,20800.0,0
2024-11-24,2024-11-24 15:00:00,1040.0,1040.0,1040.0,1040.0,0.0,20.0,20800.0,0
2024-11-25,2024-11-25 11:00:00,1032.0,1032.1,1032.0,1032.05,0.0,25.0,25804.0,1
2024-11-25,2024-11-25 12:00:00,1032.05,1032.1,1032.05,1032.1,0.0,25.0,25804.0,1
2024-11-25,2024-11-25 13:00:00,1032.1,1032.15,1032.1,1032.15,0.0,25.0,25804.0,1
2024-11-25,2024-11-25 14:00:00,1032.15,1032.2,1032.15,1032.2,0.0,25.0,25804.0,1
2024-11-25,2024-11-25 15:00:00,1032.2,1032.2,1032.0,1032.2,0.0,25.0,25804.0,0
2024-11-26,2024-11-26 11:00:00,1040.0,1040.0,1040.0,1040.0,0.0,10.0,10400.0,0
2024-11-26,2024-11-26 12:00:00,1040.0,1040.0,1040.0,1040.0,0.0,10.0,10400.0,0
2024-11-26,2024-11-26 13:00:00,1040.0,1040.0,1040.0,1040.0,0.0,10.0,10400.0,0
2024-11-26,2024-11-26 14:00:00,1040.0,1040.0,1040.0,1040.0,0.0,10.0,10400.0,0
2024-11-26,2024-11-26 15:00:00,1040.0,1040.0,1040.0,1040.0,0.0,10.0,10400.0,0
2024-12-01,2024-12-01 11:00:00,1040.0,1040.0,1040.0,1040.0,0.0,5.0,5200.0,0
2024-12-01,2024-12-01 12:00:00,1040.0,1040.0,1040.0,1040.0,0.0,5.0,5200.0,0
2024-12-01,2024-12-01 13:00:00,1040.0,1040.0,1040.0,1040.0,0.0,5.0,5200.0,0
2024-12-01,2024-12-01 14:00:00,1040.0,1040.0,1040.0,1040.0,0.0,5.0,5200.0,0
2024-12-01,2024-12-01 15:00:00,1040.0,1040.0,1040.0,1040.0,0.0,5.0,5200.0,0
2024-12-05,2024-12-05 11:00:00,1033.0,1033.0,1033.0,1033.0,0.0,5.0,5165.0,0
2024-12-05,2024-12-05 12:00:00,1033.0,1033.0,1033.0,1033.0,0.0,5.0,5165.0,0
2024-12-05,2024-12-05 13:00:00,1033.0,1033.0,1033.0,1033.0,0.0,5.0,5165.0,0
2024-12-05,2024-12-05 14:00:00,1033.0,1033.0,1033.0,1033.0,0.0,5.0,5165.0,0
2024-12-05,2024-12-05 15:00:00,1033.0,1033.0,1033.0,1033.0,0.0,5.0,5165.0,0
2024-12-08,2024-12-08 11:00:00,1053.6,1053.6,1043.3,1050.2,-0.32,25.0,26066.0,-1
2024-12-08,2024-12-08 12:00:00,1050.2,1050.2,1046.8,1046.8,-0.32,25.0,26066.0,-1
2024-12-08,2024-12-08 13:00:00,1046.8,1046.8,1043.4,1043.4,-0.32,25.0,26066.0,-1
2024-12-08,2024-12-08 14:00:00,1043.4,1043.4,1040.0,1040.0,-0.33,25.0,26066.0,-1
2024-12-08,2024-12-08 15:00:00,1040.0,1053.6,1033.0,1040.0,0.0,25.0,26066.0,0
2024-12-09,2024-12-09 11:00:00,1045.0,1045.0,1045.0,1045.0,0.0,100.0,104500.0,0
2024-12-09,2024-12-09 12:00:00,1045.0,1045.0,1045.0,1045.0,0.0,100.0,104500.0,0
2024-12-09,2024-12-09 13:00:00,1045.0,1045.0,1045.0,1045.0,0.0,100.0,104500.0,0
2024-12-09,2024-12-09 14:00:00,1045.0,1045.0,1045.0,1045.0,0.0,100.0,104500.0,0
2024-12-09,2024-12-09 15:00:00,1045.0,1045.0,1045.0,1045.0,0.0,100.0,104500.0,0
2024-12-11,2024-12-11 11:00:00,1045.0,1047.5,1037.5,1041.25,-0.36,20.0,20875.0,-1
2024-12-11,2024-12-11 12:00:00,1041.25,1041.25,1037.5,1037.5,-0.36,20.0,20875.0,-1
2024-12-11,2024-12-11 13:00:00,1037.5,1037.5,1033.75,1033.75,-0.36,20.0,20875.0,-1
2024-12-11,2024-12-11 14:00:00,1033.75,1033.75,1030.0,1030.0,-0.36,20.0,20875.0,-1
2024-12-11,2024-12-11 15:00:00,1030.0,1050.0,1030.0,1030.0,0.0,20.0,20875.0,0
2024-12-12,2024-12-12 11:00:00,1034.0,1034.0,1034.0,1034.0,0.0,5.0,5170.0,0
2024-12-12,2024-12-12 12:00:00,1034.0,1034.0,1034.0,1034.0,0.0,5.0,5170.0,0
2024-12-12,2024-12-12 13:00:00,1034.0,1034.0,1034.0,1034.0,0.0,5.0,5170.0,0
2024-12-12,2024-12-12 14:00:00,1034.0,1034.0,1034.0,1034.0,0.0,5.0,5170.0,0
2024-12-12,2024-12-12 15:00:00,1034.0,1034.0,1034.0,1034.0,0.0,5.0,5170.0,0
2024-12-17,2024-12-17 11:00:00,1034.1,1044.4,1034.1,1034.82,0.07,20.0,20804.0,1
2024-12-17,2024-12-17 12:00:00,1034.82,1035.55,1034.82,1035.55,0.07,20.0,20804.0,1
2024-12-17,2024-12-17 13:00:00,1035.55,1036.28,1035.55,1036.28,0.07,20.0,20804.0,1
2024-12-17,2024-12-17 14:00:00,1036.28,1037.0,1036.28,1037.0,0.07,20.0,20804.0,1
2024-12-17,2024-12-17 15:00:00,1037.0,1054.7,1034.1,1037.0,0.0,20.0,20804.0,0
2024-12-18,2024-12-18 11:00:00,1050.0,1053.75,1050.0,1051.88,0.18,20.0,21112.5,1
2024-12-18,2024-12-18 12:00:00,1051.88,1053.75,1051.88,1053.75,0.18,20.0,21112.5,1
2024-12-18,2024-12-18 13:00:00,1053.75,1055.62,1053.75,1055.62,0.18,20.0,21112.5,1
2024-12-18,2024-12-18 14:00:00,1055.62,1057.5,1055.62,1057.5,0.18,20.0,21112.5,1
2024-12-18,2024-12-18 15:00:00,1057.5,1057.5,1050.0,1057.5,0.0,20.0,21112.5,0
2024-12-19,2024-12-19 11:00:00,1037.0,1037.0,1034.0,1035.5,-0.14,10.0,10340.0,-1
2024-12-19,2024-12-19 12:00:00,1035.5,1035.5,1034.0,1034.0,-0.14,10.0,10340.0,-1
2024-12-19,2024-12-19 13:00:00,1034.0,1034.0,1032.5,1032.5,-0.15,10.0,10340.0,-1
2024-12-19,2024-12-19 14:00:00,1032.5,1032.5,1031.0,1031.0,-0.15,10.0,10340.0,-1
2024-12-19,2024-12-19 15:00:00,1031.0,1037.0,1031.0,1031.0,0.0,10.0,10340.0,0
2024-12-22,2024-12-22 11:00:00,1034.1,1034.1,1034.05,1034.07,-0.0,10.0,10340.5,-1
2024-12-22,2024-12-22 12:00:00,1034.07,1034.07,1034.05,1034.05,-0.0,10.0,10340.5,-1
2024-12-22,2024-12-22 13:00:00,1034.05,1034.05,1034.03,1034.03,-0.0,10.0,10340.5,-1
2024-12-22,2024-12-22 14:00:00,1034.03,1034.03,1034.0,1034.0,-0.0,10.0,10340.5,-1
2024-12-22,2024-12-22 15:00:00,1034.0,1034.1,1034.0,1034.0,0.0,10.0,10340.5,0
2024-12-23,2024-12-23 11:00:00,1054.0,1063.5,1054.0,1058.75,0.45,226.8,242881.4,1
2024-12-23,2024-12-23 12:00:00,1058.75,1063.5,1058.75,1063.5,0.45,226.8,242881.4,1
2024-12-23,2024-12-23 13:00:00,1063.5,1068.25,1063.5,1068.25,0.45,226.8,242881.4,1
2024-12-23,2024-12-23 14:00:00,1068.25,1073.0,1068.25,1073.0,0.44,226.8,242881.4,1
2024-12-23,2024-12-23 15:00:00,1073.0,1073.0,1054.0,1073.0,0.0,226.8,242881.4,0
2024-12-26,2024-12-26 11:00:00,1085.0,1085.0,1085.0,1085.0,0.0,0.4,434.0,0
2024-12-26,2024-12-26 12:00:00,1085.0,1085.0,1085.0,1085.0,0.0,0.4,434.0,0
2024-12-26,2024-12-26 13:00:00,1085.0,1085.0,1085.0,1085.0,0.0,0.4,434.0,0
2024-12-26,2024-12-26 14:00:00,1085.0,1085.0,1085.0,1085.0,0.0,0.4,434.0,0
2024-12-26,2024-12-26 15:00:00,1085.0,1085.0,1085.0,1085.0,0.0,0.4,434.0,0
2024-12-29,2024-12-29 11:00:00,1064.0,1064.0,1064.0,1064.0,0.0,4.6,4894.4,0
2024-12-29,2024-12-29 12:00:00,1064.0,1064.0,1064.0,1064.0,0.0,4.6,4894.4,0
2024-12-29,2024-12-29 13:00:00,1064.0,1064.0,1064.0,1064.0,0.0,4.6,4894.4,0
2024-12-29,2024-12-29 14:00:00,1064.0,1064.0,1064.0,1064.0,0.0,4.6,4894.4,0
2024-12-29,2024-12-29 15:00:00,1064.0,1064.0,1064.0,1064.0,0.0,4.6,4894.4,0
2024-12-31,2024-12-31 11:00:00,1050.0,1050.0,1046.0,1048.0,-0.19,10.0,10460.0,-1
2024-12-31,2024-12-31 12:00:00,1048.0,1048.0,1046.0,1046.0,-0.19,10.0,10460.0,-1
2024-12-31,2024-12-31 13:00:00,1046.0,1046.0,1044.0,1044.0,-0.19,10.0,10460.0,-1
2024-12-31,2024-12-31 14:00:00,1044.0,1044.0,1042.0,1042.0,-0.19,10.0,10460.0,-1
2024-12-31,2024-12-31 15:00:00,1042.0,1050.0,1042.0,1042.0,0.0,10.0,10460.0,0
2025-01-01,2025-01-01 11:00:00,1062.8,1062.8,1052.45,1062.62,-0.02,20.0,21145.5,-1
2025-01-01,2025-01-01 12:00:00,1062.62,1062.62,1062.45,1062.45,-0.02,20.0,21145.5,-1
2025-01-01,2025-01-01 13:00:00,1062.45,1062.45,1062.27,1062.27,-0.02,20.0,21145.5,-1
2025-01-01,2025-01-01 14:00:00,1062.27,1062.27,1062.1,1062.1,-0.02,20.0,21145.5,-1
2025-01-01,2025-01-01 15:00:00,1062.1,1062.8,1042.1,1062.1,0.0,20.0,21145.5,0
2025-01-05,2025-01-05 11:00:00,1065.0,1067.5,1065.0,1066.25,0.12,54.6,58397.0,1
2025-01-05,2025-01-05 12:00:00,1066.25,1067.5,1066.25,1067.5,0.12,54.6,58397.0,1
2025-01-05,2025-01-05 13:00:00,1067.5,1068.75,1067.5,1068.75,0.12,54.6,58397.0,1
2025-01-05,2025-01-05 14:00:00,1068.75,1070.0,1068.75,1070.0,0.12,54.6,58397.0,1
2025-01-05,2025-01-05 15:00:00,1070.0,1070.0,1065.0,1070.0,0.0,54.6,58397.0,0
2025-01-06,2025-01-06 11:00:00,1065.0,1065.0,1063.0,1064.0,-0.09,145.0,154265.0,-1
2025-01-06,2025-01-06 12:00:00,1064.0,1064.0,1063.0,1063.0,-0.09,145.0,154265.0,-1
2025-01-06,2025-01-06 13:00:00,1063.0,1063.0,1062.0,1062.0,-0.09,145.0,154265.0,-1
2025-01-06,2025-01-06 14:00:00,1062.0,1062.0,1061.0,1061.0,-0.09,145.0,154265.0,-1
2025-01-06,2025-01-06 15:00:00,1061.0,1065.0,1061.0,1061.0,0.0,145.0,154265.0,0
2025-01-08,2025-01-08 11:00:00,1055.0,1055.0,1055.0,1055.0,0.0,10.0,10550.0,0
2025-01-08,2025-01-08 12:00:00,1055.0,1055.0,1055.0,1055.0,0.0,10.0,10550.0,0
2025-01-08,2025-01-08 13:00:00,1055.0,1055.0,1055.0,1055.0,0.0,10.0,10550.0,0
2025-01-08,2025-01-08 14:00:00,1055.0,1055.0,1055.0,1055.0,0.0,10.0,10550.0,0
2025-01-08,2025-01-08 15:00:00,1055.0,1055.0,1055.0,1055.0,0.0,10.0,10550.0,0
2025-01-09,2025-01-09 11:00:00,1055.0,1055.0,1055.0,1055.0,0.0,5.0,5275.0,0
2025-01-09,2025-01-09 12:00:00,1055.0,1055.0,1055.0,1055.0,0.0,5.0,5275.0,0
2025-01-09,2025-01-09 13:00:00,1055.0,1055.0,1055.0,1055.0,0.0,5.0,5275.0,0
2025-01-09,2025-01-09 14:00:00,1055.0,1055.0,1055.0,1055.0,0.0,5.0,5275.0,0
2025-01-09,2025-01-09 15:00:00,1055.0,1055.0,1055.0,1055.0,0.0,5.0,5275.0,0
2025-01-12,2025-01-12 11:00:00,1060.0,1062.0,1059.0,1059.5,-0.05,30.0,31820.0,-1
2025-01-12,2025-01-12 12:00:00,1059.5,1059.5,1059.0,1059.0,-0.05,30.0,31820.0,-1
2025-01-12,2025-01-12 13:00:00,1059.0,1059.0,1058.5,1058.5,-0.05,30.0,31820.0,-1
2025-01-12,2025-01-12 14:00:00,1058.5,1058.5,1058.0,1058.0,-0.05,30.0,31820.0,-1
2025-01-12,2025-01-12 15:00:00,1058.0,1064.0,1058.0,1058.0,0.0,30.0,31820.0,0
2025-01-13,2025-01-13 11:00:00,1056.0,1056.0,1056.0,1056.0,0.0,5.0,5280.0,0
2025-01-13,2025-01-13 12:00:00,1056.0,1056.0,1056.0,1056.0,0.0,5.0,5280.0,0
2025-01-13,2025-01-13 13:00:00,1056.0,1056.0,1056.0,1056.0,0.0,5.0,5280.0,0
2025-01-13,2025-01-13 14:00:00,1056.0,1056.0,1056.0,1056.0,0.0,5.0,5280.0,0
2025-01-13,2025-01-13 15:00:00,1056.0,1056.0,1056.0,1056.0,0.0,5.0,5280.0,0
2025-01-15,2025-01-15 11:00:00,1055.1,1057.55,1055.1,1055.1,0.0,25.0,26402.0,0
2025-01-15,2025-01-15 12:00:00,1055.1,1055.1,1055.1,1055.1,0.0,25.0,26402.0,0
2025-01-15,2025-01-15 13:00:00,1055.1,1055.1,1055.1,1055.1,0.0,25.0,26402.0,0
2025-01-15,2025-01-15 14:00:00,1055.1,1055.1,1055.1,1055.1,0.0,25.0,26402.0,0
2025-01-15,2025-01-15 15:00:00,1055.1,1060.0,1055.1,1055.1,0.0,25.0,26402.0,0
2025-01-19,2025-01-19 11:00:00,1040.0,1040.0,1029.6,1035.0,-0.48,106.4,110426.8,-1
2025-01-19,2025-01-19 12:00:00,1035.0,1035.0,1030.0,1030.0,-0.48,106.4,110426.8,-1
2025-01-19,2025-01-19 13:00:00,1030.0,1030.0,1025.0,1025.0,-0.49,106.4,110426.8,-1
2025-01-19,2025-01-19 14:00:00,1025.0,1025.0,1020.0,1020.0,-0.49,106.4,110426.8,-1
2025-01-19,2025-01-19 15:00:00,1020.0,1040.0,1019.2,1020.0,0.0,106.4,110426.8,0
2025-01-20,2025-01-20 11:00:00,1040.0,1040.0,1040.0,1040.0,0.0,15.0,15600.0,0
2025-01-20,2025-01-20 12:00:00,1040.0,1040.0,1040.0,1040.0,0.0,15.0,15600.0,0
2025-01-20,2025-01-20 13:00:00,1040.0,1040.0,1040.0,1040.0,0.0,15.0,15600.0,0
2025-01-20,2025-01-20 14:00:00,1040.0,1040.0,1040.0,1040.0,0.0,15.0,15600.0,0
2025-01-20,2025-01-20 15:00:00,1040.0,1040.0,1040.0,1040.0,0.0,15.0,15600.0,0
2025-01-21,2025-01-21 11:00:00,1022.0,1022.0,1022.0,1022.0,0.0,5.0,5110.0,0
2025-01-21,2025-01-21 12:00:00,1022.0,1022.0,1022.0,1022.0,0.0,5.0,5110.0,0
2025-01-21,2025-01-21 13:00:00,1022.0,1022.0,1022.0,1022.0,0.0,5.0,5110.0,0
2025-01-21,2025-01-21 14:00:00,1022.0,1022.0,1022.0,1022.0,0.0,5.0,5110.0,0
2025-01-21,2025-01-21 15:00:00,1022.0,1022.0,1022.0,1022.0,0.0,5.0,5110.0,0
2025-01-22,2025-01-22 11:00:00,1022.0,1022.0,1022.0,1022.0,0.0,20.0,20440.0,0
2025-01-22,2025-01-22 12:00:00,1022.0,1022.0,1022.0,1022.0,0.0,20.0,20440.0,0
2025-01-22,2025-01-22 13:00:00,1022.0,1022.0,1022.0,1022.0,0.0,20.0,20440.0,0
2025-01-22,2025-01-22 14:00:00,1022.0,1022.0,1022.0,1022.0,0.0,20.0,20440.0,0
2025-01-22,2025-01-22 15:00:00,1022.0,1022.0,1022.0,1022.0,0.0,20.0,20440.0,0
2025-01-23,2025-01-23 11:00:00,1022.0,1022.0,1022.0,1022.0,0.0,9.0,9198.0,0
2025-01-23,2025-01-23 12:00:00,1022.0,1022.0,1022.0,1022.0,0.0,9.0,9198.0,0
2025-01-23,2025-01-23 13:00:00,1022.0,1022.0,1022.0,1022.0,0.0,9.0,9198.0,0
2025-01-23,2025-01-23 14:00:00,1022.0,1022.0,1022.0,1022.0,0.0,9.0,9198.0,0
2025-01-23,2025-01-23 15:00:00,1022.0,1022.0,1022.0,1022.0,0.0,9.0,9198.0,0
2025-01-26,2025-01-26 11:00:00,1020.0,1020.0,1020.0,1020.0,0.0,5.0,5100.0,0
2025-01-26,2025-01-26 12:00:00,1020.0,1020.0,1020.0,1020.0,0.0,5.0,5100.0,0
2025-01-26,2025-01-26 13:00:00,1020.0,1020.0,1020.0,1020.0,0.0,5.0,5100.0,0
2025-01-26,2025-01-26 14:00:00,1020.0,1020.0,1020.0,1020.0,0.0,5.0,5100.0,0
2025-01-26,2025-01-26 15:00:00,1020.0,1020.0,1020.0,1020.0,0.0,5.0,5100.0,0
2025-01-27,2025-01-27 11:00:00,1021.0,1030.5,1021.0,1025.75,0.47,15.0,15425.96,1
2025-01-27,2025-01-27 12:00:00,1025.75,1030.5,1025.75,1030.5,0.46,15.0,15425.96,1
2025-01-27,2025-01-27 13:00:00,1030.5,1035.25,1030.5,1035.25,0.46,15.0,15425.96,1
2025-01-27,2025-01-27 14:00:00,1035.25,1040.0,1035.25,1040.0,0.46,15.0,15425.96,1
2025-01-27,2025-01-27 15:00:00,1040.0,1040.0,1021.0,1040.0,0.0,15.0,15425.96,0
2025-01-28,2025-01-28 11:00:00,1025.0,1026.0,1025.0,1025.5,0.05,11.0,11285.0,1
2025-01-28,2025-01-28 12:00:00,1025.5,1026.0,1025.5,1026.0,0.05,11.0,11285.0,1
2025-01-28,2025-01-28 13:00:00,1026.0,1026.5,1026.0,1026.5,0.05,11.0,11285.0,1
2025-01-28,2025-01-28 14:00:00,1026.5,1027.0,1026.5,1027.0,0.05,11.0,11285.0,1
2025-01-28,2025-01-28 15:00:00,1027.0,1027.0,1025.0,1027.0,0.0,11.0,11285.0,0
2025-02-02,2025-02-02 11:00:00,1040.0,1040.0,1040.0,1040.0,0.0,25.4,26411.2,0
2025-02-02,2025-02-02 12:00:00,1040.0,1040.0,1040.0,1040.0,0.0,25.4,26411.2,0
2025-02-02,2025-02-02 13:00:00,1040.0,1040.0,1040.0,1040.0,0.0,25.4,26411.2,0
2025-02-02,2025-02-02 14:00:00,1040.0,1040.0,1040.0,1040.0,0.0,25.4,26411.2,0
2025-02-02,2025-02-02 15:00:00,1040.0,1040.0,1040.0,1040.0,0.0,25.4,26411.2,0
2025-02-03,2025-02-03 11:00:00,1035.0,1036.0,1035.0,1035.5,0.05,10.0,10360.0,1
2025-02-03,2025-02-03 12:00:00,1035.5,1036.0,1035.5,1036.0,0.05,10.0,10360.0,1
2025-02-03,2025-02-03 13:00:00,1036.0,1036.5,1036.0,1036.5,0.05,10.0,10360.0,1
2025-02-03,2025-02-03 14:00:00,1036.5,1037.0,1036.5,1037.0,0.05,10.0,10360.0,1
2025-02-03,2025-02-03 15:00:00,1037.0,1037.0,1035.0,1037.0,0.0,10.0,10360.0,0
2025-02-04,2025-02-04 11:00:00,1040.0,1040.5,1040.0,1040.0,0.0,70.2,73022.2,0
2025-02-04,2025-02-04 12:00:00,1040.0,1040.0,1040.0,1040.0,0.0,70.2,73022.2,0
2025-02-04,2025-02-04 13:00:00,1040.0,1040.0,1040.0,1040.0,0.0,70.2,73022.2,0
2025-02-04,2025-02-04 14:00:00,1040.0,1040.0,1040.0,1040.0,0.0,70.2,73022.2,0
2025-02-04,2025-02-04 15:00:00,1040.0,1041.0,1040.0,1040.0,0.0,70.2,73022.2,0
2025-02-05,2025-02-05 11:00:00,1031.1,1031.1,1031.1,1031.1,0.0,5.0,5155.5,0
2025-02-05,2025-02-05 12:00:00,1031.1,1031.1,1031.1,1031.1,0.0,5.0,5155.5,0
2025-02-05,2025-02-05 13:00:00,1031.1,1031.1,1031.1,1031.1,0.0,5.0,5155.5,0
2025-02-05,2025-02-05 14:00:00,1031.1,1031.1,1031.1,1031.1,0.0,5.0,5155.5,0
2025-02-05,2025-02-05 15:00:00,1031.1,1031.1,1031.1,1031.1,0.0,5.0,5155.5,0
2025-02-09,2025-02-09 11:00:00,1035.0,1035.0,1032.5,1033.75,-0.12,51.2,52856.0,-1
2025-02-09,2025-02-09 12:00:00,1033.75,1033.75,1032.5,1032.5,-0.12,51.2,52856.0,-1
2025-02-09,2025-02-09 13:00:00,1032.5,1032.5,1031.25,1031.25,-0.12,51.2,52856.0,-1
2025-02-09,2025-02-09 14:00:00,1031.25,1031.25,1030.0,1030.0,-0.12,51.2,52856.0,-1
2025-02-09,2025-02-09 15:00:00,1030.0,1035.0,1030.0,1030.0,0.0,51.2,52856.0,0
2025-02-10,2025-02-10 11:00:00,1045.0,1050.0,1045.0,1047.5,0.24,76.4,80137.0,1
2025-02-10,2025-02-10 12:00:00,1047.5,1050.0,1047.5,1050.0,0.24,76.4,80137.0,1
2025-02-10,2025-02-10 13:00:00,1050.0,1052.5,1050.0,1052.5,0.24,76.4,80137.0,1
2025-02-10,2025-02-10 14:00:00,1052.5,1055.0,1052.5,1055.0,0.24,76.4,80137.0,1
2025-02-10,2025-02-10 15:00:00,1055.0,1055.0,1045.0,1055.0,0.0,76.4,80137.0,0
2025-02-11,2025-02-11 11:00:00,1033.9,1033.9,1029.45,1031.68,-0.21,25.0,25669.5,-1
2025-02-11,2025-02-11 12:00:00,1031.68,1031.68,1029.45,1029.45,-0.22,25.0,25669.5,-1
2025-02-11,2025-02-11 13:00:00,1029.45,1029.45,1027.22,1027.22,-0.22,25.0,25669.5,-1
2025-02-11,2025-02-11 14:00:00,1027.22,1027.22,1025.0,1025.0,-0.22,25.0,25669.5,-1
2025-02-11,2025-02-11 15:00:00,1025.0,1033.9,1025.0,1025.0,0.0,25.0,25669.5,0
2025-02-12,2025-02-12 11:00:00,1035.1,1040.05,1035.1,1037.57,0.24,24.0,25030.5,1
2025-02-12,2025-02-12 12:00:00,1037.57,1040.05,1037.57,1040.05,0.24,24.0,25030.5,1
2025-02-12,2025-02-12 13:00:00,1040.05,1042.53,1040.05,1042.53,0.24,24.0,25030.5,1
2025-02-12,2025-02-12 14:00:00,1042.53,1045.0,1042.53,1045.0,0.24,24.0,25030.5,1
2025-02-12,2025-02-12 15:00:00,1045.0,1045.0,1035.1,1045.0,0.0,24.0,25030.5,0
2025-02-13,2025-02-13 11:00:00,1031.1,1031.1,1030.6,1030.85,-0.02,20.0,20611.5,-1
2025-02-13,2025-02-13 12:00:00,1030.85,1030.85,1030.6,1030.6,-0.02,20.0,20611.5,-1
2025-02-13,2025-02-13 13:00:00,1030.6,1030.6,1030.35,1030.35,-0.02,20.0,20611.5,-1
2025-02-13,2025-02-13 14:00:00,1030.35,1030.35,1030.1,1030.1,-0.02,20.0,20611.5,-1
2025-02-13,2025-02-13 15:00:00,1030.1,1031.1,1030.1,1030.1,0.0,20.0,20611.5,0
2025-02-16,2025-02-16 11:00:00,1030.1,1030.1,1030.1,1030.1,0.0,5.0,5150.5,0
2025-02-16,2025-02-16 12:00:00,1030.1,1030.1,1030.1,1030.1,0.0,5.0,5150.5,0
2025-02-16,2025-02-16 13:00:00,1030.1,1030.1,1030.1,1030.1,0.0,5.0,5150.5,0
2025-02-16,2025-02-16 14:00:00,1030.1,1030.1,1030.1,1030.1,0.0,5.0,5150.5,0
2025-02-16,2025-02-16 15:00:00,1030.1,1030.1,1030.1,1030.1,0.0,5.0,5150.5,0
2025-02-18,2025-02-18 11:00:00,1050.0,1050.35,1047.5,1049.0,-0.1,45.0,47108.5,-1
2025-02-18,2025-02-18 12:00:00,1049.0,1049.0,1048.0,1048.0,-0.1,45.0,47108.5,-1
2025-02-18,2025-02-18 13:00:00,1048.0,1048.0,1047.0,1047.0,-0.1,45.0,47108.5,-1
2025-02-18,2025-02-18 14:00:00,1047.0,1047.0,1046.0,1046.0,-0.1,45.0,47108.5,-1
2025-02-18,2025-02-18 15:00:00,1046.0,1050.7,1045.0,1046.0,0.0,45.0,47108.5,0
2025-02-23,2025-02-23 11:00:00,1040.0,1040.0,1040.0,1040.0,0.0,139.0,144560.0,0
2025-02-23,2025-02-23 12:00:00,1040.0,1040.0,1040.0,1040.0,0.0,139.0,144560.0,0
2025-02-23,2025-02-23 13:00:00,1040.0,1040.0,1040.0,1040.0,0.0,139.0,144560.0,0
2025-02-23,2025-02-23 14:00:00,1040.0,1040.0,1040.0,1040.0,0.0,139.0,144560.0,0
2025-02-23,2025-02-23 15:00:00,1040.0,1040.0,1040.0,1040.0,0.0,139.0,144560.0,0
2025-02-24,2025-02-24 11:00:00,1040.0,1040.1,1040.0,1040.05,0.0,25.0,26003.5,1
2025-02-24,2025-02-24 12:00:00,1040.05,1040.1,1040.05,1040.1,0.0,25.0,26003.5,1
2025-02-24,2025-02-24 13:00:00,1040.1,1040.15,1040.1,1040.15,0.0,25.0,26003.5,1
2025-02-24,2025-02-24 14:00:00,1040.15,1040.2,1040.15,1040.2,0.0,25.0,26003.5,1
2025-02-24,2025-02-24 15:00:00,1040.2,1040.2,1040.0,1040.2,0.0,25.0,26003.5,0
2025-02-25,2025-02-25 11:00:00,1025.1,1037.55,1025.1,1031.32,0.61,56.6,59208.54,1
2025-02-25,2025-02-25 12:00:00,1031.32,1037.55,1031.32,1037.55,0.6,56.6,59208.54,1
2025-02-25,2025-02-25 13:00:00,1037.55,1043.78,1037.55,1043.78,0.6,56.6,59208.54,1
2025-02-25,2025-02-25 14:00:00,1043.78,1050.0,1043.78,1050.0,0.6,56.6,59208.54,1
2025-02-25,2025-02-25 15:00:00,1050.0,1050.0,1025.1,1050.0,0.0,56.6,59208.54,0
2025-02-27,2025-02-27 11:00:00,1030.0,1030.0,1030.0,1030.0,0.0,5.0,5150.0,0
2025-02-27,2025-02-27 12:00:00,1030.0,1030.0,1030.0,1030.0,0.0,5.0,5150.0,0
2025-02-27,2025-02-27 13:00:00,1030.0,1030.0,1030.0,1030.0,0.0,5.0,5150.0,0
2025-02-27,2025-02-27 14:00:00,1030.0,1030.0,1030.0,1030.0,0.0,5.0,5150.0,0
2025-02-27,2025-02-27 15:00:00,1030.0,1030.0,1030.0,1030.0,0.0,5.0,5150.0,0
2025-03-02,2025-03-02 11:00:00,1030.0,1030.0,1030.0,1030.0,0.0,5.0,5150.0,0
2025-03-02,2025-03-02 12:00:00,1030.0,1030.0,1030.0,1030.0,0.0,5.0,5150.0,0
2025-03-02,2025-03-02 13:00:00,1030.0,1030.0,1030.0,1030.0,0.0,5.0,5150.0,0
2025-03-02,2025-03-02 14:00:00,1030.0,1030.0,1030.0,1030.0,0.0,5.0,5150.0,0
2025-03-02,2025-03-02 15:00:00,1030.0,1030.0,1030.0,1030.0,0.0,5.0,5150.0,0
2025-03-03,2025-03-03 11:00:00,1030.0,1030.0,1030.0,1030.0,0.0,6.0,6180.0,0
2025-03-03,2025-03-03 12:00:00,1030.0,1030.0,1030.0,1030.0,0.0,6.0,6180.0,0
2025-03-03,2025-03-03 13:00:00,1030.0,1030.0,1030.0,1030.0,0.0,6.0,6180.0,0
2025-03-03,2025-03-03 14:00:00,1030.0,1030.0,1030.0,1030.0,0.0,6.0,6180.0,0
2025-03-03,2025-03-03 15:00:00,1030.0,1030.0,1030.0,1030.0,0.0,6.0,6180.0,0
2025-03-04,2025-03-04 11:00:00,1030.0,1030.3,1030.0,1030.15,0.01,16.0,16483.6,1
2025-03-04,2025-03-04 12:00:00,1030.15,1030.3,1030.15,1030.3,0.01,16.0,16483.6,1
2025-03-04,2025-03-04 13:00:00,1030.3,1030.45,1030.3,1030.45,0.01,16.0,16483.6,1
2025-03-04,2025-03-04 14:00:00,1030.45,1030.6,1030.45,1030.6,0.01,16.0,16483.6,1
2025-03-04,2025-03-04 15:00:00,1030.6,1030.6,1030.0,1030.6,0.0,16.0,16483.6,0
2025-03-05,2025-03-05 11:00:00,1020.0,1025.3,1020.0,1022.65,0.26,23.6,24211.0,1
2025-03-05,2025-03-05 12:00:00,1022.65,1025.3,1022.65,1025.3,0.26,23.6,24211.0,1
2025-03-05,2025-03-05 13:00:00,1025.3,1027.95,1025.3,1027.95,0.26,23.6,24211.0,1
2025-03-05,2025-03-05 14:00:00,1027.95,1030.6,1027.95,1030.6,0.26,23.6,24211.0,1
2025-03-05,2025-03-05 15:00:00,1030.6,1030.6,1020.0,1030.6,0.0,23.6,24211.0,0
2025-03-06,2025-03-06 11:00:00,1030.0,1030.05,1030.0,1030.0,0.0,1006.0,1036180.5,0
2025-03-06,2025-03-06 12:00:00,1030.0,1030.0,1030.0,1030.0,0.0,1006.0,1036180.5,0
2025-03-06,2025-03-06 13:00:00,1030.0,1030.0,1030.0,1030.0,0.0,1006.0,1036180.5,0
2025-03-06,2025-03-06 14:00:00,1030.0,1030.0,1030.0,1030.0,0.0,1006.0,1036180.5,0
2025-03-06,2025-03-06 15:00:00,1030.0,1030.1,1030.0,1030.0,0.0,1006.0,1036180.5,0
2025-03-09,2025-03-09 11:00:00,1025.0,1025.0,1025.0,1025.0,0.0,5.0,5125.0,0
2025-03-09,2025-03-09 12:00:00,1025.0,1025.0,1025.0,1025.0,0.0,5.0,5125.0,0
2025-03-09,2025-03-09 13:00:00,1025.0,1025.0,1025.0,1025.0,0.0,5.0,5125.0,0
2025-03-09,2025-03-09 14:00:00,1025.0,1025.0,1025.0,1025.0,0.0,5.0,5125.0,0
2025-03-09,2025-03-09 15:00:00,1025.0,1025.0,1025.0,1025.0,0.0,5.0,5125.0,0
2025-03-10,2025-03-10 11:00:00,1026.0,1026.0,1026.0,1026.0,0.0,5.0,5130.0,0
2025-03-10,2025-03-10 12:00:00,1026.0,1026.0,1026.0,1026.0,0.0,5.0,5130.0,0
2025-03-10,2025-03-10 13:00:00,1026.0,1026.0,1026.0,1026.0,0.0,5.0,5130.0,0
2025-03-10,2025-03-10 14:00:00,1026.0,1026.0,1026.0,1026.0,0.0,5.0,5130.0,0
2025-03-10,2025-03-10 15:00:00,1026.0,1026.0,1026.0,1026.0,0.0,5.0,5130.0,0
2025-03-11,2025-03-11 11:00:00,1025.0,1025.0,1025.0,1025.0,0.0,6.0,6150.0,0
2025-03-11,2025-03-11 12:00:00,1025.0,1025.0,1025.0,1025.0,0.0,6.0,6150.0,0
2025-03-11,2025-03-11 13:00:00,1025.0,1025.0,1025.0,1025.0,0.0,6.0,6150.0,0
2025-03-11,2025-03-11 14:00:00,1025.0,1025.0,1025.0,1025.0,0.0,6.0,6150.0,0
2025-03-11,2025-03-11 15:00:00,1025.0,1025.0,1025.0,1025.0,0.0,6.0,6150.0,0
2025-03-12,2025-03-12 11:00:00,1025.0,1025.0,1023.5,1024.25,-0.07,45.0,46065.0,-1
2025-03-12,2025-03-12 12:00:00,1024.25,1024.25,1023.5,1023.5,-0.07,45.0,46065.0,-1
2025-03-12,2025-03-12 13:00:00,1023.5,1023.5,1022.75,1022.75,-0.07,45.0,46065.0,-1
2025-03-12,2025-03-12 14:00:00,1022.75,1022.75,1022.0,1022.0,-0.07,45.0,46065.0,-1
2025-03-12,2025-03-12 15:00:00,1022.0,1025.0,1022.0,1022.0,0.0,45.0,46065.0,0
2025-03-16,2025-03-16 11:00:00,1025.0,1028.5,1023.25,1024.12,-0.09,42.0,43171.5,-1
2025-03-16,2025-03-16 12:00:00,1024.12,1024.12,1023.25,1023.25,-0.08,42.0,43171.5,-1
2025-03-16,2025-03-16 13:00:00,1023.25,1023.25,1022.38,1022.38,-0.09,42.0,43171.5,-1
2025-03-16,2025-03-16 14:00:00,1022.38,1022.38,1021.5,1021.5,-0.09,42.0,43171.5,-1
2025-03-16,2025-03-16 15:00:00,1021.5,1032.0,1021.5,1021.5,0.0,42.0,43171.5,0
2025-03-17,2025-03-17 11:00:00,1021.0,1021.0,1021.0,1021.0,0.0,0.2,204.2,0
2025-03-17,2025-03-17 12:00:00,1021.0,1021.0,1021.0,1021.0,0.0,0.2,204.2,0
2025-03-17,2025-03-17 13:00:00,1021.0,1021.0,1021.0,1021.0,0.0,0.2,204.2,0
2025-03-17,2025-03-17 14:00:00,1021.0,1021.0,1021.0,1021.0,0.0,0.2,204.2,0
2025-03-17,2025-03-17 15:00:00,1021.0,1021.0,1021.0,1021.0,0.0,0.2,204.2,0
2025-03-19,2025-03-19 11:00:00,1021.9,1021.9,1021.9,1021.9,0.0,0.2,204.38,0
2025-03-19,2025-03-19 12:00:00,1021.9,1021.9,1021.9,1021.9,0.0,0.2,204.38,0
2025-03-19,2025-03-19 13:00:00,1021.9,1021.9,1021.9,1021.9,0.0,0.2,204.38,0
2025-03-19,2025-03-19 14:00:00,1021.9,1021.9,1021.9,1021.9,0.0,0.2,204.38,0
2025-03-19,2025-03-19 15:00:00,1021.9,1021.9,1021.9,1021.9,0.0,0.2,204.38,0
2025-03-24,2025-03-24 11:00:00,1011.1,1012.25,1010.6,1011.58,0.05,301.0,304570.5,1
2025-03-24,2025-03-24 12:00:00,1011.58,1012.05,1011.58,1012.05,0.05,301.0,304570.5,1
2025-03-24,2025-03-24 13:00:00,1012.05,1012.52,1012.05,1012.52,0.05,301.0,304570.5,1
2025-03-24,2025-03-24 14:00:00,1012.52,1013.0,1012.52,1013.0,0.05,301.0,304570.5,1
2025-03-24,2025-03-24 15:00:00,1013.0,1013.4,1010.1,1013.0,0.0,301.0,304570.5,0
2025-03-27,2025-03-27 11:00:00,1033.2,1033.2,1033.2,1033.2,0.0,5.0,5166.0,0
2025-03-27,2025-03-27 12:00:00,1033.2,1033.2,1033.2,1033.2,0.0,5.0,5166.0,0
2025-03-27,2025-03-27 13:00:00,1033.2,1033.2,1033.2,1033.2,0.0,5.0,5166.0,0
2025-03-27,2025-03-27 14:00:00,1033.2,1033.2,1033.2,1033.2,0.0,5.0,5166.0,0
2025-03-27,2025-03-27 15:00:00,1033.2,1033.2,1033.2,1033.2,0.0,5.0,5166.0,0
2025-04-01,2025-04-01 11:00:00,1026.1,1028.55,1026.1,1027.32,0.12,10.0,10285.5,1
2025-04-01,2025-04-01 12:00:00,1027.32,1028.55,1027.32,1028.55,0.12,10.0,10285.5,1
2025-04-01,2025-04-01 13:00:00,1028.55,1029.78,1028.55,1029.78,0.12,10.0,10285.5,1
2025-04-01,2025-04-01 14:00:00,1029.78,1031.0,1029.78,1031.0,0.12,10.0,10285.5,1
2025-04-01,2025-04-01 15:00:00,1031.0,1031.0,1026.1,1031.0,0.0,10.0,10285.5,0
2025-04-02,2025-04-02 11:00:00,1036.0,1036.0,1036.0,1036.0,0.0,11.0,11396.0,0
2025-04-02,2025-04-02 12:00:00,1036.0,1036.0,1036.0,1036.0,0.0,11.0,11396.0,0
2025-04-02,2025-04-02 13:00:00,1036.0,1036.0,1036.0,1036.0,0.0,11.0,11396.0,0
2025-04-02,2025-04-02 14:00:00,1036.0,1036.0,1036.0,1036.0,0.0,11.0,11396.0,0
2025-04-02,2025-04-02 15:00:00,1036.0,1036.0,1036.0,1036.0,0.0,11.0,11396.0,0
2025-04-03,2025-04-03 11:00:00,1036.0,1036.75,1036.0,1036.75,0.07,0.6,623.4,1
2025-04-03,2025-04-03 12:00:00,1036.75,1037.5,1036.75,1037.5,0.07,0.6,623.4,1
2025-04-03,2025-04-03 13:00:00,1037.5,1038.25,1037.5,1038.25,0.07,0.6,623.4,1
2025-04-03,2025-04-03 14:00:00,1038.25,1039.0,1038.25,1039.0,0.07,0.6,623.4,1
2025-04-03,2025-04-03 15:00:00,1039.0,1039.0,1036.0,1039.0,0.0,0.6,623.4,0
2025-04-07,2025-04-07 11:00:00,1039.0,1039.0,1039.0,1039.0,0.0,5.0,5195.0,0
2025-04-07,2025-04-07 12:00:00,1039.0,1039.0,1039.0,1039.0,0.0,5.0,5195.0,0
2025-04-07,2025-04-07 13:00:00,1039.0,1039.0,1039.0,1039.0,0.0,5.0,5195.0,0
2025-04-07,2025-04-07 14:00:00,1039.0,1039.0,1039.0,1039.0,0.0,5.0,5195.0,0
2025-04-07,2025-04-07 15:00:00,1039.0,1039.0,1039.0,1039.0,0.0,5.0,5195.0,0
2025-04-13,2025-04-13 11:00:00,1055.0,1055.0,1051.0,1053.02,-0.19,15.6,16373.7,-1
2025-04-13,2025-04-13 12:00:00,1053.02,1053.02,1051.04,1051.04,-0.19,15.6,16373.7,-1
2025-04-13,2025-04-13 13:00:00,1051.04,1051.04,1049.06,1049.06,-0.19,15.6,16373.7,-1
2025-04-13,2025-04-13 14:00:00,1049.06,1049.06,1047.08,1047.08,-0.19,15.6,16373.7,-1
2025-04-13,2025-04-13 15:00:00,1047.08,1055.0,1047.0,1047.08,0.0,15.6,16373.7,0
2025-04-15,2025-04-15 11:00:00,1048.0,1051.5,1048.0,1048.0,0.0,25.0,26270.0,0
2025-04-15,2025-04-15 12:00:00,1048.0,1048.0,1048.0,1048.0,0.0,25.0,26270.0,0
2025-04-15,2025-04-15 13:00:00,1048.0,1048.0,1048.0,1048.0,0.0,25.0,26270.0,0
2025-04-15,2025-04-15 14:00:00,1048.0,1048.0,1048.0,1048.0,0.0,25.0,26270.0,0
2025-04-15,2025-04-15 15:00:00,1048.0,1055.0,1048.0,1048.0,0.0,25.0,26270.0,0
2025-04-16,2025-04-16 11:00:00,1048.0,1052.15,1048.0,1050.08,0.2,50.0,52709.72,1
2025-04-16,2025-04-16 12:00:00,1050.08,1052.15,1050.08,1052.15,0.2,50.0,52709.72,1
2025-04-16,2025-04-16 13:00:00,1052.15,1054.22,1052.15,1054.22,0.2,50.0,52709.72,1
2025-04-16,2025-04-16 14:00:00,1054.22,1056.3,1054.22,1056.3,0.2,50.0,52709.72,1
2025-04-16,2025-04-16 15:00:00,1056.3,1056.3,1048.0,1056.3,0.0,50.0,52709.72,0
2025-04-17,2025-04-17 11:00:00,1055.0,1055.0,1055.0,1055.0,0.0,5.0,5275.0,0
2025-04-17,2025-04-17 12:00:00,1055.0,1055.0,1055.0,1055.0,0.0,5.0,5275.0,0
2025-04-17,2025-04-17 13:00:00,1055.0,1055.0,1055.0,1055.0,0.0,5.0,5275.0,0
2025-04-17,2025-04-17 14:00:00,1055.0,1055.0,1055.0,1055.0,0.0,5.0,5275.0,0
2025-04-17,2025-04-17 15:00:00,1055.0,1055.0,1055.0,1055.0,0.0,5.0,5275.0,0
2025-04-20,2025-04-20 11:00:00,1066.0,1071.05,1066.0,1068.25,0.21,124.8,133450.1,1
2025-04-20,2025-04-20 12:00:00,1068.25,1070.5,1068.25,1070.5,0.21,124.8,133450.1,1
2025-04-20,2025-04-20 13:00:00,1070.5,1072.75,1070.5,1072.75,0.21,124.8,133450.1,1
2025-04-20,2025-04-20 14:00:00,1072.75,1075.0,1072.75,1075.0,0.21,124.8,133450.1,1
2025-04-20,2025-04-20 15:00:00,1075.0,1076.1,1066.0,1075.0,0.0,124.8,133450.1,0
2025-04-21,2025-04-21 11:00:00,1062.1,1062.1,1062.1,1062.1,0.0,5.4,5735.34,0
2025-04-21,2025-04-21 12:00:00,1062.1,1062.1,1062.1,1062.1,0.0,5.4,5735.34,0
2025-04-21,2025-04-21 13:00:00,1062.1,1062.1,1062.1,1062.1,0.0,5.4,5735.34,0
2025-04-21,2025-04-21 14:00:00,1062.1,1062.1,1062.1,1062.1,0.0,5.4,5735.34,0
2025-04-21,2025-04-21 15:00:00,1062.1,1062.1,1062.1,1062.1,0.0,5.4,5735.34,0
2025-04-22,2025-04-22 11:00:00,1059.0,1059.0,1059.0,1059.0,0.0,5.0,5295.0,0
2025-04-22,2025-04-22 12:00:00,1059.0,1059.0,1059.0,1059.0,0.0,5.0,5295.0,0
2025-04-22,2025-04-22 13:00:00,1059.0,1059.0,1059.0,1059.0,0.0,5.0,5295.0,0
2025-04-22,2025-04-22 14:00:00,1059.0,1059.0,1059.0,1059.0,0.0,5.0,5295.0,0
2025-04-22,2025-04-22 15:00:00,1059.0,1059.0,1059.0,1059.0,0.0,5.0,5295.0,0
2025-04-27,2025-04-27 11:00:00,1061.0,1071.6,1061.0,1061.25,0.02,43.0,46062.6,1
2025-04-27,2025-04-27 12:00:00,1061.25,1061.5,1061.25,1061.5,0.02,43.0,46062.6,1
2025-04-27,2025-04-27 13:00:00,1061.5,1061.75,1061.5,1061.75,0.02,43.0,46062.6,1
2025-04-27,2025-04-27 14:00:00,1061.75,1062.0,1061.75,1062.0,0.02,43.0,46062.6,1
2025-04-27,2025-04-27 15:00:00,1062.0,1082.2,1061.0,1062.0,0.0,43.0,46062.6,0
2025-05-05,2025-05-05 11:00:00,1062.0,1062.0,1060.05,1061.58,-0.04,20.4,21594.92,-1
2025-05-05,2025-05-05 12:00:00,1061.58,1061.58,1061.15,1061.15,-0.04,20.4,21594.92,-1
2025-05-05,2025-05-05 13:00:00,1061.15,1061.15,1060.72,1060.72,-0.04,20.4,21594.92,-1
2025-05-05,2025-05-05 14:00:00,1060.72,1060.72,1060.3,1060.3,-0.04,20.4,21594.92,-1
2025-05-05,2025-05-05 15:00:00,1060.3,1062.0,1058.1,1060.3,0.0,20.4,21594.92,0
2025-05-06,2025-05-06 11:00:00,1060.3,1061.15,1060.3,1060.72,0.04,5.0,5310.0,1
2025-05-06,2025-05-06 12:00:00,1060.72,1061.15,1060.72,1061.15,0.04,5.0,5310.0,1
2025-05-06,2025-05-06 13:00:00,1061.15,1061.58,1061.15,1061.58,0.04,5.0,5310.0,1
2025-05-06,2025-05-06 14:00:00,1061.58,1062.0,1061.58,1062.0,0.04,5.0,5310.0,1
2025-05-06,2025-05-06 15:00:00,1062.0,1062.0,1060.3,1062.0,0.0,5.0,5310.0,0
2025-05-08,2025-05-08 11:00:00,1070.0,1070.0,1070.0,1070.0,0.0,5.0,5350.0,0
2025-05-08,2025-05-08 12:00:00,1070.0,1070.0,1070.0,1070.0,0.0,5.0,5350.0,0
2025-05-08,2025-05-08 13:00:00,1070.0,1070.0,1070.0,1070.0,0.0,5.0,5350.0,0
2025-05-08,2025-05-08 14:00:00,1070.0,1070.0,1070.0,1070.0,0.0,5.0,5350.0,0
2025-05-08,2025-05-08 15:00:00,1070.0,1070.0,1070.0,1070.0,0.0,5.0,5350.0,0
2025-05-11,2025-05-11 11:00:00,1070.1,1070.1,1070.1,1070.1,0.0,10.0,10701.0,0
2025-05-11,2025-05-11 12:00:00,1070.1,1070.1,1070.1,1070.1,0.0,10.0,10701.0,0
2025-05-11,2025-05-11 13:00:00,1070.1,1070.1,1070.1,1070.1,0.0,10.0,10701.0,0
2025-05-11,2025-05-11 14:00:00,1070.1,1070.1,1070.1,1070.1,0.0,10.0,10701.0,0
2025-05-11,2025-05-11 15:00:00,1070.1,1070.1,1070.1,1070.1,0.0,10.0,10701.0,0
2025-05-13,2025-05-13 11:00:00,1070.0,1070.0,1064.7,1067.47,-0.24,10.4,11070.96,-1
2025-05-13,2025-05-13 12:00:00,1067.47,1067.47,1064.95,1064.95,-0.24,10.4,11070.96,-1
2025-05-13,2025-05-13 13:00:00,1064.95,1064.95,1062.43,1062.43,-0.24,10.4,11070.96,-1
2025-05-13,2025-05-13 14:00:00,1062.43,1062.43,1059.9,1059.9,-0.24,10.4,11070.96,-1
2025-05-13,2025-05-13 15:00:00,1059.9,1070.0,1059.4,1059.9,0.0,10.4,11070.96,0
2025-05-14,2025-05-14 11:00:00,1065.2,1065.2,1065.2,1065.2,0.0,5.0,5326.0,0
2025-05-14,2025-05-14 12:00:00,1065.2,1065.2,1065.2,1065.2,0.0,5.0,5326.0,0
2025-05-14,2025-05-14 13:00:00,1065.2,1065.2,1065.2,1065.2,0.0,5.0,5326.0,0
2025-05-14,2025-05-14 14:00:00,1065.2,1065.2,1065.2,1065.2,0.0,5.0,5326.0,0
2025-05-14,2025-05-14 15:00:00,1065.2,1065.2,1065.2,1065.2,0.0,5.0,5326.0,0
2025-05-15,2025-05-15 11:00:00,1070.1,1070.1,1070.1,1070.1,0.0,5.0,5350.5,0
2025-05-15,2025-05-15 12:00:00,1070.1,1070.1,1070.1,1070.1,0.0,5.0,5350.5,0
2025-05-15,2025-05-15 13:00:00,1070.1,1070.1,1070.1,1070.1,0.0,5.0,5350.5,0
2025-05-15,2025-05-15 14:00:00,1070.1,1070.1,1070.1,1070.1,0.0,5.0,5350.5,0
2025-05-15,2025-05-15 15:00:00,1070.1,1070.1,1070.1,1070.1,0.0,5.0,5350.5,0
2025-05-18,2025-05-18 11:00:00,1060.0,1062.6,1060.0,1061.3,0.12,10.0,10626.0,1
2025-05-18,2025-05-18 12:00:00,1061.3,1062.6,1061.3,1062.6,0.12,10.0,10626.0,1
2025-05-18,2025-05-18 13:00:00,1062.6,1063.9,1062.6,1063.9,0.12,10.0,10626.0,1
2025-05-18,2025-05-18 14:00:00,1063.9,1065.2,1063.9,1065.2,0.12,10.0,10626.0,1
2025-05-18,2025-05-18 15:00:00,1065.2,1065.2,1060.0,1065.2,0.0,10.0,10626.0,0
2025-05-19,2025-05-19 11:00:00,1066.0,1070.5,1066.0,1068.25,0.21,33.0,35223.0,1
2025-05-19,2025-05-19 12:00:00,1068.25,1070.5,1068.25,1070.5,0.21,33.0,35223.0,1
2025-05-19,2025-05-19 13:00:00,1070.5,1072.75,1070.5,1072.75,0.21,33.0,35223.0,1
2025-05-19,2025-05-19 14:00:00,1072.75,1075.0,1072.75,1075.0,0.21,33.0,35223.0,1
2025-05-19,2025-05-19 15:00:00,1075.0,1075.0,1066.0,1075.0,0.0,33.0,35223.0,0
2025-05-20,2025-05-20 11:00:00,1060.18,1070.09,1060.18,1065.13,0.47,14.0,14931.9,1
2025-05-20,2025-05-20 12:00:00,1065.13,1070.09,1065.13,1070.09,0.47,14.0,14931.9,1
2025-05-20,2025-05-20 13:00:00,1070.09,1075.05,1070.09,1075.05,0.46,14.0,14931.9,1
2025-05-20,2025-05-20 14:00:00,1075.05,1080.0,1075.05,1080.0,0.46,14.0,14931.9,1
2025-05-20,2025-05-20 15:00:00,1080.0,1080.0,1060.18,1080.0,0.0,14.0,14931.9,0
2025-05-21,2025-05-21 11:00:00,1070.0,1070.0,1070.0,1070.0,0.0,5.0,5350.0,0
2025-05-21,2025-05-21 12:00:00,1070.0,1070.0,1070.0,1070.0,0.0,5.0,5350.0,0
2025-05-21,2025-05-21 13:00:00,1070.0,1070.0,1070.0,1070.0,0.0,5.0,5350.0,0
2025-05-21,2025-05-21 14:00:00,1070.0,1070.0,1070.0,1070.0,0.0,5.0,5350.0,0
2025-05-21,2025-05-21 15:00:00,1070.0,1070.0,1070.0,1070.0,0.0,5.0,5350.0,0
2025-05-26,2025-05-26 11:00:00,1066.0,1066.0,1062.5,1064.5,-0.14,20.0,21255.0,-1
2025-05-26,2025-05-26 12:00:00,1064.5,1064.5,1063.0,1063.0,-0.14,20.0,21255.0,-1
2025-05-26,2025-05-26 13:00:00,1063.0,1063.0,1061.5,1061.5,-0.14,20.0,21255.0,-1
2025-05-26,2025-05-26 14:00:00,1061.5,1061.5,1060.0,1060.0,-0.14,20.0,21255.0,-1
2025-05-26,2025-05-26 15:00:00,1060.0,1066.0,1059.0,1060.0,0.0,20.0,21255.0,0
2025-05-27,2025-05-27 11:00:00,1061.2,1072.25,1061.2,1066.67,0.52,58.2,62006.9,1
2025-05-27,2025-05-27 12:00:00,1066.67,1072.14,1066.67,1072.14,0.51,58.2,62006.9,1
2025-05-27,2025-05-27 13:00:00,1072.14,1077.61,1072.14,1077.61,0.51,58.2,62006.9,1
2025-05-27,2025-05-27 14:00:00,1077.61,1083.08,1077.61,1083.08,0.51,58.2,62006.9,1
2025-05-27,2025-05-27 15:00:00,1083.08,1083.3,1061.2,1083.08,0.0,58.2,62006.9,0
2025-06-04,2025-06-04 11:00:00,1062.0,1062.0,1062.0,1062.0,0.0,10.0,10620.0,0
2025-06-04,2025-06-04 12:00:00,1062.0,1062.0,1062.0,1062.0,0.0,10.0,10620.0,0
2025-06-04,2025-06-04 13:00:00,1062.0,1062.0,1062.0,1062.0,0.0,10.0,10620.0,0
2025-06-04,2025-06-04 14:00:00,1062.0,1062.0,1062.0,1062.0,0.0,10.0,10620.0,0
2025-06-04,2025-06-04 15:00:00,1062.0,1062.0,1062.0,1062.0,0.0,10.0,10620.0,0
2025-06-05,2025-06-05 11:00:00,1065.1,1065.1,1065.1,1065.1,0.0,5.0,5325.5,0
2025-06-05,2025-06-05 12:00:00,1065.1,1065.1,1065.1,1065.1,0.0,5.0,5325.5,0
2025-06-05,2025-06-05 13:00:00,1065.1,1065.1,1065.1,1065.1,0.0,5.0,5325.5,0
2025-06-05,2025-06-05 14:00:00,1065.1,1065.1,1065.1,1065.1,0.0,5.0,5325.5,0
2025-06-05,2025-06-05 15:00:00,1065.1,1065.1,1065.1,1065.1,0.0,5.0,5325.5,0
2025-06-09,2025-06-09 11:00:00,1066.0,1066.0,1066.0,1066.0,0.0,15.0,15990.0,0
2025-06-09,2025-06-09 12:00:00,1066.0,1066.0,1066.0,1066.0,0.0,15.0,15990.0,0
2025-06-09,2025-06-09 13:00:00,1066.0,1066.0,1066.0,1066.0,0.0,15.0,15990.0,0
2025-06-09,2025-06-09 14:00:00,1066.0,1066.0,1066.0,1066.0,0.0,15.0,15990.0,0
2025-06-09,2025-06-09 15:00:00,1066.0,1066.0,1066.0,1066.0,0.0,15.0,15990.0,0
2025-06-11,2025-06-11 11:00:00,1055.0,1055.0,1055.0,1055.0,0.0,5.0,5275.0,0
2025-06-11,2025-06-11 12:00:00,1055.0,1055.0,1055.0,1055.0,0.0,5.0,5275.0,0
2025-06-11,2025-06-11 13:00:00,1055.0,1055.0,1055.0,1055.0,0.0,5.0,5275.0,0
2025-06-11,2025-06-11 14:00:00,1055.0,1055.0,1055.0,1055.0,0.0,5.0,5275.0,0
2025-06-11,2025-06-11 15:00:00,1055.0,1055.0,1055.0,1055.0,0.0,5.0,5275.0,0
2025-06-15,2025-06-15 11:00:00,1055.0,1055.0,1055.0,1055.0,0.0,5.0,5275.0,0
2025-06-15,2025-06-15 12:00:00,1055.0,1055.0,1055.0,1055.0,0.0,5.0,5275.0,0
2025-06-15,2025-06-15 13:00:00,1055.0,1055.0,1055.0,1055.0,0.0,5.0,5275.0,0
2025-06-15,2025-06-15 14:00:00,1055.0,1055.0,1055.0,1055.0,0.0,5.0,5275.0,0
2025-06-15,2025-06-15 15:00:00,1055.0,1055.0,1055.0,1055.0,0.0,5.0,5275.0,0
2025-06-16,2025-06-16 11:00:00,1038.6,1038.6,1038.6,1038.6,0.0,5.0,5193.0,0
2025-06-16,2025-06-16 12:00:00,1038.6,1038.6,1038.6,1038.6,0.0,5.0,5193.0,0
2025-06-16,2025-06-16 13:00:00,1038.6,1038.6,1038.6,1038.6,0.0,5.0,5193.0,0
2025-06-16,2025-06-16 14:00:00,1038.6,1038.6,1038.6,1038.6,0.0,5.0,5193.0,0
2025-06-16,2025-06-16 15:00:00,1038.6,1038.6,1038.6,1038.6,0.0,5.0,5193.0,0
2025-06-18,2025-06-18 11:00:00,1046.1,1052.05,1046.1,1046.32,0.02,15.0,15755.5,1
2025-06-18,2025-06-18 12:00:00,1046.32,1046.55,1046.32,1046.55,0.02,15.0,15755.5,1
2025-06-18,2025-06-18 13:00:00,1046.55,1046.78,1046.55,1046.78,0.02,15.0,15755.5,1
2025-06-18,2025-06-18 14:00:00,1046.78,1047.0,1046.78,1047.0,0.02,15.0,15755.5,1
2025-06-18,2025-06-18 15:00:00,1047.0,1058.0,1046.1,1047.0,0.0,15.0,15755.5,0
2025-06-19,2025-06-19 11:00:00,1042.2,1042.2,1042.2,1042.2,0.0,5.0,5211.0,0
2025-06-19,2025-06-19 12:00:00,1042.2,1042.2,1042.2,1042.2,0.0,5.0,5211.0,0
2025-06-19,2025-06-19 13:00:00,1042.2,1042.2,1042.2,1042.2,0.0,5.0,5211.0,0
2025-06-19,2025-06-19 14:00:00,1042.2,1042.2,1042.2,1042.2,0.0,5.0,5211.0,0
2025-06-19,2025-06-19 15:00:00,1042.2,1042.2,1042.2,1042.2,0.0,5.0,5211.0,0
2025-06-22,2025-06-22 11:00:00,1063.0,1063.0,1063.0,1063.0,0.0,5.0,5315.0,0
2025-06-22,2025-06-22 12:00:00,1063.0,1063.0,1063.0,1063.0,0.0,5.0,5315.0,0
2025-06-22,2025-06-22 13:00:00,1063.0,1063.0,1063.0,1063.0,0.0,5.0,5315.0,0
2025-06-22,2025-06-22 14:00:00,1063.0,1063.0,1063.0,1063.0,0.0,5.0,5315.0,0
2025-06-22,2025-06-22 15:00:00,1063.0,1063.0,1063.0,1063.0,0.0,5.0,5315.0,0
2025-06-23,2025-06-23 11:00:00,1066.0,1066.0,1066.0,1066.0,0.0,10.0,10660.0,0
2025-06-23,2025-06-23 12:00:00,1066.0,1066.0,1066.0,1066.0,0.0,10.0,10660.0,0
2025-06-23,2025-06-23 13:00:00,1066.0,1066.0,1066.0,1066.0,0.0,10.0,10660.0,0
2025-06-23,2025-06-23 14:00:00,1066.0,1066.0,1066.0,1066.0,0.0,10.0,10660.0,0
2025-06-23,2025-06-23 15:00:00,1066.0,1066.0,1066.0,1066.0,0.0,10.0,10660.0,0
2025-06-26,2025-06-26 11:00:00,1046.0,1046.0,1045.4,1045.7,-0.03,10.0,10454.0,-1
2025-06-26,2025-06-26 12:00:00,1045.7,1045.7,1045.4,1045.4,-0.03,10.0,10454.0,-1
2025-06-26,2025-06-26 13:00:00,1045.4,1045.4,1045.1,1045.1,-0.03,10.0,10454.0,-1
2025-06-26,2025-06-26 14:00:00,1045.1,1045.1,1044.8,1044.8,-0.03,10.0,10454.0,-1
2025-06-26,2025-06-26 15:00:00,1044.8,1046.0,1044.8,1044.8,0.0,10.0,10454.0,0
2025-06-30,2025-06-30 11:00:00,1038.1,1038.1,1038.1,1038.1,0.0,5.0,5190.5,0
2025-06-30,2025-06-30 12:00:00,1038.1,1038.1,1038.1,1038.1,0.0,5.0,5190.5,0
2025-06-30,2025-06-30 13:00:00,1038.1,1038.1,1038.1,1038.1,0.0,5.0,5190.5,0
2025-06-30,2025-06-30 14:00:00,1038.1,1038.1,1038.1,1038.1,0.0,5.0,5190.5,0
2025-06-30,2025-06-30 15:00:00,1038.1,1038.1,1038.1,1038.1,0.0,5.0,5190.5,0
2025-07-01,2025-07-01 11:00:00,1058.5,1058.51,1058.5,1058.51,0.0,5.4,5716.02,1
2025-07-01,2025-07-01 12:00:00,1058.51,1058.51,1058.51,1058.51,0.0,5.4,5716.02,0
2025-07-01,2025-07-01 13:00:00,1058.51,1058.51,1058.51,1058.51,0.0,5.4,5716.02,0
2025-07-01,2025-07-01 14:00:00,1058.51,1058.52,1058.51,1058.52,0.0,5.4,5716.02,1
2025-07-01,2025-07-01 15:00:00,1058.52,1058.52,1058.5,1058.52,0.0,5.4,5716.02,0
2025-07-02,2025-07-02 11:00:00,1040.3,1040.3,1040.3,1040.3,0.0,6.0,6241.8,0
2025-07-02,2025-07-02 12:00:00,1040.3,1040.3,1040.3,1040.3,0.0,6.0,6241.8,0
2025-07-02,2025-07-02 13:00:00,1040.3,1040.3,1040.3,1040.3,0.0,6.0,6241.8,0
2025-07-02,2025-07-02 14:00:00,1040.3,1040.3,1040.3,1040.3,0.0,6.0,6241.8,0
2025-07-02,2025-07-02 15:00:00,1040.3,1040.3,1040.3,1040.3,0.0,6.0,6241.8,0
2025-07-07,2025-07-07 11:00:00,1050.0,1050.0,1050.0,1050.0,0.0,5.0,5250.0,0
2025-07-07,2025-07-07 12:00:00,1050.0,1050.0,1050.0,1050.0,0.0,5.0,5250.0,0
2025-07-07,2025-07-07 13:00:00,1050.0,1050.0,1050.0,1050.0,0.0,5.0,5250.0,0
2025-07-07,2025-07-07 14:00:00,1050.0,1050.0,1050.0,1050.0,0.0,5.0,5250.0,0
2025-07-07,2025-07-07 15:00:00,1050.0,1050.0,1050.0,1050.0,0.0,5.0,5250.0,0
2025-07-09,2025-07-09 11:00:00,1060.0,1060.0,1055.05,1057.53,-0.23,10.0,10550.5,-1
2025-07-09,2025-07-09 12:00:00,1057.53,1057.53,1055.05,1055.05,-0.23,10.0,10550.5,-1
2025-07-09,2025-07-09 13:00:00,1055.05,1055.05,1052.57,1052.57,-0.24,10.0,10550.5,-1
2025-07-09,2025-07-09 14:00:00,1052.57,1052.57,1050.1,1050.1,-0.23,10.0,10550.5,-1
2025-07-09,2025-07-09 15:00:00,1050.1,1060.0,1050.1,1050.1,0.0,10.0,10550.5,0
2025-07-14,2025-07-14 11:00:00,1050.0,1055.0,1047.6,1048.83,-0.11,45.0,47206.0,-1
2025-07-14,2025-07-14 12:00:00,1048.83,1048.83,1047.65,1047.65,-0.11,45.0,47206.0,-1
2025-07-14,2025-07-14 13:00:00,1047.65,1047.65,1046.47,1046.47,-0.11,45.0,47206.0,-1
2025-07-14,2025-07-14 14:00:00,1046.47,1046.47,1045.3,1045.3,-0.11,45.0,47206.0,-1
2025-07-14,2025-07-14 15:00:00,1045.3,1060.0,1045.2,1045.3,0.0,45.0,47206.0,0
2025-07-15,2025-07-15 11:00:00,1066.2,1066.2,1066.2,1066.2,0.0,26.8,28574.16,0
2025-07-15,2025-07-15 12:00:00,1066.2,1066.2,1066.2,1066.2,0.0,26.8,28574.16,0
2025-07-15,2025-07-15 13:00:00,1066.2,1066.2,1066.2,1066.2,0.0,26.8,28574.16,0
2025-07-15,2025-07-15 14:00:00,1066.2,1066.2,1066.2,1066.2,0.0,26.8,28574.16,0
2025-07-15,2025-07-15 15:00:00,1066.2,1066.2,1066.2,1066.2,0.0,26.8,28574.16,0
2025-07-16,2025-07-16 11:00:00,1052.5,1052.5,1052.5,1052.5,0.0,10.0,10525.0,0
2025-07-16,2025-07-16 12:00:00,1052.5,1052.5,1052.5,1052.5,0.0,10.0,10525.0,0
2025-07-16,2025-07-16 13:00:00,1052.5,1052.5,1052.5,1052.5,0.0,10.0,10525.0,0
2025-07-16,2025-07-16 14:00:00,1052.5,1052.5,1052.5,1052.5,0.0,10.0,10525.0,0
2025-07-16,2025-07-16 15:00:00,1052.5,1052.5,1052.5,1052.5,0.0,10.0,10525.0,0
2025-07-17,2025-07-17 11:00:00,1052.0,1052.0,1041.5,1046.75,-0.5,25.0,26195.0,-1
2025-07-17,2025-07-17 12:00:00,1046.75,1046.75,1041.5,1041.5,-0.5,25.0,26195.0,-1
2025-07-17,2025-07-17 13:00:00,1041.5,1041.5,1036.25,1036.25,-0.5,25.0,26195.0,-1
2025-07-17,2025-07-17 14:00:00,1036.25,1036.25,1031.0,1031.0,-0.51,25.0,26195.0,-1
2025-07-17,2025-07-17 15:00:00,1031.0,1052.0,1031.0,1031.0,0.0,25.0,26195.0,0
2025-07-20,2025-07-20 11:00:00,1031.0,1031.0,1031.0,1031.0,0.0,5.0,5155.0,0
2025-07-20,2025-07-20 12:00:00,1031.0,1031.0,1031.0,1031.0,0.0,5.0,5155.0,0
2025-07-20,2025-07-20 13:00:00,1031.0,1031.0,1031.0,1031.0,0.0,5.0,5155.0,0
2025-07-20,2025-07-20 14:00:00,1031.0,1031.0,1031.0,1031.0,0.0,5.0,5155.0,0
2025-07-20,2025-07-20 15:00:00,1031.0,1031.0,1031.0,1031.0,0.0,5.0,5155.0,0
2025-07-21,2025-07-21 11:00:00,1031.0,1031.0,1031.0,1031.0,0.0,10.0,10310.0,0
2025-07-21,2025-07-21 12:00:00,1031.0,1031.0,1031.0,1031.0,0.0,10.0,10310.0,0
2025-07-21,2025-07-21 13:00:00,1031.0,1031.0,1031.0,1031.0,0.0,10.0,10310.0,0
2025-07-21,2025-07-21 14:00:00,1031.0,1031.0,1031.0,1031.0,0.0,10.0,10310.0,0
2025-07-21,2025-07-21 15:00:00,1031.0,1031.0,1031.0,1031.0,0.0,10.0,10310.0,0
2025-07-22,2025-07-22 11:00:00,1049.0,1049.5,1049.0,1049.25,0.02,45.0,47210.0,1
2025-07-22,2025-07-22 12:00:00,1049.25,1049.5,1049.25,1049.5,0.02,45.0,47210.0,1
2025-07-22,2025-07-22 13:00:00,1049.5,1049.75,1049.5,1049.75,0.02,45.0,47210.0,1
2025-07-22,2025-07-22 14:00:00,1049.75,1050.0,1049.75,1050.0,0.02,45.0,47210.0,1
2025-07-22,2025-07-22 15:00:00,1050.0,1050.0,1049.0,1050.0,0.0,45.0,47210.0,0
2025-07-24,2025-07-24 11:00:00,1035.0,1038.5,1035.0,1036.75,0.17,15.0,15595.0,1
2025-07-24,2025-07-24 12:00:00,1036.75,1038.5,1036.75,1038.5,0.17,15.0,15595.0,1
2025-07-24,2025-07-24 13:00:00,1038.5,1040.25,1038.5,1040.25,0.17,15.0,15595.0,1
2025-07-24,2025-07-24 14:00:00,1040.25,1042.0,1040.25,1042.0,0.17,15.0,15595.0,1
2025-07-24,2025-07-24 15:00:00,1042.0,1042.0,1035.0,1042.0,0.0,15.0,15595.0,0
2025-07-27,2025-07-27 11:00:00,1032.0,1037.0,1032.0,1034.0,0.19,21.0,21815.0,1
2025-07-27,2025-07-27 12:00:00,1034.0,1036.0,1034.0,1036.0,0.19,21.0,21815.0,1
2025-07-27,2025-07-27 13:00:00,1036.0,1038.0,1036.0,1038.0,0.19,21.0,21815.0,1
2025-07-27,2025-07-27 14:00:00,1038.0,1040.0,1038.0,1040.0,0.19,21.0,21815.0,1
2025-07-27,2025-07-27 15:00:00,1040.0,1042.0,1032.0,1040.0,0.0,21.0,21815.0,0
2025-07-28,2025-07-28 11:00:00,1040.0,1040.0,1040.0,1040.0,0.0,10.0,10400.0,0
2025-07-28,2025-07-28 12:00:00,1040.0,1040.0,1040.0,1040.0,0.0,10.0,10400.0,0
2025-07-28,2025-07-28 13:00:00,1040.0,1040.0,1040.0,1040.0,0.0,10.0,10400.0,0
2025-07-28,2025-07-28 14:00:00,1040.0,1040.0,1040.0,1040.0,0.0,10.0,10400.0,0
2025-07-28,2025-07-28 15:00:00,1040.0,1040.0,1040.0,1040.0,0.0,10.0,10400.0,0
2025-07-29,2025-07-29 11:00:00,1042.0,1042.0,1042.0,1042.0,0.0,5.0,5210.0,0
2025-07-29,2025-07-29 12:00:00,1042.0,1042.0,1042.0,1042.0,0.0,5.0,5210.0,0
2025-07-29,2025-07-29 13:00:00,1042.0,1042.0,1042.0,1042.0,0.0,5.0,5210.0,0
2025-07-29,2025-07-29 14:00:00,1042.0,1042.0,1042.0,1042.0,0.0,5.0,5210.0,0
2025-07-29,2025-07-29 15:00:00,1042.0,1042.0,1042.0,1042.0,0.0,5.0,5210.0,0
2025-07-30,2025-07-30 11:00:00,1045.0,1045.0,1042.5,1043.75,-0.12,20.0,20850.0,-1
2025-07-30,2025-07-30 12:00:00,1043.75,1043.75,1042.5,1042.5,-0.12,20.0,20850.0,-1
2025-07-30,2025-07-30 13:00:00,1042.5,1042.5,1041.25,1041.25,-0.12,20.0,20850.0,-1
2025-07-30,2025-07-30 14:00:00,1041.25,1041.25,1040.0,1040.0,-0.12,20.0,20850.0,-1
2025-07-30,2025-07-30 15:00:00,1040.0,1045.0,1040.0,1040.0,0.0,20.0,20850.0,0
2025-07-31,2025-07-31 11:00:00,1040.0,1040.0,1040.0,1040.0,0.0,5.0,5200.0,0
2025-07-31,2025-07-31 12:00:00,1040.0,1040.0,1040.0,1040.0,0.0,5.0,5200.0,0
2025-07-31,2025-07-31 13:00:00,1040.0,1040.0,1040.0,1040.0,0.0,5.0,5200.0,0
2025-07-31,2025-07-31 14:00:00,1040.0,1040.0,1040.0,1040.0,0.0,5.0,5200.0,0
2025-07-31,2025-07-31 15:00:00,1040.0,1040.0,1040.0,1040.0,0.0,5.0,5200.0,0
2025-08-03,2025-08-03 11:00:00,1041.0,1041.0,1040.5,1040.75,-0.02,10.0,10405.0,-1
2025-08-03,2025-08-03 12:00:00,1040.75,1040.75,1040.5,1040.5,-0.02,10.0,10405.0,-1
2025-08-03,2025-08-03 13:00:00,1040.5,1040.5,1040.25,1040.25,-0.02,10.0,10405.0,-1
2025-08-03,2025-08-03 14:00:00,1040.25,1040.25,1040.0,1040.0,-0.02,10.0,10405.0,-1
2025-08-03,2025-08-03 15:00:00,1040.0,1041.0,1040.0,1040.0,0.0,10.0,10405.0,0
2025-08-04,2025-08-04 11:00:00,1038.0,1039.0,1036.55,1038.25,0.02,45.0,46755.5,1
2025-08-04,2025-08-04 12:00:00,1038.25,1038.51,1038.25,1038.51,0.03,45.0,46755.5,1
2025-08-04,2025-08-04 13:00:00,1038.51,1038.76,1038.51,1038.76,0.02,45.0,46755.5,1
2025-08-04,2025-08-04 14:00:00,1038.76,1039.01,1038.76,1039.01,0.02,45.0,46755.5,1
2025-08-04,2025-08-04 15:00:00,1039.01,1040.0,1035.1,1039.01,0.0,45.0,46755.5,0
2025-08-05,2025-08-05 11:00:00,1035.0,1040.05,1035.0,1037.53,0.24,10.0,10400.5,1
2025-08-05,2025-08-05 12:00:00,1037.53,1040.05,1037.53,1040.05,0.24,10.0,10400.5,1
2025-08-05,2025-08-05 13:00:00,1040.05,1042.57,1040.05,1042.57,0.24,10.0,10400.5,1
2025-08-05,2025-08-05 14:00:00,1042.57,1045.1,1042.57,1045.1,0.24,10.0,10400.5,1
2025-08-05,2025-08-05 15:00:00,1045.1,1045.1,1035.0,1045.1,0.0,10.0,10400.5,0
2025-08-06,2025-08-06 11:00:00,1045.0,1045.05,1038.0,1043.75,-0.12,65.0,67515.5,-1
2025-08-06,2025-08-06 12:00:00,1043.75,1043.75,1042.5,1042.5,-0.12,65.0,67515.5,-1
2025-08-06,2025-08-06 13:00:00,1042.5,1042.5,1041.25,1041.25,-0.12,65.0,67515.5,-1
2025-08-06,2025-08-06 14:00:00,1041.25,1041.25,1040.0,1040.0,-0.12,65.0,67515.5,-1
2025-08-06,2025-08-06 15:00:00,1040.0,1045.1,1031.0,1040.0,0.0,65.0,67515.5,0
2025-08-11,2025-08-11 11:00:00,1026.0,1026.0,1026.0,1026.0,0.0,5.0,5130.0,0
2025-08-11,2025-08-11 12:00:00,1026.0,1026.0,1026.0,1026.0,0.0,5.0,5130.0,0
2025-08-11,2025-08-11 13:00:00,1026.0,1026.0,1026.0,1026.0,0.0,5.0,5130.0,0
2025-08-11,2025-08-11 14:00:00,1026.0,1026.0,1026.0,1026.0,0.0,5.0,5130.0,0
2025-08-11,2025-08-11 15:00:00,1026.0,1026.0,1026.0,1026.0,0.0,5.0,5130.0,0
2025-08-13,2025-08-13 11:00:00,1030.0,1030.0,1030.0,1030.0,0.0,10.0,10300.0,0
2025-08-13,2025-08-13 12:00:00,1030.0,1030.0,1030.0,1030.0,0.0,10.0,10300.0,0
2025-08-13,2025-08-13 13:00:00,1030.0,1030.0,1030.0,1030.0,0.0,10.0,10300.0,0
2025-08-13,2025-08-13 14:00:00,1030.0,1030.0,1030.0,1030.0,0.0,10.0,10300.0,0
2025-08-13,2025-08-13 15:00:00,1030.0,1030.0,1030.0,1030.0,0.0,10.0,10300.0,0
2025-08-24,2025-08-24 11:00:00,1015.5,1015.5,1015.5,1015.5,0.0,5.0,5077.5,0
2025-08-24,2025-08-24 12:00:00,1015.5,1015.5,1015.5,1015.5,0.0,5.0,5077.5,0
2025-08-24,2025-08-24 13:00:00,1015.5,1015.5,1015.5,1015.5,0.0,5.0,5077.5,0
2025-08-24,2025-08-24 14:00:00,1015.5,1015.5,1015.5,1015.5,0.0,5.0,5077.5,0
2025-08-24,2025-08-24 15:00:00,1015.5,1015.5,1015.5,1015.5,0.0,5.0,5077.5,0
2025-08-26,2025-08-26 11:00:00,1035.8,1035.8,1035.8,1035.8,0.0,5.0,5179.0,0
2025-08-26,2025-08-26 12:00:00,1035.8,1035.8,1035.8,1035.8,0.0,5.0,5179.0,0
2025-08-26,2025-08-26 13:00:00,1035.8,1035.8,1035.8,1035.8,0.0,5.0,5179.0,0
2025-08-26,2025-08-26 14:00:00,1035.8,1035.8,1035.8,1035.8,0.0,5.0,5179.0,0
2025-08-26,2025-08-26 15:00:00,1035.8,1035.8,1035.8,1035.8,0.0,5.0,5179.0,0
2025-08-28,2025-08-28 11:00:00,1038.1,1038.1,1038.1,1038.1,0.0,10.0,10381.0,0
2025-08-28,2025-08-28 12:00:00,1038.1,1038.1,1038.1,1038.1,0.0,10.0,10381.0,0
2025-08-28,2025-08-28 13:00:00,1038.1,1038.1,1038.1,1038.1,0.0,10.0,10381.0,0
2025-08-28,2025-08-28 14:00:00,1038.1,1038.1,1038.1,1038.1,0.0,10.0,10381.0,0
2025-08-28,2025-08-28 15:00:00,1038.1,1038.1,1038.1,1038.1,0.0,10.0,10381.0,0
2025-09-01,2025-09-01 11:00:00,1058.8,1058.8,1058.8,1058.8,0.0,5.0,5294.0,0
2025-09-01,2025-09-01 12:00:00,1058.8,1058.8,1058.8,1058.8,0.0,5.0,5294.0,0
2025-09-01,2025-09-01 13:00:00,1058.8,1058.8,1058.8,1058.8,0.0,5.0,5294.0,0
2025-09-01,2025-09-01 14:00:00,1058.8,1058.8,1058.8,1058.8,0.0,5.0,5294.0,0
2025-09-01,2025-09-01 15:00:00,1058.8,1058.8,1058.8,1058.8,0.0,5.0,5294.0,0
2025-09-07,2025-09-07 11:00:00,1052.5,1074.5,1052.5,1063.5,1.05,53.4,58194.06,1
2025-09-07,2025-09-07 12:00:00,1063.5,1074.5,1063.5,1074.5,1.03,53.4,58194.06,1
2025-09-07,2025-09-07 13:00:00,1074.5,1085.5,1074.5,1085.5,1.02,53.4,58194.06,1
2025-09-07,2025-09-07 14:00:00,1085.5,1096.5,1085.5,1096.5,1.01,53.4,58194.06,1
2025-09-07,2025-09-07 15:00:00,1096.5,1096.5,1052.5,1096.5,0.0,53.4,58194.06,0
2025-09-08,2025-09-08 11:00:00,1090.0,1090.0,1090.0,1090.0,0.0,10.0,10900.0,0
2025-09-08,2025-09-08 12:00:00,1090.0,1090.0,1090.0,1090.0,0.0,10.0,10900.0,0
2025-09-08,2025-09-08 13:00:00,1090.0,1090.0,1090.0,1090.0,0.0,10.0,10900.0,0
2025-09-08,2025-09-08 14:00:00,1090.0,1090.0,1090.0,1090.0,0.0,10.0,10900.0,0
2025-09-08,2025-09-08 15:00:00,1090.0,1090.0,1090.0,1090.0,0.0,10.0,10900.0,0
2025-09-21,2025-09-21 11:00:00,1090.0,1090.0,1090.0,1090.0,0.0,5.0,5450.0,0
2025-09-21,2025-09-21 12:00:00,1090.0,1090.0,1090.0,1090.0,0.0,5.0,5450.0,0
2025-09-21,2025-09-21 13:00:00,1090.0,1090.0,1090.0,1090.0,0.0,5.0,5450.0,0
2025-09-21,2025-09-21 14:00:00,1090.0,1090.0,1090.0,1090.0,0.0,5.0,5450.0,0
2025-09-21,2025-09-21 15:00:00,1090.0,1090.0,1090.0,1090.0,0.0,5.0,5450.0,0
2025-09-25,2025-09-25 11:00:00,1111.5,1122.25,1111.5,1111.58,0.01,314.6,354011.68,1
2025-09-25,2025-09-25 12:00:00,1111.58,1111.65,1111.58,1111.65,0.01,314.6,354011.68,1
2025-09-25,2025-09-25 13:00:00,1111.65,1111.72,1111.65,1111.72,0.01,314.6,354011.68,1
2025-09-25,2025-09-25 14:00:00,1111.72,1111.8,1111.72,1111.8,0.01,314.6,354011.68,1
2025-09-25,2025-09-25 15:00:00,1111.8,1133.0,1111.5,1111.8,0.0,314.6,354011.68,0
2025-10-12,2025-10-12 11:00:00,1091.0,1091.0,1091.0,1091.0,0.0,5.0,5455.0,0
2025-10-12,2025-10-12 12:00:00,1091.0,1091.0,1091.0,1091.0,0.0,5.0,5455.0,0
2025-10-12,2025-10-12 13:00:00,1091.0,1091.0,1091.0,1091.0,0.0,5.0,5455.0,0
2025-10-12,2025-10-12 14:00:00,1091.0,1091.0,1091.0,1091.0,0.0,5.0,5455.0,0
2025-10-12,2025-10-12 15:00:00,1091.0,1091.0,1091.0,1091.0,0.0,5.0,5455.0,0
2025-10-26,2025-10-26 11:00:00,1100.0,1100.0,1100.0,1100.0,0.0,5.0,5500.0,0
2025-10-26,2025-10-26 12:00:00,1100.0,1100.0,1100.0,1100.0,0.0,5.0,5500.0,0
2025-10-26,2025-10-26 13:00:00,1100.0,1100.0,1100.0,1100.0,0.0,5.0,5500.0,0
2025-10-26,2025-10-26 14:00:00,1100.0,1100.0,1100.0,1100.0,0.0,5.0,5500.0,0
2025-10-26,2025-10-26 15:00:00,1100.0,1100.0,1100.0,1100.0,0.0,5.0,5500.0,0
2025-10-28,2025-10-28 11:00:00,1122.0,1122.0,1122.0,1122.0,0.0,5.0,5610.0,0
2025-10-28,2025-10-28 12:00:00,1122.0,1122.0,1122.0,1122.0,0.0,5.0,5610.0,0
2025-10-28,2025-10-28 13:00:00,1122.0,1122.0,1122.0,1122.0,0.0,5.0,5610.0,0
2025-10-28,2025-10-28 14:00:00,1122.0,1122.0,1122.0,1122.0,0.0,5.0,5610.0,0
2025-10-28,2025-10-28 15:00:00,1122.0,1122.0,1122.0,1122.0,0.0,5.0,5610.0,0
2025-10-29,2025-10-29 11:00:00,1105.0,1105.0,1105.0,1105.0,0.0,5.0,5525.0,0
2025-10-29,2025-10-29 12:00:00,1105.0,1105.0,1105.0,1105.0,0.0,5.0,5525.0,0
2025-10-29,2025-10-29 13:00:00,1105.0,1105.0,1105.0,1105.0,0.0,5.0,5525.0,0
2025-10-29,2025-10-29 14:00:00,1105.0,1105.0,1105.0,1105.0,0.0,5.0,5525.0,0
2025-10-29,2025-10-29 15:00:00,1105.0,1105.0,1105.0,1105.0,0.0,5.0,5525.0,0
2025-10-30,2025-10-30 11:00:00,1087.1,1087.1,1087.1,1087.1,0.0,5.0,5435.5,0
2025-10-30,2025-10-30 12:00:00,1087.1,1087.1,1087.1,1087.1,0.0,5.0,5435.5,0
2025-10-30,2025-10-30 13:00:00,1087.1,1087.1,1087.1,1087.1,0.0,5.0,5435.5,0
2025-10-30,2025-10-30 14:00:00,1087.1,1087.1,1087.1,1087.1,0.0,5.0,5435.5,0
2025-10-30,2025-10-30 15:00:00,1087.1,1087.1,1087.1,1087.1,0.0,5.0,5435.5,0
2025-11-02,2025-11-02 11:00:00,1099.0,1099.0,1095.05,1097.03,-0.18,10.0,10950.5,-1
2025-11-02,2025-11-02 12:00:00,1097.03,1097.03,1095.05,1095.05,-0.18,10.0,10950.5,-1
2025-11-02,2025-11-02 13:00:00,1095.05,1095.05,1093.07,1093.07,-0.18,10.0,10950.5,-1
2025-11-02,2025-11-02 14:00:00,1093.07,1093.07,1091.1,1091.1,-0.18,10.0,10950.5,-1
2025-11-02,2025-11-02 15:00:00,1091.1,1099.0,1091.1,1091.1,0.0,10.0,10950.5,0
2025-11-03,2025-11-03 11:00:00,1091.1,1115.55,1091.1,1103.32,1.12,35.4,40349.2,1
2025-11-03,2025-11-03 12:00:00,1103.32,1115.55,1103.32,1115.55,1.11,35.4,40349.2,1
2025-11-03,2025-11-03 13:00:00,1115.55,1127.78,1115.55,1127.78,1.1,35.4,40349.2,1
2025-11-03,2025-11-03 14:00:00,1127.78,1140.0,1127.78,1140.0,1.08,35.4,40349.2,1
2025-11-03,2025-11-03 15:00:00,1140.0,1140.0,1091.1,1140.0,0.0,35.4,40349.2,0
2025-11-04,2025-11-04 11:00:00,1118.0,1119.0,1118.0,1118.5,0.04,10.0,11190.0,1
2025-11-04,2025-11-04 12:00:00,1118.5,1119.0,1118.5,1119.0,0.04,10.0,11190.0,1
2025-11-04,2025-11-04 13:00:00,1119.0,1119.5,1119.0,1119.5,0.04,10.0,11190.0,1
2025-11-04,2025-11-04 14:00:00,1119.5,1120.0,1119.5,1120.0,0.04,10.0,11190.0,1
2025-11-04,2025-11-04 15:00:00,1120.0,1120.0,1118.0,1120.0,0.0,10.0,11190.0,0
2025-11-06,2025-11-06 11:00:00,1120.0,1120.0,1120.0,1120.0,0.0,5.6,6272.0,0
2025-11-06,2025-11-06 12:00:00,1120.0,1120.0,1120.0,1120.0,0.0,5.6,6272.0,0
2025-11-06,2025-11-06 13:00:00,1120.0,1120.0,1120.0,1120.0,0.0,5.6,6272.0,0
2025-11-06,2025-11-06 14:00:00,1120.0,1120.0,1120.0,1120.0,0.0,5.6,6272.0,0
2025-11-06,2025-11-06 15:00:00,1120.0,1120.0,1120.0,1120.0,0.0,5.6,6272.0,0
2025-11-09,2025-11-09 11:00:00,1120.0,1120.0,1120.0,1120.0,0.0,5.0,5600.0,0
2025-11-09,2025-11-09 12:00:00,1120.0,1120.0,1120.0,1120.0,0.0,5.0,5600.0,0
2025-11-09,2025-11-09 13:00:00,1120.0,1120.0,1120.0,1120.0,0.0,5.0,5600.0,0
2025-11-09,2025-11-09 14:00:00,1120.0,1120.0,1120.0,1120.0,0.0,5.0,5600.0,0
2025-11-09,2025-11-09 15:00:00,1120.0,1120.0,1120.0,1120.0,0.0,5.0,5600.0,0
2025-11-11,2025-11-11 11:00:00,1099.0,1099.0,1099.0,1099.0,0.0,5.0,5495.0,0
2025-11-11,2025-11-11 12:00:00,1099.0,1099.0,1099.0,1099.0,0.0,5.0,5495.0,0
2025-11-11,2025-11-11 13:00:00,1099.0,1099.0,1099.0,1099.0,0.0,5.0,5495.0,0
2025-11-11,2025-11-11 14:00:00,1099.0,1099.0,1099.0,1099.0,0.0,5.0,5495.0,0
2025-11-11,2025-11-11 15:00:00,1099.0,1099.0,1099.0,1099.0,0.0,5.0,5495.0,0
2025-11-13,2025-11-13 11:00:00,1101.0,1112.0,1101.0,1106.5,0.5,26.0,29088.0,1
2025-11-13,2025-11-13 12:00:00,1106.5,1112.0,1106.5,1112.0,0.5,26.0,29088.0,1
2025-11-13,2025-11-13 13:00:00,1112.0,1117.5,1112.0,1117.5,0.49,26.0,29088.0,1
2025-11-13,2025-11-13 14:00:00,1117.5,1123.0,1117.5,1123.0,0.49,26.0,29088.0,1
2025-11-13,2025-11-13 15:00:00,1123.0,1123.0,1101.0,1123.0,0.0,26.0,29088.0,0
2025-11-17,2025-11-17 11:00:00,1101.0,1101.0,1101.0,1101.0,0.0,5.0,5505.0,0
2025-11-17,2025-11-17 12:00:00,1101.0,1101.0,1101.0,1101.0,0.0,5.0,5505.0,0
2025-11-17,2025-11-17 13:00:00,1101.0,1101.0,1101.0,1101.0,0.0,5.0,5505.0,0
2025-11-17,2025-11-17 14:00:00,1101.0,1101.0,1101.0,1101.0,0.0,5.0,5505.0,0
2025-11-17,2025-11-17 15:00:00,1101.0,1101.0,1101.0,1101.0,0.0,5.0,5505.0,0
2025-11-18,2025-11-18 11:00:00,1086.1,1086.1,1086.1,1086.1,0.0,6.0,6516.6,0
2025-11-18,2025-11-18 12:00:00,1086.1,1086.1,1086.1,1086.1,0.0,6.0,6516.6,0
2025-11-18,2025-11-18 13:00:00,1086.1,1086.1,1086.1,1086.1,0.0,6.0,6516.6,0
2025-11-18,2025-11-18 14:00:00,1086.1,1086.1,1086.1,1086.1,0.0,6.0,6516.6,0
2025-11-18,2025-11-18 15:00:00,1086.1,1086.1,1086.1,1086.1,0.0,6.0,6516.6,0
2025-11-20,2025-11-20 11:00:00,1088.1,1094.05,1088.1,1091.07,0.27,35.0,38191.0,1
2025-11-20,2025-11-20 12:00:00,1091.07,1094.05,1091.07,1094.05,0.27,35.0,38191.0,1
2025-11-20,2025-11-20 13:00:00,1094.05,1097.03,1094.05,1097.03,0.27,35.0,38191.0,1
2025-11-20,2025-11-20 14:00:00,1097.03,1100.0,1097.03,1100.0,0.27,35.0,38191.0,1
2025-11-20,2025-11-20 15:00:00,1100.0,1100.0,1088.1,1100.0,0.0,35.0,38191.0,0
2025-11-24,2025-11-24 11:00:00,1122.0,1122.0,1122.0,1122.0,0.0,7.0,7854.0,0
2025-11-24,2025-11-24 12:00:00,1122.0,1122.0,1122.0,1122.0,0.0,7.0,7854.0,0
2025-11-24,2025-11-24 13:00:00,1122.0,1122.0,1122.0,1122.0,0.0,7.0,7854.0,0
2025-11-24,2025-11-24 14:00:00,1122.0,1122.0,1122.0,1122.0,0.0,7.0,7854.0,0
2025-11-24,2025-11-24 15:00:00,1122.0,1122.0,1122.0,1122.0,0.0,7.0,7854.0,0
2025-11-26,2025-11-26 11:00:00,1100.0,1111.0,1100.0,1105.5,0.5,20.0,22310.0,1
2025-11-26,2025-11-26 12:00:00,1105.5,1111.0,1105.5,1111.0,0.5,20.0,22310.0,1
2025-11-26,2025-11-26 13:00:00,1111.0,1116.5,1111.0,1116.5,0.5,20.0,22310.0,1
2025-11-26,2025-11-26 14:00:00,1116.5,1122.0,1116.5,1122.0,0.49,20.0,22310.0,1
2025-11-26,2025-11-26 15:00:00,1122.0,1122.0,1100.0,1122.0,0.0,20.0,22310.0,0
2025-11-27,2025-11-27 11:00:00,1120.0,1125.0,1120.0,1122.5,0.22,40.0,44950.0,1
2025-11-27,2025-11-27 12:00:00,1122.5,1125.0,1122.5,1125.0,0.22,40.0,44950.0,1
2025-11-27,2025-11-27 13:00:00,1125.0,1127.5,1125.0,1127.5,0.22,40.0,44950.0,1
2025-11-27,2025-11-27 14:00:00,1127.5,1130.0,1127.5,1130.0,0.22,40.0,44950.0,1
2025-11-27,2025-11-27 15:00:00,1130.0,1130.0,1120.0,1130.0,0.0,40.0,44950.0,0
2025-11-30,2025-11-30 11:00:00,1146.0,1146.0,1138.05,1142.03,-0.35,107.6,123261.9,-1
2025-11-30,2025-11-30 12:00:00,1142.03,1142.03,1138.05,1138.05,-0.35,107.6,123261.9,-1
2025-11-30,2025-11-30 13:00:00,1138.05,1138.05,1134.07,1134.07,-0.35,107.6,123261.9,-1
2025-11-30,2025-11-30 14:00:00,1134.07,1134.07,1130.1,1130.1,-0.35,107.6,123261.9,-1
2025-11-30,2025-11-30 15:00:00,1130.1,1146.0,1130.1,1130.1,0.0,107.6,123261.9,0
2025-12-01,2025-12-01 11:00:00,1150.0,1150.0,1150.0,1150.0,0.0,50.0,57500.0,0
2025-12-01,2025-12-01 12:00:00,1150.0,1150.0,1150.0,1150.0,0.0,50.0,57500.0,0
2025-12-01,2025-12-01 13:00:00,1150.0,1150.0,1150.0,1150.0,0.0,50.0,57500.0,0
2025-12-01,2025-12-01 14:00:00,1150.0,1150.0,1150.0,1150.0,0.0,50.0,57500.0,0
2025-12-01,2025-12-01 15:00:00,1150.0,1150.0,1150.0,1150.0,0.0,50.0,57500.0,0
2025-12-02,2025-12-02 11:00:00,1130.1,1130.1,1130.1,1130.1,0.0,5.0,5650.5,0
2025-12-02,2025-12-02 12:00:00,1130.1,1130.1,1130.1,1130.1,0.0,5.0,5650.5,0
2025-12-02,2025-12-02 13:00:00,1130.1,1130.1,1130.1,1130.1,0.0,5.0,5650.5,0
2025-12-02,2025-12-02 14:00:00,1130.1,1130.1,1130.1,1130.1,0.0,5.0,5650.5,0
2025-12-02,2025-12-02 15:00:00,1130.1,1130.1,1130.1,1130.1,0.0,5.0,5650.5,0
2025-12-03,2025-12-03 11:00:00,1114.1,1114.1,1114.1,1114.1,0.0,5.0,5570.5,0
2025-12-03,2025-12-03 12:00:00,1114.1,1114.1,1114.1,1114.1,0.0,5.0,5570.5,0
2025-12-03,2025-12-03 13:00:00,1114.1,1114.1,1114.1,1114.1,0.0,5.0,5570.5,0
2025-12-03,2025-12-03 14:00:00,1114.1,1114.1,1114.1,1114.1,0.0,5.0,5570.5,0
2025-12-03,2025-12-03 15:00:00,1114.1,1114.1,1114.1,1114.1,0.0,5.0,5570.5,0
2025-12-07,2025-12-07 11:00:00,1101.3,1101.3,1101.3,1101.3,0.0,5.0,5506.5,0
2025-12-07,2025-12-07 12:00:00,1101.3,1101.3,1101.3,1101.3,0.0,5.0,5506.5,0
2025-12-07,2025-12-07 13:00:00,1101.3,1101.3,1101.3,1101.3,0.0,5.0,5506.5,0
2025-12-07,2025-12-07 14:00:00,1101.3,1101.3,1101.3,1101.3,0.0,5.0,5506.5,0
2025-12-07,2025-12-07 15:00:00,1101.3,1101.3,1101.3,1101.3,0.0,5.0,5506.5,0
2025-12-08,2025-12-08 11:00:00,1120.0,1120.0,1120.0,1120.0,0.0,20.0,22400.0,0
2025-12-08,2025-12-08 12:00:00,1120.0,1120.0,1120.0,1120.0,0.0,20.0,22400.0,0
2025-12-08,2025-12-08 13:00:00,1120.0,1120.0,1120.0,1120.0,0.0,20.0,22400.0,0
2025-12-08,2025-12-08 14:00:00,1120.0,1120.0,1120.0,1120.0,0.0,20.0,22400.0,0
2025-12-08,2025-12-08 15:00:00,1120.0,1120.0,1120.0,1120.0,0.0,20.0,22400.0,0
2025-12-09,2025-12-09 11:00:00,1120.0,1120.0,1120.0,1120.0,0.0,6.0,6720.0,0
2025-12-09,2025-12-09 12:00:00,1120.0,1120.0,1120.0,1120.0,0.0,6.0,6720.0,0
2025-12-09,2025-12-09 13:00:00,1120.0,1120.0,1120.0,1120.0,0.0,6.0,6720.0,0
2025-12-09,2025-12-09 14:00:00,1120.0,1120.0,1120.0,1120.0,0.0,6.0,6720.0,0
2025-12-09,2025-12-09 15:00:00,1120.0,1120.0,1120.0,1120.0,0.0,6.0,6720.0,0
2025-12-11,2025-12-11 11:00:00,1120.0,1120.0,1112.1,1119.75,-0.02,15.0,16716.0,-1
2025-12-11,2025-12-11 12:00:00,1119.75,1119.75,1119.5,1119.5,-0.02,15.0,16716.0,-1
2025-12-11,2025-12-11 13:00:00,1119.5,1119.5,1119.25,1119.25,-0.02,15.0,16716.0,-1
2025-12-11,2025-12-11 14:00:00,1119.25,1119.25,1119.0,1119.0,-0.02,15.0,16716.0,-1
2025-12-11,2025-12-11 15:00:00,1119.0,1120.0,1104.2,1119.0,0.0,15.0,16716.0,0
2025-12-14,2025-12-14 11:00:00,1125.0,1125.0,1125.0,1125.0,0.0,4.0,4500.0,0
2025-12-14,2025-12-14 12:00:00,1125.0,1125.0,1125.0,1125.0,0.0,4.0,4500.0,0
2025-12-14,2025-12-14 13:00:00,1125.0,1125.0,1125.0,1125.0,0.0,4.0,4500.0,0
2025-12-14,2025-12-14 14:00:00,1125.0,1125.0,1125.0,1125.0,0.0,4.0,4500.0,0
2025-12-14,2025-12-14 15:00:00,1125.0,1125.0,1125.0,1125.0,0.0,4.0,4500.0,0
2025-12-16,2025-12-16 11:00:00,1125.0,1130.0,1125.0,1127.5,0.22,15.0,16925.0,1
2025-12-16,2025-12-16 12:00:00,1127.5,1130.0,1127.5,1130.0,0.22,15.0,16925.0,1
2025-12-16,2025-12-16 13:00:00,1130.0,1132.5,1130.0,1132.5,0.22,15.0,16925.0,1
2025-12-16,2025-12-16 14:00:00,1132.5,1135.0,1132.5,1135.0,0.22,15.0,16925.0,1
2025-12-16,2025-12-16 15:00:00,1135.0,1135.0,1125.0,1135.0,0.0,15.0,16925.0,0
2025-12-21,2025-12-21 11:00:00,1145.0,1147.5,1145.0,1146.25,0.11,94.0,108075.0,1
2025-12-21,2025-12-21 12:00:00,1146.25,1147.5,1146.25,1147.5,0.11,94.0,108075.0,1
2025-12-21,2025-12-21 13:00:00,1147.5,1148.75,1147.5,1148.75,0.11,94.0,108075.0,1
2025-12-21,2025-12-21 14:00:00,1148.75,1150.0,1148.75,1150.0,0.11,94.0,108075.0,1
2025-12-21,2025-12-21 15:00:00,1150.0,1150.0,1145.0,1150.0,0.0,94.0,108075.0,0
2025-12-28,2025-12-28 11:00:00,1128.0,1128.0,1128.0,1128.0,0.0,5.0,5640.0,0
2025-12-28,2025-12-28 12:00:00,1128.0,1128.0,1128.0,1128.0,0.0,5.0,5640.0,0
2025-12-28,2025-12-28 13:00:00,1128.0,1128.0,1128.0,1128.0,0.0,5.0,5640.0,0
2025-12-28,2025-12-28 14:00:00,1128.0,1128.0,1128.0,1128.0,0.0,5.0,5640.0,0
2025-12-28,2025-12-28 15:00:00,1128.0,1128.0,1128.0,1128.0,0.0,5.0,5640.0,0
2025-12-29,2025-12-29 11:00:00,1138.0,1138.0,1138.0,1138.0,0.0,5.0,5690.0,0
2025-12-29,2025-12-29 12:00:00,1138.0,1138.0,1138.0,1138.0,0.0,5.0,5690.0,0
2025-12-29,2025-12-29 13:00:00,1138.0,1138.0,1138.0,1138.0,0.0,5.0,5690.0,0
2025-12-29,2025-12-29 14:00:00,1138.0,1138.0,1138.0,1138.0,0.0,5.0,5690.0,0
2025-12-29,2025-12-29 15:00:00,1138.0,1138.0,1138.0,1138.0,0.0,5.0,5690.0,0
2026-01-04,2026-01-04 11:00:00,1122.5,1122.5,1122.25,1122.38,-0.01,11.0,12344.0,-1
2026-01-04,2026-01-04 12:00:00,1122.38,1122.38,1122.25,1122.25,-0.01,11.0,12344.0,-1
2026-01-04,2026-01-04 13:00:00,1122.25,1122.25,1122.12,1122.12,-0.01,11.0,12344.0,-1
2026-01-04,2026-01-04 14:00:00,1122.12,1122.12,1122.0,1122.0,-0.01,11.0,12344.0,-1
2026-01-04,2026-01-04 15:00:00,1122.0,1122.5,1122.0,1122.0,0.0,11.0,12344.0,0
2026-01-05,2026-01-05 11:00:00,1131.0,1131.0,1131.0,1131.0,0.0,5.0,5655.0,0
2026-01-05,2026-01-05 12:00:00,1131.0,1131.0,1131.0,1131.0,0.0,5.0,5655.0,0
2026-01-05,2026-01-05 13:00:00,1131.0,1131.0,1131.0,1131.0,0.0,5.0,5655.0,0
2026-01-05,2026-01-05 14:00:00,1131.0,1131.0,1131.0,1131.0,0.0,5.0,5655.0,0
2026-01-05,2026-01-05 15:00:00,1131.0,1131.0,1131.0,1131.0,0.0,5.0,5655.0,0
2026-01-06,2026-01-06 11:00:00,1131.0,1131.0,1131.0,1131.0,0.0,5.0,5655.0,0
2026-01-06,2026-01-06 12:00:00,1131.0,1131.0,1131.0,1131.0,0.0,5.0,5655.0,0
2026-01-06,2026-01-06 13:00:00,1131.0,1131.0,1131.0,1131.0,0.0,5.0,5655.0,0
2026-01-06,2026-01-06 14:00:00,1131.0,1131.0,1131.0,1131.0,0.0,5.0,5655.0,0
2026-01-06,2026-01-06 15:00:00,1131.0,1131.0,1131.0,1131.0,0.0,5.0,5655.0,0
2026-01-12,2026-01-12 11:00:00,1112.0,1112.0,1112.0,1112.0,0.0,5.0,5560.0,0
2026-01-12,2026-01-12 12:00:00,1112.0,1112.0,1112.0,1112.0,0.0,5.0,5560.0,0
2026-01-12,2026-01-12 13:00:00,1112.0,1112.0,1112.0,1112.0,0.0,5.0,5560.0,0
2026-01-12,2026-01-12 14:00:00,1112.0,1112.0,1112.0,1112.0,0.0,5.0,5560.0,0
2026-01-12,2026-01-12 15:00:00,1112.0,1112.0,1112.0,1112.0,0.0,5.0,5560.0,0
2026-01-13,2026-01-13 11:00:00,1090.2,1090.2,1090.2,1090.2,0.0,5.0,5451.0,0
2026-01-13,2026-01-13 12:00:00,1090.2,1090.2,1090.2,1090.2,0.0,5.0,5451.0,0
2026-01-13,2026-01-13 13:00:00,1090.2,1090.2,1090.2,1090.2,0.0,5.0,5451.0,0
2026-01-13,2026-01-13 14:00:00,1090.2,1090.2,1090.2,1090.2,0.0,5.0,5451.0,0
2026-01-13,2026-01-13 15:00:00,1090.2,1090.2,1090.2,1090.2,0.0,5.0,5451.0,0
2026-01-21,2026-01-21 11:00:00,1072.1,1074.05,1072.1,1073.07,0.09,15.0,16101.0,1
2026-01-21,2026-01-21 12:00:00,1073.07,1074.05,1073.07,1074.05,0.09,15.0,16101.0,1
2026-01-21,2026-01-21 13:00:00,1074.05,1075.03,1074.05,1075.03,0.09,15.0,16101.0,1
2026-01-21,2026-01-21 14:00:00,1075.03,1076.0,1075.03,1076.0,0.09,15.0,16101.0,1
2026-01-21,2026-01-21 15:00:00,1076.0,1076.0,1072.1,1076.0,0.0,15.0,16101.0,0
2026-01-25,2026-01-25 11:00:00,1078.0,1078.0,1078.0,1078.0,0.0,5.0,5390.0,0
2026-01-25,2026-01-25 12:00:00,1078.0,1078.0,1078.0,1078.0,0.0,5.0,5390.0,0
2026-01-25,2026-01-25 13:00:00,1078.0,1078.0,1078.0,1078.0,0.0,5.0,5390.0,0
2026-01-25,2026-01-25 14:00:00,1078.0,1078.0,1078.0,1078.0,0.0,5.0,5390.0,0
2026-01-25,2026-01-25 15:00:00,1078.0,1078.0,1078.0,1078.0,0.0,5.0,5390.0,0
2026-01-28,2026-01-28 11:00:00,1082.0,1082.0,1082.0,1082.0,0.0,10.0,10820.0,0
2026-01-28,2026-01-28 12:00:00,1082.0,1082.0,1082.0,1082.0,0.0,10.0,10820.0,0
2026-01-28,2026-01-28 13:00:00,1082.0,1082.0,1082.0,1082.0,0.0,10.0,10820.0,0
2026-01-28,2026-01-28 14:00:00,1082.0,1082.0,1082.0,1082.0,0.0,10.0,10820.0,0
2026-01-28,2026-01-28 15:00:00,1082.0,1082.0,1082.0,1082.0,0.0,10.0,10820.0,0
2026-02-01,2026-02-01 11:00:00,1101.0,1101.5,1101.0,1101.25,0.02,10.0,11015.0,1
2026-02-01,2026-02-01 12:00:00,1101.25,1101.5,1101.25,1101.5,0.02,10.0,11015.0,1
2026-02-01,2026-02-01 13:00:00,1101.5,1101.75,1101.5,1101.75,0.02,10.0,11015.0,1
2026-02-01,2026-02-01 14:00:00,1101.75,1102.0,1101.75,1102.0,0.02,10.0,11015.0,1
2026-02-01,2026-02-01 15:00:00,1102.0,1102.0,1101.0,1102.0,0.0,10.0,11015.0,0
2026-02-02,2026-02-02 11:00:00,1102.0,1102.0,1096.25,1099.25,-0.25,21.0,23018.5,-1
2026-02-02,2026-02-02 12:00:00,1099.25,1099.25,1096.5,1096.5,-0.25,21.0,23018.5,-1
2026-02-02,2026-02-02 13:00:00,1096.5,1096.5,1093.75,1093.75,-0.25,21.0,23018.5,-1
2026-02-02,2026-02-02 14:00:00,1093.75,1093.75,1091.0,1091.0,-0.25,21.0,23018.5,-1
2026-02-02,2026-02-02 15:00:00,1091.0,1102.0,1090.5,1091.0,0.0,21.0,23018.5,0
2026-02-04,2026-02-04 11:00:00,1094.0,1094.0,1094.0,1094.0,0.0,5.0,5470.0,0
2026-02-04,2026-02-04 12:00:00,1094.0,1094.0,1094.0,1094.0,0.0,5.0,5470.0,0
2026-02-04,2026-02-04 13:00:00,1094.0,1094.0,1094.0,1094.0,0.0,5.0,5470.0,0
2026-02-04,2026-02-04 14:00:00,1094.0,1094.0,1094.0,1094.0,0.0,5.0,5470.0,0
2026-02-04,2026-02-04 15:00:00,1094.0,1094.0,1094.0,1094.0,0.0,5.0,5470.0,0
2026-02-08,2026-02-08 11:00:00,1094.0,1105.5,1094.0,1099.45,0.5,101.2,113024.8,1
2026-02-08,2026-02-08 12:00:00,1099.45,1104.9,1099.45,1104.9,0.5,101.2,113024.8,1
2026-02-08,2026-02-08 13:00:00,1104.9,1110.35,1104.9,1110.35,0.49,101.2,113024.8,1
2026-02-08,2026-02-08 14:00:00,1110.35,1115.8,1110.35,1115.8,0.49,101.2,113024.8,1
2026-02-08,2026-02-08 15:00:00,1115.8,1117.0,1094.0,1115.8,0.0,101.2,113024.8,0
2026-02-12,2026-02-12 11:00:00,1097.0,1097.0,1097.0,1097.0,0.0,5.0,5485.0,0
2026-02-12,2026-02-12 12:00:00,1097.0,1097.0,1097.0,1097.0,0.0,5.0,5485.0,0
2026-02-12,2026-02-12 13:00:00,1097.0,1097.0,1097.0,1097.0,0.0,5.0,5485.0,0
2026-02-12,2026-02-12 14:00:00,1097.0,1097.0,1097.0,1097.0,0.0,5.0,5485.0,0
2026-02-12,2026-02-12 15:00:00,1097.0,1097.0,1097.0,1097.0,0.0,5.0,5485.0,0
2026-02-16,2026-02-16 11:00:00,1095.0,1096.5,1095.0,1095.75,0.07,20.2,22150.1,1
2026-02-16,2026-02-16 12:00:00,1095.75,1096.5,1095.75,1096.5,0.07,20.2,22150.1,1
2026-02-16,2026-02-16 13:00:00,1096.5,1097.25,1096.5,1097.25,0.07,20.2,22150.1,1
2026-02-16,2026-02-16 14:00:00,1097.25,1098.0,1097.25,1098.0,0.07,20.2,22150.1,1
2026-02-16,2026-02-16 15:00:00,1098.0,1098.0,1095.0,1098.0,0.0,20.2,22150.1,0
2026-02-17,2026-02-17 11:00:00,1098.0,1098.0,1098.0,1098.0,0.0,5.0,5490.0,0
2026-02-17,2026-02-17 12:00:00,1098.0,1098.0,1098.0,1098.0,0.0,5.0,5490.0,0
2026-02-17,2026-02-17 13:00:00,1098.0,1098.0,1098.0,1098.0,0.0,5.0,5490.0,0
2026-02-17,2026-02-17 14:00:00,1098.0,1098.0,1098.0,1098.0,0.0,5.0,5490.0,0
2026-02-17,2026-02-17 15:00:00,1098.0,1098.0,1098.0,1098.0,0.0,5.0,5490.0,0
2026-02-23,2026-02-23 11:00:00,1095.0,1096.5,1095.0,1095.75,0.07,10.0,10965.0,1
2026-02-23,2026-02-23 12:00:00,1095.75,1096.5,1095.75,1096.5,0.07,10.0,10965.0,1
2026-02-23,2026-02-23 13:00:00,1096.5,1097.25,1096.5,1097.25,0.07,10.0,10965.0,1
2026-02-23,2026-02-23 14:00:00,1097.25,1098.0,1097.25,1098.0,0.07,10.0,10965.0,1
2026-02-23,2026-02-23 15:00:00,1098.0,1098.0,1095.0,1098.0,0.0,10.0,10965.0,0
2026-02-26,2026-02-26 11:00:00,1091.1,1091.1,1091.1,1091.1,0.0,5.0,5455.5,0
2026-02-26,2026-02-26 12:00:00,1091.1,1091.1,1091.1,1091.1,0.0,5.0,5455.5,0
2026-02-26,2026-02-26 13:00:00,1091.1,1091.1,1091.1,1091.1,0.0,5.0,5455.5,0
2026-02-26,2026-02-26 14:00:00,1091.1,1091.1,1091.1,1091.1,0.0,5.0,5455.5,0
2026-02-26,2026-02-26 15:00:00,1091.1,1091.1,1091.1,1091.1,0.0,5.0,5455.5,0
2026-03-01,2026-03-01 11:00:00,1093.0,1093.0,1093.0,1093.0,0.0,5.0,5465.0,0
2026-03-01,2026-03-01 12:00:00,1093.0,1093.0,1093.0,1093.0,0.0,5.0,5465.0,0
2026-03-01,2026-03-01 13:00:00,1093.0,1093.0,1093.0,1093.0,0.0,5.0,5465.0,0
2026-03-01,2026-03-01 14:00:00,1093.0,1093.0,1093.0,1093.0,0.0,5.0,5465.0,0
2026-03-01,2026-03-01 15:00:00,1093.0,1093.0,1093.0,1093.0,0.0,5.0,5465.0,0
2026-03-11,2026-03-11 11:00:00,1087.1,1087.1,1087.1,1087.1,0.0,5.0,5435.5,0
2026-03-11,2026-03-11 12:00:00,1087.1,1087.1,1087.1,1087.1,0.0,5.0,5435.5,0
2026-03-11,2026-03-11 13:00:00,1087.1,1087.1,1087.1,1087.1,0.0,5.0,5435.5,0
2026-03-11,2026-03-11 14:00:00,1087.1,1087.1,1087.1,1087.1,0.0,5.0,5435.5,0
2026-03-11,2026-03-11 15:00:00,1087.1,1087.1,1087.1,1087.1,0.0,5.0,5435.5,0
2026-03-15,2026-03-15 11:00:00,1090.0,1090.0,1090.0,1090.0,0.0,5.0,5450.0,0
2026-03-15,2026-03-15 12:00:00,1090.0,1090.0,1090.0,1090.0,0.0,5.0,5450.0,0
2026-03-15,2026-03-15 13:00:00,1090.0,1090.0,1090.0,1090.0,0.0,5.0,5450.0,0
2026-03-15,2026-03-15 14:00:00,1090.0,1090.0,1090.0,1090.0,0.0,5.0,5450.0,0
2026-03-15,2026-03-15 15:00:00,1090.0,1090.0,1090.0,1090.0,0.0,5.0,5450.0,0
2026-03-16,2026-03-16 11:00:00,1089.1,1089.1,1087.6,1087.6,-0.14,12.2,13272.12,-1
2026-03-16,2026-03-16 12:00:00,1087.6,1087.6,1086.1,1086.1,-0.14,12.2,13272.12,-1
2026-03-16,2026-03-16 13:00:00,1086.1,1086.1,1084.6,1084.6,-0.14,12.2,13272.12,-1
2026-03-16,2026-03-16 14:00:00,1084.6,1084.6,1083.1,1083.1,-0.14,12.2,13272.12,-1
2026-03-16,2026-03-16 15:00:00,1083.1,1089.1,1083.1,1083.1,0.0,12.2,13272.12,0
2026-03-19,2026-03-19 11:00:00,1065.6,1070.8,1065.6,1067.97,0.22,15.0,16080.8,1
2026-03-19,2026-03-19 12:00:00,1067.97,1070.35,1067.97,1070.35,0.22,15.0,16080.8,1
2026-03-19,2026-03-19 13:00:00,1070.35,1072.72,1070.35,1072.72,0.22,15.0,16080.8,1
2026-03-19,2026-03-19 14:00:00,1072.72,1075.1,1072.72,1075.1,0.22,15.0,16080.8,1
2026-03-19,2026-03-19 15:00:00,1075.1,1076.0,1065.6,1075.1,0.0,15.0,16080.8,0
2026-03-22,2026-03-22 11:00:00,1060.0,1092.0,1060.0,1076.0,1.51,55.2,61711.8,1
2026-03-22,2026-03-22 12:00:00,1076.0,1092.0,1076.0,1092.0,1.49,55.2,61711.8,1
2026-03-22,2026-03-22 13:00:00,1092.0,1108.0,1092.0,1108.0,1.47,55.2,61711.8,1
2026-03-22,2026-03-22 14:00:00,1108.0,1124.0,1108.0,1124.0,1.44,55.2,61711.8,1
2026-03-22,2026-03-22 15:00:00,1124.0,1124.0,1060.0,1124.0,0.0,55.2,61711.8,0
2026-03-24,2026-03-24 11:00:00,1105.0,1105.0,1105.0,1105.0,0.0,20.0,22100.0,0
2026-03-24,2026-03-24 12:00:00,1105.0,1105.0,1105.0,1105.0,0.0,20.0,22100.0,0
2026-03-24,2026-03-24 13:00:00,1105.0,1105.0,1105.0,1105.0,0.0,20.0,22100.0,0
2026-03-24,2026-03-24 14:00:00,1105.0,1105.0,1105.0,1105.0,0.0,20.0,22100.0,0
2026-03-24,2026-03-24 15:00:00,1105.0,1105.0,1105.0,1105.0,0.0,20.0,22100.0,0
2026-03-26,2026-03-26 11:00:00,1086.0,1086.0,1085.5,1085.75,-0.02,20.0,21710.0,-1
2026-03-26,2026-03-26 12:00:00,1085.75,1085.75,1085.5,1085.5,-0.02,20.0,21710.0,-1
2026-03-26,2026-03-26 13:00:00,1085.5,1085.5,1085.25,1085.25,-0.02,20.0,21710.0,-1
2026-03-26,2026-03-26 14:00:00,1085.25,1085.25,1085.0,1085.0,-0.02,20.0,21710.0,-1
2026-03-26,2026-03-26 15:00:00,1085.0,1086.0,1085.0,1085.0,0.0,20.0,21710.0,0
2026-03-29,2026-03-29 11:00:00,1095.0,1095.0,1095.0,1095.0,0.0,10.0,10950.0,0
2026-03-29,2026-03-29 12:00:00,1095.0,1095.0,1095.0,1095.0,0.0,10.0,10950.0,0
2026-03-29,2026-03-29 13:00:00,1095.0,1095.0,1095.0,1095.0,0.0,10.0,10950.0,0
2026-03-29,2026-03-29 14:00:00,1095.0,1095.0,1095.0,1095.0,0.0,10.0,10950.0,0
2026-03-29,2026-03-29 15:00:00,1095.0,1095.0,1095.0,1095.0,0.0,10.0,10950.0,0
2026-03-30,2026-03-30 11:00:00,1087.0,1087.0,1086.5,1086.75,-0.02,10.0,10865.0,-1
2026-03-30,2026-03-30 12:00:00,1086.75,1086.75,1086.5,1086.5,-0.02,10.0,10865.0,-1
2026-03-30,2026-03-30 13:00:00,1086.5,1086.5,1086.25,1086.25,-0.02,10.0,10865.0,-1
2026-03-30,2026-03-30 14:00:00,1086.25,1086.25,1086.0,1086.0,-0.02,10.0,10865.0,-1
2026-03-30,2026-03-30 15:00:00,1086.0,1087.0,1086.0,1086.0,0.0,10.0,10865.0,0
2026-04-01,2026-04-01 11:00:00,1107.0,1107.35,1097.55,1102.28,-0.43,15.0,16477.6,-1
2026-04-01,2026-04-01 12:00:00,1102.28,1102.28,1097.55,1097.55,-0.43,15.0,16477.6,-1
2026-04-01,2026-04-01 13:00:00,1097.55,1097.55,1092.82,1092.82,-0.43,15.0,16477.6,-1
2026-04-01,2026-04-01 14:00:00,1092.82,1092.82,1088.1,1088.1,-0.43,15.0,16477.6,-1
2026-04-01,2026-04-01 15:00:00,1088.1,1107.7,1088.1,1088.1,0.0,15.0,16477.6,0
2026-04-02,2026-04-02 11:00:00,1088.0,1089.75,1088.0,1088.88,0.08,16.0,17426.1,1
2026-04-02,2026-04-02 12:00:00,1088.88,1089.75,1088.88,1089.75,0.08,16.0,17426.1,1
2026-04-02,2026-04-02 13:00:00,1089.75,1090.62,1089.75,1090.62,0.08,16.0,17426.1,1
2026-04-02,2026-04-02 14:00:00,1090.62,1091.5,1090.62,1091.5,0.08,16.0,17426.1,1
2026-04-02,2026-04-02 15:00:00,1091.5,1091.5,1088.0,1091.5,0.0,16.0,17426.1,0
2026-04-08,2026-04-08 11:00:00,1091.5,1102.25,1091.5,1096.88,0.49,27.0,29926.5,1
2026-04-08,2026-04-08 12:00:00,1096.88,1102.25,1096.88,1102.25,0.49,27.0,29926.5,1
2026-04-08,2026-04-08 13:00:00,1102.25,1107.62,1102.25,1107.62,0.49,27.0,29926.5,1
2026-04-08,2026-04-08 14:00:00,1107.62,1113.0,1107.62,1113.0,0.49,27.0,29926.5,1
2026-04-08,2026-04-08 15:00:00,1113.0,1113.0,1091.5,1113.0,0.0,27.0,29926.5,0
2026-04-09,2026-04-09 11:00:00,1113.0,1113.0,1113.0,1113.0,0.0,5.0,5565.0,0
2026-04-09,2026-04-09 12:00:00,1113.0,1113.0,1113.0,1113.0,0.0,5.0,5565.0,0
2026-04-09,2026-04-09 13:00:00,1113.0,1113.0,1113.0,1113.0,0.0,5.0,5565.0,0
2026-04-09,2026-04-09 14:00:00,1113.0,1113.0,1113.0,1113.0,0.0,5.0,5565.0,0
2026-04-09,2026-04-09 15:00:00,1113.0,1113.0,1113.0,1113.0,0.0,5.0,5565.0,0
2026-04-13,2026-04-13 11:00:00,1115.0,1115.0,1115.0,1115.0,0.0,5.0,5575.0,0
2026-04-13,2026-04-13 12:00:00,1115.0,1115.0,1115.0,1115.0,0.0,5.0,5575.0,0
2026-04-13,2026-04-13 13:00:00,1115.0,1115.0,1115.0,1115.0,0.0,5.0,5575.0,0
2026-04-13,2026-04-13 14:00:00,1115.0,1115.0,1115.0,1115.0,0.0,5.0,5575.0,0
2026-04-13,2026-04-13 15:00:00,1115.0,1115.0,1115.0,1115.0,0.0,5.0,5575.0,0
2026-04-15,2026-04-15 11:00:00,1093.0,1096.5,1093.0,1094.75,0.16,11.0,12065.0,1
2026-04-15,2026-04-15 12:00:00,1094.75,1096.5,1094.75,1096.5,0.16,11.0,12065.0,1
2026-04-15,2026-04-15 13:00:00,1096.5,1098.25,1096.5,1098.25,0.16,11.0,12065.0,1
2026-04-15,2026-04-15 14:00:00,1098.25,1100.0,1098.25,1100.0,0.16,11.0,12065.0,1
2026-04-15,2026-04-15 15:00:00,1100.0,1100.0,1093.0,1100.0,0.0,11.0,12065.0,0
2026-04-16,2026-04-16 11:00:00,1090.0,1090.0,1090.0,1090.0,0.0,5.0,5450.0,0
2026-04-16,2026-04-16 12:00:00,1090.0,1090.0,1090.0,1090.0,0.0,5.0,5450.0,0
2026-04-16,2026-04-16 13:00:00,1090.0,1090.0,1090.0,1090.0,0.0,5.0,5450.0,0
2026-04-16,2026-04-16 14:00:00,1090.0,1090.0,1090.0,1090.0,0.0,5.0,5450.0,0
2026-04-16,2026-04-16 15:00:00,1090.0,1090.0,1090.0,1090.0,0.0,5.0,5450.0,0
2026-04-20,2026-04-20 11:00:00,1081.6,1081.6,1081.6,1081.6,0.0,5.0,5408.0,0
2026-04-20,2026-04-20 12:00:00,1081.6,1081.6,1081.6,1081.6,0.0,5.0,5408.0,0
2026-04-20,2026-04-20 13:00:00,1081.6,1081.6,1081.6,1081.6,0.0,5.0,5408.0,0
2026-04-20,2026-04-20 14:00:00,1081.6,1081.6,1081.6,1081.6,0.0,5.0,5408.0,0
2026-04-20,2026-04-20 15:00:00,1081.6,1081.6,1081.6,1081.6,0.0,5.0,5408.0,0
2026-04-21,2026-04-21 11:00:00,1112.0,1113.0,1101.0,1106.5,-0.49,20.0,22145.0,-1
2026-04-21,2026-04-21 12:00:00,1106.5,1106.5,1101.0,1101.0,-0.5,20.0,22145.0,-1
2026-04-21,2026-04-21 13:00:00,1101.0,1101.0,1095.5,1095.5,-0.5,20.0,22145.0,-1
2026-04-21,2026-04-21 14:00:00,1095.5,1095.5,1090.0,1090.0,-0.5,20.0,22145.0,-1
2026-04-21,2026-04-21 15:00:00,1090.0,1114.0,1090.0,1090.0,0.0,20.0,22145.0,0
2026-04-24,2026-04-24 11:00:00,1090.0,1090.0,1087.1,1088.55,-0.13,5.0,5421.0,-1
2026-04-24,2026-04-24 12:00:00,1088.55,1088.55,1087.1,1087.1,-0.13,5.0,5421.0,-1
2026-04-24,2026-04-24 13:00:00,1087.1,1087.1,1085.65,1085.65,-0.13,5.0,5421.0,-1
2026-04-24,2026-04-24 14:00:00,1085.65,1085.65,1084.2,1084.2,-0.13,5.0,5421.0,-1
2026-04-24,2026-04-24 15:00:00,1084.2,1084.2,1084.2,1084.2,0.0,5.0,5421.0,0
2026-04-27,2026-04-27 11:00:00,1084.2,1084.2,1083.15,1083.67,-0.05,25.0,27090.5,-1
2026-04-27,2026-04-27 12:00:00,1083.67,1083.67,1083.15,1083.15,-0.05,25.0,27090.5,-1
2026-04-27,2026-04-27 13:00:00,1083.15,1083.15,1082.62,1082.62,-0.05,25.0,27090.5,-1
2026-04-27,2026-04-27 14:00:00,1082.62,1082.62,1082.1,1082.1,-0.05,25.0,27090.5,-1
2026-04-27,2026-04-27 15:00:00,1082.1,1084.0,1082.1,1082.1,0.0,25.0,27090.5,0
2026-04-29,2026-04-29 11:00:00,1082.1,1082.55,1079.1,1082.32,0.02,10.0,10795.5,1
2026-04-29,2026-04-29 12:00:00,1082.32,1082.55,1082.32,1082.55,0.02,10.0,10795.5,1
2026-04-29,2026-04-29 13:00:00,1082.55,1082.78,1082.55,1082.78,0.02,10.0,10795.5,1
2026-04-29,2026-04-29 14:00:00,1082.78,1083.0,1082.78,1083.0,0.02,10.0,10795.5,1
2026-04-29,2026-04-29 15:00:00,1083.0,1083.0,1076.1,1083.0,0.0,10.0,10795.5,0
2026-04-30,2026-04-30 11:00:00,1075.3,1075.3,1075.3,1075.3,0.0,5.0,5376.5,0
2026-04-30,2026-04-30 12:00:00,1075.3,1075.3,1075.3,1075.3,0.0,5.0,5376.5,0
2026-04-30,2026-04-30 13:00:00,1075.3,1075.3,1075.3,1075.3,0.0,5.0,5376.5,0
2026-04-30,2026-04-30 14:00:00,1075.3,1075.3,1075.3,1075.3,0.0,5.0,5376.5,0
2026-04-30,2026-04-30 15:00:00,1075.3,1075.3,1075.3,1075.3,0.0,5.0,5376.5,0
2026-05-05,2026-05-05 11:00:00,1075.3,1084.5,1068.65,1079.9,0.43,7.4,8017.3,1
2026-05-05,2026-05-05 12:00:00,1079.9,1084.5,1079.9,1084.5,0.43,7.4,8017.3,1
2026-05-05,2026-05-05 13:00:00,1084.5,1089.1,1084.5,1089.1,0.42,7.4,8017.3,1
2026-05-05,2026-05-05 14:00:00,1089.1,1093.7,1089.1,1093.7,0.42,7.4,8017.3,1
2026-05-05,2026-05-05 15:00:00,1093.7,1093.7,1062.0,1093.7,0.0,7.4,8017.3,0
2026-05-06,2026-05-06 11:00:00,1121.9,1121.9,1121.9,1121.9,0.0,6.0,6731.4,0
2026-05-06,2026-05-06 12:00:00,1121.9,1121.9,1121.9,1121.9,0.0,6.0,6731.4,0
2026-05-06,2026-05-06 13:00:00,1121.9,1121.9,1121.9,1121.9,0.0,6.0,6731.4,0
2026-05-06,2026-05-06 14:00:00,1121.9,1121.9,1121.9,1121.9,0.0,6.0,6731.4,0
2026-05-06,2026-05-06 15:00:00,1121.9,1121.9,1121.9,1121.9,0.0,6.0,6731.4,0
2026-05-07,2026-05-07 11:00:00,1090.0,1090.0,1090.0,1090.0,0.0,31.6,34444.0,0
2026-05-07,2026-05-07 12:00:00,1090.0,1090.0,1090.0,1090.0,0.0,31.6,34444.0,0
2026-05-07,2026-05-07 13:00:00,1090.0,1090.0,1090.0,1090.0,0.0,31.6,34444.0,0
2026-05-07,2026-05-07 14:00:00,1090.0,1090.0,1090.0,1090.0,0.0,31.6,34444.0,0
2026-05-07,2026-05-07 15:00:00,1090.0,1090.0,1090.0,1090.0,0.0,31.6,34444.0,0
2026-05-11,2026-05-11 11:00:00,1080.0,1100.0,1080.0,1090.0,0.93,47.0,51938.5,1
2026-05-11,2026-05-11 12:00:00,1090.0,1100.0,1090.0,1100.0,0.92,47.0,51938.5,1
2026-05-11,2026-05-11 13:00:00,1100.0,1110.0,1100.0,1110.0,0.91,47.0,51938.5,1
2026-05-11,2026-05-11 14:00:00,1110.0,1120.0,1110.0,1120.0,0.9,47.0,51938.5,1
2026-05-11,2026-05-11 15:00:00,1120.0,1120.0,1080.0,1120.0,0.0,47.0,51938.5,0
2026-05-13,2026-05-13 11:00:00,1087.0,1087.0,1087.0,1087.0,0.0,5.0,5435.0,0
2026-05-13,2026-05-13 12:00:00,1087.0,1087.0,1087.0,1087.0,0.0,5.0,5435.0,0
2026-05-13,2026-05-13 13:00:00,1087.0,1087.0,1087.0,1087.0,0.0,5.0,5435.0,0
2026-05-13,2026-05-13 14:00:00,1087.0,1087.0,1087.0,1087.0,0.0,5.0,5435.0,0
2026-05-13,2026-05-13 15:00:00,1087.0,1087.0,1087.0,1087.0,0.0,5.0,5435.0,0
2026-05-14,2026-05-14 11:00:00,1100.0,1100.0,1100.0,1100.0,0.0,5.0,5500.0,0
2026-05-14,2026-05-14 12:00:00,1100.0,1100.0,1100.0,1100.0,0.0,5.0,5500.0,0
2026-05-14,2026-05-14 13:00:00,1100.0,1100.0,1100.0,1100.0,0.0,5.0,5500.0,0
2026-05-14,2026-05-14 14:00:00,1100.0,1100.0,1100.0,1100.0,0.0,5.0,5500.0,0
2026-05-14,2026-05-14 15:00:00,1100.0,1100.0,1100.0,1100.0,0.0,5.0,5500.0,0
2026-05-20,2026-05-20 11:00:00,1125.0,1125.0,1125.0,1125.0,0.0,8.0,9000.0,0
2026-05-20,2026-05-20 12:00:00,1125.0,1125.0,1125.0,1125.0,0.0,8.0,9000.0,0
2026-05-20,2026-05-20 13:00:00,1125.0,1125.0,1125.0,1125.0,0.0,8.0,9000.0,0
2026-05-20,2026-05-20 14:00:00,1125.0,1125.0,1125.0,1125.0,0.0,8.0,9000.0,0
2026-05-20,2026-05-20 15:00:00,1125.0,1125.0,1125.0,1125.0,0.0,8.0,9000.0,0
2026-05-25,2026-05-25 11:00:00,1091.3,1091.3,1091.3,1091.3,0.0,5.0,5456.5,0
2026-05-25,2026-05-25 12:00:00,1091.3,1091.3,1091.3,1091.3,0.0,5.0,5456.5,0
2026-05-25,2026-05-25 13:00:00,1091.3,1091.3,1091.3,1091.3,0.0,5.0,5456.5,0
2026-05-25,2026-05-25 14:00:00,1091.3,1091.3,1091.3,1091.3,0.0,5.0,5456.5,0
2026-05-25,2026-05-25 15:00:00,1091.3,1091.3,1091.3,1091.3,0.0,5.0,5456.5,0
2026-05-26,2026-05-26 11:00:00,1123.9,1126.95,1123.9,1125.43,0.14,25.0,28159.5,1
2026-05-26,2026-05-26 12:00:00,1125.43,1126.95,1125.43,1126.95,0.14,25.0,28159.5,1
2026-05-26,2026-05-26 13:00:00,1126.95,1128.47,1126.95,1128.47,0.13,25.0,28159.5,1
2026-05-26,2026-05-26 14:00:00,1128.47,1130.0,1128.47,1130.0,0.14,25.0,28159.5,1
2026-05-26,2026-05-26 15:00:00,1130.0,1130.0,1123.9,1130.0,0.0,25.0,28159.5,0
2026-05-27,2026-05-27 11:00:00,1110.1,1110.1,1110.1,1110.1,0.0,16.0,17761.6,0
2026-05-27,2026-05-27 12:00:00,1110.1,1110.1,1110.1,1110.1,0.0,16.0,17761.6,0
2026-05-27,2026-05-27 13:00:00,1110.1,1110.1,1110.1,1110.1,0.0,16.0,17761.6,0
2026-05-27,2026-05-27 14:00:00,1110.1,1110.1,1110.1,1110.1,0.0,16.0,17761.6,0
2026-05-27,2026-05-27 15:00:00,1110.1,1110.1,1110.1,1110.1,0.0,16.0,17761.6,0
2026-06-04,2026-06-04 11:00:00,1138.4,1138.4,1138.4,1138.4,0.0,134.2,152773.28,0
2026-06-04,2026-06-04 12:00:00,1138.4,1138.4,1138.4,1138.4,0.0,134.2,152773.28,0
2026-06-04,2026-06-04 13:00:00,1138.4,1138.4,1138.4,1138.4,0.0,134.2,152773.28,0
2026-06-04,2026-06-04 14:00:00,1138.4,1138.4,1138.4,1138.4,0.0,134.2,152773.28,0
2026-06-04,2026-06-04 15:00:00,1138.4,1138.4,1138.4,1138.4,0.0,134.2,152773.28,0
2026-06-09,2026-06-09 11:00:00,1105.0,1105.0,1088.5,1096.75,-0.75,7806.6,8369078.46,-1
2026-06-09,2026-06-09 12:00:00,1096.75,1096.75,1088.5,1088.5,-0.75,7806.6,8369078.46,-1
2026-06-09,2026-06-09 13:00:00,1088.5,1088.5,1080.25,1080.25,-0.76,7806.6,8369078.46,-1
2026-06-09,2026-06-09 14:00:00,1080.25,1080.25,1072.0,1072.0,-0.76,7806.6,8369078.46,-1
2026-06-09,2026-06-09 15:00:00,1072.0,1105.0,1072.0,1072.0,0.0,7806.6,8369078.46,0
2026-06-10,2026-06-10 11:00:00,1094.0,1096.0,1094.0,1095.0,0.09,7.0,7678.0,1
2026-06-10,2026-06-10 12:00:00,1095.0,1096.0,1095.0,1096.0,0.09,7.0,7678.0,1
2026-06-10,2026-06-10 13:00:00,1096.0,1097.0,1096.0,1097.0,0.09,7.0,7678.0,1
2026-06-10,2026-06-10 14:00:00,1097.0,1098.0,1097.0,1098.0,0.09,7.0,7678.0,1
2026-06-10,2026-06-10 15:00:00,1098.0,1098.0,1094.0,1098.0,0.0,7.0,7678.0,0
2026-06-11,2026-06-11 11:00:00,1100.0,1100.0,1100.0,1100.0,0.0,10.0,11000.0,0
2026-06-11,2026-06-11 12:00:00,1100.0,1100.0,1100.0,1100.0,0.0,10.0,11000.0,0
2026-06-11,2026-06-11 13:00:00,1100.0,1100.0,1100.0,1100.0,0.0,10.0,11000.0,0
2026-06-11,2026-06-11 14:00:00,1100.0,1100.0,1100.0,1100.0,0.0,10.0,11000.0,0
2026-06-11,2026-06-11 15:00:00,1100.0,1100.0,1100.0,1100.0,0.0,10.0,11000.0,0
2026-06-15,2026-06-15 11:00:00,1100.0,1119.5,1100.0,1108.75,0.8,7801.0,8884871.5,1
2026-06-15,2026-06-15 12:00:00,1108.75,1117.5,1108.75,1117.5,0.79,7801.0,8884871.5,1
2026-06-15,2026-06-15 13:00:00,1117.5,1126.25,1117.5,1126.25,0.78,7801.0,8884871.5,1
2026-06-15,2026-06-15 14:00:00,1126.25,1135.0,1126.25,1135.0,0.78,7801.0,8884871.5,1
2026-06-15,2026-06-15 15:00:00,1135.0,1139.0,1100.0,1135.0,0.0,7801.0,8884871.5,0
2026-06-19,2026-06-19 11:00:00,1144.3,1144.3,1144.3,1144.3,0.0,23413.6,26792182.48,0
2026-06-19,2026-06-19 12:00:00,1144.3,1144.3,1144.3,1144.3,0.0,23413.6,26792182.48,0
2026-06-19,2026-06-19 13:00:00,1144.3,1144.3,1144.3,1144.3,0.0,23413.6,26792182.48,0
2026-06-19,2026-06-19 14:00:00,1144.3,1144.3,1144.3,1144.3,0.0,23413.6,26792182.48,0
2026-06-19,2026-06-19 15:00:00,1144.3,1144.3,1144.3,1144.3,0.0,23413.6,26792182.48,0
2026-06-22,2026-06-22 11:00:00,1132.0,1133.5,1113.5,1124.0,-0.71,74.2,82359.0,-1
2026-06-22,2026-06-22 12:00:00,1124.0,1124.0,1116.0,1116.0,-0.71,74.2,82359.0,-1
2026-06-22,2026-06-22 13:00:00,1116.0,1116.0,1108.0,1108.0,-0.72,74.2,82359.0,-1
2026-06-22,2026-06-22 14:00:00,1108.0,1108.0,1100.0,1100.0,-0.72,74.2,82359.0,-1
2026-06-22,2026-06-22 15:00:00,1100.0,1135.0,1095.0,1100.0,0.0,74.2,82359.0,0
2026-06-23,2026-06-23 11:00:00,1074.6,1074.6,1074.6,1074.6,0.0,5.0,5373.0,0
2026-06-23,2026-06-23 12:00:00,1074.6,1074.6,1074.6,1074.6,0.0,5.0,5373.0,0
2026-06-23,2026-06-23 13:00:00,1074.6,1074.6,1074.6,1074.6,0.0,5.0,5373.0,0
2026-06-23,2026-06-23 14:00:00,1074.6,1074.6,1074.6,1074.6,0.0,5.0,5373.0,0
2026-06-23,2026-06-23 15:00:00,1074.6,1074.6,1074.6,1074.6,0.0,5.0,5373.0,0
2026-06-25,2026-06-25 11:00:00,1077.1,1077.1,1077.1,1077.1,0.0,5.0,5385.5,0
2026-06-25,2026-06-25 12:00:00,1077.1,1077.1,1077.1,1077.1,0.0,5.0,5385.5,0
2026-06-25,2026-06-25 13:00:00,1077.1,1077.1,1077.1,1077.1,0.0,5.0,5385.5,0
2026-06-25,2026-06-25 14:00:00,1077.1,1077.1,1077.1,1077.1,0.0,5.0,5385.5,0
2026-06-25,2026-06-25 15:00:00,1077.1,1077.1,1077.1,1077.1,0.0,5.0,5385.5,0
2026-06-26,2026-06-26 11:00:00,1109.4,1126.85,1109.4,1114.55,0.46,39048.8,44683200.24,1
2026-06-26,2026-06-26 12:00:00,1114.55,1119.7,1114.55,1119.7,0.46,39048.8,44683200.24,1
2026-06-26,2026-06-26 13:00:00,1119.7,1124.85,1119.7,1124.85,0.46,39048.8,44683200.24,1
2026-06-26,2026-06-26 14:00:00,1124.85,1130.0,1124.85,1130.0,0.46,39048.8,44683200.24,1
2026-06-26,2026-06-26 15:00:00,1130.0,1144.3,1109.4,1130.0,0.0,39048.8,44683200.24,0
2026-06-29,2026-06-29 11:00:00,1119.0,1119.5,1119.0,1119.25,0.02,18.0,20146.4,1
2026-06-29,2026-06-29 12:00:00,1119.25,1119.5,1119.25,1119.5,0.02,18.0,20146.4,1
2026-06-29,2026-06-29 13:00:00,1119.5,1119.75,1119.5,1119.75,0.02,18.0,20146.4,1
2026-06-29,2026-06-29 14:00:00,1119.75,1120.0,1119.75,1120.0,0.02,18.0,20146.4,1
2026-06-29,2026-06-29 15:00:00,1120.0,1120.0,1119.0,1120.0,0.0,18.0,20146.4,0
2026-06-30,2026-06-30 11:00:00,1120.0,1120.0,1111.6,1111.6,-0.75,1.0,1086.4,-1
2026-06-30,2026-06-30 12:00:00,1111.6,1111.6,1103.2,1103.2,-0.76,1.0,1086.4,-1
2026-06-30,2026-06-30 13:00:00,1103.2,1103.2,1094.8,1094.8,-0.76,1.0,1086.4,-1
2026-06-30,2026-06-30 14:00:00,1094.8,1094.8,1086.4,1086.4,-0.77,1.0,1086.4,-1
2026-06-30,2026-06-30 15:00:00,1086.4,1120.0,1086.4,1086.4,0.0,1.0,1086.4,0
2026-07-01,2026-07-01 11:00:00,1084.5,1084.5,1084.5,1084.5,0.0,5.0,5422.5,0
2026-07-01,2026-07-01 12:00:00,1084.5,1084.5,1084.5,1084.5,0.0,5.0,5422.5,0
2026-07-01,2026-07-01 13:00:00,1084.5,1084.5,1084.5,1084.5,0.0,5.0,5422.5,0
2026-07-01,2026-07-01 14:00:00,1084.5,1084.5,1084.5,1084.5,0.0,5.0,5422.5,0
2026-07-01,2026-07-01 15:00:00,1084.5,1084.5,1084.5,1084.5,0.0,5.0,5422.5,0
2026-07-06,2026-07-06 11:00:00,1095.0,1095.0,1095.0,1095.0,0.0,5.0,5475.0,0
2026-07-06,2026-07-06 12:00:00,1095.0,1095.0,1095.0,1095.0,0.0,5.0,5475.0,0
2026-07-06,2026-07-06 13:00:00,1095.0,1095.0,1095.0,1095.0,0.0,5.0,5475.0,0
2026-07-06,2026-07-06 14:00:00,1095.0,1095.0,1095.0,1095.0,0.0,5.0,5475.0,0
2026-07-06,2026-07-06 15:00:00,1095.0,1095.0,1095.0,1095.0,0.0,5.0,5475.0,0
2026-07-07,2026-07-07 11:00:00,1095.0,1095.0,1095.0,1095.0,0.0,7.0,7665.0,0
2026-07-07,2026-07-07 12:00:00,1095.0,1095.0,1095.0,1095.0,0.0,7.0,7665.0,0
2026-07-07,2026-07-07 13:00:00,1095.0,1095.0,1095.0,1095.0,0.0,7.0,7665.0,0
2026-07-07,2026-07-07 14:00:00,1095.0,1095.0,1095.0,1095.0,0.0,7.0,7665.0,0
2026-07-07,2026-07-07 15:00:00,1095.0,1095.0,1095.0,1095.0,0.0,7.0,7665.0,0
2026-07-08,2026-07-08 11:00:00,1085.0,1085.0,1085.0,1085.0,0.0,5.0,5425.0,0
2026-07-08,2026-07-08 12:00:00,1085.0,1085.0,1085.0,1085.0,0.0,5.0,5425.0,0
2026-07-08,2026-07-08 13:00:00,1085.0,1085.0,1085.0,1085.0,0.0,5.0,5425.0,0
2026-07-08,2026-07-08 14:00:00,1085.0,1085.0,1085.0,1085.0,0.0,5.0,5425.0,0
2026-07-08,2026-07-08 15:00:00,1085.0,1085.0,1085.0,1085.0,0.0,5.0,5425.0,0
2026-07-09,2026-07-09 11:00:00,1093.0,1093.0,1093.0,1093.0,0.0,5.0,5465.0,0
2026-07-09,2026-07-09 12:00:00,1093.0,1093.0,1093.0,1093.0,0.0,5.0,5465.0,0
2026-07-09,2026-07-09 13:00:00,1093.0,1093.0,1093.0,1093.0,0.0,5.0,5465.0,0
2026-07-09,2026-07-09 14:00:00,1093.0,1093.0,1093.0,1093.0,0.0,5.0,5465.0,0
2026-07-09,2026-07-09 15:00:00,1093.0,1093.0,1093.0,1093.0,0.0,5.0,5465.0,0
2026-07-10,2026-07-10 11:00:00,1125.0,1138.5,1125.0,1137.38,1.1,156230.2,179820996.0,1
2026-07-10,2026-07-10 12:00:00,1137.38,1149.75,1137.38,1149.75,1.09,156230.2,179820996.0,1
2026-07-10,2026-07-10 13:00:00,1149.75,1162.12,1149.75,1162.12,1.08,156230.2,179820996.0,1
2026-07-10,2026-07-10 14:00:00,1162.12,1174.5,1162.12,1174.5,1.07,156230.2,179820996.0,1
2026-07-10,2026-07-10 15:00:00,1174.5,1174.5,1125.0,1174.5,0.0,156230.2,179820996.0,0
2026-07-14,2026-07-14 11:00:00,1151.0,1183.0,1143.0,1169.5,1.61,33581.0,38839436.5,1
2026-07-14,2026-07-14 12:00:00,1169.5,1188.0,1169.5,1188.0,1.58,33581.0,38839436.5,1
2026-07-14,2026-07-14 13:00:00,1188.0,1206.5,1188.0,1206.5,1.56,33581.0,38839436.5,1
2026-07-14,2026-07-14 14:00:00,1206.5,1225.0,1206.5,1225.0,1.53,33581.0,38839436.5,1
2026-07-14,2026-07-14 15:00:00,1225.0,1225.0,1135.0,1225.0,0.0,33581.0,38839436.5,0
2026-07-27,2026-07-27 11:00:00,1225.0,1225.0,1172.5,1198.75,-2.14,1956.2,2212425.48,-1
2026-07-27,2026-07-27 12:00:00,1198.75,1198.75,1172.5,1172.5,-2.19,1956.2,2212425.48,-1
2026-07-27,2026-07-27 13:00:00,1172.5,1172.5,1146.25,1146.25,-2.24,1956.2,2212425.48,-1
2026-07-27,2026-07-27 14:00:00,1146.25,1146.25,1120.0,1120.0,-2.29,1956.2,2212425.48,-1
2026-07-27,2026-07-27 15:00:00,1120.0,1225.0,1120.0,1120.0,0.0,1956.2,2212425.48,0
2026-07-28,2026-07-28 11:00:00,1087.1,1087.55,1087.1,1087.32,0.02,10.0,10875.5,1
2026-07-28,2026-07-28 12:00:00,1087.32,1087.55,1087.32,1087.55,0.02,10.0,10875.5,1
2026-07-28,2026-07-28 13:00:00,1087.55,1087.78,1087.55,1087.78,0.02,10.0,10875.5,1
2026-07-28,2026-07-28 14:00:00,1087.78,1088.0,1087.78,1088.0,0.02,10.0,10875.5,1
2026-07-28,2026-07-28 15:00:00,1088.0,1088.0,1087.1,1088.0,0.0,10.0,10875.5,0
2026-07-29,2026-07-29 11:00:00,1100.0,1100.0,1100.0,1100.0,0.0,5.0,5500.0,0
2026-07-29,2026-07-29 12:00:00,1100.0,1100.0,1100.0,1100.0,0.0,5.0,5500.0,0
2026-07-29,2026-07-29 13:00:00,1100.0,1100.0,1100.0,1100.0,0.0,5.0,5500.0,0
2026-07-29,2026-07-29 14:00:00,1100.0,1100.0,1100.0,1100.0,0.0,5.0,5500.0,0
2026-07-29,2026-07-29 15:00:00,1100.0,1100.0,1100.0,1100.0,0.0,5.0,5500.0,0
2026-07-30,2026-07-30 11:00:00,1090.0,1090.0,1090.0,1090.0,0.0,5.0,5450.0,0
2026-07-30,2026-07-30 12:00:00,1090.0,1090.0,1090.0,1090.0,0.0,5.0,5450.0,0
2026-07-30,2026-07-30 13:00:00,1090.0,1090.0,1090.0,1090.0,0.0,5.0,5450.0,0
2026-07-30,2026-07-30 14:00:00,1090.0,1090.0,1090.0,1090.0,0.0,5.0,5450.0,0
2026-07-30,2026-07-30 15:00:00,1090.0,1090.0,1090.0,1090.0,0.0,5.0,5450.0,0
2026-08-06,2026-08-06 11:00:00,1061.1,1061.1,1061.1,1061.1,0.0,2.0,2122.2,0
2026-08-06,2026-08-06 12:00:00,1061.1,1061.1,1061.1,1061.1,0.0,2.0,2122.2,0
2026-08-06,2026-08-06 13:00:00,1061.1,1061.1,1061.1,1061.1,0.0,2.0,2122.2,0
2026-08-06,2026-08-06 14:00:00,1061.1,1061.1,1061.1,1061.1,0.0,2.0,2122.2,0
2026-08-06,2026-08-06 15:00:00,1061.1,1061.1,1061.1,1061.1,0.0,2.0,2122.2,0
2026-08-10,2026-08-10 11:00:00,1092.0,1092.0,1092.0,1092.0,0.0,5.0,5460.0,0
2026-08-10,2026-08-10 12:00:00,1092.0,1092.0,1092.0,1092.0,0.0,5.0,5460.0,0
2026-08-10,2026-08-10 13:00:00,1092.0,1092.0,1092.0,1092.0,0.0,5.0,5460.0,0
2026-08-10,2026-08-10 14:00:00,1092.0,1092.0,1092.0,1092.0,0.0,5.0,5460.0,0
2026-08-10,2026-08-10 15:00:00,1092.0,1092.0,1092.0,1092.0,0.0,5.0,5460.0,0
2026-08-11,2026-08-11 11:00:00,1075.3,1077.65,1075.3,1076.47,0.11,10.0,10776.5,1
2026-08-11,2026-08-11 12:00:00,1076.47,1077.65,1076.47,1077.65,0.11,10.0,10776.5,1
2026-08-11,2026-08-11 13:00:00,1077.65,1078.83,1077.65,1078.83,0.11,10.0,10776.5,1
2026-08-11,2026-08-11 14:00:00,1078.83,1080.0,1078.83,1080.0,0.11,10.0,10776.5,1
2026-08-11,2026-08-11 15:00:00,1080.0,1080.0,1075.3,1080.0,0.0,10.0,10776.5,0
2026-08-12,2026-08-12 11:00:00,1080.0,1080.0,1078.5,1078.5,-0.14,1.0,1074.0,-1
2026-08-12,2026-08-12 12:00:00,1078.5,1078.5,1077.0,1077.0,-0.14,1.0,1074.0,-1
2026-08-12,2026-08-12 13:00:00,1077.0,1077.0,1075.5,1075.5,-0.14,1.0,1074.0,-1
2026-08-12,2026-08-12 14:00:00,1075.5,1075.5,1074.0,1074.0,-0.14,1.0,1074.0,-1
2026-08-12,2026-08-12 15:00:00,1074.0,1080.0,1074.0,1074.0,0.0,1.0,1074.0,0
2026-08-13,2026-08-13 11:00:00,1080.0,1080.0,1080.0,1080.0,0.0,5.0,5400.0,0
2026-08-13,2026-08-13 12:00:00,1080.0,1080.0,1080.0,1080.0,0.0,5.0,5400.0,0
2026-08-13,2026-08-13 13:00:00,1080.0,1080.0,1080.0,1080.0,0.0,5.0,5400.0,0
2026-08-13,2026-08-13 14:00:00,1080.0,1080.0,1080.0,1080.0,0.0,5.0,5400.0,0
2026-08-13,2026-08-13 15:00:00,1080.0,1080.0,1080.0,1080.0,0.0,5.0,5400.0,0
2026-08-14,2026-08-14 11:00:00,1080.0,1080.0,1080.0,1080.0,0.0,5.4,5832.0,0
2026-08-14,2026-08-14 12:00:00,1080.0,1080.0,1080.0,1080.0,0.0,5.4,5832.0,0
2026-08-14,2026-08-14 13:00:00,1080.0,1080.0,1080.0,1080.0,0.0,5.4,5832.0,0
2026-08-14,2026-08-14 14:00:00,1080.0,1080.0,1080.0,1080.0,0.0,5.4,5832.0,0
2026-08-14,2026-08-14 15:00:00,1080.0,1080.0,1080.0,1080.0,0.0,5.4,5832.0,0
2026-08-17,2026-08-17 11:00:00,1080.0,1080.0,1080.0,1080.0,0.0,5.0,5400.0,0
2026-08-17,2026-08-17 12:00:00,1080.0,1080.0,1080.0,1080.0,0.0,5.0,5400.0,0
2026-08-17,2026-08-17 13:00:00,1080.0,1080.0,1080.0,1080.0,0.0,5.0,5400.0,0
2026-08-17,2026-08-17 14:00:00,1080.0,1080.0,1080.0,1080.0,0.0,5.0,5400.0,0
2026-08-17,2026-08-17 15:00:00,1080.0,1080.0,1080.0,1080.0,0.0,5.0,5400.0,0
2026-08-24,2026-08-24 11:00:00,1080.0,1080.0,1080.0,1080.0,0.0,10.0,10800.0,0
2026-08-24,2026-08-24 12:00:00,1080.0,1080.0,1080.0,1080.0,0.0,10.0,10800.0,0
2026-08-24,2026-08-24 13:00:00,1080.0,1080.0,1080.0,1080.0,0.0,10.0,10800.0,0
2026-08-24,2026-08-24 14:00:00,1080.0,1080.0,1080.0,1080.0,0.0,10.0,10800.0,0
2026-08-24,2026-08-24 15:00:00,1080.0,1080.0,1080.0,1080.0,0.0,10.0,10800.0,0
2026-08-25,2026-08-25 12:00:00,1080.0,1080.0,1080.0,1080.0,0.0,25.0,27000.0,0
2026-08-25,2026-08-25 13:00:00,1080.0,1080.0,1080.0,1080.0,0.0,25.0,27000.0,0
2026-08-25,2026-08-25 14:00:00,1080.0,1080.0,1080.0,1080.0,0.0,25.0,27000.0,0
