published_date,timestamp,open,high,low,close,per_change,traded_quantity,traded_amount,status
2024-06-03,2024-06-03 11:00:00,10.0,10.0,9.5,9.75,-2.5,996.0,9301.4,-1
2024-06-03,2024-06-03 12:00:00,9.75,9.75,9.5,9.5,-2.56,996.0,9301.4,-1
2024-06-03,2024-06-03 13:00:00,9.5,9.5,9.25,9.25,-2.63,996.0,9301.4,-1
2024-06-03,2024-06-03 14:00:00,9.25,9.25,9.0,9.0,-2.7,996.0,9301.4,-1
2024-06-03,2024-06-03 15:00:00,9.0,10.0,9.0,9.0,0.0,996.0,9301.4,0
2024-06-04,2024-06-04 11:00:00,8.82,8.82,8.75,8.82,0.0,3298.0,28788.92,0
2024-06-04,2024-06-04 12:00:00,8.82,8.82,8.81,8.81,-0.11,3298.0,28788.92,-1
2024-06-04,2024-06-04 13:00:00,8.81,8.81,8.8,8.8,-0.11,3298.0,28788.92,-1
2024-06-04,2024-06-04 14:00:00,8.8,8.8,8.8,8.8,0.0,3298.0,28788.92,0
2024-06-04,2024-06-04 15:00:00,8.8,8.82,8.67,8.8,0.0,3298.0,28788.92,0
2024-06-05,2024-06-05 11:00:00,8.64,8.67,8.64,8.66,0.23,850.0,7358.6,1
2024-06-05,2024-06-05 12:00:00,8.66,8.67,8.66,8.67,0.12,850.0,7358.6,1
2024-06-05,2024-06-05 13:00:00,8.67,8.68,8.67,8.68,0.12,850.0,7358.6,1
2024-06-05,2024-06-05 14:00:00,8.68,8.7,8.68,8.7,0.23,850.0,7358.6,1
2024-06-05,2024-06-05 15:00:00,8.7,8.7,8.64,8.7,0.0,850.0,7358.6,0
2024-06-06,2024-06-06 11:00:00,8.53,8.61,8.48,8.53,0.0,1136.2,9674.15,0
2024-06-06,2024-06-06 12:00:00,8.53,8.53,8.53,8.53,0.0,1136.2,9674.15,0
2024-06-06,2024-06-06 13:00:00,8.53,8.53,8.53,8.53,0.0,1136.2,9674.15,0
2024-06-06,2024-06-06 14:00:00,8.53,8.53,8.53,8.53,0.0,1136.2,9674.15,0
2024-06-06,2024-06-06 15:00:00,8.53,8.7,8.44,8.53,0.0,1136.2,9674.15,0
2024-06-09,2024-06-09 11:00:00,8.38,8.44,8.38,8.39,0.12,1650.0,13881.5,1
2024-06-09,2024-06-09 12:00:00,8.39,8.39,8.39,8.39,0.0,1650.0,13881.5,0
2024-06-09,2024-06-09 13:00:00,8.39,8.4,8.39,8.4,0.12,1650.0,13881.5,1
2024-06-09,2024-06-09 14:00:00,8.4,8.41,8.4,8.41,0.12,1650.0,13881.5,1
2024-06-09,2024-06-09 15:00:00,8.41,8.5,8.38,8.41,0.0,1650.0,13881.5,0
2024-06-10,2024-06-10 11:00:00,8.41,8.43,8.33,8.41,0.0,380.0,3169.0,0
2024-06-10,2024-06-10 12:00:00,8.41,8.41,8.41,8.41,0.0,380.0,3169.0,0
2024-06-10,2024-06-10 13:00:00,8.41,8.41,8.4,8.4,-0.12,380.0,3169.0,-1
2024-06-10,2024-06-10 14:00:00,8.4,8.4,8.4,8.4,0.0,380.0,3169.0,0
2024-06-10,2024-06-10 15:00:00,8.4,8.45,8.25,8.4,0.0,380.0,3169.0,0
2024-06-11,2024-06-11 11:00:00,8.25,8.38,8.25,8.31,0.73,750.0,6253.8,1
2024-06-11,2024-06-11 12:00:00,8.31,8.38,8.31,8.38,0.84,750.0,6253.8,1
2024-06-11,2024-06-11 13:00:00,8.38,8.44,8.38,8.44,0.72,750.0,6253.8,1
2024-06-11,2024-06-11 14:00:00,8.44,8.5,8.44,8.5,0.71,750.0,6253.8,1
2024-06-11,2024-06-11 15:00:00,8.5,8.5,8.25,8.5,0.0,750.0,6253.8,0
2024-06-12,2024-06-12 11:00:00,8.45,8.64,8.45,8.55,1.18,740.0,6401.4,1
2024-06-12,2024-06-12 12:00:00,8.55,8.64,8.55,8.64,1.05,740.0,6401.4,1
2024-06-12,2024-06-12 13:00:00,8.64,8.74,8.64,8.74,1.16,740.0,6401.4,1
2024-06-12,2024-06-12 14:00:00,8.74,8.84,8.74,8.84,1.14,740.0,6401.4,1
2024-06-12,2024-06-12 15:00:00,8.84,8.84,8.45,8.84,0.0,740.0,6401.4,0
2024-06-13,2024-06-13 11:00:00,8.9,8.91,8.72,8.81,-1.01,362.0,3160.12,-1
2024-06-13,2024-06-13 12:00:00,8.81,8.81,8.72,8.72,-1.02,362.0,3160.12,-1
2024-06-13,2024-06-13 13:00:00,8.72,8.72,8.63,8.63,-1.03,362.0,3160.12,-1
2024-06-13,2024-06-13 14:00:00,8.63,8.63,8.54,8.54,-1.04,362.0,3160.12,-1
2024-06-13,2024-06-13 15:00:00,8.54,8.91,8.54,8.54,0.0,362.0,3160.12,0
2024-06-16,2024-06-16 11:00:00,8.37,8.37,8.29,8.34,-0.36,480.0,3973.6,-1
2024-06-16,2024-06-16 12:00:00,8.34,8.34,8.31,8.31,-0.36,480.0,3973.6,-1
2024-06-16,2024-06-16 13:00:00,8.31,8.31,8.28,8.28,-0.36,480.0,3973.6,-1
2024-06-16,2024-06-16 14:00:00,8.28,8.28,8.25,8.25,-0.36,480.0,3973.6,-1
2024-06-16,2024-06-16 15:00:00,8.25,8.37,8.21,8.25,0.0,480.0,3973.6,0
2024-06-18,2024-06-18 11:00:00,8.09,8.17,8.05,8.09,0.0,566.0,4590.1,0
2024-06-18,2024-06-18 12:00:00,8.09,8.1,8.09,8.1,0.12,566.0,4590.1,1
2024-06-18,2024-06-18 13:00:00,8.1,8.11,8.1,8.11,0.12,566.0,4590.1,1
2024-06-18,2024-06-18 14:00:00,8.11,8.11,8.11,8.11,0.0,566.0,4590.1,0
2024-06-18,2024-06-18 15:00:00,8.11,8.25,8.01,8.11,0.0,566.0,4590.1,0
2024-06-19,2024-06-19 11:00:00,7.95,8.04,7.95,8.0,0.63,244.0,1956.04,1
2024-06-19,2024-06-19 12:00:00,8.0,8.04,8.0,8.04,0.5,244.0,1956.04,1
2024-06-19,2024-06-19 13:00:00,8.04,8.09,8.04,8.09,0.62,244.0,1956.04,1
2024-06-19,2024-06-19 14:00:00,8.09,8.13,8.09,8.13,0.49,244.0,1956.04,1
2024-06-19,2024-06-19 15:00:00,8.13,8.13,7.95,8.13,0.0,244.0,1956.04,0
2024-06-20,2024-06-20 11:00:00,8.13,8.21,8.05,8.17,0.49,1552.0,12796.2,1
2024-06-20,2024-06-20 12:00:00,8.17,8.21,8.17,8.21,0.49,1552.0,12796.2,1
2024-06-20,2024-06-20 13:00:00,8.21,8.26,8.21,8.26,0.61,1552.0,12796.2,1
2024-06-20,2024-06-20 14:00:00,8.26,8.3,8.26,8.3,0.48,1552.0,12796.2,1
2024-06-20,2024-06-20 15:00:00,8.3,8.3,7.97,8.3,0.0,1552.0,12796.2,0
2024-06-23,2024-06-23 11:00:00,8.14,8.19,8.14,8.14,0.0,576.0,4698.4,0
2024-06-23,2024-06-23 12:00:00,8.14,8.14,8.14,8.14,0.0,576.0,4698.4,0
2024-06-23,2024-06-23 13:00:00,8.14,8.15,8.14,8.15,0.12,576.0,4698.4,1
2024-06-23,2024-06-23 14:00:00,8.15,8.15,8.15,8.15,0.0,576.0,4698.4,0
2024-06-23,2024-06-23 15:00:00,8.15,8.24,8.14,8.15,0.0,576.0,4698.4,0
2024-06-24,2024-06-24 11:00:00,8.15,8.4,8.15,8.28,1.6,743.0,6202.39,1
2024-06-24,2024-06-24 12:00:00,8.28,8.4,8.28,8.4,1.45,743.0,6202.39,1
2024-06-24,2024-06-24 13:00:00,8.4,8.53,8.4,8.53,1.55,743.0,6202.39,1
2024-06-24,2024-06-24 14:00:00,8.53,8.65,8.53,8.65,1.41,743.0,6202.39,1
2024-06-24,2024-06-24 15:00:00,8.65,8.65,8.15,8.65,0.0,743.0,6202.39,0
2024-06-25,2024-06-25 11:00:00,8.75,8.75,8.53,8.64,-1.26,500.0,4185.4,-1
2024-06-25,2024-06-25 12:00:00,8.64,8.64,8.53,8.53,-1.27,500.0,4185.4,-1
2024-06-25,2024-06-25 13:00:00,8.53,8.53,8.41,8.41,-1.41,500.0,4185.4,-1
2024-06-25,2024-06-25 14:00:00,8.41,8.41,8.3,8.3,-1.31,500.0,4185.4,-1
2024-06-25,2024-06-25 15:00:00,8.3,8.75,8.3,8.3,0.0,500.0,4185.4,0
2024-06-26,2024-06-26 11:00:00,8.4,8.48,8.36,8.44,0.48,1360.0,11421.8,1
2024-06-26,2024-06-26 12:00:00,8.44,8.48,8.44,8.48,0.47,1360.0,11421.8,1
2024-06-26,2024-06-26 13:00:00,8.48,8.52,8.48,8.52,0.47,1360.0,11421.8,1
2024-06-26,2024-06-26 14:00:00,8.52,8.56,8.52,8.56,0.47,1360.0,11421.8,1
2024-06-26,2024-06-26 15:00:00,8.56,8.56,8.31,8.56,0.0,1360.0,11421.8,0
2024-06-27,2024-06-27 11:00:00,8.6,8.75,8.57,8.67,0.81,2276.0,20104.24,1
2024-06-27,2024-06-27 12:00:00,8.67,8.75,8.67,8.75,0.92,2276.0,20104.24,1
2024-06-27,2024-06-27 13:00:00,8.75,8.82,8.75,8.82,0.8,2276.0,20104.24,1
2024-06-27,2024-06-27 14:00:00,8.82,8.89,8.82,8.89,0.79,2276.0,20104.24,1
2024-06-27,2024-06-27 15:00:00,8.89,8.89,8.55,8.89,0.0,2276.0,20104.24,0
2024-06-30,2024-06-30 11:00:00,8.72,8.8,8.64,8.68,-0.46,390.0,3392.3,-1
2024-06-30,2024-06-30 12:00:00,8.68,8.68,8.64,8.64,-0.46,390.0,3392.3,-1
2024-06-30,2024-06-30 13:00:00,8.64,8.64,8.59,8.59,-0.58,390.0,3392.3,-1
2024-06-30,2024-06-30 14:00:00,8.59,8.59,8.55,8.55,-0.47,390.0,3392.3,-1
2024-06-30,2024-06-30 15:00:00,8.55,8.89,8.55,8.55,0.0,390.0,3392.3,0
2024-07-01,2024-07-01 11:00:00,8.5,8.5,8.41,8.47,-0.35,544.0,4560.68,-1
2024-07-01,2024-07-01 12:00:00,8.47,8.47,8.44,8.44,-0.35,544.0,4560.68,-1
2024-07-01,2024-07-01 13:00:00,8.44,8.44,8.41,8.41,-0.36,544.0,4560.68,-1
2024-07-01,2024-07-01 14:00:00,8.41,8.41,8.38,8.38,-0.36,544.0,4560.68,-1
2024-07-01,2024-07-01 15:00:00,8.38,8.5,8.33,8.38,0.0,544.0,4560.68,0
2024-07-02,2024-07-02 11:00:00,8.22,8.3,8.22,8.26,0.49,1000.0,8264.2,1
2024-07-02,2024-07-02 12:00:00,8.26,8.3,8.26,8.3,0.48,1000.0,8264.2,1
2024-07-02,2024-07-02 13:00:00,8.3,8.34,8.3,8.34,0.48,1000.0,8264.2,1
2024-07-02,2024-07-02 14:00:00,8.34,8.38,8.34,8.38,0.48,1000.0,8264.2,1
2024-07-02,2024-07-02 15:00:00,8.38,8.38,8.22,8.38,0.0,1000.0,8264.2,0
2024-07-03,2024-07-03 11:00:00,8.4,8.4,8.38,8.39,-0.12,120.0,1006.4,-1
2024-07-03,2024-07-03 12:00:00,8.39,8.39,8.38,8.38,-0.12,120.0,1006.4,-1
2024-07-03,2024-07-03 13:00:00,8.38,8.38,8.37,8.37,-0.12,120.0,1006.4,-1
2024-07-03,2024-07-03 14:00:00,8.37,8.37,8.36,8.36,-0.12,120.0,1006.4,-1
2024-07-03,2024-07-03 15:00:00,8.36,8.4,8.36,8.36,0.0,120.0,1006.4,0
2024-07-04,2024-07-04 11:00:00,8.35,8.43,8.35,8.35,0.0,530.0,4440.9,0
2024-07-04,2024-07-04 12:00:00,8.35,8.36,8.35,8.36,0.12,530.0,4440.9,1
2024-07-04,2024-07-04 13:00:00,8.36,8.36,8.36,8.36,0.0,530.0,4440.9,0
2024-07-04,2024-07-04 14:00:00,8.36,8.36,8.36,8.36,0.0,530.0,4440.9,0
2024-07-04,2024-07-04 15:00:00,8.36,8.51,8.35,8.36,0.0,530.0,4440.9,0
2024-07-07,2024-07-07 11:00:00,8.36,8.46,8.36,8.39,0.36,690.0,5839.4,1
2024-07-07,2024-07-07 12:00:00,8.39,8.43,8.39,8.43,0.48,690.0,5839.4,1
2024-07-07,2024-07-07 13:00:00,8.43,8.46,8.43,8.46,0.36,690.0,5839.4,1
2024-07-07,2024-07-07 14:00:00,8.46,8.5,8.46,8.5,0.47,690.0,5839.4,1
2024-07-07,2024-07-07 15:00:00,8.5,8.56,8.36,8.5,0.0,690.0,5839.4,0
2024-07-08,2024-07-08 11:00:00,8.5,8.5,8.43,8.5,0.0,890.0,7518.5,0
2024-07-08,2024-07-08 12:00:00,8.5,8.5,8.5,8.5,0.0,890.0,7518.5,0
2024-07-08,2024-07-08 13:00:00,8.5,8.5,8.5,8.5,0.0,890.0,7518.5,0
2024-07-08,2024-07-08 14:00:00,8.5,8.5,8.5,8.5,0.0,890.0,7518.5,0
2024-07-08,2024-07-08 15:00:00,8.5,8.5,8.35,8.5,0.0,890.0,7518.5,0
2024-07-09,2024-07-09 11:00:00,8.35,8.52,8.35,8.43,0.96,2180.0,18756.5,1
2024-07-09,2024-07-09 12:00:00,8.43,8.5,8.43,8.5,0.83,2180.0,18756.5,1
2024-07-09,2024-07-09 13:00:00,8.5,8.57,8.5,8.57,0.82,2180.0,18756.5,1
2024-07-09,2024-07-09 14:00:00,8.57,8.65,8.57,8.65,0.93,2180.0,18756.5,1
2024-07-09,2024-07-09 15:00:00,8.65,8.7,8.35,8.65,0.0,2180.0,18756.5,0
2024-07-10,2024-07-10 11:00:00,8.82,8.82,8.73,8.78,-0.45,1022.0,9010.3,-1
2024-07-10,2024-07-10 12:00:00,8.78,8.78,8.73,8.73,-0.57,1022.0,9010.3,-1
2024-07-10,2024-07-10 13:00:00,8.73,8.73,8.69,8.69,-0.46,1022.0,9010.3,-1
2024-07-10,2024-07-10 14:00:00,8.69,8.69,8.65,8.65,-0.46,1022.0,9010.3,-1
2024-07-10,2024-07-10 15:00:00,8.65,8.82,8.65,8.65,0.0,1022.0,9010.3,0
2024-07-11,2024-07-11 11:00:00,8.82,9.16,8.82,8.99,1.93,3150.0,28499.8,1
2024-07-11,2024-07-11 12:00:00,8.99,9.16,8.99,9.16,1.89,3150.0,28499.8,1
2024-07-11,2024-07-11 13:00:00,9.16,9.33,9.16,9.33,1.86,3150.0,28499.8,1
2024-07-11,2024-07-11 14:00:00,9.33,9.5,9.33,9.5,1.82,3150.0,28499.8,1
2024-07-11,2024-07-11 15:00:00,9.5,9.51,8.82,9.5,0.0,3150.0,28499.8,0
2024-07-14,2024-07-14 11:00:00,9.69,9.69,9.59,9.67,-0.21,280.0,2667.2,-1
2024-07-14,2024-07-14 12:00:00,9.67,9.67,9.64,9.64,-0.31,280.0,2667.2,-1
2024-07-14,2024-07-14 13:00:00,9.64,9.64,9.62,9.62,-0.21,280.0,2667.2,-1
2024-07-14,2024-07-14 14:00:00,9.62,9.62,9.6,9.6,-0.21,280.0,2667.2,-1
2024-07-14,2024-07-14 15:00:00,9.6,9.69,9.5,9.6,0.0,280.0,2667.2,0
2024-07-15,2024-07-15 11:00:00,9.6,10.07,9.6,9.7,1.04,6486.0,64225.08,1
2024-07-15,2024-07-15 12:00:00,9.7,9.8,9.7,9.8,1.03,6486.0,64225.08,1
2024-07-15,2024-07-15 13:00:00,9.8,9.9,9.8,9.9,1.02,6486.0,64225.08,1
2024-07-15,2024-07-15 14:00:00,9.9,10.0,9.9,10.0,1.01,6486.0,64225.08,1
2024-07-15,2024-07-15 15:00:00,10.0,10.55,9.6,10.0,0.0,6486.0,64225.08,0
2024-07-16,2024-07-16 11:00:00,9.81,9.81,9.62,9.73,-0.82,340.0,3222.4,-1
2024-07-16,2024-07-16 12:00:00,9.73,9.73,9.64,9.64,-0.92,340.0,3222.4,-1
2024-07-16,2024-07-16 13:00:00,9.64,9.64,9.56,9.56,-0.83,340.0,3222.4,-1
2024-07-16,2024-07-16 14:00:00,9.56,9.56,9.48,9.48,-0.84,340.0,3222.4,-1
2024-07-16,2024-07-16 15:00:00,9.48,9.81,9.43,9.48,0.0,340.0,3222.4,0
2024-07-17,2024-07-17 11:00:00,9.3,9.3,9.04,9.17,-1.4,1867.0,16856.48,-1
2024-07-17,2024-07-17 12:00:00,9.17,9.17,9.04,9.04,-1.42,1867.0,16856.48,-1
2024-07-17,2024-07-17 13:00:00,9.04,9.04,8.91,8.91,-1.44,1867.0,16856.48,-1
2024-07-17,2024-07-17 14:00:00,8.91,8.91,8.78,8.78,-1.46,1867.0,16856.48,-1
2024-07-17,2024-07-17 15:00:00,8.78,9.3,8.78,8.78,0.0,1867.0,16856.48,0
2024-07-18,2024-07-18 11:00:00,8.7,8.82,8.66,8.72,0.23,719.6,6297.87,1
2024-07-18,2024-07-18 12:00:00,8.72,8.74,8.72,8.74,0.23,719.6,6297.87,1
2024-07-18,2024-07-18 13:00:00,8.74,8.77,8.74,8.77,0.34,719.6,6297.87,1
2024-07-18,2024-07-18 14:00:00,8.77,8.79,8.77,8.79,0.23,719.6,6297.87,1
2024-07-18,2024-07-18 15:00:00,8.79,8.95,8.62,8.79,0.0,719.6,6297.87,0
2024-07-21,2024-07-21 11:00:00,8.62,8.64,8.46,8.63,0.12,544.0,4651.88,1
2024-07-21,2024-07-21 12:00:00,8.63,8.63,8.63,8.63,0.0,544.0,4651.88,0
2024-07-21,2024-07-21 13:00:00,8.63,8.64,8.63,8.64,0.12,544.0,4651.88,1
2024-07-21,2024-07-21 14:00:00,8.64,8.65,8.64,8.65,0.12,544.0,4651.88,1
2024-07-21,2024-07-21 15:00:00,8.65,8.67,8.3,8.65,0.0,544.0,4651.88,0
2024-07-22,2024-07-22 11:00:00,8.48,8.73,8.48,8.61,1.53,102998.0,889541.72,1
2024-07-22,2024-07-22 12:00:00,8.61,8.73,8.61,8.73,1.39,102998.0,889541.72,1
2024-07-22,2024-07-22 13:00:00,8.73,8.86,8.73,8.86,1.49,102998.0,889541.72,1
2024-07-22,2024-07-22 14:00:00,8.86,8.98,8.86,8.98,1.35,102998.0,889541.72,1
2024-07-22,2024-07-22 15:00:00,8.98,8.98,8.48,8.98,0.0,102998.0,889541.72,0
2024-07-23,2024-07-23 11:00:00,8.81,9.04,8.81,8.93,1.36,6718.0,61168.4,1
2024-07-23,2024-07-23 12:00:00,8.93,9.04,8.93,9.04,1.23,6718.0,61168.4,1
2024-07-23,2024-07-23 13:00:00,9.04,9.16,9.04,9.16,1.33,6718.0,61168.4,1
2024-07-23,2024-07-23 14:00:00,9.16,9.28,9.16,9.28,1.31,6718.0,61168.4,1
2024-07-23,2024-07-23 15:00:00,9.28,9.28,8.81,9.28,0.0,6718.0,61168.4,0
2024-07-24,2024-07-24 11:00:00,9.1,9.19,9.01,9.14,0.44,2300.0,20947.0,1
2024-07-24,2024-07-24 12:00:00,9.14,9.19,9.14,9.19,0.55,2300.0,20947.0,1
2024-07-24,2024-07-24 13:00:00,9.19,9.23,9.19,9.23,0.44,2300.0,20947.0,1
2024-07-24,2024-07-24 14:00:00,9.23,9.28,9.23,9.28,0.54,2300.0,20947.0,1
2024-07-24,2024-07-24 15:00:00,9.28,9.28,8.92,9.28,0.0,2300.0,20947.0,0
2024-07-25,2024-07-25 11:00:00,9.1,9.19,9.05,9.11,0.11,60710.0,552419.6,1
2024-07-25,2024-07-25 12:00:00,9.11,9.12,9.11,9.12,0.11,60710.0,552419.6,1
2024-07-25,2024-07-25 13:00:00,9.12,9.14,9.12,9.14,0.22,60710.0,552419.6,1
2024-07-25,2024-07-25 14:00:00,9.14,9.15,9.14,9.15,0.11,60710.0,552419.6,1
2024-07-25,2024-07-25 15:00:00,9.15,9.28,9.0,9.15,0.0,60710.0,552419.6,0
2024-07-28,2024-07-28 11:00:00,9.0,9.0,8.72,9.0,0.0,2330.0,20100.4,0
2024-07-28,2024-07-28 12:00:00,9.0,9.0,9.0,9.0,0.0,2330.0,20100.4,0
2024-07-28,2024-07-28 13:00:00,9.0,9.0,9.0,9.0,0.0,2330.0,20100.4,0
2024-07-28,2024-07-28 14:00:00,9.0,9.0,9.0,9.0,0.0,2330.0,20100.4,0
2024-07-28,2024-07-28 15:00:00,9.0,9.0,8.45,9.0,0.0,2330.0,20100.4,0
2024-07-29,2024-07-29 11:00:00,9.0,9.09,8.96,8.99,-0.11,2552.2,23008.9,-1
2024-07-29,2024-07-29 12:00:00,8.99,8.99,8.98,8.98,-0.11,2552.2,23008.9,-1
2024-07-29,2024-07-29 13:00:00,8.98,8.98,8.98,8.98,0.0,2552.2,23008.9,0
2024-07-29,2024-07-29 14:00:00,8.98,8.98,8.97,8.97,-0.11,2552.2,23008.9,-1
2024-07-29,2024-07-29 15:00:00,8.97,9.18,8.91,8.97,0.0,2552.2,23008.9,0
2024-07-30,2024-07-30 11:00:00,8.9,8.9,8.86,8.89,-0.11,1430.0,12616.33,-1
2024-07-30,2024-07-30 12:00:00,8.89,8.89,8.88,8.88,-0.11,1430.0,12616.33,-1
2024-07-30,2024-07-30 13:00:00,8.88,8.88,8.88,8.88,0.0,1430.0,12616.33,0
2024-07-30,2024-07-30 14:00:00,8.88,8.88,8.87,8.87,-0.11,1430.0,12616.33,-1
2024-07-30,2024-07-30 15:00:00,8.87,8.9,8.81,8.87,0.0,1430.0,12616.33,0
2024-07-31,2024-07-31 11:00:00,8.81,8.91,8.81,8.83,0.23,2426.0,21525.24,1
2024-07-31,2024-07-31 12:00:00,8.83,8.85,8.83,8.85,0.23,2426.0,21525.24,1
2024-07-31,2024-07-31 13:00:00,8.85,8.87,8.85,8.87,0.23,2426.0,21525.24,1
2024-07-31,2024-07-31 14:00:00,8.87,8.89,8.87,8.89,0.23,2426.0,21525.24,1
2024-07-31,2024-07-31 15:00:00,8.89,9.0,8.81,8.89,0.0,2426.0,21525.24,0
2024-08-01,2024-08-01 11:00:00,8.9,8.95,8.87,8.89,-0.11,5540.0,49645.56,-1
2024-08-01,2024-08-01 12:00:00,8.89,8.89,8.88,8.88,-0.11,5540.0,49645.56,-1
2024-08-01,2024-08-01 13:00:00,8.88,8.88,8.87,8.87,-0.11,5540.0,49645.56,-1
2024-08-01,2024-08-01 14:00:00,8.87,8.87,8.86,8.86,-0.11,5540.0,49645.56,-1
2024-08-01,2024-08-01 15:00:00,8.86,9.0,8.84,8.86,0.0,5540.0,49645.56,0
2024-08-05,2024-08-05 11:00:00,8.86,8.88,8.78,8.84,-0.23,2658.2,23191.74,-1
2024-08-05,2024-08-05 12:00:00,8.84,8.84,8.83,8.83,-0.11,2658.2,23191.74,-1
2024-08-05,2024-08-05 13:00:00,8.83,8.83,8.82,8.82,-0.11,2658.2,23191.74,-1
2024-08-05,2024-08-05 14:00:00,8.82,8.82,8.8,8.8,-0.23,2658.2,23191.74,-1
2024-08-05,2024-08-05 15:00:00,8.8,8.9,8.7,8.8,0.0,2658.2,23191.74,0
2024-08-06,2024-08-06 11:00:00,8.7,8.7,8.6,8.7,0.0,5340.0,45972.4,0
2024-08-06,2024-08-06 12:00:00,8.7,8.7,8.7,8.7,0.0,5340.0,45972.4,0
2024-08-06,2024-08-06 13:00:00,8.7,8.7,8.7,8.7,0.0,5340.0,45972.4,0
2024-08-06,2024-08-06 14:00:00,8.7,8.7,8.7,8.7,0.0,5340.0,45972.4,0
2024-08-06,2024-08-06 15:00:00,8.7,8.7,8.5,8.7,0.0,5340.0,45972.4,0
2024-08-07,2024-08-07 11:00:00,8.56,8.68,8.56,8.57,0.12,3500.0,30258.6,1
2024-08-07,2024-08-07 12:00:00,8.57,8.59,8.57,8.59,0.23,3500.0,30258.6,1
2024-08-07,2024-08-07 13:00:00,8.59,8.61,8.59,8.61,0.23,3500.0,30258.6,1
2024-08-07,2024-08-07 14:00:00,8.61,8.62,8.61,8.62,0.12,3500.0,30258.6,1
2024-08-07,2024-08-07 15:00:00,8.62,8.8,8.56,8.62,0.0,3500.0,30258.6,0
2024-08-08,2024-08-08 11:00:00,8.79,8.83,8.7,8.81,0.23,1040.0,9064.6,1
2024-08-08,2024-08-08 12:00:00,8.81,8.83,8.81,8.83,0.23,1040.0,9064.6,1
2024-08-08,2024-08-08 13:00:00,8.83,8.85,8.83,8.85,0.23,1040.0,9064.6,1
2024-08-08,2024-08-08 14:00:00,8.85,8.87,8.85,8.87,0.23,1040.0,9064.6,1
2024-08-08,2024-08-08 15:00:00,8.87,8.87,8.6,8.87,0.0,1040.0,9064.6,0
2024-08-11,2024-08-11 11:00:00,8.7,8.79,8.7,8.72,0.23,9180.0,80250.3,1
2024-08-11,2024-08-11 12:00:00,8.72,8.75,8.72,8.75,0.34,9180.0,80250.3,1
2024-08-11,2024-08-11 13:00:00,8.75,8.78,8.75,8.78,0.34,9180.0,80250.3,1
2024-08-11,2024-08-11 14:00:00,8.78,8.8,8.78,8.8,0.23,9180.0,80250.3,1
2024-08-11,2024-08-11 15:00:00,8.8,8.87,8.7,8.8,0.0,9180.0,80250.3,0
2024-08-12,2024-08-12 11:00:00,8.7,8.85,8.7,8.73,0.34,7140.0,63514.3,1
2024-08-12,2024-08-12 12:00:00,8.73,8.76,8.73,8.76,0.34,7140.0,63514.3,1
2024-08-12,2024-08-12 13:00:00,8.76,8.79,8.76,8.79,0.34,7140.0,63514.3,1
2024-08-12,2024-08-12 14:00:00,8.79,8.82,8.79,8.82,0.34,7140.0,63514.3,1
2024-08-12,2024-08-12 15:00:00,8.82,9.0,8.7,8.82,0.0,7140.0,63514.3,0
2024-08-13,2024-08-13 11:00:00,8.7,8.79,8.68,8.7,0.0,90411.0,795281.99,0
2024-08-13,2024-08-13 12:00:00,8.7,8.7,8.69,8.69,-0.11,90411.0,795281.99,-1
2024-08-13,2024-08-13 13:00:00,8.69,8.69,8.68,8.68,-0.12,90411.0,795281.99,-1
2024-08-13,2024-08-13 14:00:00,8.68,8.68,8.68,8.68,0.0,90411.0,795281.99,0
2024-08-13,2024-08-13 15:00:00,8.68,8.89,8.66,8.68,0.0,90411.0,795281.99,0
2024-08-14,2024-08-14 11:00:00,8.68,8.85,8.67,8.77,1.04,37209.0,331467.8,1
2024-08-14,2024-08-14 12:00:00,8.77,8.85,8.77,8.85,0.91,37209.0,331467.8,1
2024-08-14,2024-08-14 13:00:00,8.85,8.93,8.85,8.93,0.9,37209.0,331467.8,1
2024-08-14,2024-08-14 14:00:00,8.93,9.02,8.93,9.02,1.01,37209.0,331467.8,1
2024-08-14,2024-08-14 15:00:00,9.02,9.02,8.66,9.02,0.0,37209.0,331467.8,0
2024-08-15,2024-08-15 11:00:00,9.0,9.1,8.93,9.04,0.44,4340.0,38661.0,1
2024-08-15,2024-08-15 12:00:00,9.04,9.09,9.04,9.09,0.55,4340.0,38661.0,1
2024-08-15,2024-08-15 13:00:00,9.09,9.13,9.09,9.13,0.44,4340.0,38661.0,1
2024-08-15,2024-08-15 14:00:00,9.13,9.18,9.13,9.18,0.55,4340.0,38661.0,1
2024-08-15,2024-08-15 15:00:00,9.18,9.2,8.85,9.18,0.0,4340.0,38661.0,0
2024-08-18,2024-08-18 11:00:00,9.0,9.09,8.91,8.97,-0.33,3224.0,28950.52,-1
2024-08-18,2024-08-18 12:00:00,8.97,8.97,8.95,8.95,-0.22,3224.0,28950.52,-1
2024-08-18,2024-08-18 13:00:00,8.95,8.95,8.93,8.93,-0.22,3224.0,28950.52,-1
2024-08-18,2024-08-18 14:00:00,8.93,8.93,8.9,8.9,-0.34,3224.0,28950.52,-1
2024-08-18,2024-08-18 15:00:00,8.9,9.18,8.83,8.9,0.0,3224.0,28950.52,0
2024-08-21,2024-08-21 11:00:00,8.73,8.82,8.71,8.75,0.23,820.0,7192.2,1
2024-08-21,2024-08-21 12:00:00,8.75,8.77,8.75,8.77,0.23,820.0,7192.2,1
2024-08-21,2024-08-21 13:00:00,8.77,8.78,8.77,8.78,0.11,820.0,7192.2,1
2024-08-21,2024-08-21 14:00:00,8.78,8.8,8.78,8.8,0.23,820.0,7192.2,1
2024-08-21,2024-08-21 15:00:00,8.8,8.9,8.7,8.8,0.0,820.0,7192.2,0
2024-08-22,2024-08-22 11:00:00,8.66,8.83,8.66,8.75,1.04,953.6,8524.5,1
2024-08-22,2024-08-22 12:00:00,8.75,8.83,8.75,8.83,0.91,953.6,8524.5,1
2024-08-22,2024-08-22 13:00:00,8.83,8.91,8.83,8.91,0.91,953.6,8524.5,1
2024-08-22,2024-08-22 14:00:00,8.91,9.0,8.91,9.0,1.01,953.6,8524.5,1
2024-08-22,2024-08-22 15:00:00,9.0,9.0,8.66,9.0,0.0,953.6,8524.5,0
2024-08-25,2024-08-25 11:00:00,9.1,9.1,9.01,9.06,-0.44,2062.0,18538.8,-1
2024-08-25,2024-08-25 12:00:00,9.06,9.06,9.02,9.02,-0.44,2062.0,18538.8,-1
2024-08-25,2024-08-25 13:00:00,9.02,9.02,8.97,8.97,-0.55,2062.0,18538.8,-1
2024-08-25,2024-08-25 14:00:00,8.97,8.97,8.93,8.93,-0.45,2062.0,18538.8,-1
2024-08-25,2024-08-25 15:00:00,8.93,9.1,8.92,8.93,0.0,2062.0,18538.8,0
2024-08-27,2024-08-27 11:00:00,8.76,8.76,8.68,8.72,-0.46,530.0,4594.0,-1
2024-08-27,2024-08-27 12:00:00,8.72,8.72,8.68,8.68,-0.46,530.0,4594.0,-1
2024-08-27,2024-08-27 13:00:00,8.68,8.68,8.65,8.65,-0.35,530.0,4594.0,-1
2024-08-27,2024-08-27 14:00:00,8.65,8.65,8.61,8.61,-0.46,530.0,4594.0,-1
2024-08-27,2024-08-27 15:00:00,8.61,8.76,8.61,8.61,0.0,530.0,4594.0,0
2024-08-28,2024-08-28 11:00:00,8.61,8.74,8.59,8.67,0.7,2862.0,24761.52,1
2024-08-28,2024-08-28 12:00:00,8.67,8.74,8.67,8.74,0.81,2862.0,24761.52,1
2024-08-28,2024-08-28 13:00:00,8.74,8.8,8.74,8.8,0.69,2862.0,24761.52,1
2024-08-28,2024-08-28 14:00:00,8.8,8.87,8.8,8.87,0.8,2862.0,24761.52,1
2024-08-28,2024-08-28 15:00:00,8.87,8.87,8.56,8.87,0.0,2862.0,24761.52,0
2024-08-29,2024-08-29 11:00:00,8.85,8.93,8.78,8.81,-0.45,964.4,8595.8,-1
2024-08-29,2024-08-29 12:00:00,8.81,8.81,8.78,8.78,-0.34,964.4,8595.8,-1
2024-08-29,2024-08-29 13:00:00,8.78,8.78,8.75,8.75,-0.34,964.4,8595.8,-1
2024-08-29,2024-08-29 14:00:00,8.75,8.75,8.71,8.71,-0.46,964.4,8595.8,-1
2024-08-29,2024-08-29 15:00:00,8.71,9.01,8.71,8.71,0.0,964.4,8595.8,0
2024-09-01,2024-09-01 11:00:00,8.68,8.99,8.68,8.84,1.84,6008.0,54706.04,1
2024-09-01,2024-09-01 12:00:00,8.84,8.99,8.84,8.99,1.7,6008.0,54706.04,1
2024-09-01,2024-09-01 13:00:00,8.99,9.14,8.99,9.14,1.67,6008.0,54706.04,1
2024-09-01,2024-09-01 14:00:00,9.14,9.3,9.14,9.3,1.75,6008.0,54706.04,1
2024-09-01,2024-09-01 15:00:00,9.3,9.3,8.68,9.3,0.0,6008.0,54706.04,0
2024-09-02,2024-09-02 11:00:00,9.2,9.39,9.2,9.29,0.98,3921.0,36953.78,1
2024-09-02,2024-09-02 12:00:00,9.29,9.39,9.29,9.39,1.08,3921.0,36953.78,1
2024-09-02,2024-09-02 13:00:00,9.39,9.48,9.39,9.48,0.96,3921.0,36953.78,1
2024-09-02,2024-09-02 14:00:00,9.48,9.58,9.48,9.58,1.05,3921.0,36953.78,1
2024-09-02,2024-09-02 15:00:00,9.58,9.58,9.2,9.58,0.0,3921.0,36953.78,0
2024-09-03,2024-09-03 11:00:00,9.39,9.39,9.18,9.29,-1.06,1544.0,14216.18,-1
2024-09-03,2024-09-03 12:00:00,9.29,9.29,9.18,9.18,-1.18,1544.0,14216.18,-1
2024-09-03,2024-09-03 13:00:00,9.18,9.18,9.08,9.08,-1.09,1544.0,14216.18,-1
2024-09-03,2024-09-03 14:00:00,9.08,9.08,8.97,8.97,-1.21,1544.0,14216.18,-1
2024-09-03,2024-09-03 15:00:00,8.97,9.39,8.96,8.97,0.0,1544.0,14216.18,0
2024-09-04,2024-09-04 11:00:00,8.97,9.0,8.89,8.98,0.11,14286.0,128227.1,1
2024-09-04,2024-09-04 12:00:00,8.98,8.98,8.98,8.98,0.0,14286.0,128227.1,0
2024-09-04,2024-09-04 13:00:00,8.98,8.99,8.98,8.99,0.11,14286.0,128227.1,1
2024-09-04,2024-09-04 14:00:00,8.99,9.0,8.99,9.0,0.11,14286.0,128227.1,1
2024-09-04,2024-09-04 15:00:00,9.0,9.03,8.82,9.0,0.0,14286.0,128227.1,0
2024-09-05,2024-09-05 11:00:00,8.82,8.91,8.82,8.87,0.57,320.0,2847.2,1
2024-09-05,2024-09-05 12:00:00,8.87,8.91,8.87,8.91,0.45,320.0,2847.2,1
2024-09-05,2024-09-05 13:00:00,8.91,8.96,8.91,8.96,0.56,320.0,2847.2,1
2024-09-05,2024-09-05 14:00:00,8.96,9.0,8.96,9.0,0.45,320.0,2847.2,1
2024-09-05,2024-09-05 15:00:00,9.0,9.0,8.82,9.0,0.0,320.0,2847.2,0
2024-09-08,2024-09-08 11:00:00,8.82,9.0,8.82,8.87,0.57,760.0,6866.4,1
2024-09-08,2024-09-08 12:00:00,8.87,8.91,8.87,8.91,0.45,760.0,6866.4,1
2024-09-08,2024-09-08 13:00:00,8.91,8.96,8.91,8.96,0.56,760.0,6866.4,1
2024-09-08,2024-09-08 14:00:00,8.96,9.0,8.96,9.0,0.45,760.0,6866.4,1
2024-09-08,2024-09-08 15:00:00,9.0,9.18,8.82,9.0,0.0,760.0,6866.4,0
2024-09-09,2024-09-09 11:00:00,8.84,9.1,8.84,8.86,0.23,1454.0,13338.18,1
2024-09-09,2024-09-09 12:00:00,8.86,8.88,8.86,8.88,0.23,1454.0,13338.18,1
2024-09-09,2024-09-09 13:00:00,8.88,8.89,8.88,8.89,0.11,1454.0,13338.18,1
2024-09-09,2024-09-09 14:00:00,8.89,8.91,8.89,8.91,0.22,1454.0,13338.18,1
2024-09-09,2024-09-09 15:00:00,8.91,9.36,8.84,8.91,0.0,1454.0,13338.18,0
2024-09-10,2024-09-10 11:00:00,8.9,9.08,8.82,8.86,-0.45,4556.0,41088.88,-1
2024-09-10,2024-09-10 12:00:00,8.86,8.86,8.82,8.82,-0.45,4556.0,41088.88,-1
2024-09-10,2024-09-10 13:00:00,8.82,8.82,8.77,8.77,-0.57,4556.0,41088.88,-1
2024-09-10,2024-09-10 14:00:00,8.77,8.77,8.73,8.73,-0.46,4556.0,41088.88,-1
2024-09-10,2024-09-10 15:00:00,8.73,9.26,8.73,8.73,0.0,4556.0,41088.88,0
2024-09-11,2024-09-11 11:00:00,8.73,8.73,8.64,8.7,-0.34,350.0,3013.5,-1
2024-09-11,2024-09-11 12:00:00,8.7,8.7,8.67,8.67,-0.34,350.0,3013.5,-1
2024-09-11,2024-09-11 13:00:00,8.67,8.67,8.64,8.64,-0.35,350.0,3013.5,-1
2024-09-11,2024-09-11 14:00:00,8.64,8.64,8.61,8.61,-0.35,350.0,3013.5,-1
2024-09-11,2024-09-11 15:00:00,8.61,8.73,8.56,8.61,0.0,350.0,3013.5,0
2024-09-12,2024-09-12 11:00:00,8.5,8.73,8.5,8.54,0.47,1484.0,13021.6,1
2024-09-12,2024-09-12 12:00:00,8.54,8.57,8.54,8.57,0.35,1484.0,13021.6,1
2024-09-12,2024-09-12 13:00:00,8.57,8.61,8.57,8.61,0.47,1484.0,13021.6,1
2024-09-12,2024-09-12 14:00:00,8.61,8.65,8.61,8.65,0.46,1484.0,13021.6,1
2024-09-12,2024-09-12 15:00:00,8.65,8.97,8.5,8.65,0.0,1484.0,13021.6,0
2024-09-15,2024-09-15 11:00:00,8.6,8.75,8.6,8.65,0.58,2428.0,21168.72,1
2024-09-15,2024-09-15 12:00:00,8.65,8.7,8.65,8.7,0.58,2428.0,21168.72,1
2024-09-15,2024-09-15 13:00:00,8.7,8.75,8.7,8.75,0.57,2428.0,21168.72,1
2024-09-15,2024-09-15 14:00:00,8.75,8.8,8.75,8.8,0.57,2428.0,21168.72,1
2024-09-15,2024-09-15 15:00:00,8.8,8.9,8.6,8.8,0.0,2428.0,21168.72,0
2024-09-16,2024-09-16 11:00:00,8.72,8.72,8.64,8.7,-0.23,960.0,8299.5,-1
2024-09-16,2024-09-16 12:00:00,8.7,8.7,8.69,8.69,-0.11,960.0,8299.5,-1
2024-09-16,2024-09-16 13:00:00,8.69,8.69,8.67,8.67,-0.23,960.0,8299.5,-1
2024-09-16,2024-09-16 14:00:00,8.67,8.67,8.65,8.65,-0.23,960.0,8299.5,-1
2024-09-16,2024-09-16 15:00:00,8.65,8.72,8.55,8.65,0.0,960.0,8299.5,0
2024-09-18,2024-09-18 11:00:00,8.49,8.54,8.49,8.52,0.35,140.0,1193.8,1
2024-09-18,2024-09-18 12:00:00,8.52,8.54,8.52,8.54,0.23,140.0,1193.8,1
2024-09-18,2024-09-18 13:00:00,8.54,8.57,8.54,8.57,0.35,140.0,1193.8,1
2024-09-18,2024-09-18 14:00:00,8.57,8.6,8.57,8.6,0.35,140.0,1193.8,1
2024-09-18,2024-09-18 15:00:00,8.6,8.6,8.49,8.6,0.0,140.0,1193.8,0
2024-09-22,2024-09-22 11:00:00,8.6,8.68,8.6,8.6,0.0,1274.0,10984.74,0
2024-09-22,2024-09-22 12:00:00,8.6,8.61,8.6,8.61,0.12,1274.0,10984.74,1
2024-09-22,2024-09-22 13:00:00,8.61,8.61,8.61,8.61,0.0,1274.0,10984.74,0
2024-09-22,2024-09-22 14:00:00,8.61,8.61,8.61,8.61,0.0,1274.0,10984.74,0
2024-09-22,2024-09-22 15:00:00,8.61,8.77,8.6,8.61,0.0,1274.0,10984.74,0
2024-09-23,2024-09-23 11:00:00,8.65,8.7,8.58,8.68,0.35,1700.0,14709.0,1
2024-09-23,2024-09-23 12:00:00,8.68,8.7,8.68,8.7,0.23,1700.0,14709.0,1
2024-09-23,2024-09-23 13:00:00,8.7,8.72,8.7,8.72,0.23,1700.0,14709.0,1
2024-09-23,2024-09-23 14:00:00,8.72,8.75,8.72,8.75,0.34,1700.0,14709.0,1
2024-09-23,2024-09-23 15:00:00,8.75,8.75,8.51,8.75,0.0,1700.0,14709.0,0
2024-09-24,2024-09-24 11:00:00,8.7,8.7,8.64,8.67,-0.34,370.0,3192.0,-1
2024-09-24,2024-09-24 12:00:00,8.67,8.67,8.65,8.65,-0.23,370.0,3192.0,-1
2024-09-24,2024-09-24 13:00:00,8.65,8.65,8.62,8.62,-0.35,370.0,3192.0,-1
2024-09-24,2024-09-24 14:00:00,8.62,8.62,8.6,8.6,-0.23,370.0,3192.0,-1
2024-09-24,2024-09-24 15:00:00,8.6,8.7,8.58,8.6,0.0,370.0,3192.0,0
2024-09-25,2024-09-25 11:00:00,8.7,8.7,8.64,8.67,-0.34,330.0,2850.6,-1
2024-09-25,2024-09-25 12:00:00,8.67,8.67,8.64,8.64,-0.35,330.0,2850.6,-1
2024-09-25,2024-09-25 13:00:00,8.64,8.64,8.61,8.61,-0.35,330.0,2850.6,-1
2024-09-25,2024-09-25 14:00:00,8.61,8.61,8.58,8.58,-0.35,330.0,2850.6,-1
2024-09-25,2024-09-25 15:00:00,8.58,8.7,8.58,8.58,0.0,330.0,2850.6,0
2024-09-26,2024-09-26 11:00:00,8.5,8.55,8.5,8.5,0.0,100.0,852.0,0
2024-09-26,2024-09-26 12:00:00,8.5,8.5,8.5,8.5,0.0,100.0,852.0,0
2024-09-26,2024-09-26 13:00:00,8.5,8.5,8.5,8.5,0.0,100.0,852.0,0
2024-09-26,2024-09-26 14:00:00,8.5,8.5,8.5,8.5,0.0,100.0,852.0,0
2024-09-26,2024-09-26 15:00:00,8.5,8.6,8.5,8.5,0.0,100.0,852.0,0
2024-09-29,2024-09-29 11:00:00,8.33,8.57,8.32,8.45,1.44,640.0,5417.4,1
2024-09-29,2024-09-29 12:00:00,8.45,8.57,8.45,8.57,1.42,640.0,5417.4,1
2024-09-29,2024-09-29 13:00:00,8.57,8.68,8.57,8.68,1.28,640.0,5417.4,1
2024-09-29,2024-09-29 14:00:00,8.68,8.8,8.68,8.8,1.38,640.0,5417.4,1
2024-09-29,2024-09-29 15:00:00,8.8,8.8,8.3,8.8,0.0,640.0,5417.4,0
2024-09-30,2024-09-30 11:00:00,8.8,8.89,8.71,8.84,0.45,1174.0,10300.6,1
2024-09-30,2024-09-30 12:00:00,8.84,8.89,8.84,8.89,0.57,1174.0,10300.6,1
2024-09-30,2024-09-30 13:00:00,8.89,8.93,8.89,8.93,0.45,1174.0,10300.6,1
2024-09-30,2024-09-30 14:00:00,8.93,8.97,8.93,8.97,0.45,1174.0,10300.6,1
2024-09-30,2024-09-30 15:00:00,8.97,8.97,8.63,8.97,0.0,1174.0,10300.6,0
2024-10-01,2024-10-01 11:00:00,8.8,8.89,8.71,8.76,-0.45,220.0,1937.7,-1
2024-10-01,2024-10-01 12:00:00,8.76,8.76,8.71,8.71,-0.57,220.0,1937.7,-1
2024-10-01,2024-10-01 13:00:00,8.71,8.71,8.67,8.67,-0.46,220.0,1937.7,-1
2024-10-01,2024-10-01 14:00:00,8.67,8.67,8.63,8.63,-0.46,220.0,1937.7,-1
2024-10-01,2024-10-01 15:00:00,8.63,8.97,8.63,8.63,0.0,220.0,1937.7,0
2024-10-02,2024-10-02 11:00:00,8.46,8.63,8.38,8.55,1.06,1489.8,12465.9,1
2024-10-02,2024-10-02 12:00:00,8.55,8.63,8.55,8.63,0.94,1489.8,12465.9,1
2024-10-02,2024-10-02 13:00:00,8.63,8.71,8.63,8.71,0.93,1489.8,12465.9,1
2024-10-02,2024-10-02 14:00:00,8.71,8.8,8.71,8.8,1.03,1489.8,12465.9,1
2024-10-02,2024-10-02 15:00:00,8.8,8.8,8.3,8.8,0.0,1489.8,12465.9,0
2024-10-06,2024-10-06 11:00:00,8.63,8.64,8.57,8.64,0.12,400.0,3446.8,1
2024-10-06,2024-10-06 12:00:00,8.64,8.64,8.64,8.64,0.0,400.0,3446.8,0
2024-10-06,2024-10-06 13:00:00,8.64,8.64,8.64,8.64,0.0,400.0,3446.8,0
2024-10-06,2024-10-06 14:00:00,8.64,8.65,8.64,8.65,0.12,400.0,3446.8,1
2024-10-06,2024-10-06 15:00:00,8.65,8.65,8.5,8.65,0.0,400.0,3446.8,0
2024-10-07,2024-10-07 11:00:00,8.5,8.59,8.5,8.51,0.12,502.2,4304.4,1
2024-10-07,2024-10-07 12:00:00,8.51,8.53,8.51,8.53,0.24,502.2,4304.4,1
2024-10-07,2024-10-07 13:00:00,8.53,8.54,8.53,8.54,0.12,502.2,4304.4,1
2024-10-07,2024-10-07 14:00:00,8.54,8.55,8.54,8.55,0.12,502.2,4304.4,1
2024-10-07,2024-10-07 15:00:00,8.55,8.67,8.5,8.55,0.0,502.2,4304.4,0
2024-10-08,2024-10-08 11:00:00,8.5,8.5,8.5,8.5,0.0,980.0,8336.4,0
2024-10-08,2024-10-08 12:00:00,8.5,8.5,8.5,8.5,0.0,980.0,8336.4,0
2024-10-08,2024-10-08 13:00:00,8.5,8.5,8.5,8.5,0.0,980.0,8336.4,0
2024-10-08,2024-10-08 14:00:00,8.5,8.5,8.5,8.5,0.0,980.0,8336.4,0
2024-10-08,2024-10-08 15:00:00,8.5,8.51,8.5,8.5,0.0,980.0,8336.4,0
2024-10-09,2024-10-09 11:00:00,8.5,8.5,8.46,8.48,-0.24,300.0,2543.8,-1
2024-10-09,2024-10-09 12:00:00,8.48,8.48,8.46,8.46,-0.24,300.0,2543.8,-1
2024-10-09,2024-10-09 13:00:00,8.46,8.46,8.44,8.44,-0.24,300.0,2543.8,-1
2024-10-09,2024-10-09 14:00:00,8.44,8.44,8.42,8.42,-0.24,300.0,2543.8,-1
2024-10-09,2024-10-09 15:00:00,8.42,8.5,8.42,8.42,0.0,300.0,2543.8,0
2024-10-15,2024-10-15 11:00:00,8.43,8.43,8.34,8.4,-0.36,200.0,1657.2,-1
2024-10-15,2024-10-15 12:00:00,8.4,8.4,8.37,8.37,-0.36,200.0,1657.2,-1
2024-10-15,2024-10-15 13:00:00,8.37,8.37,8.33,8.33,-0.48,200.0,1657.2,-1
2024-10-15,2024-10-15 14:00:00,8.33,8.33,8.3,8.3,-0.36,200.0,1657.2,-1
2024-10-15,2024-10-15 15:00:00,8.3,8.43,8.26,8.3,0.0,200.0,1657.2,0
2024-10-16,2024-10-16 11:00:00,8.2,8.46,8.2,8.3,1.22,304.0,2587.62,1
2024-10-16,2024-10-16 12:00:00,8.3,8.41,8.3,8.41,1.33,304.0,2587.62,1
2024-10-16,2024-10-16 13:00:00,8.41,8.51,8.41,8.51,1.19,304.0,2587.62,1
2024-10-16,2024-10-16 14:00:00,8.51,8.62,8.51,8.62,1.29,304.0,2587.62,1
2024-10-16,2024-10-16 15:00:00,8.62,8.73,8.2,8.62,0.0,304.0,2587.62,0
2024-10-17,2024-10-17 11:00:00,8.46,8.48,8.46,8.47,0.12,282.0,2387.52,1
2024-10-17,2024-10-17 12:00:00,8.47,8.48,8.47,8.48,0.12,282.0,2387.52,1
2024-10-17,2024-10-17 13:00:00,8.48,8.5,8.48,8.5,0.24,282.0,2387.52,1
2024-10-17,2024-10-17 14:00:00,8.5,8.51,8.5,8.51,0.12,282.0,2387.52,1
2024-10-17,2024-10-17 15:00:00,8.51,8.51,8.46,8.51,0.0,282.0,2387.52,0
2024-10-20,2024-10-20 11:00:00,8.55,8.69,8.55,8.62,0.82,340.0,2949.6,1
2024-10-20,2024-10-20 12:00:00,8.62,8.69,8.62,8.69,0.81,340.0,2949.6,1
2024-10-20,2024-10-20 13:00:00,8.69,8.75,8.69,8.75,0.69,340.0,2949.6,1
2024-10-20,2024-10-20 14:00:00,8.75,8.82,8.75,8.82,0.8,340.0,2949.6,1
2024-10-20,2024-10-20 15:00:00,8.82,8.82,8.55,8.82,0.0,340.0,2949.6,0
2024-10-21,2024-10-21 11:00:00,8.65,8.82,8.65,8.7,0.58,1879.6,16574.05,1
2024-10-21,2024-10-21 12:00:00,8.7,8.75,8.7,8.75,0.57,1879.6,16574.05,1
2024-10-21,2024-10-21 13:00:00,8.75,8.8,8.75,8.8,0.57,1879.6,16574.05,1
2024-10-21,2024-10-21 14:00:00,8.8,8.85,8.8,8.85,0.57,1879.6,16574.05,1
2024-10-21,2024-10-21 15:00:00,8.85,8.99,8.65,8.85,0.0,1879.6,16574.05,0
2024-10-22,2024-10-22 11:00:00,8.8,8.82,8.74,8.77,-0.34,1823.0,15873.24,-1
2024-10-22,2024-10-22 12:00:00,8.77,8.77,8.74,8.74,-0.34,1823.0,15873.24,-1
2024-10-22,2024-10-22 13:00:00,8.74,8.74,8.71,8.71,-0.34,1823.0,15873.24,-1
2024-10-22,2024-10-22 14:00:00,8.71,8.71,8.68,8.68,-0.34,1823.0,15873.24,-1
2024-10-22,2024-10-22 15:00:00,8.68,8.85,8.68,8.68,0.0,1823.0,15873.24,0
2024-10-23,2024-10-23 11:00:00,8.68,8.74,8.68,8.68,0.0,200.0,1741.8,0
2024-10-23,2024-10-23 12:00:00,8.68,8.68,8.68,8.68,0.0,200.0,1741.8,0
2024-10-23,2024-10-23 13:00:00,8.68,8.68,8.68,8.68,0.0,200.0,1741.8,0
2024-10-23,2024-10-23 14:00:00,8.68,8.68,8.68,8.68,0.0,200.0,1741.8,0
2024-10-23,2024-10-23 15:00:00,8.68,8.8,8.68,8.68,0.0,200.0,1741.8,0
2024-10-24,2024-10-24 11:00:00,8.75,8.75,8.7,8.72,-0.34,180.0,1561.0,-1
2024-10-24,2024-10-24 12:00:00,8.72,8.72,8.7,8.7,-0.23,180.0,1561.0,-1
2024-10-24,2024-10-24 13:00:00,8.7,8.7,8.68,8.68,-0.23,180.0,1561.0,-1
2024-10-24,2024-10-24 14:00:00,8.68,8.68,8.65,8.65,-0.35,180.0,1561.0,-1
2024-10-24,2024-10-24 15:00:00,8.65,8.75,8.65,8.65,0.0,180.0,1561.0,0
2024-10-27,2024-10-27 11:00:00,8.61,8.7,8.61,8.65,0.46,240.0,2081.0,1
2024-10-27,2024-10-27 12:00:00,8.65,8.7,8.65,8.7,0.58,240.0,2081.0,1
2024-10-27,2024-10-27 13:00:00,8.7,8.74,8.7,8.74,0.46,240.0,2081.0,1
2024-10-27,2024-10-27 14:00:00,8.74,8.78,8.74,8.78,0.46,240.0,2081.0,1
2024-10-27,2024-10-27 15:00:00,8.78,8.78,8.61,8.78,0.0,240.0,2081.0,0
2024-10-28,2024-10-28 11:00:00,8.62,8.79,8.62,8.66,0.46,570.0,4990.4,1
2024-10-28,2024-10-28 12:00:00,8.66,8.71,8.66,8.71,0.58,570.0,4990.4,1
2024-10-28,2024-10-28 13:00:00,8.71,8.76,8.71,8.76,0.57,570.0,4990.4,1
2024-10-28,2024-10-28 14:00:00,8.76,8.8,8.76,8.8,0.46,570.0,4990.4,1
2024-10-28,2024-10-28 15:00:00,8.8,8.97,8.62,8.8,0.0,570.0,4990.4,0
2024-10-29,2024-10-29 11:00:00,8.65,8.8,8.65,8.73,0.92,100.0,879.8,1
2024-10-29,2024-10-29 12:00:00,8.73,8.8,8.73,8.8,0.8,100.0,879.8,1
2024-10-29,2024-10-29 13:00:00,8.8,8.88,8.8,8.88,0.91,100.0,879.8,1
2024-10-29,2024-10-29 14:00:00,8.88,8.96,8.88,8.96,0.9,100.0,879.8,1
2024-10-29,2024-10-29 15:00:00,8.96,8.96,8.65,8.96,0.0,100.0,879.8,0
2024-10-30,2024-10-30 11:00:00,8.96,8.98,8.96,8.96,0.0,1800.0,16158.0,0
2024-10-30,2024-10-30 12:00:00,8.96,8.96,8.96,8.96,0.0,1800.0,16158.0,0
2024-10-30,2024-10-30 13:00:00,8.96,8.96,8.96,8.96,0.0,1800.0,16158.0,0
2024-10-30,2024-10-30 14:00:00,8.96,8.96,8.96,8.96,0.0,1800.0,16158.0,0
2024-10-30,2024-10-30 15:00:00,8.96,8.99,8.96,8.96,0.0,1800.0,16158.0,0
2024-11-05,2024-11-05 11:00:00,9.13,9.13,8.96,9.09,-0.44,80.0,713.2,-1
2024-11-05,2024-11-05 12:00:00,9.09,9.09,9.04,9.04,-0.55,80.0,713.2,-1
2024-11-05,2024-11-05 13:00:00,9.04,9.04,8.99,8.99,-0.55,80.0,713.2,-1
2024-11-05,2024-11-05 14:00:00,8.99,8.99,8.95,8.95,-0.44,80.0,713.2,-1
2024-11-05,2024-11-05 15:00:00,8.95,9.13,8.79,8.95,0.0,80.0,713.2,0
2024-11-06,2024-11-06 11:00:00,8.95,9.04,8.95,8.95,0.0,300.0,2695.0,0
2024-11-06,2024-11-06 12:00:00,8.95,8.96,8.95,8.96,0.11,300.0,2695.0,1
2024-11-06,2024-11-06 13:00:00,8.96,8.96,8.96,8.96,0.0,300.0,2695.0,0
2024-11-06,2024-11-06 14:00:00,8.96,8.96,8.96,8.96,0.0,300.0,2695.0,0
2024-11-06,2024-11-06 15:00:00,8.96,9.12,8.95,8.96,0.0,300.0,2695.0,0
2024-11-10,2024-11-10 11:00:00,8.8,8.88,8.71,8.76,-0.45,5578.0,48610.7,-1
2024-11-10,2024-11-10 12:00:00,8.76,8.76,8.73,8.73,-0.34,5578.0,48610.7,-1
2024-11-10,2024-11-10 13:00:00,8.73,8.73,8.69,8.69,-0.46,5578.0,48610.7,-1
2024-11-10,2024-11-10 14:00:00,8.69,8.69,8.65,8.65,-0.46,5578.0,48610.7,-1
2024-11-10,2024-11-10 15:00:00,8.65,8.96,8.63,8.65,0.0,5578.0,48610.7,0
2024-11-11,2024-11-11 11:00:00,8.82,8.96,8.77,8.84,0.23,3586.0,32439.88,1
2024-11-11,2024-11-11 12:00:00,8.84,8.86,8.84,8.86,0.23,3586.0,32439.88,1
2024-11-11,2024-11-11 13:00:00,8.86,8.88,8.86,8.88,0.23,3586.0,32439.88,1
2024-11-11,2024-11-11 14:00:00,8.88,8.9,8.88,8.9,0.23,3586.0,32439.88,1
2024-11-11,2024-11-11 15:00:00,8.9,9.1,8.72,8.9,0.0,3586.0,32439.88,0
2024-11-12,2024-11-12 11:00:00,8.74,8.91,8.74,8.82,0.92,382.0,3370.74,1
2024-11-12,2024-11-12 12:00:00,8.82,8.91,8.82,8.91,1.02,382.0,3370.74,1
2024-11-12,2024-11-12 13:00:00,8.91,8.99,8.91,8.99,0.9,382.0,3370.74,1
2024-11-12,2024-11-12 14:00:00,8.99,9.07,8.99,9.07,0.89,382.0,3370.74,1
2024-11-12,2024-11-12 15:00:00,9.07,9.07,8.74,9.07,0.0,382.0,3370.74,0
2024-11-13,2024-11-13 11:00:00,9.0,9.08,8.91,9.04,0.44,1440.0,12763.4,1
2024-11-13,2024-11-13 12:00:00,9.04,9.08,9.04,9.08,0.44,1440.0,12763.4,1
2024-11-13,2024-11-13 13:00:00,9.08,9.12,9.08,9.12,0.44,1440.0,12763.4,1
2024-11-13,2024-11-13 14:00:00,9.12,9.16,9.12,9.16,0.44,1440.0,12763.4,1
2024-11-13,2024-11-13 15:00:00,9.16,9.16,8.82,9.16,0.0,1440.0,12763.4,0
2024-11-14,2024-11-14 11:00:00,9.1,9.13,9.05,9.07,-0.33,2250.0,20376.4,-1
2024-11-14,2024-11-14 12:00:00,9.07,9.07,9.05,9.05,-0.22,2250.0,20376.4,-1
2024-11-14,2024-11-14 13:00:00,9.05,9.05,9.03,9.03,-0.22,2250.0,20376.4,-1
2024-11-14,2024-11-14 14:00:00,9.03,9.03,9.0,9.0,-0.33,2250.0,20376.4,-1
2024-11-14,2024-11-14 15:00:00,9.0,9.16,9.0,9.0,0.0,2250.0,20376.4,0
2024-11-17,2024-11-17 11:00:00,8.82,9.09,8.73,8.8,-0.23,7342.0,65232.36,-1
2024-11-17,2024-11-17 12:00:00,8.8,8.8,8.79,8.79,-0.11,7342.0,65232.36,-1
2024-11-17,2024-11-17 13:00:00,8.79,8.79,8.77,8.77,-0.23,7342.0,65232.36,-1
2024-11-17,2024-11-17 14:00:00,8.77,8.77,8.75,8.75,-0.23,7342.0,65232.36,-1
2024-11-17,2024-11-17 15:00:00,8.75,9.36,8.65,8.75,0.0,7342.0,65232.36,0
2024-11-19,2024-11-19 11:00:00,8.75,8.95,8.75,8.81,0.69,2340.0,20837.8,1
2024-11-19,2024-11-19 12:00:00,8.81,8.88,8.81,8.88,0.79,2340.0,20837.8,1
2024-11-19,2024-11-19 13:00:00,8.88,8.94,8.88,8.94,0.68,2340.0,20837.8,1
2024-11-19,2024-11-19 14:00:00,8.94,9.0,8.94,9.0,0.67,2340.0,20837.8,1
2024-11-19,2024-11-19 15:00:00,9.0,9.14,8.75,9.0,0.0,2340.0,20837.8,0
2024-11-20,2024-11-20 11:00:00,9.0,9.0,8.91,8.96,-0.44,1320.0,11811.6,-1
2024-11-20,2024-11-20 12:00:00,8.96,8.96,8.91,8.91,-0.56,1320.0,11811.6,-1
2024-11-20,2024-11-20 13:00:00,8.91,8.91,8.87,8.87,-0.45,1320.0,11811.6,-1
2024-11-20,2024-11-20 14:00:00,8.87,8.87,8.83,8.83,-0.45,1320.0,11811.6,-1
2024-11-20,2024-11-20 15:00:00,8.83,9.0,8.82,8.83,0.0,1320.0,11811.6,0
2024-11-21,2024-11-21 11:00:00,8.8,8.99,8.8,8.89,1.02,4524.0,41192.32,1
2024-11-21,2024-11-21 12:00:00,8.89,8.98,8.89,8.98,1.01,4524.0,41192.32,1
2024-11-21,2024-11-21 13:00:00,8.98,9.06,8.98,9.06,0.89,4524.0,41192.32,1
2024-11-21,2024-11-21 14:00:00,9.06,9.15,9.06,9.15,0.99,4524.0,41192.32,1
2024-11-21,2024-11-21 15:00:00,9.15,9.18,8.8,9.15,0.0,4524.0,41192.32,0
2024-11-24,2024-11-24 11:00:00,9.15,9.15,8.89,9.14,-0.11,2062.0,18494.44,-1
2024-11-24,2024-11-24 12:00:00,9.14,9.14,9.12,9.12,-0.22,2062.0,18494.44,-1
2024-11-24,2024-11-24 13:00:00,9.12,9.12,9.11,9.11,-0.11,2062.0,18494.44,-1
2024-11-24,2024-11-24 14:00:00,9.11,9.11,9.1,9.1,-0.11,2062.0,18494.44,-1
2024-11-24,2024-11-24 15:00:00,9.1,9.15,8.63,9.1,0.0,2062.0,18494.44,0
2024-11-25,2024-11-25 11:00:00,8.95,9.09,8.95,9.02,0.78,1170.0,10753.12,1
2024-11-25,2024-11-25 12:00:00,9.02,9.09,9.02,9.09,0.78,1170.0,10753.12,1
2024-11-25,2024-11-25 13:00:00,9.09,9.16,9.09,9.16,0.77,1170.0,10753.12,1
2024-11-25,2024-11-25 14:00:00,9.16,9.23,9.16,9.23,0.76,1170.0,10753.12,1
2024-11-25,2024-11-25 15:00:00,9.23,9.23,8.95,9.23,0.0,1170.0,10753.12,0
2024-11-26,2024-11-26 11:00:00,9.23,9.24,9.14,9.23,0.0,352.0,3221.2,0
2024-11-26,2024-11-26 12:00:00,9.23,9.24,9.23,9.24,0.11,352.0,3221.2,1
2024-11-26,2024-11-26 13:00:00,9.24,9.25,9.24,9.25,0.11,352.0,3221.2,1
2024-11-26,2024-11-26 14:00:00,9.25,9.25,9.25,9.25,0.0,352.0,3221.2,0
2024-11-26,2024-11-26 15:00:00,9.25,9.25,9.05,9.25,0.0,352.0,3221.2,0
2024-11-27,2024-11-27 11:00:00,9.1,9.26,9.1,9.13,0.33,2102.0,19494.76,1
2024-11-27,2024-11-27 12:00:00,9.13,9.17,9.13,9.17,0.44,2102.0,19494.76,1
2024-11-27,2024-11-27 13:00:00,9.17,9.21,9.17,9.21,0.44,2102.0,19494.76,1
2024-11-27,2024-11-27 14:00:00,9.21,9.24,9.21,9.24,0.33,2102.0,19494.76,1
2024-11-27,2024-11-27 15:00:00,9.24,9.42,9.1,9.24,0.0,2102.0,19494.76,0
2024-11-28,2024-11-28 11:00:00,9.24,9.32,9.24,9.24,0.0,534.0,4972.56,0
2024-11-28,2024-11-28 12:00:00,9.24,9.24,9.24,9.24,0.0,534.0,4972.56,0
2024-11-28,2024-11-28 13:00:00,9.24,9.24,9.24,9.24,0.0,534.0,4972.56,0
2024-11-28,2024-11-28 14:00:00,9.24,9.24,9.24,9.24,0.0,534.0,4972.56,0
2024-11-28,2024-11-28 15:00:00,9.24,9.4,9.24,9.24,0.0,534.0,4972.56,0
2024-12-01,2024-12-01 11:00:00,9.23,9.32,9.21,9.22,-0.11,1870.0,17524.8,-1
2024-12-01,2024-12-01 12:00:00,9.22,9.22,9.21,9.21,-0.11,1870.0,17524.8,-1
2024-12-01,2024-12-01 13:00:00,9.21,9.21,9.21,9.21,0.0,1870.0,17524.8,0
2024-12-01,2024-12-01 14:00:00,9.21,9.21,9.2,9.2,-0.11,1870.0,17524.8,-1
2024-12-01,2024-12-01 15:00:00,9.2,9.42,9.2,9.2,0.0,1870.0,17524.8,0
2024-12-02,2024-12-02 11:00:00,9.1,9.18,9.1,9.14,0.44,1724.0,15859.4,1
2024-12-02,2024-12-02 12:00:00,9.14,9.18,9.14,9.18,0.44,1724.0,15859.4,1
2024-12-02,2024-12-02 13:00:00,9.18,9.21,9.18,9.21,0.33,1724.0,15859.4,1
2024-12-02,2024-12-02 14:00:00,9.21,9.25,9.21,9.25,0.43,1724.0,15859.4,1
2024-12-02,2024-12-02 15:00:00,9.25,9.25,9.1,9.25,0.0,1724.0,15859.4,0
2024-12-03,2024-12-03 11:00:00,9.25,9.34,9.18,9.29,0.43,2600.0,23965.2,1
2024-12-03,2024-12-03 12:00:00,9.29,9.34,9.29,9.34,0.54,2600.0,23965.2,1
2024-12-03,2024-12-03 13:00:00,9.34,9.38,9.34,9.38,0.43,2600.0,23965.2,1
2024-12-03,2024-12-03 14:00:00,9.38,9.43,9.38,9.43,0.53,2600.0,23965.2,1
2024-12-03,2024-12-03 15:00:00,9.43,9.43,9.11,9.43,0.0,2600.0,23965.2,0
2024-12-04,2024-12-04 11:00:00,9.25,9.26,9.1,9.18,-0.76,6040.0,55443.8,-1
2024-12-04,2024-12-04 12:00:00,9.18,9.18,9.1,9.1,-0.87,6040.0,55443.8,-1
2024-12-04,2024-12-04 13:00:00,9.1,9.1,9.02,9.02,-0.88,6040.0,55443.8,-1
2024-12-04,2024-12-04 14:00:00,9.02,9.02,8.95,8.95,-0.78,6040.0,55443.8,-1
2024-12-04,2024-12-04 15:00:00,8.95,9.27,8.95,8.95,0.0,6040.0,55443.8,0
2024-12-05,2024-12-05 11:00:00,9.0,9.04,8.95,9.02,0.22,2536.0,22961.8,1
2024-12-05,2024-12-05 12:00:00,9.02,9.04,9.02,9.04,0.22,2536.0,22961.8,1
2024-12-05,2024-12-05 13:00:00,9.04,9.05,9.04,9.05,0.11,2536.0,22961.8,1
2024-12-05,2024-12-05 14:00:00,9.05,9.07,9.05,9.07,0.22,2536.0,22961.8,1
2024-12-05,2024-12-05 15:00:00,9.07,9.07,8.9,9.07,0.0,2536.0,22961.8,0
2024-12-08,2024-12-08 11:00:00,8.9,9.16,8.82,9.03,1.46,7800.0,69894.2,1
2024-12-08,2024-12-08 12:00:00,9.03,9.16,9.03,9.16,1.44,7800.0,69894.2,1
2024-12-08,2024-12-08 13:00:00,9.16,9.3,9.16,9.3,1.53,7800.0,69894.2,1
2024-12-08,2024-12-08 14:00:00,9.3,9.43,9.3,9.43,1.4,7800.0,69894.2,1
2024-12-08,2024-12-08 15:00:00,9.43,9.43,8.74,9.43,0.0,7800.0,69894.2,0
2024-12-09,2024-12-09 11:00:00,9.25,9.25,9.16,9.25,0.0,1530.0,14122.3,0
2024-12-09,2024-12-09 12:00:00,9.25,9.25,9.25,9.25,0.0,1530.0,14122.3,0
2024-12-09,2024-12-09 13:00:00,9.25,9.25,9.25,9.25,0.0,1530.0,14122.3,0
2024-12-09,2024-12-09 14:00:00,9.25,9.25,9.25,9.25,0.0,1530.0,14122.3,0
2024-12-09,2024-12-09 15:00:00,9.25,9.25,9.07,9.25,0.0,1530.0,14122.3,0
2024-12-10,2024-12-10 11:00:00,9.07,9.07,9.06,9.07,0.0,562.0,5094.1,0
2024-12-10,2024-12-10 12:00:00,9.07,9.07,9.06,9.06,-0.11,562.0,5094.1,-1
2024-12-10,2024-12-10 13:00:00,9.06,9.06,9.05,9.05,-0.11,562.0,5094.1,-1
2024-12-10,2024-12-10 14:00:00,9.05,9.05,9.05,9.05,0.0,562.0,5094.1,0
2024-12-10,2024-12-10 15:00:00,9.05,9.07,9.05,9.05,0.0,562.0,5094.1,0
2024-12-11,2024-12-11 11:00:00,9.0,9.09,8.94,9.04,0.44,2860.0,25603.1,1
2024-12-11,2024-12-11 12:00:00,9.04,9.09,9.04,9.09,0.55,2860.0,25603.1,1
2024-12-11,2024-12-11 13:00:00,9.09,9.13,9.09,9.13,0.44,2860.0,25603.1,1
2024-12-11,2024-12-11 14:00:00,9.13,9.18,9.13,9.18,0.55,2860.0,25603.1,1
2024-12-11,2024-12-11 15:00:00,9.18,9.18,8.88,9.18,0.0,2860.0,25603.1,0
2024-12-12,2024-12-12 11:00:00,9.0,9.18,9.0,9.0,0.0,864.0,7848.04,0
2024-12-12,2024-12-12 12:00:00,9.0,9.0,9.0,9.0,0.0,864.0,7848.04,0
2024-12-12,2024-12-12 13:00:00,9.0,9.01,9.0,9.01,0.11,864.0,7848.04,1
2024-12-12,2024-12-12 14:00:00,9.01,9.01,9.01,9.01,0.0,864.0,7848.04,0
2024-12-12,2024-12-12 15:00:00,9.01,9.36,9.0,9.01,0.0,864.0,7848.04,0
2024-12-16,2024-12-16 11:00:00,8.85,8.86,8.84,8.85,0.0,1080.0,9548.8,0
2024-12-16,2024-12-16 12:00:00,8.85,8.85,8.84,8.84,-0.11,1080.0,9548.8,-1
2024-12-16,2024-12-16 13:00:00,8.84,8.84,8.84,8.84,0.0,1080.0,9548.8,0
2024-12-16,2024-12-16 14:00:00,8.84,8.84,8.84,8.84,0.0,1080.0,9548.8,0
2024-12-16,2024-12-16 15:00:00,8.84,8.86,8.84,8.84,0.0,1080.0,9548.8,0
2024-12-17,2024-12-17 11:00:00,8.7,9.02,8.7,8.7,0.0,3854.0,33694.4,0
2024-12-17,2024-12-17 12:00:00,8.7,8.7,8.7,8.7,0.0,3854.0,33694.4,0
2024-12-17,2024-12-17 13:00:00,8.7,8.7,8.7,8.7,0.0,3854.0,33694.4,0
2024-12-17,2024-12-17 14:00:00,8.7,8.7,8.7,8.7,0.0,3854.0,33694.4,0
2024-12-17,2024-12-17 15:00:00,8.7,9.33,8.7,8.7,0.0,3854.0,33694.4,0
2024-12-18,2024-12-18 11:00:00,8.7,8.79,8.61,8.66,-0.46,2562.0,22098.28,-1
2024-12-18,2024-12-18 12:00:00,8.66,8.66,8.63,8.63,-0.35,2562.0,22098.28,-1
2024-12-18,2024-12-18 13:00:00,8.63,8.63,8.6,8.6,-0.35,2562.0,22098.28,-1
2024-12-18,2024-12-18 14:00:00,8.6,8.6,8.56,8.56,-0.47,2562.0,22098.28,-1
2024-12-18,2024-12-18 15:00:00,8.56,8.87,8.53,8.56,0.0,2562.0,22098.28,0
2024-12-19,2024-12-19 11:00:00,8.54,8.62,8.54,8.58,0.47,684.0,5853.02,1
2024-12-19,2024-12-19 12:00:00,8.58,8.62,8.58,8.62,0.47,684.0,5853.02,1
2024-12-19,2024-12-19 13:00:00,8.62,8.66,8.62,8.66,0.46,684.0,5853.02,1
2024-12-19,2024-12-19 14:00:00,8.66,8.7,8.66,8.7,0.46,684.0,5853.02,1
2024-12-19,2024-12-19 15:00:00,8.7,8.7,8.53,8.7,0.0,684.0,5853.02,0
2024-12-22,2024-12-22 11:00:00,8.7,8.79,8.61,8.67,-0.34,1400.0,12320.8,-1
2024-12-22,2024-12-22 12:00:00,8.67,8.67,8.65,8.65,-0.23,1400.0,12320.8,-1
2024-12-22,2024-12-22 13:00:00,8.65,8.65,8.62,8.62,-0.35,1400.0,12320.8,-1
2024-12-22,2024-12-22 14:00:00,8.62,8.62,8.6,8.6,-0.23,1400.0,12320.8,-1
2024-12-22,2024-12-22 15:00:00,8.6,8.87,8.53,8.6,0.0,1400.0,12320.8,0
2024-12-23,2024-12-23 11:00:00,8.53,8.79,8.53,8.62,1.06,2322.0,20569.1,1
2024-12-23,2024-12-23 12:00:00,8.62,8.71,8.62,8.71,1.04,2322.0,20569.1,1
2024-12-23,2024-12-23 13:00:00,8.71,8.79,8.71,8.79,0.92,2322.0,20569.1,1
2024-12-23,2024-12-23 14:00:00,8.79,8.88,8.79,8.88,1.02,2322.0,20569.1,1
2024-12-23,2024-12-23 15:00:00,8.88,9.04,8.53,8.88,0.0,2322.0,20569.1,0
2024-12-24,2024-12-24 11:00:00,8.71,8.84,8.71,8.78,0.8,1220.0,10685.8,1
2024-12-24,2024-12-24 12:00:00,8.78,8.84,8.78,8.84,0.68,1220.0,10685.8,1
2024-12-24,2024-12-24 13:00:00,8.84,8.91,8.84,8.91,0.79,1220.0,10685.8,1
2024-12-24,2024-12-24 14:00:00,8.91,8.97,8.91,8.97,0.67,1220.0,10685.8,1
2024-12-24,2024-12-24 15:00:00,8.97,8.97,8.71,8.97,0.0,1220.0,10685.8,0
2024-12-26,2024-12-26 11:00:00,9.14,9.14,8.89,9.09,-0.55,354.0,3126.9,-1
2024-12-26,2024-12-26 12:00:00,9.09,9.09,9.04,9.04,-0.55,354.0,3126.9,-1
2024-12-26,2024-12-26 13:00:00,9.04,9.04,9.0,9.0,-0.44,354.0,3126.9,-1
2024-12-26,2024-12-26 14:00:00,9.0,9.0,8.95,8.95,-0.56,354.0,3126.9,-1
2024-12-26,2024-12-26 15:00:00,8.95,9.14,8.63,8.95,0.0,354.0,3126.9,0
2024-12-29,2024-12-29 11:00:00,8.95,8.95,8.86,8.92,-0.34,340.0,3024.0,-1
2024-12-29,2024-12-29 12:00:00,8.92,8.92,8.9,8.9,-0.22,340.0,3024.0,-1
2024-12-29,2024-12-29 13:00:00,8.9,8.9,8.88,8.88,-0.22,340.0,3024.0,-1
2024-12-29,2024-12-29 14:00:00,8.88,8.88,8.85,8.85,-0.34,340.0,3024.0,-1
2024-12-29,2024-12-29 15:00:00,8.85,8.95,8.78,8.85,0.0,340.0,3024.0,0
2024-12-31,2024-12-31 11:00:00,8.68,8.68,8.38,8.64,-0.46,1968.0,16176.38,-1
2024-12-31,2024-12-31 12:00:00,8.64,8.64,8.6,8.6,-0.46,1968.0,16176.38,-1
2024-12-31,2024-12-31 13:00:00,8.6,8.6,8.56,8.56,-0.47,1968.0,16176.38,-1
2024-12-31,2024-12-31 14:00:00,8.56,8.56,8.52,8.52,-0.47,1968.0,16176.38,-1
2024-12-31,2024-12-31 15:00:00,8.52,8.68,8.07,8.52,0.0,1968.0,16176.38,0
2025-01-01,2025-01-01 11:00:00,8.52,8.54,8.43,8.53,0.12,302.0,2558.72,1
2025-01-01,2025-01-01 12:00:00,8.53,8.54,8.53,8.54,0.12,302.0,2558.72,1
2025-01-01,2025-01-01 13:00:00,8.54,8.55,8.54,8.55,0.12,302.0,2558.72,1
2025-01-01,2025-01-01 14:00:00,8.55,8.56,8.55,8.56,0.12,302.0,2558.72,1
2025-01-01,2025-01-01 15:00:00,8.56,8.56,8.35,8.56,0.0,302.0,2558.72,0
2025-01-02,2025-01-02 11:00:00,8.58,8.68,8.5,8.63,0.58,760.0,6549.2,1
2025-01-02,2025-01-02 12:00:00,8.63,8.68,8.63,8.68,0.58,760.0,6549.2,1
2025-01-02,2025-01-02 13:00:00,8.68,8.72,8.68,8.72,0.46,760.0,6549.2,1
2025-01-02,2025-01-02 14:00:00,8.72,8.77,8.72,8.77,0.57,760.0,6549.2,1
2025-01-02,2025-01-02 15:00:00,8.77,8.77,8.41,8.77,0.0,760.0,6549.2,0
2025-01-05,2025-01-05 11:00:00,8.6,8.8,8.6,8.6,0.0,590.0,5207.2,0
2025-01-05,2025-01-05 12:00:00,8.6,8.6,8.6,8.6,0.0,590.0,5207.2,0
2025-01-05,2025-01-05 13:00:00,8.6,8.6,8.6,8.6,0.0,590.0,5207.2,0
2025-01-05,2025-01-05 14:00:00,8.6,8.6,8.6,8.6,0.0,590.0,5207.2,0
2025-01-05,2025-01-05 15:00:00,8.6,9.0,8.6,8.6,0.0,590.0,5207.2,0
2025-01-06,2025-01-06 11:00:00,8.6,8.68,8.43,8.6,0.0,1559.8,13235.87,0
2025-01-06,2025-01-06 12:00:00,8.6,8.6,8.59,8.59,-0.12,1559.8,13235.87,-1
2025-01-06,2025-01-06 13:00:00,8.59,8.59,8.59,8.59,0.0,1559.8,13235.87,0
2025-01-06,2025-01-06 14:00:00,8.59,8.59,8.59,8.59,0.0,1559.8,13235.87,0
2025-01-06,2025-01-06 15:00:00,8.59,8.77,8.26,8.59,0.0,1559.8,13235.87,0
2025-01-07,2025-01-07 11:00:00,8.59,8.59,8.59,8.59,0.0,240.0,2062.4,0
2025-01-07,2025-01-07 12:00:00,8.59,8.59,8.59,8.59,0.0,240.0,2062.4,0
2025-01-07,2025-01-07 13:00:00,8.59,8.6,8.59,8.6,0.12,240.0,2062.4,1
2025-01-07,2025-01-07 14:00:00,8.6,8.6,8.6,8.6,0.0,240.0,2062.4,0
2025-01-07,2025-01-07 15:00:00,8.6,8.6,8.59,8.6,0.0,240.0,2062.4,0
2025-01-08,2025-01-08 11:00:00,8.43,8.49,8.43,8.45,0.24,1800.0,15353.6,1
2025-01-08,2025-01-08 12:00:00,8.45,8.46,8.45,8.46,0.12,1800.0,15353.6,1
2025-01-08,2025-01-08 13:00:00,8.46,8.48,8.46,8.48,0.24,1800.0,15353.6,1
2025-01-08,2025-01-08 14:00:00,8.48,8.5,8.48,8.5,0.24,1800.0,15353.6,1
2025-01-08,2025-01-08 15:00:00,8.5,8.55,8.43,8.5,0.0,1800.0,15353.6,0
2025-01-09,2025-01-09 11:00:00,8.6,8.6,8.6,8.6,0.0,170.0,1462.0,0
2025-01-09,2025-01-09 12:00:00,8.6,8.6,8.6,8.6,0.0,170.0,1462.0,0
2025-01-09,2025-01-09 13:00:00,8.6,8.6,8.6,8.6,0.0,170.0,1462.0,0
2025-01-09,2025-01-09 14:00:00,8.6,8.6,8.6,8.6,0.0,170.0,1462.0,0
2025-01-09,2025-01-09 15:00:00,8.6,8.6,8.6,8.6,0.0,170.0,1462.0,0
2025-01-12,2025-01-12 11:00:00,8.44,8.46,8.44,8.45,0.12,540.0,4572.8,1
2025-01-12,2025-01-12 12:00:00,8.45,8.46,8.45,8.46,0.12,540.0,4572.8,1
2025-01-12,2025-01-12 13:00:00,8.46,8.46,8.46,8.46,0.0,540.0,4572.8,0
2025-01-12,2025-01-12 14:00:00,8.46,8.47,8.46,8.47,0.12,540.0,4572.8,1
2025-01-12,2025-01-12 15:00:00,8.47,8.47,8.44,8.47,0.0,540.0,4572.8,0
2025-01-13,2025-01-13 11:00:00,8.31,8.41,8.31,8.34,0.36,740.0,6240.4,1
2025-01-13,2025-01-13 12:00:00,8.34,8.38,8.34,8.38,0.48,740.0,6240.4,1
2025-01-13,2025-01-13 13:00:00,8.38,8.41,8.38,8.41,0.36,740.0,6240.4,1
2025-01-13,2025-01-13 14:00:00,8.41,8.44,8.41,8.44,0.36,740.0,6240.4,1
2025-01-13,2025-01-13 15:00:00,8.44,8.5,8.31,8.44,0.0,740.0,6240.4,0
2025-01-15,2025-01-15 11:00:00,8.29,8.3,8.29,8.29,0.0,200.0,1661.0,0
2025-01-15,2025-01-15 12:00:00,8.29,8.3,8.29,8.3,0.12,200.0,1661.0,1
2025-01-15,2025-01-15 13:00:00,8.3,8.3,8.3,8.3,0.0,200.0,1661.0,0
2025-01-15,2025-01-15 14:00:00,8.3,8.31,8.3,8.31,0.12,200.0,1661.0,1
2025-01-15,2025-01-15 15:00:00,8.31,8.31,8.29,8.31,0.0,200.0,1661.0,0
2025-01-16,2025-01-16 11:00:00,8.25,8.48,8.25,8.37,1.45,2580.0,21972.4,1
2025-01-16,2025-01-16 12:00:00,8.37,8.48,8.37,8.48,1.31,2580.0,21972.4,1
2025-01-16,2025-01-16 13:00:00,8.48,8.6,8.48,8.6,1.42,2580.0,21972.4,1
2025-01-16,2025-01-16 14:00:00,8.6,8.72,8.6,8.72,1.4,2580.0,21972.4,1
2025-01-16,2025-01-16 15:00:00,8.72,8.72,8.25,8.72,0.0,2580.0,21972.4,0
2025-01-19,2025-01-19 11:00:00,8.67,8.68,8.67,8.67,0.0,1094.4,9518.08,0
2025-01-19,2025-01-19 12:00:00,8.67,8.68,8.67,8.68,0.12,1094.4,9518.08,1
2025-01-19,2025-01-19 13:00:00,8.68,8.68,8.68,8.68,0.0,1094.4,9518.08,0
2025-01-19,2025-01-19 14:00:00,8.68,8.68,8.68,8.68,0.0,1094.4,9518.08,0
2025-01-19,2025-01-19 15:00:00,8.68,8.7,8.67,8.68,0.0,1094.4,9518.08,0
2025-01-20,2025-01-20 11:00:00,8.68,8.77,8.66,8.67,-0.12,1200.0,10402.4,-1
2025-01-20,2025-01-20 12:00:00,8.67,8.67,8.66,8.66,-0.12,1200.0,10402.4,-1
2025-01-20,2025-01-20 13:00:00,8.66,8.66,8.65,8.65,-0.12,1200.0,10402.4,-1
2025-01-20,2025-01-20 14:00:00,8.65,8.65,8.64,8.64,-0.12,1200.0,10402.4,-1
2025-01-20,2025-01-20 15:00:00,8.64,8.87,8.64,8.64,0.0,1200.0,10402.4,0
2025-01-21,2025-01-21 11:00:00,8.64,8.67,8.62,8.66,0.23,1503.0,12991.68,1
2025-01-21,2025-01-21 12:00:00,8.66,8.67,8.66,8.67,0.12,1503.0,12991.68,1
2025-01-21,2025-01-21 13:00:00,8.67,8.68,8.67,8.68,0.12,1503.0,12991.68,1
2025-01-21,2025-01-21 14:00:00,8.68,8.7,8.68,8.7,0.23,1503.0,12991.68,1
2025-01-21,2025-01-21 15:00:00,8.7,8.7,8.61,8.7,0.0,1503.0,12991.68,0
2025-01-22,2025-01-22 11:00:00,8.55,8.62,8.54,8.55,0.0,310.0,2651.7,0
2025-01-22,2025-01-22 12:00:00,8.55,8.55,8.55,8.55,0.0,310.0,2651.7,0
2025-01-22,2025-01-22 13:00:00,8.55,8.56,8.55,8.56,0.12,310.0,2651.7,1
2025-01-22,2025-01-22 14:00:00,8.56,8.56,8.56,8.56,0.0,310.0,2651.7,0
2025-01-22,2025-01-22 15:00:00,8.56,8.7,8.53,8.56,0.0,310.0,2651.7,0
2025-01-23,2025-01-23 11:00:00,8.56,8.56,8.48,8.53,-0.35,280.0,2374.2,-1
2025-01-23,2025-01-23 12:00:00,8.53,8.53,8.5,8.5,-0.35,280.0,2374.2,-1
2025-01-23,2025-01-23 13:00:00,8.5,8.5,8.48,8.48,-0.24,280.0,2374.2,-1
2025-01-23,2025-01-23 14:00:00,8.48,8.48,8.45,8.45,-0.35,280.0,2374.2,-1
2025-01-23,2025-01-23 15:00:00,8.45,8.56,8.4,8.45,0.0,280.0,2374.2,0
2025-01-26,2025-01-26 11:00:00,8.33,8.52,8.33,8.42,1.08,340.0,2931.8,1
2025-01-26,2025-01-26 12:00:00,8.42,8.52,8.42,8.52,1.19,340.0,2931.8,1
2025-01-26,2025-01-26 13:00:00,8.52,8.61,8.52,8.61,1.06,340.0,2931.8,1
2025-01-26,2025-01-26 14:00:00,8.61,8.7,8.61,8.7,1.05,340.0,2931.8,1
2025-01-26,2025-01-26 15:00:00,8.7,8.7,8.33,8.7,0.0,340.0,2931.8,0
2025-01-27,2025-01-27 11:00:00,8.87,8.97,8.87,8.92,0.56,256.0,2283.18,1
2025-01-27,2025-01-27 12:00:00,8.92,8.97,8.92,8.97,0.56,256.0,2283.18,1
2025-01-27,2025-01-27 13:00:00,8.97,9.03,8.97,9.03,0.67,256.0,2283.18,1
2025-01-27,2025-01-27 14:00:00,9.03,9.08,9.03,9.08,0.55,256.0,2283.18,1
2025-01-27,2025-01-27 15:00:00,9.08,9.08,8.87,9.08,0.0,256.0,2283.18,0
2025-01-28,2025-01-28 11:00:00,8.9,8.99,8.9,8.94,0.45,380.0,3400.2,1
2025-01-28,2025-01-28 12:00:00,8.94,8.98,8.94,8.98,0.45,380.0,3400.2,1
2025-01-28,2025-01-28 13:00:00,8.98,9.03,8.98,9.03,0.56,380.0,3400.2,1
2025-01-28,2025-01-28 14:00:00,9.03,9.07,9.03,9.07,0.44,380.0,3400.2,1
2025-01-28,2025-01-28 15:00:00,9.07,9.08,8.9,9.07,0.0,380.0,3400.2,0
2025-02-02,2025-02-02 11:00:00,9.0,9.0,8.8,8.9,-1.11,2500.0,21593.8,-1
2025-02-02,2025-02-02 12:00:00,8.9,8.9,8.8,8.8,-1.12,2500.0,21593.8,-1
2025-02-02,2025-02-02 13:00:00,8.8,8.8,8.7,8.7,-1.14,2500.0,21593.8,-1
2025-02-02,2025-02-02 14:00:00,8.7,8.7,8.6,8.6,-1.15,2500.0,21593.8,-1
2025-02-02,2025-02-02 15:00:00,8.6,9.0,8.6,8.6,0.0,2500.0,21593.8,0
2025-02-03,2025-02-03 11:00:00,8.6,8.95,8.6,8.77,1.98,1140.0,9872.4,1
2025-02-03,2025-02-03 12:00:00,8.77,8.95,8.77,8.95,2.05,1140.0,9872.4,1
2025-02-03,2025-02-03 13:00:00,8.95,9.12,8.95,9.12,1.9,1140.0,9872.4,1
2025-02-03,2025-02-03 14:00:00,9.12,9.29,9.12,9.29,1.86,1140.0,9872.4,1
2025-02-03,2025-02-03 15:00:00,9.29,9.29,8.6,9.29,0.0,1140.0,9872.4,0
2025-02-04,2025-02-04 11:00:00,9.11,9.29,9.06,9.13,0.22,370.0,3388.3,1
2025-02-04,2025-02-04 12:00:00,9.13,9.14,9.13,9.14,0.11,370.0,3388.3,1
2025-02-04,2025-02-04 13:00:00,9.14,9.16,9.14,9.16,0.22,370.0,3388.3,1
2025-02-04,2025-02-04 14:00:00,9.16,9.18,9.16,9.18,0.22,370.0,3388.3,1
2025-02-04,2025-02-04 15:00:00,9.18,9.47,9.02,9.18,0.0,370.0,3388.3,0
2025-02-05,2025-02-05 11:00:00,9.0,9.09,9.0,9.04,0.44,40.0,363.6,1
2025-02-05,2025-02-05 12:00:00,9.04,9.09,9.04,9.09,0.55,40.0,363.6,1
2025-02-05,2025-02-05 13:00:00,9.09,9.13,9.09,9.13,0.44,40.0,363.6,1
2025-02-05,2025-02-05 14:00:00,9.13,9.18,9.13,9.18,0.55,40.0,363.6,1
2025-02-05,2025-02-05 15:00:00,9.18,9.18,9.0,9.18,0.0,40.0,363.6,0
2025-02-06,2025-02-06 11:00:00,9.15,9.25,9.07,9.11,-0.44,200.0,1836.8,-1
2025-02-06,2025-02-06 12:00:00,9.11,9.11,9.07,9.07,-0.44,200.0,1836.8,-1
2025-02-06,2025-02-06 13:00:00,9.07,9.07,9.04,9.04,-0.33,200.0,1836.8,-1
2025-02-06,2025-02-06 14:00:00,9.04,9.04,9.0,9.0,-0.44,200.0,1836.8,-1
2025-02-06,2025-02-06 15:00:00,9.0,9.35,9.0,9.0,0.0,200.0,1836.8,0
2025-02-09,2025-02-09 11:00:00,8.82,8.91,8.66,8.84,0.23,1500.0,13149.6,1
2025-02-09,2025-02-09 12:00:00,8.84,8.86,8.84,8.86,0.23,1500.0,13149.6,1
2025-02-09,2025-02-09 13:00:00,8.86,8.87,8.86,8.87,0.11,1500.0,13149.6,1
2025-02-09,2025-02-09 14:00:00,8.87,8.89,8.87,8.89,0.23,1500.0,13149.6,1
2025-02-09,2025-02-09 15:00:00,8.89,8.99,8.5,8.89,0.0,1500.0,13149.6,0
2025-02-10,2025-02-10 11:00:00,8.89,9.04,8.73,8.81,-0.9,3576.8,31022.25,-1
2025-02-10,2025-02-10 12:00:00,8.81,8.81,8.73,8.73,-0.91,3576.8,31022.25,-1
2025-02-10,2025-02-10 13:00:00,8.73,8.73,8.64,8.64,-1.03,3576.8,31022.25,-1
2025-02-10,2025-02-10 14:00:00,8.64,8.64,8.56,8.56,-0.93,3576.8,31022.25,-1
2025-02-10,2025-02-10 15:00:00,8.56,9.2,8.56,8.56,0.0,3576.8,31022.25,0
2025-02-11,2025-02-11 11:00:00,8.5,8.64,8.45,8.57,0.82,420.0,3571.0,1
2025-02-11,2025-02-11 12:00:00,8.57,8.64,8.57,8.64,0.82,420.0,3571.0,1
2025-02-11,2025-02-11 13:00:00,8.64,8.71,8.64,8.71,0.81,420.0,3571.0,1
2025-02-11,2025-02-11 14:00:00,8.71,8.78,8.71,8.78,0.8,420.0,3571.0,1
2025-02-11,2025-02-11 15:00:00,8.78,8.78,8.4,8.78,0.0,420.0,3571.0,0
2025-02-12,2025-02-12 11:00:00,8.95,9.04,8.95,8.96,0.11,1887.8,17192.36,1
2025-02-12,2025-02-12 12:00:00,8.96,8.97,8.96,8.97,0.11,1887.8,17192.36,1
2025-02-12,2025-02-12 13:00:00,8.97,8.99,8.97,8.99,0.22,1887.8,17192.36,1
2025-02-12,2025-02-12 14:00:00,8.99,9.0,8.99,9.0,0.11,1887.8,17192.36,1
2025-02-12,2025-02-12 15:00:00,9.0,9.12,8.94,9.0,0.0,1887.8,17192.36,0
2025-02-13,2025-02-13 11:00:00,8.82,8.91,8.82,8.82,0.0,2340.0,20659.8,0
2025-02-13,2025-02-13 12:00:00,8.82,8.82,8.82,8.82,0.0,2340.0,20659.8,0
2025-02-13,2025-02-13 13:00:00,8.82,8.82,8.82,8.82,0.0,2340.0,20659.8,0
2025-02-13,2025-02-13 14:00:00,8.82,8.82,8.82,8.82,0.0,2340.0,20659.8,0
2025-02-13,2025-02-13 15:00:00,8.82,9.0,8.82,8.82,0.0,2340.0,20659.8,0
2025-02-16,2025-02-16 11:00:00,8.65,8.66,8.41,8.53,-1.39,142276.8,1204237.94,-1
2025-02-16,2025-02-16 12:00:00,8.53,8.53,8.41,8.41,-1.41,142276.8,1204237.94,-1
2025-02-16,2025-02-16 13:00:00,8.41,8.41,8.28,8.28,-1.55,142276.8,1204237.94,-1
2025-02-16,2025-02-16 14:00:00,8.28,8.28,8.16,8.16,-1.45,142276.8,1204237.94,-1
2025-02-16,2025-02-16 15:00:00,8.16,8.67,8.16,8.16,0.0,142276.8,1204237.94,0
2025-02-17,2025-02-17 11:00:00,8.15,8.38,8.15,8.27,1.47,240.0,2039.8,1
2025-02-17,2025-02-17 12:00:00,8.27,8.38,8.27,8.38,1.33,240.0,2039.8,1
2025-02-17,2025-02-17 13:00:00,8.38,8.5,8.38,8.5,1.43,240.0,2039.8,1
2025-02-17,2025-02-17 14:00:00,8.5,8.62,8.5,8.62,1.41,240.0,2039.8,1
2025-02-17,2025-02-17 15:00:00,8.62,8.62,8.15,8.62,0.0,240.0,2039.8,0
2025-02-18,2025-02-18 11:00:00,8.79,8.87,8.7,8.79,0.0,600.0,5274.4,0
2025-02-18,2025-02-18 12:00:00,8.79,8.79,8.79,8.79,0.0,600.0,5274.4,0
2025-02-18,2025-02-18 13:00:00,8.79,8.79,8.78,8.78,-0.11,600.0,5274.4,-1
2025-02-18,2025-02-18 14:00:00,8.78,8.78,8.78,8.78,0.0,600.0,5274.4,0
2025-02-18,2025-02-18 15:00:00,8.78,8.95,8.62,8.78,0.0,600.0,5274.4,0
2025-02-20,2025-02-20 11:00:00,8.9,8.9,8.7,8.82,-0.9,222.0,1927.62,-1
2025-02-20,2025-02-20 12:00:00,8.82,8.82,8.75,8.75,-0.79,222.0,1927.62,-1
2025-02-20,2025-02-20 13:00:00,8.75,8.75,8.68,8.68,-0.8,222.0,1927.62,-1
2025-02-20,2025-02-20 14:00:00,8.68,8.68,8.6,8.6,-0.92,222.0,1927.62,-1
2025-02-20,2025-02-20 15:00:00,8.6,8.9,8.5,8.6,0.0,222.0,1927.62,0
2025-02-23,2025-02-23 11:00:00,8.6,8.6,8.52,8.59,-0.12,3000.0,25637.0,-1
2025-02-23,2025-02-23 12:00:00,8.59,8.59,8.57,8.57,-0.23,3000.0,25637.0,-1
2025-02-23,2025-02-23 13:00:00,8.57,8.57,8.56,8.56,-0.12,3000.0,25637.0,-1
2025-02-23,2025-02-23 14:00:00,8.56,8.56,8.55,8.55,-0.12,3000.0,25637.0,-1
2025-02-23,2025-02-23 15:00:00,8.55,8.6,8.43,8.55,0.0,3000.0,25637.0,0
2025-02-24,2025-02-24 11:00:00,8.5,8.52,8.41,8.5,0.0,3366.4,28591.55,0
2025-02-24,2025-02-24 12:00:00,8.5,8.51,8.5,8.51,0.12,3366.4,28591.55,1
2025-02-24,2025-02-24 13:00:00,8.51,8.52,8.51,8.52,0.12,3366.4,28591.55,1
2025-02-24,2025-02-24 14:00:00,8.52,8.52,8.52,8.52,0.0,3366.4,28591.55,0
2025-02-24,2025-02-24 15:00:00,8.52,8.53,8.33,8.52,0.0,3366.4,28591.55,0
2025-02-25,2025-02-25 11:00:00,8.36,8.44,8.36,8.37,0.12,600.0,5041.2,1
2025-02-25,2025-02-25 12:00:00,8.37,8.37,8.37,8.37,0.0,600.0,5041.2,0
2025-02-25,2025-02-25 13:00:00,8.37,8.38,8.37,8.38,0.12,600.0,5041.2,1
2025-02-25,2025-02-25 14:00:00,8.38,8.38,8.38,8.38,0.0,600.0,5041.2,0
2025-02-25,2025-02-25 15:00:00,8.38,8.52,8.36,8.38,0.0,600.0,5041.2,0
2025-02-27,2025-02-27 11:00:00,8.54,8.58,8.46,8.5,-0.47,570.0,4852.0,-1
2025-02-27,2025-02-27 12:00:00,8.5,8.5,8.47,8.47,-0.35,570.0,4852.0,-1
2025-02-27,2025-02-27 13:00:00,8.47,8.47,8.44,8.44,-0.35,570.0,4852.0,-1
2025-02-27,2025-02-27 14:00:00,8.44,8.44,8.4,8.4,-0.47,570.0,4852.0,-1
2025-02-27,2025-02-27 15:00:00,8.4,8.62,8.38,8.4,0.0,570.0,4852.0,0
2025-03-02,2025-03-02 11:00:00,8.38,8.57,8.3,8.47,1.07,3220.6,27902.78,1
2025-03-02,2025-03-02 12:00:00,8.47,8.57,8.47,8.57,1.18,3220.6,27902.78,1
2025-03-02,2025-03-02 13:00:00,8.57,8.66,8.57,8.66,1.05,3220.6,27902.78,1
2025-03-02,2025-03-02 14:00:00,8.66,8.75,8.66,8.75,1.04,3220.6,27902.78,1
2025-03-02,2025-03-02 15:00:00,8.75,8.77,8.22,8.75,0.0,3220.6,27902.78,0
2025-03-03,2025-03-03 11:00:00,8.58,8.75,8.54,8.66,0.93,2370.0,20993.3,1
2025-03-03,2025-03-03 12:00:00,8.66,8.75,8.66,8.75,1.04,2370.0,20993.3,1
2025-03-03,2025-03-03 13:00:00,8.75,8.83,8.75,8.83,0.91,2370.0,20993.3,1
2025-03-03,2025-03-03 14:00:00,8.83,8.91,8.83,8.91,0.91,2370.0,20993.3,1
2025-03-03,2025-03-03 15:00:00,8.91,8.92,8.51,8.91,0.0,2370.0,20993.3,0
2025-03-04,2025-03-04 11:00:00,8.76,8.76,8.75,8.76,0.0,560.0,4900.4,0
2025-03-04,2025-03-04 12:00:00,8.76,8.76,8.75,8.75,-0.11,560.0,4900.4,-1
2025-03-04,2025-03-04 13:00:00,8.75,8.75,8.75,8.75,0.0,560.0,4900.4,0
2025-03-04,2025-03-04 14:00:00,8.75,8.75,8.75,8.75,0.0,560.0,4900.4,0
2025-03-04,2025-03-04 15:00:00,8.75,8.76,8.75,8.75,0.0,560.0,4900.4,0
2025-03-05,2025-03-05 11:00:00,8.59,8.67,8.59,8.6,0.12,220.0,1903.0,1
2025-03-05,2025-03-05 12:00:00,8.6,8.61,8.6,8.61,0.12,220.0,1903.0,1
2025-03-05,2025-03-05 13:00:00,8.61,8.61,8.61,8.61,0.0,220.0,1903.0,0
2025-03-05,2025-03-05 14:00:00,8.61,8.62,8.61,8.62,0.12,220.0,1903.0,1
2025-03-05,2025-03-05 15:00:00,8.62,8.75,8.59,8.62,0.0,220.0,1903.0,0
2025-03-06,2025-03-06 11:00:00,8.51,8.65,8.51,8.58,0.82,520.0,4515.2,1
2025-03-06,2025-03-06 12:00:00,8.58,8.65,8.58,8.65,0.82,520.0,4515.2,1
2025-03-06,2025-03-06 13:00:00,8.65,8.72,8.65,8.72,0.81,520.0,4515.2,1
2025-03-06,2025-03-06 14:00:00,8.72,8.79,8.72,8.79,0.8,520.0,4515.2,1
2025-03-06,2025-03-06 15:00:00,8.79,8.79,8.51,8.79,0.0,520.0,4515.2,0
2025-03-09,2025-03-09 11:00:00,8.62,8.62,8.46,8.58,-0.46,8373.2,70908.2,-1
2025-03-09,2025-03-09 12:00:00,8.58,8.58,8.54,8.54,-0.47,8373.2,70908.2,-1
2025-03-09,2025-03-09 13:00:00,8.54,8.54,8.51,8.51,-0.35,8373.2,70908.2,-1
2025-03-09,2025-03-09 14:00:00,8.51,8.51,8.47,8.47,-0.47,8373.2,70908.2,-1
2025-03-09,2025-03-09 15:00:00,8.47,8.62,8.31,8.47,0.0,8373.2,70908.2,0
2025-03-10,2025-03-10 11:00:00,8.4,8.45,8.37,8.39,-0.12,240.0,2014.0,-1
2025-03-10,2025-03-10 12:00:00,8.39,8.39,8.39,8.39,0.0,240.0,2014.0,0
2025-03-10,2025-03-10 13:00:00,8.39,8.39,8.39,8.39,0.0,240.0,2014.0,0
2025-03-10,2025-03-10 14:00:00,8.39,8.39,8.38,8.38,-0.12,240.0,2014.0,-1
2025-03-10,2025-03-10 15:00:00,8.38,8.5,8.33,8.38,0.0,240.0,2014.0,0
2025-03-11,2025-03-11 11:00:00,8.54,8.54,8.39,8.49,-0.59,3910.0,32396.7,-1
2025-03-11,2025-03-11 12:00:00,8.49,8.49,8.43,8.43,-0.71,3910.0,32396.7,-1
2025-03-11,2025-03-11 13:00:00,8.43,8.43,8.38,8.38,-0.59,3910.0,32396.7,-1
2025-03-11,2025-03-11 14:00:00,8.38,8.38,8.33,8.33,-0.6,3910.0,32396.7,-1
2025-03-11,2025-03-11 15:00:00,8.33,8.54,8.25,8.33,0.0,3910.0,32396.7,0
2025-03-12,2025-03-12 11:00:00,8.17,8.32,8.17,8.2,0.37,3866.0,32203.18,1
2025-03-12,2025-03-12 12:00:00,8.2,8.23,8.2,8.23,0.37,3866.0,32203.18,1
2025-03-12,2025-03-12 13:00:00,8.23,8.27,8.23,8.27,0.49,3866.0,32203.18,1
2025-03-12,2025-03-12 14:00:00,8.27,8.3,8.27,8.3,0.36,3866.0,32203.18,1
2025-03-12,2025-03-12 15:00:00,8.3,8.46,8.17,8.3,0.0,3866.0,32203.18,0
2025-03-16,2025-03-16 11:00:00,8.3,8.39,8.28,8.35,0.6,788.0,6571.28,1
2025-03-16,2025-03-16 12:00:00,8.35,8.39,8.35,8.39,0.48,788.0,6571.28,1
2025-03-16,2025-03-16 13:00:00,8.39,8.44,8.39,8.44,0.6,788.0,6571.28,1
2025-03-16,2025-03-16 14:00:00,8.44,8.48,8.44,8.48,0.47,788.0,6571.28,1
2025-03-16,2025-03-16 15:00:00,8.48,8.48,8.25,8.48,0.0,788.0,6571.28,0
2025-03-17,2025-03-17 11:00:00,8.5,8.53,8.44,8.47,-0.35,1358.0,11480.22,-1
2025-03-17,2025-03-17 12:00:00,8.47,8.47,8.45,8.45,-0.24,1358.0,11480.22,-1
2025-03-17,2025-03-17 13:00:00,8.45,8.45,8.42,8.42,-0.36,1358.0,11480.22,-1
2025-03-17,2025-03-17 14:00:00,8.42,8.42,8.39,8.39,-0.36,1358.0,11480.22,-1
2025-03-17,2025-03-17 15:00:00,8.39,8.55,8.38,8.39,0.0,1358.0,11480.22,0
2025-03-18,2025-03-18 11:00:00,8.55,8.62,8.46,8.51,-0.47,2200.0,18582.5,-1
2025-03-18,2025-03-18 12:00:00,8.51,8.51,8.46,8.46,-0.59,2200.0,18582.5,-1
2025-03-18,2025-03-18 13:00:00,8.46,8.46,8.42,8.42,-0.47,2200.0,18582.5,-1
2025-03-18,2025-03-18 14:00:00,8.42,8.42,8.38,8.38,-0.48,2200.0,18582.5,-1
2025-03-18,2025-03-18 15:00:00,8.38,8.7,8.38,8.38,0.0,2200.0,18582.5,0
2025-03-19,2025-03-19 11:00:00,8.25,8.39,8.24,8.26,0.12,400.0,3336.6,1
2025-03-19,2025-03-19 12:00:00,8.26,8.28,8.26,8.28,0.24,400.0,3336.6,1
2025-03-19,2025-03-19 13:00:00,8.28,8.29,8.28,8.29,0.12,400.0,3336.6,1
2025-03-19,2025-03-19 14:00:00,8.29,8.3,8.29,8.3,0.12,400.0,3336.6,1
2025-03-19,2025-03-19 15:00:00,8.3,8.54,8.23,8.3,0.0,400.0,3336.6,0
2025-03-20,2025-03-20 11:00:00,8.3,8.46,8.26,8.3,0.0,2850.0,23880.5,0
2025-03-20,2025-03-20 12:00:00,8.3,8.3,8.3,8.3,0.0,2850.0,23880.5,0
2025-03-20,2025-03-20 13:00:00,8.3,8.3,8.3,8.3,0.0,2850.0,23880.5,0
2025-03-20,2025-03-20 14:00:00,8.3,8.3,8.3,8.3,0.0,2850.0,23880.5,0
2025-03-20,2025-03-20 15:00:00,8.3,8.62,8.21,8.3,0.0,2850.0,23880.5,0
2025-03-23,2025-03-23 11:00:00,8.3,8.31,8.3,8.3,0.0,1124.6,9345.43,0
2025-03-23,2025-03-23 12:00:00,8.3,8.3,8.3,8.3,0.0,1124.6,9345.43,0
2025-03-23,2025-03-23 13:00:00,8.3,8.31,8.3,8.31,0.12,1124.6,9345.43,1
2025-03-23,2025-03-23 14:00:00,8.31,8.31,8.31,8.31,0.0,1124.6,9345.43,0
2025-03-23,2025-03-23 15:00:00,8.31,8.32,8.3,8.31,0.0,1124.6,9345.43,0
2025-03-24,2025-03-24 11:00:00,8.3,8.4,8.25,8.29,-0.12,470.0,3937.5,-1
2025-03-24,2025-03-24 12:00:00,8.29,8.29,8.27,8.27,-0.24,470.0,3937.5,-1
2025-03-24,2025-03-24 13:00:00,8.27,8.27,8.26,8.26,-0.12,470.0,3937.5,-1
2025-03-24,2025-03-24 14:00:00,8.26,8.26,8.24,8.24,-0.24,470.0,3937.5,-1
2025-03-24,2025-03-24 15:00:00,8.24,8.5,8.19,8.24,0.0,470.0,3937.5,0
2025-03-25,2025-03-25 11:00:00,8.08,8.24,8.08,8.12,0.5,650.0,5385.7,1
2025-03-25,2025-03-25 12:00:00,8.12,8.15,8.12,8.15,0.37,650.0,5385.7,1
2025-03-25,2025-03-25 13:00:00,8.15,8.19,8.15,8.19,0.49,650.0,5385.7,1
2025-03-25,2025-03-25 14:00:00,8.19,8.22,8.19,8.22,0.37,650.0,5385.7,1
2025-03-25,2025-03-25 15:00:00,8.22,8.4,8.08,8.22,0.0,650.0,5385.7,0
2025-03-26,2025-03-26 11:00:00,8.22,8.29,8.2,8.25,0.36,3175.0,26490.85,1
2025-03-26,2025-03-26 12:00:00,8.25,8.29,8.25,8.29,0.48,3175.0,26490.85,1
2025-03-26,2025-03-26 13:00:00,8.29,8.32,8.29,8.32,0.36,3175.0,26490.85,1
2025-03-26,2025-03-26 14:00:00,8.32,8.35,8.32,8.35,0.36,3175.0,26490.85,1
2025-03-26,2025-03-26 15:00:00,8.35,8.35,8.18,8.35,0.0,3175.0,26490.85,0
2025-03-27,2025-03-27 11:00:00,8.4,8.5,8.34,8.45,0.6,140.0,1181.8,1
2025-03-27,2025-03-27 12:00:00,8.45,8.5,8.45,8.5,0.59,140.0,1181.8,1
2025-03-27,2025-03-27 13:00:00,8.5,8.55,8.5,8.55,0.59,140.0,1181.8,1
2025-03-27,2025-03-27 14:00:00,8.55,8.6,8.55,8.6,0.58,140.0,1181.8,1
2025-03-27,2025-03-27 15:00:00,8.6,8.6,8.29,8.6,0.0,140.0,1181.8,0
2025-03-30,2025-03-30 11:00:00,8.44,8.52,8.44,8.45,0.12,350.0,2971.7,1
2025-03-30,2025-03-30 12:00:00,8.45,8.46,8.45,8.46,0.12,350.0,2971.7,1
2025-03-30,2025-03-30 13:00:00,8.46,8.46,8.46,8.46,0.0,350.0,2971.7,0
2025-03-30,2025-03-30 14:00:00,8.46,8.47,8.46,8.47,0.12,350.0,2971.7,1
2025-03-30,2025-03-30 15:00:00,8.47,8.6,8.44,8.47,0.0,350.0,2971.7,0
2025-04-01,2025-04-01 11:00:00,8.31,8.46,8.31,8.38,0.84,1705.4,14426.78,1
2025-04-01,2025-04-01 12:00:00,8.38,8.46,8.38,8.46,0.95,1705.4,14426.78,1
2025-04-01,2025-04-01 13:00:00,8.46,8.54,8.46,8.54,0.95,1705.4,14426.78,1
2025-04-01,2025-04-01 14:00:00,8.54,8.61,8.54,8.61,0.82,1705.4,14426.78,1
2025-04-01,2025-04-01 15:00:00,8.61,8.62,8.31,8.61,0.0,1705.4,14426.78,0
2025-04-02,2025-04-02 11:00:00,8.6,8.77,8.6,8.64,0.47,580.0,5070.0,1
2025-04-02,2025-04-02 12:00:00,8.64,8.69,8.64,8.69,0.58,580.0,5070.0,1
2025-04-02,2025-04-02 13:00:00,8.69,8.73,8.69,8.73,0.46,580.0,5070.0,1
2025-04-02,2025-04-02 14:00:00,8.73,8.78,8.73,8.78,0.57,580.0,5070.0,1
2025-04-02,2025-04-02 15:00:00,8.78,8.95,8.6,8.78,0.0,580.0,5070.0,0
2025-04-03,2025-04-03 11:00:00,8.61,8.61,8.45,8.53,-0.93,3400.0,28358.8,-1
2025-04-03,2025-04-03 12:00:00,8.53,8.53,8.45,8.45,-0.94,3400.0,28358.8,-1
2025-04-03,2025-04-03 13:00:00,8.45,8.45,8.37,8.37,-0.95,3400.0,28358.8,-1
2025-04-03,2025-04-03 14:00:00,8.37,8.37,8.29,8.29,-0.96,3400.0,28358.8,-1
2025-04-03,2025-04-03 15:00:00,8.29,8.61,8.29,8.29,0.0,3400.0,28358.8,0
2025-04-07,2025-04-07 11:00:00,8.23,8.34,8.23,8.28,0.61,100.0,829.4,1
2025-04-07,2025-04-07 12:00:00,8.28,8.34,8.28,8.34,0.72,100.0,829.4,1
2025-04-07,2025-04-07 13:00:00,8.34,8.39,8.34,8.39,0.6,100.0,829.4,1
2025-04-07,2025-04-07 14:00:00,8.39,8.44,8.39,8.44,0.6,100.0,829.4,1
2025-04-07,2025-04-07 15:00:00,8.44,8.44,8.22,8.44,0.0,100.0,829.4,0
2025-04-08,2025-04-08 11:00:00,8.28,8.29,8.2,8.27,-0.12,740.0,6087.25,-1
2025-04-08,2025-04-08 12:00:00,8.27,8.27,8.25,8.25,-0.24,740.0,6087.25,-1
2025-04-08,2025-04-08 13:00:00,8.25,8.25,8.23,8.23,-0.24,740.0,6087.25,-1
2025-04-08,2025-04-08 14:00:00,8.23,8.23,8.22,8.22,-0.12,740.0,6087.25,-1
2025-04-08,2025-04-08 15:00:00,8.22,8.31,8.12,8.22,0.0,740.0,6087.25,0
2025-04-09,2025-04-09 11:00:00,8.22,8.34,8.22,8.28,0.73,30234.8,253271.38,1
2025-04-09,2025-04-09 12:00:00,8.28,8.34,8.28,8.34,0.72,30234.8,253271.38,1
2025-04-09,2025-04-09 13:00:00,8.34,8.39,8.34,8.39,0.6,30234.8,253271.38,1
2025-04-09,2025-04-09 14:00:00,8.39,8.45,8.39,8.45,0.72,30234.8,253271.38,1
2025-04-09,2025-04-09 15:00:00,8.45,8.45,8.22,8.45,0.0,30234.8,253271.38,0
2025-04-10,2025-04-10 11:00:00,8.29,8.36,8.17,8.32,0.36,3300.0,27096.2,1
2025-04-10,2025-04-10 12:00:00,8.32,8.36,8.32,8.36,0.48,3300.0,27096.2,1
2025-04-10,2025-04-10 13:00:00,8.36,8.39,8.36,8.39,0.36,3300.0,27096.2,1
2025-04-10,2025-04-10 14:00:00,8.39,8.43,8.39,8.43,0.48,3300.0,27096.2,1
2025-04-10,2025-04-10 15:00:00,8.43,8.44,8.05,8.43,0.0,3300.0,27096.2,0
2025-04-13,2025-04-13 11:00:00,8.32,8.62,8.29,8.46,1.68,9135.6,76193.0,1
2025-04-13,2025-04-13 12:00:00,8.46,8.59,8.46,8.59,1.54,9135.6,76193.0,1
2025-04-13,2025-04-13 13:00:00,8.59,8.73,8.59,8.73,1.63,9135.6,76193.0,1
2025-04-13,2025-04-13 14:00:00,8.73,8.87,8.73,8.87,1.6,9135.6,76193.0,1
2025-04-13,2025-04-13 15:00:00,8.87,8.93,8.27,8.87,0.0,9135.6,76193.0,0
2025-04-15,2025-04-15 11:00:00,8.83,8.83,8.41,8.76,-0.79,1433.4,12065.13,-1
2025-04-15,2025-04-15 12:00:00,8.76,8.76,8.68,8.68,-0.91,1433.4,12065.13,-1
2025-04-15,2025-04-15 13:00:00,8.68,8.68,8.61,8.61,-0.81,1433.4,12065.13,-1
2025-04-15,2025-04-15 14:00:00,8.61,8.61,8.54,8.54,-0.81,1433.4,12065.13,-1
2025-04-15,2025-04-15 15:00:00,8.54,8.83,7.98,8.54,0.0,1433.4,12065.13,0
2025-04-16,2025-04-16 11:00:00,8.37,8.45,8.33,8.38,0.12,864.0,7244.3,1
2025-04-16,2025-04-16 12:00:00,8.38,8.38,8.38,8.38,0.0,864.0,7244.3,0
2025-04-16,2025-04-16 13:00:00,8.38,8.39,8.38,8.39,0.12,864.0,7244.3,1
2025-04-16,2025-04-16 14:00:00,8.39,8.4,8.39,8.4,0.12,864.0,7244.3,1
2025-04-16,2025-04-16 15:00:00,8.4,8.53,8.29,8.4,0.0,864.0,7244.3,0
2025-04-17,2025-04-17 11:00:00,8.4,8.48,8.32,8.41,0.12,2292.0,19061.32,1
2025-04-17,2025-04-17 12:00:00,8.41,8.41,8.41,8.41,0.0,2292.0,19061.32,0
2025-04-17,2025-04-17 13:00:00,8.41,8.41,8.41,8.41,0.0,2292.0,19061.32,0
2025-04-17,2025-04-17 14:00:00,8.41,8.42,8.41,8.42,0.12,2292.0,19061.32,1
2025-04-17,2025-04-17 15:00:00,8.42,8.56,8.25,8.42,0.0,2292.0,19061.32,0
2025-04-20,2025-04-20 11:00:00,8.41,8.52,8.34,8.39,-0.24,2196.0,18454.36,-1
2025-04-20,2025-04-20 12:00:00,8.39,8.39,8.37,8.37,-0.24,2196.0,18454.36,-1
2025-04-20,2025-04-20 13:00:00,8.37,8.37,8.35,8.35,-0.24,2196.0,18454.36,-1
2025-04-20,2025-04-20 14:00:00,8.35,8.35,8.33,8.33,-0.24,2196.0,18454.36,-1
2025-04-20,2025-04-20 15:00:00,8.33,8.63,8.26,8.33,0.0,2196.0,18454.36,0
2025-04-21,2025-04-21 11:00:00,8.18,8.49,8.18,8.3,1.47,1368.0,11587.36,1
2025-04-21,2025-04-21 12:00:00,8.3,8.41,8.3,8.41,1.33,1368.0,11587.36,1
2025-04-21,2025-04-21 13:00:00,8.41,8.53,8.41,8.53,1.43,1368.0,11587.36,1
2025-04-21,2025-04-21 14:00:00,8.53,8.65,8.53,8.65,1.41,1368.0,11587.36,1
2025-04-21,2025-04-21 15:00:00,8.65,8.8,8.18,8.65,0.0,1368.0,11587.36,0
2025-04-22,2025-04-22 11:00:00,8.48,8.48,8.16,8.45,-0.35,2315.6,19162.25,-1
2025-04-22,2025-04-22 12:00:00,8.45,8.45,8.42,8.42,-0.36,2315.6,19162.25,-1
2025-04-22,2025-04-22 13:00:00,8.42,8.42,8.39,8.39,-0.36,2315.6,19162.25,-1
2025-04-22,2025-04-22 14:00:00,8.39,8.39,8.36,8.36,-0.36,2315.6,19162.25,-1
2025-04-22,2025-04-22 15:00:00,8.36,8.48,7.85,8.36,0.0,2315.6,19162.25,0
2025-04-23,2025-04-23 11:00:00,8.36,8.36,8.29,8.34,-0.24,280.0,2315.4,-1
2025-04-23,2025-04-23 12:00:00,8.34,8.34,8.32,8.32,-0.24,280.0,2315.4,-1
2025-04-23,2025-04-23 13:00:00,8.32,8.32,8.3,8.3,-0.24,280.0,2315.4,-1
2025-04-23,2025-04-23 14:00:00,8.3,8.3,8.28,8.28,-0.24,280.0,2315.4,-1
2025-04-23,2025-04-23 15:00:00,8.28,8.36,8.21,8.28,0.0,280.0,2315.4,0
2025-04-24,2025-04-24 11:00:00,8.2,8.27,8.11,8.24,0.49,393.4,3215.14,1
2025-04-24,2025-04-24 12:00:00,8.24,8.27,8.24,8.27,0.36,393.4,3215.14,1
2025-04-24,2025-04-24 13:00:00,8.27,8.31,8.27,8.31,0.48,393.4,3215.14,1
2025-04-24,2025-04-24 14:00:00,8.31,8.35,8.31,8.35,0.48,393.4,3215.14,1
2025-04-24,2025-04-24 15:00:00,8.35,8.35,8.02,8.35,0.0,393.4,3215.14,0
2025-04-27,2025-04-27 11:00:00,8.51,8.58,8.5,8.5,-0.12,2140.0,18193.0,-1
2025-04-27,2025-04-27 12:00:00,8.5,8.5,8.5,8.5,0.0,2140.0,18193.0,0
2025-04-27,2025-04-27 13:00:00,8.5,8.5,8.49,8.49,-0.12,2140.0,18193.0,-1
2025-04-27,2025-04-27 14:00:00,8.49,8.49,8.48,8.48,-0.12,2140.0,18193.0,-1
2025-04-27,2025-04-27 15:00:00,8.48,8.65,8.48,8.48,0.0,2140.0,18193.0,0
2025-04-28,2025-04-28 11:00:00,8.33,8.48,8.26,8.31,-0.24,2774.0,22758.56,-1
2025-04-28,2025-04-28 12:00:00,8.31,8.31,8.29,8.29,-0.24,2774.0,22758.56,-1
2025-04-28,2025-04-28 13:00:00,8.29,8.29,8.26,8.26,-0.36,2774.0,22758.56,-1
2025-04-28,2025-04-28 14:00:00,8.26,8.26,8.24,8.24,-0.24,2774.0,22758.56,-1
2025-04-28,2025-04-28 15:00:00,8.24,8.63,8.19,8.24,0.0,2774.0,22758.56,0
2025-04-29,2025-04-29 11:00:00,8.4,8.4,8.14,8.35,-0.6,114502.0,921882.86,-1
2025-04-29,2025-04-29 12:00:00,8.35,8.35,8.3,8.3,-0.6,114502.0,921882.86,-1
2025-04-29,2025-04-29 13:00:00,8.3,8.3,8.25,8.25,-0.6,114502.0,921882.86,-1
2025-04-29,2025-04-29 14:00:00,8.25,8.25,8.2,8.2,-0.61,114502.0,921882.86,-1
2025-04-29,2025-04-29 15:00:00,8.2,8.4,7.89,8.2,0.0,114502.0,921882.86,0
2025-04-30,2025-04-30 11:00:00,8.36,8.52,8.31,8.41,0.6,1043.4,8882.8,1
2025-04-30,2025-04-30 12:00:00,8.41,8.46,8.41,8.46,0.59,1043.4,8882.8,1
2025-04-30,2025-04-30 13:00:00,8.46,8.5,8.46,8.5,0.47,1043.4,8882.8,1
2025-04-30,2025-04-30 14:00:00,8.5,8.55,8.5,8.55,0.59,1043.4,8882.8,1
2025-04-30,2025-04-30 15:00:00,8.55,8.68,8.26,8.55,0.0,1043.4,8882.8,0
2025-05-04,2025-05-04 11:00:00,8.7,8.7,8.43,8.57,-1.49,3096.4,25433.06,-1
2025-05-04,2025-05-04 12:00:00,8.57,8.57,8.45,8.45,-1.4,3096.4,25433.06,-1
2025-05-04,2025-05-04 13:00:00,8.45,8.45,8.32,8.32,-1.54,3096.4,25433.06,-1
2025-05-04,2025-05-04 14:00:00,8.32,8.32,8.2,8.2,-1.44,3096.4,25433.06,-1
2025-05-04,2025-05-04 15:00:00,8.2,8.7,8.17,8.2,0.0,3096.4,25433.06,0
2025-05-05,2025-05-05 11:00:00,8.2,8.32,8.15,8.23,0.37,82234.2,683102.75,1
2025-05-05,2025-05-05 12:00:00,8.23,8.25,8.23,8.25,0.24,82234.2,683102.75,1
2025-05-05,2025-05-05 13:00:00,8.25,8.28,8.25,8.28,0.36,82234.2,683102.75,1
2025-05-05,2025-05-05 14:00:00,8.28,8.31,8.28,8.31,0.36,82234.2,683102.75,1
2025-05-05,2025-05-05 15:00:00,8.31,8.44,8.1,8.31,0.0,82234.2,683102.75,0
2025-05-06,2025-05-06 11:00:00,8.34,8.4,8.25,8.37,0.36,6477.0,53413.41,1
2025-05-06,2025-05-06 12:00:00,8.37,8.39,8.37,8.39,0.24,6477.0,53413.41,1
2025-05-06,2025-05-06 13:00:00,8.39,8.42,8.39,8.42,0.36,6477.0,53413.41,1
2025-05-06,2025-05-06 14:00:00,8.42,8.45,8.42,8.45,0.36,6477.0,53413.41,1
2025-05-06,2025-05-06 15:00:00,8.45,8.46,8.17,8.45,0.0,6477.0,53413.41,0
2025-05-07,2025-05-07 11:00:00,8.59,8.59,8.5,8.55,-0.47,45.0,383.15,-1
2025-05-07,2025-05-07 12:00:00,8.55,8.55,8.5,8.5,-0.58,45.0,383.15,-1
2025-05-07,2025-05-07 13:00:00,8.5,8.5,8.46,8.46,-0.47,45.0,383.15,-1
2025-05-07,2025-05-07 14:00:00,8.46,8.46,8.42,8.42,-0.47,45.0,383.15,-1
2025-05-07,2025-05-07 15:00:00,8.42,8.59,8.42,8.42,0.0,45.0,383.15,0
2025-05-08,2025-05-08 11:00:00,8.26,8.34,8.2,8.26,0.0,3564.0,29380.52,0
2025-05-08,2025-05-08 12:00:00,8.26,8.26,8.25,8.25,-0.12,3564.0,29380.52,-1
2025-05-08,2025-05-08 13:00:00,8.25,8.25,8.25,8.25,0.0,3564.0,29380.52,0
2025-05-08,2025-05-08 14:00:00,8.25,8.25,8.25,8.25,0.0,3564.0,29380.52,0
2025-05-08,2025-05-08 15:00:00,8.25,8.42,8.13,8.25,0.0,3564.0,29380.52,0
2025-05-11,2025-05-11 11:00:00,8.22,8.36,8.22,8.24,0.24,3622.0,30217.88,1
2025-05-11,2025-05-11 12:00:00,8.24,8.25,8.24,8.25,0.12,3622.0,30217.88,1
2025-05-11,2025-05-11 13:00:00,8.25,8.27,8.25,8.27,0.24,3622.0,30217.88,1
2025-05-11,2025-05-11 14:00:00,8.27,8.29,8.27,8.29,0.24,3622.0,30217.88,1
2025-05-11,2025-05-11 15:00:00,8.29,8.5,8.22,8.29,0.0,3622.0,30217.88,0
2025-05-13,2025-05-13 11:00:00,8.23,8.34,8.18,8.25,0.24,4847.0,39723.27,1
2025-05-13,2025-05-13 12:00:00,8.25,8.26,8.25,8.26,0.12,4847.0,39723.27,1
2025-05-13,2025-05-13 13:00:00,8.26,8.27,8.26,8.27,0.12,4847.0,39723.27,1
2025-05-13,2025-05-13 14:00:00,8.27,8.29,8.27,8.29,0.24,4847.0,39723.27,1
2025-05-13,2025-05-13 15:00:00,8.29,8.44,8.13,8.29,0.0,4847.0,39723.27,0
2025-05-14,2025-05-14 11:00:00,8.4,8.43,8.2,8.38,-0.24,630.0,5150.26,-1
2025-05-14,2025-05-14 12:00:00,8.38,8.38,8.36,8.36,-0.24,630.0,5150.26,-1
2025-05-14,2025-05-14 13:00:00,8.36,8.36,8.34,8.34,-0.24,630.0,5150.26,-1
2025-05-14,2025-05-14 14:00:00,8.34,8.34,8.32,8.32,-0.24,630.0,5150.26,-1
2025-05-14,2025-05-14 15:00:00,8.32,8.45,8.0,8.32,0.0,630.0,5150.26,0
2025-05-15,2025-05-15 11:00:00,8.3,8.36,8.26,8.33,0.36,330.0,2760.6,1
2025-05-15,2025-05-15 12:00:00,8.33,8.36,8.33,8.36,0.36,330.0,2760.6,1
2025-05-15,2025-05-15 13:00:00,8.36,8.38,8.36,8.38,0.24,330.0,2760.6,1
2025-05-15,2025-05-15 14:00:00,8.38,8.41,8.38,8.41,0.36,330.0,2760.6,1
2025-05-15,2025-05-15 15:00:00,8.41,8.42,8.21,8.41,0.0,330.0,2760.6,0
2025-05-18,2025-05-18 11:00:00,8.41,8.46,8.29,8.4,-0.12,2723.0,22643.33,-1
2025-05-18,2025-05-18 12:00:00,8.4,8.4,8.39,8.39,-0.12,2723.0,22643.33,-1
2025-05-18,2025-05-18 13:00:00,8.39,8.39,8.38,8.38,-0.12,2723.0,22643.33,-1
2025-05-18,2025-05-18 14:00:00,8.38,8.38,8.37,8.37,-0.12,2723.0,22643.33,-1
2025-05-18,2025-05-18 15:00:00,8.37,8.5,8.17,8.37,0.0,2723.0,22643.33,0
2025-05-19,2025-05-19 11:00:00,8.52,8.52,8.37,8.45,-0.82,5220.0,43589.6,-1
2025-05-19,2025-05-19 12:00:00,8.45,8.45,8.37,8.37,-0.95,5220.0,43589.6,-1
2025-05-19,2025-05-19 13:00:00,8.37,8.37,8.29,8.29,-0.96,5220.0,43589.6,-1
2025-05-19,2025-05-19 14:00:00,8.29,8.29,8.22,8.22,-0.84,5220.0,43589.6,-1
2025-05-19,2025-05-19 15:00:00,8.22,8.52,8.22,8.22,0.0,5220.0,43589.6,0
2025-05-20,2025-05-20 11:00:00,8.18,8.2,8.13,8.18,0.0,509.0,4154.98,0
2025-05-20,2025-05-20 12:00:00,8.18,8.18,8.17,8.17,-0.12,509.0,4154.98,-1
2025-05-20,2025-05-20 13:00:00,8.17,8.17,8.16,8.16,-0.12,509.0,4154.98,-1
2025-05-20,2025-05-20 14:00:00,8.16,8.16,8.16,8.16,0.0,509.0,4154.98,0
2025-05-20,2025-05-20 15:00:00,8.16,8.22,8.08,8.16,0.0,509.0,4154.98,0
2025-05-21,2025-05-21 11:00:00,8.14,8.25,8.14,8.17,0.37,942.0,7771.18,1
2025-05-21,2025-05-21 12:00:00,8.17,8.19,8.17,8.19,0.24,942.0,7771.18,1
2025-05-21,2025-05-21 13:00:00,8.19,8.21,8.19,8.21,0.24,942.0,7771.18,1
2025-05-21,2025-05-21 14:00:00,8.21,8.24,8.21,8.24,0.37,942.0,7771.18,1
2025-05-21,2025-05-21 15:00:00,8.24,8.36,8.14,8.24,0.0,942.0,7771.18,0
2025-05-22,2025-05-22 11:00:00,8.15,8.27,8.15,8.21,0.74,96.4,800.03,1
2025-05-22,2025-05-22 12:00:00,8.21,8.27,8.21,8.27,0.73,96.4,800.03,1
2025-05-22,2025-05-22 13:00:00,8.27,8.32,8.27,8.32,0.6,96.4,800.03,1
2025-05-22,2025-05-22 14:00:00,8.32,8.38,8.32,8.38,0.72,96.4,800.03,1
2025-05-22,2025-05-22 15:00:00,8.38,8.38,8.15,8.38,0.0,96.4,800.03,0
2025-05-25,2025-05-25 11:00:00,8.23,8.29,8.23,8.26,0.36,3384.0,28202.55,1
2025-05-25,2025-05-25 12:00:00,8.26,8.28,8.26,8.28,0.24,3384.0,28202.55,1
2025-05-25,2025-05-25 13:00:00,8.28,8.3,8.28,8.3,0.24,3384.0,28202.55,1
2025-05-25,2025-05-25 14:00:00,8.3,8.33,8.3,8.33,0.36,3384.0,28202.55,1
2025-05-25,2025-05-25 15:00:00,8.33,8.35,8.23,8.33,0.0,3384.0,28202.55,0
2025-05-26,2025-05-26 11:00:00,8.48,8.54,8.39,8.44,-0.47,2314.4,19308.56,-1
2025-05-26,2025-05-26 12:00:00,8.44,8.44,8.39,8.39,-0.59,2314.4,19308.56,-1
2025-05-26,2025-05-26 13:00:00,8.39,8.39,8.35,8.35,-0.48,2314.4,19308.56,-1
2025-05-26,2025-05-26 14:00:00,8.35,8.35,8.31,8.31,-0.48,2314.4,19308.56,-1
2025-05-26,2025-05-26 15:00:00,8.31,8.6,8.3,8.31,0.0,2314.4,19308.56,0
2025-05-27,2025-05-27 11:00:00,8.15,8.26,8.1,8.2,0.61,660.0,5487.2,1
2025-05-27,2025-05-27 12:00:00,8.2,8.25,8.2,8.25,0.61,660.0,5487.2,1
2025-05-27,2025-05-27 13:00:00,8.25,8.3,8.25,8.3,0.61,660.0,5487.2,1
2025-05-27,2025-05-27 14:00:00,8.3,8.35,8.3,8.35,0.6,660.0,5487.2,1
2025-05-27,2025-05-27 15:00:00,8.35,8.37,8.05,8.35,0.0,660.0,5487.2,0
2025-05-28,2025-05-28 11:00:00,8.21,8.34,8.21,8.27,0.73,4660.0,39120.25,1
2025-05-28,2025-05-28 12:00:00,8.27,8.32,8.27,8.32,0.6,4660.0,39120.25,1
2025-05-28,2025-05-28 13:00:00,8.32,8.38,8.32,8.38,0.72,4660.0,39120.25,1
2025-05-28,2025-05-28 14:00:00,8.38,8.44,8.38,8.44,0.72,4660.0,39120.25,1
2025-05-28,2025-05-28 15:00:00,8.44,8.46,8.21,8.44,0.0,4660.0,39120.25,0
2025-06-02,2025-06-02 11:00:00,8.59,8.59,8.43,8.53,-0.7,2010.0,16769.2,-1
2025-06-02,2025-06-02 12:00:00,8.53,8.53,8.47,8.47,-0.7,2010.0,16769.2,-1
2025-06-02,2025-06-02 13:00:00,8.47,8.47,8.41,8.41,-0.71,2010.0,16769.2,-1
2025-06-02,2025-06-02 14:00:00,8.41,8.41,8.35,8.35,-0.71,2010.0,16769.2,-1
2025-06-02,2025-06-02 15:00:00,8.35,8.59,8.28,8.35,0.0,2010.0,16769.2,0
2025-06-03,2025-06-03 11:00:00,8.2,8.34,8.2,8.26,0.73,260.0,2171.2,1
2025-06-03,2025-06-03 12:00:00,8.26,8.32,8.26,8.32,0.73,260.0,2171.2,1
2025-06-03,2025-06-03 13:00:00,8.32,8.38,8.32,8.38,0.72,260.0,2171.2,1
2025-06-03,2025-06-03 14:00:00,8.38,8.44,8.38,8.44,0.72,260.0,2171.2,1
2025-06-03,2025-06-03 15:00:00,8.44,8.48,8.19,8.44,0.0,260.0,2171.2,0
2025-06-04,2025-06-04 11:00:00,8.4,8.43,8.35,8.41,0.12,1220.0,10284.2,1
2025-06-04,2025-06-04 12:00:00,8.41,8.43,8.41,8.43,0.24,1220.0,10284.2,1
2025-06-04,2025-06-04 13:00:00,8.43,8.44,8.43,8.44,0.12,1220.0,10284.2,1
2025-06-04,2025-06-04 14:00:00,8.44,8.45,8.44,8.45,0.12,1220.0,10284.2,1
2025-06-04,2025-06-04 15:00:00,8.45,8.45,8.3,8.45,0.0,1220.0,10284.2,0
2025-06-05,2025-06-05 11:00:00,8.29,8.37,8.29,8.31,0.24,1456.8,12184.56,1
2025-06-05,2025-06-05 12:00:00,8.31,8.32,8.31,8.32,0.12,1456.8,12184.56,1
2025-06-05,2025-06-05 13:00:00,8.32,8.34,8.32,8.34,0.24,1456.8,12184.56,1
2025-06-05,2025-06-05 14:00:00,8.34,8.36,8.34,8.36,0.24,1456.8,12184.56,1
2025-06-05,2025-06-05 15:00:00,8.36,8.45,8.29,8.36,0.0,1456.8,12184.56,0
2025-06-08,2025-06-08 11:00:00,8.22,8.36,8.22,8.27,0.61,3060.6,25630.78,1
2025-06-08,2025-06-08 12:00:00,8.27,8.31,8.27,8.31,0.48,3060.6,25630.78,1
2025-06-08,2025-06-08 13:00:00,8.31,8.36,8.31,8.36,0.6,3060.6,25630.78,1
2025-06-08,2025-06-08 14:00:00,8.36,8.4,8.36,8.4,0.48,3060.6,25630.78,1
2025-06-08,2025-06-08 15:00:00,8.4,8.49,8.22,8.4,0.0,3060.6,25630.78,0
2025-06-09,2025-06-09 11:00:00,8.56,8.56,8.43,8.5,-0.7,140.0,1179.2,-1
2025-06-09,2025-06-09 12:00:00,8.5,8.5,8.43,8.43,-0.82,140.0,1179.2,-1
2025-06-09,2025-06-09 13:00:00,8.43,8.43,8.37,8.37,-0.71,140.0,1179.2,-1
2025-06-09,2025-06-09 14:00:00,8.37,8.37,8.3,8.3,-0.84,140.0,1179.2,-1
2025-06-09,2025-06-09 15:00:00,8.3,8.56,8.3,8.3,0.0,140.0,1179.2,0
2025-06-10,2025-06-10 11:00:00,8.15,8.3,8.05,8.12,-0.37,37475.6,302390.87,-1
2025-06-10,2025-06-10 12:00:00,8.12,8.12,8.09,8.09,-0.37,37475.6,302390.87,-1
2025-06-10,2025-06-10 13:00:00,8.09,8.09,8.06,8.06,-0.37,37475.6,302390.87,-1
2025-06-10,2025-06-10 14:00:00,8.06,8.06,8.03,8.03,-0.37,37475.6,302390.87,-1
2025-06-10,2025-06-10 15:00:00,8.03,8.46,7.95,8.03,0.0,37475.6,302390.87,0
2025-06-11,2025-06-11 11:00:00,8.09,8.23,8.09,8.16,0.87,5382.0,45059.86,1
2025-06-11,2025-06-11 12:00:00,8.16,8.23,8.16,8.23,0.86,5382.0,45059.86,1
2025-06-11,2025-06-11 13:00:00,8.23,8.3,8.23,8.3,0.85,5382.0,45059.86,1
2025-06-11,2025-06-11 14:00:00,8.3,8.37,8.3,8.37,0.84,5382.0,45059.86,1
2025-06-11,2025-06-11 15:00:00,8.37,8.38,8.09,8.37,0.0,5382.0,45059.86,0
2025-06-12,2025-06-12 11:00:00,8.22,8.36,8.22,8.27,0.61,186.2,1557.78,1
2025-06-12,2025-06-12 12:00:00,8.27,8.32,8.27,8.32,0.6,186.2,1557.78,1
2025-06-12,2025-06-12 13:00:00,8.32,8.36,8.32,8.36,0.48,186.2,1557.78,1
2025-06-12,2025-06-12 14:00:00,8.36,8.41,8.36,8.41,0.6,186.2,1557.78,1
2025-06-12,2025-06-12 15:00:00,8.41,8.49,8.22,8.41,0.0,186.2,1557.78,0
2025-06-15,2025-06-15 11:00:00,8.31,8.31,8.27,8.29,-0.24,80.0,660.4,-1
2025-06-15,2025-06-15 12:00:00,8.29,8.29,8.28,8.28,-0.12,80.0,660.4,-1
2025-06-15,2025-06-15 13:00:00,8.28,8.28,8.27,8.27,-0.12,80.0,660.4,-1
2025-06-15,2025-06-15 14:00:00,8.27,8.27,8.25,8.25,-0.24,80.0,660.4,-1
2025-06-15,2025-06-15 15:00:00,8.25,8.31,8.23,8.25,0.0,80.0,660.4,0
2025-06-16,2025-06-16 11:00:00,8.13,8.21,8.13,8.16,0.37,5124.2,42254.19,1
2025-06-16,2025-06-16 12:00:00,8.16,8.2,8.16,8.2,0.49,5124.2,42254.19,1
2025-06-16,2025-06-16 13:00:00,8.2,8.23,8.2,8.23,0.37,5124.2,42254.19,1
2025-06-16,2025-06-16 14:00:00,8.23,8.26,8.23,8.26,0.36,5124.2,42254.19,1
2025-06-16,2025-06-16 15:00:00,8.26,8.3,8.13,8.26,0.0,5124.2,42254.19,0
2025-06-17,2025-06-17 11:00:00,8.11,8.15,8.11,8.12,0.12,230.0,1874.2,1
2025-06-17,2025-06-17 12:00:00,8.12,8.13,8.12,8.13,0.12,230.0,1874.2,1
2025-06-17,2025-06-17 13:00:00,8.13,8.15,8.13,8.15,0.25,230.0,1874.2,1
2025-06-17,2025-06-17 14:00:00,8.15,8.16,8.15,8.16,0.12,230.0,1874.2,1
2025-06-17,2025-06-17 15:00:00,8.16,8.2,8.11,8.16,0.0,230.0,1874.2,0
2025-06-18,2025-06-18 11:00:00,8.32,8.36,8.26,8.32,0.0,6792.2,56377.57,0
2025-06-18,2025-06-18 12:00:00,8.32,8.32,8.31,8.31,-0.12,6792.2,56377.57,-1
2025-06-18,2025-06-18 13:00:00,8.31,8.31,8.3,8.3,-0.12,6792.2,56377.57,-1
2025-06-18,2025-06-18 14:00:00,8.3,8.3,8.3,8.3,0.0,6792.2,56377.57,0
2025-06-18,2025-06-18 15:00:00,8.3,8.4,8.2,8.3,0.0,6792.2,56377.57,0
2025-06-19,2025-06-19 11:00:00,8.46,8.48,8.32,8.39,-0.83,2144.6,17959.64,-1
2025-06-19,2025-06-19 12:00:00,8.39,8.39,8.32,8.32,-0.83,2144.6,17959.64,-1
2025-06-19,2025-06-19 13:00:00,8.32,8.32,8.26,8.26,-0.72,2144.6,17959.64,-1
2025-06-19,2025-06-19 14:00:00,8.26,8.26,8.19,8.19,-0.85,2144.6,17959.64,-1
2025-06-19,2025-06-19 15:00:00,8.19,8.5,8.19,8.19,0.0,2144.6,17959.64,0
2025-06-22,2025-06-22 11:00:00,8.11,8.18,8.11,8.13,0.25,300.0,2443.4,1
2025-06-22,2025-06-22 12:00:00,8.13,8.15,8.13,8.15,0.25,300.0,2443.4,1
2025-06-22,2025-06-22 13:00:00,8.15,8.17,8.15,8.17,0.25,300.0,2443.4,1
2025-06-22,2025-06-22 14:00:00,8.17,8.19,8.17,8.19,0.24,300.0,2443.4,1
2025-06-22,2025-06-22 15:00:00,8.19,8.25,8.11,8.19,0.0,300.0,2443.4,0
2025-06-23,2025-06-23 11:00:00,8.35,8.35,8.24,8.33,-0.24,2330.0,19289.8,-1
2025-06-23,2025-06-23 12:00:00,8.33,8.33,8.32,8.32,-0.12,2330.0,19289.8,-1
2025-06-23,2025-06-23 13:00:00,8.32,8.32,8.3,8.3,-0.24,2330.0,19289.8,-1
2025-06-23,2025-06-23 14:00:00,8.3,8.3,8.29,8.29,-0.12,2330.0,19289.8,-1
2025-06-23,2025-06-23 15:00:00,8.29,8.35,8.13,8.29,0.0,2330.0,19289.8,0
2025-06-24,2025-06-24 11:00:00,8.13,8.24,8.13,8.18,0.62,4300.0,35666.9,1
2025-06-24,2025-06-24 12:00:00,8.18,8.23,8.18,8.23,0.61,4300.0,35666.9,1
2025-06-24,2025-06-24 13:00:00,8.23,8.28,8.23,8.28,0.61,4300.0,35666.9,1
2025-06-24,2025-06-24 14:00:00,8.28,8.33,8.28,8.33,0.6,4300.0,35666.9,1
2025-06-24,2025-06-24 15:00:00,8.33,8.35,8.13,8.33,0.0,4300.0,35666.9,0
2025-06-25,2025-06-25 11:00:00,8.48,8.48,8.35,8.42,-0.71,420.0,3523.4,-1
2025-06-25,2025-06-25 12:00:00,8.42,8.42,8.37,8.37,-0.59,420.0,3523.4,-1
2025-06-25,2025-06-25 13:00:00,8.37,8.37,8.31,8.31,-0.72,420.0,3523.4,-1
2025-06-25,2025-06-25 14:00:00,8.31,8.31,8.25,8.25,-0.72,420.0,3523.4,-1
2025-06-25,2025-06-25 15:00:00,8.25,8.48,8.21,8.25,0.0,420.0,3523.4,0
2025-06-26,2025-06-26 11:00:00,8.25,8.28,8.25,8.26,0.12,1766.0,14582.2,1
2025-06-26,2025-06-26 12:00:00,8.26,8.28,8.26,8.28,0.24,1766.0,14582.2,1
2025-06-26,2025-06-26 13:00:00,8.28,8.29,8.28,8.29,0.12,1766.0,14582.2,1
2025-06-26,2025-06-26 14:00:00,8.29,8.3,8.29,8.3,0.12,1766.0,14582.2,1
2025-06-26,2025-06-26 15:00:00,8.3,8.3,8.25,8.3,0.0,1766.0,14582.2,0
2025-06-29,2025-06-29 11:00:00,8.3,8.34,8.23,8.3,0.0,1680.0,13993.6,0
2025-06-29,2025-06-29 12:00:00,8.3,8.31,8.3,8.31,0.12,1680.0,13993.6,1
2025-06-29,2025-06-29 13:00:00,8.31,8.32,8.31,8.32,0.12,1680.0,13993.6,1
2025-06-29,2025-06-29 14:00:00,8.32,8.32,8.32,8.32,0.0,1680.0,13993.6,0
2025-06-29,2025-06-29 15:00:00,8.32,8.37,8.17,8.32,0.0,1680.0,13993.6,0
2025-06-30,2025-06-30 11:00:00,8.25,8.32,8.22,8.29,0.48,8676.0,72816.6,1
2025-06-30,2025-06-30 12:00:00,8.29,8.32,8.29,8.32,0.36,8676.0,72816.6,1
2025-06-30,2025-06-30 13:00:00,8.32,8.36,8.32,8.36,0.48,8676.0,72816.6,1
2025-06-30,2025-06-30 14:00:00,8.36,8.39,8.36,8.39,0.36,8676.0,72816.6,1
2025-06-30,2025-06-30 15:00:00,8.39,8.4,8.2,8.39,0.0,8676.0,72816.6,0
2025-07-01,2025-07-01 11:00:00,8.45,8.45,8.38,8.43,-0.24,10960.0,92335.1,-1
2025-07-01,2025-07-01 12:00:00,8.43,8.43,8.4,8.4,-0.36,10960.0,92335.1,-1
2025-07-01,2025-07-01 13:00:00,8.4,8.4,8.38,8.38,-0.24,10960.0,92335.1,-1
2025-07-01,2025-07-01 14:00:00,8.38,8.38,8.36,8.36,-0.24,10960.0,92335.1,-1
2025-07-01,2025-07-01 15:00:00,8.36,8.45,8.3,8.36,0.0,10960.0,92335.1,0
2025-07-02,2025-07-02 11:00:00,8.4,8.43,8.27,8.4,0.0,3190.0,26690.48,0
2025-07-02,2025-07-02 12:00:00,8.4,8.4,8.39,8.39,-0.12,3190.0,26690.48,-1
2025-07-02,2025-07-02 13:00:00,8.39,8.39,8.39,8.39,0.0,3190.0,26690.48,0
2025-07-02,2025-07-02 14:00:00,8.39,8.39,8.39,8.39,0.0,3190.0,26690.48,0
2025-07-02,2025-07-02 15:00:00,8.39,8.45,8.14,8.39,0.0,3190.0,26690.48,0
2025-07-03,2025-07-03 11:00:00,8.45,8.67,8.34,8.55,1.18,10968.2,94650.23,1
2025-07-03,2025-07-03 12:00:00,8.55,8.65,8.55,8.65,1.17,10968.2,94650.23,1
2025-07-03,2025-07-03 13:00:00,8.65,8.75,8.65,8.75,1.16,10968.2,94650.23,1
2025-07-03,2025-07-03 14:00:00,8.75,8.85,8.75,8.85,1.14,10968.2,94650.23,1
2025-07-03,2025-07-03 15:00:00,8.85,8.89,8.23,8.85,0.0,10968.2,94650.23,0
2025-07-06,2025-07-06 11:00:00,8.7,8.86,8.63,8.67,-0.34,7752.0,68140.24,-1
2025-07-06,2025-07-06 12:00:00,8.67,8.67,8.63,8.63,-0.46,7752.0,68140.24,-1
2025-07-06,2025-07-06 13:00:00,8.63,8.63,8.6,8.6,-0.35,7752.0,68140.24,-1
2025-07-06,2025-07-06 14:00:00,8.6,8.6,8.57,8.57,-0.35,7752.0,68140.24,-1
2025-07-06,2025-07-06 15:00:00,8.57,9.02,8.56,8.57,0.0,7752.0,68140.24,0
2025-07-07,2025-07-07 11:00:00,8.74,8.87,8.63,8.77,0.34,4800.0,42221.4,1
2025-07-07,2025-07-07 12:00:00,8.77,8.79,8.77,8.79,0.23,4800.0,42221.4,1
2025-07-07,2025-07-07 13:00:00,8.79,8.82,8.79,8.82,0.34,4800.0,42221.4,1
2025-07-07,2025-07-07 14:00:00,8.82,8.85,8.82,8.85,0.34,4800.0,42221.4,1
2025-07-07,2025-07-07 15:00:00,8.85,9.0,8.53,8.85,0.0,4800.0,42221.4,0
2025-07-08,2025-07-08 11:00:00,8.85,8.91,8.82,8.85,0.0,1174.0,10405.0,0
2025-07-08,2025-07-08 12:00:00,8.85,8.86,8.85,8.86,0.11,1174.0,10405.0,1
2025-07-08,2025-07-08 13:00:00,8.86,8.86,8.86,8.86,0.0,1174.0,10405.0,0
2025-07-08,2025-07-08 14:00:00,8.86,8.86,8.86,8.86,0.0,1174.0,10405.0,0
2025-07-08,2025-07-08 15:00:00,8.86,8.96,8.79,8.86,0.0,1174.0,10405.0,0
2025-07-09,2025-07-09 11:00:00,8.7,8.84,8.62,8.77,0.8,2167.0,19105.2,1
2025-07-09,2025-07-09 12:00:00,8.77,8.84,8.77,8.84,0.8,2167.0,19105.2,1
2025-07-09,2025-07-09 13:00:00,8.84,8.9,8.84,8.9,0.68,2167.0,19105.2,1
2025-07-09,2025-07-09 14:00:00,8.9,8.97,8.9,8.97,0.79,2167.0,19105.2,1
2025-07-09,2025-07-09 15:00:00,8.97,8.97,8.54,8.97,0.0,2167.0,19105.2,0
2025-07-10,2025-07-10 11:00:00,8.9,8.95,8.84,8.88,-0.22,5159.8,45558.96,-1
2025-07-10,2025-07-10 12:00:00,8.88,8.88,8.86,8.86,-0.23,5159.8,45558.96,-1
2025-07-10,2025-07-10 13:00:00,8.86,8.86,8.83,8.83,-0.34,5159.8,45558.96,-1
2025-07-10,2025-07-10 14:00:00,8.83,8.83,8.81,8.81,-0.23,5159.8,45558.96,-1
2025-07-10,2025-07-10 15:00:00,8.81,9.0,8.78,8.81,0.0,5159.8,45558.96,0
2025-07-13,2025-07-13 11:00:00,8.65,8.82,8.65,8.72,0.81,6709.6,59553.87,1
2025-07-13,2025-07-13 12:00:00,8.72,8.79,8.72,8.79,0.8,6709.6,59553.87,1
2025-07-13,2025-07-13 13:00:00,8.79,8.85,8.79,8.85,0.68,6709.6,59553.87,1
2025-07-13,2025-07-13 14:00:00,8.85,8.92,8.85,8.92,0.79,6709.6,59553.87,1
2025-07-13,2025-07-13 15:00:00,8.92,8.98,8.65,8.92,0.0,6709.6,59553.87,0
2025-07-14,2025-07-14 11:00:00,9.09,9.18,8.95,9.1,0.11,25219.2,227244.49,1
2025-07-14,2025-07-14 12:00:00,9.1,9.12,9.1,9.12,0.22,25219.2,227244.49,1
2025-07-14,2025-07-14 13:00:00,9.12,9.13,9.12,9.13,0.11,25219.2,227244.49,1
2025-07-14,2025-07-14 14:00:00,9.13,9.14,9.13,9.14,0.11,25219.2,227244.49,1
2025-07-14,2025-07-14 15:00:00,9.14,9.27,8.8,9.14,0.0,25219.2,227244.49,0
2025-07-15,2025-07-15 11:00:00,9.32,9.32,9.04,9.27,-0.54,7020.0,63756.6,-1
2025-07-15,2025-07-15 12:00:00,9.27,9.27,9.23,9.23,-0.43,7020.0,63756.6,-1
2025-07-15,2025-07-15 13:00:00,9.23,9.23,9.18,9.18,-0.54,7020.0,63756.6,-1
2025-07-15,2025-07-15 14:00:00,9.18,9.18,9.13,9.13,-0.54,7020.0,63756.6,-1
2025-07-15,2025-07-15 15:00:00,9.13,9.32,8.77,9.13,0.0,7020.0,63756.6,0
2025-07-16,2025-07-16 11:00:00,9.31,9.68,9.22,9.46,1.61,33331.2,327711.57,1
2025-07-16,2025-07-16 12:00:00,9.46,9.6,9.46,9.6,1.48,33331.2,327711.57,1
2025-07-16,2025-07-16 13:00:00,9.6,9.75,9.6,9.75,1.56,33331.2,327711.57,1
2025-07-16,2025-07-16 14:00:00,9.75,9.89,9.75,9.89,1.44,33331.2,327711.57,1
2025-07-16,2025-07-16 15:00:00,9.89,10.04,9.13,9.89,0.0,33331.2,327711.57,0
2025-07-17,2025-07-17 11:00:00,10.08,10.08,9.61,9.85,-2.28,18155.8,166911.7,-1
2025-07-17,2025-07-17 12:00:00,9.85,9.85,9.61,9.61,-2.44,18155.8,166911.7,-1
2025-07-17,2025-07-17 13:00:00,9.61,9.61,9.38,9.38,-2.39,18155.8,166911.7,-1
2025-07-17,2025-07-17 14:00:00,9.38,9.38,9.14,9.14,-2.56,18155.8,166911.7,-1
2025-07-17,2025-07-17 15:00:00,9.14,10.08,9.14,9.14,0.0,18155.8,166911.7,0
2025-07-20,2025-07-20 11:00:00,8.96,9.14,8.88,8.96,0.0,5175.8,46970.34,0
2025-07-20,2025-07-20 12:00:00,8.96,8.96,8.96,8.96,0.0,5175.8,46970.34,0
2025-07-20,2025-07-20 13:00:00,8.96,8.97,8.96,8.97,0.11,5175.8,46970.34,1
2025-07-20,2025-07-20 14:00:00,8.97,8.97,8.97,8.97,0.0,5175.8,46970.34,0
2025-07-20,2025-07-20 15:00:00,8.97,9.31,8.8,8.97,0.0,5175.8,46970.34,0
2025-07-21,2025-07-21 11:00:00,9.14,9.22,9.05,9.15,0.11,2600.2,23763.83,1
2025-07-21,2025-07-21 12:00:00,9.15,9.16,9.15,9.16,0.11,2600.2,23763.83,1
2025-07-21,2025-07-21 13:00:00,9.16,9.16,9.16,9.16,0.0,2600.2,23763.83,0
2025-07-21,2025-07-21 14:00:00,9.16,9.17,9.16,9.17,0.11,2600.2,23763.83,1
2025-07-21,2025-07-21 15:00:00,9.17,9.3,8.97,9.17,0.0,2600.2,23763.83,0
2025-07-22,2025-07-22 11:00:00,8.99,9.07,8.99,9.0,0.11,376.0,3393.64,1
2025-07-22,2025-07-22 12:00:00,9.0,9.01,9.0,9.01,0.11,376.0,3393.64,1
2025-07-22,2025-07-22 13:00:00,9.01,9.02,9.01,9.02,0.11,376.0,3393.64,1
2025-07-22,2025-07-22 14:00:00,9.02,9.03,9.02,9.03,0.11,376.0,3393.64,1
2025-07-22,2025-07-22 15:00:00,9.03,9.16,8.99,9.03,0.0,376.0,3393.64,0
2025-07-23,2025-07-23 11:00:00,9.21,9.38,9.01,9.15,-0.65,3454.0,30971.66,-1
2025-07-23,2025-07-23 12:00:00,9.15,9.15,9.1,9.1,-0.55,3454.0,30971.66,-1
2025-07-23,2025-07-23 13:00:00,9.1,9.1,9.04,9.04,-0.66,3454.0,30971.66,-1
2025-07-23,2025-07-23 14:00:00,9.04,9.04,8.98,8.98,-0.66,3454.0,30971.66,-1
2025-07-23,2025-07-23 15:00:00,8.98,9.54,8.8,8.98,0.0,3454.0,30971.66,0
2025-07-24,2025-07-24 11:00:00,9.15,9.15,8.98,9.15,0.0,1312.0,11790.12,0
2025-07-24,2025-07-24 12:00:00,9.15,9.15,9.14,9.14,-0.11,1312.0,11790.12,-1
2025-07-24,2025-07-24 13:00:00,9.14,9.14,9.14,9.14,0.0,1312.0,11790.12,0
2025-07-24,2025-07-24 14:00:00,9.14,9.14,9.14,9.14,0.0,1312.0,11790.12,0
2025-07-24,2025-07-24 15:00:00,9.14,9.15,8.81,9.14,0.0,1312.0,11790.12,0
2025-07-27,2025-07-27 11:00:00,8.96,9.35,8.96,9.02,0.67,3390.0,31292.6,1
2025-07-27,2025-07-27 12:00:00,9.02,9.08,9.02,9.08,0.67,3390.0,31292.6,1
2025-07-27,2025-07-27 13:00:00,9.08,9.14,9.08,9.14,0.66,3390.0,31292.6,1
2025-07-27,2025-07-27 14:00:00,9.14,9.2,9.14,9.2,0.66,3390.0,31292.6,1
2025-07-27,2025-07-27 15:00:00,9.2,9.73,8.96,9.2,0.0,3390.0,31292.6,0
2025-07-28,2025-07-28 11:00:00,9.02,9.2,9.02,9.03,0.11,4601.4,41857.15,1
2025-07-28,2025-07-28 12:00:00,9.03,9.04,9.03,9.04,0.11,4601.4,41857.15,1
2025-07-28,2025-07-28 13:00:00,9.04,9.06,9.04,9.06,0.22,4601.4,41857.15,1
2025-07-28,2025-07-28 14:00:00,9.06,9.07,9.06,9.07,0.11,4601.4,41857.15,1
2025-07-28,2025-07-28 15:00:00,9.07,9.38,9.02,9.07,0.0,4601.4,41857.15,0
2025-07-29,2025-07-29 11:00:00,9.07,9.16,8.91,9.11,0.44,4202.0,37926.14,1
2025-07-29,2025-07-29 12:00:00,9.11,9.15,9.11,9.15,0.44,4202.0,37926.14,1
2025-07-29,2025-07-29 13:00:00,9.15,9.19,9.15,9.19,0.44,4202.0,37926.14,1
2025-07-29,2025-07-29 14:00:00,9.19,9.23,9.19,9.23,0.44,4202.0,37926.14,1
2025-07-29,2025-07-29 15:00:00,9.23,9.25,8.75,9.23,0.0,4202.0,37926.14,0
2025-07-30,2025-07-30 11:00:00,9.41,9.41,9.22,9.33,-0.85,10728.0,97531.29,-1
2025-07-30,2025-07-30 12:00:00,9.33,9.33,9.25,9.25,-0.86,10728.0,97531.29,-1
2025-07-30,2025-07-30 13:00:00,9.25,9.25,9.17,9.17,-0.86,10728.0,97531.29,-1
2025-07-30,2025-07-30 14:00:00,9.17,9.17,9.09,9.09,-0.87,10728.0,97531.29,-1
2025-07-30,2025-07-30 15:00:00,9.09,9.41,9.03,9.09,0.0,10728.0,97531.29,0
2025-07-31,2025-07-31 11:00:00,9.2,9.22,8.95,9.16,-0.43,12024.8,106800.6,-1
2025-07-31,2025-07-31 12:00:00,9.16,9.16,9.12,9.12,-0.44,12024.8,106800.6,-1
2025-07-31,2025-07-31 13:00:00,9.12,9.12,9.09,9.09,-0.33,12024.8,106800.6,-1
2025-07-31,2025-07-31 14:00:00,9.09,9.09,9.05,9.05,-0.44,12024.8,106800.6,-1
2025-07-31,2025-07-31 15:00:00,9.05,9.25,8.7,9.05,0.0,12024.8,106800.6,0
2025-08-03,2025-08-03 11:00:00,9.1,9.19,8.98,9.12,0.22,4297.8,39026.11,1
2025-08-03,2025-08-03 12:00:00,9.12,9.14,9.12,9.14,0.22,4297.8,39026.11,1
2025-08-03,2025-08-03 13:00:00,9.14,9.17,9.14,9.17,0.33,4297.8,39026.11,1
2025-08-03,2025-08-03 14:00:00,9.17,9.19,9.17,9.19,0.22,4297.8,39026.11,1
2025-08-03,2025-08-03 15:00:00,9.19,9.28,8.87,9.19,0.0,4297.8,39026.11,0
2025-08-04,2025-08-04 11:00:00,9.35,9.35,9.14,9.26,-0.96,4312.0,38822.58,-1
2025-08-04,2025-08-04 12:00:00,9.26,9.26,9.18,9.18,-0.86,4312.0,38822.58,-1
2025-08-04,2025-08-04 13:00:00,9.18,9.18,9.09,9.09,-0.98,4312.0,38822.58,-1
2025-08-04,2025-08-04 14:00:00,9.09,9.09,9.0,9.0,-0.99,4312.0,38822.58,-1
2025-08-04,2025-08-04 15:00:00,9.0,9.35,8.94,9.0,0.0,4312.0,38822.58,0
2025-08-05,2025-08-05 11:00:00,9.18,9.18,9.0,9.13,-0.54,5275.0,46805.1,-1
2025-08-05,2025-08-05 12:00:00,9.13,9.13,9.09,9.09,-0.44,5275.0,46805.1,-1
2025-08-05,2025-08-05 13:00:00,9.09,9.09,9.04,9.04,-0.55,5275.0,46805.1,-1
2025-08-05,2025-08-05 14:00:00,9.04,9.04,8.99,8.99,-0.55,5275.0,46805.1,-1
2025-08-05,2025-08-05 15:00:00,8.99,9.18,8.82,8.99,0.0,5275.0,46805.1,0
2025-08-06,2025-08-06 11:00:00,9.16,9.18,8.99,9.08,-0.87,2271.8,20189.43,-1
2025-08-06,2025-08-06 12:00:00,9.08,9.08,9.0,9.0,-0.88,2271.8,20189.43,-1
2025-08-06,2025-08-06 13:00:00,9.0,9.0,8.91,8.91,-1.0,2271.8,20189.43,-1
2025-08-06,2025-08-06 14:00:00,8.91,8.91,8.83,8.83,-0.9,2271.8,20189.43,-1
2025-08-06,2025-08-06 15:00:00,8.83,9.2,8.82,8.83,0.0,2271.8,20189.43,0
2025-08-07,2025-08-07 11:00:00,9.0,9.09,8.91,9.04,0.44,11178.2,100913.06,1
2025-08-07,2025-08-07 12:00:00,9.04,9.09,9.04,9.09,0.55,11178.2,100913.06,1
2025-08-07,2025-08-07 13:00:00,9.09,9.13,9.09,9.13,0.44,11178.2,100913.06,1
2025-08-07,2025-08-07 14:00:00,9.13,9.18,9.13,9.18,0.55,11178.2,100913.06,1
2025-08-07,2025-08-07 15:00:00,9.18,9.18,8.82,9.18,0.0,11178.2,100913.06,0
2025-08-11,2025-08-11 11:00:00,9.29,9.29,9.1,9.2,-0.97,790.0,7121.4,-1
2025-08-11,2025-08-11 12:00:00,9.2,9.2,9.1,9.1,-1.09,790.0,7121.4,-1
2025-08-11,2025-08-11 13:00:00,9.1,9.1,9.0,9.0,-1.1,790.0,7121.4,-1
2025-08-11,2025-08-11 14:00:00,9.0,9.0,8.91,8.91,-1.0,790.0,7121.4,-1
2025-08-11,2025-08-11 15:00:00,8.91,9.29,8.91,8.91,0.0,790.0,7121.4,0
2025-08-12,2025-08-12 11:00:00,9.08,9.08,8.96,9.06,-0.22,20920.0,188099.2,-1
2025-08-12,2025-08-12 12:00:00,9.06,9.06,9.04,9.04,-0.22,20920.0,188099.2,-1
2025-08-12,2025-08-12 13:00:00,9.04,9.04,9.02,9.02,-0.22,20920.0,188099.2,-1
2025-08-12,2025-08-12 14:00:00,9.02,9.02,9.0,9.0,-0.22,20920.0,188099.2,-1
2025-08-12,2025-08-12 15:00:00,9.0,9.08,8.83,9.0,0.0,20920.0,188099.2,0
2025-08-13,2025-08-13 11:00:00,9.18,9.18,9.0,9.1,-0.87,600.0,5351.4,-1
2025-08-13,2025-08-13 12:00:00,9.1,9.1,9.02,9.02,-0.88,600.0,5351.4,-1
2025-08-13,2025-08-13 13:00:00,9.02,9.02,8.93,8.93,-1.0,600.0,5351.4,-1
2025-08-13,2025-08-13 14:00:00,8.93,8.93,8.85,8.85,-0.9,600.0,5351.4,-1
2025-08-13,2025-08-13 15:00:00,8.85,9.18,8.83,8.85,0.0,600.0,5351.4,0
2025-08-14,2025-08-14 11:00:00,8.85,8.93,8.85,8.85,0.0,1080.0,9563.6,0
2025-08-14,2025-08-14 12:00:00,8.85,8.85,8.85,8.85,0.0,1080.0,9563.6,0
2025-08-14,2025-08-14 13:00:00,8.85,8.85,8.85,8.85,0.0,1080.0,9563.6,0
2025-08-14,2025-08-14 14:00:00,8.85,8.85,8.85,8.85,0.0,1080.0,9563.6,0
2025-08-14,2025-08-14 15:00:00,8.85,9.0,8.85,8.85,0.0,1080.0,9563.6,0
2025-08-17,2025-08-17 11:00:00,8.9,8.95,8.64,8.82,-0.9,7645.0,65389.54,-1
2025-08-17,2025-08-17 12:00:00,8.82,8.82,8.75,8.75,-0.79,7645.0,65389.54,-1
2025-08-17,2025-08-17 13:00:00,8.75,8.75,8.68,8.68,-0.8,7645.0,65389.54,-1
2025-08-17,2025-08-17 14:00:00,8.68,8.68,8.6,8.6,-0.92,7645.0,65389.54,-1
2025-08-17,2025-08-17 15:00:00,8.6,9.0,8.39,8.6,0.0,7645.0,65389.54,0
2025-08-18,2025-08-18 11:00:00,8.47,8.55,8.47,8.49,0.24,3147.6,26939.18,1
2025-08-18,2025-08-18 12:00:00,8.49,8.51,8.49,8.51,0.24,3147.6,26939.18,1
2025-08-18,2025-08-18 13:00:00,8.51,8.53,8.51,8.53,0.24,3147.6,26939.18,1
2025-08-18,2025-08-18 14:00:00,8.53,8.55,8.53,8.55,0.23,3147.6,26939.18,1
2025-08-18,2025-08-18 15:00:00,8.55,8.64,8.47,8.55,0.0,3147.6,26939.18,0
2025-08-19,2025-08-19 11:00:00,8.71,8.71,8.55,8.64,-0.8,10507.0,89842.64,-1
2025-08-19,2025-08-19 12:00:00,8.64,8.64,8.57,8.57,-0.81,10507.0,89842.64,-1
2025-08-19,2025-08-19 13:00:00,8.57,8.57,8.5,8.5,-0.82,10507.0,89842.64,-1
2025-08-19,2025-08-19 14:00:00,8.5,8.5,8.43,8.43,-0.82,10507.0,89842.64,-1
2025-08-19,2025-08-19 15:00:00,8.43,8.71,8.39,8.43,0.0,10507.0,89842.64,0
2025-08-20,2025-08-20 11:00:00,8.43,8.55,8.38,8.45,0.24,400.0,3399.6,1
2025-08-20,2025-08-20 12:00:00,8.45,8.46,8.45,8.46,0.12,400.0,3399.6,1
2025-08-20,2025-08-20 13:00:00,8.46,8.48,8.46,8.48,0.24,400.0,3399.6,1
2025-08-20,2025-08-20 14:00:00,8.48,8.5,8.48,8.5,0.24,400.0,3399.6,1
2025-08-20,2025-08-20 15:00:00,8.5,8.67,8.34,8.5,0.0,400.0,3399.6,0
2025-08-21,2025-08-21 11:00:00,8.35,8.54,8.35,8.4,0.6,900.0,7732.85,1
2025-08-21,2025-08-21 12:00:00,8.4,8.46,8.4,8.46,0.71,900.0,7732.85,1
2025-08-21,2025-08-21 13:00:00,8.46,8.51,8.46,8.51,0.59,900.0,7732.85,1
2025-08-21,2025-08-21 14:00:00,8.51,8.56,8.51,8.56,0.59,900.0,7732.85,1
2025-08-21,2025-08-21 15:00:00,8.56,8.72,8.35,8.56,0.0,900.0,7732.85,0
2025-08-24,2025-08-24 11:00:00,8.5,8.59,8.41,8.49,-0.12,802.0,6816.38,-1
2025-08-24,2025-08-24 12:00:00,8.49,8.49,8.48,8.48,-0.12,802.0,6816.38,-1
2025-08-24,2025-08-24 13:00:00,8.48,8.48,8.47,8.47,-0.12,802.0,6816.38,-1
2025-08-24,2025-08-24 14:00:00,8.47,8.47,8.46,8.46,-0.12,802.0,6816.38,-1
2025-08-24,2025-08-24 15:00:00,8.46,8.67,8.33,8.46,0.0,802.0,6816.38,0
2025-08-25,2025-08-25 11:00:00,8.62,8.62,8.51,8.58,-0.46,17210.0,144716.6,-1
2025-08-25,2025-08-25 12:00:00,8.58,8.58,8.54,8.54,-0.47,17210.0,144716.6,-1
2025-08-25,2025-08-25 13:00:00,8.54,8.54,8.49,8.49,-0.59,17210.0,144716.6,-1
2025-08-25,2025-08-25 14:00:00,8.49,8.49,8.45,8.45,-0.47,17210.0,144716.6,-1
2025-08-25,2025-08-25 15:00:00,8.45,8.62,8.4,8.45,0.0,17210.0,144716.6,0
2025-08-26,2025-08-26 11:00:00,8.45,8.53,8.45,8.49,0.47,2563.0,22036.23,1
2025-08-26,2025-08-26 12:00:00,8.49,8.53,8.49,8.53,0.47,2563.0,22036.23,1
2025-08-26,2025-08-26 13:00:00,8.53,8.57,8.53,8.57,0.47,2563.0,22036.23,1
2025-08-26,2025-08-26 14:00:00,8.57,8.61,8.57,8.61,0.47,2563.0,22036.23,1
2025-08-26,2025-08-26 15:00:00,8.61,8.61,8.45,8.61,0.0,2563.0,22036.23,0
2025-08-27,2025-08-27 11:00:00,8.44,8.59,8.44,8.52,0.95,604.0,5194.0,1
2025-08-27,2025-08-27 12:00:00,8.52,8.59,8.52,8.59,0.82,604.0,5194.0,1
2025-08-27,2025-08-27 13:00:00,8.59,8.67,8.59,8.67,0.93,604.0,5194.0,1
2025-08-27,2025-08-27 14:00:00,8.67,8.75,8.67,8.75,0.92,604.0,5194.0,1
2025-08-27,2025-08-27 15:00:00,8.75,8.75,8.44,8.75,0.0,604.0,5194.0,0
2025-08-28,2025-08-28 11:00:00,8.58,8.66,8.58,8.62,0.47,200.0,1729.6,1
2025-08-28,2025-08-28 12:00:00,8.62,8.66,8.62,8.66,0.46,200.0,1729.6,1
2025-08-28,2025-08-28 13:00:00,8.66,8.71,8.66,8.71,0.58,200.0,1729.6,1
2025-08-28,2025-08-28 14:00:00,8.71,8.75,8.71,8.75,0.46,200.0,1729.6,1
2025-08-28,2025-08-28 15:00:00,8.75,8.75,8.58,8.75,0.0,200.0,1729.6,0
2025-08-31,2025-08-31 11:00:00,8.61,8.77,8.56,8.68,0.81,14007.8,119811.19,1
2025-08-31,2025-08-31 12:00:00,8.68,8.75,8.68,8.75,0.81,14007.8,119811.19,1
2025-08-31,2025-08-31 13:00:00,8.75,8.82,8.75,8.82,0.8,14007.8,119811.19,1
2025-08-31,2025-08-31 14:00:00,8.82,8.89,8.82,8.89,0.79,14007.8,119811.19,1
2025-08-31,2025-08-31 15:00:00,8.89,8.92,8.51,8.89,0.0,14007.8,119811.19,0
2025-09-01,2025-09-01 11:00:00,8.73,8.82,8.66,8.77,0.46,700.0,6085.0,1
2025-09-01,2025-09-01 12:00:00,8.77,8.82,8.77,8.82,0.57,700.0,6085.0,1
2025-09-01,2025-09-01 13:00:00,8.82,8.86,8.82,8.86,0.45,700.0,6085.0,1
2025-09-01,2025-09-01 14:00:00,8.86,8.9,8.86,8.9,0.45,700.0,6085.0,1
2025-09-01,2025-09-01 15:00:00,8.9,8.9,8.58,8.9,0.0,700.0,6085.0,0
2025-09-02,2025-09-02 11:00:00,8.9,8.95,8.74,8.93,0.34,4520.0,39281.0,1
2025-09-02,2025-09-02 12:00:00,8.93,8.95,8.93,8.95,0.22,4520.0,39281.0,1
2025-09-02,2025-09-02 13:00:00,8.95,8.97,8.95,8.97,0.22,4520.0,39281.0,1
2025-09-02,2025-09-02 14:00:00,8.97,9.0,8.97,9.0,0.33,4520.0,39281.0,1
2025-09-02,2025-09-02 15:00:00,9.0,9.0,8.58,9.0,0.0,4520.0,39281.0,0
2025-09-03,2025-09-03 11:00:00,8.82,8.9,8.73,8.78,-0.45,1760.0,15360.2,-1
2025-09-03,2025-09-03 12:00:00,8.78,8.78,8.73,8.73,-0.57,1760.0,15360.2,-1
2025-09-03,2025-09-03 13:00:00,8.73,8.73,8.69,8.69,-0.46,1760.0,15360.2,-1
2025-09-03,2025-09-03 14:00:00,8.69,8.69,8.65,8.65,-0.46,1760.0,15360.2,-1
2025-09-03,2025-09-03 15:00:00,8.65,8.98,8.64,8.65,0.0,1760.0,15360.2,0
2025-09-04,2025-09-04 11:00:00,8.48,8.62,8.44,8.55,0.83,4740.0,40135.2,1
2025-09-04,2025-09-04 12:00:00,8.55,8.62,8.55,8.62,0.82,4740.0,40135.2,1
2025-09-04,2025-09-04 13:00:00,8.62,8.7,8.62,8.7,0.93,4740.0,40135.2,1
2025-09-04,2025-09-04 14:00:00,8.7,8.77,8.7,8.77,0.8,4740.0,40135.2,1
2025-09-04,2025-09-04 15:00:00,8.77,8.77,8.4,8.77,0.0,4740.0,40135.2,0
2025-09-07,2025-09-07 11:00:00,8.9,8.9,8.69,8.8,-1.12,7330.0,63097.6,-1
2025-09-07,2025-09-07 12:00:00,8.8,8.8,8.71,8.71,-1.02,7330.0,63097.6,-1
2025-09-07,2025-09-07 13:00:00,8.71,8.71,8.62,8.62,-1.03,7330.0,63097.6,-1
2025-09-07,2025-09-07 14:00:00,8.62,8.62,8.52,8.52,-1.16,7330.0,63097.6,-1
2025-09-07,2025-09-07 15:00:00,8.52,8.9,8.48,8.52,0.0,7330.0,63097.6,0
2025-09-08,2025-09-08 11:00:00,8.36,8.49,8.36,8.42,0.72,1470.0,12602.72,1
2025-09-08,2025-09-08 12:00:00,8.42,8.49,8.42,8.49,0.83,1470.0,12602.72,1
2025-09-08,2025-09-08 13:00:00,8.49,8.55,8.49,8.55,0.71,1470.0,12602.72,1
2025-09-08,2025-09-08 14:00:00,8.55,8.62,8.55,8.62,0.82,1470.0,12602.72,1
2025-09-08,2025-09-08 15:00:00,8.62,8.62,8.36,8.62,0.0,1470.0,12602.72,0
2025-09-21,2025-09-21 11:00:00,8.46,8.81,8.46,8.59,1.54,1380.0,11851.6,1
2025-09-21,2025-09-21 12:00:00,8.59,8.72,8.59,8.72,1.51,1380.0,11851.6,1
2025-09-21,2025-09-21 13:00:00,8.72,8.85,8.72,8.85,1.49,1380.0,11851.6,1
2025-09-21,2025-09-21 14:00:00,8.85,8.98,8.85,8.98,1.47,1380.0,11851.6,1
2025-09-21,2025-09-21 15:00:00,8.98,9.16,8.46,8.98,0.0,1380.0,11851.6,0
2025-09-23,2025-09-23 11:00:00,8.81,8.86,8.71,8.77,-0.45,925.0,8023.0,-1
2025-09-23,2025-09-23 12:00:00,8.77,8.77,8.73,8.73,-0.46,925.0,8023.0,-1
2025-09-23,2025-09-23 13:00:00,8.73,8.73,8.69,8.69,-0.46,925.0,8023.0,-1
2025-09-23,2025-09-23 14:00:00,8.69,8.69,8.65,8.65,-0.46,925.0,8023.0,-1
2025-09-23,2025-09-23 15:00:00,8.65,8.9,8.6,8.65,0.0,925.0,8023.0,0
2025-09-24,2025-09-24 11:00:00,8.5,8.55,8.42,8.51,0.12,1372.0,11634.2,1
2025-09-24,2025-09-24 12:00:00,8.51,8.53,8.51,8.53,0.24,1372.0,11634.2,1
2025-09-24,2025-09-24 13:00:00,8.53,8.54,8.53,8.54,0.12,1372.0,11634.2,1
2025-09-24,2025-09-24 14:00:00,8.54,8.55,8.54,8.55,0.12,1372.0,11634.2,1
2025-09-24,2025-09-24 15:00:00,8.55,8.6,8.34,8.55,0.0,1372.0,11634.2,0
2025-09-25,2025-09-25 11:00:00,8.72,8.79,8.69,8.71,-0.11,780.0,6869.65,-1
2025-09-25,2025-09-25 12:00:00,8.71,8.71,8.71,8.71,0.0,780.0,6869.65,0
2025-09-25,2025-09-25 13:00:00,8.71,8.71,8.71,8.71,0.0,780.0,6869.65,0
2025-09-25,2025-09-25 14:00:00,8.71,8.71,8.7,8.7,-0.11,780.0,6869.65,-1
2025-09-25,2025-09-25 15:00:00,8.7,8.87,8.65,8.7,0.0,780.0,6869.65,0
2025-09-28,2025-09-28 11:00:00,8.55,8.62,8.55,8.59,0.47,540.0,4680.8,1
2025-09-28,2025-09-28 12:00:00,8.59,8.62,8.59,8.62,0.35,540.0,4680.8,1
2025-09-28,2025-09-28 13:00:00,8.62,8.66,8.62,8.66,0.46,540.0,4680.8,1
2025-09-28,2025-09-28 14:00:00,8.66,8.7,8.66,8.7,0.46,540.0,4680.8,1
2025-09-28,2025-09-28 15:00:00,8.7,8.7,8.55,8.7,0.0,540.0,4680.8,0
2025-10-07,2025-10-07 11:00:00,8.55,8.71,8.55,8.58,0.35,440.0,3849.4,1
2025-10-07,2025-10-07 12:00:00,8.58,8.6,8.58,8.6,0.23,440.0,3849.4,1
2025-10-07,2025-10-07 13:00:00,8.6,8.62,8.6,8.62,0.23,440.0,3849.4,1
2025-10-07,2025-10-07 14:00:00,8.62,8.65,8.62,8.65,0.35,440.0,3849.4,1
2025-10-07,2025-10-07 15:00:00,8.65,8.87,8.55,8.65,0.0,440.0,3849.4,0
2025-10-08,2025-10-08 11:00:00,8.55,8.55,8.44,8.52,-0.35,3153.2,26848.06,-1
2025-10-08,2025-10-08 12:00:00,8.52,8.52,8.48,8.48,-0.47,3153.2,26848.06,-1
2025-10-08,2025-10-08 13:00:00,8.48,8.48,8.45,8.45,-0.35,3153.2,26848.06,-1
2025-10-08,2025-10-08 14:00:00,8.45,8.45,8.42,8.42,-0.36,3153.2,26848.06,-1
2025-10-08,2025-10-08 15:00:00,8.42,8.55,8.33,8.42,0.0,3153.2,26848.06,0
2025-10-09,2025-10-09 11:00:00,8.3,8.44,8.3,8.32,0.24,1236.0,10414.9,1
2025-10-09,2025-10-09 12:00:00,8.32,8.35,8.32,8.35,0.36,1236.0,10414.9,1
2025-10-09,2025-10-09 13:00:00,8.35,8.37,8.35,8.37,0.24,1236.0,10414.9,1
2025-10-09,2025-10-09 14:00:00,8.37,8.39,8.37,8.39,0.24,1236.0,10414.9,1
2025-10-09,2025-10-09 15:00:00,8.39,8.58,8.3,8.39,0.0,1236.0,10414.9,0
2025-10-12,2025-10-12 11:00:00,8.24,8.39,8.24,8.28,0.49,810.0,6837.1,1
2025-10-12,2025-10-12 12:00:00,8.28,8.31,8.28,8.31,0.36,810.0,6837.1,1
2025-10-12,2025-10-12 13:00:00,8.31,8.35,8.31,8.35,0.48,810.0,6837.1,1
2025-10-12,2025-10-12 14:00:00,8.35,8.38,8.35,8.38,0.36,810.0,6837.1,1
2025-10-12,2025-10-12 15:00:00,8.38,8.55,8.24,8.38,0.0,810.0,6837.1,0
2025-10-13,2025-10-13 11:00:00,8.23,8.38,8.23,8.27,0.49,380.0,3200.2,1
2025-10-13,2025-10-13 12:00:00,8.27,8.32,8.27,8.32,0.6,380.0,3200.2,1
2025-10-13,2025-10-13 13:00:00,8.32,8.36,8.32,8.36,0.48,380.0,3200.2,1
2025-10-13,2025-10-13 14:00:00,8.36,8.4,8.36,8.4,0.48,380.0,3200.2,1
2025-10-13,2025-10-13 15:00:00,8.4,8.53,8.23,8.4,0.0,380.0,3200.2,0
2025-10-14,2025-10-14 11:00:00,8.42,8.49,8.42,8.46,0.48,260.0,2219.6,1
2025-10-14,2025-10-14 12:00:00,8.46,8.49,8.46,8.49,0.35,260.0,2219.6,1
2025-10-14,2025-10-14 13:00:00,8.49,8.53,8.49,8.53,0.47,260.0,2219.6,1
2025-10-14,2025-10-14 14:00:00,8.53,8.56,8.53,8.56,0.35,260.0,2219.6,1
2025-10-14,2025-10-14 15:00:00,8.56,8.56,8.42,8.56,0.0,260.0,2219.6,0
2025-10-15,2025-10-15 11:00:00,8.72,8.72,8.64,8.68,-0.46,140.0,1202.4,-1
2025-10-15,2025-10-15 12:00:00,8.68,8.68,8.64,8.64,-0.46,140.0,1202.4,-1
2025-10-15,2025-10-15 13:00:00,8.64,8.64,8.61,8.61,-0.35,140.0,1202.4,-1
2025-10-15,2025-10-15 14:00:00,8.61,8.61,8.57,8.57,-0.46,140.0,1202.4,-1
2025-10-15,2025-10-15 15:00:00,8.57,8.72,8.55,8.57,0.0,140.0,1202.4,0
2025-10-16,2025-10-16 11:00:00,8.4,8.46,8.4,8.43,0.36,3220.0,27399.4,1
2025-10-16,2025-10-16 12:00:00,8.43,8.45,8.43,8.45,0.24,3220.0,27399.4,1
2025-10-16,2025-10-16 13:00:00,8.45,8.47,8.45,8.47,0.24,3220.0,27399.4,1
2025-10-16,2025-10-16 14:00:00,8.47,8.5,8.47,8.5,0.35,3220.0,27399.4,1
2025-10-16,2025-10-16 15:00:00,8.5,8.52,8.4,8.5,0.0,3220.0,27399.4,0
2025-10-19,2025-10-19 11:00:00,8.5,8.5,8.5,8.5,0.0,50.0,425.0,0
2025-10-19,2025-10-19 12:00:00,8.5,8.5,8.5,8.5,0.0,50.0,425.0,0
2025-10-19,2025-10-19 13:00:00,8.5,8.5,8.5,8.5,0.0,50.0,425.0,0
2025-10-19,2025-10-19 14:00:00,8.5,8.5,8.5,8.5,0.0,50.0,425.0,0
2025-10-19,2025-10-19 15:00:00,8.5,8.5,8.5,8.5,0.0,50.0,425.0,0
2025-10-26,2025-10-26 11:00:00,8.35,8.51,8.18,8.43,0.96,21682.6,174384.05,1
2025-10-26,2025-10-26 12:00:00,8.43,8.51,8.43,8.51,0.95,21682.6,174384.05,1
2025-10-26,2025-10-26 13:00:00,8.51,8.59,8.51,8.59,0.94,21682.6,174384.05,1
2025-10-26,2025-10-26 14:00:00,8.59,8.67,8.59,8.67,0.93,21682.6,174384.05,1
2025-10-26,2025-10-26 15:00:00,8.67,8.67,8.02,8.67,0.0,21682.6,174384.05,0
2025-10-28,2025-10-28 11:00:00,8.6,8.71,8.55,8.65,0.58,570.0,4916.0,1
2025-10-28,2025-10-28 12:00:00,8.65,8.7,8.65,8.7,0.58,570.0,4916.0,1
2025-10-28,2025-10-28 13:00:00,8.7,8.75,8.7,8.75,0.57,570.0,4916.0,1
2025-10-28,2025-10-28 14:00:00,8.75,8.8,8.75,8.8,0.57,570.0,4916.0,1
2025-10-28,2025-10-28 15:00:00,8.8,8.83,8.5,8.8,0.0,570.0,4916.0,0
2025-10-29,2025-10-29 11:00:00,8.96,8.96,8.77,8.96,0.0,780.0,6815.06,0
2025-10-29,2025-10-29 12:00:00,8.96,8.96,8.96,8.96,0.0,780.0,6815.06,0
2025-10-29,2025-10-29 13:00:00,8.96,8.96,8.95,8.95,-0.11,780.0,6815.06,-1
2025-10-29,2025-10-29 14:00:00,8.95,8.95,8.95,8.95,0.0,780.0,6815.06,0
2025-10-29,2025-10-29 15:00:00,8.95,8.96,8.57,8.95,0.0,780.0,6815.06,0
2025-10-30,2025-10-30 11:00:00,8.9,9.13,8.6,8.79,-1.24,21074.6,175552.7,-1
2025-10-30,2025-10-30 12:00:00,8.79,8.79,8.67,8.67,-1.37,21074.6,175552.7,-1
2025-10-30,2025-10-30 13:00:00,8.67,8.67,8.55,8.55,-1.38,21074.6,175552.7,-1
2025-10-30,2025-10-30 14:00:00,8.55,8.55,8.44,8.44,-1.29,21074.6,175552.7,-1
2025-10-30,2025-10-30 15:00:00,8.44,9.37,8.3,8.44,0.0,21074.6,175552.7,0
2025-11-02,2025-11-02 11:00:00,8.4,8.54,8.4,8.47,0.83,558.0,4742.66,1
2025-11-02,2025-11-02 12:00:00,8.47,8.54,8.47,8.54,0.83,558.0,4742.66,1
2025-11-02,2025-11-02 13:00:00,8.54,8.6,8.54,8.6,0.7,558.0,4742.66,1
2025-11-02,2025-11-02 14:00:00,8.6,8.67,8.6,8.67,0.81,558.0,4742.66,1
2025-11-02,2025-11-02 15:00:00,8.67,8.67,8.4,8.67,0.0,558.0,4742.66,0
2025-11-03,2025-11-03 11:00:00,8.67,8.75,8.61,8.64,-0.35,720.0,6225.2,-1
2025-11-03,2025-11-03 12:00:00,8.64,8.64,8.61,8.61,-0.35,720.0,6225.2,-1
2025-11-03,2025-11-03 13:00:00,8.61,8.61,8.58,8.58,-0.35,720.0,6225.2,-1
2025-11-03,2025-11-03 14:00:00,8.58,8.58,8.55,8.55,-0.35,720.0,6225.2,-1
2025-11-03,2025-11-03 15:00:00,8.55,8.83,8.54,8.55,0.0,720.0,6225.2,0
2025-11-04,2025-11-04 11:00:00,8.5,8.5,8.45,8.48,-0.24,760.0,6384.4,-1
2025-11-04,2025-11-04 12:00:00,8.48,8.48,8.46,8.46,-0.24,760.0,6384.4,-1
2025-11-04,2025-11-04 13:00:00,8.46,8.46,8.43,8.43,-0.35,760.0,6384.4,-1
2025-11-04,2025-11-04 14:00:00,8.43,8.43,8.41,8.41,-0.24,760.0,6384.4,-1
2025-11-04,2025-11-04 15:00:00,8.41,8.5,8.39,8.41,0.0,760.0,6384.4,0
2025-11-05,2025-11-05 11:00:00,8.25,8.45,8.25,8.35,1.21,238.8,2010.82,1
2025-11-05,2025-11-05 12:00:00,8.35,8.45,8.35,8.45,1.2,238.8,2010.82,1
2025-11-05,2025-11-05 13:00:00,8.45,8.54,8.45,8.54,1.07,238.8,2010.82,1
2025-11-05,2025-11-05 14:00:00,8.54,8.64,8.54,8.64,1.17,238.8,2010.82,1
2025-11-05,2025-11-05 15:00:00,8.64,8.64,8.25,8.64,0.0,238.8,2010.82,0
2025-11-06,2025-11-06 11:00:00,8.81,8.81,8.51,8.7,-1.25,26792.0,221215.2,-1
2025-11-06,2025-11-06 12:00:00,8.7,8.7,8.6,8.6,-1.15,26792.0,221215.2,-1
2025-11-06,2025-11-06 13:00:00,8.6,8.6,8.49,8.49,-1.28,26792.0,221215.2,-1
2025-11-06,2025-11-06 14:00:00,8.49,8.49,8.38,8.38,-1.3,26792.0,221215.2,-1
2025-11-06,2025-11-06 15:00:00,8.38,8.81,8.21,8.38,0.0,26792.0,221215.2,0
2025-11-09,2025-11-09 11:00:00,8.25,8.39,8.25,8.29,0.48,304.6,2565.29,1
2025-11-09,2025-11-09 12:00:00,8.29,8.33,8.29,8.33,0.48,304.6,2565.29,1
2025-11-09,2025-11-09 13:00:00,8.33,8.37,8.33,8.37,0.48,304.6,2565.29,1
2025-11-09,2025-11-09 14:00:00,8.37,8.41,8.37,8.41,0.48,304.6,2565.29,1
2025-11-09,2025-11-09 15:00:00,8.41,8.54,8.25,8.41,0.0,304.6,2565.29,0
2025-11-10,2025-11-10 11:00:00,8.25,8.36,8.25,8.28,0.36,380.0,3186.2,1
2025-11-10,2025-11-10 12:00:00,8.28,8.31,8.28,8.31,0.36,380.0,3186.2,1
2025-11-10,2025-11-10 13:00:00,8.31,8.34,8.31,8.34,0.36,380.0,3186.2,1
2025-11-10,2025-11-10 14:00:00,8.34,8.37,8.34,8.37,0.36,380.0,3186.2,1
2025-11-10,2025-11-10 15:00:00,8.37,8.46,8.25,8.37,0.0,380.0,3186.2,0
2025-11-11,2025-11-11 11:00:00,8.37,8.59,8.35,8.36,-0.12,4192.0,35656.44,-1
2025-11-11,2025-11-11 12:00:00,8.36,8.36,8.35,8.35,-0.12,4192.0,35656.44,-1
2025-11-11,2025-11-11 13:00:00,8.35,8.35,8.34,8.34,-0.12,4192.0,35656.44,-1
2025-11-11,2025-11-11 14:00:00,8.34,8.34,8.33,8.33,-0.12,4192.0,35656.44,-1
2025-11-11,2025-11-11 15:00:00,8.33,8.8,8.33,8.33,0.0,4192.0,35656.44,0
2025-11-12,2025-11-12 11:00:00,8.26,8.36,8.26,8.31,0.61,80.0,665.6,1
2025-11-12,2025-11-12 12:00:00,8.31,8.36,8.31,8.36,0.6,80.0,665.6,1
2025-11-12,2025-11-12 13:00:00,8.36,8.41,8.36,8.41,0.6,80.0,665.6,1
2025-11-12,2025-11-12 14:00:00,8.41,8.46,8.41,8.46,0.59,80.0,665.6,1
2025-11-12,2025-11-12 15:00:00,8.46,8.46,8.26,8.46,0.0,80.0,665.6,0
2025-11-13,2025-11-13 11:00:00,8.31,8.42,8.31,8.37,0.72,2060.0,17557.4,1
2025-11-13,2025-11-13 12:00:00,8.37,8.42,8.37,8.42,0.6,2060.0,17557.4,1
2025-11-13,2025-11-13 13:00:00,8.42,8.47,8.42,8.47,0.59,2060.0,17557.4,1
2025-11-13,2025-11-13 14:00:00,8.47,8.53,8.47,8.53,0.71,2060.0,17557.4,1
2025-11-13,2025-11-13 15:00:00,8.53,8.53,8.31,8.53,0.0,2060.0,17557.4,0
2025-11-16,2025-11-16 11:00:00,8.36,8.43,8.36,8.4,0.48,2400.0,20388.8,1
2025-11-16,2025-11-16 12:00:00,8.4,8.43,8.4,8.43,0.36,2400.0,20388.8,1
2025-11-16,2025-11-16 13:00:00,8.43,8.47,8.43,8.47,0.47,2400.0,20388.8,1
2025-11-16,2025-11-16 14:00:00,8.47,8.51,8.47,8.51,0.47,2400.0,20388.8,1
2025-11-16,2025-11-16 15:00:00,8.51,8.51,8.36,8.51,0.0,2400.0,20388.8,0
2025-11-17,2025-11-17 11:00:00,8.34,8.41,8.19,8.31,-0.36,101915.8,828538.91,-1
2025-11-17,2025-11-17 12:00:00,8.31,8.31,8.29,8.29,-0.24,101915.8,828538.91,-1
2025-11-17,2025-11-17 13:00:00,8.29,8.29,8.26,8.26,-0.36,101915.8,828538.91,-1
2025-11-17,2025-11-17 14:00:00,8.26,8.26,8.23,8.23,-0.36,101915.8,828538.91,-1
2025-11-17,2025-11-17 15:00:00,8.23,8.48,8.04,8.23,0.0,101915.8,828538.91,0
2025-11-18,2025-11-18 11:00:00,8.2,8.32,8.17,8.24,0.49,661.8,5527.77,1
2025-11-18,2025-11-18 12:00:00,8.24,8.27,8.24,8.27,0.36,661.8,5527.77,1
2025-11-18,2025-11-18 13:00:00,8.27,8.31,8.27,8.31,0.48,661.8,5527.77,1
2025-11-18,2025-11-18 14:00:00,8.31,8.35,8.31,8.35,0.48,661.8,5527.77,1
2025-11-18,2025-11-18 15:00:00,8.35,8.44,8.14,8.35,0.0,661.8,5527.77,0
2025-11-19,2025-11-19 11:00:00,8.35,8.41,8.27,8.38,0.36,26891.8,221643.91,1
2025-11-19,2025-11-19 12:00:00,8.38,8.41,8.38,8.41,0.36,26891.8,221643.91,1
2025-11-19,2025-11-19 13:00:00,8.41,8.44,8.41,8.44,0.36,26891.8,221643.91,1
2025-11-19,2025-11-19 14:00:00,8.44,8.47,8.44,8.47,0.36,26891.8,221643.91,1
2025-11-19,2025-11-19 15:00:00,8.47,8.48,8.19,8.47,0.0,26891.8,221643.91,0
2025-11-20,2025-11-20 11:00:00,8.31,8.36,8.23,8.32,0.12,82473.8,684502.07,1
2025-11-20,2025-11-20 12:00:00,8.32,8.33,8.32,8.33,0.12,82473.8,684502.07,1
2025-11-20,2025-11-20 13:00:00,8.33,8.34,8.33,8.34,0.12,82473.8,684502.07,1
2025-11-20,2025-11-20 14:00:00,8.34,8.35,8.34,8.35,0.12,82473.8,684502.07,1
2025-11-20,2025-11-20 15:00:00,8.35,8.4,8.14,8.35,0.0,82473.8,684502.07,0
2025-11-23,2025-11-23 11:00:00,8.29,8.36,8.29,8.3,0.12,5980.0,49862.8,1
2025-11-23,2025-11-23 12:00:00,8.3,8.3,8.3,8.3,0.0,5980.0,49862.8,0
2025-11-23,2025-11-23 13:00:00,8.3,8.31,8.3,8.31,0.12,5980.0,49862.8,1
2025-11-23,2025-11-23 14:00:00,8.31,8.32,8.31,8.32,0.12,5980.0,49862.8,1
2025-11-23,2025-11-23 15:00:00,8.32,8.42,8.29,8.32,0.0,5980.0,49862.8,0
2025-11-24,2025-11-24 11:00:00,8.2,8.27,8.19,8.24,0.49,477.2,3959.57,1
2025-11-24,2025-11-24 12:00:00,8.24,8.27,8.24,8.27,0.36,477.2,3959.57,1
2025-11-24,2025-11-24 13:00:00,8.27,8.31,8.27,8.31,0.48,477.2,3959.57,1
2025-11-24,2025-11-24 14:00:00,8.31,8.35,8.31,8.35,0.48,477.2,3959.57,1
2025-11-24,2025-11-24 15:00:00,8.35,8.35,8.18,8.35,0.0,477.2,3959.57,0
2025-11-25,2025-11-25 11:00:00,8.33,8.41,8.33,8.37,0.48,1400.0,11843.8,1
2025-11-25,2025-11-25 12:00:00,8.37,8.41,8.37,8.41,0.48,1400.0,11843.8,1
2025-11-25,2025-11-25 13:00:00,8.41,8.44,8.41,8.44,0.36,1400.0,11843.8,1
2025-11-25,2025-11-25 14:00:00,8.44,8.48,8.44,8.48,0.47,1400.0,11843.8,1
2025-11-25,2025-11-25 15:00:00,8.48,8.48,8.33,8.48,0.0,1400.0,11843.8,0
2025-11-26,2025-11-26 11:00:00,8.33,8.41,8.29,8.32,-0.12,9114.0,75387.3,-1
2025-11-26,2025-11-26 12:00:00,8.32,8.32,8.3,8.3,-0.24,9114.0,75387.3,-1
2025-11-26,2025-11-26 13:00:00,8.3,8.3,8.29,8.29,-0.12,9114.0,75387.3,-1
2025-11-26,2025-11-26 14:00:00,8.29,8.29,8.28,8.28,-0.12,9114.0,75387.3,-1
2025-11-26,2025-11-26 15:00:00,8.28,8.48,8.25,8.28,0.0,9114.0,75387.3,0
2025-11-27,2025-11-27 11:00:00,8.2,8.34,8.2,8.25,0.61,3185.2,26937.33,1
2025-11-27,2025-11-27 12:00:00,8.25,8.3,8.25,8.3,0.61,3185.2,26937.33,1
2025-11-27,2025-11-27 13:00:00,8.3,8.35,8.3,8.35,0.6,3185.2,26937.33,1
2025-11-27,2025-11-27 14:00:00,8.35,8.4,8.35,8.4,0.6,3185.2,26937.33,1
2025-11-27,2025-11-27 15:00:00,8.4,8.49,8.2,8.4,0.0,3185.2,26937.33,0
2025-11-30,2025-11-30 11:00:00,8.3,8.35,8.3,8.32,0.24,1850.0,15465.2,1
2025-11-30,2025-11-30 12:00:00,8.32,8.33,8.32,8.33,0.12,1850.0,15465.2,1
2025-11-30,2025-11-30 13:00:00,8.33,8.34,8.33,8.34,0.12,1850.0,15465.2,1
2025-11-30,2025-11-30 14:00:00,8.34,8.36,8.34,8.36,0.24,1850.0,15465.2,1
2025-11-30,2025-11-30 15:00:00,8.36,8.4,8.3,8.36,0.0,1850.0,15465.2,0
2025-12-01,2025-12-01 11:00:00,8.25,8.37,8.25,8.3,0.61,2052.6,17172.29,1
2025-12-01,2025-12-01 12:00:00,8.3,8.36,8.3,8.36,0.72,2052.6,17172.29,1
2025-12-01,2025-12-01 13:00:00,8.36,8.41,8.36,8.41,0.6,2052.6,17172.29,1
2025-12-01,2025-12-01 14:00:00,8.41,8.46,8.41,8.46,0.59,2052.6,17172.29,1
2025-12-01,2025-12-01 15:00:00,8.46,8.49,8.25,8.46,0.0,2052.6,17172.29,0
2025-12-02,2025-12-02 11:00:00,8.33,8.46,8.33,8.35,0.24,8794.0,73957.5,1
2025-12-02,2025-12-02 12:00:00,8.35,8.37,8.35,8.37,0.24,8794.0,73957.5,1
2025-12-02,2025-12-02 13:00:00,8.37,8.39,8.37,8.39,0.24,8794.0,73957.5,1
2025-12-02,2025-12-02 14:00:00,8.39,8.41,8.39,8.41,0.24,8794.0,73957.5,1
2025-12-02,2025-12-02 15:00:00,8.41,8.58,8.33,8.41,0.0,8794.0,73957.5,0
2025-12-03,2025-12-03 11:00:00,8.27,8.37,8.26,8.3,0.36,4223.2,35537.4,1
2025-12-03,2025-12-03 12:00:00,8.3,8.34,8.3,8.34,0.48,4223.2,35537.4,1
2025-12-03,2025-12-03 13:00:00,8.34,8.37,8.34,8.37,0.36,4223.2,35537.4,1
2025-12-03,2025-12-03 14:00:00,8.37,8.4,8.37,8.4,0.36,4223.2,35537.4,1
2025-12-03,2025-12-03 15:00:00,8.4,8.47,8.25,8.4,0.0,4223.2,35537.4,0
2025-12-07,2025-12-07 11:00:00,8.3,8.39,8.29,8.31,0.12,1274.8,10609.88,1
2025-12-07,2025-12-07 12:00:00,8.31,8.32,8.31,8.32,0.12,1274.8,10609.88,1
2025-12-07,2025-12-07 13:00:00,8.32,8.34,8.32,8.34,0.24,1274.8,10609.88,1
2025-12-07,2025-12-07 14:00:00,8.34,8.35,8.34,8.35,0.12,1274.8,10609.88,1
2025-12-07,2025-12-07 15:00:00,8.35,8.49,8.27,8.35,0.0,1274.8,10609.88,0
2025-12-08,2025-12-08 11:00:00,8.29,8.37,8.29,8.3,0.12,769.0,6421.86,1
2025-12-08,2025-12-08 12:00:00,8.3,8.31,8.3,8.31,0.12,769.0,6421.86,1
2025-12-08,2025-12-08 13:00:00,8.31,8.33,8.31,8.33,0.24,769.0,6421.86,1
2025-12-08,2025-12-08 14:00:00,8.33,8.34,8.33,8.34,0.12,769.0,6421.86,1
2025-12-08,2025-12-08 15:00:00,8.34,8.45,8.29,8.34,0.0,769.0,6421.86,0
2025-12-09,2025-12-09 11:00:00,8.34,8.34,8.32,8.34,0.0,380.0,3164.4,0
2025-12-09,2025-12-09 12:00:00,8.34,8.34,8.33,8.33,-0.12,380.0,3164.4,-1
2025-12-09,2025-12-09 13:00:00,8.33,8.33,8.32,8.32,-0.12,380.0,3164.4,-1
2025-12-09,2025-12-09 14:00:00,8.32,8.32,8.32,8.32,0.0,380.0,3164.4,0
2025-12-09,2025-12-09 15:00:00,8.32,8.34,8.3,8.32,0.0,380.0,3164.4,0
2025-12-10,2025-12-10 11:00:00,8.18,8.32,8.18,8.23,0.61,3080.0,25869.8,1
2025-12-10,2025-12-10 12:00:00,8.23,8.29,8.23,8.29,0.73,3080.0,25869.8,1
2025-12-10,2025-12-10 13:00:00,8.29,8.35,8.29,8.35,0.72,3080.0,25869.8,1
2025-12-10,2025-12-10 14:00:00,8.35,8.4,8.35,8.4,0.6,3080.0,25869.8,1
2025-12-10,2025-12-10 15:00:00,8.4,8.46,8.18,8.4,0.0,3080.0,25869.8,0
2025-12-11,2025-12-11 11:00:00,8.3,8.35,8.26,8.33,0.36,2080.0,17402.8,1
2025-12-11,2025-12-11 12:00:00,8.33,8.35,8.33,8.35,0.24,2080.0,17402.8,1
2025-12-11,2025-12-11 13:00:00,8.35,8.38,8.35,8.38,0.36,2080.0,17402.8,1
2025-12-11,2025-12-11 14:00:00,8.38,8.4,8.38,8.4,0.24,2080.0,17402.8,1
2025-12-11,2025-12-11 15:00:00,8.4,8.4,8.21,8.4,0.0,2080.0,17402.8,0
2025-12-14,2025-12-14 11:00:00,8.3,8.43,8.3,8.31,0.12,1307.0,10948.3,1
2025-12-14,2025-12-14 12:00:00,8.31,8.32,8.31,8.32,0.12,1307.0,10948.3,1
2025-12-14,2025-12-14 13:00:00,8.32,8.32,8.32,8.32,0.0,1307.0,10948.3,0
2025-12-14,2025-12-14 14:00:00,8.32,8.33,8.32,8.33,0.12,1307.0,10948.3,1
2025-12-14,2025-12-14 15:00:00,8.33,8.55,8.3,8.33,0.0,1307.0,10948.3,0
2025-12-15,2025-12-15 11:00:00,8.26,8.38,8.26,8.28,0.24,1158.8,9661.31,1
2025-12-15,2025-12-15 12:00:00,8.28,8.3,8.28,8.3,0.24,1158.8,9661.31,1
2025-12-15,2025-12-15 13:00:00,8.3,8.33,8.3,8.33,0.36,1158.8,9661.31,1
2025-12-15,2025-12-15 14:00:00,8.33,8.35,8.33,8.35,0.24,1158.8,9661.31,1
2025-12-15,2025-12-15 15:00:00,8.35,8.49,8.26,8.35,0.0,1158.8,9661.31,0
2025-12-16,2025-12-16 11:00:00,8.2,8.35,8.2,8.24,0.49,180.0,1503.0,1
2025-12-16,2025-12-16 12:00:00,8.24,8.29,8.24,8.29,0.61,180.0,1503.0,1
2025-12-16,2025-12-16 13:00:00,8.29,8.33,8.29,8.33,0.48,180.0,1503.0,1
2025-12-16,2025-12-16 14:00:00,8.33,8.37,8.33,8.37,0.48,180.0,1503.0,1
2025-12-16,2025-12-16 15:00:00,8.37,8.5,8.2,8.37,0.0,180.0,1503.0,0
2025-12-17,2025-12-17 11:00:00,8.31,8.41,8.31,8.33,0.24,10067.2,85375.89,1
2025-12-17,2025-12-17 12:00:00,8.33,8.36,8.33,8.36,0.36,10067.2,85375.89,1
2025-12-17,2025-12-17 13:00:00,8.36,8.38,8.36,8.38,0.24,10067.2,85375.89,1
2025-12-17,2025-12-17 14:00:00,8.38,8.4,8.38,8.4,0.24,10067.2,85375.89,1
2025-12-17,2025-12-17 15:00:00,8.4,8.51,8.31,8.4,0.0,10067.2,85375.89,0
2025-12-18,2025-12-18 11:00:00,8.36,8.45,8.36,8.37,0.12,1431.8,12135.2,1
2025-12-18,2025-12-18 12:00:00,8.37,8.38,8.37,8.38,0.12,1431.8,12135.2,1
2025-12-18,2025-12-18 13:00:00,8.38,8.39,8.38,8.39,0.12,1431.8,12135.2,1
2025-12-18,2025-12-18 14:00:00,8.39,8.4,8.39,8.4,0.12,1431.8,12135.2,1
2025-12-18,2025-12-18 15:00:00,8.4,8.53,8.36,8.4,0.0,1431.8,12135.2,0
2025-12-21,2025-12-21 11:00:00,8.39,8.45,8.39,8.42,0.36,340.0,2873.2,1
2025-12-21,2025-12-21 12:00:00,8.42,8.45,8.42,8.45,0.36,340.0,2873.2,1
2025-12-21,2025-12-21 13:00:00,8.45,8.47,8.45,8.47,0.24,340.0,2873.2,1
2025-12-21,2025-12-21 14:00:00,8.47,8.5,8.47,8.5,0.35,340.0,2873.2,1
2025-12-21,2025-12-21 15:00:00,8.5,8.5,8.39,8.5,0.0,340.0,2873.2,0
2025-12-22,2025-12-22 11:00:00,8.5,8.54,8.37,8.46,-0.47,3853.0,32531.56,-1
2025-12-22,2025-12-22 12:00:00,8.46,8.46,8.41,8.41,-0.59,3853.0,32531.56,-1
2025-12-22,2025-12-22 13:00:00,8.41,8.41,8.37,8.37,-0.48,3853.0,32531.56,-1
2025-12-22,2025-12-22 14:00:00,8.37,8.37,8.33,8.33,-0.48,3853.0,32531.56,-1
2025-12-22,2025-12-22 15:00:00,8.33,8.59,8.24,8.33,0.0,3853.0,32531.56,0
2025-12-23,2025-12-23 11:00:00,8.19,8.25,8.19,8.22,0.37,440.0,3650.2,1
2025-12-23,2025-12-23 12:00:00,8.22,8.25,8.22,8.25,0.36,440.0,3650.2,1
2025-12-23,2025-12-23 13:00:00,8.25,8.29,8.25,8.29,0.48,440.0,3650.2,1
2025-12-23,2025-12-23 14:00:00,8.29,8.32,8.29,8.32,0.36,440.0,3650.2,1
2025-12-23,2025-12-23 15:00:00,8.32,8.32,8.19,8.32,0.0,440.0,3650.2,0
2025-12-24,2025-12-24 11:00:00,8.18,8.34,8.18,8.25,0.86,1030.0,8663.5,1
2025-12-24,2025-12-24 12:00:00,8.25,8.33,8.25,8.33,0.97,1030.0,8663.5,1
2025-12-24,2025-12-24 13:00:00,8.33,8.41,8.33,8.41,0.96,1030.0,8663.5,1
2025-12-24,2025-12-24 14:00:00,8.41,8.48,8.41,8.48,0.83,1030.0,8663.5,1
2025-12-24,2025-12-24 15:00:00,8.48,8.49,8.18,8.48,0.0,1030.0,8663.5,0
2025-12-28,2025-12-28 11:00:00,8.35,8.46,8.35,8.37,0.24,1984.2,16740.14,1
2025-12-28,2025-12-28 12:00:00,8.37,8.38,8.37,8.38,0.12,1984.2,16740.14,1
2025-12-28,2025-12-28 13:00:00,8.38,8.4,8.38,8.4,0.24,1984.2,16740.14,1
2025-12-28,2025-12-28 14:00:00,8.4,8.42,8.4,8.42,0.24,1984.2,16740.14,1
2025-12-28,2025-12-28 15:00:00,8.42,8.57,8.35,8.42,0.0,1984.2,16740.14,0
2025-12-29,2025-12-29 11:00:00,8.31,8.44,8.31,8.35,0.48,17538.0,148540.48,1
2025-12-29,2025-12-29 12:00:00,8.35,8.39,8.35,8.39,0.48,17538.0,148540.48,1
2025-12-29,2025-12-29 13:00:00,8.39,8.42,8.39,8.42,0.36,17538.0,148540.48,1
2025-12-29,2025-12-29 14:00:00,8.42,8.46,8.42,8.46,0.48,17538.0,148540.48,1
2025-12-29,2025-12-29 15:00:00,8.46,8.57,8.31,8.46,0.0,17538.0,148540.48,0
2025-12-31,2025-12-31 11:00:00,8.35,8.57,8.35,8.41,0.72,21850.0,187968.85,1
2025-12-31,2025-12-31 12:00:00,8.41,8.47,8.41,8.47,0.71,21850.0,187968.85,1
2025-12-31,2025-12-31 13:00:00,8.47,8.54,8.47,8.54,0.83,21850.0,187968.85,1
2025-12-31,2025-12-31 14:00:00,8.54,8.6,8.54,8.6,0.7,21850.0,187968.85,1
2025-12-31,2025-12-31 15:00:00,8.6,8.79,8.35,8.6,0.0,21850.0,187968.85,0
2026-01-01,2026-01-01 11:00:00,8.6,8.68,8.56,8.6,0.0,3129.8,27071.72,0
2026-01-01,2026-01-01 12:00:00,8.6,8.6,8.6,8.6,0.0,3129.8,27071.72,0
2026-01-01,2026-01-01 13:00:00,8.6,8.6,8.6,8.6,0.0,3129.8,27071.72,0
2026-01-01,2026-01-01 14:00:00,8.6,8.6,8.6,8.6,0.0,3129.8,27071.72,0
2026-01-01,2026-01-01 15:00:00,8.6,8.76,8.53,8.6,0.0,3129.8,27071.72,0
2026-01-04,2026-01-04 11:00:00,8.51,8.58,8.5,8.54,0.35,9502.0,81992.5,1
2026-01-04,2026-01-04 12:00:00,8.54,8.58,8.54,8.58,0.47,9502.0,81992.5,1
2026-01-04,2026-01-04 13:00:00,8.58,8.62,8.58,8.62,0.47,9502.0,81992.5,1
2026-01-04,2026-01-04 14:00:00,8.62,8.65,8.62,8.65,0.35,9502.0,81992.5,1
2026-01-04,2026-01-04 15:00:00,8.65,8.65,8.5,8.65,0.0,9502.0,81992.5,0
2026-01-05,2026-01-05 11:00:00,8.48,8.55,8.48,8.52,0.47,6910.0,59494.86,1
2026-01-05,2026-01-05 12:00:00,8.52,8.55,8.52,8.55,0.35,6910.0,59494.86,1
2026-01-05,2026-01-05 13:00:00,8.55,8.58,8.55,8.58,0.35,6910.0,59494.86,1
2026-01-05,2026-01-05 14:00:00,8.58,8.62,8.58,8.62,0.47,6910.0,59494.86,1
2026-01-05,2026-01-05 15:00:00,8.62,8.63,8.48,8.62,0.0,6910.0,59494.86,0
2026-01-06,2026-01-06 11:00:00,8.6,8.69,8.6,8.62,0.23,5030.0,43458.7,1
2026-01-06,2026-01-06 12:00:00,8.62,8.63,8.62,8.63,0.12,5030.0,43458.7,1
2026-01-06,2026-01-06 13:00:00,8.63,8.64,8.63,8.64,0.12,5030.0,43458.7,1
2026-01-06,2026-01-06 14:00:00,8.64,8.66,8.64,8.66,0.23,5030.0,43458.7,1
2026-01-06,2026-01-06 15:00:00,8.66,8.78,8.6,8.66,0.0,5030.0,43458.7,0
2026-01-07,2026-01-07 11:00:00,8.6,8.68,8.6,8.6,0.0,1229.0,10593.0,0
2026-01-07,2026-01-07 12:00:00,8.6,8.6,8.6,8.6,0.0,1229.0,10593.0,0
2026-01-07,2026-01-07 13:00:00,8.6,8.6,8.6,8.6,0.0,1229.0,10593.0,0
2026-01-07,2026-01-07 14:00:00,8.6,8.6,8.6,8.6,0.0,1229.0,10593.0,0
2026-01-07,2026-01-07 15:00:00,8.6,8.76,8.6,8.6,0.0,1229.0,10593.0,0
2026-01-08,2026-01-08 11:00:00,8.6,8.65,8.6,8.61,0.12,340.0,2941.2,1
2026-01-08,2026-01-08 12:00:00,8.61,8.62,8.61,8.62,0.12,340.0,2941.2,1
2026-01-08,2026-01-08 13:00:00,8.62,8.64,8.62,8.64,0.23,340.0,2941.2,1
2026-01-08,2026-01-08 14:00:00,8.64,8.65,8.64,8.65,0.12,340.0,2941.2,1
2026-01-08,2026-01-08 15:00:00,8.65,8.7,8.6,8.65,0.0,340.0,2941.2,0
2026-01-12,2026-01-12 11:00:00,8.5,8.62,8.5,8.53,0.35,1750.0,15153.5,1
2026-01-12,2026-01-12 12:00:00,8.53,8.56,8.53,8.56,0.35,1750.0,15153.5,1
2026-01-12,2026-01-12 13:00:00,8.56,8.59,8.56,8.59,0.35,1750.0,15153.5,1
2026-01-12,2026-01-12 14:00:00,8.59,8.62,8.59,8.62,0.35,1750.0,15153.5,1
2026-01-12,2026-01-12 15:00:00,8.62,8.75,8.5,8.62,0.0,1750.0,15153.5,0
2026-01-13,2026-01-13 11:00:00,8.6,8.68,8.6,8.64,0.47,1660.0,14412.8,1
2026-01-13,2026-01-13 12:00:00,8.64,8.68,8.64,8.68,0.46,1660.0,14412.8,1
2026-01-13,2026-01-13 13:00:00,8.68,8.71,8.68,8.71,0.35,1660.0,14412.8,1
2026-01-13,2026-01-13 14:00:00,8.71,8.75,8.71,8.75,0.46,1660.0,14412.8,1
2026-01-13,2026-01-13 15:00:00,8.75,8.75,8.6,8.75,0.0,1660.0,14412.8,0
2026-01-14,2026-01-14 11:00:00,8.6,8.64,8.57,8.62,0.23,43407.6,375608.3,1
2026-01-14,2026-01-14 12:00:00,8.62,8.64,8.62,8.64,0.23,43407.6,375608.3,1
2026-01-14,2026-01-14 13:00:00,8.64,8.66,8.64,8.66,0.23,43407.6,375608.3,1
2026-01-14,2026-01-14 14:00:00,8.66,8.68,8.66,8.68,0.23,43407.6,375608.3,1
2026-01-14,2026-01-14 15:00:00,8.68,8.68,8.55,8.68,0.0,43407.6,375608.3,0
2026-01-18,2026-01-18 11:00:00,8.68,8.74,8.68,8.68,0.0,43154.0,379445.54,0
2026-01-18,2026-01-18 12:00:00,8.68,8.69,8.68,8.69,0.12,43154.0,379445.54,1
2026-01-18,2026-01-18 13:00:00,8.69,8.7,8.69,8.7,0.12,43154.0,379445.54,1
2026-01-18,2026-01-18 14:00:00,8.7,8.7,8.7,8.7,0.0,43154.0,379445.54,0
2026-01-18,2026-01-18 15:00:00,8.7,8.8,8.68,8.7,0.0,43154.0,379445.54,0
2026-01-20,2026-01-20 11:00:00,8.87,8.93,8.79,8.85,-0.23,43664.0,392431.4,-1
2026-01-20,2026-01-20 12:00:00,8.85,8.85,8.84,8.84,-0.11,43664.0,392431.4,-1
2026-01-20,2026-01-20 13:00:00,8.84,8.84,8.82,8.82,-0.23,43664.0,392431.4,-1
2026-01-20,2026-01-20 14:00:00,8.82,8.82,8.8,8.8,-0.23,43664.0,392431.4,-1
2026-01-20,2026-01-20 15:00:00,8.8,9.0,8.7,8.8,0.0,43664.0,392431.4,0
2026-01-21,2026-01-21 11:00:00,8.65,8.73,8.63,8.68,0.35,10128.0,88316.74,1
2026-01-21,2026-01-21 12:00:00,8.68,8.7,8.68,8.7,0.23,10128.0,88316.74,1
2026-01-21,2026-01-21 13:00:00,8.7,8.72,8.7,8.72,0.23,10128.0,88316.74,1
2026-01-21,2026-01-21 14:00:00,8.72,8.75,8.72,8.75,0.34,10128.0,88316.74,1
2026-01-21,2026-01-21 15:00:00,8.75,8.82,8.61,8.75,0.0,10128.0,88316.74,0
2026-01-22,2026-01-22 11:00:00,8.61,8.65,8.61,8.62,0.12,842.0,7288.28,1
2026-01-22,2026-01-22 12:00:00,8.62,8.62,8.62,8.62,0.0,842.0,7288.28,0
2026-01-22,2026-01-22 13:00:00,8.62,8.63,8.62,8.63,0.12,842.0,7288.28,1
2026-01-22,2026-01-22 14:00:00,8.63,8.64,8.63,8.64,0.12,842.0,7288.28,1
2026-01-22,2026-01-22 15:00:00,8.64,8.7,8.61,8.64,0.0,842.0,7288.28,0
2026-01-25,2026-01-25 11:00:00,8.52,8.75,8.52,8.59,0.82,9524.2,84260.52,1
2026-01-25,2026-01-25 12:00:00,8.59,8.66,8.59,8.66,0.81,9524.2,84260.52,1
2026-01-25,2026-01-25 13:00:00,8.66,8.74,8.66,8.74,0.92,9524.2,84260.52,1
2026-01-25,2026-01-25 14:00:00,8.74,8.81,8.74,8.81,0.8,9524.2,84260.52,1
2026-01-25,2026-01-25 15:00:00,8.81,8.98,8.52,8.81,0.0,9524.2,84260.52,0
2026-01-26,2026-01-26 11:00:00,8.85,8.99,8.77,8.88,0.34,34366.6,311626.55,1
2026-01-26,2026-01-26 12:00:00,8.88,8.91,8.88,8.91,0.34,34366.6,311626.55,1
2026-01-26,2026-01-26 13:00:00,8.91,8.95,8.91,8.95,0.45,34366.6,311626.55,1
2026-01-26,2026-01-26 14:00:00,8.95,8.98,8.95,8.98,0.34,34366.6,311626.55,1
2026-01-26,2026-01-26 15:00:00,8.98,9.13,8.68,8.98,0.0,34366.6,311626.55,0
2026-01-27,2026-01-27 11:00:00,8.85,9.0,8.85,8.93,0.9,20760.0,189764.8,1
2026-01-27,2026-01-27 12:00:00,8.93,9.0,8.93,9.0,0.78,20760.0,189764.8,1
2026-01-27,2026-01-27 13:00:00,9.0,9.07,9.0,9.07,0.78,20760.0,189764.8,1
2026-01-27,2026-01-27 14:00:00,9.07,9.15,9.07,9.15,0.88,20760.0,189764.8,1
2026-01-27,2026-01-27 15:00:00,9.15,9.15,8.85,9.15,0.0,20760.0,189764.8,0
2026-01-28,2026-01-28 11:00:00,8.97,9.14,8.89,9.03,0.67,2214.0,20305.1,1
2026-01-28,2026-01-28 12:00:00,9.03,9.09,9.03,9.09,0.66,2214.0,20305.1,1
2026-01-28,2026-01-28 13:00:00,9.09,9.14,9.09,9.14,0.55,2214.0,20305.1,1
2026-01-28,2026-01-28 14:00:00,9.14,9.2,9.14,9.2,0.66,2214.0,20305.1,1
2026-01-28,2026-01-28 15:00:00,9.2,9.3,8.8,9.2,0.0,2214.0,20305.1,0
2026-01-29,2026-01-29 11:00:00,9.02,9.06,8.97,8.99,-0.33,3168.0,28520.5,-1
2026-01-29,2026-01-29 12:00:00,8.99,8.99,8.97,8.97,-0.22,3168.0,28520.5,-1
2026-01-29,2026-01-29 13:00:00,8.97,8.97,8.95,8.95,-0.22,3168.0,28520.5,-1
2026-01-29,2026-01-29 14:00:00,8.95,8.95,8.92,8.92,-0.34,3168.0,28520.5,-1
2026-01-29,2026-01-29 15:00:00,8.92,9.1,8.92,8.92,0.0,3168.0,28520.5,0
2026-02-01,2026-02-01 11:00:00,8.85,9.04,8.71,8.82,-0.34,183620.0,1619092.0,-1
2026-02-01,2026-02-01 12:00:00,8.82,8.82,8.79,8.79,-0.34,183620.0,1619092.0,-1
2026-02-01,2026-02-01 13:00:00,8.79,8.79,8.76,8.76,-0.34,183620.0,1619092.0,-1
2026-02-01,2026-02-01 14:00:00,8.76,8.76,8.73,8.73,-0.34,183620.0,1619092.0,-1
2026-02-01,2026-02-01 15:00:00,8.73,9.24,8.56,8.73,0.0,183620.0,1619092.0,0
2026-02-02,2026-02-02 11:00:00,8.9,9.07,8.82,8.94,0.45,38334.2,349262.52,1
2026-02-02,2026-02-02 12:00:00,8.94,8.98,8.94,8.98,0.45,38334.2,349262.52,1
2026-02-02,2026-02-02 13:00:00,8.98,9.02,8.98,9.02,0.45,38334.2,349262.52,1
2026-02-02,2026-02-02 14:00:00,9.02,9.06,9.02,9.06,0.44,38334.2,349262.52,1
2026-02-02,2026-02-02 15:00:00,9.06,9.24,8.73,9.06,0.0,38334.2,349262.52,0
2026-02-03,2026-02-03 11:00:00,8.88,9.14,8.88,8.97,1.01,34939.4,323513.08,1
2026-02-03,2026-02-03 12:00:00,8.97,9.05,8.97,9.05,0.89,34939.4,323513.08,1
2026-02-03,2026-02-03 13:00:00,9.05,9.14,9.05,9.14,0.99,34939.4,323513.08,1
2026-02-03,2026-02-03 14:00:00,9.14,9.23,9.14,9.23,0.98,34939.4,323513.08,1
2026-02-03,2026-02-03 15:00:00,9.23,9.41,8.88,9.23,0.0,34939.4,323513.08,0
2026-02-04,2026-02-04 11:00:00,9.41,9.41,9.3,9.4,-0.11,101740.0,937666.64,-1
2026-02-04,2026-02-04 12:00:00,9.4,9.4,9.39,9.39,-0.11,101740.0,937666.64,-1
2026-02-04,2026-02-04 13:00:00,9.39,9.39,9.38,9.38,-0.11,101740.0,937666.64,-1
2026-02-04,2026-02-04 14:00:00,9.38,9.38,9.37,9.37,-0.11,101740.0,937666.64,-1
2026-02-04,2026-02-04 15:00:00,9.37,9.41,9.2,9.37,0.0,101740.0,937666.64,0
2026-02-05,2026-02-05 11:00:00,9.55,9.55,9.32,9.45,-1.05,1760.0,16225.0,-1
2026-02-05,2026-02-05 12:00:00,9.45,9.45,9.35,9.35,-1.06,1760.0,16225.0,-1
2026-02-05,2026-02-05 13:00:00,9.35,9.35,9.25,9.25,-1.07,1760.0,16225.0,-1
2026-02-05,2026-02-05 14:00:00,9.25,9.25,9.15,9.15,-1.08,1760.0,16225.0,-1
2026-02-05,2026-02-05 15:00:00,9.15,9.55,9.1,9.15,0.0,1760.0,16225.0,0
2026-02-08,2026-02-08 11:00:00,9.33,9.33,9.22,9.28,-0.54,1260.0,11570.0,-1
2026-02-08,2026-02-08 12:00:00,9.28,9.28,9.22,9.22,-0.65,1260.0,11570.0,-1
2026-02-08,2026-02-08 13:00:00,9.22,9.22,9.16,9.16,-0.65,1260.0,11570.0,-1
2026-02-08,2026-02-08 14:00:00,9.16,9.16,9.11,9.11,-0.55,1260.0,11570.0,-1
2026-02-08,2026-02-08 15:00:00,9.11,9.33,9.11,9.11,0.0,1260.0,11570.0,0
2026-02-09,2026-02-09 11:00:00,8.97,9.13,8.97,9.03,0.67,500.0,4579.4,1
2026-02-09,2026-02-09 12:00:00,9.03,9.1,9.03,9.1,0.78,500.0,4579.4,1
2026-02-09,2026-02-09 13:00:00,9.1,9.16,9.1,9.16,0.66,500.0,4579.4,1
2026-02-09,2026-02-09 14:00:00,9.16,9.22,9.16,9.22,0.66,500.0,4579.4,1
2026-02-09,2026-02-09 15:00:00,9.22,9.29,8.97,9.22,0.0,500.0,4579.4,0
2026-02-10,2026-02-10 11:00:00,9.4,9.4,9.23,9.37,-0.32,1200.0,11094.2,-1
2026-02-10,2026-02-10 12:00:00,9.37,9.37,9.34,9.34,-0.32,1200.0,11094.2,-1
2026-02-10,2026-02-10 13:00:00,9.34,9.34,9.31,9.31,-0.32,1200.0,11094.2,-1
2026-02-10,2026-02-10 14:00:00,9.31,9.31,9.28,9.28,-0.32,1200.0,11094.2,-1
2026-02-10,2026-02-10 15:00:00,9.28,9.4,9.05,9.28,0.0,1200.0,11094.2,0
2026-02-11,2026-02-11 11:00:00,9.46,9.46,9.23,9.37,-0.95,740.0,6786.0,-1
2026-02-11,2026-02-11 12:00:00,9.37,9.37,9.28,9.28,-0.96,740.0,6786.0,-1
2026-02-11,2026-02-11 13:00:00,9.28,9.28,9.18,9.18,-1.08,740.0,6786.0,-1
2026-02-11,2026-02-11 14:00:00,9.18,9.18,9.09,9.09,-0.98,740.0,6786.0,-1
2026-02-11,2026-02-11 15:00:00,9.09,9.46,9.0,9.09,0.0,740.0,6786.0,0
2026-02-12,2026-02-12 11:00:00,9.27,9.36,9.18,9.27,0.0,580.0,5372.8,0
2026-02-12,2026-02-12 12:00:00,9.27,9.27,9.27,9.27,0.0,580.0,5372.8,0
2026-02-12,2026-02-12 13:00:00,9.27,9.27,9.26,9.26,-0.11,580.0,5372.8,-1
2026-02-12,2026-02-12 14:00:00,9.26,9.26,9.26,9.26,0.0,580.0,5372.8,0
2026-02-12,2026-02-12 15:00:00,9.26,9.45,9.09,9.26,0.0,580.0,5372.8,0
2026-02-16,2026-02-16 11:00:00,9.26,9.33,9.16,9.25,-0.11,1260.0,11518.0,-1
2026-02-16,2026-02-16 12:00:00,9.25,9.25,9.25,9.25,0.0,1260.0,11518.0,0
2026-02-16,2026-02-16 13:00:00,9.25,9.25,9.24,9.24,-0.11,1260.0,11518.0,-1
2026-02-16,2026-02-16 14:00:00,9.24,9.24,9.23,9.23,-0.11,1260.0,11518.0,-1
2026-02-16,2026-02-16 15:00:00,9.23,9.4,9.05,9.23,0.0,1260.0,11518.0,0
2026-02-17,2026-02-17 11:00:00,9.41,9.41,9.18,9.34,-0.74,1050.0,9613.3,-1
2026-02-17,2026-02-17 12:00:00,9.34,9.34,9.27,9.27,-0.75,1050.0,9613.3,-1
2026-02-17,2026-02-17 13:00:00,9.27,9.27,9.19,9.19,-0.86,1050.0,9613.3,-1
2026-02-17,2026-02-17 14:00:00,9.19,9.19,9.12,9.12,-0.76,1050.0,9613.3,-1
2026-02-17,2026-02-17 15:00:00,9.12,9.41,8.94,9.12,0.0,1050.0,9613.3,0
2026-02-22,2026-02-22 11:00:00,9.3,9.3,9.16,9.28,-0.22,622.4,5653.5,-1
2026-02-22,2026-02-22 12:00:00,9.28,9.28,9.25,9.25,-0.32,622.4,5653.5,-1
2026-02-22,2026-02-22 13:00:00,9.25,9.25,9.22,9.22,-0.32,622.4,5653.5,-1
2026-02-22,2026-02-22 14:00:00,9.22,9.22,9.2,9.2,-0.22,622.4,5653.5,-1
2026-02-22,2026-02-22 15:00:00,9.2,9.3,9.02,9.2,0.0,622.4,5653.5,0
2026-02-23,2026-02-23 11:00:00,9.3,9.3,9.11,9.29,-0.11,2192.0,19791.0,-1
2026-02-23,2026-02-23 12:00:00,9.29,9.29,9.28,9.28,-0.11,2192.0,19791.0,-1
2026-02-23,2026-02-23 13:00:00,9.28,9.28,9.26,9.26,-0.22,2192.0,19791.0,-1
2026-02-23,2026-02-23 14:00:00,9.26,9.26,9.25,9.25,-0.11,2192.0,19791.0,-1
2026-02-23,2026-02-23 15:00:00,9.25,9.3,8.91,9.25,0.0,2192.0,19791.0,0
2026-02-24,2026-02-24 11:00:00,9.43,9.43,9.12,9.38,-0.53,5356.0,48086.86,-1
2026-02-24,2026-02-24 12:00:00,9.38,9.38,9.34,9.34,-0.43,5356.0,48086.86,-1
2026-02-24,2026-02-24 13:00:00,9.34,9.34,9.29,9.29,-0.54,5356.0,48086.86,-1
2026-02-24,2026-02-24 14:00:00,9.29,9.29,9.25,9.25,-0.43,5356.0,48086.86,-1
2026-02-24,2026-02-24 15:00:00,9.25,9.43,8.81,9.25,0.0,5356.0,48086.86,0
2026-02-25,2026-02-25 11:00:00,9.3,9.3,9.19,9.26,-0.43,1148.6,10569.36,-1
2026-02-25,2026-02-25 12:00:00,9.26,9.26,9.21,9.21,-0.54,1148.6,10569.36,-1
2026-02-25,2026-02-25 13:00:00,9.21,9.21,9.17,9.17,-0.43,1148.6,10569.36,-1
2026-02-25,2026-02-25 14:00:00,9.17,9.17,9.13,9.13,-0.44,1148.6,10569.36,-1
2026-02-25,2026-02-25 15:00:00,9.13,9.3,9.08,9.13,0.0,1148.6,10569.36,0
2026-02-26,2026-02-26 11:00:00,9.3,9.3,9.15,9.24,-0.65,360.0,3289.6,-1
2026-02-26,2026-02-26 12:00:00,9.24,9.24,9.18,9.18,-0.65,360.0,3289.6,-1
2026-02-26,2026-02-26 13:00:00,9.18,9.18,9.11,9.11,-0.76,360.0,3289.6,-1
2026-02-26,2026-02-26 14:00:00,9.11,9.11,9.05,9.05,-0.66,360.0,3289.6,-1
2026-02-26,2026-02-26 15:00:00,9.05,9.3,9.0,9.05,0.0,360.0,3289.6,0
2026-03-01,2026-03-01 11:00:00,9.2,9.29,9.12,9.22,0.22,1402.4,12882.44,1
2026-03-01,2026-03-01 12:00:00,9.22,9.24,9.22,9.24,0.22,1402.4,12882.44,1
2026-03-01,2026-03-01 13:00:00,9.24,9.26,9.24,9.26,0.22,1402.4,12882.44,1
2026-03-01,2026-03-01 14:00:00,9.26,9.28,9.26,9.28,0.22,1402.4,12882.44,1
2026-03-01,2026-03-01 15:00:00,9.28,9.37,9.05,9.28,0.0,1402.4,12882.44,0
2026-03-03,2026-03-03 11:00:00,9.11,9.15,9.11,9.13,0.22,1217.6,11107.31,1
2026-03-03,2026-03-03 12:00:00,9.13,9.15,9.13,9.15,0.22,1217.6,11107.31,1
2026-03-03,2026-03-03 13:00:00,9.15,9.18,9.15,9.18,0.33,1217.6,11107.31,1
2026-03-03,2026-03-03 14:00:00,9.18,9.2,9.18,9.2,0.22,1217.6,11107.31,1
2026-03-03,2026-03-03 15:00:00,9.2,9.2,9.11,9.2,0.0,1217.6,11107.31,0
2026-03-09,2026-03-09 11:00:00,9.38,9.38,9.38,9.38,0.0,20.0,187.6,0
2026-03-09,2026-03-09 12:00:00,9.38,9.38,9.38,9.38,0.0,20.0,187.6,0
2026-03-09,2026-03-09 13:00:00,9.38,9.38,9.38,9.38,0.0,20.0,187.6,0
2026-03-09,2026-03-09 14:00:00,9.38,9.38,9.38,9.38,0.0,20.0,187.6,0
2026-03-09,2026-03-09 15:00:00,9.38,9.38,9.38,9.38,0.0,20.0,187.6,0
2026-03-10,2026-03-10 11:00:00,9.56,9.56,9.34,9.51,-0.52,1320.0,12349.6,-1
2026-03-10,2026-03-10 12:00:00,9.51,9.51,9.46,9.46,-0.53,1320.0,12349.6,-1
2026-03-10,2026-03-10 13:00:00,9.46,9.46,9.41,9.41,-0.53,1320.0,12349.6,-1
2026-03-10,2026-03-10 14:00:00,9.41,9.41,9.36,9.36,-0.53,1320.0,12349.6,-1
2026-03-10,2026-03-10 15:00:00,9.36,9.56,9.12,9.36,0.0,1320.0,12349.6,0
2026-03-11,2026-03-11 11:00:00,9.54,9.54,9.37,9.52,-0.21,3344.0,31129.68,-1
2026-03-11,2026-03-11 12:00:00,9.52,9.52,9.5,9.5,-0.21,3344.0,31129.68,-1
2026-03-11,2026-03-11 13:00:00,9.5,9.5,9.49,9.49,-0.11,3344.0,31129.68,-1
2026-03-11,2026-03-11 14:00:00,9.49,9.49,9.47,9.47,-0.21,3344.0,31129.68,-1
2026-03-11,2026-03-11 15:00:00,9.47,9.54,9.2,9.47,0.0,3344.0,31129.68,0
2026-03-12,2026-03-12 11:00:00,9.65,9.72,9.5,9.64,-0.1,42720.0,409213.42,-1
2026-03-12,2026-03-12 12:00:00,9.64,9.64,9.62,9.62,-0.21,42720.0,409213.42,-1
2026-03-12,2026-03-12 13:00:00,9.62,9.62,9.61,9.61,-0.1,42720.0,409213.42,-1
2026-03-12,2026-03-12 14:00:00,9.61,9.61,9.6,9.6,-0.1,42720.0,409213.42,-1
2026-03-12,2026-03-12 15:00:00,9.6,9.79,9.35,9.6,0.0,42720.0,409213.42,0
2026-03-15,2026-03-15 11:00:00,9.5,9.68,9.39,9.46,-0.42,3002.0,28288.2,-1
2026-03-15,2026-03-15 12:00:00,9.46,9.46,9.41,9.41,-0.53,3002.0,28288.2,-1
2026-03-15,2026-03-15 13:00:00,9.41,9.41,9.37,9.37,-0.43,3002.0,28288.2,-1
2026-03-15,2026-03-15 14:00:00,9.37,9.37,9.32,9.32,-0.53,3002.0,28288.2,-1
2026-03-15,2026-03-15 15:00:00,9.32,9.87,9.29,9.32,0.0,3002.0,28288.2,0
2026-03-16,2026-03-16 11:00:00,9.5,9.5,9.36,9.43,-0.74,780.0,7341.8,-1
2026-03-16,2026-03-16 12:00:00,9.43,9.43,9.36,9.36,-0.74,780.0,7341.8,-1
2026-03-16,2026-03-16 13:00:00,9.36,9.36,9.29,9.29,-0.75,780.0,7341.8,-1
2026-03-16,2026-03-16 14:00:00,9.29,9.29,9.22,9.22,-0.75,780.0,7341.8,-1
2026-03-16,2026-03-16 15:00:00,9.22,9.5,9.22,9.22,0.0,780.0,7341.8,0
2026-03-17,2026-03-17 11:00:00,9.4,9.4,9.32,9.39,-0.11,2690.0,25158.9,-1
2026-03-17,2026-03-17 12:00:00,9.39,9.39,9.38,9.38,-0.11,2690.0,25158.9,-1
2026-03-17,2026-03-17 13:00:00,9.38,9.38,9.36,9.36,-0.21,2690.0,25158.9,-1
2026-03-17,2026-03-17 14:00:00,9.36,9.36,9.35,9.35,-0.11,2690.0,25158.9,-1
2026-03-17,2026-03-17 15:00:00,9.35,9.4,9.25,9.35,0.0,2690.0,25158.9,0
2026-03-19,2026-03-19 11:00:00,9.3,9.43,9.26,9.35,0.54,3524.0,32649.0,1
2026-03-19,2026-03-19 12:00:00,9.35,9.39,9.35,9.39,0.43,3524.0,32649.0,1
2026-03-19,2026-03-19 13:00:00,9.39,9.44,9.39,9.44,0.53,3524.0,32649.0,1
2026-03-19,2026-03-19 14:00:00,9.44,9.49,9.44,9.49,0.53,3524.0,32649.0,1
2026-03-19,2026-03-19 15:00:00,9.49,9.55,9.21,9.49,0.0,3524.0,32649.0,0
2026-03-22,2026-03-22 11:00:00,9.4,9.53,9.4,9.45,0.53,9080.0,85989.81,1
2026-03-22,2026-03-22 12:00:00,9.45,9.5,9.45,9.5,0.53,9080.0,85989.81,1
2026-03-22,2026-03-22 13:00:00,9.5,9.55,9.5,9.55,0.53,9080.0,85989.81,1
2026-03-22,2026-03-22 14:00:00,9.55,9.6,9.55,9.6,0.52,9080.0,85989.81,1
2026-03-22,2026-03-22 15:00:00,9.6,9.66,9.4,9.6,0.0,9080.0,85989.81,0
2026-03-23,2026-03-23 11:00:00,9.41,9.48,9.14,9.45,0.43,16366.0,150121.46,1
2026-03-23,2026-03-23 12:00:00,9.45,9.48,9.45,9.48,0.32,16366.0,150121.46,1
2026-03-23,2026-03-23 13:00:00,9.48,9.52,9.48,9.52,0.42,16366.0,150121.46,1
2026-03-23,2026-03-23 14:00:00,9.52,9.55,9.52,9.55,0.32,16366.0,150121.46,1
2026-03-23,2026-03-23 15:00:00,9.55,9.55,8.87,9.55,0.0,16366.0,150121.46,0
2026-03-24,2026-03-24 11:00:00,9.37,9.59,9.37,9.45,0.85,6012.0,58057.32,1
2026-03-24,2026-03-24 12:00:00,9.45,9.54,9.45,9.54,0.95,6012.0,58057.32,1
2026-03-24,2026-03-24 13:00:00,9.54,9.62,9.54,9.62,0.84,6012.0,58057.32,1
2026-03-24,2026-03-24 14:00:00,9.62,9.7,9.62,9.7,0.83,6012.0,58057.32,1
2026-03-24,2026-03-24 15:00:00,9.7,9.82,9.37,9.7,0.0,6012.0,58057.32,0
2026-03-25,2026-03-25 11:00:00,9.52,9.7,9.46,9.61,0.95,8778.0,84438.56,1
2026-03-25,2026-03-25 12:00:00,9.61,9.7,9.61,9.7,0.94,8778.0,84438.56,1
2026-03-25,2026-03-25 13:00:00,9.7,9.78,9.7,9.78,0.82,8778.0,84438.56,1
2026-03-25,2026-03-25 14:00:00,9.78,9.87,9.78,9.87,0.92,8778.0,84438.56,1
2026-03-25,2026-03-25 15:00:00,9.87,9.87,9.4,9.87,0.0,8778.0,84438.56,0
2026-03-26,2026-03-26 11:00:00,10.01,10.43,9.71,9.93,-0.8,29394.6,296838.74,-1
2026-03-26,2026-03-26 12:00:00,9.93,9.93,9.86,9.86,-0.7,29394.6,296838.74,-1
2026-03-26,2026-03-26 13:00:00,9.86,9.86,9.78,9.78,-0.81,29394.6,296838.74,-1
2026-03-26,2026-03-26 14:00:00,9.78,9.78,9.7,9.7,-0.82,29394.6,296838.74,-1
2026-03-26,2026-03-26 15:00:00,9.7,10.85,9.42,9.7,0.0,29394.6,296838.74,0
2026-03-29,2026-03-29 11:00:00,9.7,9.79,9.56,9.67,-0.31,8690.0,83101.5,-1
2026-03-29,2026-03-29 12:00:00,9.67,9.67,9.65,9.65,-0.21,8690.0,83101.5,-1
2026-03-29,2026-03-29 13:00:00,9.65,9.65,9.62,9.62,-0.31,8690.0,83101.5,-1
2026-03-29,2026-03-29 14:00:00,9.62,9.62,9.6,9.6,-0.21,8690.0,83101.5,-1
2026-03-29,2026-03-29 15:00:00,9.6,9.88,9.42,9.6,0.0,8690.0,83101.5,0
2026-03-30,2026-03-30 11:00:00,9.41,9.46,9.36,9.41,0.0,6046.0,56890.46,0
2026-03-30,2026-03-30 12:00:00,9.41,9.41,9.41,9.41,0.0,6046.0,56890.46,0
2026-03-30,2026-03-30 13:00:00,9.41,9.41,9.41,9.41,0.0,6046.0,56890.46,0
2026-03-30,2026-03-30 14:00:00,9.41,9.41,9.41,9.41,0.0,6046.0,56890.46,0
2026-03-30,2026-03-30 15:00:00,9.41,9.5,9.3,9.41,0.0,6046.0,56890.46,0
2026-03-31,2026-03-31 11:00:00,9.5,9.54,9.39,9.45,-0.53,6786.4,64178.98,-1
2026-03-31,2026-03-31 12:00:00,9.45,9.45,9.41,9.41,-0.42,6786.4,64178.98,-1
2026-03-31,2026-03-31 13:00:00,9.41,9.41,9.36,9.36,-0.53,6786.4,64178.98,-1
2026-03-31,2026-03-31 14:00:00,9.36,9.36,9.31,9.31,-0.53,6786.4,64178.98,-1
2026-03-31,2026-03-31 15:00:00,9.31,9.59,9.29,9.31,0.0,6786.4,64178.98,0
2026-04-01,2026-04-01 11:00:00,9.2,9.43,9.2,9.23,0.33,6656.6,62411.82,1
2026-04-01,2026-04-01 12:00:00,9.23,9.27,9.23,9.27,0.43,6656.6,62411.82,1
2026-04-01,2026-04-01 13:00:00,9.27,9.3,9.27,9.3,0.32,6656.6,62411.82,1
2026-04-01,2026-04-01 14:00:00,9.3,9.34,9.3,9.34,0.43,6656.6,62411.82,1
2026-04-01,2026-04-01 15:00:00,9.34,9.67,9.2,9.34,0.0,6656.6,62411.82,0
2026-04-02,2026-04-02 11:00:00,9.32,9.32,9.32,9.32,0.0,1066.0,9944.58,0
2026-04-02,2026-04-02 12:00:00,9.32,9.32,9.32,9.32,0.0,1066.0,9944.58,0
2026-04-02,2026-04-02 13:00:00,9.32,9.33,9.32,9.33,0.11,1066.0,9944.58,1
2026-04-02,2026-04-02 14:00:00,9.33,9.33,9.33,9.33,0.0,1066.0,9944.58,0
2026-04-02,2026-04-02 15:00:00,9.33,9.33,9.32,9.33,0.0,1066.0,9944.58,0
2026-04-05,2026-04-05 11:00:00,9.32,9.32,9.24,9.28,-0.43,2200.0,20472.0,-1
2026-04-05,2026-04-05 12:00:00,9.28,9.28,9.24,9.24,-0.43,2200.0,20472.0,-1
2026-04-05,2026-04-05 13:00:00,9.24,9.24,9.2,9.2,-0.43,2200.0,20472.0,-1
2026-04-05,2026-04-05 14:00:00,9.2,9.2,9.16,9.16,-0.43,2200.0,20472.0,-1
2026-04-05,2026-04-05 15:00:00,9.16,9.32,9.16,9.16,0.0,2200.0,20472.0,0
2026-04-06,2026-04-06 11:00:00,8.98,9.16,8.98,9.04,0.67,1020.0,9433.2,1
2026-04-06,2026-04-06 12:00:00,9.04,9.11,9.04,9.11,0.77,1020.0,9433.2,1
2026-04-06,2026-04-06 13:00:00,9.11,9.18,9.11,9.18,0.77,1020.0,9433.2,1
2026-04-06,2026-04-06 14:00:00,9.18,9.24,9.18,9.24,0.65,1020.0,9433.2,1
2026-04-06,2026-04-06 15:00:00,9.24,9.34,8.98,9.24,0.0,1020.0,9433.2,0
2026-04-07,2026-04-07 11:00:00,9.2,9.29,9.2,9.22,0.22,1460.0,13547.5,1
2026-04-07,2026-04-07 12:00:00,9.22,9.25,9.22,9.25,0.33,1460.0,13547.5,1
2026-04-07,2026-04-07 13:00:00,9.25,9.28,9.25,9.28,0.32,1460.0,13547.5,1
2026-04-07,2026-04-07 14:00:00,9.28,9.3,9.28,9.3,0.22,1460.0,13547.5,1
2026-04-07,2026-04-07 15:00:00,9.3,9.38,9.2,9.3,0.0,1460.0,13547.5,0
2026-04-08,2026-04-08 11:00:00,9.12,9.23,9.12,9.16,0.44,340.0,3138.8,1
2026-04-08,2026-04-08 12:00:00,9.16,9.21,9.16,9.21,0.55,340.0,3138.8,1
2026-04-08,2026-04-08 13:00:00,9.21,9.26,9.21,9.26,0.54,340.0,3138.8,1
2026-04-08,2026-04-08 14:00:00,9.26,9.3,9.26,9.3,0.43,340.0,3138.8,1
2026-04-08,2026-04-08 15:00:00,9.3,9.34,9.12,9.3,0.0,340.0,3138.8,0
2026-04-09,2026-04-09 11:00:00,9.12,9.25,9.03,9.15,0.33,9785.4,89838.77,1
2026-04-09,2026-04-09 12:00:00,9.15,9.18,9.15,9.18,0.33,9785.4,89838.77,1
2026-04-09,2026-04-09 13:00:00,9.18,9.22,9.18,9.22,0.44,9785.4,89838.77,1
2026-04-09,2026-04-09 14:00:00,9.22,9.25,9.22,9.25,0.33,9785.4,89838.77,1
2026-04-09,2026-04-09 15:00:00,9.25,9.38,8.94,9.25,0.0,9785.4,89838.77,0
2026-04-10,2026-04-10 11:00:00,9.25,9.34,9.18,9.26,0.11,2250.0,21118.4,1
2026-04-10,2026-04-10 12:00:00,9.26,9.27,9.26,9.27,0.11,2250.0,21118.4,1
2026-04-10,2026-04-10 13:00:00,9.27,9.27,9.27,9.27,0.0,2250.0,21118.4,0
2026-04-10,2026-04-10 14:00:00,9.27,9.28,9.27,9.28,0.11,2250.0,21118.4,1
2026-04-10,2026-04-10 15:00:00,9.28,9.43,9.1,9.28,0.0,2250.0,21118.4,0
2026-04-13,2026-04-13 11:00:00,9.28,9.31,9.28,9.28,0.0,760.0,7057.6,0
2026-04-13,2026-04-13 12:00:00,9.28,9.29,9.28,9.29,0.11,760.0,7057.6,1
2026-04-13,2026-04-13 13:00:00,9.29,9.29,9.29,9.29,0.0,760.0,7057.6,0
2026-04-13,2026-04-13 14:00:00,9.29,9.29,9.29,9.29,0.0,760.0,7057.6,0
2026-04-13,2026-04-13 15:00:00,9.29,9.35,9.28,9.29,0.0,760.0,7057.6,0
2026-04-15,2026-04-15 11:00:00,9.28,9.29,9.21,9.28,0.0,8580.0,79696.8,0
2026-04-15,2026-04-15 12:00:00,9.28,9.29,9.28,9.29,0.11,8580.0,79696.8,1
2026-04-15,2026-04-15 13:00:00,9.29,9.29,9.29,9.29,0.0,8580.0,79696.8,0
2026-04-15,2026-04-15 14:00:00,9.29,9.29,9.29,9.29,0.0,8580.0,79696.8,0
2026-04-15,2026-04-15 15:00:00,9.29,9.3,9.15,9.29,0.0,8580.0,79696.8,0
2026-04-16,2026-04-16 11:00:00,9.15,9.25,9.15,9.17,0.22,2620.0,24214.2,1
2026-04-16,2026-04-16 12:00:00,9.17,9.19,9.17,9.19,0.22,2620.0,24214.2,1
2026-04-16,2026-04-16 13:00:00,9.19,9.21,9.19,9.21,0.22,2620.0,24214.2,1
2026-04-16,2026-04-16 14:00:00,9.21,9.23,9.21,9.23,0.22,2620.0,24214.2,1
2026-04-16,2026-04-16 15:00:00,9.23,9.35,9.15,9.23,0.0,2620.0,24214.2,0
2026-04-17,2026-04-17 11:00:00,9.14,9.21,9.14,9.17,0.33,1842.0,16921.48,1
2026-04-17,2026-04-17 12:00:00,9.17,9.21,9.17,9.21,0.44,1842.0,16921.48,1
2026-04-17,2026-04-17 13:00:00,9.21,9.24,9.21,9.24,0.33,1842.0,16921.48,1
2026-04-17,2026-04-17 14:00:00,9.24,9.27,9.24,9.27,0.32,1842.0,16921.48,1
2026-04-17,2026-04-17 15:00:00,9.27,9.27,9.14,9.27,0.0,1842.0,16921.48,0
2026-04-20,2026-04-20 11:00:00,9.14,9.26,9.14,9.16,0.22,2781.4,25672.53,1
2026-04-20,2026-04-20 12:00:00,9.16,9.18,9.16,9.18,0.22,2781.4,25672.53,1
2026-04-20,2026-04-20 13:00:00,9.18,9.2,9.18,9.2,0.22,2781.4,25672.53,1
2026-04-20,2026-04-20 14:00:00,9.2,9.22,9.2,9.22,0.22,2781.4,25672.53,1
2026-04-20,2026-04-20 15:00:00,9.22,9.38,9.14,9.22,0.0,2781.4,25672.53,0
2026-04-21,2026-04-21 11:00:00,9.14,9.25,9.05,9.16,0.22,4710.0,43189.6,1
2026-04-21,2026-04-21 12:00:00,9.16,9.18,9.16,9.18,0.22,4710.0,43189.6,1
2026-04-21,2026-04-21 13:00:00,9.18,9.19,9.18,9.19,0.11,4710.0,43189.6,1
2026-04-21,2026-04-21 14:00:00,9.19,9.21,9.19,9.21,0.22,4710.0,43189.6,1
2026-04-21,2026-04-21 15:00:00,9.21,9.37,8.96,9.21,0.0,4710.0,43189.6,0
2026-04-22,2026-04-22 11:00:00,9.21,9.26,9.13,9.18,-0.33,830.0,7646.6,-1
2026-04-22,2026-04-22 12:00:00,9.18,9.18,9.15,9.15,-0.33,830.0,7646.6,-1
2026-04-22,2026-04-22 13:00:00,9.15,9.15,9.12,9.12,-0.33,830.0,7646.6,-1
2026-04-22,2026-04-22 14:00:00,9.12,9.12,9.09,9.09,-0.33,830.0,7646.6,-1
2026-04-22,2026-04-22 15:00:00,9.09,9.3,9.05,9.09,0.0,830.0,7646.6,0
2026-04-23,2026-04-23 11:00:00,9.06,9.16,9.03,9.11,0.55,2222.0,20176.1,1
2026-04-23,2026-04-23 12:00:00,9.11,9.16,9.11,9.16,0.55,2222.0,20176.1,1
2026-04-23,2026-04-23 13:00:00,9.16,9.2,9.16,9.2,0.44,2222.0,20176.1,1
2026-04-23,2026-04-23 14:00:00,9.2,9.25,9.2,9.25,0.54,2222.0,20176.1,1
2026-04-23,2026-04-23 15:00:00,9.25,9.25,9.0,9.25,0.0,2222.0,20176.1,0
2026-04-24,2026-04-24 11:00:00,9.25,9.25,9.25,9.25,0.0,520.0,4810.0,0
2026-04-24,2026-04-24 12:00:00,9.25,9.25,9.25,9.25,0.0,520.0,4810.0,0
2026-04-24,2026-04-24 13:00:00,9.25,9.25,9.25,9.25,0.0,520.0,4810.0,0
2026-04-24,2026-04-24 14:00:00,9.25,9.25,9.25,9.25,0.0,520.0,4810.0,0
2026-04-24,2026-04-24 15:00:00,9.25,9.25,9.25,9.25,0.0,520.0,4810.0,0
2026-04-27,2026-04-27 11:00:00,9.25,9.25,9.13,9.24,-0.11,360.0,3268.4,-1
2026-04-27,2026-04-27 12:00:00,9.24,9.24,9.22,9.22,-0.22,360.0,3268.4,-1
2026-04-27,2026-04-27 13:00:00,9.22,9.22,9.21,9.21,-0.11,360.0,3268.4,-1
2026-04-27,2026-04-27 14:00:00,9.21,9.21,9.2,9.2,-0.11,360.0,3268.4,-1
2026-04-27,2026-04-27 15:00:00,9.2,9.2,9.01,9.2,0.0,360.0,3268.4,0
2026-04-28,2026-04-28 11:00:00,9.2,9.2,9.11,9.15,-0.54,4017.8,36511.96,-1
2026-04-28,2026-04-28 12:00:00,9.15,9.15,9.11,9.11,-0.44,4017.8,36511.96,-1
2026-04-28,2026-04-28 13:00:00,9.11,9.11,9.06,9.06,-0.55,4017.8,36511.96,-1
2026-04-28,2026-04-28 14:00:00,9.06,9.06,9.02,9.02,-0.44,4017.8,36511.96,-1
2026-04-28,2026-04-28 15:00:00,9.02,9.2,9.01,9.02,0.0,4017.8,36511.96,0
2026-04-29,2026-04-29 11:00:00,9.02,9.16,8.98,9.03,0.11,4260.0,39360.5,1
2026-04-29,2026-04-29 12:00:00,9.03,9.04,9.03,9.04,0.11,4260.0,39360.5,1
2026-04-29,2026-04-29 13:00:00,9.04,9.04,9.04,9.04,0.0,4260.0,39360.5,0
2026-04-29,2026-04-29 14:00:00,9.04,9.05,9.04,9.05,0.11,4260.0,39360.5,1
2026-04-29,2026-04-29 15:00:00,9.05,9.3,8.95,9.05,0.0,4260.0,39360.5,0
2026-04-30,2026-04-30 11:00:00,8.96,8.98,8.96,8.97,0.11,8219.0,73961.0,1
2026-04-30,2026-04-30 12:00:00,8.97,8.98,8.97,8.98,0.11,8219.0,73961.0,1
2026-04-30,2026-04-30 13:00:00,8.98,8.99,8.98,8.99,0.11,8219.0,73961.0,1
2026-04-30,2026-04-30 14:00:00,8.99,9.0,8.99,9.0,0.11,8219.0,73961.0,1
2026-04-30,2026-04-30 15:00:00,9.0,9.0,8.96,9.0,0.0,8219.0,73961.0,0
2026-05-04,2026-05-04 11:00:00,9.0,9.22,8.9,9.0,0.0,30474.6,275967.62,0
2026-05-04,2026-05-04 12:00:00,9.0,9.0,9.0,9.0,0.0,30474.6,275967.62,0
2026-05-04,2026-05-04 13:00:00,9.0,9.0,9.0,9.0,0.0,30474.6,275967.62,0
2026-05-04,2026-05-04 14:00:00,9.0,9.0,9.0,9.0,0.0,30474.6,275967.62,0
2026-05-04,2026-05-04 15:00:00,9.0,9.44,8.8,9.0,0.0,30474.6,275967.62,0
2026-05-05,2026-05-05 11:00:00,8.86,9.21,8.77,8.91,0.56,4850.0,44960.3,1
2026-05-05,2026-05-05 12:00:00,8.91,8.96,8.91,8.96,0.56,4850.0,44960.3,1
2026-05-05,2026-05-05 13:00:00,8.96,9.02,8.96,9.02,0.67,4850.0,44960.3,1
2026-05-05,2026-05-05 14:00:00,9.02,9.07,9.02,9.07,0.55,4850.0,44960.3,1
2026-05-05,2026-05-05 15:00:00,9.07,9.57,8.67,9.07,0.0,4850.0,44960.3,0
2026-05-06,2026-05-06 11:00:00,8.88,9.14,8.88,9.0,1.35,7424.2,69110.35,1
2026-05-06,2026-05-06 12:00:00,9.0,9.12,9.0,9.12,1.33,7424.2,69110.35,1
2026-05-06,2026-05-06 13:00:00,9.12,9.25,9.12,9.25,1.43,7424.2,69110.35,1
2026-05-06,2026-05-06 14:00:00,9.25,9.37,9.25,9.37,1.3,7424.2,69110.35,1
2026-05-06,2026-05-06 15:00:00,9.37,9.39,8.88,9.37,0.0,7424.2,69110.35,0
2026-05-07,2026-05-07 11:00:00,9.37,9.48,9.23,9.38,0.11,820.0,7645.6,1
2026-05-07,2026-05-07 12:00:00,9.38,9.38,9.38,9.38,0.0,820.0,7645.6,0
2026-05-07,2026-05-07 13:00:00,9.38,9.38,9.38,9.38,0.0,820.0,7645.6,0
2026-05-07,2026-05-07 14:00:00,9.38,9.39,9.38,9.39,0.11,820.0,7645.6,1
2026-05-07,2026-05-07 15:00:00,9.39,9.6,9.09,9.39,0.0,820.0,7645.6,0
2026-05-08,2026-05-08 11:00:00,8.93,9.29,8.93,9.07,1.57,2780.0,26159.6,1
2026-05-08,2026-05-08 12:00:00,9.07,9.21,9.07,9.21,1.54,2780.0,26159.6,1
2026-05-08,2026-05-08 13:00:00,9.21,9.35,9.21,9.35,1.52,2780.0,26159.6,1
2026-05-08,2026-05-08 14:00:00,9.35,9.49,9.35,9.49,1.5,2780.0,26159.6,1
2026-05-08,2026-05-08 15:00:00,9.49,9.64,8.93,9.49,0.0,2780.0,26159.6,0
2026-05-11,2026-05-11 11:00:00,9.47,9.57,9.39,9.5,0.32,1360.0,12744.4,1
2026-05-11,2026-05-11 12:00:00,9.5,9.54,9.5,9.54,0.42,1360.0,12744.4,1
2026-05-11,2026-05-11 13:00:00,9.54,9.57,9.54,9.57,0.31,1360.0,12744.4,1
2026-05-11,2026-05-11 14:00:00,9.57,9.6,9.57,9.6,0.31,1360.0,12744.4,1
2026-05-11,2026-05-11 15:00:00,9.6,9.66,9.3,9.6,0.0,1360.0,12744.4,0
2026-05-12,2026-05-12 11:00:00,9.32,9.36,9.3,9.31,-0.11,580.0,5428.4,-1
2026-05-12,2026-05-12 12:00:00,9.31,9.31,9.3,9.3,-0.11,580.0,5428.4,-1
2026-05-12,2026-05-12 13:00:00,9.3,9.3,9.3,9.3,0.0,580.0,5428.4,0
2026-05-12,2026-05-12 14:00:00,9.3,9.3,9.29,9.29,-0.11,580.0,5428.4,-1
2026-05-12,2026-05-12 15:00:00,9.29,9.4,9.29,9.29,0.0,580.0,5428.4,0
2026-05-13,2026-05-13 11:00:00,9.29,9.52,9.2,9.24,-0.54,402.6,3771.16,-1
2026-05-13,2026-05-13 12:00:00,9.24,9.24,9.2,9.2,-0.43,402.6,3771.16,-1
2026-05-13,2026-05-13 13:00:00,9.2,9.2,9.15,9.15,-0.54,402.6,3771.16,-1
2026-05-13,2026-05-13 14:00:00,9.15,9.15,9.1,9.1,-0.55,402.6,3771.16,-1
2026-05-13,2026-05-13 15:00:00,9.1,9.76,9.1,9.1,0.0,402.6,3771.16,0
2026-05-14,2026-05-14 11:00:00,9.04,9.31,9.04,9.14,1.11,564.0,5187.88,1
2026-05-14,2026-05-14 12:00:00,9.14,9.23,9.14,9.23,0.98,564.0,5187.88,1
2026-05-14,2026-05-14 13:00:00,9.23,9.33,9.23,9.33,1.08,564.0,5187.88,1
2026-05-14,2026-05-14 14:00:00,9.33,9.43,9.33,9.43,1.07,564.0,5187.88,1
2026-05-14,2026-05-14 15:00:00,9.43,9.59,9.04,9.43,0.0,564.0,5187.88,0
2026-05-15,2026-05-15 11:00:00,9.75,9.75,9.46,9.67,-0.82,468.6,4404.2,-1
2026-05-15,2026-05-15 12:00:00,9.67,9.67,9.59,9.59,-0.83,468.6,4404.2,-1
2026-05-15,2026-05-15 13:00:00,9.59,9.59,9.5,9.5,-0.94,468.6,4404.2,-1
2026-05-15,2026-05-15 14:00:00,9.5,9.5,9.42,9.42,-0.84,468.6,4404.2,-1
2026-05-15,2026-05-15 15:00:00,9.42,9.75,9.18,9.42,0.0,468.6,4404.2,0
2026-05-18,2026-05-18 11:00:00,9.65,9.65,9.39,9.53,-1.24,220.0,2043.8,-1
2026-05-18,2026-05-18 12:00:00,9.53,9.53,9.4,9.4,-1.36,220.0,2043.8,-1
2026-05-18,2026-05-18 13:00:00,9.4,9.4,9.28,9.28,-1.28,220.0,2043.8,-1
2026-05-18,2026-05-18 14:00:00,9.28,9.28,9.15,9.15,-1.4,220.0,2043.8,-1
2026-05-18,2026-05-18 15:00:00,9.15,9.65,9.14,9.15,0.0,220.0,2043.8,0
2026-05-19,2026-05-19 11:00:00,9.0,9.17,9.0,9.09,1.0,300.0,2778.0,1
2026-05-19,2026-05-19 12:00:00,9.09,9.17,9.09,9.17,0.88,300.0,2778.0,1
2026-05-19,2026-05-19 13:00:00,9.17,9.25,9.17,9.25,0.87,300.0,2778.0,1
2026-05-19,2026-05-19 14:00:00,9.25,9.34,9.25,9.34,0.97,300.0,2778.0,1
2026-05-19,2026-05-19 15:00:00,9.34,9.34,9.0,9.34,0.0,300.0,2778.0,0
2026-05-20,2026-05-20 11:00:00,9.35,9.35,9.21,9.34,-0.11,340.0,3150.8,-1
2026-05-20,2026-05-20 12:00:00,9.34,9.34,9.34,9.34,0.0,340.0,3150.8,0
2026-05-20,2026-05-20 13:00:00,9.34,9.34,9.34,9.34,0.0,340.0,3150.8,0
2026-05-20,2026-05-20 14:00:00,9.34,9.34,9.33,9.33,-0.11,340.0,3150.8,-1
2026-05-20,2026-05-20 15:00:00,9.33,9.35,9.08,9.33,0.0,340.0,3150.8,0
2026-05-21,2026-05-21 11:00:00,9.06,9.2,9.03,9.12,0.66,280.0,2573.0,1
2026-05-21,2026-05-21 12:00:00,9.12,9.19,9.12,9.19,0.77,280.0,2573.0,1
2026-05-21,2026-05-21 13:00:00,9.19,9.25,9.19,9.25,0.65,280.0,2573.0,1
2026-05-21,2026-05-21 14:00:00,9.25,9.31,9.25,9.31,0.65,280.0,2573.0,1
2026-05-21,2026-05-21 15:00:00,9.31,9.33,9.0,9.31,0.0,280.0,2573.0,0
2026-05-22,2026-05-22 11:00:00,9.34,9.34,9.22,9.33,-0.11,2160.0,19850.4,-1
2026-05-22,2026-05-22 12:00:00,9.33,9.33,9.31,9.31,-0.21,2160.0,19850.4,-1
2026-05-22,2026-05-22 13:00:00,9.31,9.31,9.3,9.3,-0.11,2160.0,19850.4,-1
2026-05-22,2026-05-22 14:00:00,9.3,9.3,9.29,9.29,-0.11,2160.0,19850.4,-1
2026-05-22,2026-05-22 15:00:00,9.29,9.34,9.1,9.29,0.0,2160.0,19850.4,0
2026-05-25,2026-05-25 11:00:00,9.13,9.24,9.13,9.18,0.55,556.0,5109.76,1
2026-05-25,2026-05-25 12:00:00,9.18,9.23,9.18,9.23,0.54,556.0,5109.76,1
2026-05-25,2026-05-25 13:00:00,9.23,9.27,9.23,9.27,0.43,556.0,5109.76,1
2026-05-25,2026-05-25 14:00:00,9.27,9.32,9.27,9.32,0.54,556.0,5109.76,1
2026-05-25,2026-05-25 15:00:00,9.32,9.35,9.13,9.32,0.0,556.0,5109.76,0
2026-05-26,2026-05-26 11:00:00,9.0,9.17,9.0,9.09,1.0,430.0,3936.4,1
2026-05-26,2026-05-26 12:00:00,9.09,9.17,9.09,9.17,0.88,430.0,3936.4,1
2026-05-26,2026-05-26 13:00:00,9.17,9.25,9.17,9.25,0.87,430.0,3936.4,1
2026-05-26,2026-05-26 14:00:00,9.25,9.34,9.25,9.34,0.97,430.0,3936.4,1
2026-05-26,2026-05-26 15:00:00,9.34,9.34,9.0,9.34,0.0,430.0,3936.4,0
2026-05-27,2026-05-27 11:00:00,9.16,9.25,9.16,9.2,0.44,762.0,6999.12,1
2026-05-27,2026-05-27 12:00:00,9.2,9.25,9.2,9.25,0.54,762.0,6999.12,1
2026-05-27,2026-05-27 13:00:00,9.25,9.29,9.25,9.29,0.43,762.0,6999.12,1
2026-05-27,2026-05-27 14:00:00,9.29,9.33,9.29,9.33,0.43,762.0,6999.12,1
2026-05-27,2026-05-27 15:00:00,9.33,9.34,9.16,9.33,0.0,762.0,6999.12,0
2026-06-01,2026-06-01 11:00:00,9.13,9.23,9.13,9.18,0.55,920.0,8494.0,1
2026-06-01,2026-06-01 12:00:00,9.18,9.23,9.18,9.23,0.54,920.0,8494.0,1
2026-06-01,2026-06-01 13:00:00,9.23,9.29,9.23,9.29,0.65,920.0,8494.0,1
2026-06-01,2026-06-01 14:00:00,9.29,9.34,9.29,9.34,0.54,920.0,8494.0,1
2026-06-01,2026-06-01 15:00:00,9.34,9.34,9.13,9.34,0.0,920.0,8494.0,0
2026-06-02,2026-06-02 11:00:00,9.35,9.35,9.23,9.29,-0.64,1166.0,10676.64,-1
2026-06-02,2026-06-02 12:00:00,9.29,9.29,9.24,9.24,-0.54,1166.0,10676.64,-1
2026-06-02,2026-06-02 13:00:00,9.24,9.24,9.19,9.19,-0.54,1166.0,10676.64,-1
2026-06-02,2026-06-02 14:00:00,9.19,9.19,9.13,9.13,-0.65,1166.0,10676.64,-1
2026-06-02,2026-06-02 15:00:00,9.13,9.35,9.12,9.13,0.0,1166.0,10676.64,0
2026-06-03,2026-06-03 11:00:00,9.4,9.4,9.15,9.32,-0.85,4723.0,43042.2,-1
2026-06-03,2026-06-03 12:00:00,9.32,9.32,9.25,9.25,-0.75,4723.0,43042.2,-1
2026-06-03,2026-06-03 13:00:00,9.25,9.25,9.18,9.18,-0.76,4723.0,43042.2,-1
2026-06-03,2026-06-03 14:00:00,9.18,9.18,9.1,9.1,-0.87,4723.0,43042.2,-1
2026-06-03,2026-06-03 15:00:00,9.1,9.4,8.9,9.1,0.0,4723.0,43042.2,0
2026-06-04,2026-06-04 11:00:00,9.2,9.2,9.11,9.2,0.0,2290.0,21006.4,0
2026-06-04,2026-06-04 12:00:00,9.2,9.2,9.19,9.19,-0.11,2290.0,21006.4,-1
2026-06-04,2026-06-04 13:00:00,9.19,9.19,9.18,9.18,-0.11,2290.0,21006.4,-1
2026-06-04,2026-06-04 14:00:00,9.18,9.18,9.18,9.18,0.0,2290.0,21006.4,0
2026-06-04,2026-06-04 15:00:00,9.18,9.2,9.01,9.18,0.0,2290.0,21006.4,0
2026-06-05,2026-06-05 11:00:00,9.2,9.2,9.1,9.2,0.0,3670.0,33437.78,0
2026-06-05,2026-06-05 12:00:00,9.2,9.2,9.2,9.2,0.0,3670.0,33437.78,0
2026-06-05,2026-06-05 13:00:00,9.2,9.2,9.2,9.2,0.0,3670.0,33437.78,0
2026-06-05,2026-06-05 14:00:00,9.2,9.2,9.2,9.2,0.0,3670.0,33437.78,0
2026-06-05,2026-06-05 15:00:00,9.2,9.2,9.0,9.2,0.0,3670.0,33437.78,0
2026-06-08,2026-06-08 11:00:00,9.2,9.31,9.05,9.25,0.54,10470.0,93975.8,1
2026-06-08,2026-06-08 12:00:00,9.25,9.31,9.25,9.31,0.65,10470.0,93975.8,1
2026-06-08,2026-06-08 13:00:00,9.31,9.37,9.31,9.37,0.64,10470.0,93975.8,1
2026-06-08,2026-06-08 14:00:00,9.37,9.42,9.37,9.42,0.53,10470.0,93975.8,1
2026-06-08,2026-06-08 15:00:00,9.42,9.42,8.91,9.42,0.0,10470.0,93975.8,0
2026-06-09,2026-06-09 11:00:00,9.38,9.38,9.19,9.36,-0.21,3839.0,34901.4,-1
2026-06-09,2026-06-09 12:00:00,9.36,9.36,9.33,9.33,-0.32,3839.0,34901.4,-1
2026-06-09,2026-06-09 13:00:00,9.33,9.33,9.3,9.3,-0.32,3839.0,34901.4,-1
2026-06-09,2026-06-09 14:00:00,9.3,9.3,9.28,9.28,-0.22,3839.0,34901.4,-1
2026-06-09,2026-06-09 15:00:00,9.28,9.38,9.0,9.28,0.0,3839.0,34901.4,0
2026-06-10,2026-06-10 11:00:00,9.28,9.4,9.13,9.3,0.22,2680.0,24861.1,1
2026-06-10,2026-06-10 12:00:00,9.3,9.32,9.3,9.32,0.22,2680.0,24861.1,1
2026-06-10,2026-06-10 13:00:00,9.32,9.34,9.32,9.34,0.21,2680.0,24861.1,1
2026-06-10,2026-06-10 14:00:00,9.34,9.36,9.34,9.36,0.21,2680.0,24861.1,1
2026-06-10,2026-06-10 15:00:00,9.36,9.52,8.99,9.36,0.0,2680.0,24861.1,0
2026-06-11,2026-06-11 11:00:00,9.08,9.23,9.08,9.09,0.11,2236.0,20722.88,1
2026-06-11,2026-06-11 12:00:00,9.09,9.09,9.09,9.09,0.0,2236.0,20722.88,0
2026-06-11,2026-06-11 13:00:00,9.09,9.1,9.09,9.1,0.11,2236.0,20722.88,1
2026-06-11,2026-06-11 14:00:00,9.1,9.11,9.1,9.11,0.11,2236.0,20722.88,1
2026-06-11,2026-06-11 15:00:00,9.11,9.39,9.08,9.11,0.0,2236.0,20722.88,0
2026-06-12,2026-06-12 11:00:00,9.56,9.56,9.29,9.52,-0.42,610.0,5674.9,-1
2026-06-12,2026-06-12 12:00:00,9.52,9.52,9.48,9.48,-0.42,610.0,5674.9,-1
2026-06-12,2026-06-12 13:00:00,9.48,9.48,9.44,9.44,-0.42,610.0,5674.9,-1
2026-06-12,2026-06-12 14:00:00,9.44,9.44,9.4,9.4,-0.42,610.0,5674.9,-1
2026-06-12,2026-06-12 15:00:00,9.4,9.56,9.03,9.4,0.0,610.0,5674.9,0
2026-06-15,2026-06-15 11:00:00,9.2,9.29,9.06,9.24,0.43,940.0,8613.2,1
2026-06-15,2026-06-15 12:00:00,9.24,9.27,9.24,9.27,0.32,940.0,8613.2,1
2026-06-15,2026-06-15 13:00:00,9.27,9.31,9.27,9.31,0.43,940.0,8613.2,1
2026-06-15,2026-06-15 14:00:00,9.31,9.35,9.31,9.35,0.43,940.0,8613.2,1
2026-06-15,2026-06-15 15:00:00,9.35,9.39,8.93,9.35,0.0,940.0,8613.2,0
2026-06-16,2026-06-16 11:00:00,9.8,9.8,9.39,9.7,-1.02,922.0,8473.64,-1
2026-06-16,2026-06-16 12:00:00,9.7,9.7,9.6,9.6,-1.03,922.0,8473.64,-1
2026-06-16,2026-06-16 13:00:00,9.6,9.6,9.5,9.5,-1.04,922.0,8473.64,-1
2026-06-16,2026-06-16 14:00:00,9.5,9.5,9.4,9.4,-1.05,922.0,8473.64,-1
2026-06-16,2026-06-16 15:00:00,9.4,9.8,8.99,9.4,0.0,922.0,8473.64,0
2026-06-17,2026-06-17 11:00:00,9.25,9.32,9.14,9.28,0.32,884.0,8220.34,1
2026-06-17,2026-06-17 12:00:00,9.28,9.3,9.28,9.3,0.22,884.0,8220.34,1
2026-06-17,2026-06-17 13:00:00,9.3,9.32,9.3,9.32,0.22,884.0,8220.34,1
2026-06-17,2026-06-17 14:00:00,9.32,9.35,9.32,9.35,0.32,884.0,8220.34,1
2026-06-17,2026-06-17 15:00:00,9.35,9.4,9.04,9.35,0.0,884.0,8220.34,0
2026-06-18,2026-06-18 11:00:00,9.35,9.43,9.21,9.34,-0.11,1832.0,16760.64,-1
2026-06-18,2026-06-18 12:00:00,9.34,9.34,9.34,9.34,0.0,1832.0,16760.64,0
2026-06-18,2026-06-18 13:00:00,9.34,9.34,9.34,9.34,0.0,1832.0,16760.64,0
2026-06-18,2026-06-18 14:00:00,9.34,9.34,9.33,9.33,-0.11,1832.0,16760.64,-1
2026-06-18,2026-06-18 15:00:00,9.33,9.5,9.07,9.33,0.0,1832.0,16760.64,0
2026-06-19,2026-06-19 11:00:00,9.3,9.38,9.2,9.26,-0.43,1414.0,12993.48,-1
2026-06-19,2026-06-19 12:00:00,9.26,9.26,9.21,9.21,-0.54,1414.0,12993.48,-1
2026-06-19,2026-06-19 13:00:00,9.21,9.21,9.16,9.16,-0.54,1414.0,12993.48,-1
2026-06-19,2026-06-19 14:00:00,9.16,9.16,9.12,9.12,-0.44,1414.0,12993.48,-1
2026-06-19,2026-06-19 15:00:00,9.12,9.46,9.1,9.12,0.0,1414.0,12993.48,0
2026-06-22,2026-06-22 11:00:00,9.39,9.41,9.12,9.28,-1.17,240.0,2206.8,-1
2026-06-22,2026-06-22 12:00:00,9.28,9.28,9.17,9.17,-1.19,240.0,2206.8,-1
2026-06-22,2026-06-22 13:00:00,9.17,9.17,9.06,9.06,-1.2,240.0,2206.8,-1
2026-06-22,2026-06-22 14:00:00,9.06,9.06,8.95,8.95,-1.21,240.0,2206.8,-1
2026-06-22,2026-06-22 15:00:00,8.95,9.42,8.85,8.95,0.0,240.0,2206.8,0
2026-06-23,2026-06-23 11:00:00,9.0,9.18,8.88,9.07,0.78,3280.6,29863.45,1
2026-06-23,2026-06-23 12:00:00,9.07,9.14,9.07,9.14,0.77,3280.6,29863.45,1
2026-06-23,2026-06-23 13:00:00,9.14,9.22,9.14,9.22,0.88,3280.6,29863.45,1
2026-06-23,2026-06-23 14:00:00,9.22,9.29,9.22,9.29,0.76,3280.6,29863.45,1
2026-06-23,2026-06-23 15:00:00,9.29,9.37,8.76,9.29,0.0,3280.6,29863.45,0
2026-06-24,2026-06-24 11:00:00,9.5,9.5,9.28,9.44,-0.63,244.6,2256.21,-1
2026-06-24,2026-06-24 12:00:00,9.44,9.44,9.38,9.38,-0.64,244.6,2256.21,-1
2026-06-24,2026-06-24 13:00:00,9.38,9.38,9.31,9.31,-0.75,244.6,2256.21,-1
2026-06-24,2026-06-24 14:00:00,9.31,9.31,9.25,9.25,-0.64,244.6,2256.21,-1
2026-06-24,2026-06-24 15:00:00,9.25,9.5,9.05,9.25,0.0,244.6,2256.21,0
2026-06-25,2026-06-25 11:00:00,9.25,9.38,9.18,9.27,0.22,240.0,2219.2,1
2026-06-25,2026-06-25 12:00:00,9.27,9.28,9.27,9.28,0.11,240.0,2219.2,1
2026-06-25,2026-06-25 13:00:00,9.28,9.29,9.28,9.29,0.11,240.0,2219.2,1
2026-06-25,2026-06-25 14:00:00,9.29,9.31,9.29,9.31,0.22,240.0,2219.2,1
2026-06-25,2026-06-25 15:00:00,9.31,9.51,9.1,9.31,0.0,240.0,2219.2,0
2026-06-26,2026-06-26 11:00:00,9.5,9.5,9.14,9.45,-0.53,2620.0,23153.6,-1
2026-06-26,2026-06-26 12:00:00,9.45,9.45,9.4,9.4,-0.53,2620.0,23153.6,-1
2026-06-26,2026-06-26 13:00:00,9.4,9.4,9.35,9.35,-0.53,2620.0,23153.6,-1
2026-06-26,2026-06-26 14:00:00,9.35,9.35,9.3,9.3,-0.53,2620.0,23153.6,-1
2026-06-26,2026-06-26 15:00:00,9.3,9.5,8.79,9.3,0.0,2620.0,23153.6,0
2026-06-29,2026-06-29 11:00:00,9.03,9.27,8.9,9.1,0.78,1561.4,14120.52,1
2026-06-29,2026-06-29 12:00:00,9.1,9.16,9.1,9.16,0.66,1561.4,14120.52,1
2026-06-29,2026-06-29 13:00:00,9.16,9.23,9.16,9.23,0.76,1561.4,14120.52,1
2026-06-29,2026-06-29 14:00:00,9.23,9.3,9.23,9.3,0.76,1561.4,14120.52,1
2026-06-29,2026-06-29 15:00:00,9.3,9.51,8.77,9.3,0.0,1561.4,14120.52,0
2026-06-30,2026-06-30 11:00:00,8.89,9.1,8.89,9.0,1.24,240.0,2165.6,1
2026-06-30,2026-06-30 12:00:00,9.0,9.1,9.0,9.1,1.11,240.0,2165.6,1
2026-06-30,2026-06-30 13:00:00,9.1,9.21,9.1,9.21,1.21,240.0,2165.6,1
2026-06-30,2026-06-30 14:00:00,9.21,9.31,9.21,9.31,1.09,240.0,2165.6,1
2026-06-30,2026-06-30 15:00:00,9.31,9.31,8.89,9.31,0.0,240.0,2165.6,0
2026-07-01,2026-07-01 11:00:00,9.05,9.18,9.04,9.06,0.11,580.0,5270.6,1
2026-07-01,2026-07-01 12:00:00,9.06,9.07,9.06,9.07,0.11,580.0,5270.6,1
2026-07-01,2026-07-01 13:00:00,9.07,9.07,9.07,9.07,0.0,580.0,5270.6,0
2026-07-01,2026-07-01 14:00:00,9.07,9.08,9.07,9.08,0.11,580.0,5270.6,1
2026-07-01,2026-07-01 15:00:00,9.08,9.3,9.04,9.08,0.0,580.0,5270.6,0
2026-07-02,2026-07-02 11:00:00,9.22,9.23,9.1,9.17,-0.54,200.0,1825.8,-1
2026-07-02,2026-07-02 12:00:00,9.17,9.17,9.12,9.12,-0.55,200.0,1825.8,-1
2026-07-02,2026-07-02 13:00:00,9.12,9.12,9.06,9.06,-0.66,200.0,1825.8,-1
2026-07-02,2026-07-02 14:00:00,9.06,9.06,9.01,9.01,-0.55,200.0,1825.8,-1
2026-07-02,2026-07-02 15:00:00,9.01,9.24,8.97,9.01,0.0,200.0,1825.8,0
2026-07-03,2026-07-03 11:00:00,9.12,9.21,9.02,9.16,0.44,2036.0,18436.9,1
2026-07-03,2026-07-03 12:00:00,9.16,9.21,9.16,9.21,0.55,2036.0,18436.9,1
2026-07-03,2026-07-03 13:00:00,9.21,9.26,9.21,9.26,0.54,2036.0,18436.9,1
2026-07-03,2026-07-03 14:00:00,9.26,9.3,9.26,9.3,0.43,2036.0,18436.9,1
2026-07-03,2026-07-03 15:00:00,9.3,9.3,8.91,9.3,0.0,2036.0,18436.9,0
2026-07-06,2026-07-06 11:00:00,9.5,9.5,8.96,9.28,-2.32,740.0,6416.4,-1
2026-07-06,2026-07-06 12:00:00,9.28,9.28,9.05,9.05,-2.48,740.0,6416.4,-1
2026-07-06,2026-07-06 13:00:00,9.05,9.05,8.82,8.82,-2.54,740.0,6416.4,-1
2026-07-06,2026-07-06 14:00:00,8.82,8.82,8.6,8.6,-2.49,740.0,6416.4,-1
2026-07-06,2026-07-06 15:00:00,8.6,9.5,8.43,8.6,0.0,740.0,6416.4,0
2026-07-07,2026-07-07 11:00:00,8.61,8.98,8.61,8.72,1.28,2550.0,23114.8,1
2026-07-07,2026-07-07 12:00:00,8.72,8.84,8.72,8.84,1.38,2550.0,23114.8,1
2026-07-07,2026-07-07 13:00:00,8.84,8.96,8.84,8.96,1.36,2550.0,23114.8,1
2026-07-07,2026-07-07 14:00:00,8.96,9.07,8.96,9.07,1.23,2550.0,23114.8,1
2026-07-07,2026-07-07 15:00:00,9.07,9.36,8.61,9.07,0.0,2550.0,23114.8,0
2026-07-08,2026-07-08 11:00:00,9.34,9.34,9.12,9.23,-1.18,1820.0,16558.0,-1
2026-07-08,2026-07-08 12:00:00,9.23,9.23,9.12,9.12,-1.19,1820.0,16558.0,-1
2026-07-08,2026-07-08 13:00:00,9.12,9.12,9.02,9.02,-1.1,1820.0,16558.0,-1
2026-07-08,2026-07-08 14:00:00,9.02,9.02,8.91,8.91,-1.22,1820.0,16558.0,-1
2026-07-08,2026-07-08 15:00:00,8.91,9.34,8.91,8.91,0.0,1820.0,16558.0,0
2026-07-09,2026-07-09 11:00:00,9.17,9.23,9.04,9.17,0.0,470.0,4231.14,0
2026-07-09,2026-07-09 12:00:00,9.17,9.17,9.17,9.17,0.0,470.0,4231.14,0
2026-07-09,2026-07-09 13:00:00,9.17,9.17,9.17,9.17,0.0,470.0,4231.14,0
2026-07-09,2026-07-09 14:00:00,9.17,9.17,9.17,9.17,0.0,470.0,4231.14,0
2026-07-09,2026-07-09 15:00:00,9.17,9.3,8.9,9.17,0.0,470.0,4231.14,0
2026-07-10,2026-07-10 11:00:00,9.5,9.5,8.98,9.24,-2.74,24170.0,205671.9,-1
2026-07-10,2026-07-10 12:00:00,9.24,9.24,8.98,8.98,-2.81,24170.0,205671.9,-1
2026-07-10,2026-07-10 13:00:00,8.98,8.98,8.73,8.73,-2.78,24170.0,205671.9,-1
2026-07-10,2026-07-10 14:00:00,8.73,8.73,8.47,8.47,-2.98,24170.0,205671.9,-1
2026-07-10,2026-07-10 15:00:00,8.47,9.5,8.47,8.47,0.0,24170.0,205671.9,0
2026-07-13,2026-07-13 11:00:00,8.72,8.91,8.44,8.64,-0.92,30325.4,250447.91,-1
2026-07-13,2026-07-13 12:00:00,8.64,8.64,8.57,8.57,-0.81,30325.4,250447.91,-1
2026-07-13,2026-07-13 13:00:00,8.57,8.57,8.5,8.5,-0.82,30325.4,250447.91,-1
2026-07-13,2026-07-13 14:00:00,8.5,8.5,8.42,8.42,-0.94,30325.4,250447.91,-1
2026-07-13,2026-07-13 15:00:00,8.42,9.11,8.15,8.42,0.0,30325.4,250447.91,0
2026-07-14,2026-07-14 11:00:00,8.67,8.87,8.63,8.77,1.15,5600.0,48799.8,1
2026-07-14,2026-07-14 12:00:00,8.77,8.87,8.77,8.87,1.14,5600.0,48799.8,1
2026-07-14,2026-07-14 13:00:00,8.87,8.97,8.87,8.97,1.13,5600.0,48799.8,1
2026-07-14,2026-07-14 14:00:00,8.97,9.07,8.97,9.07,1.11,5600.0,48799.8,1
2026-07-14,2026-07-14 15:00:00,9.07,9.07,8.6,9.07,0.0,5600.0,48799.8,0
2026-07-15,2026-07-15 11:00:00,8.9,8.9,8.7,8.8,-1.12,18608.0,160782.28,-1
2026-07-15,2026-07-15 12:00:00,8.8,8.8,8.7,8.7,-1.14,18608.0,160782.28,-1
2026-07-15,2026-07-15 13:00:00,8.7,8.7,8.6,8.6,-1.15,18608.0,160782.28,-1
2026-07-15,2026-07-15 14:00:00,8.6,8.6,8.5,8.5,-1.16,18608.0,160782.28,-1
2026-07-15,2026-07-15 15:00:00,8.5,8.9,8.5,8.5,0.0,18608.0,160782.28,0
2026-07-16,2026-07-16 11:00:00,8.92,9.18,8.61,8.95,0.34,7306.2,62801.7,1
2026-07-16,2026-07-16 12:00:00,8.95,8.98,8.95,8.98,0.34,7306.2,62801.7,1
2026-07-16,2026-07-16 13:00:00,8.98,9.01,8.98,9.01,0.33,7306.2,62801.7,1
2026-07-16,2026-07-16 14:00:00,9.01,9.04,9.01,9.04,0.33,7306.2,62801.7,1
2026-07-16,2026-07-16 15:00:00,9.04,9.45,8.3,9.04,0.0,7306.2,62801.7,0
2026-07-17,2026-07-17 11:00:00,8.8,8.99,8.67,8.89,1.02,4880.0,42722.3,1
2026-07-17,2026-07-17 12:00:00,8.89,8.99,8.89,8.99,1.12,4880.0,42722.3,1
2026-07-17,2026-07-17 13:00:00,8.99,9.09,8.99,9.09,1.11,4880.0,42722.3,1
2026-07-17,2026-07-17 14:00:00,9.09,9.18,9.09,9.18,0.99,4880.0,42722.3,1
2026-07-17,2026-07-17 15:00:00,9.18,9.18,8.54,9.18,0.0,4880.0,42722.3,0
2026-07-20,2026-07-20 11:00:00,8.91,9.04,8.91,8.91,0.0,11960.0,106598.8,0
2026-07-20,2026-07-20 12:00:00,8.91,8.91,8.91,8.91,0.0,11960.0,106598.8,0
2026-07-20,2026-07-20 13:00:00,8.91,8.91,8.91,8.91,0.0,11960.0,106598.8,0
2026-07-20,2026-07-20 14:00:00,8.91,8.91,8.91,8.91,0.0,11960.0,106598.8,0
2026-07-20,2026-07-20 15:00:00,8.91,9.16,8.9,8.91,0.0,11960.0,106598.8,0
2026-07-21,2026-07-21 11:00:00,8.66,8.79,8.66,8.66,0.0,300.0,2605.0,0
2026-07-21,2026-07-21 12:00:00,8.66,8.66,8.66,8.66,0.0,300.0,2605.0,0
2026-07-21,2026-07-21 13:00:00,8.66,8.67,8.66,8.67,0.12,300.0,2605.0,1
2026-07-21,2026-07-21 14:00:00,8.67,8.67,8.67,8.67,0.0,300.0,2605.0,0
2026-07-21,2026-07-21 15:00:00,8.67,8.91,8.66,8.67,0.0,300.0,2605.0,0
2026-07-22,2026-07-22 11:00:00,8.7,8.75,8.63,8.67,-0.34,2380.0,20886.4,-1
2026-07-22,2026-07-22 12:00:00,8.67,8.67,8.65,8.65,-0.23,2380.0,20886.4,-1
2026-07-22,2026-07-22 13:00:00,8.65,8.65,8.62,8.62,-0.35,2380.0,20886.4,-1
2026-07-22,2026-07-22 14:00:00,8.62,8.62,8.6,8.6,-0.23,2380.0,20886.4,-1
2026-07-22,2026-07-22 15:00:00,8.6,8.8,8.56,8.6,0.0,2380.0,20886.4,0
2026-07-23,2026-07-23 11:00:00,8.6,8.72,8.6,8.66,0.7,1348.0,11859.86,1
2026-07-23,2026-07-23 12:00:00,8.66,8.72,8.66,8.72,0.69,1348.0,11859.86,1
2026-07-23,2026-07-23 13:00:00,8.72,8.79,8.72,8.79,0.8,1348.0,11859.86,1
2026-07-23,2026-07-23 14:00:00,8.79,8.85,8.79,8.85,0.68,1348.0,11859.86,1
2026-07-23,2026-07-23 15:00:00,8.85,8.85,8.6,8.85,0.0,1348.0,11859.86,0
2026-07-24,2026-07-24 11:00:00,8.85,8.85,8.75,8.84,-0.11,657.2,5786.12,-1
2026-07-24,2026-07-24 12:00:00,8.84,8.84,8.82,8.82,-0.23,657.2,5786.12,-1
2026-07-24,2026-07-24 13:00:00,8.82,8.82,8.81,8.81,-0.11,657.2,5786.12,-1
2026-07-24,2026-07-24 14:00:00,8.81,8.81,8.8,8.8,-0.11,657.2,5786.12,-1
2026-07-24,2026-07-24 15:00:00,8.8,8.85,8.64,8.8,0.0,657.2,5786.12,0
2026-07-27,2026-07-27 11:00:00,8.8,8.8,8.75,8.8,0.0,2080.0,18120.88,0
2026-07-27,2026-07-27 12:00:00,8.8,8.8,8.8,8.8,0.0,2080.0,18120.88,0
2026-07-27,2026-07-27 13:00:00,8.8,8.8,8.8,8.8,0.0,2080.0,18120.88,0
2026-07-27,2026-07-27 14:00:00,8.8,8.8,8.8,8.8,0.0,2080.0,18120.88,0
2026-07-27,2026-07-27 15:00:00,8.8,8.8,8.7,8.8,0.0,2080.0,18120.88,0
2026-07-28,2026-07-28 11:00:00,8.7,8.8,8.68,8.72,0.23,200.0,1760.4,1
2026-07-28,2026-07-28 12:00:00,8.72,8.75,8.72,8.75,0.34,200.0,1760.4,1
2026-07-28,2026-07-28 13:00:00,8.75,8.78,8.75,8.78,0.34,200.0,1760.4,1
2026-07-28,2026-07-28 14:00:00,8.78,8.8,8.78,8.8,0.23,200.0,1760.4,1
2026-07-28,2026-07-28 15:00:00,8.8,8.9,8.66,8.8,0.0,200.0,1760.4,0
2026-07-29,2026-07-29 11:00:00,8.66,8.82,8.63,8.74,0.92,525.4,4565.55,1
2026-07-29,2026-07-29 12:00:00,8.74,8.82,8.74,8.82,0.92,525.4,4565.55,1
2026-07-29,2026-07-29 13:00:00,8.82,8.91,8.82,8.91,1.02,525.4,4565.55,1
2026-07-29,2026-07-29 14:00:00,8.91,8.99,8.91,8.99,0.9,525.4,4565.55,1
2026-07-29,2026-07-29 15:00:00,8.99,8.99,8.61,8.99,0.0,525.4,4565.55,0
2026-07-30,2026-07-30 11:00:00,8.73,8.75,8.62,8.74,0.11,240.2,2093.55,1
2026-07-30,2026-07-30 12:00:00,8.74,8.75,8.74,8.75,0.11,240.2,2093.55,1
2026-07-30,2026-07-30 13:00:00,8.75,8.76,8.75,8.76,0.11,240.2,2093.55,1
2026-07-30,2026-07-30 14:00:00,8.76,8.77,8.76,8.77,0.11,240.2,2093.55,1
2026-07-30,2026-07-30 15:00:00,8.77,8.77,8.52,8.77,0.0,240.2,2093.55,0
2026-07-31,2026-07-31 11:00:00,8.89,8.89,8.75,8.82,-0.79,874.6,7741.65,-1
2026-07-31,2026-07-31 12:00:00,8.82,8.82,8.75,8.75,-0.79,874.6,7741.65,-1
2026-07-31,2026-07-31 13:00:00,8.75,8.75,8.69,8.69,-0.69,874.6,7741.65,-1
2026-07-31,2026-07-31 14:00:00,8.69,8.69,8.62,8.62,-0.81,874.6,7741.65,-1
2026-07-31,2026-07-31 15:00:00,8.62,8.89,8.62,8.62,0.0,874.6,7741.65,0
2026-08-03,2026-08-03 11:00:00,8.41,8.77,8.32,8.48,0.83,12760.0,113917.5,1
2026-08-03,2026-08-03 12:00:00,8.48,8.55,8.48,8.55,0.83,12760.0,113917.5,1
2026-08-03,2026-08-03 13:00:00,8.55,8.63,8.55,8.63,0.94,12760.0,113917.5,1
2026-08-03,2026-08-03 14:00:00,8.63,8.7,8.63,8.7,0.81,12760.0,113917.5,1
2026-08-03,2026-08-03 15:00:00,8.7,9.13,8.22,8.7,0.0,12760.0,113917.5,0
2026-08-04,2026-08-04 11:00:00,8.6,8.71,8.5,8.65,0.58,1696.0,14553.56,1
2026-08-04,2026-08-04 12:00:00,8.65,8.71,8.65,8.71,0.69,1696.0,14553.56,1
2026-08-04,2026-08-04 13:00:00,8.71,8.76,8.71,8.76,0.57,1696.0,14553.56,1
2026-08-04,2026-08-04 14:00:00,8.76,8.81,8.76,8.81,0.57,1696.0,14553.56,1
2026-08-04,2026-08-04 15:00:00,8.81,8.81,8.4,8.81,0.0,1696.0,14553.56,0
2026-08-05,2026-08-05 11:00:00,8.55,8.55,8.53,8.55,0.0,138.0,1177.1,0
2026-08-05,2026-08-05 12:00:00,8.55,8.55,8.55,8.55,0.0,138.0,1177.1,0
2026-08-05,2026-08-05 13:00:00,8.55,8.55,8.55,8.55,0.0,138.0,1177.1,0
2026-08-05,2026-08-05 14:00:00,8.55,8.55,8.55,8.55,0.0,138.0,1177.1,0
2026-08-05,2026-08-05 15:00:00,8.55,8.55,8.51,8.55,0.0,138.0,1177.1,0
2026-08-06,2026-08-06 11:00:00,8.3,8.54,8.3,8.42,1.45,3585.4,31207.1,1
2026-08-06,2026-08-06 12:00:00,8.42,8.54,8.42,8.54,1.43,3585.4,31207.1,1
2026-08-06,2026-08-06 13:00:00,8.54,8.67,8.54,8.67,1.52,3585.4,31207.1,1
2026-08-06,2026-08-06 14:00:00,8.67,8.79,8.67,8.79,1.38,3585.4,31207.1,1
2026-08-06,2026-08-06 15:00:00,8.79,8.79,8.3,8.79,0.0,3585.4,31207.1,0
2026-08-07,2026-08-07 11:00:00,8.6,8.7,8.56,8.65,0.58,1340.0,11742.8,1
2026-08-07,2026-08-07 12:00:00,8.65,8.7,8.65,8.7,0.58,1340.0,11742.8,1
2026-08-07,2026-08-07 13:00:00,8.7,8.74,8.7,8.74,0.46,1340.0,11742.8,1
2026-08-07,2026-08-07 14:00:00,8.74,8.79,8.74,8.79,0.57,1340.0,11742.8,1
2026-08-07,2026-08-07 15:00:00,8.79,8.8,8.53,8.79,0.0,1340.0,11742.8,0
2026-08-10,2026-08-10 11:00:00,8.55,8.55,8.53,8.55,0.0,522.0,4458.88,0
2026-08-10,2026-08-10 12:00:00,8.55,8.55,8.54,8.54,-0.12,522.0,4458.88,-1
2026-08-10,2026-08-10 13:00:00,8.54,8.54,8.54,8.54,0.0,522.0,4458.88,0
2026-08-10,2026-08-10 14:00:00,8.54,8.54,8.54,8.54,0.0,522.0,4458.88,0
2026-08-10,2026-08-10 15:00:00,8.54,8.55,8.5,8.54,0.0,522.0,4458.88,0
2026-08-11,2026-08-11 11:00:00,8.54,8.67,8.54,8.55,0.12,240.0,2059.2,1
2026-08-11,2026-08-11 12:00:00,8.55,8.56,8.55,8.56,0.12,240.0,2059.2,1
2026-08-11,2026-08-11 13:00:00,8.56,8.58,8.56,8.58,0.23,240.0,2059.2,1
2026-08-11,2026-08-11 14:00:00,8.58,8.59,8.58,8.59,0.12,240.0,2059.2,1
2026-08-11,2026-08-11 15:00:00,8.59,8.8,8.54,8.59,0.0,240.0,2059.2,0
2026-08-12,2026-08-12 11:00:00,8.5,8.62,8.5,8.51,0.12,1744.4,15200.9,1
2026-08-12,2026-08-12 12:00:00,8.51,8.53,8.51,8.53,0.24,1744.4,15200.9,1
2026-08-12,2026-08-12 13:00:00,8.53,8.54,8.53,8.54,0.12,1744.4,15200.9,1
2026-08-12,2026-08-12 14:00:00,8.54,8.55,8.54,8.55,0.12,1744.4,15200.9,1
2026-08-12,2026-08-12 15:00:00,8.55,8.75,8.5,8.55,0.0,1744.4,15200.9,0
2026-08-13,2026-08-13 11:00:00,8.56,8.57,8.56,8.56,0.0,130.0,1114.9,0
2026-08-13,2026-08-13 12:00:00,8.56,8.56,8.56,8.56,0.0,130.0,1114.9,0
2026-08-13,2026-08-13 13:00:00,8.56,8.56,8.56,8.56,0.0,130.0,1114.9,0
2026-08-13,2026-08-13 14:00:00,8.56,8.56,8.56,8.56,0.0,130.0,1114.9,0
2026-08-13,2026-08-13 15:00:00,8.56,8.59,8.56,8.56,0.0,130.0,1114.9,0
2026-08-14,2026-08-14 11:00:00,8.81,8.89,8.69,8.75,-0.68,23670.2,211074.92,-1
2026-08-14,2026-08-14 12:00:00,8.75,8.75,8.69,8.69,-0.69,23670.2,211074.92,-1
2026-08-14,2026-08-14 13:00:00,8.69,8.69,8.63,8.63,-0.69,23670.2,211074.92,-1
2026-08-14,2026-08-14 14:00:00,8.63,8.63,8.57,8.57,-0.7,23670.2,211074.92,-1
2026-08-14,2026-08-14 15:00:00,8.57,8.98,8.57,8.57,0.0,23670.2,211074.92,0
2026-08-17,2026-08-17 11:00:00,8.58,8.62,8.49,8.54,-0.47,3594.8,30672.88,-1
2026-08-17,2026-08-17 12:00:00,8.54,8.54,8.5,8.5,-0.47,3594.8,30672.88,-1
2026-08-17,2026-08-17 13:00:00,8.5,8.5,8.47,8.47,-0.35,3594.8,30672.88,-1
2026-08-17,2026-08-17 14:00:00,8.47,8.47,8.43,8.43,-0.47,3594.8,30672.88,-1
2026-08-17,2026-08-17 15:00:00,8.43,8.65,8.4,8.43,0.0,3594.8,30672.88,0
2026-08-18,2026-08-18 11:00:00,8.25,8.43,8.25,8.28,0.36,186.0,1556.32,1
2026-08-18,2026-08-18 12:00:00,8.28,8.32,8.28,8.32,0.48,186.0,1556.32,1
2026-08-18,2026-08-18 13:00:00,8.32,8.35,8.32,8.35,0.36,186.0,1556.32,1
2026-08-18,2026-08-18 14:00:00,8.35,8.38,8.35,8.38,0.36,186.0,1556.32,1
2026-08-18,2026-08-18 15:00:00,8.38,8.62,8.25,8.38,0.0,186.0,1556.32,0
2026-08-19,2026-08-19 11:00:00,8.38,8.51,8.38,8.39,0.12,300.0,2568.0,1
2026-08-19,2026-08-19 12:00:00,8.39,8.39,8.39,8.39,0.0,300.0,2568.0,0
2026-08-19,2026-08-19 13:00:00,8.39,8.4,8.39,8.4,0.12,300.0,2568.0,1
2026-08-19,2026-08-19 14:00:00,8.4,8.41,8.4,8.41,0.12,300.0,2568.0,1
2026-08-19,2026-08-19 15:00:00,8.41,8.64,8.38,8.41,0.0,300.0,2568.0,0
2026-08-20,2026-08-20 11:00:00,8.31,8.36,8.31,8.33,0.24,1330.0,11094.8,1
2026-08-20,2026-08-20 12:00:00,8.33,8.35,8.33,8.35,0.24,1330.0,11094.8,1
2026-08-20,2026-08-20 13:00:00,8.35,8.36,8.35,8.36,0.12,1330.0,11094.8,1
2026-08-20,2026-08-20 14:00:00,8.36,8.38,8.36,8.38,0.24,1330.0,11094.8,1
2026-08-20,2026-08-20 15:00:00,8.38,8.41,8.31,8.38,0.0,1330.0,11094.8,0
2026-08-21,2026-08-21 11:00:00,8.5,8.5,8.38,8.46,-0.47,947.4,7922.64,-1
2026-08-21,2026-08-21 12:00:00,8.46,8.46,8.41,8.41,-0.59,947.4,7922.64,-1
2026-08-21,2026-08-21 13:00:00,8.41,8.41,8.37,8.37,-0.48,947.4,7922.64,-1
2026-08-21,2026-08-21 14:00:00,8.37,8.37,8.33,8.33,-0.48,947.4,7922.64,-1
2026-08-21,2026-08-21 15:00:00,8.33,8.5,8.25,8.33,0.0,947.4,7922.64,0
2026-08-24,2026-08-24 11:00:00,8.16,8.32,8.16,8.24,0.98,1380.0,11653.6,1
2026-08-24,2026-08-24 12:00:00,8.24,8.32,8.24,8.32,0.97,1380.0,11653.6,1
2026-08-24,2026-08-24 13:00:00,8.32,8.39,8.32,8.39,0.84,1380.0,11653.6,1
2026-08-24,2026-08-24 14:00:00,8.39,8.47,8.39,8.47,0.95,1380.0,11653.6,1
2026-08-24,2026-08-24 15:00:00,8.47,8.47,8.16,8.47,0.0,1380.0,11653.6,0
2026-08-25,2026-08-25 12:00:00,8.24,8.41,8.24,8.41,-0.71,710.0,5915.1,1
2026-08-25,2026-08-25 13:00:00,8.24,8.41,8.24,8.41,-0.71,710.0,5915.1,1
2026-08-25,2026-08-25 14:00:00,8.24,8.41,8.24,8.41,-0.71,710.0,5915.1,1
2026-08-27,2026-08-27 20:00:00,8.41,8.41,8.41,8.41,0.0,5650.0,47516.5,0
2026-08-31,2026-08-31 11:00:00,8.16,8.17,8.16,8.16,0.0,80.0,653.6,0
2026-08-31,2026-08-31 12:00:00,8.16,8.17,8.16,8.17,0.12,80.0,653.6,1
2026-08-31,2026-08-31 13:00:00,8.17,8.18,8.17,8.18,0.12,80.0,653.6,1
2026-08-31,2026-08-31 14:00:00,8.18,8.18,8.18,8.18,0.0,80.0,653.6,0
2026-08-31,2026-08-31 15:00:00,8.18,8.18,8.16,8.18,0.0,80.0,653.6,0
2026-09-01,2026-09-01 03:00:00,8.0,8.42,8.0,8.17,-0.12,2050.0,16747.5,1
