published_date,timestamp,open,high,low,close,per_change,traded_quantity,traded_amount,status
2020-09-14,2020-09-14 11:00:00,1000.0,1010.5,1000.0,1005.25,0.53,21.0,21059.0,1
2020-09-14,2020-09-14 12:00:00,1005.25,1010.5,1005.25,1010.5,0.52,21.0,21059.0,1
2020-09-14,2020-09-14 13:00:00,1010.5,1015.75,1010.5,1015.75,0.52,21.0,21059.0,1
2020-09-14,2020-09-14 14:00:00,1015.75,1021.0,1015.75,1021.0,0.52,21.0,21059.0,1
2020-09-14,2020-09-14 15:00:00,1021.0,1021.0,1000.0,1021.0,0.0,21.0,21059.0,0
2020-09-16,2020-09-16 11:00:00,1050.0,1050.0,1050.0,1050.0,0.0,196.0,205800.0,0
2020-09-16,2020-09-16 12:00:00,1050.0,1050.0,1050.0,1050.0,0.0,196.0,205800.0,0
2020-09-16,2020-09-16 13:00:00,1050.0,1050.0,1050.0,1050.0,0.0,196.0,205800.0,0
2020-09-16,2020-09-16 14:00:00,1050.0,1050.0,1050.0,1050.0,0.0,196.0,205800.0,0
2020-09-16,2020-09-16 15:00:00,1050.0,1050.0,1050.0,1050.0,0.0,196.0,205800.0,0
2020-09-17,2020-09-17 11:00:00,1029.0,1029.0,1029.0,1029.0,0.0,5.0,5145.0,0
2020-09-17,2020-09-17 12:00:00,1029.0,1029.0,1029.0,1029.0,0.0,5.0,5145.0,0
2020-09-17,2020-09-17 13:00:00,1029.0,1029.0,1029.0,1029.0,0.0,5.0,5145.0,0
2020-09-17,2020-09-17 14:00:00,1029.0,1029.0,1029.0,1029.0,0.0,5.0,5145.0,0
2020-09-17,2020-09-17 15:00:00,1029.0,1029.0,1029.0,1029.0,0.0,5.0,5145.0,0
2020-09-23,2020-09-23 11:00:00,1029.0,1029.0,1022.0,1025.5,-0.34,16.0,16380.0,-1
2020-09-23,2020-09-23 12:00:00,1025.5,1025.5,1022.0,1022.0,-0.34,16.0,16380.0,-1
2020-09-23,2020-09-23 13:00:00,1022.0,1022.0,1018.5,1018.5,-0.34,16.0,16380.0,-1
2020-09-23,2020-09-23 14:00:00,1018.5,1018.5,1015.0,1015.0,-0.34,16.0,16380.0,-1
2020-09-23,2020-09-23 15:00:00,1015.0,1029.0,1015.0,1015.0,0.0,16.0,16380.0,0
2020-09-28,2020-09-28 11:00:00,1015.0,1015.0,1015.0,1015.0,0.0,5.0,5075.0,0
2020-09-28,2020-09-28 12:00:00,1015.0,1015.0,1015.0,1015.0,0.0,5.0,5075.0,0
2020-09-28,2020-09-28 13:00:00,1015.0,1015.0,1015.0,1015.0,0.0,5.0,5075.0,0
2020-09-28,2020-09-28 14:00:00,1015.0,1015.0,1015.0,1015.0,0.0,5.0,5075.0,0
2020-09-28,2020-09-28 15:00:00,1015.0,1015.0,1015.0,1015.0,0.0,5.0,5075.0,0
2020-10-01,2020-10-01 11:00:00,1000.0,1000.0,1000.0,1000.0,0.0,10.0,10000.0,0
2020-10-01,2020-10-01 12:00:00,1000.0,1000.0,1000.0,1000.0,0.0,10.0,10000.0,0
2020-10-01,2020-10-01 13:00:00,1000.0,1000.0,1000.0,1000.0,0.0,10.0,10000.0,0
2020-10-01,2020-10-01 14:00:00,1000.0,1000.0,1000.0,1000.0,0.0,10.0,10000.0,0
2020-10-01,2020-10-01 15:00:00,1000.0,1000.0,1000.0,1000.0,0.0,10.0,10000.0,0
2020-10-05,2020-10-05 11:00:00,1019.0,1019.0,1019.0,1019.0,0.0,10.0,10190.0,0
2020-10-05,2020-10-05 12:00:00,1019.0,1019.0,1019.0,1019.0,0.0,10.0,10190.0,0
2020-10-05,2020-10-05 13:00:00,1019.0,1019.0,1019.0,1019.0,0.0,10.0,10190.0,0
2020-10-05,2020-10-05 14:00:00,1019.0,1019.0,1019.0,1019.0,0.0,10.0,10190.0,0
2020-10-05,2020-10-05 15:00:00,1019.0,1019.0,1019.0,1019.0,0.0,10.0,10190.0,0
2020-10-07,2020-10-07 11:00:00,1015.0,1015.0,1015.0,1015.0,0.0,5.0,5075.0,0
2020-10-07,2020-10-07 12:00:00,1015.0,1015.0,1015.0,1015.0,0.0,5.0,5075.0,0
2020-10-07,2020-10-07 13:00:00,1015.0,1015.0,1015.0,1015.0,0.0,5.0,5075.0,0
2020-10-07,2020-10-07 14:00:00,1015.0,1015.0,1015.0,1015.0,0.0,5.0,5075.0,0
2020-10-07,2020-10-07 15:00:00,1015.0,1015.0,1015.0,1015.0,0.0,5.0,5075.0,0
2020-10-12,2020-10-12 11:00:00,1015.0,1015.0,1015.0,1015.0,0.0,10.0,10150.0,0
2020-10-12,2020-10-12 12:00:00,1015.0,1015.0,1015.0,1015.0,0.0,10.0,10150.0,0
2020-10-12,2020-10-12 13:00:00,1015.0,1015.0,1015.0,1015.0,0.0,10.0,10150.0,0
2020-10-12,2020-10-12 14:00:00,1015.0,1015.0,1015.0,1015.0,0.0,10.0,10150.0,0
2020-10-12,2020-10-12 15:00:00,1015.0,1015.0,1015.0,1015.0,0.0,10.0,10150.0,0
2020-10-13,2020-10-13 11:00:00,1020.0,1020.0,1020.0,1020.0,0.0,2.0,2040.0,0
2020-10-13,2020-10-13 12:00:00,1020.0,1020.0,1020.0,1020.0,0.0,2.0,2040.0,0
2020-10-13,2020-10-13 13:00:00,1020.0,1020.0,1020.0,1020.0,0.0,2.0,2040.0,0
2020-10-13,2020-10-13 14:00:00,1020.0,1020.0,1020.0,1020.0,0.0,2.0,2040.0,0
2020-10-13,2020-10-13 15:00:00,1020.0,1020.0,1020.0,1020.0,0.0,2.0,2040.0,0
2020-11-01,2020-11-01 11:00:00,1040.0,1040.0,1040.0,1040.0,0.0,50.0,52000.0,0
2020-11-01,2020-11-01 12:00:00,1040.0,1040.0,1040.0,1040.0,0.0,50.0,52000.0,0
2020-11-01,2020-11-01 13:00:00,1040.0,1040.0,1040.0,1040.0,0.0,50.0,52000.0,0
2020-11-01,2020-11-01 14:00:00,1040.0,1040.0,1040.0,1040.0,0.0,50.0,52000.0,0
2020-11-01,2020-11-01 15:00:00,1040.0,1040.0,1040.0,1040.0,0.0,50.0,52000.0,0
2020-11-02,2020-11-02 11:00:00,1050.0,1050.0,1050.0,1050.0,0.0,190.0,199500.0,0
2020-11-02,2020-11-02 12:00:00,1050.0,1050.0,1050.0,1050.0,0.0,190.0,199500.0,0
2020-11-02,2020-11-02 13:00:00,1050.0,1050.0,1050.0,1050.0,0.0,190.0,199500.0,0
2020-11-02,2020-11-02 14:00:00,1050.0,1050.0,1050.0,1050.0,0.0,190.0,199500.0,0
2020-11-02,2020-11-02 15:00:00,1050.0,1050.0,1050.0,1050.0,0.0,190.0,199500.0,0
2020-11-05,2020-11-05 11:00:00,1036.0,1036.0,1036.0,1036.0,0.0,2.0,2072.0,0
2020-11-05,2020-11-05 12:00:00,1036.0,1036.0,1036.0,1036.0,0.0,2.0,2072.0,0
2020-11-05,2020-11-05 13:00:00,1036.0,1036.0,1036.0,1036.0,0.0,2.0,2072.0,0
2020-11-05,2020-11-05 14:00:00,1036.0,1036.0,1036.0,1036.0,0.0,2.0,2072.0,0
2020-11-05,2020-11-05 15:00:00,1036.0,1036.0,1036.0,1036.0,0.0,2.0,2072.0,0
2020-11-09,2020-11-09 11:00:00,1050.0,1050.0,1050.0,1050.0,0.0,5.0,5250.0,0
2020-11-09,2020-11-09 12:00:00,1050.0,1050.0,1050.0,1050.0,0.0,5.0,5250.0,0
2020-11-09,2020-11-09 13:00:00,1050.0,1050.0,1050.0,1050.0,0.0,5.0,5250.0,0
2020-11-09,2020-11-09 14:00:00,1050.0,1050.0,1050.0,1050.0,0.0,5.0,5250.0,0
2020-11-09,2020-11-09 15:00:00,1050.0,1050.0,1050.0,1050.0,0.0,5.0,5250.0,0
2020-11-11,2020-11-11 11:00:00,1031.0,1031.0,1031.0,1031.0,0.0,5.0,5155.0,0
2020-11-11,2020-11-11 12:00:00,1031.0,1031.0,1031.0,1031.0,0.0,5.0,5155.0,0
2020-11-11,2020-11-11 13:00:00,1031.0,1031.0,1031.0,1031.0,0.0,5.0,5155.0,0
2020-11-11,2020-11-11 14:00:00,1031.0,1031.0,1031.0,1031.0,0.0,5.0,5155.0,0
2020-11-11,2020-11-11 15:00:00,1031.0,1031.0,1031.0,1031.0,0.0,5.0,5155.0,0
2020-11-12,2020-11-12 11:00:00,1031.0,1031.0,1031.0,1031.0,0.0,5.0,5155.0,0
2020-11-12,2020-11-12 12:00:00,1031.0,1031.0,1031.0,1031.0,0.0,5.0,5155.0,0
2020-11-12,2020-11-12 13:00:00,1031.0,1031.0,1031.0,1031.0,0.0,5.0,5155.0,0
2020-11-12,2020-11-12 14:00:00,1031.0,1031.0,1031.0,1031.0,0.0,5.0,5155.0,0
2020-11-12,2020-11-12 15:00:00,1031.0,1031.0,1031.0,1031.0,0.0,5.0,5155.0,0
2020-12-01,2020-12-01 11:00:00,1011.0,1011.0,1011.0,1011.0,0.0,20.0,20220.0,0
2020-12-01,2020-12-01 12:00:00,1011.0,1011.0,1011.0,1011.0,0.0,20.0,20220.0,0
2020-12-01,2020-12-01 13:00:00,1011.0,1011.0,1011.0,1011.0,0.0,20.0,20220.0,0
2020-12-01,2020-12-01 14:00:00,1011.0,1011.0,1011.0,1011.0,0.0,20.0,20220.0,0
2020-12-01,2020-12-01 15:00:00,1011.0,1011.0,1011.0,1011.0,0.0,20.0,20220.0,0
2020-12-02,2020-12-02 11:00:00,1013.0,1013.0,1013.0,1013.0,0.0,6.0,6078.0,0
2020-12-02,2020-12-02 12:00:00,1013.0,1013.0,1013.0,1013.0,0.0,6.0,6078.0,0
2020-12-02,2020-12-02 13:00:00,1013.0,1013.0,1013.0,1013.0,0.0,6.0,6078.0,0
2020-12-02,2020-12-02 14:00:00,1013.0,1013.0,1013.0,1013.0,0.0,6.0,6078.0,0
2020-12-02,2020-12-02 15:00:00,1013.0,1013.0,1013.0,1013.0,0.0,6.0,6078.0,0
2020-12-10,2020-12-10 11:00:00,1015.0,1015.0,1015.0,1015.0,0.0,5.0,5075.0,0
2020-12-10,2020-12-10 12:00:00,1015.0,1015.0,1015.0,1015.0,0.0,5.0,5075.0,0
2020-12-10,2020-12-10 13:00:00,1015.0,1015.0,1015.0,1015.0,0.0,5.0,5075.0,0
2020-12-10,2020-12-10 14:00:00,1015.0,1015.0,1015.0,1015.0,0.0,5.0,5075.0,0
2020-12-10,2020-12-10 15:00:00,1015.0,1015.0,1015.0,1015.0,0.0,5.0,5075.0,0
2020-12-14,2020-12-14 11:00:00,1022.0,1022.0,1022.0,1022.0,0.0,40.0,40880.0,0
2020-12-14,2020-12-14 12:00:00,1022.0,1022.0,1022.0,1022.0,0.0,40.0,40880.0,0
2020-12-14,2020-12-14 13:00:00,1022.0,1022.0,1022.0,1022.0,0.0,40.0,40880.0,0
2020-12-14,2020-12-14 14:00:00,1022.0,1022.0,1022.0,1022.0,0.0,40.0,40880.0,0
2020-12-14,2020-12-14 15:00:00,1022.0,1022.0,1022.0,1022.0,0.0,40.0,40880.0,0
2020-12-15,2020-12-15 11:00:00,1042.0,1042.0,1042.0,1042.0,0.0,46.0,47932.0,0
2020-12-15,2020-12-15 12:00:00,1042.0,1042.0,1042.0,1042.0,0.0,46.0,47932.0,0
2020-12-15,2020-12-15 13:00:00,1042.0,1042.0,1042.0,1042.0,0.0,46.0,47932.0,0
2020-12-15,2020-12-15 14:00:00,1042.0,1042.0,1042.0,1042.0,0.0,46.0,47932.0,0
2020-12-15,2020-12-15 15:00:00,1042.0,1042.0,1042.0,1042.0,0.0,46.0,47932.0,0
2020-12-20,2020-12-20 11:00:00,1050.0,1050.0,1050.0,1050.0,0.0,6.0,6300.0,0
2020-12-20,2020-12-20 12:00:00,1050.0,1050.0,1050.0,1050.0,0.0,6.0,6300.0,0
2020-12-20,2020-12-20 13:00:00,1050.0,1050.0,1050.0,1050.0,0.0,6.0,6300.0,0
2020-12-20,2020-12-20 14:00:00,1050.0,1050.0,1050.0,1050.0,0.0,6.0,6300.0,0
2020-12-20,2020-12-20 15:00:00,1050.0,1050.0,1050.0,1050.0,0.0,6.0,6300.0,0
2020-12-22,2020-12-22 11:00:00,1045.0,1045.0,1045.0,1045.0,0.0,10.0,10450.0,0
2020-12-22,2020-12-22 12:00:00,1045.0,1045.0,1045.0,1045.0,0.0,10.0,10450.0,0
2020-12-22,2020-12-22 13:00:00,1045.0,1045.0,1045.0,1045.0,0.0,10.0,10450.0,0
2020-12-22,2020-12-22 14:00:00,1045.0,1045.0,1045.0,1045.0,0.0,10.0,10450.0,0
2020-12-22,2020-12-22 15:00:00,1045.0,1045.0,1045.0,1045.0,0.0,10.0,10450.0,0
2020-12-23,2020-12-23 11:00:00,1050.0,1050.0,1050.0,1050.0,0.0,100.0,105000.0,0
2020-12-23,2020-12-23 12:00:00,1050.0,1050.0,1050.0,1050.0,0.0,100.0,105000.0,0
2020-12-23,2020-12-23 13:00:00,1050.0,1050.0,1050.0,1050.0,0.0,100.0,105000.0,0
2020-12-23,2020-12-23 14:00:00,1050.0,1050.0,1050.0,1050.0,0.0,100.0,105000.0,0
2020-12-23,2020-12-23 15:00:00,1050.0,1050.0,1050.0,1050.0,0.0,100.0,105000.0,0
2020-12-27,2020-12-27 11:00:00,1071.0,1071.0,1071.0,1071.0,0.0,5.0,5355.0,0
2020-12-27,2020-12-27 12:00:00,1071.0,1071.0,1071.0,1071.0,0.0,5.0,5355.0,0
2020-12-27,2020-12-27 13:00:00,1071.0,1071.0,1071.0,1071.0,0.0,5.0,5355.0,0
2020-12-27,2020-12-27 14:00:00,1071.0,1071.0,1071.0,1071.0,0.0,5.0,5355.0,0
2020-12-27,2020-12-27 15:00:00,1071.0,1071.0,1071.0,1071.0,0.0,5.0,5355.0,0
2020-12-28,2020-12-28 11:00:00,1060.0,1060.0,1060.0,1060.0,0.0,20.0,21200.0,0
2020-12-28,2020-12-28 12:00:00,1060.0,1060.0,1060.0,1060.0,0.0,20.0,21200.0,0
2020-12-28,2020-12-28 13:00:00,1060.0,1060.0,1060.0,1060.0,0.0,20.0,21200.0,0
2020-12-28,2020-12-28 14:00:00,1060.0,1060.0,1060.0,1060.0,0.0,20.0,21200.0,0
2020-12-28,2020-12-28 15:00:00,1060.0,1060.0,1060.0,1060.0,0.0,20.0,21200.0,0
2020-12-30,2020-12-30 11:00:00,1065.0,1065.0,1065.0,1065.0,0.0,100.0,106500.0,0
2020-12-30,2020-12-30 12:00:00,1065.0,1065.0,1065.0,1065.0,0.0,100.0,106500.0,0
2020-12-30,2020-12-30 13:00:00,1065.0,1065.0,1065.0,1065.0,0.0,100.0,106500.0,0
2020-12-30,2020-12-30 14:00:00,1065.0,1065.0,1065.0,1065.0,0.0,100.0,106500.0,0
2020-12-30,2020-12-30 15:00:00,1065.0,1065.0,1065.0,1065.0,0.0,100.0,106500.0,0
2021-01-03,2021-01-03 11:00:00,1050.0,1050.0,1047.5,1048.75,-0.12,169.0,177105.0,-1
2021-01-03,2021-01-03 12:00:00,1048.75,1048.75,1047.5,1047.5,-0.12,169.0,177105.0,-1
2021-01-03,2021-01-03 13:00:00,1047.5,1047.5,1046.25,1046.25,-0.12,169.0,177105.0,-1
2021-01-03,2021-01-03 14:00:00,1046.25,1046.25,1045.0,1045.0,-0.12,169.0,177105.0,-1
2021-01-03,2021-01-03 15:00:00,1045.0,1050.0,1045.0,1045.0,0.0,169.0,177105.0,0
2021-01-04,2021-01-04 11:00:00,1050.0,1050.0,1050.0,1050.0,0.0,10.0,10500.0,0
2021-01-04,2021-01-04 12:00:00,1050.0,1050.0,1050.0,1050.0,0.0,10.0,10500.0,0
2021-01-04,2021-01-04 13:00:00,1050.0,1050.0,1050.0,1050.0,0.0,10.0,10500.0,0
2021-01-04,2021-01-04 14:00:00,1050.0,1050.0,1050.0,1050.0,0.0,10.0,10500.0,0
2021-01-04,2021-01-04 15:00:00,1050.0,1050.0,1050.0,1050.0,0.0,10.0,10500.0,0
2021-01-06,2021-01-06 11:00:00,1051.0,1051.0,1051.0,1051.0,0.0,19.8,20809.8,0
2021-01-06,2021-01-06 12:00:00,1051.0,1051.0,1051.0,1051.0,0.0,19.8,20809.8,0
2021-01-06,2021-01-06 13:00:00,1051.0,1051.0,1051.0,1051.0,0.0,19.8,20809.8,0
2021-01-06,2021-01-06 14:00:00,1051.0,1051.0,1051.0,1051.0,0.0,19.8,20809.8,0
2021-01-06,2021-01-06 15:00:00,1051.0,1051.0,1051.0,1051.0,0.0,19.8,20809.8,0
2021-01-17,2021-01-17 11:00:00,1050.0,1050.0,1050.0,1050.0,0.0,10.0,10500.0,0
2021-01-17,2021-01-17 12:00:00,1050.0,1050.0,1050.0,1050.0,0.0,10.0,10500.0,0
2021-01-17,2021-01-17 13:00:00,1050.0,1050.0,1050.0,1050.0,0.0,10.0,10500.0,0
2021-01-17,2021-01-17 14:00:00,1050.0,1050.0,1050.0,1050.0,0.0,10.0,10500.0,0
2021-01-17,2021-01-17 15:00:00,1050.0,1050.0,1050.0,1050.0,0.0,10.0,10500.0,0
2021-01-18,2021-01-18 11:00:00,1045.0,1045.0,1045.0,1045.0,0.0,5.0,5225.0,0
2021-01-18,2021-01-18 12:00:00,1045.0,1045.0,1045.0,1045.0,0.0,5.0,5225.0,0
2021-01-18,2021-01-18 13:00:00,1045.0,1045.0,1045.0,1045.0,0.0,5.0,5225.0,0
2021-01-18,2021-01-18 14:00:00,1045.0,1045.0,1045.0,1045.0,0.0,5.0,5225.0,0
2021-01-18,2021-01-18 15:00:00,1045.0,1045.0,1045.0,1045.0,0.0,5.0,5225.0,0
2021-01-20,2021-01-20 11:00:00,1045.0,1045.0,1045.0,1045.0,0.0,26.0,27170.0,0
2021-01-20,2021-01-20 12:00:00,1045.0,1045.0,1045.0,1045.0,0.0,26.0,27170.0,0
2021-01-20,2021-01-20 13:00:00,1045.0,1045.0,1045.0,1045.0,0.0,26.0,27170.0,0
2021-01-20,2021-01-20 14:00:00,1045.0,1045.0,1045.0,1045.0,0.0,26.0,27170.0,0
2021-01-20,2021-01-20 15:00:00,1045.0,1045.0,1045.0,1045.0,0.0,26.0,27170.0,0
2021-01-21,2021-01-21 11:00:00,1045.0,1045.0,1045.0,1045.0,0.0,5.0,5225.0,0
2021-01-21,2021-01-21 12:00:00,1045.0,1045.0,1045.0,1045.0,0.0,5.0,5225.0,0
2021-01-21,2021-01-21 13:00:00,1045.0,1045.0,1045.0,1045.0,0.0,5.0,5225.0,0
2021-01-21,2021-01-21 14:00:00,1045.0,1045.0,1045.0,1045.0,0.0,5.0,5225.0,0
2021-01-21,2021-01-21 15:00:00,1045.0,1045.0,1045.0,1045.0,0.0,5.0,5225.0,0
2021-01-24,2021-01-24 11:00:00,1040.0,1040.0,1040.0,1040.0,0.0,39.8,41392.0,0
2021-01-24,2021-01-24 12:00:00,1040.0,1040.0,1040.0,1040.0,0.0,39.8,41392.0,0
2021-01-24,2021-01-24 13:00:00,1040.0,1040.0,1040.0,1040.0,0.0,39.8,41392.0,0
2021-01-24,2021-01-24 14:00:00,1040.0,1040.0,1040.0,1040.0,0.0,39.8,41392.0,0
2021-01-24,2021-01-24 15:00:00,1040.0,1040.0,1040.0,1040.0,0.0,39.8,41392.0,0
2021-01-25,2021-01-25 11:00:00,1040.0,1040.0,1037.5,1038.75,-0.12,240.0,248600.0,-1
2021-01-25,2021-01-25 12:00:00,1038.75,1038.75,1037.5,1037.5,-0.12,240.0,248600.0,-1
2021-01-25,2021-01-25 13:00:00,1037.5,1037.5,1036.25,1036.25,-0.12,240.0,248600.0,-1
2021-01-25,2021-01-25 14:00:00,1036.25,1036.25,1035.0,1035.0,-0.12,240.0,248600.0,-1
2021-01-25,2021-01-25 15:00:00,1035.0,1040.0,1035.0,1035.0,0.0,240.0,248600.0,0
2021-01-26,2021-01-26 11:00:00,1035.0,1035.0,1035.0,1035.0,0.0,10.0,10350.0,0
2021-01-26,2021-01-26 12:00:00,1035.0,1035.0,1035.0,1035.0,0.0,10.0,10350.0,0
2021-01-26,2021-01-26 13:00:00,1035.0,1035.0,1035.0,1035.0,0.0,10.0,10350.0,0
2021-01-26,2021-01-26 14:00:00,1035.0,1035.0,1035.0,1035.0,0.0,10.0,10350.0,0
2021-01-26,2021-01-26 15:00:00,1035.0,1035.0,1035.0,1035.0,0.0,10.0,10350.0,0
2021-01-28,2021-01-28 11:00:00,1026.0,1035.5,1026.0,1030.75,0.46,15.0,15580.0,1
2021-01-28,2021-01-28 12:00:00,1030.75,1035.5,1030.75,1035.5,0.46,15.0,15580.0,1
2021-01-28,2021-01-28 13:00:00,1035.5,1040.25,1035.5,1040.25,0.46,15.0,15580.0,1
2021-01-28,2021-01-28 14:00:00,1040.25,1045.0,1040.25,1045.0,0.46,15.0,15580.0,1
2021-01-28,2021-01-28 15:00:00,1045.0,1045.0,1026.0,1045.0,0.0,15.0,15580.0,0
2021-02-02,2021-02-02 11:00:00,1040.0,1045.0,1040.0,1042.5,0.24,110.0,115450.0,1
2021-02-02,2021-02-02 12:00:00,1042.5,1045.0,1042.5,1045.0,0.24,110.0,115450.0,1
2021-02-02,2021-02-02 13:00:00,1045.0,1047.5,1045.0,1047.5,0.24,110.0,115450.0,1
2021-02-02,2021-02-02 14:00:00,1047.5,1050.0,1047.5,1050.0,0.24,110.0,115450.0,1
2021-02-02,2021-02-02 15:00:00,1050.0,1050.0,1040.0,1050.0,0.0,110.0,115450.0,0
2021-02-07,2021-02-07 11:00:00,1045.0,1047.5,1045.0,1046.25,0.12,41.0,42900.0,1
2021-02-07,2021-02-07 12:00:00,1046.25,1047.5,1046.25,1047.5,0.12,41.0,42900.0,1
2021-02-07,2021-02-07 13:00:00,1047.5,1048.75,1047.5,1048.75,0.12,41.0,42900.0,1
2021-02-07,2021-02-07 14:00:00,1048.75,1050.0,1048.75,1050.0,0.12,41.0,42900.0,1
2021-02-07,2021-02-07 15:00:00,1050.0,1050.0,1045.0,1050.0,0.0,41.0,42900.0,0
2021-02-09,2021-02-09 11:00:00,1045.0,1045.0,1045.0,1045.0,0.0,5.0,5225.0,0
2021-02-09,2021-02-09 12:00:00,1045.0,1045.0,1045.0,1045.0,0.0,5.0,5225.0,0
2021-02-09,2021-02-09 13:00:00,1045.0,1045.0,1045.0,1045.0,0.0,5.0,5225.0,0
2021-02-09,2021-02-09 14:00:00,1045.0,1045.0,1045.0,1045.0,0.0,5.0,5225.0,0
2021-02-09,2021-02-09 15:00:00,1045.0,1045.0,1045.0,1045.0,0.0,5.0,5225.0,0
2021-02-10,2021-02-10 11:00:00,1045.0,1045.0,1045.0,1045.0,0.0,40.0,41800.0,0
2021-02-10,2021-02-10 12:00:00,1045.0,1045.0,1045.0,1045.0,0.0,40.0,41800.0,0
2021-02-10,2021-02-10 13:00:00,1045.0,1045.0,1045.0,1045.0,0.0,40.0,41800.0,0
2021-02-10,2021-02-10 14:00:00,1045.0,1045.0,1045.0,1045.0,0.0,40.0,41800.0,0
2021-02-10,2021-02-10 15:00:00,1045.0,1045.0,1045.0,1045.0,0.0,40.0,41800.0,0
2021-02-18,2021-02-18 11:00:00,1040.0,1040.0,1040.0,1040.0,0.0,10.0,10400.0,0
2021-02-18,2021-02-18 12:00:00,1040.0,1040.0,1040.0,1040.0,0.0,10.0,10400.0,0
2021-02-18,2021-02-18 13:00:00,1040.0,1040.0,1040.0,1040.0,0.0,10.0,10400.0,0
2021-02-18,2021-02-18 14:00:00,1040.0,1040.0,1040.0,1040.0,0.0,10.0,10400.0,0
2021-02-18,2021-02-18 15:00:00,1040.0,1040.0,1040.0,1040.0,0.0,10.0,10400.0,0
2021-02-21,2021-02-21 11:00:00,1040.0,1050.0,1040.0,1045.0,0.48,117.0,122020.0,1
2021-02-21,2021-02-21 12:00:00,1045.0,1050.0,1045.0,1050.0,0.48,117.0,122020.0,1
2021-02-21,2021-02-21 13:00:00,1050.0,1055.0,1050.0,1055.0,0.48,117.0,122020.0,1
2021-02-21,2021-02-21 14:00:00,1055.0,1060.0,1055.0,1060.0,0.47,117.0,122020.0,1
2021-02-21,2021-02-21 15:00:00,1060.0,1060.0,1040.0,1060.0,0.0,117.0,122020.0,0
2021-02-28,2021-02-28 11:00:00,1040.0,1050.0,1040.0,1045.0,0.48,15.0,15800.0,1
2021-02-28,2021-02-28 12:00:00,1045.0,1050.0,1045.0,1050.0,0.48,15.0,15800.0,1
2021-02-28,2021-02-28 13:00:00,1050.0,1055.0,1050.0,1055.0,0.48,15.0,15800.0,1
2021-02-28,2021-02-28 14:00:00,1055.0,1060.0,1055.0,1060.0,0.47,15.0,15800.0,1
2021-02-28,2021-02-28 15:00:00,1060.0,1060.0,1040.0,1060.0,0.0,15.0,15800.0,0
2021-03-03,2021-03-03 11:00:00,1045.0,1045.0,1042.5,1043.75,-0.12,400.0,416025.0,-1
2021-03-03,2021-03-03 12:00:00,1043.75,1043.75,1042.5,1042.5,-0.12,400.0,416025.0,-1
2021-03-03,2021-03-03 13:00:00,1042.5,1042.5,1041.25,1041.25,-0.12,400.0,416025.0,-1
2021-03-03,2021-03-03 14:00:00,1041.25,1041.25,1040.0,1040.0,-0.12,400.0,416025.0,-1
2021-03-03,2021-03-03 15:00:00,1040.0,1045.0,1040.0,1040.0,0.0,400.0,416025.0,0
2021-03-04,2021-03-04 11:00:00,1037.0,1037.0,1037.0,1037.0,0.0,10.0,10370.0,0
2021-03-04,2021-03-04 12:00:00,1037.0,1037.0,1037.0,1037.0,0.0,10.0,10370.0,0
2021-03-04,2021-03-04 13:00:00,1037.0,1037.0,1037.0,1037.0,0.0,10.0,10370.0,0
2021-03-04,2021-03-04 14:00:00,1037.0,1037.0,1037.0,1037.0,0.0,10.0,10370.0,0
2021-03-04,2021-03-04 15:00:00,1037.0,1037.0,1037.0,1037.0,0.0,10.0,10370.0,0
2021-03-07,2021-03-07 11:00:00,1037.0,1037.0,1037.0,1037.0,0.0,10.0,10370.0,0
2021-03-07,2021-03-07 12:00:00,1037.0,1037.0,1037.0,1037.0,0.0,10.0,10370.0,0
2021-03-07,2021-03-07 13:00:00,1037.0,1037.0,1037.0,1037.0,0.0,10.0,10370.0,0
2021-03-07,2021-03-07 14:00:00,1037.0,1037.0,1037.0,1037.0,0.0,10.0,10370.0,0
2021-03-07,2021-03-07 15:00:00,1037.0,1037.0,1037.0,1037.0,0.0,10.0,10370.0,0
2021-03-09,2021-03-09 11:00:00,1050.0,1050.0,1050.0,1050.0,0.0,5.0,5250.0,0
2021-03-09,2021-03-09 12:00:00,1050.0,1050.0,1050.0,1050.0,0.0,5.0,5250.0,0
2021-03-09,2021-03-09 13:00:00,1050.0,1050.0,1050.0,1050.0,0.0,5.0,5250.0,0
2021-03-09,2021-03-09 14:00:00,1050.0,1050.0,1050.0,1050.0,0.0,5.0,5250.0,0
2021-03-09,2021-03-09 15:00:00,1050.0,1050.0,1050.0,1050.0,0.0,5.0,5250.0,0
2021-03-10,2021-03-10 11:00:00,1051.0,1051.0,1051.0,1051.0,0.0,15.0,15765.0,0
2021-03-10,2021-03-10 12:00:00,1051.0,1051.0,1051.0,1051.0,0.0,15.0,15765.0,0
2021-03-10,2021-03-10 13:00:00,1051.0,1051.0,1051.0,1051.0,0.0,15.0,15765.0,0
2021-03-10,2021-03-10 14:00:00,1051.0,1051.0,1051.0,1051.0,0.0,15.0,15765.0,0
2021-03-10,2021-03-10 15:00:00,1051.0,1051.0,1051.0,1051.0,0.0,15.0,15765.0,0
2021-03-14,2021-03-14 11:00:00,1051.0,1051.0,1051.0,1051.0,0.0,15.0,15765.0,0
2021-03-14,2021-03-14 12:00:00,1051.0,1051.0,1051.0,1051.0,0.0,15.0,15765.0,0
2021-03-14,2021-03-14 13:00:00,1051.0,1051.0,1051.0,1051.0,0.0,15.0,15765.0,0
2021-03-14,2021-03-14 14:00:00,1051.0,1051.0,1051.0,1051.0,0.0,15.0,15765.0,0
2021-03-14,2021-03-14 15:00:00,1051.0,1051.0,1051.0,1051.0,0.0,15.0,15765.0,0
2021-03-18,2021-03-18 11:00:00,1050.0,1050.0,1050.0,1050.0,0.0,5.0,5250.0,0
2021-03-18,2021-03-18 12:00:00,1050.0,1050.0,1050.0,1050.0,0.0,5.0,5250.0,0
2021-03-18,2021-03-18 13:00:00,1050.0,1050.0,1050.0,1050.0,0.0,5.0,5250.0,0
2021-03-18,2021-03-18 14:00:00,1050.0,1050.0,1050.0,1050.0,0.0,5.0,5250.0,0
2021-03-18,2021-03-18 15:00:00,1050.0,1050.0,1050.0,1050.0,0.0,5.0,5250.0,0
2021-03-22,2021-03-22 11:00:00,1051.0,1051.0,1051.0,1051.0,0.0,5.0,5255.0,0
2021-03-22,2021-03-22 12:00:00,1051.0,1051.0,1051.0,1051.0,0.0,5.0,5255.0,0
2021-03-22,2021-03-22 13:00:00,1051.0,1051.0,1051.0,1051.0,0.0,5.0,5255.0,0
2021-03-22,2021-03-22 14:00:00,1051.0,1051.0,1051.0,1051.0,0.0,5.0,5255.0,0
2021-03-22,2021-03-22 15:00:00,1051.0,1051.0,1051.0,1051.0,0.0,5.0,5255.0,0
2021-03-30,2021-03-30 11:00:00,1050.0,1052.5,1050.0,1051.25,0.12,15.0,15800.0,1
2021-03-30,2021-03-30 12:00:00,1051.25,1052.5,1051.25,1052.5,0.12,15.0,15800.0,1
2021-03-30,2021-03-30 13:00:00,1052.5,1053.75,1052.5,1053.75,0.12,15.0,15800.0,1
2021-03-30,2021-03-30 14:00:00,1053.75,1055.0,1053.75,1055.0,0.12,15.0,15800.0,1
2021-03-30,2021-03-30 15:00:00,1055.0,1055.0,1050.0,1055.0,0.0,15.0,15800.0,0
2021-04-07,2021-04-07 11:00:00,1055.0,1055.0,1055.0,1055.0,0.0,20.0,21100.0,0
2021-04-07,2021-04-07 12:00:00,1055.0,1055.0,1055.0,1055.0,0.0,20.0,21100.0,0
2021-04-07,2021-04-07 13:00:00,1055.0,1055.0,1055.0,1055.0,0.0,20.0,21100.0,0
2021-04-07,2021-04-07 14:00:00,1055.0,1055.0,1055.0,1055.0,0.0,20.0,21100.0,0
2021-04-07,2021-04-07 15:00:00,1055.0,1055.0,1055.0,1055.0,0.0,20.0,21100.0,0
2021-04-08,2021-04-08 11:00:00,1050.0,1050.0,1050.0,1050.0,0.0,15.0,15750.0,0
2021-04-08,2021-04-08 12:00:00,1050.0,1050.0,1050.0,1050.0,0.0,15.0,15750.0,0
2021-04-08,2021-04-08 13:00:00,1050.0,1050.0,1050.0,1050.0,0.0,15.0,15750.0,0
2021-04-08,2021-04-08 14:00:00,1050.0,1050.0,1050.0,1050.0,0.0,15.0,15750.0,0
2021-04-08,2021-04-08 15:00:00,1050.0,1050.0,1050.0,1050.0,0.0,15.0,15750.0,0
2021-04-12,2021-04-12 11:00:00,1045.0,1045.5,1045.0,1045.25,0.02,33.4,34930.4,1
2021-04-12,2021-04-12 12:00:00,1045.25,1045.5,1045.25,1045.5,0.02,33.4,34930.4,1
2021-04-12,2021-04-12 13:00:00,1045.5,1045.75,1045.5,1045.75,0.02,33.4,34930.4,1
2021-04-12,2021-04-12 14:00:00,1045.75,1046.0,1045.75,1046.0,0.02,33.4,34930.4,1
2021-04-12,2021-04-12 15:00:00,1046.0,1046.0,1045.0,1046.0,0.0,33.4,34930.4,0
2021-04-15,2021-04-15 11:00:00,1046.0,1046.0,1046.0,1046.0,0.0,10.0,10460.0,0
2021-04-15,2021-04-15 12:00:00,1046.0,1046.0,1046.0,1046.0,0.0,10.0,10460.0,0
2021-04-15,2021-04-15 13:00:00,1046.0,1046.0,1046.0,1046.0,0.0,10.0,10460.0,0
2021-04-15,2021-04-15 14:00:00,1046.0,1046.0,1046.0,1046.0,0.0,10.0,10460.0,0
2021-04-15,2021-04-15 15:00:00,1046.0,1046.0,1046.0,1046.0,0.0,10.0,10460.0,0
2021-04-18,2021-04-18 11:00:00,1055.0,1055.0,1055.0,1055.0,0.0,5.0,5275.0,0
2021-04-18,2021-04-18 12:00:00,1055.0,1055.0,1055.0,1055.0,0.0,5.0,5275.0,0
2021-04-18,2021-04-18 13:00:00,1055.0,1055.0,1055.0,1055.0,0.0,5.0,5275.0,0
2021-04-18,2021-04-18 14:00:00,1055.0,1055.0,1055.0,1055.0,0.0,5.0,5275.0,0
2021-04-18,2021-04-18 15:00:00,1055.0,1055.0,1055.0,1055.0,0.0,5.0,5275.0,0
2021-04-19,2021-04-19 11:00:00,1050.0,1050.0,1050.0,1050.0,0.0,20.0,21000.0,0
2021-04-19,2021-04-19 12:00:00,1050.0,1050.0,1050.0,1050.0,0.0,20.0,21000.0,0
2021-04-19,2021-04-19 13:00:00,1050.0,1050.0,1050.0,1050.0,0.0,20.0,21000.0,0
2021-04-19,2021-04-19 14:00:00,1050.0,1050.0,1050.0,1050.0,0.0,20.0,21000.0,0
2021-04-19,2021-04-19 15:00:00,1050.0,1050.0,1050.0,1050.0,0.0,20.0,21000.0,0
2021-04-21,2021-04-21 11:00:00,1065.0,1065.0,1065.0,1065.0,0.0,5.0,5325.0,0
2021-04-21,2021-04-21 12:00:00,1065.0,1065.0,1065.0,1065.0,0.0,5.0,5325.0,0
2021-04-21,2021-04-21 13:00:00,1065.0,1065.0,1065.0,1065.0,0.0,5.0,5325.0,0
2021-04-21,2021-04-21 14:00:00,1065.0,1065.0,1065.0,1065.0,0.0,5.0,5325.0,0
2021-04-21,2021-04-21 15:00:00,1065.0,1065.0,1065.0,1065.0,0.0,5.0,5325.0,0
2021-04-25,2021-04-25 11:00:00,1060.0,1060.0,1060.0,1060.0,0.0,27.4,29044.0,0
2021-04-25,2021-04-25 12:00:00,1060.0,1060.0,1060.0,1060.0,0.0,27.4,29044.0,0
2021-04-25,2021-04-25 13:00:00,1060.0,1060.0,1060.0,1060.0,0.0,27.4,29044.0,0
2021-04-25,2021-04-25 14:00:00,1060.0,1060.0,1060.0,1060.0,0.0,27.4,29044.0,0
2021-04-25,2021-04-25 15:00:00,1060.0,1060.0,1060.0,1060.0,0.0,27.4,29044.0,0
2021-04-27,2021-04-27 11:00:00,1050.0,1050.0,1050.0,1050.0,0.0,100.0,105000.0,0
2021-04-27,2021-04-27 12:00:00,1050.0,1050.0,1050.0,1050.0,0.0,100.0,105000.0,0
2021-04-27,2021-04-27 13:00:00,1050.0,1050.0,1050.0,1050.0,0.0,100.0,105000.0,0
2021-04-27,2021-04-27 14:00:00,1050.0,1050.0,1050.0,1050.0,0.0,100.0,105000.0,0
2021-04-27,2021-04-27 15:00:00,1050.0,1050.0,1050.0,1050.0,0.0,100.0,105000.0,0
2021-05-02,2021-05-02 11:00:00,1047.0,1047.0,1047.0,1047.0,0.0,20.0,20940.0,0
2021-05-02,2021-05-02 12:00:00,1047.0,1047.0,1047.0,1047.0,0.0,20.0,20940.0,0
2021-05-02,2021-05-02 13:00:00,1047.0,1047.0,1047.0,1047.0,0.0,20.0,20940.0,0
2021-05-02,2021-05-02 14:00:00,1047.0,1047.0,1047.0,1047.0,0.0,20.0,20940.0,0
2021-05-02,2021-05-02 15:00:00,1047.0,1047.0,1047.0,1047.0,0.0,20.0,20940.0,0
2021-05-11,2021-05-11 11:00:00,1050.0,1050.0,1048.5,1049.25,-0.07,10.0,10485.0,-1
2021-05-11,2021-05-11 12:00:00,1049.25,1049.25,1048.5,1048.5,-0.07,10.0,10485.0,-1
2021-05-11,2021-05-11 13:00:00,1048.5,1048.5,1047.75,1047.75,-0.07,10.0,10485.0,-1
2021-05-11,2021-05-11 14:00:00,1047.75,1047.75,1047.0,1047.0,-0.07,10.0,10485.0,-1
2021-05-11,2021-05-11 15:00:00,1047.0,1050.0,1047.0,1047.0,0.0,10.0,10485.0,0
2021-05-12,2021-05-12 11:00:00,1046.0,1047.0,1046.0,1046.5,0.05,30.0,31410.0,1
2021-05-12,2021-05-12 12:00:00,1046.5,1047.0,1046.5,1047.0,0.05,30.0,31410.0,1
2021-05-12,2021-05-12 13:00:00,1047.0,1047.5,1047.0,1047.5,0.05,30.0,31410.0,1
2021-05-12,2021-05-12 14:00:00,1047.5,1048.0,1047.5,1048.0,0.05,30.0,31410.0,1
2021-05-12,2021-05-12 15:00:00,1048.0,1048.0,1046.0,1048.0,0.0,30.0,31410.0,0
2021-05-16,2021-05-16 11:00:00,1030.0,1040.0,1030.0,1035.0,0.49,60.0,62600.0,1
2021-05-16,2021-05-16 12:00:00,1035.0,1040.0,1035.0,1040.0,0.48,60.0,62600.0,1
2021-05-16,2021-05-16 13:00:00,1040.0,1045.0,1040.0,1045.0,0.48,60.0,62600.0,1
2021-05-16,2021-05-16 14:00:00,1045.0,1050.0,1045.0,1050.0,0.48,60.0,62600.0,1
2021-05-16,2021-05-16 15:00:00,1050.0,1050.0,1030.0,1050.0,0.0,60.0,62600.0,0
2021-05-17,2021-05-17 11:00:00,1046.0,1046.0,1046.0,1046.0,0.0,5.0,5230.0,0
2021-05-17,2021-05-17 12:00:00,1046.0,1046.0,1046.0,1046.0,0.0,5.0,5230.0,0
2021-05-17,2021-05-17 13:00:00,1046.0,1046.0,1046.0,1046.0,0.0,5.0,5230.0,0
2021-05-17,2021-05-17 14:00:00,1046.0,1046.0,1046.0,1046.0,0.0,5.0,5230.0,0
2021-05-17,2021-05-17 15:00:00,1046.0,1046.0,1046.0,1046.0,0.0,5.0,5230.0,0
2021-05-19,2021-05-19 11:00:00,1048.0,1048.0,1048.0,1048.0,0.0,5.0,5240.0,0
2021-05-19,2021-05-19 12:00:00,1048.0,1048.0,1048.0,1048.0,0.0,5.0,5240.0,0
2021-05-19,2021-05-19 13:00:00,1048.0,1048.0,1048.0,1048.0,0.0,5.0,5240.0,0
2021-05-19,2021-05-19 14:00:00,1048.0,1048.0,1048.0,1048.0,0.0,5.0,5240.0,0
2021-05-19,2021-05-19 15:00:00,1048.0,1048.0,1048.0,1048.0,0.0,5.0,5240.0,0
2021-05-20,2021-05-20 11:00:00,1049.0,1049.0,1048.5,1048.75,-0.02,20.0,20970.0,-1
2021-05-20,2021-05-20 12:00:00,1048.75,1048.75,1048.5,1048.5,-0.02,20.0,20970.0,-1
2021-05-20,2021-05-20 13:00:00,1048.5,1048.5,1048.25,1048.25,-0.02,20.0,20970.0,-1
2021-05-20,2021-05-20 14:00:00,1048.25,1048.25,1048.0,1048.0,-0.02,20.0,20970.0,-1
2021-05-20,2021-05-20 15:00:00,1048.0,1049.0,1048.0,1048.0,0.0,20.0,20970.0,0
2021-05-25,2021-05-25 11:00:00,1068.0,1068.0,1068.0,1068.0,0.0,20.0,21360.0,0
2021-05-25,2021-05-25 12:00:00,1068.0,1068.0,1068.0,1068.0,0.0,20.0,21360.0,0
2021-05-25,2021-05-25 13:00:00,1068.0,1068.0,1068.0,1068.0,0.0,20.0,21360.0,0
2021-05-25,2021-05-25 14:00:00,1068.0,1068.0,1068.0,1068.0,0.0,20.0,21360.0,0
2021-05-25,2021-05-25 15:00:00,1068.0,1068.0,1068.0,1068.0,0.0,20.0,21360.0,0
2021-05-27,2021-05-27 11:00:00,1050.0,1050.0,1050.0,1050.0,0.0,20.0,21000.0,0
2021-05-27,2021-05-27 12:00:00,1050.0,1050.0,1050.0,1050.0,0.0,20.0,21000.0,0
2021-05-27,2021-05-27 13:00:00,1050.0,1050.0,1050.0,1050.0,0.0,20.0,21000.0,0
2021-05-27,2021-05-27 14:00:00,1050.0,1050.0,1050.0,1050.0,0.0,20.0,21000.0,0
2021-05-27,2021-05-27 15:00:00,1050.0,1050.0,1050.0,1050.0,0.0,20.0,21000.0,0
2021-05-31,2021-05-31 11:00:00,1046.0,1046.0,1046.0,1046.0,0.0,5.0,5230.0,0
2021-05-31,2021-05-31 12:00:00,1046.0,1046.0,1046.0,1046.0,0.0,5.0,5230.0,0
2021-05-31,2021-05-31 13:00:00,1046.0,1046.0,1046.0,1046.0,0.0,5.0,5230.0,0
2021-05-31,2021-05-31 14:00:00,1046.0,1046.0,1046.0,1046.0,0.0,5.0,5230.0,0
2021-05-31,2021-05-31 15:00:00,1046.0,1046.0,1046.0,1046.0,0.0,5.0,5230.0,0
2021-06-08,2021-06-08 11:00:00,1060.0,1060.0,1060.0,1060.0,0.0,10.0,10600.0,0
2021-06-08,2021-06-08 12:00:00,1060.0,1060.0,1060.0,1060.0,0.0,10.0,10600.0,0
2021-06-08,2021-06-08 13:00:00,1060.0,1060.0,1060.0,1060.0,0.0,10.0,10600.0,0
2021-06-08,2021-06-08 14:00:00,1060.0,1060.0,1060.0,1060.0,0.0,10.0,10600.0,0
2021-06-08,2021-06-08 15:00:00,1060.0,1060.0,1060.0,1060.0,0.0,10.0,10600.0,0
2021-06-17,2021-06-17 11:00:00,1060.0,1060.0,1060.0,1060.0,0.0,5.0,5300.0,0
2021-06-17,2021-06-17 12:00:00,1060.0,1060.0,1060.0,1060.0,0.0,5.0,5300.0,0
2021-06-17,2021-06-17 13:00:00,1060.0,1060.0,1060.0,1060.0,0.0,5.0,5300.0,0
2021-06-17,2021-06-17 14:00:00,1060.0,1060.0,1060.0,1060.0,0.0,5.0,5300.0,0
2021-06-17,2021-06-17 15:00:00,1060.0,1060.0,1060.0,1060.0,0.0,5.0,5300.0,0
2021-06-20,2021-06-20 11:00:00,1060.0,1060.0,1060.0,1060.0,0.0,5.0,5300.0,0
2021-06-20,2021-06-20 12:00:00,1060.0,1060.0,1060.0,1060.0,0.0,5.0,5300.0,0
2021-06-20,2021-06-20 13:00:00,1060.0,1060.0,1060.0,1060.0,0.0,5.0,5300.0,0
2021-06-20,2021-06-20 14:00:00,1060.0,1060.0,1060.0,1060.0,0.0,5.0,5300.0,0
2021-06-20,2021-06-20 15:00:00,1060.0,1060.0,1060.0,1060.0,0.0,5.0,5300.0,0
2021-06-21,2021-06-21 11:00:00,1060.0,1060.0,1060.0,1060.0,0.0,10.0,10600.0,0
2021-06-21,2021-06-21 12:00:00,1060.0,1060.0,1060.0,1060.0,0.0,10.0,10600.0,0
2021-06-21,2021-06-21 13:00:00,1060.0,1060.0,1060.0,1060.0,0.0,10.0,10600.0,0
2021-06-21,2021-06-21 14:00:00,1060.0,1060.0,1060.0,1060.0,0.0,10.0,10600.0,0
2021-06-21,2021-06-21 15:00:00,1060.0,1060.0,1060.0,1060.0,0.0,10.0,10600.0,0
2021-06-23,2021-06-23 11:00:00,1060.0,1060.0,1060.0,1060.0,0.0,5.0,5300.0,0
2021-06-23,2021-06-23 12:00:00,1060.0,1060.0,1060.0,1060.0,0.0,5.0,5300.0,0
2021-06-23,2021-06-23 13:00:00,1060.0,1060.0,1060.0,1060.0,0.0,5.0,5300.0,0
2021-06-23,2021-06-23 14:00:00,1060.0,1060.0,1060.0,1060.0,0.0,5.0,5300.0,0
2021-06-23,2021-06-23 15:00:00,1060.0,1060.0,1060.0,1060.0,0.0,5.0,5300.0,0
2021-06-27,2021-06-27 11:00:00,1060.0,1060.0,1060.0,1060.0,0.0,6.0,6360.0,0
2021-06-27,2021-06-27 12:00:00,1060.0,1060.0,1060.0,1060.0,0.0,6.0,6360.0,0
2021-06-27,2021-06-27 13:00:00,1060.0,1060.0,1060.0,1060.0,0.0,6.0,6360.0,0
2021-06-27,2021-06-27 14:00:00,1060.0,1060.0,1060.0,1060.0,0.0,6.0,6360.0,0
2021-06-27,2021-06-27 15:00:00,1060.0,1060.0,1060.0,1060.0,0.0,6.0,6360.0,0
2021-06-28,2021-06-28 11:00:00,1060.0,1060.0,1060.0,1060.0,0.0,20.0,21200.0,0
2021-06-28,2021-06-28 12:00:00,1060.0,1060.0,1060.0,1060.0,0.0,20.0,21200.0,0
2021-06-28,2021-06-28 13:00:00,1060.0,1060.0,1060.0,1060.0,0.0,20.0,21200.0,0
2021-06-28,2021-06-28 14:00:00,1060.0,1060.0,1060.0,1060.0,0.0,20.0,21200.0,0
2021-06-28,2021-06-28 15:00:00,1060.0,1060.0,1060.0,1060.0,0.0,20.0,21200.0,0
2021-07-05,2021-07-05 11:00:00,1060.0,1062.5,1060.0,1061.25,0.12,45.0,47900.0,1
2021-07-05,2021-07-05 12:00:00,1061.25,1062.5,1061.25,1062.5,0.12,45.0,47900.0,1
2021-07-05,2021-07-05 13:00:00,1062.5,1063.75,1062.5,1063.75,0.12,45.0,47900.0,1
2021-07-05,2021-07-05 14:00:00,1063.75,1065.0,1063.75,1065.0,0.12,45.0,47900.0,1
2021-07-05,2021-07-05 15:00:00,1065.0,1065.0,1060.0,1065.0,0.0,45.0,47900.0,0
2021-07-25,2021-07-25 11:00:00,1065.0,1065.0,1065.0,1065.0,0.0,8.0,8520.0,0
2021-07-25,2021-07-25 12:00:00,1065.0,1065.0,1065.0,1065.0,0.0,8.0,8520.0,0
2021-07-25,2021-07-25 13:00:00,1065.0,1065.0,1065.0,1065.0,0.0,8.0,8520.0,0
2021-07-25,2021-07-25 14:00:00,1065.0,1065.0,1065.0,1065.0,0.0,8.0,8520.0,0
2021-07-25,2021-07-25 15:00:00,1065.0,1065.0,1065.0,1065.0,0.0,8.0,8520.0,0
2021-07-26,2021-07-26 11:00:00,1065.0,1065.0,1065.0,1065.0,0.0,45.0,47925.0,0
2021-07-26,2021-07-26 12:00:00,1065.0,1065.0,1065.0,1065.0,0.0,45.0,47925.0,0
2021-07-26,2021-07-26 13:00:00,1065.0,1065.0,1065.0,1065.0,0.0,45.0,47925.0,0
2021-07-26,2021-07-26 14:00:00,1065.0,1065.0,1065.0,1065.0,0.0,45.0,47925.0,0
2021-07-26,2021-07-26 15:00:00,1065.0,1065.0,1065.0,1065.0,0.0,45.0,47925.0,0
2021-07-27,2021-07-27 11:00:00,1065.0,1065.0,1065.0,1065.0,0.0,147.0,156555.0,0
2021-07-27,2021-07-27 12:00:00,1065.0,1065.0,1065.0,1065.0,0.0,147.0,156555.0,0
2021-07-27,2021-07-27 13:00:00,1065.0,1065.0,1065.0,1065.0,0.0,147.0,156555.0,0
2021-07-27,2021-07-27 14:00:00,1065.0,1065.0,1065.0,1065.0,0.0,147.0,156555.0,0
2021-07-27,2021-07-27 15:00:00,1065.0,1065.0,1065.0,1065.0,0.0,147.0,156555.0,0
2021-08-01,2021-08-01 11:00:00,1043.7,1043.7,1043.7,1043.7,0.0,5.0,5218.5,0
2021-08-01,2021-08-01 12:00:00,1043.7,1043.7,1043.7,1043.7,0.0,5.0,5218.5,0
2021-08-01,2021-08-01 13:00:00,1043.7,1043.7,1043.7,1043.7,0.0,5.0,5218.5,0
2021-08-01,2021-08-01 14:00:00,1043.7,1043.7,1043.7,1043.7,0.0,5.0,5218.5,0
2021-08-01,2021-08-01 15:00:00,1043.7,1043.7,1043.7,1043.7,0.0,5.0,5218.5,0
2021-08-02,2021-08-02 11:00:00,1035.0,1035.0,1035.0,1035.0,0.0,200.0,207000.0,0
2021-08-02,2021-08-02 12:00:00,1035.0,1035.0,1035.0,1035.0,0.0,200.0,207000.0,0
2021-08-02,2021-08-02 13:00:00,1035.0,1035.0,1035.0,1035.0,0.0,200.0,207000.0,0
2021-08-02,2021-08-02 14:00:00,1035.0,1035.0,1035.0,1035.0,0.0,200.0,207000.0,0
2021-08-02,2021-08-02 15:00:00,1035.0,1035.0,1035.0,1035.0,0.0,200.0,207000.0,0
2021-08-03,2021-08-03 11:00:00,1042.0,1042.0,1042.0,1042.0,0.0,6.6,6877.2,0
2021-08-03,2021-08-03 12:00:00,1042.0,1042.0,1042.0,1042.0,0.0,6.6,6877.2,0
2021-08-03,2021-08-03 13:00:00,1042.0,1042.0,1042.0,1042.0,0.0,6.6,6877.2,0
2021-08-03,2021-08-03 14:00:00,1042.0,1042.0,1042.0,1042.0,0.0,6.6,6877.2,0
2021-08-03,2021-08-03 15:00:00,1042.0,1042.0,1042.0,1042.0,0.0,6.6,6877.2,0
2021-08-04,2021-08-04 11:00:00,1042.0,1042.0,1042.0,1042.0,0.0,5.0,5210.0,0
2021-08-04,2021-08-04 12:00:00,1042.0,1042.0,1042.0,1042.0,0.0,5.0,5210.0,0
2021-08-04,2021-08-04 13:00:00,1042.0,1042.0,1042.0,1042.0,0.0,5.0,5210.0,0
2021-08-04,2021-08-04 14:00:00,1042.0,1042.0,1042.0,1042.0,0.0,5.0,5210.0,0
2021-08-04,2021-08-04 15:00:00,1042.0,1042.0,1042.0,1042.0,0.0,5.0,5210.0,0
2021-08-05,2021-08-05 11:00:00,1051.0,1051.0,1051.0,1051.0,0.0,41.4,43511.4,0
2021-08-05,2021-08-05 12:00:00,1051.0,1051.0,1051.0,1051.0,0.0,41.4,43511.4,0
2021-08-05,2021-08-05 13:00:00,1051.0,1051.0,1051.0,1051.0,0.0,41.4,43511.4,0
2021-08-05,2021-08-05 14:00:00,1051.0,1051.0,1051.0,1051.0,0.0,41.4,43511.4,0
2021-08-05,2021-08-05 15:00:00,1051.0,1051.0,1051.0,1051.0,0.0,41.4,43511.4,0
2021-08-08,2021-08-08 11:00:00,1050.0,1050.0,1044.0,1047.8,-0.21,240.0,251786.0,-1
2021-08-08,2021-08-08 12:00:00,1047.8,1047.8,1045.6,1045.6,-0.21,240.0,251786.0,-1
2021-08-08,2021-08-08 13:00:00,1045.6,1045.6,1043.4,1043.4,-0.21,240.0,251786.0,-1
2021-08-08,2021-08-08 14:00:00,1043.4,1043.4,1041.2,1041.2,-0.21,240.0,251786.0,-1
2021-08-08,2021-08-08 15:00:00,1041.2,1050.0,1038.0,1041.2,0.0,240.0,251786.0,0
2021-08-10,2021-08-10 11:00:00,1044.1,1052.05,1044.1,1048.07,0.38,355.0,374590.0,1
2021-08-10,2021-08-10 12:00:00,1048.07,1052.05,1048.07,1052.05,0.38,355.0,374590.0,1
2021-08-10,2021-08-10 13:00:00,1052.05,1056.03,1052.05,1056.03,0.38,355.0,374590.0,1
2021-08-10,2021-08-10 14:00:00,1056.03,1060.0,1056.03,1060.0,0.38,355.0,374590.0,1
2021-08-10,2021-08-10 15:00:00,1060.0,1060.0,1044.1,1060.0,0.0,355.0,374590.0,0
2021-08-11,2021-08-11 11:00:00,1060.0,1060.0,1060.0,1060.0,0.0,5.0,5300.0,0
2021-08-11,2021-08-11 12:00:00,1060.0,1060.0,1060.0,1060.0,0.0,5.0,5300.0,0
2021-08-11,2021-08-11 13:00:00,1060.0,1060.0,1060.0,1060.0,0.0,5.0,5300.0,0
2021-08-11,2021-08-11 14:00:00,1060.0,1060.0,1060.0,1060.0,0.0,5.0,5300.0,0
2021-08-11,2021-08-11 15:00:00,1060.0,1060.0,1060.0,1060.0,0.0,5.0,5300.0,0
2021-08-12,2021-08-12 11:00:00,1060.0,1060.0,1060.0,1060.0,0.0,10.0,10600.0,0
2021-08-12,2021-08-12 12:00:00,1060.0,1060.0,1060.0,1060.0,0.0,10.0,10600.0,0
2021-08-12,2021-08-12 13:00:00,1060.0,1060.0,1060.0,1060.0,0.0,10.0,10600.0,0
2021-08-12,2021-08-12 14:00:00,1060.0,1060.0,1060.0,1060.0,0.0,10.0,10600.0,0
2021-08-12,2021-08-12 15:00:00,1060.0,1060.0,1060.0,1060.0,0.0,10.0,10600.0,0
2021-08-19,2021-08-19 11:00:00,1060.0,1060.0,1060.0,1060.0,0.0,5.0,5300.0,0
2021-08-19,2021-08-19 12:00:00,1060.0,1060.0,1060.0,1060.0,0.0,5.0,5300.0,0
2021-08-19,2021-08-19 13:00:00,1060.0,1060.0,1060.0,1060.0,0.0,5.0,5300.0,0
2021-08-19,2021-08-19 14:00:00,1060.0,1060.0,1060.0,1060.0,0.0,5.0,5300.0,0
2021-08-19,2021-08-19 15:00:00,1060.0,1060.0,1060.0,1060.0,0.0,5.0,5300.0,0
2021-08-24,2021-08-24 11:00:00,1060.0,1060.0,1060.0,1060.0,0.0,5.0,5300.0,0
2021-08-24,2021-08-24 12:00:00,1060.0,1060.0,1060.0,1060.0,0.0,5.0,5300.0,0
2021-08-24,2021-08-24 13:00:00,1060.0,1060.0,1060.0,1060.0,0.0,5.0,5300.0,0
2021-08-24,2021-08-24 14:00:00,1060.0,1060.0,1060.0,1060.0,0.0,5.0,5300.0,0
2021-08-24,2021-08-24 15:00:00,1060.0,1060.0,1060.0,1060.0,0.0,5.0,5300.0,0
2021-08-25,2021-08-25 11:00:00,1055.0,1055.0,1055.0,1055.0,0.0,200.0,211000.0,0
2021-08-25,2021-08-25 12:00:00,1055.0,1055.0,1055.0,1055.0,0.0,200.0,211000.0,0
2021-08-25,2021-08-25 13:00:00,1055.0,1055.0,1055.0,1055.0,0.0,200.0,211000.0,0
2021-08-25,2021-08-25 14:00:00,1055.0,1055.0,1055.0,1055.0,0.0,200.0,211000.0,0
2021-08-25,2021-08-25 15:00:00,1055.0,1055.0,1055.0,1055.0,0.0,200.0,211000.0,0
2021-08-26,2021-08-26 11:00:00,1055.0,1055.5,1052.5,1053.75,-0.12,175.0,184760.0,-1
2021-08-26,2021-08-26 12:00:00,1053.75,1053.75,1052.5,1052.5,-0.12,175.0,184760.0,-1
2021-08-26,2021-08-26 13:00:00,1052.5,1052.5,1051.25,1051.25,-0.12,175.0,184760.0,-1
2021-08-26,2021-08-26 14:00:00,1051.25,1051.25,1050.0,1050.0,-0.12,175.0,184760.0,-1
2021-08-26,2021-08-26 15:00:00,1050.0,1056.0,1050.0,1050.0,0.0,175.0,184760.0,0
2021-08-29,2021-08-29 11:00:00,1050.0,1050.0,1050.0,1050.0,0.0,10.0,10500.0,0
2021-08-29,2021-08-29 12:00:00,1050.0,1050.0,1050.0,1050.0,0.0,10.0,10500.0,0
2021-08-29,2021-08-29 13:00:00,1050.0,1050.0,1050.0,1050.0,0.0,10.0,10500.0,0
2021-08-29,2021-08-29 14:00:00,1050.0,1050.0,1050.0,1050.0,0.0,10.0,10500.0,0
2021-08-29,2021-08-29 15:00:00,1050.0,1050.0,1050.0,1050.0,0.0,10.0,10500.0,0
2021-08-31,2021-08-31 11:00:00,1045.0,1045.0,1045.0,1045.0,0.0,10.0,10450.0,0
2021-08-31,2021-08-31 12:00:00,1045.0,1045.0,1045.0,1045.0,0.0,10.0,10450.0,0
2021-08-31,2021-08-31 13:00:00,1045.0,1045.0,1045.0,1045.0,0.0,10.0,10450.0,0
2021-08-31,2021-08-31 14:00:00,1045.0,1045.0,1045.0,1045.0,0.0,10.0,10450.0,0
2021-08-31,2021-08-31 15:00:00,1045.0,1045.0,1045.0,1045.0,0.0,10.0,10450.0,0
2021-09-01,2021-09-01 11:00:00,1045.0,1047.5,1045.0,1046.25,0.12,71.0,74358.0,1
2021-09-01,2021-09-01 12:00:00,1046.25,1047.5,1046.25,1047.5,0.12,71.0,74358.0,1
2021-09-01,2021-09-01 13:00:00,1047.5,1048.75,1047.5,1048.75,0.12,71.0,74358.0,1
2021-09-01,2021-09-01 14:00:00,1048.75,1050.0,1048.75,1050.0,0.12,71.0,74358.0,1
2021-09-01,2021-09-01 15:00:00,1050.0,1050.0,1045.0,1050.0,0.0,71.0,74358.0,0
2021-09-02,2021-09-02 11:00:00,1050.0,1050.0,1050.0,1050.0,0.0,15.0,15750.0,0
2021-09-02,2021-09-02 12:00:00,1050.0,1050.0,1050.0,1050.0,0.0,15.0,15750.0,0
2021-09-02,2021-09-02 13:00:00,1050.0,1050.0,1050.0,1050.0,0.0,15.0,15750.0,0
2021-09-02,2021-09-02 14:00:00,1050.0,1050.0,1050.0,1050.0,0.0,15.0,15750.0,0
2021-09-02,2021-09-02 15:00:00,1050.0,1050.0,1050.0,1050.0,0.0,15.0,15750.0,0
2021-09-05,2021-09-05 11:00:00,1050.1,1050.1,1050.1,1050.1,0.0,5.0,5250.5,0
2021-09-05,2021-09-05 12:00:00,1050.1,1050.1,1050.1,1050.1,0.0,5.0,5250.5,0
2021-09-05,2021-09-05 13:00:00,1050.1,1050.1,1050.1,1050.1,0.0,5.0,5250.5,0
2021-09-05,2021-09-05 14:00:00,1050.1,1050.1,1050.1,1050.1,0.0,5.0,5250.5,0
2021-09-05,2021-09-05 15:00:00,1050.1,1050.1,1050.1,1050.1,0.0,5.0,5250.5,0
2021-09-07,2021-09-07 11:00:00,1047.0,1047.0,1047.0,1047.0,0.0,5.0,5235.0,0
2021-09-07,2021-09-07 12:00:00,1047.0,1047.0,1047.0,1047.0,0.0,5.0,5235.0,0
2021-09-07,2021-09-07 13:00:00,1047.0,1047.0,1047.0,1047.0,0.0,5.0,5235.0,0
2021-09-07,2021-09-07 14:00:00,1047.0,1047.0,1047.0,1047.0,0.0,5.0,5235.0,0
2021-09-07,2021-09-07 15:00:00,1047.0,1047.0,1047.0,1047.0,0.0,5.0,5235.0,0
2021-09-08,2021-09-08 11:00:00,1045.0,1045.0,1045.0,1045.0,0.0,5.0,5225.0,0
2021-09-08,2021-09-08 12:00:00,1045.0,1045.0,1045.0,1045.0,0.0,5.0,5225.0,0
2021-09-08,2021-09-08 13:00:00,1045.0,1045.0,1045.0,1045.0,0.0,5.0,5225.0,0
2021-09-08,2021-09-08 14:00:00,1045.0,1045.0,1045.0,1045.0,0.0,5.0,5225.0,0
2021-09-08,2021-09-08 15:00:00,1045.0,1045.0,1045.0,1045.0,0.0,5.0,5225.0,0
2021-09-09,2021-09-09 11:00:00,1045.0,1045.0,1045.0,1045.0,0.0,15.0,15675.0,0
2021-09-09,2021-09-09 12:00:00,1045.0,1045.0,1045.0,1045.0,0.0,15.0,15675.0,0
2021-09-09,2021-09-09 13:00:00,1045.0,1045.0,1045.0,1045.0,0.0,15.0,15675.0,0
2021-09-09,2021-09-09 14:00:00,1045.0,1045.0,1045.0,1045.0,0.0,15.0,15675.0,0
2021-09-09,2021-09-09 15:00:00,1045.0,1045.0,1045.0,1045.0,0.0,15.0,15675.0,0
2021-09-12,2021-09-12 11:00:00,1050.0,1050.0,1047.5,1048.75,-0.12,25.0,26225.0,-1
2021-09-12,2021-09-12 12:00:00,1048.75,1048.75,1047.5,1047.5,-0.12,25.0,26225.0,-1
2021-09-12,2021-09-12 13:00:00,1047.5,1047.5,1046.25,1046.25,-0.12,25.0,26225.0,-1
2021-09-12,2021-09-12 14:00:00,1046.25,1046.25,1045.0,1045.0,-0.12,25.0,26225.0,-1
2021-09-12,2021-09-12 15:00:00,1045.0,1050.0,1045.0,1045.0,0.0,25.0,26225.0,0
2021-09-13,2021-09-13 11:00:00,1045.0,1045.0,1045.0,1045.0,0.0,100.0,104500.0,0
2021-09-13,2021-09-13 12:00:00,1045.0,1045.0,1045.0,1045.0,0.0,100.0,104500.0,0
2021-09-13,2021-09-13 13:00:00,1045.0,1045.0,1045.0,1045.0,0.0,100.0,104500.0,0
2021-09-13,2021-09-13 14:00:00,1045.0,1045.0,1045.0,1045.0,0.0,100.0,104500.0,0
2021-09-13,2021-09-13 15:00:00,1045.0,1045.0,1045.0,1045.0,0.0,100.0,104500.0,0
2021-09-15,2021-09-15 11:00:00,1051.0,1051.0,1051.0,1051.0,0.0,200.0,210200.0,0
2021-09-15,2021-09-15 12:00:00,1051.0,1051.0,1051.0,1051.0,0.0,200.0,210200.0,0
2021-09-15,2021-09-15 13:00:00,1051.0,1051.0,1051.0,1051.0,0.0,200.0,210200.0,0
2021-09-15,2021-09-15 14:00:00,1051.0,1051.0,1051.0,1051.0,0.0,200.0,210200.0,0
2021-09-15,2021-09-15 15:00:00,1051.0,1051.0,1051.0,1051.0,0.0,200.0,210200.0,0
2021-09-26,2021-09-26 11:00:00,1045.0,1045.0,1045.0,1045.0,0.0,75.0,78375.0,0
2021-09-26,2021-09-26 12:00:00,1045.0,1045.0,1045.0,1045.0,0.0,75.0,78375.0,0
2021-09-26,2021-09-26 13:00:00,1045.0,1045.0,1045.0,1045.0,0.0,75.0,78375.0,0
2021-09-26,2021-09-26 14:00:00,1045.0,1045.0,1045.0,1045.0,0.0,75.0,78375.0,0
2021-09-26,2021-09-26 15:00:00,1045.0,1045.0,1045.0,1045.0,0.0,75.0,78375.0,0
2021-09-29,2021-09-29 11:00:00,1030.0,1030.0,1030.0,1030.0,0.0,25.0,25750.0,0
2021-09-29,2021-09-29 12:00:00,1030.0,1030.0,1030.0,1030.0,0.0,25.0,25750.0,0
2021-09-29,2021-09-29 13:00:00,1030.0,1030.0,1030.0,1030.0,0.0,25.0,25750.0,0
2021-09-29,2021-09-29 14:00:00,1030.0,1030.0,1030.0,1030.0,0.0,25.0,25750.0,0
2021-09-29,2021-09-29 15:00:00,1030.0,1030.0,1030.0,1030.0,0.0,25.0,25750.0,0
2021-09-30,2021-09-30 11:00:00,1030.0,1030.0,1030.0,1030.0,0.0,5.0,5150.0,0
2021-09-30,2021-09-30 12:00:00,1030.0,1030.0,1030.0,1030.0,0.0,5.0,5150.0,0
2021-09-30,2021-09-30 13:00:00,1030.0,1030.0,1030.0,1030.0,0.0,5.0,5150.0,0
2021-09-30,2021-09-30 14:00:00,1030.0,1030.0,1030.0,1030.0,0.0,5.0,5150.0,0
2021-09-30,2021-09-30 15:00:00,1030.0,1030.0,1030.0,1030.0,0.0,5.0,5150.0,0
2021-10-06,2021-10-06 11:00:00,1025.0,1025.0,1025.0,1025.0,0.0,5.0,5125.0,0
2021-10-06,2021-10-06 12:00:00,1025.0,1025.0,1025.0,1025.0,0.0,5.0,5125.0,0
2021-10-06,2021-10-06 13:00:00,1025.0,1025.0,1025.0,1025.0,0.0,5.0,5125.0,0
2021-10-06,2021-10-06 14:00:00,1025.0,1025.0,1025.0,1025.0,0.0,5.0,5125.0,0
2021-10-06,2021-10-06 15:00:00,1025.0,1025.0,1025.0,1025.0,0.0,5.0,5125.0,0
2021-11-08,2021-11-08 11:00:00,1025.0,1025.0,1025.0,1025.0,0.0,7.0,7175.0,0
2021-11-08,2021-11-08 12:00:00,1025.0,1025.0,1025.0,1025.0,0.0,7.0,7175.0,0
2021-11-08,2021-11-08 13:00:00,1025.0,1025.0,1025.0,1025.0,0.0,7.0,7175.0,0
2021-11-08,2021-11-08 14:00:00,1025.0,1025.0,1025.0,1025.0,0.0,7.0,7175.0,0
2021-11-08,2021-11-08 15:00:00,1025.0,1025.0,1025.0,1025.0,0.0,7.0,7175.0,0
2021-11-16,2021-11-16 11:00:00,1005.0,1005.0,1003.0,1004.0,-0.1,18.0,18070.0,-1
2021-11-16,2021-11-16 12:00:00,1004.0,1004.0,1003.0,1003.0,-0.1,18.0,18070.0,-1
2021-11-16,2021-11-16 13:00:00,1003.0,1003.0,1002.0,1002.0,-0.1,18.0,18070.0,-1
2021-11-16,2021-11-16 14:00:00,1002.0,1002.0,1001.0,1001.0,-0.1,18.0,18070.0,-1
2021-11-16,2021-11-16 15:00:00,1001.0,1005.0,1001.0,1001.0,0.0,18.0,18070.0,0
2021-11-25,2021-11-25 11:00:00,1010.0,1010.0,1010.0,1010.0,0.0,10.0,10100.0,0
2021-11-25,2021-11-25 12:00:00,1010.0,1010.0,1010.0,1010.0,0.0,10.0,10100.0,0
2021-11-25,2021-11-25 13:00:00,1010.0,1010.0,1010.0,1010.0,0.0,10.0,10100.0,0
2021-11-25,2021-11-25 14:00:00,1010.0,1010.0,1010.0,1010.0,0.0,10.0,10100.0,0
2021-11-25,2021-11-25 15:00:00,1010.0,1010.0,1010.0,1010.0,0.0,10.0,10100.0,0
2021-12-09,2021-12-09 11:00:00,990.0,990.0,990.0,990.0,0.0,5.0,4950.0,0
2021-12-09,2021-12-09 12:00:00,990.0,990.0,990.0,990.0,0.0,5.0,4950.0,0
2021-12-09,2021-12-09 13:00:00,990.0,990.0,990.0,990.0,0.0,5.0,4950.0,0
2021-12-09,2021-12-09 14:00:00,990.0,990.0,990.0,990.0,0.0,5.0,4950.0,0
2021-12-09,2021-12-09 15:00:00,990.0,990.0,990.0,990.0,0.0,5.0,4950.0,0
2021-12-27,2021-12-27 11:00:00,1000.0,1005.0,1000.0,1002.5,0.25,110.0,110300.0,1
2021-12-27,2021-12-27 12:00:00,1002.5,1005.0,1002.5,1005.0,0.25,110.0,110300.0,1
2021-12-27,2021-12-27 13:00:00,1005.0,1007.5,1005.0,1007.5,0.25,110.0,110300.0,1
2021-12-27,2021-12-27 14:00:00,1007.5,1010.0,1007.5,1010.0,0.25,110.0,110300.0,1
2021-12-27,2021-12-27 15:00:00,1010.0,1010.0,1000.0,1010.0,0.0,110.0,110300.0,0
2021-12-28,2021-12-28 11:00:00,1021.0,1023.0,1021.0,1022.0,0.1,78.0,79878.0,1
2021-12-28,2021-12-28 12:00:00,1022.0,1023.0,1022.0,1023.0,0.1,78.0,79878.0,1
2021-12-28,2021-12-28 13:00:00,1023.0,1024.0,1023.0,1024.0,0.1,78.0,79878.0,1
2021-12-28,2021-12-28 14:00:00,1024.0,1025.0,1024.0,1025.0,0.1,78.0,79878.0,1
2021-12-28,2021-12-28 15:00:00,1025.0,1025.0,1021.0,1025.0,0.0,78.0,79878.0,0
2022-01-06,2022-01-06 11:00:00,1004.5,1014.5,1004.5,1009.5,0.5,46.0,47007.0,1
2022-01-06,2022-01-06 12:00:00,1009.5,1014.5,1009.5,1014.5,0.5,46.0,47007.0,1
2022-01-06,2022-01-06 13:00:00,1014.5,1019.5,1014.5,1019.5,0.49,46.0,47007.0,1
2022-01-06,2022-01-06 14:00:00,1019.5,1024.5,1019.5,1024.5,0.49,46.0,47007.0,1
2022-01-06,2022-01-06 15:00:00,1024.5,1024.5,1004.5,1024.5,0.0,46.0,47007.0,0
2022-01-09,2022-01-09 11:00:00,1010.0,1010.0,1010.0,1010.0,0.0,4.0,4040.0,0
2022-01-09,2022-01-09 12:00:00,1010.0,1010.0,1010.0,1010.0,0.0,4.0,4040.0,0
2022-01-09,2022-01-09 13:00:00,1010.0,1010.0,1010.0,1010.0,0.0,4.0,4040.0,0
2022-01-09,2022-01-09 14:00:00,1010.0,1010.0,1010.0,1010.0,0.0,4.0,4040.0,0
2022-01-09,2022-01-09 15:00:00,1010.0,1010.0,1010.0,1010.0,0.0,4.0,4040.0,0
2022-01-10,2022-01-10 11:00:00,1010.0,1010.0,1010.0,1010.0,0.0,4.0,4040.0,0
2022-01-10,2022-01-10 12:00:00,1010.0,1010.0,1010.0,1010.0,0.0,4.0,4040.0,0
2022-01-10,2022-01-10 13:00:00,1010.0,1010.0,1010.0,1010.0,0.0,4.0,4040.0,0
2022-01-10,2022-01-10 14:00:00,1010.0,1010.0,1010.0,1010.0,0.0,4.0,4040.0,0
2022-01-10,2022-01-10 15:00:00,1010.0,1010.0,1010.0,1010.0,0.0,4.0,4040.0,0
2022-01-19,2022-01-19 11:00:00,1000.0,1000.0,1000.0,1000.0,0.0,124.0,124000.0,0
2022-01-19,2022-01-19 12:00:00,1000.0,1000.0,1000.0,1000.0,0.0,124.0,124000.0,0
2022-01-19,2022-01-19 13:00:00,1000.0,1000.0,1000.0,1000.0,0.0,124.0,124000.0,0
2022-01-19,2022-01-19 14:00:00,1000.0,1000.0,1000.0,1000.0,0.0,124.0,124000.0,0
2022-01-19,2022-01-19 15:00:00,1000.0,1000.0,1000.0,1000.0,0.0,124.0,124000.0,0
2022-01-23,2022-01-23 11:00:00,1000.0,1000.0,1000.0,1000.0,0.0,5.0,5000.0,0
2022-01-23,2022-01-23 12:00:00,1000.0,1000.0,1000.0,1000.0,0.0,5.0,5000.0,0
2022-01-23,2022-01-23 13:00:00,1000.0,1000.0,1000.0,1000.0,0.0,5.0,5000.0,0
2022-01-23,2022-01-23 14:00:00,1000.0,1000.0,1000.0,1000.0,0.0,5.0,5000.0,0
2022-01-23,2022-01-23 15:00:00,1000.0,1000.0,1000.0,1000.0,0.0,5.0,5000.0,0
2022-01-30,2022-01-30 11:00:00,1000.0,1000.0,1000.0,1000.0,0.0,25.0,25000.0,0
2022-01-30,2022-01-30 12:00:00,1000.0,1000.0,1000.0,1000.0,0.0,25.0,25000.0,0
2022-01-30,2022-01-30 13:00:00,1000.0,1000.0,1000.0,1000.0,0.0,25.0,25000.0,0
2022-01-30,2022-01-30 14:00:00,1000.0,1000.0,1000.0,1000.0,0.0,25.0,25000.0,0
2022-01-30,2022-01-30 15:00:00,1000.0,1000.0,1000.0,1000.0,0.0,25.0,25000.0,0
2022-02-09,2022-02-09 11:00:00,980.0,980.0,971.25,975.62,-0.45,15.0,14612.5,-1
2022-02-09,2022-02-09 12:00:00,975.62,975.62,971.25,971.25,-0.45,15.0,14612.5,-1
2022-02-09,2022-02-09 13:00:00,971.25,971.25,966.88,966.88,-0.45,15.0,14612.5,-1
2022-02-09,2022-02-09 14:00:00,966.88,966.88,962.5,962.5,-0.45,15.0,14612.5,-1
2022-02-09,2022-02-09 15:00:00,962.5,980.0,962.5,962.5,0.0,15.0,14612.5,0
2022-02-14,2022-02-14 11:00:00,945.0,945.0,944.15,944.58,-0.04,10.0,9441.5,-1
2022-02-14,2022-02-14 12:00:00,944.58,944.58,944.15,944.15,-0.05,10.0,9441.5,-1
2022-02-14,2022-02-14 13:00:00,944.15,944.15,943.72,943.72,-0.05,10.0,9441.5,-1
2022-02-14,2022-02-14 14:00:00,943.72,943.72,943.3,943.3,-0.04,10.0,9441.5,-1
2022-02-14,2022-02-14 15:00:00,943.3,945.0,943.3,943.3,0.0,10.0,9441.5,0
2022-02-20,2022-02-20 11:00:00,940.0,940.0,940.0,940.0,0.0,5.0,4700.0,0
2022-02-20,2022-02-20 12:00:00,940.0,940.0,940.0,940.0,0.0,5.0,4700.0,0
2022-02-20,2022-02-20 13:00:00,940.0,940.0,940.0,940.0,0.0,5.0,4700.0,0
2022-02-20,2022-02-20 14:00:00,940.0,940.0,940.0,940.0,0.0,5.0,4700.0,0
2022-02-20,2022-02-20 15:00:00,940.0,940.0,940.0,940.0,0.0,5.0,4700.0,0
2022-03-22,2022-03-22 11:00:00,940.0,940.0,940.0,940.0,0.0,10.0,9400.0,0
2022-03-22,2022-03-22 12:00:00,940.0,940.0,940.0,940.0,0.0,10.0,9400.0,0
2022-03-22,2022-03-22 13:00:00,940.0,940.0,940.0,940.0,0.0,10.0,9400.0,0
2022-03-22,2022-03-22 14:00:00,940.0,940.0,940.0,940.0,0.0,10.0,9400.0,0
2022-03-22,2022-03-22 15:00:00,940.0,940.0,940.0,940.0,0.0,10.0,9400.0,0
2022-03-27,2022-03-27 11:00:00,932.0,932.0,932.0,932.0,0.0,5.0,4660.0,0
2022-03-27,2022-03-27 12:00:00,932.0,932.0,932.0,932.0,0.0,5.0,4660.0,0
2022-03-27,2022-03-27 13:00:00,932.0,932.0,932.0,932.0,0.0,5.0,4660.0,0
2022-03-27,2022-03-27 14:00:00,932.0,932.0,932.0,932.0,0.0,5.0,4660.0,0
2022-03-27,2022-03-27 15:00:00,932.0,932.0,932.0,932.0,0.0,5.0,4660.0,0
2022-03-29,2022-03-29 11:00:00,929.7,929.7,929.7,929.7,0.0,5.0,4648.5,0
2022-03-29,2022-03-29 12:00:00,929.7,929.7,929.7,929.7,0.0,5.0,4648.5,0
2022-03-29,2022-03-29 13:00:00,929.7,929.7,929.7,929.7,0.0,5.0,4648.5,0
2022-03-29,2022-03-29 14:00:00,929.7,929.7,929.7,929.7,0.0,5.0,4648.5,0
2022-03-29,2022-03-29 15:00:00,929.7,929.7,929.7,929.7,0.0,5.0,4648.5,0
2022-04-11,2022-04-11 11:00:00,930.6,930.6,930.55,930.58,-0.0,10.0,9305.5,-1
2022-04-11,2022-04-11 12:00:00,930.58,930.58,930.55,930.55,-0.0,10.0,9305.5,-1
2022-04-11,2022-04-11 13:00:00,930.55,930.55,930.52,930.52,-0.0,10.0,9305.5,-1
2022-04-11,2022-04-11 14:00:00,930.52,930.52,930.5,930.5,-0.0,10.0,9305.5,-1
2022-04-11,2022-04-11 15:00:00,930.5,930.6,930.5,930.5,0.0,10.0,9305.5,0
2022-04-21,2022-04-21 11:00:00,931.1,931.1,931.1,931.1,0.0,5.0,4655.5,0
2022-04-21,2022-04-21 12:00:00,931.1,931.1,931.1,931.1,0.0,5.0,4655.5,0
2022-04-21,2022-04-21 13:00:00,931.1,931.1,931.1,931.1,0.0,5.0,4655.5,0
2022-04-21,2022-04-21 14:00:00,931.1,931.1,931.1,931.1,0.0,5.0,4655.5,0
2022-04-21,2022-04-21 15:00:00,931.1,931.1,931.1,931.1,0.0,5.0,4655.5,0
2022-04-26,2022-04-26 11:00:00,931.5,931.5,931.35,931.42,-0.01,10.0,9313.5,-1
2022-04-26,2022-04-26 12:00:00,931.42,931.42,931.35,931.35,-0.01,10.0,9313.5,-1
2022-04-26,2022-04-26 13:00:00,931.35,931.35,931.28,931.28,-0.01,10.0,9313.5,-1
2022-04-26,2022-04-26 14:00:00,931.28,931.28,931.2,931.2,-0.01,10.0,9313.5,-1
2022-04-26,2022-04-26 15:00:00,931.2,931.5,931.2,931.2,0.0,10.0,9313.5,0
2022-05-18,2022-05-18 11:00:00,940.0,940.0,940.0,940.0,0.0,10.0,9400.0,0
2022-05-18,2022-05-18 12:00:00,940.0,940.0,940.0,940.0,0.0,10.0,9400.0,0
2022-05-18,2022-05-18 13:00:00,940.0,940.0,940.0,940.0,0.0,10.0,9400.0,0
2022-05-18,2022-05-18 14:00:00,940.0,940.0,940.0,940.0,0.0,10.0,9400.0,0
2022-05-18,2022-05-18 15:00:00,940.0,940.0,940.0,940.0,0.0,10.0,9400.0,0
2022-05-30,2022-05-30 11:00:00,958.8,958.8,958.8,958.8,0.0,3.0,2876.4,0
2022-05-30,2022-05-30 12:00:00,958.8,958.8,958.8,958.8,0.0,3.0,2876.4,0
2022-05-30,2022-05-30 13:00:00,958.8,958.8,958.8,958.8,0.0,3.0,2876.4,0
2022-05-30,2022-05-30 14:00:00,958.8,958.8,958.8,958.8,0.0,3.0,2876.4,0
2022-05-30,2022-05-30 15:00:00,958.8,958.8,958.8,958.8,0.0,3.0,2876.4,0
2022-06-08,2022-06-08 11:00:00,960.0,960.0,960.0,960.0,0.0,8.0,7680.0,0
2022-06-08,2022-06-08 12:00:00,960.0,960.0,960.0,960.0,0.0,8.0,7680.0,0
2022-06-08,2022-06-08 13:00:00,960.0,960.0,960.0,960.0,0.0,8.0,7680.0,0
2022-06-08,2022-06-08 14:00:00,960.0,960.0,960.0,960.0,0.0,8.0,7680.0,0
2022-06-08,2022-06-08 15:00:00,960.0,960.0,960.0,960.0,0.0,8.0,7680.0,0
2022-06-09,2022-06-09 11:00:00,940.8,940.8,940.8,940.8,0.0,5.0,4704.0,0
2022-06-09,2022-06-09 12:00:00,940.8,940.8,940.8,940.8,0.0,5.0,4704.0,0
2022-06-09,2022-06-09 13:00:00,940.8,940.8,940.8,940.8,0.0,5.0,4704.0,0
2022-06-09,2022-06-09 14:00:00,940.8,940.8,940.8,940.8,0.0,5.0,4704.0,0
2022-06-09,2022-06-09 15:00:00,940.8,940.8,940.8,940.8,0.0,5.0,4704.0,0
2022-06-14,2022-06-14 11:00:00,935.1,935.1,935.05,935.08,-0.0,10.0,9350.5,-1
2022-06-14,2022-06-14 12:00:00,935.08,935.08,935.05,935.05,-0.0,10.0,9350.5,-1
2022-06-14,2022-06-14 13:00:00,935.05,935.05,935.02,935.02,-0.0,10.0,9350.5,-1
2022-06-14,2022-06-14 14:00:00,935.02,935.02,935.0,935.0,-0.0,10.0,9350.5,-1
2022-06-14,2022-06-14 15:00:00,935.0,935.1,935.0,935.0,0.0,10.0,9350.5,0
2022-06-17,2022-06-17 11:00:00,935.0,935.0,935.0,935.0,0.0,10.0,9350.0,0
2022-06-17,2022-06-17 12:00:00,935.0,935.0,935.0,935.0,0.0,10.0,9350.0,0
2022-06-17,2022-06-17 13:00:00,935.0,935.0,935.0,935.0,0.0,10.0,9350.0,0
2022-06-17,2022-06-17 14:00:00,935.0,935.0,935.0,935.0,0.0,10.0,9350.0,0
2022-06-17,2022-06-17 15:00:00,935.0,935.0,935.0,935.0,0.0,10.0,9350.0,0
2022-06-19,2022-06-19 11:00:00,953.7,953.7,953.7,953.7,0.0,5.0,4768.5,0
2022-06-19,2022-06-19 12:00:00,953.7,953.7,953.7,953.7,0.0,5.0,4768.5,0
2022-06-19,2022-06-19 13:00:00,953.7,953.7,953.7,953.7,0.0,5.0,4768.5,0
2022-06-19,2022-06-19 14:00:00,953.7,953.7,953.7,953.7,0.0,5.0,4768.5,0
2022-06-19,2022-06-19 15:00:00,953.7,953.7,953.7,953.7,0.0,5.0,4768.5,0
2022-06-20,2022-06-20 11:00:00,934.7,934.7,934.7,934.7,0.0,5.0,4673.5,0
2022-06-20,2022-06-20 12:00:00,934.7,934.7,934.7,934.7,0.0,5.0,4673.5,0
2022-06-20,2022-06-20 13:00:00,934.7,934.7,934.7,934.7,0.0,5.0,4673.5,0
2022-06-20,2022-06-20 14:00:00,934.7,934.7,934.7,934.7,0.0,5.0,4673.5,0
2022-06-20,2022-06-20 15:00:00,934.7,934.7,934.7,934.7,0.0,5.0,4673.5,0
2022-06-21,2022-06-21 11:00:00,935.0,935.0,935.0,935.0,0.0,6.0,5610.0,0
2022-06-21,2022-06-21 12:00:00,935.0,935.0,935.0,935.0,0.0,6.0,5610.0,0
2022-06-21,2022-06-21 13:00:00,935.0,935.0,935.0,935.0,0.0,6.0,5610.0,0
2022-06-21,2022-06-21 14:00:00,935.0,935.0,935.0,935.0,0.0,6.0,5610.0,0
2022-06-21,2022-06-21 15:00:00,935.0,935.0,935.0,935.0,0.0,6.0,5610.0,0
2022-07-15,2022-07-15 11:00:00,953.7,953.7,953.7,953.7,0.0,2.0,1907.4,0
2022-07-15,2022-07-15 12:00:00,953.7,953.7,953.7,953.7,0.0,2.0,1907.4,0
2022-07-15,2022-07-15 13:00:00,953.7,953.7,953.7,953.7,0.0,2.0,1907.4,0
2022-07-15,2022-07-15 14:00:00,953.7,953.7,953.7,953.7,0.0,2.0,1907.4,0
2022-07-15,2022-07-15 15:00:00,953.7,953.7,953.7,953.7,0.0,2.0,1907.4,0
2022-07-18,2022-07-18 11:00:00,934.7,934.8,934.7,934.75,0.01,9.0,8413.1,1
2022-07-18,2022-07-18 12:00:00,934.75,934.8,934.75,934.8,0.01,9.0,8413.1,1
2022-07-18,2022-07-18 13:00:00,934.8,934.85,934.8,934.85,0.01,9.0,8413.1,1
2022-07-18,2022-07-18 14:00:00,934.85,934.9,934.85,934.9,0.01,9.0,8413.1,1
2022-07-18,2022-07-18 15:00:00,934.9,934.9,934.7,934.9,0.0,9.0,8413.1,0
2022-07-21,2022-07-21 11:00:00,916.3,916.3,916.3,916.3,0.0,5.0,4581.5,0
2022-07-21,2022-07-21 12:00:00,916.3,916.3,916.3,916.3,0.0,5.0,4581.5,0
2022-07-21,2022-07-21 13:00:00,916.3,916.3,916.3,916.3,0.0,5.0,4581.5,0
2022-07-21,2022-07-21 14:00:00,916.3,916.3,916.3,916.3,0.0,5.0,4581.5,0
2022-07-21,2022-07-21 15:00:00,916.3,916.3,916.3,916.3,0.0,5.0,4581.5,0
2022-07-27,2022-07-27 11:00:00,898.0,898.0,898.0,898.0,0.0,5.0,4490.0,0
2022-07-27,2022-07-27 12:00:00,898.0,898.0,898.0,898.0,0.0,5.0,4490.0,0
2022-07-27,2022-07-27 13:00:00,898.0,898.0,898.0,898.0,0.0,5.0,4490.0,0
2022-07-27,2022-07-27 14:00:00,898.0,898.0,898.0,898.0,0.0,5.0,4490.0,0
2022-07-27,2022-07-27 15:00:00,898.0,898.0,898.0,898.0,0.0,5.0,4490.0,0
2022-07-31,2022-07-31 11:00:00,915.9,915.95,915.9,915.92,0.0,13.0,11907.4,1
2022-07-31,2022-07-31 12:00:00,915.92,915.95,915.92,915.95,0.0,13.0,11907.4,1
2022-07-31,2022-07-31 13:00:00,915.95,915.98,915.95,915.98,0.0,13.0,11907.4,1
2022-07-31,2022-07-31 14:00:00,915.98,916.0,915.98,916.0,0.0,13.0,11907.4,1
2022-07-31,2022-07-31 15:00:00,916.0,916.0,915.9,916.0,0.0,13.0,11907.4,0
2022-08-14,2022-08-14 11:00:00,920.0,920.0,920.0,920.0,0.0,5.0,4600.0,0
2022-08-14,2022-08-14 12:00:00,920.0,920.0,920.0,920.0,0.0,5.0,4600.0,0
2022-08-14,2022-08-14 13:00:00,920.0,920.0,920.0,920.0,0.0,5.0,4600.0,0
2022-08-14,2022-08-14 14:00:00,920.0,920.0,920.0,920.0,0.0,5.0,4600.0,0
2022-08-14,2022-08-14 15:00:00,920.0,920.0,920.0,920.0,0.0,5.0,4600.0,0
2022-09-22,2022-09-22 11:00:00,901.6,901.6,901.6,901.6,0.0,36.0,32457.6,0
2022-09-22,2022-09-22 12:00:00,901.6,901.6,901.6,901.6,0.0,36.0,32457.6,0
2022-09-22,2022-09-22 13:00:00,901.6,901.6,901.6,901.6,0.0,36.0,32457.6,0
2022-09-22,2022-09-22 14:00:00,901.6,901.6,901.6,901.6,0.0,36.0,32457.6,0
2022-09-22,2022-09-22 15:00:00,901.6,901.6,901.6,901.6,0.0,36.0,32457.6,0
2022-10-13,2022-10-13 11:00:00,900.0,900.0,900.0,900.0,0.0,6.0,5400.0,0
2022-10-13,2022-10-13 12:00:00,900.0,900.0,900.0,900.0,0.0,6.0,5400.0,0
2022-10-13,2022-10-13 13:00:00,900.0,900.0,900.0,900.0,0.0,6.0,5400.0,0
2022-10-13,2022-10-13 14:00:00,900.0,900.0,900.0,900.0,0.0,6.0,5400.0,0
2022-10-13,2022-10-13 15:00:00,900.0,900.0,900.0,900.0,0.0,6.0,5400.0,0
2022-11-24,2022-11-24 11:00:00,900.0,900.0,900.0,900.0,0.0,6.6,5940.0,0
2022-11-24,2022-11-24 12:00:00,900.0,900.0,900.0,900.0,0.0,6.6,5940.0,0
2022-11-24,2022-11-24 13:00:00,900.0,900.0,900.0,900.0,0.0,6.6,5940.0,0
2022-11-24,2022-11-24 14:00:00,900.0,900.0,900.0,900.0,0.0,6.6,5940.0,0
2022-11-24,2022-11-24 15:00:00,900.0,900.0,900.0,900.0,0.0,6.6,5940.0,0
2022-12-05,2022-12-05 11:00:00,918.0,918.0,918.0,918.0,0.0,5.0,4590.0,0
2022-12-05,2022-12-05 12:00:00,918.0,918.0,918.0,918.0,0.0,5.0,4590.0,0
2022-12-05,2022-12-05 13:00:00,918.0,918.0,918.0,918.0,0.0,5.0,4590.0,0
2022-12-05,2022-12-05 14:00:00,918.0,918.0,918.0,918.0,0.0,5.0,4590.0,0
2022-12-05,2022-12-05 15:00:00,918.0,918.0,918.0,918.0,0.0,5.0,4590.0,0
2023-01-04,2023-01-04 11:00:00,899.7,899.7,899.7,899.7,0.0,2.0,1799.4,0
2023-01-04,2023-01-04 12:00:00,899.7,899.7,899.7,899.7,0.0,2.0,1799.4,0
2023-01-04,2023-01-04 13:00:00,899.7,899.7,899.7,899.7,0.0,2.0,1799.4,0
2023-01-04,2023-01-04 14:00:00,899.7,899.7,899.7,899.7,0.0,2.0,1799.4,0
2023-01-04,2023-01-04 15:00:00,899.7,899.7,899.7,899.7,0.0,2.0,1799.4,0
2023-01-09,2023-01-09 11:00:00,881.8,881.8,881.8,881.8,0.0,34.0,29981.2,0
2023-01-09,2023-01-09 12:00:00,881.8,881.8,881.8,881.8,0.0,34.0,29981.2,0
2023-01-09,2023-01-09 13:00:00,881.8,881.8,881.8,881.8,0.0,34.0,29981.2,0
2023-01-09,2023-01-09 14:00:00,881.8,881.8,881.8,881.8,0.0,34.0,29981.2,0
2023-01-09,2023-01-09 15:00:00,881.8,881.8,881.8,881.8,0.0,34.0,29981.2,0
2023-01-18,2023-01-18 11:00:00,880.0,880.0,877.5,878.75,-0.14,12.0,10540.0,-1
2023-01-18,2023-01-18 12:00:00,878.75,878.75,877.5,877.5,-0.14,12.0,10540.0,-1
2023-01-18,2023-01-18 13:00:00,877.5,877.5,876.25,876.25,-0.14,12.0,10540.0,-1
2023-01-18,2023-01-18 14:00:00,876.25,876.25,875.0,875.0,-0.14,12.0,10540.0,-1
2023-01-18,2023-01-18 15:00:00,875.0,880.0,875.0,875.0,0.0,12.0,10540.0,0
2023-01-25,2023-01-25 11:00:00,858.0,858.0,858.0,858.0,0.0,17.0,14586.0,0
2023-01-25,2023-01-25 12:00:00,858.0,858.0,858.0,858.0,0.0,17.0,14586.0,0
2023-01-25,2023-01-25 13:00:00,858.0,858.0,858.0,858.0,0.0,17.0,14586.0,0
2023-01-25,2023-01-25 14:00:00,858.0,858.0,858.0,858.0,0.0,17.0,14586.0,0
2023-01-25,2023-01-25 15:00:00,858.0,858.0,858.0,858.0,0.0,17.0,14586.0,0
2023-02-01,2023-02-01 11:00:00,851.0,851.0,851.0,851.0,0.0,40.0,34040.0,0
2023-02-01,2023-02-01 12:00:00,851.0,851.0,851.0,851.0,0.0,40.0,34040.0,0
2023-02-01,2023-02-01 13:00:00,851.0,851.0,851.0,851.0,0.0,40.0,34040.0,0
2023-02-01,2023-02-01 14:00:00,851.0,851.0,851.0,851.0,0.0,40.0,34040.0,0
2023-02-01,2023-02-01 15:00:00,851.0,851.0,851.0,851.0,0.0,40.0,34040.0,0
2023-02-02,2023-02-02 11:00:00,845.0,845.0,845.0,845.0,0.0,5.0,4225.0,0
2023-02-02,2023-02-02 12:00:00,845.0,845.0,845.0,845.0,0.0,5.0,4225.0,0
2023-02-02,2023-02-02 13:00:00,845.0,845.0,845.0,845.0,0.0,5.0,4225.0,0
2023-02-02,2023-02-02 14:00:00,845.0,845.0,845.0,845.0,0.0,5.0,4225.0,0
2023-02-02,2023-02-02 15:00:00,845.0,845.0,845.0,845.0,0.0,5.0,4225.0,0
2023-02-06,2023-02-06 11:00:00,840.0,840.0,840.0,840.0,0.0,10.0,8400.0,0
2023-02-06,2023-02-06 12:00:00,840.0,840.0,840.0,840.0,0.0,10.0,8400.0,0
2023-02-06,2023-02-06 13:00:00,840.0,840.0,840.0,840.0,0.0,10.0,8400.0,0
2023-02-06,2023-02-06 14:00:00,840.0,840.0,840.0,840.0,0.0,10.0,8400.0,0
2023-02-06,2023-02-06 15:00:00,840.0,840.0,840.0,840.0,0.0,10.0,8400.0,0
2023-02-16,2023-02-16 11:00:00,831.2,831.2,831.2,831.2,0.0,5.0,4156.0,0
2023-02-16,2023-02-16 12:00:00,831.2,831.2,831.2,831.2,0.0,5.0,4156.0,0
2023-02-16,2023-02-16 13:00:00,831.2,831.2,831.2,831.2,0.0,5.0,4156.0,0
2023-02-16,2023-02-16 14:00:00,831.2,831.2,831.2,831.2,0.0,5.0,4156.0,0
2023-02-16,2023-02-16 15:00:00,831.2,831.2,831.2,831.2,0.0,5.0,4156.0,0
2023-02-26,2023-02-26 11:00:00,825.1,835.05,825.05,830.08,0.6,160.0,134150.52,1
2023-02-26,2023-02-26 12:00:00,830.08,835.05,830.08,835.05,0.6,160.0,134150.52,1
2023-02-26,2023-02-26 13:00:00,835.05,840.02,835.05,840.02,0.6,160.0,134150.52,1
2023-02-26,2023-02-26 14:00:00,840.02,845.0,840.02,845.0,0.59,160.0,134150.52,1
2023-02-26,2023-02-26 15:00:00,845.0,845.0,825.0,845.0,0.0,160.0,134150.52,0
2023-03-09,2023-03-09 11:00:00,860.0,860.0,860.0,860.0,0.0,5.0,4300.0,0
2023-03-09,2023-03-09 12:00:00,860.0,860.0,860.0,860.0,0.0,5.0,4300.0,0
2023-03-09,2023-03-09 13:00:00,860.0,860.0,860.0,860.0,0.0,5.0,4300.0,0
2023-03-09,2023-03-09 14:00:00,860.0,860.0,860.0,860.0,0.0,5.0,4300.0,0
2023-03-09,2023-03-09 15:00:00,860.0,860.0,860.0,860.0,0.0,5.0,4300.0,0
2023-03-19,2023-03-19 11:00:00,860.0,860.0,860.0,860.0,0.0,200.0,172000.0,0
2023-03-19,2023-03-19 12:00:00,860.0,860.0,860.0,860.0,0.0,200.0,172000.0,0
2023-03-19,2023-03-19 13:00:00,860.0,860.0,860.0,860.0,0.0,200.0,172000.0,0
2023-03-19,2023-03-19 14:00:00,860.0,860.0,860.0,860.0,0.0,200.0,172000.0,0
2023-03-19,2023-03-19 15:00:00,860.0,860.0,860.0,860.0,0.0,200.0,172000.0,0
2023-04-02,2023-04-02 11:00:00,842.8,842.8,842.8,842.8,0.0,5.0,4214.0,0
2023-04-02,2023-04-02 12:00:00,842.8,842.8,842.8,842.8,0.0,5.0,4214.0,0
2023-04-02,2023-04-02 13:00:00,842.8,842.8,842.8,842.8,0.0,5.0,4214.0,0
2023-04-02,2023-04-02 14:00:00,842.8,842.8,842.8,842.8,0.0,5.0,4214.0,0
2023-04-02,2023-04-02 15:00:00,842.8,842.8,842.8,842.8,0.0,5.0,4214.0,0
2023-04-18,2023-04-18 11:00:00,859.6,859.6,859.6,859.6,0.0,5.0,4298.0,0
2023-04-18,2023-04-18 12:00:00,859.6,859.6,859.6,859.6,0.0,5.0,4298.0,0
2023-04-18,2023-04-18 13:00:00,859.6,859.6,859.6,859.6,0.0,5.0,4298.0,0
2023-04-18,2023-04-18 14:00:00,859.6,859.6,859.6,859.6,0.0,5.0,4298.0,0
2023-04-18,2023-04-18 15:00:00,859.6,859.6,859.6,859.6,0.0,5.0,4298.0,0
2023-05-22,2023-05-22 11:00:00,876.7,876.7,876.7,876.7,0.0,5.0,4383.5,0
2023-05-22,2023-05-22 12:00:00,876.7,876.7,876.7,876.7,0.0,5.0,4383.5,0
2023-05-22,2023-05-22 13:00:00,876.7,876.7,876.7,876.7,0.0,5.0,4383.5,0
2023-05-22,2023-05-22 14:00:00,876.7,876.7,876.7,876.7,0.0,5.0,4383.5,0
2023-05-22,2023-05-22 15:00:00,876.7,876.7,876.7,876.7,0.0,5.0,4383.5,0
2023-06-22,2023-06-22 11:00:00,894.2,894.2,894.2,894.2,0.0,5.0,4471.0,0
2023-06-22,2023-06-22 12:00:00,894.2,894.2,894.2,894.2,0.0,5.0,4471.0,0
2023-06-22,2023-06-22 13:00:00,894.2,894.2,894.2,894.2,0.0,5.0,4471.0,0
2023-06-22,2023-06-22 14:00:00,894.2,894.2,894.2,894.2,0.0,5.0,4471.0,0
2023-06-22,2023-06-22 15:00:00,894.2,894.2,894.2,894.2,0.0,5.0,4471.0,0
2023-06-25,2023-06-25 11:00:00,910.0,910.0,910.0,910.0,0.0,6.0,5460.0,0
2023-06-25,2023-06-25 12:00:00,910.0,910.0,910.0,910.0,0.0,6.0,5460.0,0
2023-06-25,2023-06-25 13:00:00,910.0,910.0,910.0,910.0,0.0,6.0,5460.0,0
2023-06-25,2023-06-25 14:00:00,910.0,910.0,910.0,910.0,0.0,6.0,5460.0,0
2023-06-25,2023-06-25 15:00:00,910.0,910.0,910.0,910.0,0.0,6.0,5460.0,0
2023-07-02,2023-07-02 11:00:00,910.2,910.2,910.2,910.2,0.0,5.0,4551.0,0
2023-07-02,2023-07-02 12:00:00,910.2,910.2,910.2,910.2,0.0,5.0,4551.0,0
2023-07-02,2023-07-02 13:00:00,910.2,910.2,910.2,910.2,0.0,5.0,4551.0,0
2023-07-02,2023-07-02 14:00:00,910.2,910.2,910.2,910.2,0.0,5.0,4551.0,0
2023-07-02,2023-07-02 15:00:00,910.2,910.2,910.2,910.2,0.0,5.0,4551.0,0
2023-07-09,2023-07-09 11:00:00,928.4,928.4,928.4,928.4,0.0,5.0,4642.0,0
2023-07-09,2023-07-09 12:00:00,928.4,928.4,928.4,928.4,0.0,5.0,4642.0,0
2023-07-09,2023-07-09 13:00:00,928.4,928.4,928.4,928.4,0.0,5.0,4642.0,0
2023-07-09,2023-07-09 14:00:00,928.4,928.4,928.4,928.4,0.0,5.0,4642.0,0
2023-07-09,2023-07-09 15:00:00,928.4,928.4,928.4,928.4,0.0,5.0,4642.0,0
2023-07-10,2023-07-10 11:00:00,946.9,946.9,946.9,946.9,0.0,5.0,4734.5,0
2023-07-10,2023-07-10 12:00:00,946.9,946.9,946.9,946.9,0.0,5.0,4734.5,0
2023-07-10,2023-07-10 13:00:00,946.9,946.9,946.9,946.9,0.0,5.0,4734.5,0
2023-07-10,2023-07-10 14:00:00,946.9,946.9,946.9,946.9,0.0,5.0,4734.5,0
2023-07-10,2023-07-10 15:00:00,946.9,946.9,946.9,946.9,0.0,5.0,4734.5,0
2023-07-13,2023-07-13 11:00:00,965.8,965.8,965.8,965.8,0.0,2.0,1931.6,0
2023-07-13,2023-07-13 12:00:00,965.8,965.8,965.8,965.8,0.0,2.0,1931.6,0
2023-07-13,2023-07-13 13:00:00,965.8,965.8,965.8,965.8,0.0,2.0,1931.6,0
2023-07-13,2023-07-13 14:00:00,965.8,965.8,965.8,965.8,0.0,2.0,1931.6,0
2023-07-13,2023-07-13 15:00:00,965.8,965.8,965.8,965.8,0.0,2.0,1931.6,0
2023-08-06,2023-08-06 11:00:00,983.8,983.9,983.8,983.85,0.01,9.0,8855.1,1
2023-08-06,2023-08-06 12:00:00,983.85,983.9,983.85,983.9,0.01,9.0,8855.1,1
2023-08-06,2023-08-06 13:00:00,983.9,983.95,983.9,983.95,0.01,9.0,8855.1,1
2023-08-06,2023-08-06 14:00:00,983.95,984.0,983.95,984.0,0.01,9.0,8855.1,1
2023-08-06,2023-08-06 15:00:00,984.0,984.0,983.8,984.0,0.0,9.0,8855.1,0
2023-08-23,2023-08-23 11:00:00,964.4,964.4,954.8,959.6,-0.5,6.0,5709.6,-1
2023-08-23,2023-08-23 12:00:00,959.6,959.6,954.8,954.8,-0.5,6.0,5709.6,-1
2023-08-23,2023-08-23 13:00:00,954.8,954.8,950.0,950.0,-0.5,6.0,5709.6,-1
2023-08-23,2023-08-23 14:00:00,950.0,950.0,945.2,945.2,-0.51,6.0,5709.6,-1
2023-08-23,2023-08-23 15:00:00,945.2,964.4,945.2,945.2,0.0,6.0,5709.6,0
2023-08-27,2023-08-27 11:00:00,926.3,926.3,926.3,926.3,0.0,10.0,9263.0,0
2023-08-27,2023-08-27 12:00:00,926.3,926.3,926.3,926.3,0.0,10.0,9263.0,0
2023-08-27,2023-08-27 13:00:00,926.3,926.3,926.3,926.3,0.0,10.0,9263.0,0
2023-08-27,2023-08-27 14:00:00,926.3,926.3,926.3,926.3,0.0,10.0,9263.0,0
2023-08-27,2023-08-27 15:00:00,926.3,926.3,926.3,926.3,0.0,10.0,9263.0,0
2023-08-28,2023-08-28 11:00:00,925.0,925.0,925.0,925.0,0.0,20.0,18500.0,0
2023-08-28,2023-08-28 12:00:00,925.0,925.0,925.0,925.0,0.0,20.0,18500.0,0
2023-08-28,2023-08-28 13:00:00,925.0,925.0,925.0,925.0,0.0,20.0,18500.0,0
2023-08-28,2023-08-28 14:00:00,925.0,925.0,925.0,925.0,0.0,20.0,18500.0,0
2023-08-28,2023-08-28 15:00:00,925.0,925.0,925.0,925.0,0.0,20.0,18500.0,0
2023-08-29,2023-08-29 11:00:00,910.0,910.0,910.0,910.0,0.0,20.0,18200.0,0
2023-08-29,2023-08-29 12:00:00,910.0,910.0,910.0,910.0,0.0,20.0,18200.0,0
2023-08-29,2023-08-29 13:00:00,910.0,910.0,910.0,910.0,0.0,20.0,18200.0,0
2023-08-29,2023-08-29 14:00:00,910.0,910.0,910.0,910.0,0.0,20.0,18200.0,0
2023-08-29,2023-08-29 15:00:00,910.0,910.0,910.0,910.0,0.0,20.0,18200.0,0
2023-09-21,2023-09-21 11:00:00,892.1,892.1,892.05,892.08,-0.0,9.0,8028.54,-1
2023-09-21,2023-09-21 12:00:00,892.08,892.08,892.05,892.05,-0.0,9.0,8028.54,-1
2023-09-21,2023-09-21 13:00:00,892.05,892.05,892.02,892.02,-0.0,9.0,8028.54,-1
2023-09-21,2023-09-21 14:00:00,892.02,892.02,892.0,892.0,-0.0,9.0,8028.54,-1
2023-09-21,2023-09-21 15:00:00,892.0,892.1,892.0,892.0,0.0,9.0,8028.54,0
2023-10-11,2023-10-11 11:00:00,900.0,900.0,900.0,900.0,0.0,20.0,18000.0,0
2023-10-11,2023-10-11 12:00:00,900.0,900.0,900.0,900.0,0.0,20.0,18000.0,0
2023-10-11,2023-10-11 13:00:00,900.0,900.0,900.0,900.0,0.0,20.0,18000.0,0
2023-10-11,2023-10-11 14:00:00,900.0,900.0,900.0,900.0,0.0,20.0,18000.0,0
2023-10-11,2023-10-11 15:00:00,900.0,900.0,900.0,900.0,0.0,20.0,18000.0,0
2023-10-12,2023-10-12 11:00:00,900.0,900.0,900.0,900.0,0.0,7.0,6300.0,0
2023-10-12,2023-10-12 12:00:00,900.0,900.0,900.0,900.0,0.0,7.0,6300.0,0
2023-10-12,2023-10-12 13:00:00,900.0,900.0,900.0,900.0,0.0,7.0,6300.0,0
2023-10-12,2023-10-12 14:00:00,900.0,900.0,900.0,900.0,0.0,7.0,6300.0,0
2023-10-12,2023-10-12 15:00:00,900.0,900.0,900.0,900.0,0.0,7.0,6300.0,0
2023-11-01,2023-11-01 11:00:00,900.0,900.0,900.0,900.0,0.0,50.0,45000.0,0
2023-11-01,2023-11-01 12:00:00,900.0,900.0,900.0,900.0,0.0,50.0,45000.0,0
2023-11-01,2023-11-01 13:00:00,900.0,900.0,900.0,900.0,0.0,50.0,45000.0,0
2023-11-01,2023-11-01 14:00:00,900.0,900.0,900.0,900.0,0.0,50.0,45000.0,0
2023-11-01,2023-11-01 15:00:00,900.0,900.0,900.0,900.0,0.0,50.0,45000.0,0
2023-11-08,2023-11-08 11:00:00,883.5,883.5,883.5,883.5,0.0,5.0,4417.5,0
2023-11-08,2023-11-08 12:00:00,883.5,883.5,883.5,883.5,0.0,5.0,4417.5,0
2023-11-08,2023-11-08 13:00:00,883.5,883.5,883.5,883.5,0.0,5.0,4417.5,0
2023-11-08,2023-11-08 14:00:00,883.5,883.5,883.5,883.5,0.0,5.0,4417.5,0
2023-11-08,2023-11-08 15:00:00,883.5,883.5,883.5,883.5,0.0,5.0,4417.5,0
2023-11-27,2023-11-27 11:00:00,901.1,901.1,901.1,901.1,0.0,5.0,4505.5,0
2023-11-27,2023-11-27 12:00:00,901.1,901.1,901.1,901.1,0.0,5.0,4505.5,0
2023-11-27,2023-11-27 13:00:00,901.1,901.1,901.1,901.1,0.0,5.0,4505.5,0
2023-11-27,2023-11-27 14:00:00,901.1,901.1,901.1,901.1,0.0,5.0,4505.5,0
2023-11-27,2023-11-27 15:00:00,901.1,901.1,901.1,901.1,0.0,5.0,4505.5,0
2023-12-11,2023-12-11 11:00:00,912.0,912.0,912.0,912.0,0.0,5.0,4560.0,0
2023-12-11,2023-12-11 12:00:00,912.0,912.0,912.0,912.0,0.0,5.0,4560.0,0
2023-12-11,2023-12-11 13:00:00,912.0,912.0,912.0,912.0,0.0,5.0,4560.0,0
2023-12-11,2023-12-11 14:00:00,912.0,912.0,912.0,912.0,0.0,5.0,4560.0,0
2023-12-11,2023-12-11 15:00:00,912.0,912.0,912.0,912.0,0.0,5.0,4560.0,0
2023-12-19,2023-12-19 11:00:00,930.2,950.1,930.2,940.15,1.07,1198.8,1162438.0,1
2023-12-19,2023-12-19 12:00:00,940.15,950.1,940.15,950.1,1.06,1198.8,1162438.0,1
2023-12-19,2023-12-19 13:00:00,950.1,960.05,950.1,960.05,1.05,1198.8,1162438.0,1
2023-12-19,2023-12-19 14:00:00,960.05,970.0,960.05,970.0,1.04,1198.8,1162438.0,1
2023-12-19,2023-12-19 15:00:00,970.0,970.0,930.2,970.0,0.0,1198.8,1162438.0,0
2023-12-21,2023-12-21 11:00:00,948.8,948.8,948.8,948.8,0.0,10.0,9488.0,0
2023-12-21,2023-12-21 12:00:00,948.8,948.8,948.8,948.8,0.0,10.0,9488.0,0
2023-12-21,2023-12-21 13:00:00,948.8,948.8,948.8,948.8,0.0,10.0,9488.0,0
2023-12-21,2023-12-21 14:00:00,948.8,948.8,948.8,948.8,0.0,10.0,9488.0,0
2023-12-21,2023-12-21 15:00:00,948.8,948.8,948.8,948.8,0.0,10.0,9488.0,0
2024-01-14,2024-01-14 11:00:00,960.0,960.0,960.0,960.0,0.0,5.0,4800.0,0
2024-01-14,2024-01-14 12:00:00,960.0,960.0,960.0,960.0,0.0,5.0,4800.0,0
2024-01-14,2024-01-14 13:00:00,960.0,960.0,960.0,960.0,0.0,5.0,4800.0,0
2024-01-14,2024-01-14 14:00:00,960.0,960.0,960.0,960.0,0.0,5.0,4800.0,0
2024-01-14,2024-01-14 15:00:00,960.0,960.0,960.0,960.0,0.0,5.0,4800.0,0
2024-01-21,2024-01-21 11:00:00,979.2,979.2,979.2,979.2,0.0,5.0,4896.0,0
2024-01-21,2024-01-21 12:00:00,979.2,979.2,979.2,979.2,0.0,5.0,4896.0,0
2024-01-21,2024-01-21 13:00:00,979.2,979.2,979.2,979.2,0.0,5.0,4896.0,0
2024-01-21,2024-01-21 14:00:00,979.2,979.2,979.2,979.2,0.0,5.0,4896.0,0
2024-01-21,2024-01-21 15:00:00,979.2,979.2,979.2,979.2,0.0,5.0,4896.0,0
2024-01-25,2024-01-25 11:00:00,979.0,979.0,979.0,979.0,0.0,5.0,4895.0,0
2024-01-25,2024-01-25 12:00:00,979.0,979.0,979.0,979.0,0.0,5.0,4895.0,0
2024-01-25,2024-01-25 13:00:00,979.0,979.0,979.0,979.0,0.0,5.0,4895.0,0
2024-01-25,2024-01-25 14:00:00,979.0,979.0,979.0,979.0,0.0,5.0,4895.0,0
2024-01-25,2024-01-25 15:00:00,979.0,979.0,979.0,979.0,0.0,5.0,4895.0,0
2024-01-29,2024-01-29 11:00:00,998.1,998.2,998.1,998.15,0.01,2025.0,2021554.5,1
2024-01-29,2024-01-29 12:00:00,998.15,998.2,998.15,998.2,0.01,2025.0,2021554.5,1
2024-01-29,2024-01-29 13:00:00,998.2,998.25,998.2,998.25,0.01,2025.0,2021554.5,1
2024-01-29,2024-01-29 14:00:00,998.25,998.3,998.25,998.3,0.01,2025.0,2021554.5,1
2024-01-29,2024-01-29 15:00:00,998.3,998.3,998.1,998.3,0.0,2025.0,2021554.5,0
2024-01-31,2024-01-31 11:00:00,999.9,999.95,999.9,999.92,0.0,20.0,19999.5,1
2024-01-31,2024-01-31 12:00:00,999.92,999.95,999.92,999.95,0.0,20.0,19999.5,1
2024-01-31,2024-01-31 13:00:00,999.95,999.98,999.95,999.98,0.0,20.0,19999.5,1
2024-01-31,2024-01-31 14:00:00,999.98,1000.0,999.98,1000.0,0.0,20.0,19999.5,1
2024-01-31,2024-01-31 15:00:00,1000.0,1000.0,999.9,1000.0,0.0,20.0,19999.5,0
2024-02-01,2024-02-01 11:00:00,1000.0,1000.0,1000.0,1000.0,0.0,1.0,991.0,0
2024-02-01,2024-02-01 12:00:00,1000.0,1000.0,1000.0,1000.0,0.0,1.0,991.0,0
2024-02-01,2024-02-01 13:00:00,1000.0,1000.0,1000.0,1000.0,0.0,1.0,991.0,0
2024-02-01,2024-02-01 14:00:00,1000.0,1000.0,1000.0,1000.0,0.0,1.0,991.0,0
2024-02-01,2024-02-01 15:00:00,1000.0,1000.0,1000.0,1000.0,0.0,1.0,991.0,0
2024-02-05,2024-02-05 11:00:00,991.0,991.0,991.0,991.0,0.0,20.0,19820.0,0
2024-02-05,2024-02-05 12:00:00,991.0,991.0,991.0,991.0,0.0,20.0,19820.0,0
2024-02-05,2024-02-05 13:00:00,991.0,991.0,991.0,991.0,0.0,20.0,19820.0,0
2024-02-05,2024-02-05 14:00:00,991.0,991.0,991.0,991.0,0.0,20.0,19820.0,0
2024-02-05,2024-02-05 15:00:00,991.0,991.0,991.0,991.0,0.0,20.0,19820.0,0
2024-02-07,2024-02-07 11:00:00,971.2,971.2,971.2,971.2,0.0,10.0,9712.0,0
2024-02-07,2024-02-07 12:00:00,971.2,971.2,971.2,971.2,0.0,10.0,9712.0,0
2024-02-07,2024-02-07 13:00:00,971.2,971.2,971.2,971.2,0.0,10.0,9712.0,0
2024-02-07,2024-02-07 14:00:00,971.2,971.2,971.2,971.2,0.0,10.0,9712.0,0
2024-02-07,2024-02-07 15:00:00,971.2,971.2,971.2,971.2,0.0,10.0,9712.0,0
2024-02-18,2024-02-18 11:00:00,973.3,973.3,973.3,973.3,0.0,5.0,4866.5,0
2024-02-18,2024-02-18 12:00:00,973.3,973.3,973.3,973.3,0.0,5.0,4866.5,0
2024-02-18,2024-02-18 13:00:00,973.3,973.3,973.3,973.3,0.0,5.0,4866.5,0
2024-02-18,2024-02-18 14:00:00,973.3,973.3,973.3,973.3,0.0,5.0,4866.5,0
2024-02-18,2024-02-18 15:00:00,973.3,973.3,973.3,973.3,0.0,5.0,4866.5,0
2024-02-21,2024-02-21 11:00:00,992.0,992.0,992.0,992.0,0.0,30.0,29760.0,0
2024-02-21,2024-02-21 12:00:00,992.0,992.0,992.0,992.0,0.0,30.0,29760.0,0
2024-02-21,2024-02-21 13:00:00,992.0,992.0,992.0,992.0,0.0,30.0,29760.0,0
2024-02-21,2024-02-21 14:00:00,992.0,992.0,992.0,992.0,0.0,30.0,29760.0,0
2024-02-21,2024-02-21 15:00:00,992.0,992.0,992.0,992.0,0.0,30.0,29760.0,0
2024-03-03,2024-03-03 11:00:00,1000.0,1000.0,1000.0,1000.0,0.0,12.8,12800.0,0
2024-03-03,2024-03-03 12:00:00,1000.0,1000.0,1000.0,1000.0,0.0,12.8,12800.0,0
2024-03-03,2024-03-03 13:00:00,1000.0,1000.0,1000.0,1000.0,0.0,12.8,12800.0,0
2024-03-03,2024-03-03 14:00:00,1000.0,1000.0,1000.0,1000.0,0.0,12.8,12800.0,0
2024-03-03,2024-03-03 15:00:00,1000.0,1000.0,1000.0,1000.0,0.0,12.8,12800.0,0
2024-04-01,2024-04-01 11:00:00,1013.0,1013.0,1013.0,1013.0,0.0,10.0,10130.0,0
2024-04-01,2024-04-01 12:00:00,1013.0,1013.0,1013.0,1013.0,0.0,10.0,10130.0,0
2024-04-01,2024-04-01 13:00:00,1013.0,1013.0,1013.0,1013.0,0.0,10.0,10130.0,0
2024-04-01,2024-04-01 14:00:00,1013.0,1013.0,1013.0,1013.0,0.0,10.0,10130.0,0
2024-04-01,2024-04-01 15:00:00,1013.0,1013.0,1013.0,1013.0,0.0,10.0,10130.0,0
2024-04-03,2024-04-03 11:00:00,1010.0,1010.0,1010.0,1010.0,0.0,100.0,101000.0,0
2024-04-03,2024-04-03 12:00:00,1010.0,1010.0,1010.0,1010.0,0.0,100.0,101000.0,0
2024-04-03,2024-04-03 13:00:00,1010.0,1010.0,1010.0,1010.0,0.0,100.0,101000.0,0
2024-04-03,2024-04-03 14:00:00,1010.0,1010.0,1010.0,1010.0,0.0,100.0,101000.0,0
2024-04-03,2024-04-03 15:00:00,1010.0,1010.0,1010.0,1010.0,0.0,100.0,101000.0,0
2024-04-09,2024-04-09 11:00:00,1030.1,1030.15,1030.1,1030.12,0.0,10.0,10301.5,1
2024-04-09,2024-04-09 12:00:00,1030.12,1030.15,1030.12,1030.15,0.0,10.0,10301.5,1
2024-04-09,2024-04-09 13:00:00,1030.15,1030.17,1030.15,1030.17,0.0,10.0,10301.5,1
2024-04-09,2024-04-09 14:00:00,1030.17,1030.2,1030.17,1030.2,0.0,10.0,10301.5,1
2024-04-09,2024-04-09 15:00:00,1030.2,1030.2,1030.1,1030.2,0.0,10.0,10301.5,0
2024-04-15,2024-04-15 11:00:00,1030.0,1030.0,1030.0,1030.0,0.0,10.0,10300.0,0
2024-04-15,2024-04-15 12:00:00,1030.0,1030.0,1030.0,1030.0,0.0,10.0,10300.0,0
2024-04-15,2024-04-15 13:00:00,1030.0,1030.0,1030.0,1030.0,0.0,10.0,10300.0,0
2024-04-15,2024-04-15 14:00:00,1030.0,1030.0,1030.0,1030.0,0.0,10.0,10300.0,0
2024-04-15,2024-04-15 15:00:00,1030.0,1030.0,1030.0,1030.0,0.0,10.0,10300.0,0
2024-04-21,2024-04-21 11:00:00,1015.1,1015.1,1015.1,1015.1,0.0,5.0,5075.5,0
2024-04-21,2024-04-21 12:00:00,1015.1,1015.1,1015.1,1015.1,0.0,5.0,5075.5,0
2024-04-21,2024-04-21 13:00:00,1015.1,1015.1,1015.1,1015.1,0.0,5.0,5075.5,0
2024-04-21,2024-04-21 14:00:00,1015.1,1015.1,1015.1,1015.1,0.0,5.0,5075.5,0
2024-04-21,2024-04-21 15:00:00,1015.1,1015.1,1015.1,1015.1,0.0,5.0,5075.5,0
2024-05-05,2024-05-05 11:00:00,1015.1,1015.1,1015.1,1015.1,0.0,100.0,101510.0,0
2024-05-05,2024-05-05 12:00:00,1015.1,1015.1,1015.1,1015.1,0.0,100.0,101510.0,0
2024-05-05,2024-05-05 13:00:00,1015.1,1015.1,1015.1,1015.1,0.0,100.0,101510.0,0
2024-05-05,2024-05-05 14:00:00,1015.1,1015.1,1015.1,1015.1,0.0,100.0,101510.0,0
2024-05-05,2024-05-05 15:00:00,1015.1,1015.1,1015.1,1015.1,0.0,100.0,101510.0,0
2024-05-06,2024-05-06 11:00:00,1022.0,1022.0,1022.0,1022.0,0.0,10.0,10220.0,0
2024-05-06,2024-05-06 12:00:00,1022.0,1022.0,1022.0,1022.0,0.0,10.0,10220.0,0
2024-05-06,2024-05-06 13:00:00,1022.0,1022.0,1022.0,1022.0,0.0,10.0,10220.0,0
2024-05-06,2024-05-06 14:00:00,1022.0,1022.0,1022.0,1022.0,0.0,10.0,10220.0,0
2024-05-06,2024-05-06 15:00:00,1022.0,1022.0,1022.0,1022.0,0.0,10.0,10220.0,0
2024-05-07,2024-05-07 11:00:00,1020.0,1020.0,1020.0,1020.0,0.0,10.0,10200.0,0
2024-05-07,2024-05-07 12:00:00,1020.0,1020.0,1020.0,1020.0,0.0,10.0,10200.0,0
2024-05-07,2024-05-07 13:00:00,1020.0,1020.0,1020.0,1020.0,0.0,10.0,10200.0,0
2024-05-07,2024-05-07 14:00:00,1020.0,1020.0,1020.0,1020.0,0.0,10.0,10200.0,0
2024-05-07,2024-05-07 15:00:00,1020.0,1020.0,1020.0,1020.0,0.0,10.0,10200.0,0
2024-05-13,2024-05-13 11:00:00,1038.0,1039.2,1038.0,1038.6,0.06,10.0,10392.0,1
2024-05-13,2024-05-13 12:00:00,1038.6,1039.2,1038.6,1039.2,0.06,10.0,10392.0,1
2024-05-13,2024-05-13 13:00:00,1039.2,1039.8,1039.2,1039.8,0.06,10.0,10392.0,1
2024-05-13,2024-05-13 14:00:00,1039.8,1040.4,1039.8,1040.4,0.06,10.0,10392.0,1
2024-05-13,2024-05-13 15:00:00,1040.4,1040.4,1038.0,1040.4,0.0,10.0,10392.0,0
2024-05-14,2024-05-14 11:00:00,1061.2,1061.2,1061.2,1061.2,0.0,5.0,5306.0,0
2024-05-14,2024-05-14 12:00:00,1061.2,1061.2,1061.2,1061.2,0.0,5.0,5306.0,0
2024-05-14,2024-05-14 13:00:00,1061.2,1061.2,1061.2,1061.2,0.0,5.0,5306.0,0
2024-05-14,2024-05-14 14:00:00,1061.2,1061.2,1061.2,1061.2,0.0,5.0,5306.0,0
2024-05-14,2024-05-14 15:00:00,1061.2,1061.2,1061.2,1061.2,0.0,5.0,5306.0,0
2024-05-16,2024-05-16 11:00:00,1060.0,1060.0,1060.0,1060.0,0.0,5.0,5300.0,0
2024-05-16,2024-05-16 12:00:00,1060.0,1060.0,1060.0,1060.0,0.0,5.0,5300.0,0
2024-05-16,2024-05-16 13:00:00,1060.0,1060.0,1060.0,1060.0,0.0,5.0,5300.0,0
2024-05-16,2024-05-16 14:00:00,1060.0,1060.0,1060.0,1060.0,0.0,5.0,5300.0,0
2024-05-16,2024-05-16 15:00:00,1060.0,1060.0,1060.0,1060.0,0.0,5.0,5300.0,0
2024-05-21,2024-05-21 11:00:00,1040.0,1040.0,1040.0,1040.0,0.0,5.0,5200.0,0
2024-05-21,2024-05-21 12:00:00,1040.0,1040.0,1040.0,1040.0,0.0,5.0,5200.0,0
2024-05-21,2024-05-21 13:00:00,1040.0,1040.0,1040.0,1040.0,0.0,5.0,5200.0,0
2024-05-21,2024-05-21 14:00:00,1040.0,1040.0,1040.0,1040.0,0.0,5.0,5200.0,0
2024-05-21,2024-05-21 15:00:00,1040.0,1040.0,1040.0,1040.0,0.0,5.0,5200.0,0
2024-05-22,2024-05-22 11:00:00,1040.0,1040.5,1040.0,1040.25,0.02,10.0,10405.0,1
2024-05-22,2024-05-22 12:00:00,1040.25,1040.5,1040.25,1040.5,0.02,10.0,10405.0,1
2024-05-22,2024-05-22 13:00:00,1040.5,1040.75,1040.5,1040.75,0.02,10.0,10405.0,1
2024-05-22,2024-05-22 14:00:00,1040.75,1041.0,1040.75,1041.0,0.02,10.0,10405.0,1
2024-05-22,2024-05-22 15:00:00,1041.0,1041.0,1040.0,1041.0,0.0,10.0,10405.0,0
2024-05-30,2024-05-30 11:00:00,1022.6,1022.6,1022.6,1022.6,0.0,20.0,20452.0,0
2024-05-30,2024-05-30 12:00:00,1022.6,1022.6,1022.6,1022.6,0.0,20.0,20452.0,0
2024-05-30,2024-05-30 13:00:00,1022.6,1022.6,1022.6,1022.6,0.0,20.0,20452.0,0
2024-05-30,2024-05-30 14:00:00,1022.6,1022.6,1022.6,1022.6,0.0,20.0,20452.0,0
2024-05-30,2024-05-30 15:00:00,1022.6,1022.6,1022.6,1022.6,0.0,20.0,20452.0,0
2024-06-05,2024-06-05 11:00:00,1025.3,1025.3,1025.3,1025.3,0.0,5.0,5126.5,0
2024-06-05,2024-06-05 12:00:00,1025.3,1025.3,1025.3,1025.3,0.0,5.0,5126.5,0
2024-06-05,2024-06-05 13:00:00,1025.3,1025.3,1025.3,1025.3,0.0,5.0,5126.5,0
2024-06-05,2024-06-05 14:00:00,1025.3,1025.3,1025.3,1025.3,0.0,5.0,5126.5,0
2024-06-05,2024-06-05 15:00:00,1025.3,1025.3,1025.3,1025.3,0.0,5.0,5126.5,0
2024-06-06,2024-06-06 11:00:00,1030.0,1030.0,1030.0,1030.0,0.0,5.0,5150.0,0
2024-06-06,2024-06-06 12:00:00,1030.0,1030.0,1030.0,1030.0,0.0,5.0,5150.0,0
2024-06-06,2024-06-06 13:00:00,1030.0,1030.0,1030.0,1030.0,0.0,5.0,5150.0,0
2024-06-06,2024-06-06 14:00:00,1030.0,1030.0,1030.0,1030.0,0.0,5.0,5150.0,0
2024-06-06,2024-06-06 15:00:00,1030.0,1030.0,1030.0,1030.0,0.0,5.0,5150.0,0
2024-06-10,2024-06-10 11:00:00,1030.0,1030.0,1030.0,1030.0,0.0,5.0,5150.0,0
2024-06-10,2024-06-10 12:00:00,1030.0,1030.0,1030.0,1030.0,0.0,5.0,5150.0,0
2024-06-10,2024-06-10 13:00:00,1030.0,1030.0,1030.0,1030.0,0.0,5.0,5150.0,0
2024-06-10,2024-06-10 14:00:00,1030.0,1030.0,1030.0,1030.0,0.0,5.0,5150.0,0
2024-06-10,2024-06-10 15:00:00,1030.0,1030.0,1030.0,1030.0,0.0,5.0,5150.0,0
2024-06-25,2024-06-25 11:00:00,1027.3,1027.3,1027.3,1027.3,0.0,5.0,5136.5,0
2024-06-25,2024-06-25 12:00:00,1027.3,1027.3,1027.3,1027.3,0.0,5.0,5136.5,0
2024-06-25,2024-06-25 13:00:00,1027.3,1027.3,1027.3,1027.3,0.0,5.0,5136.5,0
2024-06-25,2024-06-25 14:00:00,1027.3,1027.3,1027.3,1027.3,0.0,5.0,5136.5,0
2024-06-25,2024-06-25 15:00:00,1027.3,1027.3,1027.3,1027.3,0.0,5.0,5136.5,0
2024-07-03,2024-07-03 11:00:00,1047.8,1047.8,1047.8,1047.8,0.0,10.0,10478.0,0
2024-07-03,2024-07-03 12:00:00,1047.8,1047.8,1047.8,1047.8,0.0,10.0,10478.0,0
2024-07-03,2024-07-03 13:00:00,1047.8,1047.8,1047.8,1047.8,0.0,10.0,10478.0,0
2024-07-03,2024-07-03 14:00:00,1047.8,1047.8,1047.8,1047.8,0.0,10.0,10478.0,0
2024-07-03,2024-07-03 15:00:00,1047.8,1047.8,1047.8,1047.8,0.0,10.0,10478.0,0
2024-07-10,2024-07-10 11:00:00,1031.5,1031.5,1031.5,1031.5,0.0,5.0,5157.5,0
2024-07-10,2024-07-10 12:00:00,1031.5,1031.5,1031.5,1031.5,0.0,5.0,5157.5,0
2024-07-10,2024-07-10 13:00:00,1031.5,1031.5,1031.5,1031.5,0.0,5.0,5157.5,0
2024-07-10,2024-07-10 14:00:00,1031.5,1031.5,1031.5,1031.5,0.0,5.0,5157.5,0
2024-07-10,2024-07-10 15:00:00,1031.5,1031.5,1031.5,1031.5,0.0,5.0,5157.5,0
2024-07-11,2024-07-11 11:00:00,1052.1,1052.1,1052.1,1052.1,0.0,6.0,6312.6,0
2024-07-11,2024-07-11 12:00:00,1052.1,1052.1,1052.1,1052.1,0.0,6.0,6312.6,0
2024-07-11,2024-07-11 13:00:00,1052.1,1052.1,1052.1,1052.1,0.0,6.0,6312.6,0
2024-07-11,2024-07-11 14:00:00,1052.1,1052.1,1052.1,1052.1,0.0,6.0,6312.6,0
2024-07-11,2024-07-11 15:00:00,1052.1,1052.1,1052.1,1052.1,0.0,6.0,6312.6,0
2024-07-14,2024-07-14 11:00:00,1073.1,1073.1,1062.55,1067.82,-0.49,10.0,10625.5,-1
2024-07-14,2024-07-14 12:00:00,1067.82,1067.82,1062.55,1062.55,-0.49,10.0,10625.5,-1
2024-07-14,2024-07-14 13:00:00,1062.55,1062.55,1057.28,1057.28,-0.5,10.0,10625.5,-1
2024-07-14,2024-07-14 14:00:00,1057.28,1057.28,1052.0,1052.0,-0.5,10.0,10625.5,-1
2024-07-14,2024-07-14 15:00:00,1052.0,1073.1,1052.0,1052.0,0.0,10.0,10625.5,0
2024-07-18,2024-07-18 11:00:00,1050.0,1050.0,1050.0,1050.0,0.0,20.0,21000.0,0
2024-07-18,2024-07-18 12:00:00,1050.0,1050.0,1050.0,1050.0,0.0,20.0,21000.0,0
2024-07-18,2024-07-18 13:00:00,1050.0,1050.0,1050.0,1050.0,0.0,20.0,21000.0,0
2024-07-18,2024-07-18 14:00:00,1050.0,1050.0,1050.0,1050.0,0.0,20.0,21000.0,0
2024-07-18,2024-07-18 15:00:00,1050.0,1050.0,1050.0,1050.0,0.0,20.0,21000.0,0
2024-07-23,2024-07-23 11:00:00,1052.0,1052.0,1052.0,1052.0,0.0,40.0,42080.0,0
2024-07-23,2024-07-23 12:00:00,1052.0,1052.0,1052.0,1052.0,0.0,40.0,42080.0,0
2024-07-23,2024-07-23 13:00:00,1052.0,1052.0,1052.0,1052.0,0.0,40.0,42080.0,0
2024-07-23,2024-07-23 14:00:00,1052.0,1052.0,1052.0,1052.0,0.0,40.0,42080.0,0
2024-07-23,2024-07-23 15:00:00,1052.0,1052.0,1052.0,1052.0,0.0,40.0,42080.0,0
2024-07-28,2024-07-28 11:00:00,1050.0,1057.5,1050.0,1053.75,0.36,32.0,33780.0,1
2024-07-28,2024-07-28 12:00:00,1053.75,1057.5,1053.75,1057.5,0.36,32.0,33780.0,1
2024-07-28,2024-07-28 13:00:00,1057.5,1061.25,1057.5,1061.25,0.35,32.0,33780.0,1
2024-07-28,2024-07-28 14:00:00,1061.25,1065.0,1061.25,1065.0,0.35,32.0,33780.0,1
2024-07-28,2024-07-28 15:00:00,1065.0,1065.0,1050.0,1065.0,0.0,32.0,33780.0,0
2024-07-29,2024-07-29 11:00:00,1045.0,1045.0,1045.0,1045.0,0.0,15.0,15675.0,0
2024-07-29,2024-07-29 12:00:00,1045.0,1045.0,1045.0,1045.0,0.0,15.0,15675.0,0
2024-07-29,2024-07-29 13:00:00,1045.0,1045.0,1045.0,1045.0,0.0,15.0,15675.0,0
2024-07-29,2024-07-29 14:00:00,1045.0,1045.0,1045.0,1045.0,0.0,15.0,15675.0,0
2024-07-29,2024-07-29 15:00:00,1045.0,1045.0,1045.0,1045.0,0.0,15.0,15675.0,0
2024-07-31,2024-07-31 11:00:00,1040.0,1040.0,1040.0,1040.0,0.0,200.0,208000.0,0
2024-07-31,2024-07-31 12:00:00,1040.0,1040.0,1040.0,1040.0,0.0,200.0,208000.0,0
2024-07-31,2024-07-31 13:00:00,1040.0,1040.0,1040.0,1040.0,0.0,200.0,208000.0,0
2024-07-31,2024-07-31 14:00:00,1040.0,1040.0,1040.0,1040.0,0.0,200.0,208000.0,0
2024-07-31,2024-07-31 15:00:00,1040.0,1040.0,1040.0,1040.0,0.0,200.0,208000.0,0
2024-08-05,2024-08-05 11:00:00,1040.0,1040.0,1040.0,1040.0,0.0,5.0,5200.0,0
2024-08-05,2024-08-05 12:00:00,1040.0,1040.0,1040.0,1040.0,0.0,5.0,5200.0,0
2024-08-05,2024-08-05 13:00:00,1040.0,1040.0,1040.0,1040.0,0.0,5.0,5200.0,0
2024-08-05,2024-08-05 14:00:00,1040.0,1040.0,1040.0,1040.0,0.0,5.0,5200.0,0
2024-08-05,2024-08-05 15:00:00,1040.0,1040.0,1040.0,1040.0,0.0,5.0,5200.0,0
2024-08-06,2024-08-06 11:00:00,1040.0,1040.0,1040.0,1040.0,0.0,5.0,5200.0,0
2024-08-06,2024-08-06 12:00:00,1040.0,1040.0,1040.0,1040.0,0.0,5.0,5200.0,0
2024-08-06,2024-08-06 13:00:00,1040.0,1040.0,1040.0,1040.0,0.0,5.0,5200.0,0
2024-08-06,2024-08-06 14:00:00,1040.0,1040.0,1040.0,1040.0,0.0,5.0,5200.0,0
2024-08-06,2024-08-06 15:00:00,1040.0,1040.0,1040.0,1040.0,0.0,5.0,5200.0,0
2024-08-07,2024-08-07 11:00:00,1040.5,1045.25,1040.25,1042.88,0.23,30.0,31302.5,1
2024-08-07,2024-08-07 12:00:00,1042.88,1045.25,1042.88,1045.25,0.23,30.0,31302.5,1
2024-08-07,2024-08-07 13:00:00,1045.25,1047.62,1045.25,1047.62,0.23,30.0,31302.5,1
2024-08-07,2024-08-07 14:00:00,1047.62,1050.0,1047.62,1050.0,0.23,30.0,31302.5,1
2024-08-07,2024-08-07 15:00:00,1050.0,1050.0,1040.0,1050.0,0.0,30.0,31302.5,0
2024-08-11,2024-08-11 11:00:00,1050.0,1050.0,1050.0,1050.0,0.0,5.0,5250.0,0
2024-08-11,2024-08-11 12:00:00,1050.0,1050.0,1050.0,1050.0,0.0,5.0,5250.0,0
2024-08-11,2024-08-11 13:00:00,1050.0,1050.0,1050.0,1050.0,0.0,5.0,5250.0,0
2024-08-11,2024-08-11 14:00:00,1050.0,1050.0,1050.0,1050.0,0.0,5.0,5250.0,0
2024-08-11,2024-08-11 15:00:00,1050.0,1050.0,1050.0,1050.0,0.0,5.0,5250.0,0
2024-08-12,2024-08-12 11:00:00,1045.0,1045.0,1045.0,1045.0,0.0,70.0,73150.0,0
2024-08-12,2024-08-12 12:00:00,1045.0,1045.0,1045.0,1045.0,0.0,70.0,73150.0,0
2024-08-12,2024-08-12 13:00:00,1045.0,1045.0,1045.0,1045.0,0.0,70.0,73150.0,0
2024-08-12,2024-08-12 14:00:00,1045.0,1045.0,1045.0,1045.0,0.0,70.0,73150.0,0
2024-08-12,2024-08-12 15:00:00,1045.0,1045.0,1045.0,1045.0,0.0,70.0,73150.0,0
2024-08-14,2024-08-14 11:00:00,1045.1,1045.1,1045.1,1045.1,0.0,15.0,15676.5,0
2024-08-14,2024-08-14 12:00:00,1045.1,1045.1,1045.1,1045.1,0.0,15.0,15676.5,0
2024-08-14,2024-08-14 13:00:00,1045.1,1045.1,1045.1,1045.1,0.0,15.0,15676.5,0
2024-08-14,2024-08-14 14:00:00,1045.1,1045.1,1045.1,1045.1,0.0,15.0,15676.5,0
2024-08-14,2024-08-14 15:00:00,1045.1,1045.1,1045.1,1045.1,0.0,15.0,15676.5,0
2024-08-15,2024-08-15 11:00:00,1045.0,1045.0,1045.0,1045.0,0.0,5.0,5225.0,0
2024-08-15,2024-08-15 12:00:00,1045.0,1045.0,1045.0,1045.0,0.0,5.0,5225.0,0
2024-08-15,2024-08-15 13:00:00,1045.0,1045.0,1045.0,1045.0,0.0,5.0,5225.0,0
2024-08-15,2024-08-15 14:00:00,1045.0,1045.0,1045.0,1045.0,0.0,5.0,5225.0,0
2024-08-15,2024-08-15 15:00:00,1045.0,1045.0,1045.0,1045.0,0.0,5.0,5225.0,0
2024-08-18,2024-08-18 11:00:00,1045.0,1045.0,1045.0,1045.0,0.0,12.0,12540.0,0
2024-08-18,2024-08-18 12:00:00,1045.0,1045.0,1045.0,1045.0,0.0,12.0,12540.0,0
2024-08-18,2024-08-18 13:00:00,1045.0,1045.0,1045.0,1045.0,0.0,12.0,12540.0,0
2024-08-18,2024-08-18 14:00:00,1045.0,1045.0,1045.0,1045.0,0.0,12.0,12540.0,0
2024-08-18,2024-08-18 15:00:00,1045.0,1045.0,1045.0,1045.0,0.0,12.0,12540.0,0
2024-08-22,2024-08-22 11:00:00,1045.0,1045.0,1045.0,1045.0,0.0,10.0,10450.0,0
2024-08-22,2024-08-22 12:00:00,1045.0,1045.0,1045.0,1045.0,0.0,10.0,10450.0,0
2024-08-22,2024-08-22 13:00:00,1045.0,1045.0,1045.0,1045.0,0.0,10.0,10450.0,0
2024-08-22,2024-08-22 14:00:00,1045.0,1045.0,1045.0,1045.0,0.0,10.0,10450.0,0
2024-08-22,2024-08-22 15:00:00,1045.0,1045.0,1045.0,1045.0,0.0,10.0,10450.0,0
2024-08-28,2024-08-28 11:00:00,1065.9,1065.9,1065.9,1065.9,0.0,20.0,21318.0,0
2024-08-28,2024-08-28 12:00:00,1065.9,1065.9,1065.9,1065.9,0.0,20.0,21318.0,0
2024-08-28,2024-08-28 13:00:00,1065.9,1065.9,1065.9,1065.9,0.0,20.0,21318.0,0
2024-08-28,2024-08-28 14:00:00,1065.9,1065.9,1065.9,1065.9,0.0,20.0,21318.0,0
2024-08-28,2024-08-28 15:00:00,1065.9,1065.9,1065.9,1065.9,0.0,20.0,21318.0,0
2024-08-29,2024-08-29 11:00:00,1075.0,1075.0,1075.0,1075.0,0.0,10.0,10750.0,0
2024-08-29,2024-08-29 12:00:00,1075.0,1075.0,1075.0,1075.0,0.0,10.0,10750.0,0
2024-08-29,2024-08-29 13:00:00,1075.0,1075.0,1075.0,1075.0,0.0,10.0,10750.0,0
2024-08-29,2024-08-29 14:00:00,1075.0,1075.0,1075.0,1075.0,0.0,10.0,10750.0,0
2024-08-29,2024-08-29 15:00:00,1075.0,1075.0,1075.0,1075.0,0.0,10.0,10750.0,0
2024-09-01,2024-09-01 11:00:00,1055.0,1055.0,1055.0,1055.0,0.0,20.0,21100.0,0
2024-09-01,2024-09-01 12:00:00,1055.0,1055.0,1055.0,1055.0,0.0,20.0,21100.0,0
2024-09-01,2024-09-01 13:00:00,1055.0,1055.0,1055.0,1055.0,0.0,20.0,21100.0,0
2024-09-01,2024-09-01 14:00:00,1055.0,1055.0,1055.0,1055.0,0.0,20.0,21100.0,0
2024-09-01,2024-09-01 15:00:00,1055.0,1055.0,1055.0,1055.0,0.0,20.0,21100.0,0
2024-09-02,2024-09-02 11:00:00,1055.0,1055.0,1055.0,1055.0,0.0,5.0,5275.0,0
2024-09-02,2024-09-02 12:00:00,1055.0,1055.0,1055.0,1055.0,0.0,5.0,5275.0,0
2024-09-02,2024-09-02 13:00:00,1055.0,1055.0,1055.0,1055.0,0.0,5.0,5275.0,0
2024-09-02,2024-09-02 14:00:00,1055.0,1055.0,1055.0,1055.0,0.0,5.0,5275.0,0
2024-09-02,2024-09-02 15:00:00,1055.0,1055.0,1055.0,1055.0,0.0,5.0,5275.0,0
2024-09-04,2024-09-04 11:00:00,1055.0,1055.0,1055.0,1055.0,0.0,5.0,5275.0,0
2024-09-04,2024-09-04 12:00:00,1055.0,1055.0,1055.0,1055.0,0.0,5.0,5275.0,0
2024-09-04,2024-09-04 13:00:00,1055.0,1055.0,1055.0,1055.0,0.0,5.0,5275.0,0
2024-09-04,2024-09-04 14:00:00,1055.0,1055.0,1055.0,1055.0,0.0,5.0,5275.0,0
2024-09-04,2024-09-04 15:00:00,1055.0,1055.0,1055.0,1055.0,0.0,5.0,5275.0,0
2024-09-08,2024-09-08 11:00:00,1050.6,1050.6,1050.55,1050.57,-0.0,10.0,10505.5,-1
2024-09-08,2024-09-08 12:00:00,1050.57,1050.57,1050.55,1050.55,-0.0,10.0,10505.5,-1
2024-09-08,2024-09-08 13:00:00,1050.55,1050.55,1050.53,1050.53,-0.0,10.0,10505.5,-1
2024-09-08,2024-09-08 14:00:00,1050.53,1050.53,1050.5,1050.5,-0.0,10.0,10505.5,-1
2024-09-08,2024-09-08 15:00:00,1050.5,1050.6,1050.5,1050.5,0.0,10.0,10505.5,0
2024-09-12,2024-09-12 11:00:00,1071.5,1071.5,1071.5,1071.5,0.0,5.0,5357.5,0
2024-09-12,2024-09-12 12:00:00,1071.5,1071.5,1071.5,1071.5,0.0,5.0,5357.5,0
2024-09-12,2024-09-12 13:00:00,1071.5,1071.5,1071.5,1071.5,0.0,5.0,5357.5,0
2024-09-12,2024-09-12 14:00:00,1071.5,1071.5,1071.5,1071.5,0.0,5.0,5357.5,0
2024-09-12,2024-09-12 15:00:00,1071.5,1071.5,1071.5,1071.5,0.0,5.0,5357.5,0
2024-10-22,2024-10-22 11:00:00,1071.1,1071.1,1071.05,1071.07,-0.0,20.0,21421.0,-1
2024-10-22,2024-10-22 12:00:00,1071.07,1071.07,1071.05,1071.05,-0.0,20.0,21421.0,-1
2024-10-22,2024-10-22 13:00:00,1071.05,1071.05,1071.03,1071.03,-0.0,20.0,21421.0,-1
2024-10-22,2024-10-22 14:00:00,1071.03,1071.03,1071.0,1071.0,-0.0,20.0,21421.0,-1
2024-10-22,2024-10-22 15:00:00,1071.0,1071.1,1071.0,1071.0,0.0,20.0,21421.0,0
2024-10-30,2024-10-30 11:00:00,1090.0,1090.0,1090.0,1090.0,0.0,5.0,5450.0,0
2024-10-30,2024-10-30 12:00:00,1090.0,1090.0,1090.0,1090.0,0.0,5.0,5450.0,0
2024-10-30,2024-10-30 13:00:00,1090.0,1090.0,1090.0,1090.0,0.0,5.0,5450.0,0
2024-10-30,2024-10-30 14:00:00,1090.0,1090.0,1090.0,1090.0,0.0,5.0,5450.0,0
2024-10-30,2024-10-30 15:00:00,1090.0,1090.0,1090.0,1090.0,0.0,5.0,5450.0,0
2024-11-10,2024-11-10 11:00:00,1075.0,1075.0,1075.0,1075.0,0.0,20.0,21500.0,0
2024-11-10,2024-11-10 12:00:00,1075.0,1075.0,1075.0,1075.0,0.0,20.0,21500.0,0
2024-11-10,2024-11-10 13:00:00,1075.0,1075.0,1075.0,1075.0,0.0,20.0,21500.0,0
2024-11-10,2024-11-10 14:00:00,1075.0,1075.0,1075.0,1075.0,0.0,20.0,21500.0,0
2024-11-10,2024-11-10 15:00:00,1075.0,1075.0,1075.0,1075.0,0.0,20.0,21500.0,0
2024-11-14,2024-11-14 11:00:00,1079.0,1079.0,1079.0,1079.0,0.0,20.0,21580.0,0
2024-11-14,2024-11-14 12:00:00,1079.0,1079.0,1079.0,1079.0,0.0,20.0,21580.0,0
2024-11-14,2024-11-14 13:00:00,1079.0,1079.0,1079.0,1079.0,0.0,20.0,21580.0,0
2024-11-14,2024-11-14 14:00:00,1079.0,1079.0,1079.0,1079.0,0.0,20.0,21580.0,0
2024-11-14,2024-11-14 15:00:00,1079.0,1079.0,1079.0,1079.0,0.0,20.0,21580.0,0
2024-11-24,2024-11-24 11:00:00,1099.0,1099.0,1099.0,1099.0,0.0,2.0,2198.0,0
2024-11-24,2024-11-24 12:00:00,1099.0,1099.0,1099.0,1099.0,0.0,2.0,2198.0,0
2024-11-24,2024-11-24 13:00:00,1099.0,1099.0,1099.0,1099.0,0.0,2.0,2198.0,0
2024-11-24,2024-11-24 14:00:00,1099.0,1099.0,1099.0,1099.0,0.0,2.0,2198.0,0
2024-11-24,2024-11-24 15:00:00,1099.0,1099.0,1099.0,1099.0,0.0,2.0,2198.0,0
2024-11-28,2024-11-28 11:00:00,1100.0,1100.0,1100.0,1100.0,0.0,5.0,5500.0,0
2024-11-28,2024-11-28 12:00:00,1100.0,1100.0,1100.0,1100.0,0.0,5.0,5500.0,0
2024-11-28,2024-11-28 13:00:00,1100.0,1100.0,1100.0,1100.0,0.0,5.0,5500.0,0
2024-11-28,2024-11-28 14:00:00,1100.0,1100.0,1100.0,1100.0,0.0,5.0,5500.0,0
2024-11-28,2024-11-28 15:00:00,1100.0,1100.0,1100.0,1100.0,0.0,5.0,5500.0,0
2024-12-03,2024-12-03 11:00:00,1120.0,1120.0,1120.0,1120.0,0.0,27.0,30240.0,0
2024-12-03,2024-12-03 12:00:00,1120.0,1120.0,1120.0,1120.0,0.0,27.0,30240.0,0
2024-12-03,2024-12-03 13:00:00,1120.0,1120.0,1120.0,1120.0,0.0,27.0,30240.0,0
2024-12-03,2024-12-03 14:00:00,1120.0,1120.0,1120.0,1120.0,0.0,27.0,30240.0,0
2024-12-03,2024-12-03 15:00:00,1120.0,1120.0,1120.0,1120.0,0.0,27.0,30240.0,0
2024-12-04,2024-12-04 11:00:00,1120.0,1120.0,1120.0,1120.0,0.0,4.0,4480.0,0
2024-12-04,2024-12-04 12:00:00,1120.0,1120.0,1120.0,1120.0,0.0,4.0,4480.0,0
2024-12-04,2024-12-04 13:00:00,1120.0,1120.0,1120.0,1120.0,0.0,4.0,4480.0,0
2024-12-04,2024-12-04 14:00:00,1120.0,1120.0,1120.0,1120.0,0.0,4.0,4480.0,0
2024-12-04,2024-12-04 15:00:00,1120.0,1120.0,1120.0,1120.0,0.0,4.0,4480.0,0
2024-12-05,2024-12-05 11:00:00,1101.0,1101.0,1093.0,1097.0,-0.36,20.0,21866.1,-1
2024-12-05,2024-12-05 12:00:00,1097.0,1097.0,1093.0,1093.0,-0.36,20.0,21866.1,-1
2024-12-05,2024-12-05 13:00:00,1093.0,1093.0,1089.0,1089.0,-0.37,20.0,21866.1,-1
2024-12-05,2024-12-05 14:00:00,1089.0,1089.0,1085.0,1085.0,-0.37,20.0,21866.1,-1
2024-12-05,2024-12-05 15:00:00,1085.0,1101.0,1085.0,1085.0,0.0,20.0,21866.1,0
2024-12-22,2024-12-22 11:00:00,1092.6,1092.6,1092.6,1092.6,0.0,5.0,5463.0,0
2024-12-22,2024-12-22 12:00:00,1092.6,1092.6,1092.6,1092.6,0.0,5.0,5463.0,0
2024-12-22,2024-12-22 13:00:00,1092.6,1092.6,1092.6,1092.6,0.0,5.0,5463.0,0
2024-12-22,2024-12-22 14:00:00,1092.6,1092.6,1092.6,1092.6,0.0,5.0,5463.0,0
2024-12-22,2024-12-22 15:00:00,1092.6,1092.6,1092.6,1092.6,0.0,5.0,5463.0,0
2024-12-26,2024-12-26 11:00:00,1102.0,1108.2,1102.0,1105.1,0.28,11.6,12865.04,1
2024-12-26,2024-12-26 12:00:00,1105.1,1108.2,1105.1,1108.2,0.28,11.6,12865.04,1
2024-12-26,2024-12-26 13:00:00,1108.2,1111.3,1108.2,1111.3,0.28,11.6,12865.04,1
2024-12-26,2024-12-26 14:00:00,1111.3,1114.4,1111.3,1114.4,0.28,11.6,12865.04,1
2024-12-26,2024-12-26 15:00:00,1114.4,1114.4,1102.0,1114.4,0.0,11.6,12865.04,0
2025-01-02,2025-01-02 11:00:00,1135.0,1135.8,1135.0,1135.4,0.04,12.0,13628.02,1
2025-01-02,2025-01-02 12:00:00,1135.4,1135.8,1135.4,1135.8,0.04,12.0,13628.02,1
2025-01-02,2025-01-02 13:00:00,1135.8,1136.2,1135.8,1136.2,0.04,12.0,13628.02,1
2025-01-02,2025-01-02 14:00:00,1136.2,1136.6,1136.2,1136.6,0.04,12.0,13628.02,1
2025-01-02,2025-01-02 15:00:00,1136.6,1136.6,1135.0,1136.6,0.0,12.0,13628.02,0
2025-01-13,2025-01-13 11:00:00,1154.9,1154.9,1154.9,1154.9,0.0,0.6,692.94,0
2025-01-13,2025-01-13 12:00:00,1154.9,1154.9,1154.9,1154.9,0.0,0.6,692.94,0
2025-01-13,2025-01-13 13:00:00,1154.9,1154.9,1154.9,1154.9,0.0,0.6,692.94,0
2025-01-13,2025-01-13 14:00:00,1154.9,1154.9,1154.9,1154.9,0.0,0.6,692.94,0
2025-01-13,2025-01-13 15:00:00,1154.9,1154.9,1154.9,1154.9,0.0,0.6,692.94,0
2025-01-19,2025-01-19 11:00:00,1131.9,1131.9,1131.9,1131.9,0.0,10.0,11319.0,0
2025-01-19,2025-01-19 12:00:00,1131.9,1131.9,1131.9,1131.9,0.0,10.0,11319.0,0
2025-01-19,2025-01-19 13:00:00,1131.9,1131.9,1131.9,1131.9,0.0,10.0,11319.0,0
2025-01-19,2025-01-19 14:00:00,1131.9,1131.9,1131.9,1131.9,0.0,10.0,11319.0,0
2025-01-19,2025-01-19 15:00:00,1131.9,1131.9,1131.9,1131.9,0.0,10.0,11319.0,0
2025-01-20,2025-01-20 11:00:00,1120.0,1120.0,1120.0,1120.0,0.0,5.0,5600.0,0
2025-01-20,2025-01-20 12:00:00,1120.0,1120.0,1120.0,1120.0,0.0,5.0,5600.0,0
2025-01-20,2025-01-20 13:00:00,1120.0,1120.0,1120.0,1120.0,0.0,5.0,5600.0,0
2025-01-20,2025-01-20 14:00:00,1120.0,1120.0,1120.0,1120.0,0.0,5.0,5600.0,0
2025-01-20,2025-01-20 15:00:00,1120.0,1120.0,1120.0,1120.0,0.0,5.0,5600.0,0
2025-02-04,2025-02-04 11:00:00,1100.0,1100.0,1100.0,1100.0,0.0,20.0,22000.0,0
2025-02-04,2025-02-04 12:00:00,1100.0,1100.0,1100.0,1100.0,0.0,20.0,22000.0,0
2025-02-04,2025-02-04 13:00:00,1100.0,1100.0,1100.0,1100.0,0.0,20.0,22000.0,0
2025-02-04,2025-02-04 14:00:00,1100.0,1100.0,1100.0,1100.0,0.0,20.0,22000.0,0
2025-02-04,2025-02-04 15:00:00,1100.0,1100.0,1100.0,1100.0,0.0,20.0,22000.0,0
2025-02-09,2025-02-09 11:00:00,1078.0,1078.0,1078.0,1078.0,0.0,3.0,3234.0,0
2025-02-09,2025-02-09 12:00:00,1078.0,1078.0,1078.0,1078.0,0.0,3.0,3234.0,0
2025-02-09,2025-02-09 13:00:00,1078.0,1078.0,1078.0,1078.0,0.0,3.0,3234.0,0
2025-02-09,2025-02-09 14:00:00,1078.0,1078.0,1078.0,1078.0,0.0,3.0,3234.0,0
2025-02-09,2025-02-09 15:00:00,1078.0,1078.0,1078.0,1078.0,0.0,3.0,3234.0,0
2025-02-10,2025-02-10 11:00:00,1078.0,1078.0,1078.0,1078.0,0.0,3.6,3880.8,0
2025-02-10,2025-02-10 12:00:00,1078.0,1078.0,1078.0,1078.0,0.0,3.6,3880.8,0
2025-02-10,2025-02-10 13:00:00,1078.0,1078.0,1078.0,1078.0,0.0,3.6,3880.8,0
2025-02-10,2025-02-10 14:00:00,1078.0,1078.0,1078.0,1078.0,0.0,3.6,3880.8,0
2025-02-10,2025-02-10 15:00:00,1078.0,1078.0,1078.0,1078.0,0.0,3.6,3880.8,0
2025-02-24,2025-02-24 11:00:00,1079.0,1079.0,1077.0,1078.0,-0.09,10.0,10778.8,-1
2025-02-24,2025-02-24 12:00:00,1078.0,1078.0,1077.0,1077.0,-0.09,10.0,10778.8,-1
2025-02-24,2025-02-24 13:00:00,1077.0,1077.0,1076.0,1076.0,-0.09,10.0,10778.8,-1
2025-02-24,2025-02-24 14:00:00,1076.0,1076.0,1075.0,1075.0,-0.09,10.0,10778.8,-1
2025-02-24,2025-02-24 15:00:00,1075.0,1079.0,1075.0,1075.0,0.0,10.0,10778.8,0
2025-03-03,2025-03-03 11:00:00,1078.0,1078.0,1078.0,1078.0,0.0,5.0,5390.0,0
2025-03-03,2025-03-03 12:00:00,1078.0,1078.0,1078.0,1078.0,0.0,5.0,5390.0,0
2025-03-03,2025-03-03 13:00:00,1078.0,1078.0,1078.0,1078.0,0.0,5.0,5390.0,0
2025-03-03,2025-03-03 14:00:00,1078.0,1078.0,1078.0,1078.0,0.0,5.0,5390.0,0
2025-03-03,2025-03-03 15:00:00,1078.0,1078.0,1078.0,1078.0,0.0,5.0,5390.0,0
2025-03-06,2025-03-06 11:00:00,1078.1,1078.1,1078.1,1078.1,0.0,5.0,5390.5,0
2025-03-06,2025-03-06 12:00:00,1078.1,1078.1,1078.1,1078.1,0.0,5.0,5390.5,0
2025-03-06,2025-03-06 13:00:00,1078.1,1078.1,1078.1,1078.1,0.0,5.0,5390.5,0
2025-03-06,2025-03-06 14:00:00,1078.1,1078.1,1078.1,1078.1,0.0,5.0,5390.5,0
2025-03-06,2025-03-06 15:00:00,1078.1,1078.1,1078.1,1078.1,0.0,5.0,5390.5,0
2025-03-10,2025-03-10 11:00:00,1077.2,1077.2,1073.6,1075.4,-0.17,45.0,48236.3,-1
2025-03-10,2025-03-10 12:00:00,1075.4,1075.4,1073.6,1073.6,-0.17,45.0,48236.3,-1
2025-03-10,2025-03-10 13:00:00,1073.6,1073.6,1071.8,1071.8,-0.17,45.0,48236.3,-1
2025-03-10,2025-03-10 14:00:00,1071.8,1071.8,1070.0,1070.0,-0.17,45.0,48236.3,-1
2025-03-10,2025-03-10 15:00:00,1070.0,1077.2,1070.0,1070.0,0.0,45.0,48236.3,0
2025-03-12,2025-03-12 11:00:00,1073.2,1073.2,1073.2,1073.2,0.0,0.4,429.08,0
2025-03-12,2025-03-12 12:00:00,1073.2,1073.2,1073.2,1073.2,0.0,0.4,429.08,0
2025-03-12,2025-03-12 13:00:00,1073.2,1073.2,1073.2,1073.2,0.0,0.4,429.08,0
2025-03-12,2025-03-12 14:00:00,1073.2,1073.2,1073.2,1073.2,0.0,0.4,429.08,0
2025-03-12,2025-03-12 15:00:00,1073.2,1073.2,1073.2,1073.2,0.0,0.4,429.08,0
2025-03-17,2025-03-17 11:00:00,1073.5,1073.5,1073.5,1073.5,0.0,5.2,5582.28,0
2025-03-17,2025-03-17 12:00:00,1073.5,1073.5,1073.5,1073.5,0.0,5.2,5582.28,0
2025-03-17,2025-03-17 13:00:00,1073.5,1073.5,1073.5,1073.5,0.0,5.2,5582.28,0
2025-03-17,2025-03-17 14:00:00,1073.5,1073.5,1073.5,1073.5,0.0,5.2,5582.28,0
2025-03-17,2025-03-17 15:00:00,1073.5,1073.5,1073.5,1073.5,0.0,5.2,5582.28,0
2025-03-18,2025-03-18 11:00:00,1102.0,1103.0,1102.0,1102.5,0.05,7.0,7713.3,1
2025-03-18,2025-03-18 12:00:00,1102.5,1103.0,1102.5,1103.0,0.05,7.0,7713.3,1
2025-03-18,2025-03-18 13:00:00,1103.0,1103.5,1103.0,1103.5,0.05,7.0,7713.3,1
2025-03-18,2025-03-18 14:00:00,1103.5,1104.0,1103.5,1104.0,0.05,7.0,7713.3,1
2025-03-18,2025-03-18 15:00:00,1104.0,1104.0,1102.0,1104.0,0.0,7.0,7713.3,0
2025-03-20,2025-03-20 11:00:00,1112.0,1117.0,1112.0,1114.5,0.22,190.0,211414.7,1
2025-03-20,2025-03-20 12:00:00,1114.5,1117.0,1114.5,1117.0,0.22,190.0,211414.7,1
2025-03-20,2025-03-20 13:00:00,1117.0,1119.5,1117.0,1119.5,0.22,190.0,211414.7,1
2025-03-20,2025-03-20 14:00:00,1119.5,1122.0,1119.5,1122.0,0.22,190.0,211414.7,1
2025-03-20,2025-03-20 15:00:00,1122.0,1122.0,1112.0,1122.0,0.0,190.0,211414.7,0
2025-03-24,2025-03-24 11:00:00,1099.6,1099.6,1099.6,1099.6,0.0,43.0,47282.8,0
2025-03-24,2025-03-24 12:00:00,1099.6,1099.6,1099.6,1099.6,0.0,43.0,47282.8,0
2025-03-24,2025-03-24 13:00:00,1099.6,1099.6,1099.6,1099.6,0.0,43.0,47282.8,0
2025-03-24,2025-03-24 14:00:00,1099.6,1099.6,1099.6,1099.6,0.0,43.0,47282.8,0
2025-03-24,2025-03-24 15:00:00,1099.6,1099.6,1099.6,1099.6,0.0,43.0,47282.8,0
2025-03-25,2025-03-25 11:00:00,1111.0,1122.0,1111.0,1116.5,0.5,75.0,83674.0,1
2025-03-25,2025-03-25 12:00:00,1116.5,1122.0,1116.5,1122.0,0.49,75.0,83674.0,1
2025-03-25,2025-03-25 13:00:00,1122.0,1127.5,1122.0,1127.5,0.49,75.0,83674.0,1
2025-03-25,2025-03-25 14:00:00,1127.5,1133.0,1127.5,1133.0,0.49,75.0,83674.0,1
2025-03-25,2025-03-25 15:00:00,1133.0,1133.0,1111.0,1133.0,0.0,75.0,83674.0,0
2025-03-30,2025-03-30 11:00:00,1110.4,1110.4,1110.4,1110.4,0.0,20.0,22208.0,0
2025-03-30,2025-03-30 12:00:00,1110.4,1110.4,1110.4,1110.4,0.0,20.0,22208.0,0
2025-03-30,2025-03-30 13:00:00,1110.4,1110.4,1110.4,1110.4,0.0,20.0,22208.0,0
2025-03-30,2025-03-30 14:00:00,1110.4,1110.4,1110.4,1110.4,0.0,20.0,22208.0,0
2025-03-30,2025-03-30 15:00:00,1110.4,1110.4,1110.4,1110.4,0.0,20.0,22208.0,0
2025-04-02,2025-04-02 11:00:00,1110.4,1110.4,1107.95,1107.95,-0.22,1.4,1540.84,-1
2025-04-02,2025-04-02 12:00:00,1107.95,1107.95,1105.5,1105.5,-0.22,1.4,1540.84,-1
2025-04-02,2025-04-02 13:00:00,1105.5,1105.5,1103.05,1103.05,-0.22,1.4,1540.84,-1
2025-04-02,2025-04-02 14:00:00,1103.05,1103.05,1100.6,1100.6,-0.22,1.4,1540.84,-1
2025-04-02,2025-04-02 15:00:00,1100.6,1110.4,1100.6,1100.6,0.0,1.4,1540.84,0
2025-04-16,2025-04-16 11:00:00,1102.3,1102.3,1102.3,1102.3,0.0,10.0,11023.0,0
2025-04-16,2025-04-16 12:00:00,1102.3,1102.3,1102.3,1102.3,0.0,10.0,11023.0,0
2025-04-16,2025-04-16 13:00:00,1102.3,1102.3,1102.3,1102.3,0.0,10.0,11023.0,0
2025-04-16,2025-04-16 14:00:00,1102.3,1102.3,1102.3,1102.3,0.0,10.0,11023.0,0
2025-04-16,2025-04-16 15:00:00,1102.3,1102.3,1102.3,1102.3,0.0,10.0,11023.0,0
2025-04-20,2025-04-20 11:00:00,1102.3,1104.72,1102.3,1104.72,0.22,0.2,222.4,1
2025-04-20,2025-04-20 12:00:00,1104.72,1107.15,1104.72,1107.15,0.22,0.2,222.4,1
2025-04-20,2025-04-20 13:00:00,1107.15,1109.58,1107.15,1109.58,0.22,0.2,222.4,1
2025-04-20,2025-04-20 14:00:00,1109.58,1112.0,1109.58,1112.0,0.22,0.2,222.4,1
2025-04-20,2025-04-20 15:00:00,1112.0,1112.0,1102.3,1112.0,0.0,0.2,222.4,0
2025-04-21,2025-04-21 11:00:00,1134.0,1134.1,1134.0,1134.05,0.0,7.0,7938.6,1
2025-04-21,2025-04-21 12:00:00,1134.05,1134.1,1134.05,1134.1,0.0,7.0,7938.6,1
2025-04-21,2025-04-21 13:00:00,1134.1,1134.15,1134.1,1134.15,0.0,7.0,7938.6,1
2025-04-21,2025-04-21 14:00:00,1134.15,1134.2,1134.15,1134.2,0.0,7.0,7938.6,1
2025-04-21,2025-04-21 15:00:00,1134.2,1134.2,1134.0,1134.2,0.0,7.0,7938.6,0
2025-04-23,2025-04-23 11:00:00,1123.1,1123.1,1123.05,1123.07,-0.0,10.0,11230.5,-1
2025-04-23,2025-04-23 12:00:00,1123.07,1123.07,1123.05,1123.05,-0.0,10.0,11230.5,-1
2025-04-23,2025-04-23 13:00:00,1123.05,1123.05,1123.03,1123.03,-0.0,10.0,11230.5,-1
2025-04-23,2025-04-23 14:00:00,1123.03,1123.03,1123.0,1123.0,-0.0,10.0,11230.5,-1
2025-04-23,2025-04-23 15:00:00,1123.0,1123.1,1123.0,1123.0,0.0,10.0,11230.5,0
2025-04-24,2025-04-24 11:00:00,1145.4,1145.4,1145.4,1145.4,0.0,5.0,5727.0,0
2025-04-24,2025-04-24 12:00:00,1145.4,1145.4,1145.4,1145.4,0.0,5.0,5727.0,0
2025-04-24,2025-04-24 13:00:00,1145.4,1145.4,1145.4,1145.4,0.0,5.0,5727.0,0
2025-04-24,2025-04-24 14:00:00,1145.4,1145.4,1145.4,1145.4,0.0,5.0,5727.0,0
2025-04-24,2025-04-24 15:00:00,1145.4,1145.4,1145.4,1145.4,0.0,5.0,5727.0,0
2025-05-04,2025-05-04 11:00:00,1158.0,1159.0,1158.0,1158.5,0.04,10.0,11590.0,1
2025-05-04,2025-05-04 12:00:00,1158.5,1159.0,1158.5,1159.0,0.04,10.0,11590.0,1
2025-05-04,2025-05-04 13:00:00,1159.0,1159.5,1159.0,1159.5,0.04,10.0,11590.0,1
2025-05-04,2025-05-04 14:00:00,1159.5,1160.0,1159.5,1160.0,0.04,10.0,11590.0,1
2025-05-04,2025-05-04 15:00:00,1160.0,1160.0,1158.0,1160.0,0.0,10.0,11590.0,0
2025-05-08,2025-05-08 11:00:00,1140.0,1140.0,1140.0,1140.0,0.0,20.0,22800.0,0
2025-05-08,2025-05-08 12:00:00,1140.0,1140.0,1140.0,1140.0,0.0,20.0,22800.0,0
2025-05-08,2025-05-08 13:00:00,1140.0,1140.0,1140.0,1140.0,0.0,20.0,22800.0,0
2025-05-08,2025-05-08 14:00:00,1140.0,1140.0,1140.0,1140.0,0.0,20.0,22800.0,0
2025-05-08,2025-05-08 15:00:00,1140.0,1140.0,1140.0,1140.0,0.0,20.0,22800.0,0
2025-05-15,2025-05-15 11:00:00,1117.3,1117.3,1117.25,1117.28,-0.0,10.0,11172.5,-1
2025-05-15,2025-05-15 12:00:00,1117.28,1117.28,1117.25,1117.25,-0.0,10.0,11172.5,-1
2025-05-15,2025-05-15 13:00:00,1117.25,1117.25,1117.22,1117.22,-0.0,10.0,11172.5,-1
2025-05-15,2025-05-15 14:00:00,1117.22,1117.22,1117.2,1117.2,-0.0,10.0,11172.5,-1
2025-05-15,2025-05-15 15:00:00,1117.2,1117.3,1117.2,1117.2,0.0,10.0,11172.5,0
2025-05-18,2025-05-18 11:00:00,1117.0,1117.0,1117.0,1117.0,0.0,80.0,89360.0,0
2025-05-18,2025-05-18 12:00:00,1117.0,1117.0,1117.0,1117.0,0.0,80.0,89360.0,0
2025-05-18,2025-05-18 13:00:00,1117.0,1117.0,1117.0,1117.0,0.0,80.0,89360.0,0
2025-05-18,2025-05-18 14:00:00,1117.0,1117.0,1117.0,1117.0,0.0,80.0,89360.0,0
2025-05-18,2025-05-18 15:00:00,1117.0,1117.0,1117.0,1117.0,0.0,80.0,89360.0,0
2025-05-19,2025-05-19 11:00:00,1127.0,1127.0,1116.8,1121.9,-0.45,10.0,11168.0,-1
2025-05-19,2025-05-19 12:00:00,1121.9,1121.9,1116.8,1116.8,-0.45,10.0,11168.0,-1
2025-05-19,2025-05-19 13:00:00,1116.8,1116.8,1111.7,1111.7,-0.46,10.0,11168.0,-1
2025-05-19,2025-05-19 14:00:00,1111.7,1111.7,1106.6,1106.6,-0.46,10.0,11168.0,-1
2025-05-19,2025-05-19 15:00:00,1106.6,1127.0,1106.6,1106.6,0.0,10.0,11168.0,0
2025-05-28,2025-05-28 11:00:00,1106.6,1109.2,1106.6,1109.2,0.23,0.6,670.2,1
2025-05-28,2025-05-28 12:00:00,1109.2,1111.8,1109.2,1111.8,0.23,0.6,670.2,1
2025-05-28,2025-05-28 13:00:00,1111.8,1114.4,1111.8,1114.4,0.23,0.6,670.2,1
2025-05-28,2025-05-28 14:00:00,1114.4,1117.0,1114.4,1117.0,0.23,0.6,670.2,1
2025-05-28,2025-05-28 15:00:00,1117.0,1117.0,1106.6,1117.0,0.0,0.6,670.2,0
2025-06-23,2025-06-23 11:00:00,1117.0,1117.0,1107.0,1112.0,-0.45,40.6,44924.7,-1
2025-06-23,2025-06-23 12:00:00,1112.0,1112.0,1107.0,1107.0,-0.45,40.6,44924.7,-1
2025-06-23,2025-06-23 13:00:00,1107.0,1107.0,1102.0,1102.0,-0.45,40.6,44924.7,-1
2025-06-23,2025-06-23 14:00:00,1102.0,1102.0,1097.0,1097.0,-0.45,40.6,44924.7,-1
2025-06-23,2025-06-23 15:00:00,1097.0,1117.0,1097.0,1097.0,0.0,40.6,44924.7,0
2025-06-29,2025-06-29 11:00:00,1097.0,1112.0,1097.0,1104.5,0.68,20.0,22538.2,1
2025-06-29,2025-06-29 12:00:00,1104.5,1112.0,1104.5,1112.0,0.68,20.0,22538.2,1
2025-06-29,2025-06-29 13:00:00,1112.0,1119.5,1112.0,1119.5,0.67,20.0,22538.2,1
2025-06-29,2025-06-29 14:00:00,1119.5,1127.0,1119.5,1127.0,0.67,20.0,22538.2,1
2025-06-29,2025-06-29 15:00:00,1127.0,1127.0,1097.0,1127.0,0.0,20.0,22538.2,0
2025-07-03,2025-07-03 11:00:00,1112.0,1112.0,1112.0,1112.0,0.0,7.0,7784.0,0
2025-07-03,2025-07-03 12:00:00,1112.0,1112.0,1112.0,1112.0,0.0,7.0,7784.0,0
2025-07-03,2025-07-03 13:00:00,1112.0,1112.0,1112.0,1112.0,0.0,7.0,7784.0,0
2025-07-03,2025-07-03 14:00:00,1112.0,1112.0,1112.0,1112.0,0.0,7.0,7784.0,0
2025-07-03,2025-07-03 15:00:00,1112.0,1112.0,1112.0,1112.0,0.0,7.0,7784.0,0
2025-07-09,2025-07-09 11:00:00,1112.0,1112.0,1112.0,1112.0,0.0,5.0,5560.0,0
2025-07-09,2025-07-09 12:00:00,1112.0,1112.0,1112.0,1112.0,0.0,5.0,5560.0,0
2025-07-09,2025-07-09 13:00:00,1112.0,1112.0,1112.0,1112.0,0.0,5.0,5560.0,0
2025-07-09,2025-07-09 14:00:00,1112.0,1112.0,1112.0,1112.0,0.0,5.0,5560.0,0
2025-07-09,2025-07-09 15:00:00,1112.0,1112.0,1112.0,1112.0,0.0,5.0,5560.0,0
2025-07-13,2025-07-13 11:00:00,1130.0,1130.0,1130.0,1130.0,0.0,5.4,6102.0,0
2025-07-13,2025-07-13 12:00:00,1130.0,1130.0,1130.0,1130.0,0.0,5.4,6102.0,0
2025-07-13,2025-07-13 13:00:00,1130.0,1130.0,1130.0,1130.0,0.0,5.4,6102.0,0
2025-07-13,2025-07-13 14:00:00,1130.0,1130.0,1130.0,1130.0,0.0,5.4,6102.0,0
2025-07-13,2025-07-13 15:00:00,1130.0,1130.0,1130.0,1130.0,0.0,5.4,6102.0,0
2025-07-24,2025-07-24 11:00:00,1130.0,1130.0,1130.0,1130.0,0.0,20.0,22600.0,0
2025-07-24,2025-07-24 12:00:00,1130.0,1130.0,1130.0,1130.0,0.0,20.0,22600.0,0
2025-07-24,2025-07-24 13:00:00,1130.0,1130.0,1130.0,1130.0,0.0,20.0,22600.0,0
2025-07-24,2025-07-24 14:00:00,1130.0,1130.0,1130.0,1130.0,0.0,20.0,22600.0,0
2025-07-24,2025-07-24 15:00:00,1130.0,1130.0,1130.0,1130.0,0.0,20.0,22600.0,0
2025-08-03,2025-08-03 11:00:00,1115.0,1115.0,1115.0,1115.0,0.0,15.0,16725.0,0
2025-08-03,2025-08-03 12:00:00,1115.0,1115.0,1115.0,1115.0,0.0,15.0,16725.0,0
2025-08-03,2025-08-03 13:00:00,1115.0,1115.0,1115.0,1115.0,0.0,15.0,16725.0,0
2025-08-03,2025-08-03 14:00:00,1115.0,1115.0,1115.0,1115.0,0.0,15.0,16725.0,0
2025-08-03,2025-08-03 15:00:00,1115.0,1115.0,1115.0,1115.0,0.0,15.0,16725.0,0
2025-08-06,2025-08-06 11:00:00,1115.0,1115.0,1107.5,1111.25,-0.34,20.0,22075.0,-1
2025-08-06,2025-08-06 12:00:00,1111.25,1111.25,1107.5,1107.5,-0.34,20.0,22075.0,-1
2025-08-06,2025-08-06 13:00:00,1107.5,1107.5,1103.75,1103.75,-0.34,20.0,22075.0,-1
2025-08-06,2025-08-06 14:00:00,1103.75,1103.75,1100.0,1100.0,-0.34,20.0,22075.0,-1
2025-08-06,2025-08-06 15:00:00,1100.0,1115.0,1100.0,1100.0,0.0,20.0,22075.0,0
2025-08-07,2025-08-07 11:00:00,1081.3,1081.3,1081.22,1081.22,-0.01,11.0,11893.5,-1
2025-08-07,2025-08-07 12:00:00,1081.22,1081.22,1081.15,1081.15,-0.01,11.0,11893.5,-1
2025-08-07,2025-08-07 13:00:00,1081.15,1081.15,1081.08,1081.08,-0.01,11.0,11893.5,-1
2025-08-07,2025-08-07 14:00:00,1081.08,1081.08,1081.0,1081.0,-0.01,11.0,11893.5,-1
2025-08-07,2025-08-07 15:00:00,1081.0,1081.3,1081.0,1081.0,0.0,11.0,11893.5,0
2025-08-13,2025-08-13 11:00:00,1080.1,1080.1,1080.1,1080.1,0.0,5.0,5400.5,0
2025-08-13,2025-08-13 12:00:00,1080.1,1080.1,1080.1,1080.1,0.0,5.0,5400.5,0
2025-08-13,2025-08-13 13:00:00,1080.1,1080.1,1080.1,1080.1,0.0,5.0,5400.5,0
2025-08-13,2025-08-13 14:00:00,1080.1,1080.1,1080.1,1080.1,0.0,5.0,5400.5,0
2025-08-13,2025-08-13 15:00:00,1080.1,1080.1,1080.1,1080.1,0.0,5.0,5400.5,0
2025-08-17,2025-08-17 11:00:00,1080.5,1080.5,1080.5,1080.5,0.0,5.0,5402.5,0
2025-08-17,2025-08-17 12:00:00,1080.5,1080.5,1080.5,1080.5,0.0,5.0,5402.5,0
2025-08-17,2025-08-17 13:00:00,1080.5,1080.5,1080.5,1080.5,0.0,5.0,5402.5,0
2025-08-17,2025-08-17 14:00:00,1080.5,1080.5,1080.5,1080.5,0.0,5.0,5402.5,0
2025-08-17,2025-08-17 15:00:00,1080.5,1080.5,1080.5,1080.5,0.0,5.0,5402.5,0
2025-08-18,2025-08-18 11:00:00,1080.1,1080.1,1065.05,1072.57,-0.7,100.0,106602.5,-1
2025-08-18,2025-08-18 12:00:00,1072.57,1072.57,1065.05,1065.05,-0.7,100.0,106602.5,-1
2025-08-18,2025-08-18 13:00:00,1065.05,1065.05,1057.53,1057.53,-0.71,100.0,106602.5,-1
2025-08-18,2025-08-18 14:00:00,1057.53,1057.53,1050.0,1050.0,-0.71,100.0,106602.5,-1
2025-08-18,2025-08-18 15:00:00,1050.0,1080.1,1050.0,1050.0,0.0,100.0,106602.5,0
2025-08-20,2025-08-20 11:00:00,1071.0,1076.35,1071.0,1076.35,0.5,2.2,2360.48,1
2025-08-20,2025-08-20 12:00:00,1076.35,1081.7,1076.35,1081.7,0.5,2.2,2360.48,1
2025-08-20,2025-08-20 13:00:00,1081.7,1087.05,1081.7,1087.05,0.49,2.2,2360.48,1
2025-08-20,2025-08-20 14:00:00,1087.05,1092.4,1087.05,1092.4,0.49,2.2,2360.48,1
2025-08-20,2025-08-20 15:00:00,1092.4,1092.4,1071.0,1092.4,0.0,2.2,2360.48,0
2025-09-01,2025-09-01 11:00:00,1114.18,1125.09,1114.18,1119.63,0.49,94.0,105366.28,1
2025-09-01,2025-09-01 12:00:00,1119.63,1125.09,1119.63,1125.09,0.49,94.0,105366.28,1
2025-09-01,2025-09-01 13:00:00,1125.09,1130.55,1125.09,1130.55,0.49,94.0,105366.28,1
2025-09-01,2025-09-01 14:00:00,1130.55,1136.0,1130.55,1136.0,0.48,94.0,105366.28,1
2025-09-01,2025-09-01 15:00:00,1136.0,1136.0,1114.18,1136.0,0.0,94.0,105366.28,0
2025-09-04,2025-09-04 11:00:00,1136.0,1136.0,1136.0,1136.0,0.0,10.0,11360.0,0
2025-09-04,2025-09-04 12:00:00,1136.0,1136.0,1136.0,1136.0,0.0,10.0,11360.0,0
2025-09-04,2025-09-04 13:00:00,1136.0,1136.0,1136.0,1136.0,0.0,10.0,11360.0,0
2025-09-04,2025-09-04 14:00:00,1136.0,1136.0,1136.0,1136.0,0.0,10.0,11360.0,0
2025-09-04,2025-09-04 15:00:00,1136.0,1136.0,1136.0,1136.0,0.0,10.0,11360.0,0
2025-09-07,2025-09-07 11:00:00,1152.0,1160.5,1152.0,1156.25,0.37,140.2,163472.74,1
2025-09-07,2025-09-07 12:00:00,1156.25,1160.5,1156.25,1160.5,0.37,140.2,163472.74,1
2025-09-07,2025-09-07 13:00:00,1160.5,1164.75,1160.5,1164.75,0.37,140.2,163472.74,1
2025-09-07,2025-09-07 14:00:00,1164.75,1169.0,1164.75,1169.0,0.36,140.2,163472.74,1
2025-09-07,2025-09-07 15:00:00,1169.0,1169.0,1152.0,1169.0,0.0,140.2,163472.74,0
2025-09-21,2025-09-21 11:00:00,1146.0,1146.0,1146.0,1146.0,0.0,20.0,22920.0,0
2025-09-21,2025-09-21 12:00:00,1146.0,1146.0,1146.0,1146.0,0.0,20.0,22920.0,0
2025-09-21,2025-09-21 13:00:00,1146.0,1146.0,1146.0,1146.0,0.0,20.0,22920.0,0
2025-09-21,2025-09-21 14:00:00,1146.0,1146.0,1146.0,1146.0,0.0,20.0,22920.0,0
2025-09-21,2025-09-21 15:00:00,1146.0,1146.0,1146.0,1146.0,0.0,20.0,22920.0,0
2025-09-25,2025-09-25 11:00:00,1168.9,1170.95,1168.9,1169.93,0.09,59.2,69408.8,1
2025-09-25,2025-09-25 12:00:00,1169.93,1170.95,1169.93,1170.95,0.09,59.2,69408.8,1
2025-09-25,2025-09-25 13:00:00,1170.95,1171.97,1170.95,1171.97,0.09,59.2,69408.8,1
2025-09-25,2025-09-25 14:00:00,1171.97,1173.0,1171.97,1173.0,0.09,59.2,69408.8,1
2025-09-25,2025-09-25 15:00:00,1173.0,1173.0,1168.9,1173.0,0.0,59.2,69408.8,0
2025-10-15,2025-10-15 11:00:00,1185.0,1187.5,1185.0,1186.25,0.11,184.0,218946.0,1
2025-10-15,2025-10-15 12:00:00,1186.25,1187.5,1186.25,1187.5,0.11,184.0,218946.0,1
2025-10-15,2025-10-15 13:00:00,1187.5,1188.75,1187.5,1188.75,0.11,184.0,218946.0,1
2025-10-15,2025-10-15 14:00:00,1188.75,1190.0,1188.75,1190.0,0.11,184.0,218946.0,1
2025-10-15,2025-10-15 15:00:00,1190.0,1190.0,1185.0,1190.0,0.0,184.0,218946.0,0
2025-10-29,2025-10-29 11:00:00,1168.0,1168.0,1168.0,1168.0,0.0,17.8,20790.4,0
2025-10-29,2025-10-29 12:00:00,1168.0,1168.0,1168.0,1168.0,0.0,17.8,20790.4,0
2025-10-29,2025-10-29 13:00:00,1168.0,1168.0,1168.0,1168.0,0.0,17.8,20790.4,0
2025-10-29,2025-10-29 14:00:00,1168.0,1168.0,1168.0,1168.0,0.0,17.8,20790.4,0
2025-10-29,2025-10-29 15:00:00,1168.0,1168.0,1168.0,1168.0,0.0,17.8,20790.4,0
2025-11-03,2025-11-03 11:00:00,1180.0,1180.0,1180.0,1180.0,0.0,17.8,21004.0,0
2025-11-03,2025-11-03 12:00:00,1180.0,1180.0,1180.0,1180.0,0.0,17.8,21004.0,0
2025-11-03,2025-11-03 13:00:00,1180.0,1180.0,1180.0,1180.0,0.0,17.8,21004.0,0
2025-11-03,2025-11-03 14:00:00,1180.0,1180.0,1180.0,1180.0,0.0,17.8,21004.0,0
2025-11-03,2025-11-03 15:00:00,1180.0,1180.0,1180.0,1180.0,0.0,17.8,21004.0,0
2025-11-24,2025-11-24 11:00:00,1160.0,1160.0,1160.0,1160.0,0.0,20.0,23200.0,0
2025-11-24,2025-11-24 12:00:00,1160.0,1160.0,1160.0,1160.0,0.0,20.0,23200.0,0
2025-11-24,2025-11-24 13:00:00,1160.0,1160.0,1160.0,1160.0,0.0,20.0,23200.0,0
2025-11-24,2025-11-24 14:00:00,1160.0,1160.0,1160.0,1160.0,0.0,20.0,23200.0,0
2025-11-24,2025-11-24 15:00:00,1160.0,1160.0,1160.0,1160.0,0.0,20.0,23200.0,0
2025-12-18,2025-12-18 11:00:00,1160.0,1182.5,1160.0,1171.25,0.97,21.2,25467.18,1
2025-12-18,2025-12-18 12:00:00,1171.25,1182.5,1171.25,1182.5,0.96,21.2,25467.18,1
2025-12-18,2025-12-18 13:00:00,1182.5,1193.75,1182.5,1193.75,0.95,21.2,25467.18,1
2025-12-18,2025-12-18 14:00:00,1193.75,1205.0,1193.75,1205.0,0.94,21.2,25467.18,1
2025-12-18,2025-12-18 15:00:00,1205.0,1205.0,1160.0,1205.0,0.0,21.2,25467.18,0
2025-12-29,2025-12-29 11:00:00,1192.0,1192.0,1192.0,1192.0,0.0,20.0,23840.0,0
2025-12-29,2025-12-29 12:00:00,1192.0,1192.0,1192.0,1192.0,0.0,20.0,23840.0,0
2025-12-29,2025-12-29 13:00:00,1192.0,1192.0,1192.0,1192.0,0.0,20.0,23840.0,0
2025-12-29,2025-12-29 14:00:00,1192.0,1192.0,1192.0,1192.0,0.0,20.0,23840.0,0
2025-12-29,2025-12-29 15:00:00,1192.0,1192.0,1192.0,1192.0,0.0,20.0,23840.0,0
2025-12-31,2025-12-31 11:00:00,1210.0,1216.0,1210.0,1211.25,0.1,55.8,67579.0,1
2025-12-31,2025-12-31 12:00:00,1211.25,1212.5,1211.25,1212.5,0.1,55.8,67579.0,1
2025-12-31,2025-12-31 13:00:00,1212.5,1213.75,1212.5,1213.75,0.1,55.8,67579.0,1
2025-12-31,2025-12-31 14:00:00,1213.75,1215.0,1213.75,1215.0,0.1,55.8,67579.0,1
2025-12-31,2025-12-31 15:00:00,1215.0,1222.0,1210.0,1215.0,0.0,55.8,67579.0,0
2026-01-18,2026-01-18 11:00:00,1215.0,1215.0,1191.0,1203.0,-0.99,2.2,2572.14,-1
2026-01-18,2026-01-18 12:00:00,1203.0,1203.0,1191.0,1191.0,-1.0,2.2,2572.14,-1
2026-01-18,2026-01-18 13:00:00,1191.0,1191.0,1179.0,1179.0,-1.01,2.2,2572.14,-1
2026-01-18,2026-01-18 14:00:00,1179.0,1179.0,1167.0,1167.0,-1.02,2.2,2572.14,-1
2026-01-18,2026-01-18 15:00:00,1167.0,1215.0,1167.0,1167.0,0.0,2.2,2572.14,0
2026-01-20,2026-01-20 11:00:00,1144.0,1144.0,1144.0,1144.0,0.0,21.2,24252.8,0
2026-01-20,2026-01-20 12:00:00,1144.0,1144.0,1144.0,1144.0,0.0,21.2,24252.8,0
2026-01-20,2026-01-20 13:00:00,1144.0,1144.0,1144.0,1144.0,0.0,21.2,24252.8,0
2026-01-20,2026-01-20 14:00:00,1144.0,1144.0,1144.0,1144.0,0.0,21.2,24252.8,0
2026-01-20,2026-01-20 15:00:00,1144.0,1144.0,1144.0,1144.0,0.0,21.2,24252.8,0
2026-02-08,2026-02-08 11:00:00,1125.0,1125.0,1125.0,1125.0,0.0,2.2,2475.0,0
2026-02-08,2026-02-08 12:00:00,1125.0,1125.0,1125.0,1125.0,0.0,2.2,2475.0,0
2026-02-08,2026-02-08 13:00:00,1125.0,1125.0,1125.0,1125.0,0.0,2.2,2475.0,0
2026-02-08,2026-02-08 14:00:00,1125.0,1125.0,1125.0,1125.0,0.0,2.2,2475.0,0
2026-02-08,2026-02-08 15:00:00,1125.0,1125.0,1125.0,1125.0,0.0,2.2,2475.0,0
2026-02-12,2026-02-12 11:00:00,1127.0,1127.0,1127.0,1127.0,0.0,10.0,11270.0,0
2026-02-12,2026-02-12 12:00:00,1127.0,1127.0,1127.0,1127.0,0.0,10.0,11270.0,0
2026-02-12,2026-02-12 13:00:00,1127.0,1127.0,1127.0,1127.0,0.0,10.0,11270.0,0
2026-02-12,2026-02-12 14:00:00,1127.0,1127.0,1127.0,1127.0,0.0,10.0,11270.0,0
2026-02-12,2026-02-12 15:00:00,1127.0,1127.0,1127.0,1127.0,0.0,10.0,11270.0,0
2026-03-01,2026-03-01 11:00:00,1125.0,1125.0,1125.0,1125.0,0.0,20.0,22500.0,0
2026-03-01,2026-03-01 12:00:00,1125.0,1125.0,1125.0,1125.0,0.0,20.0,22500.0,0
2026-03-01,2026-03-01 13:00:00,1125.0,1125.0,1125.0,1125.0,0.0,20.0,22500.0,0
2026-03-01,2026-03-01 14:00:00,1125.0,1125.0,1125.0,1125.0,0.0,20.0,22500.0,0
2026-03-01,2026-03-01 15:00:00,1125.0,1125.0,1125.0,1125.0,0.0,20.0,22500.0,0
2026-03-12,2026-03-12 11:00:00,1123.0,1123.0,1123.0,1123.0,0.0,20.0,22460.0,0
2026-03-12,2026-03-12 12:00:00,1123.0,1123.0,1123.0,1123.0,0.0,20.0,22460.0,0
2026-03-12,2026-03-12 13:00:00,1123.0,1123.0,1123.0,1123.0,0.0,20.0,22460.0,0
2026-03-12,2026-03-12 14:00:00,1123.0,1123.0,1123.0,1123.0,0.0,20.0,22460.0,0
2026-03-12,2026-03-12 15:00:00,1123.0,1123.0,1123.0,1123.0,0.0,20.0,22460.0,0
2026-03-22,2026-03-22 11:00:00,1123.0,1140.5,1123.0,1131.75,0.78,32.2,37285.08,1
2026-03-22,2026-03-22 12:00:00,1131.75,1140.5,1131.75,1140.5,0.77,32.2,37285.08,1
2026-03-22,2026-03-22 13:00:00,1140.5,1149.25,1140.5,1149.25,0.77,32.2,37285.08,1
2026-03-22,2026-03-22 14:00:00,1149.25,1158.0,1149.25,1158.0,0.76,32.2,37285.08,1
2026-03-22,2026-03-22 15:00:00,1158.0,1158.0,1123.0,1158.0,0.0,32.2,37285.08,0
2026-04-02,2026-04-02 11:00:00,1170.0,1170.0,1170.0,1170.0,0.0,2.0,2340.0,0
2026-04-02,2026-04-02 12:00:00,1170.0,1170.0,1170.0,1170.0,0.0,2.0,2340.0,0
2026-04-02,2026-04-02 13:00:00,1170.0,1170.0,1170.0,1170.0,0.0,2.0,2340.0,0
2026-04-02,2026-04-02 14:00:00,1170.0,1170.0,1170.0,1170.0,0.0,2.0,2340.0,0
2026-04-02,2026-04-02 15:00:00,1170.0,1170.0,1170.0,1170.0,0.0,2.0,2340.0,0
2026-04-23,2026-04-23 11:00:00,1140.0,1140.0,1140.0,1140.0,0.0,3.0,3420.0,0
2026-04-23,2026-04-23 12:00:00,1140.0,1140.0,1140.0,1140.0,0.0,3.0,3420.0,0
2026-04-23,2026-04-23 13:00:00,1140.0,1140.0,1140.0,1140.0,0.0,3.0,3420.0,0
2026-04-23,2026-04-23 14:00:00,1140.0,1140.0,1140.0,1140.0,0.0,3.0,3420.0,0
2026-04-23,2026-04-23 15:00:00,1140.0,1140.0,1140.0,1140.0,0.0,3.0,3420.0,0
2026-05-27,2026-05-27 11:00:00,1127.5,1127.5,1127.45,1127.47,-0.0,7.0,7892.3,-1
2026-05-27,2026-05-27 12:00:00,1127.47,1127.47,1127.45,1127.45,-0.0,7.0,7892.3,-1
2026-05-27,2026-05-27 13:00:00,1127.45,1127.45,1127.43,1127.43,-0.0,7.0,7892.3,-1
2026-05-27,2026-05-27 14:00:00,1127.43,1127.43,1127.4,1127.4,-0.0,7.0,7892.3,-1
2026-05-27,2026-05-27 15:00:00,1127.4,1127.5,1127.4,1127.4,0.0,7.0,7892.3,0
2026-06-04,2026-06-04 11:00:00,1127.4,1168.05,1127.4,1147.73,1.8,25.6,30921.18,1
2026-06-04,2026-06-04 12:00:00,1147.73,1168.05,1147.73,1168.05,1.77,25.6,30921.18,1
2026-06-04,2026-06-04 13:00:00,1168.05,1188.38,1168.05,1188.38,1.74,25.6,30921.18,1
2026-06-04,2026-06-04 14:00:00,1188.38,1208.7,1188.38,1208.7,1.71,25.6,30921.18,1
2026-06-04,2026-06-04 15:00:00,1208.7,1208.7,1127.4,1208.7,0.0,25.6,30921.18,0
2026-07-01,2026-07-01 11:00:00,1175.0,1175.0,1175.0,1175.0,0.0,40.0,47000.0,0
2026-07-01,2026-07-01 12:00:00,1175.0,1175.0,1175.0,1175.0,0.0,40.0,47000.0,0
2026-07-01,2026-07-01 13:00:00,1175.0,1175.0,1175.0,1175.0,0.0,40.0,47000.0,0
2026-07-01,2026-07-01 14:00:00,1175.0,1175.0,1175.0,1175.0,0.0,40.0,47000.0,0
2026-07-01,2026-07-01 15:00:00,1175.0,1175.0,1175.0,1175.0,0.0,40.0,47000.0,0
2026-07-02,2026-07-02 11:00:00,1139.8,1144.9,1132.9,1142.35,0.22,20.0,22784.0,1
2026-07-02,2026-07-02 12:00:00,1142.35,1144.9,1142.35,1144.9,0.22,20.0,22784.0,1
2026-07-02,2026-07-02 13:00:00,1144.9,1147.45,1144.9,1147.45,0.22,20.0,22784.0,1
2026-07-02,2026-07-02 14:00:00,1147.45,1150.0,1147.45,1150.0,0.22,20.0,22784.0,1
2026-07-02,2026-07-02 15:00:00,1150.0,1150.0,1126.0,1150.0,0.0,20.0,22784.0,0
2026-07-03,2026-07-03 11:00:00,1150.0,1150.0,1150.0,1150.0,0.0,4000.0,4600000.0,0
2026-07-03,2026-07-03 12:00:00,1150.0,1150.0,1150.0,1150.0,0.0,4000.0,4600000.0,0
2026-07-03,2026-07-03 13:00:00,1150.0,1150.0,1150.0,1150.0,0.0,4000.0,4600000.0,0
2026-07-03,2026-07-03 14:00:00,1150.0,1150.0,1150.0,1150.0,0.0,4000.0,4600000.0,0
2026-07-03,2026-07-03 15:00:00,1150.0,1150.0,1150.0,1150.0,0.0,4000.0,4600000.0,0
2026-07-06,2026-07-06 11:00:00,1184.5,1184.5,1184.5,1184.5,0.0,2.0,2369.0,0
2026-07-06,2026-07-06 12:00:00,1184.5,1184.5,1184.5,1184.5,0.0,2.0,2369.0,0
2026-07-06,2026-07-06 13:00:00,1184.5,1184.5,1184.5,1184.5,0.0,2.0,2369.0,0
2026-07-06,2026-07-06 14:00:00,1184.5,1184.5,1184.5,1184.5,0.0,2.0,2369.0,0
2026-07-06,2026-07-06 15:00:00,1184.5,1184.5,1184.5,1184.5,0.0,2.0,2369.0,0
2026-07-13,2026-07-13 11:00:00,1182.0,1182.0,1182.0,1182.0,0.0,6000.0,7092000.0,0
2026-07-13,2026-07-13 12:00:00,1182.0,1182.0,1182.0,1182.0,0.0,6000.0,7092000.0,0
2026-07-13,2026-07-13 13:00:00,1182.0,1182.0,1182.0,1182.0,0.0,6000.0,7092000.0,0
2026-07-13,2026-07-13 14:00:00,1182.0,1182.0,1182.0,1182.0,0.0,6000.0,7092000.0,0
2026-07-13,2026-07-13 15:00:00,1182.0,1182.0,1182.0,1182.0,0.0,6000.0,7092000.0,0
2026-07-16,2026-07-16 11:00:00,1175.0,1175.0,1168.0,1171.5,-0.3,100.0,116161.6,-1
2026-07-16,2026-07-16 12:00:00,1171.5,1171.5,1168.0,1168.0,-0.3,100.0,116161.6,-1
2026-07-16,2026-07-16 13:00:00,1168.0,1168.0,1164.5,1164.5,-0.3,100.0,116161.6,-1
2026-07-16,2026-07-16 14:00:00,1164.5,1164.5,1161.0,1161.0,-0.3,100.0,116161.6,-1
2026-07-16,2026-07-16 15:00:00,1161.0,1175.0,1161.0,1161.0,0.0,100.0,116161.6,0
2026-07-27,2026-07-27 11:00:00,1152.1,1152.1,1152.1,1152.1,0.0,220.0,253462.0,0
2026-07-27,2026-07-27 12:00:00,1152.1,1152.1,1152.1,1152.1,0.0,220.0,253462.0,0
2026-07-27,2026-07-27 13:00:00,1152.1,1152.1,1152.1,1152.1,0.0,220.0,253462.0,0
2026-07-27,2026-07-27 14:00:00,1152.1,1152.1,1152.1,1152.1,0.0,220.0,253462.0,0
2026-07-27,2026-07-27 15:00:00,1152.1,1152.1,1152.1,1152.1,0.0,220.0,253462.0,0
2026-09-02,2026-09-02 14:00:00,1130.0,1130.0,1130.0,1130.0,-1.92,25.0,28250.0,0
